LinearAccel_X_err,LinearAccel_Y_err,LinearAccel_Z_err,AngularAccel_X_err,AngularAccel_Y_err,AngularAccel_Z_err
0.04328108,0.060554266,0.09838295,1.2042313,0.68778706,0.26447624
0.04697132,0.03796506,0.065013885,0.9261894,0.09691429,0.20268941
0.071896195,0.032681704,0.008946419,0.006105423,0.3747573,0.12528253
0.029768586,0.017112017,0.03067112,0.06622982,0.25601292,0.036125183
0.0012050867,0.026114464,0.008900642,0.050247192,0.12425065,0.06836218
0.010538816,0.002360344,0.014663696,0.5107174,0.080540895,0.09731802
0.010063887,0.0032465458,0.0047359467,0.020982265,0.061182022,0.058012187
0.028179288,0.002270341,0.008081436,0.1360786,0.14534831,0.04484822
0.021405697,0.014991522,0.026173592,0.11151886,0.15879583,0.09333402
0.00870049,0.025743127,0.024353981,0.15187645,0.09900081,0.10560417
0.00957334,0.014751017,0.021205902,0.38106632,0.09688187,0.11451602
0.021341681,0.0117691755,0.017915726,0.1929779,0.009866767,0.033770084
0.031246066,0.01646614,0.029482841,0.061006546,0.2500906,0.19318622
0.027162075,0.02142477,0.08067608,0.09825325,0.2798462,0.055130363
0.00033962727,0.0442912,0.13023758,0.2942798,0.68804276,0.025015831
0.0023093224,0.04159504,0.12355423,0.2905655,0.37351072,0.04602194
0.0271312,0.07650715,0.058626175,0.07968712,0.05658698,0.053046703
0.021064758,0.037956834,0.019003868,0.87404436,0.070763975,0.03835702
0.009190917,0.06633192,0.0050592422,0.008525848,0.15134096,0.2031486
0.00045251846,0.054607123,0.016661644,0.052014202,0.058176994,0.23062015
0.008522272,0.030701607,0.04208851,0.2726164,0.075912,0.18340546
4.6372414e-05,0.017986834,0.040643692,0.49045563,0.31773663,0.17060971
0.0047062635,0.04872492,0.062129974,0.19147491,0.49308968,0.094576955
0.011441708,0.14909387,0.099015236,1.327812,0.9965334,0.36266685
0.034986258,0.082367614,0.13433361,0.081134796,1.1156061,0.1885066
0.030560851,0.055300876,0.07994938,0.114154816,0.5238619,0.32513428
0.025482059,0.08203173,0.03882885,0.041704178,0.2626872,0.2800219
0.018806696,0.10908303,0.030593872,0.30728245,0.024651527,0.045897484
0.02670449,0.1285946,0.060269356,0.0021572113,0.19523907,0.11541748
0.07392049,0.08451584,0.120244026,0.84026384,0.3629315,0.2731049
0.040810645,0.10242438,0.1385603,0.043990374,0.28234982,0.10730457
0.036340177,0.12789926,0.16579914,0.3903048,0.14087254,0.5672045
0.03735268,0.10369432,0.07612705,0.2758417,0.121902466,0.4112966
0.024949014,0.055840045,0.085391045,0.569973,0.12627316,0.29367542
0.021032035,0.0020628385,0.057351112,0.13567162,0.0027079582,0.28054714
0.032524884,0.02007933,0.013458252,0.12485528,0.037312508,0.087041855
0.039999902,0.05119659,0.015615463,0.3225689,0.38153553,0.22853899
0.027721465,0.06184876,0.021039963,0.37602997,0.2537241,0.14200985
0.0008788705,0.067267984,0.027178764,0.22454262,0.2990349,0.2826247
0.028804004,0.06815031,0.076016426,0.70842624,0.26208878,0.11393098
0.05200547,0.05957952,0.05933571,0.13558769,0.04652214,0.45420837
0.01618743,0.06990546,0.042822838,0.3573513,0.1829462,0.22657633
0.043711007,0.07901585,0.02261734,0.2864933,0.1591475,0.3918295
0.025329113,0.07948452,0.116950035,0.07106733,0.20698929,0.08550167
0.011409521,0.079787016,0.15912056,0.022731543,0.03107977,0.06991887
0.005167663,0.061920404,0.0054035187,0.018160254,0.10176277,0.06796098
0.014908195,0.025170803,0.12013531,0.41145396,0.51553535,0.45550156
0.07309461,0.03908944,0.047777176,0.79362786,1.4094639,0.44893742
0.00014597178,0.0007185936,0.03611374,0.5773598,0.72408295,0.36933327
0.099996924,0.03202367,0.12633896,0.20708704,0.5390477,0.16352582
0.06447089,0.06167376,0.049707413,0.16859436,0.21716309,0.630075
0.09133375,0.07264757,0.20523262,0.31510162,0.18460846,0.3373332
0.12301743,0.025420427,0.041181564,0.14132309,0.94986725,0.37969518
0.061629295,0.07283676,0.066269875,0.67367554,1.263556,0.540535
0.063156724,0.05475366,0.1340208,0.11939192,0.063651085,0.5685901
0.09776747,0.023107171,0.16956234,0.38605618,0.026057243,0.018172741
0.10066497,0.0011303425,0.036883354,0.4030366,0.0031614304,0.16172981
0.07109034,0.019467354,0.06255436,0.008759499,0.13804239,0.12398696
0.07671845,0.08768022,0.10328674,0.026918411,0.37013054,0.08544254
0.056424737,0.0005196929,0.08419514,1.0556526,0.6929383,0.30144683
0.03186381,0.0073375404,0.044137,0.054512978,0.37082458,0.3443154
0.052406788,0.037732393,0.022669792,0.4405403,0.23195773,0.097389996
0.051029384,0.05295083,0.015065193,0.29701138,0.053559124,0.33836758
0.050578594,0.043923467,0.015049934,0.13271904,0.16360453,0.1408112
0.061965346,0.04722622,0.06875706,1.1062088,0.5422001,0.00081157684
0.0013806224,0.0056120753,0.053892136,0.73990107,0.43002033,0.13894618
0.026615977,0.006619483,0.06530571,0.21832776,0.27059388,0.061495602
0.015169501,0.028542846,0.047329903,0.32236242,0.1069628,0.1501193
8.3088875e-05,0.044306844,0.025057793,0.14212799,0.121139765,0.20332557
0.0022451878,0.040838897,0.00019264221,0.2850294,0.22985077,0.21788988
0.0015819073,0.059005275,0.029725075,0.78785324,0.06740141,0.1312033
0.02251482,0.089978606,0.045573235,0.6384802,0.4677174,0.008689702
0.017182112,0.0664216,0.08243942,0.18736863,0.081740856,0.16009021
0.016573668,0.058101475,0.09984493,0.037106514,0.24952555,0.23750019
0.009154797,0.059711814,0.10432148,0.038829803,0.32515,0.043655396
0.0015305281,0.07799834,0.086974144,0.008163452,0.32458305,0.057810545
0.012330651,0.13663626,0.021205902,0.0061569214,0.14317226,0.108858585
0.08890784,0.10520822,0.025889397,0.44984055,0.5871434,0.120144606
0.070664525,0.13911766,0.07887936,0.028129578,0.2665305,0.3104409
0.07984197,0.124372065,0.050024033,0.59767723,0.4259796,0.026979148
0.06853747,0.107497245,0.0025129318,0.6715965,0.09880352,0.2555374
0.052901506,0.08098945,0.030700684,0.10059655,0.15766764,0.17592907
0.047859073,0.019725025,0.04216671,0.36264032,0.30889845,0.016087532
0.046462655,0.011749744,0.010972977,0.046820164,0.11602259,0.12494126
0.026854396,0.048378646,0.017956734,0.034835815,0.038348198,0.12465334
0.0010738373,0.07456732,0.025909424,0.15249825,0.054998398,0.24215269
0.0013114214,0.07903141,0.015583038,0.24779892,0.27769852,0.09171739
0.0052871704,0.08744764,0.06339836,0.08505821,0.26327014,0.014395714
0.030006766,0.052866757,0.11978531,0.2469101,0.2822938,0.13399053
0.0154954195,0.08990085,0.032505035,0.6925812,0.13820124,0.37746704
0.04449427,0.06078899,0.056551933,0.2886331,0.35724878,0.19368029
0.023633122,0.028602302,0.13403034,0.48528814,0.103149414,0.37312508
0.006842017,0.013707042,0.13384247,0.039913535,0.025330544,0.105038404
0.018676877,0.0006958842,0.078710556,0.10654259,0.06099415,0.04818058
0.03560984,0.016797364,0.008460045,0.02665615,0.23560071,0.113357544
0.03755331,0.020820677,0.012961388,0.079248905,0.04547167,0.19544864
0.041759968,0.029191196,0.03369999,0.11727762,0.0554595,0.029998481
0.021397233,0.02453959,0.045728683,0.032635212,0.18241322,0.027430177
0.0027250051,0.026697516,0.00861454,0.010489464,0.13328505,0.143067
0.010818481,0.029982388,0.034103394,0.09766579,0.13172662,0.25337386
0.0063552856,0.001167357,0.05148506,0.22306633,0.50925064,0.003291607
0.051626086,0.0015329123,0.06130123,0.7106552,0.27763224,0.27946383
0.009664774,0.045042396,0.09088516,0.022830486,0.11917627,0.18224087
0.00031292439,0.04687476,0.10270405,0.11731815,0.0495975,0.11753929
0.0016623735,0.044867635,0.08825493,0.0030961037,0.010200024,0.034799814
0.0018720627,0.048457503,0.04990387,0.072851956,0.0017391443,0.04103303
0.004503846,0.003994584,0.0062246323,0.015450478,0.18173456,0.13041401
0.0058151484,0.01650238,0.00644207,0.08836293,0.08059168,0.04624927
0.00230968,0.01177907,0.02033043,0.15657413,0.03813362,0.030327082
0.0021686554,0.0030612946,0.031105995,0.10080576,0.19501293,0.25282717
0.00435555,0.008947372,0.023020744,0.054121494,0.25993466,0.1303035
0.003057599,0.0098257065,0.010352135,0.07771015,0.19345427,0.030963898
0.0038462877,0.0406394,0.1121006,0.030115128,0.022219658,0.09315634
0.014002442,0.009004116,0.12438202,0.9036803,0.4260447,0.29558873
0.009288549,0.028354406,0.09820175,0.004404068,0.13137054,0.06996086
0.0033102036,0.032531977,0.05763817,0.068834305,0.08843219,0.12624109
0.01457572,0.025537968,0.037965775,0.07435894,0.19008446,0.07885218
0.023285568,0.011092424,0.044734,0.13282585,0.16312504,0.032393932
0.011233211,0.019985437,0.08605194,0.231143,0.28966236,0.00091934204
0.03316909,0.0021891594,0.11740112,0.24109173,0.29476476,0.3177495
0.019901931,0.021743774,0.14493942,0.25279903,0.1396145,0.06471154
0.027416825,0.04446745,0.14799976,0.4531269,0.1134835,0.04060927
0.032803833,0.048053503,0.13667202,0.63827515,0.33195877,0.070035696
0.036168218,0.030568361,0.10353756,0.4922428,0.47609353,0.10429859
0.029036522,0.018913269,0.042776108,0.27502632,0.4975034,0.15876997
0.0018932819,0.010097027,0.057667732,1.0502782,0.4061923,0.0022625923
0.050127625,0.07949734,0.04979515,0.15218592,0.48815727,0.2427392
0.02866602,0.08457422,0.04271221,0.1026032,0.30820757,0.09682682
0.014227271,0.067222595,0.011509895,0.15375376,0.23245448,0.2045725
0.010011315,0.041823864,0.029706001,0.012242794,0.12674773,0.25968215
0.002059698,0.04705715,0.0761137,0.23760366,0.4071741,0.31081295
0.01781869,0.01995945,0.05393505,0.11843395,0.14180577,0.18989587
0.01770866,0.046951175,0.047572136,0.21147442,0.06281757,0.096161425
0.009896278,0.044381022,0.042284966,0.07117176,0.17289066,0.04725802
0.010273695,0.039894104,0.032421112,0.14113903,0.18748093,0.08011246
0.010149002,0.025490105,0.03268051,0.12799549,0.13271809,0.11753988
0.0074985027,0.01613146,0.042708397,0.0765152,0.09152937,0.15275002
0.032343507,0.0014836192,0.076351166,0.4038,0.21791947,0.21595478
0.0023810863,0.03662932,0.05160904,0.2608614,0.06128335,0.005074024
0.004695773,0.045142114,0.040678978,0.019087315,0.025286555,0.02992782
0.010066628,0.054430902,0.026023865,0.0514884,0.030295998,0.12355324
0.015888453,0.052453756,0.021087646,0.078267574,0.03834857,0.1311869
0.02668941,0.013443768,0.05408573,0.19575882,0.109829664,0.063443184
0.032032967,0.008182824,0.075660706,0.12340832,0.030288948,0.21444666
0.019719362,0.016699791,0.07530117,0.15741634,0.11520815,0.07398914
0.024886489,0.024762154,0.06976414,0.061618805,0.01998806,0.009917051
0.026398063,0.024960518,0.073262215,0.03391552,0.11613846,0.024598122
0.021980166,0.029220939,0.048799515,0.054606616,0.18159458,0.042070866
0.015102148,0.03096807,0.03128147,0.008667469,0.17451572,0.09984273
0.013789296,0.0029063225,0.030314445,0.13809085,0.0004146099,0.03368497
0.008900523,0.023457646,0.043237686,0.09825826,0.05992961,0.25505543
0.0063761473,0.022294283,0.051976204,0.01829338,0.16669858,0.114786625
0.00069117546,0.019611597,0.033851624,0.016386032,0.18969142,0.021094799
0.006217003,0.019937038,0.004184723,0.06372738,0.16258478,0.014009476
0.009962559,0.019925833,0.02157116,0.0697031,0.087557316,0.06630635
0.006729841,0.0022058487,0.023163795,0.02064991,0.022663593,0.112754464
0.0022171736,0.029796124,0.0083293915,0.043790817,0.08790445,0.036455154
0.0046486855,0.012295485,0.013707161,0.028343678,0.08298743,0.08003831
0.0094127655,0.014279366,0.01877594,0.07749891,0.12131928,0.09765887
0.018106937,0.01079011,0.0030202866,0.085082054,0.16021085,0.072235644
0.016747594,0.011156559,0.017040253,0.046497345,0.0962075,0.071184546
0.0127129555,0.014273405,0.018616676,0.08218622,0.097138286,0.0018821359
0.0107780695,0.019790173,0.0012350082,0.13228965,0.11970025,0.12993944
0.0149537325,0.014302731,0.01499176,0.010374904,0.031991005,0.07200754
0.006017208,0.022972584,0.014139175,0.13124657,0.19587225,0.06967306
0.013498306,0.023940563,0.014135361,0.049395084,0.079751045,0.12186468
0.015046358,0.019233227,0.0009937286,0.09077057,0.08576435,0.049593102
0.016494274,0.011800766,0.008137703,0.08720434,0.06631085,0.026414156
0.012010217,0.012132645,0.0059776306,0.080712765,0.052474372,0.02830255
0.007504463,0.013700247,0.0013103485,0.060269833,0.03689313,0.0451535
0.0033515692,0.001180172,0.011734962,0.100087166,0.036653996,0.03049156
0.015397191,0.010596514,0.029414177,0.25692844,0.20748138,0.024233222
0.002773285,0.000885725,0.029058456,0.0017039776,0.008061647,0.011909783
0.001940012,0.0056829453,0.026982307,0.044240475,0.047783554,0.025891498
0.00014042854,0.008911848,0.039316177,0.03190291,0.058754116,0.07147318
0.0024391413,0.010564566,0.034467697,0.018103778,0.021046154,0.009108499
0.006300807,0.0062525272,0.059514046,0.023632526,0.060132213,0.03399378
0.0089992285,0.00024938583,0.05034828,0.042850018,0.04832998,0.0075963736
0.0062315464,0.008486509,0.04915905,0.009291172,0.014317483,0.046660244
0.0024825335,0.009267569,0.03884983,0.02305317,0.018238395,0.0157201
0.0056945086,0.0109939575,0.032079697,0.001594305,0.031226706,0.03396725
0.009352446,0.006030798,0.013961792,0.043985933,0.014374524,0.014677465
0.009192467,0.0031943321,0.013110161,0.041318417,0.026214719,0.06585997
0.007011056,0.0085783005,0.0073127747,0.0043029785,0.026580095,0.11922419
0.006404996,0.00471282,0.039437294,0.01937151,0.036224604,0.11295766
0.0012865067,0.006000757,0.042847633,0.1006217,0.0639323,0.016426742
0.0026171207,0.012779713,0.055509567,0.011191368,0.019384641,0.072654605
0.0026496649,0.012172699,0.056822777,0.020697713,0.01831308,0.06727062
0.0031719208,0.008013725,0.040891647,0.0059633255,0.02448532,0.052785635
0.0011013746,0.0035083294,0.024503708,0.0030274242,0.021621615,0.16857052
0.002653718,0.00822854,0.044062614,0.019415796,0.0024707168,0.0073037148
0.004756689,0.014639854,0.036377907,0.11160898,0.0037388206,0.09727526
0.0081266165,0.0020840168,0.029092789,0.0679121,0.0030348897,0.015392691
0.0017864704,0.0075035095,0.034297943,0.03368199,0.06824571,0.07508524
0.0034508705,0.010785341,0.043349266,0.023726344,0.076672584,0.09854336
0.0034271479,0.012583494,0.04798889,0.008245528,0.040381417,0.03291619
7.7962875e-05,0.0118255615,0.04689026,0.020942345,0.033921182,0.005600989
0.0015075207,0.008798838,0.031781197,0.024881244,0.02187723,0.095751286
0.0022767782,0.0028288364,6.580353e-05,0.10147953,0.07496792,0.06634951
0.0026255846,6.747246e-05,0.0039463043,0.044124603,0.055360336,0.14820057
0.0023185015,0.01184082,0.008423805,0.022456802,0.05990942,0.03338338
0.00015473366,0.020996332,0.04125309,0.046883345,0.07536733,0.021775074
0.0021699667,0.023671627,0.042072296,0.038112283,0.038864434,0.0032353103
0.002244711,0.02352953,0.03436184,0.017443419,0.02551052,0.031099677
0.0011731386,0.018737078,0.018612862,0.018642068,0.021197677,0.059425116
0.0029153824,0.0132911205,0.017666817,0.0675987,0.0124851465,0.021819144
0.001419425,0.0095191,0.03128338,0.04197097,0.0053904355,0.0025839508
0.0037119389,0.0033695698,0.03107071,0.033507347,0.0578655,0.03811942
0.0025926828,0.002673626,0.05159378,0.008373916,0.07196021,0.05706577
0.0034092665,0.00552392,0.057810783,0.018609226,0.10695207,0.045984596
0.00067949295,0.007982254,0.046920776,0.05520886,0.10858229,0.084073246
0.005931258,0.014608383,0.05889225,0.04144478,0.048917085,0.030405223
0.008177638,0.008330584,0.047009468,0.06531878,0.019253433,0.03717974
0.005259514,0.005799532,0.052440643,0.10654652,0.06987023,0.044255614
0.0039303303,0.004536867,0.0413208,0.08688879,0.0831292,0.01836273
0.0006753206,0.005303383,0.037075996,0.062059164,0.098131,0.0011142492
0.00062286854,0.0031228065,0.03163719,0.018328667,0.07970524,0.07671082
0.00085783005,0.005842209,0.048036575,0.05160737,0.11429566,0.03357184
0.003067255,0.008689165,0.056967735,0.071486115,0.107047915,0.01997447
0.003914237,0.0075280666,0.07557106,0.08040857,0.09933615,0.043167353
0.005102277,0.010826588,0.075941086,0.061900854,0.06507599,0.049017787
0.004226327,0.005591631,0.054380417,0.08273631,0.099565625,0.005318463
0.0054057837,0.0054067373,0.027720451,0.04908794,0.065025926,0.050572634
0.0044237375,0.007128358,0.007962227,0.06780765,0.08824992,0.07332632
0.0042665005,0.0046334267,0.009244919,0.079427004,0.08839989,0.01728253
0.01094234,0.010215998,0.043852806,0.074468136,0.06093502,0.018470585
0.018206596,0.00041401386,0.05778408,0.038168192,0.035752475,0.05308765
0.012682915,0.007727146,0.06652546,0.10896504,0.03169936,0.060746074
0.012111306,0.00088882446,0.07529831,0.026082516,0.028181076,0.024064302
0.010194063,0.0053915977,0.07008362,0.027991533,0.045568943,0.072671294
0.0056877136,0.0010266304,0.06903458,0.06595373,0.04821229,0.09347129
0.011802077,0.00029563904,0.05778122,0.046001434,0.04921794,0.0777607
0.0064282417,0.0027725697,0.060762405,0.16725278,0.037611723,0.04199882
0.014174342,0.0036467314,0.055987358,0.04082787,0.044234633,0.008997232
0.015062809,0.009605885,0.050419807,0.031710625,0.07198286,0.056398362
0.008299947,0.007261634,0.053718567,0.013447046,0.05781555,0.10254856
0.001339674,0.010549903,0.05126381,0.06356907,0.016552687,0.08934743
0.002989769,0.010824919,0.07073307,0.12147403,0.13378477,0.070849895
0.014636636,0.0026359558,0.0887661,0.14780113,0.18968958,0.2321884
0.00049352646,0.0004785061,0.078419685,0.09590113,0.07262683,0.08296137
0.0034204721,0.0029119253,0.07195091,0.00829649,0.058594108,0.0014331341
0.0028270483,0.0010912418,0.068862915,0.014591455,0.035883605,0.12618619
0.004731655,0.0024290085,0.063025475,0.015182495,0.040424556,0.10771203
0.01234436,0.018449783,0.059329987,0.042051792,0.055214882,0.055644274
0.0065072775,0.008446455,0.056287766,0.035547137,0.030948877,0.15293479
0.0059245825,0.014193535,0.0735178,0.026562095,0.057121754,0.06277704
0.0018043518,0.015119791,0.072891235,0.04458809,0.05434221,0.06069076
0.0014586449,0.015020132,0.06601238,0.04995513,0.045623064,0.08216846
0.0008275509,0.015372276,0.061912537,0.055641413,0.036586523,0.0646646
0.00014209747,0.012636185,0.05654812,0.10868621,0.09227097,0.049878
0.0076116323,0.010329008,0.051869392,0.027145624,0.01639682,0.060720056
0.0026961565,0.019407272,0.07088661,0.08630425,0.08877003,0.0005648732
0.0053304434,0.022566557,0.080311775,0.04497102,0.041864276,0.04396254
0.0069237947,0.025016546,0.09480095,0.049465284,0.053970158,0.0757398
0.00852859,0.024899006,0.09153366,0.037109375,0.0555982,0.04460919
0.0074757338,0.02132392,0.08762264,0.047263086,0.056518793,0.079467475
0.009508491,0.021439552,0.07792282,0.03360471,0.02493824,0.015029043
0.008115649,0.019463062,0.06434822,0.053685278,0.040755734,0.015449405
0.006677389,0.01905346,0.053191185,0.0767422,0.040727094,0.08963644
0.008106232,0.02150631,0.068758965,0.07717401,0.049854577,0.10369527
0.0051105022,0.020960808,0.06535339,0.071062066,0.06342271,0.08601847
0.0077676773,0.019823074,0.06895447,0.10359776,0.19140816,0.023854256
0.023007393,0.023841858,0.06371403,0.13422847,0.2744832,0.07927036
0.0061917305,0.027697325,0.070653915,0.08955777,0.11145711,0.17653102
0.00040090084,0.014816284,0.065294266,0.019982219,0.017382085,0.2075206
0.0044915676,0.017762423,0.088796616,0.0027353764,0.061466005,0.05423379
0.0022850037,0.017365217,0.08714867,0.01774937,0.030607108,0.019726232
0.0018029213,0.01597929,0.081417084,0.011723161,0.03234613,0.09436321
0.0027434826,0.025844097,0.07459736,0.008568436,0.06584236,0.4962492
0.018501163,0.0060961246,0.0782547,0.09756677,0.08663889,0.60775495
0.006277561,0.011016846,0.07251835,0.01544255,0.043758355,0.27577162
0.002477765,0.031415224,0.067845345,0.06797624,0.0018361807,0.41092062
0.0107780695,0.024276018,0.07381344,0.18824768,0.08471632,0.10806036
0.0036563873,0.019780636,0.07199001,0.11280481,0.063559994,0.3619069
0.010785222,0.040035963,0.06765652,0.06766787,0.04272534,0.11366302
0.010020971,0.044109583,0.066179276,0.005677711,0.029603977,0.027908474
0.01040256,0.04391551,0.059969902,0.034400605,0.01941647,0.0012719631
0.009534836,0.044099092,0.06815338,0.0042819045,0.025942126,0.16882086
0.0023832321,0.051989794,0.06133175,0.045439493,0.082761936,0.17662811
0.010103703,0.056386948,0.0702467,0.028551763,0.032869972,0.64836025
0.029153943,0.023296356,0.07246876,0.108521074,0.13480666,0.81540227
0.013584375,0.030414104,0.0650835,0.044601746,0.069178045,0.23730636
0.008747458,0.045070887,0.055330276,0.03185786,0.059887923,0.47529745
0.017192721,0.037539244,0.07834911,0.10946117,0.045937918,0.1432786
0.009367466,0.041312218,0.07663345,0.04566678,0.032572057,0.10300112
0.0013114214,0.047250748,0.06803799,0.0326659,0.028635675,0.19547892
0.009592056,0.0391531,0.07003307,0.07368174,0.030030545,0.046608448
0.016557097,0.024503708,0.069815636,0.0632557,0.08086997,0.3026374
0.012310028,0.02596116,0.05693531,0.0041221674,0.05520564,0.05423659
0.013765693,0.027436018,0.054883003,0.026455551,0.014250096,0.079799
0.009866357,0.029742956,0.04461384,0.029069334,0.013993558,0.06074679
0.010984778,0.03000474,0.043419838,0.04760328,0.04519778,0.22158527
0.01619339,0.022197008,0.0671463,0.089003,0.08627826,0.5127444
0.008990765,0.03300476,0.05565548,0.021065384,0.026228245,0.090326786
0.0069612265,0.041543007,0.051380157,0.018018872,0.08209199,0.12102842
0.004137397,0.04378271,0.076231,0.06289688,0.0062316023,0.1521219
0.010147452,0.0403862,0.07736111,0.058962017,0.049304303,0.070299625
0.014788985,0.03425789,0.07456303,0.040751845,0.085950196,0.2423091
0.012180209,0.031769514,0.06116867,0.004710759,0.032650284,0.3252914
0.004796505,0.05053544,0.06481266,0.010423984,0.053605728,0.2466743
0.007199049,0.056094885,0.073550224,0.055167805,0.014919967,0.29784346
0.009250522,0.04460883,0.080822945,0.08709907,0.04905927,0.30881095
0.00093376637,0.051495075,0.074622154,0.0083699245,0.0071020983,0.03863722
0.0057370663,0.053635597,0.06801224,0.012900636,0.011350637,0.15414095
0.013770103,0.045960903,0.078186035,0.06003209,0.040443,0.32530656
0.0060153008,0.051553488,0.06984806,0.008652815,0.008879217,0.11826697
0.0071548223,0.05081868,0.07283878,0.016679078,0.049482472,0.09919453
0.009467602,0.04756069,0.07111263,0.050892614,0.0018308044,0.115592
0.008433461,0.052339792,0.06344509,0.018089363,0.007722327,0.23751879
0.014261961,0.03597045,0.06715679,0.052414775,0.01419291,0.3052187
0.01001668,0.036068916,0.059464455,0.014585882,0.02043669,0.008489132
0.012619257,0.038712025,0.052684784,0.018646121,0.01907593,0.37331486
0.022675872,0.020083666,0.061494827,0.05306965,0.039100558,0.4964881
0.007886529,0.03577757,0.041770935,0.031041026,0.0043935776,0.2674799
0.009998441,0.03814912,0.053886414,0.01648128,0.017814696,0.4047017
0.020839572,0.01743412,0.08126068,0.22651958,0.17535818,0.22322941
0.013453364,0.0120027065,0.07770634,0.041062117,0.061924815,0.3833747
0.011864066,0.035537243,0.07718468,0.054847002,0.02420497,0.14123535
0.004372716,0.0506562,0.06717205,0.033344746,0.039735124,0.5456152
0.013945937,0.049403906,0.07029915,0.10519338,0.0016140938,0.40594196
0.011958241,0.045847297,0.05262947,0.010382891,0.05204904,0.14535904
0.009260654,0.07094598,0.01386261,0.2897334,0.33035886,0.88946533
0.013089955,0.09159279,0.025694847,0.82482815,0.53324586,0.23941803
0.048153877,0.027801275,0.1805439,0.8782387,0.4469366,0.7376404
0.19363463,0.036634803,0.25000286,0.4204731,0.39770603,0.12037659
0.19785541,0.013338327,0.3694601,0.6521778,0.08127403,1.2062073
0.23522988,0.051314354,0.3501768,0.14413595,0.6691709,0.33195114
0.43711102,0.30340362,0.07343674,5.014271,1.953259,11.440689
0.30148882,0.22391957,0.035788536,3.5038557,1.5315943,2.7768402
0.006644598,0.07186568,0.119895935,0.090461254,0.26755047,0.8739548
0.027588814,0.019434988,0.046813965,0.31255627,0.6040907,2.326027
0.033034552,0.03194183,0.075208664,1.1966176,0.54850864,0.95082283
0.09283598,0.056463957,0.025877953,0.24278879,0.2826085,0.19646072
0.05853443,0.078183174,0.010649681,0.41752815,0.392581,0.59965324
0.057458013,0.045215786,0.08297062,0.6039686,0.40874863,0.71639824
0.037878245,0.028043509,0.046878815,0.14785361,0.37922025,0.3174019
0.04482478,0.002497971,0.033864975,0.2963314,0.33995122,0.5052538
0.03506559,0.012477696,0.030241013,0.09985924,0.20016491,0.45270205
0.024714947,0.027894974,0.016983986,0.04570663,0.08187008,0.41471553
0.0066246986,0.04921806,0.017032623,0.13657674,0.05247307,0.10940552
0.02415657,0.013967633,0.009747505,0.051612616,0.15840197,0.36986256
0.0095899105,0.00034338236,0.024674416,0.10235357,0.25357103,0.066150665
0.010836124,0.0021084547,0.042114258,0.014028072,0.039837837,0.15624714
0.013840437,0.011439681,0.043902397,0.10442114,0.15723228,0.107385635
0.0076607466,0.013733745,0.03078556,0.27225113,0.15521812,0.25327072
0.003073573,0.014466047,0.1783905,0.4107933,0.43315697,0.47453788
0.03876388,0.038794935,0.1951046,1.0136855,0.37329006,0.4138689
0.013938308,0.0012535453,0.1389103,0.7627473,0.0052042007,0.17770743
0.026073694,0.03706497,0.028970718,0.04172921,0.17608343,0.013226032
0.049009323,0.023901999,0.023756027,0.39971805,0.3821792,0.030189514
0.06667423,0.0568794,0.0016241074,0.06550217,0.35541248,0.42911816
0.053341985,0.13697776,0.023919106,0.41292667,0.45456982,0.5661473
0.0004235506,0.071190566,0.05254841,0.84817696,0.33131063,0.23264217
0.04358375,0.06136661,0.079042435,0.23171616,0.6909013,0.07276589
0.03915739,0.041153647,0.11492252,0.3686161,0.15311241,0.16865161
0.010940552,0.054311294,0.12059975,0.428802,0.27440572,0.020405069
0.008256257,0.072759375,0.11567879,0.44922924,0.56246567,0.06540823
0.067172945,0.102536455,0.10167503,0.09507179,0.3658445,0.2743492
0.07563412,0.06976175,0.07276249,0.36138153,0.06531119,0.18836308
0.042161852,0.070682645,0.057059288,0.23130989,0.5800479,0.58936024
0.08714557,0.06960419,0.060308456,0.16811371,0.040399194,0.7442827
0.06288931,0.055965647,0.031407356,0.17594624,0.3839829,0.24691868
0.08002593,0.050401658,0.031453133,0.65110016,0.17315483,0.51242137
0.18670523,0.0033269785,0.12585545,0.50157166,1.0056667,0.13720512
0.15997319,0.028235152,0.008921623,0.81094337,0.107266426,0.8197191
0.10519543,0.025528342,0.013990402,0.33388305,0.5417986,0.84333277
0.1447599,0.03792587,0.0010080338,0.6905985,0.6163881,0.047164917
0.13587067,0.06143242,0.02345848,0.7650566,0.20462036,0.44430637
0.097186,0.048636734,0.0021448135,0.44638252,0.22038269,0.5478394
0.027347207,0.008966744,0.21081448,0.81575966,0.87355185,0.3161714
0.07892497,0.023441374,0.16620636,0.544624,0.74027634,0.3468566
0.026864171,0.036194682,0.10112858,0.5752366,0.10455921,0.42342377
0.012484282,0.033514977,0.084555626,0.32394505,0.3200879,0.059128284
0.013213888,0.034094572,0.02866745,0.22898912,0.18177557,0.26880383
0.046641365,0.02815938,0.14256,0.23676872,0.20344305,0.07224083
0.07389802,0.049502134,0.11722183,0.23685014,0.23903084,0.59378004
0.07832956,0.023725986,0.041383743,0.4161222,0.036527157,0.28917214
0.08590722,0.017398357,0.018359184,0.2383647,0.20947504,0.018824339
0.07998827,0.015230656,0.042551994,0.17253828,0.08945513,0.16011143
0.08879684,0.0007083416,0.022813797,0.17372608,0.033951044,0.30524778
0.08781227,0.0011923313,0.043801308,0.5380783,0.021935463,0.22384071
0.0041549653,0.010109425,0.16109371,1.0319533,0.36463213,0.12690878
0.012668133,0.02445364,0.14320755,0.120574,0.57849216,0.047029972
0.015635878,0.018390656,0.06302261,0.51340365,0.2848968,0.011961937
0.012254626,0.013060927,0.024202347,0.27522135,0.3284607,0.17738438
0.38648096,0.76703405,0.10661125,1.5803313,1.3694422,1.6755252
0.005422026,0.041314483,0.06168461,0.11954749,0.26150465,0.12992382
0.016934812,0.00041770935,0.2058878,0.43792725,0.36547184,0.39386368
0.082454085,0.0054471493,0.14062595,0.7776389,0.13085127,0.7409475
0.016039073,0.002725482,0.03520584,0.036833525,0.073625326,0.15638447
0.031626105,0.026055574,0.018468857,0.1016469,0.09828192,0.19982958
0.057680964,0.0042808056,0.033985138,0.14443237,0.053931713,0.004521847
0.046577573,0.016183853,0.017086029,0.02074647,0.23872375,0.55595493
0.03843814,0.07530522,0.06602192,2.1663513,1.5754547,0.2806911
0.05214399,0.023171902,0.069301605,1.3608055,0.93938065,0.32350588
0.0075648427,0.0009095669,0.24469757,1.2279034,2.0943747,0.012413025
0.08305544,0.080269456,0.13951588,0.44930935,0.55847406,0.4719598
0.0048890114,0.005589366,0.029896736,0.408597,0.3097067,0.22593999
0.032148004,0.008174062,0.001200676,0.06226158,0.8284781,0.17172289
0.012259483,0.0041680336,0.007235527,0.1670723,0.15695262,0.626379
0.015827179,0.0044406652,0.10321236,0.44653893,0.07451725,0.59764886
0.03385544,0.010222793,0.115039825,0.27093124,0.19839954,0.15359545
0.026683867,0.003926754,0.032229424,0.28798246,0.04552555,0.1993885
0.02160132,0.021790028,0.01714611,0.073628664,0.036201,0.46356082
0.04127419,0.009649873,0.046037674,0.023157418,0.029650211,0.13775063
0.030484796,0.028021932,0.05637455,0.20049286,0.20787093,0.3480611
0.0414297,0.040599346,0.0019798279,0.26924133,0.4126202,0.35881424
0.046494067,0.08046222,0.090200424,0.399745,0.42712712,0.53289413
0.050023258,0.07582092,0.11717415,0.22514343,0.4119215,0.066688776
0.047798753,0.07060528,0.069563866,0.35913467,0.2501583,0.53931075
0.029339075,0.06814885,0.107541084,1.0706444,0.1826756,0.3269807
0.010624766,0.07294893,0.18070984,1.1382828,0.24759674,0.18964809
0.046738386,0.032791853,0.1887865,0.2888832,0.8497033,1.1767551
0.0022271872,0.026070833,0.103899,0.7946968,0.5559964,0.80642986
0.038498998,0.032349825,0.04948044,0.63222504,0.63927174,0.24425936
0.050134063,0.051780224,0.001244545,0.04959488,0.4424231,0.12349525
0.033215523,0.08854318,0.052110672,0.41385078,0.33478898,0.085017204
0.029886961,0.013896704,0.08191013,0.22979641,0.6537535,0.089235306
0.026853561,0.009203792,0.050359726,0.7387934,0.5088968,0.25769615
0.024670482,0.051078558,0.08456802,0.24396884,0.4569435,0.07650423
0.029738069,0.060364842,0.082401276,0.29987565,0.09118566,0.09535694
0.042040348,0.08348775,0.089056015,0.16887736,0.17028832,0.23792028
0.041517854,0.07031846,0.08152485,0.2376213,0.010584354,0.022322178
0.0074499846,0.038755417,0.050081253,0.28634262,0.053677082,0.07744503
0.012582064,0.02633509,0.05282688,0.92250156,0.12365818,0.28269005
0.034970045,0.0070798146,0.02730465,0.5262747,0.19061422,0.0055413246
0.024998307,0.016823694,0.01873684,0.4681182,0.11077976,0.011742592
0.03823507,0.03632289,0.015485764,0.24449348,0.0063176155,0.049331665
0.054454207,0.07757869,0.0066919327,0.11754799,0.19235134,0.13182306
0.058260083,0.114865005,0.0038728714,0.06702232,0.0947814,0.026063323
0.040810585,0.08898741,0.017965317,0.22006416,0.2828642,0.24353981
0.056740165,0.10954237,0.017516136,0.16070795,0.23867464,0.18769169
0.037691236,0.12589985,0.0063877106,0.069162846,0.11949539,0.06514931
0.022409558,0.15727806,0.0013570786,0.65582275,0.10493046,0.113931656
0.00708282,0.12892574,0.02621746,0.085837364,0.06497741,0.04394436
0.015678406,0.10557777,0.026003838,0.32375526,0.15442824,0.20557511
0.032710195,0.12878925,0.032354355,0.18306112,0.05477786,0.1307714
0.039734602,0.14078492,0.0527277,0.38712978,0.020658731,0.060581684
0.053967953,0.12594938,0.057969093,0.26355886,0.13092065,0.069731474
0.038029313,0.106191576,0.05498314,0.23251927,0.15900612,0.054581165
0.026098967,0.094973415,0.053300858,0.35491848,0.10644758,0.36177278
0.052055478,0.0654811,0.024364471,0.43279076,0.14582253,0.12059805
0.044935822,0.06864765,0.010965347,0.26716828,0.103402495,0.009192228
0.024218202,0.07231741,0.012686729,0.23290777,0.26915312,0.1024434
0.026326776,0.056463216,0.0064029694,0.2927041,0.04129362,0.05498767
0.031510353,0.048259698,0.02678299,0.13346481,0.039322138,0.1639049
0.029901981,0.051395856,0.03475094,0.26338387,0.037775517,0.252275
0.004061103,0.027185947,0.036967278,0.29107592,0.16377604,0.18433666
0.0067094564,0.01959838,0.042941093,0.040537924,0.10650647,0.41378713
0.020311594,0.0319359,0.018123627,0.04263115,0.05831337,0.27181625
0.008217812,0.04134184,0.019130707,0.10346985,0.11213493,0.19100237
0.0026409626,0.026065558,0.030306816,0.09978628,0.020458043,0.1251145
0.00041127205,0.028827965,0.031824112,0.027906656,0.0611732,0.08549881
0.0016313791,0.034897894,0.035668373,0.29176378,0.026406497,0.2762673
0.00095045567,0.034955412,0.015996933,0.18747663,0.0248909,0.1300106
0.012202024,0.045605868,0.004664421,0.14529347,0.042765617,0.046588898
0.0072996616,0.06828603,0.02087593,0.026933193,0.16680169,0.2613659
0.009208441,0.077958345,0.017741203,0.1933415,0.061396122,0.39238358
0.009186387,0.073134005,0.025680542,0.043985367,0.03352225,0.31716728
0.010443807,0.06920338,0.024513245,0.05350256,0.043848753,0.1808486
0.024802208,0.055619597,0.00813961,0.13936496,0.046708107,0.12633729
0.028933525,0.041798413,0.0023078918,0.03673649,0.112039566,0.05767584
0.044957638,0.038168877,0.008220673,0.06803799,0.0863893,0.013081074
0.021688104,0.047918737,0.0031223297,0.0463624,0.16321087,0.18922329
0.019382954,0.05994776,0.011626244,0.17442119,0.03204894,0.5087309
0.02193904,0.071709305,0.054149628,0.1725545,0.15376775,0.19825172
0.015120983,0.07218665,0.037662506,0.0065989494,0.22797585,0.8172816
0.032439113,0.0477944,0.072732925,0.1021862,0.24003601,0.10675764
0.03798282,0.0261188,0.05121517,0.22629714,0.04409222,0.14062786
0.029369354,0.03655017,0.035369873,0.30677128,0.16992992,0.285573
0.040141463,0.037248425,0.016827583,0.07420492,0.057234228,0.51189935
0.039981484,0.062213898,0.062291145,0.35098553,0.0645504,0.023765564
0.017308474,0.081835225,0.047205925,0.14723706,0.15386677,0.99534607
0.021223783,0.06126685,0.055038452,0.25814795,0.34017563,0.13789845
0.028719783,0.027171925,0.05440235,0.38590658,0.037771463,0.3151226
0.021053553,0.024387434,0.03433609,0.5702777,0.00027638674,0.17988396
0.02852583,0.025189579,0.048101425,0.2045722,0.24786109,0.10799885
8.4877014e-05,0.072021335,0.06878376,0.2519927,0.44425297,0.411417
0.03420806,0.05660504,0.07945919,0.4839983,0.025428772,0.30022192
0.016636252,0.045220733,0.07088947,0.3129499,0.09513509,0.24877787
0.020262599,0.028229654,0.064772606,0.18038118,0.08006096,0.06488466
0.032001734,0.03447795,0.07590103,0.19648516,0.020375729,0.20701599
0.043193936,0.046989143,0.084768295,0.43145823,0.122805476,0.5767422
0.080150604,0.08748764,0.086868286,0.13398483,0.31188923,0.7253747
0.06936425,0.05455166,0.120952606,0.13776731,0.09803128,0.23530006
0.068360925,0.056005538,0.10644245,0.049585283,0.088819146,0.14281273
0.060542047,0.062096953,0.09372234,0.012223959,0.08517361,0.09684324
0.0713833,0.08439779,0.1080389,0.10970679,0.08762598,0.10165453
0.07707989,0.11281991,0.12094402,0.11051154,0.21773672,0.24472106
0.10278866,0.11920774,0.13010311,0.2829857,0.20973533,0.18283558
0.11346313,0.089066505,0.14111805,0.2445314,0.25691128,0.55708265
0.09114814,0.1045413,0.13935661,0.3654828,0.11283064,0.3557459
0.11518115,0.12271798,0.14151096,0.0035271645,0.21218967,0.3846135
0.124034286,0.1493516,0.15719414,0.15849376,0.1910553,0.13188672
0.11627865,0.15106082,0.1513853,0.054469824,0.09940386,0.31772685
0.12824711,0.13718712,0.15497017,0.06952715,0.32351255,0.6573415
0.11267477,0.15369558,0.13392639,0.3160889,0.044965,0.24908733
0.11214131,0.15744984,0.1307497,0.20728588,0.20688015,0.34409952
0.109089136,0.17112195,0.12841511,0.17878532,0.00744617,0.027241468
0.10460755,0.15125966,0.11228752,0.42468494,0.08197045,0.1900227
0.09846932,0.13390595,0.106188774,0.1478262,0.17161918,0.40937638
0.06425235,0.12822515,0.11388302,0.087628365,0.1711011,0.3949448
0.09722662,0.11525422,0.099544525,0.33236837,0.15336752,0.51664615
0.07809764,0.11034113,0.092063904,0.04115127,0.040412903,0.39483762
0.06612337,0.097803295,0.08366394,0.019165516,0.021852016,0.4978814
0.06918383,0.10455918,0.07263088,0.04549858,0.072595336,0.41747004
0.07517129,0.095731735,0.075302124,0.042354822,0.09030914,0.41076422
0.11033222,0.068304,0.046310425,0.16122484,0.0659678,0.15586472
0.05663061,0.04464078,0.059903145,0.18526387,0.31169072,0.8998027
0.084842086,0.07797676,0.024777412,0.14163208,0.03957653,0.19715214
0.080231786,0.099834025,0.020112991,0.21040773,0.20356941,0.019727707
0.05902818,0.055898488,0.0362854,0.12721825,0.022380829,0.74043274
0.08349681,0.061941594,0.048851013,0.083719045,0.026881456,0.23179397
0.08379984,0.041808963,0.034316063,0.10760248,0.32424545,0.4381733
0.07810819,0.08670023,0.03280449,0.04019189,0.24080777,0.287791
0.05655983,0.05155903,0.028736115,0.00221622,0.03429985,0.44328293
0.0509865,0.043085545,0.029266357,0.13768777,0.23782134,0.4850607
0.051341623,0.061945617,0.024686813,0.14086962,0.26841593,0.12434101
0.013511717,0.07157868,0.03142357,0.02443266,0.13478851,0.2948068
0.03891471,0.11550778,0.045884132,0.07991505,0.5705013,0.41478252
0.012575403,0.122039646,0.098757744,0.046966493,0.588562,0.8418455
0.033136144,0.11096901,0.03061676,0.4010136,0.13915443,0.26883984
0.059390426,0.12444374,0.024080276,0.15519142,0.11803055,0.021395445
0.017463997,0.12687296,0.0034151077,0.22777891,0.1625061,0.16080952
0.0076815523,0.11403701,0.015292168,0.2707103,0.42978334,0.16850185
0.052686602,0.10071081,0.008878708,0.19817853,0.35761356,0.51620483
0.050655276,0.09123707,0.005578041,0.20562878,0.5622158,0.5772972
0.024597704,0.08715972,0.04371643,0.20606303,0.23774147,0.28770638
0.019922256,0.073710635,0.02462864,0.2696209,0.2492609,0.10992432
0.00931716,0.08111723,0.07695103,0.2633449,0.24515057,0.24756527
0.034175992,0.061414585,0.09412193,0.09599927,0.22163773,0.34294295
0.07228398,0.052661736,0.14073849,0.066535175,0.052098274,0.51517296
0.017058015,0.03336892,0.12537193,0.14969811,0.03409958,0.44074392
0.025134087,0.051762167,0.14696121,0.39675435,0.49399662,0.5724726
0.032766342,0.07625729,0.13577843,0.48075408,0.25767803,0.41699314
0.045665264,0.07327024,0.078336716,0.51782763,0.36485767,0.014026642
0.026740551,0.10220421,0.11039162,0.559623,0.54050875,0.48558044
0.029987335,0.0869147,0.089595795,0.53246844,0.5602989,0.09898578
0.026466608,0.10742611,0.06512451,0.43100366,0.22223806,0.5032997
0.012513936,0.11123523,0.059962273,0.42433953,0.2056222,0.09948206
0.074778914,0.07610305,0.006044388,0.4198594,0.36341572,0.19057941
0.049877763,0.09994516,0.009649277,1.0907478,1.073288,0.06271696
0.027253538,0.2059257,0.011893272,0.73451424,1.116478,0.71562505
0.12349248,0.24454144,0.036769867,1.8777726,1.5904617,0.14542174
0.014981002,0.29298058,0.010702133,2.0254178,0.9341965,0.10051918
0.1385696,0.23539987,0.009290695,2.1393285,2.9181862,0.9369817
0.12043285,0.16459942,0.0827961,0.22721195,0.26790047,0.052149773
0.07766342,0.09917657,0.09373093,0.6718383,1.3702044,1.0813084
0.0829308,0.011021197,0.5637741,0.30008888,0.4510498,0.55375004
0.08641648,0.0035036206,0.3498726,0.02271986,0.15126038,0.609766
0.0133190155,0.0062950253,0.2890005,0.7066277,0.0952816,0.10455847
0.015903711,0.024918735,0.17480946,0.52395844,0.35168839,0.13152838
0.028290033,0.057498872,0.04856491,0.34711528,1.0208797,0.41489983
0.007851124,0.016000032,0.061932564,0.1269536,0.24726868,0.6170702
0.052299976,0.058434486,0.18222904,0.3947754,0.10368347,0.24021411
0.16408205,0.13955718,0.284173,0.21174812,0.38248062,0.29731083
0.08789539,0.15520918,0.28340244,0.15948129,0.30408382,0.4234047
0.16830969,0.18511677,0.3224373,0.32397938,0.7068386,1.1888523
0.19700241,0.1637423,0.34179974,0.19013548,0.27916622,0.48799086
0.2226882,0.18143177,0.3591261,0.14269352,0.060250282,0.1656909
0.23435402,0.19276762,0.35886097,0.13038015,0.057076454,0.057448626
0.22413445,0.21837664,0.3305359,0.013916016,0.17275143,0.16077328
0.18201828,0.21597588,0.3284254,0.11985588,0.280262,0.1442681
0.18047428,0.20455146,0.3268175,0.07910824,0.084873915,0.03672445
0.16192865,0.19934416,0.32374287,0.09261322,0.11487937,0.27119303
0.1433227,0.19120657,0.30063152,0.23180103,0.31893802,0.1431179
0.12819743,0.17681766,0.26392365,0.18087196,0.30963874,0.14902878
0.04795742,0.10314679,0.16575527,0.04642868,0.09929252,0.36956596
0.017461777,0.0691247,0.14017391,0.27162337,0.45044902,0.27036858
0.032161236,0.047400355,0.12567806,0.034352064,0.0842372,0.2945115
0.025775671,0.024939835,0.09705353,0.05083227,0.0022318065,0.48832566
0.0064451694,0.016608119,0.07475853,0.02797094,0.039214075,0.20523548
0.009262085,0.02095151,0.05537319,0.025634259,0.06879534,0.10847092
0.081958055,0.038825184,0.012070656,0.025205612,0.08825439,0.20735455
0.09980655,0.029894888,0.022626877,0.15354228,0.22231448,0.48350573
0.080580235,0.061355986,0.045553207,0.12703478,0.12253761,0.15781152
0.08063984,0.07364112,0.05927658,0.24931252,0.15938711,0.30709124
0.09207904,0.07687655,0.09778309,0.1772914,0.15267897,0.1664362
0.10819018,0.085218966,0.14325523,0.039044738,0.11150551,0.53189325
0.11930418,0.17330211,0.19205093,0.058623314,0.35142636,0.25310564
0.102060795,0.16336948,0.21606922,0.15885925,0.50978136,0.30890417
0.10838783,0.1638326,0.23691463,0.03317523,0.43130434,0.013320908
0.10633838,0.19611204,0.24848557,0.14409566,0.20338798,0.33711624
0.13583803,0.11978209,0.24079227,0.0867486,0.31135464,0.8824358
0.097762346,0.033094406,0.16253376,0.26230717,0.1564045,0.28065872
0.21448553,0.0100239515,0.15774441,0.11174655,6.228157,0.89810944
0.28552574,0.06978321,0.20811558,0.9223199,0.12946892,0.8056283
0.16671723,0.1455636,0.251729,0.01727581,0.33232403,0.05521059
0.11743802,0.2385205,0.30329323,0.16547966,0.19904506,0.5547924
0.06678568,0.26093006,0.36991405,0.24269295,0.32056952,0.04410842
0.08373527,0.16830802,0.28649044,0.046678543,0.27364683,0.26614285
0.19802031,0.05257535,0.23574638,0.00018310547,0.69794846,1.4115372
0.009988964,0.12275934,0.15816689,0.32374096,0.52448845,0.026215553
0.05196768,0.05429411,0.1378851,0.29793417,0.4107933,0.72073746
0.019106984,0.006954193,0.09902096,0.16575241,0.22744751,0.6049824
0.026688814,0.028880835,0.05376911,0.0199337,0.12727737,0.12122631
0.026668072,0.05390501,0.008781433,0.45451403,0.029342651,0.090699196
0.030215144,0.01586461,0.06718731,0.9289093,1.562233,0.59831595
0.025026917,0.016684413,0.01266861,0.56791115,0.67294884,0.27590847
0.09254277,0.14164305,0.022889137,0.20295238,0.09466553,0.90486145
0.09849787,0.14638484,0.07474327,0.1691575,0.40418625,0.38234282
0.06749195,0.07096124,0.053128242,1.1952467,1.7673153,0.4260621
0.108680606,0.10640848,0.102986336,1.3847351,0.050533295,0.5395274
0.23755883,0.17071724,0.2378664,0.36398315,0.115810394,0.34751892
0.16948597,0.11227906,0.1756916,2.1079009,1.7311211,1.2504177
0.01072365,0.15919375,0.20315361,1.7638941,0.76267815,1.6476128
0.103865534,0.138461,0.18876839,0.5213852,0.89117914,0.0032682419
0.15169148,0.10600209,0.10387516,0.19126034,0.37300968,1.197532
0.118721336,0.08240652,0.07465458,0.33459377,0.20323849,0.0042643547
0.06131881,0.06909883,0.051742554,0.1786232,0.1674248,0.24639034
0.016497811,0.088933825,0.016514778,0.07457209,0.08298683,0.11925411
0.0045699626,0.14483476,0.017985344,0.13455582,0.38226223,0.32127
0.015729696,0.12602246,0.008245468,0.16512775,0.39014173,0.63994217
0.044118002,0.10571957,0.011662483,0.034335136,0.30830836,0.16071224
0.041714028,0.09947252,0.007912636,0.047390938,0.0059239864,0.27992776
0.04179156,0.09466696,0.012123108,0.02342987,0.07135677,0.010431597
0.029597193,0.10187864,0.03129387,0.12253189,0.0065123737,0.057138205
0.029334277,0.11970472,0.059762,0.072971344,0.09356445,0.25921822
0.049407303,0.11442089,0.14847851,0.4040413,0.35207868,0.18661356
0.062805206,0.063658595,0.27331161,0.41392326,0.24998188,0.07879019
0.11618775,0.07169831,0.5388012,0.7642727,0.37450606,0.5513764
0.1290214,0.034239173,0.6050558,1.3147492,0.18416297,0.83406425
0.16208002,0.03305316,0.47092915,0.6235931,0.15644133,0.49056053
0.16564909,0.024502635,0.3766966,0.2932496,0.4405098,0.5708885
0.15556017,0.014254153,0.32213497,0.20588398,0.44669914,0.07158756
0.13353464,0.090082854,0.22563934,0.3762741,0.58441734,0.12757292
0.17592654,0.08028398,0.19547462,1.816946,1.8985977,0.71401215
0.17958692,0.12321377,0.17486572,0.934412,0.07658863,0.09035778
0.14209417,0.007917702,0.27484608,0.6524968,1.7267046,0.68253756
0.12869304,0.0106598735,0.22720337,1.2456627,0.59007335,1.229619
0.14831895,0.122071445,0.14863873,0.4307022,0.76104283,0.91417146
0.08311966,0.04010868,0.086164474,1.5734043,1.1086416,0.20860767
0.07738313,0.061514497,0.04243183,0.06355286,1.3303938,0.58431053
0.12869084,0.017786741,0.07243633,1.5758877,0.755813,0.32800364
0.11668384,0.03460419,0.045718193,0.70007324,0.23688745,0.1685096
0.15961179,0.056216955,0.073862076,0.64835167,0.21656418,0.5464916
0.16064796,0.1216073,0.11257458,0.048728943,0.14901733,0.15612519
0.15186125,0.1783278,0.11738396,0.002401352,0.27606916,0.009997845
0.13101923,0.1948761,0.13671207,0.017622948,0.4746256,0.168306
0.11065054,0.09707108,0.13952923,0.52173233,0.40728164,0.1690445
0.10344565,0.1396434,0.17080975,0.45127165,0.16035557,0.63055825
0.060676575,0.14199859,0.13673401,0.27650476,0.1510193,0.027409554
0.060866922,0.11524713,0.13117123,0.36922956,0.20076513,0.32625294
0.06867671,0.10824454,0.078866005,0.24261999,0.09224129,0.67674094
0.061211824,0.09333849,0.009792328,0.33463907,0.12198496,0.47234488
0.062293172,0.05643463,0.13572598,0.08063984,0.17630386,0.007270813
0.04527566,0.080485344,0.07119465,0.13713455,0.22944927,0.24133873
0.0015157461,0.00093102455,0.042541504,1.2278824,0.7039957,0.49879408
0.011610627,0.035126686,0.054379463,0.0026664734,0.2210077,0.14438629
0.002010107,0.06306386,0.082509995,0.09294319,0.018169403,0.12911367
0.02472961,0.061059475,0.037115097,0.3483982,0.0746274,0.43644428
0.04213047,0.07910776,0.015686035,0.15537548,0.2847609,0.60759604
0.02648747,0.14099646,0.027434349,0.06599617,0.30540133,0.29727173
0.016537786,0.14371991,0.004962921,0.42646885,0.07634258,0.39804363
0.010646701,0.10355735,0.023367882,0.3688531,0.5375314,0.2141521
0.01677847,0.107952595,0.012914658,0.10704541,0.19578457,0.2112081
0.016814113,0.10840917,0.02668953,0.04919298,0.19597983,0.06230831
0.026577115,0.09224558,0.07700825,0.18034959,0.35762072,0.18410587
0.021937847,0.09932566,0.11310196,0.016875029,0.43438244,0.23612884
0.00077080727,0.099410534,0.11693096,0.09796524,0.27658296,0.07133198
0.011937261,0.038872242,0.09819126,0.12687111,0.09127903,0.40906143
0.0057994127,0.07457292,0.070002556,0.33317614,0.48504257,0.12104249
0.025616527,0.06788814,0.045412064,0.09313154,0.048874885,0.09585476
0.016875982,0.061074257,0.02631855,0.010884285,0.038051248,0.19543886
0.012843728,0.038295865,0.09589863,0.14565563,0.26321268,0.20353031
0.034567118,0.0053504705,0.11220646,0.36516047,0.12637901,0.4072392
0.02867639,0.0014451742,0.044760704,0.20497465,0.0010053515,0.38591433
0.040880322,0.021702766,0.047276497,0.8064709,0.9667568,0.12018776
0.059245944,0.039841413,0.14753628,0.9795798,1.7690954,0.18652153
0.040875435,0.021461844,0.22762394,0.18605852,1.0141354,1.1125603
0.0016489029,0.014932036,0.20589733,0.17936683,0.59345555,0.14759827
0.0813427,0.008928537,0.1482811,0.009816617,0.16750002,0.13709068
0.09437835,0.06388885,0.116947174,0.3392073,0.20233774,0.19237289
0.0888443,0.0991711,0.10118008,0.19379258,0.18377018,0.25621462
0.101566195,0.031771243,0.088300705,0.04616928,0.28662968,0.12324524
0.052003264,0.060400546,0.14381695,0.122654915,0.05720234,0.28777504
0.037922025,0.0013074875,0.09146023,0.02650547,0.08665776,0.2837534
0.020867586,0.031212807,0.022825241,0.16033363,0.025854439,0.19700718
0.0073025227,0.04639733,0.05136299,0.088915825,0.15895993,0.17441607
0.031336308,0.05725825,0.024199486,0.28156304,0.083575845,0.21957922
0.035973072,0.045971036,0.03113842,0.6522846,0.11920071,0.025109768
0.035137653,0.075375974,0.15144444,0.9207406,0.5501213,0.16061783
0.0039474964,0.10887778,0.17445469,0.085494995,0.061499596,1.2411089
0.0006220341,0.0453341,0.13748932,0.6785939,0.058089733,0.47326088
0.06760502,0.023106813,0.10752964,0.21570587,0.3171339,0.45805168
0.07365084,0.017765343,0.106853485,0.1650734,0.08207893,0.5932312
0.081629395,0.037620664,0.063812256,0.03378749,0.16274154,0.15679407
0.11745703,0.053977966,0.027400017,0.2799976,0.16061544,0.05915928
0.09215593,0.027042449,0.023404121,0.029266834,0.17122746,0.21721458
0.07182586,0.0036011338,0.047667503,0.29785347,0.060147524,0.6031301
0.080031276,2.938509e-05,0.052776337,0.011399984,0.17822361,0.095253944
0.09968567,0.011074185,0.030002594,0.12533115,0.07714009,0.17612708
0.109781265,0.0074153543,0.021440506,0.031335235,0.05836165,0.17377567
0.10550034,2.1517277e-05,0.052205086,0.07592678,0.09875284,0.3167653
0.11314654,0.008673072,0.060497284,0.055541098,0.09304269,0.23295417
0.08950126,0.027237356,0.02940178,0.17854786,0.0009702444,0.12426233
0.0485394,0.013834536,0.03354168,0.03559017,0.0016000271,0.20633316
0.066464305,0.010486722,0.10298824,0.37866354,0.110108376,0.117227554
0.05734265,0.01952982,0.08197212,0.32321584,0.25580978,0.4706955
0.03246355,0.010071576,0.0030679703,0.13179266,0.19511986,0.24227524
0.011756778,0.038108826,0.0065965652,0.16358459,0.1604321,0.54193115
0.0040133,0.050935864,0.025612831,0.12820435,0.165845,0.29368448
0.0011689663,0.02459848,0.052872658,0.0048589706,0.27528143,0.4040432
0.009961963,0.019168258,0.09237766,0.1612556,0.2253524,0.4558525
0.0024449825,0.02716434,0.010128975,0.013436317,0.20370221,0.3595957
0.0033334494,0.014194846,0.010054588,0.35693932,0.12836552,0.21867847
0.026476026,0.017762065,0.027076721,0.2864418,0.22623491,0.04168248
0.056530833,0.01332593,0.1590786,0.9671335,0.054024875,0.036489487
0.0390383,0.0012729168,0.17473602,0.5441704,0.47670078,0.47802114
0.032456756,0.044646144,0.085365295,0.05610466,0.34649098,2.2888184e-05
0.03178394,0.03700769,0.13765049,0.19141674,0.015645027,0.56015587
0.028464079,0.019713879,0.11234856,0.020656466,0.43772954,0.32514
0.0057241917,0.03282976,0.026762009,0.08227885,0.023346543,0.8465547
0.016204476,0.015809774,0.008141518,0.020544052,0.16510296,0.37779665
0.027499318,0.0002516508,0.03324318,0.09949243,0.13401496,0.1535964
0.043943882,0.013742328,0.02848339,0.033921808,0.11920166,0.66189593
0.042300105,0.0058095455,0.02435112,0.0848012,0.13194323,0.12097478
0.012440443,0.0041913986,0.059721947,0.18385601,0.36340094,0.16043448
0.008906007,0.0049009323,0.074913025,0.10164547,0.33115005,0.23461962
0.014212608,0.02761674,0.19484425,0.20232439,0.3711567,0.016129255
0.04620099,0.010294437,0.31631184,0.45331955,0.52148247,0.14024782
0.015469074,0.019449234,0.32283306,0.631562,0.05700636,0.29459143
0.024924338,0.0094537735,0.22057438,0.08744192,0.018610239,0.17535686
0.001930654,0.011620998,0.15843105,0.072283745,0.19892263,0.239542
0.0012219548,0.008106232,0.11265659,0.09524441,0.03532791,0.67697453
0.01008141,0.037254214,0.052085876,0.23020363,0.109041214,0.24021423
0.013512254,0.073236585,0.11680508,0.053295135,0.23141718,0.027266026
0.032688797,0.08510363,0.31456947,0.5968914,0.045952797,0.29334068
0.038762987,0.08913982,0.3258438,0.68353033,0.05607462,0.2692945
0.033168077,0.06823218,0.23129368,0.3879614,0.10631633,0.12348449
0.05113679,0.017013073,0.15312672,0.44102,0.014029503,0.08669567
0.030315459,0.0399096,0.12854004,0.1502285,0.06275183,0.40807247
0.0017892718,0.00667274,0.10138512,0.026838303,0.29087016,0.57244444
0.022128642,0.021362066,0.03986454,0.14332771,0.05423835,0.12299836
0.014949679,0.0061224103,0.035247803,0.12517118,0.10050154,0.038905144
0.012893677,0.0012210011,0.060433388,0.58849335,0.06852436,0.103935905
0.026666522,0.021577716,0.11798,0.2214489,0.53876144,0.0035090148
0.00094664097,0.066803515,0.23899269,0.78811264,0.3618858,0.25218773
0.076723576,0.012755692,0.1432991,0.38097286,0.21843147,0.05003929
0.02087164,0.04900965,0.08176613,0.49046707,0.32900953,0.20661068
0.04965508,0.090539336,0.078071594,0.20814323,0.2842062,0.08181667
0.060023785,0.097863674,0.07682037,0.080109596,0.25046527,0.40078792
0.04236591,0.07575083,0.044006348,0.07667899,0.37044764,0.06251001
0.05428028,0.058160067,0.0262146,0.067243576,0.0028994083,0.3220632
0.08571297,0.015406549,0.003068924,0.8018265,0.2609682,0.0530591
0.10324705,0.013378203,0.057647705,0.45240688,0.07452154,0.4892044
0.06389588,0.014524937,0.039237976,0.03635001,0.10368538,0.013448954
0.069910705,0.009696841,0.01094532,0.23250961,0.12217188,0.3548789
0.072202146,0.020819664,0.0612669,0.0033569336,0.12797332,0.6904141
0.049802125,0.01578033,0.047938347,0.011385441,0.1092999,0.15540414
0.0489071,0.012118101,0.025482178,0.016700268,0.088716984,0.017770767
0.039411187,0.04078591,0.008919716,0.1566019,0.02128148,0.09622097
0.018936157,0.0153820515,0.03878212,0.32271004,0.27746886,0.170805
0.022639155,0.022867441,0.06614399,0.03668976,0.16928154,0.27978325
0.014289856,0.03747177,0.091231346,0.053614616,0.042961,0.15305316
0.017181993,0.04132366,0.07615948,0.018882751,0.0294317,0.12488079
0.015266776,0.038918734,0.07819462,0.061317444,0.04226327,0.29602122
0.012451768,0.052936554,0.08948612,0.06224346,0.007678628,0.15645373
0.0059621334,0.051240683,0.078884125,0.35146618,0.09439802,0.036166668
0.004536748,0.0330379,0.0627985,0.021719456,0.11689901,0.05489996
0.01768291,0.052153587,0.051237106,0.279696,0.13901842,0.008944213
0.013236642,0.055274725,0.044208527,0.19028282,0.19538832,0.11586487
0.013186574,0.054364443,0.033765793,0.161762,0.1891675,0.059505284
0.012033224,0.052298784,0.022802353,0.14401007,0.20710254,0.0033581853
0.009654164,0.047486067,0.013793945,0.10857105,0.19972801,0.04502496
0.0077625513,0.018168569,0.0010557175,0.09813092,0.18525934,0.05829432
0.014260292,0.021764755,0.005792618,0.10389435,0.2751268,0.09962456
0.012222767,0.029648066,0.0052289963,0.10138416,0.13937473,0.15257692
0.0046367645,0.053532362,0.010389328,0.095317364,0.015164584,0.21247101
0.06309962,0.092636585,0.07334328,1.0306587,0.3541267,0.74689484
0.07244372,0.04102409,0.068995476,0.91345024,0.2570858,1.064148
0.112293005,0.0038012266,0.16595078,0.35344505,0.3095293,0.25361633
0.08696103,0.06912899,0.40685654,0.97402287,0.36440033,4.103386
0.076274276,0.08130479,0.3068819,0.91663647,0.61954665,0.17484474
0.11636937,0.14281785,0.15767193,2.0536757,0.69829446,1.3220792
0.11282426,0.005013466,0.025876045,1.4291859,0.44024014,0.1624918
0.0061736107,0.04020083,0.036932945,0.10199022,0.1397022,0.23323584
0.07958704,0.14871502,0.06030941,0.22622204,0.65705156,0.36588383
0.029598713,0.100862026,0.14098549,0.065392494,0.36319458,0.25957632
0.0167173,0.157974,0.1396532,0.031320095,0.24791384,0.2657814
0.080702126,0.25887138,0.031701088,0.20786381,0.1563766,0.49407196
0.12355676,0.02594775,0.0037136078,0.062521935,0.74407595,0.25271606
0.0025428236,0.08982432,0.16824341,0.48400068,0.9773381,0.5154495
0.029437182,0.024753392,0.16308975,0.5890484,0.38158846,1.0881386
0.016436942,0.004272461,0.08254433,0.38728952,0.83606434,0.47857666
0.06830443,0.078237176,0.08849144,0.11136961,0.15822458,1.0555782
0.09337196,0.08538449,0.016951561,0.28653145,0.5672021,0.040719986
0.13259664,0.020033479,0.04057598,0.11896157,0.20051146,0.4106381
0.16050023,0.026849985,0.030739784,0.032295585,0.17017436,0.7602577
0.16298887,0.038324833,0.042651176,0.1394631,0.14470243,0.07621765
0.07900709,0.074323654,0.024144173,0.1279118,0.18498147,0.21565151
0.059845865,0.06617546,0.0021858215,0.33366847,0.03776741,0.34734654
0.05772209,0.06744468,0.028362274,0.46928215,0.1518817,0.11383152
0.067239285,0.04884112,0.035399437,0.33004034,0.31456184,0.057743073
0.03542614,0.009778976,0.0904932,0.6473379,0.3638096,0.255764
0.03726542,0.022251487,0.11378288,0.09669018,1.2565498,0.88905334
0.6855135,0.21762109,0.12471771,4.8053584,3.0514393,30.092804
0.34266925,0.1057142,0.05008316,8.552156,0.9706917,22.856926
0.22711158,0.13386297,0.130579,2.2228494,1.4899063,3.2128372
0.25205064,0.06734419,0.27176952,1.0440044,0.61696625,3.9820843
0.19509959,0.12027967,0.1941185,1.2894027,1.3082869,0.42175293
0.15743375,0.06600869,0.26231384,1.0943718,0.89000964,0.6303711
0.13982892,0.09955788,0.027144432,1.1907959,3.5060043,7.852249
0.13589644,0.17776358,0.2748909,0.66973114,3.4609394,1.7461395
0.067867756,0.13563877,0.11716175,1.1585178,0.37921906,3.3113556
0.08736205,0.07686031,0.36596203,1.2958341,0.41665268,2.9629364
0.18854511,0.019389689,0.23876667,0.31755114,0.33764935,0.9079132
0.14560175,0.021444917,0.0850296,0.4391024,0.4926319,0.5595417
0.06353319,0.023956656,0.044358253,0.053678036,0.17220306,0.090415955
0.07767862,0.014743626,0.0415287,0.10452747,0.5960288,1.2786989
0.023614407,0.044564605,0.032896042,0.1811822,0.3928361,0.009065628
0.015298545,0.046711743,0.036474228,0.006207466,0.06202221,0.9160471
0.011057675,0.02666998,0.09092331,0.13511848,0.2377572,0.22637367
0.004364252,0.02779591,0.31168747,0.569638,0.1000061,0.07166195
0.005883634,0.063023984,0.17015171,0.5416174,0.0952723,0.38722086
0.029362917,0.0748235,0.15061092,0.16040051,0.15516335,0.09035897
0.05202976,0.08026773,0.13920784,0.044774413,0.04712236,0.3654151
0.033073753,0.07366651,0.12338543,0.052642703,0.03681135,0.20104003
0.01982379,0.039921403,0.09746933,0.08086133,0.04019475,0.35663378
0.052285284,0.0048998594,0.030295372,0.15412271,0.017426014,0.18735957
0.050649494,0.024382234,0.060577393,0.1295929,0.22580242,0.22594744
0.047346294,0.018490314,0.056117058,0.0960353,0.03918147,0.029547155
0.0473032,0.0144331455,0.051831245,0.02270794,0.12614489,0.25023794
0.05161333,0.002611518,0.0654726,0.03378749,0.064014435,0.101658344
0.042444527,0.0051931143,0.0640316,0.09645057,0.08015174,0.29393935
0.033779085,0.01077199,0.041153908,0.06476247,0.01167953,0.3374934
0.03466904,0.029686213,0.040409088,0.08673763,0.18490613,0.12923765
0.0341233,0.008874774,0.04452324,0.0810256,0.14616024,0.32993078
0.034283698,0.021519542,0.030851364,0.06327832,0.017755866,0.4477992
0.046506643,0.00902307,0.04382801,0.059676886,0.094545364,0.25578237
0.039042532,0.008143544,0.035095215,0.025676012,0.08715676,0.12897778
0.03022182,0.023713708,0.013437271,0.017674923,0.011046261,0.23783481
0.019187689,0.026249528,0.01704216,0.18684196,0.13764024,0.013136148
0.018899322,0.014503121,0.016082764,0.030244827,0.12561494,0.07893175
0.024393916,0.021929383,0.010393143,0.068745375,0.0076344907,0.15541989
0.023921609,0.020033956,0.011307716,0.06483543,0.03271985,0.06686401
0.020676255,0.016625881,0.009588242,0.10012591,0.014164567,0.057227135
0.015512705,0.021873951,0.001909256,0.07773936,0.033673406,0.21573448
0.009880304,0.010558128,0.0059223175,0.13621819,0.023883581,0.12692547
0.01597488,0.009109497,0.003613472,0.08493839,0.0139222145,0.06928325
0.012873292,0.022369385,0.0003681183,0.06406511,0.054406762,0.13627052
0.01652348,0.019927144,0.008874893,0.09431887,0.10945022,0.17778397
0.023940444,0.004436612,0.022646904,0.10764122,0.07159877,0.237288
0.019151807,0.009008169,0.016188622,0.014042497,0.01497066,0.029955626
0.011611819,0.00790298,0.009633064,0.01257205,0.019800425,0.019865751
0.020255566,0.010411859,0.014365196,0.14892375,0.08659053,0.061101317
0.015925765,0.0072984695,0.022316933,0.02779746,0.006299734,0.002205789
0.018990874,0.0070900917,0.0211277,0.009108067,0.022575796,0.048765182
0.021169424,0.00494802,0.019246101,0.0009101629,0.02138108,0.010561943
0.0208807,0.0019614697,0.01619625,0.006107688,0.018661082,0.022591054
0.022512436,0.008280039,0.012633324,0.013414264,0.033056676,0.04669428
0.019273043,0.014053941,0.0026931763,0.0008763671,0.031721868,0.18199515
0.024634123,0.0053687096,0.0005712509,0.038932562,0.112932846,0.18172646
0.029717922,0.010840058,0.013313293,0.030764788,0.001674803,0.62122774
0.0061038733,0.019097447,0.021147728,0.07006548,0.17413966,0.14177895
0.019615054,0.033110857,0.027492523,0.17694032,0.27970502,1.162981
0.049391627,0.013627291,0.018893242,0.17545217,0.045918584,1.2860832
0.007126212,0.01725614,0.038288116,0.111914456,0.063450396,0.686569
0.0208081,0.014639974,0.0150671005,0.14298928,0.0018911362,0.0427866
0.03999591,0.02041161,0.018069267,0.12294054,0.21913815,0.46563768
0.022153258,0.012108326,0.016615868,0.027710438,0.11158323,0.08658624
0.0009725094,0.016862392,0.0047826767,0.007912993,0.024862647,0.33675715
0.002473116,0.025129199,0.0072231293,0.17568707,0.13115335,0.18043685
0.0025795698,0.015536785,0.012063026,0.048354387,0.08502096,0.053303152
0.005435705,0.021416783,0.0065660477,0.09377992,0.03354305,0.019541502
0.011248708,0.021970272,0.0050239563,0.06602585,0.062460244,0.012623072
0.014966011,0.02203083,0.009674072,0.077563286,0.04542327,0.0017959932
0.017946124,0.027649283,0.0052957535,0.06635594,0.040114105,0.10121241
0.023948193,0.020217538,0.015063286,0.11217046,0.08798224,0.07933116
0.023664355,0.017440915,0.0162611,0.032076895,0.02875492,0.094489515
0.021512508,0.026391864,0.010514259,0.100465715,0.056807354,0.10752615
0.02103448,0.026990175,0.010393143,0.09281665,0.057103485,0.030213952
0.023497224,0.026417017,0.0140275955,0.12445116,0.0012828112,0.0085475445
0.030676484,0.032833934,0.04423237,0.2584877,0.07773113,0.046988174
0.034569025,0.017317176,0.2524042,0.0941391,0.24785042,0.14606929
0.025450826,0.010024667,0.247756,0.81041193,0.3384155,0.13270473
0.0024625063,0.019919276,0.18873501,0.09656763,0.28208208,0.1808114
0.008369565,0.0066839457,0.14151287,0.08453822,0.11382437,0.23207259
0.008193374,0.027768612,0.1240654,0.013435364,0.16180801,0.0090994835
0.027321935,0.016587317,0.11518288,0.1389494,0.5102136,0.16982508
0.014843345,0.02235794,0.12033081,0.18827781,0.49641132,0.17329907
0.008832455,0.015864193,0.13438606,0.057151318,0.5202172,0.1169858
0.006091118,0.0039952993,0.12653065,0.17975521,0.33485126,0.0159204
0.00070887804,0.0017115474,0.108792305,0.13778925,0.02559185,0.003390789
0.007067859,0.0038959384,0.073700905,0.07723522,0.2377007,0.08885455
0.0036929846,0.0057456493,0.05997181,0.05409336,0.09094763,0.103774905
0.001568079,0.012189448,0.053468704,0.2600422,0.060537815,0.069580555
0.002272427,0.024149537,0.026839256,0.17603397,0.16750479,0.13196154
0.011119127,0.015730202,0.015604019,0.32873917,0.106628895,0.23241806
0.015013397,0.014062822,0.0053339005,0.09378433,0.1626234,0.064338446
0.0009673834,0.037981212,0.005794525,0.15355778,0.18986416,0.10207796
0.010535717,0.025817037,0.0028562546,0.16582394,0.34048152,0.051000595
0.01005584,0.018515825,0.0052337646,0.26363182,0.100611925,0.16309667
0.009120822,0.007836461,0.0029706955,0.014066696,0.0037779808,0.11894536
0.018172145,0.010718346,0.008688927,0.006770849,0.0097993165,0.013981938
0.037195742,0.05165291,0.02556324,0.32479858,0.21772146,0.047579885
0.015336156,0.03204274,0.0028839111,0.19066381,0.11946845,0.10036528
0.020150363,0.014976978,0.0032815933,0.05245173,0.08007264,0.18639123
0.021575093,0.0031661987,0.008032799,0.033197165,0.060516357,0.26781726
0.018941343,0.013738871,0.014782906,0.046509743,0.058909416,0.4006728
0.01846081,0.007865667,0.027697563,0.12740278,0.18869114,0.24485031
0.0052552223,0.06550908,0.04858303,0.122125626,0.06845188,0.06771517
0.020249665,0.036957502,0.07079506,0.03569317,0.3326621,0.36967492
0.002477765,0.04957843,0.1026535,0.2821846,0.012222528,0.16034034
0.0123797655,0.05024457,0.090807915,0.23797989,0.120479584,0.042114615
0.03262216,0.05130267,0.071614265,0.13435173,0.26169991,0.035177708
0.041351795,0.05943799,0.063446045,0.043340683,0.16588354,0.088433266
0.08135338,0.05139637,0.14780617,0.26615477,0.047222257,0.23017353
0.09772026,0.059165,0.24255943,0.2960577,0.39715195,0.099763036
0.08852682,0.04862714,0.23476791,0.6487789,0.44839096,0.2044754
0.001674071,0.015319109,0.06869316,0.4692726,0.51878357,0.26278782
0.15273729,0.042048216,0.07326603,0.8462362,1.0457563,0.3704636
0.097488746,0.08723974,0.13468647,0.1161561,0.42255783,1.9411626
0.06350617,0.11299348,0.072647095,0.40968323,0.38197327,0.22373617
0.011064976,0.060329437,0.0138549805,0.20550942,0.057819366,0.1556412
0.037810236,0.11561108,0.049432755,0.16587245,0.15086722,0.8195708
0.07059333,0.15463138,0.089764595,0.15185305,0.29064935,0.35829344
0.10215369,0.15235066,0.06715202,0.049772263,0.062254727,0.11739886
0.10201341,0.108449936,0.017401695,0.110379696,0.16835546,0.072752
0.08855608,0.0625,0.00078964233,0.15843296,0.1499157,0.22199774
0.080165684,0.08081865,0.008564949,0.30207515,0.08924568,0.17257845
0.0743722,0.05896163,0.0047864914,0.103039265,0.112999916,0.2789874
0.08839807,0.05712056,0.015789986,0.058238626,0.116517544,0.34329724
0.09417689,0.051758528,0.042741776,0.032558918,0.0682348,0.23452663
0.0937103,0.060806513,0.05252838,0.1328516,0.035529047,0.3284495
0.09615424,0.025507927,0.0686388,0.0909791,0.15228748,0.31316662
0.098407105,0.040604234,0.062143326,0.18588638,0.17702246,0.25268206
0.090851024,0.04802537,0.0521307,0.178442,0.014252365,0.087364435
0.08342339,0.05882132,0.038425446,0.24593401,0.02348888,0.056310415
0.07471666,0.057324648,0.044351578,0.1850996,0.0046441555,0.011160374
0.07558079,0.04395938,0.035669327,0.15044165,0.023506165,0.010612607
0.073834345,0.021748424,0.019125938,0.10633516,0.07043362,0.12579203
0.06388013,0.028538823,0.023197174,0.27168345,0.18390796,0.3111167
0.05063185,0.023411512,0.020954132,0.04097891,0.061763242,0.24451447
0.042198002,0.02374053,0.01608944,0.010069132,0.05194658,0.009890914
0.03543593,0.02502656,0.020436287,0.0011730194,0.071549416,0.09635377
0.03239888,0.02085185,0.022688866,0.104460716,0.046813965,0.022664547
0.026257217,0.023018837,0.006427765,0.033907443,0.12031317,0.07801628
0.013367295,0.032177687,0.0053043365,0.056827307,0.34733906,0.533761
0.024764463,0.011867046,0.00078964233,0.15250921,0.12625909,0.08077538
0.014177948,0.004745841,0.025234222,0.1218977,0.23138207,0.12961447
0.012945399,0.005081415,0.027413368,0.17386341,0.041698813,0.06421852
0.017029852,0.00017035007,0.02559948,0.095641136,0.017753363,0.114530705
1.0177493e-05,0.007633567,0.023921013,0.08775163,0.060435772,0.08156812
0.00092075765,0.009867907,0.020429611,0.20758009,0.17787898,0.110195875
8.287653e-05,0.007952571,0.0048513412,0.10771537,0.108248234,0.02379644
0.0009033298,0.0061296225,0.029612541,0.17622304,0.046083048,0.07884145
0.0030535636,0.0030971766,0.04679203,0.026126146,0.10158086,0.005746126
0.0003381353,0.002646327,0.059212685,0.051005363,0.04513848,0.05464059
0.0037010387,0.016262889,0.052096367,0.020382404,0.07304418,0.34399223
0.005929269,0.010386229,0.07824993,0.27644014,0.10869551,0.17835733
0.02353844,0.006249547,0.054556847,0.13466781,0.15264416,0.09771192
0.011009246,0.018355727,0.06401634,0.1410613,0.36338282,0.1632011
0.0017467141,0.001439333,0.057091713,0.0912621,0.061938763,0.110918224
0.0037592053,0.0048736334,0.06867504,0.095690414,0.092529655,0.10690844
0.019326627,0.015031815,0.049684525,0.09292722,0.122881174,0.053058624
0.010177404,0.025453448,0.060747147,0.10140926,0.013204813,0.35758108
0.00084996223,0.014471889,0.04695511,0.009682655,0.014485061,0.07877064
0.00198254,0.008339047,0.043646812,0.01933527,0.032517895,0.01300323
0.006845832,0.008915901,0.055659294,0.037617266,0.059417725,0.040935576
0.0033957362,0.009371877,0.0273695,0.04787469,0.009654045,0.084410995
0.013203144,0.02565062,0.03278351,0.016556494,0.19821763,0.08293533
0.016165376,0.030231118,0.023187637,0.015543699,0.13824725,0.3219174
0.008504897,0.017752528,0.024695396,0.09298301,0.04531598,0.0019257069
0.0029843748,0.011735201,0.03239727,0.014673352,0.06317693,0.10024442
0.0054082274,0.009102225,0.020546913,0.023126349,0.003401488,0.011574507
0.0050631464,0.008123994,0.037364006,0.19231081,0.10006428,0.09801936
0.007851094,0.029864788,0.035837173,0.06796551,0.16365671,0.061911106
0.0128980875,0.03607416,0.05542469,0.22340631,0.21236122,0.39545482
0.001987666,0.012568235,0.049934387,0.28185043,0.10690594,0.050242126
0.0052292645,0.016472578,0.04670334,0.10828292,0.05438316,0.023815036
0.013083011,0.023636818,0.06205845,0.027889967,0.026835203,0.041515827
0.019523561,0.02123952,0.045396805,0.037226677,0.10358465,0.1046865
0.03551644,0.019900322,0.040050507,0.047309637,0.25589752,0.030540943
0.018521696,0.0026862621,0.14299774,0.35946846,0.102416515,0.31888342
0.035988763,0.03092742,0.15804386,0.35577574,0.37226677,0.18956137
0.019902483,0.029305935,0.07640362,0.0036785603,0.09293175,0.0050566196
0.016575769,0.027478218,0.019918442,0.118314266,0.091358185,0.11593199
0.021217182,0.02366662,0.0040016174,0.09549761,0.023316383,0.055623304
0.012739092,0.024737835,0.0028657913,0.038309097,0.16403198,0.03942895
0.0031898022,0.011008978,0.044439316,0.37705278,0.34317636,0.15126342
0.0011590719,0.025863409,0.07126045,0.050453186,0.031295538,0.047914863
0.010011673,0.03772092,0.0120334625,0.047654152,0.11890632,0.03924883
0.00875932,0.042746067,0.014760971,0.10274458,0.02323407,0.054944873
0.0064008236,0.051768303,0.005914688,0.15113688,0.020068705,0.010391831
0.028230608,0.030116558,0.009064674,0.2492075,0.0652233,0.053864717
0.027622163,0.040438652,0.0044727325,0.071394205,0.03165227,0.06753397
0.009427726,0.06703973,0.0025119781,0.22373617,0.02536738,0.11524904
0.01081115,0.061364412,0.0013256073,0.17847288,0.082185626,0.16691566
0.002588272,0.05984807,0.012191772,0.14204079,0.093886614,0.019522905
0.0042304993,0.054742575,0.017998695,0.04722458,0.050412178,0.039078236
0.01720059,0.033942223,0.001613617,0.32373047,0.20834255,0.084934235
0.095674515,0.08997226,0.01185894,0.48836136,0.005809784,0.2786789
0.052044988,0.08665681,0.012839317,0.1897831,0.56461525,0.19242477
0.04573798,0.054274797,0.067542076,0.13613987,0.148736,0.33374548
0.038957953,0.0024847984,0.08123493,0.40855694,0.29814053,0.30314034
0.040186465,0.009424448,0.07279873,0.25438786,0.44698906,0.11003356
0.0940339,0.0545218,0.013324738,0.42247295,0.6376457,0.057391047
0.041448236,0.027032614,0.027002335,0.21725464,0.41825008,0.35244966
0.022734582,0.010377884,0.027422905,0.06973457,0.087013245,0.6383275
0.00280267,0.017393827,0.030308723,0.012345314,0.26304436,0.23782252
0.02935505,0.025846004,0.035593987,0.042152405,0.09295845,0.13518047
0.05540216,0.03625083,0.056437492,0.10651207,0.083156824,0.02758801
0.067819715,0.071466446,0.039847374,0.4834671,0.096039355,0.09919453
0.0798741,0.06519103,0.028565407,0.41138363,0.22682858,0.34535885
0.03885013,0.09392047,0.0071754456,0.098311424,0.29373622,0.43731022
0.024103343,0.06707978,0.0041122437,0.049669266,0.13429475,0.11932087
0.004995048,0.042127848,0.02529335,0.15226173,0.0011018515,0.0834713
0.015894592,0.034750223,0.048342705,0.14094734,0.005130768,0.13301277
0.014267266,0.032348633,0.059490204,0.14537477,0.0038542747,0.30065632
0.00020354986,0.009926796,0.053447723,0.0449996,0.29681563,0.1731
0.0106408,0.010869741,0.07199764,0.1863693,0.19759154,0.08011842
0.0017809868,0.016376972,0.05825329,0.15771294,0.29246426,0.025308609
0.016105443,0.026729822,0.026741028,0.15972137,0.18620563,0.07756662
0.024903625,0.026459217,0.011024475,0.041666508,0.1570754,0.25246382
0.039520085,0.008470893,0.030005455,0.16004276,0.077729225,0.2241416
0.049079895,0.0076835155,0.043938637,0.053668976,0.21577013,0.1294798
0.05107063,0.002998829,0.04234314,0.07548118,0.012694325,0.028708274
0.049043775,0.0055828094,0.04574299,0.13028431,0.111489534,0.008020878
0.05091667,0.0041638613,0.02885151,0.12063742,0.021859765,0.1146698
0.03584355,0.0109010935,0.04664421,0.15844154,0.030376494,0.19084668
0.05325973,0.019251585,0.050992966,0.25288773,0.07198787,0.14127016
0.045494556,0.032319188,0.06098938,0.2782123,0.0116378665,0.4929016
0.03645271,0.022225857,0.08345032,0.1769023,0.021129608,0.07924247
0.02081585,0.024309158,0.111206055,0.145608,0.09908438,0.18387818
0.019157052,0.017062187,0.13071346,0.0009871721,0.19104731,0.20071101
0.014502406,0.010348797,0.1308527,0.15261304,0.05596888,0.1154387
0.01695621,0.028152227,0.12663078,0.29327202,0.040870428,0.06695175
0.0008510947,0.031198263,0.15939903,0.10568869,0.14706573,0.10085535
0.0035023093,0.01476717,0.17159748,0.25549245,0.047069907,0.3527584
0.00945878,0.009435654,0.14793396,0.19924879,0.09998423,0.13960946
0.0137766,0.0044674873,0.12174606,0.1720252,0.12326841,0.30432463
0.0024974346,0.006170273,0.10016537,0.312416,0.09698367,0.23900396
0.008686006,0.041833162,0.085329056,0.06425285,0.1413562,0.17012644
0.00046879053,0.029604673,0.06916332,0.2981608,0.14982581,0.10199785
0.0145462155,0.03432679,0.08645439,0.18838137,0.16436625,0.056699276
0.021488547,0.030128956,0.07369137,0.1794622,0.15559053,0.008820295
0.016525507,0.019206047,0.058044434,0.16546011,0.22557831,0.24363685
0.02124834,0.013930798,0.0569973,0.12602091,0.18524003,0.32315314
0.014991164,0.012562752,0.05181122,0.09050465,0.27719736,0.119856596
0.038376987,0.008951426,0.0647316,0.25177896,0.003370285,0.28592962
0.028383076,0.028713703,0.06352615,0.11271095,0.10522151,0.0034643412
0.021301985,0.038841248,0.024832726,0.104292035,0.07349217,0.041332603
0.022377193,0.04073167,0.009364128,0.05587721,0.15920758,0.19815993
0.030821323,0.027766705,0.0081653595,0.024020672,0.13737082,0.25245285
0.06853604,0.03426957,0.03359604,0.12615973,0.12130654,0.08476925
0.051850557,0.050387144,0.027638435,0.028307319,0.042425632,0.13191807
0.03494382,0.05545354,0.019088745,0.09833646,0.0044905394,0.08596063
0.051588714,0.046602726,0.0008459091,0.026091576,0.027915955,0.018569648
0.08551282,0.048939943,0.032295227,0.022902966,0.00208354,0.080869615
0.10731369,0.044989824,0.021409035,0.04663992,0.055481926,0.09429455
0.11460328,0.08957863,0.013795853,0.14453268,0.14452982,0.04831791
0.11982149,0.103955746,0.07154751,0.19893259,0.019224137,0.57590485
0.117322266,0.07653093,0.10361767,0.062394142,0.13332129,0.04812169
0.08935797,0.03352642,0.07797909,0.0038409233,0.0030641556,0.08367121
0.081309915,0.031518698,0.09975624,0.097362995,0.11019707,0.21778893
0.080208,0.022006273,0.055631638,0.0896337,0.12933588,0.2552242
0.084833205,0.026146173,0.058200836,0.04840672,0.11752051,0.18345559
0.087796986,0.029301167,0.045062065,0.19234371,0.21464825,0.24073875
0.066001296,0.034169197,0.036026955,0.06194997,0.08594227,0.2512467
0.106141806,0.0437057,0.037094116,0.31660986,0.18377978,0.20139956
0.10168803,0.04221797,0.0324049,0.0074768066,0.04295039,0.106933594
0.07134169,0.054222822,0.042902946,0.13766563,0.08917588,0.16135645
0.09924358,0.039118767,0.06341839,0.29404664,0.124988794,0.07170153
0.08212435,0.048202753,0.038481712,0.015309095,0.07241756,0.14408025
0.07738572,0.06547308,0.08726311,0.272782,0.14659733,0.13818708
0.074014366,0.05803466,0.064017296,0.018106341,0.08040352,0.10501146
0.09109175,0.06925011,0.06445694,0.17876959,0.050828293,0.04556036
0.0472672,0.0859282,0.05786705,0.3066274,0.06620424,0.055770636
0.06790537,0.06004238,0.09197521,0.07714653,0.010365844,0.12516165
0.047819793,0.061499357,0.076039314,0.20748919,0.10130799,0.0757494
0.04329002,0.06287217,0.11313343,0.080785036,0.055434465,0.06428504
0.03399676,0.056252003,0.07974148,0.14675605,0.100664616,0.017441034
0.046460092,0.06701827,0.101703644,0.25389886,0.10720897,0.09872621
0.0040272474,0.0689919,0.08782482,0.083161116,0.028169155,0.051728487
0.0382818,0.05695033,0.124406815,0.09252858,0.040143013,0.054898277
0.021186352,0.06737709,0.10641575,0.04888189,0.03389752,0.088585615
0.05102414,0.06656885,0.11982155,0.1921668,0.07193051,0.0043148994
0.05324042,0.057402134,0.10268211,0.18874991,0.048478127,0.039866805
0.047531903,0.06332469,0.090060234,0.24383768,0.033572912,0.08708358
0.07417017,0.060025454,0.10069466,0.21341181,0.026875257,0.1818161
0.08627397,0.048629403,0.10828018,0.15739202,0.040201187,0.21994591
0.079150796,0.082889795,0.10441971,0.3590927,0.036191463,0.54955864
0.039458632,0.08979368,0.09791374,0.2979951,0.15239286,0.26606655
0.054523945,0.06975901,0.07395458,0.21048594,0.041356564,0.35649014
0.09809983,0.080534935,0.07829094,0.018232703,0.06558275,0.2358141
0.10458267,0.0818522,0.06929684,0.016797066,0.07387555,0.19996834
0.1314745,0.068986416,0.0650444,0.05592537,0.020548463,0.07090473
0.11567998,0.08471525,0.08226681,0.32762063,0.02170229,0.20793676
0.12718701,0.089787126,0.08565712,0.033727765,0.090099335,0.13760662
0.13761258,0.09837508,0.08634472,0.07748675,0.20317364,0.0057582855
0.14753985,0.10324752,0.049391747,0.040971875,0.062479973,0.121548176
0.15268767,0.11339033,0.030694008,0.014369845,0.082419544,0.53715444
0.18102562,0.1745894,0.028889656,0.04263401,0.16103745,0.51188636
0.18410826,0.17849493,0.02875328,0.14592361,0.1036644,0.016586304
0.21152711,0.18935943,0.021094322,0.21795595,0.20490885,0.07856202
0.19336689,0.19978619,0.0031232834,0.15490913,0.12262678,0.057869434
0.199929,0.20952821,0.008852005,0.17102039,0.10924035,0.13981628
0.20850146,0.21796966,0.008235931,0.26365948,0.19459963,0.18279219
0.22181618,0.26252794,0.033147812,0.42319292,0.25259656,0.10351324
0.21362579,0.26593852,0.07900524,0.2285235,0.35229093,0.24002814
0.19325352,0.28688836,0.08268356,0.17058945,0.35231996,0.066185474
0.16255546,0.2951007,0.0446558,0.11850786,0.449329,0.15322065
0.12830484,0.3154409,0.06758499,0.19931126,0.34414697,0.15836334
0.18119133,0.2452159,0.049783707,0.38189125,0.12780952,0.62948227
0.22781539,0.16700196,0.10337925,0.2937088,0.28226447,0.74637985
0.16543448,0.14443135,0.1749773,1.8427148,0.16793442,0.50683975
0.080611706,0.17979717,0.17153072,0.22071981,0.3996277,0.60634565
0.116217256,0.19232845,0.093847275,0.9311384,0.4964609,0.64660215
0.14550984,0.14831102,0.040848732,0.19885612,0.09406817,0.5582571
0.12595928,0.11123407,0.040493965,0.30227757,0.022078037,0.45267677
0.18628097,0.061843634,0.17125702,3.9890366,0.22000694,0.26976585
0.11923456,0.30816793,0.10011768,2.1295528,0.44605255,1.4852781
0.061246634,0.24739766,0.06137371,0.4634478,1.0971928,0.8393431
0.04330063,0.08754039,0.057894707,0.44866657,0.49630642,0.6768532
0.09152174,0.069529295,0.0014877319,0.5647354,0.45730722,0.41967583
0.16335082,0.102571964,0.0663929,0.12167168,0.7613821,0.4563427
0.29820204,0.14490461,0.008131981,0.09467316,1.4625511,0.2470293
0.25904918,0.11924529,0.036211967,0.325037,0.5321655,0.6007967
0.14536715,0.1413064,0.00196743,0.42412758,0.57050705,0.30589104
0.063109875,0.1567254,0.047115326,0.37337017,0.19913483,0.5971451
0.01164341,0.17543745,0.060609818,0.6264672,0.4412861,0.47493076
0.008225203,0.1456517,0.009805679,0.6501304,0.4913597,0.1928606
0.07202721,0.0784471,0.16238308,0.27254105,0.93587494,0.9967861
0.19300032,0.0053480864,0.2596264,0.66260624,0.80231714,0.16554451
0.12609792,0.0379349,0.18926716,0.023526192,0.80855894,0.6023979
0.063370705,0.11068505,0.14014721,0.024249077,0.083174706,0.028261662
0.061092615,0.09000647,0.12480354,0.10871792,0.0029096603,0.6947684
0.088817716,0.0308052,0.1271429,0.532953,0.58431387,0.34968948
0.14386535,0.095963,0.117726326,1.2911959,0.49404144,1.466217
0.005731106,0.032712698,0.09913254,1.1548862,0.75999165,0.6136589
0.06916344,0.077362835,0.20363045,1.0674467,0.1956644,1.9823847
0.11030865,0.05579388,0.17662048,0.2914505,0.79029274,0.37436485
0.18514323,0.15578735,0.10581398,0.080467224,0.68775654,1.4430552
0.06030178,0.05130583,0.12978935,1.1429052,0.5642643,0.8615303
0.03437066,0.019089162,0.065382004,0.70950794,0.9070282,0.179533
0.011051893,0.024094582,0.04406643,0.0764904,0.13861442,0.89574146
0.0069504976,0.00968045,0.06578922,0.43746662,0.338889,0.90291405
0.03015399,0.011913657,0.030412674,0.40678215,0.49962807,1.1060467
0.07293135,0.039842725,0.023454666,0.3422432,0.056095123,0.3104229
0.11007887,0.047305822,0.050043106,0.011349678,0.044805527,0.55233574
0.055006742,0.036548823,0.060548782,0.30627918,0.7164526,0.3645172
0.016864955,0.027404755,0.09260368,0.13576627,0.8678646,0.81217957
0.02726239,0.009108499,0.14340782,0.39550686,1.1856346,0.4410076
0.015327096,0.054443784,0.09716034,0.024847507,0.2825184,0.6663823
0.07566154,0.085638195,0.027799606,0.0943861,0.033253193,0.26091284
0.12377828,0.082649395,0.035556793,0.21613598,0.984869,0.14757156
0.033866048,0.049200714,0.01414299,0.90304565,0.78230286,0.5323763
0.065244794,0.010549158,0.030927658,0.3141489,0.06729698,0.8179226
0.091365695,0.013789296,0.08095646,0.26321888,0.515728,0.57375336
0.16180241,0.02801776,0.13047695,0.06864214,0.054416656,0.31777287
0.17734146,0.030092597,0.1494751,0.1685524,0.17528343,0.043145657
0.19686782,0.07179111,0.12846088,0.029334068,0.25734425,0.102822304
0.26050025,0.13491601,0.08989525,0.9138851,2.1468048,2.0777817
0.264099,0.14895064,0.08596516,0.015040398,0.9403477,0.37125397
0.2510758,0.06576729,0.094677925,0.19310117,0.5667305,0.99497414
0.27945238,0.0034216046,0.09862232,0.12653828,1.1532975,0.6549568
0.24128342,0.013569713,0.16627789,0.6024108,0.26668784,0.15319443
0.19540146,0.067120016,0.22410393,0.51736534,0.22169256,1.1797857
0.32630816,0.10552651,0.29911995,0.17989159,0.060784817,1.0849504
0.33809513,0.1260016,0.33290768,0.5166931,0.20547873,0.46221495
0.34613186,0.1166507,0.32182693,0.70872307,0.6462786,0.16741806
0.37283814,0.090566516,0.2885437,0.34214306,0.47922993,0.45330787
0.39364552,0.056637883,0.27495384,0.20031214,0.021021366,0.4060652
0.41583228,0.02799064,0.20576096,0.016888738,0.39089108,0.20488715
0.51669025,0.012140095,0.04228401,0.06733894,1.1601238,0.44283795
0.40038514,0.13293982,0.0154418945,0.8084526,1.3055773,0.018230319
0.3953526,0.17803055,0.07051849,0.63113403,0.013274193,0.36192918
0.39334202,0.17340302,0.13012314,0.058547974,0.13672543,0.69234633
0.3440497,0.15023088,0.13549995,0.11850262,1.0066614,0.111753464
0.26141787,0.08217889,0.13750076,0.425601,1.2394857,0.2805667
0.22495985,0.026869416,0.17171383,0.1386795,0.7817459,0.94252443
0.096336365,0.108780265,0.1313858,0.027770042,0.12667465,0.5348605
0.063626766,0.24702287,0.065797806,0.78125954,1.2523651,0.7209313
0.14993072,0.3023616,0.03746891,0.86634254,0.8011093,1.5762959
0.17766786,0.43252885,0.15530205,1.8832731,1.3577423,2.2546368
0.27529955,0.48841763,0.21680927,2.0544624,1.9299011,0.5977826
0.089161456,0.2592497,0.1067915,0.117367744,2.9200325,0.6585326
0.15346995,0.32506955,0.19533825,0.83299637,1.5500667,0.42702198
0.0011674836,0.21920013,0.04144478,0.35954857,2.5275793,2.5745096
0.003849864,0.16732508,0.030561447,0.23528671,0.17703247,0.09807587
0.017828822,0.06931114,0.04493904,0.27474976,1.2963009,1.5298977
0.020922184,0.0018223524,0.043177605,0.090174735,0.003818512,0.105680466
0.11966419,0.0043761134,0.028968811,0.041523933,0.08172798,0.30389977
0.08738828,0.014720768,0.0024709702,0.30312634,0.4676075,0.16746044
0.08034897,0.0055829585,0.021578789,0.16688609,0.307539,0.20218205
0.06532109,0.024811924,0.014330864,0.22162232,0.39542294,0.19304043
0.047748566,0.007837355,0.009718895,0.20080686,0.1859045,0.030122519
0.05652368,0.018950015,0.0026979446,0.123767376,0.017615318,0.06694031
0.08548558,0.02097717,0.01922512,0.14656544,0.13317585,0.050513983
0.073666096,0.036733255,0.0206604,0.06366491,0.41399264,0.13213423
0.07985866,0.040834498,0.014338493,0.31461668,0.006777942,0.10865744
0.083497405,0.04787303,0.023287773,0.05568719,0.16139936,0.08481336
0.09808779,0.046415746,0.03425598,0.2284205,0.17260581,0.097421646
0.09358847,0.03306225,0.042132378,0.11653471,0.23138213,0.081735134
0.0607239,0.034121662,0.065945625,0.13400269,0.23062733,0.06404972
0.0828594,0.03666842,0.04152012,0.310812,0.3515721,0.14216566
0.05122769,0.01802504,0.03323269,0.22681248,0.28818038,0.028767467
0.046193242,0.025716603,0.01510334,0.2170763,0.5662765,0.22238344
0.03305894,0.019557774,3.9100647e-05,0.22063127,0.5126299,0.19033527
0.023880899,0.00019073486,0.014486313,0.33816695,0.48544157,0.19455576
0.004254997,0.033625364,0.041200638,0.11170387,0.5588522,0.34121323
0.0064555407,0.036324263,0.043073654,0.61240196,0.5725229,0.41926885
0.0050747395,0.027258635,0.05001068,0.069610596,0.03907107,0.072107315
0.006078601,0.019435406,0.037820816,0.29816914,0.005451441,0.7868557
0.021840274,0.012801647,0.21112633,2.008484,0.06211996,1.4810143
0.03343886,0.05055785,0.1507101,3.4582977,0.284508,0.8299408
0.43135175,0.40566576,0.016397476,5.955002,3.6109977,7.480591
0.435481,0.3460492,0.2817316,3.7099495,0.7989694,4.1643662
0.39665547,0.045948207,0.40624714,5.836567,2.4059315,1.1034052
0.20636177,0.034101725,0.45816135,2.6786385,0.119638205,2.2945454
0.15766226,0.068990156,0.4417734,0.38414764,0.09746683,0.9926202
0.21764454,0.057178825,0.42486668,0.49272537,0.49419117,0.094224334
0.36034915,0.3480234,0.36727524,0.060373783,0.8334503,0.1937589
0.28491762,0.1820581,0.338562,0.59104633,0.49000806,0.2805233
0.15307575,0.10156989,0.280097,0.8001871,0.40437055,0.035262585
0.095551684,0.15964437,0.1650896,0.12685585,0.22488844,0.3117876
0.035865143,0.16246319,0.08188343,0.56464386,0.71538615,0.7967768
0.0279437,0.14421129,0.023685455,0.12662506,0.38968396,0.14774227
0.09372991,0.2576108,0.20564175,3.8731155,0.049465656,0.002250418
0.17992434,0.11305618,0.19772434,1.0916977,0.6074319,0.36857533
0.1280069,0.18080091,0.24938726,0.520771,0.026643515,0.8285514
0.098656714,0.23188305,0.34277725,0.5578308,0.2159667,0.020777345
0.09091842,0.25992632,0.42849255,0.042778015,0.18622285,0.12625599
0.053883553,0.3586011,0.51750183,0.0716629,0.21383917,0.73948336
0.014918983,0.5066476,0.5188346,0.35084534,0.17398262,0.557845
0.055915117,0.38173342,0.5160799,0.5713253,1.0524292,0.36332756
0.04261437,0.46989202,0.5206275,0.004383087,0.7576523,0.4226098
0.056383178,0.49199057,0.48814392,0.1504879,1.3659353,0.13688493
0.0862219,0.4753189,0.4135995,0.4576273,0.6679816,0.47302383
0.11303066,0.443254,0.3680706,0.20445538,0.3848009,0.646888
0.11168228,0.30739546,0.13842392,0.19831848,0.19076538,0.76801574
0.06982666,0.26694345,0.09111881,0.5259992,0.24264574,0.4362147
0.10438217,0.287807,0.054323196,0.25489575,0.29149818,0.20902777
0.09276523,0.28593898,0.01714325,0.15906703,0.008854389,0.11498475
0.083491,0.2807758,0.054249763,0.46817684,0.07257891,0.07032204
0.08843067,0.28537822,0.084477425,0.4886235,0.16799307,0.013277918
0.037582338,0.118605375,0.16460323,0.11648846,0.2202909,0.23043442
0.07977021,0.16522145,0.17311478,0.15155649,0.16815269,0.1828115
0.073767364,0.16714764,0.16056728,0.14889431,0.25779963,0.30818987
0.089689136,0.18417501,0.1583376,0.26895332,0.3033018,0.16006708
0.07737863,0.17080736,0.14597225,0.2392559,0.24183893,0.08328915
0.07132506,0.14707184,0.13900661,0.018627167,0.028631687,0.014101028
0.021047711,0.00019621849,0.099422455,0.2618847,0.04663849,0.12352991
0.002958417,0.057421684,0.10892391,0.59193087,0.2045126,0.19213629
0.06431544,0.028387696,0.09775162,0.030788422,0.057144642,0.09674835
0.06831455,0.008324102,0.03848934,0.1658907,0.18234825,0.13740206
0.08417249,0.006519988,0.029948235,0.2172718,0.18766594,0.13043547
0.10461116,0.045510337,0.0019807816,0.022024155,0.043744087,0.14506721
0.11715031,0.08651923,0.006669998,0.22849464,0.024933815,0.11255932
0.07251656,0.07323189,0.037345886,0.4300828,0.24378967,0.098342896
0.08638048,0.109507814,0.044200897,0.38143826,0.08092499,0.094783425
0.05111146,0.10696517,0.035057068,0.19377899,0.06002927,0.05402589
0.040362835,0.10879358,0.026406288,0.14940357,0.087611675,0.037601948
0.018791318,0.09280752,0.015345573,0.11419028,0.15654302,0.30732977
0.003653288,0.054953128,0.00712204,0.02517128,0.28532457,0.100541085
0.02187109,0.05741577,0.006275177,0.41918695,0.23620582,0.10733032
0.0042510033,0.04845588,0.013163567,0.44861412,0.113916814,0.10424435
0.0040353537,0.026289284,0.014838219,0.20574713,0.031288624,0.061755896
0.022930145,0.020264119,0.011706352,0.05460143,0.030312061,0.069306254
0.011440992,0.017956257,0.012997627,0.06289905,0.09278476,0.11686373
0.00149858,0.012553155,0.008323669,0.039387226,0.066982746,0.10558796
0.009541035,0.008986771,0.0065488815,0.1353488,0.05477202,0.3749411
0.011470437,0.0034927726,0.011425018,0.3764887,0.075231075,0.12845844
0.015538335,0.011565208,0.025184631,0.23030713,0.052162647,0.12867549
0.018808007,0.012392819,0.032349586,0.18930864,0.0690217,0.08365655
0.03882742,7.468462e-05,0.010797501,0.05184555,0.058878124,0.2500031
0.04627478,0.017654717,0.012519836,0.021648407,0.043468118,0.159253
0.054591656,0.024110675,0.031329155,0.6352737,0.020605683,0.07148417
0.05904877,0.0044481754,0.025753975,0.04281509,0.011091471,0.08910978
0.071942806,0.011305451,0.040159225,0.12764025,0.2155826,0.005015135
0.076642275,0.010632634,0.018266678,0.0072620064,0.2535205,0.0025026798
0.08158088,0.012958288,0.0012016296,0.114617705,0.07071686,0.13003492
0.083067656,0.03672895,0.013637543,0.34194183,0.100313425,0.056812406
0.062062263,0.028717637,0.0044231415,0.22122997,0.03275031,0.095686674
0.061509848,0.03042382,0.006146431,0.18311012,0.03853345,0.029609442
0.05597949,0.027935237,0.016945839,0.1466726,0.031702995,0.038255513
0.055903673,0.026030958,0.023256302,0.05262685,0.10377455,0.048840523
0.059834957,0.029221296,0.050213814,0.12364888,0.11947203,0.06775117
0.07699716,0.0455582,0.06342411,0.13444161,0.14205599,0.041273832
0.082197905,0.042030334,0.03348732,0.24225646,0.016385287,0.13263464
0.076824546,0.03757976,0.052898407,0.15085578,0.105535746,0.050100565
0.08508468,0.033262588,0.065405846,0.17631245,0.16485572,0.052036285
0.07929587,0.02767171,0.07143211,0.094166756,0.24717927,0.101919174
0.07665861,0.032022752,0.046954155,0.05835271,0.07436514,0.07326269
0.08842242,0.042382754,0.073082924,0.18875885,0.27705097,0.065853834
0.08580637,0.038936798,0.07442474,0.1287849,0.17760503,0.19707537
0.08046019,0.03523341,0.0888443,0.33585763,0.14976977,0.2164594
0.061290026,0.027782148,0.088362694,0.20915294,0.021282017,0.09419823
0.05515051,0.04207693,0.118741035,0.23881578,0.10766411,0.019132257
0.04464197,0.03569345,0.13052368,0.11059016,0.05765438,0.061712563
0.026428938,0.023129776,0.13399506,0.24532318,0.24586868,0.025057018
0.02858758,0.015262933,0.13770485,0.099140644,0.23145556,0.013900399
0.011990547,0.01343086,0.15237331,0.025593758,0.043091938,0.012928009
0.017726421,0.016518712,0.13733292,0.032260418,0.0027735233,0.085449696
0.027237892,0.025989488,0.14446735,0.2606883,0.019327402,0.022620678
0.004439354,0.019215547,0.15209961,0.16632128,0.07346755,0.1591053
0.019643545,0.0062510073,0.20614052,0.4474249,0.53977585,0.100951195
0.12269521,0.02773304,0.26130104,0.21626556,0.45407486,0.022958755
0.12115574,0.011136472,0.2746067,0.18908453,0.37751102,0.1329937
0.10523081,0.005491491,0.24958038,0.06185913,0.4161396,0.11739159
0.09556031,0.009211499,0.16330338,0.0645237,0.20165539,0.13134575
0.093173504,0.00013238937,0.10025978,0.18921435,0.03744483,0.2571888
0.13976884,0.018103749,0.07388687,0.035152435,0.03951454,0.091882706
0.08876634,0.0156002045,0.08065891,0.4088245,0.39063835,0.16676664
0.104035616,0.014247268,0.11764622,0.14743912,0.1659956,0.10843563
0.09766865,0.0025956035,0.13358498,0.006046772,0.2473607,0.3076911
0.11466122,0.011353821,0.15888691,0.040249348,0.111374855,0.029357433
0.124421835,0.045963705,0.18084335,0.020628452,0.25316525,0.036788464
0.20792556,0.13036591,0.23022938,0.17518663,0.19129181,0.19396687
0.17124605,0.13223106,0.24836731,0.1159749,0.27591038,0.32686615
0.19270253,0.13222343,0.27989483,0.24836111,0.5378952,0.12321615
0.17165542,0.1445821,0.2849226,0.011700153,0.43790817,0.3597666
0.14671326,0.19332677,0.27059555,0.13304281,0.11992073,0.16097462
0.14967537,0.26029265,0.25924587,0.48824787,0.2319603,0.2738225
0.069149256,0.29723495,0.20176697,0.8821955,0.39012432,0.24150658
0.023234129,0.22818309,0.23780727,0.9991827,0.69227266,0.45734215
0.0840292,0.21364987,0.26606655,0.25615394,0.19210291,0.25494862
0.11425376,0.18569821,0.25833225,0.28582287,0.112250805,0.49290085
0.13411736,0.16215515,0.27384472,0.33212888,0.293931,0.5912962
0.11056709,0.12684691,0.26944065,0.6195049,0.21494436,0.1471262
0.006975174,0.06234467,0.1977787,0.82860565,0.11260414,0.0630531
0.05639553,0.0649876,0.18768406,0.048442185,0.49798203,0.34559464
0.0013364553,0.065345526,0.16694641,0.2297554,0.1693883,0.17199516
0.023120522,0.07019913,0.14037418,0.29094172,0.07068777,0.16473061
0.02396059,0.060082674,0.12142277,0.08575189,0.009005547,0.07939184
0.009521842,0.054554224,0.11035633,0.07646203,0.049269676,0.05170393
0.021840215,0.020275652,0.047234535,0.13976717,0.1481409,0.09857273
0.011661172,0.04546112,0.036704063,0.09549904,0.21777558,0.20685378
0.01357007,0.028039575,0.028388023,0.113743514,0.07462406,0.31230974
0.0032869577,0.03307104,0.039629936,0.04582262,0.14178991,0.15767443
0.008968353,0.02414897,0.0131139755,0.056004167,0.007359743,0.1708467
0.006571293,0.021445125,0.012312889,0.089175224,0.16159868,0.01347331
0.010088921,0.0063476264,0.0009279251,0.049939275,0.09385252,0.099509716
0.024867654,0.0040196925,0.0035991669,0.05862379,0.22700152,0.3191465
0.018177986,0.02184616,0.004426956,0.10878563,0.053370237,0.2407543
0.025465608,0.027970582,0.0041275024,0.04167074,0.10819596,0.18164834
0.032535434,0.02890329,0.0077371597,0.01396545,0.056857824,0.24922395
0.035604358,0.034240827,0.036572456,0.019073546,0.007860184,0.38175106
0.042907357,0.019155331,0.04002571,0.058386803,0.058421135,0.44841695
0.052018404,0.027241617,0.05199814,0.040632725,0.15132141,0.3948729
0.041640162,0.013218835,0.03796959,0.054873943,0.037745953,0.063660026
0.03717041,0.010714471,0.01153183,0.027903557,0.07763624,0.06391436
0.03256941,0.058110178,0.018232346,0.10882759,0.13237667,0.07540321
0.05384779,0.15602309,0.10766697,0.007323265,0.4645319,0.21295929
0.06867182,0.28778303,0.32565975,0.13376331,0.46670246,0.18996716
0.011174083,0.16696173,0.25464153,0.12882042,0.12375045,0.06371093
0.024567962,0.13783413,0.22752857,0.46855736,0.16984034,0.37891102
0.00092595816,0.10353333,0.18410969,0.6558132,0.33216524,0.5566492
0.0022663474,0.056492746,0.11440182,0.65966225,0.2780366,0.024069786
0.000887692,0.009575874,0.06255245,0.4097023,0.55747473,0.36347866
0.036440015,0.09354153,0.010082245,0.5383034,1.0463958,0.36066437
0.009610981,0.10517867,0.0015993118,0.18110657,0.67319345,0.66290283
0.008174539,0.08905682,0.005795479,0.40301514,0.6012583,0.044774532
0.014296211,0.084123015,0.020189285,0.30328083,0.5466459,0.063139915
0.022801533,0.07169491,0.016882896,0.14822865,0.37831616,0.26527214
0.011661895,0.07067311,0.014663696,0.08656025,0.2637415,0.26732826
0.014167383,0.11909813,0.025104523,0.3073387,0.30939484,0.57123566
0.018557489,0.06310904,0.03780365,0.28264427,0.6394069,0.42006993
0.030675381,0.06878972,0.07267952,0.585865,0.24156618,0.23390955
0.040053338,0.06096852,0.091124535,0.26186562,0.12768364,0.084261894
0.070081145,0.062470198,0.114967346,0.21807098,0.062425613,0.20544624
0.09461346,0.043370366,0.12836742,0.011528015,0.2215352,0.060872555
0.13937834,0.034652054,0.175457,0.31773186,0.07431173,0.05163431
0.15314794,0.049894452,0.17845154,0.42572546,0.4838747,0.21607399
0.17850457,0.010605663,0.16193199,0.09808445,0.1962192,0.37598252
0.1685851,0.005194932,0.14862156,0.17210388,0.16624784,0.34513655
0.16184159,0.021863587,0.1505251,0.6180737,0.2695089,0.289137
0.16078551,0.021927834,0.14258575,0.3765017,0.057283968,0.07596743
0.13815127,0.06173873,0.14375114,0.9201938,0.07530928,0.21399236
0.1321791,0.009853959,0.12645912,0.77271676,0.40833658,0.11237931
0.11966458,0.030004144,0.1098156,0.7110386,0.039072752,0.26579404
0.10600169,0.053895235,0.09718132,0.60403657,0.2977935,0.047693193
0.10472147,0.056790352,0.08688927,0.45892632,0.5981574,0.25814342
0.0978819,0.046906352,0.075611115,0.5924822,0.37790012,0.12716007
0.078526154,0.025831223,0.043560028,0.023853779,0.009571552,0.097063065
0.08971675,0.013925314,0.05984974,0.5959281,0.53212804,0.23051459
0.07431796,0.0166502,0.054512024,0.6317606,0.08031225,0.49961233
0.0776048,0.029039145,0.07105541,0.10868335,0.07407999,0.29565
0.07384919,0.023952723,0.09097576,0.055311464,0.17534924,0.3566705
0.071544506,0.02482438,0.10682583,0.46255803,0.43320608,0.3784967
0.047786295,0.11450863,0.091547966,0.08254242,0.11755705,0.044040408
0.05406688,0.08808327,0.10709,0.648422,0.5927634,0.09460139
0.06461725,0.12288761,0.096982956,0.16945505,0.055875268,0.050750494
0.07218653,0.15529704,0.074510574,0.17152047,0.27136087,0.57923114
0.07456198,0.19413829,0.04094696,0.32871652,0.3224089,1.0635357
0.056347728,0.24252915,0.0046958923,0.3565087,0.24893904,0.7161784
0.012152076,0.35248375,0.113134384,0.59885216,0.20684886,0.22834772
0.026304185,0.2633009,0.14207077,0.3424492,0.10789442,0.36517859
0.0054506063,0.2492733,0.18716812,0.07618332,0.09231949,0.21729708
0.011631966,0.25676584,0.22922039,0.019041538,0.268847,0.87820286
0.020990908,0.2775879,0.27427483,0.042206526,0.29114032,0.66058075
0.026165903,0.29649162,0.32275772,0.083269596,0.2576596,0.19376296
0.030251324,0.3431983,0.391572,0.19488972,0.050015688,0.48300457
0.043518424,0.35521364,0.4356842,0.13541543,0.22109556,0.36503005
0.05443734,0.389822,0.4787302,0.015714884,0.10645628,0.30688632
0.058557272,0.41089678,0.5151005,0.1765635,0.14322543,0.33695626
0.058252275,0.4058299,0.55853033,0.09430039,0.4250996,1.1639097
0.0679723,0.39019394,0.5964408,0.29793024,0.45803362,0.08731961
0.050744236,0.46959734,0.71708584,0.0038927197,0.37331444,0.8039346
0.026450634,0.46336508,0.7528777,0.07667327,1.0308065,0.09286067
0.02050817,0.3944106,0.7820282,0.35496902,0.037330747,1.5025201
0.028896213,0.33585596,0.82452583,0.75736934,0.1770004,0.1011026
0.031716704,0.3639083,0.8947892,0.672354,0.0023924708,1.7546883
0.051214337,0.3991866,0.9476242,0.47931695,0.10532993,1.0041482
0.0771876,0.43066072,1.0182958,1.060318,0.17674398,0.3776492
0.031564593,0.47154045,0.8468585,0.56174755,0.40820885,1.8876734
0.021951675,0.44516802,0.8738675,1.5872746,0.23664784,2.31406
0.059461534,0.25112295,1.0229859,0.9760208,1.6978538,1.4428778
0.17977622,0.17414474,1.1914291,0.5581093,0.07522869,0.24881887
0.52762926,0.16224289,1.212287,0.9049339,1.5056343,0.1215477
0.6570324,0.47695875,1.0248089,2.3390045,1.2005615,0.8374214
0.73141694,0.57918787,0.8220854,2.3214455,0.15893173,3.0399523
0.6707897,0.79556894,0.69300556,2.564228,0.42383003,0.6608982
0.6482766,0.80537176,0.50452137,0.41115952,0.3193884,0.16895622
0.6379719,0.66825676,0.38095284,0.3220253,0.4204836,1.0154461
0.59430707,0.6106467,0.30656147,1.1683064,0.0805912,0.93168545
0.59921515,0.44116735,0.078279495,2.1114101,0.42152214,0.014769554
0.57701933,0.5838673,0.2605505,2.343142,0.75599337,0.323488
0.44474864,0.67233014,0.4121008,2.3022804,0.3157549,0.38698483
0.19829893,0.73630065,0.3694563,0.5920582,0.60328674,0.15143585
0.02483797,0.64636034,0.27613068,0.77490044,0.19451904,0.48083305
0.058079004,0.41416782,0.22761345,0.47691727,0.7445183,0.165349
0.18403459,0.013859928,0.15374756,2.357069,0.46694183,0.5157776
0.14669633,0.021884084,0.16109657,0.08500862,0.5181446,0.28586426
0.31971073,0.03542459,0.14563274,0.09969711,0.5773735,0.53723013
0.41069412,0.056838155,0.11882496,1.4464417,2.4264164,0.15186739
0.3793552,0.021595478,0.19394493,0.109148026,0.8182192,0.2869029
0.2984233,0.01583147,0.18876457,0.08141899,0.12383175,0.020305157
0.1838857,0.11000943,0.14516258,0.92279816,0.54930687,0.44319534
0.124886036,0.019851446,0.11162567,0.5559864,0.7010131,0.21035337
0.09151125,0.04975462,0.10011196,0.5038471,0.021401882,0.026833057
0.049219966,0.10435748,0.05543804,0.43549156,0.20588541,1.3397655
0.062888324,0.12975216,0.054909706,0.3430481,0.5102253,0.7055435
0.17337802,0.11804533,0.035268784,0.28737545,1.9362373,0.034683228
0.223981,0.36855984,0.042038918,1.7207428,4.1446915,12.304077
0.07638064,0.2547996,0.11806297,2.8276467,4.428091,8.825161
0.021093309,0.19770217,0.10505962,0.940382,1.6503878,0.3735695
0.27601874,0.29785538,0.17151356,0.10175395,0.06858063,2.0829
0.42327857,0.2072773,0.0017156601,0.73104286,0.114299774,0.5646467
0.45514774,0.08190131,0.04372406,0.21847725,0.31298637,0.7295618
0.36036777,0.2803731,0.07546234,1.2202473,7.2331543,17.984741
0.5808673,0.31738353,0.1246109,0.29166222,0.46154308,0.30445862
0.32462525,0.33366632,0.03803253,1.3888435,1.8285705,2.5405655
0.23016024,0.0005054474,0.05947399,3.4722939,1.9882073,0.27734375
0.08958459,0.0391891,0.024640083,0.99507046,0.597981,1.2045956
0.073673725,0.043656647,0.0862093,0.12510014,0.48594984,0.33626747
0.04367709,0.122514606,0.07247257,0.39046478,0.2935083,0.036834717
0.059341908,0.070052594,0.00392437,0.41439915,0.40980303,0.6709366
0.040824413,0.08998066,0.044657707,0.87217045,0.36728513,0.38039303
0.02874899,0.090204775,0.029120445,0.6737108,0.32945013,0.3304124
0.028075933,0.083624244,0.0164814,0.5032382,0.23778677,0.038259983
0.019812822,0.06751859,0.014875412,0.3375435,0.2479403,0.19751763
0.034062505,0.015929699,0.014741898,0.37252188,0.30985355,0.053829193
0.02379644,0.0050145388,0.00045967102,0.19147444,0.10039139,0.07753372
0.05315411,0.03188932,0.091020584,0.46554565,0.02034378,1.5984268
0.03014803,0.011370897,0.24661827,1.890665,0.88163483,0.5014038
0.05595851,0.14296103,0.22265244,0.67977273,1.4307609,1.6955719
0.18667972,0.10143018,0.040462494,0.000521183,0.81371087,1.1777496
0.37213337,0.027650833,0.14033699,1.0649678,0.4468794,0.27023697
0.053462148,0.065202236,0.056777,0.21041012,0.20625067,0.064697266
0.102709055,0.17464435,0.16681194,0.12776375,0.24707985,0.771286
0.1363734,0.047279716,0.14916229,1.1983738,0.41377544,0.5125809
0.14562261,0.05496025,0.04058647,0.7201395,0.016973495,0.5551529
0.13647151,0.105564594,0.009471893,0.6059799,1.3085406,0.45317078
0.108778715,0.021151066,0.046071053,0.60746956,0.026157022,0.005455017
0.13975859,0.06099689,0.048509598,0.10876751,0.10171902,1.4804268
0.097833395,0.13049328,0.021669388,0.009045601,0.20952949,0.315629
0.10473943,0.10859597,0.064520836,0.033963323,0.16284913,0.53911495
0.09956312,0.07784665,0.02844143,0.4463278,0.18346786,0.8045521
0.17763245,0.068193555,0.088178635,0.9663172,0.1239233,2.223198
0.54491854,0.0635972,0.20810127,4.548519,3.5235481,14.870605
0.24562931,0.057132363,0.0089588165,0.50146294,1.7170639,6.9891815
0.38559163,0.1465174,0.056242943,2.054737,1.2120667,2.0138626
0.4087906,0.005695462,0.008232117,3.2717552,1.6616688,0.8651142
0.3258071,0.03267044,0.13414383,0.7908079,0.555356,1.9786744
0.18834591,0.0053952336,0.10063553,1.6668453,0.22111893,0.48013306
0.024601936,0.19968945,0.11180973,2.0530987,1.0773754,8.374283
0.1386292,0.027795434,0.041137695,2.2369719,1.4095144,1.2830391
0.041169405,0.025489628,0.13219547,0.4948054,0.2573743,1.6346207
0.056346655,0.14075357,0.013213158,0.5660492,0.0511384,0.9934273
0.054607272,0.0053522587,0.081002235,0.081943125,0.30217767,0.96881485
0.058116674,0.08781898,0.06133747,0.11610073,0.24088383,0.050863266
0.046613693,0.06650847,0.005753517,0.012996554,0.08890247,0.19886017
0.07668829,0.017455637,0.06922531,0.34359545,0.22567105,0.6615658
0.025459051,0.030160189,0.06747532,0.30660272,0.010186672,0.3806417
0.020386577,0.03254485,0.047657967,0.24418259,0.039591014,0.26193714
0.011059761,0.045265675,0.017186165,0.109989166,0.13209534,0.65953255
0.05673313,0.010635614,0.028841019,0.12597275,0.34687328,0.6700077
0.052186847,0.06949544,0.05508232,0.13851929,0.34071922,0.6511097
0.052458405,0.060248256,0.12564754,0.1085763,0.21571255,0.38331723
0.022292316,0.025868416,0.04461956,1.983223,3.6327744,0.6608758
0.119797826,0.025184274,0.032348633,5.351494,5.8834,2.0179229
0.17044345,0.06572676,0.058380127,1.4282379,0.78207207,0.8909137
0.0222525,0.04649949,0.011528969,0.28790665,0.504652,1.1451211
0.0331313,0.027019262,0.0016002655,0.28664398,0.70482635,1.3495965
0.06865263,0.012693167,0.034986496,0.1252389,0.1875906,0.70129013
0.14436793,0.030804157,0.027261734,0.35218048,0.09641731,0.50120544
0.088463426,0.07620072,0.031993866,0.23548889,0.36557674,0.16266632
0.039975524,0.062919855,0.012454033,0.62313986,0.8857375,0.35064316
0.02312398,0.067308426,0.014482498,0.19095421,0.09799385,0.16975951
0.007815242,0.0505929,0.1281414,0.13292885,0.25863266,0.123472214
0.008042455,0.029769182,0.12889862,0.26586533,0.15696812,0.62718797
0.062422276,0.05049038,0.07579994,0.056913376,0.3154192,0.17942667
0.0563851,0.05952382,0.037347794,0.15790176,0.2911482,0.35610437
0.033942938,0.03816271,0.07057285,0.1678114,0.34482527,0.038493156
0.014342427,0.03341794,0.12606049,0.07231903,0.32785583,0.20442033
0.06261307,0.07418752,0.057293892,0.47442245,0.3556099,0.5761957
0.09851712,0.036723375,0.00922966,0.4018488,0.04198563,0.1771512
0.019825429,0.012056351,0.104730606,0.4484558,0.6806736,0.2902422
0.06742406,0.010270357,0.14884281,0.805521,0.78451157,0.55887794
0.06068553,0.010524273,0.088728905,0.63801956,0.6634712,0.016211987
0.027622,0.055333376,0.058851242,0.025169373,0.30570126,0.48308325
0.004917741,0.017922401,0.05643654,0.23114777,0.041681767,0.15909863
0.017834961,0.07246494,0.032230377,0.10750961,0.30169964,0.14353895
0.034164816,0.005502701,0.023542404,0.15066147,0.32673627,0.5175626
0.028178602,0.058604956,0.03431034,0.0695796,0.009268999,0.2901106
0.043217063,0.0922389,0.045703888,0.024161935,0.18254757,0.51514626
0.063072056,0.11482477,0.034870148,0.0030508041,0.05187273,0.3818965
0.08248904,0.09778857,0.0147304535,0.094097614,0.06880593,0.46012688
0.09963474,0.11170888,0.015002251,0.073966146,0.104988754,0.57655525
0.111001685,0.09400344,0.0085020065,0.13356423,0.086735666,0.29884794
0.12142925,0.07945013,0.0023832321,0.08229685,0.15413457,0.06807884
0.12791434,0.07338858,0.0025730133,0.03051424,0.10064316,0.048620462
0.13104472,0.071042776,0.005170822,0.0061683655,0.084664345,0.1998055
0.12896764,0.04528308,0.0013656616,0.019340038,0.18879795,0.16147614
0.10292082,0.06541228,0.0067358017,0.1192956,0.015215874,0.25769043
0.09444107,0.058606863,0.0010614395,0.20650446,0.10517883,0.056803465
0.09190181,0.049016714,0.007948875,0.14719224,0.09073663,0.10797334
0.09048301,0.04362774,0.0023117065,0.2360282,0.21929502,0.24475515
0.07250053,0.025568962,0.0057849884,0.28774548,0.3346634,0.25859952
0.03279917,0.026839018,0.006772995,0.40385437,0.73147583,0.006103754
0.00051128864,0.00083351135,0.016141891,0.4358859,0.43749714,0.1369797
0.024258226,0.029119492,0.011480331,0.044130325,0.34650326,0.26076305
0.010520995,0.037472725,0.01282692,0.17941177,0.012424946,0.07274109
0.0032611787,0.044793606,0.0007390976,0.08220014,0.23164368,0.104574054
0.0051279664,0.05485964,0.03453827,0.18442655,0.33436394,0.09465104
0.053010345,0.017253041,0.07677269,0.2588277,0.39112186,0.09233832
0.018576324,0.064911604,0.06221199,0.027941704,0.02647391,0.0668509
0.01046443,0.06894255,0.052345276,0.054739952,0.22918928,0.115404606
0.00968039,0.059842944,0.04589653,0.07641268,0.14779758,0.12877083
0.0034958124,0.05194652,0.042560577,0.04467678,0.22730923,0.1800381
0.0014215708,0.041638136,0.039530754,0.04804516,0.13980436,0.14669335
0.043816924,0.0067430735,0.016973495,0.09166241,0.10544968,0.07858086
0.023266792,0.024383485,0.026169777,0.4021647,0.050406456,0.08201456
0.05126977,0.021281362,0.04429722,0.3670349,0.15495872,0.029006958
0.054187894,0.00925225,0.11087799,0.103019714,0.099500656,0.16293895
0.050110817,0.026485026,0.18107033,0.7475481,0.08343029,0.16725492
0.023104787,0.024978638,0.19064903,0.08847809,0.3727665,0.19696283
0.041064024,0.0754804,0.14297771,0.005592346,0.1856842,0.069470525
0.005397558,0.09020454,0.20020676,0.16504288,0.5296402,0.4718783
0.01865244,0.10590553,0.20580292,0.20235157,0.2955551,0.37025797
0.003642559,0.09462696,0.15489197,0.11949062,0.16964936,0.36405277
0.03033793,0.07126105,0.05117035,0.15999508,0.21587086,0.41244245
0.041062713,0.04230219,0.02589035,0.28535986,0.15888596,0.05725813
0.029165745,0.028520823,0.012041092,0.36652374,0.28521252,0.10555911
0.07459515,0.0043723583,0.033381462,0.45995712,0.9727745,0.49919605
0.039061427,0.03709054,0.21300983,0.8364239,1.696772,0.11121857
0.01591438,0.07148814,0.2652645,0.1339693,0.45972538,0.06964588
0.0056572556,0.036351204,0.10286999,0.14615393,0.2869959,0.010139942
0.033272862,0.009765983,0.08721161,0.06928396,0.3521626,0.06882334
0.0084478855,0.021547556,0.1779089,0.07028246,0.09124565,0.031134129
0.034879208,0.02615428,0.20790672,0.10091305,0.4143386,0.65006006
0.058724105,0.008604169,0.20967293,0.3949686,0.28178573,0.0726586
0.034177244,0.002601862,0.08141804,0.04068446,0.06727882,0.051069498
0.03454995,0.00015735626,0.04944229,0.19577876,0.10259247,0.2083664
0.051377907,0.0012601614,0.011768341,0.17171383,0.3252697,0.019353628
0.07285497,0.047646523,0.16839123,0.7033739,0.76527405,0.23900938
0.0056409026,0.039316416,0.05539322,0.34437275,1.3076856,0.21550894
0.013491567,0.063024044,0.004579544,0.012084961,0.22433472,0.36881328
0.08203186,0.047216892,0.15160179,0.1740303,0.6216183,0.033118725
0.08832055,0.019073248,0.2892561,0.291826,0.66383934,0.015319943
0.027736735,0.042742252,0.27701187,0.51444256,0.5530329,0.0578444
0.029774219,0.014747381,0.052545547,0.080248356,0.23976612,0.11947346
0.032420002,0.00744462,0.04642582,0.056084156,0.09443402,0.51742446
0.022935338,0.004803896,0.08088875,0.22719288,0.18130636,0.073408365
0.0072497427,0.012720704,0.17900467,0.05340767,0.36420822,0.05314696
0.010795109,0.025993705,0.16880989,0.23498058,0.13739014,0.14220548
0.014521487,0.031171918,0.07632637,0.19094348,0.34875524,0.0532825
0.020792138,0.026712894,0.01009655,0.4881897,1.0130424,0.10678136
0.009829536,0.0077866316,0.07729435,0.5321064,0.6453533,0.26660728
0.0023931563,0.0074061155,0.17644596,0.4779738,0.6870079,0.5106816
0.027142346,0.0071622133,0.109942436,0.1914339,0.050523758,0.14553356
0.014244199,0.012737989,0.05274391,0.04194367,0.24534035,0.32672238
0.0053259134,0.019559264,0.09749031,0.09546542,0.04342127,0.11383724
0.008715153,0.009759665,0.10171604,0.014879227,0.07876825,0.094292164
0.035289288,0.013076186,0.10293293,0.21204588,0.10647702,0.01515913
0.028315246,0.015177608,0.071531296,0.07596678,0.13529825,0.2950511
0.033750832,0.020057559,0.07313633,0.07181549,0.030380249,0.18565702
0.031726003,0.020270228,0.092321396,0.124073565,0.08515191,0.22339356
0.02954954,0.01159966,0.09891796,0.04116273,0.012061834,0.13029885
0.030694008,0.011224985,0.093008995,0.05398631,0.07548094,0.1268537
0.04214245,0.014956832,0.111439705,0.09355497,0.27449954,0.25104964
0.032928407,0.008416891,0.10218716,0.122938156,0.0869109,0.182237
0.035098493,0.008067608,0.0752182,0.03904414,0.026446879,0.088178515
0.031406462,0.010483146,0.09868622,0.08207452,0.12200165,0.1320225
0.042476356,0.0113271475,0.102856636,0.010568023,0.16211092,0.15356278
0.045158446,0.013929129,0.10435963,0.047381878,0.09001005,0.20981324
0.0367018,0.015359879,0.094218254,0.05134058,0.04470864,0.05749321
0.037951976,0.017286658,0.08209419,0.010699123,0.06431866,0.03716123
0.04228136,0.017615438,0.09678841,0.036394536,0.012033939,0.13991347
0.048559636,0.016637921,0.10372162,0.09442258,0.1518287,0.09530598
0.04931137,0.013204098,0.08744335,0.06780821,0.0040769577,0.08654249
0.0636079,0.024657607,0.092659,0.13655901,0.024601072,0.18994188
0.062306732,0.01170969,0.09938145,0.16612184,0.121739864,0.22374713
0.06339444,0.01679194,0.08919144,0.04529679,0.08813846,0.051284373
0.058480337,0.030917168,0.11995125,0.107681185,0.117210865,0.12041791
0.049720988,0.031111479,0.11806774,0.009031653,0.060313135,0.107872486
0.05653423,0.03259349,0.1277237,0.13609946,0.01004529,0.071374744
0.07954542,0.03372681,0.14551353,0.18411112,0.038512647,0.16560715
0.06364605,0.029219985,0.15972233,0.13013172,0.029975295,0.08085132
0.053577375,0.034445643,0.14787102,0.01726067,0.033480406,0.13323522
0.043994628,0.032608986,0.12270737,0.08104849,0.057698965,0.13947248
0.030640472,0.032407284,0.10019016,0.13807279,0.08202648,0.03417462
0.015115485,0.033256173,0.06151867,0.078139305,0.23170197,0.021864295
0.02842936,0.0357337,0.013442993,0.19335914,0.3331046,0.07168746
0.011900142,0.031075,0.0035142899,0.15382224,0.406016,0.12457013
0.016706347,0.020291924,0.0070858,0.041245487,0.03279662,0.13707387
0.019754976,0.02091825,0.00666523,0.08338997,0.09893525,0.054360215
0.011049613,0.023073673,0.017181396,0.012374282,0.14266711,0.03809476
0.015786648,0.027518153,0.02469349,0.12356061,0.045345128,0.18467498
0.011615127,0.030747771,0.039722443,0.029075503,0.13555276,0.114667654
0.022903413,0.022450447,0.037332535,0.06388235,0.008148819,0.10243338
0.025819018,0.013033628,0.003941536,0.058458805,0.008570313,0.017053604
0.020772755,0.018864036,0.006781578,0.037905455,0.17431724,0.11707879
0.02309215,0.017732382,0.021759033,0.07514781,0.06673062,0.073241144
0.019894257,0.007294178,0.021713257,0.079681575,0.08798474,0.1405127
0.029365912,0.016965747,0.021634102,0.061361313,0.059906244,0.04582858
0.029702365,0.013154149,0.004442215,0.21560192,0.00056244433,0.14345288
0.04025364,0.023007035,0.026191711,0.19911957,0.09267855,0.18339086
0.031582996,0.012494087,0.0023565292,0.15086937,0.14883614,0.012859583
0.022179231,0.0108065605,0.012852669,0.14301825,0.2524751,0.08339167
0.029492825,0.019129395,0.0018634796,0.061302185,0.095038176,0.1307872
0.033787847,0.020053744,0.0104961395,0.11173439,0.06864509,0.10769677
0.023271963,0.016631484,0.0022192001,0.014572978,0.017127484,0.13366288
0.01816386,0.022717953,0.021338463,0.09066224,0.15545368,0.0008327961
0.02281554,0.025433302,0.030497551,0.11620627,0.002064228,0.065374136
0.03783928,0.012915134,0.056777,0.0083146095,0.21431804,0.018632889
0.033690378,0.020859957,0.07310867,0.051311255,0.014288664,0.022620916
0.02632603,0.027005672,0.05358696,0.04678619,0.19346523,0.057802916
0.036118716,0.021864176,0.060313225,0.00487113,0.019695282,0.15320043
0.035855323,0.03177619,0.076758385,0.0039725304,0.02411449,0.12573314
0.035305783,0.03766656,0.05740547,0.016676068,0.05900359,0.20343924
0.04590483,0.033693075,0.03399372,0.13710028,0.17639454,0.11756456
0.04792285,0.029883146,0.044083595,0.034595966,0.04334873,0.05294323
0.066900834,0.021137953,0.01772213,0.036020994,0.114925385,0.14259577
0.067445904,0.025609732,0.025666237,0.10052505,0.12992859,0.09838617
0.06281179,0.016838312,0.013299942,0.029911041,0.16244543,0.10767138
0.05962521,0.018808365,0.03810692,0.032526493,0.028048307,0.0026637316
0.057079017,0.02902484,0.029349327,0.06912718,0.03227353,0.011575103
0.052797616,0.03176713,0.014382362,0.04739988,0.09690428,0.061344147
0.0565027,0.03242898,0.016253471,0.1264255,0.14491963,0.06640375
0.055811793,0.044314623,0.008641243,0.066236794,0.09344676,0.099597216
0.050850123,0.037326097,0.008159637,0.018256247,0.007964015,0.074730344
0.04222879,0.029676914,0.011125565,0.04554391,0.2120474,0.00015622377
0.046206266,0.026778698,0.0018062592,0.036486804,0.06336284,0.07969853
0.049273968,0.02984929,0.011040688,0.042848617,0.028393388,0.028835118
0.061258554,0.034934044,0.021378517,0.016433477,0.083634615,0.12004328
0.0726071,0.023341179,0.028146744,0.074085,0.22386718,0.20008838
0.0666672,0.031096697,0.04507923,0.06781411,0.062256217,0.09386182
0.07971102,0.04386592,0.050289154,0.14059114,0.010163009,0.044772744
0.09044486,0.040104628,0.045822144,0.15760612,0.02641666,0.024728596
0.09267759,0.034881115,0.049900055,0.09227514,0.054257512,0.10091609
0.08949894,0.004966259,0.01959896,0.25739193,0.020217419,0.34950978
0.08545458,0.008263111,0.09171677,0.12995625,0.66955376,0.15743995
0.057706356,0.010736942,0.19458294,0.27428508,0.05796814,0.15052366
0.04591894,0.0014617443,0.11638546,0.00050234795,0.07364321,0.23680162
0.04737872,0.0034832954,0.026369095,0.1400603,0.0097026825,0.13846445
0.04140669,0.009534836,0.00038337708,0.14566493,0.13969612,0.13466454
0.0038775504,0.015581369,0.0139045715,0.050944805,0.23680592,0.104305744
0.007473141,0.028069735,0.03056717,0.25698996,0.58059645,0.34674248
0.00894089,0.0056328773,0.026268005,0.53167343,0.49507904,0.01060307
0.017167408,0.0118050575,0.07041454,0.05446434,0.19214797,0.08504799
0.0310405,0.02733016,0.20441914,0.5403578,0.36036843,0.17066193
0.039898247,0.065280676,0.21100616,0.17421818,0.26208746,0.080126524
0.011863768,0.0075104237,0.18499851,0.2663231,0.01233387,0.3286711
0.04085228,0.026146531,0.050302505,0.81261945,0.18310928,0.30514622
0.0032499433,0.006420374,0.012976646,0.2152896,0.116957664,0.0015640259
0.01910621,0.018307209,0.0037460327,0.09604057,0.28629324,0.018950641
0.030044675,0.024554133,0.030854225,0.24040365,0.09323788,0.022715569
0.054930985,0.043985248,0.028294563,0.25665092,0.16983366,0.5445652
0.1015414,0.050421238,0.025519371,0.48791122,0.034706116,0.75392866
0.15729082,0.071713805,0.0581398,0.5935631,0.9133816,0.7267294
0.16302323,0.058279395,0.057148933,0.08032465,0.17857456,0.84226036
0.14468515,0.007839084,0.062091827,0.24704504,0.34600878,0.016108513
0.12842786,0.09489739,0.015868187,0.3778305,0.095665455,0.19331598
0.10069263,0.12662274,0.03358555,0.4137014,0.09426451,0.16150737
0.034796953,0.08704656,0.061232567,0.07178974,0.03605461,0.16717339
0.03488958,0.09126061,0.07800865,0.39487934,0.0069942474,0.4030466
0.0033519268,0.109380245,0.06390381,0.038841248,0.61296606,0.02570936
0.019341111,0.13910085,0.059714317,0.19671631,0.43692017,0.045797348
0.03131163,0.10977,0.074168205,0.29328537,0.34644794,0.33216047
0.039515257,0.05213642,0.083099365,0.46399117,0.34450674,0.3969102
0.0868361,0.027683318,0.05403614,0.51339626,0.4412303,0.15904427
0.09097934,0.001387775,0.045497894,0.117881775,0.7735009,0.34633875
0.1463921,0.030299425,0.010857582,0.11585879,0.3897171,0.18375921
0.22746992,0.07538986,0.13726616,0.021246552,0.2410593,0.20560408
0.29344606,0.109705806,0.15706444,0.13000011,0.22884083,0.57470036
0.24657464,0.05540502,0.20554829,0.32403374,0.1765213,0.8747959
0.26730585,0.17724109,0.2144804,2.643093,2.4768982,1.2997475
0.36199045,0.25011563,0.12631512,0.3457346,0.33592796,0.58708763
0.38719296,0.18333769,0.11584854,0.25670433,0.21604729,0.71846676
0.38617063,0.09577298,0.09532452,0.07972336,0.14051229,0.7289982
0.36704516,0.044207096,0.09853935,0.15633202,0.34665823,0.030700684
0.30178642,0.049086332,0.087797165,0.32419205,0.42310524,0.14155197
0.1805774,0.13438344,0.06612682,0.59326935,0.5134826,0.46590233
0.20832849,0.04699278,0.06639004,0.90882874,0.6351633,0.7306888
0.17783463,0.019982338,0.06416035,0.13889885,0.08382225,0.09840441
0.16598105,0.020863056,0.058232307,0.46621513,0.20653534,0.096052706
0.113366246,0.07673931,0.042251587,0.20801163,0.54120255,0.14519238
0.056845903,0.13966012,0.020402908,0.19212627,0.47352982,0.0040824413
0.025553942,0.10652709,0.040049553,0.08544159,0.4929409,0.09582269
0.020545006,0.111833334,0.023719788,0.7490399,0.10555649,0.053522646
0.08176994,0.14744401,0.12050152,0.08528066,0.40555525,0.19709158
0.090525925,0.14629006,0.02111435,0.008828104,0.08884001,0.074635506
0.10252696,0.14032722,0.0070610046,0.22539115,0.084125996,0.43444487
0.097553015,0.1255858,0.0049037933,0.16420245,0.01141119,0.13900948
0.060343027,0.024066687,0.026442528,0.28795242,0.17405033,0.3918829
0.09258616,0.12206459,0.0031557083,0.61236286,0.14446664,0.49811614
0.030880272,0.07892358,0.005300522,0.21030617,0.13205886,0.12337875
0.005494535,0.009956837,0.02500534,0.2221713,0.000111699104,0.043889523
0.04184413,0.06838763,0.054183006,0.78258514,0.4046607,0.23470211
0.037718415,0.21434855,0.055416107,0.2229538,0.24683952,0.15507793
0.025001049,0.25862187,0.019957542,1.6696205,0.7590773,0.33278275
0.04482925,0.11876558,0.053351402,1.3964632,0.5238695,1.4086847
0.03930378,0.079605065,0.12943172,0.8060665,0.071027756,1.1956586
0.057391763,0.13476628,0.15146828,0.53482246,0.21611023,1.1342049
0.08849943,0.1316511,0.18478012,0.60944843,0.3484726,0.57881355
0.09393346,0.15590644,0.21843433,0.043572426,0.82406044,0.04908943
0.0052793026,0.25553888,0.1978178,0.65942764,0.06669831,0.079390526
0.04164815,0.11833608,0.20698643,0.45935822,0.081991196,0.11854315
0.12180996,0.0935781,0.13384056,0.69384575,0.26779842,0.46837997
0.13483262,0.10171437,0.04413128,0.2107315,0.04118061,0.7865734
0.12817097,0.079765916,0.015173912,0.0501709,0.27307963,0.48152637
0.112131,0.031001806,0.060248375,0.076021194,0.57981896,0.14460087
0.12357545,0.009215593,0.103476524,0.13085938,0.70279884,0.29039383
0.0063307285,0.02364719,0.04739952,1.6577492,1.1047142,0.7242737
0.09944296,0.0722208,0.097047806,0.9110737,0.48641896,0.815032
0.08996296,0.10123074,0.11598587,0.30301857,0.85611534,0.27902603
0.11086035,0.12113726,0.085967064,0.53847504,0.46524525,0.44079018
0.079972744,0.116811216,0.026511192,0.31817245,0.2890339,0.1994133
0.027345896,0.016671568,0.0591259,0.11501312,0.061180115,0.64263713
0.024660349,0.046885982,0.10963249,0.33349943,0.28139305,0.7263325
0.1555469,0.021585405,0.059412956,0.06377277,0.31183243,0.847265
0.18454218,0.024081945,0.027832031,1.2020216,1.6679122,0.15829182
0.21106505,0.03177774,0.00083351135,1.4825134,0.48559952,0.19542503
0.2550094,0.04688716,0.0016860962,0.2686844,0.0836122,0.49878693
0.13727129,0.07979965,0.14100552,0.5744419,0.5739269,0.11102009
0.0067698956,0.081521034,0.084257126,0.54673386,0.45773834,0.06257439
0.11858404,0.013221264,0.24954224,0.5272007,0.20027924,1.2899022
0.03671664,0.28471828,0.20433903,2.0583916,0.27649593,1.2820511
0.12933034,0.42142367,0.10471344,0.18615723,1.0338573,0.33674622
0.1776577,0.3902712,0.0833292,0.5904026,0.34897232,0.39264965
0.11507335,0.47933006,0.08372402,0.6158905,0.07322407,0.21218348
0.19402438,0.32046032,0.0026988983,0.17784119,0.6137371,0.32819176
0.11176616,0.24461699,0.031360626,0.10077286,0.5096531,0.48764992
0.073319554,0.13969707,0.11959267,0.32406235,0.33552933,0.093419075
0.077197015,0.10163736,0.14721203,0.2958107,0.53845596,0.16812706
0.09471524,0.1295681,0.19081783,0.03268051,0.7402706,0.07011604
0.02995336,0.24546576,0.14619446,0.29777527,0.38629723,0.60012186
0.0040340424,0.2003622,0.19290781,0.44880104,0.509171,0.10394645
0.14387846,0.29714203,0.1804657,0.64951897,0.28648996,0.6823578
0.18921733,0.27854443,0.16055012,0.1342392,0.708303,0.2506299
0.25140297,0.24412346,0.13785744,0.5939994,0.3094778,0.28967
0.26355278,0.20414877,0.131073,0.4865888,0.12514305,0.5671611
0.13788736,0.042628527,0.04492092,0.1522274,0.38944054,0.4261608
0.1474204,0.048213243,0.07587528,0.20518208,0.08032799,0.27254725
0.12640691,0.06922364,0.06525326,0.081009865,0.008191109,0.24322844
0.09948021,0.06659484,0.031175613,0.15075874,0.045226574,0.41157675
0.08941835,0.06253791,0.0080862045,0.13060951,0.35524762,0.3619671
0.07948768,0.06781006,0.024309158,0.29125118,0.5176518,0.40226603
0.026925772,0.024619102,0.07912159,0.42351532,0.67506623,0.28848743
0.010413513,0.042146325,0.07886505,0.05064392,0.38590968,0.35043716
0.0034065023,0.034517407,0.09668636,0.041229248,0.3493936,0.37361526
0.01483126,0.034864664,0.12286091,0.03162098,0.07179761,0.36475992
0.020236224,0.057301164,0.1346035,0.21332741,0.20644534,0.5118239
0.002623111,0.04638791,0.12495422,0.022835732,0.3151436,0.28375906
0.056021154,0.057165146,0.10172081,0.19762993,0.40550804,0.15859598
0.023138642,0.06946814,0.104055405,0.49249923,0.33002663,0.15670018
0.009931445,0.054815054,0.071284294,0.21023655,0.08523798,0.12256932
0.021284938,0.06062007,0.085206985,0.011117935,0.055862904,0.3520937
0.0032560825,0.055975318,0.06865978,0.16815662,0.15476203,0.16732645
0.017921329,0.040840507,0.055556297,0.24540925,0.092347145,0.30648232
0.049787283,0.08090842,0.006409645,0.50245905,0.008459091,0.7812176
0.019803286,0.08790374,0.043251038,0.24656391,0.10423994,0.22211254
0.039654255,0.06962538,0.0706625,0.3058505,0.11047411,0.09555054
0.043352485,0.07650089,0.04766178,0.39709124,0.0812068,0.54099846
0.04638028,0.115463495,0.06696415,0.10139227,0.14344215,0.602643
0.016825795,0.11287141,0.030531883,0.43965626,0.15534544,0.19651985
0.003337264,0.13987017,0.053420067,0.47864532,0.10335064,0.2222743
0.017707705,0.13747978,0.06805897,0.2169075,0.043582022,0.7469727
0.015371919,0.12980628,0.052371025,0.4506278,0.19650152,0.24735975
0.010471225,0.12928891,0.05282879,0.427603,0.13393962,0.4322102
0.012169123,0.13775158,0.06293678,0.3088603,0.08520156,0.39891553
0.021233201,0.13523936,0.051249504,0.35184383,0.09389734,0.34972048
0.038035274,0.13340378,0.0836544,0.10895157,0.06362629,0.34442472
0.002863586,0.10770011,0.049495697,0.6606586,0.26518756,0.21398851
0.041109145,0.1250143,0.0230484,0.15582907,0.077473834,0.20867848
0.015065491,0.10872483,0.048270226,0.055196762,0.17722535,0.4841126
0.016046911,0.10364556,0.07127094,0.11224668,0.0108036995,0.18292618
0.006999314,0.087896824,0.057513237,0.13557577,0.012687683,0.1719625
0.039104432,0.048561573,0.0841465,0.050481796,0.10234833,0.0738039
0.025271475,0.08148599,0.12804604,0.090257645,0.115889624,0.28813457
0.004722804,0.067956924,0.108525276,0.06900978,0.12875819,0.16963208
0.059430003,0.08572912,0.121601105,0.234406,0.01200819,0.37831545
0.06752142,0.10053277,0.15638542,0.10113692,0.13881731,0.5062928
0.04684475,0.07897544,0.11326218,0.057159424,0.0032052994,0.2782029
0.12698156,0.07871032,0.14217377,0.064144135,0.044182777,0.64964294
0.15930139,0.045760155,0.064819336,0.7488003,0.17989695,0.016981125
0.1739206,0.05916047,0.02872467,0.016571045,0.23737764,0.3917179
0.12511075,0.03924954,0.013313293,0.4182806,0.44655418,0.23093414
0.10139358,0.026207447,0.0012960434,0.33943295,0.38536024,1.0783882
0.08982378,0.020431995,0.02816391,0.18418026,0.08654308,0.6264343
0.11211389,0.013976932,0.025175095,0.35815907,0.18951797,0.35149384
0.15109158,0.008629918,0.09939861,0.6378664,0.13502121,0.81659317
0.12886977,0.0052917004,0.126997,0.7686534,0.4837103,0.17851257
0.13852942,0.016802907,0.1745758,0.060914993,0.40590668,0.6399307
0.1806019,0.017628014,0.2276659,0.13361454,0.24429798,0.18294525
0.20619702,0.03254801,0.2146244,0.0773024,0.1466496,0.03285694
0.2129482,0.028666615,0.20618343,0.39479423,0.10760051,0.088682175
0.20823395,0.008480459,0.19512844,0.3364617,0.050172806,0.7132702
0.20072508,0.07175755,0.20511627,0.3228793,0.0650053,0.7002239
0.1666621,0.10921638,0.18805695,0.1488514,0.099318266,0.66736794
0.13112974,0.1337361,0.16098022,0.039836645,0.1434133,0.07919693
0.14071453,0.15989256,0.16740894,0.14159036,0.27779,0.53780365
0.05303681,0.066337585,0.053783417,0.051612854,0.8248615,0.47661972
0.119262695,0.13030243,0.015048027,0.1656847,0.08121395,0.29122162
0.026735008,0.094778895,0.058621407,0.14946651,0.19752455,0.4754095
0.016569018,0.034206867,0.08182049,0.1718378,1.1123574,0.13544846
0.040916026,0.025235415,0.105716705,1.0206804,0.5580082,0.65810585
0.09585625,0.0052320957,0.111083984,0.6088009,0.0806191,0.18805695
0.20420265,0.04276955,0.1094408,0.14362526,0.08570194,0.30523348
0.16111688,0.08537114,0.086455345,0.30240536,0.68308306,0.13186479
0.18960454,0.13034272,0.050945282,0.5629873,0.37748194,0.3763045
0.22251295,0.16586745,0.018294334,0.51454735,0.46210027,0.3616913
0.23931845,0.17995644,0.007840157,0.22773814,0.43776175,0.15632248
0.25385115,0.19739735,0.036910057,0.26016843,0.29277587,0.16297245
0.3043576,0.16768014,0.054190636,0.36062264,0.156744,0.19933176
0.30400997,0.17466438,0.08959961,0.047629356,0.34254694,0.06609666
0.29229188,0.17188138,0.1220541,0.34162807,0.078547955,0.15753245
0.3089608,0.18388516,0.15810108,0.2748232,0.20974028,0.0073137283
0.3224511,0.20166326,0.16734791,0.23403788,0.39150035,0.03951168
0.3147571,0.1909517,0.16999817,0.18585372,0.37235737,0.11184454
0.3318627,0.10877651,0.21159458,0.25030994,0.22655964,0.10444641
0.30709243,0.116203964,0.22633743,0.4058876,0.22447348,0.16137648
0.32731783,0.1032244,0.26765442,0.44627857,0.1623702,0.109279156
0.3274449,0.10756382,0.29343605,0.42633057,0.12062454,0.13363838
0.33690298,0.1092207,0.3167734,0.53782177,0.15000987,0.021110713
0.33388948,0.10530369,0.3223276,0.5285101,0.06462622,0.24253285
0.2751174,0.07869312,0.27327442,0.34412193,0.84090614,0.92987394
0.3002912,0.013534993,0.25481796,0.27778435,0.78915787,0.51786804
0.1240589,0.018081635,0.237463,0.040960312,0.25751972,0.41622353
0.007380694,0.054002017,0.20277691,0.009346008,0.09528732,0.1992569
0.023109227,0.019777715,0.032263756,0.8375206,0.54839706,0.12831116
0.2563401,0.050403535,0.12337589,1.3051491,1.0532131,1.0764008
0.54210913,0.16492915,0.13401508,2.5805397,4.9506035,5.6768494
0.30316302,0.08799207,0.10423088,1.8533959,2.6480932,3.1281853
0.25712216,0.055137277,0.01345253,1.4025164,0.111858726,0.2262764
0.046446174,0.06723499,0.06468105,1.3967323,0.6626043,1.4318104
0.04806982,0.012027025,0.115986824,0.08235741,0.35275948,0.85201645
0.11704607,0.018074512,0.058433533,0.07758522,0.64475894,0.096069336
0.16455767,0.062086105,0.04157448,0.17064667,0.59540176,0.7694092
0.1680722,0.069063425,0.032512665,0.6302366,0.5187615,0.7478905
0.10271427,0.03150177,0.031332016,0.07205677,0.24159479,0.23742867
0.08825222,0.006089449,0.0012454987,0.32166862,0.20085788,0.64333534
0.052499354,0.00081562996,0.008876801,0.6481571,0.23367548,0.4379444
0.040473998,0.0028955936,0.011380196,0.35073948,0.27796078,0.3854618
0.021514416,0.0030126572,0.052062035,0.024546623,0.15620232,0.23295212
0.04233332,0.0100262165,0.0024280548,0.7101917,0.16131687,1.0941563
0.0022839308,0.038187027,0.029750824,0.23108876,0.27959967,0.19867897
0.0062284023,0.027452469,0.016848564,0.18088198,0.05256033,0.29032803
0.009213075,0.04144144,0.005630493,0.08259249,0.13338947,0.0046596527
0.010335207,0.055232763,0.023014069,0.13386595,0.14514542,0.12224865
0.06133312,0.0056078434,0.0689621,0.25556588,0.3458271,0.081652164
0.079143554,0.028797626,0.047528267,0.22722435,0.34607744,0.10228133
0.054308504,0.058542013,0.0365839,0.49245465,0.036253214,0.0012357235
0.051297903,0.050410032,0.011674881,0.38514304,0.16727483,0.2842331
0.04174292,0.05874443,0.0050172806,0.40959263,0.12300348,0.17427707
0.03489822,0.064038634,0.0067510605,0.42680168,0.17633048,0.17521177
0.08334637,0.04991424,0.026072502,0.13981819,0.15047908,0.12775528
0.056626916,0.061030507,0.04654789,0.425735,0.207304,0.02342403
0.06832421,0.049121976,0.08464241,0.04221821,0.17883635,0.08335686
0.07602465,0.057116628,0.0752573,0.07468891,0.23119164,0.049190998
0.11845434,0.049130917,0.091659546,0.12017059,0.17405939,0.13091278
0.11266005,0.092060804,0.048000336,0.112680435,0.1848383,0.5747223
0.15502572,0.16610646,0.04424572,0.07940483,0.2286272,1.0980968
0.13283587,0.13054276,0.0025615692,0.39809704,0.06776285,0.7533008
0.110908866,0.10917187,0.057188034,0.048262835,0.11105251,0.00545907
0.11002886,0.08772969,0.042326927,0.0214715,0.1324048,0.10795927
0.11200774,0.081343174,0.04519081,0.07310891,0.16139841,0.24667096
0.098107696,0.103579044,0.06282997,0.058917046,0.07531357,0.01637888
0.04485166,0.17267871,0.027355194,0.09807587,0.04485202,0.06399155
0.048771024,0.12868571,0.00582695,0.713254,0.37584186,0.21961403
0.019656777,0.13776922,0.037104607,0.3874855,0.26689434,0.012424767
0.0031837225,0.12773275,0.011431694,0.3222921,0.20173228,0.1515665
0.004790902,0.11986637,0.003938675,0.19081116,0.007816255,0.19761428
0.0076111555,0.13267422,0.02544117,0.16501975,0.04218626,0.002345562
0.05479014,0.1510787,0.028215408,0.11727142,0.053531885,0.16151643
0.059206307,0.12786198,0.011659622,0.39483738,0.15182114,0.05553198
0.06259966,0.12884426,0.011398315,0.0015332699,0.10987997,0.10220671
0.052376866,0.13074875,0.020305634,0.062492967,0.02284336,0.072505474
0.05084914,0.12988853,0.04166794,0.07531801,0.0007133484,0.14929894
0.05233431,0.12693477,0.05331421,0.12227088,0.05646324,0.019638538
0.055591643,0.096503735,0.05865097,0.19379413,0.13196659,0.12380767
0.041225314,0.1151824,0.037409782,0.10489392,0.022464752,0.11210489
0.046393096,0.11692691,0.022746086,0.1956861,0.14788103,0.15220106
0.039140463,0.12859225,0.05410099,0.39385414,0.039691567,0.11406064
0.038339794,0.1216228,0.052161217,0.100946635,0.035355747,0.046401024
0.04272312,0.12797022,0.041430473,0.25200963,0.021004558,0.24687612
0.020828962,0.10746336,0.042258263,0.28115034,0.09321737,0.05626677
0.011767864,0.12242389,0.052075386,0.37421522,0.0004223585,0.1553545
0.018217862,0.111736774,0.04353428,0.24634993,0.020406783,0.12887454
0.01751995,0.10418105,0.03289318,0.1761378,0.03970623,0.04047823
0.01449728,0.10541296,0.018222809,0.28784704,0.012425542,0.037927628
0.009627223,0.09717679,0.0021572113,0.23781073,0.030124426,0.1360445
0.012133718,0.08749986,0.024676323,0.07487917,0.056531668,0.13328743
0.0067008734,0.09418273,0.0348444,0.27498674,0.009512536,0.08071327
0.017905831,0.096336365,0.028057098,0.2062316,0.05291605,0.04221344
0.0154236555,0.08963537,0.037371635,0.088273615,0.1227479,0.026964486
0.01894784,0.088038206,0.06501007,0.14635241,0.09970105,0.13242078
0.014320374,0.096728325,0.077830315,0.19400334,0.0898211,0.22144464
0.042568684,0.11381841,0.082671165,0.010138512,0.083667755,0.21698058
0.033843637,0.09631038,0.07527542,0.04755339,0.10365152,0.06710744
0.031726956,0.10167956,0.07819748,0.11660719,0.008957624,0.2057997
0.028916955,0.111371756,0.080046654,0.09498489,0.069621325,0.19382167
0.032917738,0.11586857,0.061379433,0.024841428,0.112962246,0.1335235
0.020200372,0.10883927,0.06897831,0.049192905,0.11119306,0.06327966
0.023635983,0.109036684,0.06414318,0.35129547,0.20935535,0.07604158
0.04560852,0.07370019,0.08582306,0.0026817322,0.10527563,0.036014676
0.071659565,0.06488371,0.09179211,0.43886185,0.25499916,0.113569856
0.096554875,0.053828,0.10462284,0.24785995,0.24263859,0.12209129
0.02997768,0.060278654,0.11364555,0.24042892,0.47714138,0.23619938
0.0589267,0.007884145,0.094436646,0.99121475,0.88570976,0.4982605
0.17299843,0.195768,0.009905815,1.6037617,1.7186432,0.812706
0.2816782,0.24370241,0.03942585,0.001537323,0.06290388,1.0421448
0.1595403,0.030164361,0.036257744,0.45515823,0.69824505,0.91602707
0.091557145,0.20062357,0.06298351,0.44840622,1.0037045,1.2535553
0.23556411,0.36447364,0.001830101,1.0159397,0.029185295,0.8260498
0.1636833,0.12777343,0.2519741,1.6087704,0.7083416,2.9996796
0.34473515,0.060383294,0.3678522,0.93058586,0.81941795,0.7612839
0.28501773,0.057157636,0.08953762,0.018788815,1.0473251,0.36631584
0.23110771,0.0626702,0.058799744,0.35323802,0.58024883,1.1253257
0.25922084,0.25050855,0.016714096,0.831805,0.30579853,1.2874827
0.3631513,0.23888189,0.056077003,0.3157406,0.3881855,0.8857269
0.148808,0.23815012,0.045780182,0.11442566,1.1928668,0.2079773
0.31901872,0.39337462,0.052129745,0.39073658,0.5710144,4.157791
0.22425532,0.11739516,0.023630142,3.2637122,1.4670753,6.3790817
0.256329,0.022146642,0.07908249,0.4043255,0.027881622,0.83948135
0.046123743,0.12066412,0.0747242,1.3905945,0.894109,0.35085666
0.12802884,0.22309482,0.1364193,1.2921772,0.40327358,0.4335327
0.27453175,0.4811471,0.12346077,0.30935097,0.66300774,2.8100433
0.23012754,0.17268266,0.048874855,0.07219505,2.9940944,1.3299713
0.3111845,0.25309935,0.036021233,1.7365785,3.167797,5.859112
0.06376332,0.17247687,0.03525734,0.2336632,1.6534815,4.188839
0.19979459,0.1329722,0.12770653,0.14199829,2.4864419,4.0924683
0.18823028,0.061614454,0.155056,0.68465614,0.9930062,3.0519333
0.14894617,0.07795113,0.02737236,0.7136948,0.28425288,0.64476776
0.13883448,0.0142967105,0.030855179,0.5200745,0.5118265,1.0190964
0.013786256,0.122315764,0.013448715,0.45999575,0.2994523,4.589432
0.011705101,0.0155797005,0.029496193,0.062580585,0.5055747,1.0439434
0.033487022,0.07076216,0.022563934,0.33897698,0.6633705,1.2255955
0.024730086,0.06326926,0.06339264,0.0049919896,0.56556,0.1758709
0.0041195154,0.034169912,0.07580376,6.1273575e-05,0.38402617,0.614213
0.020975232,0.028018475,0.06325436,0.43866253,0.3132887,0.026202202
0.019462109,0.025475144,0.034453392,0.115982056,0.4284029,1.1773231
0.03249234,0.03494525,0.073859215,0.79880714,0.13570404,0.6440773
0.012660742,0.11199641,0.0058813095,0.34682465,0.043699265,0.26615524
0.032126725,0.09705019,0.15164185,0.8570969,1.0774536,0.17213726
0.03291291,0.03603649,0.21407127,0.5163107,0.5316863,0.4942844
0.045889556,0.09266186,0.14186478,0.1369896,0.21677208,0.45270538
0.044874907,0.0242939,0.124302864,0.4775877,0.078825235,1.1627674
0.07674089,0.013073444,0.15016842,0.09344578,0.48766756,0.48809898
0.053662613,0.0010581017,0.15459824,0.0725956,0.17296124,0.21751904
0.033382397,0.006908655,0.1618824,0.20699978,0.045287848,0.0051808357
0.06307223,0.014425993,0.14220238,0.04194641,0.056159973,0.10526419
0.095257595,0.043502092,0.073592186,0.23268509,0.058618546,0.3817997
0.01896353,0.14490104,0.054712296,0.1187973,0.59140396,0.40588236
0.057620198,0.0050981045,0.060595512,0.22837734,0.6848116,0.010670185
0.041498095,0.1137321,0.038445473,0.5174246,0.55280447,0.063248634
0.209084,0.22093678,0.012001991,0.18037128,0.66115665,0.73511124
0.17004815,0.2819333,0.039312363,0.24400854,0.14855886,0.6405144
0.026645824,0.031680346,0.0628767,0.5892639,0.6366005,0.30350876
0.035681963,0.13785267,0.039915085,1.0392361,2.0095253,0.024722636
0.14135857,0.012577057,0.03126812,0.960042,0.8299675,1.9091171
0.11119139,0.024136543,0.05782795,0.68238115,0.009350777,0.1509676
0.08414455,0.034484148,0.09208202,0.18524826,0.47876167,0.053978443
0.055037487,0.04232192,0.09484577,0.120205164,0.70342636,0.0014272928
0.0016815364,0.04273987,0.0054426193,0.33025074,0.63859177,0.17171311
0.02907613,0.02335465,0.083351135,0.02742815,0.029406667,0.14444983
0.04144305,0.033861995,0.0916872,0.08853245,0.29064837,0.049909115
0.047902524,0.043349385,0.09098148,0.054599762,0.12215555,0.08359754
0.04426217,0.04998231,0.07731724,0.030513763,0.27498984,0.017544389
0.028202057,0.04161513,0.058633804,0.08595562,0.2871666,0.16212213
0.049025774,0.01285696,0.011353493,0.18666267,0.11038399,0.19378805
0.0006246567,0.0166623,0.019078255,0.18812656,0.24700022,0.2569387
0.02626872,0.0015221238,0.0060606003,0.08918476,0.11324024,0.34018797
0.02647841,0.006751299,0.010253906,0.04378891,0.26205254,0.1700877
0.025955796,0.013810158,0.025594711,0.012836456,0.35499763,0.19037592
0.029232025,0.02720964,0.035154343,0.010451794,0.34363365,0.1827896
0.059356213,0.032405317,0.04888153,0.18266773,0.5035591,0.10205364
0.026943445,0.029488862,0.027978897,0.23643923,0.12071514,0.35055506
0.039667606,0.04802811,0.037916183,0.10769558,0.30424023,0.00071525574
0.03413129,0.05092442,0.042429924,0.0635612,0.027794838,0.23155585
0.029512882,0.052131653,0.04157448,0.1145221,0.027513504,0.004472494
0.027110815,0.046322227,0.044633865,0.11021465,0.057995796,0.023022413
0.009231806,0.0036010742,0.045157433,0.15000594,0.038802147,0.03448847
0.004302144,0.0031266212,0.04340172,0.13191581,0.1845572,0.035845637
0.0058699846,0.004794836,0.045373917,0.19640946,0.027145147,0.1061053
0.0064350367,0.0145692825,0.04342079,0.13639283,0.061222613,0.023831427
0.007140279,0.013148785,0.04084778,0.13917112,0.045176268,0.018183947
0.0049198866,0.014198065,0.038451195,0.05915308,0.05706644,0.106716394
0.022735119,0.04711795,0.049545288,0.116939545,0.11800575,0.03506565
0.0019156933,0.03137064,0.056634903,0.35966444,0.102092505,0.003458023
0.004850745,0.043976665,0.04848671,0.09228468,0.13494635,0.07518208
0.012820721,0.050205946,0.05150795,0.029488564,0.020763636,0.21827704
0.016136646,0.04748249,0.046728134,0.027745724,0.06189227,0.19149113
0.011866093,0.04261732,0.042406082,0.062479973,0.065820456,0.07766986
0.0094515085,0.038446903,0.036927223,0.13463402,0.15692997,0.13253069
0.021957874,0.035525322,0.040041924,0.10591078,0.040299892,0.07653308
0.016886353,0.041029215,0.03608322,0.12510574,0.1190393,0.027167499
0.024025798,0.04245317,0.039830208,0.04211867,0.015006423,0.0984405
0.024698973,0.043350577,0.038025856,0.072919905,0.041562557,0.12807655
0.025694847,0.040295005,0.033198357,0.053769395,0.045901537,0.09119092
0.030477762,0.025370002,0.032776833,0.022677898,0.056611836,0.058546707
0.028786898,0.030559778,0.032614708,0.05513656,0.013593525,0.067747734
0.028571129,0.02862978,0.033748627,0.046500206,0.041697085,0.08506847
0.026857018,0.026305556,0.03203106,0.043232083,0.02551186,0.07328436
0.02333939,0.026379585,0.03369522,0.049849033,0.026874661,0.03338322
0.023051023,0.025736928,0.03552246,0.024802327,0.010008812,0.021915555
0.029986382,0.010846853,0.029593468,0.015455484,0.005782604,0.108614326
0.021872878,0.015192628,0.026882172,0.12306905,0.071813405,0.045253515
0.02643919,0.016767979,0.026706696,0.009604573,0.019166708,0.06710124
0.024924397,0.019136786,0.023879051,0.02055955,0.02137822,0.057159603
0.02330017,0.017715216,0.02237606,0.019654512,0.014737308,0.036038816
0.022571087,0.014225125,0.023171425,0.021867633,0.01300478,0.01352632
0.026589274,0.008234143,0.023938179,0.0036799908,0.0042740107,0.0050091743
0.023439169,0.011054158,0.019750595,0.053974748,0.05609697,0.028248549
0.027112246,0.011300206,0.023254395,0.019053578,0.008993506,0.021323085
0.026181936,0.012987137,0.019825935,0.03225576,0.023967743,0.008569419
0.025250554,0.012876034,0.016039848,0.01644097,0.01407671,0.027351737
0.02403462,0.010907412,0.014390945,0.01893,0.01896751,0.008359075
0.022927642,0.0072199106,0.013203621,0.026008219,0.019598246,0.0063911676
0.020215154,0.008864641,0.011782646,0.0075320005,0.060899407,0.034584165
0.01995325,0.0077489614,0.010651588,0.123179436,0.007688417,0.091444254
0.011059523,0.008712888,0.000620842,0.101914406,0.02720061,0.0734703
0.017382383,0.0034253597,0.0014438629,0.1272735,0.014118674,0.006240368
0.02281034,0.008137226,0.00012207031,0.06733684,0.0061406004,0.02344811
0.012099862,0.01597929,0.00422287,0.053789508,0.05236739,0.08449939
0.009800434,0.019142509,0.0070152283,0.036477614,0.0933163,0.00017547607
0.00964272,0.025106668,0.009097099,0.046999454,0.10400269,0.19031596
0.013880014,0.02477622,0.011104584,0.04745551,0.07648219,0.07977736
0.016802311,0.02572298,0.010042191,0.04364698,0.09365629,0.016984284
0.015534759,0.028590083,0.011528969,0.060555797,0.09301886,0.10652718
0.012815714,0.03199923,0.018725395,0.052382126,0.0749518,0.062475085
0.01303494,0.03285992,0.016543388,0.0144177675,0.10513461,0.07733154
0.010340333,0.03408897,0.020992279,0.07984477,0.087837234,0.19226713
0.015322447,0.029937983,0.016275406,0.07117328,0.042848766,0.03026247
0.017757058,0.029433966,0.02174282,0.052361608,0.081082344,0.023388982
0.013298154,0.03169322,0.031039238,0.0022313595,0.066951394,0.106594086
0.003381133,0.015122652,0.030295372,0.39398575,0.27567196,0.23835135
0.035338163,0.02090025,0.0670557,0.44109058,0.06385708,0.12949133
0.017411947,0.025936365,0.053874016,0.15822315,0.035221815,0.06663799
0.04222226,0.09372294,0.044478416,0.09438324,0.13824749,0.077218056
0.032691002,0.087888,0.01758194,0.27461624,0.11025953,0.056228638
0.09152496,0.12865746,0.07816887,0.22745895,0.32358217,0.10903931
0.0008940697,0.35125518,0.020317078,7.822777,2.6997375,37.91034
0.3261999,0.30750883,0.23740292,7.2323093,2.2587452,14.556671
0.1025601,0.23801136,0.35051632,2.6227012,0.21477985,1.5000648
0.10352743,0.008031607,0.24882603,0.7316165,0.5795207,0.09605408
0.18288743,0.08167195,0.1118412,0.3717494,0.4307909,0.87390757
0.097880006,0.0013147593,0.018230438,1.5185955,0.23033094,0.7445941
0.040478826,0.21867394,0.024100304,0.8002968,0.8859079,0.21016502
0.13716766,0.21937835,0.07818508,0.051944733,0.7635832,0.1270647
0.15773633,0.22168678,0.11071682,0.31423473,0.44726992,0.031446457
0.11914119,0.16463351,0.116586685,0.1393354,0.054864407,0.5364313
0.066621006,0.108442485,0.12052345,0.2579503,0.19904083,0.96325684
0.02076745,0.07696879,0.10156536,0.3846469,0.011343956,1.0302722
0.03293237,0.014699221,0.1667738,0.041535378,0.6051302,0.74890566
0.014861375,0.0076190233,0.122899055,0.10923433,0.020645142,0.19409317
0.04954204,0.043522716,0.087646484,0.19430065,0.08239126,0.9544573
0.05365762,0.05640334,0.094389915,0.42820263,0.7799883,0.65098906
0.021739423,0.02855438,0.11540508,0.11627412,0.8702264,0.03629589
0.016855568,0.019494057,0.0949049,0.11538923,0.9504564,1.1498201
0.007809937,0.07327837,0.046180725,0.8644786,1.1026831,1.8365278
0.041692972,0.023462176,0.09780407,1.3987203,0.21713662,0.88918114
0.055096954,0.060819805,0.11692333,0.8718724,0.5935817,0.072276115
0.051543742,0.13067436,0.10968876,0.021281242,0.88684773,0.71198654
0.046554253,0.15852612,0.14587593,0.23398018,0.26643425,0.49309063
0.032340456,0.24253011,0.14872742,0.20079136,0.21264267,0.5612869
0.10311012,0.42352515,0.021137238,0.9023819,1.6513414,6.3913116
0.04168661,0.22410917,0.049108505,0.1699071,0.36959362,0.9684601
0.20587333,0.04186541,0.18719578,1.2121615,0.63752365,1.319233
0.11696459,0.06335127,0.08842564,0.96142054,0.046983242,2.5558891
0.011313662,0.16430879,0.03577137,0.4155426,0.15099931,1.2416
0.22297345,0.1897664,0.0049180984,0.97532845,0.15724468,2.4839249
0.1430395,0.04009056,0.11506748,2.0988312,2.606142,13.40033
0.25954017,0.17966425,0.1528883,1.4894793,2.0098305,6.258209
0.2918257,0.06156242,0.05513954,2.825601,2.897201,0.3430481
0.06120783,0.16339731,0.27799892,3.0134134,1.4832916,3.3254013
0.015693069,0.3469622,0.0844574,0.30298758,0.33987045,2.47686
0.053431273,0.4349041,0.05086136,1.6980207,0.08383751,1.2861443
0.2577324,0.21539116,0.18465805,0.7250166,0.08008003,0.44584942
0.06119752,0.0041235685,0.12975979,0.23363686,0.64963067,0.15719604
0.16805911,0.071293235,0.052202225,0.63730526,0.13004065,1.1837387
0.2186985,0.2208755,0.08976936,0.055750847,1.342095,1.1873474
0.1948669,0.23364544,0.027589798,0.25180793,0.74957705,1.3523102
0.1136415,0.07435942,0.0047807693,0.60369873,1.3415616,0.94657516
0.0188241,0.08671868,0.03469467,0.29567337,0.05514145,0.18373871
0.036237717,0.16248572,0.10057831,0.12619936,0.3902073,0.95118904
0.1552968,0.024214625,0.01112175,0.13803911,0.4008441,0.9637079
0.2141149,0.05210626,0.059103966,0.40182972,0.08141971,0.5514853
0.15490198,0.042111874,0.042717934,0.21072912,0.19314694,0.32227734
0.12642503,0.017659664,0.034721375,0.28597927,0.47656536,0.29097342
0.12464225,0.03635907,0.047127724,0.021250725,0.11683464,0.5053129
0.1842984,0.017142057,0.028869629,0.5252776,0.442986,0.7379017
0.123904824,0.0054810047,0.001707077,0.017914295,0.042824745,0.004378319
0.10937929,0.011682272,0.0041894913,0.14307117,0.045284033,0.33605504
0.086876154,0.0038735867,0.010579109,0.034038544,0.00836134,0.16392803
0.07570267,0.009031773,0.010448456,0.053886414,0.025326729,0.28888273
0.062450647,0.03848982,0.037260056,0.35061455,0.13238335,0.12881374
0.06973612,0.016042471,0.00020503998,0.01958847,0.39628053,0.049580097
0.016048312,0.062101364,0.004831314,0.44623184,0.2174002,0.23786736
0.015304565,0.09884119,0.007528305,0.2935915,0.114014745,0.39305687
0.0033872128,0.119323015,0.028673172,0.26563454,0.054427624,0.09860897
0.0033397675,0.14670873,0.05917263,2.2888184e-05,0.060785294,0.12564397
0.039707303,0.10036564,0.061034203,0.15539932,0.33340645,0.021438599
0.032019973,0.10010576,0.040130615,0.20551848,0.42315292,0.12669206
0.012306094,0.0749743,0.025216103,0.2010839,0.5095272,0.02105999
0.028472304,0.06442428,0.0045604706,0.0021061897,0.5271311,0.19338846
0.039661527,0.030985713,0.037480354,0.13066578,0.29191732,0.31469774
0.018906355,0.025307655,0.04130268,0.032444,0.20466042,0.024047852
0.0021717548,0.12915099,0.041793823,0.0020542145,0.18271255,0.29691792
0.032246947,0.07940304,0.006303787,0.29620916,0.43566084,0.27718735
0.010694504,0.016313493,0.009354591,0.6426523,0.09936237,0.3533888
0.011013627,0.0010860562,0.0486269,0.5228534,0.4444356,0.61516285
0.01252836,0.053487957,0.14514351,0.8628254,0.5316162,0.12201977
0.0020551682,0.15218824,0.20030499,0.48499012,0.03516388,0.15359497
0.014930069,0.11616355,0.2538643,0.77832794,0.16960046,0.9199009
0.03231865,0.22391486,0.20237732,0.64507437,0.231466,0.51713467
0.021082044,0.15857637,0.20690346,0.28276825,0.17641705,0.49232817
0.0039616823,0.10248542,0.16674805,0.27524018,0.26720572,0.34252882
0.005846858,0.036814272,0.14271641,0.53627205,0.15275705,0.4072895
0.018139303,0.020430684,0.13116741,0.2578802,0.62897635,0.4654708
0.027567536,0.111789465,0.114320755,0.2392044,0.23735023,0.1352396
0.029299855,0.13457096,0.098965645,0.43373108,0.10031581,0.02021885
0.022016615,0.16042125,0.08236694,0.20326614,0.35701966,0.034974575
0.061772674,0.16477585,0.074370384,0.28428173,0.3388859,0.030031681
0.0679397,0.1885891,0.07211304,0.46455622,0.22570705,0.33599377
0.057084024,0.20210463,0.06776619,0.11357689,0.25000507,0.23562622
0.055338696,0.16401201,0.026542664,0.03981924,0.21249366,0.035619736
0.067325935,0.17430973,0.023748398,0.34244895,0.20802593,0.03850794
0.06835942,0.19288522,0.040302277,0.5130515,0.13288212,0.31274366
0.058194675,0.18257529,0.049729347,0.2986393,0.10414934,0.0644488
0.04131628,0.17552215,0.0357275,0.14831114,0.10136706,0.020454168
0.02443792,0.16867337,0.005727768,0.089549035,0.028920054,0.024968147
0.0027916878,0.12575462,0.0070171356,0.40102512,0.04856491,0.020031929
0.010224447,0.115683615,0.020950317,0.39213526,0.19656801,0.61728144
0.037896767,0.09651118,0.070674896,0.20842266,0.03859806,0.039539546
0.037161663,0.09929452,0.09736538,0.16944504,0.08756924,0.243078
0.02112633,0.08768727,0.0993948,0.221282,0.1118927,0.037708282
0.030437559,0.07787153,0.086538315,0.022773266,0.054100513,0.19613934
0.032609433,0.033169806,0.07353592,0.03253174,0.031941414,0.14505625
0.042884797,0.03744334,0.0827589,0.15890598,0.2498689,0.49613357
0.0538885,0.035968184,0.12437248,0.059900284,0.15315151,0.11913204
0.061009407,0.036022663,0.12589455,0.16614437,0.02085656,0.3708972
0.07374841,0.038294554,0.08219147,0.14280224,0.10031366,0.25853825
0.06466788,0.032168746,0.052129745,0.026497126,0.10310125,0.18340492
0.027879,0.027175844,0.03850746,0.09016967,0.091747284,0.18772697
0.022571802,0.032897413,0.07674408,0.09302235,0.1949867,0.014949024
0.028222203,0.036771655,0.07122803,0.15269709,0.15378444,0.10340738
0.032288313,0.038084865,0.06659889,0.22072124,0.09152281,0.011969566
0.014205337,0.040085495,0.053583145,0.12410021,0.32926583,0.1265409
0.0067670345,0.03604132,0.04187107,0.071954265,0.20212698,0.018049002
0.026386023,0.057781637,0.0026741028,0.25542343,0.17051554,0.017793655
0.032028437,0.060514927,0.0059518814,0.17586383,0.25547576,0.47258806
0.049400687,0.05257684,0.023026466,0.06859541,0.30778217,0.14760661
0.046103835,0.043925464,0.025444984,0.33322996,0.045565367,0.21587896
0.05273235,0.050883293,0.048768044,0.1559734,0.02812922,0.18318367
0.04565251,0.032888234,0.0725584,0.3541646,0.025561035,0.08282328
0.077133894,0.02920878,0.11009693,0.40064335,0.16855574,0.08478737
0.059177637,0.03951761,0.13466549,0.19764185,0.22246552,0.3794489
0.056942225,0.041225046,0.1806202,0.48618937,0.28037643,0.013306618
0.09457946,0.024333745,0.20249939,0.40596747,0.41163254,0.30160618
0.10656214,0.032184616,0.19066048,0.55068064,0.5065422,0.34754753
0.11309123,0.043735005,0.088858604,0.42650533,0.36699915,0.26720047
0.16551065,0.0881981,0.041238785,0.2912431,0.0020341873,0.34747505
0.110464334,0.06588523,0.008841515,0.47186565,0.5171952,0.3145256
0.09282613,0.039422065,0.023184776,0.030703068,0.11732197,0.3855381
0.08081293,0.022107571,0.06797218,0.050435066,0.38230324,0.20917034
0.0763433,0.03081882,0.09843159,0.085365295,0.3375225,0.4287691
0.08898258,0.04128486,0.10784626,0.11466408,0.30295372,0.22314072
0.19310856,0.14804143,0.1742611,0.16731071,0.14995766,0.1075058
0.11661339,0.12551194,0.1621666,0.1792593,0.49476528,0.8690033
0.16354442,0.10861355,0.18857098,0.18366718,0.16078949,0.15649986
0.18444419,0.10204494,0.2073307,0.21652794,0.068469286,0.23667073
0.18743253,0.10504198,0.21045971,0.050833702,0.0710603,0.1632781
0.1964593,0.12020934,0.22579384,0.052244663,0.028918862,0.03601265
0.1970818,0.16915703,0.2290268,0.06941223,0.14938259,0.22240233
0.13899398,0.14341998,0.21838474,0.07001591,0.1691382,0.079080105
0.16273355,0.13047862,0.231596,0.078091145,0.103705406,0.01160121
0.17290306,0.14668882,0.2253437,0.04114151,0.020885468,0.1162467
0.15126324,0.14735448,0.20909882,0.21090698,0.22302437,0.074426174
0.14032435,0.13680476,0.18858814,0.1598835,0.14709926,0.0052502155
0.06743622,0.053655207,0.12139797,0.06966972,0.20743781,0.46063328
0.03981042,0.044606507,0.100728035,0.0077337027,0.35515642,0.1596353
0.095461845,0.042026043,0.094947815,0.26262245,0.04957676,0.042285442
0.07749939,0.030925155,0.06808853,0.14171863,0.20883653,0.100324154
0.058408737,0.02682203,0.04262352,0.12064791,0.2573194,0.20228672
0.05534649,0.010879248,0.01346302,0.054077625,0.15250683,0.32783413
0.0030705929,0.07825544,0.052646637,0.026026905,0.15009299,0.23831415
0.0002901554,0.07457833,0.095588684,0.016442776,0.02243805,0.3456626
0.008906603,0.072426766,0.104361534,0.06802562,0.038472623,0.29000854
0.0071804523,0.076354384,0.11867046,0.05944121,0.22974777,0.21148753
0.005053282,0.08127397,0.124298096,0.17437854,0.2847612,0.06598705
0.02145648,0.0748266,0.13216972,0.039027452,0.15017366,0.07109183
0.031979322,0.14074188,0.11358929,0.029529095,0.2359314,0.10880041
0.008896351,0.09152424,0.11686611,0.07079744,0.48361298,0.48988295
0.0010089874,0.09229338,0.12475109,0.25536537,0.20031619,0.17172241
0.0124845505,0.09428465,0.13848019,0.23175716,0.25978994,0.23083496
0.009141922,0.0980854,0.15654945,0.13314152,0.1967814,0.09556198
0.010290861,0.10426462,0.17614555,0.13482237,0.119252205,0.1150707
0.03462696,0.15162158,0.19701195,0.09054947,0.04514408,0.11525965
0.036340475,0.13969672,0.22659397,0.222579,0.13685596,0.012388706
0.04506445,0.1368705,0.23840427,0.013419628,0.21220678,0.049158573
0.042382002,0.1343379,0.24475479,0.039739132,0.24674988,0.050129533
0.041452527,0.12286639,0.23546314,0.022345543,0.25591898,0.1958456
0.04490614,0.11668086,0.23787212,0.08792007,0.28990215,0.36146677
0.06634498,0.120845795,0.25545406,0.17073429,0.20025373,0.18953371
0.059741497,0.10918641,0.25906372,0.017426848,0.007835507,0.12088287
0.057995558,0.10557032,0.27579117,0.044932365,0.124244265,0.12948775
0.05729258,0.107804775,0.28442097,0.01776433,0.09959668,0.3110535
0.05219996,0.11011338,0.29636002,0.037182838,0.038707852,0.37262273
0.05579424,0.09594631,0.28746033,0.043188155,0.059272528,0.06893182
0.07347846,0.08686781,0.28460407,0.06867528,0.03497517,0.31302333
0.06378937,0.0840683,0.27563,0.113702774,0.03503084,0.13544011
0.09054327,0.09024286,0.2795267,0.03821647,0.16643572,0.21339524
0.09275746,0.079537034,0.26661873,0.052465662,0.15205479,0.117693424
0.10790253,0.074293494,0.26383305,0.00085663795,0.13214469,0.07560778
0.1041435,0.078362465,0.261652,0.22385979,0.12911987,0.18009114
0.122783065,0.07706177,0.3065033,0.15155506,0.20851374,0.11512661
0.10245687,0.019479632,0.30195427,0.49869156,0.24665642,0.24210215
0.1101163,0.052568078,0.278368,0.48311424,1.4847851,0.118125916
0.13399088,0.14138985,0.2346363,0.18416005,1.4448242,0.09553242
0.091249466,0.18737793,0.19253063,0.10161495,0.65610695,0.32494354
0.035334855,0.21263099,0.21283436,0.40364742,0.12500477,0.17243958
0.10644348,0.15415561,0.32523918,0.14426804,0.7822585,1.294075
0.04426366,0.111317396,0.23821926,0.17721939,0.91975784,0.561327
0.081846654,0.118632674,0.134161,0.13124132,0.7095604,1.0761175
0.109336436,0.07458758,0.08501911,0.2734518,0.20168114,0.26034737
0.09971279,0.04781425,0.040917397,0.45611763,0.6093712,0.03505993
0.09648585,0.032333493,0.027570724,0.17712212,0.496521,0.011753082
0.047546387,0.03095889,0.01709652,0.065203846,0.21836853,0.2939663
0.07954395,0.008813024,0.029372215,0.30766582,0.45953846,0.9183235
0.025233388,0.022505999,0.04303646,0.15905857,0.07308674,0.34158468
0.0009263754,0.019103289,0.08351803,0.1834074,0.36559963,0.25444174
0.026286721,0.015861511,0.120158195,0.36160183,0.6210909,0.35071063
0.049349546,0.0037964582,0.15516949,0.38727093,0.42965508,0.08424544
0.03935635,0.037425518,0.16920471,0.65594864,0.65243244,0.1764555
0.0043610334,0.015473843,0.13197994,0.19623327,0.25760174,0.02131176
0.027006626,0.050094247,0.13625622,0.24256563,0.3860979,0.091816425
0.017099738,0.05399728,0.13752651,0.15099621,0.13017511,0.21052265
0.0016435981,0.0648545,0.14512825,0.24090685,0.12610579,0.23774362
0.0010598302,0.071058035,0.1304264,0.10575986,0.08712268,0.021074057
0.0620569,0.05260575,0.0796814,0.15553093,0.3396616,0.02253437
0.025714934,0.023998737,0.09317875,0.48473457,0.5428364,0.32770395
0.00030988455,0.0346967,0.13473797,0.17317009,0.02766323,0.10951877
0.013437644,0.040289402,0.15708637,0.1474278,0.13756895,0.115575075
0.0009725038,0.029257536,0.124708176,0.21742845,0.15954828,0.09782028
0.0062120035,0.018787146,0.10494518,0.23484063,0.05856669,0.16727829
0.01830557,0.011456966,0.08847618,0.112436056,0.09609401,0.02125454
0.016787112,0.006394744,0.06779194,0.3883338,0.18185425,0.28259873
0.005297303,0.031404734,0.09215069,0.19760132,0.24965811,0.088745594
0.0017021298,0.043094516,0.12133312,0.020203114,0.0959568,0.17152095
0.024886608,0.0276618,0.09371567,0.016034126,0.08478451,0.12090993
0.023406982,0.01956749,0.08324051,0.029387474,0.015964985,0.0055201054
0.037032187,0.009631634,0.044306755,0.119207144,0.039741516,0.042352676
0.034603953,0.025026321,0.04663849,0.30130148,0.3300947,0.076458454
0.03467083,0.02283895,0.08515167,0.23968732,0.20236778,0.18212366
0.022286832,0.0073759556,0.071554184,0.24472076,0.29223156,0.4560747
0.0114043355,0.01914668,0.06721783,0.1614244,0.2882948,0.14918888
0.015682995,0.024687529,0.06408501,0.06756735,0.2874558,0.1600169
0.06336069,0.020863295,0.047815323,0.20866227,0.0681119,0.21346474
0.05747342,0.013680577,0.07658577,0.0752306,0.25357437,0.3755226
0.04665029,0.007044792,0.06204605,0.39961737,0.2821169,0.009217262
0.06383765,0.010190606,0.049907684,0.0940956,0.102335036,0.15355015
0.03583467,0.0048366785,0.061899185,0.1808728,0.41164207,0.11199188
0.050236583,0.003662467,0.017447472,0.21649504,0.22481012,0.18065774
0.0622288,0.008539915,0.05445099,0.19602942,0.3238926,0.03526908
0.08661616,0.0066252947,0.05464554,0.108662605,0.075148106,0.012956619
0.06566942,0.008851171,0.036471367,0.24627042,0.13975763,0.2626753
0.085834146,0.008374214,0.07324028,0.009773016,0.20933127,0.104696274
0.078688025,0.0040870905,0.05138588,0.056652546,0.29071414,0.22625542
0.0582,0.0066030025,0.0890007,0.20955122,0.17903756,0.1954484
0.09052467,0.005806446,0.08553982,0.1099205,0.3299532,0.42542696
0.09125435,0.02261269,0.07531166,0.33653593,0.18846965,0.14396882
0.11077702,0.015559912,0.11079216,0.08145583,0.24354345,0.054534435
0.12491548,0.030438423,0.08633137,0.001404047,0.14378834,0.040678978
0.11060667,0.013110638,0.11852646,0.04068494,0.21680164,0.23623061
0.10801935,0.006902218,0.14457512,0.08115369,0.16831017,0.34935355
0.09331322,0.04970312,0.0970974,0.24574852,0.24229693,0.023900986
0.09046817,0.019968987,0.12482262,0.08725715,0.0738852,0.41300893
0.12961912,0.02264142,0.1430912,0.19862461,0.062651634,0.01924324
0.12832403,0.033527374,0.16657162,0.03439808,0.17913866,0.028027058
0.13114095,0.03369665,0.1278696,0.13225055,0.019257545,0.21763253
0.10366404,0.031558752,0.14183426,0.07430458,0.055433273,0.2984094
0.08593321,0.074165106,0.08067131,0.25521755,0.07204628,0.33339596
0.085224986,0.085608006,0.08946133,0.30835772,0.057460308,0.34517097
0.12056458,0.0764637,0.13072777,0.2687719,0.07970977,0.077194214
0.08921075,0.08898997,0.11877251,0.013213187,0.091135025,0.065223575
0.08140683,0.08347654,0.11779213,0.038171053,0.16545057,0.23883641
0.110378265,0.07570553,0.105504036,0.088098764,0.018770456,0.2357161
0.07077503,0.108899355,0.1348648,0.12629116,0.043564796,0.22811913
0.073282,0.095474005,0.12374306,0.015461206,0.005745381,0.34080148
0.07043302,0.09001422,0.15539646,0.0650692,0.058808446,0.21450281
0.06718457,0.11314821,0.13063526,0.061243057,0.06258941,0.071237266
0.07136321,0.10764837,0.12982273,0.2950493,0.11688042,0.07682347
0.07110155,0.10545039,0.12888527,0.31081915,0.1429406,0.2722497
0.030690193,0.15126014,0.13362789,0.21616936,0.19944489,0.020140648
0.052104235,0.10919595,0.11802006,0.23975277,0.18005204,0.6186726
0.07751727,0.10773611,0.13278103,0.41061735,0.044822574,0.2557869
0.09820199,0.12212467,0.12848473,0.33813137,0.21000004,0.31616116
0.04973352,0.13766432,0.115590096,0.01845479,0.052823067,0.11810899
0.037726164,0.10222578,0.09409523,0.099745415,0.07842708,0.31670523
0.033477545,0.08327842,0.11065006,0.40026283,0.036667585,0.19678545
0.03991556,0.11151433,0.10526371,0.0641737,0.16522318,0.21531013
0.018737555,0.11425567,0.10435772,0.01222527,0.11257863,0.18794727
0.007007122,0.09805179,0.08008671,0.18460163,0.14626598,0.23932981
0.011125743,0.0985477,0.05079651,0.12161493,0.19513571,0.09229708
0.0015212893,0.091103554,0.08665085,0.08952904,0.21333718,0.038070202
0.025498271,0.0616045,0.09629154,0.56867206,0.00079870224,0.23021412
0.045184255,0.09739971,0.09508324,0.16768432,0.0070359707,0.72098017
0.022487283,0.1026454,0.085855484,0.0034960508,0.1741767,0.096960805
0.0020019412,0.1035862,0.047418594,0.06209767,0.17536378,0.10850906
0.0078780055,0.089362144,0.05863571,0.24976385,0.22862577,0.16301155
0.005672097,0.070865154,0.06294632,0.11807111,0.36631083,0.13411617
0.013255477,0.047264814,0.0704546,0.115288496,0.34058714,0.14610958
0.040887654,0.052315712,0.08148861,0.49389648,0.106135726,0.3857262
0.0525375,0.074361086,0.071017265,0.1038084,0.11396241,0.13794184
0.048505843,0.07363939,0.0715189,0.14295101,0.09824744,0.16398287
0.047578394,0.06608939,0.06653023,0.22034407,0.077412605,0.18402147
0.057719827,0.06912327,0.066075325,0.13951969,0.02763033,0.18080235
0.08619583,0.04766178,0.07632065,0.24284118,0.033014536,0.22348881
0.092232466,0.054749727,0.090987206,0.14793086,0.2022258,0.07066846
0.073333025,0.06908178,0.11826134,0.107880354,0.029463768,0.124130994
0.08689475,0.05474496,0.106080055,0.047688484,0.04008627,0.053382635
0.0998497,0.047087908,0.08793545,0.0033687353,0.12963006,0.113131404
0.109559536,0.045034885,0.07049942,0.06688273,0.17741942,0.13701725
0.13015664,0.023272991,0.11852455,0.5015526,0.22870636,0.02860713
0.07489574,0.07735133,0.11392689,0.5789336,0.03496933,0.07828891
0.10040355,0.046561956,0.14138317,0.4518683,0.16111279,0.24608135
0.09949112,0.056646585,0.13964462,0.17887068,0.18332863,0.13708782
0.08512533,0.068407774,0.117173195,0.14889812,0.14784348,0.34517145
0.05878842,0.06662536,0.139431,0.015475035,0.04984665,0.09382057
0.06654227,0.0770421,0.17512226,0.13060403,0.0021955073,0.040929794
0.08000481,0.07030177,0.16586399,0.24889612,0.11201453,0.26855016
0.11065185,0.061541557,0.13108921,0.039179802,0.023100972,0.10322428
0.113197684,0.059826612,0.14447403,0.20309544,0.17251396,0.0036587715
0.09956479,0.04850149,0.16588974,0.14859438,0.13272285,0.10674453
0.09940767,0.0515337,0.16444778,0.0695529,0.09062743,0.07753563
0.09771609,0.04761529,0.14284134,0.31345654,0.095963,0.15282702
0.09320569,0.05634594,0.10066128,0.20376235,0.0004377365,0.124967575
0.118386745,0.020946741,0.113741875,0.36119226,0.039875247,0.3598976
0.105777144,0.050092936,0.13590527,0.017554343,0.057206154,0.3199313
0.09783876,0.059547424,0.13006115,0.21565771,0.04854679,0.21816206
0.110212445,0.0432992,0.10172081,0.01156044,0.039851606,0.19007802
0.14277184,0.025386095,0.10349083,0.5403588,0.26325083,0.00965786
0.11990833,0.047720432,0.098900795,0.43073747,0.14026499,0.15630794
0.122832775,0.032859325,0.09150696,0.045684338,0.2093482,0.19002175
0.10636115,0.03904009,0.09514904,0.12637836,0.015665054,0.06259024
0.09584153,0.032269955,0.110123634,0.055888176,0.11430532,0.17849219
0.0963403,0.028489828,0.08904457,0.1428914,0.020788074,0.12701872
0.08393669,0.01563859,0.0709877,0.37371922,0.06336832,0.03217125
0.06456792,0.05877638,0.08003998,0.39557362,0.26461816,0.8655052
0.03343141,0.025901794,0.06718826,0.37613678,0.1743542,0.52598286
0.039372325,0.014626265,0.069135666,0.22978652,0.1257963,0.1150341
0.058928967,0.043996096,0.07840061,0.26280212,0.09363341,0.077825546
0.053308606,0.06153965,0.049450874,0.2699566,0.15014696,0.15609169
0.006758213,0.071392775,0.018292427,0.40411377,0.43622684,0.118400574
0.0640049,0.046704054,0.057235718,0.5060663,0.42882442,0.68255806
0.11858249,0.06664407,0.08399391,0.574523,0.2520647,0.062285423
0.111848354,0.12245095,0.07680607,0.0020956993,0.20874882,0.1610794
0.13008904,0.13516104,0.1107502,0.09667981,0.4718902,0.46537113
0.11322856,0.13193142,0.13852406,0.13942766,0.32203984,0.6608324
0.051968813,0.08681756,0.103746414,0.5937786,0.38879395,0.6039686
0.06613624,0.22373867,0.027459145,0.12908936,0.13936234,0.09014988
0.07784116,0.26120734,0.030979156,0.56718826,0.49877024,0.5372791
0.13102496,0.1940481,0.014634132,0.8583603,0.65291023,0.24060059
0.1307044,0.109297395,0.11474991,1.4010506,0.024745703,0.67746353
0.074824095,0.036916554,0.1233511,0.1659975,0.21432877,0.23782158
0.0007305145,0.050677896,0.10041618,0.07651496,0.10076046,1.4645348
0.04610932,0.0500952,0.0025835037,0.56756115,0.24174309,0.42145443
0.03720653,0.033057928,0.0139427185,0.055786133,0.44176865,0.0003080368
0.098501325,0.036126494,0.025472641,0.15895319,0.09423828,0.1294918
0.13372326,0.04365635,0.021920204,0.74576306,0.027249336,0.6547327
0.13833368,0.08019543,0.08313751,0.06312752,0.08763313,0.5176563
0.18811822,0.15905762,0.025102615,0.31144142,0.65255713,0.19425964
0.22259784,0.11694026,0.01968956,1.2732658,0.25782013,1.2144341
0.17884135,0.08641195,0.0075912476,0.25515556,0.10083294,0.4907627
0.15394998,0.026043177,0.037864685,0.19854069,0.056538105,0.5283927
0.145962,0.03678918,0.07605648,0.091653824,0.06508565,0.40573668
0.12395263,0.07700181,0.118186,0.046772003,0.2878127,0.5470133
0.106636524,0.093568325,0.11786556,0.39414215,0.28027725,0.056012154
0.11048889,0.0721519,0.1265192,0.6966281,0.11174488,0.06927681
0.09115231,0.102050304,0.09893894,0.01734209,0.09231949,0.054959297
0.09267819,0.08756137,0.08777237,0.36255074,0.14303875,0.30442905
0.074894905,0.0899272,0.055208206,0.27567184,0.24682283,0.19801664
0.05402696,0.0774498,0.024594307,0.20088479,0.29769444,0.31211853
0.016982079,0.06006694,0.027162552,0.21632433,0.16620731,0.22488546
0.035200477,0.0443213,0.015522957,0.036753654,0.13903236,0.2850237
0.09371567,0.036361694,0.008098602,0.12280941,0.26410294,0.2082777
0.09658635,0.042646646,0.028648376,0.075036526,0.3300681,0.29034472
0.081480026,0.05366969,0.025898933,0.40783834,0.008482218,0.17733717
0.07143068,0.054502487,0.027277946,0.484926,0.17271505,0.16947794
0.049046516,0.027639866,0.018548012,0.59600353,0.42059135,0.06047249
0.014662147,0.043445826,0.033278465,0.0740366,0.12540722,0.010554314
0.007769227,0.030492067,0.06499767,0.11047745,0.32321358,0.29052448
0.0017641783,0.016393185,0.047579765,0.111830235,0.17553806,0.24942589
9.095669e-05,0.010101914,0.039028168,0.28764582,0.04048133,0.052455902
0.0014350414,0.014617801,0.028050423,0.16637945,0.058855534,0.07116985
0.05303669,0.033464193,0.020986557,0.16684842,0.019888401,0.06391525
0.012956858,0.006005883,0.009694099,0.01848805,0.54422307,0.24413681
0.0014352798,0.028716922,0.020173073,0.23849392,0.1518085,0.14618206
0.010251999,0.026661873,0.011537552,0.037057877,0.17859054,0.30295563
0.008976698,0.009168327,0.02720642,0.19193077,0.002866745,0.22487354
0.004507065,0.008825034,0.050828934,0.32428026,0.14132309,0.2296133
0.099336624,0.060925394,0.097037315,0.33215332,0.25260925,0.16619873
0.04832077,0.032955736,0.109259605,0.5082884,0.8136077,0.67440796
0.08443546,0.018523924,0.12536049,0.06261921,0.20964122,0.538208
0.104168415,0.029792547,0.13722229,0.18711448,0.29782772,0.16781044
0.13629866,0.05659336,0.16653824,0.17937183,0.26878548,0.17728376
0.14485025,0.087656915,0.18156242,0.1861887,0.27136135,0.18151665
0.14373636,0.12650841,0.19493198,0.256629,0.45005417,0.14709282
0.14865065,0.11444038,0.22947216,0.22079039,0.5574465,0.012649536
0.16885161,0.10111922,0.24574757,0.114590526,0.20420378,0.247262
0.15817833,0.03884262,0.22544956,0.27301383,0.2707708,0.040189266
0.14278746,0.020123959,0.23285198,0.30119514,0.2598729,0.2957666
0.10043955,0.03204596,0.20236874,0.14472961,0.051862925,0.3057499
0.030197382,0.061131537,0.14593506,0.1092577,0.26031494,0.13748145
0.037610292,0.066096485,0.14697742,0.3586049,0.043097377,0.42452073
0.039433718,0.05753565,0.14046383,0.31584573,0.085798174,0.116006225
0.039956927,0.04979402,0.1196022,0.20113158,0.12612724,0.42596245
0.05159104,0.05749166,0.09689522,0.13946608,0.025557995,0.08148241
0.036058426,0.039751112,0.082300186,0.07414144,0.00962019,0.011554241
0.023133516,0.04422778,0.08104038,0.24222946,0.010843754,0.29203367
0.0014001131,0.062001646,0.07542133,0.22003794,0.018809527,0.28487256
0.0037117004,0.05001074,0.056444168,0.13046348,0.15357876,0.24323606
0.030233622,0.04339832,0.037757874,0.25443244,0.10997343,0.20198798
0.041628838,0.045497954,0.028614998,0.06421623,0.108270645,0.05880356
0.028057098,0.047927797,0.026613235,0.038636684,0.008543849,0.19462419
0.024879694,0.009543896,0.009759903,0.0652132,0.05423355,0.15142918
0.011354804,0.02938652,0.0034294128,0.07100201,0.061356783,0.4361267
0.0473181,0.006642325,0.00039100647,0.06506896,0.03565228,0.060672402
0.054417133,0.010612529,0.012363434,0.0059013367,0.10635662,0.107346
0.068701625,0.017588943,0.011846542,0.018992186,0.14731407,0.16577691
0.07208681,0.013241485,0.017544746,0.0015258789,0.16929984,0.007817924
0.07662618,0.031162173,0.025738716,0.043218136,0.19431257,0.10450745
0.09021473,0.019640088,0.014570236,0.02520752,0.2748264,0.06302905
0.08406782,0.010381758,0.009143829,0.16138029,0.13033056,0.09793097
0.08646512,0.014286548,0.005344391,0.34407973,0.12608767,0.041683197
0.08922458,0.014516264,0.0009937286,0.24219751,0.110406876,0.11899233
0.093664646,0.025450796,0.0070209503,0.09926674,0.03020358,0.008447647
0.092288494,0.022408515,0.011753082,0.007525295,0.079814196,0.05096817
0.108955145,0.02860719,0.016493797,0.09001899,0.19513488,0.28842103
0.0957582,0.01652965,0.008911133,0.11177182,0.043962955,0.118792295
0.09763336,0.011521965,0.009133339,0.13835174,0.06742096,0.05659437
0.09398723,0.011293471,0.014087677,0.080005646,0.0667541,0.021413088
0.09643412,0.040285736,0.005961418,0.03353119,0.06281686,0.38223156
0.111536264,0.03831941,0.025718689,0.0006699562,0.06778407,0.36161184
0.09118414,0.02143094,0.0390234,0.052936077,0.0057616234,0.03299582
0.069407225,0.03872043,0.030783653,0.1383264,0.13782239,0.055163383
0.07524943,0.024927855,0.019688606,0.16272807,0.3060379,0.22988129
0.05794096,0.01629281,0.022517204,0.0590806,0.056894302,0.19595122
0.05856514,0.0296413,0.023026466,0.078932606,0.13823116,0.26693255
0.07413316,0.033822626,0.026186943,0.022759914,0.015170127,0.17143011
0.05841565,0.026694179,0.02201271,0.026094139,0.08913246,0.010786772
0.058570027,0.040721267,0.011045456,0.039569378,0.10705376,0.26820707
0.06808901,0.038713217,0.006931305,0.15464973,0.20960367,0.110946715
0.0577085,0.027635902,0.010666847,0.04580778,0.0013883114,0.011789799
0.044349194,0.034712315,0.0026845932,0.015856981,0.067843825,0.010066867
0.056853175,0.02394721,0.011568069,0.065220475,0.049769163,0.054037213
0.06723499,0.011071712,0.015678406,0.11669767,0.15082932,0.20884538
0.06275499,0.016470507,0.012841225,0.09954058,0.11994481,0.007900238
0.07453048,0.022086501,0.009696007,0.115654945,0.0011532903,0.04875928
0.06561947,0.02471912,0.0037593842,0.09035778,0.027267337,0.034343243
0.056593418,0.031676605,0.004983902,0.13395381,0.050059795,0.16610074
0.03352797,0.01749304,0.010588646,0.08099532,0.021130562,0.13878536
0.049060345,0.017591827,0.00032234192,0.01593262,0.093202874,0.05813217
0.04874754,0.00044111162,0.001206398,0.055577755,0.040068626,0.018758416
0.037346244,0.0019252896,0.0018911362,0.100830555,0.054572582,0.024222374
0.04210472,0.015389491,0.00012111664,0.015008926,0.05266112,0.19503486
0.036437273,0.02039453,0.0034418106,0.0044391155,0.028936148,0.14537783
0.014063716,0.007367831,0.0025911331,0.023483753,0.19197464,0.032656193
0.016994119,0.0038045142,0.007507324,0.16529655,0.10643959,0.27950382
0.041029453,0.007726215,0.0010662079,0.19721746,0.07090473,0.35270095
0.058817863,0.030532919,0.0027885437,0.15199041,0.048959017,0.38441753
0.03908229,0.043719154,0.010296822,0.05688119,0.08407402,0.32015967
0.030810356,0.047541253,0.00050640106,0.05020672,0.099496365,0.03300786
0.028713107,0.028305676,0.002916336,0.050501943,0.0015511513,0.30357647
0.028188467,0.0060898447,0.00552845,0.09227705,0.040582657,0.6480182
0.025262594,0.014096175,0.0034828186,0.21894956,0.01153183,0.18884706
0.0507555,0.019597642,0.0076055527,0.2597728,0.047150612,0.1285677
0.0589689,0.02612684,0.009988785,0.09287852,0.060552597,0.28573704
0.044729114,0.029584631,0.013177872,0.057757862,0.054857254,0.012577057
0.010218263,0.005268872,0.0063467026,0.13083363,0.13418579,0.17452621
0.007063508,0.028187796,0.0005350113,0.08936453,0.5087242,0.3203678
0.041671634,0.015352324,0.028762817,0.27467394,0.28385878,0.21611595
0.0611943,0.0128221065,0.025420189,0.08627224,0.37522364,0.096928194
0.10724354,0.017485097,0.0071439743,0.40660763,0.32232523,0.047985554
0.098487616,0.0022075325,0.029042244,0.32328972,0.38904333,0.18942213
0.0011219978,0.013985172,0.048646927,0.18883133,0.30431318,0.54797745
0.090044856,0.007384315,0.046884537,0.26293612,0.047346115,0.07861328
0.08014691,0.034676388,0.04885578,0.069541216,0.07241726,0.36013222
0.06261602,0.06453787,0.051459312,0.2793603,0.11062622,0.119410515
0.064751685,0.08914347,0.049814224,0.022756755,0.29444647,0.1021328
0.032187164,0.08956272,0.011556625,0.11419177,0.14801931,0.20941353
5.51641e-05,0.09371535,0.015857697,0.13929927,0.58571005,0.23752785
0.008195788,0.06854191,0.05727482,0.03285852,0.012034655,1.0478921
0.009005442,0.082015306,0.06562424,0.04996872,0.057662725,0.018781662
0.0053084046,0.06926152,0.06208229,0.13833094,0.016308784,0.37677956
0.00529027,0.061026633,0.07686138,0.052299976,0.08615875,0.40436268
0.019984197,0.05449258,0.08551979,0.16537142,0.02372837,0.26397038
0.038328458,0.069790274,0.111893654,0.07556701,0.046570778,0.1844368
0.028126664,0.051175985,0.112127304,0.3415589,0.15241814,0.5297785
0.032736763,0.067900464,0.111730576,0.24995802,0.248353,0.24599934
0.027316108,0.08138281,0.11181927,0.12289047,0.02771759,0.23999596
0.024378575,0.079322144,0.09008217,0.41866583,0.07544911,0.26420307
0.022916865,0.07799956,0.04776573,0.27945086,0.16996193,0.22313404
0.014863264,0.09057391,0.023182869,0.060721397,0.22990513,0.25218582
0.022566386,0.06834684,0.010401726,0.49985695,0.12608755,0.33028507
0.06428141,0.09779595,0.043527603,0.2580967,0.23215878,0.20493078
0.06569922,0.11931525,0.033740997,0.39567018,0.18567204,0.10011196
0.050201952,0.122582346,0.00521183,0.12838662,0.11569476,0.070682526
0.037446864,0.118258685,0.04315853,0.06396413,0.026448488,0.14199853
0.04174693,0.09024722,0.058429718,0.6111431,0.23961878,0.020028353
0.026078314,0.1156043,0.05000305,0.35677528,0.28334832,0.11198568
0.022315323,0.112428226,0.013415337,0.0714674,0.22548723,0.16518354
0.031057745,0.120339714,0.0241251,0.11823583,0.0032444,0.15236044
0.038956076,0.1280207,0.053175926,0.31021425,0.14351517,0.31674433
0.03833559,0.11602175,0.07008457,0.12051153,0.08716583,0.16440845
0.033572435,0.099373534,0.059134483,0.24648035,0.14890552,0.08222759
0.049479783,0.10322225,0.0720377,0.13086796,0.08393049,0.1999383
0.04089126,0.10196133,0.04671669,0.36530423,0.12292051,0.10049629
0.042083442,0.09557304,0.033172607,0.037032247,0.117188215,0.11383629
0.044983447,0.09701419,0.05008316,0.10280943,0.10335612,0.2067889
0.05743158,0.10593939,0.08464146,0.07909131,0.03812933,0.25192225
0.059182346,0.091362685,0.08841896,0.13846575,0.12034273,0.28311002
0.07379031,0.090743184,0.09276199,0.022471547,0.13516659,0.18615818
0.07069123,0.071772635,0.09401035,0.0015287399,0.15363932,0.0565691
0.076275826,0.06659031,0.06165123,0.003481865,0.27285862,0.17579198
0.07626039,0.059425175,0.07738972,0.0785563,0.03614378,0.3491943
0.065135896,0.05531323,0.08974266,0.020340204,0.012384176,0.20634699
0.04101312,0.048036993,0.0753479,0.27758884,0.065727234,0.1486988
0.04876238,0.029998839,0.09678173,0.58889395,0.0962584,0.40854216
0.07188082,0.032744765,0.113054276,0.08383846,0.062731475,0.20505993
0.0895049,0.04247141,0.11426449,0.03463626,0.16182613,0.09674621
0.079461575,0.044512868,0.0983963,0.15808535,0.18308735,0.07041502
0.0815773,0.03128445,0.108101845,0.071546555,0.110373974,0.0014388561
0.06588435,0.004202485,0.101029396,0.27494812,0.16269548,0.2532525
0.06861019,0.012852192,0.09548664,0.1759423,0.023502827,0.1735276
0.08081305,0.014366746,0.12740898,0.2715001,0.034925222,0.16716981
0.08044189,0.02348423,0.101555824,0.12581348,0.107647896,0.051710606
0.099981725,0.011581898,0.09954071,0.059843063,0.10703017,0.25627184
0.10866481,0.0049675703,0.09914017,0.065924644,0.0018351078,0.13199544
0.119098425,0.011574984,0.071484566,0.25469208,0.1592493,0.21103954
0.08660269,0.011806726,0.055233,0.68228436,0.3500905,0.23264897
0.076854885,0.0024285316,0.036211014,0.07288742,0.2143619,0.098572254
0.06276518,0.0018758774,0.051205635,0.0850873,0.27388948,0.10080457
0.035471022,0.0069043636,0.030480385,0.03801261,0.26938984,0.15720797
0.022584975,0.0067599416,0.05674553,0.122945786,0.25096536,0.29873085
0.013267279,0.04262173,0.038103104,0.16250229,0.033408165,0.0418756
0.010889292,0.0046463013,0.071899414,0.3627324,0.34669554,0.069326185
0.021837354,0.022259533,0.05504799,0.12427521,0.20514107,0.1409361
0.044436216,0.023187399,0.06235695,0.25570297,0.111895084,0.049750328
0.05589521,0.023525178,0.076042175,0.13355255,0.0823884,0.09511328
0.04663682,0.020350516,0.074352264,0.049663067,0.17038894,0.16926914
0.034277678,0.028300107,0.080215454,0.22494793,0.1935699,0.010103703
0.03226185,0.014692426,0.07287693,0.54733443,0.25113463,0.2866888
0.042465806,0.0040402412,0.047424316,0.42235363,0.041561723,0.13833547
0.045098186,0.010919213,0.055329323,0.057628155,0.1773305,0.08083439
0.029842615,0.00064986944,0.043524742,0.020555496,0.16985703,0.46248484
0.015085816,0.004732132,0.052179337,0.33839965,0.017984837,0.19642782
0.00967145,0.0014544725,0.016799927,0.42675495,0.16707134,0.050703526
0.033847094,0.01066649,0.044095993,0.24121904,0.19231844,0.40928486
0.03899479,0.012053251,0.04241562,0.28589106,0.40277052,0.22701955
0.028630376,0.014816284,0.024170876,0.2010181,0.11554766,0.01849699
0.034330964,0.03157842,0.039951324,0.25039482,0.017046928,0.08386922
0.051541448,0.03323233,0.019085884,0.12572038,0.21312428,0.1634779
0.05479908,0.030676842,0.0045137405,0.039102077,0.17137814,0.06649828
0.040091038,0.018875599,0.019434929,0.47720468,0.092497826,0.24082565
0.024446964,0.011944294,0.008467674,0.14521551,0.04374218,0.15772688
0.035295486,0.022478223,0.025966644,0.13367796,0.0628244,0.17596531
0.023861885,0.0159899,0.035862923,0.19482636,0.0845539,0.38679975
0.020334244,0.022873998,0.050365448,0.12995541,0.055214643,0.10392728
0.052748203,0.031149626,0.025194168,0.14115465,0.1600368,0.055495262
0.054038048,0.02918315,0.040120125,0.096385956,0.1247406,0.15532112
0.0092659,0.0008444786,0.019972801,0.42057705,0.15487099,0.02892518
0.01887703,0.03018105,0.0012817383,0.47136307,0.13949299,0.30222267
0.04142368,0.018054843,0.06342888,0.03425598,0.060106277,0.15261984
0.036283255,0.004147768,0.08989143,0.5092961,0.5423417,0.038632393
0.04139352,0.02061057,0.06724644,0.11014216,0.630682,0.4112053
0.009891272,0.019966722,0.024698257,0.07995137,0.1901393,0.21991754
0.007894635,0.0024508238,0.021410942,0.091131866,0.16090012,0.108222365
0.021716475,0.016341925,0.037365913,0.0825119,0.050204754,0.033067226
0.0359661,0.016843319,0.025774002,0.08251476,0.022521734,0.026426911
0.033071518,0.015576243,0.042913437,0.18502998,0.18720913,0.16183043
0.03753394,0.0073338747,0.042337418,0.33985567,0.1867094,0.05508995
0.054902613,0.018122315,0.06626415,0.03712797,0.15575045,0.1911974
0.06305766,0.014381051,0.09427738,0.14735794,0.11362916,0.10187101
0.068722725,0.010044694,0.08382416,0.06387174,0.03675604,0.21122646
0.06790322,0.00072073936,0.04255867,0.010881223,0.016069412,0.053137302
0.06222081,0.008178711,0.016492844,0.09715867,0.110067844,0.12737668
0.056680262,0.0003002882,0.04618931,0.2983523,0.17137223,0.032041073
0.04958546,0.0065096617,0.062013626,0.2165904,0.08149624,0.12106609
0.0733583,0.0019220114,0.07098389,0.2848196,0.07643747,0.041599393
0.07493329,0.020153522,0.057976723,0.28739166,0.12898493,0.34931535
0.052033663,0.06383145,0.04385376,0.17124748,0.094676316,0.3117056
0.028395176,0.100450695,0.030209541,0.49115467,0.12059116,0.07565117
0.021513343,0.090522826,0.003868103,0.2711501,0.0370335,0.25912
0.016405582,0.0476532,0.0020961761,0.22790623,0.11866227,0.09437561
0.0039550066,0.03605923,0.027253151,0.013043404,0.25488532,0.07588196
0.006468892,0.026548117,0.058908463,0.035662174,0.18326584,0.023085594
0.003439784,0.03828895,0.12483406,0.0087714195,0.17912537,0.1599822
0.01016891,0.027662098,0.041778564,0.016283989,0.092872664,0.034677505
0.033049226,0.048630968,0.06727314,0.23217201,0.12853575,0.015778065
0.010048389,0.04097928,0.045235634,0.5655689,0.30228686,0.33209944
0.0068440437,0.06869669,0.057580948,0.072906494,0.11442065,0.3686657
0.004517317,0.058757663,0.060585976,0.30867052,0.16913104,0.10653301
0.005760789,0.054802388,0.06844139,0.37113762,0.22706544,0.049421385
0.006841421,0.051045954,0.07986641,0.18126488,0.2519257,0.019079208
0.010921359,0.02646923,0.096508026,0.06462097,0.027609825,0.1039238
0.017503738,0.040377557,0.08493805,0.36215556,0.34415722,0.21314049
0.003931999,0.047178626,0.09556198,0.123674214,0.1377809,0.037245274
0.0072926283,0.038289964,0.104127884,0.03911996,0.21125865,0.18992853
0.015332222,0.03074956,0.11083794,0.085692406,0.02930057,0.057835102
0.01700151,0.021273375,0.10402107,0.06770182,0.016614676,0.046643972
0.0033422709,0.025346398,0.0744915,0.21612835,0.22249985,0.1409508
0.0025941133,0.0038484335,0.05347538,0.14742419,0.07966137,0.25168383
0.035488605,0.023298979,0.06383228,0.19052935,0.0756073,0.23064047
0.0167104,0.010818243,0.01919651,0.008905172,0.04679966,0.027431488
0.002371192,0.008416772,0.025389671,0.37257814,0.2121458,0.3361485
0.06389415,0.11335409,0.035562515,0.29855156,0.5381174,0.12944317
0.03998673,0.21094811,0.13183594,0.35414886,1.3362274,1.3586273
0.047070265,0.13886452,0.13933277,0.15881348,0.23995209,0.22819233
0.00837779,0.009803534,0.13405132,0.299394,0.6222887,0.24376392
0.064616084,0.09970808,0.16196156,0.5146103,0.05153656,0.14695644
0.055630326,0.21746087,0.14409542,0.5220413,0.11879635,0.29200935
0.020666003,0.16949034,0.065499306,0.4254551,0.16607952,0.40799236
0.081002,0.06936121,0.01580906,0.0035037994,0.84944534,0.6279564
0.07352841,0.043632746,0.019747734,0.22332191,0.16263485,0.067150116
0.08302653,0.013911009,0.009976387,0.05207348,0.45745945,0.17812777
0.08915043,0.015769958,0.005979538,0.35266662,0.011752129,0.14714682
0.10092044,0.0019137859,0.002286911,0.58496094,0.14510202,0.287369
0.110025644,0.0076715946,0.045539856,0.2852645,0.0067059994,0.22642303
0.11734414,0.034976006,0.057932854,0.07535362,0.26039314,0.34946537
0.13134933,0.009525776,0.0961771,0.04190731,0.05397892,0.23717213
0.12243819,0.023736,0.06892967,0.1620264,0.14781475,0.41977882
0.121759176,0.021303654,0.08023167,0.0031442642,0.2782631,0.45681858
0.105018735,0.031192541,0.058418274,0.17559147,0.24347973,0.2899866
0.08162916,0.031392574,0.0666008,0.13973045,0.3507557,0.34153724
0.008072615,0.06291962,0.04578972,0.15458298,0.45778513,0.31162262
0.0469023,0.020704031,0.021348,0.9659729,0.28729165,0.6399317
0.028754473,0.010381222,0.048360825,0.20158577,0.16067338,0.00674963
0.029730082,0.031006336,0.07887268,0.08179855,0.0734458,0.1601739
0.042116106,0.028659344,0.04731846,0.04678917,0.0760808,0.04202175
0.06983328,0.061799526,0.08672428,0.11700249,0.1290164,0.10965204
0.10416353,0.065043926,0.0656538,0.060463667,0.0483675,0.024196625
0.17859614,0.024561882,0.08103371,0.5512171,0.057316303,0.111411095
0.17810346,0.040061474,0.022585869,0.20379448,0.26174498,0.63829494
0.19770834,0.08081043,0.000992775,0.31137526,0.43147945,0.03025785
0.15349318,0.07677078,0.038404465,0.40869045,0.028079033,0.3266732
0.13254881,0.095083356,0.076519966,0.20139408,0.04308176,0.0014984608
0.14240338,0.14133203,0.05043316,0.020176888,0.019244194,0.36414707
0.12615953,0.093829334,0.051698685,0.43440056,0.07559395,0.10819793
0.11070004,0.001721859,0.08937836,0.9036331,0.42955685,0.216537
0.09372419,0.07374492,0.06590462,0.41946316,0.13821459,0.11164856
0.096004665,0.05119908,0.040808678,0.40571642,0.13364172,0.27935743
0.05843179,0.010771811,0.004802704,0.3215084,1.1345463,0.021510601
0.014593873,0.043496594,0.014614105,0.13966036,2.2527199,0.28426886
0.14454983,0.047977015,0.013097763,0.5325638,2.7091331,0.7699909
0.08303392,0.11079728,0.009514809,0.067575455,0.47046852,0.40986398
0.016618073,0.27966586,0.033584595,1.7070045,1.6265042,0.34070015
0.0490126,0.2590868,0.0058469772,0.415699,0.85514164,0.4789791
0.10956788,0.13003981,0.012286186,0.042395115,0.25646782,0.44107366
0.17032635,0.069264114,0.08935833,0.22685242,0.010225296,0.1685834
0.16196191,0.03586611,0.13687706,0.16485977,0.028512955,0.4075117
0.07616627,0.034686565,0.10056114,0.20561218,0.3282547,0.21823311
0.08631158,0.059838474,0.19390297,0.43382645,0.42006874,0.47001076
0.22144508,0.024890065,0.14318562,0.6645508,0.26192474,0.7869072
0.25855136,0.12816006,0.022824287,2.9237554,0.25416756,1.1676435
0.13118553,0.21385705,0.10186577,0.24192572,0.940073,1.6104146
0.019010544,0.23233914,0.086089134,1.129952,0.37158012,0.2698393
0.0638566,0.22011381,0.17172813,1.0983324,0.12965393,0.30738735
0.059900284,0.17245936,0.19612217,0.3625403,0.24193573,0.47176212
0.0014748573,0.13285217,0.28853607,0.9415264,1.3175659,5.9503174
0.66031456,0.2446838,0.055091858,0.9219551,13.697762,50.352814
0.5342858,0.43094346,0.117147446,3.8484592,7.103405,30.505203
0.506201,0.24677461,0.09745979,3.2489738,1.1774664,10.041119
0.36342096,0.15514696,0.19536018,1.3422351,0.496073,1.596448
0.058237553,0.015209556,0.22149658,0.831254,1.0270704,1.6963501
0.13594937,0.263218,0.3161316,0.8387852,1.5552251,1.140564
0.29932165,0.3462447,0.27660942,0.35474014,0.09853792,0.3684082
0.2638836,0.26276553,0.3342247,0.7333498,0.05318153,0.75614166
0.28904676,0.12807107,0.24946213,0.6257505,0.22755742,0.91407776
0.4186089,0.075899005,0.30016804,0.4506824,1.9571041,0.41497803
0.40493345,0.25255322,0.28999424,0.44113088,2.9548678,0.12594604
0.1945343,0.19932127,0.13148499,0.14300743,2.3640213,0.6424866
0.06312561,0.17522824,0.22418404,0.20690155,1.1916122,2.3625107
0.19283128,0.27456897,0.24169731,0.85186195,0.39035702,5.559433
0.35094142,0.2730261,0.11704254,0.3682866,0.5313921,4.4074364
0.27495146,0.09984136,0.02116394,1.0700634,0.03917885,0.095282555
0.3193407,0.026298717,0.06275463,0.30555904,0.71887165,0.44263268
0.3233503,0.050195295,0.054929733,0.22899151,0.5625534,0.2782631
0.22573459,0.07473259,0.038336754,0.1619749,0.42441702,1.8429489
0.17181087,0.07257837,0.10515118,1.1157341,0.9112139,0.8507538
0.03439653,0.04334265,0.020874977,0.38064384,0.5595846,1.0247116
0.056675673,0.07553667,0.063334465,1.6794891,0.8170128,1.3821564
0.0019227266,0.21132267,0.018949509,0.563534,0.95330817,0.39097214
0.1371634,0.009726763,0.076233864,0.880949,1.6047094,0.3809433
0.2913813,0.41270956,0.23193455,1.1773968,0.18816888,1.8832092
0.07568276,0.30108094,0.005264282,0.8632574,0.38608932,4.5295563
0.14118147,0.2029852,0.034406662,0.0040237904,0.03021431,0.8288269
0.063146174,0.17669316,0.024930954,0.22700691,0.08199787,1.3547974
0.31495768,0.27699244,0.012265205,0.69117796,0.044563293,0.5076294
0.35626692,0.0027898774,0.15405178,2.6612854,0.885664,6.188637
0.2917494,0.013694018,0.065179825,1.6494846,0.18232155,0.6504364
0.18464425,0.0636062,0.021859169,0.64849305,0.062422752,0.082107544
0.14409527,0.028831542,0.038874626,1.2193736,0.5928726,2.2166595
0.20995894,0.07064581,0.16654778,0.24281001,1.567421,1.2712402
0.28399333,0.023453355,0.20444489,0.5309906,0.9730301,1.8269501
0.16940725,0.010778546,0.046486855,1.8871346,1.951088,0.79831886
0.11923027,0.10073519,0.22462559,1.6126163,1.3149052,1.1885828
0.18130279,0.06727958,0.3246088,0.4268961,1.6432037,0.2640252
0.14296472,0.011884809,0.42208195,0.8727608,0.58849907,0.2201252
0.13689828,0.055075526,0.35881805,1.2473602,0.08685684,0.43039012
0.19727337,0.12812853,0.2012043,0.46482468,0.20209122,0.011947632
0.21266127,0.047862172,0.075214386,1.420866,1.7293205,5.5280075
0.0320158,0.059199095,0.031080246,10.779045,4.5538635,16.720734
0.022459507,0.015414834,0.15194702,7.3196077,2.4699068,14.060547
0.13145137,0.031629324,0.26007652,2.2003517,0.21330166,0.095466614
0.23278296,0.03755474,0.14497852,0.7803259,1.8989444,5.068722
0.21336985,0.073127985,0.19049835,0.0900507,0.23691177,0.69254684
0.075540185,0.17983556,0.25015163,0.64280605,0.38286555,1.3839998
0.019696891,0.19944167,0.24450588,0.94143796,0.010672092,0.3548814
0.051539958,0.004192829,0.12524128,0.18530846,0.6713543,0.08179188
0.043634824,0.021249056,0.20617867,0.6538594,0.21699476,0.41840124
0.06508888,0.0313735,0.23411465,0.116090775,0.5866604,0.80925083
0.13027596,0.099984765,0.12567139,0.3230102,0.52254677,0.66872406
0.15667519,0.21649194,0.012889862,0.5116873,0.33527946,1.6038818
0.16894382,0.034949064,0.008405685,0.372746,0.2493515,0.18360901
0.053742886,0.0017153025,0.13308811,0.6822939,0.9360199,0.49552917
0.341097,0.40541714,0.0053806305,0.8457923,1.7158756,3.6131134
0.16422132,0.32837534,0.03864193,0.6734085,1.0579367,1.7830658
0.24194919,0.06875169,0.0024585724,3.7921944,0.6430397,2.5923748
0.1342507,0.1825763,0.1203146,0.32073212,1.8965855,2.146452
0.15951945,0.14351463,0.053581238,0.44796658,0.6712456,6.800269
0.12964308,0.02719593,0.16303062,0.91949844,0.51576614,1.2714024
0.07348085,0.0345124,0.16899204,0.33346486,0.20982218,0.14057732
0.04475241,0.009590983,0.09675026,0.57566833,0.6867609,0.47457314
0.010194028,0.07338071,0.06660557,0.11760807,0.32038593,0.3325796
0.006446868,0.06543493,0.087062836,0.12805176,0.45515633,0.5633106
0.013080955,0.081159115,0.03349209,0.31243396,0.18298149,0.18784523
0.03396444,0.07080889,0.034026146,0.07850742,0.25155067,0.28382874
0.023005739,0.012841225,0.021196365,0.45959854,0.7992325,1.1346741
0.059943408,0.04535699,0.07553005,0.252182,1.3316536,0.2529602
0.11179583,0.30635476,0.08467102,2.6341438,0.9835167,3.1697235
0.24943842,0.31810403,0.08859348,0.42609596,1.1642628,2.4488106
0.20629479,0.16257787,0.1851759,1.5428411,0.12933159,0.8482666
0.14530222,0.12108767,0.005084038,0.8270874,1.5441723,1.030159
0.012099326,0.099048376,0.09650326,0.33214378,1.9266756,4.5746613
0.06765008,0.12584114,0.20338821,1.1664753,0.028621733,3.79451
0.06620153,0.16280377,0.24892426,0.04519272,0.1279639,0.7220917
0.08641145,0.019348025,0.20995617,0.10525894,0.5740702,0.1256218
0.05431229,0.027810693,0.18289757,1.0264776,0.57613325,1.0890856
0.05450225,0.08540809,0.14369106,0.013216972,0.34948206,0.29666424
0.05679202,0.08775318,0.1218853,0.24205112,0.82474136,0.01753521
0.11803031,0.050738573,0.08265114,0.19281816,0.51366615,0.2976756
0.12374842,0.035840154,0.034859657,0.052672416,0.53060913,0.33880287
0.10029626,0.044178843,0.027562141,0.24977827,0.72441673,0.060150504
0.19771338,0.08628249,0.0031738281,0.67391586,1.5561152,0.0065660477
0.18367839,0.10705984,0.06392765,0.784703,0.028499126,0.035361767
0.093729496,0.0015597343,0.08837032,0.8911749,0.15343761,0.28194857
0.09051156,0.02872479,0.11052704,0.08467102,0.4493189,0.098629266
0.0838685,0.035347223,0.108036995,0.05828309,0.368474,0.17193913
0.07490063,0.030122519,0.106396675,0.048403263,0.22045517,0.15222764
0.056179285,0.010513186,0.1824646,0.14337683,0.09106159,0.004770994
0.03601551,0.0007208586,0.09115887,0.1876831,0.067136765,0.054141045
0.011168957,0.009593725,0.06491852,0.0055093765,0.25410032,0.25729346
0.028181314,0.0012379885,0.06626415,0.20778346,0.019943237,0.03501177
0.03139615,0.00067424774,0.06352997,0.023921967,0.09098172,0.019929409
0.024266243,0.008788705,0.05836582,0.07458019,0.0064561367,0.032316208
0.016599655,0.013692975,0.052001,0.06964874,0.012148023,0.15840483
0.0089463,0.013335109,0.046650887,0.016649723,0.023163587,0.01387763
0.021352649,0.01832819,0.038760185,0.04126787,0.0439651,0.039625168
0.021146178,0.01807642,0.03356266,0.16350842,0.042285204,0.24735999
0.0101059675,0.021606445,0.042386055,0.048075557,0.042063713,0.11231661
0.012938142,0.019132614,0.04308033,0.024378061,0.06200385,0.008248806
0.013795376,0.016597152,0.046066284,0.03809333,0.037232637,0.096865416
0.013939142,0.01345253,0.04616928,0.021448612,0.07390523,0.09019518
0.014884472,0.013973832,0.045612335,0.012751222,0.06636262,0.012771249
0.023575306,0.005576372,0.04817772,0.04228413,0.17265463,0.23347235
0.015557289,0.009771347,0.046031952,0.03588015,0.02598381,0.008328915
0.010930181,0.011227369,0.0456419,0.029894412,0.12437701,0.047816038
0.0035077333,0.008470535,0.04940796,0.04648401,0.10037851,0.08044034
0.0004760027,0.007477522,0.05510807,0.057361037,0.13354897,0.2230146
0.0017697811,0.009760618,0.05273056,0.049715668,0.13082027,0.006025076
0.0012457371,0.008717537,0.056482315,0.039029717,0.10990906,0.015158415
0.007055998,0.0036592484,0.05811119,0.06946623,0.14289665,0.03451991
0.01199007,0.0101492405,0.061639786,0.020930052,0.07393235,0.03865385
0.011740327,0.010153174,0.0575943,0.045311093,0.1307069,0.04413128
0.01448822,0.013395786,0.059559822,0.03626752,0.11245966,0.09191787
0.01570034,0.012519121,0.060962677,0.021356821,0.09045187,0.013060778
0.017743707,0.011279821,0.059746742,0.014647365,0.1044752,0.080272436
0.017021418,0.0148386955,0.057409286,0.044683218,0.10420483,0.01884818
0.02412951,0.017676473,0.062722206,0.036025047,0.08627272,0.004524708
0.021782279,0.02157569,0.0606575,0.02248466,0.11396265,0.057914555
0.023907661,0.019484162,0.06122589,0.04735267,0.08624244,0.04217416
0.024190187,0.023119211,0.061190605,0.034164548,0.11895919,0.04266739
0.020931363,0.0264287,0.058609962,0.045498967,0.09654021,0.094884515
0.024002075,0.020601034,0.054405212,0.034999788,0.07720101,0.016117558
0.026344657,0.019370675,0.054914474,0.032838166,0.09849429,0.023100615
0.026536703,0.029360175,0.04719162,0.056596056,0.09635234,0.07279706
0.021382093,0.029616117,0.04505539,0.054971755,0.13379723,0.08879769
0.024075627,0.028167725,0.046121597,0.019594789,0.063052356,0.030822158
0.022249818,0.028192997,0.045360565,0.037613273,0.091117084,0.016480207
0.020356774,0.030942678,0.048065186,0.053073883,0.08613819,0.011678696
0.021745801,0.028178096,0.028549194,0.063002825,0.07883823,0.08038163
0.021985173,0.025459886,0.024224281,0.06754351,0.056435883,0.064291984
0.019888401,0.0313226,0.021953583,0.032327294,0.06107843,0.018268943
0.013279676,0.026539803,0.013825417,0.111509204,0.13531943,0.065784216
0.014625192,0.027266622,0.01108551,0.049716353,0.06665996,0.083643794
0.011820316,0.027982473,0.0067358017,0.06658661,0.09680435,0.06991184
0.010854721,0.029570103,0.0029211044,0.05391735,0.08223665,0.048196673
0.010916829,0.028848648,0.0027561188,0.04412937,0.0953901,0.036844254
0.009181619,0.03054595,0.0017642975,0.07098544,0.08870017,0.1340152
0.010280728,0.029263616,0.00066185,0.04147172,0.07729234,0.056341648
0.0073286295,0.027582288,0.0066957474,0.10033488,0.1068888,0.097417355
0.01003623,0.030812025,0.009274483,0.04570341,0.058896005,0.12850201
0.011472821,0.028618217,0.00813961,0.050238013,0.0593884,0.04300636
0.009303331,0.02643466,0.014059067,0.062272727,0.09728047,0.036168575
0.008795619,0.029720187,0.017401695,0.06276798,0.062364027,0.17849007
0.013659358,0.030221224,0.0154418945,0.053374916,0.053769052,0.07836771
0.010576725,0.023506045,0.015771866,0.039784193,0.09567818,0.0069105625
0.010774612,0.02963245,0.01998043,0.054848906,0.059799187,0.15946585
0.012237072,0.032449007,0.024041176,0.0346751,0.0675231,0.095315516
0.010747433,0.031634808,0.025791168,0.055082858,0.091046244,0.093087256
0.012858033,0.031665087,0.02676487,0.031734057,0.065571465,0.09622496
0.013109207,0.028498173,0.030278206,0.18189764,0.07831776,0.08373493
0.017809153,0.030483484,0.028629303,0.05022669,0.09130067,0.09678215
0.014751554,0.027544498,0.022216797,0.08849925,0.0853674,0.0668174
0.0077568293,0.01804769,0.024357796,0.12305577,0.08964666,0.07324672
0.013780236,0.014197946,0.022968292,0.060726866,0.060125437,0.042108744
0.015636325,0.010405064,0.02536583,0.044723973,0.03620805,0.030045927
0.017460346,0.0074546337,0.027588844,0.044497594,0.028502233,0.029680148
0.019626498,0.006544113,0.028240204,0.038380783,0.022364793,0.0010893345
0.018478274,0.0071731806,0.028804779,0.041591786,0.02591449,0.014856331
0.01702702,0.010615587,0.029159546,0.048460767,0.037691273,0.022053212
0.018263578,0.012917995,0.029521942,0.04641474,0.04837066,0.04682427
0.020919085,0.013492823,0.029049873,0.083559275,0.00037503242,0.04370772
0.026521683,0.014572501,0.041042328,0.15575647,0.0835042,0.059184395
0.02891934,0.016875029,0.08509827,0.21028423,0.18771267,0.050779283
0.022430062,0.020961523,0.16532135,0.010972977,0.37042332,0.061542034
0.01970315,0.043363452,0.30649567,0.47948027,0.007804632,0.08166599
0.017190456,0.02217853,0.18137455,0.083423615,0.07392168,0.20479918
0.02011478,0.047638655,0.13196945,0.072849035,0.45437384,0.016946793
0.034422874,0.04565549,0.087296486,0.07535732,0.22010231,0.15787888
0.03959644,0.027303457,0.03648758,0.29507184,0.38914895,0.28654742
0.031003237,0.027961433,0.017512321,0.016226053,0.04857236,0.19740129
0.016437948,0.07936257,0.16371346,0.40761375,0.10307741,0.14486337
0.03562355,0.008404255,0.1478424,0.87894535,0.25284863,0.04521413
0.016884625,0.026431441,0.030550003,0.076458454,0.274741,0.13166076
0.12193066,0.032325804,0.015042305,0.28253916,0.5815029,0.014991283
0.065187275,0.05371076,0.12246132,0.10753727,0.3446083,0.040304184
0.046513915,0.06787062,0.29825687,0.009311676,0.87883806,0.09725189
0.12514192,0.020653188,0.1666832,0.20480156,0.1812439,0.15890598
0.020506054,0.0717994,0.09954071,0.35505676,0.504302,0.09220356
0.0034750998,0.06856334,0.08219147,0.07065201,0.09421158,0.18448034
0.013949096,0.07731563,0.048836708,0.3164959,0.47343063,0.1313208
0.0572,0.09125972,0.2501936,0.37074804,0.20385456,0.17841813
0.076751426,0.09704602,0.20095062,0.34124994,0.28416634,0.11617422
0.1166693,0.07749432,0.102253914,0.12297863,0.28140676,0.13179564
0.048254132,0.004186094,0.026895523,0.50592935,0.18498802,0.13632894
0.020834982,0.04629922,0.14986038,0.7174978,1.1420937,0.02482605
0.13973576,0.012147784,0.011217117,1.9067459,1.9418488,0.15878189
0.07275295,0.029638052,0.40291882,1.8492546,0.75328827,0.07189655
0.020037174,0.07308209,0.4178543,0.20204735,1.4774246,0.62386537
0.059672832,0.11943638,0.25478172,1.3387969,0.50712013,0.164155
0.22972226,0.019755006,0.06393242,2.8057098,4.9285736,0.5670967
0.20319033,0.1307745,0.10103893,0.11350632,0.58729744,0.3784504
0.039015055,0.0105804205,0.0569458,2.0687666,2.2233276,4.8727274
0.10999012,0.019732118,0.03045082,0.20468307,0.3577423,0.20308042
0.1662054,0.05353856,0.062169075,0.28274822,0.024842262,1.025254
0.08422589,0.04498267,0.13645935,0.05152321,0.006959915,0.2529233
0.0056898594,0.04767084,0.11077881,0.3088169,0.07487965,0.3972441
0.074765205,0.08094311,0.05070305,0.32906818,0.00633049,0.40299058
0.076624155,0.065253735,0.0014667511,0.25456834,0.72819567,0.0854767
0.10926485,0.065218925,0.0041570663,0.20576341,0.09792185,0.16824347
0.09436679,0.08338523,0.019052505,0.10376167,0.11644697,0.013163447
0.044336796,0.093331456,0.03232193,0.18023825,0.15493989,0.07859886
0.015884161,0.08243322,0.05386734,0.4802494,0.12401104,0.055185974
0.007188678,0.04868388,0.05578804,0.5665474,1.3632851,0.23507571
0.0843755,0.028902888,0.11766529,2.828434,3.0366364,0.117673874
0.08578217,0.054839373,0.057598114,2.8271828,2.4313316,0.83679175
0.11296368,0.009641528,0.027921677,0.37714195,2.2137146,1.8432739
0.0893898,0.0013471842,0.0028820038,0.78339386,0.26192474,0.64827585
0.053759694,0.003955722,0.024541855,0.0872612,0.98706913,0.27600634
0.0033183098,0.046578526,0.016692162,0.12991953,0.18463993,0.44060484
0.008791208,0.08013046,0.00013923645,0.50846326,0.32511163,0.25374657
0.00307858,0.07624769,0.01758957,0.06712079,0.080032825,0.13461316
0.02010715,0.06258106,0.034560204,0.024717927,0.08597565,0.083613634
0.01645124,0.048108935,0.057456017,0.0815773,0.023501605,0.029488921
0.02655679,0.050998688,0.06383419,0.020668507,0.037299633,0.21970047
0.015801668,0.0314188,0.056782722,0.035553694,0.13994145,0.34106147
0.0115920305,0.02176106,0.05106926,0.15944469,0.04902792,0.2518605
0.017675519,0.017720938,0.01539135,0.11284989,0.10756731,0.40246463
0.04682541,0.037444115,0.06723595,0.4085045,0.091052055,0.69364166
0.041688025,0.0047215223,0.16806984,0.16024876,0.11111164,0.56714153
0.02954778,0.004222274,0.19912529,0.24479961,0.2943468,0.12537003
0.015368134,0.005592644,0.12936401,0.16843772,0.033140182,0.13614774
0.016866565,0.021383286,0.032596588,0.077875614,0.32889748,0.18950391
0.010233343,0.015491009,0.024981499,0.078384995,0.26550007,0.2621745
0.01519087,0.001879096,0.031594276,0.05020857,0.11783862,0.17259055
0.0026308894,0.01393342,0.036626816,0.24946976,0.121970326,0.13606703
0.034105748,0.010375142,0.05126381,0.9847369,1.3077011,0.4561553
0.111523926,0.01848948,0.30429268,0.5740347,1.9882317,0.27865613
0.043151557,0.06343377,0.1577158,0.57910526,1.039341,0.59549296
0.048154116,0.074298024,0.06042862,0.44333792,0.95812607,0.22212529
0.06644893,0.060466886,0.0024261475,0.4018154,0.14715958,0.10908127
0.041318893,0.050279617,0.035185814,0.07748723,0.48629856,0.21127939
0.002772212,0.02801013,0.018846512,0.054410815,0.52188766,0.03259492
0.02505815,0.028898954,0.014320374,0.12515473,0.051850557,0.011618435
0.010730147,0.024971485,0.050611496,0.04826355,0.21960461,0.2943128
0.046740055,0.023897052,0.07734966,0.1116668,0.1703122,0.25624037
0.05047381,0.018326163,0.085879326,0.14082801,0.075105906,0.0704689
0.06717408,0.015066862,0.08324528,0.10198009,0.090340436,0.06491256
0.06727433,0.0008147955,0.08104324,0.1324543,0.21134901,0.08596313
0.08910227,0.001660347,0.07098293,0.08987379,0.28872776,0.13113895
0.08089745,0.017755508,0.057458878,0.15341735,0.0122766495,0.20344317
0.0662241,0.016749978,0.073438644,0.12400746,0.031378746,0.040445447
0.050567746,0.022539973,0.088861465,0.039173126,0.14518094,0.027749777
0.026325107,0.0297544,0.20672512,0.04061508,0.14178205,0.16599429
0.011945963,0.016870141,0.12635994,0.4819442,0.00368917,0.06986949
0.021053672,0.030675292,0.0840435,0.08287382,0.031019807,0.27146316
0.0070620775,0.028412461,0.07104969,0.012431741,0.008410931,0.17309403
0.004036665,0.01030612,0.09558964,0.08189225,0.010880947,0.09945178
0.003943324,0.022280574,0.12316799,0.1021328,0.10260677,0.030145593
0.031899452,0.008662462,0.079880714,0.14054501,0.13170075,0.113544464
0.105456114,0.008743525,0.06242752,0.28607368,0.48081875,0.20127249
0.078445435,0.026340842,0.01808548,0.033532143,0.71953964,0.30933332
0.19301283,0.043972015,0.17165756,0.7015686,1.716299,0.02714181
0.121311665,0.056157947,0.16373634,0.38865757,0.81858826,0.4826857
0.13035035,0.036108136,0.07840347,0.36055887,0.018975258,0.034916043
0.11614847,0.04684162,0.11599445,0.2015605,0.03604412,0.06580067
0.07063615,0.019590259,0.09494305,0.051373363,0.5448327,0.35761118
0.06217408,0.03587544,0.113726616,0.20826101,0.17007494,0.24804187
0.023655295,0.026805043,0.16331863,0.20754385,0.100949526,0.06161821
0.013591647,0.028535008,0.027962685,0.098165035,0.029883623,0.0860585
0.019985914,0.017704368,0.040607452,0.12197089,0.018111229,0.17632234
0.015191197,0.017526865,0.043740273,0.084457636,0.09026986,0.06364313
0.0040751696,0.021071792,0.030117989,0.06378555,0.0857417,0.049402
0.008376718,0.011026859,0.024674416,0.13975906,0.2357502,0.10685301
0.008046746,0.023403406,0.052376747,0.14513543,0.21539831,0.12022495
0.008518696,0.029949665,0.07027054,0.010475764,0.103164434,0.079185486
0.009908378,0.028147459,0.07513523,0.027842268,0.139871,0.107984066
0.015130699,0.02087617,0.097577095,0.06430435,0.0023036003,0.21159422
0.06279507,0.017777562,0.10061169,0.09977484,0.3379302,0.044476032
0.035407186,0.018736243,0.077631,0.100102305,0.2594838,0.4030087
0.0290903,0.004402399,0.052954674,0.10183382,0.06452131,0.010983482
0.0224538,0.020731568,0.050545692,0.32733494,0.21673384,0.055285007
0.017265636,0.009275436,0.025535583,0.1571033,0.06542611,0.1495778
0.008116563,0.007151127,0.02646637,0.03610754,0.11474681,0.15177894
0.042683527,0.012842894,0.051724434,0.17453814,0.23144698,0.026067019
0.050363556,0.010294557,0.062672615,0.17478698,0.26741314,0.06360564
0.044728816,0.00018632412,0.049980164,0.08797765,0.24148035,0.06653595
0.04931444,0.00042378902,0.054231644,0.08488965,0.11708206,0.21955824
0.05542907,0.0038075447,0.06663895,0.115514755,0.14325428,0.26383257
0.07430592,0.0078982115,0.0008993149,0.10278225,0.1882217,0.18099499
0.102157176,0.013204575,0.08779526,0.1520071,0.6913128,0.00056886673
0.06336105,0.0031905174,0.015130043,0.1939986,0.2538452,0.1987474
0.054681182,0.0003143549,0.022294998,0.111909986,0.17804527,0.21951509
0.06168455,0.0094588995,0.013996124,0.038123608,0.118481636,0.09735775
0.053219914,0.024943471,0.020178795,0.059931755,0.07702541,0.11639047
0.029356837,0.03101325,0.03441906,0.07493007,0.17928314,0.017936945
0.023083955,0.021001816,0.023121834,0.041675568,0.4464798,0.2167666
0.030192763,0.038003325,0.04717827,0.2409451,0.49343443,0.028964996
0.0070846975,0.06019795,0.057876587,0.017853498,0.23709106,0.6684227
0.04229267,0.17367423,0.051591873,0.36605865,0.89788103,2.4375305
0.049001016,0.099657536,0.14043045,0.7543975,0.8976917,1.2879639
0.080543384,0.009477019,0.10849285,0.18227553,0.4105339,0.36845398
0.15871894,0.037632465,0.026955605,1.2416086,0.4278221,3.5611343
0.0835135,0.09430027,0.061831474,0.9827337,3.7057085,6.09828
0.13692963,0.045333385,0.07908535,0.6009579,1.4126091,3.3864517
0.15616381,0.057532072,0.052947998,0.5603709,0.67513275,2.0727844
0.13149929,0.054443955,0.03153038,0.071808815,0.31294584,1.0201569
0.047554135,0.041311562,0.026192665,0.40744305,0.43685627,0.60598755
0.06625354,0.09605163,0.06561375,0.28725958,0.59918404,0.54548645
0.02244699,0.13803023,0.15571213,0.56440806,0.49706793,4.954174
0.038817286,0.11477429,0.13480663,0.10572827,0.03368616,0.066373825
0.0029275417,0.015937805,0.008777618,0.044043064,0.10897398,1.4707355
0.0059645176,0.09547371,0.038025856,0.0846262,0.10086632,0.23274136
0.0025568008,0.10380703,0.025860786,0.083800316,0.1332314,0.115585804
0.05298114,0.037691355,0.00979805,0.002544403,0.06952065,0.29240036
0.12742859,0.019527078,0.06068611,0.06305313,0.0713675,1.0076275
0.007150948,0.06769872,0.018618584,0.2646103,0.42693782,0.74783516
0.019942343,0.03686452,0.015109062,0.5057559,0.55895627,0.62047386
0.033451974,0.0008664131,0.014111519,0.27380562,0.22763395,0.39678955
0.049810946,0.051275253,0.043574333,0.0364151,0.11428988,0.9545326
0.013768613,0.045287848,0.05095291,0.3727951,0.027443469,0.401515
0.025245845,0.01981616,0.02457428,0.28878403,0.15627646,0.024436474
0.014752239,0.054008722,0.026973724,0.23818302,0.12978077,0.004933119
0.021701008,0.03194785,0.014321327,0.04547596,0.12134552,0.030428886
0.0075867176,0.0047745705,0.005797386,0.16922855,0.16070512,0.28616333
0.012110874,0.00063824654,0.024536133,0.10363388,0.04849279,0.36825848
0.0016154349,0.010722637,0.04524803,0.18057346,0.44835234,0.32231808
0.0017856658,0.0077815056,0.052700043,0.0761919,0.229455,0.17913866
0.013148561,0.022479534,0.050801277,0.16203594,0.27062893,0.020751953
0.015254982,0.029399395,0.004668236,0.51040053,0.4410063,0.58503723
0.03319686,0.005270362,0.028337479,0.468997,0.43374944,0.30960107
0.01682645,0.015590191,0.056248665,0.050741196,0.09116745,0.089049816
0.015581593,0.023626566,0.049256325,0.15163803,0.08661461,0.12722969
0.030650184,0.0016014576,0.061163902,0.025910378,0.030948639,0.010302544
0.032362998,0.004090667,0.07067585,0.030509949,0.050930023,0.012296796
0.002378285,0.06350517,0.04856205,0.2759509,0.14382768,0.2214117
0.0015404522,0.021165252,0.06843662,0.32925177,0.057438374,0.3490982
0.012522489,0.03170955,0.08257103,0.008802414,0.24846107,0.09547663
0.028185517,0.054326236,0.057127,0.27406883,0.22824562,0.049281836
0.028479427,0.023872614,0.062532425,0.042773247,0.19620752,0.15094757
0.038425565,0.015005112,0.07636833,0.072099686,0.13558328,0.058743954
0.044525325,0.043609083,0.056645393,0.012058258,0.03474641,0.16164494
0.06169814,0.057537615,0.08974457,0.19631863,0.18717718,0.03765297
0.038568377,0.036248267,0.11064339,0.358006,0.123347044,0.39406857
0.024344623,0.052945673,0.10323334,0.11152613,0.03173113,0.005542755
0.010407269,0.063614845,0.08939552,0.18981647,0.060112238,0.28279877
6.240606e-05,0.058128,0.101109505,0.009519339,0.12003517,0.10132074
0.0038965344,0.065689206,0.08127785,0.23686695,0.012058616,0.0282619
0.008097231,0.05856347,0.11069679,0.3094077,0.12045026,0.072598934
0.00036239624,0.060216606,0.123604774,0.093483806,0.04938692,0.3868742
0.008182466,0.039469063,0.10539627,0.05547142,0.030295491,0.4005749
0.007317364,0.036783814,0.09511089,0.08116126,0.020447731,0.021020055
0.0095258355,0.043415964,0.09435177,0.015505552,0.014387608,0.013995968
0.01996249,0.04445696,0.107616425,0.100832224,0.09232867,0.10904762
0.015021384,0.06184721,0.11777115,0.21812963,0.12687963,0.10872805
0.014291823,0.058024645,0.13517952,0.1408906,0.06491175,0.12364262
0.02778405,0.031090498,0.09253025,0.1154418,0.010254368,0.05605197
0.02530998,0.036875844,0.093678474,0.108133554,0.02056861,0.26603127
0.0026729703,0.036266208,0.090462685,0.051946163,0.07894194,0.05601883
0.025529742,0.05836439,0.020108223,0.14239597,0.1353693,0.021697998
0.07917327,0.067819,0.07774544,0.5976372,0.5884514,0.97190094
0.08677119,0.11947107,0.07343292,0.6365962,0.08100605,0.45903015
0.064395726,0.19727218,0.024407387,0.48915148,0.27482414,0.65789795
0.21454138,0.17905068,0.029930115,1.0797014,0.44648552,0.9651184
0.1579678,0.038122058,0.08168316,1.4791269,0.09379959,2.6172981
0.07902902,0.038416386,0.08838749,0.38827896,0.1968503,0.4057846
0.14987433,0.047558904,0.06916714,0.9140022,0.79873633,1.3704681
0.18108726,0.04181832,0.14417839,1.076891,1.2572262,2.2210083
0.20023572,0.09536588,0.07700348,1.7123815,0.7221284,0.5036926
0.2256788,0.10439283,0.17908669,0.16387105,1.7250209,0.6279602
0.52350235,0.24658954,0.34498024,0.43110085,6.6970577,12.704132
0.056684732,0.20243138,0.06452942,3.7825394,8.42927,1.6954727
0.14771044,0.09765744,0.1695261,4.0164337,0.6432214,2.125496
0.011456013,0.1924156,0.010754585,1.5735626,1.07971,1.5269585
0.23830199,0.2954468,0.03142643,1.5337963,0.38774967,0.5174446
0.26611447,0.28971332,0.021408081,0.11807513,0.31271124,0.3991394
0.26965368,0.1479032,0.13105392,0.22483969,0.2243452,1.5374622
0.29475105,0.024114847,0.29869556,0.035902977,0.22893524,0.2723465
0.19652462,0.14115721,0.26429176,0.725621,0.07609701,0.4611225
0.18469715,0.083642244,0.1947689,0.11868429,0.62305355,0.39094162
0.16295457,0.08164385,0.16728687,0.27504277,0.058193207,0.076395035
0.09100771,0.09298137,0.14608765,0.6898439,0.25400877,1.1079931
0.06182921,0.042359293,0.14204216,0.2117557,0.342785,1.1331806
0.022776484,0.017450064,0.12687969,0.30353546,0.10295057,0.3863697
0.096102834,0.025969446,0.1171217,0.40827394,0.6871166,0.6717529
0.011737227,0.10976568,0.09654617,0.025639385,0.20900583,0.91840553
0.0123131275,0.07299361,0.09710121,0.1134094,0.20984793,0.019330978
0.0857116,0.10022849,0.092347145,0.29273844,0.91339636,0.31419182
0.086291134,0.08751196,0.09087372,0.3543706,0.72840863,0.6927986
0.08497369,0.067923605,0.055665016,0.47524524,0.21279907,0.50304794
0.10188848,0.05468446,0.044179916,0.27617192,0.30692005,0.059373856
0.09745306,0.06310624,0.062542915,0.1956873,0.6242585,0.09141564
0.060231984,0.034842253,0.057196617,0.0748477,0.04696107,0.68623734
0.07834256,0.00956738,0.051508904,0.14833164,0.018463477,0.31833267
0.08497703,0.035886526,0.02148056,0.25415587,0.42325354,0.4793434
0.120672464,0.03400898,0.021974564,0.15143347,0.73027515,0.70944977
0.14633113,0.054667592,0.06738663,0.08078289,0.71148396,1.402031
0.06361723,0.035645723,0.08867359,0.47814417,0.08401775,1.8800354
0.076048195,0.13399148,0.00053691864,0.51761436,0.38006687,3.3781128
0.094289005,0.060845852,0.073399544,2.6016903,1.0566366,2.713787
0.09558365,0.07240546,0.15394592,1.6631179,0.22160077,1.1184845
0.047290087,0.17188549,0.115198135,1.1946164,0.64945984,0.3414917
0.07984826,0.101302385,0.023061752,0.14693356,0.44140577,2.3374119
0.07178012,0.045645475,0.08123875,0.49543712,0.48311687,0.5537605
0.046447277,0.03640771,0.04596615,0.5486121,0.5051898,0.753767
0.07504888,0.004827738,0.030453682,0.7544594,0.8750654,0.5923786
0.08649886,0.00827527,0.0074949265,0.5315695,0.31055307,0.21059799
0.0051213205,0.061656952,0.00065135956,0.1590004,0.13847971,0.093976974
0.029862225,0.06465721,0.0766449,0.2018094,0.06694698,0.37726212
0.05363801,0.034032345,0.15410233,0.051529646,0.036507607,0.5702896
0.048738033,0.019538403,0.104151726,0.15154791,0.23186111,0.2194519
0.1742732,0.0023949146,0.10447121,0.59694767,0.49219894,1.6977005
0.14379123,0.10478568,0.10425949,0.09136963,0.84978104,0.620491
0.2353715,0.07825041,0.077466965,1.3049088,0.2569723,0.16792059
0.39851958,0.08407903,0.092188835,0.6028347,0.78570485,0.26391602
0.3237134,0.07739782,0.19552803,0.76670647,0.42175722,0.30641556
0.12482834,0.02094245,0.27513885,0.6576247,0.6409135,2.7838135
0.026257634,0.016138792,0.15519333,0.93749714,0.23386157,1.2996521
0.08219296,0.07374549,0.08455086,0.62371826,0.07360339,0.38736343
0.082017586,0.13805771,0.23981667,0.38562202,0.054957747,2.0722275
0.10329014,0.19864154,0.20532417,0.00925684,0.31276894,2.4752197
0.13100235,0.1162138,0.21872139,1.8184179,0.28103828,1.0504379
0.09577796,0.078285694,0.28767014,0.4485185,0.81507206,0.8019104
0.057933107,0.021442652,0.3052168,0.47267246,0.10259485,0.8090744
0.091505066,0.021080732,0.2756319,0.033194542,1.0289695,0.36777496
0.02473098,0.016223192,0.17507935,0.1495018,0.20508772,2.3000336
0.06461662,0.004488468,0.120993614,0.03677082,0.5273676,0.41219902
0.1339215,0.005105257,0.21564674,0.6310195,0.6536617,2.8219223
0.07812846,0.07781315,0.15258503,0.76814914,0.14970207,3.5117798
0.25189233,0.025760174,0.1360836,0.3079878,0.69125557,1.2194061
0.25124073,0.20087981,0.043678284,0.16166353,0.60982513,0.46161652
0.17592108,0.19794512,0.15342045,0.22597885,0.5924568,1.7101364
0.020046234,0.031088114,0.150527,0.60429573,0.7845764,0.9687538
0.17975986,0.24715126,0.08532524,0.09591293,0.6367922,3.550415
0.013662219,0.26863158,0.07770157,0.4657569,1.5230081,0.062080383
0.07129812,0.3202635,0.13019276,0.2932465,0.17570662,0.65696716
0.12676889,0.15695226,0.16081429,0.18286833,0.24724984,2.6362495
0.15643555,0.1043489,0.16104126,0.09544945,0.105623245,0.8301983
0.1277397,0.082206726,0.17586422,0.16551876,0.26591873,0.84711933
0.07852796,0.06191361,0.20230103,0.24104261,0.521142,0.07468414
0.07994944,0.029409885,0.17552662,0.41671002,0.021960258,0.51486206
0.058823355,0.009730935,0.1476059,0.09436846,0.37763834,0.56760216
0.046374626,0.013361931,0.116687775,0.50629425,0.8207252,0.31048965
0.030474588,0.028046727,0.10096264,0.65075445,0.81334925,0.28617287
0.010077864,0.05102122,0.04321575,0.3650881,0.50625706,0.12005043
0.039518565,0.08657277,0.04446411,0.12522244,0.2629261,0.2982378
0.059277147,0.010496825,0.06359768,0.21177688,0.47225428,0.29742622
0.1453251,0.02549082,0.13942814,0.06433368,0.6343336,0.33875656
0.16569105,0.15862606,0.21893787,0.17573595,0.41022778,0.030525208
0.16570404,0.3047882,0.0774765,0.1264472,1.4084492,1.07518
0.1888127,0.2573659,0.088829994,0.5206609,0.115000725,0.6351166
0.42664146,0.56977963,0.12079048,1.2956898,2.1112757,2.740219
0.45806623,0.7238507,0.32160473,3.9862986,1.7508392,0.80113983
0.4408486,0.41038406,0.21793365,1.4657488,2.5052342,9.267939
0.50321484,0.3394152,0.08847332,1.2828913,1.1564918,0.5998993
0.5194982,0.31284738,0.05192566,1.6783209,1.0639286,1.1050115
0.42668572,0.22434247,0.08466244,0.69929504,0.5482936,0.69784164
0.9116465,0.047880262,0.01224041,9.57872,8.899574,16.386978
0.7321924,0.07606067,0.087325096,2.1728745,1.6339498,1.3794479
0.6452757,0.0051930523,0.069931984,0.18682098,1.7004304,0.7784233
0.33260673,0.22448394,0.019485474,1.7785425,0.19387722,0.312088
0.23151177,0.053207874,0.0376997,0.013701916,0.10324216,1.2681761
0.19827539,0.09025866,0.036930084,0.048933506,0.09718418,0.2674446
0.14845425,0.049836278,0.0319767,0.2735939,0.5472374,0.027923584
0.10377514,0.08468312,0.016900063,0.14807892,1.3526096,0.1290617
0.16143277,0.07906985,0.032539368,0.36906704,0.01615572,0.043810368
0.14073724,0.060645223,0.053441048,0.26722336,0.052521706,0.4020834
0.11326386,0.0398463,0.077077866,0.28356123,0.16881154,0.21922565
0.065690085,0.019747972,0.10656834,0.05096817,0.4343872,0.11603129
0.02835922,0.010178208,0.17935753,0.5238285,0.30070686,0.18039131
0.037110865,0.03977859,0.13043976,0.41319084,0.047545433,0.06280136
0.025414914,0.031172514,0.08765125,0.35831833,0.3071413,0.21578884
0.0031062365,0.023457646,0.095739365,0.25724983,0.5202279,0.06362057
0.036255836,0.021105766,0.095131874,0.32041836,0.7513752,0.46278095
0.06812519,0.019000769,0.084215164,0.46089745,0.6874013,0.4247656
0.1149472,0.0785315,0.025136948,0.642848,0.28284264,0.27596855
0.103455305,0.0978899,0.0047445297,0.21608162,0.15689325,0.99431896
0.107057095,0.09654355,0.02747631,0.27157736,0.14767933,0.12686205
0.12989807,0.100278854,0.088264465,0.2964201,0.16367245,0.21851921
0.15774333,0.109880686,0.1800108,0.25567818,0.08870411,0.37097263
0.19150794,0.09125447,0.21369553,0.3904934,0.13439608,0.56817627
0.20881379,0.12466955,0.20795155,0.88126373,0.43126678,0.44713402
0.14965749,0.13893509,0.23483467,0.38706207,0.4725151,0.07968712
0.10182035,0.17309523,0.2870493,0.58312607,0.39766216,0.20732307
0.06664598,0.13353872,0.3073063,0.15788269,0.17220402,0.23449135
0.014653981,0.1189394,0.285614,0.33132553,0.20456791,0.50329876
0.050384343,0.13440657,0.20987892,0.54484177,0.2345109,0.2667489
0.17823896,0.14254808,0.006081581,0.3842888,0.17282596,0.09740257
0.21332633,0.13361168,0.043029785,0.15955639,0.07247639,0.6525402
0.22919819,0.18379593,0.043314934,0.18258858,0.23087406,0.8140602
0.27228945,0.18584919,0.06201935,0.65808773,0.68430614,0.5427475
0.30435157,0.120622635,0.055330276,0.22711754,1.0900974,0.03117752
0.32569236,0.040389776,0.098155975,0.18206096,0.8223169,0.8614311
0.33172902,0.022133827,0.13093472,1.5320282,0.34881973,4.707343
0.31188282,0.28912616,0.15350151,0.17362022,0.5231745,1.152113
0.06615642,0.2536025,0.19581413,1.1870537,0.7144473,1.8222687
0.026919305,0.18615031,0.116371155,0.79512596,0.029202938,1.297355
0.016940892,0.13618875,0.015323639,0.73088574,0.21930838,0.7426634
0.013435185,0.09965181,0.05022335,0.11129093,0.5935173,1.1267548
0.020469606,0.04118085,0.10452747,0.39977264,0.49472904,0.931057
0.0030706525,0.020361185,0.095214844,0.36992264,0.6078193,0.40589428
0.05809796,0.015521288,0.08781052,0.013336897,0.22954822,0.21627331
0.04581356,0.013040066,0.07694721,0.03844118,0.23968554,0.43898678
0.03592205,0.03294778,0.0810709,0.02370739,0.30835438,0.6511488
0.046105742,0.054093122,0.04375267,0.16827583,0.17956352,0.13944507
0.024364948,0.04785943,0.03910446,0.11427784,0.43630695,0.22890663
0.00093084574,0.07050085,0.03847599,0.22725964,0.5690074,0.31705618
0.0042215586,0.049978733,0.026351929,0.08886099,0.023536384,0.015148878
0.0150488615,0.035415888,0.03133011,0.12817001,0.15861082,0.112148285
0.016464114,0.08004832,0.10168266,0.21273994,0.6552887,0.36546516
0.09568566,0.09724784,0.04829502,0.043087125,0.7733612,1.9453983
0.14319941,0.008203745,0.16607094,0.045858383,0.5295906,2.0739136
0.08720642,0.042785406,0.12748623,2.118343,1.6048262,1.1907005
0.024711251,0.0913353,0.03550625,0.87344575,0.7105317,0.35844886
0.03578013,0.045017242,0.09077835,0.2020607,0.023032188,1.1744409
0.041000366,0.033076525,0.086455345,0.19013596,0.14959335,0.5812588
0.049664855,0.054652214,0.08082771,0.14239883,0.20086145,0.6136646
0.054790437,0.1178565,0.08992863,0.11398888,0.20246506,0.6383648
0.09110111,0.13178372,0.14777756,0.029761314,0.15184021,0.102772474
0.06518799,0.1073935,0.19625378,0.015133858,0.03713131,0.21463323
0.053198755,0.09501696,0.25326538,0.07456684,0.12393761,0.24522114
0.027746439,0.06628132,0.28232193,0.10250807,0.18491888,0.23916054
0.07283771,0.03583598,0.34825993,0.0973053,0.6409035,0.5877075
0.20292938,0.10343766,0.4897089,0.43997288,2.1103115,0.42532158
0.29647863,0.14902163,0.49595642,0.41323376,0.52276516,0.80606747
0.30968904,0.16722178,0.35365963,0.34560966,0.2482872,0.10920715
0.32090878,0.19851494,0.27439308,0.060606703,0.0125255585,0.5331211
0.37460732,0.24388361,0.30383348,0.2811768,0.2962761,0.48003006
0.46919155,0.30314398,0.30938005,0.08491087,0.22152948,1.3472891
0.69119406,0.4221387,0.033216,0.113796234,1.1871052,0.2514248
0.70047045,0.27565718,0.024746895,1.3724136,0.059087753,0.8662319
0.8227825,0.18646479,0.0068302155,0.16430473,0.5703144,0.25462723
0.72047377,0.14157867,0.06274891,0.68205833,0.41570663,0.22973394
0.51908755,0.12075186,0.35016155,0.44119835,0.9230881,0.1889329
0.45514727,0.13148642,0.533865,0.14385796,0.48576355,0.6425538
0.4935298,0.21459389,0.58553934,1.3246994,0.71232605,0.68523216
0.36899424,0.1465888,0.5675745,0.24902916,0.15563202,0.287529
0.4300604,0.17973328,0.5428686,0.49725723,0.57688713,0.6888001
0.41710353,0.19743395,0.59081554,0.6340637,0.32912827,1.230001
0.303473,0.15490341,0.41161203,0.08439827,0.077744484,0.28071356
0.20781326,0.1293745,0.24575186,0.8469095,0.37163162,0.80608255
0.06901765,0.08532953,0.07762241,0.7914791,0.9778452,0.8984256
0.083137274,0.105050564,0.083370686,0.8471708,0.9869585,1.2119217
0.097007275,0.15423918,0.11977005,0.33418632,0.1069237,0.57623434
0.028593183,0.081408024,0.17585754,0.016663074,0.10710168,0.5918999
0.08016193,0.023046017,0.21004772,0.43413734,0.081264496,0.2069292
0.12848455,0.041246414,0.26531315,0.83779716,0.87971497,5.378128
0.113477185,0.51166415,0.02082634,3.06427,1.6847267,11.246033
0.45817447,0.2669909,0.16898537,2.094779,2.1623309,20.082428
0.3108446,0.15698051,0.14500427,0.88952637,2.1370049,8.606293
0.05239749,0.3001969,0.16583347,1.8730469,0.021335602,8.2024765
0.10331142,0.4893936,0.10845566,1.0055237,0.3001995,0.9560509
0.084073424,0.35088456,0.15441895,0.9494171,0.7900095,2.022379
0.11952853,0.16748881,0.25605297,0.57906914,1.2316055,1.630847
0.1028347,0.2993605,0.21082878,0.3420334,1.1865101,0.21203995
0.08758783,0.27544713,0.18933868,0.23831558,0.6215143,0.0722847
0.10120535,0.1816504,0.13836575,0.65247893,0.3174286,0.3550949
0.073661566,0.23150086,0.08424091,0.17682071,0.35378408,0.470726
0.06530404,0.2771883,0.07381439,0.13197243,0.93714833,0.037841797
0.07437217,0.3160441,0.17530823,0.009181976,0.6294613,1.7966156
0.055134892,0.2811718,0.006457329,0.82727146,0.30605888,1.6018047
0.073313355,0.07490182,0.03193474,0.3287325,0.7364359,1.4300175
0.1407249,0.16012311,0.18125534,0.33684015,1.0232983,0.67070246
0.17649305,0.13719678,0.1357956,0.1893233,0.30283546,0.7726946
0.15374446,0.1008172,0.098807335,0.25181746,0.35738564,0.16010928
0.16783929,0.12284517,0.07974625,0.14302444,0.0119075775,0.03697872
0.13769126,0.06644726,0.017442703,0.40071273,0.38247204,0.15342188
0.059367,0.020413876,0.006658554,0.06961346,0.2198964,0.2555437
0.04312533,0.031096458,0.017576218,0.28531647,0.33955097,0.14699459
0.03678623,0.032031298,0.020827293,0.24139637,0.04135132,0.47276866
0.023906678,0.024487495,0.0013246536,0.1717546,0.023088932,0.2814107
0.055791162,0.05531621,0.044898987,0.12792277,0.1343174,0.21550095
0.019100226,0.04654622,0.051797867,0.30717325,0.20222616,0.03157425
0.013807304,0.039841652,0.052290916,0.4037223,0.05055237,0.010674
0.0069076717,0.038539648,0.07155228,0.13554001,0.071526766,0.036517143
0.015322402,0.032419443,0.10376549,0.2843647,0.04846573,0.11229324
0.007242322,0.070521116,0.12547684,0.1272583,0.18118668,0.088386536
0.0982981,0.14697146,0.13933754,0.22945976,0.18933296,0.7352867
0.19509122,0.17772532,0.17518044,0.9690404,0.12990713,0.8467903
0.27274838,0.08087039,0.081477165,0.58091164,0.5272336,1.354332
0.12625784,0.089407206,0.0142354965,1.6771481,0.4317298,0.05773163
0.036141276,0.056479692,0.018998146,0.07711458,0.04781127,1.757328
0.09542847,0.014524698,0.09993458,0.22652721,0.6907077,0.6052017
0.10773505,0.086583614,0.04652691,0.37129658,0.18162632,3.3551254
0.041949004,0.16504073,0.083711624,0.4085455,0.312114,0.07803726
0.018330596,0.29231477,0.08631134,0.7979021,0.9532745,1.361021
0.026822045,0.30196905,0.10812569,0.63647556,0.63313234,1.1945419
0.015192091,0.24060106,0.12001705,0.40458632,0.34910297,0.75345707
0.029690087,0.17377472,0.092339516,0.28121567,0.5326228,0.36474228
0.013582468,0.07053161,0.06600666,0.08409119,0.28390768,0.39185
0.017461002,0.06238103,0.0036563873,0.19917703,0.19676542,0.23751068
0.015628576,0.053742886,0.049959183,0.15665436,0.05064583,0.05264306
0.009240031,0.057657003,0.057305336,0.14215708,0.11661911,0.111700416
0.006770134,0.05523944,0.058989525,0.13317823,0.14363289,0.0745337
0.005011916,0.048941493,0.055802345,0.1596098,0.13331747,0.058428764
0.027223349,0.019593477,0.036723137,0.19173932,0.042900085,0.15603065
0.0043787956,0.0021796227,0.03992653,0.24441934,0.21157694,0.009396076
0.0013716221,0.009482384,0.040171623,0.21193981,0.036239624,0.05131626
0.0021214485,0.020768642,0.045853615,0.026639938,0.07343531,0.062235594
0.004555106,0.02696228,0.048666954,0.0020360947,0.011031628,0.061528683
0.008808494,0.030009627,0.044125557,0.030887604,0.03987074,0.050423384
0.009680867,0.04730308,0.024968147,0.11327839,0.17750645,0.11962414
0.026334643,0.015731812,0.03568554,0.31165457,0.30793607,0.49414825
0.0098798275,0.026594639,0.017533302,0.06282854,0.051591992,0.10533905
0.061254144,0.03934586,0.07987976,0.41024256,0.06522465,0.5354233
0.12821937,0.011921883,0.06809044,1.0215192,0.29194117,0.7216797
0.106221676,0.10055649,0.011396408,0.653527,0.72315884,1.2056274
0.04263246,0.06571114,0.044999123,1.1869631,0.50955296,3.06839
0.07115424,0.05663371,0.05676174,0.35280228,0.78817177,0.82227707
0.003435731,0.001364708,0.14178753,0.499094,0.7847309,0.31004095
0.10456306,0.056824803,0.19402981,0.21907043,0.17396736,0.49650192
0.08149937,0.11688721,0.102095604,0.3235283,1.3727627,0.61647797
0.010763705,0.14221585,0.06995487,0.21209645,0.2885599,2.0508652
0.057431273,0.056957245,0.021875381,0.258461,0.10430908,1.9378128
0.122526854,0.040628433,0.0738163,1.4895697,0.10477662,0.7634373
0.08865614,0.015848279,0.069999695,0.40067196,0.20546734,0.8854675
0.056244075,0.036789775,0.05974102,0.4293362,0.52975845,0.9991989
0.17267482,0.0365057,0.048078537,0.0069024563,0.34850883,0.9575844
0.28855476,0.007290721,0.24354076,0.24108315,1.1495972,1.6587448
0.31998926,0.15538573,0.3026905,0.6902256,0.7759228,0.30705452
0.13604397,0.09534109,0.09085941,1.4724125,1.0879993,0.102915764
0.02451405,0.058068514,0.014852524,1.2662282,0.053310156,0.50030327
0.071520746,0.025758743,0.0733099,0.17140627,0.09285736,0.072677374
0.091017425,0.0315876,0.053170204,0.0076203346,0.026879787,0.095026255
0.09101263,0.04298961,0.028085709,0.12116432,0.21061158,0.13417292
0.096388385,0.031638503,0.010644913,0.171772,0.11566353,0.15070009
0.106114894,0.0355376,0.010083199,0.34344482,0.061803818,0.17356116
0.116699606,0.07273078,0.12156105,0.28573608,0.3904686,0.13739479
0.15735072,0.07419491,0.15022945,0.2127533,0.28720093,0.07470465
0.16961376,0.078439,0.053100586,0.4842682,0.40738487,0.093435764
0.2147534,0.060387373,0.17941761,0.35005045,0.028099775,0.5279939
0.28431058,0.102648854,0.054486275,2.7110748,2.529213,0.3355139
0.09886074,0.034659028,0.0009613037,0.77762985,0.5659256,0.013442755
0.013314724,0.051787972,0.056926727,0.28642178,0.71276283,0.14430285
0.07134032,0.038608074,0.18097305,0.55777454,0.23571873,0.6306362
0.052292943,0.0001578331,0.3347416,0.3782618,0.22725964,0.034981728
0.012507558,0.05202055,0.3831768,0.90313196,0.23922634,0.1728754
0.018131256,0.109152794,0.21598911,0.4178149,0.03402233,0.18704224
0.027002215,0.01249218,0.28391933,0.10374585,1.291388,1.7738667
0.05908549,0.029742002,0.3187437,0.29064018,0.72292423,0.84290695
0.13831568,0.02786851,0.30294514,0.11729872,0.19447994,0.71129227
0.3416177,0.046350956,0.2794819,0.37324238,0.36426735,1.2938004
0.37372315,0.017117739,0.022305489,1.2958193,0.12651062,2.085022
0.3920964,0.66749024,0.0037031174,5.527212,2.1979468,11.853195
0.41001987,0.34401846,0.15677166,4.861393,0.23014975,3.9366226
0.025568187,0.33750296,0.040136337,0.8631115,2.0948553,0.87654877
0.1071219,0.28440762,0.22625732,2.929636,3.0782547,2.75074
0.061750293,0.26428604,0.46743774,1.6649323,2.9658756,2.2571106
0.1430248,0.1901493,0.47766018,0.19148636,0.259614,0.73742676
0.019683182,0.97834396,0.50215054,4.2602563,3.834793,10.363159
0.18651503,0.9428539,0.61885834,1.5921335,0.0867815,1.2420883
0.075556576,0.9676595,0.48390675,0.8371239,1.8837261,0.7208328
0.029301465,0.8892722,0.6560726,1.0626392,0.36904383,1.7020836
0.15641756,0.7037029,0.32397747,0.35888958,0.9153881,0.04210663
0.027211607,0.6476779,0.29930973,0.72063875,0.99730587,0.4858017
0.2964741,0.3427124,0.20817566,0.5264753,0.56682396,0.41288185
0.32355142,0.15186214,0.1530323,0.012451172,0.67191696,0.3093109
0.29438257,0.04197526,0.14908028,0.17923546,0.047851562,0.3095398
0.2577188,0.07060623,0.062992096,1.1721035,0.33597565,0.25274658
0.24272704,0.14165926,0.048153877,0.37774944,0.03836441,0.71754456
0.14238858,0.18273759,0.094548225,0.34397364,1.0241995,0.023452759
0.023285627,0.25402308,0.020384789,0.3899212,1.6692386,0.0953331
0.24003768,0.051416397,0.057538033,0.19029903,0.13232398,0.9497528
0.43910027,0.012697458,0.024287224,0.13417721,0.25332475,0.22411919
0.46092105,0.0289886,0.06938076,0.0536108,0.9940942,0.6225853
0.32399535,0.115588665,0.13914967,0.07084656,0.051483616,0.68224335
0.20232618,0.08698392,0.14107895,0.30165005,0.68819714,0.6414032
0.07111752,0.03826666,0.10389805,0.21600723,0.26115704,0.8465481
0.0857327,0.008674502,0.09244728,0.8964319,0.16675043,1.0683136
0.049070418,0.018835604,0.07338619,0.4642954,0.20377922,0.21424913
0.08913401,0.048548996,0.059713364,0.20618916,0.14155102,0.113931656
0.0776709,0.01405704,0.0011091232,0.15278435,0.0223732,0.19146228
0.12772454,0.0460577,0.07317066,0.19449425,0.18626976,0.4402368
0.13431752,0.11103332,0.13968086,0.56674063,0.21928215,0.014231324
0.1528073,0.050937057,0.10509682,0.28174067,0.020715922,0.12057626
0.14932054,0.045764923,0.088974,0.8402152,0.21375704,0.23596454
0.1599397,0.037185192,0.112789154,0.4815507,0.11966181,0.303401
0.13398999,0.002721548,0.099710464,0.44678378,0.04001522,0.047213197
0.10804033,0.0061893463,0.07512379,0.30223846,0.23008347,0.12192869
0.06882131,0.0689137,0.046126366,0.22222137,0.4233265,0.24689865
0.03174436,0.008755922,0.036779404,0.7916355,0.32711697,0.46858835
0.047770977,0.0282619,0.029924393,0.21439648,0.015949726,0.096339226
0.03347063,0.0236969,0.0013484955,0.27680397,0.24235511,0.5581989
0.0073875785,0.016349316,0.008784294,0.21773434,0.27810907,0.14118767
0.011360735,0.045524836,0.07816315,0.102799416,0.15041399,0.26524162
0.042414516,0.031449556,0.18306923,0.018248558,0.14501,0.14477444
0.03523986,0.02753067,0.22902012,0.6116781,0.092695236,0.42707348
0.0059452504,0.03256321,0.30935097,0.20410037,0.06674242,0.75418854
0.07970731,0.077875376,0.25058937,0.5613718,0.26846457,1.732193
0.039222434,0.16718793,0.18554592,0.026293755,0.1213398,4.35112
0.18520467,0.2810142,0.21579647,1.6159148,0.7926731,3.8887253
0.22750518,0.17682767,0.17106533,0.15438747,1.7880135,1.4236603
0.0032852888,0.073432684,0.13114834,0.6265197,0.8085871,1.722269
0.02850902,0.15210128,0.06087303,0.31935215,0.09505463,0.735466
0.0521906,0.052396297,0.16217041,0.8278012,0.5972185,2.0248566
0.0071997643,0.02545333,0.07003784,0.27541184,0.8445883,2.3390503
0.028038502,0.07975435,0.015156746,0.031410217,0.3806467,0.8980408
0.014493942,0.1180284,0.06915474,0.49884593,0.028458357,1.0402718
0.04589665,0.103186846,0.06064987,0.7469065,0.073192716,0.563797
0.072805345,0.090307474,0.110741615,0.38895464,0.3225068,0.18732643
0.075288355,0.061110497,0.16513824,0.044359207,0.29059616,0.14947033
0.05384755,0.06699872,0.13703251,0.18557835,0.13280289,0.48871326
0.033932865,0.040745497,0.15622234,0.011862755,0.110816,0.41126442
0.004866332,0.04151845,0.13306236,0.3420477,0.06414318,0.2818432
0.054690868,0.036379218,0.16575527,0.07260394,0.3942325,0.49009705
0.004043326,0.01653421,0.19264698,0.4838996,0.14141273,0.09812927
0.023609258,0.031780005,0.14883995,0.18995476,0.13468838,0.068647385
0.037245486,0.017486095,0.14303303,0.09010601,0.36081362,0.11124897
0.05423571,0.0052542686,0.08658314,0.11269665,0.21451855,0.25331068
0.09309593,0.029138803,0.09440708,0.050964594,0.06841946,0.46667862
0.08304167,0.007680297,0.079686165,0.18553782,0.040475845,0.1690321
0.103862256,0.008756518,0.01316452,0.12112975,0.26193142,0.29698467
0.112662524,0.0026404262,0.0259943,0.022603586,0.040029526,0.110238075
0.076862365,0.0034664273,0.06792927,0.16396135,0.15951443,0.24648952
0.061057776,0.004457891,0.04361534,0.007771969,0.29317474,0.25832748
0.0018955469,0.09387824,0.08529949,0.43958855,0.3468609,0.016672134
0.03783363,0.0019892156,0.044758797,0.70849514,0.28240728,0.47022152
0.072154164,0.020692632,0.008029938,0.1461401,0.23477125,0.05500555
0.109384835,0.045660615,0.012765884,0.13769388,0.36668897,0.19255877
0.09829814,0.054630995,0.03358078,0.012029886,0.2270723,0.017089367
0.10900566,0.055221103,0.03199005,0.1167593,0.24223995,0.21327877
0.027629673,0.05136086,0.046240807,0.09906483,0.2743821,0.13886023
0.015804708,0.072309166,0.032159805,0.111284256,0.4369278,0.29188108
0.007536292,0.09835656,0.009471893,0.005396366,0.2539339,0.31720567
0.022196233,0.09919681,0.022788048,0.2977859,0.12553215,0.5236038
0.020727515,0.08840796,0.049054146,0.05793488,0.25738764,0.49015573
0.022959232,0.076393485,0.056023598,0.28117037,0.09250641,0.19530082
0.045645475,0.032462776,0.035809517,0.4498539,0.08095455,0.011638641
0.057457924,0.026210368,0.047157288,0.11343336,0.058984756,0.15207958
0.045672894,0.034038603,0.033901215,0.21904635,0.09677863,0.23875093
0.058761835,0.028502643,0.085538864,0.38948488,0.04746461,0.13713217
0.07755065,0.023092628,0.091228485,0.6264727,0.06702566,0.013083458
0.049220443,0.027020097,0.09024906,0.38157678,0.009778023,0.3950777
0.02572167,0.08972907,0.08230591,0.09581518,0.2877288,0.69107723
0.0040426254,0.062140107,0.05549717,0.23959565,0.16545749,0.45664358
0.0044300556,0.068571806,0.090628624,0.17099118,0.08244085,0.068510294
0.018929243,0.08341098,0.13269043,0.09495616,0.07672155,0.20450878
0.067004085,0.06856918,0.22590923,0.2628429,0.3136034,1.9494247
0.0066022873,0.021971941,0.14348125,0.634514,0.6759777,1.7442932
0.29076576,0.11517787,0.16163445,2.2048886,0.23617935,0.7698517
0.17317903,0.23737907,0.32328224,1.6350636,0.1682558,4.671438
0.36261094,0.10138774,0.099407196,0.8604641,2.1406987,1.700695
0.324669,0.018244028,0.01921177,0.8683214,0.3122462,1.4629059
0.18874562,0.010730743,0.06625652,1.1068249,0.13949156,0.0007324219
0.13157153,0.06912351,0.11526203,0.5609193,0.1342988,2.7908516
0.059810042,0.15961766,0.18008709,0.022554398,0.78656507,0.33428192
0.0851351,0.13147831,0.1399889,0.67735624,0.042129993,0.99009705
0.047334075,0.071107864,0.11751175,0.23099041,0.2762413,0.14217377
0.070733726,0.05674851,0.10380268,0.9317651,0.14340734,0.29682636
0.04789257,0.045201182,0.080815315,0.64899147,0.17947817,0.54108715
0.043105364,0.022934437,0.07243347,0.3079847,0.13007355,0.16775894
0.013035893,0.016367793,0.058015823,0.07113552,0.20986366,0.07827759
0.045715034,0.017150998,0.030337334,0.21174014,0.023921967,0.658885
0.024979651,0.02860415,0.03133869,0.03383565,0.06600046,0.12557507
0.014311254,0.028768659,0.029244423,0.18261814,0.14716578,0.31585407
0.0009832978,0.03038764,0.007860184,0.056576252,0.056727886,0.01634407
0.00015035272,0.025585532,0.006911278,0.18457747,0.14810848,0.06010008
0.021126062,0.0007195473,0.0022277832,0.2138176,0.28445554,0.25584984
0.08088899,0.0036317706,0.030151367,0.510309,0.076518714,0.80125237
0.02880323,0.09197813,0.028761864,0.257658,0.30477858,0.44893312
0.019754171,0.11438644,0.0049390793,0.31096458,0.0340333,0.09738743
0.014949024,0.06595975,0.0055704117,0.07606697,0.47132766,0.28638887
0.02824366,0.010518938,0.047299385,0.19035816,0.6729889,0.61699486
0.07294184,0.07421513,0.09948158,0.4140377,0.4755478,0.50747633
0.09327805,0.14645633,0.056246758,0.4291463,0.6588316,0.35716534
0.1125108,0.17184049,0.009033203,0.75297165,0.5324515,0.108461976
0.05104786,0.1620962,0.059147835,0.04902649,0.2723198,0.33166718
0.04402381,0.11723575,0.13863277,0.4873619,0.22531891,0.14861107
0.056237936,0.092181325,0.06965256,0.59029293,0.5482359,0.43081212
0.0050522685,0.10354233,0.15728474,1.1341305,0.30496836,0.242764
0.07627565,0.07907635,0.01851654,0.19631958,0.20110115,0.34524632
0.09217924,0.0820618,0.1352768,0.61198616,1.0725975,0.11430693
0.039974093,0.04503092,0.08291912,0.4065857,1.0887451,0.14032125
0.018157601,0.011771716,0.06760502,0.2812748,1.396944,0.016036272
0.10918772,0.00028795004,0.21468735,1.4676666,2.1263657,1.8784966
0.22863114,0.073057055,0.19819736,0.16727448,0.68020916,2.9084215
0.20697165,0.005954623,0.13104343,1.8570976,1.6380424,1.7080452
0.1998465,0.09182572,0.021256447,1.8470669,1.0718842,0.14225864
0.14735913,0.06609595,0.13220024,0.6561775,0.3023548,0.35987282
0.04344511,0.09742534,0.2265501,0.36726475,0.06185913,0.13730544
0.024089098,0.12085605,0.26197815,0.34172726,0.74493027,0.3566327
0.004791498,0.004560232,0.32313728,0.42119217,0.51591396,0.26209164
0.060048103,0.034663916,0.29459763,0.40644836,0.25300217,0.1829629
0.07697272,0.023056269,0.22158527,0.46158314,0.25749207,0.5504012
0.10620141,0.055610657,0.20567608,0.15814495,0.47167206,0.031801462
0.11501002,0.0707643,0.1932764,0.3713541,0.4864533,0.3496499
0.09610748,0.07043505,0.18115616,0.16911173,0.39694333,0.51201344
0.01057899,0.048526764,0.19420052,0.1731453,0.33255386,0.56835747
0.030391455,0.071802616,0.20263481,0.035182476,0.6893339,0.16222811
0.073765635,0.07577062,0.22811699,0.025872946,0.5285872,0.29354763
0.09960902,0.061772108,0.22142982,0.3428762,0.12830925,0.103569746
0.10034549,0.04772091,0.17767525,0.41451454,0.1457696,0.2332232
0.07810736,0.033170223,0.16973495,0.08677292,0.24060512,0.47438788
0.029260755,0.03746128,0.14142704,0.16977787,0.05617237,0.3475914
0.04964876,0.10956836,0.10418987,0.80229855,0.33485222,1.7044678
0.25618792,0.11324358,0.060539246,0.57107925,0.58399105,1.7543793
0.38385892,0.08162153,0.007950783,2.6680815,0.23148441,4.4334717
0.2336719,0.124433994,0.0033483505,1.2506714,1.0334885,3.9374237
0.1274885,0.0025492907,0.08559418,1.1811733,1.0291967,2.2241592
0.2951275,0.011003137,0.051469803,0.8031613,2.2009974,5.6461945
0.124852896,0.021949649,0.18946838,0.024555206,0.36124945,3.145378
0.042713165,0.09944314,0.073682785,0.81400394,1.3978086,1.5214233
0.008192062,0.029461056,0.12980366,0.2217474,1.014389,3.4314537
0.010640621,0.10586667,0.16664886,0.88045216,0.14471436,0.36284256
0.023189664,0.06054613,0.09139156,0.92100143,0.04075432,1.1603279
0.053768992,0.033821136,0.08425903,0.46004105,0.3228302,0.2358818
0.05051446,0.03224656,0.15272713,0.078894615,0.98471117,1.0446033
0.030880332,0.0883393,0.18922329,0.48108292,0.038636208,0.07095766
0.026630998,0.11079237,0.19042301,0.10877013,0.4673273,0.06297946
0.0010204315,0.12393975,0.18917179,0.24379587,0.17476591,0.18015027
0.019665837,0.12641543,0.21370697,0.06459224,0.2003482,0.0492754
0.08266729,0.023037672,0.19431782,0.0051294565,0.028845787,0.06646156
0.03697124,0.021756649,0.17312336,0.10610998,0.1781888,0.25380325
0.056918267,0.027792811,0.16871834,0.184654,0.2913766,0.22627544
0.060650572,0.02248919,0.15693188,0.040076256,0.45509624,0.28306842
0.05748789,0.023457885,0.1326313,0.020061016,0.31267214,0.16878283
0.06294966,0.022612214,0.11149025,0.04876852,0.42489338,0.08501614
0.12555626,0.040307045,0.027832031,0.019656181,0.7172165,0.26450443
0.07484895,0.009564638,0.010180473,0.41427612,0.27145767,0.35336113
0.06533307,0.005064726,0.026741982,0.4741993,0.756155,0.095461845
0.034674168,0.058084965,0.018095016,0.3272295,0.11789894,1.2063313
0.0041213036,0.021532297,0.056653023,0.25330257,0.28426456,0.5044937
0.09212604,0.12568736,0.2215786,0.14199352,0.09767008,1.0961151
0.21461509,0.1875186,0.14103317,0.55623245,0.23408651,5.1239166
0.1664599,0.049677372,0.02600193,1.0955315,0.4664445,1.0287628
0.076722175,0.38427186,0.021562576,0.38176107,0.4317994,1.4565735
0.10141142,0.35180497,0.038303375,1.2631973,1.3958168,9.288391
0.1676601,0.0056169033,0.20843792,2.848919,0.25337982,8.959511
0.14879707,0.087026596,0.19267559,1.5492115,1.739085,1.0480042
0.11290985,0.1835134,0.2399311,0.48898506,0.59836245,0.3083954
0.008574486,0.29496777,0.20181274,0.87178516,0.34894562,0.26837873
0.025371611,0.24656391,0.17439747,1.4402937,0.38437653,0.6713071
0.04286027,0.12856197,0.15946388,0.8758849,0.16402245,0.05462265
0.0247612,0.02577126,0.10525131,1.0198582,0.045207024,0.5313072
0.030263782,0.010252953,0.05644989,0.5446427,0.08907509,0.37909317
0.0012657642,0.07270795,0.040242195,0.56071854,0.16161585,0.077812195
0.0067898035,0.051817894,0.022065163,0.036601067,0.20458531,0.80067825
0.021725059,0.021718562,0.03449726,0.02644825,0.13416809,0.53718567
0.03556156,0.016874135,0.04561138,0.0863142,0.25982863,0.55786896
0.021944165,0.048870027,0.014184952,0.010844231,0.18150854,0.09676826
0.046511054,0.06646061,0.011496544,0.38689852,0.54050004,1.0276184
0.26496232,0.110239,0.05512142,0.60112286,1.1092687,4.203186
0.17507064,0.14387476,0.15218735,0.9327264,1.8260965,7.1529617
0.026649475,0.16170618,0.0739212,0.79723454,2.247053,2.4790955
0.017556071,0.03458923,0.08155823,1.3727183,1.0610067,2.0695229
0.08535302,0.051440448,0.09421539,0.7934505,0.5586734,4.470314
0.12578225,0.060598224,0.09155655,0.3764677,0.5244783,1.5814514
0.060852647,0.023331702,0.03499794,2.0063496,1.7050788,8.146223
0.18470013,0.095128715,0.09267616,0.7106383,0.09782505,1.3905869
0.14370954,0.1899265,0.05718422,0.7154734,0.53600836,0.60336685
0.07587397,0.17107803,0.004029274,0.78541136,0.0043371916,0.20743704
0.048011065,0.12444574,0.037571907,0.11009993,0.080932856,0.34755898
0.04354465,0.07741344,0.046772003,0.057230115,0.15592098,0.32300925
0.042611778,0.0009250641,0.053295135,0.41900158,0.0055775642,0.0864346
0.023224354,0.01815617,0.010169029,0.078602314,0.15277743,0.010295063
0.024747908,0.01564169,0.008849144,0.01201272,0.07852721,0.07015152
0.018450677,0.012740016,0.0011301041,0.050432205,0.097019196,0.017273515
0.010500789,0.012345314,0.008154869,0.019230843,0.09535003,0.023659587
0.015557945,0.01874888,0.007982254,0.69538116,0.386374,0.13113391
0.00518775,0.025174856,0.14006424,0.23005295,0.19607139,0.028216362
0.0691126,0.06063497,0.20466423,1.9180937,0.37687492,0.44553638
0.016681015,0.024529219,0.21247482,0.49731302,0.29737473,0.19834876
0.020417035,0.01902461,0.16101074,0.1233206,0.046809435,0.18353415
0.030869246,0.038055897,0.14022923,0.21066523,0.2082212,0.24406266
0.016836047,0.011594176,0.12315273,0.19987714,0.1865983,0.1311312
0.025827825,0.04764402,0.10424328,0.26626015,0.07924867,0.16328275
0.02967155,0.051487446,0.078354836,0.120363235,0.060077652,0.3732022
0.043127894,0.02886933,0.080488205,0.27382565,0.16989595,0.090696275
0.03277749,0.010297775,0.09797859,0.17662668,0.09892827,0.0031806603
0.024710208,0.011054218,0.10889435,0.042965412,0.12904763,0.068204135
0.021036237,0.016221702,0.10581589,0.0047688484,0.2212429,0.063606024
0.040156066,0.029092431,0.0655117,0.23430157,0.035371304,0.027456015
0.039959997,0.007070422,0.066721916,0.39135027,0.20639586,0.044298887
0.029377848,0.025058568,0.042137146,0.110482454,0.19497891,0.15007003
0.0339742,0.028602362,0.042741776,0.06397152,0.12333268,0.0039431006
0.03178394,0.020727575,0.099637985,0.05719471,0.114058495,0.058902204
0.03565833,0.026502252,0.090434074,0.14078617,0.035697937,0.122596115
0.061156943,0.0001399517,0.13355446,0.6093025,0.72467613,0.067240655
0.06080155,0.021771312,0.10152912,0.81124544,0.20490837,0.31514752
0.043381438,0.0031371117,0.009370804,0.20040298,0.08163118,0.02450192
0.0559984,0.013494492,0.017224312,0.008815587,0.07043934,0.08001506
0.04385607,0.016325593,0.01807499,0.07434845,0.18912125,0.059973598
0.03421858,0.023398757,0.0030794144,0.05414033,0.19488287,0.12431839
0.0021566153,0.030704975,0.04162979,0.18736744,0.12809277,0.10721159
0.026174307,0.0016105175,0.060703278,0.14075089,0.6849812,0.53271675
0.08052659,0.037296295,0.16762161,0.231987,0.41907692,0.09497833
0.12952745,0.03864503,0.09385109,3.9537134,0.10610962,1.4083252
0.08145076,0.021919727,0.06427288,0.8847351,1.2539835,1.3402863
0.09458017,0.05669856,0.0075149536,0.75725746,0.041273117,0.9273758
0.1042622,0.088531494,0.061559677,0.5680132,0.27333498,2.8271942
0.1677914,0.02763462,0.088383675,1.2593136,0.10176325,1.3146553
0.17612833,0.1358819,0.17545795,0.27694035,0.2952824,0.41619873
0.050569586,0.03541231,0.12893677,0.8746481,0.6135649,0.1960907
0.033422977,0.09225845,0.009684563,0.13591766,0.8869894,2.9737473
0.005008012,0.08380163,0.094745636,0.59561825,0.6274042,1.3354645
0.052458882,0.027541637,0.07629204,0.5528331,0.6142235,0.43735504
0.098234236,0.004741311,0.08698559,0.059004664,0.5694885,1.3615246
0.107410565,0.08145416,0.008592606,0.3784562,0.94520164,1.4921188
0.17203054,0.14043963,0.06461525,0.012929261,0.89967495,1.4056091
0.10114017,0.063153744,0.12643337,0.11093187,1.336628,2.4324646
0.008433253,0.0833441,0.21938515,0.74648654,0.57554626,2.1313019
0.100927174,0.14136946,0.07707119,0.8177433,0.5852089,0.33094025
0.021613836,0.14168811,0.05053711,0.5773382,0.35921288,1.5905972
0.027377486,0.29317057,0.02824974,1.1614054,0.39957714,0.072052
0.13323724,0.13594389,0.10381889,0.30798507,0.6752515,0.36978912
0.13101041,0.04498732,0.009311676,0.39865732,0.07886839,3.109459
0.10928154,0.0032978058,0.11689758,0.5416837,0.27099723,1.052391
0.3595332,0.16770369,0.32310963,6.5673094,5.7555485,14.504852
0.35763478,0.0011214018,0.19991684,1.8999405,2.6128404,5.1997375
0.15904272,0.059203148,0.326149,0.73231506,1.3828645,3.595932
0.07379961,0.021443486,0.27919483,0.9680519,0.19505024,2.8129044
0.042223692,0.22803235,0.27837467,1.8807058,1.764113,1.1785603
0.16233242,0.33789515,0.2321949,0.6275902,0.17613459,0.8754349
0.33878028,0.20503879,0.004658699,2.8715973,3.708828,4.6621704
0.04248613,0.20827913,0.11635494,0.52840614,0.90608406,0.09504318
0.19696045,0.06740683,0.16665077,0.89930534,0.5020027,1.4322166
0.11984658,0.0110936165,0.07637215,0.14777565,0.24213219,0.9841919
0.002615571,0.009060383,0.062191963,0.05399704,0.51257825,0.7232933
0.08364313,0.06305194,0.011173248,0.9820137,0.24834776,0.42831993
0.14074749,0.048053622,0.047376633,1.188427,0.39010048,0.10731125
0.21942914,0.07034385,0.14113808,0.3948989,0.18243504,0.8810005
0.1604805,0.08475196,0.15428543,0.39811432,0.5833714,0.48933554
0.1372131,0.060725927,0.15042305,0.18114614,0.73882604,0.21416664
0.1410872,0.044866323,0.19727135,0.32306647,0.3178873,0.13222885
0.13195035,0.041982174,0.23261833,0.102864504,0.27982044,0.0679059
0.2009011,0.049498558,0.19580936,0.33518314,0.31727505,1.3486481
0.21510306,0.0081038475,0.15614796,0.5864285,0.34740496,0.8011627
0.15811108,0.10303712,0.25883007,0.9319805,0.43834352,2.131134
0.15862583,0.15555668,0.26876545,0.1101985,1.1308312,0.3026123
0.1337865,0.218853,0.07333565,1.4206676,1.040477,1.4847488
0.07708692,0.3271315,0.019281387,1.4304028,0.08049822,0.102752686
0.2063708,0.3018329,0.12740707,0.9361553,1.1543732,6.422516
0.028488338,0.1878264,0.15264416,0.45758244,0.27161145,4.127075
0.022662282,0.3820789,0.021306992,1.0236931,0.912331,1.169838
0.08510375,0.23468924,0.050060272,0.7925954,1.724601,2.4946213
0.06845689,0.09100199,0.0631628,0.5859802,0.1230821,1.5314941
0.08030176,0.091938734,0.15569878,0.17874253,0.106357574,0.43418884
0.055748582,0.020509481,0.18283176,0.11315346,0.41344452,0.9245262
0.027725935,0.028735876,0.11184502,0.013095975,1.0123959,0.8363304
0.0097385645,0.08643055,0.09604263,0.085161686,0.5145509,0.6702423
0.04442537,0.12213397,0.055711746,0.38242912,0.53565836,0.0981102
0.08768773,0.13922858,0.047662735,0.08735728,0.2967701,0.040725708
0.1486808,0.06516051,0.023553848,0.77616286,0.70012665,0.0047912598
0.095229626,0.011421442,0.10047436,1.0325966,0.86983776,1.593811
0.04949677,0.030592203,0.15621376,1.7661209,0.39959002,2.942894
0.08391929,0.040046096,0.2953949,0.0028877258,0.5322225,1.4518929
0.02878952,0.016911983,0.1776352,0.046102524,0.0751133,2.1043987
0.014179528,0.08415198,0.15366745,0.23375925,0.73860264,0.75987625
0.07919079,0.10458958,0.11939621,0.39876807,0.6237545,1.0679245
0.14564875,0.008998513,0.074692726,2.1434994,2.3169928,4.6673355
0.13403767,0.03563088,0.0441494,0.82481194,0.78188324,1.7026825
0.037582442,0.11041808,0.045524597,0.86335087,0.31830168,0.14643478
0.04446794,0.048660517,0.017302513,0.49604797,0.38989973,1.3227825
0.030650109,0.07892877,0.025836945,0.009771347,0.04577732,0.32188225
0.023027629,0.08461398,0.01570797,0.37174225,0.20097685,0.5652685
0.046878427,0.061442554,0.002363205,0.6872101,0.19236898,0.37710667
0.019499928,0.011170924,0.04647255,0.4297619,0.14126933,0.75105715
0.04272753,0.00461632,0.0493927,0.2587452,0.1935339,0.5615716
0.079680145,0.011038542,0.07059574,0.6915598,0.31391525,0.070786774
0.085784376,0.063447595,0.07106686,0.22930121,0.19209671,0.24286106
0.07651788,0.08239031,0.066161156,0.042991877,0.25859642,0.3198235
0.086875975,0.005271673,0.029601097,0.32797623,0.10094452,0.59421897
0.08839846,0.060376406,0.006263733,0.43193316,0.025381535,0.06519246
0.07551241,0.07091689,0.017763138,0.110434294,0.0050965548,0.19492364
0.07534653,0.054908514,0.0037431717,0.18498802,0.26329106,0.24381828
0.07570541,0.07571554,0.004620552,1.0451819,0.21080637,2.4315872
0.11586857,0.09805989,0.028759003,0.73485565,0.74656296,4.2453613
0.075222135,0.006340027,0.06392956,1.878017,1.435133,0.9729004
0.08116162,0.0027673244,0.10101223,2.164554,0.8107457,5.1179943
0.17193902,0.05432558,0.053497314,1.079176,1.126993,0.6659317
0.17049038,0.0007529259,0.054157257,1.2424374,0.48874187,0.23873138
0.1481098,0.060688496,0.09801102,1.0847569,0.39449787,2.4221344
0.11152971,0.12145352,0.105498314,0.004852295,0.1555376,1.233984
0.060325623,0.099832535,0.09988022,0.49104118,0.00032234192,0.37653542
0.10159397,0.056926966,0.055820465,0.44127655,0.19421434,0.118288994
0.07805586,0.018710375,0.040208817,0.05140686,0.6805723,0.30752182
0.13097978,0.14020038,0.16140747,0.7643602,0.49978328,0.51903534
0.1448226,0.19200969,0.05798912,0.238338,0.07133311,0.0075912476
0.08190346,0.1752224,0.07623768,0.01224041,0.04155612,1.0007858
0.0071953535,0.06687665,0.17500496,0.19200897,0.8645487,0.06877899
0.0033069253,0.0038423538,0.13211727,0.014234066,0.29265356,0.6331558
0.034340143,0.0274961,0.17907143,0.060348988,0.07949734,0.296669
0.04612285,0.014575601,0.2081976,0.5592365,0.018057823,0.06532574
0.043420613,0.02861929,0.22339344,0.09628677,0.53300524,0.15454102
0.02828902,0.09704316,0.21801949,0.4855528,0.25534338,0.4667015
0.009987682,0.13528264,0.19803905,0.22830105,0.34933376,2.9313202
0.056656957,0.17838359,0.06310654,0.12402272,0.403615,0.63390636
0.11943424,0.07175994,0.020758629,0.1278708,0.8085225,0.56332016
0.14829803,0.13141882,0.035021782,0.49526763,0.1848383,1.0210152
0.0944463,0.1514529,0.0862484,0.26333666,0.4444294,0.11875534
0.036569625,0.18881595,0.08639431,0.3149457,0.43852818,1.0399933
0.049737185,0.041778803,0.073067665,0.40132523,0.064436674,2.2153625
0.14042893,0.07588029,0.15267181,0.12204313,0.26370502,2.4653625
0.1252324,0.15511537,0.15276814,0.20244646,0.51408756,2.1217575
0.042396963,0.030067444,0.008161545,0.264534,0.9702687,0.24710846
0.13845336,0.0096741915,0.06442928,0.20026588,0.26226234,1.694047
0.15736395,0.074780464,0.07172775,0.37320518,0.3581829,0.0042481422
0.11070585,0.046729326,0.0713644,0.1519432,0.11290741,0.31764528
0.1322577,0.026022077,0.028654099,0.30747616,0.011640549,0.40872145
0.037020564,0.052766323,0.025226593,0.035242558,0.17360592,0.5043752
0.001132369,0.049836397,0.014390945,0.049909115,0.2607398,0.08467579
0.01967132,0.021120548,0.07737446,0.10170269,0.028146744,0.115615845
0.009892523,0.013998747,0.112267494,0.030813694,0.13492775,0.25906634
0.011583984,0.045484066,0.064388275,0.02884245,0.22445917,0.32827568
0.040647715,0.014855862,0.05249405,0.30043888,0.124078274,0.3253529
0.052859902,0.035221815,0.07468319,0.07165146,0.13548088,0.21572495
0.060819358,0.03721547,0.10715103,0.26926517,0.004006386,0.19054508
0.07887082,0.020983934,0.09135437,0.04530239,0.20837116,0.2006154
0.08752922,0.003988266,0.080848694,0.04925537,0.20960331,0.1497078
0.0028723925,0.037533283,0.026286125,0.4422722,0.20127296,0.12169647
0.035656005,0.0056972504,0.027579308,0.7268648,0.23806667,0.19647694
0.0064602494,0.015558481,0.038751602,0.035229683,0.34138632,0.5593829
0.014702976,0.016676664,0.03614521,0.28079605,0.23171043,0.38803744
0.05017674,0.043473482,0.049372673,0.009046555,0.22192049,0.35186672
0.07955563,0.040932655,0.008038521,0.13816929,0.035014126,0.25151443
0.10254219,0.042345285,0.04692459,0.30580235,0.22177887,0.3521204
0.04522583,0.060759306,0.006316185,0.097093105,0.21106434,0.26249504
0.054171234,0.091925144,0.101867676,0.56704664,0.0062203407,0.46784973
0.04131788,0.121198416,0.18222523,0.08041859,0.14066052,1.0530701
0.011646837,0.07378888,0.3492756,0.17430973,0.24892282,0.40144348
0.052675843,0.059188604,0.35461712,0.17700195,0.24881363,0.030036926
0.1642657,0.1275512,0.32923985,0.01162529,0.33086967,3.9413757
0.14895429,0.1042701,0.22385406,0.8588042,0.024188519,0.7051468
0.12424657,0.05540967,0.13672256,0.1773014,0.83867455,0.8664627
0.12871626,0.07179892,0.059069633,0.616899,0.0832963,0.3013153
0.105287656,0.10241377,0.080049515,0.29349947,0.4917102,0.56843185
0.08642273,0.10108924,0.087239265,0.48839098,0.11648893,0.08919525
0.07708529,0.15734267,0.086743355,0.28355148,0.20123386,0.105773926
0.0053321123,0.11515272,0.075053215,0.384737,0.2080307,1.2426229
0.0040792227,0.077689886,0.011613846,0.24051476,0.12130427,0.14162254
0.0055402815,0.05296755,0.015361786,0.07092106,0.16524982,0.32688618
0.050067768,0.039780498,0.01317215,0.23455942,0.21027493,0.24961567
0.06735422,0.04562795,0.0064792633,0.009839058,0.107650876,0.0056028366
0.031375125,0.02695465,0.0052347183,0.37934732,0.05770135,0.1261816
0.07444316,0.025069296,0.006427765,0.38050768,0.14415216,0.1429758
0.075219095,0.018521905,0.016156197,0.023066044,0.0023257732,0.3283081
0.066369995,0.025823891,0.040667534,0.3402079,0.2434578,0.032482624
0.07973263,0.021877646,0.014673233,0.28817058,0.17955637,0.19373941
0.09418988,0.038440943,0.017253876,0.10990083,0.18176651,0.26682806
0.106658265,0.027874172,0.0009536743,0.058734804,0.31119955,0.17286968
0.12057628,0.04853636,0.042152405,0.10344982,0.18783855,0.17294502
0.098085195,0.0631029,0.07094097,0.12767887,0.29167604,0.08875847
0.102006584,0.07504761,0.121082306,0.31147194,0.24745369,0.0418787
0.09258047,0.06891012,0.08813667,0.22922134,0.0865047,0.27585435
0.045654148,0.0666253,0.041119576,0.23817825,0.034024715,0.03555584
0.01094085,0.012139082,0.09435272,0.36283684,0.09566116,0.36536574
0.017505169,0.023539066,0.11977291,0.79413223,0.01222229,0.30917716
0.01254493,0.046796918,0.12201691,0.13441753,0.31982517,0.55829525
0.004439831,0.0463593,0.1148262,0.062386513,0.10289192,0.47142696
0.0009302497,0.008397102,0.13066101,0.12149525,0.17272282,0.04227543
0.029432297,0.0016348362,0.0936327,0.006008148,0.11373854,0.11249173
0.030317485,0.11310601,0.12683868,0.36967087,0.3360958,0.37906265
0.027242392,0.124985695,0.1886406,0.02769494,0.096502304,0.7269983
0.07232502,0.11678553,0.26938915,0.37455916,0.19523811,0.09153032
0.08447887,0.093390465,0.2879486,0.29018807,0.5485592,0.54030037
0.08672559,0.10412812,0.35522556,0.19158387,0.53590775,1.0664272
0.014294326,0.13484716,0.3833189,0.20518076,0.050071716,0.20791268
0.22997117,0.258605,0.29108143,0.6831131,0.4137287,0.7359173
0.21977103,0.20055628,0.31230736,0.18477249,0.102393866,1.1550555
0.27396202,0.1894288,0.28675985,0.43405342,0.041041374,0.8816159
0.36196256,0.21067429,0.3313527,0.43900013,0.23896584,0.14260876
0.47154427,0.22363567,0.32066345,0.16701889,0.36300611,0.18660259
0.47227955,0.18917179,0.23630142,0.48036003,0.5030937,0.54322815
0.6427746,0.14810133,0.13920116,0.25638008,0.8231621,0.9256592
0.41889858,0.027601242,0.1411252,0.6982317,0.59091187,0.27320194
0.31176567,0.0038399696,0.14127064,0.6396446,0.2823639,0.022084236
0.24199581,0.012043953,0.21796656,0.18828297,0.27347946,0.03937149
0.1721754,0.00056028366,0.2751093,0.73067045,0.21904564,0.41257715
0.124423504,0.0028038025,0.28937006,0.47442245,0.17763901,0.6071
0.14600801,0.021754742,0.26059914,0.07490349,0.40156555,0.039592743
0.10996246,0.038447857,0.32603884,0.5138197,0.009386063,0.5947434
0.23820305,0.0028448105,0.4095235,0.05744362,0.016207695,0.3037157
0.30424786,0.052201748,0.4101405,0.19577503,0.03901577,0.64513445
0.5047507,0.14806986,0.6343932,0.08369064,0.33296776,0.92940664
0.7978649,0.29667997,0.87973595,1.2646599,1.0485077,1.4748812
0.5389118,0.22634125,0.7983804,0.013886452,1.4418716,0.33493233
0.41380358,0.01955223,0.7871766,0.027135849,0.32457018,0.77820396
0.38720703,0.0014438629,0.6830549,0.88119125,0.12914348,1.9059317
0.4037218,0.0036029816,0.52699614,1.0101967,0.04186654,0.063833
0.38357687,0.061780214,0.48633575,0.2038765,0.73356533,0.7179911
0.39673877,0.14449096,0.38803864,0.11762047,0.34972,0.18471456
0.3844223,0.15104103,0.26870728,0.8587532,0.09338379,0.062115192
0.4265418,0.18073201,0.13170624,0.8416767,0.6568327,0.036400795
0.3923459,0.12191129,0.08872604,0.6564598,0.33933735,0.4475808
0.42120576,0.07365298,0.042966843,0.030901909,0.33941078,0.35560977
0.37309217,5.9604645e-05,0.045947075,0.09135628,0.0141067505,0.23547077
0.33669353,0.046390295,0.16689014,0.16547441,0.09702301,0.45259094
0.40241838,0.023893833,0.1441207,0.7708087,1.0369949,0.6434574
0.42694116,0.07517433,0.21670389,0.5564871,0.30485344,1.5813856
0.37702775,0.12680006,0.23195982,0.3003378,0.08282757,0.447504
0.33836555,0.16351366,0.24962091,0.054292202,0.30725813,0.41549516
0.3084674,0.19138288,0.25055552,0.78511,0.059513092,0.22531343
0.31593132,0.18297052,0.28207445,0.6804726,0.13722444,0.44996822
0.43011856,0.1367321,0.093076706,0.3995898,0.3723669,0.1845522
0.45953512,0.14108849,0.06304836,0.5766744,0.52718186,0.28299904
0.45317364,0.1544919,0.0008649826,0.6532937,0.7599025,0.055422783
0.5093808,0.13465214,0.1293912,0.28133798,0.073951244,0.04730463
0.52349997,0.1115613,0.22528172,0.16398972,0.08673763,0.20730925
0.516067,0.09704018,0.28079796,0.32204828,0.2861185,0.22816849
0.56198025,0.08198452,0.498878,0.2572297,0.09999657,0.46657372
0.47709942,0.15608788,0.55614614,0.22427416,0.5040426,0.19927788
0.4843917,0.14616871,0.6526098,0.19089687,0.1106441,0.79263115
0.49519253,0.16097069,0.80158806,0.23105538,0.2773347,0.19260693
0.4505415,0.19139814,0.9053693,0.14694798,0.36268234,0.22249126
0.39953613,0.2339673,1.0041673,0.02857399,0.119243145,0.09220791
0.42624998,0.20770502,1.3320444,0.6863651,0.03565979,0.45954418
0.44098043,0.18515396,1.4441385,0.7227135,0.05027294,0.373837
0.44763422,0.1527319,1.5809486,0.45728874,0.19643593,0.7356062
0.46057796,0.15033722,1.7231772,0.30498552,0.29017043,0.07986641
0.5048566,0.0839653,1.774437,0.116166115,0.21292329,0.7437954
0.5573902,0.051418304,1.8195274,0.6782913,1.2272408,1.7821465
0.5162754,0.08826113,1.8702669,2.0527763,0.65631294,1.5901031
0.3697524,0.23780584,1.8592559,0.2904396,0.14117432,0.12037659
0.18669653,0.19100857,1.8092638,0.70692444,0.14429092,3.334488
0.25482512,0.066933155,1.9117856,0.99900055,1.2566452,1.574996
0.27940464,0.113006115,1.947686,1.0698051,0.40494537,1.5080147
0.2642579,0.20149899,2.0948236,1.9194717,1.5518188,1.5288544
0.32922268,0.017239094,1.8581278,9.055084,16.473454,2.3825417
0.14981174,0.11074114,1.8244915,0.95446014,2.0075912,1.90625
0.07883549,0.013562679,1.6921248,1.5945778,2.4727097,0.100156784
0.17016983,0.110328674,1.4569173,0.0061206818,0.2685995,3.0560808
0.46351385,0.2694931,1.0247545,0.99863243,1.9400847,5.608406
0.14687324,0.610868,1.1076097,0.0638082,1.5195999,3.4203491
0.018268347,0.92096806,0.89207554,2.5195131,16.94587,15.955353
0.40710205,0.25005817,0.6092496,0.9731808,0.33521652,1.5466881
0.017804503,0.27178574,0.45694542,0.1417923,1.747467,3.9676857
0.3026415,0.098795414,0.33242512,0.5689001,2.5516853,1.9563181
0.49095535,0.17581892,0.17002583,0.7046914,1.1600609,2.4434514
0.70840883,0.1808064,0.08056259,1.6882715,0.3380165,1.6214495
0.88743424,0.24924397,0.024309158,9.596592,12.655899,2.9958706
0.3948717,0.15961313,0.024805069,0.43543625,1.7725754,0.34483576
0.14140701,0.09257057,0.097322464,3.9259872,3.103075,0.46254492
0.070837736,0.0035636425,0.042613983,0.7240906,0.12615299,0.24104166
0.19424772,0.046459258,0.061655045,0.854105,0.03610897,1.3702488
0.3565967,0.19615108,0.10739994,1.05336,0.57591057,0.62862015
0.5837263,0.29892254,0.100320816,1.6829433,2.486599,2.1727295
0.11121407,0.18353903,0.14584923,0.2827053,2.9950256,2.9519577
0.13531305,0.09314716,0.03813362,1.0365152,2.7267113,0.066711426
0.07309076,0.16514623,0.03516388,4.2622623,0.9494972,6.4788933
0.09644306,0.07125664,0.13337994,2.9267945,0.29919243,5.2494354
0.0391199,0.06395352,0.18472576,0.7377448,0.5298672,2.1881065
0.06682432,0.05390854,0.23834896,1.3098106,1.6438599,0.5450077
0.06841636,0.12523031,0.12770367,0.14082432,0.45086575,1.5132294
0.17623544,0.31439638,0.08303738,0.66758156,1.7559495,3.145481
0.23650563,0.2588699,0.02991867,0.9511051,0.47270203,2.7839394
0.20863914,0.096176386,0.08693504,0.64322233,0.37868118,0.7808113
0.23285842,0.057867765,0.024347305,0.14816475,0.32019234,0.16323185
0.1997787,0.015377045,0.052580833,0.71762085,0.4272642,0.58682346
0.15132353,0.023896456,0.03802681,0.17908859,0.26339245,0.10850716
0.19418511,0.028347015,0.0068445206,0.57758236,0.7622678,0.16115093
0.187098,0.029477835,0.019306183,0.1730833,0.67039657,1.1578556
0.15857065,0.01789689,0.06914234,0.3221588,0.17038888,0.5113994
0.12204033,0.01287818,0.04712963,0.48640823,0.116640925,0.47620153
0.11442733,0.06461835,0.051347733,0.48130417,0.118837476,0.6274986
0.07935077,0.047983885,0.004767418,0.32549286,0.34875822,0.21153355
0.09215689,0.057940483,0.047326088,0.100688934,0.22197819,0.111505985
0.05634761,0.029891491,0.004507065,0.24023056,0.22627258,0.028382778
0.035006285,0.041884184,0.040621758,0.29307556,0.009640694,0.31189632
0.00857693,0.042863846,0.026004791,0.41651344,0.10217285,0.18351936
0.011568248,0.030171871,0.046370506,0.39252305,0.16413069,0.24799919
0.01601988,0.052041292,0.035624504,0.10528636,0.2522211,0.46642828
0.0081532,0.05066204,0.06584549,0.016443491,0.20140815,0.115098
0.02235204,0.021002054,0.055311203,0.08216858,0.14178514,0.046175957
0.04306686,0.00027036667,0.07262802,0.103127,0.12597466,0.33660814
0.041494012,0.021725655,0.06964207,0.12132931,0.0004415512,0.48486614
0.008136749,0.07179618,0.087213516,0.1772461,0.13996696,0.3808775
0.019590974,0.04081869,0.076517105,0.376994,0.47427738,0.2523222
0.043760747,0.015856743,0.07488823,0.6119299,0.15385646,0.17272091
0.04304008,0.056073904,0.11474991,0.5552254,0.11853886,0.31906366
0.010129843,0.113216996,0.13323212,0.28011703,0.043437004,0.038388014
0.0012954101,0.11835933,0.12937927,0.09021473,0.14095879,0.5602226
0.1290055,0.4884417,0.25509262,1.1856022,1.4239225,2.6469269
0.1499744,0.6754853,0.26761627,0.5118046,0.8256881,4.2190094
0.08085483,0.6133153,0.29076004,1.7127612,0.017341614,3.279831
0.22058547,0.38356268,0.17731285,1.7201629,1.4532242,2.9764938
0.021992087,0.3056582,0.15304756,0.8156185,0.71704483,0.4169693
0.14916623,0.11867207,0.11098957,0.5133152,0.19622612,0.4756279
0.064493895,0.205437,0.041200638,4.9970474,2.5986557,0.14422035
0.35549366,0.17281806,0.11082077,0.8900242,0.793807,1.2851515
0.22983223,0.05857694,0.06717777,0.34654045,0.21814537,1.0014353
0.196435,0.039241076,0.0313015,0.7480135,0.32730484,1.9770479
0.24248254,0.042833447,0.018320084,0.05026722,0.48298645,0.017924547
0.2662653,0.05955422,0.028558731,0.27980614,0.138031,0.17255402
0.3341258,0.024281383,0.021209717,0.5425091,0.3810482,0.16710281
0.25001836,0.06914222,0.07380295,0.33364534,0.34578085,0.20244884
0.30154192,0.09028435,0.032087326,0.7452135,0.5182791,0.032978058
0.3963331,0.032860905,0.083086014,0.88978624,0.96727514,0.65517426
0.27439666,0.066276506,0.21120739,0.5960407,0.22826266,2.0968056
0.5456978,0.0060304403,0.11232376,1.0019302,1.282295,0.31298828
0.6508516,0.21956438,0.053346634,0.9911561,2.2035236,1.2391891
0.50003624,0.26358378,0.037574768,1.0144863,3.1172748,1.5423641
0.25432634,0.035910606,0.056417465,1.2439594,0.40665603,0.94544363
0.19116628,0.03376317,0.17234516,0.85762596,0.38645387,1.6838989
0.35794425,0.16089559,0.28282833,1.6399002,0.45842505,0.9037018
0.50169456,0.018563032,0.31293392,0.029475689,0.15369415,4.99559
0.5247519,0.31009936,0.31714535,1.8173485,0.99085426,0.8727417
0.40959704,0.018925905,0.26922035,0.46694946,1.1300311,0.29324722
0.22324371,0.10487318,0.18989563,0.72257996,0.6979222,0.28006935
0.18668383,0.13030124,0.10722256,1.2209711,0.021231651,3.466999
0.25608286,0.37378025,0.07579899,0.30661297,0.86948586,3.4966965
0.29852924,0.55095696,0.1967926,0.19600677,0.16211128,1.9031525
0.3713858,0.3232391,0.109295845,0.06137657,1.1472828,2.8167725
0.079856984,0.21790862,0.029195786,2.7697325,2.7495365,4.1930313
0.061916158,0.030456781,0.1970787,0.3177333,0.003689289,1.5694027
0.09845787,0.11608648,0.2786665,0.023498535,0.39695644,0.26203156
0.054272383,0.117914915,0.21621132,0.44942594,0.21749592,0.074884415
0.020056486,0.10544968,0.10357666,0.51390815,0.83139896,0.08496094
0.1778739,0.03463626,0.023657799,1.4671049,1.926239,2.0034332
0.22720559,0.12512374,0.012066841,1.0999079,0.75567627,4.766365
0.07243058,0.16601896,0.15795994,1.4268765,1.8900471,4.332405
0.026789457,0.32604885,0.039560318,0.52232504,3.7630005,3.4590988
0.05572334,0.12341803,0.035865784,0.67429924,1.1247711,0.36019516
0.14609428,0.14193675,0.03100872,0.5606575,0.2922516,0.8373604
0.05809538,0.08708267,0.07695866,1.9245186,4.159565,1.6345987
0.13180262,0.13993526,0.034698486,0.7901745,0.47868347,0.5941696
0.039589167,0.17306662,0.09373474,2.3378,0.36484623,1.5074387
0.06921649,0.23625621,0.180233,2.0678854,0.16706848,2.724308
0.18495142,0.17512424,0.109539986,0.38466382,0.024902344,0.05639839
0.22698557,0.13192716,0.060627937,0.24048042,0.25453568,0.24432945
0.3667698,0.10805418,0.106490135,0.538929,0.0023670197,0.38484192
0.31984472,0.10987832,0.057102203,0.035417557,0.3833437,0.45054495
0.3730092,0.12877372,0.09732914,0.06697178,0.72039986,0.51370716
0.43107533,0.09594005,0.01868248,0.14810371,0.31360626,0.25028324
0.3797686,0.02503705,0.12295914,0.064162254,0.38588238,0.20503426
0.2863016,0.020742655,0.12913513,0.1069293,0.6317711,1.8168488
0.59338284,0.004467368,0.2145071,0.026007175,1.5278168,12.13028
0.4988582,0.20067704,0.097660065,1.6299187,0.4934883,1.0026474
0.2656498,0.026100636,0.18752003,0.8725214,1.3281784,6.4920425
0.040486097,0.07572675,0.42370224,1.2012734,1.0198183,2.5649529
0.08011389,0.124776006,0.26001167,1.3565407,3.6294532,8.374693
0.13343167,0.11608493,0.161417,1.5437939,2.3908975,5.194557
0.03336692,0.24004936,0.11601257,0.36233854,1.3648901,6.8820343
0.36602283,0.17434382,0.005235672,0.5431175,1.4580975,2.1586304
0.18637538,0.254112,0.06279659,0.66407204,0.7155564,0.4143219
0.23431218,0.21890187,0.07433128,0.2798643,0.9238515,3.0482082
0.2681749,0.21746933,0.056002617,0.9891319,0.23706341,0.5391388
0.21487248,0.18165445,0.08378792,0.16700935,0.5944624,0.48801804
0.11800176,0.11776531,0.14555836,0.17997742,0.35852432,0.09052849
0.1678403,0.12042844,0.21272182,0.76896954,0.029984474,0.057702065
0.14010152,0.093714476,0.18053818,0.31572056,0.044046402,0.0070257187
0.10213333,0.08054483,0.12409973,0.2595744,0.006799221,0.058311462
0.08328913,0.03732705,0.14856625,0.030628681,0.079615116,0.3090496
0.058489654,0.019379854,0.10671997,0.23536682,0.045767784,0.11014032
0.019118309,0.064455986,0.028729439,0.0882287,1.0665779,0.28559303
0.004569307,0.00871551,0.050712585,0.09613991,0.10497475,0.050792694
0.030594885,0.038480222,0.061094284,0.2572937,0.49652863,0.06940818
0.051359892,0.037350476,0.05032158,0.48634338,0.64530754,0.3801682
0.06136629,0.03866002,0.07084942,0.22340202,1.5303688,0.07271457
0.03629735,0.011473656,0.050995827,0.15762901,0.008769989,0.24264145
0.06422146,0.18093571,0.002231598,0.973835,0.16439247,0.28757095
0.016544938,0.14692798,0.019456863,0.6159277,1.3576679,0.15459406
0.021655083,0.14225823,0.08061218,0.6937771,0.1845851,0.31418228
0.020288527,0.19728178,0.1378212,0.008642197,0.18854952,0.103390455
0.017180204,0.18595862,0.23888111,0.80482197,0.3254795,0.8665302
0.035262465,0.17190516,0.30983162,0.54211944,0.5341897,0.36571932
0.0346604,0.033124566,0.5586004,0.31465673,0.6207838,0.088308334
0.049055517,0.09573126,0.5972328,0.037153244,0.4281044,0.4246564
0.0524562,0.11631918,0.58027554,0.1839943,0.46540022,0.36780977
0.010575175,0.10111666,0.5282173,0.13863039,0.020534635,0.43275738
0.0042487383,0.098293066,0.43818378,0.006374359,0.06814337,0.6030469
0.0076805353,0.08398652,0.41728592,0.3197961,0.07344961,0.21652687
0.03433144,0.001616478,0.26243877,0.32336807,0.041819572,0.039752364
0.06927395,0.06196499,0.26058388,0.71199226,0.7615342,0.09671259
0.045811296,0.12171745,0.2213993,0.21345901,0.08911991,0.481946
0.05264902,0.21980238,0.14237118,0.10209465,0.10440445,0.08039236
0.10047078,0.20699525,0.114004135,0.11159706,0.33826828,0.06403494
0.05982709,0.108207464,0.14487362,0.11124611,0.5237026,0.35449457
0.04738307,0.06734443,0.19270134,0.21255112,0.93802834,0.2669649
0.06085527,0.0632298,0.16748333,0.4389553,0.28523636,0.44720078
0.021376252,0.044018745,0.1307087,0.2918234,0.5467348,0.40146303
0.006980896,0.04076147,0.030388832,0.14008951,0.05468893,0.071065426
0.018661022,0.021000862,0.041740417,0.41221762,0.23737025,0.16721702
0.040303588,0.0060858727,0.04229641,0.47560644,0.23595273,0.17328173
0.0393842,0.020256042,0.09528923,0.46728894,0.34086204,0.10787845
0.016002316,0.014723778,0.08739185,0.37627137,0.23382723,0.15378508
0.012784839,0.033756733,0.08157539,0.2966218,0.08107358,0.020311177
0.0032308102,0.049838543,0.06808758,0.17828417,0.01487875,0.072827935
0.0010100603,0.056942582,0.047164917,0.2909863,0.01637888,0.16411445
0.011407256,0.05419147,0.018658638,0.2797538,0.053429604,0.24083456
0.10056102,0.01565063,0.024097443,0.098835945,0.040920258,0.120806724
0.048268437,0.026064634,0.015415192,0.29356956,0.13512325,0.10981393
0.04191363,0.036013722,0.03656864,0.112185,0.2774105,0.17110312
0.041313767,0.03688264,0.05939102,0.12581205,0.12550354,0.1574378
0.051961422,0.025342941,0.079675674,0.11920023,0.14648342,0.058691382
0.06887746,0.009093761,0.10156727,0.14098263,0.12734127,0.0005865097
0.11872387,0.013129115,0.13706589,0.05334139,0.15680408,0.0940606
0.09680343,0.016198397,0.13261795,0.2652222,0.006091118,0.05212125
0.11161876,0.025444388,0.14631462,0.01074338,0.30714273,0.09213245
0.11117864,0.027576685,0.15197754,0.045334578,0.09423399,0.043202877
0.1090765,0.030781984,0.14878368,0.0036549568,0.029907703,0.0048475266
0.109251976,0.03392732,0.14696789,0.06405759,0.025235176,0.00023853779
0.09951925,0.027600765,0.14404488,0.10342264,0.017457485,0.0006182194
0.09178066,0.03377068,0.14212799,0.1311053,0.10063124,0.0139222145
0.092968225,0.036246777,0.1355362,0.23866248,0.07867718,0.041965127
0.08360553,0.03137815,0.119148254,0.085160136,0.05055952,0.06711745
0.07406521,0.044824243,0.10841942,0.054855347,0.12736607,0.044974804
0.049250126,0.12486541,0.09514332,0.31024027,0.02280426,0.24403381
0.045223475,0.14468992,0.18066406,5.274864,0.29391837,0.32763004
0.072693825,0.24710155,0.016395569,0.78808403,0.055904627,0.9072132
0.08590269,0.08790517,0.02745819,1.0302804,0.75777006,1.2493234
0.12963104,0.016384125,0.06176281,0.8310828,0.69798183,0.082625866
0.20047176,0.011199713,0.0021686554,0.23649621,0.14464712,0.9855385
0.2132181,0.08506012,0.013131142,0.3387217,0.12225819,0.9022598
0.21509254,0.22187328,0.04195118,0.09375,0.443038,0.73209
0.24886847,0.21617389,0.058444023,1.1431937,0.18406016,1.8880043
0.20276117,0.21036792,0.11793518,0.5722933,0.51362,0.7840824
0.19557053,0.20159149,0.061841965,0.04305172,0.41887474,0.10357857
0.18490896,0.21336961,0.0902195,0.37190628,0.15588379,0.3208351
0.16636561,0.22372794,0.068743706,0.3163767,0.39782143,0.499568
0.029159322,0.26707625,0.053162575,0.0077400208,1.4080772,0.6028969
0.04240892,0.19204807,0.08598328,1.0361767,0.027877808,0.19896412
0.02094768,0.16473293,0.121144295,0.4365406,0.32034683,0.15794897
0.0010927916,0.17188525,0.07220268,0.55636406,0.19340515,0.34849644
0.009612709,0.19119668,0.05765152,0.23572922,0.5552025,0.20919228
0.046979547,0.18951297,0.0038700104,0.08094025,0.025515556,0.34372246
0.11232194,0.10406113,0.21956158,0.1089859,0.8586292,0.8622664
0.08329722,0.1468172,0.2205658,1.2118888,0.03155768,0.051117897
0.06091444,0.18522644,0.21275234,0.34246445,0.74839497,0.001405716
0.09197068,0.12141371,0.23703957,0.88093185,0.6899872,0.23256779
0.2104554,0.08991122,0.1712246,1.0748444,0.24590683,0.24096489
0.2364537,0.12913013,0.22635746,0.7129898,0.33897018,0.14605236
0.354638,0.22709727,0.28454208,0.68932056,2.962471,1.1243973
0.24036327,0.06260729,0.3905983,0.042686462,2.1269875,1.0797234
0.13683361,0.11346376,0.23356724,0.43848038,0.4039955,0.7290497
0.15149629,0.08030903,0.065255165,0.030732155,0.26911163,1.3075733
0.13841718,0.0024571419,0.008099556,0.004796982,0.21846867,0.06318092
0.07113987,0.019741774,0.0009832382,0.033813953,0.5108223,0.1642685
0.015766323,0.020286322,0.0056619644,0.15834999,0.060962796,0.11071873
0.05100566,0.016219378,0.022791862,0.027406454,0.25701225,0.2830267
0.044206798,0.024335504,0.08389759,0.0077536106,0.29629374,0.054623604
0.06417692,0.01783514,0.066866875,0.57594824,0.5838523,1.4148846
0.050384164,0.04743886,0.19054413,0.7212162,0.07685661,1.7807522
0.0344913,0.14941931,0.11219692,0.04240799,0.29144573,0.7251091
0.05701828,0.06753898,0.024359703,0.893378,0.5794296,0.7547207
0.041220665,0.023549318,0.009460449,0.26173496,0.36250448,0.5391474
0.04908967,0.039909363,0.06224823,0.66698647,0.35161066,0.5831742
0.023152828,0.047547102,0.06770706,0.29871035,0.98744917,0.39827573
0.015319586,0.08121705,0.080926895,0.00047683716,0.6727438,0.31426382
0.0013024807,0.1103878,0.10139942,0.012598038,0.10812187,0.013127804
0.024916649,0.08110666,0.1526432,0.036841393,0.14873314,0.016979218
0.010151625,0.024966717,0.14591789,0.046669483,0.16565228,0.4997511
0.007523775,0.04183483,0.16704941,0.0038819313,0.06211853,0.26465034
0.02583909,0.050652027,0.17370605,0.074915886,0.18345642,0.2796402
0.048537493,0.06528616,0.15985394,0.05577469,0.23513317,0.46640873
0.059077024,0.0884788,0.13441563,0.05689621,0.4808464,0.37455177
0.09854555,0.04541385,0.10959625,0.16913414,0.5304165,0.1085968
0.056145906,0.070633054,0.10577774,0.16683412,0.7275224,0.15761948
0.07888889,0.106539726,0.12251186,0.18510652,0.13094234,0.20913315
0.108733654,0.109345675,0.14155102,0.08139658,0.23270369,0.35616398
0.13798213,0.08439177,0.15514183,0.026355743,0.36388493,0.46951914
0.1565373,0.06145227,0.17357922,0.042509764,0.30221248,0.42464113
0.1557908,0.043398917,0.16884327,0.18071675,0.19931006,0.58461905
0.16422415,0.045411214,0.17391491,0.09331,0.16106111,0.3744347
0.16603637,0.031205302,0.17908764,0.017111778,0.052387238,0.19110489
0.16594887,0.011535794,0.1863842,0.0013747215,0.17010796,0.17722654
0.16333055,0.016443282,0.1835146,0.055016518,0.33785674,0.27763605
0.157449,0.027503133,0.18362713,0.039778233,0.42192924,0.053871766
0.088499546,0.08664745,0.2198286,0.041280746,0.1414051,0.14856482
0.10505819,0.049924314,0.22582436,0.19336843,0.23834038,0.25257158
0.10186982,0.057196498,0.25759888,0.095890045,0.14174426,0.20262992
0.059926987,0.060193896,0.2374115,0.20519638,0.16843933,0.12982285
0.051621914,0.066223025,0.22636223,0.18657827,0.100547075,0.06983805
0.042027235,0.08351278,0.21442604,0.51985836,0.07834864,0.15695608
0.024055243,0.1365447,0.20359612,0.7649727,0.46157646,0.04633808
0.032711864,0.13643622,0.17844772,0.006622553,0.036367416,0.28150058
0.014419079,0.15543258,0.1834631,0.3262427,0.07584715,0.21320888
0.03341055,0.14865804,0.17551422,0.30247974,0.01724863,0.30097547
0.038449526,0.14785111,0.16776371,0.0041679144,0.24910736,0.5620084
0.03246939,0.1560421,0.14408779,0.039538205,0.040263653,0.3479075
0.0885936,0.16505158,0.15107918,0.18782282,0.095671654,0.20048141
0.11761689,0.14371622,0.18959236,0.8262557,0.21212196,1.0408936
0.2263099,0.31171894,0.2155571,1.1086345,0.2618122,7.422714
0.23164594,0.53119475,0.16225815,0.6754849,0.33327293,4.221428
0.01050055,0.33170575,0.06644058,0.2963829,0.9285078,2.332962
0.07101977,0.2696138,0.2311821,0.27740097,0.17774549,1.2101021
0.02177453,0.14453858,0.27723122,2.324232,1.7819958,7.013382
0.06853199,0.16308117,0.14113426,1.0892143,0.2663536,4.2547455
0.5009358,0.30316317,0.09113121,3.317257,0.55322576,3.5690918
0.5206685,0.18836659,0.07904911,1.8871784,1.9564834,2.792694
0.2044568,0.20161167,0.3131323,1.0730915,1.8637486,1.9374084
0.066949606,0.22164789,0.4373331,0.49322605,3.9360714,8.030266
0.19417596,0.15913051,0.10533047,0.38299847,3.1311717,5.1945705
0.035113573,0.13575095,0.16960144,0.03221035,0.35643578,4.008972
0.106473684,0.22581413,1.0133896,1.9429731,0.2014103,2.242096
0.39716876,0.10007417,0.503829,1.3432744,0.11026859,3.5083313
0.030351758,0.18022984,0.28879738,2.2774057,2.6363301,0.46865845
0.1730113,0.07443559,0.37657547,2.3219585,0.46969795,18.1557
0.071347,0.12497851,0.144104,1.7280083,1.7804396,5.4766407
0.04354191,0.24834289,0.039689064,0.5582676,1.2212505,0.032684326
0.042286634,0.013245575,0.17511654,0.08738899,1.4528663,5.0178566
0.08708525,0.12286085,0.011252403,0.66585374,0.12372112,3.5383778
0.23425841,0.035983577,0.04113865,0.97087216,1.5167236,1.5262756
0.36514878,0.09337619,0.13618469,2.0268917,1.2195673,0.7074356
0.47391486,0.039481938,0.13537693,0.0093717575,0.48441887,5.3747406
0.28452802,0.008553207,0.15193844,0.60699654,0.17000103,0.9398689
0.04825449,0.36721367,0.4047222,0.63783455,1.1399345,3.388176
0.21972847,0.39965743,0.27200127,2.237877,3.3638039,2.136078
0.09247112,0.38986146,0.05252266,2.5181732,2.4805984,0.038726807
0.24149632,0.42304265,0.07469082,2.0906029,0.54025936,0.8702774
0.19029438,0.4476359,0.018529892,2.2595615,2.8128967,2.152687
0.39311326,0.22643733,0.33037186,1.351058,2.226143,2.2654114
0.25557244,0.15981197,0.1872158,0.91446495,1.3287773,0.441864
0.16063714,0.13424587,0.11844063,0.27724838,1.3950567,0.90634155
0.15346384,0.27489161,0.019851685,0.11880875,0.54870844,2.1051483
0.09528351,0.4490788,0.21213913,0.08105469,0.27084923,2.8577995
0.073556185,0.44608712,0.27402306,4.9487457,2.6559486,4.6178055
0.07549322,0.11640811,0.11741543,3.7968931,1.0123446,15.6688385
0.2049659,0.3558128,1.0771513,2.2165756,1.5093346,8.770905
0.023113087,0.21764636,0.24577045,1.7891235,3.7579613,15.03595
0.35266352,0.2232213,0.047376633,1.5945988,1.3272514,9.064804
0.43856427,0.05609727,0.0062799454,3.0191212,1.3078585,6.5526657
0.42397386,0.20489752,0.014463425,1.2220669,1.2663097,4.9378204
0.39624518,0.002047658,0.25767994,0.26540947,1.5523472,1.9319229
0.29697448,0.16328776,0.096339226,1.9180641,1.0289497,6.736927
0.14236194,0.04818368,0.061896324,0.63693345,1.3017988,0.6954994
0.018104672,0.0699445,0.35750103,0.911607,0.8623867,5.820112
0.1844039,0.01823783,0.84541416,0.6195226,0.20254326,2.5919724
0.3532194,0.31111383,0.7650213,3.5602932,3.243082,12.988754
0.17805958,0.23067686,0.3107252,5.934951,3.3411446,3.3459396
0.0025231838,0.16533765,0.3658123,2.1084852,0.057458878,0.5331993
0.122700214,0.376619,0.2601223,0.23884869,0.41778564,0.14919281
0.18464476,0.10220734,0.0076761246,0.043236732,0.72498417,2.0432105
0.25820982,0.20816165,0.001493454,0.7666893,0.9673023,0.64160156
0.2689228,0.30948645,0.017460823,0.30435562,0.19087982,2.0152283
0.27527225,0.1625182,0.09585285,0.012431145,0.06645489,2.142086
0.12115431,0.15001601,0.09457302,0.40547943,0.59840107,0.39802933
0.12082994,0.12958801,0.10457134,0.28377533,0.051973343,0.41931152
0.036708713,0.101837575,0.15867901,0.012042046,0.34001708,1.1065559
0.0058858395,0.062782764,0.102832794,0.040452003,0.07329887,0.9529495
0.040248036,0.068404555,0.060316086,0.36444187,0.2087884,0.663002
0.013099432,0.06855285,0.06116295,0.4218006,0.511426,0.8604984
0.033595443,0.11630076,0.03946781,0.77975655,0.38465738,1.2277966
0.02920711,0.15032423,0.083301544,0.52918506,0.29347038,0.6020689
0.02194643,0.17040902,0.09271717,0.3225286,0.14908409,0.12747383
0.038143158,0.19671518,0.1085968,0.28126955,0.17381763,0.27019978
0.06546998,0.1649276,0.08448696,0.11525917,0.07541847,0.4330902
0.059442878,0.12175405,0.0021591187,0.104971886,0.14545536,0.23537731
0.03687942,0.10782628,0.0054922104,0.30095792,0.06306362,0.5972514
0.05854082,0.11417729,0.010960579,0.43098572,0.13703823,0.37524366
0.028879046,0.078981936,0.02885151,0.7278409,0.11846447,0.21830451
0.011359215,0.0059496164,0.07127571,0.8559723,0.40141106,0.1780845
0.095882535,0.23498559,0.062140465,0.6479492,0.64077663,0.024049759
0.14576232,0.13930452,0.016427994,0.2956276,0.40898347,0.93504333
0.0114120245,0.0071235895,0.018172264,0.60562897,0.9264145,0.949234
0.21581054,0.14826953,0.046673775,0.87335587,0.7588434,2.6005974
0.25754786,0.0876925,0.21208572,1.5681572,0.19093752,0.5673485
0.11790657,0.015588999,0.14589882,0.11484718,0.47921562,0.2734661
0.05396253,0.05867386,0.051650047,0.2843113,0.314147,0.107759476
0.08201975,0.017323256,0.0030918121,0.4841919,0.20644951,0.77995574
0.079728305,0.01833558,0.007733345,0.075434685,0.294631,0.36812592
0.09839144,0.008557558,0.052707672,0.49539185,0.016552925,0.052952766
0.060530156,0.037346363,0.06713486,0.30734396,0.16810513,0.24850371
0.048375368,0.023314953,0.0810976,0.01974678,0.3593254,0.085289
0.017240852,0.015717745,0.08069134,0.3927412,0.21538544,0.28229788
0.026727289,0.029275656,0.079937935,1.0863333,0.84455675,0.038241267
0.033567578,0.15635204,0.10207558,0.07398224,0.48791695,0.05047202
0.040359616,0.17191482,0.14286804,0.27558136,0.5174136,0.23702526
0.0016337931,0.09236014,0.16037941,0.24678707,0.124391675,0.089577675
0.036397338,0.050078154,0.21125126,0.1297617,0.017044067,0.35892105
0.03516096,0.044424653,0.12664223,0.103263855,0.08800125,1.9253387
0.07295504,0.044798493,0.07510853,1.3531055,0.18135262,0.19631577
0.23899421,0.021887183,0.12765789,0.11763191,0.23693562,1.5096607
0.1532659,0.057154298,0.017799377,0.5159035,0.3663454,0.35059214
0.13418464,0.027172804,0.009737015,0.70619583,0.21064758,0.24737167
0.074030906,0.020971537,0.2043829,0.24910164,1.1750107,0.32920837
0.07678601,0.018821001,0.43495274,0.8965235,1.6093178,1.6422157
0.13463803,0.07248807,0.5876684,0.85743666,0.45042992,0.24661112
0.1689166,0.0302279,0.56790257,0.88845444,0.70588684,0.63835526
0.21589318,0.013266563,0.51933384,0.43865108,0.92249966,0.23831558
0.224891,0.029713392,0.46481323,0.1809597,0.45804405,0.58980465
0.16215909,0.010770559,0.323699,0.07730675,0.19120407,0.17912006
0.097860456,0.017793417,0.17465496,0.087239265,0.084121704,0.40871334
0.009701967,0.016030073,0.19987011,0.9171696,0.32691193,0.09799957
0.020224929,0.091578245,0.22545624,0.8890343,0.41383362,0.42220974
0.019064307,0.17129028,0.24532032,0.22444534,0.29218102,0.14083004
0.020305634,0.15996838,0.23486423,0.3148589,0.04618454,0.13093948
0.038000584,0.095487475,0.20655727,0.06275201,0.2297287,0.113059044
0.0071691275,0.055942774,0.18269253,0.32873178,0.1850853,0.51293755
0.046033025,0.02415979,0.103666306,0.5208572,0.89166,0.070068836
0.05878216,0.010012627,0.033359528,0.33404303,0.23947954,0.13476467
0.030965224,0.010256052,0.05861664,0.19456041,0.58283114,0.03960085
0.007669256,0.028228164,0.092490196,0.00871408,0.76399225,0.13608885
0.0033825934,0.036474943,0.0783453,0.020424068,0.691766,0.06490803
0.10088462,0.033239484,0.04826355,0.15617979,0.53286266,0.026053905
0.063216925,0.029932022,0.03657818,0.089782,0.41584873,0.34844577
0.09113145,0.046801925,0.033201218,0.021042347,0.15962839,0.1311121
0.093844295,0.070001006,0.050471306,0.29358864,0.13799906,0.15155745
0.11774111,0.09161854,0.076592445,0.39484978,0.47915268,0.108590126
0.1026988,0.059955835,0.06212139,0.17147708,0.38444138,0.5689745
0.15582442,0.022854209,0.12866974,0.12150097,0.9171219,0.7831831
0.082336664,0.03249991,0.065506935,0.49880505,1.1721497,0.29954195
0.10828209,0.07349014,0.05407715,0.056807995,0.59401226,0.6811235
0.09705877,0.0772357,0.012932777,0.029551685,0.15574169,0.6037452
0.10410094,0.07557094,0.117526054,0.28579473,0.38930893,0.16264582
0.11506891,0.07831466,0.0626173,0.31107616,0.01695633,0.32740557
0.025609732,0.06834555,0.14447975,0.081936836,0.15864372,0.25305414
0.024861336,0.07916498,0.0033502579,0.10248089,0.17724276,0.31533337
0.017627597,0.05406201,0.102952,0.6691942,0.09832096,0.0817852
0.021343708,0.055924535,0.03704071,0.12538487,0.41665825,0.05603671
0.11670685,0.06895292,0.05370617,1.2719984,0.8139305,0.35423413
0.018626332,0.002656579,0.1348238,1.6530571,2.8006592,0.57249415
0.37710476,0.07212055,0.37697315,2.2720947,0.61097336,0.34362316
0.42116117,0.07494259,0.617054,1.3801751,1.8452978,0.87126684
0.61877185,0.029266953,0.71247005,1.15223,0.98456717,1.3238704
0.48927438,0.004086077,0.5023937,0.0154418945,0.6718712,0.72370505
0.1683898,0.08980149,0.10289097,1.3046951,3.865059,1.7006571
0.18896604,0.23461023,0.09074879,1.9948616,4.9328117,2.147479
0.31764388,0.1767191,0.20898724,2.060194,2.8190384,1.3174362
0.35271668,0.21533266,0.3782835,1.1089268,2.070818,2.8287072
0.27444792,0.16910127,0.4894209,1.2691259,1.5984707,0.7920844
0.20014787,0.07540128,0.4920063,0.79962206,0.42217064,1.2209401
0.12429452,0.021478977,0.431386,0.47954893,1.3038845,0.023560286
0.04965663,0.115766615,0.28441048,0.13212001,0.38485336,0.978919
0.039007902,0.19611609,0.1267376,0.5059757,0.31033707,0.1008625
0.005405903,0.2524872,0.052453995,0.07480574,0.9489889,0.92694306
0.011314392,0.22762895,0.039121628,0.027124405,0.4494934,0.19727325
0.054457664,0.20132193,0.048591614,0.0065898895,0.29595733,0.31172228
0.07968593,0.18350849,0.052332878,0.06737065,0.27365518,0.20139599
0.09180462,0.16097152,0.05210495,0.023657382,0.11742926,0.033444405
0.08795166,0.15546852,0.039803505,0.0624457,0.33740723,0.51008415
0.087491155,0.16966115,0.013245583,0.37077367,0.4415512,0.25618863
0.031265497,0.11515785,0.014457703,0.23678398,0.035213232,1.0857297
0.03706205,0.07761108,0.009142876,0.13849258,0.5953622,0.50930667
0.047330856,0.0770239,0.0049915314,0.17492676,0.027754545,0.40594524
0.059552073,0.07095568,0.020710945,0.26134968,0.14663912,0.42384258
0.004748285,0.053569674,0.04754162,0.20152491,0.3509693,0.5275678
0.015499473,0.0669999,0.04490471,0.14381362,0.39728165,0.11941242
0.023666859,0.04978262,0.060729027,0.20946851,0.13691807,0.13554382
0.049452454,0.028736174,0.064697266,0.30046457,0.39416027,0.082654
0.067417264,0.013839096,0.07288456,0.28871036,0.03372574,0.11743635
0.03582338,0.017378598,0.084438324,0.27938044,0.21656895,0.3619337
0.06846675,0.0055913627,0.095677376,0.055185854,0.050356723,0.40867138
0.07163668,0.00742507,0.09957695,0.22934128,0.0074830055,0.22472835
0.06706399,0.01911515,0.104911804,0.12317735,0.2629149,0.2879256
0.055867076,0.024959564,0.085053444,0.290237,0.4273715,0.15465623
0.040525198,0.03315562,0.07322693,0.017683685,0.27075005,0.17642438
0.045256615,0.037816644,0.054989815,0.2761277,0.13356864,0.4273305
0.14518404,0.06324166,0.002114296,0.2796967,0.23927474,0.32251105
0.12599874,0.04392326,0.0170784,0.1685152,0.061095238,0.035577774
0.18209815,0.02245009,0.032730103,0.93286514,0.7752025,0.8136902
0.28258514,0.013654232,0.04543686,0.7265129,0.23735642,0.27100086
0.3691733,0.011064529,0.13685417,0.22721863,0.57113457,0.71219444
0.52857065,0.044847608,0.1947279,0.13442612,0.41150665,0.3258648
0.62752795,0.076310515,0.35797882,0.47221398,0.31607056,0.5829239
0.606704,0.15794194,0.1873169,0.84469414,0.77654076,1.3996167
0.43543243,0.0033547878,0.034906387,0.6065407,0.30492425,0.48732948
0.37162852,0.07792425,0.042167664,0.9886961,0.75644684,0.6318989
0.41204858,0.06789017,0.16883945,1.5001512,0.63212585,0.1678276
0.4554689,0.030635118,0.28372192,0.67873955,0.10656071,0.93822384
0.58771276,0.038699627,0.40083504,2.7187424,0.7581005,0.3078761
0.5957372,0.0011277199,0.46732235,1.4008598,0.91017675,0.4777224
0.4863813,0.10127759,0.51748466,0.4985428,0.46209145,0.8208739
0.4558227,0.17352605,0.48344803,0.6391716,0.22066927,0.13801098
0.4263811,0.22721672,0.40517998,0.075963974,0.37928486,0.24397472
0.42558718,0.21482968,0.40577984,0.018661499,0.6337738,0.33370352
0.38678265,0.08121157,0.21960545,0.27762604,0.7212467,0.25204659
0.33474874,0.068359375,0.16340828,0.36578035,0.22756004,0.27600592
0.27286363,0.11858368,0.12937546,0.9289465,0.68377686,0.37825727
0.25491524,0.10758877,0.083636284,0.3853488,0.8038386,0.012592077
0.23034382,0.082404375,0.09133339,0.28615475,0.81744504,0.08518064
0.20499969,0.11947811,0.14988613,0.78053665,0.7057558,0.072298646
0.19176912,0.018552661,0.20765209,0.76617813,1.368228,0.111321926
0.21445799,0.31283575,0.20662308,1.1546736,0.08102083,1.0421711
0.27179074,0.32594675,0.23588467,2.433405,0.032028675,0.5601027
0.22056055,0.2972949,0.16964436,1.2685966,0.23864412,0.24891591
0.16450834,0.2559209,0.13728046,0.025211334,0.5021944,0.29008612
0.12095237,0.18083754,0.10754967,0.07686138,0.556972,0.1489414
0.029064178,0.06961009,0.118400574,0.9990101,1.156312,0.18002939
0.015969276,0.056196183,0.027338028,0.64746475,0.87950015,0.23142147
0.04128623,0.014079988,0.04370594,1.046524,0.21309471,0.04957962
0.050835133,0.029053956,0.019192696,0.6856117,0.13286781,0.06605244
0.057525277,0.0465402,0.000872612,0.1901331,0.09195799,0.44021845
0.0816766,0.07019228,0.019161224,0.34329128,0.15789688,0.37570596
0.103452206,0.09277886,0.032665253,0.034518242,0.1309185,0.38384104
0.10504866,0.014498711,0.067401886,0.14691818,0.01803112,0.13329697
0.112092495,0.027490735,0.038783073,0.24687219,0.5206109,0.7134588
0.10526645,0.053910732,0.045617104,0.036108017,0.016450405,0.11214161
0.08756626,0.07298803,0.029325485,0.1192801,0.3881147,0.23739576
0.08911741,0.051531553,0.03666401,0.090853214,0.06669569,0.034367383
0.085632205,0.042102575,0.026956558,0.08373976,0.27959704,0.2824793
0.09441745,0.05571556,0.004511833,0.15041924,0.022806108,0.05238831
0.06973767,0.023515463,0.010593414,0.044465065,0.01181221,0.13700962
0.067269206,0.0088682175,0.012124062,0.19766998,0.0138081685,0.044264793
0.060429096,0.00838089,0.010630608,0.075852394,0.08627486,0.12906694
0.072173834,0.0012295246,0.02520752,0.11048412,0.15472436,0.007898331
0.08076012,0.0032086372,0.03543663,0.08309841,0.04044628,0.015329361
0.07953441,0.010481834,0.027345657,0.15620613,0.092680454,0.2054429
0.08406317,0.017574787,0.0012226105,0.19901276,0.059609532,0.34977674
0.082715034,0.02927804,0.028158188,0.48487854,0.33476973,0.104784966
0.10039747,0.013525963,0.023030281,0.123515606,0.036999434,0.49194622
0.07263327,0.05724287,0.050808907,0.31983948,0.40108803,0.118352234
0.077757955,0.070544004,0.059692383,0.2780857,0.23212516,0.08490348
0.07722616,0.056397915,0.04123783,0.18015099,0.27105308,0.10688639
0.07395816,0.062496424,0.037382126,0.06648493,0.25069022,0.3487041
0.078041196,0.07540941,0.044677734,0.004535198,0.27767706,0.25180984
0.08423805,0.026872635,0.06272316,0.06901407,0.23277211,0.1730671
0.07888627,0.052981853,0.06871605,0.23620665,0.46391532,0.16193959
0.10575998,0.06463981,0.06075573,0.03615269,0.04257202,0.017416477
0.087239146,0.06729078,0.065740585,0.051241398,0.17695475,0.041553974
0.06515956,0.04877162,0.093354225,0.04712057,0.3716874,0.1487956
0.05712533,0.046813726,0.08880997,0.022393703,0.2548681,0.19267797
0.0479182,0.028766155,0.08055782,0.014346123,0.17236054,0.057368644
0.035132766,0.009403825,0.102458954,0.014136314,0.0669651,0.20963621
0.022904277,0.009539962,0.09664345,0.18297356,0.42697048,0.09941137
0.036469102,0.014151216,0.105285645,0.20019937,0.08248043,0.17454362
0.013936758,0.012350917,0.111130714,0.018654346,0.29347348,0.27965713
0.0049755573,0.014780879,0.10984802,0.017152786,0.18297315,0.26100802
0.010518312,0.02170062,0.10669708,0.0536232,0.13532495,0.16803062
0.0019557476,0.03661716,0.09845543,0.02509594,0.074539185,0.0036481023
0.04321891,0.032888293,0.11343765,0.00043296814,0.04618168,0.007750869
0.031935155,0.016212821,0.14178944,0.2850606,0.4316743,0.17260855
0.013467789,0.026470423,0.13729477,0.13016668,0.05928545,0.14581752
0.04823318,0.016050577,0.13980007,0.07054365,0.029567957,0.0611825
0.056209713,0.010703564,0.14801693,0.045819044,0.14234746,0.0985173
0.039128393,0.0031998158,0.14866066,0.17572868,0.1569041,0.19573489
0.017071664,0.0093615055,0.12055206,0.008139588,0.10091138,0.23310477
0.06065413,0.002239108,0.07970142,0.03582573,0.12112427,0.06805205
0.06209244,0.0104146,0.070168495,0.04706359,0.07285452,0.11089516
0.049615353,0.014825344,0.08319378,0.03229785,0.037769318,0.010776997
0.030262798,0.008920431,0.086434364,0.054907203,0.16503787,0.03962004
0.026986212,0.0037128925,0.110738754,0.025718331,0.065346,0.05554221
0.05065474,0.020831585,0.12030983,0.020738244,0.0079,0.08234793
0.04491073,0.0075552464,0.11358738,0.06874204,0.07556403,0.041296184
0.09176403,0.04401207,0.08196163,0.38342857,0.29587936,0.19668889
0.044957936,0.009654522,0.0409441,0.72752666,0.7527783,0.027987242
0.08040303,0.017892838,0.052122116,0.2200486,0.19755551,0.08431065
0.077519,0.010016441,0.062155724,0.07330382,0.21061563,0.08903867
0.06317973,0.00086236,0.046099663,0.11058399,0.07750511,0.03215444
0.05375284,0.006242752,0.047846794,0.029726028,0.06022203,0.17079884
0.056159377,0.01388669,0.057501793,0.14127827,0.018140793,0.029558122
0.061627507,0.02230692,0.07473183,0.09945011,0.18281844,0.07501221
0.060708106,0.023413658,0.072678566,0.20483732,0.0048289187,0.16541678
0.0759514,0.023030043,0.06609726,0.027166843,0.11592412,0.15512443
0.075917125,0.004303694,0.037866592,0.23546731,0.3074603,0.13757324
0.16017771,0.112104654,0.012576103,0.66251683,0.99615,3.7581787
0.21441978,0.05919051,0.0160923,0.42224026,0.19164848,0.8659973
0.012670338,0.0968349,0.047088623,0.13972282,1.0454562,0.077041626
0.35354716,0.2715869,0.09643459,1.5914078,0.23676348,0.4266739
0.32713193,0.14259458,0.09561825,2.2380877,1.7307711,1.9770355
0.37097144,0.27261758,0.118385315,0.71755993,2.5384836,1.3255514
0.3085922,0.28001237,0.00026607513,0.8875823,1.4128094,0.42386055
0.34782135,0.21721339,0.027287483,0.0030994415,0.09770584,1.5990124
0.32363153,0.07371187,0.07189655,0.43891907,0.26069927,0.2845459
0.40582228,0.018115044,0.23023987,0.78775597,1.1773765,1.1244812
0.4343078,0.29746842,0.17772579,1.6728458,1.4334488,3.2902985
0.38531423,0.13281739,0.050883293,0.31924772,1.729902,3.837963
0.14608002,0.08583963,0.014444351,0.8542174,0.6995678,1.1631317
0.14895868,0.13169956,0.13747883,0.36120695,0.1796112,1.2839794
0.1610744,0.20877445,0.19528866,0.18211901,0.16322374,0.5118942
0.17494464,0.17276621,0.13273811,0.28699732,0.098104,0.59706974
0.17783213,0.11119723,0.06093502,0.34151804,0.15093899,0.104730606
0.15250683,0.087613344,0.014526367,0.46302545,0.12155914,0.0099925995
0.12650132,0.074217916,0.010581017,0.2903527,0.3440752,0.20184708
0.10845804,0.08757877,0.019935608,0.44086322,0.17987871,0.16834092
0.09714675,0.09070003,0.042417526,0.33052063,0.20539236,0.39008498
0.024482489,0.015939355,0.03576088,0.16893005,0.048060656,0.20299911
0.009623289,0.12664914,0.081809044,0.47135925,0.388299,1.6853802
0.020504236,0.10385656,0.16054916,0.2689198,0.1827774,0.824337
0.011300564,0.02042365,0.11581898,0.5706911,0.4468956,0.87246466
0.048217654,0.00568223,0.13710594,0.79057026,0.9124217,0.20000204
0.0127635,0.010296345,0.085404396,0.45790482,0.112673044,0.022265673
0.001821518,0.0034999847,0.044760704,0.2638693,0.35779774,0.49905407
0.00873816,0.008509874,0.01143074,0.26872635,0.21190071,0.017110825
0.0018324852,0.013272524,0.0077085495,0.18327427,0.22275877,0.33211565
0.04009211,0.00059986115,0.0042886734,0.30486012,0.012273312,0.40017223
0.061870098,0.006379366,0.005303383,0.00344491,0.088439345,0.54908943
0.077320695,0.05250144,0.00034809113,0.17868328,0.16741812,0.2524743
0.06266868,0.06665516,0.0036849976,0.14856815,0.340974,0.31442785
0.045830607,0.08145714,0.007101059,0.13766193,0.3698275,0.28420448
0.020472884,0.08861613,0.023714066,0.080604345,0.28247297,0.08241367
0.008165836,0.06899428,0.03189373,0.19759417,0.0057635307,0.122439384
0.012731314,0.04811454,0.008613586,0.16525641,0.29295897,0.5030718
0.0060241222,0.07039106,0.00040912628,0.095578,0.20915872,0.12951183
0.018660784,0.07973313,0.0055503845,0.08071649,0.3328818,0.17381549
0.033666372,0.07610166,0.027812958,0.08224535,0.17955256,0.14214778
0.045167685,0.06830108,0.036480904,0.09831166,0.057606995,0.06718683
0.07821417,0.03982067,0.021688461,0.072487,0.015183508,0.04508093
0.07363725,0.049469948,0.0030508041,0.0060014725,0.027635276,0.16128492
0.07748747,0.047377586,0.004160881,0.0946722,0.07584953,0.119077444
0.083343744,0.033869505,0.004682541,0.019836187,0.01901269,0.19376183
0.072740555,0.042813182,0.00076293945,0.026756525,0.0461137,0.42369938
0.09470463,0.033358335,0.012397766,0.073349476,0.060596943,0.038537025
0.07815933,0.04420066,0.0015239716,0.04442215,0.54666805,0.554132
0.055545807,0.01842308,0.08407974,0.21133995,0.013096809,0.16377187
0.09011531,0.009596169,0.091796875,0.0018196106,0.19278073,0.028501034
0.10262513,0.0028683543,0.058220863,0.17562631,0.1278491,0.13814521
0.14100838,0.0027014017,0.06788254,0.12406969,0.29779053,0.19784212
0.20138955,0.019322932,0.09741974,0.02350998,0.16014338,0.04904747
0.21946311,0.09401509,0.12900352,0.08569813,0.025884628,0.030073643
0.1218946,0.051281154,0.12405014,0.25350022,0.3719759,0.7286465
0.16847992,0.042953312,0.11122894,0.21243131,0.07406235,0.7772099
0.16512418,0.046363413,0.12316513,0.025579989,0.16671062,0.489833
0.1432054,0.04481426,0.12704086,0.117878914,0.19823861,0.044085264
0.12852836,0.05442813,0.12867165,0.036739826,0.041639388,0.032767653
0.14098859,0.0779948,0.1400404,0.078927994,0.14610577,0.0008504987
0.16636968,0.08337552,0.11150074,0.12584686,0.22667599,0.23795414
0.123616695,0.18055417,0.069410324,0.04114294,0.24641418,0.32568216
0.10709381,0.24585897,0.08560467,0.14123654,1.1268425,0.26486063
0.05394864,0.24435607,0.052060127,0.49310398,0.73667526,0.97781783
0.0029087067,0.24165276,0.009755135,0.8346195,0.20034981,0.6241646
0.08341336,0.22893143,0.11647415,0.8308985,0.5488529,0.38881016
0.07639325,0.21342039,0.14242363,0.42704678,0.388275,1.37321
0.10708225,0.248508,0.11905384,0.41117668,0.013331413,0.44132376
0.20689714,0.25131404,0.07309723,0.15276909,0.1740036,0.23864555
0.22372913,0.16183597,0.026415825,0.22385883,0.5462036,0.04514408
0.17498109,0.052272186,0.00508976,0.3313427,0.42118454,0.013596296
0.03828263,0.013773844,0.061673164,0.56874275,1.265152,0.098977566
0.061221782,0.02994217,0.03354454,0.6220107,0.0027303696,0.035538673
0.0020771623,0.016483732,0.0569849,0.094599724,1.3937988,0.19043016
0.029321298,0.0530769,0.033828735,0.14053917,0.6774311,0.51345825
0.034027636,0.06964968,0.014717102,0.10467672,0.51404,0.9832001
0.046937972,0.08059472,0.019342422,0.22628713,0.5032816,0.37710142
0.039380476,0.015387356,0.033478737,0.19620323,0.5514183,0.24419498
0.067369044,0.07376057,0.020532608,0.40982533,0.33415025,0.059605002
0.14513113,0.17786437,0.009328842,0.36299896,0.06912422,0.3045988
0.21128313,0.20158184,0.0351305,0.23743057,0.5802498,0.78149796
0.26018378,0.0950585,0.04551983,0.13035965,0.71844864,0.36183167
0.27252287,0.0039981008,0.040800095,0.32512665,0.4227085,1.2595901
0.33661783,0.03727448,0.088760376,0.21133971,0.011174202,1.4589615
0.370382,0.04945922,0.15636635,0.37373495,0.4678228,0.54065895
0.30072474,0.03915006,0.22328949,0.23267365,0.7740674,0.5713295
0.32054454,0.05336702,0.2899704,0.41374302,0.09892142,0.7463064
0.36183125,0.08228803,0.33242512,0.00782299,0.5005274,0.2520275
0.3914151,0.05249092,0.35169792,0.38191032,0.27132273,0.08377266
0.43422905,0.0067704767,0.28377247,0.574852,0.34959888,0.48718452
0.3131706,0.19817904,0.1598959,0.31554413,0.11086464,1.745636
0.25236434,0.23640124,0.10011196,0.3075142,0.10218048,0.92885494
0.23091531,0.16299301,0.06420994,0.41623402,0.22110176,0.45463848
0.24286675,0.114696145,0.037926674,0.419302,0.6244116,0.15114498
0.26512086,0.03884909,0.03081894,0.10988426,1.0379906,0.64445305
0.08698434,0.05425763,0.10927391,4.945835,5.8295517,1.7966709
0.15051115,0.034466535,0.06826782,0.39793396,0.2519226,0.6596012
0.27392986,0.19660679,0.123389244,0.4490242,1.061657,0.7822044
0.43096888,0.1999259,0.27107143,0.66662383,1.6058664,0.03815788
0.45121008,0.14211315,0.35316944,0.30132437,2.0474133,0.7185253
0.3617438,0.08609235,0.3857994,0.296111,0.0840435,0.26846433
0.13827366,0.027206779,0.36206818,0.46191978,1.0739574,0.06735325
0.13768089,0.0071383715,0.36171913,0.26588535,0.5338497,0.7092967
0.04194653,0.05627024,0.33818245,0.42460346,0.41769695,0.35745478
0.0008087158,0.066999316,0.29282093,1.5450993,0.061857224,0.43527833
0.025078773,0.052738786,0.24751377,0.61048603,0.13035393,0.29468867
0.085762024,0.051073074,0.15207958,0.2646923,0.16793633,0.45949888
0.17856264,0.10688579,0.004808426,0.4472556,0.07453346,0.8589926
0.16073298,0.12955248,0.055501938,0.660264,0.39334726,0.5164392
0.19498086,0.13039374,0.081225395,0.08220768,0.38699436,0.32141608
0.20502925,0.09894419,0.11557007,0.19500256,0.21961689,0.3315301
0.22274828,0.07530928,0.13382912,0.105451584,0.18621731,0.22114223
0.27317357,0.04748392,0.17493725,0.5468588,0.116537094,0.557405
0.3342526,0.03965664,0.23896313,0.73336124,0.5166874,0.4076953
0.31620312,0.056480646,0.24478436,0.16042328,0.5727606,0.6109631
0.31670928,0.052332878,0.24974537,0.47205353,0.29764557,0.05091083
0.2829106,0.050133705,0.2664318,0.2564664,0.6671915,0.19729614
0.23849082,0.057516813,0.2725153,0.33199453,0.5161934,0.16345263
0.20772958,0.06870437,0.267066,0.27347612,0.33853054,0.53825045
0.20927668,0.011584163,0.23142815,0.51377296,0.46025848,0.7638123
0.23313808,0.061411142,0.18579102,0.0063323975,0.50258255,0.6666117
0.20186353,0.0985198,0.15624619,0.045529366,0.29443884,0.5907936
0.17221689,0.100107074,0.120996475,0.200135,0.05832982,0.16124058
0.16417575,0.10733056,0.09568882,0.08151245,0.23298407,0.052248
0.12296367,0.10899389,0.027023315,0.07802868,0.40160847,0.2154522
0.0004811287,0.11244637,0.038386345,0.37299728,0.5970154,1.0409336
0.077430725,0.053849995,0.020563126,0.26044178,0.21810675,1.7685404
0.072957754,0.05406642,0.01331234,0.2917061,0.26134968,1.1443529
0.07269931,0.06999475,0.020615578,0.026835442,0.13369036,0.42298126
0.045514226,0.06350809,0.0060424805,0.14064598,0.39430827,0.69681454
0.016080856,0.04187858,0.036626816,0.36972898,0.030259967,0.25662327
0.054929256,0.030091882,0.025032997,0.60617447,0.30396366,0.04853177
0.09516847,0.011353672,0.047021866,0.049668312,0.18774611,0.26497078
0.11882281,0.02243352,0.058429718,0.17588854,0.36846066,0.28962398
0.1105988,0.018334746,0.059295654,0.007966995,0.15744352,0.034173317
0.10137576,0.023909926,0.06104946,0.12442741,0.23419976,0.081784844
0.13914427,0.038945198,0.08076668,0.14732027,0.090072155,0.058191538
0.2098375,0.09196186,0.06769943,0.51165485,0.2468853,0.25078022
0.13463044,0.06400132,0.056016922,0.57129943,0.7415061,0.14762306
0.1499985,0.07965422,0.06991577,0.16137409,0.069981575,0.31941223
0.14581017,0.07642722,0.08360863,0.06678018,0.35268724,0.16411734
0.1511397,0.054991245,0.0899868,0.062692404,0.30551812,0.14731178
0.1699756,0.043634653,0.0900259,0.28534555,0.27177805,0.009360313
0.22528277,0.078270674,0.05467415,0.34437513,0.20013094,0.1523571
0.19925474,0.037702322,0.06397629,0.18173313,0.27400756,0.34232473
0.18698536,0.038959265,0.081591606,0.18370056,0.19547415,0.11313772
0.19148101,0.05593443,0.08652401,0.0399971,0.019862652,0.06805539
0.1638627,0.052864075,0.087524414,0.027811527,0.021992207,0.024867654
0.13340715,0.024056673,0.049028397,0.18795967,0.10121155,0.033534527
0.10022271,0.011299849,0.041404724,0.15977669,0.2061286,0.2028408
0.084200114,0.028128624,0.00018978119,0.522434,0.48733395,0.7543683
0.12367892,0.07074475,0.0071907043,0.14747047,0.052859664,0.44566825
0.10408038,0.068362236,0.006995201,0.028717518,0.11056638,0.17252302
0.09095934,0.040967464,0.02186966,0.08192968,0.06494415,0.21241426
0.09192523,0.018133879,0.043188095,0.110280514,0.1347208,0.3609786
0.097121745,0.015866995,0.06397343,0.0024399757,0.2780323,0.32381153
0.08913797,0.053252935,0.07356548,0.30475426,0.49200797,0.10379839
0.123098746,0.07329202,0.089922905,0.34758854,0.087311745,0.06583181
0.11324184,0.044549227,0.10281849,0.05443847,0.19297457,0.17852402
0.08777377,0.033174038,0.06302357,0.123090744,0.3233083,0.008542061
0.031458914,0.45593643,0.024204254,0.022176385,0.0054720044,0.30682087
0.07452923,0.039955378,0.039780617,0.62742996,0.21212816,0.21065044
0.050531633,0.0098564625,0.023586273,0.6418482,0.6635778,0.2596798
0.117368974,0.022654057,0.026762962,0.22188377,0.095807076,0.38542318
0.10886723,0.015689373,0.039895058,0.009161711,0.116205215,0.13831592
0.10533471,0.00793159,0.05631733,0.1467185,0.14812112,0.07134801
0.10145479,0.007986426,0.0763464,0.20927198,0.119629145,0.14727521
0.09253943,0.020658255,0.03289318,0.26206303,0.15417877,0.1310978
0.080144644,0.010477662,0.02909565,0.019484878,0.08588362,0.20376778
0.101554155,0.00058698654,0.038256645,0.3526377,0.061196327,0.18235183
0.0877296,0.024454117,0.032429695,0.161659,0.12543261,0.12814558
0.08707337,0.031274557,0.026206017,0.014466405,0.10486859,0.3889413
0.087716475,0.0057851076,0.050704002,0.18389308,0.07091522,0.2237258
0.14967325,0.0032280684,0.0843277,0.28515363,0.65958595,0.27338362
0.21753356,0.0029035807,0.12709713,0.2625215,0.2551546,0.12038745
0.1908441,0.033250034,0.12478638,0.057888508,0.040597916,0.42828155
0.15697081,0.033117056,0.11095333,0.20357323,0.027509853,0.246315
0.123018906,0.039353967,0.08059502,0.13172674,0.01619625,0.14347291
0.09593606,0.043366253,0.037150383,0.060730934,0.17480135,0.1032269
0.082236454,0.040698946,0.028941154,0.097558975,0.02655983,0.10241699
0.045333058,0.00505656,0.025642395,0.38974428,0.44265604,0.065843105
0.025609612,0.0076129436,0.03657627,0.07298875,0.034606934,0.07626295
0.021480411,0.009444952,0.034368515,0.16566706,0.09977198,0.14966631
0.017241806,0.001599133,0.043491364,0.10701072,0.032777786,0.09253371
0.017717734,0.011823893,0.04548645,0.02821207,0.06729317,0.11235356
0.004602611,0.006321311,0.04771042,0.056814432,0.25069046,0.24227524
0.010596968,0.0135269165,0.057469368,0.10540962,0.23736656,0.15494299
0.009551618,0.025354505,0.052612305,0.08485699,0.028852046,0.14000916
0.014722019,0.023027182,0.05240345,0.07806337,0.013066292,0.022232175
0.017203271,0.019930243,0.047356606,0.030136824,0.024071448,0.0019256771
0.014711872,0.024041414,0.027198792,0.011335611,0.10900812,0.166565
0.011608332,0.0047944784,0.03223324,0.27013326,0.07204366,0.03513241
0.035948545,0.0024638176,0.0526762,0.2685573,0.11802924,0.44960833
0.014457285,0.031171441,0.004582405,0.3348465,0.047254264,0.28784466
0.053744376,0.13192546,0.093070984,0.8404808,0.77791786,1.2677736
0.10358161,0.15975201,0.10199928,0.52597046,0.4133463,0.78642464
0.1306876,0.021637201,0.1440363,0.56015587,0.4846859,0.3066368
0.08489394,0.08013642,0.146245,0.7563095,0.7393379,0.4939232
0.1138798,0.02993524,0.16368294,1.0615636,0.49518013,0.9304657
0.028005838,0.042821586,0.04915619,0.43720102,0.19949627,0.012076378
0.046686053,0.00014793873,0.03977108,0.029065609,0.35344505,0.024708271
0.052745342,0.006162703,0.07647228,0.21772242,0.07609367,0.5041652
0.05418718,0.0015050769,0.08782482,0.2951417,0.31588745,0.120700836
0.090442896,0.09146209,0.102399826,0.1572237,0.21256208,0.42554855
0.081416965,0.05248096,0.08407211,0.52214646,0.064199924,0.18779373
0.10729778,0.06357068,0.058901787,0.36810127,0.32822633,0.17842484
0.09928727,0.04179108,0.060733795,0.2767191,0.11315346,0.22630644
0.11579156,0.054127038,0.04524803,0.014353573,0.009708881,0.100755215
0.116583586,0.06799179,0.014339447,0.6791837,0.017781734,0.23198223
0.15734005,0.14170617,0.012578011,0.73894835,0.09990215,0.37557697
0.15439248,0.14441168,0.0026741028,0.6580925,0.41951776,0.38576937
0.16485953,0.15129435,0.023056984,0.96131754,0.05421114,0.5593538
0.16760015,0.17151952,0.072607994,0.54448795,0.09039378,0.40864086
0.15030551,0.15916061,0.08539963,0.7049074,0.049248874,0.45770192
0.123846054,0.1579827,0.11494732,0.6441854,0.049727738,0.28544664
0.13338184,0.17924821,0.15540886,0.2816844,0.115180254,0.18178034
0.1487279,0.21029663,0.18814754,0.2089138,0.17967463,0.21534061
0.13041782,0.19171846,0.16782093,0.3108902,0.083961725,0.23169613
0.11908245,0.20836759,0.20015812,0.12466478,0.2859385,0.079184055
0.11310172,0.20195591,0.19357586,0.041630507,0.35059524,0.067867756
0.11485076,0.2179966,0.22617626,0.098507404,0.22402716,0.12642765
0.1220417,0.21380913,0.22183895,0.1963625,0.19514656,0.23075962
0.091281176,0.1959629,0.2282219,0.30862904,0.5170891,0.42406958
0.0993948,0.20621347,0.21754265,0.29806185,0.34223032,0.07939792
0.091005564,0.18873823,0.20247555,0.15966749,0.3955822,0.043623924
0.09247255,0.16276228,0.20422268,0.12437391,0.3694315,0.025436208
0.10905862,0.1580162,0.22415829,0.50507975,0.008193493,0.029986262
0.12338567,0.13887954,0.2124424,0.45929217,0.16796088,0.040418983
0.107676506,0.10628569,0.164752,0.009599209,0.18853831,0.07158396
0.122615576,0.11316621,0.17662716,0.08936596,0.25816786,0.16220057
0.12524462,0.10245079,0.16291809,0.1392641,0.032966018,0.065072894
0.122894764,0.10130459,0.14719582,0.22886094,0.16288686,0.17212033
0.116000175,0.08287859,0.09107399,0.100718856,0.036833704,0.11881876
0.080899,0.055435956,0.038145065,0.25206754,0.02946043,0.089772224
0.08059621,0.065252006,0.035203934,0.23456335,0.17061377,0.028940797
0.08705044,0.05984974,0.019328117,0.0022767186,0.13231611,0.012773037
0.068398714,0.066465676,0.014874458,0.25354624,0.16220808,0.06471968
0.07006049,0.058578014,0.04478264,0.15252209,0.1614554,0.00027692318
0.076392174,0.06665796,0.052721977,0.00070643425,0.06131947,0.0021209717
0.025632739,0.070679426,0.06148243,0.07207823,0.040210485,0.08607674
0.04777956,0.09428024,0.06194687,0.34820414,0.1629504,0.23000276
0.04811132,0.07080954,0.084139824,0.5510776,0.0178442,0.17930126
0.0682466,0.08868754,0.08522606,0.15026724,0.046157837,0.2754178
0.04984069,0.10243958,0.09742737,0.15425014,0.0024836063,0.1532228
0.004868269,0.13767439,0.13558006,0.13011694,0.10228014,0.102287054
0.12511891,0.17940676,0.20111465,0.55451965,0.16172028,0.30296135
0.21033055,0.09785426,0.32451248,1.0978756,0.53990746,0.92769444
0.13513303,0.14362562,0.303957,0.022642136,0.57878935,0.2718389
0.091234684,0.16338247,0.27362823,0.26673698,0.3890996,0.061477184
0.071988225,0.1886167,0.23901463,0.43210697,0.39562798,0.06309605
0.07400903,0.19848132,0.19927216,0.44403267,0.46302032,0.05515194
0.08755435,0.12321327,0.086278915,1.110714,0.2067585,0.05650139
0.033109844,0.15767126,0.053879738,0.022778511,0.47520876,1.1733654
0.011558123,0.17112404,0.18518734,1.0069394,0.11205375,0.9794135
0.003355503,0.13982981,0.15707111,0.8215952,0.2686745,0.34147167
0.009859055,0.09065193,0.007522583,0.14238358,0.34585726,0.61830235
0.03435895,0.06835699,0.06657982,0.12147617,0.021441221,0.86570287
0.11202809,0.010895848,0.071834564,0.057357788,0.30448723,1.0694656
0.094390005,0.057837963,0.117726326,0.81583214,0.6175542,0.103731155
0.035339773,0.06064236,0.14329147,0.017864227,0.58269405,0.49105644
0.0025119781,0.06031251,0.12552357,0.1894226,0.6663046,0.1369648
0.02124387,0.060521483,0.1291027,0.18079281,0.55183566,0.29851627
0.029322386,0.049739838,0.11883259,0.005508423,0.29541183,0.49067402
0.033646643,0.021325111,0.124957085,0.26953316,0.066617966,0.19968605
0.053728282,0.021128058,0.12007904,0.60366154,0.4248705,1.0553656
0.047492325,0.012726665,0.13565159,0.2965374,0.09753084,0.7386408
0.052661,0.009486556,0.13311672,0.13839436,0.1567564,0.5860715
0.051849723,0.013473868,0.14877796,0.25166798,0.07796955,0.42592144
0.044826925,0.014340997,0.15872002,0.23014545,0.109998226,0.33262825
0.075953364,0.035073638,0.19866467,0.44226742,0.04797268,0.020970821
0.06755644,0.04420197,0.20187378,0.3232093,0.5673075,0.16689253
0.024906844,0.020407915,0.20608139,0.033516884,0.21718669,0.2485795
0.013007358,0.011418819,0.1989851,0.23823392,0.030666828,0.036303908
0.01384978,0.0033528805,0.19499016,0.042568207,0.024512291,0.045467734
0.013335168,0.009050041,0.19216347,0.07929599,0.20774147,0.03649962
0.055707216,0.044835597,0.18599892,0.035175323,0.30804157,0.031627536
0.028608084,0.025638383,0.18219471,0.16552758,0.4897163,0.1118207
0.042441607,0.031269133,0.16057491,0.14110851,0.15882587,0.084795736
0.04130596,0.023121268,0.14951897,0.31939936,0.12038374,0.05892217
0.049348533,0.027372122,0.13812447,0.12201452,0.16588908,0.047951818
0.06294918,0.041284204,0.1209898,0.18134785,0.08118352,0.08939266
0.08817732,0.10476661,0.07269478,0.21901989,0.06304538,0.13106012
0.06952548,0.068761826,0.0730381,0.4845848,0.1693759,0.35409093
0.086024165,0.053230405,0.05430889,0.31091046,0.0922997,0.2296462
0.07947862,0.043521285,0.042481422,0.500086,0.17356873,0.29898763
0.07293558,0.051671743,0.025968552,0.2794963,0.019981772,0.23623848
0.07456708,0.065145016,0.014879227,0.097297065,0.12278414,0.14413106
0.10979366,0.10784471,0.00710392,0.17572331,0.2754513,0.27752697
0.11749959,0.13034451,0.023205757,0.081615,0.078464985,0.29252243
0.1134634,0.13282776,0.03499508,0.09823036,0.027414799,0.24051023
0.11236751,0.12763321,0.036248207,0.17682332,0.035505295,0.29353368
0.1294061,0.12971222,0.054795265,0.16141796,0.24053311,0.30527127
0.12841141,0.14222383,0.07745266,0.1294176,0.04599738,0.218155
0.14616406,0.18839133,0.082969666,0.10075617,0.31999683,0.1785121
0.13193703,0.17328417,0.08345032,0.44801462,0.08954811,0.19077429
0.1318928,0.19337058,0.09608364,0.29166424,0.062306404,0.2687531
0.13015425,0.20074058,0.11334324,0.30765533,0.20978546,0.19084007
0.1310308,0.20232964,0.12734222,0.28202832,0.23500252,0.18256062
0.11594677,0.19694495,0.11303902,0.38674843,0.111037016,0.119997725
0.16026342,0.23829365,0.18296623,0.034892082,0.6372194,0.14556217
0.08505237,0.24998164,0.040501595,0.5160713,0.36528206,0.16013145
0.028974771,0.21433592,0.10901356,1.5756721,1.7799187,0.098555446
0.029824972,0.19303036,0.1088953,2.0134048,4.039921,0.027133644
0.044693947,0.24990225,0.03884983,2.861641,2.0037937,1.1202011
0.05024755,0.29731727,0.06150341,7.009015,1.293581,3.1269007
0.12921119,0.25281954,0.067671776,4.137436,1.010643,0.48629856
0.15944862,0.18130004,0.059908867,1.5958538,1.0489082,1.0264654
0.13489628,0.11305952,0.024947166,1.6887226,0.7255802,1.9005308
0.03004098,0.14300483,0.040438652,1.6818962,0.29187965,0.92395425
0.06187582,0.21250796,0.013219833,0.76800525,0.20915389,0.26720786
0.003815174,0.26410735,0.03147602,0.008235425,0.85914564,0.41739678
0.062989,0.22679648,0.025986671,0.24895287,0.22374916,0.31521916
0.076756,0.21522963,0.028906822,0.25290108,0.88617086,0.006580204
0.09049654,0.1645308,0.036744118,0.0845294,0.31871307,0.011701345
0.06579268,0.13137236,0.04053402,0.01023531,0.21302736,0.0646019
0.05051577,0.11306399,0.06758499,0.23666799,0.030688286,0.14156055
0.032947063,0.0933713,0.10800934,0.16363811,0.024765253,0.08870208
0.008577347,0.05585769,0.11129379,0.40802765,0.054430842,0.079205036
0.033550143,0.08721036,0.101714134,0.6378194,0.26938733,0.2720108
0.016432047,0.057551682,0.12994385,0.24976707,0.12827897,0.029738426
0.014519215,0.052615404,0.15637779,0.26083565,0.05892515,0.021544926
0.023008883,0.069838345,0.14857769,0.28035247,0.3052864,0.06652722
0.014521003,0.062353134,0.17763042,0.04225111,0.23395264,0.04875493
0.06492823,0.014418304,0.1668148,0.20708686,0.41233444,0.28469944
0.014859557,0.019688904,0.12598991,0.37954414,0.65951014,0.3071832
0.017335355,0.00052189827,0.11400604,0.043139696,0.38272285,0.07851374
0.0049542626,0.010323286,0.08746433,0.025523156,0.20608616,0.024145812
0.015342254,0.022155523,0.07509422,0.16772299,0.045030594,0.041336536
0.029262334,0.029075384,0.06317997,0.052258477,0.011102676,0.1865232
0.015667707,0.044621706,0.08228207,0.19662142,0.06273174,0.3386922
0.023278847,0.011082768,0.046180725,0.030693293,0.09351158,0.21580815
0.03430371,0.00047194958,0.056947708,0.15727472,0.099907875,0.2043376
0.038512558,0.007111907,0.072582245,0.062001705,0.17186666,0.08874835
0.033606954,0.013498664,0.054374695,0.04567194,0.058533907,0.09054303
0.041632816,0.009561777,0.068491936,0.0061035156,0.12520838,0.16309118
0.061598796,0.008023024,0.04399109,0.17143583,0.24425793,0.11012396
0.060761392,0.019762516,0.035798073,0.15726992,0.3488837,0.11724457
0.045435384,0.018666863,0.040062904,0.11448732,0.12760544,0.112209916
0.04702565,0.015531778,0.022634506,0.01331538,0.18091479,0.015434504
0.043946862,0.015385985,0.013803482,0.057363212,0.05101323,0.058457136
0.03543359,0.01768601,0.02189064,0.059516348,0.006415248,0.022854686
0.058623314,0.030756116,0.0009822845,0.068603724,0.2593975,0.11001009
0.03823024,0.03422177,0.013085365,0.34724474,0.1586957,0.06691885
0.044360757,0.038523316,0.021335602,0.09036708,0.06559324,0.07465911
0.04448706,0.033235073,0.021334648,0.12335372,0.08256149,0.088774085
0.03730625,0.02564168,0.021554947,0.24306715,0.042655945,0.04514432
0.037391424,0.023340106,0.010377884,0.19095002,0.12094307,0.013013244
0.036135197,0.041165948,0.042951584,0.20717978,0.18276495,0.021571517
0.033287406,0.03278482,0.06784153,0.2691115,0.026882648,0.0779836
0.031821966,0.038319945,0.05553627,0.090934336,0.15010154,0.09199712
0.031255245,0.035839796,0.04316902,0.14786756,0.0012072325,0.17142034
0.038813353,0.02804184,0.04656887,0.09927425,0.07233477,0.0582242
0.026686907,0.03551346,0.04643917,0.13268733,0.17277098,0.0065460205
0.01722747,0.05500424,0.011953354,0.26851678,0.07037699,0.17572749
0.030900061,0.049515188,0.03578472,0.13715434,0.03371072,0.10165629
0.02429533,0.045339704,0.021835327,0.07336688,0.20110095,0.1084739
0.031140268,0.039191306,0.032115936,0.10133147,0.2180984,0.0035488605
0.022557199,0.036815584,0.034363747,0.17298174,0.0157907,0.042571962
0.018533885,0.04728192,0.05095482,0.15910316,0.12178278,0.16411257
0.00589478,0.047100425,0.057175636,0.22874093,0.24750984,0.18061233
0.0151715875,0.033101737,0.019600868,0.13637835,0.14238077,0.09850359
0.008363485,0.03193122,0.021802902,0.097224236,0.089952946,0.013066739
0.008787513,0.038597822,0.026101112,0.09126696,0.310472,0.24956349
0.0034502149,0.04302585,0.0476017,0.20633924,0.048525333,0.11912513
0.008368611,0.047792614,0.05632496,0.1293397,0.13720262,0.12852454
0.020761251,0.05256152,0.05512619,0.043380916,0.12003946,0.17307335
0.023687422,0.03978622,0.05480957,0.1497159,0.15456033,0.13048029
0.019071966,0.040080667,0.032328606,0.09575927,0.20848018,0.14073661
0.016784683,0.039817452,0.027012825,0.09492636,0.051675558,0.13083291
0.0147694945,0.035873413,0.029403687,0.1773138,0.10005474,0.12644124
0.007274322,0.02682054,0.02989006,0.23110351,0.16027594,0.11359882
0.012260174,0.023517907,0.03472042,0.006376624,0.31132358,0.12534982
0.020256482,0.018194735,0.0507946,0.18020993,0.006046444,0.014541388
0.022509072,0.025961637,0.05999279,0.118828,0.009821653,0.1234988
0.01720491,0.028773487,0.063819885,0.110161185,0.16210258,0.056629285
0.017357051,0.026082098,0.052960396,0.119900346,0.16990757,0.09757778
0.01465632,0.030113637,0.03344059,0.06872022,0.031380177,0.039103985
0.020635113,0.040545404,0.009025574,0.05043912,0.0014400482,0.1620102
0.018159524,0.041520894,0.034542084,0.24313867,0.05319023,0.40237284
0.011327669,0.0307616,0.038770676,0.037690043,0.24960506,0.17347342
0.010658145,0.025479496,0.03346634,0.045178533,0.10611582,0.10833196
0.0024667084,0.02939272,0.037625313,0.100619435,0.10015607,0.16350353
0.0036266893,0.03537059,0.048891068,0.04063475,0.053286552,0.13158464
0.0076328367,0.026660204,0.017120361,0.2939577,0.25357127,0.08926809
0.021089956,0.029303432,0.095973015,0.1387024,0.40940285,0.07908523
0.011140719,0.029591322,0.14245033,0.1521118,0.073345184,0.17151761
0.007173434,0.017819524,0.05720806,0.02422142,0.06268549,0.3025365
0.021168439,0.02100408,0.02173996,0.06967306,0.0011053085,0.028677166
0.03411837,0.036210656,0.025589943,0.049530506,0.003426075,0.16596541
0.0027163923,0.022719264,0.011760712,0.03565073,0.0817914,0.046333313
0.00033462048,0.038454175,0.024074554,0.25974178,0.3331352,0.19844401
0.008592427,0.031617165,0.04226017,0.06615925,0.15053432,0.12251246
0.006489992,0.019810557,0.027994156,0.04665947,0.15106803,0.09157777
0.0052708387,0.013946772,0.029214859,0.07951689,0.115368485,0.06268138
0.0039519668,0.00750947,0.028260231,0.12282109,0.11194396,0.066841245
0.027883947,0.0039793253,0.030807495,0.13872957,0.23169899,0.09212956
0.041397452,0.0028985739,0.032629013,0.030830622,0.14809656,0.29948044
0.14043069,0.042491913,0.046219826,0.33068848,0.02243948,0.5954757
0.11953795,0.07411671,0.040376663,0.509552,0.5814848,0.24159622
0.13711953,0.025783062,0.32870483,1.5611737,0.8486843,0.20603561
0.007597327,0.10973418,0.33837414,0.29495335,0.442914,0.18334723
0.048777103,0.039800763,0.16816902,0.1959858,0.14852381,0.10523701
0.051294327,0.025495589,0.1785183,0.21432853,0.4782281,0.10313463
0.06858122,0.041977704,0.15310383,0.004184708,0.23073745,0.3188119
0.07789314,0.05326587,0.14718342,0.019136548,0.25213277,0.122421026
0.061017036,0.054896355,0.15148544,0.022576332,0.020091653,0.05945468
0.03687036,0.014737487,0.23276043,0.06861496,0.12552196,0.0743804
0.04743278,0.039474368,0.0033483505,0.0068130493,0.226614,0.0532279
0.030914664,0.02619183,0.008215904,0.3603692,0.2953142,0.14663386
0.04771042,0.050738037,0.00858593,0.1188879,0.1087476,0.1433363
0.03768921,0.05312136,0.012773514,0.15671039,0.11192238,0.020599842
0.041710258,0.04981056,0.019389153,0.037791252,0.028363228,0.0056934357
0.04177034,0.047085315,0.023911476,0.015788078,0.08050454,0.0011534691
0.028097868,0.031125098,0.047120094,0.063210964,0.35662174,0.07939434
0.036741614,0.03185305,0.05194664,0.07960796,0.09081362,0.04430604
0.031303763,0.04687345,0.045101166,0.09271133,0.0842886,0.18555415
0.02986741,0.06197661,0.046001434,0.08847356,0.10890341,0.2568702
0.032932878,0.06375313,0.03710556,0.019903421,0.10032582,0.099061064
0.028746367,0.059247255,0.011807442,0.08646336,0.048178196,0.07331991
0.006165266,0.03398359,0.01776123,0.13136506,0.14257526,0.16123015
0.013014078,0.03821236,0.004175186,0.097249985,0.340276,0.011797905
0.009200692,0.039877594,0.017998695,0.034985542,0.173249,0.0030493736
0.013101399,0.04056871,0.03126812,0.012848854,0.1967988,0.03169942
0.00485456,0.042705595,0.039970398,0.04410696,0.053674936,0.10546589
0.10132569,0.08805418,0.07921314,0.40715408,0.1539669,1.2579613
0.16482273,0.13755083,0.025133133,8.768486,0.051445007,9.035797
0.0020451844,0.2623955,0.083805084,5.55089,2.2555475,3.5228245
0.17524561,0.20606327,0.2356081,2.3994112,2.104021,3.3392994
0.025268584,0.015802145,0.05503559,0.650465,2.1617432,2.6432896
0.11236398,0.106862545,0.029554367,4.232747,0.017807007,0.4639063
0.106861964,0.06274295,0.033851624,1.2905931,1.1206903,1.0578756
0.11011405,0.060214758,0.040470123,0.18398857,0.39105606,0.06276703
0.1508647,0.036655188,0.08323383,0.29205322,0.1919465,0.17576408
0.13967955,0.06757283,0.075502396,0.45806313,0.55768585,0.4262371
0.17915873,0.07900643,0.095199585,0.08687544,0.020736694,0.12504959
0.19541988,0.09194589,0.1202507,0.07586098,0.15434647,0.87556744
0.14586146,0.13449192,0.15884495,0.059202194,0.124836594,1.2071793
0.03100267,0.24981952,0.17499924,0.08351922,0.27174568,0.1387701
0.030064553,0.22797441,0.22839355,0.16398668,0.0022029877,0.14155865
0.037589967,0.23934746,0.22399902,0.00944972,0.24948978,0.6228056
0.023976028,0.24989986,0.22025013,0.84813786,0.7221656,1.457593
0.13345277,0.34283447,0.19145966,1.3705454,0.58025265,0.80641556
0.26987886,0.47415924,0.08999634,0.16163921,0.67842484,1.086586
0.39842916,0.4847188,0.061392784,1.3383427,1.1542416,0.72991943
0.24389577,0.34796047,0.12095642,1.2755537,0.07102823,0.6102066
0.046772003,0.23369122,0.14478016,1.3502222,0.18237749,1.0457993
0.053109407,0.2447424,0.22278261,0.43341565,0.08835912,1.3932724
0.012810707,0.20042467,0.31354237,0.10541797,0.27586436,0.52672195
0.0014750957,0.20305729,0.33981466,0.03046894,0.07472694,0.51325417
0.06877422,0.29788017,0.22601414,0.56236935,0.064557076,0.177351
0.02951336,0.18357134,0.18633175,0.42853498,0.4180107,0.20115471
0.056243896,0.18976498,0.18396282,0.17120701,0.6052489,0.1615467
0.06403351,0.20907688,0.12710905,0.28452313,0.059316635,0.25529385
0.04970765,0.19906712,0.07706308,0.09446359,0.15757537,0.3648324
0.05231142,0.20508194,0.017046452,0.22572994,0.030090809,0.5369067
0.059059143,0.25285292,0.20046234,0.2986679,0.11266041,0.34353065
0.022516489,0.1666274,0.3037691,0.42359447,0.3429861,0.26901856
0.009801865,0.2060442,0.36545897,0.18196964,0.15639901,0.4463451
0.05315423,0.2461319,0.45904636,0.47994995,0.2307148,0.7393446
0.10008478,0.3031025,0.42847586,0.87094116,0.52759933,2.5864716
0.18945622,0.38286686,0.5135617,0.022010803,0.37966156,2.7481995
0.3746643,0.5557842,0.78664637,73.45259,48.07129,65.664505
0.45999455,0.124671936,0.5139966,1.5508728,17.106403,59.94141
0.12533951,0.36905956,0.053581238,9.308861,5.5054874,17.860992
0.16597366,0.35796356,0.41611385,9.951672,2.629898,19.165491
0.93902814,0.18629026,0.17789459,1.7410583,7.075714,25.538628
0.8641033,0.42695212,0.17698956,3.4827118,2.496437,15.41716
0.5067607,0.22716331,0.070581436,26.072556,8.217579,12.645874
0.36804605,0.167687,0.30426216,14.027733,1.861779,8.349022
0.06595945,0.11536488,0.47289467,1.0212746,2.3470888,1.3126373
0.22660112,0.10399303,0.3425455,1.6873322,0.9729881,0.6160202
0.22036493,0.37088117,0.35879803,0.78657913,0.11816406,0.10358906
0.1122061,0.4231704,0.4473381,0.17567444,0.26288128,0.8871827
0.050693035,0.24965227,0.2875309,1.0884705,1.1113849,0.11439991
0.04312551,0.4237392,0.3102932,4.626251,1.1501762,0.04526025
0.06377655,0.2150191,0.24901009,0.43857956,0.19773984,1.5113477
0.054357886,0.020866752,0.13491344,0.5277233,0.42355347,0.17137682
0.1432398,0.22996795,0.047569275,1.0929604,0.40416265,0.6255034
0.1647777,0.29784316,0.03490162,0.69763756,0.61567116,1.4471295
0.13376254,0.17001563,0.059164047,1.5813637,2.6010952,1.0813313
0.078626156,0.13654578,0.105950356,1.4633417,1.269927,0.018024683
0.051322818,0.12937003,0.121697426,1.0605431,1.0841756,0.49605668
0.037951946,0.0909258,0.1734581,1.5586385,0.54060936,0.9021883
0.018720567,0.09897971,0.17116451,1.048893,0.3586688,0.327425
0.06255457,0.19567913,0.006539345,1.4552765,0.23841572,1.2701254
0.14580381,0.41335022,0.35789776,8.172844,3.7596397,2.7010193
0.15073466,0.13332742,0.30652714,4.2658844,0.3491869,2.9385185
0.09872192,0.015964031,0.030353546,0.6712737,0.17210865,2.125452
0.09670299,0.035268426,0.0600338,0.47215748,0.76289225,1.1028397
0.010477066,0.12326932,0.068582535,0.38794136,0.67697716,0.15576935
0.025520325,0.15538466,0.0796814,0.1748867,0.2818718,0.24448013
0.027450442,0.05810809,0.030651093,0.11900234,0.0108270645,0.13315964
0.021214366,0.0099641085,0.013491631,0.044194765,0.037101746,1.1609378
0.032407284,0.0051978827,0.009144783,0.0010867119,0.54525757,0.06328106
0.02836442,0.028814197,0.034506798,0.03293419,0.40165138,0.2998085
0.07030201,0.04520178,0.13185024,0.3034172,0.3080821,0.95716476
0.025890827,0.15983129,0.046302795,0.38686752,0.34191895,0.9304279
0.06405401,0.2115674,0.03244877,0.1655922,0.5478096,0.60942173
0.024341345,0.07327247,0.14842224,1.2738585,0.24094105,1.3955078
0.09487963,0.043805122,0.14194393,0.29305267,0.063518524,0.15044785
0.09754437,0.045619726,0.14702415,0.14719391,0.52318466,0.28085613
0.0394665,0.02656293,0.12656593,0.24638939,0.10118675,0.39361382
0.0009352565,0.024090528,0.11896896,0.2217102,0.10892582,0.23982334
0.023637205,0.034985304,0.064938545,0.17149544,0.07500076,0.37224627
0.07206245,0.017147303,0.046453476,1.020112,0.55849266,0.30282593
0.08317943,0.013050318,0.03788948,0.114824295,0.08723545,0.21141434
0.114681765,0.012500286,0.031599045,0.39398956,0.03617859,0.32452685
0.11875811,0.021070957,0.030632019,0.037712097,0.18066502,0.12128997
0.10694067,0.03724909,0.024935722,0.16560173,0.25990868,0.034596443
0.045457292,0.050341845,0.039284706,0.53149414,0.32144165,0.81175995
0.12816758,0.075713396,0.06250954,0.050605774,0.47496605,0.09892368
0.13164805,0.15352154,0.11803055,0.2566986,0.17072964,0.55617905
0.10622771,0.14538789,0.12623024,0.6227808,1.4431858,1.1859779
0.025846511,0.1639173,0.07222366,0.1438303,0.6145911,0.58435726
0.025395393,0.13651025,0.011751175,0.12269974,0.16089344,0.26614666
0.064442515,0.06563103,0.06578827,1.0466805,0.04931259,0.35622787
0.07230592,0.04477477,0.17316723,0.4044304,0.35487556,0.67983055
0.1852045,0.01042819,0.18564129,0.3077383,0.5694332,0.5831342
0.16651177,0.013321996,0.18157864,0.0766716,0.117773056,0.018884659
0.17523205,0.018140256,0.14487934,0.50163937,0.18344867,0.20762229
0.16936207,0.011653125,0.08213425,0.5871172,0.04219389,0.17262208
0.23041534,0.039744183,0.02710247,0.21495819,0.09194946,0.41358787
0.15059042,0.002610162,0.003525734,0.6722083,0.43531942,0.4136839
0.15244222,0.04830949,0.016726494,0.004327178,0.33296967,0.03186512
0.13799071,0.053040713,0.02144432,0.16406393,0.2561903,0.009255171
0.1285162,0.05995661,0.036971092,0.3361168,0.24719334,0.2329073
0.111609936,0.055496752,0.08114624,0.4173565,0.4363098,0.35687196
0.1294043,0.022806108,0.06602955,0.4968853,0.44072533,0.21674728
0.061754942,0.031280816,0.024503708,0.8809476,0.42717075,0.031048596
0.042635918,0.048361063,0.030828476,0.65139484,1.1141877,0.2577815
0.08016467,0.0073857903,0.034074783,0.23825645,0.63573456,0.32382584
0.19524813,0.12313789,0.06091976,0.6758065,1.1599655,0.24301147
0.3461213,0.120040536,0.092962265,1.4181728,0.9573326,1.2164001
0.33806932,0.13738489,0.15943336,2.2089462,2.3880997,6.932144
0.097533345,0.12109172,0.04498291,0.4196756,0.65205383,3.5477371
0.4493209,0.055060506,0.008134842,0.9025984,4.06409,7.5851593
0.43990946,0.14944947,0.20975971,0.42886448,0.60445213,8.0867
0.33095384,0.09236503,0.26424408,1.7322578,0.92679596,1.4401093
0.22229004,0.14204407,0.23384857,1.8682384,3.036497,19.946346
0.12755418,0.0738256,0.28356743,0.41645432,0.33401346,4.2189293
0.057129145,0.1208837,0.4690113,0.50647736,0.7425852,8.526855
0.08121976,0.0018941164,0.29062366,3.2887573,0.06982231,3.5751724
0.01644668,0.09617734,0.27196407,1.8292284,0.18680954,3.4917088
0.017846301,0.08831847,0.19488716,1.1638947,1.2511883,4.1260376
0.06125018,0.058771014,0.19690704,0.12798023,0.26161766,1.2276611
0.32874537,0.21001506,0.079232216,1.3688622,2.5168324,16.769196
0.24707057,0.19765818,0.1709652,0.6980114,2.370658,1.1023102
0.09504025,0.21314812,0.09857845,0.94205904,0.98835135,2.0183258
0.031146288,0.040033698,0.18236256,0.11442566,1.4822326,1.1552505
0.013484076,0.09602767,0.061466217,0.6890106,0.58615303,1.350647
0.07710338,0.037254333,0.028385162,0.5217705,0.9197979,2.9556465
0.12444231,0.21367925,0.08229351,2.6427803,3.6395607,5.7610474
0.3196292,0.4598975,0.10752392,0.25881958,1.7570353,2.5136652
0.37990046,0.32550162,0.18204308,4.360897,1.616849,1.346405
0.3224666,0.09007432,0.044641495,2.0289116,1.8467388,0.7622223
0.18784186,0.02468101,0.017157555,0.79931545,0.61587477,1.8055496
0.10376783,0.004354097,0.11155033,0.4805622,1.3685861,1.5381203
0.07300061,0.05449514,0.024256706,0.29423904,0.11007595,0.5370102
0.009347856,0.064073935,0.08284855,0.40570354,0.094509125,0.9328823
0.02185613,0.00910534,0.13123226,0.83420944,0.5220871,0.5481739
0.07654488,0.011919305,0.11804199,0.13687944,0.35404587,0.52155304
0.034252286,0.04867758,0.068403244,0.35664988,0.38712025,0.3057165
0.0024815798,0.09777856,0.044970512,0.2749368,0.2393651,0.4830475
0.008795321,0.12787218,0.1002512,0.31201148,0.22582912,0.42679214
0.01760286,0.08562423,0.15568733,0.13690901,0.017660618,2.0982733
0.022283196,0.10847956,0.192626,0.13109732,0.5014243,0.032453537
0.01758629,0.101547465,0.1957426,0.035316467,0.053498745,0.61471176
0.047558427,0.0954515,0.20722961,0.17763662,0.21951997,0.93222713
0.05693376,0.11215029,0.24827003,0.26705384,0.29679632,0.17673683
0.041153252,0.15284595,0.21699524,0.32730007,0.07540703,1.3512344
0.12547775,0.36504304,0.07435608,1.6237259,2.4432716,4.612854
0.3659833,0.58358574,0.21868038,3.8893394,1.174099,2.4777298
0.28231835,0.47868106,0.2715931,0.4060831,0.7221956,1.6718216
0.23273978,0.33018216,0.14514828,0.8909602,3.8495617,1.2138443
0.35549194,0.08639857,0.109871864,1.798041,2.6126232,5.198105
0.17420095,0.050337344,0.118971825,0.08159828,3.2519875,3.5059357
0.34707087,0.24380013,0.0995245,0.8919449,0.9411278,5.6968994
0.35943007,0.2121548,0.09912872,1.1839113,1.470212,1.6949005
0.05205798,0.052789807,0.13973713,2.6299114,0.5677433,11.014355
0.20320666,0.10562754,0.026389122,1.3821478,1.7647982,1.2056427
0.081593156,0.06280202,0.034254074,1.3295,0.09787941,1.2357635
0.023932219,0.053892225,0.05433941,0.48646772,2.2989845,0.6622696
0.031883717,0.089147925,0.035871506,1.1430272,0.3640852,1.803299
0.009536147,0.14992613,0.07226658,0.08020973,0.16771102,0.5658226
0.022691607,0.102433026,0.011757851,0.4631443,0.65324974,0.6336975
0.07497811,0.09242833,0.024757385,0.2091136,0.2281909,0.8729954
0.053686023,0.07096934,0.009883881,0.14576364,0.2795725,0.5474615
0.08308935,0.07703507,0.012747765,0.12137091,0.3100958,0.3214264
0.08174759,0.058277607,0.054239273,0.048878193,0.3197589,0.20695496
0.073379695,0.04747975,0.090914726,0.092627525,0.24778175,0.10467386
0.0497666,0.04855144,0.080355644,0.103871346,0.08461571,0.20316863
0.0142329335,0.026156902,0.069410324,0.1560744,0.06434631,0.43795967
0.021451592,0.021336079,0.011120796,0.009254158,0.010041237,0.7083583
0.0022543669,0.021386623,0.044919014,0.029547691,0.12481403,0.42269957
0.012806952,0.000992775,0.06867123,0.16338825,0.020299911,0.2023989
0.025488079,0.022046804,0.0918026,0.037645817,0.18286419,0.07003704
0.026951253,0.021117449,0.045604706,0.047455788,0.12535381,0.15839243
0.061190963,0.025484204,0.08450508,0.123915195,0.006855011,0.51679206
0.050142348,0.0444659,0.053792953,0.6339464,1.1566658,1.9998474
0.20035052,0.03192401,0.08372784,0.33406687,0.335804,1.2759094
0.38260913,0.05440688,0.33651257,0.37469673,0.13005829,0.27052307
0.45423925,0.06967366,0.13420868,0.11450863,1.0139446,1.1397247
0.36879766,0.09152722,0.107274055,1.2617285,1.8270416,3.6391153
0.2597103,0.23251808,0.25212193,0.26431537,0.5716181,3.1223106
0.20662653,0.123134494,0.17313576,0.23393345,0.4696102,1.3052063
0.13362026,0.09501606,0.08265591,0.38198304,1.3721161,5.503845
0.4063481,0.14625448,0.4782524,0.28089714,0.5867989,1.8675423
0.25692463,0.08729565,0.19527912,0.10962677,0.68071747,1.0379791
0.04559076,0.12393136,0.02850914,0.7704611,0.8070812,3.2649155
0.13252372,0.04066927,0.08197975,0.481462,0.04374695,0.51865005
0.19681644,0.034770746,0.14915848,0.014751434,0.99450874,1.3235283
0.090381026,0.07268056,0.16194248,1.5352755,1.282886,0.2485466
0.17935237,0.15269575,0.19233322,4.3751106,1.2552614,4.9800262
0.28234252,0.14133105,0.02388382,0.538434,4.312069,0.86976624
0.24081151,0.121861696,0.087436676,0.091197014,2.6591396,3.420681
0.1261132,0.099514306,0.115530014,1.1086121,1.2363911,0.8928604
0.065742016,0.13099128,0.1103487,1.9261961,1.5462403,1.1676407
0.034691766,0.13672411,0.13834858,2.357925,0.20460892,0.6360321
0.034898072,0.19358438,0.2838602,0.5607376,0.033807755,1.8076172
0.15347745,0.14813507,0.3071022,0.6216688,2.6373615,8.456879
0.17425233,0.017583609,0.23105049,0.1831789,2.9598846,4.0103073
0.07598598,0.08694202,0.2758932,1.4593565,0.6591358,3.6305885
0.10916804,0.00050985813,0.044130325,0.11319858,0.21549702,1.2132368
0.11477989,0.054782927,0.05307579,0.25008154,0.2893963,0.97121716
0.08452469,0.11985797,0.03238964,0.4327221,0.057308197,0.23705292
0.05615568,0.11579257,0.0071697235,0.27740884,0.30757523,0.3812914
0.076311685,0.072430104,0.02564907,0.35067415,0.5439892,0.1137867
0.057496995,0.03194225,0.03436184,0.08792019,0.18103123,0.34235108
0.0027086139,0.01070255,0.023815155,0.07640171,0.18287945,0.061326385
0.021934718,0.00905031,0.069880486,0.03608489,0.082406044,0.18451214
0.01844424,0.011103392,0.057387352,0.2704091,0.071320534,0.24451137
0.024715781,0.004144013,0.0047807693,0.3519783,0.12833142,0.21195054
0.027985811,0.0047626495,0.01129055,0.31584644,0.26241302,0.16122282
0.036414742,0.022360206,0.029249191,0.37303066,0.2922287,0.14380169
0.04700899,0.040652156,0.0023765564,1.4801426,0.7345495,3.114335
0.07611585,0.1306293,0.2143383,0.6830101,0.21194077,1.6302805
0.06824863,0.030917883,0.029485703,0.84189606,0.4401741,2.4283657
0.003877163,0.051867843,0.10770798,1.0172787,0.011823654,0.13043815
0.09428716,0.17024076,0.07519245,0.17182541,0.43167037,0.034193993
0.09532261,0.21943188,0.01643753,0.11393547,0.1071949,0.4499588
0.026670694,0.08015132,0.07555103,0.40929413,0.08535385,0.19984245
0.03189051,0.12701654,0.117316246,0.2500763,0.0920372,0.49410248
0.07789028,0.08914399,0.084394455,0.047394753,0.30311108,1.1943855
0.08566308,0.0452528,0.06342983,0.0066609383,0.05432892,0.59624815
0.06947911,0.115232706,0.098875046,0.10943079,0.3204651,1.3043246
0.064024806,0.046070337,0.019871712,0.09557629,0.42572403,0.062171936
0.09054804,0.034424067,0.009432793,0.19579124,0.18617392,0.42946815
0.106857836,0.09459019,0.053435326,0.17918587,0.40010643,0.11914635
0.014993489,0.15958095,0.08782387,0.054893494,0.23913765,0.3823501
0.058516145,0.16788745,0.08517361,0.0568552,0.43895817,0.19567609
0.05143273,0.1695311,0.041762352,0.014389038,0.20111465,0.2632799
0.066713095,0.1524167,0.011509895,0.24330091,0.8150101,0.9482651
0.08652747,0.07069707,0.031416893,0.94770694,1.336689,0.5773821
0.043623447,0.014145136,0.034564972,1.1776228,1.2973995,0.3370297
0.06384301,0.040144444,0.072532654,0.35553467,0.59747314,0.8732314
0.040368438,0.06499505,0.010555267,0.19457674,0.5047412,0.08275294
0.03545904,0.0765903,0.059711456,0.28088236,0.41156864,0.21574545
0.06668973,0.109692335,0.037122726,0.28178215,0.017062187,0.42482328
0.08149052,0.12460542,0.03498268,0.13277149,0.19866562,0.30703735
0.05364108,0.14763618,0.09104252,0.19875193,0.2252121,0.11233187
0.022450686,0.15751028,0.13697243,0.44814825,0.014136314,0.3290776
0.053995848,0.16275954,0.18806934,0.47076988,0.016119003,0.47696304
0.015079021,0.11710787,0.19859505,0.25434494,0.1775055,0.40413952
0.019885302,0.11123586,0.22643566,0.47357416,0.1715045,0.64877605
0.043708324,0.13590741,0.24478817,0.02913332,0.121239185,0.1044302
0.07665253,0.15519047,0.24897861,0.17802668,0.06958866,0.12195444
0.10215688,0.16614914,0.24013996,0.13246727,0.055602074,0.20920134
0.12493992,0.15112591,0.23535633,0.14689112,0.07208252,0.35874367
0.13708925,0.075392246,0.21153545,0.1451273,0.2520151,0.52103424
0.13041592,0.07330871,0.21822071,0.18199825,0.1514051,0.08374596
0.14657497,0.11400998,0.21221066,0.23990166,0.42722034,0.36889803
0.1685214,0.11588681,0.14568043,0.16748762,0.16976833,0.79126835
0.1515305,0.0030462742,0.028570175,0.07498741,0.04794693,0.5181322
0.09962702,0.13637853,0.05988407,0.26473117,0.12937546,0.16211128
0.07979941,0.17339075,0.06560516,0.44285727,0.08880806,0.595726
0.04627967,0.40172702,0.043348312,1.979311,1.2462192,2.4374619
0.010647297,0.3461812,0.091184616,2.7005835,1.5220375,3.3128204
0.2765057,0.20190597,0.2625389,2.7976542,3.499238,3.2678337
0.38736272,0.12479964,0.15510559,1.5706143,0.9085412,0.19934082
0.30916405,0.018036008,0.059339523,0.48631096,0.4860053,1.3503075
0.17411673,0.16332197,0.15760517,0.64461327,1.2210433,0.9107933
0.1294148,0.17621315,0.1723299,0.12000275,0.37419838,0.5979147
0.07600212,0.04648933,0.14360332,0.54572487,0.27263194,0.0017604828
0.10941729,0.034888536,0.14268208,0.9755745,0.03763199,0.2465887
0.09890005,0.02662155,0.061673164,0.43175507,0.053009033,0.107453346
0.021970302,0.06736529,0.14208603,0.6618414,0.90536547,0.05238104
0.095517516,0.12391682,0.19559479,0.63784003,0.71872234,0.23598194
0.11606026,0.1619201,0.087418556,0.1645627,1.2455208,0.23770046
0.045515954,0.19095431,0.00021839142,0.63260555,0.87130046,0.41269112
0.11903417,0.15024525,0.012644768,0.32639313,0.4558735,0.11681175
0.083141565,0.19401976,0.031249046,1.0430217,1.0861444,0.9162369
0.15422285,0.17666507,0.003753662,0.71184516,0.11750412,0.004561901
0.14424527,0.15793884,0.02573204,0.40899992,0.12812996,0.36276865
0.12468648,0.13555741,0.06698513,0.30866814,0.28801155,0.025693893
0.10433006,0.10452783,0.09819698,0.20468402,0.45202446,0.46609116
0.08835769,0.07553917,0.115839005,0.11215854,0.32542038,0.6034298
0.07787752,0.030933917,0.11150265,0.081682205,0.63167,0.466043
0.020145178,0.049101174,0.10129261,0.26787663,0.65714073,0.36892653
0.020392656,0.05549133,0.06501198,0.09377331,0.8663578,0.58667946
0.0066022873,0.084103346,0.02752781,0.012937263,0.38773632,0.12302619
0.019291282,0.10103738,0.00074863434,0.037249118,0.40532494,0.01882705
0.019649267,0.11145294,0.010232925,0.069215775,0.28032064,0.04700356
0.011331081,0.111993015,0.019748688,0.03138542,0.2710266,0.11938381
0.056462765,0.095036566,0.056598663,0.0139837265,0.27815914,0.13025212
0.030252934,0.06846005,0.04893017,0.047830224,0.4082489,0.032256693
0.0138065815,0.039190054,0.050457,0.25319195,0.022660494,0.29499006
0.0042111874,0.0068255067,0.069698334,0.06254578,0.32853305,0.21901226
0.019058287,0.0128849745,0.06492996,0.024675727,0.02760315,0.44066727
0.031377167,0.01296401,0.07473087,0.024134517,0.034092903,0.14103198
0.01775013,0.016578317,0.07517052,0.24361277,0.2670431,0.05282283
0.07157193,0.0492754,0.06917763,0.3740883,0.32517433,0.018832445
0.035726905,0.0395236,0.081053734,0.21826458,0.021864176,0.0005068779
0.03260678,0.03696835,0.08238697,0.019633293,0.03973317,0.19772243
0.021314204,0.038083315,0.089756966,0.15396881,0.2232095,0.09251195
0.034588277,0.03790891,0.08704662,0.1273942,0.09490526,0.16243982
0.03693688,0.03459406,0.076226234,0.051615715,0.1464119,0.03830719
0.053488016,0.03573072,0.06385231,0.21634841,0.3440318,0.053408623
0.12684941,0.10899377,0.020136833,0.01985836,0.09802914,0.17047882
0.12877572,0.07971358,0.00024700165,0.06020415,0.09771776,0.086019516
0.13300025,0.06372905,0.025367737,0.14919938,0.07273197,0.12020624
0.14961553,0.06285882,0.05390644,0.31886578,0.06542301,0.028141975
0.16206598,0.04871273,0.08326435,0.24989462,0.008899212,0.2555564
0.16681814,0.05892396,0.10443401,0.030238628,0.1460495,0.119433045
0.15570807,0.078026295,0.048218727,0.1770935,0.01704806,0.13981223
0.17911053,0.123725414,0.19320202,0.2498436,0.28848866,0.30022
0.17752075,0.08040333,0.029224396,0.8249812,0.39983094,0.35823894
0.15596318,0.09598851,0.028676987,0.05611348,0.24577641,0.07296443
0.16536045,0.10856819,0.05231476,0.097296,0.28192806,0.04390037
0.16901255,0.11286211,0.0799942,0.0881834,0.29215765,0.018239617
0.14368439,0.098535776,0.120373726,0.0572896,0.30472612,0.26636982
0.283643,0.06345487,0.27360916,0.1566143,0.5835662,0.15122986
0.4077649,0.072674036,0.45889854,0.49905396,2.0878258,1.8430481
0.56800056,0.0429461,0.30348778,2.4266586,1.0046024,1.1999416
0.5049603,0.07864523,0.018302917,2.2872963,0.52696705,0.6993885
0.5092752,0.13584948,0.08015633,0.73482895,0.83947515,0.73591375
0.51619935,0.2708695,0.25977135,0.20165634,0.35918444,0.14486606
0.36662245,0.34368372,0.34588432,0.8948593,0.5069938,0.58982134
0.18003654,0.33886623,0.40676117,0.15930867,0.2123003,0.038894653
0.064852,0.14613593,0.44810486,1.9777527,1.9495735,1.5700893
0.094423294,0.117060125,0.588747,1.5481052,0.31628132,0.28452873
0.16109419,0.060966432,0.725687,1.0022167,0.055600166,0.4111786
0.36206746,0.010482997,0.7170868,0.23075771,0.20109129,0.2520752
0.44333768,0.11325535,0.675292,0.7658757,0.735569,1.3868713
0.44436693,0.28318185,0.5088701,0.5049143,1.2872543,0.68347454
0.35444593,0.40388364,0.3165388,0.7473097,0.012788773,1.3762131
0.3245666,0.39750355,0.23796368,0.9187107,0.5286646,0.1184597
0.28377604,0.2832836,0.2514124,1.0675738,1.3614485,0.43704557
0.37180662,0.3391682,0.16786957,0.7016072,0.3914516,0.63590145
0.35881662,0.36529255,0.027873993,0.2822981,0.20427656,0.10738182
0.3285401,0.34234202,0.05298996,0.15350342,0.43606758,0.1608491
0.3179376,0.28877425,0.16060829,0.098781586,0.37849617,0.027316093
0.29517102,0.1690824,0.20603561,0.28549194,0.38227463,0.021321297
0.4983945,0.19178492,0.3915224,1.7831917,0.7157974,0.93997383
0.31397438,0.006493807,0.24106503,0.33716583,0.18103981,0.00036621094
0.30006766,0.022828221,0.26540184,0.08413029,0.1649723,0.08314705
0.28058863,0.019864798,0.32661533,0.15337563,0.20366955,0.28908634
0.29057813,0.055629402,0.37667656,0.021395206,0.036640167,0.05803585
0.30680776,0.057098478,0.2871151,0.020106316,0.3926332,0.09833336
0.29959655,0.018228628,0.22595882,0.19933796,0.36221743,0.025466919
0.22308707,0.06586796,0.12436485,0.40081227,0.17622447,0.218544
0.21068573,0.05409485,0.07365227,0.4485346,0.14004272,0.5996852
0.22979736,0.039374232,0.07092285,0.2684183,0.20295739,0.17955685
0.22968459,0.024092317,0.12940407,0.34726048,0.18470573,0.42220688
0.28845572,0.046103477,0.23968029,0.24235725,0.042331696,0.7996204
0.33063507,0.041350484,0.38560867,0.26649666,0.20046616,1.1138697
0.32602453,0.04549551,0.3496256,0.9552002,0.068701744,0.004790783
0.1440804,0.1494968,0.18881416,0.73041534,0.20333481,0.3940735
0.190346,0.11870432,0.13102055,0.91929054,0.13330317,0.66441154
0.14197803,0.12672007,0.03783512,0.8498144,0.31998634,0.7096021
0.020212293,0.09742308,0.025881767,0.52014065,0.42207146,0.19823933
0.05668819,0.06374049,0.0341177,0.23256779,0.06318092,0.13782883
0.029457211,0.03754747,0.029636383,0.17068386,0.06586504,0.39120293
0.0029900074,0.022823453,0.0091609955,0.19182253,0.0652926,0.46514416
0.043066144,0.011959314,0.039643288,0.027170658,0.11740291,0.38544083
0.03204739,0.009797573,0.044662476,0.32694232,0.13265336,0.58886147
0.0034395456,0.010905981,0.037179947,0.32615852,0.074382305,0.1086998
0.0023504496,0.021995425,0.001619339,0.15079916,0.009672642,0.020005703
0.006299138,0.01741302,0.00799942,0.10943508,0.06606054,0.029848576
0.0025719404,0.020094156,0.0129032135,0.08897853,0.011783123,0.0469532
0.0046178102,0.019276023,0.011882782,0.037514806,0.037024498,0.0004377365
0.024726868,0.010928988,0.014090538,0.04617083,0.057210922,0.010296822
0.007632911,0.013942003,0.019853592,9.059906e-05,0.16287684,0.040841818
0.0073441267,0.010919809,0.02746296,0.01816535,0.018455744,0.018175244
0.12002611,0.08541906,0.1674099,0.52318764,0.34485698,0.49022198
0.12550735,0.061868906,0.27886295,1.2231255,0.024168015,0.48697662
0.052908033,0.07134426,0.006374359,1.5009251,0.6168442,0.63118553
0.01488781,0.0035239458,0.35821915,0.017565727,0.038604736,0.09882069
0.104405075,0.029636145,0.5130005,0.37756872,0.07846546,1.2747974
0.10144204,0.092936516,0.3731575,0.41032982,1.0051289,0.46138573
0.017919958,0.19558692,0.14005184,0.4670124,0.16359329,0.04375267
0.06824751,0.053951025,0.025987625,0.61606216,0.108572006,0.30440617
0.05909884,0.041818142,0.01503849,0.3238411,0.20804024,0.26432323
0.10558596,0.04361987,0.04778576,0.4238286,0.33442497,0.18995094
0.009580791,0.17771745,0.05599308,0.65924454,1.1324725,0.78417397
0.00466311,0.17580819,0.14326668,1.0033798,0.080905914,0.13548756
0.116698,0.064739466,0.017374039,0.86886597,0.36920834,0.2534523
0.010409713,0.005635977,0.02405262,0.32136154,0.082458496,0.69712186
0.19185801,0.100286484,0.023381233,2.698822,0.48213577,0.065742016
0.2311929,0.1186192,0.012763023,0.67154884,0.08302498,0.9280205
0.09936839,0.08033705,0.101278305,1.4570503,0.6746292,0.55556965
0.037424445,0.046093464,0.20656013,1.8120422,0.29359055,1.4823627
0.026265204,0.017876148,0.14239883,0.95840836,0.60247135,0.6336279
0.0003799796,0.005115986,0.09741688,1.294591,0.20531106,1.0965233
0.025869608,0.06977224,0.056915283,1.0335426,0.31698513,0.43587515
0.063017786,0.11715317,0.042040825,0.49684715,0.21636343,0.60108495
0.07473993,0.14260387,0.03346634,0.43347168,0.012757778,0.6199224
0.050222456,0.16792154,0.0019931793,0.53899765,0.10252911,0.7507063
0.009708703,0.175488,0.031312943,0.4907074,0.12772702,0.39251542
0.0075341165,0.13496876,0.10309601,0.12539291,0.013427258,0.29825687
0.030636221,0.10277629,0.1138258,0.70250654,0.019041002,0.5968244
0.07555504,0.12989473,0.12918091,0.090807915,0.09704554,0.45594764
0.086681455,0.14193249,0.14121151,0.09915924,0.15184647,0.31298804
0.09979567,0.14324737,0.16992092,0.11566019,0.2373401,0.15568924
0.10311249,0.12278032,0.19646168,0.110949755,0.25150967,0.29441404
0.093035616,0.10671663,0.34877872,0.25632066,0.62366295,0.37798595
0.017412953,0.029572487,0.4443779,0.69513035,0.6301794,0.2844696
0.01582113,0.08379531,0.28637695,0.045743942,0.062363625,0.086099386
0.026865065,0.04857123,0.24023151,0.25581217,0.07691085,0.15370178
0.059222788,0.032747507,0.16123676,0.11501789,0.05409813,0.033160806
0.068291485,0.03562367,0.090423584,0.10081673,0.42311502,0.030989401
0.058318853,0.033372164,0.079524994,0.044021606,0.35711813,0.15131977
0.03649074,0.031444073,0.11587429,0.0010623932,0.2813642,0.31921375
0.01231128,0.0197922,0.1341219,0.33697128,0.1905632,0.5334172
0.009962022,0.011244416,0.0022411346,0.15195847,0.68456745,1.7512488
0.11210972,0.021596909,0.09365654,1.8083572,0.63742065,0.34215164
0.07754928,0.063376665,0.19037437,1.0008545,0.8922081,3.0077438
0.055134237,0.122332454,0.38559532,0.36141205,0.7019844,0.4724183
0.07459271,0.009457111,0.6024618,0.58276176,0.08297157,0.28511584
0.01712352,0.056556344,0.5739374,0.11634064,0.3312602,0.16165829
0.10219437,0.034193277,0.25126553,1.8965416,1.7705307,0.41835618
0.066323966,0.028721094,0.05793476,0.02359581,0.043434143,0.42925835
0.08031362,0.008035183,0.027022362,0.2666893,0.679245,0.820343
0.051549733,0.12216687,0.03528309,0.2245655,0.15360832,0.69862986
0.1023107,0.012691736,0.09285641,0.08625603,0.7620201,1.0640664
0.2642699,0.038621426,0.1732769,0.71055603,0.93870544,0.40464878
0.26444858,0.013717651,0.23227215,1.1297188,1.1947746,0.13201141
0.19519778,0.10860419,0.112421036,0.05072975,0.3479867,1.1935539
0.13660243,0.25658107,0.05569935,1.0168695,0.20095062,1.0427499
0.09386289,0.20295477,1.335144e-05,1.3802636,0.38076973,1.138588
0.087932885,0.07097912,0.015872002,0.14330041,0.13290596,0.48158216
0.02507782,0.056268692,0.022893906,0.03517151,0.26514244,0.20833015
0.036446333,0.039810658,0.0028038025,0.047693253,0.2073679,0.063287735
0.03888464,0.049975872,0.036756516,0.59605575,0.22347546,0.26151943
0.020625591,0.09282613,0.16711426,0.3773613,0.49755764,0.93442345
0.008452177,0.2384646,0.13205433,0.084098816,0.59079933,2.0447254
0.05290866,0.054222584,0.06902695,0.43181992,0.07554245,3.2885857
0.06211281,0.037003756,0.025208473,0.67230415,0.5799961,0.31575966
0.023530483,0.008983374,0.09529877,0.1245656,0.44862938,0.023718834
0.005645156,0.036327362,0.13771725,0.2742529,0.27500153,0.20906544
0.033437252,0.06714535,0.1551218,0.29233348,0.20234299,0.7056236
0.21058059,0.069581985,0.051761627,0.7607422,0.30617714,0.23856163
0.17964196,0.016469955,0.025079727,0.019215584,0.22176552,0.9918275
0.20323277,0.023313284,0.053955078,0.24343443,0.13741016,0.66268134
0.21505928,0.035891294,0.12925053,0.31432867,0.4483881,0.3904767
0.16046143,0.029150963,0.16433048,0.27409887,0.35359192,0.28061533
0.12193298,0.028148413,0.21809673,0.44573116,0.45780945,0.1672802
0.18263865,0.014406204,0.28763962,0.45002556,0.3640461,1.4109936
0.3255129,0.11105585,0.3238802,0.19525719,0.1424408,1.8175297
0.26237416,0.060105562,0.2671833,0.31055498,0.34539413,0.89521265
0.23472166,0.004664421,0.28385162,0.44294906,0.114889145,0.7986431
0.24356508,0.02740717,0.326375,0.18956351,0.3571415,0.3467257
0.2942245,0.03295517,0.2352705,0.27275825,0.47848892,0.29728198
0.28386188,0.01124382,0.19532776,0.062381506,0.22027493,0.25975728
0.2500496,0.008752823,0.13616943,0.039675236,0.049729347,0.26142395
0.15456843,0.007555485,0.018873215,0.0021686554,0.24459982,0.32076728
0.15602827,0.019140959,0.022927284,0.17108893,0.14048433,0.5585209
0.12802982,0.012696981,0.074168205,0.08228278,0.23876,0.031736612
0.10640788,0.011919975,0.12631226,0.15073991,0.13928276,0.42589784
0.10239625,0.013814449,0.15874767,0.045693398,0.07172656,0.48102045
0.1019752,0.013451576,0.18054104,0.0051520467,0.09705353,0.3912754
0.07547557,0.008296251,0.2013607,0.061644077,0.15684342,0.37388992
0.024404168,0.016848803,0.21384525,0.28018188,0.95184326,0.1173501
0.08484739,0.07659817,0.2552147,0.4529422,0.7151165,0.41373467
0.14693761,0.023501396,0.23305702,0.015075684,0.9977255,0.2964692
0.08941686,0.034398317,0.16744614,0.123419285,0.89831424,0.22268248
0.068428814,0.05921364,0.15148926,0.13904274,0.3170662,0.22812676
0.076814234,0.07216406,0.14273167,0.33207422,0.7256355,0.40741873
0.066144645,0.08482456,0.101774216,0.07077479,0.24909115,0.041782796
0.05768785,0.08774471,0.013039589,0.31252766,0.30689335,0.119600296
0.078195244,0.08476949,0.11004639,0.16561413,0.089354515,0.63320255
0.091487765,0.0860343,0.3874445,0.48275137,0.29211497,0.39469904
0.0797295,0.07594466,0.3334427,0.44151258,0.13389742,0.30316493
0.07094383,0.062170267,0.21934128,0.23164272,0.0925287,0.0071650147
0.058554053,0.05738187,0.19481945,0.13458037,0.235919,0.066063404
0.045023978,0.09394133,0.20241833,0.6314678,0.9328766,0.17392445
0.11167362,0.08076739,0.099243164,0.4856701,1.5150442,1.0019999
0.1276947,0.06243956,0.103998184,0.6835747,0.53731537,0.7255988
0.066512585,0.014010072,0.05168438,0.34613562,0.6329993,0.060428977
0.056686252,0.018293262,0.02110672,0.0840826,0.070453644,0.65870535
0.05852209,0.01567626,0.02949524,0.43615484,0.009004414,0.0013661385
0.030216366,0.039158583,0.03351879,0.5385511,0.27520752,0.06603634
0.0096701905,0.07206553,0.23126507,0.31824064,0.20759392,0.0030345917
0.0034500286,0.07377595,0.30187416,0.7350426,0.19763184,0.38064814
0.011226028,0.06249988,0.19597626,0.0269413,0.26589632,0.4823649
0.03414488,0.043433726,0.16073513,0.0017056465,0.4874091,0.046318054
0.03316594,0.036886513,0.09976864,0.33801568,0.75040436,0.08873892
0.002229251,0.011296749,0.06651592,0.41801015,0.5578356,0.033893585
0.05532954,0.037676513,0.24524975,0.2233839,0.8180733,0.4627397
0.02283793,0.0040023327,0.18297005,0.53651154,0.4096403,0.13623905
0.016420633,0.011254132,0.07503128,0.14688396,0.21926272,0.2822981
0.011086997,0.0010895729,0.009707451,0.4379053,0.0730654,0.252051
0.011050589,0.0047548413,0.22596455,0.03675556,0.11172676,0.20001745
0.022394858,0.027888298,0.3351469,0.3825345,0.17775011,0.088511705
0.023106009,0.04564601,0.25449276,0.22152993,0.088201046,0.07869494
0.028324306,0.035375535,0.16832733,0.02335596,0.027992249,0.11159444
0.016844377,0.0045623183,0.15924263,0.22679257,0.05561924,0.048372746
0.034325287,0.027442098,0.11171627,0.063411236,0.077791214,0.09544039
0.010574371,0.022231877,0.07895851,0.21101713,0.034158826,0.0338645
0.0015750527,0.048879206,0.013916969,0.091507435,0.12724215,0.07342887
0.002675563,0.039877683,0.09570694,0.11896157,0.06254511,0.07162249
0.009292185,0.041659325,0.097210884,0.09218681,0.114736706,0.07727935
0.012443304,0.046420813,0.09455681,0.09243369,0.079402745,0.01233761
0.011013329,0.051496,0.08822632,0.11573875,0.06200266,0.010682672
0.011907697,0.05072993,0.08059025,0.010604858,0.019721508,0.018876791
0.000104784966,0.050391793,0.089595795,0.22582257,0.03126335,0.029326946
0.006317079,0.054343402,0.08725929,0.054323316,0.03418708,0.03818077
0.0026445389,0.053749472,0.09507656,0.06125033,0.00021386147,0.03447205
0.002569437,0.055682957,0.1002264,0.06215775,0.034700632,0.083117306
0.002547264,0.053525567,0.10701752,0.031619906,0.031793356,0.072397195
0.00035822392,0.052330792,0.11191177,0.0039994717,0.0129163265,0.07552089
0.011800051,0.04419118,0.12969685,0.018657625,0.116900444,0.032674372
0.004111171,0.051245987,0.1412468,0.060778737,0.32026076,0.050352573
0.032778025,0.060590208,0.18321705,0.17314816,0.49713135,0.1873275
0.029672384,0.075335264,0.33047104,6.4721756,4.7106705,0.4582672
0.08219826,0.20749497,0.4648819,1.2426147,2.901001,0.07344055
0.0629009,0.1945687,0.2930727,7.1414337,0.2041359,2.1348
0.19986272,0.040541872,0.07391548,2.8929043,0.90782166,0.005015373
0.09853244,0.02456662,0.11262703,0.93128014,1.9191265,2.3415813
0.056893826,0.06254548,0.061655045,1.1519606,0.690897,1.2766185
0.0142912865,0.014126837,0.070259094,0.23285341,0.3096788,0.92972684
0.06714451,0.00960286,0.057959557,0.06298113,0.09700775,0.4008652
0.084398985,0.013541162,0.06230831,0.32250854,0.16691685,0.216223
0.017232537,0.057216495,0.061553955,0.39305687,0.060606956,0.0989275
0.024872422,0.060646504,0.11828232,0.5408988,0.29808939,0.2111888
0.0073385835,0.04452786,0.12650871,0.27694702,0.61761284,0.2608161
0.021660984,0.045808703,0.1144495,0.3438568,0.41282916,0.34832406
0.012445807,0.08728373,0.0783062,0.29205322,0.057075262,0.29764557
0.017163396,0.08969769,0.061677933,0.2802651,0.16781712,0.045045137
0.007418096,0.070131004,0.02245903,0.076162815,0.4688444,0.2545154
0.0036483407,0.077472985,0.015242577,0.23395681,0.053652287,0.071490765
0.017443478,0.06271142,0.05681038,0.09703922,0.020821571,0.00543952
0.02077645,0.06672037,0.075657845,0.017438471,0.06729275,0.02895677
0.022438824,0.06746262,0.08817482,0.24680206,0.16061139,0.039930582
0.061657965,0.045401633,0.09074783,0.150758,0.09741211,0.026002288
0.048367232,0.04542327,0.08964729,0.23212028,0.3499816,0.045788944
0.043192774,0.03120792,0.08158207,0.044561386,0.15634584,0.20935321
0.026599124,0.032165766,0.08768749,0.09653342,0.27587938,0.009914517
0.05166698,0.0101902485,0.07213116,0.041321993,0.12653589,0.119121075
0.03140801,0.006644368,0.0639267,0.15264529,0.22812629,0.16924179
0.028235659,0.0077363253,0.05545044,0.03888142,0.10684085,0.1815009
0.021912798,0.011786461,0.06018448,0.050606728,0.14439693,0.1957577
0.052657798,0.017278194,0.052139282,0.12664223,0.16376328,0.20178556
0.044701576,0.0111602545,0.034415245,0.3979621,0.07460809,0.2979914
0.0552617,0.0069634914,0.041233063,0.09041667,0.10502267,0.06197846
0.044219285,0.007216215,0.029398918,0.035691023,0.27566433,0.1179778
0.04460457,0.008749247,0.15435219,0.52692986,0.5862427,0.12299538
0.0303244,0.011069775,0.16876888,0.16378927,0.9857464,0.3411962
0.025380492,0.017174482,0.093094826,0.47749996,0.49995422,0.3968514
0.0974386,0.028527021,0.07645321,0.15977097,0.659626,0.1106658
0.23522747,0.044387102,0.30908012,0.28424454,0.24072266,0.5154953
0.12981135,0.07724738,0.16313076,0.17353392,0.56494045,0.14107203
0.06407046,0.08486533,0.046378136,0.17073822,0.49582672,1.000473
0.06940925,0.09895134,0.22155762,0.009899139,0.3234892,0.49497235
0.04147756,0.062274456,0.21049786,0.042770386,0.006860733,0.0053982735
0.04303193,0.017393827,0.15610695,0.72149086,0.69166946,0.356292
0.046155393,0.046020985,0.1607256,0.25138092,0.0895257,0.3295807
0.018093407,0.041909695,0.23777103,0.5834007,0.54108727,0.13361049
0.04045999,0.004671812,0.42413044,0.12763596,0.45563692,0.07032347
0.06883162,0.0037207603,0.45478725,1.0763509,0.23101568,0.39298296
0.054289788,0.10396361,0.060167313,0.12745571,0.81322765,0.38619852
0.025621355,0.07142687,0.019044876,0.29917908,0.084635735,0.015583992
0.017814249,0.0696646,0.07291126,0.07702732,0.20139122,0.22087884
0.023740266,0.051344037,0.07075977,0.19911194,0.29219007,0.468458
0.036045,0.037302613,0.05043602,0.17055416,0.31773114,0.0927788
0.04590322,0.029779553,0.029249191,0.20996237,0.25320816,0.04806161
0.033160508,0.06890106,0.0047388077,0.5010567,0.21919203,0.038303375
0.0142508745,0.029048204,0.027041435,0.12750244,0.21639848,0.0053105354
0.0010461807,0.03404838,0.051513672,0.08014965,0.13316059,0.2047472
0.011409879,0.0372476,0.038977623,0.088113785,0.29091072,0.10765791
0.022193432,0.0399369,0.027469635,0.189116,0.25687122,0.09337616
0.021062016,0.046687365,0.01789856,0.21062374,0.2575903,0.0378201
0.037900805,0.054408967,0.0016374588,0.03483677,0.4494152,0.08342457
0.0048083067,0.062883735,0.021816254,0.42569637,0.10432434,0.08836436
0.0126440525,0.08130509,0.016869545,0.086951494,0.50362015,0.34972024
0.016541481,0.084358275,0.016553879,0.12390232,0.19796944,0.110685825
0.018251419,0.08966136,0.021318436,0.10091734,0.08252621,0.22600365
0.022823334,0.09490067,0.023945808,0.024973676,0.024656296,0.1848681
0.022345066,0.07171059,0.028414726,0.07272744,0.0612154,0.20604634
0.012898326,0.074142575,0.038769722,0.06685066,0.4429717,0.01780726
0.016415596,0.07129204,0.04391384,0.16893864,0.18068814,0.0991306
0.018651247,0.06616497,0.047254562,0.046438217,0.27812338,0.027841225
0.013643384,0.05360794,0.050610542,0.108290434,0.18007207,0.04487201
0.0065122843,0.039485574,0.05106926,0.051787376,0.1463898,0.0014882274
0.026396751,0.017080545,0.058293343,0.063949585,0.13494349,0.03652662
0.0074498653,0.023852348,0.05055237,0.23026991,0.07667732,0.05284369
0.014493585,0.012138724,0.051488876,0.05142355,0.15136051,0.016692221
0.010709763,0.005291462,0.04432106,0.04158926,0.081097126,0.008510232
0.00688076,0.004215598,0.056402206,0.07487869,0.06594825,0.046429276
0.0029364824,0.0065437555,0.060343742,0.096823215,0.08832097,0.005677283
0.02450192,0.0013703108,0.07047367,0.23665476,0.18267298,0.018511534
0.008446991,0.00065743923,0.065737724,0.10583353,0.06904507,0.14065266
0.01399225,0.013105392,0.07023525,0.20079446,0.16886115,0.018971264
0.009248972,0.01076591,0.070866585,0.08259964,0.0072698593,0.016702712
0.012562573,0.013022304,0.07192421,0.19115186,0.21872711,0.077239275
0.146622,0.09378576,0.18870163,0.47201157,0.37596607,0.4007361
0.006350696,0.06767583,0.28454876,0.8729172,1.8888474,1.3505592
0.18190774,0.0724504,0.007372856,3.6346207,0.35936356,2.7281857
0.15972292,0.0070602894,0.1662302,1.0012026,2.6801224,0.12890291
0.013783574,0.0702157,0.11247444,0.65699196,0.63238525,1.0438251
0.11311966,0.067166746,0.033468246,0.94805145,0.04423523,1.5447016
0.0755381,0.04108125,0.055223465,0.7807646,0.038959503,0.09938693
0.23240805,0.2280331,0.17119026,2.483265,1.2774391,3.0037966
0.037412763,0.17339694,0.11894703,1.8313103,0.37618208,1.184629
0.025858283,0.120520934,0.016040802,1.1839905,0.0476532,0.5807154
0.001095891,0.07953751,0.012672424,0.93818474,0.19983101,0.17222542
0.07096958,0.04367787,0.02451992,0.08701992,0.33099508,0.01982379
0.08242524,0.051381677,0.01996708,0.1410017,0.39818478,0.48617685
0.08796972,0.012084544,0.030309677,0.7699051,1.37117,0.05265665
0.041562438,0.09167084,0.18672848,0.70384216,0.9291825,0.945879
0.07298756,0.16867071,0.09977245,1.7964776,0.2617817,0.916769
0.08350074,0.1736745,0.019341469,1.5357094,0.62413406,0.41370106
0.03501165,0.008116324,0.06160164,0.21378231,1.04088,1.3593259
0.10239351,0.10339844,0.005429268,0.088300705,0.04311776,0.62122136
0.10369086,0.032750428,0.04839611,1.1344452,0.35670614,0.067546606
0.008468986,0.066483036,0.08687115,1.0190716,0.04186666,0.503592
0.0443964,0.014245912,0.17615795,0.23279953,0.45995283,0.18353438
0.001603365,0.036310956,0.09350586,0.37219143,0.47674608,0.08207226
0.0043371916,0.04005365,0.09836674,1.2815666,1.8332329,0.031772375
0.09195793,0.038495213,0.22057152,2.9566345,3.53339,0.39532185
0.06927383,0.0035930276,0.25389862,2.0626183,2.1640816,1.3646407
0.073842406,0.1379956,0.27036095,3.61911,0.50204086,1.8621023
0.22303653,0.21392286,0.27356339,1.6762056,0.59750557,1.4664488
0.21755755,0.11706662,0.27120972,0.017637491,0.46634483,0.61149406
0.11192775,0.10270524,0.27218342,1.5582918,0.7525234,0.8043027
0.04158318,0.1520443,0.2996626,0.14578223,0.06883812,0.024195671
0.03138292,0.0853672,0.04608631,0.24772072,0.014110327,0.21116209
0.017506838,0.066203594,0.02486229,0.943192,0.45726037,0.17623729
0.01989317,0.030310392,0.0198555,0.50457764,0.27398348,0.022741616
0.0033168793,0.0004711151,0.0029945374,0.27793026,0.10782051,0.075604916
0.005507469,0.0007073879,0.003975868,0.4000678,0.27765942,0.08878422
0.0021554828,0.011584282,0.0050821304,0.036976814,0.12285423,0.074166775
0.002572894,0.037470102,0.022543907,0.03976631,0.10403633,0.08932209
0.041334152,0.020883799,0.031850815,0.2214899,0.38222152,0.4702426
0.042593658,0.04103899,0.044988632,0.07577562,0.030396938,0.20766997
0.027705729,0.045197487,0.041578293,0.094804764,0.07123327,0.07735729
0.015507698,0.037936687,0.033724785,0.13361692,0.1545228,0.21904802
0.0103676915,0.03126335,0.038110733,0.088600636,0.10741043,0.1391654
0.015256822,0.032877922,0.0626955,0.03183317,0.12591696,0.07681656
0.0037812889,0.030780792,0.07728195,0.14802063,0.23259348,0.2088821
0.002108872,0.03407216,0.078475,0.101355195,0.013216734,0.38288653
0.0068741143,0.035035133,0.06874466,0.014629245,0.005981207,0.30871338
0.004520476,0.04590416,0.063266754,0.054136474,0.037879348,0.16761303
0.0017567873,0.054666996,0.059203148,0.1330607,0.020001173,0.018969059
0.029002756,0.059585333,0.07123852,0.0026564598,0.05699736,0.14834738
0.04341516,0.055511475,0.061252594,0.03752917,0.029641837,0.25318688
0.05472341,0.023834229,0.08719635,0.09962988,0.19428492,0.24673116
0.05205083,0.015408516,0.17735767,0.0993948,0.27020264,0.25493574
0.05306609,0.03310156,0.26885796,0.32662517,0.1550417,0.30246186
0.03907363,0.03668332,0.17689705,0.27653694,0.087723255,0.44205356
0.03027004,0.03798008,0.09824371,0.16189766,0.21037006,0.36416817
0.013015166,0.0042231083,0.069093704,1.1673777,0.545753,0.3345232
0.004115157,0.018058777,0.23884964,0.29007912,0.21813107,1.2130151
0.050000075,0.1384685,0.2933159,0.8963394,0.09260273,1.6802979
0.0016711354,0.23648477,0.23018932,0.14124298,0.23894215,1.0847626
0.022942433,0.23355246,0.13838387,1.1920366,0.46773815,0.49022627
0.034301516,0.17213535,0.096883774,0.52872276,0.37176132,0.09302664
0.04241769,0.16570091,0.16668129,0.62112427,0.6246834,0.01862359
0.11687201,0.015348434,0.17244625,1.2687874,0.710577,0.6201215
0.14225787,0.041166306,0.14554977,0.6965771,0.33994484,0.5697651
0.19565849,0.090043545,0.11371803,0.060016632,0.06414747,0.11426926
0.23664416,0.10374737,0.1399355,0.39054108,0.40606833,0.07114887
0.2160697,0.13584137,0.0830946,0.3223505,0.40670514,0.3441558
0.16667219,0.1404171,0.07623577,0.08847618,0.23986685,0.17905617
0.12877546,0.08794546,0.012581825,0.11697006,0.25702256,0.15343666
0.08407478,0.12838602,0.04804516,0.1544466,0.1037693,0.15395546
0.060287863,0.12692046,0.0790596,0.87756634,0.14296311,0.011303902
0.06501767,0.11018777,0.04744625,0.61059093,0.060806274,0.13380337
0.03997031,0.13700652,0.020767212,0.94879436,0.0043444633,0.14110136
0.011103094,0.123548985,0.023375511,0.677227,0.07137704,0.07227707
0.002732098,0.10305381,0.044324875,0.622988,0.11945772,0.042015016
0.12221855,0.091162324,0.093670845,0.8797741,0.44116783,0.03083229
0.14981085,0.079223394,0.048378944,0.8774198,0.377841,0.34784508
0.07663262,0.0033679008,0.048846245,0.1904521,0.071941376,0.5594659
0.053320527,0.033630133,0.05868721,0.22442436,0.032878876,0.51374626
0.047259092,0.04168552,0.05861664,0.45367575,0.19622564,0.30488726
0.045650482,0.042755246,0.02885437,0.31568432,0.15879512,0.28832647
0.044992447,0.028883755,0.07071495,0.09035206,0.093809605,0.18823853
0.11041343,0.020721853,0.06273651,0.005039215,0.11277962,0.12968925
0.065849066,0.0060130656,0.047520638,0.3723116,0.22707081,0.005093217
0.08377409,0.011653721,0.07055855,0.013144493,0.06934214,0.19298387
0.07726073,0.009829134,0.085167885,0.16528893,0.040013313,0.13746595
0.07510877,0.023905724,0.112514496,0.20675182,0.10505962,0.030647278
0.08587217,0.049467206,0.13122082,0.041661263,0.026111603,0.52221894
0.08111334,0.032920063,0.1614151,0.19945526,0.112197876,0.106723785
0.0990963,0.17769718,0.08760357,0.96523666,0.040405273,0.6587219
0.10673094,0.1817503,0.012784004,0.445261,0.41712952,0.69916725
0.10704064,0.111303926,0.03321266,0.840384,0.2503376,1.5471144
0.13265061,0.091909885,0.077973366,0.59727764,0.762074,0.7019472
0.08863473,0.11401296,0.09868431,0.056328773,0.1554215,0.20889091
0.07153463,0.11082649,0.048401833,0.13189483,0.12771225,0.1189661
0.032290936,0.11712289,0.011163712,0.027916789,0.3858595,2.8789902
0.2596388,0.41556454,0.080415726,0.809597,2.3945084,9.421112
0.3103559,0.19861984,0.25743008,0.18800867,0.47437477,6.0468445
0.13026309,0.037596703,0.12307644,0.98382473,0.6712818,5.4186172
0.024003029,0.09489083,0.1564064,2.0384598,0.15119171,0.052602768
0.06918645,0.19245672,0.12247181,3.008751,2.235207,0.2929535
0.10119009,0.10690403,0.265913,0.543671,1.221473,1.2663727
0.11578846,0.051908493,0.22117805,0.26222706,0.90718794,2.7786255
0.8541815,0.6779468,0.3293972,5.8498383,0.8840065,14.811249
0.049880505,0.111177206,0.0992527,6.699856,0.9819336,2.882248
0.35898983,0.020374298,0.299428,4.092558,0.82794976,6.146946
0.31259525,0.004900217,0.23735523,1.6583176,0.35241032,3.2979202
0.15538538,0.14731765,0.13386059,1.542954,0.25733244,1.0333443
0.03829968,0.19065356,0.036611557,1.1517458,0.5369396,0.29673004
0.106796026,0.073266745,0.013782501,0.70088005,0.6716385,0.053239822
0.06162706,0.11299348,0.0783329,1.3173399,0.44634628,0.20323181
0.11197208,0.041184425,0.028233528,0.42962027,0.2809868,0.74840164
0.13493787,0.11410463,0.01579094,0.010465622,0.9707966,1.2894173
0.14151525,0.16027331,0.040276527,0.34982872,0.025865555,0.3842945
0.10957491,0.010415196,0.19834232,1.2128406,0.12735844,2.2044144
0.1903935,0.21905822,0.190032,2.8055038,0.43411174,3.418055
0.26139373,0.24844456,0.079506874,0.16940308,0.45696473,1.0296043
0.13138159,0.08241397,0.016967773,0.2824669,0.717819,1.0477486
0.07537028,0.039100677,0.019055367,0.058115005,0.40227413,0.33840847
0.039673656,0.018644482,0.015618324,0.18983078,0.26106262,0.12834358
0.04889989,0.06744939,0.22306347,0.15525532,0.300992,0.33958244
0.06320399,0.08900595,0.2094202,0.08720207,0.7484858,0.40059662
0.04723811,0.073942035,0.12065697,0.39228678,0.1935606,0.690927
0.065748215,0.048625946,0.114569664,0.08625078,0.4885893,0.0042300224
0.04847753,0.025362462,0.09432316,0.07354689,0.17996407,0.07533255
0.04676014,0.011436671,0.06042099,0.22878543,0.03320551,0.16833544
0.057242572,0.0019230247,0.013457298,0.18054914,0.004219055,0.17610765
0.057051897,0.039100885,0.036584854,0.159729,0.01897955,0.015805125
0.044692636,0.015805066,0.028238297,0.2564025,0.08252418,0.119772196
0.02229917,0.014566064,0.03067398,0.08152676,0.04292184,0.32674408
0.030411601,0.017748952,0.032834053,0.04318285,0.05660838,0.11914778
0.036572814,0.024214685,0.035690308,0.03749323,0.059892416,0.007217169
0.034677267,0.016683757,0.03392887,0.08127403,0.019969463,0.002236724
0.02942121,0.007666111,0.05029297,0.28128624,0.08499718,0.04205942
0.017014503,0.01999867,0.03601265,0.07518005,0.07653153,0.1533609
0.0017883778,0.02053368,0.01863861,0.12269497,0.0025502443,0.03766507
0.00021022558,0.020495117,0.013521194,0.08414316,0.002359867,0.13732147
0.0073114634,0.02415067,0.03177166,0.17415857,0.026556581,0.15234756
0.012796402,0.024165034,0.11799908,0.14495087,0.13131571,0.17827225
0.0075104237,0.062354326,0.20096397,0.37527615,0.14299107,0.21900749
0.004763007,0.049935192,0.07345867,0.23592329,0.24752617,0.3425088
0.022063136,0.058707014,0.07211113,0.12518954,0.12087107,0.3171146
0.016305745,0.061271526,0.07705593,0.030184746,0.20917928,0.0480659
0.013891399,0.05104412,0.048192978,0.06378269,0.03448669,0.0040584207
0.009409189,0.049266767,0.04517269,0.09137249,0.13110256,0.09250569
0.11401415,0.12784998,0.0013751984,1.3289833,3.016426,0.6089659
0.05266905,0.21287405,0.06544685,0.48677063,0.35979843,1.1502124
0.029785454,0.31635022,0.10312939,0.46813536,0.2146256,0.08803725
0.059398532,0.31023878,0.0010881424,0.8873806,0.5785675,0.9244231
0.0034554005,0.15246916,0.18766212,0.70074844,0.9929466,0.1703515
0.06567395,0.06751233,0.17981148,1.0090761,1.0866737,0.48222494
0.057465754,0.043632448,0.1575079,1.1392288,1.4636669,1.7489719
0.07676382,0.12811673,0.10212326,0.7424536,0.8298655,2.213834
0.7059062,0.3527887,0.084462166,25.299957,24.689133,4.0104485
1.229718,0.08198309,0.8145046,2.5315857,11.782623,2.6083136
0.49447334,0.9276749,0.10707283,9.949371,52.61708,1.5964527
0.9740503,0.7352927,0.05281067,4.5746155,1.4389038,18.890137
0.06978786,0.49414742,0.7903528,3.5382767,7.597825,2.8343787
0.320004,0.3549442,0.093419075,2.6878223,5.3169875,1.9099178
0.39635372,0.11955677,0.1862154,1.6356525,2.376481,0.18229222
0.3216443,0.046855062,0.11921787,0.09311962,0.9220786,0.7387762
0.22251654,0.059947733,0.034778595,0.22605133,0.14455462,0.24322605
0.13702261,0.057767734,0.03358841,0.34918785,0.06588197,0.40613317
0.020992994,0.08885509,0.056405067,0.7212124,0.057897568,0.82499355
0.0002503395,0.09361434,0.071967125,0.87685585,0.37847692,0.44655004
0.028577805,0.059858605,0.01589489,0.90162325,0.45763713,0.040365696
0.008214474,0.080521196,0.025317192,0.11008072,0.34482527,0.3923695
0.042441368,0.05219589,0.048913002,0.173347,0.02876854,0.17244911
0.08995688,0.040727362,0.060591698,0.28568852,0.7462692,0.12519169
0.11246395,0.06641251,0.06877422,0.19994354,0.22113419,0.16075468
0.051554084,0.08408907,0.09934139,0.30414867,0.17249393,0.2323668
0.061916232,0.122136086,0.11690235,0.008749008,0.08787203,0.0894922
0.03088224,0.12719911,0.10304451,0.20187306,0.21552038,0.34527275
0.027705193,0.14451584,0.08893967,0.15048265,0.067252636,0.00039482117
0.0045859814,0.14579865,0.11421871,0.23882917,0.06004691,0.058568
0.09003192,0.07560152,0.13450909,0.008431435,0.42519665,0.3002081
0.03927374,0.045538187,0.10331154,0.14967257,0.37225914,0.39394212
0.006241083,0.02014482,0.08776665,0.052859783,0.13954115,0.34276775
0.009295046,0.007203281,0.07465649,0.025645733,0.13769913,0.022350192
0.0054413676,0.000756979,0.08050442,0.16012931,0.099663734,0.17779148
0.008225232,0.0005953312,0.052869797,0.0049848557,0.19489193,0.14330813
0.00930199,0.02968061,0.062012672,0.17743742,0.1621151,0.20621729
0.013924122,0.007365942,0.06766033,0.24702072,0.22105217,0.098845005
0.015118539,0.008107305,0.06682873,0.041463077,0.13262805,0.053749323
0.023609966,0.019278526,0.068647385,0.13720149,0.00015282631,0.17360473
0.02236572,0.024765491,0.04805851,0.038189173,0.024861574,0.039240837
0.021404237,0.017567873,0.056204796,0.003850937,0.04751604,0.008605003
0.013447762,0.021772742,0.032128334,0.0036888123,0.10201633,0.41445208
0.008188009,0.026386738,0.04521656,0.4043727,0.20698452,0.42208958
0.0020977259,0.033367634,0.035681725,0.024508,0.23447667,0.004335165
0.0060168505,0.017016888,0.05399704,0.10867071,0.42808676,0.08622432
0.028091729,0.025863886,0.04044628,0.20857763,0.09804392,0.1981175
0.025826514,0.01417017,0.049207687,0.031196356,0.045715094,0.0902729
0.030395448,0.006248951,0.057691574,0.08302176,0.111091375,0.19969273
0.025589406,0.012866497,0.07163715,0.019776821,0.1474008,0.47538644
0.04080081,0.0049991608,0.05966091,0.062621236,0.011354446,0.093607545
0.03081125,0.013459444,0.057473183,0.06094098,0.0720374,0.0012685657
0.0203982,0.014915466,0.06348705,0.013427496,0.013441563,0.16560847
0.023591578,0.009209156,0.060482025,0.0032341182,0.05053723,0.17402664
0.030292094,0.00584507,0.03568268,0.18674254,0.16158295,0.23266053
0.01254797,0.010568619,0.023694038,0.13989711,0.20852184,0.42571437
0.022414207,0.010440826,0.027155876,0.03428912,0.013061523,0.39414302
0.01636368,0.0068171024,0.049736023,0.16218781,0.19431365,0.26495463
0.0046696067,0.003394127,0.087412834,0.25103307,0.24599373,0.3186918
0.005910337,0.014694452,0.08340168,0.2826004,0.19481206,0.41940475
0.07046741,0.07526946,0.089468,1.0304279,0.6221185,3.3866882
0.08453429,0.19577551,0.21735096,2.0075703,0.7137623,3.9951782
0.06386447,0.28760958,0.14735794,0.32902527,0.5518942,5.5121307
0.077970356,0.23809838,0.05964279,0.4873047,0.034852028,1.0210342
0.060634673,0.13991928,0.029709816,0.2713728,0.4413042,0.87431335
0.07205095,0.17636466,0.016745567,1.8026273,0.49167192,1.0861378
0.31387436,0.07228637,0.046427727,0.43164444,1.0826102,3.1570957
0.34163758,0.08677673,0.09307575,0.2819395,0.99637246,0.45048904
0.26113093,0.21743894,0.09327698,0.49538994,0.21382946,0.17260742
0.21144807,0.053051353,0.07911682,0.21148968,0.8775518,0.86296844
0.15549338,0.11668551,0.03694153,0.6098175,1.0345345,0.12768555
0.11970556,0.028411865,0.07614708,0.31007528,0.4535675,1.3151016
0.073141575,0.11411464,0.073150635,1.180872,1.3791904,1.9433136
0.06512225,0.032459855,0.1859827,2.6666317,1.2163973,1.2698059
0.0460397,0.08525252,0.01679039,1.6060553,2.6200633,1.7101963
0.29466692,0.06487155,0.059580803,1.2838554,0.85155916,2.8789272
0.3033613,0.037559748,0.003022194,0.3218994,0.27048993,0.38527012
0.2597522,0.016294956,0.010258675,0.6555538,0.36382174,0.51719856
0.15923491,0.019499779,0.045760155,0.1293993,0.39531517,0.051831245
0.09245649,0.005055189,0.07104778,0.32463312,0.06356335,0.043015003
0.080706924,0.025913477,0.07472134,0.39795208,0.09387159,0.4367478
0.07042295,0.046283007,0.052157402,0.1782322,0.36371124,0.16083336
0.049837828,0.032311916,0.05479622,0.010801315,0.0291574,0.11147785
0.035618007,0.042382836,0.036434174,0.008612663,0.28800952,0.18886948
0.046190858,0.0046693087,0.07629013,0.21307325,0.2116127,0.3042431
0.0004580021,0.02501297,0.067910194,0.11005473,0.082107544,0.11311054
0.041894197,0.022439599,0.053990364,0.14288712,0.71947,0.57215023
0.055241585,0.04697156,0.075387955,0.05605626,0.18164253,0.34898221
0.06551814,0.04349625,0.0733614,0.023117065,0.17995453,0.49522352
0.05389595,0.022825837,0.07191944,0.0058324337,0.24401808,0.060283184
0.012500763,0.017807603,0.093034744,0.03526163,0.28956795,0.32172346
0.034196377,0.013780475,0.07331371,0.393434,0.15609074,0.20336533
0.0011863708,0.009959698,0.073801994,0.10196507,0.3981638,0.3466482
0.0028772354,0.00639081,0.07904625,0.22798681,0.20742416,0.31853718
0.0036542416,9.298325e-06,0.08883381,0.2714703,0.1835444,0.40613747
0.013643503,0.010835648,0.093556404,0.33396173,0.081557214,0.33835125
0.06418753,0.047552288,0.12343979,0.18573904,0.07509029,0.53807735
0.06745529,0.05605483,0.13765812,0.21485567,0.16732979,0.6474285
0.0610013,0.041437805,0.15040302,0.25221348,0.1358223,0.241593
0.061315536,0.035634518,0.14991379,0.21608877,0.1626873,0.22078323
0.06494856,0.03149259,0.1415472,0.23209643,0.15897274,0.30184317
0.0727973,0.03842202,0.12881756,0.054941773,0.31542397,0.3582735
0.044584513,0.1394931,0.092214584,0.5872816,0.54071045,2.9050827
0.14743757,0.09326509,0.04548359,0.21311855,0.7336092,0.5464535
0.07567334,0.12595484,0.015932083,0.3154335,1.316422,0.39377594
0.013695955,0.24893127,0.106264114,0.7942443,0.06977987,0.122715
0.008690119,0.18946168,0.11685753,0.3209796,0.25331068,1.5073037
0.079981565,0.11832835,0.15036964,0.101364374,0.0035033226,0.092615604
0.037375927,0.07020007,0.074876785,0.48280537,0.22290611,0.6339805
0.05245042,0.054068893,0.06287956,0.50668097,0.28534633,0.14202213
0.060207605,0.031288385,0.018527985,0.45776033,0.22071952,0.32012033
0.04937172,0.047935933,0.0062589645,0.14389586,0.15395145,0.00234437
0.02926457,0.05480197,0.003191948,0.20185232,0.05951619,0.122264385
0.051047564,0.0713788,0.0076875687,0.04741192,0.33096313,0.012372494
0.012703896,0.06592667,0.06807995,0.031768322,0.39836407,0.25387716
0.035992146,0.06411013,0.08471012,0.4028778,0.42449665,0.41793048
0.00567466,0.14825246,0.06650543,0.05196953,0.0034885406,0.788609
0.03171277,0.17972526,0.03908825,0.4341936,0.09371567,0.7115371
0.018924952,0.07724923,0.019481659,0.012886673,0.17330742,0.5164897
0.028295457,0.0021726936,0.0038518906,0.08025074,0.102293015,0.33151627
0.05481714,0.016003981,0.043920517,0.44396114,0.28592205,0.29667187
0.03943357,0.04547192,0.049369812,0.2047174,0.45171928,0.017778993
0.05943778,0.0062329397,0.121751785,0.13563752,0.16714382,0.29464912
0.020884931,0.044560075,0.09441757,1.1858158,0.03910303,1.1087914
0.082141474,0.16324407,0.039499283,0.21252441,0.4014845,0.7982073
0.08688334,0.09944457,0.017235756,1.2541617,0.07922125,0.6865082
0.011930019,0.10397485,0.016510963,0.33658218,0.54641914,0.4295969
0.013332546,0.08154589,0.019794464,0.63628876,0.2877946,0.33783197
0.045499295,0.04465115,0.039447784,0.19273993,0.17744064,0.017354488
0.045093358,0.05355674,0.060486794,0.05115354,0.20371771,0.1263094
0.036881924,0.05669141,0.06518078,0.01629448,0.19062042,0.08731598
0.020353675,0.0446831,0.056854248,0.056328297,0.16652346,0.12326622
0.018531144,0.008143544,0.015533447,0.17322636,0.059831142,0.004339695
0.0061836243,0.0014795065,0.018237114,0.0148175955,0.15267658,0.026572824
0.012351871,0.013563037,0.010462761,0.14413425,0.13910818,0.05405353
0.004919052,0.03152895,0.012425423,0.05711031,0.39884377,0.26623666
0.001193285,0.0742321,0.065312386,0.06735039,0.4580078,0.37513542
0.031444907,0.116559386,0.2752056,0.39795566,0.66179705,0.022289276
0.0871734,0.08738947,0.30414772,0.22410965,0.36766434,0.332592
0.0031568408,0.028374672,0.16457367,0.90325737,0.67650867,0.7268772
0.06685746,0.03390467,0.13723087,0.15413594,0.13319767,0.3844123
0.07546401,0.051383495,0.08757019,0.0078066587,0.48830837,0.3309064
0.08225274,0.047593117,0.023183823,0.35657215,0.05179119,0.42593813
0.0942477,0.05006838,0.0052022934,0.113624096,0.016474962,0.4061613
0.096613765,0.07106221,0.025680542,0.138031,0.19865501,0.09931278
0.10441303,0.05301428,0.030305862,0.28535938,0.1989522,0.2467537
0.06813824,0.045650363,0.040994644,0.12341881,0.16550735,0.22347021
0.07333565,0.056933284,0.055229187,0.013561249,0.15020716,0.06304932
0.07516742,0.07474899,0.08036709,0.09493446,0.113618374,0.11754227
0.063351154,0.07966924,0.10363579,0.15031242,0.22048664,0.17515075
0.040409565,0.013646483,0.17097187,0.018445969,0.41586113,0.1602211
0.015645146,0.0015326738,0.19689465,0.7619686,0.53872967,0.09044981
0.034084737,0.01497376,0.21566105,0.33931732,0.3734398,0.050935626
0.05399537,0.017492354,0.22590351,0.28542995,0.26374793,0.079216
0.06381619,0.035957232,0.23449135,0.23902988,0.050121307,0.11561394
0.07321948,0.019512974,0.22611523,0.011043072,0.04633522,0.30310524
0.108070254,0.13730526,0.2008524,0.43250537,0.24992847,0.36365223
0.048937738,0.00418514,0.041747093,1.0079799,3.0653205,0.20315242
0.086169615,0.26974905,0.11115646,2.3649707,1.8515263,0.118917495
0.20110472,0.26884532,0.42047882,20.018158,25.240547,1.2928085
1.1350331,0.8845732,0.47315025,44.250397,71.85385,13.01672
0.31143594,0.25523186,0.5615225,3.288147,1.6943665,3.7415075
0.8396238,0.19725734,0.4516096,5.6262207,21.90747,18.17986
0.41438556,0.18407097,0.51869965,81.92117,55.69953,11.244217
0.026331544,0.04884219,1.0179443,13.744133,18.267849,12.841541
0.3421297,0.2315366,0.0015792847,11.589371,11.563332,3.0377388
0.45662415,0.04123774,0.12177658,0.91381454,1.5244462,0.49069977
0.307593,0.023043588,0.022115707,1.0547514,0.76340246,0.8157902
0.22293532,0.003219664,0.06273842,1.0991287,0.21560383,0.7435665
0.119303465,0.16441178,0.02916336,2.6069202,2.527246,0.6964271
0.046459317,0.06242925,0.056757927,0.842744,1.2041903,0.8302355
0.039253354,0.032467455,0.08564663,0.14143467,0.5793724,0.53858733
0.0047484636,0.055475205,0.09660053,0.21818256,0.15343952,0.12546754
0.06949401,0.08069286,0.06891346,0.15172958,0.006240368,0.04870683
0.037361145,0.100729465,0.06822395,0.3933792,0.115576744,0.12156057
0.026347876,0.082262516,0.094997406,0.85863173,0.42581677,0.22577643
0.019915998,0.11129737,0.066171646,0.68072367,0.32975578,0.24984443
0.0031149983,0.06964123,0.09429073,0.1366849,0.13788986,0.044213057
0.009952009,0.0373708,0.12799644,0.21687365,0.17347914,0.0630312
0.010046124,0.035398304,0.12729359,0.012656927,0.12121728,0.0576369
0.027271688,0.007933855,0.11905575,0.06508279,0.089635134,0.020074368
0.020507753,0.016532779,0.12493324,0.13859534,0.06089294,0.09759641
0.011387706,0.024439454,0.114972115,0.21311009,0.0050958395,0.06060171
0.018558472,0.027088046,0.10386276,0.15093017,0.043701887,0.02627039
0.015285343,0.022986054,0.103364944,0.14024663,0.14313173,0.033070326
0.0013501048,0.018224835,0.08635807,0.11757922,0.046022892,0.025340855
0.0020302832,0.014388919,0.083740234,0.1597929,0.2166802,0.016235352
0.014994696,0.014695406,0.058664322,0.2528696,0.038279533,0.0074281693
0.015479326,0.01495862,0.034140587,0.014084816,0.14854717,0.440444
0.016656592,0.020186663,0.037973404,0.044166565,0.101355076,0.36342287
0.009513229,0.00418818,0.019079208,0.021039963,0.17762494,0.10386515
0.0077077597,0.009569049,0.015417099,0.049218178,0.13971066,0.004814893
0.0031025857,0.017415047,0.03062439,0.31948566,0.37181568,0.21180773
0.024457812,0.01317513,0.046440125,0.2829671,0.3307296,0.07919145
0.001954779,0.0043007135,0.027787209,0.34687185,0.49111748,0.16241193
0.022992224,0.009758949,0.047865868,0.18119608,0.26300114,0.05616939
0.011034191,0.008309722,0.04804516,0.15550137,0.20691705,0.2616694
0.024151087,0.008836746,0.03936386,0.07079458,0.04318714,0.117311
0.04144618,0.016551256,0.021719933,0.19296038,0.031255245,0.0036879778
0.048753142,0.014101148,0.043468475,0.065760374,0.26639587,0.11509442
0.045319796,0.015223265,0.034549713,0.013170242,0.0075826645,0.04652548
0.039826453,0.010425568,0.0057821274,0.1610961,0.0111608505,0.16005278
0.033064604,0.008866072,0.018006325,0.16011357,0.02027142,0.021065712
0.027303308,0.0034484863,0.025066376,0.14121628,0.14000678,0.34531593
0.02008593,0.02943778,0.04356861,0.06950474,0.17715096,0.6877823
0.03908086,0.16461062,0.043322563,0.23333931,0.13903642,0.61416626
0.09853947,0.18261242,0.13236523,0.29790497,0.8260498,2.762024
0.2663564,0.022482991,0.18774128,0.2004242,1.472692,0.38011932
0.334265,0.08509672,0.0054855347,0.62453413,0.20463467,1.5377808
0.33265996,0.2110678,0.079437256,0.7108177,1.5375357,0.33774567
0.42314732,0.17073786,0.09664059,0.011985302,2.6168795,1.5475817
0.23849058,0.004285693,0.0755434,0.2665863,0.58447504,2.5578003
0.15083766,0.08678758,0.10070801,0.018661618,1.8298352,0.17532349
0.0033259392,0.3678708,0.044906616,0.9519563,0.81033134,0.48110962
0.049254656,0.28557718,0.09956932,0.026023865,1.1479454,2.4661713
0.133739,0.036582768,0.087776184,0.50327015,1.8064904,3.852066
0.2693255,0.06757647,0.0035505295,0.73098373,1.9528277,4.3315735
0.32137966,0.035849094,0.06711388,1.9068012,0.046390533,8.979439
0.30220103,0.018221855,0.0076761246,0.17444992,1.0324497,2.3395386
0.3300593,0.1004827,0.082751274,0.7688093,0.4148445,1.690052
0.17114925,0.00058174133,0.06131935,1.2296308,1.3956766,1.4295769
0.02113676,0.10630453,0.01954937,0.5346103,0.32828236,0.07746124
0.024566412,0.27125847,0.09800434,0.63221645,0.61104584,1.823286
0.089419246,0.25916433,0.08247757,1.1208692,0.9435811,0.33321857
0.10322136,0.2488079,0.05831909,0.27795553,0.93528914,1.2875352
0.03026706,0.18716347,0.06266308,0.20419693,0.9740397,0.7168207
0.00808686,0.13399112,0.097774506,0.16801405,0.11054474,0.32157278
0.022007495,0.109426856,0.121806145,0.4045865,0.055369377,1.3672037
0.13046464,0.019094586,0.119957924,0.4731037,0.0605942,1.9251242
0.2642849,0.07418668,0.08525276,0.53990483,0.052110195,0.641819
0.25634474,0.23731303,0.036333084,0.5985155,0.24544764,1.7991714
0.17497799,0.07658756,0.08352089,0.7893534,0.42708254,1.0000916
0.044840097,0.045760334,0.004878998,0.47443008,0.30596972,2.1004639
0.031886995,0.04140526,0.061844826,0.31126976,0.53934765,2.4821777
0.051764965,0.1223163,0.25149345,5.055664,1.3567224,2.0447083
0.19151112,0.100738764,0.2331562,0.6063385,1.3381076,9.461063
0.10632816,0.23559582,0.12945175,1.4789982,3.2828927,2.9755898
0.069248036,0.17307317,0.058088303,0.70175076,3.4442139,0.044914246
0.27711594,0.19030869,0.019823074,1.0963373,2.3573685,1.168869
0.0851319,0.10310125,0.30997086,1.4322174,1.9528465,0.5795517
0.047533557,0.053825855,0.38471508,9.107216,5.903679,2.793621
0.09308994,0.11466718,0.38155365,1.1008644,0.9537487,1.5567598
0.066098094,0.042254448,0.3980074,2.3424187,1.1289825,1.8984203
0.031474173,0.005449772,0.4220085,0.75494766,0.82873297,0.56551266
0.19259799,0.14055109,0.35832882,0.8090348,0.9997473,0.015367985
0.2914589,0.1946454,0.22157288,1.0632921,0.04345703,0.13170624
0.21637303,0.471344,0.09676933,0.025485992,1.0566216,0.22359753
0.071576476,0.37073183,0.19554996,1.8188267,2.9294014,0.53671837
0.17859268,0.31458616,0.21613169,0.41664505,2.9531012,0.83112335
0.29994535,0.19651794,0.23047829,0.0050907135,1.1010485,0.6380415
0.42441285,0.16855001,0.24586725,0.09549713,0.039548874,0.50687504
0.50413704,0.22172165,0.35438538,0.2200737,0.4337101,0.4040146
0.62999237,0.3646083,0.6267352,2.2712326,2.2835712,1.0393267
0.57409036,0.23381805,0.6956172,0.0772419,2.1619272,0.12090063
0.573966,0.2133851,0.7453685,1.1033993,0.2304573,0.11254406
0.46615458,0.20078087,0.83089256,0.1268673,1.0245247,0.2365427
0.32993436,0.23062134,0.90533257,1.0943594,0.43113422,0.13763618
0.21696067,0.28421402,0.9563198,0.4309225,0.34998417,0.54712725
0.1980691,0.2804079,0.9325228,1.1502476,1.6756554,1.6473818
0.14634752,0.22430754,0.8953786,0.7542467,0.6548643,0.6417179
0.16443038,0.2731781,0.8162236,0.24447536,0.068847656,0.07975587
0.14046764,0.29291487,0.7521181,0.7004268,0.96237946,0.4841758
0.12998605,0.28640842,0.65785503,1.0877243,1.1310176,0.2025224
0.14972305,0.31294203,0.5474529,0.9745171,1.4709587,0.16621804
0.17387986,0.26303244,0.2502818,0.6089344,2.1021194,1.1199107
0.18729019,0.27979088,0.18904829,1.3249474,1.9307692,2.052432
0.16764045,0.3111019,0.1254754,0.8927717,0.6629441,0.7134981
0.06676102,0.3030572,0.01044035,0.4217472,0.6678777,0.67219067
0.0696969,0.24277258,0.040599823,0.08347151,0.6184633,0.58786285
0.09887791,0.24464798,0.11196327,1.3519487,1.3509613,0.32920432
0.039506912,0.26608276,0.28301,1.6299944,0.6099922,0.26039845
0.09707999,0.33678913,0.38299656,0.16405678,0.9767938,0.02774772
0.10501075,0.33578873,0.44408274,1.3949019,0.7400933,0.8157439
0.083218336,0.2925191,0.47471237,0.49898028,0.89319134,0.813591
0.077584386,0.26526213,0.46083593,0.55691814,0.56671715,0.0868817
0.09783697,0.24464989,0.41964054,0.19800758,1.0529461,0.11704457
0.09298873,0.24103689,0.32506132,1.1467571,0.7254219,1.120415
0.05005431,0.20073938,0.30518198,0.23367548,0.9450283,0.28903127
0.0038167834,0.12800026,0.2498846,0.34445763,0.050175667,0.1743837
0.015682995,0.08326912,0.19699144,0.4786389,0.37012863,0.4122006
0.017589271,0.08834267,0.12514877,0.031216383,0.40639353,0.7153912
0.05174893,0.09854555,0.039266586,0.6675091,0.5120387,0.86304784
0.078439415,0.11364508,0.102217674,0.95825005,0.04243183,0.3245783
0.09952462,0.07582331,0.17351198,0.50390244,1.2502189,0.43426776
0.18198729,0.099750996,0.27176094,0.9167614,0.5043385,0.785795
0.20264399,0.0960536,0.3778839,0.6021595,1.4101282,0.71167076
0.23091257,0.039093494,0.54417133,1.8705902,1.0005379,0.7998133
0.18181229,0.029441357,0.7432723,2.468647,0.22888947,1.6499786
0.042147398,0.21456766,0.49174595,7.782303,1.7673473,1.8938923
0.33619976,0.21842718,0.25373173,0.28090286,3.00756,0.8838053
0.05687058,0.43843746,0.18065166,3.5722275,1.2550621,0.064052105
0.059131265,0.47441387,0.0053753853,0.0216856,1.9298325,2.2076473
0.21638227,0.37904024,0.16900063,0.27077293,0.5908909,0.9641752
0.08948988,0.33617878,0.11994171,0.53088856,0.8974943,0.11086655
0.11049056,0.07954121,0.08982372,0.7607193,1.5070343,1.020462
0.15973288,0.06456375,0.101756096,0.3847494,0.22611618,0.39455795
0.19638291,0.08703375,0.024420738,0.8541012,0.67854214,0.055233955
0.1805965,0.11985779,0.084617615,1.2782774,0.35344124,0.3577857
0.13976845,0.1663518,0.060613632,0.03791046,0.46805096,0.1182456
0.037722796,0.14891839,0.016695023,0.41749382,0.07841301,0.040590286
0.047227114,0.066233754,0.15522003,1.5660706,2.9096966,0.16207314
0.06733835,0.28462923,0.1463108,0.7812805,0.7828636,0.6129556
0.0788739,0.3405345,0.12194729,0.99632645,0.37065125,0.75286293
0.028381288,0.3548196,0.07391739,0.34596825,0.53443,0.02083397
0.02060002,0.30609056,0.0017910004,0.85469055,0.46069765,0.053475857
0.053257167,0.21540937,0.034077644,0.27031326,0.049574852,0.2664671
0.0538162,0.098349124,0.021413803,0.5512619,0.73351616,0.9290812
0.10474837,0.04590717,0.07104111,0.5186558,0.8264539,0.44363737
0.03938961,0.029568229,0.05757904,0.37025356,0.39912844,0.18092489
0.040137053,0.05559043,0.07670784,0.062586784,0.15746665,0.34655797
0.03281951,0.07293014,0.08175564,0.2637825,0.18371296,0.20532763
0.016790748,0.091275126,0.09657574,0.7326355,0.14416695,0.09800911
0.04199922,0.05641842,0.34350586,0.06315613,0.106702805,0.8764019
0.070561886,0.082573056,0.27868748,0.78737307,0.40218544,0.2807064
0.035026908,0.040807366,0.13949203,0.5103247,0.34624267,0.26737964
0.011224508,0.06330842,0.10982704,0.09236288,0.3610673,0.09857273
0.053602457,0.08371329,0.07631588,0.13668811,0.3497982,0.9991207
0.13422227,0.08693981,0.018722534,1.330174,1.5302749,3.0470734
0.006833434,0.24558604,0.11398697,8.076736,0.52395535,0.36631393
0.29927623,0.06527066,0.098760605,4.181778,0.25059128,1.7161331
0.0066741705,0.15162683,0.2015276,0.46867752,1.1749973,5.5437565
0.1236161,0.17820239,0.26518822,0.14990234,0.9614544,0.08781433
0.036956906,0.13654852,0.39722157,0.07138664,0.18731737,0.4828987
0.036411345,0.15192103,0.41014862,0.17933369,0.020061493,0.1002512
0.10323727,0.24164581,0.14163208,3.817974,0.15082812,2.6874428
0.25818825,0.1996684,0.065039635,0.05795288,0.14744186,0.16744614
0.17741418,0.16802669,0.07930851,0.4086609,0.29914713,0.5615282
0.15900004,0.13029146,0.01815319,0.5708008,0.3684461,0.41754723
0.143677,0.06660223,0.03964424,0.50268173,0.086517334,0.36308765
0.16311193,0.0057611465,0.08420563,0.08234787,0.6300545,0.15970755
0.2558645,0.043365,0.1996727,0.96770096,0.5053425,0.776803
0.20725882,0.019258976,0.06023121,1.3003654,0.67947865,0.77116394
0.13412416,0.21713018,0.17295074,0.0150642395,0.9012168,1.9454536
0.040076375,0.3636775,0.13017845,0.4853325,0.35332763,0.3492241
0.046215177,0.2846074,0.04698372,0.73227596,0.1764412,0.10235691
0.08698654,0.20640469,0.02257824,0.07953501,0.19579601,0.14607334
0.023887515,0.18484783,0.07488251,0.33051044,0.059969902,0.12530231
0.030287445,0.17620611,0.054243088,0.61391526,0.47528672,0.047656536
0.0476923,0.12660456,0.08270836,0.36436796,0.033000946,0.1574266
0.018940747,0.07818127,0.104486465,0.11244497,0.26916862,0.5571127
0.008869588,0.09299755,0.07385826,0.015226364,0.2290653,0.6101918
0.18811068,0.114133835,0.06774807,2.3388853,4.030116,13.73558
0.23855582,1.3322141,0.4006095,0.52256393,6.9188194,24.599457
0.33638555,0.21492529,0.18794918,1.3078923,0.75860405,9.1757965
0.24275774,0.14492464,0.0048065186,2.930921,0.7418864,5.1211014
0.07477176,0.2886138,0.0071077347,2.7812233,0.67558444,2.7825508
0.04512739,0.20640564,0.12004566,1.2671623,1.8734374,2.1765594
0.28329217,0.009271622,0.23832703,0.04840851,0.8209238,5.2978096
0.7906747,0.0126719475,0.13445187,2.87347,3.0903244,1.7261543
0.22165799,0.14821911,0.16322994,0.96953106,2.0736408,1.8146238
0.13524413,0.10222983,0.15482426,0.039110184,2.3762035,2.1856017
0.010685205,0.2220416,0.30976582,0.36130714,1.1220627,5.677902
0.20420313,0.1108855,0.27636623,0.91759634,0.6590309,2.6077118
0.15181279,0.14412534,0.09579277,0.108098984,1.3108101,1.4096375
0.3649392,0.15614024,0.09279823,0.34033954,3.7316875,7.125824
0.41326237,0.08685577,0.03620529,0.7446151,0.55786324,5.0923004
0.09789407,0.2539634,0.07618332,0.0800066,0.03374958,3.5006866
0.12706327,0.20425615,0.03886509,0.38384533,0.9336424,0.07052231
0.14186466,0.1917947,0.101623535,0.6095514,0.15969276,0.8265743
0.15234739,0.19329955,0.091459274,0.62745476,0.0724659,0.44951057
0.04674247,0.11303397,0.12527752,0.2935772,0.020576477,0.22014236
0.121476874,0.06659046,0.1000061,0.063621044,0.9246969,0.25102806
0.047971718,0.11312151,0.08260155,0.55233,0.22577286,0.5878744
0.056009963,0.14817226,0.020553589,0.98210526,0.09220028,1.1809425
0.115890205,0.25846702,0.026637077,0.99085426,0.26768112,0.45651245
0.11489075,0.41137022,0.11146355,0.8964691,0.7986107,0.8495574
0.029474208,0.54272765,0.24696445,10.073654,2.81567,6.5627365
0.03525781,0.24417853,0.10264301,6.413872,3.1853943,6.5088043
0.1330529,0.18301833,0.5063076,2.634243,2.5827494,3.04278
0.12157616,0.15052384,0.57502556,0.3750553,0.21567535,1.2382319
0.07138574,0.18237202,0.53257275,0.8526573,0.9926014,0.48306417
0.0643608,0.16589971,0.5721626,0.8538742,0.22459412,0.644495
0.12068915,0.2084781,0.5666971,0.32883263,0.115507126,0.46684265
0.11522722,0.100714564,0.5380888,0.53407764,0.13080835,0.62884426
0.09205997,0.10522723,0.5823784,0.33399105,0.44469294,0.69201946
0.12721288,0.19267082,0.5349283,1.1084261,1.9714966,0.5752363
0.22022867,0.20905495,0.47937584,0.09625101,0.1024189,0.37211514
0.18493772,0.29321408,0.39622116,0.9992218,0.92974997,1.0758228
0.07507014,0.5495875,0.15486526,0.58264434,0.029483795,0.017238617
0.13620234,0.4948392,0.098061085,0.85813427,0.13059235,0.6305647
0.0039918423,0.53252363,0.09304285,0.55601597,0.5385256,0.26295567
0.079787016,0.5449791,0.32458878,0.5601435,0.08057976,0.9205656
0.082829475,0.578804,0.44423723,1.0458689,0.3992958,0.3736105
0.10440874,0.6409335,0.5656972,0.8669653,0.4330654,0.8518715
0.26827002,0.79656076,0.9664521,1.5851345,0.3713913,0.009283066
0.17578983,0.6747179,0.9709039,0.10207367,0.08877754,0.36869144
0.15459538,0.5965543,0.9847822,0.30983543,0.3567028,0.4319992
0.113117695,0.4154067,1.1021771,0.66620445,0.20384598,1.3765602
0.11056948,0.2431736,1.2823129,0.5278168,0.41941452,0.6168801
0.19746637,0.08957052,1.5111465,1.4718285,0.009626389,0.8259597
0.8526807,0.30363274,1.8990068,5.015419,1.5240822,0.9448838
0.40766048,0.2098608,1.5298781,4.6497726,1.0842533,2.3444839
0.39827156,0.26648664,1.456428,4.462124,2.4343357,2.6308537
0.630795,0.59350276,1.2809443,1.9006805,0.5031166,0.42247367
0.8141856,0.7495787,1.1067553,0.08028984,0.41427803,1.0256948
0.8353901,0.7926111,1.0420189,0.5519161,0.8586397,0.0095329285
0.659492,0.41080225,0.3692317,0.26359463,0.0032701492,0.031417847
0.6072254,0.29057366,0.13401222,0.9770329,0.30419394,0.45538902
0.62894535,0.17767805,0.13071775,0.40046787,0.04515457,0.25051308
0.5813575,0.050337195,0.36166477,0.08669758,0.118328094,0.08513832
0.53679633,0.04668218,0.53479767,0.14373875,0.037330627,0.53735256
0.51761866,0.09171641,0.620903,0.2606964,0.3594246,0.095051765
0.2291305,0.32989097,0.63587856,1.4527798,1.5926418,0.56552696
0.33565593,0.1526568,0.54198456,0.47679996,1.953886,0.40717125
0.22101915,0.13483763,0.50437355,0.18556213,0.001991272,0.29795933
0.12319231,0.11875224,0.41987324,0.5863056,0.31763458,0.5095248
0.042904317,0.101593256,0.31493187,0.23858261,0.07520294,0.074923515
0.0027819723,0.0724628,0.18957329,0.28749847,0.41613197,0.07371044
0.15513794,0.13566113,0.059031487,0.7427597,0.9114075,0.80245495
0.067114174,0.010723591,0.13440037,0.3565235,0.20172691,0.023500443
0.09041655,0.051367283,0.14208317,0.1451683,0.7938442,0.3043785
0.032527328,0.081762314,0.07658291,0.027799606,0.43057632,0.08920622
0.023786545,0.12129307,0.059602737,0.74739456,0.12192917,0.15986252
0.011143565,0.11289048,0.25823784,0.38684464,0.17562866,0.7335491
0.041932583,0.03718257,0.3698845,1.4481001,0.38610077,0.053027034
0.2414326,0.12719536,0.2954321,0.46726418,0.15926933,0.706658
0.220292,0.054335356,0.22151661,0.991768,0.37123203,1.1826228
0.30811927,0.10096502,0.1363039,0.17827463,0.1194725,0.33288068
0.40074474,0.15011668,0.13772488,0.21097994,0.6603632,0.48330247
0.37958926,0.07373154,0.113882065,0.31272984,0.42222595,0.027721763
0.32201427,0.08976948,0.0736866,0.56625366,0.24090195,0.6862922
0.31557187,0.051228344,0.078066826,0.4536934,0.25221825,0.5053954
0.23991749,0.018429637,0.018969536,0.70314026,0.17837119,0.11945462
0.22288314,0.049646795,0.0066165924,0.5540161,0.35257822,0.12478137
0.17572245,0.02777952,0.02064991,0.16635513,0.3201375,0.24694037
0.13806406,0.010248423,0.055461884,0.43483734,0.6531291,0.07033068
0.098493814,0.048546657,0.08458996,1.2078094,0.44806862,0.019771604
0.070305645,0.038633376,0.05869198,0.6371393,0.35578442,0.12004852
0.03329259,0.08531295,0.058867455,0.55925417,0.24982047,0.29363585
0.044535697,0.0884897,0.05064869,0.037444115,0.09303141,0.14215374
0.044481725,0.101591185,0.030899048,0.018183231,0.09193587,0.16061854
0.04454407,0.1017687,0.023489952,0.022919178,0.01048851,0.19450092
0.029287577,0.060262352,0.015100479,0.10829115,0.07342601,0.47520876
0.047450766,0.07608676,0.022752762,0.14797828,0.25512964,0.12238228
0.031360567,0.0747565,0.03707218,0.32526857,0.15288615,0.45475936
0.04075781,0.06831485,0.02902317,0.1505492,0.025060534,0.21080875
0.036921207,0.062796,0.027041435,0.16025782,0.0128479,0.04653716
0.025991932,0.051201105,0.030309677,0.2927022,0.06395236,0.038090646
0.0003876388,0.016048193,0.044125557,0.4021663,0.22209167,0.18643558
0.022439241,0.03236699,0.060195923,0.0571028,0.058880806,0.15300503
0.018905193,0.03834021,0.05215931,0.13385773,0.0232687,0.26102495
0.015424937,0.039672375,0.05133438,0.15750957,0.18810749,0.22601366
0.0066378117,0.037831068,0.0738163,0.22343862,0.12510261,0.3131032
0.01208508,0.03799808,0.071619034,0.0540573,0.06773949,0.28888893
0.0004107952,0.0062834024,0.055719376,0.10352993,0.06130743,0.31281173
0.0062630177,0.027362823,0.06861019,0.31579018,0.10676718,0.12642762
0.004137516,0.018169284,0.0415287,0.0864172,0.18246937,0.083455324
0.020879984,0.018376589,0.050635338,0.15027928,0.017400026,0.20237207
0.020644188,0.01429987,0.05619526,0.13488984,0.0009484291,0.111824036
0.019269764,0.008574486,0.041106224,0.10222977,0.13623786,0.033012234
0.022045553,0.0116279125,0.023322105,0.16484356,0.09135294,0.032957315
0.02485627,0.014471054,0.039592743,0.1904726,0.1832602,0.28760958
0.020445049,0.0030088425,0.024479866,0.067264795,0.054077625,0.08980608
0.008939683,0.004290819,0.00015068054,0.04874873,0.15841508,0.08232021
0.0038292408,0.0025820732,0.01684475,0.040356636,0.11290479,0.064548135
0.004697442,0.0018868446,0.0042686462,0.0022987127,0.09583998,0.011096954
0.014309883,0.006677866,0.011678696,0.052060843,0.03024435,0.14123267
0.024431884,0.0025320053,0.027804375,0.08471751,0.34614706,0.0357301
0.01582241,0.0026984215,0.030736923,0.023111105,0.19625193,0.06940779
0.028309166,0.0040040016,0.06600857,0.10606074,0.15611261,0.13121292
0.025378972,0.0046908855,0.06502056,0.23128939,0.042253494,0.017429829
0.054507136,0.006343603,0.07508087,0.2905023,0.21288443,0.060647726
0.06888628,0.014083624,0.11666107,0.08212614,0.29741287,0.115404844
0.047202043,0.0049767494,0.094605446,0.116591215,0.06694555,0.04174623
0.038999736,0.00627923,0.05679512,0.04088807,0.11399555,0.055900097
0.038553573,0.01138854,0.08525276,0.0857141,0.03339362,0.12030959
0.038758963,0.013116837,0.08772373,0.11368585,0.11796129,0.024641633
0.031492375,0.006816387,0.08042431,0.039128542,0.08197451,0.025814652
0.041944474,0.020953894,0.044849396,0.0478642,0.008023262,0.08955872
0.03437823,0.017927408,0.031474113,0.0024035573,0.25022316,0.1473397
0.043434963,0.009937286,0.056344032,0.03527069,0.027381182,0.12272346
0.053147733,0.009368181,0.066594124,0.097729534,0.223768,0.09840101
0.041068077,0.004072666,0.070269585,0.09978211,0.0055627823,0.03982097
0.051926464,0.0030887127,0.08175182,0.057843685,0.113581896,0.0209461
0.07363036,0.008020401,0.06365013,0.120449066,0.34159946,0.07610971
0.048470885,0.0010328293,0.05073452,0.28175485,0.31578398,0.13458252
0.061703444,0.0113966465,0.053211212,0.17474389,0.2893784,0.14401627
0.047022223,0.0042419434,0.03391075,0.02827406,0.1225996,0.054531336
0.031257927,0.0023534298,0.0201931,0.10103798,0.15838718,0.07097125
0.023260117,0.0031166077,0.009728432,0.48670387,0.5047741,0.07226467
0.044579387,0.14436054,0.121520996,8.3324585,7.7968597,0.81740713
0.079355866,0.112244844,0.17290592,2.613884,0.024980545,0.8999367
0.058946837,0.11476183,0.19135666,1.1975327,0.34454393,0.8279915
0.12061362,0.099668026,0.068909645,0.8868599,1.1071324,0.83142376
0.17201665,0.044098616,0.056056023,0.5372906,0.3728218,0.21244621
0.28620762,0.06318188,0.10315418,0.35585403,0.07000351,0.6884284
0.38283336,0.15660587,0.118575096,7.871628,3.732788,3.8105335
0.2483995,0.23089813,0.38772392,12.651371,5.4767456,6.956887
0.029056191,0.024697244,0.45425224,0.5876694,0.574419,1.0213895
0.0038032532,0.094504,0.38793087,0.110489845,0.17722082,0.0018936992
0.06623852,0.1394633,0.31947517,0.468956,0.11643392,0.39846635
0.092843294,0.1498434,0.19034481,0.20790243,0.35124707,0.13623762
0.13377017,0.10326438,0.089276314,0.249053,0.0036153793,0.084269404
0.09807676,0.095026374,0.087729454,0.4159088,0.86635303,0.034001827
0.059609413,0.12188856,0.08500576,0.33192873,0.07403946,0.031051159
0.049387872,0.14775722,0.006298065,0.31285,0.7953949,0.02816391
0.09741169,0.13318223,0.19724655,0.23872805,0.5091152,0.26758957
0.044065624,0.023071796,0.1966734,0.4099288,0.50153923,0.14421225
0.060941763,0.07556409,0.047323227,0.05807495,0.4500866,0.29688594
0.034774717,0.07367098,0.1653595,0.65192795,0.40343285,0.093306646
0.009833336,0.07598692,0.20550156,0.07639122,0.63365173,0.10533917
0.02283442,0.056096077,0.12184143,0.19120121,0.31191683,0.105383605
0.0028559864,0.043831468,0.075172424,0.6244345,0.5180366,0.30611777
0.026177496,0.012642026,0.120705605,0.20254135,0.019016266,0.01747328
0.21481994,0.06077528,0.10246277,0.56316376,1.176506,0.975379
0.345481,0.20003498,0.05576706,0.56016636,0.74838257,0.3340454
0.17350352,0.0595932,0.1492281,0.56202984,0.94218445,0.78642416
0.116732,0.027711868,0.14481068,0.6345377,0.8543911,0.72735953
0.117280364,0.034339905,0.08514786,0.57344425,0.6430464,0.17540216
0.094539404,0.052784324,0.036159515,0.35094976,0.73590946,0.22504425
0.0004581809,0.05957365,0.16003132,1.3005562,1.2399693,0.4198401
0.021797955,0.0161798,0.22856522,0.000603199,0.028307915,0.01365459
0.006341636,0.05955088,0.15719223,0.7658963,0.89306164,0.012555122
0.012137115,0.093321204,0.0691452,0.14040613,0.26378822,0.15643919
0.032777667,0.08686018,0.07019615,0.076895714,0.008817673,0.18988085
0.06002949,0.07581425,0.052218437,0.027978659,0.15508378,0.04818964
0.016914383,0.04184425,0.03244686,0.055032253,0.32557976,0.10338861
0.037815392,0.036243916,0.08846474,0.1932627,0.35876513,0.12141847
0.03163922,0.031365514,0.105641365,0.054811448,0.2626977,0.00028181076
0.032310545,0.029585123,0.0951004,0.07279909,0.1641202,0.0034060478
0.036652803,0.028382897,0.08444977,0.13297462,0.12556171,0.0542804
0.036698043,0.02510035,0.06964493,0.12311721,0.086061954,0.053533792
0.02237451,0.00085425377,0.054739952,0.13359928,0.16891098,0.08960891
0.0021275282,0.011478901,0.04289913,0.11683583,0.019156933,0.078546286
0.00021505356,0.006325245,0.040412903,0.07371712,0.2098999,0.21480513
0.0028920174,0.006997347,0.038704872,0.07396054,0.015100479,0.07498145
0.0026494265,0.008423328,0.03243351,0.01986289,0.08361244,0.14206195
0.01103735,0.0063154697,0.026259422,0.03362441,0.087480545,0.12679112
0.04196465,0.0031499863,0.017712593,0.045715332,0.16734886,0.13565493
0.03515339,0.00991416,0.015660286,0.034044147,0.072487116,0.032631993
0.035900593,0.01221931,0.0131549835,0.0024672747,0.1219275,0.09926474
0.042592168,0.015299559,0.008131981,0.050110936,0.022741556,0.07169831
0.043418646,0.016572475,0.011286736,0.012899637,0.012759447,0.068921804
0.04411578,0.018242955,0.006570816,0.00718683,0.016952991,0.05928254
0.042816162,0.021897554,0.021896362,0.0050225854,0.03172183,0.036521554
0.038722157,0.02044022,0.025727272,0.0035928674,0.12108052,0.018181741
0.038888335,0.018565893,0.029136658,0.013166506,0.06984311,0.013072014
0.037138462,0.019950032,0.029541016,0.0035237675,0.08471751,0.019820452
0.036731243,0.018142939,0.028364182,0.014356483,0.052722216,0.018369555
0.03645146,0.018265247,0.01709652,0.0068470836,0.077522114,0.02018559
0.026244521,0.021423578,0.027252197,0.009515166,0.074738026,0.060542345
0.028260112,0.016009092,0.025479317,0.010470867,0.064924896,0.051415563
0.029144049,0.017191887,0.02606678,0.000849247,0.068039596,0.009840965
0.027740836,0.015553474,0.026118279,0.0026892424,0.04671669,0.001557529
0.028530717,0.01444757,0.019564629,0.012640446,0.024813414,0.01570642
0.031076193,0.015798926,0.016854286,0.011603594,0.018943101,0.06073439
0.017885447,0.023568988,0.018645287,0.03559649,0.05434476,0.040294223
0.018913388,0.023659348,0.023673058,0.0015423,0.107366174,0.06552315
0.018213153,0.020154834,0.02753067,0.050483257,0.08482507,0.081397645
0.016912222,0.018891692,0.027503967,0.04254353,0.055215538,0.038099803
0.014618874,0.018445015,0.02234459,0.04656583,0.06222841,0.017355144
0.012641311,0.01752162,0.01900196,0.049267918,0.09050435,0.025847465
0.0056136847,0.01960206,0.018647194,0.031043053,0.47373772,0.03364119
0.024327755,0.015791059,0.0015277863,0.05368364,0.45103085,0.03593856
0.02114904,0.025142312,0.0029506683,0.2721243,0.07172227,0.13486195
0.026129484,0.005950451,0.037077904,0.19441986,0.03511852,0.74041367
0.06230426,0.10510886,0.04262352,0.28884697,0.3392229,0.033829212
0.059244514,0.11537075,0.028449059,0.12524223,0.25473213,0.54299927
0.027953386,0.049271345,0.014703751,0.8935795,0.0067358017,0.093120575
0.0357244,0.017424583,0.105443954,0.22527504,0.027384996,1.043658
0.030753255,0.008090258,0.13792992,0.03517437,0.39297545,0.22388268
0.051780224,0.022658348,0.16137981,0.2294817,0.4731655,0.105210304
0.07714784,0.09970474,0.13998032,0.05508232,0.78526974,0.099868774
0.08020151,0.12903786,0.089016914,0.09165764,0.36497402,0.14687824
0.07966924,0.0009608269,0.017852783,0.07647514,0.11058712,0.04126215
0.039995074,0.017526865,0.0629015,0.09761238,0.17769194,0.0711174
0.012894869,0.00067949295,0.11029911,0.03719248,0.2764864,0.35489655
0.19741893,0.11836243,0.2093811,2.2780628,0.2615819,2.5438385
0.45272446,0.33926177,0.39275646,1.1768608,0.16928554,1.0258789
0.45367503,0.4228382,0.32075214,1.005425,1.3888935,1.6814804
0.7413752,0.13088918,0.27811718,6.2568245,2.0175934,11.367287
0.6051135,0.0916903,0.3357029,1.0002804,1.9429159,5.687172
0.3699422,0.16547823,0.2701187,0.8370352,2.1983156,0.26145172
0.3175776,0.08518076,0.1825943,0.12979674,0.014952898,3.255001
0.2316823,0.050708294,0.22857666,1.4459915,0.9458575,2.460579
0.2281127,0.1025784,0.20239735,0.8533478,0.0072345734,0.039215088
0.3864398,0.18643904,0.07002258,0.73654366,0.79904556,0.50388527
0.29649925,0.21503091,0.028985023,0.4940951,0.51376534,0.4621184
0.33593488,0.13117743,0.09818554,0.6554222,1.2230451,0.7504239
0.29943013,0.1167202,0.08095455,0.50248194,0.3868364,0.10665774
0.28201175,0.12288976,0.07714844,0.007158518,0.52750826,0.008421779
0.229285,0.13142872,0.054551125,0.37150383,0.42324543,0.13430911
0.16906333,0.1453042,0.037200928,0.18444633,0.14187002,0.049842834
0.1881175,0.05427718,0.04082489,0.18396378,0.350407,0.5862212
0.10667217,0.07608366,0.00026130676,0.023474693,0.106654406,0.23384285
0.08895159,0.07869458,0.0055351257,0.053382874,0.17938185,0.63879395
0.09326041,0.107898474,0.010059357,0.17869377,0.5108881,0.115345
0.09035003,0.11572957,0.005569458,0.15808868,0.5895872,0.06632614
0.04799652,0.10720849,0.0066099167,0.510561,0.50531006,0.08304119
0.009372324,0.04706669,0.010856628,0.45916462,0.789628,0.0045690536
0.032376915,0.048027992,0.021128654,0.06950474,0.11571789,0.37875795
0.0014365613,0.06537914,0.04756069,0.08966684,0.028157234,0.39173603
0.044236165,0.015808105,0.057775497,0.6060003,0.37711096,0.03767395
0.1260095,0.016884804,0.1134119,0.8002801,2.876306,7.150238
0.08076663,0.118272305,0.068222046,2.67021,1.1507416,7.066864
0.45283213,0.072993994,0.2466774,5.408271,3.1667266,5.403969
0.42560118,0.26874113,0.36650562,3.2486382,1.2462296,6.9688854
0.25322938,0.04971409,0.072966576,2.2063828,0.58020353,0.88225174
0.11314252,0.17454123,0.18397808,0.09128666,0.48310852,1.4632263
0.23058403,0.23320627,0.2527914,1.1584072,0.38766098,0.3553543
0.23342484,0.17034912,0.04641533,0.09040356,1.10607,0.4509201
0.11432648,0.17199099,0.009215355,0.44121242,0.10683346,3.5718594
0.08152068,0.09410226,0.028328896,0.3661313,1.205267,1.1928883
0.037002146,0.06662011,0.019612312,0.84677553,0.862216,0.31543922
0.00085258484,0.0008455515,0.032855034,0.25690413,0.2151537,0.9521847
0.018455535,0.08762908,0.117157936,0.8532047,0.26428318,0.33831787
0.11335781,0.19415903,0.03773117,2.5149765,1.9826889,17.129242
0.5012547,0.40909857,0.08881569,0.11400795,2.3609943,3.2777328
0.37653145,0.14968622,0.22133541,1.1671,1.3737038,5.1251373
0.3751747,0.11506665,0.08126736,0.1844883,0.31727505,0.0816803
0.3279767,0.03521216,0.13431263,0.494174,3.06636,7.295746
0.22308815,0.02671659,0.17566681,1.0401592,0.16660327,2.9583206
0.019887447,0.41377723,0.037737846,1.4597282,4.789524,4.264679
0.007974029,0.16531765,0.004740715,1.0482407,3.280653,0.12786865
0.29616004,0.20690876,0.29477406,1.674747,0.66884136,8.079704
0.12787896,0.080911875,0.042720795,0.77859116,0.3578267,3.9934034
0.050160706,0.058050886,0.1541338,0.26975822,0.6718855,3.0541
0.3152779,0.053795308,0.36287785,1.2441044,1.0624509,0.37191772
0.5940217,0.0689078,0.72434807,1.4818249,2.3526726,24.457886
0.7401266,0.28797245,0.058797836,1.8419545,1.5302677,0.08282471
0.46417433,0.23599142,0.099209785,0.0011081696,3.4315336,4.118948
0.47860336,0.21010453,0.08195019,3.4226875,0.18371391,2.5150375
0.4367664,0.39122897,0.16013336,3.3348103,0.17679024,11.009415
0.004980445,0.6036802,0.02358818,0.64149094,0.007888794,0.91477966
0.13122231,0.19284177,0.15239048,3.459733,3.3157086,4.258301
0.07966547,0.004614532,0.004811287,1.936811,2.5933967,7.1931076
0.14035532,0.05148673,0.1415329,0.10723925,0.015383363,3.7608032
0.09638712,0.12680334,0.00049209595,0.3143816,2.2406578,1.9296494
0.3087211,0.11050379,0.059041977,1.0201225,0.30340576,1.2828155
0.33375993,0.21073079,0.10187054,1.4292469,0.23255348,1.2332516
0.17384389,0.348175,0.19199562,0.64115906,0.5356865,0.5762535
0.011813641,0.35834816,0.21187115,1.2996368,0.22821426,0.40186977
0.0227969,0.31924418,0.07923031,0.5913925,0.8979149,0.51303864
0.0428254,0.24222773,0.026561737,0.8629761,0.58945656,1.0791588
0.056573987,0.13942763,0.074915886,0.099675655,0.24654722,0.33832932
0.0068339705,0.17219639,0.069457054,0.31422043,0.4117117,0.0675354
0.20190477,0.442607,0.038140297,0.052452087,0.7670491,0.041648865
0.13551366,0.2985679,0.018502235,0.075222015,0.80467224,0.35273552
0.12560534,0.32162547,0.07163715,0.27000427,0.20153046,0.38088417
0.105038166,0.34948695,0.029605865,0.037548065,0.059383392,0.6491003
0.05517769,0.26207125,0.021162033,0.3543434,0.5583019,0.2890253
0.04763341,0.20245254,0.0646925,0.80631256,0.25304985,0.11663771
0.0886035,0.22128248,0.10007477,0.3342514,0.5823746,0.0010032654
0.15888214,0.2581277,0.06196785,0.8272934,0.62796783,0.23540878
0.026936054,0.14545506,0.124936104,1.2539272,0.51817036,1.0717325
0.062158346,0.11329007,0.0391922,1.3348083,0.46052933,0.050032616
0.0747993,0.02758634,0.016872406,0.37018585,1.0501747,0.79188156
0.14127922,0.014813215,0.1312809,0.46476936,0.12443161,0.3797269
0.1831963,0.0073567033,0.17116356,0.20536256,0.19749498,0.1511507
0.16770434,0.0388453,0.18685722,0.03819418,0.24134278,0.059045315
0.06151402,0.16371262,0.18028736,0.0071868896,0.31863594,0.09373093
0.09020722,0.074435234,0.17092323,0.32968998,0.40603876,0.17544031
0.07128322,0.054677486,0.16037369,0.07390022,0.6845422,0.06395531
0.006435871,0.08253884,0.11559963,0.0014839172,0.5984278,0.37783337
0.030047596,0.067517996,0.061932564,0.14726448,0.350564,0.29356003
0.05928892,0.07060027,0.02007103,0.1821804,0.2569332,0.12382603
0.04205978,0.058751583,0.0009689331,0.44269943,0.059625626,0.055437565
0.10435121,0.08228874,0.009949684,0.53185654,0.5285568,0.11567974
0.02681465,0.022848368,0.00016784668,0.8667116,0.3441143,0.48315525
0.034098405,0.055325508,0.021831512,0.31069756,0.6692829,0.44144678
0.02236484,0.0518682,0.04453373,0.058805466,0.15930557,0.2913828
0.006460473,0.03501606,0.059710503,0.6869564,0.51303864,0.38310623
0.018082313,0.07215953,0.07353878,0.7748802,0.35844183,1.099802
0.02465804,0.040613413,0.040433884,0.44867134,0.064342976,1.1939354
0.053039312,0.11163616,0.10605049,0.059604645,0.77098274,1.0363836
0.08447367,0.14925385,0.13395596,1.2157211,0.26992416,2.454544
0.049692668,0.08369231,0.03878212,1.2684183,0.16160059,4.047386
0.04482118,0.23966837,0.16942692,0.48521376,0.40054893,8.728363
0.011381114,0.307935,0.13978386,1.3408842,0.13656998,1.9672546
0.06383135,0.13372493,0.18823433,0.6155014,0.035661697,3.6760788
0.09851065,0.046071053,0.20537949,1.275176,1.089551,7.275869
0.24592242,0.11962676,0.040784836,0.62445974,1.0660973,0.17089844
0.35150877,0.049245596,0.07659626,0.15409565,0.4955845,0.4771042
0.1336152,0.11413503,0.013451576,0.48869133,1.5648961,0.16638947
0.033443272,0.06316042,0.0873003,0.23139,1.2440819,0.080516815
0.04617262,0.031612873,0.15135574,0.09788704,0.07969618,0.2645378
0.11027074,0.07875228,0.021816254,0.4818666,0.59330463,0.4308815
0.19560969,0.09597254,0.17245007,0.06857884,0.09475899,2.4696712
0.20090401,0.10861683,0.23954487,0.46086907,0.61440945,0.36741638
0.21851313,0.07789111,0.23256302,0.10426998,0.32995033,0.34907818
0.22047925,0.07462311,0.20596409,0.16834974,0.035874844,0.27982593
0.23761499,0.032711506,0.19851685,0.14185524,0.13728571,0.7906976
0.24018371,0.0140275955,0.15460205,0.11698723,0.047295153,0.7921562
0.2077614,0.045403242,0.0804348,0.99860954,0.59764963,0.47148132
0.13508236,0.066982746,0.05813694,0.029717445,0.7792978,0.6277695
0.13059062,0.10525799,0.005722046,0.5616455,1.0591526,1.9330902
0.103802204,0.2011292,0.0970335,0.44893265,0.04166794,3.01062
0.08307713,0.12491274,0.04287529,1.4139274,1.101697,1.8644104
0.10409856,0.13750005,0.04342556,1.6283035,3.0261097,3.9615173
0.034764558,0.30704558,0.24050999,1.3972684,4.402609,3.1262436
0.090089425,0.0976125,0.1067667,0.93924236,1.6047511,5.353717
0.2268754,0.20345855,0.06917,0.8498764,0.99465895,0.33166504
0.39767838,0.3713498,0.037361145,0.23758698,1.4069366,0.31411743
0.16143642,0.20795608,0.122862816,0.09128952,1.2645302,3.1809921
0.11765978,0.15417051,0.13437748,0.6549258,0.43850517,0.37477112
0.13263541,0.12516391,0.15272713,0.057811737,0.7781439,2.0695114
0.1310736,0.17862105,0.1599226,0.10849953,0.3309064,0.18507767
0.006397128,0.088570416,0.1578598,0.23827171,0.63398105,0.73851585
0.04051745,0.08475721,0.17874527,0.09673691,0.44337988,0.10424614
0.027771711,0.06631631,0.13565445,0.39754295,0.6606178,0.09811211
0.08772397,0.13499886,0.028678894,0.07180405,0.63994026,0.3021295
0.034934163,0.13607413,0.0029945374,0.57293415,0.15199375,0.035048246
0.07596791,0.01578188,0.08867073,0.40681648,0.5169563,0.15049553
0.08175802,0.0077452064,0.10096264,0.28487492,0.11290169,0.24658251
0.06687856,0.0018470883,0.10280609,0.21396017,0.21343613,0.10749626
0.048447132,0.012912571,0.116547585,0.06975794,0.2473898,0.2626648
0.054085016,0.015741587,0.19165325,0.11863613,0.28215027,0.14461899
0.0027053356,0.005084634,0.13299751,0.20824647,0.36274242,0.10699606
0.0051229,0.009615421,0.1633091,0.05114436,0.15302944,0.028525352
0.001232624,0.003886819,0.16847515,0.10683489,0.24610996,0.100406885
0.0057649612,0.006904483,0.13673496,0.049319267,0.26367378,0.16189742
0.0030534267,0.015783906,0.13110447,0.07063544,0.24416685,0.30980492
0.032671213,0.010834575,0.117733955,0.17635536,0.23983288,0.43494987
0.033064127,0.033067822,0.108439445,0.2108871,0.15070504,0.7602062
0.027240157,0.0026198626,0.10127735,0.030814648,0.06208837,0.069478035
0.028607726,0.007249713,0.093473434,0.09637785,0.07286045,0.09636116
0.018992662,0.0008867979,0.08488369,0.083774686,0.104305625,0.19809294
0.021926641,0.0029560328,0.074718475,0.026614904,0.06585026,0.1116209
0.055301905,0.004547119,0.06344128,0.07495451,0.04735136,0.08363533
0.036855936,0.0013638735,0.06578827,0.25455403,0.08589959,0.33857942
0.027537465,0.010736942,0.050102234,0.019291878,0.08026314,0.1401074
0.01947534,0.013567448,0.043901443,0.04085493,0.005815506,0.12216282
0.01655364,0.009188771,0.045433044,0.001550436,0.009090424,0.17843866
0.012056351,0.038126945,0.010325432,1.1255276,0.9615765,3.695835
0.16813761,0.03968835,0.33843422,1.5174637,0.48353958,14.20462
0.194403,0.034607172,0.07871723,4.4266853,0.33786392,2.6722412
0.19158357,0.196455,0.0423851,1.8754654,0.851367,4.3646545
0.09293693,0.051580906,0.03262329,2.491272,1.6860652,6.4064255
0.018519342,0.027037144,0.28702164,1.3428049,0.08476734,1.0095558
0.027339756,0.04835701,0.3446312,0.37559462,0.06367588,2.103817
0.10405755,0.2388556,0.1216774,0.7748804,2.887292,9.485901
0.07149184,0.22997618,0.2428093,0.57865477,3.20362,0.4000702
0.19772589,0.027745247,0.15541267,0.7081299,0.7476406,3.9707527
0.045891643,0.08032107,0.37453938,1.3540173,0.16097212,2.4226646
0.1676054,0.07361436,0.35028076,0.37382698,0.8541503,2.104641
0.24613369,0.138453,0.16620731,0.06251049,0.3886447,0.17094421
0.2441206,0.04555726,0.027583122,0.28520107,0.060892105,0.43558884
0.18748152,0.054477453,0.05066681,0.6156225,0.766633,0.38290787
0.104072094,0.032877207,0.055579185,0.3893814,0.16200304,0.6022186
0.07750744,0.03421402,0.051425934,0.28749084,0.24400902,0.0011386871
0.053164184,0.043679714,0.025844574,0.36200047,0.27109528,0.051834106
0.016294688,0.060934067,0.0030708313,0.09140015,0.03235674,0.060914993
0.080903515,0.08730674,0.0075473785,0.458704,0.038261414,0.19727325
0.019992124,0.04708743,0.021964073,0.4382553,0.6414337,0.5029826
0.040977553,0.043289423,0.03288555,0.09057808,0.092235565,0.2910118
0.04599911,0.02702713,0.015263557,0.065134525,0.0041770935,0.15635395
0.046663374,0.03231311,0.011314392,0.043545246,0.024490356,0.086746216
0.053379834,0.054280043,0.012452126,0.15520811,0.05224514,0.24046421
0.09026146,0.010747671,0.019488335,0.25543547,0.61125946,0.28707504
0.029027164,0.01687789,0.022231102,0.20007515,0.05417633,0.01625061
0.029937923,0.020979881,0.030397415,0.017655268,0.12057209,0.4577986
0.022237897,0.0048935413,0.047682762,0.10828066,0.029637337,0.23159811
0.012393773,0.0042979717,0.07180023,0.025882483,0.036286354,0.41377664
0.024741948,0.001957655,0.06619835,0.011886597,0.16232419,0.388824
0.0057465434,0.057516575,0.106536865,0.0765295,0.13191223,0.36863708
0.008379698,0.019733429,0.08118248,0.28044796,0.05660343,0.00018882751
0.033060312,0.0051134825,0.082240105,0.38299322,0.22370815,0.21621704
0.024039954,0.0037202835,0.095638275,0.323009,0.14762402,0.016783237
0.02387625,0.0034201145,0.092362404,0.20855615,0.23247337,0.037553787
0.026632238,0.008002996,0.06537533,0.20693612,0.15762258,0.06827903
0.029756323,0.018444657,0.047138214,0.40776443,0.18247128,0.085898876
0.0076573193,0.0011605024,0.05267334,0.31832504,0.077965856,0.07998204
0.028522074,0.0055333376,0.07849407,0.4106202,0.21245813,0.045851707
0.027910769,0.0027573109,0.10024452,0.23722744,0.22443628,0.0015637875
0.023002267,1.9073486e-06,0.09721184,0.043580055,0.26021004,0.049602985
0.017026126,0.0008187294,0.07613659,0.12773609,0.16893911,0.17135581
0.073129416,0.011933327,0.07448006,0.042927742,0.04842758,0.07442045
0.037499666,0.004905939,0.12631226,0.24704504,0.12096977,0.28713298
0.029371262,0.011852384,0.13317394,0.1067543,0.089159966,0.006439209
0.015525818,0.006940007,0.13011456,0.105035305,0.22446728,0.06978953
0.014820337,0.0046452284,0.11357117,0.08881867,0.28573775,0.09350991
0.00963819,0.0051771402,0.08283138,0.24942139,0.20608568,0.18348634
0.0052984953,0.040449142,0.059815407,0.30785584,0.19856834,0.09663081
0.006893754,0.033127427,0.077599525,0.10081458,0.33672214,0.056252718
0.006961465,0.035089493,0.09569931,0.081088305,0.16769087,0.32034135
0.026490688,0.032969832,0.063794136,0.13684678,0.17670965,0.05641961
0.012273073,0.034736276,0.0580616,0.21112823,0.1380763,0.109436035
0.024459362,0.04797721,0.047599792,0.20030552,0.11661512,0.028340816
0.062252402,0.07869291,0.044247627,0.11976886,0.011728302,0.1024262
0.034205794,0.060085773,0.06858444,0.182652,0.14435744,0.22110927
0.051756024,0.042823553,0.047855377,0.12888098,0.14610007,0.38160658
0.039107442,0.061247826,0.05809498,0.13887835,0.0013725758,0.09130955
0.01947093,0.092045546,0.105978966,0.014415264,0.07802692,0.74324864
0.1012584,0.09066415,0.14221764,0.0037117004,0.04063654,0.045539856
0.10195947,0.017112255,0.26964092,4.130745,0.83140755,2.278963
0.14158243,0.0452168,0.14442635,0.76267815,0.6997256,0.36394405
0.008677006,0.005215168,0.20131683,0.55010986,0.8960805,1.1403198
0.17244264,0.0361948,0.2184763,0.35649776,0.18276978,0.7895355
0.18511945,0.08281422,0.29459953,1.5380297,1.247098,2.1051636
0.068829894,0.18046355,0.36172867,1.4004784,1.2901556,0.23786163
0.11948623,0.21360183,0.06712341,1.2795353,0.2537435,1.4193878
0.0026214123,0.10800123,0.07265282,1.0484719,0.012097836,4.686928
0.01837343,0.20376563,0.100860596,1.5527086,0.27990413,3.5925827
0.062937126,0.033754587,0.083810806,0.11324644,1.151039,1.6658401
0.09834932,0.07944322,0.04142666,0.6514206,0.12434673,2.746292
0.070217684,0.07723212,0.07900238,0.0986042,0.6779883,3.9557037
0.011630654,0.18641329,0.45663357,4.644661,1.373373,0.47410583
0.045026302,0.23826337,0.102306366,2.059492,0.9415121,3.5550537
0.16931713,0.13818908,0.3298397,1.1480827,0.9153786,2.7564468
0.34152496,0.17121029,0.26782608,1.5781813,0.56762314,7.7822876
0.3557186,0.2594936,0.3179741,0.6859455,0.44756722,1.015564
0.31891862,0.3118217,0.23743153,1.9038754,0.32181358,1.9710236
