pred_0,pred_1,pred_2,pred_3,pred_4,pred_5,true_0,true_1,true_2,true_3,true_4,true_5
-1.2486411,1.6602905,-0.24144943,-1.1771051,0.5219522,-0.6932158,-1.2701746,1.6398405,-0.2663418,-1.2016854,0.47337714,-0.7743842
-1.235279,1.6527798,-0.23036844,-2.4512124,-0.16148558,-0.21627514,-1.2372167,1.6266315,-0.26073587,-2.5023746,-0.22616543,-0.26875484
-1.198385,1.604594,-0.29260996,-29.267006,-7.8952794,-1.3686237,-1.1867484,1.6089383,-0.25106052,-30.455008,-8.022288,-1.068596
-1.216319,1.5215583,-0.19867678,-14.644713,4.385167,-0.76115197,-1.1512651,1.5719296,-0.19678481,-15.249836,4.6587853,-0.6593659
-1.1402547,1.3717242,-0.21318391,6.1877847,7.172714,1.2444042,-1.1085057,1.4798001,-0.09934086,6.622042,6.9908104,1.5048206
-1.0454589,1.2985389,-0.19110465,13.856217,1.63224,2.111704,-1.0596851,1.3163636,-0.067796126,13.933281,1.7938987,1.9694581
-1.0326067,1.1505063,-0.19817026,8.35039,1.8515651,0.9275902,-1.029711,1.1568393,-0.15943488,8.508268,1.7646987,0.81464773
-1.05572,1.0044141,-0.1784149,6.8455443,1.1289105,0.373056,-1.0187976,1.0357146,-0.14843279,6.829805,1.1919527,0.37315723
-1.0335606,0.9469136,-0.17453222,7.869198,2.3539486,0.55618864,-1.0102261,0.89307654,-0.120253615,8.02499,2.4263208,0.55339587
-1.0256248,0.92096114,-0.15416515,2.8267455,1.5588062,0.12513669,-1.0160939,0.8352296,-0.111478,2.9290729,1.609859,0.17886718
-1.030873,0.8751494,-0.14200898,1.8220226,1.4724119,0.19658478,-1.0235595,0.80592966,-0.1075837,1.9418887,1.5064933,0.22652167
-1.043908,0.8399497,-0.13519625,1.6690251,1.340433,-0.044104267,-1.0348067,0.793382,-0.107986785,1.7344874,1.376107,-0.040936228
-1.0660925,0.81880414,-0.13409941,1.6632648,1.0686533,0.34468013,-1.0614786,0.786014,-0.106599,1.7146031,1.0936066,0.36079922
-1.0981569,0.81605583,-0.13294302,0.16776282,0.80879456,0.6903911,-1.092626,0.79669124,-0.09880516,0.16441993,0.832041,0.73780096
-1.1211958,0.8373971,-0.10196286,-6.87863,0.51928747,0.71163493,-1.1596037,0.8391158,-0.092050254,-7.052254,0.54883677,0.756508
-1.1556096,0.8296689,-0.09539545,-7.586677,-2.4824584,0.010775877,-1.2003266,0.8609734,-0.08194006,-7.7107854,-2.5275383,-0.06526968
-1.1954486,0.8596345,-0.11003547,-12.052897,-11.198147,0.35569698,-1.2313315,0.8515464,-0.06786406,-11.969263,-11.213201,0.36999992
-1.2189165,0.7570106,-0.10270963,-5.9089136,-2.6530344,0.25236732,-1.2462746,0.8137795,-0.023236308,-5.981068,-2.6431544,0.2417546
-1.2247205,0.66435885,-0.14544408,4.2778373,1.8785999,1.2604672,-1.2433954,0.7462177,0.05045325,4.3927903,1.8870399,1.2789505
-1.1795654,0.616395,-0.14640193,9.552436,0.6350483,2.2536974,-1.2151179,0.6197258,0.036464702,9.65821,0.68573093,2.2602236
-1.1549932,0.5371972,-0.14156535,7.674063,0.7736703,1.1419996,-1.1514719,0.4309347,-0.14823218,7.774154,0.7474172,1.1155077
-1.149311,0.4651351,-0.098153666,-1.4561208,1.3024554,-0.98796624,-1.1476496,0.39685866,-0.10393691,-1.4685451,1.4197367,-0.8813229
-1.1350956,0.4018789,-0.09356096,-0.7757769,3.0867174,-1.3496009,-1.143829,0.3703664,-0.0817992,-0.757036,3.1653247,-1.4512798
-1.1250821,0.360803,-0.091777496,0.28881007,2.5073476,-0.6463701,-1.134808,0.34764433,-0.09081169,0.24748637,2.5214791,-0.69399273
-1.124893,0.3319561,-0.06547298,-2.8799257,-0.44573376,-0.12500708,-1.1324654,0.3210104,-0.095112935,-2.9714017,-0.4550476,-0.10745426
-1.1476971,0.34998727,-0.03569346,-11.574181,-8.686901,0.9846836,-1.1468807,0.29297855,-0.0886924,-11.467958,-8.534692,1.1368629
-1.0856489,0.2988838,0.00301514,-19.22298,-0.4274955,0.5319832,-1.1370723,0.15549475,-0.014624183,-19.249746,-0.015262418,0.6366612
-1.1168717,0.024830282,-0.0366574,7.6041856,3.7875178,2.4317489,-1.1113248,0.023358885,0.11236313,7.909973,3.6952853,2.347404
-1.0620252,-0.02092421,-0.056787156,10.280004,-1.3286767,2.851279,-1.0843476,-0.11377238,0.12165925,10.167891,-1.2031176,3.0416486
-1.0398759,-0.1504134,-0.05671411,9.097827,-3.4648604,2.0223134,-1.0486615,-0.25524622,0.046236943,9.347736,-3.5182536,2.0283296
-1.0637168,-0.36469495,-0.046353422,7.559528,-2.3551238,-0.15873043,-1.0221138,-0.35024112,0.0050014067,7.5182314,-2.3343332,-0.100304365
-1.0108775,-0.3959204,-0.027867666,8.511597,-1.792895,-1.302509,-0.99857116,-0.42475364,-0.0065982817,8.559998,-1.8336897,-1.3521825
-0.9438281,-0.4011429,-0.014898321,12.517959,-2.1659062,-1.5569464,-0.94176024,-0.45472252,0.0139818415,12.604338,-2.1908827,-1.6587657
-0.8738464,-0.36450028,0.020825276,-0.013538543,1.1802125,-5.245584,-0.9023609,-0.42560294,0.0929991,-0.12998152,1.27699,-5.406703
-0.79581046,-0.32252967,0.05945746,-1.3002349,-0.53685,-9.509993,-0.86227405,-0.37788403,0.20128098,-1.3826754,-0.5428299,-9.803182
-0.7835715,-0.2921769,0.029655794,6.4796376,3.5043025,-2.3862078,-0.8208986,-0.33047563,0.13672711,6.7045107,3.5282822,-2.5619936
-0.77269053,-0.20273161,-0.031219905,6.7069073,5.7274027,3.7084148,-0.7724721,-0.28199425,-0.07660929,6.684993,5.77866,3.7953115
-0.75958717,-0.15231374,-0.038507156,2.6244516,3.8363311,4.1252093,-0.71832573,-0.20346034,-0.23680934,2.5305421,3.7186947,4.215777
-0.7458111,-0.06244743,-0.049927317,5.066766,3.5213697,3.6451247,-0.71272177,0.0021368577,-0.11921902,5.2419515,3.574658,3.8326683
-0.74480367,0.0951699,-0.041198708,-1.3918558,3.2700703,1.0838264,-0.72458994,0.10556462,-0.095345505,-1.5415815,3.2769537,1.0424451
-0.7561431,0.27231777,0.017654696,-11.195639,6.3956313,-0.19144695,-0.7492552,0.21459177,-0.061342876,-11.462829,6.461604,-0.2848889
-0.7676439,0.3987329,0.018487984,-14.678588,3.545686,-0.111838505,-0.79644406,0.32121995,0.027825015,-14.867162,3.632637,-0.28464457
-0.8294482,0.38789892,0.020585584,-3.4608898,-4.4599514,0.71126753,-0.8690528,0.40538254,0.18631308,-3.3451903,-4.62059,0.53065354
-0.9138299,0.42834872,-0.01163972,4.85995,-5.494658,-1.4496297,-0.93353415,0.44677046,0.272721,4.9831305,-5.575102,-1.5088522
-0.9583479,0.49658662,0.0038206372,10.920309,-9.584497,-3.7406259,-0.98618376,0.48332462,0.11928198,10.896185,-9.851627,-3.9911184
-0.9828665,0.54080814,-0.08239297,10.986631,-0.29324248,0.1453665,-0.99662477,0.5287147,0.039739475,11.138458,-0.17721997,0.027597891
-0.9777626,0.62163943,-0.08949368,6.457374,2.5843732,3.0111158,-0.9792389,0.5817551,-0.15008351,6.3202944,2.553084,2.9735138
-0.9720427,0.7301683,-0.11491384,1.6308991,3.6540892,2.2183902,-0.95579386,0.66714865,-0.37585112,1.6357154,3.6086242,2.23034
-0.9681355,0.8631965,-0.12621357,-0.025736872,3.3036063,1.1232208,-0.9646511,0.8069478,-0.29201692,0.24065262,3.371788,1.0939597
-1.0019271,1.0025694,-0.1377549,-0.96098095,0.037413154,1.3913735,-0.98999804,0.94915056,-0.21539883,-0.8874392,0.042622127,1.3084335
-0.930143,1.2338581,-0.08616557,3.7698784,-18.405033,2.1030083,-1.0269043,1.1898013,-0.17858367,4.062666,-18.834196,2.0835738
-1.0341218,1.4266396,-0.39441955,-2.9242492,33.99827,-12.349892,-1.0102594,1.355807,-0.1352011,-3.2116508,34.920113,-13.412852
-1.0919651,1.4228657,-0.17446771,2.2007828,20.856384,-6.570029,-1.0087961,1.52464,0.013338136,1.5164183,19.905882,-7.9563236
-1.3056569,1.5902449,-0.2065233,-15.158519,-15.921017,2.0676606,-1.1345474,1.6631784,-0.09673364,-15.453043,-16.235636,2.2907317
-1.1781127,1.7789294,-0.3267865,-19.252472,-11.544469,0.5801423,-1.2747437,1.7731907,-0.49172845,-19.118328,-10.732279,0.7116711
-1.2384477,1.9192648,-0.3470018,-18.251503,-11.880928,1.7522379,-1.3851155,1.8652889,-0.4628842,-17.834274,-12.0390835,1.6792214
-1.3273932,1.9111562,-0.39543158,-27.777504,-14.141176,-0.88695854,-1.4431496,1.776157,-0.41190016,-27.727373,-13.808371,-0.87925595
-1.4037687,1.7462752,-0.29762617,-7.183046,-3.5848672,-1.3770756,-1.4321429,1.6754899,-0.3635057,-7.4774923,-3.8514264,-1.5356687
-1.4449692,1.5423187,-0.2707812,-1.1303135,-3.334646,1.3230232,-1.4051101,1.5192238,-0.28090185,-1.7050503,-3.574088,1.578086
-1.3582271,1.3339728,-0.2439936,2.1649911,-2.9819381,3.3386905,-1.3737923,1.3437243,-0.20515835,2.088117,-2.8486686,3.693379
-1.3058699,1.1049548,-0.22220647,5.558498,-0.6656347,1.8267926,-1.3136672,1.1642476,-0.1404695,5.5231757,-0.7101286,1.9434344
-1.240795,0.9417235,-0.21258803,9.091954,2.459904,1.9211482,-1.2421848,0.9871061,-0.08395312,9.073689,2.470131,1.9363852
-1.1494573,0.7783012,-0.21349083,14.5423765,10.165245,1.0905913,-1.1058576,0.66783065,-0.048803926,14.649019,10.322863,1.1127213
-1.0938072,0.6204064,-0.16131462,4.3760095,2.928451,0.40831524,-1.0484632,0.5340929,-0.05336269,4.632454,3.0371513,0.47051817
-1.0500706,0.502897,-0.13070373,4.5415745,1.2418731,0.56314975,-1.0106316,0.44225442,-0.062206805,4.687578,1.3476657,0.5848029
-1.0404999,0.42926794,-0.11111935,5.327191,0.081064254,0.5339926,-0.9865945,0.40169537,-0.06987153,5.3614535,0.12116401,0.5263421
-0.9978111,0.40538013,-0.101726316,6.221763,-0.4479795,0.9296563,-0.9612297,0.38321587,-0.077916816,6.267811,-0.45480278,0.97944754
-0.9791465,0.39791155,-0.09345069,1.4429654,1.2818837,0.9729517,-0.9337673,0.37653124,-0.074223176,1.4308842,1.3601238,1.0872303
-0.93209374,0.4159441,-0.0322114,-10.2679405,3.4113114,2.4520895,-0.906949,0.39759567,-0.013845288,-10.510548,3.592087,2.6716924
-0.9201225,0.35289478,-0.044237033,-1.1082681,0.81186914,0.74519855,-0.91947925,0.39067322,0.003994589,-1.0727625,0.8765355,0.6214341
-0.9184849,0.36755556,-0.04232227,-2.4415674,0.94985753,-0.37658376,-0.9361665,0.35617748,-0.004962712,-2.5927777,0.943522,-0.3587858
-0.9262415,0.33795047,-0.036697872,-3.6192214,0.8627292,-0.6328592,-0.9575201,0.30125988,-0.025746418,-3.6848152,0.8550129,-0.6127613
-0.9428505,0.26750207,-0.04394447,-3.1474407,2.3841383,-0.10144393,-0.97915775,0.2445449,-0.048101388,-3.2363966,2.407245,-0.120816976
-0.96249485,0.20931232,-0.03901895,-5.232757,3.3709986,0.44733006,-0.9969602,0.17897895,-0.06111042,-5.3696156,3.4119947,0.45980084
-0.9952636,0.14481854,0.015047589,-14.5332775,-0.50195605,0.82977444,-1.0424802,0.014136543,-0.010539217,-14.463823,-0.35623094,0.91057765
-1.0439581,-0.089628935,0.008461857,-1.5814117,-2.5407813,0.93565065,-1.0726502,-0.09099715,0.032780584,-1.6435237,-2.6032863,0.70484966
-1.0703065,-0.18454206,-0.023607394,4.144481,-3.2564263,1.5301145,-1.0901117,-0.20024851,0.058639385,4.0970197,-3.3618743,1.6266221
-1.0899193,-0.28164756,-0.0397219,6.9737506,-3.414265,2.036545,-1.0971855,-0.32499912,0.076005645,7.0777698,-3.3992953,2.1938365
-1.0947993,-0.44455183,-0.042002313,9.77778,-3.2894056,1.9774066,-1.0968357,-0.45873442,0.07475893,9.761274,-3.2397206,2.0920289
-1.0697389,-0.5401643,-0.03932195,12.218857,-3.6632483,2.077926,-1.089425,-0.5669283,0.018027708,12.17431,-3.6220295,2.186076
-1.1116716,-0.5457007,-0.09963655,24.028482,-0.3956689,2.4811742,-1.0548011,-0.680701,-0.14999118,24.20853,-0.087321214,2.4346657
-1.0583923,-0.57386494,-0.074289374,12.60444,3.778906,-0.26501912,-1.0353813,-0.68500835,-0.2549109,12.80787,3.8425388,-0.15527022
-1.0462049,-0.5365956,-0.05621206,8.991086,3.9662814,-0.07731025,-1.0411284,-0.63230145,-0.2743784,9.017214,3.9816618,0.01273576
-1.075099,-0.43362957,-0.052889146,3.404766,5.3520336,0.5600663,-1.0691113,-0.5191851,-0.18109089,3.4028552,5.36447,0.70159954
-1.0831664,-0.261752,-0.039135464,-0.28208977,4.231149,0.1493512,-1.0870279,-0.35907388,-0.10088605,-0.41145152,4.213046,0.043936428
-1.1098971,-0.1043098,-0.025003394,-0.65954167,2.3924289,-0.92848414,-1.1048156,-0.15432958,-0.042776547,-0.73491234,2.3358681,-1.1395808
-1.1641108,0.10755938,-0.042527936,0.7142523,1.4280385,-0.80290574,-1.1390297,0.24273838,-0.056194775,0.62354934,1.3597105,-0.9079801
-1.212577,0.33987647,-0.02975238,-3.850546,-4.3682885,-0.58052725,-1.1713693,0.39489496,-0.08959918,-3.8271067,-4.5028763,-0.692443
-1.2428609,0.5372127,-0.058531784,-4.047666,-7.383834,-0.97790664,-1.2398553,0.53736424,-0.11093936,-4.029027,-7.488539,-1.1524276
-1.2561693,0.74429226,-0.08929798,-6.8434515,-8.667891,-0.41475815,-1.3029927,0.68776774,-0.120556876,-6.882609,-8.75665,-0.5475043
-1.268731,0.91271657,-0.1028615,-9.828833,-2.916376,0.0054343473,-1.321827,0.8048369,-0.0889849,-9.8430605,-2.8044817,0.022110537
-1.2624274,0.95858514,-0.109079175,-8.443099,-0.6036428,0.66405326,-1.3095073,0.88602984,0.009288187,-8.455503,-0.53335756,0.8183185
-1.186938,1.0512233,-0.08762889,-19.593214,3.169934,0.38089138,-1.2116522,0.9846203,0.011302975,-19.835785,3.4831855,0.63865596
-1.1579143,0.9428793,-0.11737182,-2.768447,4.1924243,-1.1962043,-1.1463467,0.97907,-0.10872824,-2.5242386,4.0845065,-1.5013937
-1.1353418,0.9373522,-0.11685439,-2.6022246,3.0737908,-2.3224556,-1.1000115,0.9566621,-0.23312637,-2.8760529,3.046006,-2.252333
-1.1258216,0.898646,-0.13092154,-1.4141393,2.1337183,-0.7579085,-1.082339,0.94064796,-0.28918186,-1.4798021,2.1634977,-0.68401957
-1.0958703,0.8418751,-0.14716296,3.8189092,3.6139367,-0.925219,-1.0961164,0.9048582,-0.19902925,3.7242987,3.6358988,-0.931718
-1.1008844,0.830183,-0.14133878,4.1494465,1.6669335,-1.638384,-1.1068784,0.8446479,-0.14420848,4.107362,1.6957345,-1.7146149
-1.13189,0.79122454,-0.1341527,3.3863783,-1.4026684,-1.2549337,-1.1695954,0.73517865,-0.050641976,3.4891453,-1.41836,-1.2969333
-1.1690786,0.74755996,-0.13745065,2.596957,-1.5317676,0.21154697,-1.2068719,0.6792263,-0.029030748,2.7167764,-1.5578233,0.2169745
-1.1917107,0.7091903,-0.14098303,3.7455816,-0.14280343,0.4324115,-1.2244782,0.6454776,-0.041096132,3.8569345,-0.15367344,0.38286334
-1.2051646,0.6840803,-0.1412265,4.450535,1.9603121,-0.5936648,-1.2258472,0.6403736,-0.07021238,4.542014,1.988605,-0.6675298
-1.2283977,0.6741635,-0.14451164,6.041268,1.7415032,-0.2860157,-1.2257441,0.66232455,-0.11777448,6.1393065,1.7335968,-0.32802168
-1.2418172,0.70787215,-0.14602835,8.421426,-1.3671452,1.1440512,-1.2264929,0.69725174,-0.17083839,8.528187,-1.4325485,1.145864
-1.2368966,0.82426196,-0.12548621,14.104999,-6.914044,1.3544959,-1.2847402,0.8709333,-0.18136305,14.073943,-6.9431896,1.3535962
-1.3197244,0.93418384,-0.17017189,3.229263,-1.0694094,-0.65924495,-1.3090898,0.97175294,-0.15463845,3.2666464,-1.0293604,-0.64077055
-1.3283015,1.0686607,-0.18323492,1.9335377,0.39644065,0.39871794,-1.327608,1.0935519,-0.12772939,1.9315743,0.4550909,0.37279022
-1.3293422,1.2178006,-0.19989592,1.6235542,0.84733486,1.3737484,-1.3411745,1.2258755,-0.1254157,1.7413483,0.9592822,1.3810581
-1.3233693,1.4066142,-0.21859989,1.095366,0.8962671,1.4084605,-1.3422768,1.37295,-0.1553037,1.1679841,0.91594124,1.3635535
-1.3334106,1.5580434,-0.22630925,-0.21658117,-0.300894,0.91022235,-1.3368348,1.5202843,-0.19491047,-0.18699174,-0.32349914,0.8446583
-1.3286227,1.7660682,-0.224978,-2.7640004,-5.4500484,0.82587415,-1.3112175,1.850773,-0.2664834,-2.8421526,-5.53052,0.81380063
-1.3376161,1.9466907,-0.26603523,-0.5779131,-3.676069,1.0382193,-1.2849118,2.0347934,-0.2870133,-0.50582194,-3.6552572,1.0666714
-1.3005345,2.1340868,-0.30602247,2.0370867,-2.156046,1.1276871,-1.2606038,2.1988597,-0.29510087,2.143491,-2.003939,1.1913787
-1.2645522,2.3249574,-0.33641896,2.2032204,0.29435554,0.44201213,-1.2362436,2.3682785,-0.31021872,2.2938325,0.39434823,0.50291914
-1.1923126,2.5357525,-0.34863982,-1.6103137,2.2685049,-0.16249482,-1.2092973,2.540309,-0.34726802,-1.6135314,2.2983613,-0.15797056
-1.1493707,2.7023587,-0.37450686,-5.9091315,2.700246,-1.0526427,-1.1760035,2.6946943,-0.4064789,-5.9302993,2.682823,-1.1039153
-1.1095823,2.8881807,-0.44042975,-10.241076,1.844219,-2.8491752,-1.0999042,2.9677892,-0.523795,-10.28089,1.8635786,-2.9654472
-1.0913256,3.0062623,-0.49269012,-1.9611465,-1.314534,-0.18314283,-1.0570266,3.1201704,-0.5463679,-1.7500551,-1.3261244,-0.12219531
-1.0746752,3.1420083,-0.5389864,-1.652764,-1.703783,-0.052082945,-1.0186895,3.216562,-0.54253864,-1.7370591,-1.4730004,0.102160476
-1.0415876,3.2484155,-0.57043874,-3.745219,0.25091073,-1.1837732,-0.99829745,3.2831697,-0.5230813,-3.7448783,0.32260776,-1.1562437
-0.99286807,3.312076,-0.5930115,-4.6307673,2.163739,-1.9715935,-0.98240304,3.345909,-0.521066,-4.5709796,2.2352414,-1.9725264
-0.9454248,3.353788,-0.6119537,-3.4162488,2.8394225,-2.1694155,-0.9680867,3.3920958,-0.53962344,-3.323136,2.8942719,-2.1939988
-0.9169558,3.417016,-0.62883705,-8.283162,5.2815733,-3.9850442,-0.9473166,3.4502127,-0.61480093,-8.380892,5.3499184,-4.120589
-0.9480547,3.4011183,-0.6406293,-5.6304455,0.47615442,-0.51445144,-0.9412922,3.459996,-0.6437905,-5.5217323,0.30568787,-0.52806634
-0.975687,3.4049623,-0.64322037,-7.595584,-0.29366127,0.38718182,-0.9430219,3.4450574,-0.66598564,-7.654846,-0.24576083,0.4413137
-0.976758,3.37784,-0.6338862,-12.540704,0.8060249,-0.73873895,-0.9542144,3.3938344,-0.67386216,-12.51992,0.8669733,-0.76325417
-0.9674809,3.2507899,-0.6109779,-15.952514,2.121567,-1.8951443,-0.9857751,3.2764335,-0.657421,-15.966599,2.1393383,-2.018419
-1.0007842,3.1275952,-0.5589606,-13.365571,1.5602124,-0.77623266,-1.0144457,3.1117744,-0.6179031,-13.384086,1.49756,-0.7489014
-1.0218484,2.9183507,-0.48920253,-2.8397253,-0.5300573,0.6083706,-1.0590565,2.8638914,-0.5136585,-2.8465402,-0.69144934,0.7361687
-1.0234431,2.7082813,-0.45631185,5.1249046,-1.3276824,1.1782573,-1.0864867,2.700246,-0.44203246,5.1552215,-1.3445638,1.2731386
-1.0719161,2.4880366,-0.38537937,3.1360316,-1.1188681,0.75153476,-1.1104835,2.5242486,-0.38889134,3.0697792,-1.0640343,0.7504686
-1.1187159,2.2542155,-0.3118606,-0.8792667,0.11425367,-0.34911603,-1.1437222,2.318398,-0.3482914,-1.0704143,0.16749175,-0.39992946
-1.1529853,2.0325966,-0.27797076,-3.1847634,0.6316034,-0.3034827,-1.1800175,2.0811977,-0.30963168,-3.359036,0.65636784,-0.39175504
-1.1696998,1.8342954,-0.262697,-1.4450636,0.7921109,-0.31638068,-1.2265797,1.8380483,-0.2799068,-1.5556967,0.75987977,-0.41853103
-1.1934879,1.6133112,-0.262712,7.159959,2.3553412,1.2274798,-1.285289,1.4741716,-0.20466459,7.2122397,2.2930393,1.1752498
-1.2477536,1.3865176,-0.23316278,5.696571,-0.32641336,0.35318547,-1.3072044,1.3062469,-0.18204376,5.820366,-0.2988992,0.3681871
-1.2997638,1.1681919,-0.2097121,6.6382174,-1.9742757,0.6726771,-1.32422,1.145152,-0.15992025,6.5620337,-1.9996825,0.65543956
-1.3383105,0.9859286,-0.18938965,7.229729,-3.5382664,0.62834626,-1.3324181,1.0039082,-0.15592964,7.1759124,-3.5358512,0.60749066
-1.3560394,0.8650693,-0.1822031,7.178859,-3.8255424,0.84497625,-1.3341337,0.8918895,-0.14847167,7.163769,-3.8220894,0.8398084
-1.3454212,0.79030716,-0.17492205,9.0125065,-3.592166,0.27281338,-1.3414845,0.78664386,-0.13985083,9.06759,-3.624672,0.21659283
-1.3140227,0.74114823,-0.18755795,13.9856825,-1.6636862,2.389767,-1.3578078,0.6705659,-0.11781961,14.137119,-1.603028,2.37935
-1.3303436,0.7156629,-0.17536035,4.11081,0.8576881,1.3012942,-1.3624443,0.6435148,-0.11979365,4.2749925,0.8814268,1.4418819
-1.314258,0.69898826,-0.15869543,3.3686275,1.0849996,0.6562093,-1.3632798,0.63395923,-0.13057834,3.5693338,1.0384377,0.73659307
-1.3180717,0.70800483,-0.15150021,3.1583323,0.4868717,0.07721813,-1.3624419,0.6473842,-0.14485113,3.2719893,0.43345764,0.10597384
-1.3243247,0.7444147,-0.15092207,2.9610505,0.03130046,-0.054894615,-1.3553452,0.6854057,-0.15332979,3.0422838,-0.012176575,-0.09452985
-1.3264129,0.7864662,-0.15250142,2.9049153,0.1956701,-0.6648163,-1.3397135,0.75068855,-0.14361331,3.0001945,0.18357292,-0.75629354
-1.3199245,0.8638976,-0.16718999,6.197916,1.1443133,-0.5299277,-1.301503,0.9274236,-0.09500576,6.3548813,1.1765385,-0.6289153
-1.3181099,0.972481,-0.17349899,3.2668858,-0.8521792,0.16790183,-1.2746611,1.0418383,-0.09145756,3.2611175,-0.86457187,0.08155048
-1.3051412,1.0934391,-0.17719704,2.4078455,-2.0607154,0.072278336,-1.253984,1.1462036,-0.10596822,2.480504,-2.0964906,-0.013128304
-1.2790782,1.2351488,-0.18514657,1.6667106,-2.0358107,-0.3482105,-1.2368917,1.2734654,-0.14317308,1.711578,-2.0225987,-0.44468987
-1.245232,1.4039359,-0.19857346,0.37955517,-0.69257605,-0.73498267,-1.2203786,1.42205,-0.18627219,0.42500156,-0.6620275,-0.848499
-1.2142123,1.5478059,-0.2167965,-0.9769524,0.979206,-0.2600841,-1.2079332,1.5595218,-0.21778487,-0.9105746,1.0313993,-0.34300423
-1.1830759,1.681847,-0.23035358,-1.1862012,1.636369,-0.3541767,-1.1924534,1.6841695,-0.23901285,-1.0780196,1.6710883,-0.44027248
-1.1696677,1.8427806,-0.23001412,-1.8189894,-0.48954603,-1.9337312,-1.1734248,1.8944898,-0.24483438,-1.8115958,-0.5214286,-2.074896
-1.1621065,1.98501,-0.25019842,-2.6179943,-1.3383243,-0.7085969,-1.1614424,2.011475,-0.25105035,-2.622032,-1.3575196,-0.7997736
-1.140592,2.1128225,-0.26665604,-3.9505494,-0.034749534,-1.5186759,-1.1443583,2.127823,-0.27222532,-3.9646046,0.03325637,-1.590582
-1.120828,2.2228708,-0.28229898,-4.612155,1.5924687,-1.6160504,-1.1289417,2.2341251,-0.30503395,-4.59817,1.6495608,-1.6818116
-1.0970643,2.3206744,-0.3014204,-4.3579526,2.2919528,-1.2825347,-1.1193693,2.3193715,-0.33674854,-4.319598,2.3258655,-1.3336476
-1.0833523,2.38792,-0.31316528,-3.0767837,1.7806511,-1.0510305,-1.111363,2.3991585,-0.36256292,-3.0301075,1.7797866,-1.108396
-1.0873693,2.4505615,-0.3241518,-2.043218,0.3794932,-1.00428,-1.1016331,2.477225,-0.37869278,-2.0320237,0.3580326,-1.0674798
-1.1096739,2.5147996,-0.33717495,-3.579382,-1.6079826,-1.552795,-1.0889807,2.5551312,-0.37306076,-3.6847506,-1.6753333,-1.6394821
-1.1045725,2.5408225,-0.34768668,-3.3646576,-0.6130723,-1.0110642,-1.0914031,2.5679564,-0.375772,-3.3646655,-0.5928379,-1.0539501
-1.0988051,2.563509,-0.35470167,-4.276818,0.3738288,-0.7442021,-1.1008856,2.5698104,-0.38304803,-4.2895746,0.41854736,-0.7376716
-1.0940876,2.5654175,-0.36459658,-4.2885466,1.0578654,-0.35774225,-1.1155984,2.567044,-0.39183977,-4.3033338,1.0566567,-0.34848046
-1.089864,2.5458539,-0.3664378,-2.8631916,0.9727328,-0.29264992,-1.1262454,2.5524373,-0.3996026,-2.8676946,0.9383099,-0.3031243
-1.1001731,2.5147662,-0.3579975,-1.7693132,0.6225065,-0.50328106,-1.1350551,2.5271418,-0.4016516,-1.799715,0.5878005,-0.53603685
-1.116775,2.4758677,-0.34718144,-0.55082446,-0.12610999,-0.3494689,-1.1449898,2.4909086,-0.39412194,-0.5573619,-0.1745589,-0.38286436
-1.1282074,2.4341707,-0.3350704,1.6423296,-1.3061082,-0.88764614,-1.1598837,2.4330325,-0.36666387,1.7157352,-1.3739624,-0.9632451
-1.1385303,2.3901405,-0.33544788,1.0885769,-0.28746733,-0.585674,-1.1711978,2.386285,-0.3525768,1.1388471,-0.2674958,-0.6155274
-1.150849,2.3444228,-0.33036578,0.24915832,0.09750673,-0.41104025,-1.1883259,2.3374093,-0.34211317,0.3009251,0.08032825,-0.42829078
-1.1651697,2.2963457,-0.32504556,-0.6219403,0.2242879,0.41611105,-1.2041067,2.2872665,-0.3351596,-0.58568805,0.19310948,0.43863022
-1.1796141,2.250325,-0.3222489,-0.65351075,0.2394748,0.5121067,-1.213986,2.2401323,-0.3337618,-0.6262972,0.20946097,0.5301366
-1.1930878,2.2040749,-0.31784856,0.21555728,-0.14336988,0.8459771,-1.2215861,2.2024257,-0.33870286,0.25874949,-0.1813373,0.8717613
-1.2042807,2.1630707,-0.31420937,1.9817823,-0.98126,0.25626355,-1.2257749,2.160912,-0.33656025,2.060359,-1.0238454,0.2508032
-1.2017716,2.1342907,-0.3115771,5.282607,-2.063048,0.12537177,-1.2258407,2.108377,-0.31656528,5.431905,-2.1288776,0.07892462
-1.2131767,2.104897,-0.310004,1.8108075,-0.91623604,0.36146694,-1.2257693,2.0813792,-0.29895565,1.8742903,-0.8771741,0.40734234
-1.2093127,2.0796516,-0.29865155,0.24516863,-0.5700235,0.112925366,-1.226046,2.058605,-0.2847176,0.3406157,-0.6153755,0.13796921
-1.203436,2.0640957,-0.2929574,-0.7732044,-0.24736151,0.118805245,-1.2245692,2.0442584,-0.275484,-0.7190113,-0.2775396,0.14682819
-1.1907588,2.0494523,-0.2899136,-0.6861355,-0.05870303,0.20807584,-1.218565,2.038713,-0.26701355,-0.6475739,-0.08486497,0.22789474
-1.1801333,2.0353327,-0.28978088,0.113982856,-0.026101975,-0.1114053,-1.2092869,2.0345478,-0.25895223,0.15957679,-0.045024347,-0.11764232
-1.1631436,2.0219817,-0.2900114,2.018788,0.1337237,-0.30284137,-1.1919304,2.0379348,-0.2548245,2.1278446,0.13686885,-0.32164973
-1.1530846,2.029889,-0.29442048,3.544743,0.2556171,0.194887,-1.1714519,2.0547652,-0.26122618,3.6469822,0.2533832,0.19301261
-1.1455406,2.0445333,-0.2930108,1.8694141,0.0782353,0.2860766,-1.1594173,2.0695555,-0.27172893,1.9286451,0.078103356,0.30719364
-1.135327,2.0677502,-0.2913337,1.1944653,0.018874438,0.091428116,-1.1454347,2.087742,-0.2860825,1.2966478,0.0006566427,0.10644445
-1.1236058,2.1037712,-0.28653508,-0.054182116,0.020089122,-0.5001156,-1.1311241,2.1061172,-0.30092165,-0.007998176,0.0036352435,-0.515428
-1.1105611,2.1392431,-0.2892151,-1.008496,0.37437287,-0.48185915,-1.1197885,2.1239526,-0.31121713,-0.9697651,0.36444315,-0.5024143
-1.0971801,2.1608086,-0.29065454,-1.3716003,0.69992685,-0.36107296,-1.1119407,2.140959,-0.31391478,-1.326889,0.6943765,-0.37909165
-1.0885444,2.1785722,-0.2925309,-1.3577174,0.7539117,-0.18265311,-1.1078362,2.1612337,-0.31229597,-1.3180305,0.740022,-0.19573076
-1.0832589,2.193169,-0.2973946,-0.53657156,0.45371214,0.31548625,-1.098596,2.2050078,-0.29776937,-0.4824192,0.44257694,0.34010375
-1.0814606,2.2093966,-0.3029224,0.5989867,-0.10992476,0.4508348,-1.0982835,2.226818,-0.2891926,0.66382813,-0.12260228,0.4763193
-1.0787017,2.2288787,-0.30633563,0.7093548,0.10946205,0.255688,-1.0983729,2.2459147,-0.29343095,0.76625437,0.12044932,0.2967823
-1.0754377,2.2518902,-0.30463785,0.46422142,0.27421018,-0.6297745,-1.0983533,2.2637463,-0.30484888,0.5188926,0.26801786,-0.6358782
-1.072762,2.277629,-0.30509305,0.19567293,0.21432546,-0.87423843,-1.0982941,2.2806325,-0.3190435,0.251566,0.19388025,-0.9036811
-1.0749224,2.3006306,-0.30932024,-0.11645275,0.12743863,-0.49316615,-1.0985004,2.2972686,-0.3358281,-0.06447698,0.106638625,-0.51635015
-1.082646,2.3258946,-0.31080168,-1.0239213,-0.04822823,-0.41159457,-1.1041263,2.3159394,-0.34871206,-1.0025052,-0.07854817,-0.4354399
-1.0955509,2.3510356,-0.30723011,-2.9682775,-0.32793936,-0.5380854,-1.1082057,2.3465078,-0.34929243,-3.012477,-0.36563158,-0.5516445
-1.0923986,2.3549595,-0.31955874,-1.0442432,-0.26172718,-0.13243048,-1.1081321,2.3559182,-0.34119126,-0.9708018,-0.29142764,-0.13779728
-1.0913683,2.362412,-0.321916,-0.21203905,-0.27890256,-0.07395975,-1.1081697,2.3619502,-0.33345544,-0.17813462,-0.27953932,-0.0686091
-1.0901943,2.3642201,-0.32384813,0.3936028,-0.15817627,0.07335122,-1.1081363,2.363724,-0.3251105,0.4546221,-0.1669622,0.09369555
-1.0889467,2.3621964,-0.32372904,0.31157154,-0.096634835,0.4234832,-1.1081768,2.362528,-0.3176538,0.37258497,-0.1058034,0.4718027
-1.0880061,2.3622518,-0.32182166,-0.3110606,-0.09425405,0.15438326,-1.1081522,2.3576868,-0.31987166,-0.27313238,-0.1173825,0.18953802
-1.0861894,2.36379,-0.31557664,-1.1351571,-0.15330002,-0.90883034,-1.108364,2.3535838,-0.3349108,-1.1286409,-0.19068126,-0.9303201
-1.0894431,2.3617058,-0.3111065,-2.1501322,-0.13967708,-1.1186744,-1.1176335,2.3535156,-0.352716,-2.1812668,-0.18173712,-1.1595497
-1.0857656,2.349755,-0.3214933,-0.4074915,0.09083757,-0.1929156,-1.1180534,2.3538516,-0.3532387,-0.3453877,0.06262098,-0.19244838
-1.0861162,2.3434198,-0.32346138,0.23067111,0.19322363,0.106159285,-1.1177449,2.35165,-0.35131425,0.26379994,0.18958591,0.1182444
-1.088762,2.3364744,-0.32297078,0.58467263,0.26971272,-0.021135973,-1.1191142,2.3462381,-0.34410527,0.63782054,0.25615656,-0.010964047
-1.0930363,2.329136,-0.3222447,0.78983945,0.23283145,-0.027349876,-1.1225168,2.3430471,-0.33603936,0.85206217,0.21901205,-0.006354561
-1.0949769,2.3272586,-0.3231641,0.72049457,0.2968224,0.16137893,-1.1214408,2.3386197,-0.3332536,0.7871975,0.29024315,0.19358553
-1.0971674,2.326572,-0.3240412,0.3307374,0.38571367,0.37174875,-1.1180665,2.3290682,-0.333462,0.3918488,0.3779021,0.4080446
-1.1027021,2.3248816,-0.3140567,-1.1513985,0.053580496,-0.055990387,-1.1088798,2.3119981,-0.33351842,-1.1449133,0.019483136,-0.047725946
-1.1038574,2.314876,-0.3103365,-1.2762773,-0.27315244,-0.13645451,-1.1080571,2.3010445,-0.33123082,-1.2439301,-0.31528017,-0.13643453
-1.0999832,2.300867,-0.3100171,-0.83770436,-0.3101057,-0.046278168,-1.1081247,2.2863896,-0.32438746,-0.8013082,-0.3376713,-0.035563245
-1.0940354,2.2837338,-0.31195945,-0.13927358,-0.17056122,-0.18761651,-1.1091588,2.2696126,-0.31643525,-0.08978973,-0.18569586,-0.1797914
-1.0893456,2.2627635,-0.31255317,0.2955162,0.07608655,-0.020834373,-1.1153251,2.2578657,-0.31366992,0.34733364,0.06814805,-0.0022012
-1.0925704,2.246647,-0.3136291,0.3928314,0.13317707,0.3968256,-1.1245764,2.2489722,-0.31387362,0.43808836,0.11581458,0.43377933
-1.0979233,2.2344155,-0.30967975,0.31526738,0.034185443,0.19842274,-1.1337065,2.2401762,-0.31360844,0.35354528,0.0055517657,0.22344515
-1.1092397,2.2226777,-0.30094048,-0.55761665,-0.45739397,-0.14225523,-1.1377777,2.2043047,-0.32244137,-0.54885215,-0.5120988,-0.1468503
-1.1151189,2.2061048,-0.2984262,-1.1890463,-0.2531962,0.07768257,-1.1352577,2.1872368,-0.3241535,-1.1771116,-0.28341588,0.10006517
-1.1145797,2.1872654,-0.293484,-1.3802379,-0.076508254,-0.45845073,-1.1296536,2.1761334,-0.3207469,-1.382813,-0.10745651,-0.47192973
-1.1111882,2.1636333,-0.29013506,-1.14991,0.047762427,-0.8134522,-1.1274619,2.159884,-0.30882785,-1.151849,0.01833141,-0.85049754
-1.1106138,2.1351385,-0.29320604,-1.0436808,0.18752602,-0.3448767,-1.1278431,2.1364856,-0.2963449,-1.0579464,0.1724608,-0.35371664
-1.1088402,2.101232,-0.29542452,-0.8330713,0.44565216,1.0795573,-1.1277733,2.108037,-0.2843982,-0.8254187,0.44203877,1.1400825
-1.1080061,2.0677238,-0.29207367,-0.37360924,0.5729131,1.3265342,-1.1277449,2.0755765,-0.26542124,-0.35223377,0.56782913,1.3960888
-1.1048516,2.0282252,-0.2825605,-0.30657345,1.022054,0.66451675,-1.1232613,2.0216067,-0.25007346,-0.281498,1.027098,0.6926664
-1.1087241,1.9869975,-0.27449977,-0.2907495,0.72991085,0.2925945,-1.1261601,1.9827868,-0.25591373,-0.2705551,0.7183582,0.30777496
-1.1106609,1.9443102,-0.27104574,-0.28577954,0.79171646,0.49558955,-1.1297963,1.944965,-0.26460797,-0.27788967,0.78329223,0.52210075
-1.1147975,1.9040753,-0.26551896,-0.14067572,0.91724735,0.110308245,-1.1347641,1.9104986,-0.2717531,-0.13254155,0.91472423,0.111468226
-1.1221213,1.8650775,-0.2613561,0.18359905,1.0651643,-0.16493098,-1.1434906,1.8798763,-0.27415296,0.19804153,1.0687547,-0.18043421
-1.1352533,1.8301669,-0.26074678,0.43619782,1.091711,0.16743238,-1.1560181,1.843401,-0.26957315,0.46029648,1.1033493,0.17018843
-1.1535708,1.7959293,-0.25997725,0.7058237,0.6301832,0.69663554,-1.1701905,1.8046713,-0.2545812,0.7454696,0.6354851,0.72697204
-1.1684909,1.7594377,-0.2531248,1.8979994,-0.111477345,-0.43837875,-1.1965374,1.7419482,-0.22523107,1.9880176,-0.12726483,-0.48476288
-1.1914634,1.7311938,-0.247773,1.2975959,-0.51209474,-0.66551465,-1.2076644,1.7164567,-0.21546149,1.3528302,-0.5233006,-0.68947095
-1.2080868,1.7004929,-0.25030577,1.7613459,-0.7059898,-0.4086463,-1.220689,1.6944344,-0.20897941,1.8467419,-0.71577126,-0.43644956
-1.2196624,1.678527,-0.24716799,2.181094,-0.91309613,-1.0846182,-1.2378018,1.6800482,-0.21121655,2.2766984,-0.9287188,-1.1585038
-1.2348667,1.6674774,-0.24652158,2.2788043,-0.9828488,-1.0117158,-1.2552234,1.6768451,-0.22008081,2.3742568,-1.0020839,-1.0776525
-1.2488108,1.6708649,-0.2517309,3.3481526,-1.3155248,-0.33507985,-1.2911333,1.6757982,-0.22837873,3.4806418,-1.3564901,-0.37819007
-1.2668837,1.6869556,-0.2540058,2.514501,-1.3420986,-0.38056868,-1.317052,1.6815445,-0.23443097,2.613996,-1.374128,-0.4027039
-1.2811527,1.7071166,-0.2546872,0.8818545,-0.5680522,-0.10373275,-1.3215473,1.6907431,-0.23384024,0.946365,-0.5786808,-0.106385246
-1.2894856,1.7270892,-0.2580681,1.2344638,-0.86734927,0.035029244,-1.323856,1.7110006,-0.22998051,1.3465159,-0.89663595,0.024528667
-1.2976344,1.7591171,-0.26297745,1.7101127,-1.5636162,0.28247148,-1.3173443,1.7553457,-0.22497042,1.8095949,-1.5951289,0.29466832
-1.2927748,1.7964625,-0.26316243,0.9103939,-1.0600739,-0.6726925,-1.3100445,1.7872202,-0.2294106,0.9558416,-1.0611829,-0.70806104
-1.2832258,1.8459398,-0.25784847,0.39396936,-1.9500005,-1.569462,-1.2780275,1.880504,-0.2478955,0.4160214,-2.0036588,-1.6341858
-1.2629508,1.893889,-0.27142134,-0.5350823,-0.5151413,-0.020698236,-1.2653579,1.9111896,-0.2556444,-0.513671,-0.47915852,-0.021365065
-1.2386888,1.9460595,-0.27197674,-1.2523074,-0.4568806,-0.13800661,-1.2481577,1.9542367,-0.2714226,-1.2258542,-0.4587584,-0.12330532
-1.2151793,1.9951438,-0.27544102,-1.4275241,-0.17257795,-0.24927203,-1.2318203,2.0044475,-0.2817032,-1.4026235,-0.18528412,-0.24322167
-1.1856841,2.043853,-0.27939,-1.1026729,-0.17816713,-0.5270087,-1.2106533,2.0395405,-0.28917903,-1.0832658,-0.19001514,-0.53396493
-1.1660515,2.0780702,-0.28416994,-0.8780084,-0.085737735,-0.72284955,-1.1860415,2.0840883,-0.2996549,-0.86778235,-0.08478392,-0.7325629
-1.1428194,2.119368,-0.28280064,-1.6532912,0.29232082,-1.3223363,-1.1515675,2.1521056,-0.3040192,-1.6916672,0.3057375,-1.3494622
-1.1192684,2.1493003,-0.290468,-0.92917603,0.3477324,-0.6807181,-1.1289248,2.1758707,-0.30392745,-0.90564907,0.3453812,-0.7059688
-1.0971557,2.178712,-0.28993735,-1.1161511,0.43451276,-0.8574583,-1.1114877,2.1937087,-0.30437523,-1.1160553,0.4450424,-0.87015337
-1.0778279,2.2038276,-0.29139918,-1.223097,0.535859,-0.77928704,-1.102211,2.2087853,-0.31005225,-1.2152495,0.526397,-0.79803514
-1.0614105,2.221956,-0.29258287,-1.3041463,0.57237214,-0.7718422,-1.0882465,2.2210414,-0.31361648,-1.303417,0.56017965,-0.78562427
-1.0499378,2.227666,-0.29281044,-1.3654456,0.68055725,-0.68100375,-1.0735167,2.2263813,-0.31368646,-1.3677369,0.67293274,-0.6940658
-1.0411305,2.2259462,-0.29170015,-1.7140168,1.051791,-0.789952,-1.0665582,2.2173383,-0.31172672,-1.7275201,1.0512836,-0.8128849
-1.0378886,2.21669,-0.29618478,-0.6009013,0.62755543,-0.25368232,-1.0609294,2.2150643,-0.30468276,-0.56356645,0.60881066,-0.25407764
-1.0348762,2.2082262,-0.2945187,-0.30357617,0.59108174,-0.42355603,-1.0588657,2.2092106,-0.29653135,-0.29557064,0.5897191,-0.42950708
-1.0362544,2.195907,-0.29384,-0.15704256,0.5357971,-0.3046915,-1.0595974,2.1995013,-0.28811258,-0.1363214,0.52952075,-0.30091107
-1.0401704,2.1792207,-0.2903956,0.06391865,0.42829463,-0.49702948,-1.0646309,2.1854148,-0.28421387,0.0921159,0.41917288,-0.499522
-1.0441469,2.1678638,-0.28886893,0.19117743,0.3047755,-0.73654956,-1.0686736,2.1722665,-0.2787225,0.22424677,0.29332986,-0.75213736
-1.0515286,2.1520448,-0.29023308,0.19587094,0.32145473,-0.1969742,-1.0793931,2.1463053,-0.28255284,0.23471023,0.31221515,-0.19066754
-1.0618712,2.137751,-0.28925085,0.25055248,0.08091751,-0.32524222,-1.0885797,2.1277854,-0.28655893,0.29247266,0.06018644,-0.32195726
-1.0739237,2.122822,-0.28831625,0.13703102,-0.04866877,0.028095795,-1.0964044,2.1130672,-0.29114828,0.17280452,-0.07068507,0.047429368
-1.085958,2.1091452,-0.28595743,0.012764391,-0.17059049,-0.020211862,-1.1045544,2.1017804,-0.2945472,0.038043264,-0.19300006,0.0021927196
-1.0959153,2.0951078,-0.2840921,0.09525198,-0.2846335,-0.24238078,-1.1124747,2.09036,-0.29408392,0.12384703,-0.31043237,-0.23338494
-1.1003529,2.081396,-0.28741726,-0.20784587,0.8750814,0.15048058,-1.1220152,2.0751886,-0.29417643,-0.17445399,0.9033469,0.18842182
-1.1112622,2.065717,-0.2984588,-0.2780648,1.6968087,2.65872,-1.1384767,2.0606778,-0.28361574,-0.20855011,1.7282718,2.8240712
-1.1276174,2.0548768,-0.2860416,0.716278,-0.4987071,1.2218271,-1.1457597,2.0575347,-0.27616432,0.7675173,-0.5689797,1.3033029
-1.1313181,2.0510871,-0.27609548,0.7538745,-0.1404526,-1.3246971,-1.1483476,2.0519834,-0.27361894,0.77432495,-0.14780478,-1.3468037
-1.1499339,2.0393658,-0.29079294,0.59130734,-0.14946279,1.5455984,-1.152982,2.0489323,-0.26896712,0.6401399,-0.13363819,1.6579106
-1.1452434,2.0375881,-0.27344367,0.378354,0.022221597,-2.171439,-1.1575049,2.0459926,-0.26441696,0.410383,0.015729504,-2.2509098
-1.1465843,2.04162,-0.2931995,0.32186097,-0.11490908,3.1388757,-1.1532232,2.039605,-0.26498976,0.42338535,-0.103804976,3.2987506
-1.1496203,2.0376947,-0.27656245,0.30696923,-0.18044099,-1.2881995,-1.1473688,2.041657,-0.27614787,0.3367411,-0.18734956,-1.330704
-1.1391124,2.0522199,-0.2602961,0.14890176,0.00815496,-3.9555004,-1.1469094,2.0485692,-0.28347522,0.19512281,-0.016911086,-4.1267695
-1.1514933,2.0438519,-0.29153106,0.010346349,0.016583117,1.9697276,-1.1405802,2.05015,-0.28458023,0.07177816,0.040453896,2.0861077
-1.1449951,2.0483015,-0.29663718,-0.036331836,0.011015447,2.5491865,-1.1373746,2.0547605,-0.28430846,0.025660798,0.042137083,2.6701396
-1.133679,2.0704308,-0.26325023,-3.1000261,1.3963106,-4.3277373,-1.1330409,2.0644467,-0.284446,-3.2010925,1.3946482,-4.5354996
-1.1438712,2.0515141,-0.27848747,-1.0313892,0.46835217,0.54272157,-1.1271855,2.0735762,-0.28434467,-0.981566,0.42863107,0.5616415
-1.1401398,2.051084,-0.2809426,0.15262371,-0.08465561,-0.19462411,-1.1277275,2.089972,-0.28388178,0.14349017,-0.06297284,-0.18822221
-1.1414,2.0605,-0.28474855,0.017250594,-0.011947243,-0.17331521,-1.1276855,2.1063955,-0.2756439,0.031211343,-0.01368445,-0.1823718
-1.1477877,2.0592337,-0.28300223,-0.009475414,-0.010854391,-0.49607867,-1.1280435,2.117207,-0.27410617,-0.009756205,0.0042772344,-0.480456
-1.1471121,2.0663774,-0.285987,-0.015712801,-0.012011794,-0.044998575,-1.1217134,2.1177316,-0.28067097,0.002430601,-0.0010654267,-0.017507385
-1.1236991,2.0939498,-0.29609042,-0.049873177,-0.026751725,6.5586796,-1.1178252,2.123608,-0.28466126,-0.00032188644,0.0001410035,6.7585793
-1.1433451,2.0874147,-0.28502086,-0.017272178,0.016488524,-0.567342,-1.1180601,2.1280632,-0.28376016,8.018364e-05,-3.5113648e-05,-0.56883466
-1.1326462,2.1098394,-0.26410043,0.026051935,0.021293553,-6.323026,-1.1177874,2.1369827,-0.29333258,-2.4485002e-05,1.0721687e-05,-6.466997
-1.134806,2.0988955,-0.2956854,-0.0370881,-0.022685615,2.2742648,-1.1186771,2.1378963,-0.29417765,3.761728e-06,-1.6503574e-06,2.4097557
-1.1217389,2.10032,-0.28083417,-0.013688985,0.004055115,-2.1561213,-1.1255026,2.13116,-0.29419336,-1.0056553e-06,4.4115154e-07,-2.3076878
-1.1282717,2.1051285,-0.28073135,-0.065451086,0.036490712,-1.809728,-1.120513,2.1278934,-0.29419065,3.4769437e-07,-1.5249135e-07,-1.9178113
-1.1423922,2.0997367,-0.2932669,-0.01899654,-0.0216327,0.28665644,-1.119281,2.1285434,-0.29423618,-9.28415e-08,4.0707228e-08,0.32274392
-1.1223332,2.1148412,-0.3014779,-0.06718451,-0.043397035,5.4025416,-1.1183466,2.123979,-0.2940585,1.5854484e-08,-6.9431714e-09,5.6164713
-1.1383094,2.1000533,-0.27946886,-0.03097016,0.030571075,-2.1376307,-1.1179469,2.1160495,-0.29195726,-6.7763346e-09,2.9702827e-09,-2.244527
-1.14128,2.09624,-0.28248197,-0.031159583,0.018838258,-1.1022438,-1.1179557,2.1097887,-0.28609523,1.4106141e-09,-6.1859995e-10,-1.1403084
-1.1417766,2.0820951,-0.2867305,-0.0060079726,-0.026323585,-0.1500086,-1.1179788,2.1018052,-0.2843477,-5.2757226e-10,2.313513e-10,-0.11611246
-1.1344863,2.0790114,-0.28814098,-0.046101633,0.003147515,0.14527328,-1.1179011,2.0928345,-0.284354,1.5186458e-10,-6.6581886e-11,0.14546299
-1.1399523,2.0712261,-0.28733432,-0.041742507,0.0015217983,0.5994676,-1.1224717,2.0893006,-0.28452623,-4.677417e-11,2.05495e-11,0.64321697
-1.1397283,2.0663981,-0.28133732,-0.024894182,0.0034690225,-0.7517511,-1.1274289,2.0843663,-0.28006488,1.6358866e-11,-7.4034095e-12,-0.7655814
-1.1296893,2.0664499,-0.2618724,-0.018869821,0.009329291,-3.8700368,-1.127717,2.0772898,-0.2744131,-5.1326153e-12,9.386627e-13,-4.0311537
-1.142907,2.0497227,-0.28484067,-0.037827913,-0.0041302717,0.17849763,-1.1277816,2.072184,-0.27464208,6.6044093e-12,3.188308e-12,0.18617105
-1.1469434,2.041811,-0.29362965,-0.04378516,-0.031139402,2.2824757,-1.1277597,2.0682218,-0.2745659,-1.3850884e-11,-1.1393772e-11,2.3943017
-1.1551508,2.0380878,-0.2927388,-0.059205834,-0.0018766797,2.1795113,-1.1277473,2.0635033,-0.2745985,-1.2384085e-12,3.315659e-11,2.3042192
-1.1511925,2.035962,-0.27471432,-0.014103238,0.0076618516,-1.2384526,-1.1278044,2.0595665,-0.27457052,4.83611e-11,-6.910576e-11,-1.2597836
-1.142872,2.0350358,-0.26303148,-0.0019452008,0.005719396,-3.1039312,-1.1275755,2.0637126,-0.274654,-2.936524e-10,2.42216e-10,-3.2170358
-1.1467829,2.029993,-0.27538422,-0.0052924785,-0.008061497,-1.0979737,-1.135781,2.0691845,-0.27600744,-2.9578606e-09,-3.0703765e-10,-1.1366485
-1.1519411,2.0297213,-0.2921532,-0.04239208,-0.024519173,2.2856514,-1.1378213,2.0702267,-0.28150126,1.2389699e-08,2.7882924e-10,2.4026816
-1.1531065,2.0337129,-0.27877665,-0.02078158,0.006895932,-0.79545254,-1.1382209,2.075519,-0.28476992,-3.371727e-08,-2.2508202e-09,-0.8307294
-1.1580384,2.0395124,-0.27492747,-0.013106171,0.009366842,-1.4944922,-1.1435697,2.0795786,-0.2842812,9.802914e-08,1.6560412e-08,-1.5432918
-1.166677,2.0408893,-0.29399046,-0.031139795,-0.04041448,2.8726466,-1.1514947,2.082711,-0.28442854,-1.6440089e-07,-1.0901666e-07,3.0478933
-1.1582589,2.0507212,-0.2662429,-0.005879942,0.01661286,-3.5756347,-1.1566725,2.088385,-0.28438574,3.9502456e-07,3.098292e-07,-3.7514918
-1.1711285,2.051405,-0.28196904,-0.024074499,0.013976486,-0.73417705,-1.1571398,2.0971756,-0.28439268,-2.9635771e-06,-3.59989e-07,-0.77004284
-1.1798568,2.0467298,-0.28733748,0.0034437743,-0.032603826,0.050075125,-1.1571583,2.0982184,-0.2843928,1.9939263e-05,3.5178532e-06,0.07680634
-1.1794349,2.0536292,-0.28996104,-0.036251012,-0.0043792403,0.09825905,-1.157033,2.0918875,-0.28439295,-3.2705815e-05,-1.6285447e-05,0.10586476
-1.1900523,2.0519583,-0.29810166,-0.04184324,-0.02369961,1.9234704,-1.1527343,2.0883856,-0.2843928,5.788996e-05,5.9095026e-05,2.0516226
-1.1845609,2.055242,-0.29919752,-0.036400143,-0.04146203,2.925009,-1.1469413,2.0889246,-0.2843929,2.6722362e-05,-0.00022846038,3.1034021
-1.1716826,2.0642447,-0.26205713,-0.007289115,0.011148604,-4.2620254,-1.1475058,2.0888748,-0.28439277,-0.00037314135,0.0008692011,-4.427636
-1.1565784,2.0685472,-0.29466057,-0.20687515,0.068956405,7.913633,-1.1472396,2.0795538,-0.28439784,-0.13713881,0.026448438,7.989473
-1.1647985,2.0499427,-0.26704395,-0.30615455,0.20661184,-3.3962672,-1.1477025,2.0791767,-0.28437373,-0.3028421,0.19229275,-3.607922
-1.1684722,2.0496655,-0.2817202,-0.46583432,0.20005581,0.2754193,-1.1407903,2.072508,-0.28446108,-0.40722483,0.14994746,0.27025738
-1.1539843,2.0463383,-0.2904216,-0.6514537,0.16015688,5.967017,-1.1373436,2.0688732,-0.28415522,-0.6446621,0.23727666,6.231218
-1.1623534,2.0378904,-0.2795405,-0.8427369,0.2895501,-0.2154135,-1.1347626,2.0663695,-0.28502545,-0.8340254,0.2659268,-0.2288548
-1.1540079,2.0353658,-0.25628334,-1.1555836,0.24455306,-3.7803664,-1.1282057,2.0527735,-0.28096914,-1.1828698,0.21546306,-3.941235
-1.1695307,2.007922,-0.2667419,-2.9710214,-0.207149,-0.094365284,-1.1273329,2.0218396,-0.2827582,-3.0835216,-0.22214866,-0.072905146
-1.1562285,1.9775571,-0.28060845,-1.7727633,-0.13356885,2.642615,-1.1201363,2.0058289,-0.27705038,-1.7633348,-0.11916698,2.7669587
-1.1400459,1.9557292,-0.2784712,-1.8325258,0.14313266,9.42877,-1.1122248,1.975592,-0.26828003,-1.8319957,0.13033774,9.432676
-1.1583928,1.9217049,-0.2698601,-1.8974451,-0.46764752,3.561556,-1.0899637,1.9443966,-0.25454044,-1.9581335,-0.4872411,3.7488594
-1.1280847,1.8824399,-0.26074257,-1.9543887,-0.57588154,10.682156,-1.0748273,1.9123504,-0.24051048,-1.9944168,-0.63203865,10.69069
-1.1120362,1.8438585,-0.24716465,-1.2446525,-0.67381203,17.101536,-1.0608954,1.8842442,-0.2333536,-1.356188,-0.775134,16.95501
-1.0426018,1.7075834,-0.2911363,-4.024348,-0.09759447,62.494312,-0.971759,1.8163223,-0.21665834,-4.751931,-0.6791598,63.0052
-1.022721,1.6375885,-0.27099445,-6.3494444,1.108319,69.709915,-0.8893607,1.7744081,-0.20709006,-6.6200385,0.7544166,69.105
-0.97567093,1.7874551,-0.277138,-9.220275,3.5830438,79.23109,-0.796892,1.7368914,-0.19200547,-9.166724,3.8727992,79.864
-0.7651644,1.8195846,-0.2653318,-8.614919,5.725368,62.788185,-0.67660195,1.6947157,-0.1762545,-9.323133,5.485366,61.185852
-0.5261929,1.6139891,-0.026506549,-3.4353688,1.7896795,22.974762,-0.54348457,1.6130637,-0.14491582,-3.0615263,1.9564812,20.921604
-0.28704473,1.6096555,-0.00072970055,5.2896576,0.9442844,-38.87305,-0.39037925,1.4710556,-0.092041805,5.6880136,-0.48750904,-39.37917
-0.103771,1.1378422,0.18638305,14.27915,6.2212625,-106.06497,-0.13253479,1.1771551,-0.042206317,15.168784,7.038894,-107.94983
-0.101073265,1.0474885,-0.013111135,5.3455524,5.6653557,-35.365376,-0.028391253,1.0590894,-0.046382505,5.5297008,5.8100543,-34.98548
0.14083537,0.95807016,-0.010088107,3.6925046,5.6573606,-23.019688,0.034326624,0.9711562,-0.049166452,3.586952,5.595404,-22.851044
0.02173075,1.0004735,0.013958404,2.851937,5.008014,-15.474749,0.053264115,0.8916027,-0.049121667,3.1658444,5.0177455,-15.473124
-0.09971151,0.8792459,0.011734376,3.3273163,4.2444625,-12.494732,0.031877767,0.8250391,-0.045113955,3.4690113,4.475046,-12.505752
-0.16432741,0.79808736,0.009635994,3.608652,3.7193143,-11.632569,-0.031299423,0.7723198,-0.040023383,3.7003658,3.9585536,-11.595581
-0.22545418,0.7316486,0.0158766,6.1715913,5.0131817,-13.372427,-0.21623105,0.7178934,-0.03923741,6.163767,5.1484966,-13.2664
-0.3921211,0.7132746,-0.022135472,2.2780418,1.3723799,-6.419034,-0.32422158,0.7102744,-0.039729618,2.455854,1.3603811,-6.676162
-0.52801,0.692199,-0.02515926,2.0234513,0.47051224,-6.160663,-0.46950734,0.71218085,-0.044787955,2.1044915,0.4215825,-6.435359
-0.6933459,0.6987255,-0.04058917,1.6931683,-0.44593453,-4.7937183,-0.62259644,0.7306915,-0.053957082,1.7192776,-0.5449397,-5.010094
-0.8730159,0.7130159,-0.087361716,1.1204029,-1.1455226,1.1248127,-0.7738788,0.7614306,-0.06289814,1.1525856,-1.2510911,1.1094964
-1.0067753,0.742958,-0.07884459,0.46310562,-1.704849,-3.0533664,-0.91663575,0.7953544,-0.074474834,0.47664347,-1.8050334,-3.1660604
-1.1615436,0.8197851,-0.089741684,-0.34850973,-5.060998,-6.9096427,-1.1569701,0.87095445,-0.104413286,-0.43848047,-5.1590624,-6.9601173
-1.2972108,0.8577503,-0.120402865,-1.0964323,-3.5905938,-2.0714216,-1.290263,0.9200414,-0.12262547,-1.0608134,-3.6322262,-2.2799811
-1.4225489,0.8993099,-0.1374367,-1.9326671,-3.8119943,-2.8824155,-1.4059423,0.9628951,-0.14025104,-1.9681249,-3.872592,-3.153736
-1.5387695,0.9488262,-0.15296346,-2.4472365,-3.9924262,-5.0621796,-1.5054846,1.0003196,-0.15645394,-2.494221,-4.029777,-5.3473644
-1.6280404,0.99004674,-0.17800514,-7.181688,-8.627304,-0.6696324,-1.595681,1.0282565,-0.16663149,-7.1700974,-8.668343,-0.7168376
-1.6302308,1.0246515,-0.22896254,-16.556503,-11.429939,-0.60918206,-1.6625144,1.0415553,-0.13210702,-16.536165,-11.28983,-0.57355994
-1.6791979,0.9465636,-0.17080094,-9.319895,-2.1234858,2.056985,-1.7252892,1.0085651,0.1885449,-9.276768,-1.9358062,2.1696675
-1.7326941,0.82744217,-0.15626766,-2.0840921,-9.322298,0.5291458,-1.6975356,0.91347444,0.19619842,-1.8296704,-9.567041,0.31041697
-1.6720581,0.747763,-0.14538491,0.729135,-2.9222548,0.35669333,-1.6664066,0.79857814,0.06358415,0.86820406,-2.8299289,0.39174062
-1.5934374,0.6461692,-0.12428754,1.3042185,1.4705424,1.6373111,-1.6430874,0.6988737,0.031053908,1.3121696,1.5954472,1.8085084
-1.5252951,0.5282259,-0.06454342,-5.27743,-1.3332169,-4.7881866,-1.5995255,0.5881414,0.04623067,-5.314441,-1.3087181,-5.0646753
-1.4802146,0.38222778,-0.03491514,0.46784645,-5.5120964,-4.469229,-1.5275034,0.48085445,-0.012121946,0.4262114,-5.5411673,-4.96545
-1.4473268,0.27230906,-0.03853061,10.003616,-5.437642,-2.5862668,-1.4146029,0.24695334,0.00016881063,9.751517,-5.535245,-2.7451627
-1.3418478,0.18142444,-0.052861072,2.9866967,-1.6027248,-2.4318538,-1.341348,0.13281901,0.02109678,3.1488886,-1.6385024,-2.6222198
-1.2791251,0.030647635,-0.032730423,2.993033,-2.879929,2.7072089,-1.2567047,0.048690222,0.041290108,3.0486765,-2.9510877,2.8082538
-1.1681232,-0.089809895,0.010054359,3.1777565,-2.5167723,-2.084185,-1.1385971,-0.037544634,0.04368422,3.2662733,-2.63577,-2.2418077
-1.0642306,-0.13610691,0.0036045108,2.4934916,-1.9053636,0.55264336,-1.0148352,-0.11164501,0.044607405,2.5425334,-1.9398223,0.54253
-0.92264414,-0.22295982,0.057791866,3.6791782,-2.99207,-4.697413,-0.89123327,-0.16563793,0.050667826,3.779725,-3.0329354,-4.8914967
-0.8064809,-0.24336696,0.0038379822,6.9979224,0.6635865,2.9708307,-0.64680135,-0.24227165,0.046303514,7.1283846,0.6589544,3.1080856
-0.61915183,-0.289037,0.04974491,7.2928863,0.75137305,-1.3778731,-0.503299,-0.26761118,0.049373448,7.2311187,0.7116742,-1.4513434
-0.46716186,-0.27705276,0.0400422,6.1151853,0.5767526,-1.1217037,-0.3631186,-0.27596533,0.03134624,6.1033835,0.50685817,-1.2000918
-0.32888135,-0.21799594,0.031411685,4.252447,1.2558837,6.9105034,-0.2189513,-0.25235316,0.017129213,4.150389,1.2579724,7.2669
-0.16981062,-0.21756178,0.02575248,8.257146,2.9023826,1.9969519,-0.074578844,-0.21000655,-0.07371535,8.295035,2.8457625,1.9737849
-0.0020860136,-0.12430802,0.04033143,9.959788,6.8343773,-6.3815393,0.051260203,-0.16154173,-0.21763928,9.925337,6.701762,-6.8442307
0.10595551,0.030601501,-0.0016452279,8.098844,11.821301,-4.2899976,0.26901495,0.044406388,-0.22766767,8.298409,11.827347,-4.5652413
0.16680709,0.1706419,-0.028956896,2.4870605,6.1894464,-0.23143713,0.33890718,0.19646066,-0.16037959,2.4618807,6.2274704,-0.4150874
0.2459831,0.34272367,0.013690824,0.03704303,2.0264964,-3.3241737,0.38506734,0.37047428,-0.13594852,0.14380786,2.0691476,-3.7269917
0.23216048,0.625111,0.02840353,-11.521485,-2.4461381,-1.2411405,0.40077248,0.54109776,-0.13455635,-11.769648,-2.5175424,-1.2467372
0.27277222,0.81398785,0.064829536,-15.778836,9.936617,0.8344644,0.4063863,0.689305,-0.09447128,-15.590465,10.215958,1.007194
0.2598392,0.84120417,0.0033271257,-0.8458737,8.14293,2.0573351,0.39908555,0.8184681,0.08784565,-0.44989005,8.116016,2.2289245
0.23629478,0.93768835,0.05541808,7.010556,-5.997698,-0.8156418,0.32809195,0.96950865,0.21470392,7.013397,-6.253824,-0.81408334
0.22774449,1.0233208,0.032287933,0.1277942,0.009339722,-3.7766945,0.290968,1.0383625,0.10779172,-0.015507412,0.05654262,-3.553188
0.17041948,1.0928212,0.005860636,0.66079205,-1.1468647,-0.15233342,0.26864025,1.1185764,0.071387775,0.54052424,-1.2312669,-0.08193526
0.13590482,1.1936381,-0.0058144387,0.6014759,-3.4248152,1.8076226,0.26126984,1.2036139,0.016870974,0.60076594,-3.391744,2.0076687
0.1407043,1.3125008,-0.06100165,4.4497714,0.95218265,2.4092603,0.25570393,1.2916918,-0.1792752,4.506175,1.0019239,2.4558806
0.121254,1.4224569,-0.1417,2.6592019,3.7150404,3.1310363,0.25125456,1.3961556,-0.39915168,2.6443865,3.7018533,3.2309358
0.1266934,1.5573825,-0.14910741,-2.5419672,5.417735,-0.8975479,0.21085557,1.6365794,-0.30188376,-2.5046492,5.5951657,-0.8465358
0.09188095,1.6706393,-0.21552403,-2.2567377,3.774265,1.9037479,0.17215805,1.7472653,-0.2841497,-2.2051141,3.9159381,2.0134583
0.048641473,1.8174963,-0.23290084,-3.0029016,3.7536201,-0.72708195,0.11430184,1.8652875,-0.27393958,-2.997877,3.900924,-0.723745
-0.032931894,1.9481348,-0.22747265,-3.7605906,2.4669454,-3.4105077,0.05207513,1.967863,-0.27714851,-3.8058734,2.5007453,-3.5704615
-0.14050826,2.0386586,-0.2831145,-15.455286,-2.3628397,-2.0069478,-0.027568439,2.0637403,-0.26507694,-15.49435,-2.386055,-2.1484218
-0.17944023,2.0574899,-0.3363378,-25.820223,-3.9654841,-1.0376612,-0.1278391,2.139368,-0.14525254,-26.47314,-3.878867,-1.0943669
-0.30589494,2.0365963,-0.27624443,12.6271715,-0.25372347,3.6153042,-0.2597153,2.118179,0.113730535,12.771797,-0.24796653,2.9804287
-0.40814665,2.0878959,-0.19503029,-2.5671692,-0.3835633,-4.128418,-0.3239726,2.0255816,-0.0034108697,-2.5646093,-0.19070451,-4.672154
-0.4370825,1.9506607,-0.19494249,4.212458,-1.027903,1.3063563,-0.3900679,1.9628923,-0.0754552,4.4279056,-1.2090639,1.6648059
-0.50042796,1.8958538,-0.16126995,-1.0593326,-2.548455,3.3168523,-0.43102655,1.9329126,-0.07807464,-1.1496708,-2.5416768,3.5503802
-0.5558914,1.8688112,-0.1390266,-2.3401704,-1.268727,6.5295773,-0.48072764,1.891258,-0.1048275,-2.4046326,-1.2335074,6.8355107
-0.59700954,1.8317615,-0.15379363,2.4826097,-4.2990294,3.3536532,-0.5226648,1.8688892,-0.14782357,2.5783687,-4.366941,3.4480026
-0.5225569,1.8311388,-0.18324433,13.858588,5.2910357,-8.864952,-0.55336076,1.8056695,-0.49159384,14.0524845,5.337631,-9.050641
-0.6393995,1.8149477,-0.24134718,2.4541473,0.9748535,1.8850573,-0.5906007,1.7982659,-0.4291074,2.7277489,1.0964533,2.034621
-0.67600656,1.8181704,-0.23908038,0.35331243,0.7685836,3.7302103,-0.63845587,1.8250253,-0.3338453,0.5094904,0.85322106,3.7577627
-0.72122395,1.8792323,-0.20309882,0.12935585,0.19442287,-5.589816,-0.6820151,1.8510422,-0.31005323,0.25349763,0.28611457,-5.80615
-0.8164649,1.9194242,-0.23572923,-1.3665918,1.9401546,1.4187413,-0.7376317,1.8816639,-0.29222345,-1.2525973,2.0282915,1.4909178
-0.8094616,1.979046,-0.20306617,0.19429654,-8.57373,6.573877,-0.80287,1.9286913,-0.30534232,0.23349687,-8.777155,6.8928914
-1.0148035,1.9552828,-0.35407463,-47.775074,-3.6509342,-4.993038,-0.87520087,1.9826941,-0.21565066,-50.584232,-4.73584,-6.263749
-0.9584271,1.6763347,-0.13001676,11.5909195,1.6597188,3.995115,-0.8702006,1.950863,0.13916047,11.590215,1.3922669,3.9512887
-0.91957664,1.7513623,-0.13966136,11.527814,-6.769202,2.4170988,-0.856231,1.838286,0.20316365,10.638548,-6.9535375,1.9866103
-0.9311085,1.6776845,-0.19628234,7.0572634,4.5134783,0.8662146,-0.86567813,1.7071788,0.06478405,6.9773235,4.9304333,0.6162365
-0.86951315,1.5149215,-0.14529133,7.9144783,0.7607501,-0.8123645,-0.86700755,1.6262244,-0.016986761,8.1288395,0.67788273,-0.854222
-0.839447,1.5178093,-0.111293755,4.1790423,-2.014729,-2.984119,-0.8354976,1.5859799,-0.0402286,4.2547674,-2.2044628,-3.0466046
-0.8536906,1.5711505,-0.14997263,7.6188154,0.7117063,6.577841,-0.834,1.5692391,-0.13095957,7.769875,0.76928747,6.7688565
-0.8409717,1.5803348,-0.14906551,8.051029,3.759495,-3.0046856,-0.8126017,1.5636508,-0.3455718,8.086536,3.6487622,-3.2818186
-0.8797121,1.6289436,-0.21136068,4.464894,3.1770957,1.6480116,-0.8046856,1.5856358,-0.455416,4.591591,3.2036235,1.8269253
-0.8803462,1.6710881,-0.21912569,1.6431068,1.9433353,0.7132285,-0.82379985,1.6526858,-0.39318028,1.764424,2.0463328,0.8568982
-0.89997196,1.7536116,-0.22075309,0.66093796,1.7014407,-2.5922978,-0.8537968,1.7401863,-0.33408448,0.7826438,1.8560643,-2.6740835
-0.9465989,1.8474286,-0.23338158,-0.17686337,0.77113545,-2.2911093,-0.88593966,1.8231423,-0.30503663,-0.11182964,0.86027896,-2.410898
-0.98072803,1.9788346,-0.26052627,3.2746787,-1.0312622,4.873541,-0.9349144,2.0509622,-0.30200702,3.363504,-0.936301,5.0997987
-1.0250273,2.110443,-0.29260293,4.2020426,-0.821974,5.148979,-0.94327617,2.218175,-0.31619126,4.1897717,-0.66154367,5.386554
-1.0778375,2.26913,-0.31531852,6.367969,-2.0269825,-0.5028071,-0.9688982,2.3961473,-0.34642124,6.375953,-2.0265663,-0.44070694
-1.0777475,2.4972777,-0.35065684,7.094217,-4.880136,-0.5762679,-0.99736106,2.594705,-0.38838127,7.06919,-4.810762,-0.56766385
-1.0925372,2.7408957,-0.37474766,-0.88324636,-4.19215,0.6455365,-1.0073152,2.8321433,-0.42955533,-1.0507563,-4.054833,0.55312324
-1.0824416,2.9560142,-0.44999412,-17.467556,-0.7460302,-0.9959752,-1.029647,3.0288858,-0.4698123,-17.594957,-0.600521,-1.3833231
-1.0163995,3.010069,-0.6000995,-38.140217,5.7333107,0.40578347,-1.0484333,3.1410959,-0.5270466,-38.676422,5.6494894,0.75193506
-1.0542713,3.1234963,-0.5693999,-17.091541,4.953996,-1.148364,-1.0457608,3.1224062,-0.54497474,-16.98386,4.7452917,-1.6939197
-1.0691268,3.1329339,-0.52671677,-11.929719,3.9315479,-3.5676186,-1.0573044,3.0474691,-0.5398388,-11.8348465,3.9371655,-3.902793
-1.0930718,2.9135785,-0.45925543,-10.744387,3.2482498,-2.5332668,-1.0871718,2.9265146,-0.51654613,-10.895523,3.4456334,-2.444668
-1.1374073,2.6539106,-0.4124742,-8.0066595,0.44258586,2.0414186,-1.1102272,2.7511406,-0.47696728,-8.055245,0.4082021,2.2286363
-1.1987509,2.421858,-0.3809564,-7.044447,-1.0131462,4.092446,-1.1460223,2.4930952,-0.42897788,-7.211589,-1.0681586,4.306878
-1.2276112,2.117476,-0.33292252,-1.6537522,0.56101924,1.8154911,-1.2495093,1.9926248,-0.37581027,-1.6646758,0.55768675,1.7308251
-1.2743374,1.8199192,-0.30392668,2.0566025,0.5202108,-0.90296954,-1.294996,1.7639135,-0.34915903,2.1975455,0.63476235,-0.9850574
-1.3564309,1.5042301,-0.2782861,-0.49783045,0.27506402,1.7983214,-1.3401731,1.517263,-0.3069465,-0.62292945,0.45470256,1.8543785
-1.4317815,1.1654654,-0.24553122,1.7133662,-1.2390256,5.2390394,-1.3874722,1.2577993,-0.26721588,1.7022876,-1.0915188,5.5226192
-1.5297524,0.9115443,-0.21994694,1.4967445,-3.1673534,1.5100025,-1.4443576,0.9845383,-0.24211244,1.4073235,-3.1189997,1.5040352
-1.5556692,0.675101,-0.21097301,4.585229,-1.6563423,6.020037,-1.5120718,0.71040773,-0.22851188,4.585558,-1.5070537,6.101545
-1.5766329,0.4159053,-0.18393458,11.491601,-5.0518703,7.048719,-1.5966944,0.27421626,-0.23527455,11.35127,-4.831036,7.3099837
-1.6523193,0.19401789,-0.19799872,5.923166,-2.8029153,5.2407255,-1.6484624,0.058869068,-0.2415209,6.058438,-2.6089873,5.70628
-1.702248,-0.04452896,-0.1686676,4.211774,-3.3730664,4.2907324,-1.6720842,-0.10488815,-0.23766772,4.2139745,-3.2461815,4.626052
-1.7146782,-0.22868246,-0.15042473,5.1455226,-1.5227946,-0.26201314,-1.6842488,-0.2418682,-0.22787847,5.092513,-1.523604,-0.21419986
-1.715686,-0.35621297,-0.123380594,5.9042087,-2.304496,-0.8598072,-1.7066504,-0.38003343,-0.23215705,5.9193363,-2.2355034,-0.8655109
-1.7021273,-0.44059473,-0.13754578,5.184465,-3.7317297,6.588478,-1.7060413,-0.5064951,-0.21407467,5.254697,-3.6576161,6.9266047
-1.7050226,-0.5331176,-0.09863057,3.545213,-1.2640579,-2.484883,-1.7075,-0.635456,-0.18192953,3.6554058,-1.2937927,-2.6382477
-1.6853403,-0.60546017,-0.1062391,2.5400972,-1.903546,8.886576,-1.6940781,-0.68615955,-0.17712757,2.7807744,-1.8567057,9.079558
-1.6921979,-0.65538144,-0.05136367,1.5218416,-3.8291824,-5.382908,-1.6872295,-0.7263164,-0.16682151,1.5467752,-4.0465374,-5.7729406
-1.6742724,-0.68530613,-0.08955934,3.6903756,-1.8053007,0.039625,-1.6824312,-0.7494475,-0.15530604,3.8551068,-1.8983829,-0.13898967
-1.6359102,-0.7298882,-0.1221283,8.281494,1.0594679,5.912695,-1.654723,-0.7727701,-0.1487314,8.420779,1.1579785,6.1204724
-1.6134721,-0.7222101,-0.101563655,4.0351453,0.19638255,2.0985482,-1.6092868,-0.7810423,-0.14506935,4.2014,0.33449835,2.2319355
-1.5800868,-0.7099339,-0.10033735,2.9365396,2.427286,2.6490524,-1.5327939,-0.7184081,-0.12725922,3.1098466,2.6057425,2.7034073
-1.5237935,-0.6868372,-0.06366559,2.1074588,1.4895134,-2.0832877,-1.496989,-0.6843941,-0.12838815,2.145196,1.4944974,-2.413906
-1.5000502,-0.6086312,-0.07081088,1.8136679,1.3374763,-0.33801717,-1.4696416,-0.6410003,-0.11960983,1.9479662,1.3882757,-0.5033905
-1.4841058,-0.56424236,-0.07979425,0.6747163,1.879494,2.4710498,-1.4521327,-0.5907986,-0.10769369,0.75415546,1.8941151,2.4496608
-1.4674641,-0.49434924,-0.07382842,1.0595087,1.250164,0.8172572,-1.4382299,-0.5271385,-0.09479984,1.0552466,1.2664381,0.7655306
-1.4420537,-0.41693807,-0.06270274,2.2495966,0.1994712,-2.4130602,-1.4230578,-0.45321953,-0.079507425,2.237951,0.20888337,-2.5880728
-1.4434597,-0.32688516,-0.09609499,1.6664464,2.0126598,1.8594371,-1.4054632,-0.3072112,-0.06174095,1.7346263,2.102337,1.9136047
-1.4433451,-0.22994983,-0.05946731,-2.6877413,1.855619,-0.5338895,-1.402164,-0.2285307,-0.048585746,-2.7969542,1.8737187,-0.66004217
-1.4419547,-0.16375762,-0.0833834,-1.753399,2.9349368,1.140752,-1.4033166,-0.14990012,-0.039638173,-1.7967972,3.037075,1.2279391
-1.4268562,-0.08385563,-0.073692344,-2.0079093,2.3690312,-0.35927886,-1.4025611,-0.06987747,-0.042263404,-2.110897,2.3735626,-0.44124475
-1.4363524,0.01925093,-0.0641165,-2.239663,1.6444639,-2.4836633,-1.4095756,-0.004890464,-0.049847223,-2.2986286,1.6614785,-2.6264174
-1.4633934,0.050250947,-0.09535547,-1.1084899,0.56350166,1.6065668,-1.4290538,0.05871792,-0.058785487,-1.1079513,0.539503,1.6676192
-1.4863985,0.10047394,-0.10374602,-0.024586026,-0.1205636,2.133575,-1.4603536,0.16110873,-0.07403631,-0.052125145,-0.13164164,2.1973007
-1.4994062,0.17561316,-0.09707608,-0.6897362,1.7172574,-2.8019092,-1.4809916,0.20591775,-0.0784661,-0.75607955,1.7784841,-2.9005435
-1.5329778,0.2096538,-0.12444287,-1.3368362,1.7337625,0.10989292,-1.4988847,0.24201673,-0.07854779,-1.368262,1.8093959,0.18350646
-1.5635844,0.24254894,-0.13097902,-0.9728978,0.083678275,1.7497296,-1.523229,0.28766498,-0.08903108,-0.9914263,0.074815966,1.8058895
-1.5935508,0.3182441,-0.12334534,-1.3486644,-0.50184035,-2.1923606,-1.549324,0.33044547,-0.10475432,-1.4496785,-0.51625973,-2.2110107
-1.6134247,0.35122377,-0.12473046,-0.9092906,-1.1639735,-1.8328437,-1.5768012,0.36384195,-0.11134514,-0.9663629,-1.1696807,-1.8010452
-1.631852,0.3762715,-0.1615764,3.3554363,1.0446863,-1.1430889,-1.618791,0.42718273,-0.12918076,3.4355698,1.1082963,-1.1551453
-1.6840719,0.4613704,-0.14585291,-0.7163188,-1.0840337,-3.820082,-1.6512506,0.44755298,-0.13268636,-0.7996929,-1.0547925,-3.8155243
-1.7144884,0.50825655,-0.15440442,-3.4908319,-1.6502068,-6.033232,-1.6863719,0.47394112,-0.13522828,-3.6189635,-1.6386678,-6.021391
-1.7021433,0.5175873,-0.15145166,-2.6987786,-0.6943404,-7.9174743,-1.7040279,0.5069679,-0.1382218,-2.842181,-0.7453157,-8.087898
-1.7298425,0.5430622,-0.15711568,-1.0159689,-0.831691,-5.3397083,-1.7089044,0.52013236,-0.14545466,-1.0870112,-0.833712,-5.5416446
-1.7420785,0.5317018,-0.16391055,-1.6773746,-1.3045766,-2.6696477,-1.716406,0.52005345,-0.14564694,-1.703124,-1.2827743,-2.7749414
-1.7562755,0.5217255,-0.17782773,-2.706377,-2.2835605,-3.9511845,-1.7274325,0.5138508,-0.13683036,-2.765027,-2.3417234,-4.288495
-1.763902,0.47489262,-0.17603953,-1.5713633,-2.0314724,1.9152005,-1.7307088,0.5015723,-0.13685119,-1.5854697,-2.055703,1.9536365
-1.755849,0.4705603,-0.1768616,-2.0943563,-2.2924688,3.9310946,-1.7317399,0.47614953,-0.13750748,-2.1376567,-2.2485344,4.083608
-1.7446132,0.47504854,-0.15804678,-1.9123948,-0.96160424,-6.3120403,-1.7188696,0.4481154,-0.1372667,-2.0083694,-0.9456599,-6.5007987
-1.7088829,0.40327346,-0.16110371,-2.1420689,0.26319996,3.4169092,-1.6941376,0.40696537,-0.13815133,-2.1564422,0.33881685,3.573187
-1.6626804,0.33563942,-0.1686293,0.8861827,3.0651972,-1.7849971,-1.6704867,0.35079455,-0.1460974,1.0015957,3.205497,-1.9288026
-1.658228,0.32352287,-0.12236684,0.9744033,-1.5869881,-6.0191913,-1.6430103,0.25269568,-0.15398523,0.9755555,-1.5819523,-6.339525
-1.6520973,0.23119861,-0.18853395,4.6580687,3.3141248,1.0501562,-1.6441815,0.20758054,-0.15736963,4.8458266,3.4336421,1.1317147
-1.6346062,0.17125547,-0.15812285,3.7840822,1.0081393,0.33174068,-1.631711,0.15213947,-0.15955654,3.8811526,1.1089963,0.34927222
-1.6501313,0.18243974,-0.12988697,-0.74736506,-0.44659084,-4.5438294,-1.633505,0.102575876,-0.1445092,-0.7196469,-0.37951952,-4.767795
-1.6615379,0.118716955,-0.12199678,-3.5067139,0.68570906,-0.24526589,-1.6562344,0.088322744,-0.13742065,-3.5648255,0.7453926,-0.2502761
-1.6760888,0.08296162,-0.12287717,-2.5226722,-1.1932157,-1.548041,-1.6659311,0.06057705,-0.12900576,-2.583363,-1.2435104,-1.7672561
-1.6425382,0.08107185,-0.083847485,-0.5401698,-4.7687974,-20.33914,-1.646966,-0.014024143,-0.14406364,-0.6507774,-4.829588,-20.213057
-1.6501293,0.058868527,-0.0940276,-0.21930367,-3.5363638,-5.8789444,-1.6380497,-0.058339253,-0.14679801,-0.32218596,-3.6768727,-6.0413313
-1.6142919,-0.018780172,-0.09170266,0.76549023,-3.2118971,-7.230667,-1.6328429,-0.1270401,-0.14793064,0.69428635,-3.1719534,-7.1619205
-1.6013908,-0.102362216,-0.09363388,-2.8514137,-0.69210637,-3.682652,-1.6079789,-0.20215,-0.14189738,-2.9077048,-0.7096125,-3.8523335
-1.5729526,-0.20705014,-0.093761586,-1.8615927,0.83358,-2.0681121,-1.5634686,-0.27949125,-0.12926842,-1.8986104,0.9249612,-2.0265834
-1.539365,-0.2641312,-0.05336719,0.7805142,-0.84364957,-5.246644,-1.5133235,-0.3500357,-0.12839809,0.7892378,-0.79659045,-5.457775
-1.5067022,-0.34813833,-0.038075708,6.043476,-4.651595,-7.495583,-1.4209145,-0.49754158,-0.1425331,6.0341396,-4.5202756,-7.3424044
-1.4413115,-0.4329394,-0.056190155,3.0346792,-1.8526334,-2.535124,-1.3593935,-0.585517,-0.13835949,3.185189,-1.7976532,-2.4922085
-1.3659244,-0.5371999,-0.062202625,0.98245245,0.27783862,-2.9626741,-1.2860664,-0.6578074,-0.11669791,1.0152004,0.35581997,-2.9382608
-1.2698671,-0.59960556,-0.0083413925,0.64190716,1.9089065,-5.7121415,-1.2086701,-0.72007066,-0.10380901,0.64755756,2.0271227,-5.722858
-1.1895286,-0.63757086,-0.0022632983,-0.42771536,1.3861727,-10.002401,-1.1387521,-0.7707733,-0.10461687,-0.54031897,1.4962481,-9.78167
-1.1383297,-0.70464516,-0.0038751569,-1.8689647,0.63511604,-1.9094492,-1.0610325,-0.82079977,-0.1018038,-1.8832684,0.5915254,-2.0116196
-1.0352298,-0.8180202,-0.017135074,1.5567212,-1.2899768,2.8473394,-0.88340765,-0.9541889,-0.11317691,1.5764179,-1.1711578,2.946499
-0.95613766,-0.8642578,0.00952513,0.7282638,-1.1655904,2.3289654,-0.8152844,-1.0010608,-0.10863949,0.7151897,-1.0525467,2.5107944
-0.86395013,-0.92974305,0.018611083,-0.33781165,0.6491181,0.10254271,-0.73706204,-1.0454154,-0.099412076,-0.38742206,0.6767086,0.07780134
-0.7311573,-0.99245274,0.060416497,-0.84853154,3.3088214,-4.4176025,-0.6622642,-1.0903535,-0.0930549,-0.9716349,3.382749,-4.4933395
-0.6437025,-1.0417743,0.05474446,0.770515,3.331159,-1.9386258,-0.6020257,-1.1470039,-0.08420798,0.7707187,3.3762276,-1.991284
-0.61432576,-1.118154,0.028316865,1.8898622,0.68148464,2.6397595,-0.53528243,-1.2050377,-0.08528944,1.8947115,0.6962339,2.6981833
-0.53432345,-1.1576085,0.03681404,3.438995,1.692069,4.546824,-0.43854994,-1.271724,-0.0881916,3.4493363,1.8019578,4.664269
-0.5021409,-1.1887681,0.040308334,2.8777237,3.310817,3.6779978,-0.39032215,-1.2953882,-0.091722675,2.8335848,3.4268537,3.7792757
-0.42991003,-1.2326387,0.065277554,4.0046,3.8994653,-2.9698439,-0.34784243,-1.3207655,-0.100251116,3.9538405,3.9807293,-3.2643197
-0.3987718,-1.227896,0.06375135,2.0812342,3.5322797,-1.4776596,-0.3242527,-1.338615,-0.10698826,2.074297,3.5825691,-1.6882386
-0.38819143,-1.2428222,0.07550538,2.299552,2.7426722,-0.7584612,-0.31507662,-1.3344426,-0.105698176,2.3737774,2.777195,-1.0105832
-0.41678306,-1.2299237,0.05088518,1.6915549,2.4136827,2.1040585,-0.31361097,-1.3222364,-0.093763545,1.6544826,2.446036,2.0196967
-0.39338794,-1.2013316,0.124345906,1.852789,1.5753458,-4.0535927,-0.3221018,-1.2755616,-0.08430082,1.7860832,1.5779247,-4.3375854
-0.44130847,-1.1390955,0.09792674,-0.061991636,0.5303734,-3.3626537,-0.35241595,-1.2452323,-0.074890725,-0.14338274,0.45850208,-3.7897823
-0.46003398,-1.1341468,0.09710718,3.0685277,0.09350833,-2.1741464,-0.39991495,-1.2186964,-0.06875381,3.1538715,0.07380052,-2.5999753
-0.5206901,-1.0965797,0.0768976,1.0422715,-1.900897,0.10047467,-0.42655584,-1.1858459,-0.06319566,1.0575019,-1.9742931,-0.1546025
-0.5353925,-1.0475459,0.096963204,-2.1184309,-1.4266853,-0.6527197,-0.45062518,-1.1381369,-0.040795017,-2.1652043,-1.4293847,-0.91971606
-0.5610938,-1.0213103,0.088310875,0.424972,-0.4534575,-0.29836768,-0.4658098,-1.1013107,-0.038685113,0.32436368,-0.43585885,-0.47897246
-0.59225833,-0.9750806,0.084072925,4.698731,-4.5877476,-0.7666475,-0.50161463,-1.0254887,-0.050884724,4.6236925,-4.5868025,-0.8269933
-0.60815716,-0.9174402,0.052200086,1.1676074,-1.8418368,2.0952847,-0.50947666,-0.9775846,-0.0406543,1.2681359,-1.8150704,1.95588
-0.5869702,-0.8755592,0.07621256,-0.8754247,-2.965389,-1.2676007,-0.5149152,-0.92058945,-0.028720792,-1.0169641,-3.0726562,-1.393449
-0.60214734,-0.7868836,0.066447,-0.11023229,-1.1342735,0.2497762,-0.52820045,-0.8591673,-0.029082559,-0.16048115,-1.0711418,0.23142217
-0.5778905,-0.7166672,0.03966359,0.94944924,0.28478262,-0.64376014,-0.5026799,-0.8096014,-0.020590954,1.007254,0.32635766,-0.6835506
-0.5332719,-0.64876807,0.07566989,2.0508375,0.5303917,-3.433371,-0.48378566,-0.74684644,-0.019553365,2.1664195,0.61637443,-3.544143
-0.56088567,-0.6045989,0.028551796,-4.3259835,1.7339761,10.166805,-0.4568196,-0.6228268,-0.004786311,-4.374244,1.6460553,9.77635
-0.49934158,-0.538228,0.087178804,-2.5456412,-1.3205469,-5.047589,-0.44146365,-0.5590705,0.0039545977,-2.5999813,-1.3025107,-5.4069085
-0.5154091,-0.4386804,0.06471703,-3.6793213,-3.2020657,0.2960661,-0.43476143,-0.5083484,0.012311682,-3.8834918,-3.374627,0.3825009
-0.5479466,-0.4027173,0.05161167,-2.5473948,-1.6111405,1.9932538,-0.43854675,-0.46621326,0.017451707,-2.5370214,-1.6345131,2.0079882
-0.4860898,-0.3900137,0.06259061,-1.2276636,-0.2025893,-3.2949274,-0.42091036,-0.43505105,0.010537794,-1.2311113,-0.21486898,-3.3331394
-0.47517297,-0.36587375,0.012808332,0.26386684,1.766453,4.3796406,-0.388637,-0.41605163,0.0020189018,0.45104763,1.8696837,4.5359693
-0.40698394,-0.371076,0.061273105,-1.8296077,4.502654,-12.282848,-0.35908565,-0.40881044,-0.0004827434,-2.0279968,4.661452,-12.277881
-0.4057891,-0.3236637,0.025820712,-1.0466851,0.56739426,3.8583033,-0.35321078,-0.39289334,0.0038284243,-1.1644992,0.49151742,3.8694408
-0.43130258,-0.346999,0.03059485,-0.047197048,0.67247945,-2.5000966,-0.35633314,-0.37254745,0.006007025,-0.015220015,0.73637617,-2.845419
-0.39378402,-0.33749044,0.048482172,-1.0892615,2.0191863,-1.910005,-0.35879442,-0.36595166,-0.00017953354,-1.1315359,2.0082886,-1.9870775
-0.45312074,-0.3510669,0.013059894,-1.845593,2.6351554,0.07521112,-0.3567619,-0.37250227,-0.011653874,-1.7795047,2.7497122,-0.057981286
-0.45411935,-0.37030876,0.02592955,-0.9674261,-0.2379677,-0.21302073,-0.3590209,-0.38021985,-0.024248373,-1.056467,-0.15721561,-0.22487058
-0.31791016,-0.32710028,0.11798034,2.1271276,-19.958138,6.636978,-0.26699027,-0.38239926,-0.0060539343,2.170827,-19.786581,7.337942
-0.29590628,-0.20189571,0.10356272,-0.01528329,-14.060896,9.264826,-0.1997629,-0.3935271,0.003638663,-0.037579946,-14.038445,8.7740135
-0.21664771,-0.34320104,0.09041516,1.383746,-9.52571,3.7019854,-0.16840258,-0.41864735,0.0060524642,1.3176945,-9.532643,4.0806007
-0.17099825,-0.35346615,0.07999817,2.8881984,-5.3701763,1.0872833,-0.12549847,-0.43486917,0.0029771335,3.094407,-5.338716,1.5157862
0.018020004,-0.34003067,0.04076294,1.6869179,-4.1077843,6.0703425,-0.031461123,-0.42381293,0.007843886,1.5773618,-4.0330486,6.4513664
0.15475765,-0.33939254,0.04833696,-0.45611674,-1.8715961,4.426,0.10502248,-0.3923278,0.01641956,-0.6622416,-1.8169068,4.608796
0.30280188,-0.28005457,0.041674234,-1.8196433,5.6886215,13.38545,0.42492715,-0.32664144,0.023326607,-1.9836453,5.8249574,13.268742
0.48069564,-0.24721551,0.045604087,0.76459205,6.416874,7.806064,0.5928936,-0.28426856,0.022294817,0.77598816,6.5362887,7.607169
0.6394739,-0.1687909,0.058945157,1.1882474,6.278969,3.5889888,0.7243186,-0.24208856,0.008940171,1.3400381,6.3694034,3.170324
0.72795355,-0.13529545,0.02499544,-0.17498344,4.534879,7.331195,0.8253367,-0.21411867,-0.0011870164,-0.117966786,4.6800556,7.2382693
0.88184047,-0.12131572,0.071397014,-0.15082663,3.887844,2.7226965,0.9144818,-0.17539136,-0.014204131,-0.08365151,3.9956253,2.2492745
0.9129853,-0.06796759,0.06300808,-0.3026839,2.4136865,4.4505777,0.99081635,-0.13120832,-0.02333523,-0.2602128,2.4217675,4.290606
0.9735074,-0.03960085,0.06951324,0.12627095,5.808687,7.952191,1.113364,-0.06549856,-0.04445127,0.25637206,6.024198,7.847662
0.99679816,-0.011832237,0.04469364,-0.12484294,4.0049787,4.7036524,1.1447378,-0.029562207,-0.05120714,-0.14170496,4.102483,4.6920075
1.0390779,0.03711599,0.062125392,-0.06046969,5.257417,5.110205,1.1714305,-0.00022954609,-0.05812402,0.045647584,5.476589,5.116596
1.0358688,0.07111657,0.05555489,-0.7682376,4.935755,6.826104,1.19331,0.018963683,-0.058962677,-0.7567086,5.108485,6.963438
1.0409532,0.05360347,0.0548354,0.5323387,4.482832,3.012831,1.1856831,0.029451221,-0.058933362,0.6173347,4.7054253,3.0432835
0.99418867,0.092727244,0.07506252,-0.072356045,2.9880552,4.0234466,1.1560127,0.044734877,-0.058713496,-0.055092648,3.1690595,4.2134213
0.9694258,0.09618056,0.07007297,0.5973119,4.3735704,-0.4590146,1.0764873,0.08899284,-0.076914676,0.61699826,4.50481,-0.66148406
0.87523186,0.10876,0.07133294,-0.89937216,2.2870188,2.6625948,1.0119089,0.111944154,-0.06531705,-0.9632342,2.3663642,2.7902734
0.779691,0.13176984,0.06179706,-1.1671323,1.5415981,4.2796803,0.9441158,0.13274537,-0.060224727,-1.1769254,1.6510751,4.334373
0.6815877,0.13065386,0.07426944,-5.203339,7.6999416,3.03548,0.7981951,0.1280451,-0.06886129,-5.3301487,7.792378,3.0944934
0.5087161,0.08482456,0.07475401,-11.171907,19.711433,-5.0205297,0.4636175,-0.009692627,-0.076694645,-11.221302,19.711754,-5.8095217
0.20019296,-0.03350669,-0.09009818,-3.916551,32.522045,4.8114324,0.19380145,-0.063172564,-0.09237715,-4.0369115,32.502007,5.7219954
-0.13026449,-0.025232613,-0.1737705,1.1269027,34.23899,1.1582707,-0.20743234,-0.093801394,-0.086427525,0.97962326,34.62987,1.3710939
-0.43970922,-0.10658181,-0.015445387,-2.4337926,6.187699,-0.24157493,-0.48608413,-0.12811165,-0.063128576,-2.5711176,6.5712185,-0.28755376
-0.9186977,-0.1618908,-0.0497837,-4.702979,2.5753453,-3.905677,-0.79938406,-0.07568577,-0.050182506,-5.242419,2.4473805,-4.284686
-1.3597913,-0.18348312,-0.11213779,-3.9493732,-2.2434032,-6.597317,-1.2338074,-0.11785796,-0.062716834,-4.3202524,-1.9228663,-6.846649
-1.827054,-0.22539335,-0.17676215,-2.1704566,-4.867908,-4.522507,-1.7321773,-0.20822997,-0.13343677,-2.245541,-4.7312856,-4.3177524
-2.1675382,-0.2461102,-0.21473895,1.4889253,-7.322403,-6.9528975,-2.2106247,-0.32171845,-0.23575306,1.6909307,-7.3742967,-6.7659206
-2.5816782,-0.25861543,-0.31787607,-0.6354911,-17.142519,-11.505617,-2.9746678,-0.5392209,-0.44004738,-0.7443885,-18.165867,-12.556506
-3.0637028,-0.4820634,-0.49730745,1.4021769,-12.439112,-2.6978455,-3.2934318,-0.62724715,-0.5397838,1.2639927,-12.755266,-3.190014
-3.4526188,-0.6882498,-0.68558586,2.3506517,-11.418602,-3.9419398,-3.5897882,-0.70963496,-0.6486557,2.2617283,-11.434329,-3.7097237
-3.8253148,-0.8529347,-0.83951354,2.2041636,-11.410336,-3.9370394,-3.8682163,-0.80550843,-0.76399714,2.1117368,-11.4788,-4.025549
-4.0581527,-0.8704047,-0.9334564,4.392191,-14.016563,-4.29107,-4.0971255,-0.91296893,-0.88028216,4.455498,-14.170004,-4.4726963
-4.2036853,-1.0171837,-1.0680571,6.2254667,-16.03715,3.1114175,-4.2831516,-1.0232614,-0.9861251,6.2338834,-16.167765,3.7503428
-4.284711,-0.93968964,-1.1885836,3.2180438,-18.024452,-10.940336,-4.461146,-1.1685867,-1.0820086,3.2322705,-18.435951,-11.676602
-4.499067,-1.243233,-1.1882434,2.5042553,-6.2225904,-3.241249,-4.504723,-1.2389177,-1.1127263,2.0940204,-5.772481,-3.4053545
-4.4809904,-1.3335638,-1.1648817,3.595475,-6.474925,-3.010112,-4.522926,-1.3037626,-1.1357586,3.3587477,-6.189362,-3.4186695
-4.3888297,-1.3618906,-1.1240573,4.5110083,-5.381914,-4.2687793,-4.507977,-1.3556933,-1.1462109,4.6228337,-5.065399,-4.532252
-4.331456,-1.4223782,-1.1186944,4.4304743,-4.120943,-0.7155399,-4.4715476,-1.4053851,-1.1456459,4.301633,-3.8828504,-0.6697228
-4.288824,-1.4818008,-1.1278944,3.051424,-4.7855477,0.6660873,-4.4086404,-1.448923,-1.1230577,2.9285016,-4.6023455,0.8912645
-4.2063365,-1.4819669,-1.0963393,5.907539,-6.559861,-1.8055347,-4.2358723,-1.5081103,-1.0485269,5.9279594,-6.495283,-1.8022728
-4.1136355,-1.5026745,-1.0874432,5.076969,-2.0619895,0.30254525,-4.1424823,-1.519538,-1.0092088,5.040968,-1.9434953,0.34688628
-3.984888,-1.4752109,-1.0202079,6.612995,-2.1948936,-1.962805,-4.0360436,-1.512172,-0.96486354,6.6544466,-2.154858,-1.9806976
-3.8523562,-1.4228842,-0.95801795,6.4311094,-2.2987359,-4.4829454,-3.922274,-1.4832217,-0.91401094,6.5540743,-2.3687115,-4.560544
-3.717849,-1.3638943,-0.8837894,5.136072,-1.6095088,-6.1505485,-3.809053,-1.4422222,-0.85407394,5.167,-1.7744173,-6.3313093
-3.5997908,-1.3518679,-0.825511,3.798684,-0.9486572,-3.0043833,-3.663755,-1.3752048,-0.77718043,3.6775558,-1.0685984,-3.044821
-3.4317229,-1.2433552,-0.7397793,5.8518744,-1.5863442,-5.036138,-3.3847601,-1.1979226,-0.63155633,5.8998737,-1.6128701,-5.133496
-3.2663064,-1.1465335,-0.6689875,1.6271131,-0.010602577,-1.4167408,-3.245328,-1.0966167,-0.567923,1.5190742,0.07030439,-1.3925651
-3.107148,-1.023348,-0.5860105,1.558441,-0.029303549,0.7204396,-3.1150668,-0.99356085,-0.5050458,1.4867376,0.07670723,1.1442721
-2.909552,-0.85554445,-0.47454152,0.45160073,0.09447494,-3.279228,-2.967907,-0.8674098,-0.44242457,0.43159467,0.14756621,-3.1089873
-2.756059,-0.674772,-0.37702975,0.3494739,0.25345,-1.9263381,-2.8107083,-0.7329596,-0.3874095,0.3144072,0.3288079,-1.7911443
-2.6127286,-0.51039684,-0.28905016,0.41030568,-0.35656166,-7.6994634,-2.6410027,-0.5838122,-0.3297101,0.44510418,-0.33592546,-7.9334702
-2.489789,-0.36003345,-0.20596023,4.202448,1.0133097,-5.2817926,-2.397058,-0.31929988,-0.2624507,4.365309,1.1529697,-5.4957123
-2.3382998,-0.22921103,-0.21559702,0.93867356,0.57353586,1.5721275,-2.250727,-0.17790644,-0.22910829,1.0728081,0.85947204,1.7404739
-2.1851478,-0.0923841,-0.20397986,0.18003553,2.0733368,-1.158076,-2.1182344,-0.028542876,-0.19664764,0.36418718,2.3323395,-0.75262487
-2.0393424,0.11225504,-0.18108292,2.5951114,2.6369798,-6.2987294,-1.9844863,0.13276276,-0.16931131,2.803527,2.8251202,-6.3672814
-1.9365586,0.32940006,-0.19397248,1.8703405,0.6152954,-4.692064,-1.8803996,0.31887242,-0.15025766,2.070382,0.88905203,-4.837595
-1.8236518,0.476529,-0.20844714,-2.528246,1.0511503,-4.180158,-1.7846253,0.5104128,-0.13282807,-2.4975991,1.2289072,-4.364147
-1.7136879,0.6675363,-0.21300484,-3.9786468,2.5563006,-5.599185,-1.6392497,0.85906506,-0.11702786,-4.051131,2.7216735,-5.8647857
-1.7059692,0.8537216,-0.22092028,-2.6291149,0.20048332,3.50621,-1.5770018,1.0236267,-0.11976245,-2.5271726,0.5018956,3.6781797
-1.6191473,1.0836177,-0.24464466,-0.7837234,-0.11661786,-9.313736,-1.5304812,1.1734982,-0.12841001,-0.57577056,-0.13697092,-9.538617
-1.5109653,1.2629553,-0.23549895,-1.8823738,-3.1075566,-11.071826,-1.463563,1.299911,-0.13614604,-2.0799885,-3.1628501,-11.411489
-1.480472,1.3692322,-0.26534277,-5.391893,-7.052244,1.0541748,-1.338413,1.4041494,-0.1305405,-5.5115285,-7.2234197,0.5738756
-1.212511,1.5201828,-0.24645801,-3.005714,-19.557896,4.7047963,-1.0649686,1.4964225,-0.12717405,-2.72944,-19.786215,4.684379
-0.8924954,1.7701826,-0.23761745,1.0783924,-36.248074,1.6986729,-0.6934889,1.7720361,-0.12743272,2.6377707,-38.03662,1.1564412
-0.7144635,1.8847114,-0.27168965,-5.713524,-11.202118,-2.6112027,-0.57376224,1.8685533,-0.1275399,-5.2355905,-10.985986,-2.5853941
-0.481706,1.9458565,-0.24543996,-12.212575,-1.5109811,-4.496816,-0.45114866,1.9288772,-0.12797044,-11.68757,-1.5447866,-5.214519
-0.2021524,2.0933948,-0.263472,-11.502091,2.7327094,-2.367559,-0.26293865,2.0053072,-0.13824935,-11.594624,2.6477163,-2.5336246
0.14173141,2.2448847,-0.26560763,-10.110048,3.519386,4.3326635,-0.026350886,2.1047707,-0.17209993,-10.307027,3.5094228,4.4109583
0.25622216,2.2468975,-0.27710953,-11.396882,2.7993484,9.471405,0.22284892,2.190517,-0.19989388,-11.448531,2.5793777,9.623314
0.50960135,2.1266494,-0.32348916,-16.715643,17.610123,12.547821,0.6577064,2.263911,-0.22103506,-17.293169,18.17615,12.764904
0.7591115,2.179254,-0.2925663,-0.7062199,13.514391,5.402804,0.87785,2.2385461,-0.24398507,-1.0428011,13.9966,5.1093783
0.8830781,2.1440556,-0.3275037,-1.9242641,10.04566,7.234245,1.0584276,2.2046363,-0.27405435,-1.8905843,10.375053,7.0335913
1.0870427,2.0710092,-0.3073187,-1.2639515,9.364509,0.8921216,1.1965396,2.162329,-0.29854533,-1.1538438,9.192305,0.830926
1.2337426,1.9848742,-0.33902454,-0.24514443,12.149132,3.9864419,1.3213661,2.103169,-0.31741077,-0.29249963,12.036761,3.8537917
1.2895979,1.9310429,-0.34478948,2.4346218,14.196483,3.6040308,1.4154341,2.0443556,-0.3236539,2.5689962,14.246005,3.7567372
1.2920938,1.8021066,-0.38116038,-2.8357139,22.554506,2.5197809,1.4189754,1.8742576,-0.34484175,-3.0266232,22.99149,2.8729556
1.1827718,1.7167664,-0.27184102,-9.766509,17.085873,-3.167667,1.2351258,1.6766099,-0.33033258,-9.896334,17.285683,-3.558065
1.0934802,1.5349284,-0.26429603,-5.9305005,18.030054,-1.6977812,0.99354255,1.5351788,-0.31317934,-6.0624404,17.906565,-1.8583537
0.93812287,1.451725,-0.2582964,-0.56046253,11.664322,5.1807275,0.8350518,1.5082668,-0.28564432,-0.50237226,11.637541,5.237685
0.7025311,1.2757256,-0.11332425,16.240517,-16.309845,2.7144995,0.69971305,1.4555795,-0.2616168,16.332739,-16.096205,2.2256033
0.3506283,1.1573515,0.043673076,28.686466,-39.556488,3.2796333,0.51910853,1.3312757,-0.33000678,28.442804,-40.09438,3.489186
0.25323632,1.2084372,-0.13771625,12.909097,-12.190951,8.311644,0.38495407,1.2543905,-0.46710274,13.126743,-12.312577,8.290369
0.26635602,1.2766552,-0.20268096,-5.7668796,30.284073,7.1633,0.43741122,1.2737304,-0.5066884,-6.172641,30.119507,7.223464
0.3250871,1.3447355,-0.10907253,4.2075152,2.3661575,-2.2752728,0.41944408,1.323668,-0.43318036,4.3512096,2.5260434,-2.1092331
0.2924371,1.4657276,-0.19442664,5.8366623,-1.7897437,-0.05164211,0.34303376,1.3759887,-0.37729198,5.992572,-1.5072776,0.12047829
0.23776785,1.4934921,-0.33314332,3.5602157,-2.8658078,1.330027,0.2472981,1.4447255,-0.35836706,3.7589405,-2.7785487,1.0820626
0.064834505,1.5279782,-0.39734694,1.7133793,-2.1467967,3.4086478,0.14934942,1.5387479,-0.35936525,1.970118,-1.9302171,3.4355543
-0.013609022,1.6308063,-0.40213296,0.5959241,-0.7922242,5.7091327,0.06979714,1.633425,-0.35714388,0.80021757,-0.5205159,5.8289714
-0.07971367,1.7087307,-0.38743362,-1.580309,-0.88959205,5.2370353,-0.002610302,1.7239224,-0.34237388,-1.4922613,-0.7287591,5.4263206
-0.112207025,1.8373618,-0.3959926,-7.2947364,-3.0248358,9.848286,-0.12532356,1.9057267,-0.3363782,-7.375429,-2.986906,10.094069
-0.23501715,1.8976357,-0.41056296,-5.2223296,-2.198494,6.707028,-0.1799586,1.9914426,-0.3445697,-5.177965,-1.9997205,7.071582
-0.29980287,1.9767182,-0.41625354,-5.515367,-2.265171,1.2630633,-0.21631119,2.057533,-0.35328123,-5.4621205,-2.1663706,1.4251542
-0.30212268,2.022881,-0.42244408,-7.375855,-1.2106366,-0.7749755,-0.24779598,2.121373,-0.35892618,-7.370094,-1.1410714,-0.720844
-0.32105288,2.0316179,-0.43868253,-9.567072,-0.46552017,1.5688571,-0.26416415,2.1657329,-0.3559889,-9.571476,-0.32031,1.7232964
-0.3477207,1.9941466,-0.36261734,-10.692318,-0.75142825,-0.5320856,-0.2695495,2.1754637,-0.3422649,-10.6984825,-0.52454156,-0.38595298
-0.35620293,2.0419588,-0.25196546,-10.741513,-1.0481046,-1.3948056,-0.27646548,2.137279,-0.3189389,-10.827953,-1.0114518,-1.4520957
-0.3570622,1.926405,-0.2616298,-19.685196,-3.079769,1.4388777,-0.30027518,1.9475566,-0.26036093,-20.028883,-3.057413,1.8076444
-0.36396,1.7473768,-0.15140994,-10.382763,0.040492807,1.0494925,-0.31928357,1.8080491,-0.048104115,-10.692158,0.2331094,1.2823073
-0.36274454,1.5289719,-0.09084629,-8.319814,1.1732845,-1.4940361,-0.3309227,1.603261,0.23460828,-8.38606,1.3073838,-1.2623547
-0.35963687,1.2358005,-0.07961095,-2.1991277,0.47329232,-2.452246,-0.31315437,1.3528739,0.2081194,-1.7904241,0.5416691,-2.3726382
-0.3621218,0.93771863,-0.07141363,0.5916135,1.3629727,-3.1584957,-0.29733747,1.104309,0.10714166,0.793104,1.390747,-3.2208862
-0.38201752,0.6655011,-0.06567479,3.2072463,3.2603981,-3.319165,-0.28900075,0.81720173,0.08477755,3.2378232,3.3106546,-3.4711366
-0.4197496,0.3897794,-0.05405826,6.2802663,3.710743,-1.6058518,-0.28464943,0.49963877,0.072165355,6.3045483,3.7689712,-1.7137624
-0.42484817,0.1353702,-0.044686146,13.419114,0.2234067,3.4770324,-0.3157248,-0.0050952625,0.057346363,13.4547415,0.34035683,3.5747638
-0.48766097,-0.06730521,0.09002623,-12.296384,-12.04534,6.3697906,-0.34882444,-0.20131813,0.082722,-10.682099,-11.031765,7.273835
-0.52768624,-0.37222433,0.111247756,-10.152545,-2.4480855,1.16303,-0.37742144,-0.39596683,0.20260347,-10.052283,-2.1921024,1.2115935
-0.48754433,-0.68855214,0.07322989,19.320843,3.8478763,4.5541396,-0.366876,-0.62402475,0.34366193,19.837877,4.041413,4.715665
-0.4977382,-0.7907164,0.038134523,24.031332,-4.094227,5.7834115,-0.33125636,-0.8468515,0.33185884,24.383535,-3.9334996,6.074048
-0.43633303,-0.9874097,0.08442516,14.883695,2.3966978,-5.4516335,-0.3228933,-1.038408,0.18899138,14.754188,2.5855346,-6.119029
-0.44633743,-1.2226193,0.06680635,18.844082,2.9444263,-2.6136935,-0.3229606,-1.1766378,0.07495297,18.585112,3.343146,-2.627973
-0.3815665,-1.2706087,0.06528071,20.58179,-4.951784,3.9744568,-0.2594159,-1.2053674,0.042010598,20.531464,-5.2461457,4.3534083
-0.34464,-1.1334207,0.08815596,10.119323,1.7924653,1.4326171,-0.23831889,-1.1412102,0.04161839,9.793516,1.98315,1.3607644
-0.34507832,-1.0100242,0.10785169,9.2682085,4.7914715,0.40135318,-0.23682031,-1.0311742,0.060078282,8.900649,4.868396,0.47662613
-0.3243861,-0.8501582,0.112336524,9.929971,4.402644,-1.7633325,-0.24338143,-0.89427656,0.07239713,9.673969,4.3939304,-1.8519491
-0.3224418,-0.6654135,0.08897466,10.588832,0.078605145,1.4194273,-0.25348938,-0.727785,0.085540056,10.331756,-0.09801026,1.3976144
-0.34928116,-0.45732898,0.094350405,7.5658255,-3.021909,2.5604756,-0.27580634,-0.5223626,0.099094726,7.2477093,-3.2489026,2.6011703
-0.37220052,-0.21913451,0.09672732,5.56899,-2.7802455,-1.5159603,-0.30395305,-0.25895533,0.105574034,5.2553215,-2.963733,-1.7529827
-0.41373846,0.1310336,0.06962984,6.970227,-2.4554946,-0.91156024,-0.34756666,0.3193682,0.09847539,6.682597,-2.4469063,-1.0715872
-0.43688127,0.523042,0.047883295,-1.2512273,-2.0197976,1.4982091,-0.3447126,0.6262276,0.08066635,-1.0249393,-1.9481683,1.5673844
-0.43081364,0.8841444,0.027029814,-2.0986824,2.4543679,-0.13891761,-0.3419016,0.94759244,0.058677543,-2.0742555,2.5253456,-0.029506253
-0.39972082,1.2627852,-0.0072587635,-1.7303811,1.8262609,-1.7964627,-0.3333508,1.2759169,0.0032180732,-1.7092372,1.9161443,-1.7691156
-0.40138474,1.6505896,-0.06959837,-2.4448655,2.4748697,1.8154846,-0.3121917,1.6096578,-0.13885042,-2.3314917,2.5030077,2.0149755
-0.3630502,1.9576825,-0.15892808,-4.830792,4.729639,-0.7302522,-0.2926433,1.9130923,-0.40978235,-4.6928244,4.6989493,-0.55665594
-0.3968682,2.2594597,-0.24406065,-10.887984,4.639668,-0.7503833,-0.3092152,2.2260685,-0.55434906,-10.414954,4.847148,-0.6900086
-0.37786326,2.5718596,-0.3850946,-20.841839,7.8891163,-5.339854,-0.40694445,2.7417748,-0.53131044,-20.493597,8.082792,-5.678416
-0.5309297,2.8356276,-0.4654926,-12.744994,2.2783558,5.0318418,-0.48329967,2.9504604,-0.5558056,-12.749556,2.4597414,5.433102
-0.62480223,3.0441856,-0.56053,-16.036865,-1.2700708,-0.8514678,-0.5709646,3.102169,-0.5809762,-15.852551,-1.2223091,-0.59823024
-0.6851419,3.068892,-0.601018,-17.292435,-0.017175106,-6.0720396,-0.6560589,3.2005122,-0.57800543,-17.238636,-0.05319751,-6.2878394
-0.81065166,3.1405983,-0.58785325,-12.149749,1.5068269,-3.5392141,-0.7502994,3.2622244,-0.5193104,-12.016029,1.4940606,-3.7978146
-0.91889274,3.1343398,-0.56787676,-5.253283,-2.5310576,4.3272195,-0.8571722,3.2562058,-0.44507286,-5.0814085,-2.523268,4.8096013
-1.0169334,3.078518,-0.5407238,-3.630799,-3.9794896,0.1937991,-0.9590512,3.1834102,-0.45352882,-3.6195045,-4.0038095,0.34107828
-1.1029053,3.0017006,-0.5179371,-7.562654,-8.025732,-0.97074336,-1.0892621,3.0148444,-0.43120432,-7.4578815,-8.193369,-0.9650149
-1.1551911,2.8620138,-0.46891335,-2.9604864,-1.4272978,0.9691728,-1.157581,2.914151,-0.39900723,-2.9196022,-1.280738,1.2094662
-1.1795884,2.7405283,-0.41387385,-0.74835056,-1.2057368,-1.176099,-1.2107933,2.791379,-0.3810002,-0.72082466,-1.2184969,-1.2086164
-1.2196835,2.6305213,-0.36415157,-0.32330483,-3.563822,-6.425566,-1.2407459,2.6556857,-0.34673637,-0.41590452,-3.7369394,-6.7278886
-1.2606817,2.4322531,-0.34251615,-1.8513666,-4.1801286,0.086202696,-1.2652957,2.5266876,-0.26319534,-1.971065,-4.306983,0.10959133
-1.2461427,2.2809577,-0.31030133,0.28427547,-1.2809689,-1.5645796,-1.2795113,2.411952,-0.19219561,0.2556212,-1.2471673,-1.6384512
-1.2415208,2.1601014,-0.26590016,3.848951,-1.1197371,-3.7336938,-1.2842642,2.24672,-0.17690185,4.0489354,-1.1912322,-4.117962
-1.2595285,2.003716,-0.26716438,5.066914,-3.6682088,2.0299428,-1.2709295,1.9597409,-0.17946073,5.188764,-3.8247864,1.9980512
-1.2564324,1.8467861,-0.25402668,2.678494,0.13824138,3.92832,-1.2529645,1.8300831,-0.16565467,2.7240474,0.18824111,4.089655
-1.2441295,1.7209784,-0.2453631,3.7527435,0.10698649,4.851998,-1.2350322,1.7346609,-0.19339933,3.7725887,0.07353339,5.0270467
-1.2192725,1.609791,-0.24549647,7.354031,2.1932142,0.73338395,-1.2058271,1.6450214,-0.29046306,7.3750815,2.1721337,0.69142765
-1.1885144,1.5315393,-0.22702087,5.0942974,3.6335938,-3.594192,-1.1659244,1.5488597,-0.41081735,5.05377,3.6950078,-3.8387394
-1.199549,1.4668015,-0.24420981,2.7114391,0.450613,2.5245917,-1.1411631,1.4771122,-0.4028122,2.7336736,0.48991022,2.638166
-1.1950706,1.435703,-0.23890848,-1.67161,2.9441826,1.9467915,-1.1379459,1.4374305,-0.30270082,-1.6897917,3.1236176,2.023228
-1.1743457,1.4011035,-0.16991669,-10.826009,10.476803,-11.496258,-1.1620413,1.393275,-0.1133946,-11.155217,10.758903,-11.972704
-1.2013518,1.2857429,-0.0646789,3.7222428,-12.862003,-12.571913,-1.2183771,1.338255,0.14014149,3.6891496,-12.857686,-12.964528
-1.1584455,1.2466993,-0.12700762,2.4916034,-0.5446075,-13.593564,-1.2599689,1.2578565,0.14930706,2.2427025,-0.58957744,-13.497586
-1.2012326,1.140784,-0.121407114,0.10603207,1.0359586,-11.059764,-1.2799329,1.1714046,0.03155706,0.093592085,1.028374,-10.938194
-1.2553424,1.0104631,-0.10604125,0.048536714,-2.289261,-3.9161115,-1.2974199,1.079126,-0.0019342538,0.015045748,-2.490995,-4.202921
-1.2843937,0.9487071,-0.11706912,-1.1339483,-1.0517198,2.2036116,-1.30034,1.0127641,-0.017038034,-1.2448102,-1.0920515,2.2012792
-1.3270007,0.8634119,-0.12927507,0.16174835,1.0954406,5.3320475,-1.2987199,0.9401622,-0.063067794,0.043166712,1.1231045,5.56919
-1.4223694,0.8164073,-0.08019953,15.613266,7.7226067,21.445513,-1.3129321,0.79795164,-0.3165841,16.041607,7.7449455,21.673912
-1.410942,0.8039241,-0.18675137,4.82421,3.1457713,7.3136735,-1.3204259,0.73452,-0.41245687,5.059183,3.3487513,7.8044586
-1.3995258,0.76063323,-0.17315175,5.009932,0.31047168,4.7096634,-1.3522333,0.71976525,-0.33195925,4.9763803,0.5194359,5.186642
-1.4672471,0.7294092,-0.17520459,3.9662623,-0.52932096,3.3531206,-1.3957125,0.74163914,-0.24710748,3.9078078,-0.3662087,3.2205367
-1.5238981,0.80961007,-0.18975492,2.077518,-0.8094998,2.3221633,-1.435438,0.78429174,-0.22472641,2.059622,-0.7647872,2.3790574
-1.5475563,0.8646815,-0.13548227,-7.002313,0.18926957,0.28694946,-1.475458,0.8379929,-0.19249955,-7.124258,0.29335093,0.23478012
-1.478634,0.90443027,-0.12646417,-16.498907,2.6933305,-5.5392017,-1.5181544,0.9049454,-0.089201786,-16.714413,2.8945723,-6.1165357
-1.5368315,0.85780036,-0.04554703,6.117269,-11.740791,-20.047419,-1.5966033,0.91055095,0.12830494,6.3564,-11.912805,-20.721975
-1.5283266,0.90421677,-0.12057432,2.408288,-4.077162,-8.424311,-1.6296473,0.8771382,0.072439864,2.4355586,-4.2918553,-8.849956
-1.5589348,0.84638345,-0.11405607,2.5379367,-3.1596017,-6.8463125,-1.6521744,0.8349121,-0.009145454,2.632369,-3.244407,-7.2566457
-1.5737576,0.8035158,-0.10669487,2.5534635,-5.1279507,-5.6498346,-1.6443663,0.8081963,-0.030777821,2.6229832,-5.2960587,-5.9734926
-1.5633067,0.7791998,-0.121063404,-1.3775444,-1.5746487,-0.77511305,-1.6075504,0.7983027,-0.0583598,-1.4769487,-1.4914054,-0.8783899
-1.5551987,0.749976,-0.13464905,-0.77064794,2.5400765,4.957443,-1.5830082,0.7938969,-0.08755289,-0.813227,2.6912987,5.090341
-1.5056373,0.75255746,-0.10493442,1.247486,2.5002458,-4.859537,-1.5678575,0.7906116,-0.08936274,1.3058501,2.5134833,-5.26237
-1.4920028,0.7643948,-0.12282681,3.388969,-1.1742063,-1.0210534,-1.5087502,0.775629,-0.08720621,3.4048457,-1.1945629,-1.2301714
-1.4595872,0.75401396,-0.111423425,1.1861776,0.1026364,-3.646177,-1.4839349,0.77542454,-0.071935095,1.1479994,0.21727699,-3.9463062
-1.4437655,0.7533513,-0.11883222,0.31826168,2.5922232,-0.020764517,-1.4719433,0.78078353,-0.07612378,0.2937734,2.6833036,-0.22516139
-1.4493302,0.74906164,-0.11377568,-0.32607406,0.8490524,1.1648272,-1.4574337,0.7798267,-0.08436102,-0.37149963,0.9125677,1.0180553
-1.4368888,0.766081,-0.106707714,-2.2068257,0.24466196,3.855409,-1.4358277,0.78095925,-0.08255767,-2.2911272,0.28112864,3.9214637
-1.4237084,0.76218075,-0.099134885,-2.242527,0.046562288,2.7651422,-1.4256889,0.78956956,-0.06953208,-2.370005,0.055411022,2.8359194
-1.4014946,0.76201904,-0.092103325,2.0432577,-0.10124564,-2.9684975,-1.4272771,0.7896111,-0.06864387,2.1116712,-0.09074444,-3.148877
-1.409047,0.8174787,-0.14109026,7.118592,1.1310344,10.360092,-1.4092238,0.7954599,-0.14946209,7.3025503,1.1826646,10.237994
-1.4414302,0.809797,-0.14577407,4.970695,3.5131161,17.30278,-1.3900324,0.8154769,-0.32610387,4.96027,3.5360682,16.918774
-1.451765,0.8418295,-0.17528714,0.3715002,4.3387485,10.595854,-1.3912033,0.8564051,-0.42081895,0.33314306,4.243242,10.697046
-1.4448373,0.9045437,-0.16824855,-0.1135723,2.7009573,1.912903,-1.4133749,0.919553,-0.356421,-0.17452796,2.729654,1.9735973
-1.4819437,1.0060833,-0.1880286,-0.49327713,0.997555,3.995866,-1.4334673,0.9860089,-0.29259273,-0.5602757,0.9603084,3.9439838
-1.5215098,1.0806613,-0.19823846,-0.8931872,0.048458967,1.846995,-1.4503284,1.0542667,-0.2730635,-0.9275156,0.046193723,1.7726827
-1.563729,1.1364788,-0.2030175,-1.0719267,-0.27857268,2.369724,-1.4776319,1.130575,-0.25520667,-1.0730233,-0.28490877,2.3351471
-1.5789888,1.2128704,-0.20589888,-2.980898,-1.2096252,5.49205,-1.532539,1.2513108,-0.25508106,-3.0380855,-1.2082516,5.551181
-1.6087886,1.2723016,-0.20126714,-1.7535025,-1.1693898,-1.9327487,-1.5565704,1.3091758,-0.2557499,-1.7392403,-1.1836882,-2.139759
-1.6196533,1.3360869,-0.20457196,-5.1911325,-3.6916528,2.523105,-1.574718,1.358019,-0.25832316,-5.310465,-3.7438352,2.5599117
-1.5915284,1.3883381,-0.2515802,-19.700344,-6.398217,1.086253,-1.5968679,1.4098003,-0.22380312,-19.983057,-6.314858,1.0559509
-1.5795908,1.3930954,-0.19164045,-15.580352,-0.20910668,1.1650254,-1.6129378,1.4406003,-0.06107084,-15.749396,0.07283319,1.25759
-1.5894245,1.3209425,-0.18003513,9.8371935,-2.1529932,5.401073,-1.6023107,1.4158425,0.13179602,10.283533,-2.3306043,5.590302
-1.574237,1.2993115,-0.16443203,7.2377214,-7.5477414,-2.8637428,-1.5588794,1.3113827,0.08132598,7.2130713,-7.7229943,-3.1720147
-1.4704449,1.232347,-0.21844082,17.145163,7.6952076,-0.5057985,-1.4655368,1.1941221,-0.33041728,17.435806,7.713056,-0.6909639
-1.4333259,1.1510419,-0.21944214,2.267335,2.0887218,-0.77029556,-1.3849099,1.1849158,-0.38955668,2.5796921,2.09924,-0.8163733
-1.3562876,1.1972759,-0.18158981,-0.67842823,-0.10041097,-4.9213724,-1.3334069,1.2232562,-0.32448572,-0.47902495,-0.13882577,-5.359234
-1.3770697,1.23311,-0.22622389,-1.4945916,-0.061587807,4.1475186,-1.3086014,1.2720841,-0.27906352,-1.3894844,0.018946843,4.147055
-1.3458674,1.2906106,-0.20939487,-1.0076233,0.7379377,-2.1443117,-1.2922009,1.3034343,-0.25148028,-0.96855843,0.7937132,-2.3826802
-1.3305057,1.319461,-0.20549186,-0.07543677,0.9227573,-0.63500375,-1.2743393,1.3246226,-0.23851489,-0.015485873,0.91206247,-0.71011317
-1.300738,1.3391939,-0.2165549,0.39017707,1.2409265,0.9209443,-1.2490909,1.3531967,-0.22595035,0.4568246,1.3278639,0.9804477
-1.2788949,1.3759828,-0.21190341,-3.2753026,3.3859086,0.5836924,-1.2251202,1.4132665,-0.23150581,-3.352745,3.4920735,0.575088
-1.2792099,1.4103892,-0.18352126,-7.737408,-5.690315,1.8878022,-1.2158453,1.4370539,-0.26630068,-7.816338,-5.8041644,1.9209354
-1.2363323,1.4330642,-0.18517944,-2.9614148,-13.022287,2.3389585,-1.1900319,1.4473298,-0.38398752,-2.8901334,-13.1662445,2.2227607
-1.2268544,1.4378014,-0.2761879,8.901687,0.3366525,2.7038977,-1.1370583,1.4364488,-0.57684416,8.967031,0.3199679,2.862757
-1.1728127,1.455796,-0.25824535,0.90102303,4.9200177,4.5493703,-1.04903,1.4260734,-0.6352506,0.8231562,4.8876357,4.7328873
-1.0960639,1.4582343,-0.23244883,-2.9393759,0.887412,1.8786012,-0.97368765,1.4402859,-0.51978666,-2.8687391,0.90127945,2.1463845
-1.0136455,1.4448768,-0.2641994,-1.6796743,1.6625042,1.824747,-0.92354894,1.4473646,-0.40796715,-1.6501672,1.6852075,1.9335265
-0.89881504,1.4706948,-0.29249355,-5.6969223,3.8747168,-7.146172,-0.8443365,1.4402858,-0.34492862,-5.7617717,3.9153366,-7.48619
-0.8377124,1.441608,-0.27316877,-6.368075,1.176964,-0.002989935,-0.8022221,1.4334394,-0.31984472,-6.398248,1.1179745,-0.08578998
-0.77577937,1.3979847,-0.2360136,-9.598635,2.4371963,-0.583687,-0.77398294,1.42087,-0.23918828,-9.71284,2.6172793,-0.61548036
-0.7725686,1.2772231,-0.15563636,-7.828362,5.431706,3.5616722,-0.7755893,1.373313,0.012802947,-8.014266,5.51748,3.9877417
-0.8182982,1.1989354,-0.08124972,-1.2229279,5.1768064,-1.6643931,-0.782193,1.2938248,0.17789492,-1.2019726,5.191003,-1.7560897
-0.8292012,1.0973301,-0.13599728,1.1046426,2.34892,1.6752514,-0.7738811,1.1798048,0.10481383,1.2666395,2.3242383,1.6889118
-0.83177686,0.97321373,-0.13496767,3.4743557,1.7272148,-0.75551957,-0.7830373,1.044527,0.02578837,3.5502093,1.7073947,-0.7786759
-0.87178314,0.85453194,-0.13573773,10.2241955,0.8576673,0.389921,-0.83943033,0.8173087,-0.019306568,10.34156,0.89697915,0.28731766
-0.91504157,0.77120954,-0.109204136,5.0845647,-0.07879862,-2.9697888,-0.8776745,0.7351118,-0.02887011,5.1827493,0.0043166475,-2.957208
-0.9561287,0.6859713,-0.10947066,4.68072,0.118624836,-2.067862,-0.9092527,0.68080974,-0.035787642,4.78219,0.19008002,-2.1133037
-1.0123727,0.6237626,-0.11692526,4.274205,-0.43197787,0.83753306,-0.9499172,0.63366,-0.045445736,4.329357,-0.39924353,0.8959965
-1.0453804,0.6099528,-0.06799533,-3.1269493,-6.4635954,0.31077987,-0.99533635,0.6075191,-0.061000247,-3.1323504,-6.5293536,0.4012107
-1.0651052,0.62959504,-0.065960534,-15.365982,-5.3828125,-0.57677096,-1.0358121,0.590879,-0.05328796,-15.373022,-5.140618,-0.46430963
-1.1103216,0.48257238,-0.111827455,3.6559472,5.0235577,1.6580974,-1.065421,0.5560582,0.09702091,3.7651494,4.9392843,1.5319338
-1.0921998,0.482804,-0.07957625,18.830002,-3.3754659,10.669155,-1.0708845,0.4510285,0.19278571,18.967945,-3.7348924,11.005488
-1.1135826,0.48801076,-0.0997264,4.1330066,-5.4592195,4.1144357,-1.0690917,0.41729274,0.1033605,4.6719513,-5.4119554,4.638883
-1.1193483,0.44100124,-0.038023643,5.5216656,-2.4188712,-7.9367642,-1.0807787,0.41804567,0.062102094,5.8139825,-2.3816926,-7.783255
-1.0796546,0.46859097,-0.078176074,8.206328,0.44021538,-3.8004792,-1.0770637,0.45856535,0.05311247,8.4102125,0.5489123,-3.825907
-1.0534606,0.5218722,-0.10090662,3.6042845,-1.4334856,1.9348382,-1.0485114,0.5178842,0.052253667,3.583204,-1.4804354,2.0454276
-1.0440192,0.5922852,-0.08836978,-0.20202821,-1.7554855,3.1737819,-1.0043157,0.599288,0.028367896,-0.2878232,-1.7946311,3.192982
-1.0112513,0.6726929,-0.06867467,0.37575203,0.3535854,-3.3705502,-0.958556,0.6971064,0.008269829,0.4561484,0.40855464,-3.6034346
-0.9691824,0.8146339,-0.12122949,11.282239,6.080702,-1.0478724,-0.8577951,0.8878323,-0.24636297,11.573364,6.1508665,-1.1320794
-0.9566444,0.9634494,-0.15332925,2.0683637,3.1646316,3.2265456,-0.8272496,1.0029517,-0.27400056,2.196735,3.2686393,3.3678632
-0.9114256,1.0934566,-0.14283872,0.9064793,2.956846,-1.8976089,-0.81749666,1.1348228,-0.2253765,1.0845995,3.0630414,-2.164454
-0.89723337,1.2629986,-0.15195432,-0.5642372,1.8827816,-1.534531,-0.8188495,1.2997084,-0.1986833,-0.50279844,2.0087059,-1.6429709
-0.9131869,1.4660946,-0.17977509,-1.8068494,1.8385023,0.7081805,-0.8332039,1.4593955,-0.20048186,-1.7385327,1.915182,0.6342853
-0.9312446,1.6071968,-0.18299618,-2.8687453,2.0208828,-0.6369991,-0.84909034,1.5950164,-0.21147549,-2.845904,2.082243,-0.73967797
-0.95696485,1.743451,-0.19493781,-3.8545697,1.8479652,-1.1714712,-0.8705467,1.7442774,-0.23314323,-3.8796377,1.8908973,-1.2617218
-0.9838636,1.9078906,-0.21043019,-8.311399,1.6550514,-1.2481767,-0.9412946,1.9986069,-0.28410277,-8.414206,1.7234653,-1.3063879
-1.0440309,2.013085,-0.24313061,-5.20825,0.35735986,1.2996582,-0.9843949,2.1027365,-0.308299,-5.169697,0.3627573,1.3061873
-1.0972843,2.119,-0.27069366,-5.4010773,-0.10498276,3.7111738,-1.0226421,2.1763387,-0.326904,-5.3949323,-0.026834479,3.8952146
-1.1320573,2.2073545,-0.28460577,-5.0413036,-0.40586358,-3.5521557,-1.067459,2.2465084,-0.34463122,-5.0897183,-0.41631055,-3.7076607
-1.1895745,2.2553544,-0.29898,-4.371877,-0.619251,1.4252285,-1.1126872,2.2960947,-0.35747936,-4.3895707,-0.6203844,1.4992235
-1.2170683,2.2836475,-0.3055382,-4.3072867,-0.85989475,-0.14834826,-1.15807,2.3307362,-0.36481133,-4.349269,-0.78158605,-0.089535676
-1.2538563,2.288764,-0.3121704,-4.460377,-0.99270076,-0.84173363,-1.2019871,2.3498435,-0.37214926,-4.510408,-0.9670315,-0.85582215
-1.2849079,2.2829773,-0.31918496,-7.17097,-1.8002155,-1.0063363,-1.2628098,2.3155994,-0.37208444,-7.2537923,-1.7583933,-0.9982328
-1.3157247,2.2288702,-0.31415913,-3.5942266,-0.93621683,-0.30383867,-1.290718,2.2711282,-0.3642673,-3.5663643,-0.90628755,-0.29081967
-1.3426753,2.1754706,-0.31315598,-2.7372248,-0.8948169,-0.2996804,-1.3135667,2.220466,-0.3561204,-2.805859,-0.8407236,-0.2799147
-1.3669841,2.102856,-0.30850345,-2.0653849,-0.87751484,-0.16319816,-1.3355925,2.15201,-0.34228313,-2.143665,-0.8292716,-0.12186179
-1.3849534,2.012856,-0.29962507,-1.483654,-0.8239287,-0.18082587,-1.3514887,2.0783846,-0.32518473,-1.5604942,-0.7766023,-0.14241758
-1.3988391,1.9251368,-0.29040572,-1.0890486,-0.9345623,-0.1863672,-1.3697221,1.9840575,-0.30728143,-1.1681558,-0.8963651,-0.16630656
-1.4107171,1.8322729,-0.2826728,-0.5315065,-1.0876135,0.00097067445,-1.3849422,1.890636,-0.2898694,-0.5992399,-1.0553756,0.025380641
-1.4189379,1.7187854,-0.2718998,0.53998727,-1.7132246,0.13467105,-1.3928393,1.7063159,-0.2559489,0.530757,-1.7090222,0.11101276
-1.4167325,1.6054466,-0.26190963,0.968553,-0.97452223,-0.14025371,-1.3921586,1.6098181,-0.23152256,0.99420947,-0.9155118,-0.13924769
-1.3957326,1.5149803,-0.25852227,1.9760575,-0.43461975,7.069571,-1.3932432,1.5271475,-0.21402189,1.9449657,-0.37556902,7.209606
-1.404442,1.396065,-0.16287126,4.3002357,1.1056049,30.475681,-1.3825111,1.4584906,-0.20000632,4.544623,0.96059084,30.589605
-1.2790622,1.1586561,-0.22774379,0.10577071,3.2153816,95.34,-1.3720874,1.4592583,-0.19960296,0.486037,4.1163483,94.7999
-1.2640954,1.2488513,-0.29994708,-8.877505,4.898779,103.81213,-1.3486702,1.4195592,-0.2032354,-10.534837,4.365336,102.29032
-1.1215606,1.4508154,-0.25119355,-11.206731,2.0697458,67.00119,-1.2703235,1.3001586,-0.18955083,-12.245853,1.8741107,66.497574
-1.0284011,1.4744387,-0.15218808,-2.6515274,0.66986054,49.910778,-1.0947043,1.275874,-0.10637512,-1.3542776,0.10803513,49.82351
-0.9929154,1.2374011,-0.13952954,5.876478,0.9289225,6.1036263,-0.9891579,1.2492619,-0.065999955,6.1365504,0.8941211,6.523444
-0.88445115,1.1469268,-0.13658455,6.860869,-2.6365087,-1.5881463,-0.8637553,1.2012458,-0.070263006,7.4162974,-2.3016782,-1.9917766
-0.63322806,1.1701648,-0.10398682,4.143021,-0.3095629,-4.274218,-0.7374882,1.1534154,-0.0835296,4.1525393,0.062357664,-4.428956
-0.45904914,1.16855,-0.07888626,5.077257,1.0528265,-4.783793,-0.5694628,1.0917176,-0.08648931,5.39925,1.2397188,-4.7940807
-0.30734286,1.1446545,-0.048099138,5.3259573,2.1533372,-10.526584,-0.43017313,1.0479808,-0.07348486,5.32968,2.4710007,-10.586581
-0.32987854,1.1207337,-0.09296966,0.94533426,1.2814183,2.2614288,-0.22213292,1.041409,-0.04254473,1.2018018,1.588708,2.9767144
-0.1578401,1.0717748,-0.08210816,5.7007136,3.2089193,-53.130573,-0.12726077,1.0103213,-0.032041214,6.0204735,3.1574302,-52.733124
-0.13391441,1.2302175,-0.29002008,5.0286117,0.61129606,-71.9607,-0.0797486,0.9776519,-0.017515063,5.34943,-0.36702666,-72.4183
-0.08599454,1.1141242,-0.0725226,4.055876,0.7359196,-49.587193,-0.036656555,0.9427228,-0.009134862,4.2116942,0.49742493,-48.820908
0.08326158,1.1169784,-0.04353889,2.9140596,2.1145458,-31.165634,-0.0057933973,0.9221161,-0.013863484,2.8304892,1.7872059,-31.317886
-0.018062443,1.114221,-0.04184755,2.253603,2.5707233,-35.247475,0.006606267,0.92698836,-0.035036907,2.1499274,2.6793952,-34.88115
-0.066208094,1.0135962,0.015818277,4.4412,6.1526003,-26.668661,-0.060114007,0.9929764,-0.06706761,4.1511803,6.3900185,-26.161522
-0.16583487,1.034395,-0.0154327955,2.5834994,3.9078074,-10.251195,-0.12822345,1.0331532,-0.06853676,2.656141,4.0033813,-10.571512
-0.30784294,1.0666018,-0.07248434,1.9976449,3.157998,-1.1226898,-0.20759189,1.0893173,-0.07454601,2.1327581,3.241715,-1.4065167
-0.39917728,1.121426,-0.06138412,1.240498,2.039073,-5.135914,-0.30005035,1.1512756,-0.08229387,1.182302,2.1139476,-5.233181
-0.505456,1.1915237,-0.05635851,0.6657507,1.3958004,-8.092003,-0.40853587,1.2182744,-0.09430106,0.61094826,1.5096616,-7.991614
-0.61418045,1.2561734,-0.09274205,-0.022974674,1.0181347,-4.049901,-0.52018595,1.2888687,-0.11048576,0.066760205,1.010756,-4.229273
-0.7637783,1.3545488,-0.10922953,-1.515297,-0.25589812,-4.06769,-0.77578676,1.455088,-0.14455448,-1.5405952,-0.29921743,-4.1571827
-0.9293165,1.4467374,-0.14242367,-0.5017534,-1.9434817,-2.717771,-0.908294,1.552756,-0.16940446,-0.48331946,-1.9901599,-2.7711163
-1.0623678,1.5671312,-0.17288254,-1.1762428,-3.5711977,-8.396575,-1.027379,1.6546859,-0.19489932,-1.2427746,-3.5112247,-8.319585
-1.2108859,1.6685264,-0.20283088,0.02041572,-4.7622333,-6.8864512,-1.1347157,1.7213819,-0.22096439,-0.023270907,-4.745229,-7.0696945
-1.2479345,1.8284136,-0.22106393,4.6407533,-8.188051,-28.76594,-1.2395949,1.8512452,-0.24957237,4.79138,-8.099073,-28.351673
-1.1124312,2.0456488,-0.3943368,6.0188866,-11.152467,-110.75422,-1.3676445,2.0076487,-0.28866172,6.8433127,-11.077504,-110.520874
-1.2186029,2.4335568,-0.17170496,-4.56738,-9.924578,-155.80807,-1.6054574,1.915247,-0.3477091,-8.086908,-11.980439,-175.60878
-1.746845,1.8613502,-0.43240622,-7.8982635,-14.040536,-40.350216,-1.7516901,1.8608071,-0.3521794,-8.2867565,-13.991458,-40.5635
-2.1081195,1.7191517,-0.4380308,1.415008,-13.129198,-12.066222,-1.9393197,1.7461686,-0.34072188,1.1901612,-13.317135,-12.112251
-2.0914416,1.5042808,-0.25314072,3.3945603,-5.5473757,35.05816,-2.109685,1.5254425,-0.30976355,3.3169756,-5.527934,40.507313
-2.111489,1.1519663,-0.34776595,-2.6847475,0.018337281,68.78371,-2.2149818,1.3185126,-0.28301635,-2.5470383,1.008486,68.62551
-2.0624025,1.0228584,-0.33846942,-8.079612,-0.925448,67.23282,-2.276994,1.092398,-0.27914575,-8.705584,-1.1191496,66.517914
-2.091664,0.8471097,-0.2609723,-22.894043,-47.477295,62.877842,-2.1845915,0.81641525,-0.4188139,-22.906574,-48.016304,63.24731
-2.624577,0.5460657,-0.48661354,12.5705,4.901744,30.454758,-1.9990532,0.6727784,-0.606166,16.559013,7.0290065,33.92848
-1.8087777,0.6839422,-0.39257663,7.4227185,24.770882,22.094704,-1.7267126,0.584391,-0.6613064,7.226167,24.999634,22.215021
-1.6273361,0.59953296,-0.32750311,1.8818413,7.881282,15.3276205,-1.4270691,0.54856175,-0.50286055,1.9193962,8.05609,15.189584
-1.19728,0.5877186,-0.26611635,1.7132481,5.2898254,15.989586,-1.2808979,0.5367256,-0.33936113,1.8259207,5.2791133,16.168808
-1.1495866,0.6255219,-0.26807854,2.724198,6.8402443,7.359336,-1.1556349,0.56141084,-0.28945115,2.7286181,6.484465,7.4058127
-1.094046,0.670931,-0.28370252,4.349295,7.540206,20.009682,-0.9161173,0.60843945,-0.23885505,4.2108946,7.5092907,19.922104
-0.8897394,0.7253486,-0.23462172,1.2451104,3.2737997,7.6115966,-0.8115132,0.6685786,-0.21010973,1.3214623,3.3118665,7.875359
-0.82169616,0.75180817,-0.22931547,-0.5865455,3.9335613,4.6921945,-0.7134076,0.7367874,-0.18296368,-0.45967808,4.0259013,5.0279946
-0.6498052,0.82428265,-0.1475503,-4.9525537,3.0403266,-6.9502807,-0.6494528,0.78840506,-0.11073339,-4.8784876,2.9024308,-7.271598
-0.58864963,0.85201895,-0.12109961,-4.8265157,4.6301193,-4.705027,-0.628731,0.8528716,0.14566058,-4.700307,4.620636,-4.696846
-0.5384655,0.8295804,0.016086379,0.057317313,2.7330005,-5.814,-0.6176136,0.9197422,0.3764824,0.25446904,2.836854,-6.0851693
-0.608459,0.9047421,-0.08404853,1.4960064,0.9292681,-1.1734272,-0.54318994,0.9846269,0.08057321,1.5049993,0.89518136,-1.2854847
-0.583583,0.95081127,-0.11032099,0.22855192,0.46790203,5.0325027,-0.53432506,1.0119336,0.040279243,0.23449448,0.5462414,5.2536044
-0.5959333,0.96447855,-0.0990637,0.32803017,1.1333686,0.0952452,-0.51960194,1.0541925,0.008015633,0.35322797,1.182674,0.014802608
-0.5773165,1.0271235,-0.0905499,0.7192709,1.3525414,-2.2836463,-0.5054979,1.0989344,-0.0074275997,0.7546566,1.420203,-2.3340998
-0.5779815,1.0990074,-0.12129869,0.8498133,1.0910351,2.276757,-0.4966884,1.1449621,-0.02683912,0.9094127,1.1753823,2.5343785
-0.556111,1.1409317,-0.1013506,0.72952825,1.205247,-2.8829534,-0.49027368,1.179875,-0.039799716,0.7649781,1.251859,-3.0646229
-0.5721816,1.2017169,-0.13326713,1.0071598,3.6466014,0.8414398,-0.49768084,1.2700914,-0.05630284,1.0867227,3.786529,0.9564224
-0.58419514,1.2565976,-0.13269603,0.021391567,1.7051803,0.33386785,-0.5129649,1.322642,-0.07192309,0.01165062,1.7414812,0.38879797
-0.59223485,1.3254158,-0.10941752,-1.2632011,1.2364051,-4.510626,-0.5290764,1.3734514,-0.07823676,-1.2988589,1.2933205,-4.7004614
-0.62974393,1.377353,-0.13452476,-1.2994156,0.43564186,-0.55850476,-0.5562924,1.4275426,-0.08227422,-1.2935442,0.47978002,-0.55522954
-0.665257,1.4325086,-0.158879,-0.9833619,-0.13834587,3.2319913,-0.58649534,1.4706831,-0.09285516,-0.95687926,-0.059921138,3.3574283
-0.68860304,1.4762964,-0.13534923,-1.0144478,0.03109363,-3.8281367,-0.6207454,1.5139338,-0.10762919,-1.0070347,0.044591825,-4.0881357
-0.7505442,1.5182401,-0.17106588,-2.257101,0.8449334,1.6085607,-0.6872257,1.5883977,-0.12509017,-2.2919188,0.884691,1.7419704
-0.77428854,1.5488966,-0.17017303,-1.0438455,0.29073867,-0.74933594,-0.7274107,1.6172646,-0.13368338,-1.0418032,0.31499603,-0.80879873
-0.80978405,1.5846946,-0.16666226,-0.9971947,0.16917291,-2.8931072,-0.7626296,1.6360577,-0.14166269,-1.0094395,0.19568776,-3.05023
-0.8640938,1.6079975,-0.19401653,-1.0813597,-0.009811489,0.94115144,-0.79506123,1.6567813,-0.14970788,-1.0793079,0.032714844,1.0168074
-0.91127527,1.6237918,-0.20711742,-1.154475,0.0012473189,2.180491,-0.83311176,1.6764336,-0.15889083,-1.1434237,0.06042366,2.2598083
-0.94869375,1.6364572,-0.2063778,-1.350153,0.47465047,0.66392213,-0.8763276,1.6880043,-0.1651466,-1.3508787,0.52331704,0.68133354
-0.9902041,1.6515104,-0.19686882,-2.3362768,0.61700636,-1.6859533,-0.9651174,1.6967685,-0.17375892,-2.4033556,0.6436534,-1.7227138
-1.038766,1.6433619,-0.2127433,-1.1077697,-0.13498697,0.5306173,-1.0063528,1.6963749,-0.1815734,-1.105429,-0.13244101,0.5930622
-1.0788975,1.6427531,-0.2057958,-0.94656426,-0.44403353,-1.867293,-1.0498972,1.6922174,-0.18604977,-0.9847316,-0.41011122,-1.9606916
-1.142936,1.6262237,-0.22457647,-0.74680465,-0.71526223,1.1501786,-1.0951598,1.6797979,-0.18627158,-0.7457905,-0.6890545,1.211137
-1.1923583,1.6093189,-0.22596727,-0.65258163,-0.8320126,0.4083038,-1.1382624,1.663001,-0.18920277,-0.664214,-0.7917722,0.4373347
-1.219748,1.5997533,-0.21269383,-0.598543,-0.8956382,-2.858309,-1.1788464,1.6459138,-0.19466028,-0.6045209,-0.8762734,-2.9979818
-1.2727668,1.5740179,-0.22942561,-0.53492314,-1.9443829,0.8203557,-1.2415566,1.6085582,-0.19603609,-0.54962796,-1.9598165,0.8860197
-1.2951986,1.5459036,-0.24056746,-0.018397395,-1.1211532,2.835173,-1.2722616,1.5816603,-0.19616586,0.008831405,-1.0501723,2.9681485
-1.3310084,1.5195469,-0.22823735,0.19084507,-1.0967091,-0.7313768,-1.2977065,1.5559194,-0.19612382,0.2027399,-1.0856607,-0.80243796
-1.3502358,1.4980502,-0.22044413,0.499484,-1.0612062,-2.361852,-1.3202852,1.5300685,-0.19613336,0.5144288,-1.0398924,-2.437705
-1.3748746,1.463533,-0.23577897,0.72073764,-1.1063161,0.7604514,-1.3367859,1.5075709,-0.19614005,0.74076766,-1.0651186,0.8462133
-1.3835257,1.440916,-0.2333952,0.88430184,-0.98502994,0.2599824,-1.3516635,1.4907658,-0.19611467,0.9113996,-0.9481439,0.25476855
-1.3989409,1.4232553,-0.23634459,1.6523455,-1.3930557,0.9293297,-1.3635633,1.4582359,-0.19589342,1.7261988,-1.3768773,0.9589385
-1.4048454,1.4133071,-0.2332998,0.98496395,-0.7483568,0.36652452,-1.3681197,1.4453548,-0.19096778,1.0191755,-0.6888332,0.42147717
-1.4048079,1.4033673,-0.23197545,0.9542733,-0.52928126,0.3847111,-1.3689634,1.4413729,-0.18583447,1.0047278,-0.48685652,0.42353484
-1.4023827,1.3989421,-0.23028277,0.8955502,-0.47817728,0.32207543,-1.3625623,1.4392962,-0.18647303,0.9388599,-0.43587196,0.35842168
-1.3979669,1.397022,-0.22879623,0.81167966,-0.31207255,0.3135901,-1.3618461,1.4337745,-0.18629384,0.856914,-0.26532328,0.34103322
-1.392218,1.400961,-0.22797854,0.7623077,-0.24117988,0.30775577,-1.3533988,1.4413351,-0.18637629,0.8099443,-0.19552642,0.34169054
-1.3653047,1.4266953,-0.23394312,0.86435455,-0.3038386,6.0034537,-1.3362346,1.458373,-0.19366208,0.914946,-0.24102867,6.222678
-1.3656018,1.4424398,-0.2024169,0.35757393,-0.002499727,-4.1337333,-1.32776,1.472472,-0.19667609,0.38629028,0.006885249,-4.3339033
-1.360339,1.4514525,-0.2163185,0.29766172,-0.02521482,-1.8689817,-1.3210527,1.4870833,-0.19606884,0.32361177,6.6437315e-05,-1.9177299
-1.3364028,1.467247,-0.23344578,-0.021939699,0.039910708,13.3757305,-1.3093181,1.5075792,-0.19583805,0.023347905,-0.011246747,13.428023
-1.3307875,1.498961,-0.2057931,0.035506424,0.15651056,-4.092234,-1.2926657,1.5332459,-0.19781049,0.15100764,0.08139974,-4.4215026
-1.317434,1.5323956,-0.19538502,0.0038604108,0.30317983,-9.371267,-1.2845467,1.5498253,-0.205438,-0.102057174,0.3683138,-9.242748
-1.2983572,1.5342115,-0.23497443,-0.75643283,1.01258,11.149746,-1.269104,1.5865943,-0.205924,-0.6830631,1.0019357,11.424373
-1.3030432,1.5498642,-0.21448782,-0.61675817,-1.5571882,-2.0186808,-1.2602513,1.6082705,-0.2059149,-0.542068,-1.6995323,-2.3645597
-1.3028859,1.60484,-0.20847516,-0.6181167,-4.4566298,-7.636346,-1.2514777,1.6251924,-0.20604837,-0.6823861,-4.577555,-7.7197676
-1.2815751,1.6010832,-0.23355804,-0.82188946,-0.15173998,-0.15211551,-1.2457461,1.639825,-0.20557019,-0.8345498,-0.022306599,-0.076651566
-1.2555325,1.597582,-0.24007101,-0.95374626,0.5954679,0.57392675,-1.2455251,1.649215,-0.2081527,-0.93624544,0.6547552,0.52841556
-1.2454566,1.6074009,-0.2316626,-0.9595979,0.6392237,-0.53466886,-1.2453508,1.6572651,-0.21353395,-0.9649101,0.62436205,-0.6392373
-1.2346854,1.6203654,-0.22785962,-1.7205893,1.0641181,-0.97899956,-1.2515187,1.6669706,-0.21575023,-1.7810667,1.0838337,-1.0077628
-1.239977,1.6140045,-0.23291849,-1.0558231,0.527056,0.0015700588,-1.2545226,1.6672146,-0.21573472,-1.0776051,0.5219735,0.012630463
-1.2464777,1.6108909,-0.23029716,-0.99345213,0.40476075,-0.88479537,-1.2645042,1.6630868,-0.21578133,-1.0444894,0.41322753,-0.9300395
-1.260832,1.6009591,-0.23375292,-1.0367516,0.35758302,-0.13955037,-1.2772994,1.649834,-0.21564402,-1.0781229,0.3636722,-0.15121964
-1.2734774,1.5854143,-0.23405571,-0.95669585,0.3182213,0.006138636,-1.2871294,1.6379478,-0.21597846,-0.9991627,0.33153155,0.015337998
-1.2854044,1.5698864,-0.23053764,-0.87844855,0.20512852,-0.51369494,-1.3025498,1.6263245,-0.21445847,-0.9310194,0.21169083,-0.541268
-1.3024329,1.5453436,-0.22703715,-1.2353245,0.3134438,-0.7991821,-1.3370451,1.578597,-0.2058914,-1.2971116,0.3179046,-0.8414368
-1.3221122,1.5094028,-0.2328979,-0.4088021,0.076579064,0.30095774,-1.353817,1.5539699,-0.20584767,-0.42515895,0.07619898,0.3237393
-1.3388449,1.4806558,-0.2290061,-0.3296687,0.10411528,-0.39077252,-1.3686814,1.5276724,-0.20636837,-0.3867452,0.115942895,-0.41768095
-1.3625994,1.4466434,-0.22875182,-0.39787704,0.041617785,0.069150284,-1.3889034,1.4942313,-0.20243126,-0.44565314,0.05478284,0.066677585
-1.3936472,1.4118581,-0.20737863,-3.1881733,-2.701707,0.13789542,-1.4119071,1.457508,-0.19485125,-3.2999609,-2.7544413,0.17214654
-1.4058176,1.3766998,-0.21138148,-8.078757,-5.778185,-0.42318672,-1.434228,1.423252,-0.13459957,-8.173578,-5.8242717,-0.4353064
-1.3935347,1.2797444,-0.20037101,-4.1793737,-2.6816254,3.1357732,-1.4494156,1.3276974,0.11678515,-4.19766,-2.652165,3.2596974
-1.3776878,1.1790751,-0.20286523,2.4492211,-2.9938557,2.5650578,-1.4202243,1.246738,0.1169539,2.6660035,-2.9798121,2.5996325
-1.3676643,1.1062303,-0.17357013,1.6639677,-4.1482058,-0.13484566,-1.3799276,1.1478589,0.043647442,1.7233624,-4.2212505,-0.19550815
-1.2963231,1.0045607,-0.15929286,2.6096702,1.0032642,-2.2792025,-1.3502669,1.0506322,0.011913313,2.6662457,1.0744679,-2.4344761
-1.2365993,0.908023,-0.13963677,4.325298,2.5589135,-3.0842655,-1.3220125,0.97472167,0.007690901,4.345983,2.583319,-3.2846007
-1.2192556,0.8548802,-0.112929486,0.6760401,-4.3393927,-1.0313727,-1.2703401,0.9089623,-0.0013708494,0.67835325,-4.454041,-1.064602
-1.18296,0.7878276,-0.111381195,1.4378891,-4.940613,-0.8838305,-1.1576627,0.8102862,-0.015427942,1.4910766,-5.0032554,-1.0397203
-1.1127495,0.7372872,-0.119667016,3.7695596,0.78217435,-1.531428,-1.0953021,0.7601129,0.005236709,3.8597157,0.8347811,-1.697245
-1.0342354,0.70571333,-0.11564914,3.6228454,1.1693213,0.824447,-1.023253,0.7094587,0.012846094,3.6548083,1.1857625,0.85975593
-0.95224094,0.6678702,-0.112433665,4.2480493,1.9411418,1.8489302,-0.95162815,0.67210126,0.03196912,4.295445,1.978886,1.963651
-0.88320756,0.65068334,-0.079730324,5.049357,0.67390877,0.9471486,-0.88949335,0.65790254,0.06724507,5.085018,0.64186305,0.97828865
-0.83278835,0.6765679,-0.06956323,4.4687557,3.0845735,1.1457843,-0.8370124,0.65857816,0.076074176,4.4913764,3.1308742,1.2069145
-0.7630657,0.69731224,-0.06577688,8.627246,3.8824174,1.3824071,-0.7349516,0.7141405,0.045891963,8.776812,3.9018643,1.4206259
-0.7210276,0.7619696,-0.069361486,3.7502527,3.9087787,0.8872302,-0.6921827,0.7659096,0.028227912,3.6404746,3.9346974,0.9577892
-0.68184185,0.8215847,-0.06515706,4.2157044,3.2292511,2.3617651,-0.67128175,0.83356684,0.027458202,4.285588,3.2139494,2.4883003
-0.6595688,0.9096085,-0.062232576,2.3406777,2.7517536,0.74233395,-0.6500126,0.90419656,0.020545848,2.2758777,2.7438056,0.7892606
-0.649861,1.0405374,-0.07618317,3.6126125,4.1593914,2.1769578,-0.64336514,1.0835848,-0.0052811704,3.642647,4.176338,2.330975
-0.6669824,1.1627853,-0.07554933,3.7666078,1.3472252,2.0261302,-0.6637178,1.1988745,-0.026195833,3.7339811,1.269651,2.1578085
-0.6900599,1.3067682,-0.09327637,4.346493,1.7923365,1.1312703,-0.68789655,1.3213844,-0.050853096,4.341258,1.7766073,1.2538202
-0.71421504,1.4581441,-0.09823104,3.0425768,0.78343576,0.7025698,-0.7202633,1.4490529,-0.079193436,2.9826126,0.74774873,0.7755141
-0.7514807,1.6242058,-0.11688172,1.6574515,-0.422434,0.40036684,-0.75992644,1.6025319,-0.10658691,1.6210155,-0.4374822,0.4581512
-0.79194283,1.8205261,-0.15560643,3.4528396,-3.2149124,0.9284609,-0.82846606,1.9429789,-0.18343227,3.3668625,-3.2433367,1.0631275
-0.8402262,2.0442495,-0.18954213,-0.16301149,-1.9445865,0.043299984,-0.85784394,2.1331499,-0.2356297,-0.23296592,-1.9045308,0.14994687
-0.87617064,2.2676165,-0.22574641,-1.5893049,-3.2177901,-1.107149,-0.8806574,2.3324,-0.28819877,-1.7095543,-3.2600744,-1.1243534
-0.91115224,2.48321,-0.2771335,-1.6547586,-5.166323,-0.88651913,-0.8918559,2.5078375,-0.34234545,-1.7274736,-5.2184997,-0.9177811
-0.91653645,2.7004113,-0.34313083,-2.8021712,-4.102894,0.023829056,-0.88954544,2.6747007,-0.39848247,-2.8829842,-4.1146593,0.07586655
-0.90376997,2.8662617,-0.39333904,-3.4554324,-3.9679482,-1.3152038,-0.86965716,2.8469524,-0.44169384,-3.503037,-4.0247045,-1.2958819
-0.870775,3.0190487,-0.46660063,-7.1638565,-6.4130116,-2.4446528,-0.779072,3.1525507,-0.5397327,-7.337508,-6.54654,-2.470592
-0.8112198,3.1764565,-0.50530756,-6.135609,-1.6499273,0.34810144,-0.71813476,3.3036737,-0.5800645,-6.1385236,-1.5478653,0.5815954
-0.7322116,3.3216553,-0.55672455,-5.7190566,-3.1078885,-0.9506628,-0.6544508,3.4070997,-0.59753764,-5.7059894,-3.144344,-0.76813334
-0.6455029,3.4249678,-0.60236263,-4.750791,-3.2808585,-1.3897866,-0.56038904,3.4961576,-0.638588,-4.828426,-3.3279026,-1.3239791
-0.49739662,3.5147436,-0.6380975,-5.417203,-0.9291247,-1.9010221,-0.4684785,3.5764334,-0.6668514,-5.525801,-0.8729551,-1.8187985
-0.40071002,3.5571404,-0.65742415,-4.273963,-0.5983068,-1.1221668,-0.3594926,3.639314,-0.6981811,-4.3554287,-0.6272256,-1.0071018
-0.24257335,3.5946636,-0.7242908,0.657981,2.3649337,-0.16589396,-0.12067108,3.6817744,-1.0443641,0.6224814,2.3661954,-0.04635248
-0.03865859,3.6535747,-0.7466672,-16.515003,20.874937,-4.2216554,-0.01605699,3.6988895,-1.0998327,-16.048496,20.357286,-3.942635
-0.007329136,3.395996,-0.8831579,-7.539577,31.49675,-4.6948705,0.06744164,3.7218595,-0.9755663,-8.11159,32.398865,-4.447837
0.124666005,3.5602417,-0.7904994,8.921432,20.874937,-3.44316,0.0953494,3.7101555,-0.7126919,8.966998,21.237617,-3.7279627
-0.1259354,3.556132,-0.71800184,-1.3941945,-14.158258,-1.1045743,-0.010127146,3.6687067,-0.5492438,-1.5721301,-14.34694,-1.1179036
-0.37076816,3.2709315,-0.75885105,-16.187546,-20.649858,-1.8477174,-0.22114405,3.618387,-0.44909662,-16.124308,-20.759983,-1.5779018
-0.46545216,3.3536887,-0.6740517,-8.036699,-12.303356,0.34869224,-0.31578782,3.488057,-0.5129167,-7.86835,-12.824417,0.5501955
-0.46497253,3.3421373,-0.6400291,-1.1547167,-1.8375871,0.5827587,-0.34566182,3.3817685,-0.5025554,-1.0183969,-1.4881381,0.6160793
-0.40227255,3.1541615,-0.58028257,0.43729645,1.3244526,0.5104616,-0.38476187,3.2414486,-0.48449627,0.14427687,1.3146755,0.72854275
-0.37155566,2.9922647,-0.51123184,0.71573025,0.0033738934,0.35801464,-0.39997792,3.1553645,-0.46555632,0.508705,-0.06737287,0.46451086
-0.40134522,2.8602848,-0.47472233,1.137323,-1.7775375,0.9103895,-0.40874192,3.0337307,-0.42385405,1.0131896,-1.8487008,0.9061147
-0.41552225,2.7445946,-0.4486415,2.7071495,-2.874041,2.2869997,-0.41310456,2.8222494,-0.34015527,2.706812,-2.9188142,2.304479
-0.3965498,2.6190536,-0.39130706,4.5164475,-0.6180644,-0.53955764,-0.39948136,2.6170352,-0.30620852,4.627825,-0.627927,-0.6573656
-0.410499,2.4977798,-0.34852448,0.6204122,-1.9970133,-0.25726002,-0.38094273,2.5209193,-0.28215438,0.71028554,-2.0150683,-0.33878312
-0.38537404,2.3578756,-0.31143212,1.0180682,-2.3836043,-0.49493617,-0.35416013,2.392995,-0.24058524,1.0057192,-2.4467554,-0.6063058
-0.34006295,2.2365649,-0.27885845,1.770522,-1.06087,-1.510513,-0.32713372,2.2896092,-0.20917128,1.8387775,-1.0276235,-1.6681559
-0.30091438,2.1316228,-0.2642755,1.5021056,-0.0862287,-1.715221,-0.29493818,2.1995683,-0.1924719,1.5236841,-0.05559372,-1.8943514
-0.27630737,2.0397317,-0.2394809,0.55721253,-1.1249412,-0.8760404,-0.2561057,2.0946863,-0.17866926,0.5435843,-1.1415123,-1.00639
-0.23839423,1.9320343,-0.22021683,2.4537182,-3.2479675,-0.59293526,-0.1931994,1.9082919,-0.14278302,2.5343974,-3.3010807,-0.761515
-0.18977973,1.8547354,-0.20555459,2.390749,-0.38556814,0.44834262,-0.16123508,1.8469557,-0.13308352,2.4658306,-0.3206343,0.39080733
-0.14147338,1.7826241,-0.18856804,2.6965895,0.8062327,1.3049036,-0.116671905,1.7944365,-0.127972,2.6809127,0.8009933,1.3339655
-0.08789018,1.714233,-0.16962563,2.5976124,1.5198379,1.3668047,-0.06417515,1.7378407,-0.11877871,2.5459769,1.5193117,1.4683146
-0.03421077,1.6551659,-0.15564136,2.164918,2.2494912,0.43372232,-0.0134712085,1.6867913,-0.108570516,2.1049123,2.270137,0.48154068
0.008456379,1.6166626,-0.15543322,2.4248428,2.3825305,-0.28127164,0.03761743,1.641033,-0.11167977,2.4131427,2.3999147,-0.29677832
0.058223873,1.5828232,-0.1313019,3.5895882,1.4828473,-2.2321093,0.09004833,1.5722076,-0.09697343,3.6604154,1.4662815,-2.3906488
0.066322654,1.5657476,-0.12380407,1.435497,-0.16116574,-1.4527494,0.1189318,1.5481899,-0.09194111,1.48197,-0.15363316,-1.5351506
0.08759698,1.5500486,-0.12051722,1.2075365,0.052793,-0.26324433,0.13897881,1.534813,-0.0973422,1.2577387,0.07282404,-0.28539452
0.12622008,1.5385485,-0.12641983,2.4460974,1.1798267,-0.46765035,0.15716836,1.5338066,-0.09821545,2.5287702,1.1936853,-0.48848537
0.15519431,1.5375335,-0.13234049,1.7797074,2.6947565,-0.718991,0.17485407,1.5275991,-0.100386746,1.8131328,2.723531,-0.7314905
0.15650514,1.5427439,-0.1470959,0.0007654992,3.0149696,0.7739776,0.1933467,1.5354383,-0.11468065,0.0043712254,3.0480115,0.87004995
0.13744143,1.5506121,-0.1539601,-0.26148468,0.91418177,4.1937933,0.2020142,1.5573668,-0.1162144,-0.25055018,0.9139865,4.525836
0.14764622,1.5764791,-0.10916678,-1.345666,1.2046512,-0.57300824,0.18939814,1.5724001,-0.10452098,-1.3977096,1.226033,-0.5057725
0.13058081,1.5804799,-0.10861867,-1.8561125,1.0576625,-0.6452076,0.16893752,1.5839975,-0.11710117,-1.8884437,1.0431547,-0.56367755
0.11596629,1.5911757,-0.08596077,-3.1078222,-0.6773735,-1.6621631,0.14760564,1.5955914,-0.1178374,-3.2300978,-0.7329125,-1.6121169
0.1000413,1.5897636,-0.08509328,-3.632269,-0.15044335,-0.20567648,0.13750558,1.5890886,-0.11762576,-3.7197466,-0.1481939,-0.16552506
0.095995456,1.5634147,-0.08670234,-1.339008,1.238554,-0.5277352,0.12854874,1.5677184,-0.11829391,-1.3445793,1.2560358,-0.5524956
0.0838227,1.5347466,-0.11380773,2.055428,2.2935615,-0.02096312,0.08180641,1.5257064,-0.1283698,2.0785909,2.2591336,-0.07021677
0.05330023,1.509591,-0.09542831,2.0987303,-0.6675684,-0.66479176,0.064371556,1.4943113,-0.1160751,2.0851264,-0.7444369,-0.6814223
0.021459013,1.4958112,-0.07697294,1.6819046,-0.7800427,-1.0064489,0.028839631,1.4656911,-0.097481936,1.6834725,-0.7773165,-1.0210582
0.0009571612,1.4835387,-0.06326235,1.3510911,0.32568452,-1.9175807,0.00026449165,1.4514849,-0.098408625,1.3686264,0.33928472,-1.9757787
-0.034854084,1.4660987,-0.075129725,2.3303118,-1.1443425,-0.76030153,-0.016312666,1.4437081,-0.09767924,2.3966734,-1.2035441,-0.76385677
-0.04703459,1.4634991,-0.10157452,3.750341,0.6129275,0.67832786,-0.035942096,1.4335055,-0.10576249,3.824198,0.64666724,0.70486796
-0.05429122,1.4831073,-0.044337057,0.30774063,0.959282,-4.2420955,-0.09251295,1.4559726,-0.09546128,0.27595425,0.92671186,-4.426404
-0.11284086,1.4951589,-0.1073833,0.5566912,2.8322895,1.6541268,-0.12841834,1.4728298,-0.11115285,0.62338316,2.8500774,1.7823492
-0.15412864,1.5155907,-0.063790895,-2.143909,-1.4378892,-1.0023242,-0.16524522,1.4971247,-0.12698673,-2.2611187,-1.5722005,-1.0546837
-0.20310065,1.5333749,-0.061439715,-0.4921437,-3.2821763,-0.5610346,-0.19254126,1.5165673,-0.118088074,-0.4553844,-3.374586,-0.57607317
-0.23957655,1.5558789,-0.07162634,-0.13592297,-0.8791807,-0.42217416,-0.22062722,1.5285393,-0.11044575,-0.16083118,-0.8208557,-0.37012318
-0.26100585,1.5651098,-0.09576293,0.6719217,0.8773172,0.37607914,-0.2502933,1.5460085,-0.123890795,0.71266073,0.8763603,0.4588217
-0.29466495,1.5812992,-0.10043629,1.4255427,-1.5768144,1.8084742,-0.29524446,1.5717436,-0.11323352,1.452864,-1.6907988,1.9920325
-0.3040637,1.6012797,-0.09630676,0.8472492,-1.36768,-0.6491234,-0.31351545,1.5875396,-0.11109936,0.8423192,-1.3923597,-0.5792227
-0.31269428,1.6256353,-0.09145393,0.8339401,0.5896846,-1.0435625,-0.33040595,1.610617,-0.119794235,0.87200123,0.6169757,-1.0022625
-0.344959,1.6515447,-0.10243832,0.28464943,-0.63733685,-0.13833015,-0.34983796,1.6294101,-0.12553261,0.29182196,-0.70382434,-0.051766396
-0.34915897,1.6700809,-0.11269357,0.41346043,-0.14132255,-0.7779657,-0.36185765,1.6533446,-0.12915505,0.4637992,-0.13847077,-0.75871754
-0.36155543,1.7029756,-0.119062535,1.251914,0.78129095,1.1536411,-0.37032115,1.6803006,-0.14267655,1.3176044,0.7784193,1.2452964
-0.40615007,1.7425427,-0.12727682,-1.1175286,-2.0824678,1.7424008,-0.40540183,1.7469835,-0.15595558,-1.2131747,-2.2124145,1.9094995
-0.41129586,1.7697355,-0.13041444,0.27748662,-1.8304496,0.9637945,-0.4146112,1.7830273,-0.16375783,0.3268971,-1.8709476,1.09245
-0.40706065,1.8084979,-0.13405325,0.8727984,-0.6533285,0.39688212,-0.42354983,1.8056813,-0.17677751,0.9113735,-0.6359045,0.50227296
-0.4039335,1.847399,-0.13702516,0.0501458,-0.04876509,-0.9723548,-0.43011937,1.8348317,-0.18783389,0.046892878,-0.071123876,-0.9291191
-0.40530154,1.8819426,-0.1433467,0.8853163,-0.7072047,-1.0598508,-0.4318057,1.872741,-0.1928494,0.954791,-0.76651686,-1.0519973
-0.4088641,1.9169995,-0.18042408,3.2657652,-1.8276066,0.22934206,-0.43079418,1.9176687,-0.19047055,3.3637702,-1.8936695,0.26500976
-0.42295083,1.9797283,-0.17914957,0.4709689,-2.0462162,1.8096646,-0.40372956,1.9962298,-0.20109652,0.4238725,-2.0782793,1.9824085
-0.39828023,2.0330467,-0.18290718,-0.8680877,0.5540297,-0.00093095214,-0.38565257,2.0459976,-0.20768847,-0.86224043,0.5804491,0.09004242
-0.38016662,2.0724087,-0.21643342,0.39214748,0.11538902,0.62836725,-0.3678909,2.093807,-0.22716053,0.5059801,0.078904375,0.7679513
-0.3717068,2.1311054,-0.22519456,0.22070915,-1.847549,0.64580184,-0.35104787,2.1435149,-0.23203023,0.22478394,-1.9092054,0.7942634
-0.34852383,2.1841083,-0.24375223,-0.95890695,-1.5658194,0.9179004,-0.33053747,2.192766,-0.2342234,-0.9880292,-1.5812486,1.0661482
-0.31120613,2.2325428,-0.23810564,-2.947519,0.5920248,-1.432824,-0.29544702,2.2484682,-0.26208436,-3.0264654,0.61814535,-1.3709872
-0.26600316,2.2763724,-0.31114852,2.5998883,3.9896233,1.3165206,-0.22835803,2.3242104,-0.45320526,2.7786176,3.956699,1.456406
-0.23968372,2.333621,-0.36823073,1.7623712,3.7515934,1.4769763,-0.1921575,2.3476548,-0.62640256,1.7143348,3.6726525,1.5169243
-0.21544537,2.3883255,-0.39145556,-1.5261663,5.393536,1.3063639,-0.18063243,2.3989623,-0.59516054,-1.4892191,5.390458,1.3908863
-0.22196779,2.437647,-0.41302684,-2.506253,3.140144,1.6137701,-0.18724714,2.4602396,-0.52578926,-2.4354656,3.1238208,1.7110115
-0.24077114,2.5096116,-0.4212501,-3.2692823,2.2402017,0.46975166,-0.20458503,2.5124745,-0.47856495,-3.275748,2.2420707,0.51811844
-0.27055952,2.5461655,-0.41440755,-3.3037086,2.5458274,-0.3856582,-0.22902833,2.5497217,-0.4623584,-3.2906158,2.5397553,-0.35649797
-0.30706736,2.5617557,-0.41535738,-5.2969484,4.74021,-0.4045679,-0.30495623,2.5931158,-0.44752482,-5.3424826,4.7704544,-0.3573077
-0.3633034,2.549659,-0.41108388,-2.6058512,1.431883,-0.40807003,-0.35928592,2.5962613,-0.43906307,-2.5987694,1.3477174,-0.41545483
-0.43416938,2.542717,-0.41023397,-2.3727088,0.63551897,0.19774397,-0.41769153,2.5869632,-0.430641,-2.4320776,0.6549435,0.22253437
-0.5036342,2.5278687,-0.39353564,-2.6352577,0.44428262,-0.47137803,-0.48264936,2.568199,-0.42168024,-2.6900475,0.45145398,-0.45384765
-0.5835612,2.4969547,-0.37958637,-2.7257047,0.47395286,-0.573796,-0.55712837,2.5430007,-0.41304052,-2.7746444,0.48405805,-0.56185555
-0.64588666,2.46183,-0.35579818,-2.8455672,0.153635,-1.4760152,-0.6198804,2.5032632,-0.40561542,-2.914882,0.15555425,-1.5012689
-0.73270655,2.3974802,-0.34941787,-3.2608156,-0.1663765,1.0007418,-0.7582423,2.3855922,-0.37529692,-3.3139722,-0.20007688,1.0367192
-0.80229974,2.3266773,-0.32702094,-0.8416473,-0.56086266,0.7044762,-0.8437997,2.3364415,-0.36049208,-0.8429704,-0.6043269,0.7969718
-0.8837986,2.2614188,-0.3020106,-0.4581371,-0.8945962,0.4651478,-0.9162741,2.2586248,-0.34963584,-0.52424085,-0.923174,0.47968605
-0.94933665,2.1812482,-0.27106306,0.366278,-1.2125009,-2.4235404,-0.9769219,2.1910572,-0.33441034,0.32949582,-1.242914,-2.5028782
-1.0391492,2.0836,-0.275812,0.24436957,-1.8689485,-0.23427717,-1.0307189,2.1301858,-0.31888428,0.18554151,-1.8925296,-0.21509148
-1.0833265,2.0290873,-0.25568846,1.8780838,-2.8915699,-3.5636966,-1.0886351,2.04645,-0.3008795,1.8628594,-2.9474485,-3.7282166
-1.07991,2.0284996,-0.21558572,20.280647,-10.902459,-2.3025887,-1.0629579,2.0788422,-0.27450156,20.229324,-10.852945,-2.743987
-0.9956181,2.0987575,-0.31412354,16.988827,-11.190382,9.975573,-0.9988213,2.1344743,-0.27523997,16.842451,-11.085278,9.8304615
-0.95857143,2.1563663,-0.30556932,11.809213,-9.7850895,4.327849,-0.997955,2.1397383,-0.27192846,11.983448,-9.914582,3.8402855
-0.97121835,2.2049675,-0.2943419,4.9996743,-6.4105263,0.3342963,-1.0302925,2.1710339,-0.25861287,5.3469877,-6.4005046,0.38552925
-0.9132618,2.3169332,-0.3278216,2.8917394,-2.2072816,0.046244692,-1.0140591,2.262948,-0.26308915,3.0496612,-2.198982,0.09223581
-0.80620396,2.4417834,-0.3540238,1.1075946,3.4503179,0.21906789,-0.9436659,2.384429,-0.27814752,1.2205142,3.5546217,0.17001402
-0.69768393,2.5843456,-0.3349068,-6.6194625,12.464132,-1.3517014,-0.76716554,2.6636066,-0.3347523,-6.645521,12.55739,-1.4386785
-0.633803,2.7175412,-0.36860546,-7.2234707,6.7525206,-0.3480255,-0.7075673,2.7842586,-0.3731171,-7.1965375,6.6996393,-0.64505213
-0.6116686,2.8282173,-0.4248187,-7.3201256,4.483467,0.34987527,-0.6663165,2.892309,-0.41317573,-7.332122,4.438297,0.10277126
-0.592415,2.9506655,-0.47373572,-7.539207,2.4878242,0.5834301,-0.6357209,2.9874308,-0.45583513,-7.5400906,2.4725857,0.43266252
-0.62287486,3.0326874,-0.49587944,-7.1051946,0.692161,1.2475785,-0.6264353,3.056977,-0.49216664,-7.1193857,0.63094944,1.1082116
-0.6208657,3.0682077,-0.49999687,-6.392096,1.2222888,0.46382147,-0.62079906,3.1037393,-0.5138484,-6.418176,1.2045212,0.2665446
-0.65892875,3.1374125,-0.5318622,-14.031193,-2.100126,6.8967576,-0.5960367,3.1460946,-0.5286277,-14.293643,-2.2437117,6.965061
-0.590088,3.0824544,-0.48400018,-6.787433,-2.2301872,4.5932875,-0.5948691,3.135912,-0.53014445,-6.7510424,-2.2697508,4.4855742
-0.5802864,3.000856,-0.49757978,-5.239076,0.17980006,3.26611,-0.605298,3.081107,-0.5232455,-5.297599,0.20634142,3.3142378
-0.5462165,2.9370615,-0.44366065,-3.161439,0.79854554,4.209061,-0.60562974,2.9803636,-0.5001482,-3.2956498,0.80001277,4.347088
-0.51951075,2.8300798,-0.42678106,-1.7646524,0.99589515,4.447462,-0.59297836,2.86068,-0.4701962,-1.8129392,1.017983,4.521762
-0.49269322,2.702335,-0.3889594,-0.5361983,1.7885478,3.9664798,-0.576653,2.7417095,-0.44289446,-0.5304138,1.8368424,4.0286617
-0.47919586,2.5557654,-0.38827115,3.86106,4.272641,8.06758,-0.5426651,2.4940677,-0.38263103,3.9864404,4.324917,8.130244
-0.4647049,2.4273214,-0.31761765,1.5470154,1.7568442,2.1497176,-0.52763754,2.3773413,-0.3562384,1.6575931,1.7683513,2.112343
-0.47615108,2.284626,-0.2924382,0.89215654,0.9638406,2.5566642,-0.52099293,2.2847054,-0.33435905,0.95283914,0.9847107,2.478815
-0.47805396,2.153606,-0.2899765,3.5479283,1.7536935,4.0487347,-0.51739144,2.1947825,-0.31709516,3.5801163,1.7700382,4.103826
-0.48161587,2.0557356,-0.2884003,4.626033,2.063096,3.7944157,-0.50931543,2.0910332,-0.29845604,4.6056385,2.0871553,3.8758516
-0.48114678,1.9738684,-0.26423305,2.7117972,2.3608625,1.7666165,-0.5166362,2.0022318,-0.2756678,2.7530305,2.4183185,1.7715975
-0.4732131,1.8928404,-0.24984749,7.341011,4.142582,0.7596486,-0.5486013,1.8761944,-0.23193374,7.4943514,4.1631207,0.6780438
-0.5272293,1.8287588,-0.23045732,2.8046117,0.49294445,-0.09707157,-0.57487816,1.8395485,-0.22567308,2.9655402,0.55985665,-0.1127571
-0.5870205,1.7912694,-0.22911839,0.9852583,-0.91645426,0.4680305,-0.6078962,1.8169515,-0.2245711,1.0579469,-0.92396575,0.39431894
-0.62347734,1.7457745,-0.23694573,3.873497,-1.2509257,1.18847,-0.64824635,1.8059793,-0.21821919,4.010316,-1.2235188,1.1304656
-0.6656965,1.7441134,-0.2356986,3.346247,-0.77514267,1.3766001,-0.6865985,1.805074,-0.21521388,3.4163363,-0.72685826,1.344062
-0.70782745,1.76618,-0.24817787,2.6691458,-0.34008896,1.6400312,-0.71605575,1.8171167,-0.21584621,2.7684798,-0.32886115,1.6505522
-0.72561073,1.7866453,-0.26546052,4.38707,2.2185824,2.541634,-0.759346,1.8829874,-0.20689452,4.4927244,2.2716916,2.6218512
-0.7576642,1.8502047,-0.25200954,2.3955169,-0.8622854,0.6733895,-0.7770454,1.9275348,-0.21681727,2.4378757,-0.8836854,0.66369486
-0.79811764,1.9157373,-0.26764497,1.3159276,-1.9641671,2.138467,-0.80370027,1.9909631,-0.22502391,1.383749,-1.9317589,2.29888
-0.81231,1.9874803,-0.26958695,-0.89719814,-1.204783,0.34002715,-0.8222121,2.0536017,-0.22571945,-0.8945099,-1.2064767,0.44539872
-0.8318944,2.0655096,-0.28332847,-0.03200156,-0.10876569,-0.11572854,-0.8310084,2.1178362,-0.232295,0.03784659,-0.098794356,-0.048440695
-0.8295157,2.1405358,-0.28910676,0.98773223,-1.6774969,1.631066,-0.84102887,2.1961393,-0.24793874,1.0340466,-1.6616087,1.7677938
-0.8086965,2.2528577,-0.29710242,1.5151478,-1.2043715,1.6474303,-0.8311828,2.3361,-0.27622038,1.5784627,-1.1341721,1.75915
-0.8070015,2.3437064,-0.30886623,-1.2740616,-0.17311588,1.7128061,-0.8217521,2.4121819,-0.28803992,-1.2615794,-0.12292109,1.8557302
-0.80027115,2.4206808,-0.32489565,-1.9516801,-0.53962845,0.18330319,-0.80273545,2.5007877,-0.31421712,-1.911457,-0.551115,0.26961052
-0.7813209,2.503448,-0.33903018,-2.5693011,-0.31431803,0.14206465,-0.779003,2.575988,-0.3390475,-2.5796895,-0.31385532,0.16843265
-0.7339754,2.5884404,-0.3448279,-0.91874987,0.35447666,0.5220941,-0.7551672,2.6349046,-0.3559546,-0.85552317,0.3387384,0.51232505
-0.7007878,2.648272,-0.35087144,-0.16831654,0.21790656,0.41301423,-0.7298015,2.6880398,-0.37871706,-0.14523935,0.21928425,0.40067306
-0.68649924,2.723714,-0.36643916,-3.1033072,0.5644117,1.4178971,-0.67242956,2.7900407,-0.40455294,-3.1409574,0.5653818,1.5032088
-0.6207169,2.7588098,-0.3649554,-0.65451616,2.8762062,0.11062558,-0.6338637,2.8422928,-0.41361204,-0.5798545,2.8768525,0.17109649
-0.59476244,2.799692,-0.3927237,-0.5885244,2.436612,-1.2673336,-0.61027473,2.879001,-0.42110032,-0.6228205,2.4820728,-1.2473173
-0.55476,2.8521235,-0.40176794,-1.396437,1.772745,-1.6272537,-0.5931834,2.90548,-0.4291112,-1.402615,1.7898252,-1.701221
-0.546008,2.8902817,-0.40900195,-3.0816598,0.9658104,-0.5419485,-0.57550925,2.9332814,-0.437861,-3.1044226,0.95737225,-0.6394087
-0.5451726,2.8954735,-0.41132048,-3.0295339,0.60950965,0.67619497,-0.563209,2.959857,-0.4411875,-3.0438056,0.5982151,0.6416717
-0.51546717,2.892467,-0.4114384,-2.3880138,4.2658186,-1.7138735,-0.5498446,2.9628317,-0.4537152,-2.3928466,4.3142996,-1.7700633
-0.542465,2.87962,-0.4236653,-1.2592901,2.1587787,1.1077942,-0.5504466,2.9597976,-0.45977437,-1.2422392,2.1901524,1.1887763
-0.5481503,2.8709617,-0.4244463,-0.56044346,1.1841013,0.15826495,-0.56064755,2.9516828,-0.46223798,-0.652838,1.2514648,0.27848634
-0.5691196,2.8774612,-0.41768214,-1.2853743,-0.19353428,-1.4351345,-0.58199227,2.936132,-0.4686313,-1.3824855,-0.2065273,-1.4411535
-0.6022074,2.852578,-0.4126783,-2.2122684,0.80699503,-0.3857891,-0.6074591,2.9147406,-0.4759284,-2.2621322,0.8333227,-0.36368626
-0.60911465,2.8218384,-0.39514494,-1.2779341,1.1169541,1.3837837,-0.62997454,2.8966684,-0.4694429,-1.2713516,1.1530012,1.4148418
-0.6672096,2.808979,-0.40284503,0.28520137,-1.8233879,2.7929094,-0.687035,2.857469,-0.46294567,0.23596163,-1.8325083,2.9215462
-0.66834986,2.7879648,-0.37803283,0.7507835,-0.380946,0.5180128,-0.7265212,2.8337314,-0.45257753,0.68622017,-0.35097978,0.56770986
-0.71304893,2.769112,-0.3735176,0.98276657,0.53906536,0.07085116,-0.76817775,2.8069553,-0.44300637,0.9929824,0.530978,0.080414124
-0.7354841,2.7200468,-0.367609,1.8266368,1.2188137,-0.3332879,-0.79982525,2.782838,-0.44117334,1.840165,1.232158,-0.3389755
-0.77232194,2.7080245,-0.38890672,2.7086594,1.0034001,-0.24707429,-0.8246209,2.7766745,-0.44134173,2.7233002,1.0712619,-0.15624078
-0.800115,2.7336617,-0.37403175,2.6418538,-1.1324539,1.66199,-0.8474575,2.809639,-0.44125956,2.6533055,-1.0795702,1.7312057
-0.81780875,2.7948384,-0.3740041,2.4203453,-1.8084162,6.901796,-0.91092545,2.886944,-0.43918774,2.4616442,-1.752401,7.043227
-0.9014933,2.7932372,-0.39867118,-1.3609136,-0.532941,1.8074435,-0.95195156,2.8754263,-0.43406662,-1.4257025,-0.51725024,2.0770943
-0.9340104,2.822605,-0.4036365,-1.7834951,-1.8075222,0.73492485,-0.9794824,2.8718889,-0.44081447,-1.7136548,-1.8242733,0.86221254
-0.9513428,2.8436847,-0.4181178,-2.4868085,-1.6584524,-0.36967272,-0.9957943,2.8668885,-0.44898224,-2.5218632,-1.7188559,-0.48206016
-0.9565542,2.8454998,-0.42843384,-3.020445,-1.0050435,-0.5232751,-1.0008087,2.8729892,-0.45146874,-3.047659,-1.0811476,-0.6217894
-0.93254185,2.8220701,-0.3974987,-0.24584454,-0.53466284,0.8330985,-0.9955778,2.8752444,-0.4511201,-0.22708413,-0.5763551,0.7147221
-0.95231724,2.8153174,-0.4128784,-1.0373759,-0.21644536,0.7261718,-0.9888702,2.8505075,-0.47089797,-1.0951427,-0.23580988,0.66561323
-0.9387388,2.7890558,-0.40308934,-1.074752,-0.72000855,0.87418014,-0.98088735,2.8338902,-0.47042987,-1.0778191,-0.7916347,0.80022013
-0.9476373,2.7687485,-0.40127382,-1.8017567,-0.04168245,1.8975991,-0.9804921,2.818022,-0.47077838,-1.8144852,-0.053449873,1.934595
-0.94735897,2.7439718,-0.40317425,-3.8965316,-0.5461551,1.8415781,-0.9737226,2.7926035,-0.44907877,-3.9314017,-0.6200625,1.8521268
-0.9183818,2.7041001,-0.38747665,-0.6359318,-0.6028866,1.9908261,-0.96019083,2.7635322,-0.43477494,-0.61427546,-0.6660047,1.9020852
-0.9018502,2.6654441,-0.3767859,-1.8559647,1.1769774,2.1481955,-0.9344328,2.7122629,-0.4208083,-1.8747339,1.182043,2.1154747
-0.8795893,2.6079636,-0.36964065,-0.41356534,0.08744267,0.84427625,-0.8998093,2.6418335,-0.3999839,-0.3609504,0.04436523,0.7552415
-0.85532916,2.5485513,-0.36093262,0.55586904,-0.29429644,-0.7288706,-0.8842163,2.602737,-0.38356122,0.5461477,-0.31524077,-0.9377155
-0.8487705,2.5006948,-0.35483328,0.552113,-0.31731704,1.6748618,-0.86614466,2.557751,-0.35822567,0.5991538,-0.31089348,1.6580676
-0.82360494,2.4376125,-0.33925858,1.6153779,-0.16475502,3.6746402,-0.84092927,2.5130494,-0.35286167,1.7012318,-0.1463269,3.713766
-0.81386924,2.4094515,-0.33581692,0.89749986,0.1434175,1.7673479,-0.82631344,2.4676664,-0.35326385,0.91185355,0.15813822,1.7838596
-0.8000622,2.3652227,-0.32296237,-0.50401634,-0.3279417,0.84148556,-0.82472277,2.4279344,-0.34790555,-0.46876118,-0.33534876,0.84694964
-0.78545904,2.3128572,-0.32868707,1.6375476,1.3113344,3.8166306,-0.80452365,2.366207,-0.32264715,1.7535161,1.3798975,3.9697096
-0.7499747,2.2834253,-0.3025413,1.1710223,0.7036087,0.9566794,-0.79403126,2.3154368,-0.30748692,1.2038338,0.7097547,0.8847422
-0.76118326,2.2526984,-0.3099142,1.4328357,0.9219602,1.90318,-0.7865887,2.2735255,-0.30401355,1.5249891,0.99510235,1.9581746
-0.7521515,2.2004714,-0.2874516,-0.3921426,1.3945553,0.8742469,-0.7840246,2.2431123,-0.30350685,-0.3395563,1.4268945,0.8860593
-0.7703115,2.1783261,-0.29531226,-2.035012,1.4871311,0.021287275,-0.77094513,2.2171443,-0.29814196,-1.9933074,1.5290487,0.037289754
-0.7494756,2.1202831,-0.2743692,-0.8971912,1.6980207,-0.2998094,-0.7753843,2.1917436,-0.2833279,-0.85603374,1.7223794,-0.3694791
-0.77943754,2.0987782,-0.28208253,-1.152575,1.1163522,-0.05544584,-0.79782605,2.130863,-0.27150938,-1.1279197,1.141377,-0.09432803
-0.79444146,2.054453,-0.27970177,-1.0295419,-0.57166886,-0.106192276,-0.8177417,2.100842,-0.2669578,-1.0095545,-0.5912431,-0.20641764
-0.82535064,2.014902,-0.27551308,-0.6652444,1.0525218,1.0596014,-0.84573245,2.0685189,-0.2630929,-0.6419379,1.0822937,1.0230289
-0.8328353,1.9669307,-0.26082098,-0.07707697,1.5475082,0.84804684,-0.86110306,2.033334,-0.25787044,-0.018848695,1.5666398,0.75093937
-0.8898773,1.9369752,-0.25902373,-0.63742214,-0.38254827,3.3712134,-0.87601215,1.9945583,-0.25495905,-0.5604694,-0.33270806,3.3861065
-0.91197526,1.884552,-0.25818938,-0.7312112,-0.38966474,11.615774,-0.9046739,1.9466119,-0.2496251,-0.6293923,-0.43223664,11.51924
-0.9601928,1.8419433,-0.27101064,2.3447926,3.2906468,12.276398,-0.97210807,1.8741821,-0.25136283,2.3024216,3.219749,12.183027
-0.9941746,1.8298514,-0.2649927,-0.40615243,2.1992142,4.0264015,-1.0099471,1.8465546,-0.24561249,-0.3493562,2.3435514,4.4617934
-1.0423907,1.7738836,-0.25688422,-1.3699449,2.3676584,4.910318,-1.046755,1.8277835,-0.23753786,-1.2142373,2.5630245,5.107592
-1.0846334,1.7281654,-0.26636747,-0.103248656,2.9008803,5.641911,-1.0922323,1.8047507,-0.22993784,-0.011914285,2.9546287,5.665651
-1.1244583,1.7365375,-0.27456325,1.95436,1.65541,4.539033,-1.1425953,1.7780207,-0.23096552,1.9892375,1.7450457,4.604858
-1.185606,1.7361614,-0.2734598,2.7360013,-0.02394065,2.6438167,-1.2042636,1.7600187,-0.24059696,2.7647276,0.10673174,2.6524997
-1.2731937,1.7490009,-0.30117744,5.216637,2.582287,6.22354,-1.3014749,1.7705051,-0.23583315,5.177426,2.5616403,6.317409
-1.3409553,1.7474303,-0.2898693,0.7343059,2.4016397,2.558129,-1.3464519,1.7988049,-0.23824717,0.82107717,2.4788017,2.563139
-1.4183998,1.7697264,-0.29898196,1.4277855,1.0713441,2.9216368,-1.3988802,1.8428285,-0.25190765,1.560902,1.1899099,2.9854803
-1.4884456,1.8059667,-0.32060447,1.6771809,1.3564475,4.465973,-1.4592569,1.9045312,-0.2797811,1.7374458,1.3701649,4.5395007
-1.5368093,1.9072576,-0.31471738,0.10683936,0.8308594,0.83691174,-1.5348887,1.966386,-0.30621976,0.14075233,0.8453993,0.84994537
-1.6081992,1.9838555,-0.3339347,-1.8394576,-0.56387764,0.21188147,-1.6058601,2.028264,-0.32241407,-1.7343229,-0.60455436,0.06339432
-1.7086582,2.068072,-0.38008115,-5.008094,-5.8486567,1.9510341,-1.6944366,2.1674945,-0.3765844,-5.033475,-6.011766,2.1315827
-1.7196757,2.118298,-0.39327815,-0.7877876,-1.401862,1.001964,-1.7333765,2.2251668,-0.40346104,-0.9213194,-1.4629593,1.3810781
-1.7205763,2.205155,-0.40216598,1.8231788,0.08005008,0.27015358,-1.7611926,2.278879,-0.43455753,1.7991699,0.040261984,0.32453278
-1.7716198,2.2893436,-0.41918233,0.40794998,-0.099903435,3.429223,-1.7713711,2.3341658,-0.44633853,0.4017387,-0.071629494,3.345145
-1.7602844,2.3563054,-0.42810553,2.2819734,-0.8570702,3.2233076,-1.7754512,2.4182808,-0.45585698,2.2425103,-0.8256751,3.2323525
-1.7543757,2.440436,-0.4333534,0.7707575,0.32707027,1.9639914,-1.7706159,2.4997709,-0.46159053,0.74407864,0.34654194,1.9249831
-1.751731,2.5306115,-0.44518405,-1.3373502,0.5521038,2.613188,-1.7287416,2.6424592,-0.4526784,-1.2883317,0.5797009,2.5820725
-1.7336835,2.6063964,-0.4789935,-4.515166,-0.6050745,-3.0099862,-1.6964191,2.707149,-0.4614357,-4.4603453,-0.5343341,-3.052309
-1.6872467,2.6593003,-0.4840761,-4.9931865,-0.729097,-1.8638918,-1.6731626,2.7855027,-0.4847155,-4.855656,-0.7439345,-1.8691999
-1.6132928,2.7212675,-0.47819057,-3.7655134,0.71062887,-1.3763491,-1.640699,2.8320622,-0.50924003,-3.736286,0.6553178,-1.4313107
-1.5637416,2.7270548,-0.47628215,-9.80232,4.1141214,-8.295431,-1.649888,2.7420151,-0.52605593,-9.620904,4.1368866,-8.327518
-1.5465546,2.575688,-0.45204854,-13.254281,8.275517,-15.166466,-1.7515825,2.471597,-0.52206886,-12.802198,8.277236,-15.14969
-1.4997984,2.3404386,-0.5187232,-17.978836,-7.599189,-17.934868,-1.6609519,2.3508868,-0.38185394,-18.36694,-7.612491,-18.159048
-1.6800152,2.2948465,-0.3601368,5.5055137,-10.942084,-5.804682,-1.6217287,2.3012214,-0.24885099,4.9333677,-10.691509,-5.8094616
-1.6683654,2.1977491,-0.386831,0.5006909,-8.586151,-3.2046402,-1.5938213,2.1674268,-0.34414846,0.5826492,-8.892418,-3.0334141
-1.7129104,2.0225816,-0.36126944,0.63082117,-2.248781,-2.9220943,-1.5684916,2.0284715,-0.41154402,0.7879286,-2.2125745,-2.694581
-1.6064035,1.8044375,-0.3021213,1.9872007,2.677364,-9.322216,-1.5322688,1.9219892,-0.4198222,1.8605988,2.9010584,-8.738574
-1.6009709,1.7547383,-0.3319152,5.903654,2.1809368,-4.1735187,-1.4956024,1.7321692,-0.39805654,5.626962,2.3218243,-3.764707
-1.7323518,2.0128932,-0.20331259,52.193317,21.46357,4.823648,-1.6837133,2.0805995,-0.36874717,53.42275,21.13807,4.5313506
-1.745475,2.084333,-0.23268412,3.6543508,16.850765,-7.9971366,-1.8283511,2.1672592,-0.3999635,3.8769028,16.88675,-7.7849035
-1.9385425,1.8396931,-0.30562833,-4.7902083,7.386358,-7.292363,-1.927688,2.077116,-0.39577532,-5.766,7.6761384,-5.9924016
-2.0615618,1.8037493,-0.37739763,-7.542375,2.8255756,-8.870632,-2.05571,2.0602934,-0.3781552,-7.3225327,2.2786815,-8.800903
-2.2255461,2.1236959,-0.47109142,-6.3475266,-0.48639488,-7.3335814,-2.2230299,2.0961561,-0.38601795,-6.6795344,-0.54101837,-7.719613
-2.4594066,2.0322785,-0.5442814,-9.087539,-7.1958613,-4.336424,-2.4601758,2.1395674,-0.42686108,-9.455322,-7.2809043,-4.2212763
-2.5620856,1.7182888,-0.57654303,-20.846275,-22.544678,-5.299929,-2.8358445,2.119169,-0.5627369,-25.335295,-25.655529,-6.1896715
-2.5730839,1.7855201,-0.7036166,-13.111928,-12.566593,-10.645326,-2.9633923,2.0587437,-0.63807935,-12.9298935,-12.559736,-11.228292
-2.805078,1.7511581,-0.69470227,-8.940248,-14.194664,-11.328185,-3.039108,1.9898667,-0.69354177,-8.038956,-14.064548,-11.380317
-3.0903027,1.6508578,-0.7204315,-3.6129227,-18.21695,-8.45677,-3.0825846,1.8721516,-0.7210723,-3.3004577,-17.947065,-7.5965824
-3.1705139,1.599204,-0.69997966,0.66159314,-18.992722,-7.1401925,-3.0756752,1.6844944,-0.7062767,0.57462555,-18.935616,-6.317426
-3.1400826,1.4260135,-0.6560514,4.5740695,-17.954811,-7.3245883,-2.995785,1.421621,-0.6405341,4.3706703,-18.070566,-7.0293183
-2.9395816,1.1429756,-0.58905476,13.42981,-9.667551,-13.409839,-2.736561,1.0321771,-0.4766229,13.618905,-10.11382,-13.936815
-2.7198603,0.8473637,-0.45123792,7.9226346,5.309722,-6.0588326,-2.5631359,0.88067484,-0.3930849,8.409985,4.9023876,-6.728974
-2.4973984,0.5847013,-0.3910872,5.6630883,7.57039,-5.1053877,-2.3642275,0.7100079,-0.3106247,5.312914,7.3086953,-4.6739244
-2.2765875,0.37935424,-0.33324194,1.7810498,4.7724247,-3.9651945,-2.178205,0.51125926,-0.23975724,1.7433559,4.6527843,-3.7739956
-2.1042268,0.19801015,-0.26995802,1.3869665,2.7082975,-4.0664873,-1.9664743,0.24611379,-0.16717608,1.5434964,2.8016155,-4.0118794
-1.9428935,0.026727974,-0.23071246,1.72938,0.46252388,-0.43820757,-1.7587008,-0.044831935,-0.11137015,2.04852,0.6965257,-0.2870402
-1.7189542,-0.3687222,-0.18153514,-13.102098,4.3206987,35.644524,-1.5725081,-0.44558534,-0.14553145,-14.826653,4.79545,36.650352
-1.568173,-0.4631527,-0.09486791,-5.7822485,3.8092854,3.1639388,-1.5534906,-0.6971044,-0.19383937,-5.737678,3.9013133,3.2695448
-1.5010082,-0.57455647,0.019005576,15.49932,1.5749482,-9.615172,-1.4766086,-0.6790533,-0.21134625,16.300554,1.5870659,-10.274856
-1.4300697,-0.69749045,-0.061909817,14.191269,-1.3689096,-5.680307,-1.3204819,-0.52631146,-0.17329238,14.118595,-1.6449623,-5.853538
-1.3526337,-1.0482447,-0.012354394,8.408724,-4.3295555,-10.660358,-1.162614,-0.55491537,-0.10668406,8.086617,-4.5826626,-10.455944
-1.2534182,-1.106306,-0.006187817,3.9792223,-0.28862193,-12.325637,-1.1328528,-0.65856737,-0.062208187,3.834458,-0.2795962,-12.1692915
-1.087726,-0.9119985,0.03561119,9.97435,-0.26613572,-13.127737,-1.1223722,-0.7142482,-0.02283643,9.950503,-0.42243096,-12.980669
-0.9436381,-0.7669008,0.00818033,7.9612775,0.11341521,-3.4448462,-1.0124208,-0.7511542,-0.03672468,7.965199,-0.15309207,-3.5588923
-0.85945773,-0.7651237,-0.008496663,6.713557,2.0364954,-1.4892126,-0.9171483,-0.7468514,-0.05488358,6.6502924,1.9108607,-1.6284649
-0.7749361,-0.7473856,0.03759218,4.654251,2.9845796,-7.8455634,-0.7858383,-0.7608683,-0.059280988,4.589552,2.901274,-8.179591
-0.6764723,-0.6661975,0.070151486,8.135682,2.339076,-9.912632,-0.6629419,-0.72149956,-0.061901048,8.171494,2.3556187,-10.031509
-0.6327629,-0.5477208,-0.007973334,6.3760476,3.5032012,2.179712,-0.6175722,-0.5802504,-0.072973326,6.431389,3.4939632,2.045216
-0.5729457,-0.47160256,0.027554566,5.709815,10.342752,-11.081607,-0.7334128,-0.35163984,-0.07060656,5.3385205,10.08177,-11.609947
-0.71009505,-0.24715674,-0.024372501,0.14256209,22.74133,-8.927648,-0.9433749,-0.19881019,-0.100486286,-0.11471118,21.796976,-9.045477
-0.7343507,-0.03738439,-0.04788641,-3.3237934,19.375029,-4.5196557,-0.9353502,-0.07805948,-0.09491989,-3.3879907,19.233763,-4.936719
-0.80965304,0.07058573,-0.015887564,-5.049388,7.5453596,-0.4195103,-0.8666014,0.05531949,-0.027971713,-5.13292,7.701403,-0.98388135
-0.9896741,0.21675134,-0.01926293,-6.4086423,-0.547352,2.2996309,-0.9149818,0.1852608,0.012897421,-6.407271,-0.4170508,1.924867
-1.2002193,0.2639526,-0.037019826,-1.3328238,-7.901976,4.116822,-1.0319755,0.2854733,0.0138181215,-1.3457332,-7.751343,3.8762143
-1.3421576,0.35019606,-0.052366517,4.8669033,-16.91994,9.796525,-1.3321459,0.44722915,-0.03141131,4.8036814,-17.027014,10.064658
-1.4881455,0.4512849,-0.14180379,3.7176301,-11.0323715,5.4844265,-1.4036286,0.5296499,-0.061540797,3.877771,-11.138975,5.8652663
-1.4991539,0.5499954,-0.10713018,0.012090024,-12.716726,7.2138076,-1.3167387,0.54915464,-0.06870272,-0.044378642,-13.063752,7.440088
-1.4626354,0.64331377,-0.11577114,-4.7297177,-10.675861,5.944056,-1.2474691,0.60798186,-0.07431038,-4.4067245,-10.691119,6.148769
-1.3756313,0.74133265,-0.13193142,-8.327266,-6.918407,-1.1334366,-1.2127422,0.67049235,-0.083755076,-8.170275,-6.9672065,-0.9814955
-1.2182814,0.84389937,-0.09665249,-6.83079,-8.523697,-9.071923,-1.0638527,0.72137505,-0.094053656,-6.714437,-8.638007,-8.783807
-1.2313322,0.8898299,-0.16318299,-17.749165,-29.592463,-22.400871,-0.90382016,0.82327586,-0.1401524,-17.398567,-29.881924,-23.651505
-0.96827674,0.8352319,-0.1372572,-1.3646597,-13.474628,-13.221058,-0.8884985,0.8548025,-0.11483899,-2.1122825,-14.193406,-13.194237
-0.6993145,0.7380012,-0.12058944,4.108104,-3.7555764,-13.220713,-0.76113886,0.85533416,-0.05968946,3.750837,-3.9873743,-13.64242
-0.45627353,0.7090611,-0.13185766,-1.7216121,0.48040473,-12.730053,-0.5474625,0.81733286,-0.008565691,-1.7457055,0.40351546,-12.375783
-0.20870718,0.697889,-0.11487239,-1.8035969,-1.5548537,-6.296027,-0.29453662,0.76524067,0.026237288,-1.885504,-1.6403791,-6.692118
-0.044511825,0.6567978,-0.12485952,0.8283761,-1.9734457,-1.9526533,-0.028051728,0.71053904,0.04627453,0.5967837,-2.1367462,-2.0965202
0.22135481,0.6790843,-0.10762679,-6.904899,-1.9649544,-6.961886,0.45111,0.6586734,0.05733648,-6.713741,-2.132803,-7.2811165
0.5018431,0.680933,-0.05212786,-5.6551886,1.1025484,-1.6072427,0.703345,0.6634119,0.04314294,-5.8258634,1.4333197,-1.8606482
0.7995391,0.6850332,-0.029297939,-6.160229,2.893822,-0.06217258,0.9826476,0.6682499,0.012109732,-6.259153,3.1506853,0.044967666
1.1298574,0.7140297,-0.04223477,-5.827252,3.814086,-0.4066679,1.2471491,0.6766421,-0.032542717,-5.851049,4.1092663,-0.18187475
1.4138763,0.7061831,-0.09748157,-2.5747561,3.8693464,0.8432458,1.4881588,0.6653016,-0.08424515,-2.5072577,4.0230174,1.0015252
1.651235,0.6809808,-0.16378252,1.8057891,6.192361,0.22979124,1.7361625,0.6129126,-0.13529253,1.9685084,6.0978565,0.20916042
1.9529837,0.6810773,-0.24450888,8.83087,17.275352,-1.0583752,2.1854835,0.572511,-0.2085866,9.139755,17.231928,-1.6327163
2.0078654,0.6430429,-0.28857654,5.3238034,6.622243,-0.51184696,2.3455977,0.60218894,-0.25847065,5.759834,5.9470882,-0.9726664
2.2327871,0.6632234,-0.3218877,8.360136,7.0033703,-0.41579884,2.4788997,0.6698655,-0.2984003,8.494496,6.608299,-0.41325992
2.423649,0.7400968,-0.32878533,8.522658,7.7484865,3.853447,2.6094377,0.78769433,-0.32870695,8.382255,7.5712423,3.6791909
2.4962893,0.9054473,-0.3263919,3.8610663,7.4630446,5.7719946,2.7012563,0.9014211,-0.3632574,3.7402465,7.479495,5.7121572
2.5480142,1.0014027,-0.3027247,0.06861073,7.636187,3.12303,2.7522323,0.99242556,-0.4084873,-0.03102921,7.650022,3.174063
2.4966183,1.1350496,-0.4574273,-7.78186,27.293438,-0.55333585,2.668231,1.1635072,-0.48404795,-8.3685665,27.936174,-0.4727902
2.4031894,1.1774957,-0.44217378,-6.053822,25.294765,0.57442194,2.429659,1.1791817,-0.5131787,-5.8181424,25.154284,0.4269409
2.2907429,1.2524059,-0.44912776,-6.26217,23.158028,-0.10222308,2.2495415,1.2466204,-0.5027599,-6.2577624,23.550547,0.18597321
2.1657658,1.3929946,-0.42025724,-12.276448,21.548458,-5.3990054,2.107376,1.2565238,-0.4670561,-12.452461,21.494736,-5.7982855
1.8860687,1.2747271,-0.39711353,-5.394238,20.636192,0.0706075,1.8653814,1.204898,-0.41059318,-5.416475,20.750784,0.15516217
1.353536,1.2778189,-0.34369656,-13.952787,15.114442,3.7697885,1.6034831,1.2790798,-0.38797882,-14.048414,15.438441,3.8577707
1.0220579,1.1670957,-0.09990176,9.044928,-31.751682,2.2895453,0.72841364,1.1491284,-0.67270434,8.831501,-32.300323,2.5517104
0.101218134,1.1267123,-0.34002504,8.770117,-5.4531517,3.8327105,0.28583756,1.016878,-0.56541014,8.764913,-5.2153616,3.9786892
-0.17349824,0.9126352,-0.29505143,13.191243,-9.259726,9.5842495,-0.12115312,0.8240711,-0.41315198,13.128227,-9.240446,9.517946
-0.49877128,0.7800281,-0.264232,15.78055,-14.553377,12.340231,-0.47211498,0.65069145,-0.33473378,14.848758,-14.010361,12.3619795
-0.7887591,0.64010465,-0.15350832,4.1486306,-12.523232,11.759547,-0.7794667,0.5632676,-0.32534072,4.0943565,-12.407287,12.151161
-1.1146886,0.5361889,-0.18874197,-1.1117163,-8.657349,9.7521715,-0.99804145,0.518933,-0.3175881,-1.030827,-8.954296,9.630618
-1.261645,0.564731,-0.17082377,-2.224235,-15.058774,15.229332,-1.3657187,0.41068125,-0.27515528,-2.0805554,-15.403445,15.2921915
-1.5182806,0.46428406,-0.116490416,-2.6519728,-9.702412,2.0995786,-1.5129188,0.3789645,-0.2516021,-2.482479,-9.921728,2.4234173
-1.59905,0.37558854,-0.13497062,-0.9572728,-7.8770704,-0.29293722,-1.6011765,0.3618927,-0.23924355,-0.958327,-8.268467,-0.20344992
-1.6569912,0.29400384,-0.17105334,-0.19829637,-5.865491,-0.13996474,-1.6552808,0.33540702,-0.23563367,-0.14711457,-6.014282,-0.3012073
-1.6371342,0.22220427,-0.16563468,-2.5909524,-3.258115,-1.4381505,-1.6750766,0.304413,-0.23514496,-2.6721184,-3.2314007,-1.5439762
-1.6068019,0.17028332,-0.28021297,-2.8535712,-4.5135098,-2.7907357,-1.6777442,0.27695712,-0.23594534,-2.8465164,-4.6047997,-3.0330489
-1.5158888,0.18919683,-0.2061617,-5.94857,-7.045866,0.77701265,-1.6422807,0.2103852,-0.22032273,-5.8590236,-7.159526,0.649141
-1.5082394,0.09332585,-0.23243792,-2.358831,-1.4605724,-0.19795625,-1.5856887,0.1312069,-0.20701207,-2.3370411,-1.5398784,-0.30584785
-1.4577967,0.015579462,-0.22336097,-1.9461609,0.81012833,1.2687172,-1.5259953,0.039937392,-0.18747877,-1.9629859,0.76424795,1.1851256
-1.3889419,-0.06602812,-0.21007366,-2.4162014,0.874985,2.909395,-1.4688146,-0.04658343,-0.1684067,-2.381376,0.97308975,2.9103613
-1.3090907,-0.17109811,-0.19093485,-2.132255,-0.26101318,2.5697196,-1.4096172,-0.14629215,-0.15561761,-2.1157608,-0.23374408,2.4701698
-1.2567014,-0.2774278,-0.17241462,-3.282574,0.015803846,2.4121344,-1.3475087,-0.260143,-0.14227171,-3.2749476,0.015576323,2.267368
-1.1990103,-0.4388442,-0.13036652,-4.5450587,-0.7064709,5.753427,-1.2258935,-0.49873602,-0.12786564,-4.574075,-0.5714826,5.790011
-1.142907,-0.5995314,-0.13445921,-0.58817583,0.10104844,1.4743046,-1.169496,-0.62487304,-0.13342966,-0.46943715,0.14867152,1.3818346
-1.071993,-0.74698997,-0.120166145,-1.1102997,-0.0041368282,0.5785306,-1.1019742,-0.76796436,-0.13769194,-0.9978703,-0.034887776,0.36579293
-1.008649,-0.95881724,-0.12262591,-0.53630453,-0.8384024,1.201249,-1.0290688,-0.9173232,-0.14202191,-0.37204972,-0.7431633,1.1304448
-0.9391154,-1.2012188,-0.16722314,1.088368,0.3561413,2.0571604,-0.9532268,-1.0584555,-0.14679387,1.0828065,0.38782424,1.87424
-0.8759376,-1.348471,-0.1707998,2.4627242,0.08608189,3.043545,-0.8819363,-1.1839886,-0.14948156,2.4285305,0.14244567,2.979462
-0.75371397,-1.5387268,-0.31743792,8.111552,0.2976776,6.8640122,-0.7430352,-1.4420276,-0.15920074,8.121074,0.36357954,7.0297747
-0.70865524,-1.7290727,-0.18341263,5.230841,-0.3925734,0.05644543,-0.68093055,-1.5701486,-0.16615514,5.026672,-0.33201465,-0.10923282
-0.5880058,-1.8306623,-0.17916842,3.4179425,0.99208784,-4.633338,-0.63621813,-1.6646584,-0.114180945,3.4272804,1.0218481,-5.0723677
-0.5057728,-1.946924,-0.13055421,5.9104543,1.78969,-20.310438,-0.597666,-1.7214814,0.1178378,5.89609,1.7507948,-20.499012
-0.3815088,-1.7652628,0.09548775,16.708412,-0.38367772,-30.69706,-0.5348574,-1.7513583,0.30493408,16.932228,-0.70891035,-29.518267
-0.18584296,-1.6081351,0.08346126,31.240213,-2.052418,14.874527,-0.37002873,-1.6594728,0.10769592,29.604889,-2.6874707,14.671779
-0.35224614,-0.9085064,0.27347222,57.80249,-3.5754185,36.82929,-0.23049062,-1.1858488,0.02939562,58.74243,-3.8944957,36.981842
-0.28372595,-0.78624225,-0.06237238,22.930502,0.566816,-2.1173956,-0.23369113,-1.0459715,0.09084055,23.957918,1.6257119,-3.1474977
-0.0760009,-0.5779467,-0.014750084,20.612064,-1.9161301,2.3577726,-0.13191123,-0.7457578,0.18021864,20.52057,-1.5581851,1.0199784
-0.11810717,-0.2821343,-0.0059388783,19.577183,-0.9628809,1.2579209,-0.032566585,-0.25601834,0.23751754,19.593658,-0.9024378,1.4964051
-0.04246643,0.20801318,-0.03791382,16.601484,1.5437139,1.0171767,0.03093757,0.20122637,0.25145805,16.939249,1.6102633,1.4711765
0.10549393,0.8228605,-0.03460417,7.5586123,2.755906,-1.4412848,0.091508076,0.7494477,0.23143356,7.5986457,2.6557994,-2.182548
0.17297354,1.7183324,-0.09254181,-3.922299,1.9338075,2.9124696,0.19605404,2.1164877,0.10581778,-4.31278,2.0646427,2.8097868
0.18806264,2.4858453,-0.30103108,-7.567201,-0.5297339,4.453628,0.21775158,2.7244473,-0.03394017,-7.532638,-0.63278025,4.649374
0.22674349,3.2080798,-0.538794,-7.8078113,-0.20385131,3.0556962,0.23598458,3.4346247,-0.2666832,-7.633158,-0.13674921,3.168492
0.3356621,3.9827747,-0.7875813,-10.684302,2.016885,1.2990199,0.24845926,4.0813813,-0.5447604,-10.316823,2.0161839,1.2057159
0.38685802,4.6291337,-1.0782801,-15.622034,1.5981554,2.4831994,0.26511306,4.6973367,-0.8481766,-15.001029,1.7196584,2.6757007
0.40321186,5.094585,-1.328941,-21.254862,2.8033524,-0.081315205,0.28739536,5.186833,-1.1214944,-20.563654,2.8299863,-0.19397105
0.18412653,5.463677,-1.71808,-40.504288,2.038657,0.0037120113,0.30136293,5.9254537,-1.6547887,-40.96918,1.6711522,0.2569589
0.16386339,6.0152235,-1.9664642,-20.757938,1.2410315,-0.72673863,0.31780672,6.241909,-1.9333546,-20.32627,1.0975022,-0.7277693
0.14777365,6.3211055,-2.2032087,-24.021435,2.2642446,-0.49124306,0.32204345,6.4630666,-2.1544254,-23.851418,2.9614787,-0.83502114
0.09139845,6.3697286,-2.2126632,-20.837898,1.4839803,2.2457323,0.33289474,6.605904,-2.3054636,-20.87548,1.5881759,2.484001
0.20091227,6.5100393,-2.392111,-16.907284,-0.18216285,1.7201296,0.3325622,6.700811,-2.4365575,-17.029934,-0.040871773,1.575603
0.21016732,6.5059657,-2.4573848,-24.675352,0.76957476,-0.93285984,0.3138138,6.721215,-2.5085676,-24.752644,0.676298,-1.4046291
0.24416658,6.3828444,-2.3520894,-27.729088,6.0363193,-0.38124794,0.3199074,6.6466208,-2.4765997,-27.63556,5.9058743,-0.50289494
0.37646326,6.5219445,-2.3366473,-10.127799,4.112194,0.17993267,0.31170812,6.515108,-2.409338,-9.806524,3.9446957,0.5647914
0.39622453,6.3123417,-2.2178295,-8.17919,2.649433,1.5887579,0.2943018,6.334508,-2.2933578,-8.010289,3.2510207,1.6274935
0.39913407,6.034002,-1.9380659,-6.6800747,4.2422495,-0.22477143,0.27008715,6.1339793,-2.151907,-6.84304,4.190216,-0.19776812
0.35032764,5.734261,-1.6815445,-6.4916005,3.8911047,1.3676914,0.22865726,5.895526,-1.9887284,-6.5611033,3.8502727,1.1550765
0.3062862,5.491572,-1.4589648,-5.537299,3.6457403,1.6269091,0.17916809,5.6311655,-1.8153151,-5.764712,3.6117241,1.4170653
0.23009387,5.1172338,-1.2489799,-5.71535,8.222164,1.338564,0.0581702,5.06638,-1.4843867,-5.7665963,8.473232,1.006695
0.12609044,4.7085404,-1.1162603,-0.9239306,3.3138158,1.2748972,-0.018396104,4.7680044,-1.3327925,-0.3904505,3.1753373,1.3198739
-0.031611115,4.298803,-0.9675528,0.61409324,2.576666,1.505911,-0.118470535,4.3968883,-1.1571268,0.5261127,2.5792606,1.466651
-0.24731109,3.8312476,-0.8215917,1.8110884,2.2670386,2.1489565,-0.23244533,4.021592,-0.99239033,1.8711697,2.2881343,2.368948
-0.39700314,3.4400423,-0.6694596,1.5554007,1.5877393,0.7077065,-0.34249184,3.6905363,-0.861834,1.5167875,1.659708,0.93848056
-0.54318273,3.1225193,-0.54119366,0.7885806,-0.56480455,-0.010972189,-0.4722055,3.329274,-0.7314118,0.7317563,-0.6459751,0.030427346
-0.6714544,2.739424,-0.4380558,5.873904,-0.2536665,2.9181316,-0.74955595,2.6256776,-0.52602154,6.0956535,-0.4091934,2.9297535
-0.8172512,2.3793564,-0.33363113,3.3973227,0.105686635,1.6389064,-0.8740174,2.3117764,-0.4547299,3.8373199,0.12480984,1.8009022
-0.99987924,1.9735962,-0.30284947,4.877625,-1.8783789,2.4454615,-0.9988238,2.019805,-0.3970984,4.888569,-1.858738,2.4640868
-1.163917,1.6087072,-0.27454084,5.788723,-3.6656675,3.4017758,-1.1331476,1.7194808,-0.3516404,5.7548714,-3.6625788,3.4032896
-1.3061743,1.2962077,-0.26278204,7.151133,-4.3498406,4.4881854,-1.2706382,1.3933778,-0.3075808,6.9777174,-4.241925,4.465534
-1.4226035,1.0330232,-0.24675877,7.8425593,-2.8332527,1.6594867,-1.4172585,1.0656841,-0.27559483,7.7589765,-2.7395873,1.4919504
-1.491882,0.7800519,-0.20814382,10.021667,-8.713915,4.7196794,-1.633151,0.62292856,-0.2501342,9.973904,-8.725744,4.719085
-1.6320091,0.55496347,-0.2065617,3.9733915,-4.65154,3.4228756,-1.714322,0.4483149,-0.23983143,4.053833,-4.729573,3.4536295
-1.7230982,0.32578737,-0.21805514,7.1448946,-2.223872,3.522694,-1.7884301,0.2932401,-0.24265471,7.0915365,-2.2503736,3.540176
-1.7764503,0.14381754,-0.20004345,8.780279,-3.576724,2.3777633,-1.8499779,0.13923402,-0.25571847,8.773604,-3.542602,2.4656386
-1.8595961,0.026773572,-0.20034899,6.151603,-5.5086317,1.6845182,-1.8909053,0.007059092,-0.25309032,6.176418,-5.4826846,1.9340951
-1.8705698,-0.07085079,-0.18364184,7.61425,-4.427174,2.4571855,-1.9338061,-0.077378966,-0.24354447,7.640452,-4.466662,2.5978184
-1.8601484,-0.10221198,-0.18356247,10.51806,-5.9162035,3.885319,-1.9587001,-0.1489438,-0.2214962,10.544033,-5.9253674,3.9460826
-1.8857006,-0.1294223,-0.17305379,3.4883623,-1.2427242,2.2755992,-1.9508919,-0.16356657,-0.19325648,3.715144,-1.1958727,2.3821862
-1.8514761,-0.14639878,-0.16063993,4.8394527,-0.9683986,-1.1659788,-1.9380983,-0.15734053,-0.17100374,5.0774097,-0.9408891,-1.315322
-1.8442869,-0.13860327,-0.17601453,4.9104614,-2.3716328,1.951192,-1.9199723,-0.120992415,-0.16567305,5.0266776,-2.4514105,1.8963954
-1.8281204,-0.062375307,-0.16766687,1.8205758,-1.6181216,2.333863,-1.8860513,-0.07902132,-0.15338968,1.9102927,-1.7304658,2.258171
-1.7884732,0.0028495193,-0.14312892,-0.3936445,0.30463275,-1.5390538,-1.8456094,-0.010548815,-0.12857854,-0.407442,0.23124944,-1.7678155
-1.7325222,0.08147812,-0.14196254,-2.2775087,4.284714,-0.84702104,-1.7857133,0.13531855,-0.11588207,-2.374952,4.3433585,-1.0007414
-1.7024186,0.1473732,-0.14059655,-0.05234653,-0.08430764,-1.5587238,-1.7356532,0.20273638,-0.104498856,-0.09938054,-0.14935113,-1.7775443
-1.6570189,0.19936508,-0.1589153,1.6228007,1.6202221,-0.42310542,-1.6940476,0.2605074,-0.0978285,1.6829698,1.6771175,-0.4617479
-1.6237664,0.28835928,-0.16212727,1.4295036,1.8103197,0.044605803,-1.6593429,0.3175401,-0.09810118,1.5319221,1.7886034,-0.0740625
-1.5980797,0.35443538,-0.15424232,0.8001699,0.38487157,-0.27941865,-1.6261649,0.37919408,-0.09829732,0.83985,0.3499205,-0.39146873
-1.5617872,0.43531394,-0.14036997,-1.4622595,1.7880332,-3.4512944,-1.5946685,0.46090934,-0.09659161,-1.4989197,1.783534,-3.6668258
-1.5451893,0.5274625,-0.1519555,-3.7071738,0.06741837,-4.033648,-1.5392706,0.60108113,-0.08846132,-3.873579,-0.010605354,-4.260845
-1.5046355,0.57218385,-0.14966567,-3.7372615,2.09655,-1.6384331,-1.5114186,0.6560737,-0.08758778,-3.818281,2.1363895,-1.7762747
-1.4761595,0.60375065,-0.17615063,-0.18250841,2.8970215,0.9646538,-1.4863318,0.69352406,-0.09714177,-0.08710611,2.9554782,0.94584584
-1.4611114,0.6696357,-0.15461789,-1.8483666,2.274058,-1.2169889,-1.476296,0.72550493,-0.1099383,-1.93339,2.3126373,-1.3586321
-1.4553453,0.7242105,-0.1603942,-4.439626,1.4029486,-1.9562514,-1.4819038,0.7587097,-0.116495706,-4.5553627,1.3947784,-2.1488376
-1.4701726,0.7303219,-0.16688709,-5.9640427,-0.30569312,-1.2985445,-1.4894527,0.7773351,-0.11984285,-6.113613,-0.36430883,-1.4519728
-1.4734999,0.7192261,-0.16269682,-7.1652675,0.30799982,0.12539251,-1.4974054,0.74443126,-0.1278843,-7.30052,0.28363207,0.0031254953
-1.4682568,0.6510672,-0.1634215,-0.38400298,1.3805786,-0.43381566,-1.5105232,0.7094823,-0.13260369,-0.34772375,1.3208421,-0.66817325
-1.4824852,0.61561996,-0.16950215,1.7617646,0.94513905,0.036972832,-1.5378193,0.6614498,-0.1416456,1.7575349,0.9718146,-0.041352276
-1.5246788,0.5893992,-0.1698126,0.84857816,-1.5995682,1.720627,-1.5588405,0.61596227,-0.14331338,0.90323263,-1.590764,1.7467467
-1.5614257,0.5329319,-0.16623335,-0.8234077,-2.4265697,2.030387,-1.5793318,0.57280684,-0.13549678,-0.85922843,-2.46114,2.0743985
-1.5665275,0.48608625,-0.16677366,0.6342067,-0.8803968,0.45072657,-1.6067722,0.538464,-0.12981859,0.6232887,-0.9085706,0.42634246
-1.5740439,0.4472158,-0.17064942,2.708727,-1.2118145,-0.14392106,-1.6286093,0.4685746,-0.13694888,2.7271001,-1.2414154,-0.20995887
-1.5847455,0.43207026,-0.16787656,-1.1115648,0.4047005,0.84223443,-1.6325476,0.4342236,-0.13216418,-1.1355482,0.44388342,0.8179273
-1.5751159,0.38350922,-0.15688531,-0.7005623,1.1958483,0.53417474,-1.6365404,0.41266719,-0.13193814,-0.68924683,1.2202582,0.40606606
-1.587863,0.34049904,-0.15563984,-0.9483848,1.608283,0.76947623,-1.6413127,0.3813907,-0.14052844,-0.96340257,1.650595,0.7518845
-1.6122792,0.31025475,-0.16207947,-1.4495414,1.546629,1.2496985,-1.6465193,0.34018055,-0.14639145,-1.4823765,1.5821257,1.3278211
-1.6267354,0.27041966,-0.1504872,-1.240341,0.8503736,0.89559823,-1.652609,0.2961904,-0.14708123,-1.280304,0.85740304,0.89172983
-1.6469189,0.24485266,-0.124860965,-0.8460209,-1.3205737,-1.1888329,-1.7025485,0.22224683,-0.15336353,-0.8458443,-1.3834459,-1.4557792
-1.6662539,0.18174505,-0.1587825,0.7990398,1.247205,1.4310919,-1.733626,0.17175439,-0.16238642,0.8730084,1.2834573,1.4632753
-1.684826,0.1182735,-0.15782611,2.261384,1.6055408,1.924189,-1.7597762,0.11871586,-0.16695765,2.3258247,1.6900142,2.0313447
-1.7349738,0.07819998,-0.1644427,2.809937,-0.57174534,1.6576024,-1.7855989,0.07738287,-0.16934933,2.8644323,-0.5365112,1.7050946
-1.777757,0.045983553,-0.14789672,0.9424078,-2.2996013,2.0980246,-1.8126736,0.05178674,-0.17419869,0.95526123,-2.3247304,2.2137523
-1.8087076,0.030396998,-0.15389295,1.038107,-0.83294153,1.7793323,-1.849418,0.030310001,-0.17119917,1.0717854,-0.83074397,1.9083934
-1.8364137,0.011570334,-0.1538748,0.67770964,3.4867766,-0.8709025,-1.9696013,0.0057830936,-0.19429758,0.65632904,3.522556,-0.85725164
-1.906469,0.011988759,-0.15598424,-0.3173675,0.21428934,1.8474342,-1.9937767,-0.0009936474,-0.19252203,-0.34852412,0.17673363,2.0418088
-1.9364262,0.0033251643,-0.13479953,0.58383244,-0.06374866,-1.5174619,-2.0049043,0.00030814184,-0.18885773,0.56828606,-0.14588399,-1.5666883
-2.0035114,0.023452163,-0.14349185,1.0816637,-0.68915343,-1.680489,-2.0455592,-9.297084e-05,-0.1988273,1.0508376,-0.73786515,-1.5466748
-2.0615892,0.018504739,-0.14305516,0.8175705,-2.3852334,-0.2515623,-2.065456,3.80646e-05,-0.20579705,0.8025039,-2.4822352,-0.05190336
-2.0825167,0.022661924,-0.16092427,-0.21002275,-0.4681637,-0.29295534,-2.0973954,-0.00012708188,-0.20613503,-0.25293952,-0.4926991,-0.15182891
-2.0877988,0.015086353,-0.18123277,4.4694004,4.1420083,-0.9711589,-2.1475146,-0.0023752404,-0.21203329,4.537103,4.1608405,-0.9477376
-2.118809,0.037304938,-0.17831628,1.8669014,0.43320224,-1.2140678,-2.1762986,0.0190528,-0.21552455,1.9169482,0.493523,-1.1035007
-2.1363509,0.07637,-0.1457737,-1.2416834,-0.6261708,-3.070532,-2.207093,0.047323294,-0.21933956,-1.2685741,-0.6839923,-3.1067493
-2.1643527,0.091955066,-0.14288612,-3.310176,-1.6438355,-3.1591864,-2.2534082,0.06349133,-0.22515853,-3.4328754,-1.7525162,-3.218229
-2.2150931,0.10492504,-0.15017729,-1.5020434,-0.5921737,-3.0970159,-2.2835488,0.08046568,-0.2291376,-1.5847627,-0.69940424,-3.2075295
-2.273074,0.13218993,-0.16796617,-0.5397641,2.3642547,-4.1499124,-2.3260481,0.08724906,-0.24520805,-0.6113899,2.342401,-4.1693745
-2.4119864,0.120636165,-0.2299871,-3.184371,19.323952,-8.253871,-2.5448368,0.07003583,-0.282142,-3.528973,19.783733,-8.082604
-2.5264144,0.05002743,-0.22323479,-0.2483868,9.372847,-5.232576,-2.667857,0.048071105,-0.30904266,-0.43403795,9.477827,-5.3206453
-2.6407042,-0.03224498,-0.26551965,-2.1067715,6.7773123,-5.103366,-2.7504735,0.018273642,-0.3355687,-2.0023727,6.34169,-5.027959
-2.804834,-0.07275283,-0.28442758,-2.8072658,3.918699,-7.7711825,-2.855939,-0.020388741,-0.3663107,-2.8598535,3.9094858,-7.6797786
-2.9843895,-0.112454236,-0.2962432,-0.8512878,2.44035,-6.9530087,-2.9674356,-0.06578992,-0.39741793,-0.7645385,2.4348803,-7.0091243
-3.12348,-0.13831484,-0.3017544,2.6615148,-0.39351684,-7.239165,-3.1229298,-0.13047858,-0.4471513,2.8988235,-0.34050566,-7.3126597
-3.315176,-0.18269539,-0.3770676,1.3038515,-7.8914256,-7.15087,-3.430351,-0.28078958,-0.5594403,1.446263,-8.093928,-7.1950836
-3.4918795,-0.33570302,-0.5139673,0.24860996,-4.6480117,-3.760344,-3.5727127,-0.3438396,-0.6083437,0.31075278,-4.5472875,-3.5553994
-3.6580331,-0.46134877,-0.59482163,0.9433405,-3.8841593,-2.9351654,-3.703523,-0.392496,-0.6609362,0.8411194,-3.637634,-2.7136207
-3.8046641,-0.5419508,-0.6578618,2.8238006,-6.1454926,-4.009162,-3.830265,-0.45734644,-0.7265326,2.880554,-6.0833335,-4.015984
-3.9085896,-0.6051746,-0.7043857,3.4094844,-8.441502,-3.6539068,-3.9391513,-0.539191,-0.78473955,3.3821204,-8.4419155,-3.590285
-3.9559555,-0.6884317,-0.75392294,1.5429717,-7.6339483,-2.2215662,-4.02127,-0.621122,-0.8191616,1.4110659,-7.4917674,-2.1088126
-4.013234,-0.6698242,-0.7668062,4.2943807,-15.065733,-8.204107,-4.094542,-0.7648249,-0.86732066,4.237045,-15.425783,-8.631971
-3.9884372,-0.8040539,-0.819272,4.1790094,-8.156605,-4.102536,-4.060344,-0.8164994,-0.8827908,4.0955844,-8.242341,-4.356023
-3.943772,-0.9371984,-0.8376549,3.8980083,-11.008993,0.4040051,-3.9377143,-0.8497752,-0.8726994,3.641963,-11.15556,0.3573746
-3.8128505,-0.9875215,-0.8392842,3.1420608,-14.126242,0.21649106,-3.774732,-0.8941466,-0.84603477,3.010716,-14.267451,0.2592241
-3.6290786,-1.0136248,-0.81714153,2.4748435,-13.110235,-1.0363368,-3.6485422,-0.96156204,-0.80698574,2.1962063,-13.454996,-0.95071906
-3.4351027,-1.0403075,-0.7723449,2.8584611,-9.369261,0.40961057,-3.5298152,-1.0141883,-0.749879,2.6086028,-9.535987,0.77980703
-3.1929572,-0.9599693,-0.6330539,6.3501773,-1.3804665,-6.15088,-3.2523575,-1.034391,-0.6210759,6.5109186,-1.0174825,-5.785175
-2.8840742,-0.8617289,-0.41528717,1.2309412,3.8361042,-8.25983,-3.0388222,-1.013414,-0.5383763,1.4252278,4.362336,-8.273631
-2.6238153,-0.82393265,-0.32986665,-1.3300481,3.4278371,-7.612942,-2.8011703,-0.9809134,-0.451218,-1.2588745,3.6885505,-7.5727463
-2.4160645,-0.8460574,-0.25470367,0.26383263,3.477842,-5.9819765,-2.5752556,-0.95950925,-0.37968272,0.329362,3.3823228,-6.0409536
-2.2175808,-0.8425647,-0.24017783,1.5315373,3.997319,-3.9195998,-2.3680952,-0.94965667,-0.33116418,1.7097843,3.8263679,-3.9642775
-2.0261075,-0.8031312,-0.15915753,0.3960442,4.7730904,-2.7995102,-2.1797237,-0.9336201,-0.28513515,0.57650477,4.6303554,-2.7975492
-1.8082559,-0.74906206,-0.13359411,-4.143266,9.894275,1.8269124,-1.7933519,-0.8695978,-0.1873975,-4.153393,9.93525,2.0778196
-1.6349303,-0.749454,-0.039624892,2.9989684,4.144772,-0.63637394,-1.6329147,-0.83941543,-0.15674306,2.8360631,4.4304523,-0.89348394
-1.5061052,-0.6755309,-0.045098566,4.000027,4.201514,-0.75269455,-1.5037706,-0.8078721,-0.14080618,4.143957,4.147071,-0.8334189
-1.3477972,-0.6391866,-0.048793875,1.1009303,4.412822,0.2539509,-1.3949901,-0.76461005,-0.123148106,1.1796311,4.343251,0.12024605
-1.208957,-0.61490834,-0.02341338,0.32427377,5.7686777,-1.0551771,-1.3006935,-0.7084644,-0.09870344,0.34394202,5.7249184,-1.2729353
-1.1349771,-0.5468093,-0.0029888358,-1.9898626,4.2592316,-0.49362487,-1.2271767,-0.65495634,-0.07323362,-2.08522,4.213762,-0.76124567
-1.0622876,-0.46877837,0.030297378,-3.5309405,3.542478,-3.3898437,-1.1225979,-0.5275,-0.038078267,-3.6262078,3.5108097,-3.7386305
-1.0673834,-0.4183119,0.0012401734,0.8607803,3.3560312,0.82442266,-1.0933793,-0.47033802,-0.0358,0.91075265,3.3493078,0.5331723
-1.0580997,-0.36348158,-0.0033092108,-1.7247971,2.515762,1.1456295,-1.0716021,-0.42650822,-0.024637792,-1.6496468,2.4684737,1.1013345
-1.0222166,-0.34381843,0.02314932,-0.9606783,-0.18898779,-0.08394687,-1.0504997,-0.36913246,-0.011079549,-0.9739147,-0.25962332,-0.14102288
-1.0230068,-0.30189335,-0.023205003,-1.4187847,2.8228962,-0.6782469,-1.0596778,-0.32346967,-0.019046566,-1.3928732,2.8227959,-0.82182735
-1.0468416,-0.26445746,-0.037328206,-0.67685384,3.711632,1.6047134,-1.076923,-0.2787251,-0.019876452,-0.60154366,3.70443,1.5162036
-1.0794071,-0.21644187,-0.013258105,-1.0977974,2.218858,-0.93424195,-1.1130706,-0.19535796,-0.035581354,-1.0891321,2.2028735,-0.99937147
-1.0875113,-0.18216896,0.008235017,-3.194531,0.23303953,-0.042912412,-1.1549083,-0.16981646,-0.03958276,-3.2923996,0.107518144,-0.2469486
-1.150435,-0.16442573,-0.021809658,-1.1845313,1.3453779,-0.12334983,-1.1986668,-0.15192111,-0.037969835,-1.1924458,1.3063978,-0.29432294
-1.2231183,-0.1550343,-0.022229632,-0.12862104,-0.8151249,0.513959,-1.2439212,-0.13583526,-0.04625524,-0.17636037,-0.9335625,0.42525226
-1.2916085,-0.13047194,-0.056566082,0.2546093,-2.131776,2.9070735,-1.284743,-0.12846653,-0.06694606,0.3191036,-2.1547832,2.9286869
-1.3202887,-0.14338076,-0.042992197,-0.5202766,-2.4943106,2.2145483,-1.3179837,-0.12759379,-0.07703201,-0.5587263,-2.588438,2.2436535
-1.361756,-0.14412779,-0.021923682,-2.7894006,-5.126352,0.096751526,-1.3776445,-0.12823488,-0.09865785,-2.909747,-5.3237505,0.13678862
-1.3835342,-0.13526577,-0.036968313,-1.2150735,-2.0229778,-0.801259,-1.4004774,-0.13804868,-0.107592404,-1.2141318,-2.0800395,-0.8544987
-1.3919293,-0.13503194,-0.030353626,-3.8663158,-1.8326153,-0.785701,-1.40643,-0.13668372,-0.10174777,-4.0083623,-1.947766,-0.8892845
-1.3860223,-0.17965984,-0.024876555,-8.3404665,-5.05693,0.89353424,-1.3792605,-0.2218222,-0.09495213,-8.436009,-5.148318,0.9716721
-1.3161554,-0.22956526,0.014689038,-8.982621,-8.40692,4.432028,-1.3541901,-0.41998258,-0.16124278,-9.073249,-8.489709,4.787821
-1.2806476,-0.39896703,0.018339464,-4.4815435,-5.578847,7.4080973,-1.3483305,-0.6833003,-0.38140544,-4.4862723,-5.8555155,7.772405
-1.2556088,-0.596915,-0.019070229,16.761429,-5.3202295,3.3872738,-1.2155501,-0.89429903,-0.42644712,16.6592,-5.110845,3.1905808
-1.105251,-0.62820977,-0.064765416,15.461442,-1.8239443,1.2601818,-1.1288238,-0.85473293,-0.30325052,15.791429,-1.7654601,0.862378
-0.91763103,-0.73653364,-0.039628588,14.439229,-2.9798815,5.2301445,-1.0221438,-0.7799746,-0.28180695,14.41565,-2.812825,4.7465353
-0.7845242,-0.76912296,-0.03683781,10.224681,-2.71466,5.754847,-0.8991818,-0.686297,-0.2697189,9.952362,-2.7803261,5.428741
-0.6585109,-0.63660896,-0.08398902,6.2680836,0.425954,6.3950005,-0.7641062,-0.5557601,-0.23612452,6.0322385,0.25781748,6.0955048
-0.54215574,-0.44304222,-0.07429164,4.6098676,1.4110764,6.011022,-0.6220415,-0.3843996,-0.18847696,4.384896,1.2971772,5.8520184
-0.40378866,-0.18877256,-0.1066042,2.0647652,0.60027415,9.451633,-0.40893447,-0.051286384,-0.15479355,1.8752041,0.56491643,9.531982
-0.3094798,0.014523268,-0.1112233,-2.343255,1.946332,4.1387677,-0.29626185,0.1547243,-0.12961492,-2.354229,1.9598207,4.2934265
-0.17649397,0.27345896,-0.07574781,-5.3229275,2.8615954,4.0004444,-0.16877697,0.39079472,-0.107836545,-5.3794756,2.8903112,4.3448243
-0.05600986,0.51222014,-0.09481784,-6.6250453,2.225073,3.8084648,-0.062256176,0.59672993,-0.1104481,-6.5980315,2.2742264,4.2022076
0.03687015,0.70718205,-0.1345175,-7.052452,2.64064,2.644346,0.028335817,0.76617813,-0.12107893,-6.921884,2.7316298,2.9468515
0.12227622,0.88572574,-0.109351836,-8.372131,2.4471672,2.9735463,0.103288636,0.913079,-0.1353562,-8.370818,2.5280962,3.298323
0.20275322,1.0928283,-0.14162536,-17.992287,3.0128226,3.4595883,0.22840388,1.1519655,-0.15749395,-17.96059,3.208677,3.8346212
0.27650228,1.0938275,-0.062317006,-10.560781,2.7840874,0.40006667,0.2975141,1.2059871,-0.16300507,-10.488999,2.7368362,0.5986833
0.32523027,1.1200373,-0.17695864,-11.538487,3.3247812,-1.2370011,0.35768673,1.2253344,-0.17143615,-11.498238,3.3658116,-1.0771587
0.3987004,1.1286833,-0.11650836,-10.670159,5.5041895,-1.058962,0.40399307,1.2189107,-0.15761898,-10.788504,5.61867,-1.0307045
0.4470257,1.048248,-0.18957599,-9.609759,5.7284355,-2.1043737,0.43319315,1.1657286,-0.15583895,-9.703751,5.724416,-2.1570003
0.45205155,0.92277026,-0.18839176,-7.3494787,2.4207985,-1.6680824,0.45549542,1.0472335,-0.14943083,-7.355878,2.3662212,-1.7590969
0.4157211,0.74280095,-0.09320172,-10.732681,2.9116392,-0.26849622,0.43157884,0.7127254,-0.10682772,-10.666117,2.9986408,-0.25172672
0.38519195,0.52454185,-0.013674816,-2.4335287,0.050087128,1.5145091,0.41070136,0.5199568,-0.09436002,-2.358893,-0.057024628,1.6118085
0.33320335,0.3472432,-0.019215425,1.59909,2.2808416,1.0559524,0.3893024,0.33369917,-0.08585462,1.49933,2.1212385,1.097717
0.3343136,0.08960372,0.043163873,-1.2963982,0.7025188,-0.76506156,0.37192872,0.07537441,-0.07036838,-1.2838571,0.6621496,-0.776112
0.31353918,-0.2542889,-0.0053983685,-1.0916971,-0.42789757,-0.123062536,0.3368368,-0.1493451,-0.07705272,-1.0551795,-0.42675987,-0.15019034
0.28036085,-0.4775403,-0.020638516,0.68783814,0.17316136,1.5642639,0.30872902,-0.40310597,-0.06253086,0.56683326,0.1895767,1.5071285
0.29982582,-0.7134423,-0.0007832851,1.8145746,-1.4053017,-2.4215677,0.23913233,-0.82536507,-0.075491816,1.9941614,-1.5544248,-2.7392454
0.2598628,-0.9594413,-0.012899598,2.6996248,-0.23171344,1.521964,0.21075805,-1.0699909,-0.09329519,2.988051,-0.3016601,1.5247263
0.2308065,-1.2631688,0.017522017,1.9659117,-1.298979,0.5639766,0.19236137,-1.3130866,-0.11066533,2.0001097,-1.4041233,0.51092243
0.16961625,-1.5329391,0.05437682,1.8155429,0.27269402,1.3694824,0.1783625,-1.5187865,-0.13063893,1.7447188,0.37878144,1.4189274
0.18307915,-1.8611934,-0.04689344,0.39714235,1.8679492,0.76183635,0.17513289,-1.7208002,-0.1639904,0.21075118,2.0172358,0.8342706
0.1543726,-2.0835485,-0.093757026,-0.4466787,2.9796827,-1.5438453,0.15979224,-1.9303936,-0.20103435,-0.5331014,3.1045737,-1.6458384
0.13184574,-2.3507514,-0.1598031,1.8347931,0.85761976,-1.3395306,0.1111485,-2.2772574,-0.2566388,1.7948812,0.9263912,-1.4788816
0.09019402,-2.5366464,-0.2450373,0.1321457,0.9797866,-0.13875668,0.07667794,-2.4567163,-0.29693016,0.09325057,1.1368278,-0.23541173
0.0385001,-2.7392383,-0.30977452,1.6451665,1.2668598,2.2101436,0.04805565,-2.6534953,-0.34744716,1.4792066,1.3465273,2.2834623
-0.03774652,-2.902079,-0.3611509,0.21529514,1.0175934,0.44416386,0.025263527,-2.8376307,-0.40027252,0.01702036,1.1880962,0.42756367
-0.08459899,-3.0712116,-0.4662449,0.8423385,2.160238,-0.7749559,-0.018788133,-3.016261,-0.45042,0.67528737,2.3331845,-0.898073
-0.13666901,-3.2231913,-0.5316288,1.7719659,2.8023574,0.40470296,-0.06756025,-3.2080636,-0.49905217,1.5735368,2.8868594,0.33352512
-0.19665012,-3.3814006,-0.59602904,0.91286045,0.011958869,0.12734993,-0.1752262,-3.5063803,-0.602892,0.9435387,0.070753545,0.019745527
-0.28226337,-3.5259519,-0.6824392,-1.6615281,-0.29871365,2.1267195,-0.24772736,-3.6703007,-0.6637009,-1.532245,-0.24012692,2.218164
-0.3496711,-3.655826,-0.7821908,-0.5786304,-0.1868185,1.1325175,-0.29728988,-3.8165696,-0.72788036,-0.68484586,-0.21927528,1.1647468
-0.40604457,-3.796833,-0.8995691,-1.5139436,-1.9767525,-0.8112597,-0.34353095,-3.9697604,-0.8008071,-1.4209911,-2.0450776,-0.93190753
-0.410369,-3.920107,-1.0300889,-1.6388437,-1.6892142,-2.0845716,-0.40563554,-4.1339107,-0.8744888,-1.3378531,-1.8735673,-2.21121
-0.45545253,-4.0989757,-1.0714006,1.8241938,-0.78913414,-1.8539125,-0.46428713,-4.331775,-0.96370506,1.95965,-1.0803632,-1.9360046
-0.5199896,-4.3538594,-1.0465772,6.321918,-2.061601,1.6801842,-0.53136945,-4.645913,-1.1119765,6.2571735,-2.2237813,1.7787918
-0.5777093,-4.5954456,-1.1848493,3.4433596,-2.0838387,0.31707555,-0.5565956,-4.7785444,-1.1889787,3.6238942,-2.0164585,0.6189334
-0.6069443,-4.8143706,-1.3268757,3.7879152,-2.286329,0.3050397,-0.5876531,-4.938415,-1.2708919,3.6798468,-2.2589893,0.41812214
-0.6391326,-5.0074115,-1.4263458,2.5798213,-1.5751923,-0.5908527,-0.60513216,-5.0697427,-1.3454124,2.5176616,-1.5618811,-0.68192625
-0.6595813,-5.1124516,-1.4718661,1.8542727,-0.72569084,0.11670335,-0.60863054,-5.185853,-1.419808,1.9088563,-0.8018235,0.108071394
-0.6512209,-5.2520533,-1.5725768,1.3383754,-0.0021087206,-0.34051102,-0.6101983,-5.3017473,-1.4864675,1.4367957,-0.0430796,-0.48344007
-0.6312252,-5.4290137,-1.6970339,-0.80337054,-1.6692264,3.1299374,-0.6236718,-5.47106,-1.6033796,-0.60030764,-1.7693174,3.408443
-0.6809832,-5.5085225,-1.6811292,-0.8496687,-1.6944972,-0.65601605,-0.6179792,-5.5769114,-1.6643966,-0.82636225,-1.6159681,-0.81675696
-0.6866354,-5.5566473,-1.6467838,-2.0213935,-0.44860175,0.07413323,-0.6197686,-5.660816,-1.7258569,-1.9943615,-0.57791823,-0.061267644
-0.6521975,-5.7349844,-1.8513412,-1.3768686,1.205416,2.5374253,-0.6248649,-5.734991,-1.7826144,-1.3665831,1.1242346,2.7849576
-0.7425506,-5.8519707,-1.738995,-0.699457,0.40147445,-0.32883424,-0.61482054,-5.828667,-1.8485456,-0.9768778,0.46255842,-0.23415035
-0.71841764,-5.98586,-1.9079462,-1.6411985,1.1658076,-1.8481826,-0.60782176,-5.942054,-1.9282062,-1.7870296,1.294529,-2.085444
-0.72889054,-6.119501,-1.8960986,0.7328014,-0.8679562,-2.8530195,-0.6182115,-6.159118,-2.0912402,0.70074934,-1.0630572,-3.1712184
-0.7089797,-6.2412524,-1.9936974,2.1212547,-1.3543432,1.525927,-0.6157802,-6.2544417,-2.1585157,2.1122758,-1.4557809,1.6225082
-0.6969826,-6.355334,-2.1385202,1.6717974,0.49284688,2.0287898,-0.6080846,-6.351713,-2.23438,1.3920759,0.63697064,2.120708
-0.6977364,-6.4874244,-2.1930666,-0.50621635,-0.39909843,-1.503997,-0.59898144,-6.4542947,-2.3169894,-0.57529944,-0.4518166,-1.7286328
-0.7395197,-6.5799356,-2.1570044,0.68711585,-0.041075435,-1.0646673,-0.58976406,-6.5442176,-2.4081407,0.5926592,-0.14031842,-1.4259335
-0.71394694,-6.6842446,-2.2917104,-1.7407438,-0.21355525,1.692819,-0.57355356,-6.654702,-2.4893668,-1.8115693,-0.38038236,1.6949474
-0.71633136,-6.6499267,-2.255612,-4.6223135,3.5395062,-3.3932362,-0.57899404,-6.8145385,-2.4636564,-4.6624823,3.7154295,-3.8168814
-0.73341644,-6.6695356,-2.1697505,9.698087,1.129099,-1.4226626,-0.60723734,-6.9115624,-2.256081,9.629546,0.85849476,-1.4785872
-0.6741129,-6.804891,-2.3927617,14.656172,0.87005943,3.7687814,-0.58188796,-6.9999905,-2.4488864,14.660995,1.0373093,3.8226378
-0.61685514,-6.929726,-2.5286982,20.8856,-0.7117392,3.966359,-0.541349,-7.0713434,-2.6644168,21.089792,-0.045160208,4.3273506
-0.47513732,-6.88256,-2.4243279,30.148338,-14.573341,6.1941037,-0.37427226,-6.883583,-2.7453196,30.032194,-14.697369,6.2797236
-0.45684287,-6.2837806,-2.2290945,30.500317,-26.5237,15.715005,-0.19849113,-6.6603003,-2.757958,29.631735,-26.768057,17.914598
-0.4562293,-5.9121413,-2.5372074,38.012184,-30.88309,5.3665338,-0.35169473,-6.470383,-2.4903789,38.528866,-31.466429,5.117434
-0.48981485,-6.1117635,-2.3517196,26.277859,-11.671083,2.6920989,-0.19742024,-6.2680116,-2.2752197,25.856567,-11.770389,2.7807634
-0.30889997,-5.927522,-2.0428524,23.94846,-3.6070402,0.40754014,-0.09606072,-5.973062,-1.9744909,24.216,-3.351224,0.315255
-0.09751788,-5.3042636,-1.6715794,18.511919,-2.021504,-0.044187237,-0.020530242,-5.54021,-1.5921234,18.641226,-1.892219,0.034957383
0.11997178,-4.7484894,-1.2772188,13.639696,-4.7701387,0.8647812,0.15892287,-5.0379915,-1.2296497,13.520798,-5.040308,0.5593559
0.41095498,-4.0939875,-0.85542357,7.984181,-10.237963,3.4017646,0.40652767,-4.438614,-0.8763519,7.7144504,-10.676585,4.1566825
0.70625186,-3.277997,-0.37607315,2.314437,-13.9291525,3.9296572,0.9224616,-3.0930402,-0.3166667,2.324556,-14.108471,3.9221964
1.0725667,-2.6110983,0.014545361,-10.208791,0.8114737,0.33208734,1.2005605,-2.4694037,-0.13196932,-10.671433,1.8795469,-1.2576586
1.3563296,-1.8573351,0.18151973,-17.925161,17.199837,-4.085416,1.4385924,-1.9225127,-0.020046338,-18.017677,17.154783,-4.2622633
1.5599664,-1.1717219,-0.021161577,-12.513192,22.521524,-4.911926,1.6244075,-1.4984868,-0.016196858,-12.633868,22.418276,-4.9203515
1.8896221,-0.626976,-0.083846815,-9.559207,25.61228,-4.5277357,1.9357193,-0.90978897,-0.098091885,-9.918651,26.077595,-4.51305
2.1909842,-0.14670634,-0.11677592,-8.352474,26.764288,-3.3549378,2.2840796,-0.21494296,-0.20332983,-8.09638,26.596245,-3.403916
2.1713307,0.5432406,-0.36247241,-13.108943,32.649113,-1.8886791,2.5564415,0.807282,-0.35790923,-14.478262,35.413437,-0.5285221
2.419757,1.0777243,-0.29827806,-10.741349,14.016434,-0.8774163,2.5721471,1.3205217,-0.4353431,-10.810305,13.994536,-0.4322939
2.348213,1.6745887,-0.40249273,-13.05116,11.724888,-1.1202441,2.5275505,1.7357879,-0.5028349,-12.8393135,11.5598135,-1.2310426
2.2445602,2.2718086,-0.54593223,-12.148866,8.464352,-1.3681887,2.4443598,2.0832999,-0.55752915,-12.167248,8.628661,-1.425193
2.1173344,2.730105,-0.668603,-12.97181,7.3311515,-1.7116917,2.3060741,2.4526007,-0.6173339,-12.935255,7.453343,-1.761994
1.9556261,2.9600925,-0.7402593,-14.236489,6.4295454,-1.8995153,2.11572,2.7845018,-0.6760215,-14.216683,6.595202,-1.9112744
1.7053696,3.1466813,-0.8419501,-26.076733,8.484038,-4.2609096,1.7321072,3.2285264,-0.74354357,-25.937828,8.676195,-4.5360394
1.4835804,3.3056324,-0.83886033,-12.902646,1.7827657,-0.9830329,1.4911746,3.3892188,-0.7610017,-13.386426,2.1623726,-1.4097481
1.244825,3.403295,-0.8711562,-13.419191,0.17161962,-2.9859667,1.219916,3.5157084,-0.7656613,-13.004487,0.11992518,-3.153918
1.062174,3.3574955,-0.8991035,-12.360852,-3.2222152,-18.944462,0.95549744,3.6045547,-0.76146114,-12.230729,-3.1438284,-19.120075
0.68901217,3.445496,-0.84438777,-8.303696,-7.446798,-53.8393,0.7378971,3.6482308,-0.7503824,-8.808443,-7.376313,-54.03795
0.40249297,3.554061,-0.54965323,-2.6621218,-15.13283,-111.04642,0.4878594,3.5840585,-0.7389639,-3.4625757,-14.652736,-111.04433
-0.03305736,3.6029878,-0.5451786,2.8827314,-26.097475,-118.61861,-0.3292025,3.5092337,-0.719697,3.389146,-26.331406,-118.91185
-0.83579004,3.3856804,-0.75718623,4.526534,-10.343989,-26.34785,-0.77543825,3.4509382,-0.6758077,4.525252,-10.455194,-26.16504
-1.1807497,3.1664686,-0.5886732,3.9458456,-9.526881,-14.375513,-1.2206875,3.2866485,-0.62474,3.8311763,-9.468491,-14.370149
-1.7110833,2.810346,-0.616931,-3.434463,-11.687731,-6.8722734,-1.7177055,3.0399134,-0.60245776,-3.7600722,-10.717474,-6.219476
-2.0894866,2.5310664,-0.6101483,-8.939494,-8.514925,0.3197618,-2.1256924,2.7774332,-0.61883074,-9.063154,-8.387925,-1.0112691
-2.4671156,2.3549018,-0.4781941,-8.386686,-10.012529,20.900517,-2.5229766,2.4324632,-0.6151857,-8.479654,-10.527714,21.32271
-2.7356722,1.9362075,-0.47455534,-6.2216463,-9.161184,144.71588,-2.8727384,1.7383583,-0.55750304,-5.791472,-8.113691,143.23828
-2.621864,1.172004,-0.41343012,6.466975,-0.8606397,51.873272,-2.9506388,1.3273675,-0.50757515,6.752809,-0.7847367,51.75008
-2.8627956,1.0502458,-0.4972957,8.082452,-1.1171776,32.223877,-2.9389524,1.0314252,-0.4513359,7.7776594,-0.7601414,31.687485
-2.755548,0.806971,-0.38257492,7.7824645,-0.9294152,22.281948,-2.854432,0.8131573,-0.41091615,7.9081426,-0.9210364,21.89012
-2.4944127,0.48720333,-0.31250235,8.205219,-0.37568823,16.94199,-2.7309601,0.6196667,-0.37205544,8.244054,-0.29729828,16.683558
-2.3787484,0.45197445,-0.29137784,7.4996896,0.67221767,12.890938,-2.6056454,0.50222886,-0.3369917,7.459978,0.75971985,12.543262
-2.2902613,0.45335585,-0.25091103,12.221026,1.5979679,17.74303,-2.3721533,0.43287763,-0.27647844,12.369082,1.6814383,17.16825
-2.1742642,0.51494503,-0.24949326,4.7768283,0.7015035,5.8448625,-2.2554653,0.44838095,-0.2523682,4.9149213,0.79433745,6.067317
-2.0545058,0.5462466,-0.23169096,4.750915,1.1724062,4.863024,-2.137133,0.5042265,-0.22620086,4.7381,1.2534143,4.734947
-1.969805,0.5990279,-0.22574027,4.179401,1.2086302,3.5016208,-2.0374403,0.57555825,-0.20875232,4.165391,1.2145329,3.5711787
-1.848932,0.6889554,-0.2172224,3.5444598,1.1454337,2.4961095,-1.935045,0.6664619,-0.19938491,3.5851567,1.1399868,2.5413787
-1.7537154,0.78990686,-0.21284355,2.7204218,1.4572941,1.8892235,-1.8237697,0.78606385,-0.19052799,2.76385,1.4644328,1.873566
-1.6178778,0.95029855,-0.14313093,4.1870756,1.4679314,-12.314861,-1.6156107,1.0846641,-0.17990395,4.217277,1.6197399,-12.410572
-1.5784509,1.3176737,-0.18837221,4.601776,-5.7082863,-48.850185,-1.5039221,1.2545497,-0.19313402,4.3758707,-6.525197,-49.276466
-1.1994296,1.4471244,-0.3879635,6.8046985,-2.9026499,-89.546936,-1.3972615,1.3948413,-0.22346738,6.8287916,-3.3503506,-89.805244
-1.4711028,1.6011486,-0.19694646,5.91491,2.1244037,-91.763885,-1.3674105,1.4887248,-0.2554944,5.246102,2.1814566,-90.0511
-1.4585747,1.612189,-0.13563587,-2.5637121,1.9898535,-53.167404,-1.3843571,1.62194,-0.26504898,-2.1989224,2.0343845,-53.612564
-1.4845487,1.6961781,-0.14368458,-0.10378486,-1.6980755,-28.047081,-1.4169251,1.7336394,-0.24404867,-0.44898918,-1.3719558,-28.309319
-1.5023798,1.6599625,-0.21356973,-3.2133987,-2.2879746,13.012818,-1.5968318,1.7905947,-0.2264757,-3.0986414,-2.4873323,12.242266
-1.574586,1.6219076,-0.3756477,-8.185037,4.5491967,70.83375,-1.740923,1.7614468,-0.24399596,-9.123664,5.667327,69.602776
-1.6969805,1.7360091,-0.3730874,-9.974624,6.04981,67.09538,-1.8719399,1.7366755,-0.25902417,-10.25863,7.0468597,67.08063
-1.8746339,1.6159387,-0.29809615,-8.771602,3.747525,43.96456,-1.9611506,1.7213124,-0.28835014,-9.487782,3.8145928,43.275352
-1.9464527,1.668787,-0.3305904,-6.7319045,1.1594009,28.257832,-2.015215,1.7158452,-0.32773006,-6.822672,0.94395095,28.257063
-2.0008497,1.6854683,-0.3243441,-4.3413253,0.39265028,21.73995,-2.044518,1.7162119,-0.3541234,-4.4516053,0.2070867,21.423914
-1.9862062,1.6683041,-0.29883224,-6.099227,1.3021811,28.219898,-2.068495,1.7022897,-0.36032352,-6.1797915,1.3180821,27.334784
-2.0039065,1.5930554,-0.32940325,-2.4061668,0.51853985,8.850106,-2.0652018,1.6850834,-0.35232922,-2.4134119,0.40798077,9.024937
-1.9774029,1.5794106,-0.313053,-1.5309713,-0.026918678,4.3976865,-2.047037,1.6687722,-0.3432177,-1.6859561,0.06974002,4.704913
-1.983412,1.576435,-0.28020915,-0.028158609,-1.592819,-4.5782423,-2.011986,1.6584105,-0.33464885,-0.07627002,-1.4647131,-4.9081774
-1.9611615,1.6655508,-0.27719146,3.2569814,-5.336912,-44.17776,-1.9570361,1.6506734,-0.32841364,3.1103094,-4.7668962,-43.091393
-1.5854994,1.5883142,-0.40508828,7.135469,-5.5294204,-87.19044,-1.9205021,1.6356672,-0.33357573,6.9898114,-6.3289537,-85.60403
-1.6695423,1.4979255,-0.31874487,6.4954224,-2.8158305,-117.26282,-1.9794173,1.493411,-0.3367427,6.397291,-2.9838915,-117.472626
-1.9297103,1.5517198,-0.15305631,5.8597727,-0.382412,-27.076702,-1.9830945,1.3963966,-0.2895185,5.887377,0.17342223,-27.337482
-2.1096509,1.2334164,-0.22687261,8.707223,-4.5455923,-18.072998,-1.9955575,1.2638814,-0.24384418,8.565458,-5.034918,-17.747692
-1.90817,0.92507887,-0.26580477,2.4699197,-7.370496,-7.28965,-2.0302093,1.0696212,-0.21121113,2.5569158,-8.117902,-6.2713904
-2.0005045,0.83197194,-0.2105902,-3.2712317,-3.1520135,27.534666,-2.0595603,0.8808685,-0.19846341,-2.3740437,-3.8135462,27.58219
-1.9037553,0.757851,-0.33278915,-4.8974566,2.5747313,74.53868,-2.0335693,0.74447644,-0.1912188,-4.7440195,2.1671138,73.74715
-1.8602508,0.43620706,-0.39891437,-6.399296,8.848511,101.7093,-1.8981835,0.593344,-0.1650929,-6.72244,10.764836,105.15187
-1.840474,0.15024135,-0.2679136,-0.8279968,3.8844237,29.445328,-1.8136369,0.5713484,-0.1560278,-0.6948184,3.3830438,28.07227
-1.7183381,0.36011198,-0.14696307,0.7237104,2.428293,22.251942,-1.72282,0.57805026,-0.14766107,0.78159994,2.462485,21.72341
-1.6887454,0.5749692,-0.18399669,0.21934754,2.1908069,17.032646,-1.6509236,0.6001502,-0.13996437,0.2836484,2.2304986,16.234922
-1.4515356,0.5591656,-0.15179498,0.59536666,2.1687696,11.730658,-1.5692463,0.63352877,-0.13057514,0.41800162,2.0118687,11.828155
-1.3954154,0.6318723,-0.14881459,0.45822757,2.3964522,10.22586,-1.4821062,0.680747,-0.12505805,0.28361306,2.3144786,10.342482
-1.3537623,0.71901226,-0.15155385,0.5226223,4.964361,14.319277,-1.3519083,0.7911883,-0.11759481,0.4324004,4.9606214,14.293223
-1.2848614,0.8190675,-0.14239392,0.5082037,1.661656,2.8266878,-1.295092,0.86343986,-0.1177367,0.48010913,1.6352084,3.0977197
-1.2199597,0.9199014,-0.12580882,1.1292682,0.5921331,-1.6926471,-1.2387766,0.95658606,-0.11759518,1.1000522,0.66271883,-1.6114645
-1.1520628,1.0337454,-0.08993577,4.135592,-1.8297282,-12.734123,-1.1838377,1.0575095,-0.118006565,4.0308537,-1.6484694,-12.520312
-1.0826843,1.2029164,-0.145433,6.7486854,-4.187046,-2.093324,-1.0869328,1.2318307,-0.116623305,6.8039722,-4.023115,-2.465546
-0.9388473,1.3849361,-0.18456785,8.685978,-8.559205,9.628733,-0.9805012,1.4273921,-0.1283149,8.518141,-8.453332,9.591785
-0.8185334,1.5536605,-0.16149475,6.172654,-14.769991,8.759159,-0.8953687,1.6608028,-0.12255992,6.0266504,-14.935296,9.119797
-0.81902826,1.7059357,-0.18351774,-4.358354,3.2771735,0.30620867,-0.8287911,1.7830046,-0.12380965,-4.5090656,3.1495292,0.53735566
-0.7137877,1.8988875,-0.58376247,-50.245132,53.41269,-2.2863257,-0.7334261,1.9290649,-0.12484226,-49.97112,56.70267,-2.5417686
-0.71738076,1.9657532,-0.1269666,-12.45242,16.505909,0.6820567,-0.6438723,2.0446346,-0.051283505,-12.604426,16.794165,0.9007751
-0.73628306,2.0768476,-0.07264402,14.354941,-13.000645,2.3270335,-0.7159709,2.0537145,-0.16921794,14.580959,-13.312174,2.8241615
-0.87830937,2.0262952,-0.22608961,13.158622,-12.562055,-0.2803511,-0.8450222,2.016353,-0.23390362,13.162249,-12.434978,-0.28795025
-0.9479821,1.9725236,-0.26794717,14.104715,-16.026428,-4.9510303,-1.0199126,2.0226994,-0.22136584,14.4468565,-16.758482,-5.536303
-1.0401894,2.0459552,-0.2865033,0.7729451,-4.996547,-2.3274763,-1.0463876,2.081043,-0.23756161,0.86570686,-4.993521,-2.3975973
-0.9883317,2.1795495,-0.2575741,-8.977903,4.565753,-1.9830228,-1.0468999,2.1478052,-0.25109762,-9.001154,4.6636806,-2.0923972
-0.98337257,2.2323675,-0.28590626,-7.3977046,3.7845862,0.13949211,-1.0312767,2.2104297,-0.25698414,-7.2825375,3.7644598,0.30080125
-0.99750984,2.2897367,-0.27615023,-1.47042,-3.1369042,1.6811558,-1.0373976,2.2581806,-0.27579615,-1.5293862,-3.1818225,1.6153593
-1.0546046,2.3190749,-0.31598282,-8.464267,-5.275957,-3.0222194,-1.0581475,2.2896097,-0.28748623,-8.781346,-5.299623,-3.106626
-1.0805173,2.2967186,-0.29551002,0.44696492,-11.340228,-6.8835735,-1.0903338,2.2780936,-0.1373554,0.5024238,-11.649615,-7.066785
-0.99306273,2.308248,-0.29690912,13.981893,-6.453968,-1.7247926,-1.0708978,2.23274,-0.14971125,14.134187,-5.8741155,-1.4602644
-0.95676386,2.3180888,-0.3212202,10.458297,-5.1460657,-3.9719892,-1.0099369,2.2088473,-0.22779386,10.5983095,-5.02278,-4.095772
-0.89764786,2.3010318,-0.31086794,6.906795,-2.9341643,-3.3454075,-0.9363611,2.2334344,-0.24901636,7.0963054,-2.9433868,-3.3791537
-0.81747353,2.2987993,-0.31237134,7.95513,-2.1342168,-1.355735,-0.8713599,2.2967367,-0.21325825,8.236997,-2.2186327,-1.5557039
-0.7370386,2.4140124,-0.33133283,9.872442,-1.7324543,-2.3747127,-0.80933774,2.4015503,-0.2194353,10.055191,-1.7845458,-2.4826844
-0.64342797,2.5233376,-0.37333438,15.563884,-6.2895474,-0.6509916,-0.63816017,2.715792,-0.41381225,15.551745,-6.368093,-0.9348426
-0.54045963,2.8042622,-0.52419543,1.0979029,4.2633657,7.6351953,-0.5105147,2.9369736,-0.62463224,0.9382562,3.9717758,7.364092
-0.4714937,2.9799125,-0.59158695,-10.145751,10.734953,9.183004,-0.39979616,3.1666675,-0.7522776,-10.235698,10.542816,9.149104
-0.32641944,3.30653,-0.64623976,-13.138383,11.021414,4.799086,-0.3017032,3.4344974,-0.76968706,-13.145539,10.914356,4.8134074
-0.2516658,3.658781,-0.7247378,-13.937032,6.6751347,2.2088342,-0.2542835,3.6597893,-0.7704666,-13.953826,6.7106495,2.1079595
-0.28401372,3.797124,-0.79495776,-13.342692,2.0956328,1.6118892,-0.24818464,3.8038657,-0.8102197,-13.540749,2.1149328,1.3348546
-0.29131302,3.8828187,-0.9018413,-22.865559,1.7448939,3.4118354,-0.2761539,3.9796376,-0.86171293,-23.292995,1.5584291,3.309187
-0.3544899,3.962421,-0.85940915,-7.909077,0.12816563,2.129306,-0.2942469,3.98768,-0.86042887,-7.964408,0.024582352,1.9418395
-0.37953684,3.9491873,-0.855581,-5.041887,-1.1125724,1.9937979,-0.31114596,3.9655523,-0.83760136,-5.289127,-1.036696,1.9211482
-0.37394878,3.8676581,-0.8300909,-1.4615179,-1.5470232,1.7544361,-0.32047045,3.9178994,-0.8142614,-1.6558505,-1.4200702,2.070238
-0.34300992,3.7475462,-0.80025727,0.33061367,-1.2819647,3.3577733,-0.3239394,3.847552,-0.78173673,0.2895853,-1.1412903,3.601366
-0.3441032,3.6525848,-0.7641303,0.6798472,-0.5303217,1.8153771,-0.3197548,3.7717378,-0.74522096,0.6479225,-0.38506034,2.0196316
-0.30417833,3.5633614,-0.74677396,2.027157,-1.2921699,4.4713955,-0.2824215,3.6428306,-0.6939705,2.1369183,-1.1271979,4.679529
-0.31866214,3.457717,-0.6983577,-0.0045692357,0.22175905,0.0726362,-0.25774726,3.5682135,-0.6608522,-0.010924498,0.3675917,0.2155159
-0.3039615,3.3756156,-0.6736485,-1.8443869,0.1292505,0.32629186,-0.23288776,3.4999661,-0.6344571,-1.8535315,0.17809016,0.33128583
-0.26821122,3.2881074,-0.65568197,-1.5911347,0.77425474,0.4066444,-0.19954282,3.4291277,-0.6080915,-1.6589764,0.84295166,0.42309505
-0.21629843,3.2147636,-0.66470766,0.35853344,1.6296368,1.7574629,-0.16345206,3.3571484,-0.5810207,0.39005348,1.7273701,1.8595448
-0.1834428,3.1448538,-0.6496825,1.5632927,1.7622613,2.0399168,-0.12693128,3.2844865,-0.55382544,1.5725645,1.8646783,2.1786876
-0.14694712,3.0656822,-0.6516659,4.552922,4.620968,2.7273226,-0.079550475,3.1664279,-0.5096205,4.6310935,4.718711,2.9032164
-0.14112005,2.9847093,-0.6060087,1.7364966,2.4221969,1.7820252,-0.06019377,3.098294,-0.48369148,1.8271971,2.4824798,1.8838305
-0.12779197,2.9272234,-0.56818384,0.21939856,1.9410383,0.024464203,-0.04400045,3.0467684,-0.46454468,0.22985041,1.9542694,0.048079252
-0.12013671,2.8783813,-0.53842926,-1.5120128,2.1988819,-0.7130596,-0.04600707,2.991621,-0.45406467,-1.5181853,2.2197497,-0.7854608
-0.124702066,2.840424,-0.51600856,-5.1086845,3.160423,0.118300274,-0.068091445,2.9272356,-0.44665974,-5.2139077,3.1521103,0.099884525
-0.13890025,2.7537217,-0.4943945,-7.351005,6.110559,2.7780983,-0.14393906,2.7830048,-0.43752694,-7.453703,6.138089,2.920561
-0.14567766,2.6281316,-0.45832652,-7.6601644,12.034617,0.8590546,-0.201098,2.6249082,-0.4095743,-7.7216125,12.017604,0.99379164
-0.21009347,2.489307,-0.4219934,-2.5407643,4.9869566,0.9934743,-0.22938749,2.534095,-0.38310912,-2.562676,4.9426236,0.91809034
-0.31057665,2.3479679,-0.3783426,-1.6102552,4.167509,0.29765874,-0.2868611,2.4232507,-0.35215876,-1.6884037,4.091165,0.17824876
-0.42733273,2.1905828,-0.3245509,-0.8090579,3.463363,0.011229826,-0.36869726,2.298947,-0.31983602,-0.8229967,3.4380627,-0.081547186
-0.5427065,2.0462112,-0.28135875,0.2737984,2.854889,0.55974823,-0.47046527,2.1527276,-0.28956544,0.18375675,2.9116142,0.5690076
-0.6437458,1.9270005,-0.2378601,1.2789634,2.2479749,0.23783024,-0.5954884,1.995275,-0.26171967,1.1948775,2.3081794,0.26022607
-0.7907026,1.7735627,-0.23511286,4.1540914,1.509889,2.604969,-0.82666093,1.736947,-0.21847738,4.1211715,1.5328697,2.700222
-0.9508145,1.6147413,-0.2234353,3.0830922,-0.5517672,1.7385529,-0.9620065,1.6060774,-0.20714827,3.073349,-0.524292,1.9871931
-1.1104931,1.4646051,-0.21836582,3.7293258,-1.4876771,1.199324,-1.1138568,1.4707743,-0.19944717,3.6442301,-1.4026556,1.3073386
-1.2648743,1.3254455,-0.21441032,4.2611184,-2.184452,-0.51936954,-1.2501227,1.3575048,-0.19594802,4.238425,-2.1244187,-0.49634904
-1.4067118,1.210379,-0.21725737,4.7011375,-2.8120282,-0.8420927,-1.3698455,1.2673864,-0.19614424,4.7057095,-2.757673,-0.81675786
-1.5083266,1.1358135,-0.22054602,5.062423,-3.8256454,0.07569535,-1.4926143,1.1793622,-0.19994554,5.072597,-3.816017,0.12363317
-1.5841086,1.093127,-0.2173558,6.748028,-8.054638,4.4693427,-1.713497,1.0360327,-0.21704493,6.719813,-8.1797285,4.6389184
-1.7179185,1.0347118,-0.19145413,-3.0250049,-6.6899867,2.341277,-1.8034369,0.9901557,-0.21568812,-2.99749,-6.6345587,2.6003892
-1.7902465,1.0020616,-0.1930357,-11.035445,-7.662127,1.1002353,-1.8826967,0.9627224,-0.16621168,-11.011161,-7.6301107,1.2308123
-1.8445638,0.8758874,-0.20278136,-1.9785339,-3.9709215,1.4635862,-1.9301057,0.9342795,-0.048568424,-2.0028448,-4.1202993,1.3573871
-1.8367271,0.82703316,-0.22619712,9.383256,-5.2430367,3.6613238,-1.9472967,0.8756779,0.05045839,9.440094,-5.2544007,3.6779947
-1.8176422,0.78915495,-0.21885584,7.4524817,-8.920538,2.6730297,-1.9291618,0.7955323,0.016048646,7.5132804,-8.941243,2.6961672
-1.7752,0.7599876,-0.16231914,12.415357,-14.0977545,-0.6980507,-1.8708856,0.71929175,-0.048211604,12.380415,-14.150314,-0.90867597
-1.7462708,0.6912047,-0.21168546,7.319744,-1.904735,-2.0705128,-1.8008553,0.72452027,-0.054073025,7.503623,-1.9482769,-2.1927345
-1.6389319,0.72624665,-0.20023201,4.608034,-3.094198,2.36424,-1.6746463,0.748789,-0.11382237,4.567456,-3.0282197,2.490117
-1.5257815,0.77035475,-0.21104646,6.057305,1.4710083,1.9401001,-1.5247918,0.8035809,-0.24933028,6.0560966,1.443301,2.2362247
-1.397046,0.8778587,-0.20774312,3.6127,4.8787565,0.33747178,-1.4051089,0.87330836,-0.3272498,3.606993,4.7772794,0.26598766
-1.2987957,0.98042345,-0.17892094,-1.0350648,-2.032645,0.630081,-1.2624757,0.99966145,-0.3020332,-0.9933069,-2.1621299,0.57183135
-1.0293278,1.2469368,-0.108032666,-24.599152,12.4672365,-3.5632493,-1.0117855,1.2529093,-0.31936476,-24.002798,12.0169115,-3.8597474
-0.94727886,1.2092552,-0.18297938,0.084902346,13.216108,-1.1452087,-0.90951043,1.3457947,0.08185288,0.3784955,12.942142,-1.3671172
-0.85230577,1.3171654,-0.08506932,5.701012,-9.068283,3.0182116,-0.88488173,1.367789,0.29553545,5.7556725,-9.410075,3.2701373
-0.82494116,1.2964579,-0.123856835,3.9729657,-1.42558,-0.06199186,-0.8265723,1.3784578,0.16520433,4.171443,-1.1728529,0.31211424
-0.8324733,1.3888211,-0.14840923,1.9512988,-1.3928764,-2.4594595,-0.77114993,1.3941268,0.0032971816,2.0507753,-1.5060792,-2.6648273
-0.702651,1.4080096,-0.14208396,4.2620883,-2.5789533,-0.18729417,-0.7048252,1.4444284,0.0044229417,4.427046,-2.6245503,-0.054092452
-0.61077404,1.506437,-0.14396138,-1.8144227,-3.5689204,2.7221835,-0.56871223,1.5787145,-0.027757183,-2.0563657,-3.557069,2.9293084
-0.5139618,1.572624,-0.15040268,-1.0613482,2.0610983,-0.07073133,-0.47756997,1.6692412,-0.039223023,-0.9872997,2.1805575,-0.03582491
-0.42511865,1.6558311,-0.12868936,-0.2415573,0.9615355,-0.76890796,-0.4007364,1.7325115,-0.052658502,-0.20372665,0.92785275,-0.7299909
-0.33983305,1.762523,-0.1260883,-1.8121904,-0.5981319,-2.1148145,-0.3180157,1.8010261,-0.08292045,-1.9223481,-0.6283332,-2.1454942
-0.21587345,1.8285044,-0.1675239,3.1133432,1.1295327,-1.2660118,-0.21585049,1.871667,-0.16892944,3.2805462,1.1314245,-1.3619212
-0.113588125,1.9211873,-0.25544247,1.2824426,10.340129,-2.034107,-0.09883271,1.9448621,-0.42092225,1.1555402,10.319413,-2.0562887
-0.06481323,2.0160942,-0.26511484,-8.250054,11.618,-1.8369919,-0.00462484,2.080386,-0.44363979,-8.4021435,11.503421,-1.8885936
-0.09287879,2.0805688,-0.31250238,-10.919721,-8.323594,0.6416083,0.015150273,2.1600423,-0.4134973,-10.808658,-8.333822,0.68630546
-0.06390676,2.1316478,-0.36340263,-11.720206,-15.263078,-0.65654105,0.02022898,2.2052398,-0.44446695,-11.737413,-15.316618,-0.7673769
0.036004573,2.1171243,-0.37317476,-3.0301874,10.847313,-1.1672868,0.024210522,2.2162063,-0.17125429,-3.2510815,10.809721,-0.8136698
0.018667668,2.0531306,-0.34778467,1.1799132,12.636777,0.114765,0.051543575,2.2026718,0.10072105,1.0145339,12.453288,0.25695646
0.006137997,2.0287158,-0.2574193,-1.7816315,-1.4547256,-0.48222607,0.107210405,2.1440847,0.068717584,-1.8569798,-1.5402935,-0.47813982
0.05970624,1.9668137,-0.21442465,0.14965767,1.4808071,-4.53122,0.11455112,2.0197034,-0.09192504,0.15407434,1.45276,-4.7566895
0.0331842,1.8937871,-0.23923548,1.4066517,0.5655142,1.8404449,0.11635941,1.9618601,-0.13984488,1.5368333,0.5667095,1.8596597
0.079514354,1.8622049,-0.22648494,5.391735,3.4473689,0.14593513,0.13025141,1.9058707,-0.31024635,5.356371,3.411867,0.06465109
0.08353034,1.8426913,-0.2639186,6.1693807,4.610811,-0.8140277,0.13124134,1.8641794,-0.45601285,6.122315,4.578469,-0.9180366
0.046970874,1.8224894,-0.2675032,3.8839574,2.6282675,-0.009175943,0.10717772,1.8356874,-0.4435899,3.88414,2.688898,0.061307214
-0.010925382,1.8380117,-0.25196764,-0.4446059,-2.2572238,1.139918,0.05976033,1.8278931,-0.35752004,-0.4666907,-2.2240722,1.2856934
-0.02949664,1.8298041,-0.27622804,-8.300406,18.103584,-1.9536229,-0.044217426,1.8424908,-0.2414757,-8.313306,18.195726,-1.79897
-0.12442896,1.7657933,-0.17950006,-1.4114317,-3.3657477,-1.6162764,-0.13939548,1.8405861,-0.04955842,-1.6569265,-3.0327992,-1.5996605
-0.21252248,1.7870325,-0.19723298,1.6862117,-5.701906,1.7308358,-0.24010241,1.8235077,-0.0042064674,1.6254835,-5.660472,1.9434471
-0.33036873,1.7733821,-0.19212225,0.57869476,-3.2359693,1.7276274,-0.31755784,1.8009714,-0.06142012,0.5802129,-3.2550294,1.848374
-0.4576743,1.727825,-0.1666993,0.83712775,-4.042615,0.10274036,-0.39781457,1.7718709,-0.08285493,0.8877671,-4.1526694,0.20111038
-0.49491766,1.6997961,-0.17000945,1.6839756,-2.3999224,-1.5599114,-0.4733788,1.74,-0.09403587,1.7643594,-2.3947296,-1.5112587
-0.53476095,1.6864226,-0.17229211,2.0332656,-2.545092,-1.0903579,-0.5621409,1.7018338,-0.10565326,2.0947168,-2.6110904,-1.0608736
-0.58186436,1.6849108,-0.17853616,-0.28397042,-2.0632389,1.6387211,-0.5939319,1.6875789,-0.12360262,-0.29890168,-2.089195,1.8011205
-0.6178869,1.6669527,-0.17560092,0.5739073,-2.7666776,1.5225128,-0.6198022,1.6802379,-0.13477266,0.61967105,-2.8349605,1.5936322
-0.6572933,1.6577681,-0.18082121,0.43889672,-2.1231704,1.0928346,-0.64904577,1.6764373,-0.14246437,0.46800694,-2.1464584,1.2000394
-0.67229736,1.6491561,-0.18285036,0.61788934,-1.082983,0.6767097,-0.6682779,1.674655,-0.14254558,0.65138274,-1.0828239,0.7996739
-0.668635,1.6460615,-0.1873606,2.098919,-1.6944509,1.5335561,-0.6664771,1.6673398,-0.13307002,2.1989906,-1.7166023,1.6806707
-0.6730349,1.6559279,-0.18679473,0.89673644,-1.869515,0.91592294,-0.6569369,1.6778083,-0.13892412,0.899776,-1.8908423,1.0386444
-0.65225494,1.6622878,-0.18764983,0.67032856,0.56494933,0.03003986,-0.64818347,1.6937376,-0.13713102,0.7378248,0.6198176,0.10235378
-0.6482333,1.6770413,-0.1841137,-0.8187154,0.28439733,0.59601,-0.62851095,1.7033557,-0.15594468,-0.827736,0.26885784,0.7065335
-0.6395277,1.690134,-0.17612411,-1.0723561,-2.0043993,0.91922003,-0.6065221,1.7113931,-0.163382,-1.0817784,-2.0923066,1.0296817
-0.61821413,1.702906,-0.17163658,-0.6598483,-2.0165544,-0.18234031,-0.5884225,1.7228822,-0.1553973,-0.66198486,-2.0533504,-0.13533641
-0.57740307,1.7091991,-0.18845765,1.1317748,0.5200734,0.61727864,-0.56417835,1.7382014,-0.15902928,1.2222415,0.5722784,0.6983846
-0.5441183,1.7256172,-0.17739211,0.38125032,0.2850558,-1.5714175,-0.5308031,1.7633401,-0.1582352,0.371237,0.26295665,-1.5828726
-0.52115166,1.7389598,-0.18903361,0.73373693,-0.5805933,1.038237,-0.49696302,1.7737414,-0.17317463,0.78076905,-0.60998976,1.1286355
-0.50100005,1.7614112,-0.17678988,-0.2753536,-2.3339083,0.3179949,-0.46114933,1.7814898,-0.16963108,-0.29990354,-2.4053237,0.38790584
-0.46174625,1.7804897,-0.17809938,-0.52851206,-0.1659756,-0.023000406,-0.43476093,1.7939733,-0.16580892,-0.5031933,-0.15108515,0.019890426
-0.42119977,1.7926916,-0.18247373,-1.3681927,1.0470157,0.28829604,-0.38636842,1.8086392,-0.1704329,-1.3731974,1.0549742,0.3894712
-0.36463377,1.7879478,-0.18993454,0.7726976,0.9226516,-0.55069655,-0.3449858,1.8174449,-0.17973274,0.85931975,0.9086253,-0.5262795
-0.33797988,1.8176332,-0.1711558,-4.124546,-0.9175507,-2.4233298,-0.28312263,1.8401963,-0.17069171,-4.2884755,-0.9731618,-2.451009
-0.30374154,1.7904539,-0.19023624,0.25482935,-1.7496209,-0.91491026,-0.24519098,1.8435965,-0.16688828,0.35417193,-1.7901124,-0.9855419
-0.2529721,1.7921515,-0.21442513,0.33082157,0.3067808,0.32558328,-0.21591865,1.8368171,-0.17999193,0.3281172,0.38723195,0.4004509
-0.20439646,1.7968405,-0.20521656,0.65371555,0.39774403,-1.1501502,-0.17720878,1.8344102,-0.18087174,0.6764328,0.35941902,-1.1918869
-0.17427477,1.7916166,-0.20887451,0.4030884,-0.1280891,-0.6703908,-0.14395209,1.8298166,-0.17172122,0.4133214,-0.15155159,-0.6557173
-0.151795,1.7979671,-0.21020629,-1.5304098,-0.6502272,0.59777766,-0.10151728,1.8246678,-0.17209682,-1.5880452,-0.6691457,0.69329876
-0.10143134,1.7938567,-0.19307332,-2.9396977,1.3634515,-1.034592,-0.026521984,1.8242263,-0.13377388,-2.998708,1.4164115,-1.0005841
-0.05739197,1.7620529,-0.19379146,-0.78494865,0.36132118,-0.7418615,-0.005756989,1.8229761,-0.07711337,-0.7294271,0.34561062,-0.7344433
0.0021867454,1.7461001,-0.18004297,1.8505117,0.7185203,-1.9687489,0.023040436,1.8008388,-0.061627187,1.9630591,0.7492611,-2.0260751
0.027933806,1.7467998,-0.17099108,0.5932277,1.643363,-1.0597669,0.06415242,1.7701555,-0.07860872,0.62570685,1.6903133,-1.0942006
0.04830733,1.7219793,-0.16800858,0.46979266,-0.046961453,0.5971926,0.103931956,1.7563162,-0.09144676,0.5104725,-0.06634888,0.66746926
0.08705279,1.7087674,-0.17020182,2.3079576,0.33818224,0.2946871,0.13409463,1.7555969,-0.10373506,2.3686724,0.3488218,0.31871325
0.13309446,1.7233404,-0.15561508,0.59742206,4.373725,-1.1894652,0.16871911,1.7479753,-0.11173536,0.5605075,4.4594793,-1.2128433
0.13481304,1.7118652,-0.14982454,0.30315083,0.42874202,-0.7073018,0.1866648,1.7453429,-0.115671,0.32868627,0.34433457,-0.69330907
0.14759532,1.7198749,-0.15692224,-0.34807628,1.0822067,-0.75372595,0.19658147,1.7457801,-0.13002878,-0.35611036,1.1371529,-0.72402966
0.14395794,1.7261995,-0.16579323,0.3783552,0.024183543,0.92184764,0.19164455,1.7499608,-0.14597373,0.42062128,0.0082551595,0.99400425
0.14068273,1.732075,-0.17380536,0.7799614,0.04492924,1.5544354,0.18684979,1.7510852,-0.15234104,0.7913517,0.05555221,1.6876287
0.1438438,1.7402823,-0.17298748,0.16220301,0.7125142,0.779609,0.18302846,1.7560337,-0.1449365,0.16092567,0.73600584,0.89333516
0.13716164,1.7434703,-0.16796815,1.1571738,-1.0176072,0.13694485,0.17624658,1.776722,-0.14011008,1.2137543,-1.0557395,0.24551104
0.13800862,1.7610981,-0.18734743,1.1657501,0.91210175,0.3536523,0.17663184,1.7819487,-0.15632522,1.1877369,0.9763482,0.4722507
0.13728473,1.7780814,-0.16566539,2.1086817,-0.3202993,0.170868,0.17611964,1.796547,-0.16708177,2.1785629,-0.36941028,0.24385093
0.11866036,1.8064526,-0.17120884,0.0033566323,-0.9140835,0.09014352,0.17202291,1.8183364,-0.15764102,-0.028083656,-0.9240531,0.20739283
0.13112131,1.8194401,-0.18167724,-0.28769666,0.011849197,-0.499556,0.16375048,1.8369777,-0.15521112,-0.25825125,0.035600536,-0.457708
0.123940855,1.8397663,-0.17748223,-1.2347077,-1.0599703,-1.2225853,0.15832329,1.8495485,-0.17691883,-1.2463298,-1.1157638,-1.2168459
0.12070444,1.8531506,-0.22098552,-0.6717717,-0.41976842,1.7816588,0.1749022,1.8984835,-0.18124454,-0.632133,-0.3852288,1.9463573
0.14157417,1.8738551,-0.20391895,0.6976804,-0.058310177,-0.027893232,0.18283616,1.9155252,-0.18328686,0.76272637,-0.0413886,6.565607e-05
0.1427454,1.9076747,-0.20934592,-2.4920762,2.5936868,-1.3194717,0.18673193,1.9279097,-0.19718435,-2.5650692,2.6557105,-1.2783829
0.14246842,1.90914,-0.19909762,-2.4763107,1.242818,-0.8124265,0.18624985,1.9433146,-0.20684652,-2.48842,1.2040794,-0.7540701
0.13875797,1.915007,-0.20913215,-0.47510225,-1.0706015,-0.607001,0.1863237,1.9654582,-0.20266423,-0.45511144,-1.1082208,-0.58847946
0.13231716,1.9228584,-0.22857516,1.0837364,-1.4036961,1.2451981,0.18760018,1.9697471,-0.19601645,1.118242,-1.3841697,1.3346757
0.15811881,1.932218,-0.21447502,0.685252,0.90783536,-2.6891372,0.18822457,1.9698914,-0.20476569,0.6967023,0.96588993,-2.7750301
0.12420836,1.9339532,-0.22470291,-0.22915465,-1.2929541,0.61801606,0.18583862,1.9627001,-0.19150844,-0.21305883,-1.3916751,0.719675
0.12731662,1.9458747,-0.21668108,-1.4658986,-2.6056726,-0.7664618,0.18667229,1.9750956,-0.18470985,-1.5276984,-2.6622007,-0.73102945
0.16086707,1.9374096,-0.22241828,1.5896069,-0.2767025,-1.226251,0.18575914,1.9780924,-0.19012985,1.7529118,-0.24308117,-1.2835093
0.17244086,1.9459695,-0.24612953,1.4992657,2.337636,-1.275406,0.18891984,1.9751079,-0.19596888,1.5455492,2.3973124,-1.2911863
0.17097786,1.9461508,-0.239585,0.9462425,0.2463868,-0.6641719,0.19614758,1.992982,-0.19789897,0.9897669,0.1792237,-0.66420007
0.14796641,1.9741565,-0.22784273,-1.9608492,-3.4776416,-2.1956434,0.2035893,2.0076857,-0.20606829,-2.0703866,-3.6578825,-2.2952921
0.13948753,1.9860959,-0.24356236,-0.9919898,-0.6876201,1.493774,0.20574197,2.0305367,-0.20546614,-0.9390413,-0.62309855,1.6083356
0.14693227,1.9970013,-0.24558307,-0.93037444,-1.5400947,1.5498983,0.21183105,2.0397196,-0.21794622,-0.9432529,-1.5870256,1.6990501
0.17622986,2.004785,-0.23958732,-0.43485254,-0.6534513,0.708751,0.21968721,2.039607,-0.22607905,-0.4295409,-0.67356205,0.84177244
0.19827619,2.0077393,-0.24396853,-0.23889393,0.051205788,0.6281169,0.23128389,2.0398116,-0.22287907,-0.24357988,0.0533384,0.7803323
0.21592787,2.002588,-0.24637787,0.21591705,-0.69970673,0.77797776,0.2613483,2.0397782,-0.21681228,0.21850686,-0.72462106,0.9299937
0.27049914,1.9990206,-0.23922996,1.7702653,0.5730833,-1.6613904,0.32873246,2.0397673,-0.21731576,1.839297,0.5998142,-1.6760006
0.27945593,2.0013757,-0.25139377,0.5609004,-0.89775145,-0.88994116,0.36010826,2.039872,-0.22973871,0.56802154,-0.93129444,-0.90274423
0.3240864,2.0038252,-0.2585184,1.2992564,0.49920127,-0.80980295,0.38787475,2.0395503,-0.2298187,1.3647658,0.53665227,-0.80886513
0.34721163,2.0129366,-0.27822945,0.59829956,-0.255768,-0.04686444,0.40938556,2.0478263,-0.2339294,0.64588964,-0.27817875,-0.010593097
0.37720212,2.0341616,-0.27611515,-0.7538585,0.9594628,0.4467259,0.42639133,2.0649219,-0.2480379,-0.7595597,0.9888116,0.5561556
0.4055889,2.0453236,-0.28627557,-0.4265582,2.2253077,0.4371546,0.44615448,2.0783136,-0.24998778,-0.3785474,2.2386553,0.54751325
0.4219512,2.0530043,-0.29628953,1.2692024,0.72129077,0.92552143,0.49486297,2.1105654,-0.2479611,1.3450372,0.69315916,1.066014
0.43473235,2.0783954,-0.28572914,-0.13125342,0.87887937,0.3101595,0.50669986,2.137541,-0.255362,-0.16204648,0.9219897,0.4414982
0.4459556,2.0980172,-0.28192705,-0.38599652,0.39256373,-0.4196779,0.5154196,2.1586068,-0.25481868,-0.375444,0.37651175,-0.34367
0.44410685,2.115529,-0.2875238,-0.38522,-1.4001726,-0.26152462,0.5269485,2.170575,-0.2587627,-0.38594422,-1.4502281,-0.17321965
0.46707174,2.13701,-0.30309457,-0.26304454,-0.74419314,0.47924668,0.5476669,2.1860268,-0.2641999,-0.25264424,-0.7144774,0.5943806
0.48903623,2.1530313,-0.30045792,0.039223846,-0.7857584,-0.34468192,0.56891763,2.205918,-0.26439705,0.067146756,-0.80011857,-0.28406683
0.4995207,2.1712153,-0.3072776,-2.1618352,-0.97231954,-1.8663672,0.5922965,2.2174282,-0.28200537,-2.2516568,-1.0248766,-1.856041
0.51905394,2.172782,-0.31721812,-2.1988077,0.8124907,0.85619265,0.61002994,2.2269619,-0.29553345,-2.212085,0.86610514,1.0110115
0.542035,2.1772344,-0.33289716,-2.4151208,0.7310295,0.86892754,0.6323861,2.2404,-0.29824936,-2.4722526,0.7296914,1.0411661
0.55693436,2.1769056,-0.31814876,-3.2126217,0.64151186,0.6723543,0.6591693,2.237713,-0.30019018,-3.3274994,0.62705904,0.8392886
0.58344316,2.1578696,-0.30953845,-3.0722651,1.4197543,-0.22308914,0.67849916,2.2218099,-0.29201528,-3.171846,1.4353431,-0.089238025
0.5946158,2.1185179,-0.32469526,-0.8373433,-0.40254667,0.78341657,0.6891363,2.1973634,-0.28529805,-0.86238843,-0.44495144,0.9193493
0.69517756,2.1091232,-0.37929794,10.2795515,6.2104635,-0.7346937,0.7283996,2.1096995,-0.38317853,10.550187,6.1670156,-0.8212645
0.6631131,2.0948343,-0.4024044,3.9225452,7.8108053,-0.9911179,0.7540456,2.0793777,-0.5399819,4.0032234,7.7580853,-1.0872581
0.64133465,2.0702639,-0.38359866,-0.44176406,3.7227461,-1.2940856,0.7608134,2.065738,-0.61481017,-0.43695152,3.6998415,-1.3502162
0.62458754,2.0739107,-0.3935269,-0.41002828,4.622723,-0.7670323,0.7125688,2.0859818,-0.46165654,-0.30917692,4.8571205,-0.7736647
0.58816826,2.0976992,-0.39174768,-1.3352379,4.651488,-1.4083596,0.6470381,2.1009898,-0.41349,-1.268079,4.769102,-1.4449049
0.4993647,2.110177,-0.3654655,-1.9816468,3.2131608,-1.5890561,0.5780876,2.109157,-0.3802361,-1.9577316,3.302027,-1.6349088
0.40854093,2.1076908,-0.35482964,-3.7946458,5.3566847,-1.5896908,0.38260382,2.111808,-0.3380279,-3.784683,5.4319587,-1.6406459
0.24220088,2.0736861,-0.31729296,-5.1880946,-1.1331519,-0.050751377,0.26785687,2.0970325,-0.3270723,-5.285246,-1.1698368,-0.0006286612
0.09038237,2.055325,-0.31472474,-14.15646,-4.3182783,-1.5103902,0.13044105,2.0754466,-0.29601574,-14.084527,-4.214703,-1.5411899
-0.052044243,1.9514738,-0.29300672,-0.86974066,0.51891017,1.9011358,0.019754082,2.0432749,-0.17017858,-0.93452334,0.53278315,1.9272566
-0.18955335,1.8859638,-0.26420376,1.586861,-0.6127536,2.1561944,-0.10831012,1.977617,0.067918465,1.5375694,-0.50535655,2.2016094
-0.24740669,1.8326179,-0.23980643,10.152698,-1.2784818,0.07826932,-0.21219978,1.8897898,-0.035321653,10.451372,-1.3662311,0.08211209
-0.35575923,1.7807512,-0.19915773,6.586713,-0.62292457,-2.214301,-0.36876804,1.7287151,-0.37721774,6.6571755,-0.6570044,-2.2129116
-0.46532938,1.719723,-0.19318809,3.6714692,1.5388999,-0.29895705,-0.48163167,1.6826524,-0.2723348,3.7390106,1.7207099,-0.0805128
-0.5780164,1.6644675,-0.19990136,1.4067172,0.699035,2.1119106,-0.5720149,1.6526604,-0.22966258,1.4031655,0.7724157,2.3515885
-0.66903794,1.6585878,-0.16607751,-1.0453671,-1.2685572,-4.2630467,-0.65462005,1.5993556,-0.23604734,-1.0690031,-1.2729372,-4.428321
-0.78360367,1.6239743,-0.16390654,-0.9229241,-2.6072762,-4.8388753,-0.71270615,1.5456312,-0.2346154,-0.89736253,-2.5885923,-5.0163374
-0.8507019,1.5785769,-0.16922207,-1.5165998,-5.4181223,-0.45372623,-0.7468731,1.526578,-0.23788044,-1.5273644,-5.450583,-0.52861214
-0.96315575,1.561172,-0.19585307,-15.72248,-16.971935,-6.8969426,-0.7344692,1.4607462,-0.25507638,-14.968624,-16.60408,-7.0425963
-1.008951,1.4650543,-0.1538107,-6.41194,-0.56580085,-12.090164,-0.7916341,1.3801169,-0.24023724,-6.396704,-0.57509184,-11.463505
-1.0263747,1.3268249,-0.1514997,0.2926739,4.1814585,-10.118418,-0.89011145,1.305343,-0.20497324,0.28466845,3.9335892,-10.067016
-1.0603333,1.1974643,-0.22678609,4.2706475,3.4662921,-3.8702865,-0.98621035,1.2163657,-0.17280284,4.2453656,3.3948996,-3.8417802
-1.0930431,1.0391632,-0.24664278,1.168511,3.9047322,-1.9155841,-1.0731854,1.0907184,-0.15582651,1.101834,3.8751543,-1.6522826
-1.2067163,0.89398587,-0.23584528,-0.22335511,4.1094093,-3.1747048,-1.1491457,0.9771964,-0.14815882,-0.30743527,4.1795707,-2.724214
-1.3311362,0.77436614,-0.2271788,7.19935,4.840385,-6.11171,-1.3104298,0.7797608,-0.15350316,7.3809533,4.750352,-5.943385
-1.4529531,0.68376106,-0.25204298,8.785882,3.4760468,-1.8105232,-1.4415286,0.6941681,-0.1634094,9.007234,3.4518797,-1.6159117
-1.5876781,0.6072997,-0.25246283,12.945635,5.389798,1.054633,-1.6793059,0.73509127,-0.18614206,12.975038,5.3955803,1.3754901
-1.744534,0.5890979,-0.2622748,11.182299,5.404149,2.3500721,-1.9023778,0.7825013,-0.21330337,11.111481,5.5195346,2.583867
-1.9308766,0.5903819,-0.2641647,8.585651,2.6677575,2.8437045,-2.038878,0.7619169,-0.23731317,8.687701,2.860174,2.9167838
-2.0869095,0.6896853,-0.24442907,6.9724355,-0.39787677,3.633119,-2.1470382,0.7822378,-0.27192786,7.168914,-0.22636965,3.4727547
-2.2557664,0.84971565,-0.23330842,5.558721,-5.9768963,7.3029957,-2.3478367,0.8857121,-0.34299064,5.752998,-5.988675,6.900155
-2.4648447,0.9590471,-0.2677481,0.8332326,-5.1821313,5.10548,-2.4858575,0.9752793,-0.3871262,1.140152,-5.084298,4.689014
-2.5983832,1.0727739,-0.284198,-1.144591,-5.437984,4.6794615,-2.6197207,1.0800384,-0.43240106,-1.0356263,-5.4080815,4.0881596
-2.7014527,1.1975098,-0.32503733,-0.006491247,-5.4030166,3.6726925,-2.7493901,1.1635938,-0.47579205,0.23892061,-5.401071,3.077786
-2.732752,1.3934997,-0.38060912,11.264298,-7.6016254,5.8873143,-2.778696,1.315719,-0.51208526,11.464449,-7.4779434,5.23204
-2.722309,1.6161919,-0.38746426,19.132214,-14.038957,15.694336,-2.6413386,1.7147276,-0.5529674,19.290417,-14.1618,14.737351
-2.6037202,2.0081785,-0.48810974,13.707924,-30.314774,21.59562,-2.713691,2.2661853,-0.6241542,14.432639,-31.39134,22.150553
-2.8292315,2.2842746,-0.5555532,-6.1545405,-10.786089,8.012742,-2.7211096,2.5558863,-0.63816047,-5.666745,-10.739241,8.448511
-2.6558423,2.6825566,-0.5978232,-12.9697485,-2.4736714,7.2531066,-2.6394005,2.7991214,-0.65127194,-12.871763,-2.770919,7.524713
-2.3971236,3.0837595,-0.66809064,-14.088949,0.9274868,5.6882677,-2.4823043,3.0457187,-0.6614956,-13.844702,0.89684033,6.499116
-2.1109142,3.443616,-0.69707793,-9.64935,1.609622,4.2118554,-2.302615,3.2792752,-0.6784134,-9.554512,1.6861966,4.6942887
-1.9285481,3.5965,-0.7121593,-10.930433,1.0874515,4.2476516,-2.0960212,3.471886,-0.6976548,-10.821416,1.1589477,4.4393725
-1.6303636,3.6789317,-0.75437635,-24.484211,6.1677513,3.5450523,-1.7421751,3.658407,-0.7452693,-24.869055,6.12735,3.6222792
-1.4900677,3.7252762,-0.7329361,-17.280518,9.037054,-2.3463109,-1.6310588,3.567744,-0.765417,-17.269669,8.785995,-2.7929564
-1.3577622,3.7164865,-0.6986688,-14.505369,10.625818,-1.4962794,-1.5127814,3.4596744,-0.779486,-14.326038,10.575223,-1.6321671
-1.2272267,3.6213994,-0.67277604,-11.526772,7.1059504,0.2986737,-1.341541,3.4820623,-0.7822361,-11.16698,7.00435,0.33793727
-1.1239676,3.4245694,-0.62616616,-9.21105,5.8304405,-0.25707787,-1.1374316,3.5030563,-0.76102555,-9.162383,5.821277,-0.2415493
-1.0706639,3.2197824,-0.5795589,-7.2668815,5.354525,0.058848213,-0.97267586,3.4364169,-0.7064528,-7.3771667,5.4273014,0.13974203
-0.9668076,3.0260382,-0.529808,-8.062333,6.9183555,0.87603074,-0.7762923,3.1596296,-0.59763056,-8.1407795,7.1804676,1.0174865
-0.8408054,2.8535254,-0.49922833,-1.7394093,3.096662,0.10835965,-0.72662413,3.0192738,-0.545286,-1.7823201,3.2911844,0.075950764
-0.7411616,2.6877737,-0.46387872,-0.1587686,3.321539,-0.28195685,-0.6783211,2.8142543,-0.4771327,-0.45685053,3.4867132,-0.24601711
-0.6878489,2.479866,-0.40873107,0.8072539,2.9462428,-0.3551473,-0.6515938,2.597289,-0.41442025,0.6815776,3.0279496,-0.41923618
-0.6641809,2.260005,-0.34823808,1.5467721,2.4779813,-0.25647086,-0.64003587,2.3681774,-0.3525329,1.3424703,2.5620914,-0.30716094
-0.6778588,2.0772128,-0.30258968,1.6584226,2.05039,-0.37377065,-0.6474063,2.1683342,-0.3041484,1.4836868,2.1271186,-0.43372968
-0.657246,1.8883009,-0.31377402,18.743116,2.4478261,3.2337549,-0.645516,1.8907222,-0.21849686,18.55892,2.6265879,3.3601184
-0.7317041,1.7490394,-0.22837694,5.198447,0.88808787,1.696267,-0.69249135,1.7141445,-0.19443195,5.412742,1.0822649,1.8776524
-0.81385875,1.5132065,-0.18802288,2.637234,0.74270666,-0.071288034,-0.7748824,1.5120419,-0.18369329,2.7710173,0.7682003,0.016178396
-0.8602551,1.3519514,-0.14971729,-1.8635743,1.1913358,-9.030701,-0.8955844,1.2937229,-0.1753626,-1.8200196,1.1871481,-9.179669
-0.8824265,1.224664,-0.09807321,-18.080013,5.1348734,-2.9564044,-0.9933785,1.0000945,-0.16349839,-17.722792,5.3437324,-2.873106
-1.0039995,0.96867627,-0.061386995,-23.972935,8.358322,7.634242,-1.0403963,0.5788062,-0.14797838,-23.724693,8.425046,7.041114
-1.0807363,0.5137961,0.021440694,-13.269141,-5.24597,18.909554,-1.1392924,0.2867105,-0.090401866,-13.391258,-5.8185635,18.896452
-1.2084146,0.08948153,-0.0548011,2.959096,-5.117365,4.0083632,-1.2528548,0.077219,-0.045007326,2.6686304,-5.4076037,4.1105695
-1.3870944,-0.19821113,-0.09290432,3.094457,-4.581959,-2.484344,-1.3577241,-0.17698674,-0.02674756,3.181438,-4.7612505,-2.407681
-1.4829419,-0.5340879,-0.06960376,3.9637551,-5.244983,-8.782053,-1.4415873,-0.42332965,-0.020174183,3.9624126,-5.295438,-8.761775
-1.5412322,-0.7209524,-0.0630733,3.8246026,-5.9584703,-14.358011,-1.5079426,-0.66057664,-0.021147098,3.7552893,-6.155967,-14.102769
-1.5692879,-0.90408075,-0.0489802,6.0721035,-4.1571064,-10.893582,-1.5806556,-0.9169535,-0.03021245,6.01045,-4.3769054,-10.720791
-1.6201617,-1.052367,-0.11387282,16.690979,4.8281865,-5.4799232,-1.7103122,-1.324524,-0.07366195,17.048883,4.9792,-5.3356104
-1.6291558,-1.3583252,-0.16166092,9.61193,5.2331047,-5.46403,-1.7532014,-1.5039887,-0.11920028,9.876407,5.3739114,-5.4553676
-1.7047713,-1.6336932,-0.24426459,10.803125,4.090814,-6.4630356,-1.8026404,-1.6711249,-0.16768749,11.101567,4.2834997,-6.645013
-1.7715975,-1.7888694,-0.25860843,10.304462,-0.083952665,-4.3281693,-1.8714808,-1.7989116,-0.21366735,10.457999,0.058161255,-4.5947104
-1.8112926,-1.7500317,-0.25852817,12.109941,-2.409081,-2.5051138,-1.9576088,-1.8902692,-0.27247694,12.310342,-2.4139624,-2.7305195
-1.884005,-1.7404759,-0.330443,15.249795,-1.8989147,0.77057034,-2.0400443,-1.9365096,-0.31132206,15.485255,-1.8964036,0.70540434
-1.947256,-1.6764882,-0.3913941,22.482912,-5.667112,5.3159566,-2.1728156,-1.9011593,-0.3594349,22.836569,-5.703124,5.5127864
-2.0786877,-1.7792695,-0.41358623,10.524047,-0.61916053,5.2312555,-2.2386346,-1.807552,-0.3834345,10.807723,-0.6563619,5.375457
-2.17078,-1.6630368,-0.39592776,11.931739,2.3054142,8.727015,-2.3278184,-1.6662254,-0.38605937,11.730028,2.500067,8.979056
-2.2906883,-1.4521132,-0.33772078,14.242705,3.0626528,9.949463,-2.4311619,-1.4767296,-0.39044082,14.293627,3.2157977,9.78844
-2.3588204,-1.1203439,-0.25796035,18.403492,-5.1969943,8.57047,-2.4538238,-1.0947882,-0.37872338,18.427277,-5.4875307,8.851364
-2.4085577,-0.6831837,-0.18888982,17.74421,-14.33521,2.770662,-2.3250148,-0.5533957,-0.35129714,18.032589,-14.525468,2.9189487
-2.436105,-0.15571633,-0.19854589,15.306307,-19.389471,-0.56586856,-2.3166535,0.052605215,-0.3586308,15.272334,-19.259043,-0.4990407
-2.5144522,0.30277723,-0.1826034,1.6780874,-6.553503,-0.35032123,-2.296719,0.46472132,-0.36676925,1.8943524,-6.524145,-0.52329636
-2.3264036,0.9453057,-0.19620831,-1.8851467,-4.1066923,-1.395712,-2.2168875,0.9439728,-0.3818177,-1.4396632,-3.9518945,-2.0467806
-2.1071653,1.5287944,-0.22772898,-13.269639,3.3728244,-2.4744844,-2.1032898,1.4392182,-0.3892453,-12.590302,3.4914553,-2.8352878
-1.7039003,2.1225305,-0.38787472,-26.700752,6.8662896,-3.530996,-1.9997994,1.8443471,-0.352761,-26.706217,6.7943506,-3.9506645
-1.660431,2.3965392,-0.33004,-5.745754,-11.897902,-3.4478128,-1.8886946,2.261419,-0.22186455,-5.657856,-12.176971,-3.8492117
-1.4665674,2.7456954,-0.4650697,-11.232508,-5.2682476,-5.1050076,-1.5781977,2.8730843,-0.7684666,-11.950029,-5.109008,-5.208643
-1.3711419,3.1054122,-0.50361174,-3.476418,-0.44868487,-7.741345,-1.4404327,3.1014256,-0.72595257,-3.1731377,-0.8492348,-7.923958
-1.3229557,3.4619994,-0.6514208,20.773579,-1.8817356,7.9898005,-1.1471007,3.5607805,-0.7608689,19.54566,-1.7887899,8.750685
-0.90087855,3.969859,-0.7869844,18.723999,-8.477982,24.206709,-0.766367,4.1808753,-0.82050335,18.771437,-9.137698,24.983334
-0.53948534,4.446817,-0.80280906,5.2209296,-8.474583,6.098844,-0.66522753,4.3871584,-0.9122983,4.7787585,-8.231704,6.177075
-0.45098856,4.6916595,-0.96539754,-0.4199037,-5.8011265,5.235042,-0.54075354,4.648718,-0.9935861,-0.6029466,-5.4922886,4.499305
0.029538184,5.047747,-1.1896132,-25.564602,12.265633,0.19676788,-0.008813437,5.2675443,-1.2487308,-25.948906,12.683054,0.2148629
0.3426793,5.373841,-1.3736391,-19.507338,11.848362,-2.1500614,0.2934658,5.556627,-1.4235262,-19.275719,11.878285,-2.0891833
0.64099956,5.607434,-1.5089719,-23.47427,14.875619,-5.0006876,0.597614,5.7855916,-1.6183211,-23.473751,15.157521,-4.998867
0.87163603,5.667441,-1.6840626,-25.092846,13.720473,-6.452237,0.8206086,5.9262824,-1.765187,-25.271683,13.591358,-6.7773905
1.0223714,5.9076858,-1.9179766,-21.410347,9.820445,-4.917229,0.99790496,6.0000653,-1.8821232,-21.181572,9.555423,-5.3088136
1.1668351,5.8655553,-1.9496915,-24.057522,10.055813,-3.0977085,1.1866938,5.976971,-1.9591452,-23.963116,9.999246,-3.3744614
1.1505059,5.715944,-1.9560328,-32.470085,11.549833,0.2707935,1.3447853,5.739754,-1.9118432,-33.13952,11.526699,0.9495616
1.3436189,5.6576004,-1.746766,-12.073634,3.4423168,1.9207858,1.3804832,5.518316,-1.8145422,-11.934402,3.3958826,1.7841637
1.3906082,5.3787723,-1.528215,-8.420239,3.1174266,3.8894172,1.3911772,5.2619305,-1.6874089,-8.411895,3.7058542,3.844096
1.431739,4.982244,-1.2612432,-3.9109797,5.008323,4.1773744,1.3958224,4.956867,-1.5337628,-3.8558893,4.861642,4.178333
1.4254023,4.591413,-1.1357703,-0.60205287,6.1162577,3.8425696,1.3981415,4.6495495,-1.3837738,-0.8334806,6.189408,3.7823348
1.3463403,4.2279186,-1.0291889,1.8911891,5.974817,4.355719,1.3754811,4.3056226,-1.2199432,1.6209148,5.9752026,4.2247376
1.2612255,3.745584,-0.8908904,14.763867,10.769,7.558687,1.2554233,3.5958617,-0.9134323,14.970825,10.654627,7.7456026
1.082204,3.3674157,-0.7370264,6.74858,3.8077552,4.014121,1.1684234,3.2670207,-0.78461576,7.2134857,3.9497252,4.3035707
0.94013333,2.997301,-0.5920795,5.9862933,3.0509915,3.8729384,1.0482773,2.9398994,-0.6607039,6.015158,3.0246558,3.9352684
0.7846006,2.6250796,-0.4895958,6.2169194,0.91476107,3.2707164,0.9059844,2.6383786,-0.55566335,6.340594,0.9140258,3.0226896
0.67321265,2.34935,-0.3665033,5.4501395,-1.6844076,2.705451,0.7447153,2.3564246,-0.46379656,5.450595,-1.5999893,2.5750046
0.5127405,2.1246889,-0.29419154,5.9600515,-2.2232742,3.6505415,0.5858729,2.1071217,-0.38675156,5.8827405,-2.1127136,3.4979057
0.33576086,1.793612,-0.24063231,17.432041,-0.9920823,6.693617,0.2750461,1.7184869,-0.27975735,17.39457,-0.8144739,6.6926465
0.1441544,1.664922,-0.16348381,8.934511,-1.5796473,4.1614623,0.10803824,1.5436698,-0.23461139,9.132671,-1.5387212,4.3873158
-0.05896762,1.4498029,-0.15991159,9.289247,-1.1517043,2.6879823,-0.06382936,1.4210132,-0.19710933,9.272589,-1.0367099,2.8297458
-0.24584326,1.2733431,-0.13668196,6.1028075,-0.72084975,-0.35835236,-0.22273631,1.3482815,-0.17189758,6.218781,-0.5897705,-0.31816816
-0.4315938,1.2432886,-0.1402457,3.5790327,-1.6900346,-0.5702092,-0.370251,1.310224,-0.15277581,3.693859,-1.5928785,-0.58118546
-0.58243465,1.2221311,-0.15062808,4.1350923,-2.6231868,0.98514014,-0.53083014,1.2921145,-0.14615774,4.2278004,-2.6011198,0.951991
-0.73069525,1.2723825,-0.16858415,5.884459,-4.1181955,-0.32067817,-0.80371916,1.3352407,-0.1509877,5.9221687,-4.173431,-0.38659957
-0.909762,1.3382522,-0.19329359,1.4199224,-3.2193692,1.0816063,-0.93402654,1.3857932,-0.16346636,1.4994673,-3.2621062,1.1086512
-1.0309129,1.37159,-0.20246251,2.4638057,-2.2973866,-0.014062809,-1.054423,1.4516163,-0.18138804,2.5065837,-2.3049693,-0.080966964
-1.1897981,1.4475553,-0.23160051,-0.14160413,-2.3686152,-0.18087523,-1.1709073,1.5273782,-0.19735223,-0.12240781,-2.3827684,-0.21972214
-1.2889514,1.5486751,-0.23950692,-2.7803707,-1.9295323,5.8903427,-1.249516,1.6072582,-0.20602229,-2.7316186,-1.9300127,6.061288
-1.335216,1.6312526,-0.2681451,1.4896443,-2.5142622,6.081128,-1.3047745,1.6740823,-0.21380034,1.4951017,-2.5033355,6.2971296
-1.4030262,1.7740853,-0.29245806,1.7248404,-5.3359966,0.5687576,-1.4225689,1.8518388,-0.25073695,1.5999335,-5.364006,0.7004581
-1.4742998,1.9114935,-0.3140914,-3.6707807,-3.5737562,3.1863055,-1.4655919,1.9663078,-0.26629728,-3.650789,-3.5939672,3.406316
-1.4784946,1.9595412,-0.32400727,-1.2619554,-1.9078245,5.8724575,-1.4800566,2.0641983,-0.28923234,-1.2395526,-1.9359944,6.193291
-1.4842218,2.0776572,-0.33893517,-0.12648755,-2.6163762,4.0155177,-1.4690748,2.1646895,-0.30412862,-0.2525368,-2.624783,4.2809176
-1.4584857,2.2318525,-0.37253055,-2.9398685,-1.5177728,-1.3107287,-1.4503689,2.2661488,-0.3141516,-3.0448408,-1.5362914,-1.1561077
-1.3947103,2.2933788,-0.36979872,0.9385331,-2.9231987,0.849521,-1.4290066,2.3533912,-0.3212204,0.8975423,-3.0175319,0.92058194
-1.3814906,2.404871,-0.39814055,-4.301339,-3.086222,2.4395125,-1.3168541,2.4926941,-0.34831905,-4.493697,-3.1573622,2.5311315
-1.2528622,2.469982,-0.38982356,-2.8786836,0.088586956,1.6720208,-1.234893,2.5722313,-0.35201123,-2.928111,0.0056757866,1.9299893
-1.1695402,2.529651,-0.38111347,-1.2763587,0.49791542,1.9902611,-1.1390877,2.6309586,-0.35857406,-1.3716797,0.4791626,2.1125708
-1.0642681,2.624258,-0.38565463,-3.40628,0.19890437,1.0600749,-1.0573058,2.6694975,-0.3731157,-3.4913657,0.16644536,1.0041965
-0.94175553,2.6509342,-0.3788449,-2.9576468,1.6313944,0.8163906,-0.9771565,2.7016346,-0.38103855,-2.967198,1.6030829,0.8538722
-0.85371494,2.6626515,-0.36658368,-3.4246535,2.6330345,1.5365611,-0.8810362,2.7142248,-0.38282424,-3.445937,2.631894,1.6070526
-0.7412431,2.6596577,-0.36055425,-1.7469893,3.9008493,1.1345071,-0.71620804,2.6959033,-0.3784394,-1.7249279,3.967629,1.2385112
-0.6374028,2.6447198,-0.34704307,0.8581794,-0.22820333,0.89073807,-0.6415222,2.669472,-0.3795329,0.8508323,-0.15066443,0.9023776
-0.57791996,2.6538024,-0.3431454,-2.2651892,0.6150303,-0.0120052565,-0.56935406,2.640827,-0.36837688,-2.30661,0.68008983,-0.15097061
-0.47986135,2.6074655,-0.3179903,-1.6709012,3.1050856,1.18474,-0.50280964,2.6031773,-0.35317612,-1.5413245,3.131545,1.1641843
-0.38566777,2.5428777,-0.31351233,2.3232973,3.7618258,1.4820098,-0.44973373,2.5622406,-0.34416962,2.3411567,3.8027828,1.474854
-0.33406946,2.5340939,-0.316998,3.9662125,3.286297,0.96377736,-0.42050532,2.5121794,-0.3363996,3.9135618,3.365415,0.8727244
-0.3083602,2.5012894,-0.32560247,4.509666,5.173184,4.0485506,-0.3430879,2.4303052,-0.30085665,4.5684443,5.271346,4.017075
-0.27256766,2.4509199,-0.27710488,4.926,-1.5915868,0.53190213,-0.29504976,2.4010942,-0.29014003,5.067388,-1.4820893,0.44037122
-0.26072136,2.4408996,-0.27573168,5.6409674,-2.2980635,-1.4699298,-0.27993006,2.3941674,-0.28950927,5.6993885,-2.1373231,-1.4780834
-0.27385858,2.4477556,-0.27003345,0.36820537,0.70731175,-2.6249993,-0.31018633,2.3857875,-0.3037386,0.52669686,0.64561206,-2.6217842
-0.30005977,2.3965845,-0.26304317,-2.9027958,3.7477033,-3.6205275,-0.349863,2.3608658,-0.32040513,-2.7567596,3.7047842,-3.4582858
-0.3483185,2.3474205,-0.2620737,-5.6249795,4.732876,2.6319165,-0.37259275,2.3377347,-0.33026603,-5.5335298,4.785581,2.9431393
-0.40113577,2.3358862,-0.30464402,-22.895489,6.1332626,-0.0491349,-0.26051617,2.148016,-0.3380042,-23.830078,5.972635,0.23419514
-0.38724682,2.0645657,-0.25730774,-13.206613,-0.85152626,-10.689642,-0.24804032,1.9882218,-0.34626138,-13.143671,-0.52582484,-10.804165
-0.44100878,1.9202988,-0.20300388,-8.8424425,-2.1378844,-14.227271,-0.3113664,1.9196231,-0.3456572,-9.126952,-2.1731393,-13.902368
-0.43314007,1.8882751,-0.16007142,-1.1241597,-2.8701737,-22.304745,-0.39084008,1.8348521,-0.31945345,-1.3708907,-2.7194004,-21.066904
-0.5263877,1.7245014,-0.17847787,5.4893327,-3.2867196,-25.25083,-0.46573013,1.6936488,-0.26965234,5.2361894,-3.2088995,-24.132973
-0.664248,1.552936,-0.2102363,5.8632536,-4.6409035,-20.209156,-0.53937054,1.5397841,-0.22102164,5.8070316,-4.5327773,-19.63648
-0.79929674,1.3830173,-0.21165763,5.2373548,-9.967575,-24.65056,-0.715261,1.2498393,-0.18014924,5.464205,-10.355455,-24.721731
-0.92528284,1.156455,-0.2271052,-1.0268676,-4.075944,-10.468511,-0.81568795,1.1037573,-0.15622674,-1.0877945,-4.171434,-10.978701
-0.9762244,0.9638127,-0.22658895,-4.4494843,-5.0466924,-10.460399,-0.8945722,0.9765505,-0.12559088,-4.627925,-5.3066926,-10.722014
-1.0352765,0.7939617,-0.20903769,-5.887119,-5.4305234,-7.580846,-0.9583688,0.8477417,-0.10534629,-5.9409633,-5.7316637,-7.692536
-1.0844154,0.60047406,-0.18197432,-2.3787622,-2.397519,-5.112453,-0.9950283,0.72074354,-0.08317968,-2.452685,-2.5192714,-4.9435706
-1.1143659,0.42771935,-0.16472735,0.9801009,0.04319224,-7.226561,-1.0135007,0.56063557,-0.06546401,0.98744714,0.02321153,-7.1561794
-1.1035211,0.26555836,-0.1285174,1.8034928,-1.5795443,-17.70583,-1.0551193,0.1985125,-0.045271404,1.886008,-1.6471413,-17.505148
-1.1451021,0.041683257,-0.12013485,-0.9626632,-1.7707922,-8.754092,-1.0838891,0.040471278,-0.036613457,-0.7834008,-1.9086595,-8.703862
-1.1459346,-0.18849766,-0.108839326,-3.93212,-1.097938,-6.757597,-1.10321,-0.14743629,-0.03118129,-4.0773807,-1.2526469,-6.738121
-1.148565,-0.33605343,-0.09292119,-1.5741469,-1.8344452,-17.291874,-1.1267322,-0.33652642,-0.038730096,-1.762442,-1.9284282,-17.091919
-1.164948,-0.5424851,-0.08870339,-1.3599387,-0.5737665,-16.890152,-1.1277794,-0.5405103,-0.039540086,-1.630666,-0.7405653,-16.625605
-1.1385648,-0.8518232,-0.035839014,1.1159517,0.4266196,-9.563136,-1.127694,-0.7654636,-0.032490876,0.94738877,0.24107166,-9.486791
-1.1063333,-1.0881165,-0.064209186,15.830155,-10.1540985,-20.350504,-1.0702684,-1.2606701,-0.07727659,16.322496,-10.442434,-20.736721
-0.99397326,-1.3073075,0.0036049578,6.159867,-4.7147613,-9.12152,-1.0115324,-1.441084,-0.09859265,6.1550727,-4.825414,-9.499312
-0.9296051,-1.5571694,-0.08034181,7.323208,-1.3055804,-5.8620896,-0.92927337,-1.5967237,-0.09840114,7.044227,-1.4816959,-5.592793
-0.8013538,-1.7576311,-0.17550023,10.10133,-1.9183347,-8.281671,-0.8037069,-1.7583886,-0.107136264,9.778185,-1.9178728,-8.201504
-0.56140065,-1.8434663,-0.16377087,9.860006,-3.1453378,-5.9256964,-0.6394373,-1.8648286,-0.11601248,9.864097,-3.1678424,-5.947756
-0.3986301,-1.9117622,-0.17369719,6.7431393,0.85978293,-3.5630383,-0.4598972,-1.9419112,-0.13248643,6.8961453,0.8152407,-3.7676768
-0.18870226,-1.9183817,-0.16298147,4.402284,2.482964,-2.7463593,-0.14930233,-1.9812982,-0.14774363,4.548527,2.5329945,-2.9452314
0.004645318,-1.9061575,-0.13458519,5.0781746,2.0963457,-0.62244433,0.034823157,-1.9550891,-0.14184032,5.130335,2.3619657,-0.693862
0.19358262,-1.8228853,-0.074242495,5.0321536,2.0317225,-0.008670496,0.21784803,-1.9111856,-0.12948081,5.1414857,2.1847465,-0.14125428
0.3813893,-1.7263663,-0.019212326,3.6510663,0.26832643,-0.9806567,0.37476587,-1.8311151,-0.12743732,3.7204669,0.3475296,-1.1288761
0.5466348,-1.5525237,0.041667573,0.12613434,0.34100327,-3.257088,0.52319014,-1.7092577,-0.12730473,0.14104526,0.33610007,-3.6035364
0.6664424,-1.4069304,0.09658598,-0.6668176,1.8455741,-1.2338758,0.6532751,-1.5893105,-0.12815677,-0.68736494,1.8670356,-1.5130273
0.766124,-1.2476672,0.08664321,-2.302737,6.2581387,-3.6471748,0.86271507,-1.348045,-0.11666195,-2.2994564,6.343655,-3.7189615
0.8388649,-1.0790309,0.09069768,-4.1392803,3.8928828,-1.1355189,0.9542429,-1.1900288,-0.11911305,-4.2910333,4.111375,-1.0805745
0.88628626,-0.92874837,0.086456105,-3.6950316,1.6400077,-2.7008784,1.036787,-1.0400665,-0.11295731,-3.634359,1.8342198,-2.7052743
0.9977454,-0.80407,0.08790347,-1.8095719,0.8931581,-1.9612179,1.0952749,-0.9249744,-0.11764602,-1.7848858,0.82022214,-2.1592631
1.0322574,-0.6887171,0.07796233,-0.8279025,1.1090156,-2.3362043,1.1165643,-0.8281782,-0.13062435,-0.6899522,0.9887236,-2.5512545
1.0256392,-0.5970562,0.064780846,-2.3400965,0.39982772,-2.3464983,1.1343927,-0.7085979,-0.13156077,-2.2671402,0.27055684,-2.5302858
1.0252204,-0.45411086,0.07759063,-5.3960104,3.557376,-1.416468,1.1418378,-0.4545961,-0.12552813,-5.4519253,3.5538175,-1.4891195
1.0344112,-0.35594922,0.06451756,-3.2582397,3.4380076,-3.1800983,1.1436951,-0.33457482,-0.10716581,-3.1907892,3.369028,-3.4174848
0.9782052,-0.2679615,0.05438395,-4.086413,2.8041022,-2.003226,1.1337961,-0.24375997,-0.09727247,-4.1083565,2.6685092,-2.068328
0.9429352,-0.17391986,0.050930694,-5.172481,2.1356556,-0.683181,1.1022432,-0.1733245,-0.090967454,-5.14372,2.0166297,-0.7542298
0.8610437,-0.12247443,0.03792399,-4.9417233,1.7447171,-0.7710317,1.0478116,-0.10706256,-0.0889918,-5.0067577,1.549019,-0.6661723
0.8500154,-0.1031639,0.02278457,0.49225587,1.7771499,-0.6119818,0.9723455,-0.045852356,-0.093218386,0.5346263,1.5477457,-0.66422737
0.76247907,0.097232744,-0.015153309,19.305243,14.534731,8.397596,0.70326763,0.17038321,-0.07864176,19.233133,14.20534,8.550143
0.6574731,0.2271285,-0.08562101,10.665256,10.511976,2.9642217,0.5161825,0.31350875,-0.07661172,11.092466,11.26669,3.7069635
0.5140126,0.36088085,0.019608537,12.21524,1.440881,-29.495255,0.4672503,0.40218684,-0.06870026,12.358653,0.9312881,-29.949913
0.38520482,0.6799748,-0.099853,11.61446,-9.958618,-43.202953,0.4677718,0.6149696,-0.06257774,11.426412,-10.709468,-42.972637
0.29140976,0.7917935,-0.07920524,14.817561,-11.127175,2.7864382,0.40061364,0.8138692,-0.070131995,14.814574,-10.806149,2.4895492
0.20903042,1.0774682,-0.01228424,23.90825,-10.51755,55.95123,0.32293344,1.097043,-0.06632384,24.312374,-10.097443,54.807316
0.27863196,1.4160672,-0.25551906,6.9930615,-18.14025,64.64561,0.114013605,1.5097405,-0.04320371,7.400517,-18.989851,64.730675
0.124566585,1.6003618,-0.026273554,-4.9245687,-0.20806804,15.745146,-0.026749283,1.7303765,-0.03649468,-4.896868,-0.1629892,15.521603
-0.05750069,1.8599763,-0.10108688,-8.911348,0.45890537,14.232536,-0.12543651,1.9966288,-0.070854284,-9.06667,0.50498766,14.07803
-0.20776924,2.2083735,-0.13846713,-13.369215,0.22505847,14.6498375,-0.20962079,2.2686033,-0.13271308,-13.495327,-0.07710174,14.613288
-0.29800448,2.5170527,-0.27303573,-14.666471,2.5260851,17.50481,-0.2939663,2.4929113,-0.20777418,-14.909402,2.5134144,17.356318
-0.42923793,2.703775,-0.340453,-13.012171,-1.0533795,25.36821,-0.37580106,2.653874,-0.27588603,-13.302612,-1.3934234,25.377436
-0.62694275,2.9295635,-0.38672993,-17.009123,-6.093013,33.421047,-0.44867504,2.8776593,-0.3776683,-18.128128,-6.938345,33.44072
-0.50283694,2.936429,-0.40057603,-6.1974244,2.2298944,14.46907,-0.43385038,2.9385984,-0.41613466,-5.9451694,2.087929,14.867713
-0.44635364,2.9679284,-0.38344333,-8.758824,2.1511152,8.726571,-0.4067251,2.9602623,-0.43094364,-9.070749,2.0839577,8.889218
-0.38840225,2.9212227,-0.3721699,-6.5165477,2.189285,6.3164062,-0.37116227,2.9616694,-0.4393461,-6.742696,2.2625082,6.7309384
-0.25919434,2.8920715,-0.4124574,-3.826709,4.5413656,5.503446,-0.3321866,2.9269443,-0.4495621,-3.8712106,4.4947643,5.672356
-0.21793988,2.821494,-0.4066328,-4.492177,6.914315,6.0880265,-0.30947638,2.8400164,-0.43705463,-4.5439606,6.8883533,6.270345
-0.29570457,2.64192,-0.4576706,-6.4573894,7.7312603,15.244662,-0.25403875,2.7238762,-0.41728127,-6.4960113,7.80964,15.310292
-0.17996088,2.6090422,-0.37686223,-1.204599,4.783372,4.6793275,-0.22229719,2.6416347,-0.39670023,-1.2920724,4.685165,5.0745273
-0.20657012,2.5147047,-0.35006166,-0.7093082,3.6729238,1.9394945,-0.20832506,2.5570514,-0.37360117,-0.7814616,3.7623339,2.2258937
-0.1991686,2.388789,-0.34937704,0.8926018,4.343065,2.2509775,-0.206287,2.4677434,-0.35595888,0.9315006,4.3198,2.452705
-0.19902286,2.2818599,-0.29195124,2.2764523,5.0671983,-1.1603178,-0.21210228,2.3727083,-0.34000054,2.2098813,5.098228,-1.1320059
-0.24452731,2.180897,-0.2557355,-0.98886687,5.7975655,-2.7051134,-0.26428744,2.2488117,-0.31362832,-0.9689383,5.9119143,-2.7166007
-0.336233,2.037932,-0.2568659,-0.48867363,8.643673,1.9446543,-0.38570708,2.0583074,-0.2810666,-0.3329497,8.712322,2.0786602
-0.43414655,1.9263992,-0.22985317,1.4241298,2.6727455,1.5203186,-0.45198277,1.9847974,-0.27336383,1.4803107,2.6957364,1.7008156
-0.58117235,1.8557801,-0.23165709,0.8215248,0.6929967,1.9552375,-0.547085,1.9042218,-0.2654664,0.72368914,0.8549685,2.285426
-0.72274387,1.7462153,-0.2341462,2.6515393,0.7125788,2.1266131,-0.6682723,1.82002,-0.25745094,2.6653516,0.83212656,2.3086443
-0.8640268,1.6628656,-0.23529537,4.1089406,0.25670347,0.66323596,-0.7896931,1.7563958,-0.25488552,4.1244884,0.3651686,0.69456536
-0.9777907,1.6169968,-0.22865655,3.557961,-0.9040819,-0.70224684,-0.93304986,1.7064863,-0.24921648,3.6029532,-0.7813939,-0.69796544
-1.125931,1.5863974,-0.2559986,6.4840956,-2.1652107,0.029604746,-1.1888056,1.6516064,-0.25197563,6.4950247,-2.156451,-0.023296615
-1.2954967,1.5723665,-0.27000698,3.4916034,-2.6006124,0.757979,-1.3231426,1.6416156,-0.26509073,3.5144699,-2.6141055,0.8830493
-1.4204816,1.5882925,-0.28496426,5.18487,-3.274717,2.4020019,-1.4445665,1.6540816,-0.27598518,5.25793,-3.2650833,2.4052677
-1.5385934,1.6370109,-0.31864098,6.0675917,-3.738897,5.1321692,-1.5303609,1.7028937,-0.28907123,6.1149874,-3.6913793,5.23079
-1.5845946,1.7400807,-0.2993091,5.862243,-4.637081,10.212728,-1.6059519,1.8088757,-0.30724952,5.9425497,-4.6393247,9.941596
-1.6624743,1.8728151,-0.33206284,4.267408,-5.5793085,9.642429,-1.687878,1.9697547,-0.3274052,4.334251,-5.459508,9.764201
-1.800679,2.023127,-0.3757973,1.390299,-7.075121,3.507089,-1.8341956,2.190579,-0.36786222,1.38312,-7.0743136,4.035707
-1.822319,2.1890144,-0.4121357,-0.8063751,-2.6778402,-0.4820897,-1.8539692,2.2985854,-0.38402918,-0.7635323,-2.702496,-0.27052188
-1.8060343,2.349689,-0.4431725,-1.6254021,-3.4376662,-2.079692,-1.8432325,2.4327316,-0.4020826,-1.6880789,-3.5016172,-2.2650282
-1.7738684,2.502747,-0.4544076,-1.8110884,-3.1500363,-0.33095568,-1.8183362,2.547322,-0.41805816,-1.8682933,-3.2779431,-0.57061404
-1.7153202,2.6526232,-0.4705744,-2.1413844,-2.6373394,2.7309577,-1.7745779,2.654156,-0.43864933,-2.1635885,-2.8179975,2.688871
-1.649972,2.7400007,-0.48032308,-4.331135,-0.33611068,2.270897,-1.6944513,2.774727,-0.4675587,-4.392689,-0.44304672,2.32487
-1.5964841,2.8244016,-0.49441645,-11.11718,-1.0606267,2.4444246,-1.5359668,2.9533267,-0.49330488,-11.340353,-1.1592253,2.658613
-1.4553329,2.8854537,-0.47777358,-3.2830381,2.239044,0.8440848,-1.4493309,3.0014348,-0.5009146,-3.3645997,2.1047142,1.0496742
-1.3125032,2.9432058,-0.46550366,-0.5048799,1.6969323,-1.5124584,-1.3492436,3.0223808,-0.5101435,-0.6521782,1.6856118,-1.524243
-1.2088279,3.0043707,-0.46128628,-1.6265959,0.23682675,-0.6153094,-1.248194,3.0191996,-0.5237444,-1.5629721,0.21670017,-0.6808479
-1.1277994,3.0028722,-0.4617204,-2.3257294,0.98197126,1.0622748,-1.1527822,3.02744,-0.52431375,-2.2426577,0.97424626,1.214799
-1.0327283,2.990529,-0.45608684,-2.2598927,0.9607123,0.08577235,-1.0431451,3.0474687,-0.51874685,-2.2382712,0.9619732,0.3230595
-0.9438243,2.9806585,-0.44342068,-5.01679,2.4882567,-0.8229057,-0.8766313,3.0310571,-0.49745432,-4.9996014,2.567724,-0.6351506
-0.82829607,2.9256434,-0.43442526,-0.96323687,3.2844594,0.2950886,-0.7871792,2.9972825,-0.4894791,-0.8722084,3.3334935,0.49484044
-0.7120172,2.9000916,-0.41847315,-0.6197545,4.0986753,-1.9918708,-0.7116175,2.9633298,-0.4810059,-0.6284239,4.1754184,-1.9078197
-0.6382152,2.8609064,-0.423879,0.6062544,2.1252296,-0.0019597283,-0.655477,2.9189253,-0.4733107,0.7368113,2.2481992,0.11679606
-0.6042807,2.8033128,-0.41753012,-1.1034895,1.4363079,-1.6632568,-0.6038211,2.8626344,-0.45791444,-1.0843593,1.5471915,-1.5397773
-0.5724505,2.7335534,-0.42307147,0.44474286,3.5895617,-0.068640396,-0.56473184,2.8157318,-0.43978325,0.569816,3.7184646,0.20820886
-0.52461934,2.6759431,-0.38920912,1.1978091,3.9778645,-3.701876,-0.5390604,2.71411,-0.41154942,1.2588457,4.0412955,-3.605357
-0.53507364,2.6238928,-0.39062303,1.9799532,2.2155714,-0.74413556,-0.54066914,2.6683729,-0.41146526,2.1189265,2.3336957,-0.6476438
-0.55253756,2.580234,-0.3524986,-0.17104846,1.6140447,-1.8709792,-0.5575018,2.6223745,-0.4025619,-0.14933795,1.6883266,-1.7462841
-0.6213609,2.5276678,-0.3494182,-1.6732543,0.35965833,0.35222822,-0.583881,2.577252,-0.38576183,-1.5890541,0.43008405,0.6530238
-0.62949204,2.4517753,-0.33476788,1.6369034,0.73552024,-0.5214023,-0.6164745,2.5336056,-0.3677469,1.6617211,0.7900987,-0.26592755
-0.6767576,2.4488044,-0.32777637,1.1383979,1.129986,-0.6248962,-0.65157944,2.4963915,-0.35801986,1.130088,1.1779172,-0.4371702
-0.70338166,2.4002855,-0.31245366,2.7010894,3.429599,-1.7579681,-0.7524553,2.419292,-0.34374657,2.7065809,3.4178717,-1.6762266
-0.80256355,2.371364,-0.31159237,-0.4306143,-0.020673184,-1.7765297,-0.81653595,2.3973813,-0.34312683,-0.37784222,-0.021019978,-1.6611822
-0.8695868,2.3335514,-0.30923364,0.17423171,-0.7029471,-1.3526489,-0.87684894,2.375893,-0.3436942,0.18915601,-0.66788656,-1.2427006
-0.94358456,2.3057551,-0.31599194,1.1226168,-0.52769387,-2.54303,-0.94169194,2.3582652,-0.3506202,1.1493757,-0.5228956,-2.5148988
-1.0354016,2.2949183,-0.31943634,1.4598376,-1.388982,-2.7553005,-1.0205235,2.3338118,-0.3595135,1.4715208,-1.3877987,-2.7708163
-1.1139983,2.2793446,-0.3354198,0.50355667,-1.9325228,-1.4318839,-1.0874742,2.3247392,-0.3630204,0.5194148,-1.9377402,-1.4351012
-1.1462113,2.2755113,-0.3399863,4.9300427,0.29058257,-1.8768994,-1.2059331,2.3298674,-0.36880955,4.974149,0.28263962,-2.0392458
-1.2283708,2.2892632,-0.34658882,2.215807,-0.6405649,-2.652231,-1.2719959,2.342284,-0.3791349,2.226623,-0.66890854,-2.8547943
-1.3274183,2.2991447,-0.36653307,0.48692757,-1.638715,-0.94485444,-1.3446467,2.3556592,-0.38545242,0.50205535,-1.6617391,-0.98890597
-1.3941932,2.2967787,-0.37228858,0.13561517,-1.1241779,0.032457184,-1.4060404,2.376779,-0.39700618,0.14719401,-1.1320401,0.09717011
-1.4709274,2.3491282,-0.38505992,-1.0189701,-1.0015606,0.39234978,-1.4514991,2.412051,-0.40820011,-1.0598428,-1.0136847,0.44547075
-1.5212241,2.3781533,-0.39564702,-1.7336096,-2.003165,-0.6808993,-1.5003362,2.4462574,-0.42189687,-1.7949213,-2.0389202,-0.6621921
-1.601085,2.4290156,-0.42625988,-1.8942537,-6.0998054,0.18255694,-1.5939314,2.5104728,-0.4473398,-1.978837,-6.2370143,0.33038434
-1.5920589,2.4448168,-0.42244256,1.3222234,-1.5703157,0.64233667,-1.6190337,2.5408823,-0.45867392,1.3133664,-1.5362563,0.8417228
-1.6121794,2.4851527,-0.42933342,1.7490578,-0.83771,0.522641,-1.6328945,2.5661314,-0.4624098,1.7291667,-0.83009094,0.64911175
-1.6487211,2.5174406,-0.4282953,0.09260446,-1.528238,0.23126729,-1.6381276,2.59953,-0.4671325,0.04373405,-1.552409,0.40474558
-1.6403078,2.562596,-0.43951663,-0.9554878,-0.8803859,-0.27514786,-1.6375866,2.638993,-0.47121266,-0.97534454,-0.8753987,-0.010610628
-1.6287587,2.5922577,-0.43671936,-2.164378,-0.1948984,-0.4623391,-1.6378092,2.670603,-0.47486526,-2.1891038,-0.1868433,-0.18811417
-1.6495003,2.6372576,-0.43635684,-9.77815,1.855904,-1.1248437,-1.6623633,2.6491218,-0.49196562,-9.83462,1.916511,-0.8418538
-1.6379502,2.5752418,-0.41524673,-10.482318,3.148084,-0.8719861,-1.7013435,2.5756626,-0.4992085,-10.37309,3.135308,-0.58975714
-1.6667129,2.504896,-0.40324405,-12.687509,2.7539577,-0.65326184,-1.7525935,2.4352717,-0.49845907,-12.480068,2.7223663,-0.47173297
-1.64938,2.3537955,-0.40727746,-16.171392,-1.1717746,-2.3051069,-1.686763,2.3083797,-0.48144224,-15.891973,-1.1564453,-2.2357488
-1.5852331,2.1498258,-0.4798983,-23.278189,-10.095889,-12.87077,-1.5060006,2.0832324,-0.45369768,-23.437162,-9.835624,-12.916301
-1.4953042,1.7838632,-0.44342104,-20.10099,-14.893414,-23.05869,-1.3619977,1.8352022,-0.42952883,-20.734364,-14.941545,-23.039223
-1.4646214,1.5531855,-0.3051149,7.3940077,-9.976089,-55.00455,-1.4353259,1.5574368,-0.2975614,7.7498193,-10.679493,-55.64499
-1.4419047,1.2479441,-0.15947808,22.558165,8.174376,-31.098957,-1.5480038,1.4348961,-0.21349542,22.76158,8.551244,-31.07442
-1.2397522,0.8090774,0.0043065343,21.600662,6.962745,-41.621387,-1.5511357,1.2277662,-0.16296951,24.370777,5.694821,-49.552242
-1.4042748,0.37890363,0.010464946,14.934825,1.0856978,-89.830315,-1.540479,0.950492,-0.16263764,16.405558,-2.761252,-102.02995
-1.4216676,0.36469114,-0.046127282,13.301391,3.716918,-86.4077,-1.665576,0.614275,-0.16769856,13.852614,3.1988811,-86.264465
-1.6891654,0.37433863,-0.018593838,12.938291,4.1924314,-40.83119,-1.7850841,0.29734656,-0.15928037,12.930464,3.7051237,-40.59082
-1.7516015,0.026147723,-0.11872008,8.760968,-12.811794,-29.019796,-1.7428993,-0.10755235,-0.12894349,9.051145,-13.073541,-28.347202
-1.5468094,-0.22918797,-0.095281444,1.6359121,-5.0903544,-5.6166534,-1.7632916,-0.31224322,-0.13740212,1.5338539,-4.958792,-5.8831043
-1.6410851,-0.5100904,-0.09270524,-1.7316316,-4.1707125,3.665419,-1.7009377,-0.51556647,-0.14540863,-1.9948497,-3.8618371,4.0297117
-1.6096634,-0.7112505,-0.11025783,5.572338,-6.282604,1.8535959,-1.594874,-0.66560763,-0.14135368,5.953987,-6.4749317,1.6569049
-1.4061316,-0.71461487,-0.12970926,10.576842,-7.82197,25.498873,-1.443813,-0.763123,-0.12578553,10.635121,-7.6986794,25.551502
-1.2337244,-0.5323317,-0.12725373,1.9724239,-0.58514017,77.03,-1.2518238,-0.8482675,-0.108121924,2.34323,-0.48704457,76.42565
-1.1362475,-0.38173354,-0.3145825,1.9192561,7.342329,108.72934,-0.960939,-0.8574086,-0.067598335,3.9167182,12.028008,115.35066
-0.85200405,-0.8611938,-0.1097165,3.917551,4.3342104,32.12538,-0.82692176,-0.80828965,-0.050070323,3.8842554,4.7815175,32.48681
-0.7161578,-0.7394395,-0.009460291,5.384738,2.4334714,20.65971,-0.7325494,-0.7387175,-0.04082101,5.208251,2.4181087,20.339622
-0.7353282,-0.59703803,0.09256805,9.070413,1.1186676,-38.733044,-0.6320325,-0.6496338,-0.026013428,8.859899,1.007762,-38.458847
-0.6876749,-0.056188345,-0.20400806,9.245473,5.305564,-102.208496,-0.59335554,-0.54522204,-0.034221336,9.818366,6.1223297,-100.436005
-0.76767695,0.17121005,-0.20928587,1.0219041,5.3207636,-72.88655,-0.60505486,-0.39292577,-0.060460918,0.20467241,5.230269,-72.512146
-0.83387613,0.21720672,-0.06483009,-8.84206,-7.5957055,-51.013153,-0.57767296,-0.057267558,-0.014158656,-9.671026,-8.353889,-51.2541
-0.5715053,0.13128233,0.1087297,-1.0461017,-6.406268,0.42893177,-0.5948398,0.09221114,-0.0016882789,-0.95471257,-6.40124,0.37526783
-0.6021625,0.3018055,0.028788159,-1.5710021,-0.19120029,48.20328,-0.62463933,0.19879061,0.0009071592,-1.9060326,-0.7667009,47.25592
-0.9356011,0.57372326,-0.17543335,-5.0026493,2.229334,67.750656,-0.66345626,0.29374996,0.0061845356,-5.2728767,3.2142622,68.05824
-0.84668934,0.5895703,-0.10626956,-2.9487445,1.4528973,51.696613,-0.69447327,0.41243744,0.00479692,-3.1787078,1.6990014,50.567657
-0.76766396,0.54550254,-0.06957691,0.0572893,2.1013184,35.7725,-0.7161272,0.5312462,-0.0151953865,-0.15172815,1.541521,35.273476
-0.71289647,0.6909997,-0.07841038,-2.2746167,5.759822,47.517765,-0.7966427,0.7400872,-0.06760051,-2.8446498,5.6993117,46.868298
-0.81441367,0.6940531,-0.06970335,-4.8341002,2.2515192,15.535538,-0.8419842,0.8436795,-0.07515861,-4.6772146,1.7885956,16.543098
-0.8178052,0.8054975,-0.079446495,-1.8685211,1.4930315,11.588098,-0.89093953,0.9460521,-0.07609578,-2.0506353,1.272801,12.528161
-0.94210804,0.97685385,-0.110736124,0.18623906,0.7397399,9.560495,-0.9440568,1.0407033,-0.098351926,0.21588536,0.48128736,9.614585
-0.99342155,1.1368837,-0.13214879,-0.6628218,-0.09608081,7.1244836,-0.99305636,1.1275389,-0.12380973,-0.70932525,-0.19155064,7.594206
-1.044302,1.2133796,-0.14548515,-0.9111518,-0.5896281,4.482558,-1.039354,1.2158964,-0.13117391,-0.9489646,-0.627139,4.866891
-1.0347036,1.3746452,-0.09911405,9.612763,-5.7255487,-12.079213,-1.0702873,1.4560217,-0.15463233,9.861833,-5.815706,-11.916278
-0.9717314,1.7034374,-0.2075601,16.838871,-11.198131,15.128522,-0.99686813,1.7328444,-0.17150363,17.044353,-11.663068,15.151191
-0.9171324,1.9675473,-0.22032435,15.361949,-16.95123,23.616272,-0.9184859,2.045097,-0.20170507,15.203787,-17.132576,23.208088
-0.8123363,2.1883273,-0.2576091,5.94869,-12.84397,4.62377,-0.9622788,2.2488635,-0.2172324,5.6605854,-12.843137,4.589222
-0.9106463,2.36155,-0.3274635,-1.4253193,-6.512491,2.1459908,-0.99163425,2.3919127,-0.2117367,-1.5659454,-6.5792937,1.649926
-0.7926153,2.6311765,-0.3653514,-6.6609826,-0.16412237,1.1603767,-0.8767945,2.6006765,-0.22463413,-6.772441,-0.17604485,1.1906315
-0.51713955,2.8675313,-0.4501366,-12.442055,3.5259788,-10.256611,-0.5666115,3.0123518,-0.32378682,-12.885877,3.4749482,-11.108967
-0.36281148,3.12857,-0.4968637,-6.513662,3.1187513,-2.2951405,-0.41620833,3.2009702,-0.37310582,-6.62439,3.0312052,-2.6964455
-0.21648964,3.2814236,-0.5683354,-5.4400363,3.2048724,0.38954288,-0.24378553,3.3873785,-0.44086182,-5.5694823,3.3428793,0.3516642
-0.10411373,3.442961,-0.6313451,-7.44288,2.0312185,2.3675172,-0.10920437,3.5359929,-0.5130271,-7.5296574,1.9601552,2.3995876
-0.010126919,3.5775936,-0.6920906,-9.8622465,2.1810973,3.2048316,-0.0017380571,3.6474173,-0.579434,-9.968009,2.196667,3.2428174
0.070192546,3.6265216,-0.7307188,-13.588268,3.3530524,2.696576,0.08215793,3.6856925,-0.624852,-13.770831,3.3249304,2.7350307
0.24107179,3.61058,-0.7894849,-27.631115,17.354794,-3.2677615,0.105791666,3.4879234,-0.7226405,-27.593903,17.11411,-3.5888789
0.2313644,3.6269667,-0.73204386,-9.096433,8.975609,0.009362293,0.15592611,3.5248578,-0.7351762,-9.206642,8.88306,0.10562176
0.2077814,3.5710583,-0.7916522,0.25613505,0.4716229,3.3616154,0.27468082,3.623761,-0.73022354,0.06719694,0.76223105,3.5245812
0.29730907,3.542121,-0.7787882,5.211151,-8.667103,12.554198,0.5476333,3.6663496,-0.70900524,4.661559,-8.622074,12.848635
0.45695034,3.4345644,-0.66662425,10.137778,-3.7180543,9.375234,0.61519116,3.7159097,-0.6822373,9.987254,-3.2934206,9.081196
0.4441369,3.48318,-0.63851655,-8.128424,8.463327,-2.3455262,0.37471572,3.5810447,-0.64961666,-7.8847604,8.556425,-2.5004094
0.3979822,3.1383743,-0.6053621,-23.265886,24.159029,-4.335667,0.20521115,3.0983787,-0.6086233,-23.488132,24.293753,-4.2124677
0.45328578,3.0562341,-0.60213387,-8.997106,9.747376,0.3628736,0.26699114,3.0008864,-0.5751492,-8.943065,9.833226,0.41804677
0.36045495,2.9512925,-0.59656453,-5.221518,7.237963,0.86959726,0.26905042,2.894262,-0.5315967,-5.5484605,7.3896375,1.0370845
0.115755826,2.6432762,-0.5112163,-2.1174917,6.117669,1.8181413,0.2086386,2.7315924,-0.47532776,-2.157395,5.9668264,1.9440544
-0.06938204,2.331914,-0.41231343,-0.095044315,4.90553,1.513347,0.12270549,2.5524347,-0.42182794,-0.2507995,4.9992304,1.7659943
-0.16816029,2.1603203,-0.34036314,1.1025704,3.426209,-0.3913707,0.007687037,2.347916,-0.36403352,0.9537093,3.548957,-0.21929593
-0.3268256,1.9547564,-0.30963185,6.109566,3.7178693,2.3068554,-0.2944569,1.9146109,-0.25622612,6.111619,3.7310534,2.3984704
-0.49942794,1.7530712,-0.20831951,4.152378,0.66814566,0.83797604,-0.4770995,1.6873661,-0.21188863,4.369838,0.60258543,1.0411696
-0.7019199,1.5237037,-0.18256754,4.391655,-0.32783005,0.5216766,-0.64077866,1.5019578,-0.18407282,4.4328265,-0.31887108,0.49330208
-0.9014733,1.2985861,-0.17452456,4.965888,-1.4030912,1.2503844,-0.8084263,1.3398274,-0.16969372,4.996542,-1.3962295,1.1325161
-1.1058215,1.1053381,-0.17634316,5.65,-2.2962706,0.9221013,-0.99959683,1.1723602,-0.16116984,5.6924086,-2.278182,0.8038954
-1.2673645,0.97179073,-0.17943968,6.0803704,-3.002238,0.46714693,-1.1897504,1.0205164,-0.15662055,6.160615,-3.0005708,0.35707548
-1.3829273,0.893655,-0.17464755,11.574128,-7.4588847,2.7145708,-1.4962611,0.8140754,-0.17392008,11.534004,-7.545503,2.6039321
-1.5927088,0.7839211,-0.20198901,5.9619794,-4.847312,0.46812636,-1.635473,0.7399531,-0.18482618,6.0604563,-4.874028,0.6370883
-1.7343796,0.6990762,-0.19918956,5.6040144,-5.135136,0.7160509,-1.7795262,0.68442017,-0.19927435,5.6906543,-5.2413554,0.7767991
-1.8570691,0.66122323,-0.20649828,4.7157927,-5.130649,1.3375732,-1.8974776,0.6563142,-0.21659689,4.853432,-5.243205,1.3086286
-1.9631413,0.65382826,-0.21290025,4.238271,-5.2621856,0.408943,-1.9920166,0.65239817,-0.22933994,4.3189025,-5.340496,0.3889272
-2.0232828,0.67664474,-0.21981655,4.323857,-5.8037696,0.8616231,-2.0768337,0.66865647,-0.24391729,4.3880324,-5.886357,0.8227143
-2.0577645,0.734731,-0.22506432,5.906827,-8.700592,2.027792,-2.158647,0.745899,-0.26372698,5.950925,-8.83808,1.9776299
-2.132182,0.7884438,-0.25088832,2.3575177,-3.88437,1.3030969,-2.180608,0.80934393,-0.27215028,2.3798847,-3.8496916,1.3246185
-2.14936,0.8624091,-0.25081807,1.8346794,-3.5762043,0.74122316,-2.1805155,0.8879846,-0.28056547,1.8559389,-3.630852,0.7308051
-2.1374168,0.95204246,-0.25405735,1.3161138,-3.07113,0.11290629,-2.1644974,0.980213,-0.28499582,1.3312211,-3.0941525,0.10413412
-2.1080575,1.060298,-0.26445588,0.7213847,-2.4638536,0.7462576,-2.1354272,1.073526,-0.28871915,0.71788967,-2.4974902,0.7684589
-2.0697048,1.1558242,-0.26725563,0.08883995,-2.0676222,0.056572508,-2.0907142,1.1727276,-0.29410952,0.08823059,-2.1106753,0.062299833
-2.017597,1.2712194,-0.27051163,-0.99812084,-2.3819153,0.18805726,-1.9856068,1.3637373,-0.29511774,-1.0514019,-2.4297504,0.25465378
-1.9401003,1.3814547,-0.27920607,-1.263006,-0.54173976,-0.41036195,-1.9171911,1.4688061,-0.30144516,-1.2794641,-0.5445088,-0.37798166
-1.8633968,1.4869019,-0.2863585,-1.608895,0.083625406,0.1504906,-1.8498157,1.5684394,-0.30447054,-1.5974017,0.06845108,0.24446477
-1.7767586,1.5961921,-0.28462914,-2.1921067,0.71576726,-1.1689101,-1.7740618,1.6650534,-0.3038816,-2.1974766,0.6954086,-1.1484994
-1.6834645,1.6958673,-0.28415734,-2.6226487,1.2083316,-1.8985764,-1.7043515,1.7377473,-0.30404496,-2.636755,1.1684511,-1.9552587
-1.6124973,1.7635444,-0.29255295,-3.2031267,1.7716572,-0.6108393,-1.622581,1.8194954,-0.30714688,-3.2101943,1.7531627,-0.5870871
-1.5294055,1.8380594,-0.28543618,-5.033423,3.2158797,-2.0582538,-1.497759,1.9267831,-0.31402987,-5.109231,3.2512312,-2.0819144
-1.4613861,1.8725792,-0.2878696,-2.6911345,2.0916476,-1.3601071,-1.4329853,1.9711343,-0.31356898,-2.6923435,2.0543437,-1.4101602
-1.4077618,1.9095618,-0.2983937,-2.7309237,2.0608547,0.97402364,-1.3854667,2.0034847,-0.31435663,-2.7642148,2.088723,1.1231989
-1.3467721,1.9444646,-0.2863793,-2.472593,2.1484492,-1.2995864,-1.349977,2.0159976,-0.30909765,-2.50583,2.1364255,-1.3082942
-1.3002546,1.9558574,-0.28056005,-2.0148427,1.9656875,-1.5195128,-1.3097076,2.0204537,-0.30371377,-2.0653467,1.9600132,-1.553606
-1.2733301,1.9514318,-0.2846834,-2.1917048,1.9181175,0.025780035,-1.2776616,2.0175076,-0.30127603,-2.2442296,1.9417936,0.09169045
-1.2399396,1.933499,-0.27300352,-2.6816492,3.140414,-1.7456766,-1.249651,1.9808427,-0.28451046,-2.7489822,3.1921546,-1.7861304
-1.2368981,1.8966897,-0.27078444,-0.91064805,1.1723144,-0.4683959,-1.2464335,1.9614141,-0.27743015,-0.9251858,1.1599734,-0.47522417
-1.2332238,1.8679557,-0.26980487,-0.7968046,1.1475194,-0.26982754,-1.2511948,1.928978,-0.27481362,-0.8684995,1.1804254,-0.21708646
-1.2410159,1.8295114,-0.26926026,-0.4872417,0.9832133,0.36298925,-1.2598034,1.8876958,-0.26994315,-0.5211104,1.0143477,0.41729057
-1.2526989,1.7838706,-0.2615706,-0.25762552,0.70385367,-0.16495936,-1.2732947,1.8429216,-0.2600579,-0.30312255,0.7354665,-0.12332547
-1.2684814,1.7428544,-0.25907722,0.14141244,0.5429837,-0.091202185,-1.2915332,1.7968521,-0.25508592,0.1115351,0.57690436,-0.04769829
-1.289652,1.6923603,-0.25664246,0.8420735,0.19920537,-0.04390161,-1.3312311,1.7203377,-0.24667348,0.83708185,0.2206404,-0.0043606404
-1.3178083,1.6466264,-0.25189272,0.6404678,-0.22283128,-0.029228615,-1.3557388,1.6794735,-0.24484065,0.627172,-0.20572096,0.0312131
-1.3449998,1.6000646,-0.25000045,0.7561032,-0.28875577,0.06794818,-1.381254,1.637107,-0.23917058,0.73619366,-0.26692557,0.11772204
-1.3706015,1.5572424,-0.24422099,0.7735719,-0.40550658,-0.54251736,-1.401643,1.5990993,-0.23545195,0.75671786,-0.385174,-0.52116513
-1.4000852,1.5158942,-0.24627317,0.8112709,-0.4976931,0.2636984,-1.4224735,1.5675849,-0.235732,0.7974736,-0.46922478,0.32438174
-1.4187802,1.4850818,-0.24237211,0.9165072,-0.54561174,-0.26345223,-1.4462484,1.5310906,-0.23209102,0.9030436,-0.5250462,-0.23413344
-1.4379818,1.4521878,-0.24006237,1.6093063,-0.8484119,-0.5819022,-1.4790574,1.4752265,-0.22564724,1.6345333,-0.8455095,-0.5897414
-1.4610087,1.4261439,-0.24173473,0.78641325,-0.59008265,0.2569688,-1.4973277,1.4544414,-0.22471134,0.78162205,-0.5643515,0.3213831
-1.4772798,1.4017391,-0.23813666,0.6574426,-0.5325155,-0.054609466,-1.5127012,1.4390596,-0.21942152,0.6503811,-0.52339333,-0.032900248
-1.4936126,1.3812834,-0.23559873,0.6940902,-0.49944016,-0.37732476,-1.5280551,1.4280832,-0.21569876,0.68562114,-0.48693603,-0.37134498
-1.5094074,1.3657801,-0.23477094,0.56431085,-0.44542924,-0.394592,-1.5412481,1.4161333,-0.21572766,0.5463657,-0.4280804,-0.37874505
-1.5194767,1.3557668,-0.23357834,0.4385112,-0.48866814,-0.4817688,-1.5519955,1.4008092,-0.2157518,0.4227194,-0.47766083,-0.48155928
-1.5296896,1.3467975,-0.2316561,0.5770897,-0.8440263,-0.79157084,-1.5687914,1.3846416,-0.21574876,0.5658168,-0.8524423,-0.8211687
-1.5390462,1.3398441,-0.233819,0.22859353,-0.49947932,-0.45185727,-1.5767846,1.3820109,-0.21574467,0.2048137,-0.48670053,-0.45591214
-1.5470732,1.3323004,-0.23448844,0.11511904,-0.4995467,-0.32796496,-1.5837417,1.3781742,-0.21574791,0.08747108,-0.4968369,-0.3431521
-1.5530859,1.3261245,-0.23162052,0.024655517,-0.58990353,-0.6441049,-1.5885534,1.3728532,-0.21574268,-0.0065141288,-0.59364194,-0.6782485
-1.5571419,1.3213097,-0.23077646,0.028612074,-0.5919109,-0.67322034,-1.5886647,1.3696494,-0.21575987,-0.0025361252,-0.59235984,-0.7032835
-1.5578562,1.3164841,-0.23061614,0.045733508,-0.6408906,-0.5748169,-1.5887908,1.3603739,-0.2156843,0.01627234,-0.6436878,-0.60316914
-1.5567954,1.3088274,-0.23301287,0.14323288,-0.68352115,0.06661637,-1.5796779,1.3520882,-0.21470512,0.12614232,-0.6838944,0.06991464
-1.540716,1.2992698,-0.23655905,2.2540164,-0.10657886,-0.7487344,-1.5715086,1.3470906,-0.20941445,2.315869,-0.08555267,-0.80313396
-1.5317987,1.304557,-0.23951675,3.52445,0.1407449,-0.55283517,-1.5628123,1.3428193,-0.20554988,3.571836,0.15210359,-0.59627366
-1.5327603,1.3137562,-0.23470975,0.1727696,0.012877317,0.13719924,-1.5551763,1.3397753,-0.2060632,0.14813115,0.035649084,0.16470401
-1.5234255,1.312686,-0.23007517,-0.14095598,-0.008158116,-0.06067388,-1.5462205,1.3303807,-0.20589927,-0.10137861,-0.016253922,-0.09044099
-1.516792,1.3156433,-0.2296618,0.01816314,0.001820656,0.021955801,-1.5374689,1.3217151,-0.20597738,0.041747227,0.0055650873,-0.000662247
-1.5060672,1.318295,-0.22617616,-0.03032929,-0.005970863,-0.36269397,-1.51431,1.3058745,-0.19860205,-0.008632718,-0.0011129658,-0.39738092
-1.4926406,1.3104255,-0.22053245,-0.022441689,-0.003683058,-1.029832,-1.5024273,1.2968792,-0.1953698,-0.0028257815,-0.00017783872,-1.1068445
-1.4859153,1.2965593,-0.22678013,-0.03078479,-0.006308881,0.72794133,-1.4940269,1.2877879,-0.1903397,0.00091829017,-6.301829e-05,0.74620676
-1.472569,1.2864527,-0.21998592,-0.024540368,0.0006248676,-0.19346444,-1.4856385,1.2751001,-0.18555938,0.00013084002,0.0005020006,-0.23309888
-1.462541,1.2762457,-0.21638022,-0.022610847,0.006038817,-0.2816736,-1.4788411,1.2625388,-0.18663034,-0.0025589112,-0.00034127082,-0.32440925
-1.453816,1.266127,-0.21461557,-0.011943165,0.00024250383,-0.19784443,-1.469443,1.25384,-0.18444692,0.006740951,-0.00086827984,-0.21897398
-1.4408783,1.2550523,-0.2077534,0.2926317,-0.20398441,-1.2637631,-1.4521986,1.2365344,-0.17643765,0.32271105,-0.215006,-1.3602159
-1.4309236,1.242399,-0.2093246,0.56738895,-0.052170422,-0.87283796,-1.4441177,1.2280997,-0.17642157,0.6052236,-0.046158414,-0.9495758
-1.4271132,1.2323517,-0.21417971,0.29287976,-0.1394876,0.53846437,-1.4345503,1.2196746,-0.17710201,0.32553044,-0.13712902,0.5362483
-1.4179642,1.2250676,-0.20719278,0.18053299,-0.2522607,-0.16003864,-1.4317341,1.211642,-0.17292319,0.21041298,-0.26434708,-0.21264881
-1.4048148,1.2216653,-0.19854821,0.77711517,-0.305061,-1.7426096,-1.4301785,1.2095112,-0.16673346,0.8207778,-0.32759053,-1.8677909
-1.3912252,1.2231307,-0.19648258,1.8794452,-0.6569462,-2.5208728,-1.4151217,1.218199,-0.1668692,1.9494913,-0.68101305,-2.6790786
-1.3484077,1.3008661,-0.19404323,11.28505,-4.8084283,-0.22741906,-1.3492898,1.3617389,-0.16649188,11.34816,-4.822132,-0.34568852
-1.3521484,1.3535202,-0.21114841,-1.4929338,-2.1986268,3.5396748,-1.3486629,1.3898908,-0.17377311,-1.5775282,-2.0900178,3.6197512
-1.3490973,1.3642063,-0.21042907,-3.567314,0.07069275,2.2555492,-1.3730611,1.27028,-0.17092034,-3.4737535,0.012676593,2.2929146
-1.3195603,1.372097,-0.21049328,-3.978411,0.909378,4.8063674,-1.3589822,1.2267681,-0.1667521,-3.8506382,0.8746247,5.032859
-1.288032,1.3742068,-0.18165095,-9.12036,1.3681934,18.365276,-1.3384029,1.1999251,-0.16642374,-9.186492,1.114886,18.058764
-1.2042757,1.1765274,-0.33649123,-12.541313,5.4531856,96.271866,-1.316401,1.150415,-0.16941948,-13.719974,6.559188,90.94522
-1.167512,1.3078344,-0.23584802,-18.771957,16.14428,167.11478,-1.1253791,1.3618823,-0.17387876,-18.618647,16.203007,166.49672
-1.0542195,1.2882957,-0.20541622,0.6779297,0.74927807,40.608482,-1.0332075,1.348705,-0.12424044,1.0555079,0.6648339,40.830795
-1.0335546,1.016553,-0.096094616,-2.432239,0.8803159,24.953781,-0.9586909,1.2924349,-0.06956089,-0.87319994,-1.1880088,25.254946
-0.96889555,1.306514,-0.16076256,-3.1639056,4.0032725,9.068825,-0.851496,1.2187079,-0.055255488,-3.2889023,3.6717353,8.879056
-0.71417654,1.1860543,-0.1155177,-0.36114293,4.581007,-0.50160474,-0.75243723,1.14292,-0.0615658,-0.6679414,4.7318397,-0.5498234
-0.58372104,1.0971813,-0.09241199,3.4125185,1.8516285,-3.0623589,-0.65470165,1.066142,-0.068579406,3.1148236,2.0730183,-3.0184064
-0.44927272,1.0630109,0.001420984,13.190621,1.4035345,-10.761306,-0.5222601,0.9248967,-0.05384413,13.230634,1.6280203,-10.488653
-0.4673924,0.9876861,-0.098172046,5.641268,2.5934212,0.13782485,-0.4889149,0.8575148,-0.04103607,5.93136,3.337311,0.27279213
-0.491577,0.9092877,-0.099909194,2.6572576,3.635143,6.0190735,-0.46422976,0.80063725,-0.022902878,2.9496996,3.9136286,6.6363206
-0.53218174,0.80671906,-0.09306256,1.1924638,1.2043607,8.574749,-0.45493189,0.77942336,-0.009991131,1.2062433,1.0827847,8.889016
-0.538044,0.7346502,-0.06505568,2.997942,-1.7997966,3.4669845,-0.46985447,0.7806789,-0.012056419,2.8928995,-2.0578516,3.5493412
-0.5612507,0.7587053,-0.05138041,0.8435424,-3.2098858,1.3595284,-0.48977354,0.77301055,-0.010292583,0.45320883,-3.393752,1.1859766
-0.5707042,0.82304794,-0.06476578,-2.2752523,-4.70726,2.3007474,-0.49129352,0.7877714,-0.006424639,-3.2020617,-5.31084,2.6539376
-0.48613784,0.8439913,-0.06294414,4.0234113,-0.7591338,0.6061962,-0.47587663,0.8072916,-0.010275166,4.2491293,-0.66604024,0.82181877
-0.45655635,0.86268556,-0.0735095,3.878367,-2.5194066,1.617963,-0.45216388,0.8055232,-0.009699226,4.09171,-2.711047,2.3749938
-0.4257417,0.86064893,-0.06561736,2.169134,-3.2935214,1.9711491,-0.41494262,0.8017244,-0.016825067,1.9893665,-3.4649127,2.3965156
-0.39013395,0.90500027,-0.06578821,0.93653005,-0.49546722,2.748432,-0.36734107,0.81576544,-0.028394993,0.7362265,-0.33241543,2.8423347
-0.29677132,0.92519003,-0.054233298,1.8220481,2.0802379,0.05948193,-0.30885243,0.82575256,-0.032126293,1.9378422,2.4060972,0.060100447
-0.18397495,0.8994529,-0.013891911,-0.49992722,2.025383,-9.320675,-0.21184936,0.8277424,-0.03246872,-0.7278709,2.334176,-9.568399
-0.1985124,0.90761244,-0.02367021,-2.910067,-2.5650978,-4.6016874,-0.17256853,0.83830917,-0.028857203,-3.36839,-2.7369993,-4.456479
-0.074572355,0.90501165,0.013500551,4.64496,-3.001187,-4.2651005,-0.10838475,0.84999156,-0.029543882,5.1717567,-3.1125236,-4.0181956
-0.003609687,0.9394896,0.0050494466,3.4860668,-1.6420084,-6.672209,-0.04016173,0.8313292,-0.029399106,3.5293057,-1.389732,-6.9145246
0.124682695,0.98748887,0.02475346,2.976438,0.8293153,-10.070699,0.017394105,0.8136894,-0.02373791,3.2800343,1.0293821,-10.163142
0.2890128,1.1125805,0.011836985,4.3395686,1.4528384,-34.05357,0.06347253,0.8128609,-0.011512735,5.1048474,1.2520025,-32.274677
0.13538095,1.0186609,0.240032,7.5097256,2.8033688,-123.45068,0.12649405,0.80422145,-0.020120593,6.8614054,3.6672678,-124.1975
-0.02659452,0.98665625,-0.04267492,3.7466967,2.9013226,-39.40513,0.14022453,0.820703,-0.025272042,3.7192838,2.9665434,-39.865116
0.25569972,0.85508394,-0.0072357263,3.0940917,2.4243402,-28.39872,0.14077108,0.8752461,-0.038882844,2.778089,2.1629543,-28.452375
0.15208802,1.0870107,-0.026396235,2.3506265,2.1626048,-30.679169,0.10733425,0.9646263,-0.057516858,2.3492587,2.0489218,-30.34075
0.008881837,1.2667027,-0.104081474,10.1859455,-0.4714562,-48.921688,0.06618703,1.0813402,-0.07357485,10.701644,-0.2432314,-48.097347
0.018779427,1.5391773,-0.24085446,17.580944,-5.027789,-76.70716,-0.00017907177,1.385159,-0.101779595,18.587212,-4.973174,-74.25063
-0.17286357,1.8256111,-0.2513158,-0.5184236,-3.334978,-196.58539,-0.24332455,1.4984027,-0.12234252,-1.236743,-2.9180806,-194.91225
-0.3645761,1.5120486,-0.36641768,-1.2316056,0.42855796,-55.679943,-0.36916152,1.558789,-0.13649,-1.6957394,0.3844935,-55.26047
-0.69686365,1.6956134,-0.33663407,-4.2825522,-7.330312,-34.638847,-0.5406057,1.7689198,-0.17002481,-4.3254533,-7.2719955,-34.59105
-1.0082511,1.7471939,-0.29495123,-4.375169,-12.417129,-21.400667,-0.754134,1.9103394,-0.19734398,-4.4394317,-12.602854,-21.576017
-1.1114467,2.0013096,-0.33560577,-1.7980609,-8.694689,-21.428493,-1.0894008,2.0227988,-0.23168232,-1.734893,-9.166093,-21.692322
-1.4087299,2.0071757,-0.39007553,-1.100184,-3.786382,-14.025895,-1.4003967,2.049964,-0.26978624,-0.8269077,-3.5661576,-14.1893635
-1.7439432,1.9612408,-0.3456434,-6.6458936,-8.369198,26.033,-1.8536432,1.8793683,-0.33541432,-6.6767983,-8.679701,25.826635
-1.9098669,1.71345,-0.45360425,-6.768554,2.2878706,67.96838,-2.0295763,1.7335556,-0.34922087,-6.694586,2.5884097,67.61052
-2.075275,1.6811622,-0.4708248,-6.5454926,1.564626,73.22617,-2.1843195,1.5422738,-0.34296444,-6.439302,1.1644144,71.71953
-2.1998765,1.558119,-0.43248916,-4.7950244,-0.48656332,54.896053,-2.3114214,1.3635592,-0.33834887,-4.791979,-1.3940448,50.789463
-2.3632808,1.3847859,-0.38652322,5.6,-1.2233294,35.351578,-2.3942256,1.3168446,-0.34468985,6.1528544,-1.8977419,34.256847
-2.3100758,1.5162302,-0.35988352,20.27193,-3.2516096,30.611551,-2.38432,1.4828846,-0.3548684,20.438793,-3.2203205,30.127329
-2.1164033,1.7092347,-0.30388263,22.220537,-10.90575,36.354786,-2.2609434,1.674579,-0.33135927,21.867567,-11.268936,35.83278
-2.1252449,1.6379406,-0.27611944,-2.4004865,-4.416237,4.4041514,-2.225325,1.6731256,-0.30290437,-2.1251786,-3.57237,5.502736
-2.0271516,1.6759827,-0.3182272,-2.7943187,-1.7408957,2.0136445,-2.1594167,1.8101763,-0.30373815,-2.9610121,-1.7544987,1.5814321
-1.951994,2.036437,-0.3592098,-1.9541906,-0.26389277,1.4301838,-2.054815,2.0001397,-0.3126761,-1.8756539,-0.14700739,1.2648634
-1.7805035,2.2684836,-0.39435238,-3.231328,1.5413504,-0.85271376,-1.9591643,2.1862292,-0.31656897,-3.3625646,1.7421887,-1.018571
-1.6955112,2.3735528,-0.39745423,-4.1364093,4.6604905,0.0212744,-1.9008598,2.3397121,-0.32789806,-4.1633654,4.882525,-0.03650267
-1.633431,2.4813755,-0.44682947,-6.030433,9.524694,10.289598,-1.7606658,2.6190383,-0.38271526,-5.9418144,9.848291,10.685064
-1.5729119,2.6960936,-0.42289335,-3.5942194,2.5460098,5.651318,-1.6820081,2.752115,-0.40994146,-3.4621394,2.7219687,6.0580864
-1.5740616,2.8691187,-0.43277436,-3.9025187,0.64604104,3.3656275,-1.6439795,2.8759468,-0.44526982,-4.118698,0.8071151,3.6546078
-1.565149,3.010993,-0.45606846,-5.137646,1.2981327,-1.5326108,-1.6314348,2.9830241,-0.48773497,-5.461758,1.4655579,-1.4748375
-1.551483,3.1424856,-0.47737378,-5.381472,5.9395437,-4.5166335,-1.6460242,3.071565,-0.527385,-5.5177126,6.04726,-4.472212
-1.5650462,3.2118754,-0.50054485,-6.7906265,6.724791,-3.3089206,-1.6627113,3.1495218,-0.5669012,-6.919596,6.7620425,-3.1735523
-1.5270172,3.243957,-0.59265846,-16.726803,4.1526747,-6.839384,-1.6495881,3.2745278,-0.6227942,-17.294754,4.0116096,-7.440054
-1.6540133,3.2494192,-0.59396476,-7.328832,1.8755424,-3.0167456,-1.6742014,3.280126,-0.6383313,-7.32682,1.768355,-3.1814055
-1.6996826,3.245328,-0.6070685,-7.942651,-0.18929893,-4.152137,-1.6875776,3.2551618,-0.6478079,-8.137987,-0.16851772,-4.2190967
-1.7476405,3.1640306,-0.61121863,-7.6808705,-1.8942891,-4.8397145,-1.68918,3.1917677,-0.64447325,-7.762233,-1.8901988,-4.9769235
-1.7820004,3.0232954,-0.59984237,-7.2668996,-4.708807,-2.7121341,-1.7087369,3.0960689,-0.63244915,-7.3386793,-4.8807917,-2.945248
-1.8125889,2.9360118,-0.5719668,-6.074838,-4.9860263,1.04009,-1.7644202,2.9683106,-0.60948116,-6.127652,-5.0905704,0.967737
-1.8224036,2.7908204,-0.5325518,-7.9933376,-8.87433,3.9326313,-1.8245733,2.6377645,-0.55370283,-7.9461503,-9.066234,3.8373327
-1.7580582,2.5478454,-0.5072576,0.7792122,-8.8376465,4.4095507,-1.7569445,2.4754784,-0.51103246,0.8406307,-8.956228,4.343197
-1.7115092,2.301625,-0.47501525,0.03606611,-6.6360826,2.3296216,-1.6921442,2.2829733,-0.46089476,0.064666845,-6.7854633,1.8427129
-1.7120486,2.067657,-0.44608432,-6.337137,-6.301157,2.2556913,-1.6825349,2.06149,-0.40890706,-6.2784896,-6.3212,1.98113
-1.5690408,1.75401,-0.33432567,-7.91281,1.032875,5.582431,-1.6145461,1.8485436,-0.36149442,-8.132223,1.0528625,5.6278896
-1.431975,1.5775007,-0.31411994,-4.538826,5.282345,3.7930799,-1.5408186,1.5941787,-0.31078976,-4.726292,5.336285,3.9004993
-1.3199068,1.3208083,-0.29421744,-2.8597026,8.294033,9.423186,-1.3650904,1.1952307,-0.24680361,-2.8011668,8.509519,9.34919
-1.2337956,1.0446621,-0.24756362,-0.56345516,3.2309258,7.389835,-1.2235324,0.918634,-0.20008552,-0.30713585,3.5328007,7.6579876
-1.1633253,0.784992,-0.21791376,-1.9977957,4.408515,6.2596846,-1.1073437,0.646998,-0.16312164,-1.8273427,4.5371604,6.363719
-1.1029832,0.45542645,-0.18172003,3.1359007,3.514887,4.0367785,-1.0155464,0.40318388,-0.14470533,3.1561623,3.6189175,4.0886397
-1.0282128,0.18976402,-0.16054021,4.9979835,3.0774648,6.1067333,-0.9460899,0.17952572,-0.13659173,4.873138,3.134245,6.1586576
-0.935498,-0.06361747,-0.14621143,12.312469,2.6502717,3.65473,-0.8727278,-0.060719837,-0.12939832,12.052651,2.6841478,3.6320376
-0.81896126,-0.30612218,-0.08949699,9.646912,-1.5427247,8.323303,-0.7725927,-0.46130738,-0.119047195,9.430401,-1.4475213,8.640415
-0.81401336,-0.5362656,-0.060763918,3.3224893,-0.31903335,2.9116883,-0.72020686,-0.62103903,-0.10837267,3.387429,-0.08395027,2.8305233
-0.77379704,-0.71939063,-0.015398135,0.13565618,-1.7804533,2.6745365,-0.6817245,-0.76294327,-0.10776755,0.11705946,-1.724074,2.5393808
-0.66697776,-0.9019412,-0.0015876498,6.3871427,-1.4745061,6.030928,-0.6390137,-0.8798047,-0.109686755,6.469642,-1.380079,5.978964
-0.5998602,-1.043699,0.0008299146,8.162614,-1.1574746,3.739661,-0.583835,-0.9942521,-0.11986291,8.071715,-1.1475321,3.7413266
-0.5425339,-1.1261442,0.013076106,6.2021613,-2.098921,1.9513733,-0.5416613,-1.1084502,-0.1316959,6.2104445,-2.1117349,1.8937306
-0.4954768,-1.2079226,-0.00021876954,6.702268,1.147216,6.4921937,-0.450811,-1.2123213,-0.105117686,6.810051,1.2463124,6.6023345
-0.41358194,-1.240316,0.022334317,6.612208,1.6649094,4.2602816,-0.40014517,-1.2417197,-0.09824942,6.6131024,1.7748497,4.234672
-0.35415038,-1.2469777,0.037951685,8.508835,-0.19381073,1.7602483,-0.36151934,-1.2550092,-0.09535324,8.621101,-0.18344904,1.5762465
-0.33138236,-1.213316,0.042210557,5.605839,-0.31569955,2.1465619,-0.3251288,-1.2456458,-0.08114389,5.590637,-0.30055964,2.0161037
-0.31566378,-1.1402214,0.030943314,3.7041123,0.5233069,5.8924274,-0.27491727,-1.2044305,-0.058735147,3.6579194,0.5441015,5.9760046
-0.2688996,-1.084828,0.047929116,4.448887,0.032465253,6.3079715,-0.2255064,-1.1396173,-0.039671093,4.441631,0.077826425,6.359961
-0.25057086,-0.9494519,0.04483757,1.4522526,2.9448073,7.349807,-0.17796464,-0.97576916,-0.0074145654,1.341122,3.1035712,7.5024405
-0.20458576,-0.83345675,0.055883832,0.5308235,4.175147,2.7823355,-0.14932866,-0.8790891,0.0044370927,0.48127848,4.2523947,2.640354
-0.16361961,-0.7293243,0.055720188,2.6938686,4.381818,0.61551934,-0.12558182,-0.7791194,0.009310417,2.7990732,4.463465,0.34888443
-0.14392284,-0.60701984,0.05308018,3.0028007,1.3027983,1.1972433,-0.11783063,-0.6747208,0.015218093,3.1002016,1.2874415,0.94735456
-0.17432925,-0.4651158,0.042817242,0.9160901,0.071250826,2.5533123,-0.11996996,-0.5552984,0.030922929,0.8794658,0.0015076452,2.5046825
-0.19070795,-0.34777826,0.03160546,-0.9714481,1.9511161,3.7600968,-0.12568574,-0.42438534,0.046617545,-1.0581244,1.9506825,3.8718185
-0.2015551,-0.22118446,0.0060420427,1.7805554,4.4015307,6.96291,-0.13767493,-0.21978167,0.044152305,1.9018816,4.4780235,7.217151
-0.20381019,-0.06921971,0.030907491,-0.6065226,2.1599426,0.54424125,-0.15984148,-0.091878496,0.04297708,-0.64856875,2.0963027,0.30569667
-0.23343632,0.09295118,0.027579138,-3.7423518,2.624667,0.47341472,-0.19934542,0.04558486,0.048962336,-3.7395809,2.6231413,0.5454659
-0.25506207,0.19509852,-0.00017054938,-2.5299215,4.566066,1.9692491,-0.25672096,0.16848387,0.043620575,-2.4501798,4.486228,1.9872904
-0.31958625,0.33265626,-0.015865123,-3.2257285,4.3841314,1.9275943,-0.296247,0.27060112,0.02936872,-3.2337484,4.3221617,1.9539042
-0.37270287,0.4410864,-0.021294063,-4.1389933,3.2566178,2.211201,-0.33100215,0.36295506,0.020362768,-4.129656,3.198571,2.261656
-0.43845072,0.5335665,-0.024556896,-4.713349,2.5924265,2.8365147,-0.41641694,0.5327012,0.004013987,-4.7256904,2.5218747,2.9367552
-0.52592003,0.6165625,-0.029836735,-4.209067,-1.3672197,1.7573962,-0.47888798,0.6073565,-0.00027902573,-4.2009077,-1.472377,1.8805535
-0.60413,0.68838984,-0.04577478,-5.6950455,-0.6794507,2.2634563,-0.5434824,0.6677445,-0.0028986116,-5.7186694,-0.7021223,2.449772
-0.6482127,0.7427783,-0.06027227,-6.69422,1.3672506,-1.5513355,-0.5991904,0.7104768,-0.012549866,-6.7839427,1.2951518,-1.5434633
-0.69406235,0.7419735,-0.05965317,-3.1866193,1.9359488,-1.3162528,-0.6666174,0.7334377,-0.029926613,-3.237431,1.8691531,-1.4723557
-0.7337071,0.74162376,-0.08734927,-0.63113886,3.387171,-0.23600046,-0.75212306,0.7446038,-0.056439586,-0.62404907,3.3425553,-0.42024362
-0.8300295,0.7618166,-0.08564513,-2.9119482,0.8767574,-1.9250301,-0.8814336,0.7390093,-0.061687242,-2.9702494,0.82356143,-2.0397923
-0.92638373,0.72440773,-0.10542024,-0.2168991,0.11125067,-0.42060536,-0.9388875,0.73270816,-0.06530407,-0.19830608,0.10075805,-0.44279674
-1.020754,0.73588955,-0.112073265,-3.7939699,0.397527,-4.0135746,-1.0116287,0.7203395,-0.07849182,-3.8973992,0.37628534,-4.050663
-1.1211472,0.7191919,-0.11642396,-1.2380143,-0.38018474,-1.8948542,-1.0880753,0.7059713,-0.08056015,-1.2419081,-0.40259558,-2.0147276
-1.2125465,0.6863556,-0.12280389,-1.1252929,-2.1658309,-0.7727973,-1.1760871,0.69358045,-0.098124065,-1.1618772,-2.2720053,-0.89890885
-1.2637281,0.6922136,-0.12752382,1.6065106,-0.580542,-3.2299912,-1.2776161,0.6476447,-0.11777855,1.6488912,-0.5866087,-3.3646054
-1.3518702,0.6409366,-0.1272778,-2.2528186,4.647935,-4.3439507,-1.4634104,0.5980616,-0.14277045,-2.2406316,4.7026086,-4.5456367
-1.4710991,0.58461344,-0.14581533,1.7026591,0.32375178,-1.242495,-1.539092,0.5741257,-0.1505667,1.8002071,0.26843736,-1.5024067
-1.5987303,0.5750877,-0.1406459,0.3287887,-1.7412096,-2.7845066,-1.6287915,0.5423622,-0.15894604,0.31445962,-1.8648057,-2.9256587
-1.7267119,0.56384987,-0.15165593,-0.3912267,-0.024971155,-2.4272952,-1.7373409,0.5144958,-0.17093782,-0.36544606,-0.030537281,-2.33595
-1.8649763,0.5123341,-0.1615295,-0.7698298,0.22365555,-1.4776846,-1.8320687,0.49072847,-0.18603021,-0.79499245,0.14571656,-1.3939896
-1.9633899,0.50990736,-0.15351684,-2.4556959,0.98568964,-3.7901473,-1.9332108,0.46564597,-0.20299397,-2.4996297,0.92285293,-3.7194636
-2.0727568,0.49608046,-0.18583734,-4.58382,3.1900764,-12.163699,-2.1749318,0.40899786,-0.2418787,-4.6681857,3.1192622,-11.8928995
-2.230362,0.42734343,-0.19810809,-2.7188208,4.8214474,-6.053162,-2.3010733,0.36223197,-0.2665087,-2.5909014,4.637148,-5.9265194
-2.4075596,0.31592673,-0.2718086,-2.1830392,7.0927415,-5.323358,-2.4481514,0.30469063,-0.29685792,-2.0411737,7.109255,-4.931167
-2.5830717,0.22344494,-0.30164877,-2.1704507,6.3639383,-7.0980916,-2.5876553,0.24549843,-0.32206884,-2.0838723,6.4714217,-6.864841
-2.7378407,0.14300245,-0.30707046,-2.9300349,3.6925967,-9.590982,-2.7333,0.16460703,-0.3465981,-2.8763194,3.6299589,-9.6684475
-2.8911998,0.069045246,-0.31058177,-0.80301785,-0.48498043,-9.336127,-2.907246,0.05587884,-0.39808908,-0.60598004,-0.53713036,-9.390298
-3.0604472,0.025107026,-0.33235207,0.5048892,-5.4416494,-14.614506,-3.2138617,-0.15956302,-0.5136094,0.67812544,-5.5183034,-14.369164
-3.2665577,-0.122826636,-0.36436668,2.9174473,-5.856271,-7.19505,-3.379746,-0.29198793,-0.5800586,3.2070484,-5.95154,-6.9814787
-3.4437106,-0.31891638,-0.47897613,4.6909575,-6.369525,-4.8675256,-3.5067515,-0.40276366,-0.63383365,4.928964,-6.375653,-4.4900417
-3.6079116,-0.47854912,-0.5916255,5.4381766,-7.136678,-4.7335396,-3.6246054,-0.51357156,-0.68379766,5.5975513,-7.0927052,-4.4902782
-3.7420087,-0.62531054,-0.66950226,3.0915813,-6.862731,-5.3406825,-3.7268367,-0.62591034,-0.72188085,3.0461957,-6.7796826,-5.179104
-3.7983952,-0.70923054,-0.70257676,2.8529544,-7.5371323,-6.433203,-3.819852,-0.74480045,-0.75233084,2.767179,-7.5429606,-6.437241
-3.7311363,-0.7003667,-0.7770124,12.678082,-11.229616,-9.227322,-3.889718,-0.94938916,-0.8078776,13.213455,-11.382002,-9.575109
-3.8416133,-0.9783683,-0.7877529,3.7647986,-4.499897,-3.7592866,-3.8895605,-1.0296155,-0.8239388,3.9042075,-4.4755816,-3.929727
-3.8242817,-1.1004106,-0.80306447,3.3756227,-2.8432903,-1.6760403,-3.8748744,-1.086252,-0.8212822,3.3322902,-2.7629783,-1.604747
-3.7972322,-1.1439998,-0.8093506,4.907809,-1.8559128,-2.1291416,-3.8393981,-1.1432414,-0.81335896,4.930721,-1.7496065,-2.1384184
-3.7169318,-1.1637721,-0.798504,3.4290829,-0.5418637,-3.141626,-3.7949672,-1.1901577,-0.8018136,3.479601,-0.4910521,-3.335352
-3.6401677,-1.1879559,-0.77021515,3.0997584,-1.9690347,-2.4141505,-3.7431736,-1.215966,-0.7800299,3.097864,-2.0353425,-2.637091
-3.602119,-1.1881106,-0.7638014,8.871325,-4.294443,1.2909838,-3.6140265,-1.2607126,-0.74070907,8.954284,-4.450227,1.2388328
-3.5172138,-1.2201114,-0.7692908,3.889943,-0.9792024,0.7668651,-3.5333097,-1.2568518,-0.7095003,4.0343323,-0.940515,0.908055
-3.4091425,-1.1899792,-0.70078367,5.25465,-2.3405526,-1.7964362,-3.4635324,-1.2305626,-0.67454153,5.2666073,-2.4071374,-1.9086742
-3.3104782,-1.0952932,-0.641936,5.2922606,-2.845054,-2.6759858,-3.411576,-1.189343,-0.6423646,5.432272,-2.974354,-2.9263704
-3.2324257,-1.0324109,-0.60472727,4.738707,-2.1090436,-1.8879162,-3.3297036,-1.1304755,-0.60067904,4.834384,-2.193835,-2.023631
-3.1440449,-0.95633066,-0.55688787,5.0346904,-1.4978704,-1.2259451,-3.228,-1.0457187,-0.55006284,5.103732,-1.4885849,-1.2950991
-3.0214417,-0.8094797,-0.4826292,4.807766,1.8888782,-4.3469787,-3.0226524,-0.8337246,-0.45568252,4.9414,2.1038876,-4.475336
-2.892589,-0.65457714,-0.3936706,-0.3877334,1.0283939,-1.4882373,-2.9200037,-0.7049991,-0.41124502,-0.4701183,1.3369915,-1.6410671
-2.771301,-0.48532104,-0.30080393,0.8024891,-0.72228706,-3.0312169,-2.8303325,-0.56148267,-0.36857498,0.8706968,-0.55216146,-3.053638
-2.6858532,-0.30879658,-0.2328298,2.0338452,0.93980014,-4.241677,-2.7535496,-0.42795968,-0.33925763,2.1636715,1.0685186,-4.31131
-2.623864,-0.15000558,-0.24350666,-0.06399357,-1.1576353,-2.7489772,-2.6926901,-0.3056209,-0.31899783,-0.011554839,-1.0622536,-2.7629466
-2.5296683,-0.02785492,-0.2426474,-1.369147,-1.5208397,-3.5493298,-2.6033452,-0.13464929,-0.2891907,-1.3507677,-1.4907328,-3.6016235
-2.4518213,0.120616436,-0.24001102,1.5486997,0.2291461,-3.9672086,-2.4444296,0.14977434,-0.2427983,1.6775768,0.38051704,-4.0770926
-2.3976536,0.27835923,-0.2550101,0.1791724,-0.82362664,-3.5508082,-2.3914735,0.26361743,-0.23264156,0.2749737,-0.6639285,-3.745173
-2.3227427,0.40992713,-0.2590109,-0.12418401,0.8938117,-0.26827317,-2.3206532,0.41926277,-0.22377215,0.045495678,1.1397129,-0.095592074
-2.2155254,0.5796084,-0.24817981,0.118902385,-0.24337211,-0.06233399,-2.2513611,0.5745101,-0.21621749,0.23893814,-0.045427844,0.16986306
-2.1680138,0.7530995,-0.2638123,-0.3149675,-2.2121131,-0.9018536,-2.2026339,0.7191848,-0.21576317,-0.2452198,-2.1123164,-0.69844687
-2.1186857,0.8954277,-0.2689751,-1.944512,0.46236154,-0.54213876,-2.1526396,0.8854157,-0.2157746,-1.933251,0.62789273,-0.31052965
-2.051982,1.0813708,-0.28750667,-3.2924962,1.4718726,-4.448996,-2.076027,1.1610774,-0.2192557,-3.3673584,1.600759,-4.552875
-2.0551758,1.237659,-0.31042892,-1.5757128,-0.81210107,-2.744171,-2.0531538,1.3040383,-0.23652314,-1.5124667,-0.7220319,-2.9867153
-2.0287642,1.3836367,-0.33662894,-2.5569124,-1.6927439,-2.8619683,-2.0352569,1.4355519,-0.25923118,-2.5578294,-1.6924726,-2.9339511
-2.0101073,1.5141728,-0.35682276,-4.262179,-1.8993824,-2.010553,-2.0159428,1.5559187,-0.27690443,-4.335266,-1.9562005,-2.0466425
-1.9932319,1.6336198,-0.36788905,-3.992006,-1.5678763,-0.89100665,-1.9931794,1.6637341,-0.29252443,-4.0225606,-1.5922054,-0.85024875
-1.9988261,1.7283281,-0.39346784,-3.2624087,-0.9951253,-1.1579211,-1.9688857,1.7577533,-0.30900267,-3.2946284,-0.98797524,-1.0244228
-1.9799494,1.8312262,-0.41719782,-7.2718034,-2.1110222,-3.006646,-1.92358,1.9037755,-0.3379563,-7.567945,-2.1552656,-3.03805
-1.9572431,1.8808466,-0.41636604,-4.6496634,-0.6833302,-2.3811445,-1.893324,1.9613316,-0.34256694,-4.6812906,-0.7181168,-2.5654018
-1.9253161,1.938919,-0.40626028,-3.6942372,-1.0991119,-0.14900129,-1.8654653,2.006397,-0.3461859,-3.8790822,-1.0834206,-0.16926506
-1.932758,1.976109,-0.42062858,-1.9578921,-2.3428676,1.7270321,-1.8419005,2.027193,-0.35090193,-1.9983023,-2.3468745,2.0032265
-1.907881,1.9718642,-0.4358245,-1.1974075,-1.1223713,0.36128443,-1.8158631,2.0300763,-0.35272396,-1.2285888,-1.1137794,0.7699352
-1.8422042,1.9676147,-0.4303486,0.087629914,0.4218166,-2.446547,-1.7839457,2.0305538,-0.35370117,0.19361441,0.47868785,-2.2558095
-1.8046886,1.9566402,-0.42253807,-0.015584473,1.6996881,-2.80376,-1.7112863,2.039656,-0.3625964,0.03302797,1.8604866,-2.7451897
-1.7820376,1.9405329,-0.41425312,-0.89089566,0.05410168,0.8212853,-1.6713396,2.0353913,-0.35893476,-0.9708811,0.1673181,0.8775416
-1.7428781,1.9296701,-0.40309596,-1.6353141,0.033045385,2.67816,-1.6397403,2.032673,-0.34867665,-1.746727,0.10631079,2.9912577
-1.6775521,1.936772,-0.40135112,-0.8306143,0.9167282,-1.086185,-1.6123482,2.037727,-0.33727777,-0.8499976,0.93368214,-0.8908415
-1.6610701,1.9537375,-0.40474877,0.28288877,-0.6697113,-2.540095,-1.5869951,2.0402114,-0.33142287,0.256707,-0.6766001,-2.506586
-1.6210788,1.9509385,-0.3927626,-0.9134846,-0.119062304,-1.4111154,-1.5575839,2.0386589,-0.32676846,-1.0308613,-0.041110143,-1.4296163
-1.6036599,1.9297062,-0.3977575,-0.80867475,-2.0904477,0.057382416,-1.5059273,2.0230055,-0.32042605,-0.8858266,-2.165615,0.06850035
-1.5638916,1.9175665,-0.39370736,-0.93729943,-2.0024168,-0.38878578,-1.4628444,2.008339,-0.3141763,-1.0399799,-2.0504408,-0.23999932
-1.5222384,1.9145968,-0.39345455,-0.34185356,-1.7601618,-2.3182085,-1.4029461,1.9966058,-0.3092654,-0.34495336,-1.8331175,-2.253686
-1.4481369,1.9058166,-0.37743732,0.77853805,0.16613668,-3.9385211,-1.3496574,1.9798307,-0.2981232,0.8624325,0.23919225,-4.012074
-1.3933694,1.8911467,-0.37080643,0.5575847,1.2791915,-2.417773,-1.297268,1.9639025,-0.29701555,0.6247362,1.3951455,-2.5270526
-1.3229043,1.864202,-0.35860166,-1.6356391,0.45807594,-1.7478343,-1.2313807,1.953254,-0.27532357,-1.7606792,0.47070014,-1.9625971
-1.2340047,1.8285687,-0.35215193,-4.446013,-6.3842816,0.054816794,-1.054313,1.9303784,-0.23755454,-4.736364,-6.678678,-0.11423794
-1.0402622,1.8475041,-0.32132998,-3.0144124,-12.504858,3.2287786,-0.9179313,1.9050074,-0.2206668,-3.304844,-12.749561,3.431729
-0.8410568,1.8896232,-0.32137933,-2.0714502,-16.283092,3.3398464,-0.72151315,1.8741993,-0.1990503,-2.1320894,-16.5171,3.817862
-0.596949,2.013616,-0.24999054,3.1480937,-11.484382,7.913751,-0.55903286,1.8336028,-0.1668745,3.3874867,-11.477326,7.4068
-0.3775483,2.0063806,-0.23733889,2.158786,-8.998981,2.4119499,-0.43076375,1.7951534,-0.14283608,2.4834356,-9.166617,2.3320858
-0.17149839,1.9591324,-0.23037727,-1.5504595,-2.980201,4.169331,-0.2726177,1.7815256,-0.11765796,-1.1943069,-3.347712,4.205543
0.10246268,1.8799245,-0.2611167,-11.229663,9.357081,16.337955,0.18103743,1.8034449,-0.089089416,-11.057278,9.250777,16.182722
0.44204137,1.8702271,-0.18754536,-3.6871815,8.891262,6.148085,0.44665846,1.7804968,-0.11489704,-3.9024475,9.102715,6.3959594
0.6232523,1.8780975,-0.2028475,-2.307075,9.026584,8.461355,0.63643247,1.7732619,-0.14961922,-2.6261823,9.254002,8.410113
0.8017162,1.8435618,-0.23321195,-6.0039864,11.12676,8.322077,0.8474778,1.7483163,-0.17360218,-6.0610943,11.298283,8.247486
1.019505,1.7784443,-0.25838313,-4.332709,12.486816,9.254022,1.0290728,1.7291149,-0.20129365,-4.5988045,12.6669855,9.259616
1.1169571,1.7318408,-0.24685802,-2.2234478,10.739773,8.978652,1.1706952,1.6896076,-0.2204231,-2.2678049,10.77672,9.064249
1.1528403,1.6487732,-0.31090268,1.4567986,12.631995,16.374264,1.3148183,1.606792,-0.25630113,1.523567,12.630645,16.660316
1.3089769,1.6247567,-0.23127098,3.1326709,7.9134316,4.6320267,1.3636523,1.5667026,-0.24722058,3.2473917,7.7418365,5.219184
1.3540766,1.5667031,-0.23618339,2.7949104,7.561268,3.3047404,1.3997144,1.5152512,-0.22828634,2.972598,7.622526,3.4145403
1.336409,1.5219243,-0.18904278,-3.4337523,6.101632,1.6555599,1.4100727,1.4612386,-0.22554833,-3.606728,6.1646338,1.5038075
1.3534745,1.4853796,-0.1748401,-2.209328,4.737816,1.6794823,1.4026186,1.4104077,-0.2255834,-2.2132907,4.791733,1.5045544
1.3583187,1.4297934,-0.1842721,4.4944296,4.4985223,2.589427,1.381331,1.3696483,-0.22560272,4.784048,4.5528975,2.4012108
1.296861,1.4056193,-0.22371174,7.706941,9.677284,4.1456265,1.3061522,1.2349029,-0.20840825,8.059392,9.849867,4.140048
1.1873693,1.3428628,-0.1738771,2.9440255,5.593077,3.0044534,1.2323277,1.2110845,-0.19506891,3.0864704,5.689202,3.1482418
1.0996778,1.3141701,-0.12743412,2.228517,3.4840455,3.9685218,1.1350062,1.1979227,-0.18374823,2.2963245,3.7723992,4.0923533
0.9864267,1.3094836,-0.078043304,0.3214063,2.2919333,3.127703,1.0172356,1.1823654,-0.16461891,0.31671974,2.4796486,3.0570648
0.85799825,1.2724625,-0.049755685,0.16700381,1.7730284,1.5177096,0.90337336,1.1642885,-0.14360996,0.20290701,1.8888316,1.3191881
0.7300129,1.2500478,-0.071329445,2.0799696,1.5708423,1.9055301,0.7906789,1.1626472,-0.13678524,2.2004046,1.6999029,1.7295022
0.5601878,1.2446795,-0.122352384,3.7863293,3.8960476,5.287753,0.5090888,1.170741,-0.12393603,3.880399,3.9926317,5.3725433
0.332499,1.2337047,-0.10263367,-1.0851735,-4.23166,2.2745583,0.35128307,1.1820637,-0.121930696,-1.1993879,-4.436043,2.2992787
0.17149767,1.2472206,-0.10607744,-1.1477851,-4.548318,1.1706337,0.20475726,1.2015913,-0.12380072,-1.3104576,-4.5832367,0.91660297
0.050812036,1.2552106,-0.09940598,-0.36674577,-1.5948873,2.585201,0.08366956,1.2206208,-0.120981954,-0.398041,-1.587156,2.2080266
-0.11404976,1.2547958,-0.12201487,-0.83149666,-1.1335211,3.5750358,-0.021066895,1.2262156,-0.12378959,-0.8111692,-1.1192828,3.3675566
-0.18928847,1.2343808,-0.12470742,-0.28213674,0.052172396,2.705516,-0.13351738,1.2269849,-0.1273495,-0.2164728,0.097747095,2.4991002
-0.31639186,1.2483896,-0.14252126,-0.4526896,-0.5883435,4.2106805,-0.3409822,1.2313433,-0.114358924,-0.4513123,-0.62358135,4.181162
-0.44361565,1.2506068,-0.15152897,-4.0116296,-2.8061883,1.201594,-0.4355288,1.2050658,-0.111126915,-4.0892744,-2.9318566,1.0795903
-0.5197221,1.2183396,-0.14760585,-1.6945939,-2.1042817,2.1579154,-0.5197672,1.19838,-0.11687347,-1.6757625,-2.1297956,1.925976
-0.6039084,1.2047989,-0.15679817,1.8558503,-1.0082133,2.3140283,-0.6064053,1.2029678,-0.11779008,1.946128,-0.9855237,1.9531652
-0.69243133,1.1917164,-0.17539504,4.2003417,-1.4346853,2.388284,-0.6967248,1.2005184,-0.118281454,4.342367,-1.4027385,2.135397
-0.75701785,1.1892481,-0.16386266,3.865923,-3.9840882,0.65903836,-0.7668341,1.1981786,-0.122978784,3.987614,-4.0505714,0.44105518
-0.8582672,1.2337672,-0.18059029,-0.8448139,-2.8209152,4.910967,-0.844243,1.2345024,-0.11705927,-0.84504926,-2.8223085,4.989913
-0.8927845,1.2317688,-0.19801252,0.07694763,-1.1539605,4.4919333,-0.8822319,1.2594237,-0.12511829,0.19091618,-1.1705779,4.4085207
-0.9384278,1.2748543,-0.19560589,0.09986049,-1.4691964,3.6725118,-0.9285145,1.2859313,-0.15136635,0.16804199,-1.4885828,3.5565753
-0.95463,1.3176502,-0.19258322,-1.4300717,-0.09466228,0.06259687,-0.9585622,1.3216149,-0.14907204,-1.4188147,-0.09107996,-0.039619856
-0.9591259,1.3366992,-0.19002564,-1.6976677,1.3494751,-0.12733166,-0.97753525,1.3714269,-0.1389658,-1.6635731,1.3779032,-0.28954333
-0.9833642,1.3733424,-0.2024448,-2.3708398,0.8498763,-0.78588694,-0.9947065,1.4050826,-0.13704297,-2.406852,0.8224242,-1.1073369
-0.99689686,1.3914238,-0.23295052,4.4466076,0.653253,6.3435645,-1.0371578,1.4323627,-0.16496941,4.6798515,0.661616,6.40198
-1.0226262,1.4250131,-0.23150279,0.82135564,3.195284,3.3227334,-1.0638247,1.4334584,-0.18664274,0.8460383,3.338586,3.326425
-1.0843956,1.4686342,-0.23024853,-0.43179673,0.8828067,3.1641805,-1.0915602,1.4577222,-0.18712543,-0.38524443,0.87619555,3.2750654
-1.1044691,1.4723147,-0.23706771,0.06292814,1.0197518,3.1196399,-1.113237,1.5026089,-0.19515875,0.1400511,1.0768218,3.217947
-1.1276356,1.5283026,-0.22991608,-1.7747515,3.4877956,1.0632592,-1.1505973,1.542907,-0.19613169,-1.7465432,3.5734508,1.051849
-1.1959859,1.5593157,-0.24633668,-2.670514,1.981869,1.3998173,-1.1890894,1.5825311,-0.20065786,-2.6802595,2.0113251,1.4391761
-1.1919233,1.5681943,-0.24654399,3.3477654,3.9128134,-1.900652,-1.2933012,1.6476951,-0.22461314,3.4076054,3.9281607,-2.0706084
-1.3010685,1.6609409,-0.26393497,-0.79457074,0.14279291,0.6856378,-1.3558066,1.6863996,-0.22974302,-0.86340666,0.15686218,0.6602353
-1.3882499,1.6872756,-0.27532563,-2.2199817,-3.0881906,4.405089,-1.4119357,1.7248672,-0.24640176,-2.2101862,-3.1595652,4.5156054
-1.4369898,1.7122221,-0.29147154,0.010898646,0.037723336,0.3800338,-1.4770994,1.7578323,-0.27711952,0.04111097,0.079617344,0.32901248
-1.5041867,1.7729573,-0.3089029,1.3645087,0.7164328,-3.5634427,-1.5388849,1.7786324,-0.2983656,1.3500941,0.72359145,-3.7366376
-1.549559,1.8005295,-0.31654033,0.93777245,-0.7945905,-2.4535396,-1.5945739,1.820217,-0.30975294,0.94339424,-0.80563414,-2.7236903
-1.6042374,1.8535002,-0.35822594,4.956091,4.1442213,0.4827357,-1.6814647,1.9032131,-0.33052215,5.023571,4.208765,0.36404112
-1.6678549,1.8893054,-0.34818184,0.14370245,1.1343215,2.184388,-1.7389777,1.9535253,-0.34760645,0.06705922,1.1664687,2.2018654
-1.7782191,1.9899782,-0.36445048,-1.4356511,-2.7787309,1.8081532,-1.8093652,2.0156448,-0.3720374,-1.494819,-2.8339357,1.7406263
-1.8605713,2.0706244,-0.40707752,-1.4130467,-5.735873,1.359351,-1.8847709,2.0845125,-0.4046335,-1.4908012,-5.8024654,1.456352
-1.89682,2.1522079,-0.41607442,-0.38575655,-4.643,2.3231294,-1.9379491,2.1509876,-0.4329992,-0.37132728,-4.6494675,2.3475785
-1.9264368,2.2313814,-0.430934,1.1832372,-1.4727882,-0.07166593,-1.9639465,2.2257044,-0.44770408,1.2330298,-1.4491,-0.28582352
-1.9340575,2.275711,-0.4351498,-2.3446665,2.24562,-1.888457,-1.9733605,2.330053,-0.45941865,-2.4283907,2.354536,-2.0079737
-1.9383965,2.3264513,-0.42610678,-1.5044559,-0.84387976,2.9484828,-1.986369,2.3888435,-0.48024005,-1.4453893,-0.86781347,3.0578432
-1.975279,2.425086,-0.4648251,-1.693652,-3.725279,2.9319549,-2.0053782,2.446245,-0.50083655,-1.7492497,-3.800878,3.072428
-1.9361005,2.4896398,-0.4778899,-0.7568129,-3.470185,1.6930298,-2.007848,2.4887753,-0.51515776,-0.7467733,-3.5499182,1.7044011
-1.935627,2.5592322,-0.49257347,4.138577,-3.7959414,0.6440194,-1.9897362,2.5326173,-0.5204439,4.244759,-3.832412,0.6464901
-1.8819319,2.5941734,-0.48369578,5.7169094,-2.5091348,-0.38921636,-1.9602857,2.5951314,-0.5241874,5.8157682,-2.5259135,-0.5164316
-1.8549246,2.6856744,-0.5057608,0.7349612,4.142073,2.7666395,-1.8672916,2.7326977,-0.5160616,0.86112636,4.231663,2.8375497
-1.786738,2.7274768,-0.4786962,-2.287155,0.9502404,4.995191,-1.808469,2.818869,-0.53254455,-2.184438,0.8583523,5.257357
-1.7302234,2.843787,-0.49995235,-0.5552864,3.8513572,1.7345852,-1.7470285,2.9036794,-0.5575987,-0.4885732,3.95219,1.8793541
-1.6318724,2.9612565,-0.4958447,0.035980877,3.8006613,0.790397,-1.6950058,2.9780693,-0.57531273,0.0583763,3.8369846,0.83873117
-1.6142745,3.0682602,-0.50858957,-1.8089712,1.0296209,0.8775652,-1.6563976,3.041697,-0.5857369,-1.7959965,1.0145842,0.8463252
-1.5661298,3.1345234,-0.5257028,-0.31157643,0.36252257,-0.06265657,-1.6300446,3.1155713,-0.60501087,-0.2894699,0.35485813,-0.046851955
-1.5135841,3.2140527,-0.53584975,-0.13451773,1.0534215,-2.7133086,-1.5665057,3.243328,-0.64223546,-0.19202232,1.0633363,-2.7887537
-1.5185101,3.2934766,-0.54272383,-1.1783234,-0.8163614,1.5110034,-1.525831,3.3018935,-0.65865976,-1.1742256,-0.8617458,1.6361706
-1.477837,3.3465307,-0.55920035,-3.3556497,-0.08092049,0.3606456,-1.4870087,3.365019,-0.67441225,-3.3708298,-0.08833217,0.4514497
-1.4205757,3.417298,-0.56022805,-1.5448805,2.758052,0.6735557,-1.4510838,3.4372025,-0.69075346,-1.4952532,2.7700202,0.82013565
-1.3492343,3.4696794,-0.5611037,3.5218217,2.0520914,1.2442085,-1.4215308,3.4724238,-0.697398,3.4859474,2.0639598,1.4216801
-1.3339299,3.5527596,-0.5792595,2.1053424,-1.4409355,-1.2818257,-1.3864385,3.5085225,-0.7034308,1.9796762,-1.4740222,-1.3445325
-1.3132106,3.6041954,-0.6019953,-6.9864626,1.0368085,-3.4258084,-1.3295696,3.606102,-0.7478523,-7.0824842,1.0118415,-3.5084987
-1.3086085,3.5904803,-0.60759133,-6.909959,0.32588533,3.323722,-1.3041971,3.645632,-0.7535485,-6.7624464,0.3231789,3.7730494
-1.2696546,3.6162772,-0.61353844,-1.2807404,-1.7784524,3.6533475,-1.2679464,3.666221,-0.74654454,-1.2679993,-1.7356771,4.02472
-1.2066077,3.6851468,-0.63079697,-0.25923675,-2.9747486,0.28372747,-1.2330887,3.668094,-0.7450776,-0.37948298,-2.9851205,0.24090613
-1.1390991,3.6827633,-0.6296858,-1.3179631,-0.6976173,-2.6509373,-1.1752286,3.661144,-0.73951006,-1.2818311,-0.76446223,-2.7646358
-1.0702686,3.6150432,-0.6222596,1.638296,2.8688722,-1.5398492,-1.1136358,3.6517975,-0.7285187,1.7494385,2.8586915,-1.489136
-1.0256202,3.5883803,-0.6240365,5.244519,-3.294849,3.450515,-1.0372895,3.631227,-0.72304267,5.347631,-3.4336457,3.8295944
-0.9435893,3.638866,-0.625274,2.2003438,1.440353,-2.308051,-0.9798004,3.6375616,-0.7179411,2.1151607,1.4761851,-2.2838225
-0.8894607,3.6283956,-0.62326497,-0.24461728,1.8076043,-2.308456,-0.91839623,3.638064,-0.7231706,-0.047144413,1.6362463,-2.360091
-0.87191343,3.6006916,-0.6315371,-0.3948837,1.3193365,-1.5975786,-0.863045,3.6390936,-0.709893,-0.35286552,1.3113914,-1.4744891
-0.8346702,3.6204104,-0.6542631,-5.0444193,0.914022,-2.4121833,-0.82537425,3.6516633,-0.7058704,-5.105955,0.91266394,-2.2987125
-0.79002464,3.607221,-0.6461453,-3.9483905,1.681078,-0.5920281,-0.79304904,3.6706302,-0.7068926,-3.8939188,1.6610531,-0.47711107
-0.74032223,3.5884397,-0.667883,3.478932,3.783061,8.048574,-0.74359995,3.6277924,-0.6966784,3.5513613,3.811456,8.5073185
-0.68021953,3.5958197,-0.61589897,1.3701097,1.9162889,1.7757233,-0.71852463,3.5991354,-0.696144,1.2814652,2.0046954,1.9806895
-0.6682403,3.598637,-0.6080371,-0.15041357,2.2895825,-2.4620392,-0.7071048,3.5825858,-0.69664806,-0.1517808,2.2874205,-2.4782407
-0.67611325,3.5720253,-0.62148684,-0.046529356,-0.6925291,-5.507213,-0.69956344,3.5790627,-0.70271486,-0.0792865,-0.7058582,-5.4415755
-0.65950227,3.5337682,-0.6251964,0.9958343,-0.43910334,-5.9581175,-0.6904666,3.5679555,-0.7121689,0.9081397,-0.4121949,-5.9504437
-0.6636286,3.5100348,-0.63592577,-0.94137794,2.569651,-6.0245175,-0.6924852,3.5361738,-0.6918084,-0.9951979,2.6126769,-6.0342956
-0.6645936,3.4748182,-0.609327,1.0887175,1.7237203,-3.551615,-0.73115104,3.5083296,-0.67697555,1.1069248,1.648325,-3.711882
-0.7016853,3.478214,-0.5975341,1.4534832,0.63250846,-1.2552942,-0.7629745,3.4996462,-0.67491597,1.3755617,0.6317894,-1.3158393
-0.7304075,3.4787004,-0.5917515,-0.3391915,0.624113,-2.5283308,-0.79861313,3.4857218,-0.6719422,-0.43945274,0.59872615,-2.60116
-0.8059095,3.469543,-0.5838252,-1.7451266,-0.36874604,-2.9902852,-0.8408776,3.4740093,-0.67843306,-1.8254268,-0.43733308,-3.1275668
-0.8733548,3.4527488,-0.5822374,-2.1618252,-1.7110374,-3.042907,-0.8946915,3.4654748,-0.6751742,-2.2624922,-1.7694806,-3.1403835
-0.932688,3.424847,-0.5897979,-2.5375724,-2.057621,-2.4775174,-0.96183264,3.4497225,-0.6613699,-2.634324,-2.0870447,-2.5005476
-0.97045755,3.3848286,-0.5895193,2.2534943,-0.69573253,0.86050516,-1.0438135,3.3850055,-0.6663037,2.3158162,-0.65577334,0.9741733
-1.0429127,3.3770838,-0.5807898,-0.2712564,-1.7782401,0.29466897,-1.0908142,3.351995,-0.66701895,-0.39532977,-1.7848848,0.41836512
-1.0657018,3.3586318,-0.53733325,-1.6251338,0.039119396,-0.1679353,-1.1357785,3.3233442,-0.6658965,-1.662869,0.008291323,-0.20179002
-1.1037133,3.3187184,-0.5348003,-0.9868962,1.1064289,-0.37792057,-1.1773201,3.2985392,-0.65894777,-0.9392922,1.1498305,-0.3590966
-1.1597109,3.2864928,-0.51926666,-1.612863,-1.2925642,1.822368,-1.2117443,3.27682,-0.6452029,-1.6369911,-1.2868621,1.9283315
-1.1955451,3.266227,-0.51629084,1.4164209,-2.0934486,2.7044172,-1.2536608,3.2512717,-0.63692695,1.4552605,-2.076659,2.8189282
-1.1983715,3.220046,-0.49708495,8.940152,-2.6125896,-0.554233,-1.3349048,3.2014658,-0.6349048,9.053669,-2.6771183,-0.7692113
-1.2991875,3.2522962,-0.5267469,-0.38492626,-3.6154895,-0.071698114,-1.3554448,3.1863027,-0.63087744,-0.45125198,-3.6803117,-0.10094341
-1.307794,3.2217588,-0.520497,2.7877727,-3.3758023,1.8875583,-1.3685337,3.1989312,-0.6343954,3.0052722,-3.563992,1.9410298
-1.3023822,3.2097225,-0.5239551,3.9968066,-1.322824,0.34408504,-1.3669455,3.2087784,-0.6312889,4.102576,-1.2658514,0.31253698
-1.2956386,3.2584543,-0.5263232,2.4278307,2.1513627,-2.1722827,-1.3579739,3.224587,-0.6227752,2.5333853,2.1473353,-2.2961967
-1.2795159,3.2742758,-0.51524466,1.9708015,1.2162371,-2.1363938,-1.3531721,3.2660375,-0.6271611,2.0706494,1.1221589,-2.290869
-1.2908062,3.3390653,-0.53357655,0.034491118,-0.8813234,-3.244469,-1.3513879,3.332909,-0.667836,-0.026139911,-1.0124799,-3.4507444
-1.3084432,3.3937058,-0.55032516,-5.9716673,0.055384908,0.533994,-1.3469247,3.3816783,-0.6777577,-6.002367,0.058264785,0.4941457
-1.3308326,3.4332879,-0.580124,-7.0336046,-0.55498075,-0.012825178,-1.3605447,3.4422665,-0.6843968,-6.9662237,-0.5931637,0.013899437
-1.3295922,3.446319,-0.57404,-3.9072943,-1.3382068,0.9505282,-1.357426,3.45429,-0.7065969,-3.8275754,-1.3748461,0.9212624
-1.3081245,3.4755836,-0.56709117,-2.7854614,-0.1926494,2.2746532,-1.3485265,3.4461067,-0.7086002,-2.729386,-0.12155135,2.36313
-1.2610381,3.4430625,-0.5542395,0.57092994,1.744165,1.846733,-1.3341635,3.441856,-0.69013983,0.71295875,1.822517,1.939813
-1.2321249,3.4474363,-0.5460736,3.2372346,-0.010922043,-4.8940086,-1.3243165,3.4165547,-0.6866564,3.2838483,-0.05101038,-5.1513863
-1.265724,3.390827,-0.5697872,-0.3879891,-1.1680256,0.79913026,-1.3235096,3.377125,-0.6858494,-0.3794274,-1.1827931,0.807865
-1.2346358,3.3724995,-0.5523087,0.33879322,1.5528772,2.8248968,-1.3158662,3.3810208,-0.6702905,0.5066373,1.5981075,3.057043
-1.2211589,3.3763666,-0.53751767,-2.0356042,2.681644,-2.9261992,-1.3075969,3.3704455,-0.66006774,-2.0704494,2.6492674,-3.1281157
-1.2570864,3.3580017,-0.5322919,-6.3735604,1.5739464,-0.1884586,-1.302934,3.3528528,-0.6563595,-6.3915787,1.5384452,-0.26929018
-1.267216,3.3057156,-0.53477925,-3.3323724,-0.85084456,1.8512167,-1.3213927,3.3213267,-0.6637251,-3.2597826,-0.9102852,2.039464
-1.2706407,3.2778778,-0.5381152,1.4420117,-2.82493,4.6660485,-1.3410008,3.2576141,-0.64361775,1.5460638,-2.793638,4.9780817
-1.2406937,3.2329392,-0.52615076,1.986191,3.0072207,-0.55479735,-1.334541,3.1987946,-0.6198149,2.0069156,3.1711214,-0.5063575
-1.2591093,3.1709538,-0.5120674,1.3897594,-0.09154746,-2.0973523,-1.3349615,3.1532104,-0.6096821,1.470139,-0.17526643,-2.225068
-1.2761413,3.099083,-0.49002013,-0.913897,-1.0199795,1.163479,-1.3472189,3.1199338,-0.6076487,-0.9340603,-1.0459759,1.2688622
-1.3011976,3.0758545,-0.49634102,-2.9740398,0.4296405,-0.09947769,-1.3645829,3.0772483,-0.60332084,-2.9666164,0.42279166,-0.06318682
-1.3379647,3.0090864,-0.4884698,-4.784447,0.11451569,-0.45487112,-1.3774418,2.9978738,-0.5838872,-4.766643,0.06179988,-0.48682883
-1.3476119,2.9416618,-0.47286096,-3.1144571,-3.7624536,-10.768509,-1.3826232,2.8227477,-0.56269276,-3.073666,-3.8959174,-10.857204
-1.3157805,2.8373084,-0.41576788,5.65775,-1.112736,-7.788507,-1.384114,2.7391617,-0.5393552,5.7109337,-1.0746729,-7.854458
-1.3487529,2.7296352,-0.40579167,2.5552409,-0.36383602,-9.094038,-1.39232,2.6656976,-0.5143561,2.4311776,-0.22599739,-8.862739
-1.4503685,2.6213582,-0.40187046,-4.6,-0.25919363,-9.546741,-1.4187002,2.5455182,-0.4905641,-4.867209,-0.32790416,-9.490743
-1.4703102,2.4622903,-0.3945494,-7.7096167,-2.4132402,-9.01057,-1.4447969,2.4150665,-0.4761702,-7.8186145,-2.602676,-9.131161
-1.4575001,2.2869036,-0.43565845,-10.889356,-3.922121,-11.579807,-1.4784293,2.266925,-0.46731064,-11.151491,-4.045719,-11.652119
-1.4360541,2.0536227,-0.46695903,-9.828098,-5.339937,-17.944664,-1.5259047,2.0135684,-0.40115115,-10.233369,-5.408829,-17.785475
-1.5710588,1.8566095,-0.38362944,-0.30554003,-3.8333168,-5.085957,-1.5495543,1.8521336,-0.35612327,-0.32457888,-4.1110077,-4.9186077
-1.5977427,1.6501113,-0.35979742,1.2453963,-6.0761085,-5.128648,-1.5752625,1.6739928,-0.31689727,1.1021892,-6.2874393,-5.139209
-1.6123003,1.406116,-0.3363325,0.88475794,-3.018315,-6.632061,-1.5826613,1.4668324,-0.27688324,0.7657035,-3.1302981,-6.7038355
-1.6107126,1.1436696,-0.28708363,-2.4101303,1.044523,-5.998496,-1.5738243,1.2656497,-0.23567022,-2.5714242,1.14463,-5.9904523
-1.5801805,0.9246453,-0.24975418,-3.4842896,2.1085312,-5.69072,-1.5699052,1.0292811,-0.18214695,-3.662948,2.1731439,-5.68135
-1.5849458,0.7696854,-0.21222343,23.199863,6.008405,1.3304061,-1.5875099,0.86082184,-0.12104554,23.481709,5.8432884,1.0613675
-1.4817468,0.7553966,-0.20693634,26.391178,3.8029768,10.177615,-1.632906,0.8610212,-0.115879,26.812387,3.8695548,9.623751
-1.4344463,0.7259805,-0.21917744,27.677189,-0.8782557,15.316279,-1.6178528,0.83914423,-0.10992712,27.838148,-1.250678,15.069031
-1.4621578,0.7091339,-0.20544909,22.546425,-2.4458683,19.86576,-1.6051012,0.8206496,-0.10113877,22.973288,-2.2618892,20.314638
-1.5825135,0.8389127,-0.23435296,11.748976,1.1679642,15.067543,-1.6409197,0.8159736,-0.09788388,12.05005,1.4451244,15.140071
-1.6064061,1.0446625,-0.254287,3.2609057,3.4156668,9.508297,-1.6609849,0.8518073,-0.0982779,3.2689962,3.6113617,9.797415
-1.5797127,1.2127526,-0.25766036,-3.0501962,5.1689286,19.358812,-1.6622552,1.1934395,-0.12918046,-3.1783412,5.3410473,19.19927
-1.5937803,1.442719,-0.2691271,-1.8759066,6.817832,7.154903,-1.6891854,1.4034965,-0.15718685,-1.91973,6.683715,7.170529
-1.639229,1.6484748,-0.3175101,-4.2092013,8.137953,8.96695,-1.7639765,1.6399807,-0.20451209,-4.218968,8.131171,9.172545
-1.6998054,1.8656112,-0.35927916,-2.8154626,7.705469,9.52182,-1.8228383,1.8524919,-0.25208634,-2.756246,7.5445213,9.45528
-1.7599841,2.1084466,-0.3874057,-2.5238686,8.573183,4.2836447,-1.8568927,2.021174,-0.28845593,-2.666957,8.516073,4.4032607
-1.845979,2.323353,-0.40601087,-7.0177827,5.6943913,5.2807465,-1.9054432,2.2152593,-0.33306235,-7.0726438,5.7264805,5.2428656
-1.956528,2.6464913,-0.4179325,-9.232209,-9.395018,12.148689,-2.0600777,2.6031358,-0.46815768,-9.297757,-9.676238,12.536619
-2.1231427,2.796314,-0.5833251,-8.101746,-8.657192,-1.2905847,-2.1629937,2.7757242,-0.54811466,-8.07359,-8.654286,-0.77998435
-2.1364627,2.9321964,-0.5857614,-8.23791,-4.446913,-0.08142011,-2.210459,2.9188828,-0.5963405,-8.280247,-4.375463,-0.26692522
-2.1782932,3.0551543,-0.5924899,-4.906348,-1.9696426,1.8008723,-2.2076807,3.0310683,-0.6478894,-4.8819933,-1.873364,1.4172541
-2.1783369,3.1449814,-0.6265184,-7.8045926,-3.164592,-1.7753953,-2.1771798,3.15111,-0.6951143,-7.9211006,-3.1042013,-1.97757
-2.1207058,3.2028916,-0.64989966,-7.976316,-2.625116,-3.5659828,-2.1421285,3.238991,-0.7091876,-8.025986,-2.6442423,-3.7285962
-2.1043947,3.2408972,-0.6770466,-7.424256,-7.5120068,-2.0139024,-2.0589535,3.3029926,-0.7250327,-7.417018,-7.7073684,-1.9781467
-2.0037334,3.2900124,-0.65537006,-2.924852,-7.4969997,-3.9679263,-1.9941367,3.3044155,-0.7253434,-2.8188365,-7.629853,-4.0151024
-1.8959823,3.2720008,-0.64264363,-2.1181355,-5.0504427,-3.2442224,-1.9143506,3.2900422,-0.7107123,-2.0151286,-5.1317716,-3.2769094
-1.7957283,3.2316382,-0.6215017,-1.4142518,-3.9086602,-2.349441,-1.8231529,3.26819,-0.69551086,-1.2760352,-4.0422716,-2.479834
-1.6590475,3.196014,-0.59017855,-0.92142135,-2.4455616,-3.112055,-1.6999291,3.2309709,-0.66073495,-0.8101883,-2.4936848,-3.3412395
-1.5103353,3.1397033,-0.53748196,0.75442773,0.7197195,-0.9026055,-1.5719179,3.1865287,-0.6260273,0.9332396,0.7990051,-1.0810962
-1.3826249,3.0887017,-0.46642715,-6.8799734,10.714544,-3.048919,-1.3821435,3.0920804,-0.56508636,-6.805342,11.159334,-3.0775304
-1.2833961,2.9559002,-0.45813552,-5.012945,12.8348675,-4.738408,-1.3851454,3.0129075,-0.54262173,-4.816822,12.893631,-4.98153
-1.2334434,2.854578,-0.4497775,-0.56571954,6.6998496,-3.6318524,-1.3366015,2.9059193,-0.5244439,-0.42116913,6.627842,-3.741215
-1.2541844,2.781697,-0.40490586,0.8292083,2.0500443,-3.8354528,-1.2626777,2.7939222,-0.49978217,0.8850695,2.0764089,-3.829388
-1.3073232,2.6810503,-0.38586617,0.017952856,0.4239132,-4.3548627,-1.2304696,2.6934824,-0.47488797,0.012599523,0.51329666,-4.2459383
-1.3553416,2.5334306,-0.41466147,-2.242379,0.009349467,-3.5126312,-1.2317834,2.5925379,-0.4486001,-2.2563558,0.14674707,-3.263324
-1.3454803,2.3913345,-0.38372532,-7.841581,2.7659788,-5.8753448,-1.2853673,2.3579185,-0.3916068,-7.874803,2.975546,-5.7471175
-1.3587679,2.2076957,-0.36088368,-3.0936348,5.091107,-7.3790903,-1.3356612,2.2184093,-0.36828157,-2.911351,5.0765967,-7.445651
-1.3841237,2.0477765,-0.32534125,1.3773178,6.8144236,-9.028803,-1.4123305,2.0649385,-0.35403135,1.4133977,6.8119006,-8.968207
-1.4861253,1.8839504,-0.3081064,2.367321,3.2510126,-9.740143,-1.505919,1.9069585,-0.34096062,2.4254653,3.381914,-9.616341
-1.6504608,1.6914008,-0.32611772,1.2871839,0.5486458,-9.064632,-1.6240417,1.7416413,-0.33340767,1.3096303,0.60244083,-9.013981
-1.7939484,1.5046681,-0.33707646,0.04623693,-1.2359939,-6.237842,-1.7595742,1.5754769,-0.33333927,0.0719255,-1.1857764,-6.1213665
-1.9251624,1.3447965,-0.3202636,-2.2192502,-3.1366982,-8.666752,-2.0003407,1.2722293,-0.3313344,-2.1771715,-3.1904078,-8.759339
-2.105051,1.1084027,-0.33417764,0.12299496,0.7863753,-6.7337956,-2.128694,1.1055183,-0.32826793,0.33058342,0.8681514,-6.6842866
-2.255222,0.94436616,-0.31012055,4.5496383,-0.6949667,-8.828338,-2.2580051,0.94087595,-0.34220585,4.7410803,-0.64656484,-8.905499
-2.412528,0.77468115,-0.3126956,5.7174916,-3.6533327,-7.4684176,-2.4009645,0.7543083,-0.3694483,5.9243045,-3.6484444,-7.502394
-2.5434422,0.56790125,-0.32368156,4.40465,-5.7906427,-4.9319115,-2.5282974,0.5755293,-0.39040238,4.4467254,-5.8383436,-4.6377716
-2.6579163,0.41929203,-0.32587665,3.9684331,-5.764821,-6.091053,-2.650696,0.4025443,-0.40521264,3.9578605,-5.7927833,-5.917542
-2.7639365,0.3231864,-0.35922882,11.138415,-11.946417,-9.993994,-2.8129368,0.12904769,-0.4401494,11.352228,-12.2289295,-9.985422
-2.8315182,0.114165306,-0.33820283,5.7256656,-2.0623014,-5.5427947,-2.8560565,0.018647417,-0.4545737,5.825579,-2.0241373,-5.6024885
-2.8395066,-0.05710131,-0.29639992,2.5427403,-1.6846168,-4.831245,-2.8876698,-0.11629846,-0.45543522,2.6137352,-1.8016397,-5.08663
-2.8849287,-0.16564333,-0.28500557,2.151945,-3.6917822,-3.586819,-2.8982944,-0.22596316,-0.4454897,2.262695,-3.8037727,-3.6377583
-2.8985023,-0.26390862,-0.29067513,4.506789,-5.7709527,-3.3804214,-2.903344,-0.3198259,-0.4453769,4.596384,-5.942779,-3.543064
-2.9049263,-0.35178864,-0.30937722,3.2664566,-6.745351,-0.46921855,-2.89463,-0.40229157,-0.45135486,3.3453062,-6.967546,-0.5335439
-2.7777958,-0.29614574,-0.3813791,4.3382525,-7.601979,-23.354317,-2.816519,-0.53464586,-0.4327784,4.334144,-7.8023753,-23.678305
-2.7409515,-0.4406891,-0.28451458,1.2852122,-0.43313247,-12.144505,-2.7418184,-0.6044578,-0.4073484,1.1587679,-0.61109304,-12.912616
-2.6674638,-0.6109773,-0.31814024,-1.3863922,1.1415625,2.1339204,-2.636497,-0.65933806,-0.36715153,-1.4248487,1.2057455,1.5760633
-2.622816,-0.7143776,-0.36119363,5.6019626,2.1722968,3.1874454,-2.5290852,-0.73313004,-0.34537154,5.552409,2.2978144,3.4243937
-2.4376202,-0.72542614,-0.32271507,6.906182,0.76366895,-0.7654471,-2.4411914,-0.7951061,-0.33814013,6.9594226,0.6526166,-0.71881545
-2.270773,-0.74456954,-0.27421927,5.2078943,-0.027800975,-1.8469578,-2.3364604,-0.8288328,-0.3144154,5.321504,-0.1611007,-1.9565233
-2.1335282,-0.7915919,-0.25553578,3.0826669,0.9561407,0.67747957,-2.1562066,-0.84277314,-0.24937528,3.0763683,0.86569476,0.39807025
-2.0234632,-0.78731585,-0.21457396,1.4767661,-0.5829313,1.5782518,-2.0572295,-0.82657087,-0.23633374,1.3550137,-0.6311561,1.4390405
-1.8948748,-0.73429585,-0.15880395,-0.99090904,1.1543739,-2.034754,-1.9753537,-0.8032972,-0.2151423,-1.0705677,1.0845445,-2.2452936
-1.8073072,-0.66930354,-0.11827897,-0.5035861,3.1465375,-2.0266407,-1.9124074,-0.7699305,-0.18475494,-0.51297534,3.0941343,-2.3414695
-1.7525523,-0.6158686,-0.105775975,0.17646593,2.7416413,-0.40013164,-1.8458308,-0.72838,-0.16376883,0.24566907,2.7635462,-0.6428481
-1.6849836,-0.57711715,-0.0940456,-0.31563652,3.255514,-2.002818,-1.7773399,-0.6838698,-0.15133259,-0.18585895,3.2550714,-2.2075922
-1.6755084,-0.5399041,-0.11111308,7.6121116,1.3361442,-0.17386119,-1.6815691,-0.6103486,-0.13690214,7.753372,1.3884374,-0.41117674
-1.6131402,-0.49416578,-0.11956947,1.3250531,1.0812051,0.17030461,-1.6500062,-0.5676199,-0.13092308,1.4710937,1.0641483,0.049257033
-1.5404052,-0.4586048,-0.10097193,-2.3884828,3.566501,-0.112764284,-1.6145945,-0.5031362,-0.10369209,-2.3298664,3.6042862,-0.28776342
-1.5194579,-0.3915848,-0.09194239,-0.48122358,2.3096583,-2.0574195,-1.5935516,-0.43124166,-0.089078784,-0.47513455,2.3731291,-2.243603
-1.5379902,-0.27252316,-0.102658175,1.1040794,0.57823265,1.1147878,-1.5936686,-0.36001316,-0.08822079,1.1901355,0.6013835,1.0239918
-1.5578843,-0.20384747,-0.12179398,3.7514372,0.851453,-0.8455649,-1.600513,-0.28792354,-0.08825491,3.913228,0.7744272,-0.87713206
-1.5583127,-0.15392548,-0.113276385,1.2108687,-2.1117027,-1.6551431,-1.6294802,-0.15701573,-0.088265195,1.2287557,-2.2447476,-1.75792
-1.5633754,-0.07840991,-0.11288857,-1.0330446,-1.36497,0.466291,-1.6399866,-0.067878455,-0.088269755,-0.9280956,-1.4485804,0.15941349
-1.5503134,0.019731164,-0.09920337,-1.8673178,0.42397138,-0.2664091,-1.655341,0.0155347595,-0.08830368,-1.8138218,0.38601676,-0.42018327
-1.6082301,0.11581111,-0.1220833,-1.4469447,1.9030716,-0.004617857,-1.673033,0.09864166,-0.088181295,-1.3655763,1.9788171,0.030196996
-1.6489736,0.19687414,-0.14015965,-1.5437306,1.8231362,-0.8065221,-1.6996238,0.16910014,-0.092883155,-1.4904361,1.8683642,-0.79308873
-1.6714417,0.25281626,-0.14671169,-2.146932,0.7780482,0.46601278,-1.7297093,0.2250614,-0.097057626,-2.1555943,0.8074917,0.39918315
-1.7307492,0.29214567,-0.15636559,-3.7360363,1.3071489,2.341126,-1.8080682,0.32510257,-0.11594728,-3.8215568,1.3541148,2.3946605
-1.7916893,0.3387727,-0.16023155,-3.2460308,-2.1898832,1.1539494,-1.8567382,0.36293408,-0.13971244,-3.3128576,-2.2834237,1.1898705
-1.8228465,0.37957913,-0.16455723,-2.3825212,-3.395617,-0.5681538,-1.9071885,0.39721593,-0.15976717,-2.469024,-3.5622005,-0.57184297
-1.9031812,0.3984015,-0.19337364,-1.1409924,-1.8063573,-1.1355703,-1.9586805,0.41743958,-0.1720042,-1.1091185,-1.9300816,-1.2158058
-2.0032263,0.3994326,-0.23329215,-0.16060191,-0.7882013,0.0376559,-1.9896643,0.42480984,-0.17956771,-0.028589152,-0.82411635,0.017912818
-2.008763,0.39168864,-0.23111959,-0.20535237,0.04828662,0.8627339,-2.012572,0.42527288,-0.18523411,-0.09185723,0.09815534,0.8486208
-2.0350273,0.3861317,-0.23936735,0.9999452,-0.010870127,2.8730094,-2.0485106,0.4102199,-0.19386685,1.0867578,0.03170421,2.9554112
-2.048709,0.37478334,-0.23577012,1.903768,-2.6235225,0.37283832,-2.0719872,0.405511,-0.19718923,1.9506071,-2.6907728,0.42257437
-2.0475276,0.3883173,-0.23019366,1.5663263,-2.0751128,-2.2368543,-2.097435,0.4017181,-0.20192379,1.6131406,-2.159248,-2.3475318
-2.060381,0.38415766,-0.22351168,-0.9839698,-2.4398065,-0.051473785,-2.1092114,0.40623736,-0.2101263,-0.9997571,-2.567254,-0.33482122
-2.0725546,0.37894893,-0.20797367,-4.9725223,-1.0857768,1.6516935,-2.101875,0.41808653,-0.21260898,-5.0780396,-1.0535051,1.530046
-2.0545983,0.40010542,-0.21507148,-3.9026954,-0.15566298,-1.4543456,-2.0895407,0.42871174,-0.20624982,-3.9835176,-0.14903075,-1.5622566
-2.077391,0.40138096,-0.23469578,-0.27538103,2.2991736,-2.7494838,-2.0804937,0.38794473,-0.21401052,-0.15332809,2.4139538,-2.87634
-2.1203718,0.38343978,-0.26798975,1.1328431,3.2998254,1.9836408,-2.0664558,0.36287567,-0.21028325,1.23033,3.4671493,1.8907758
-2.1101077,0.31711,-0.26736206,0.81335485,-0.6078224,2.3831966,-2.058066,0.33717692,-0.19948491,0.8632153,-0.53848904,2.4002392
-2.0863607,0.2696281,-0.25422403,1.8300126,-3.8837764,1.614621,-2.063571,0.31076574,-0.20364992,1.8316433,-3.9973216,1.7800777
-2.0606844,0.2528413,-0.24691059,0.32504946,-1.532959,1.4392843,-2.067003,0.2933059,-0.21385106,0.3244327,-1.6210309,1.5574675
-2.0515597,0.25569594,-0.2350203,0.012627419,0.1759753,-0.86831635,-2.0528407,0.29139152,-0.20535454,0.1153019,0.17128663,-0.88981014
-2.042918,0.2573452,-0.23205365,1.072116,-0.5825325,-0.80792576,-2.0328357,0.28475198,-0.20673127,1.1849195,-0.4987309,-0.85687554
-2.0333858,0.25715864,-0.23331015,-1.6659192,0.7163085,1.0747138,-2.0113432,0.27755985,-0.1924858,-1.6633751,0.82895064,1.0686375
-1.9839739,0.25132638,-0.21285735,-3.50286,1.4897176,0.17497142,-1.9769456,0.27467975,-0.18557413,-3.5922897,1.5801712,0.14465304
-1.952716,0.2402215,-0.2076122,-0.73028976,-0.8970148,-0.33870965,-1.9505427,0.27011105,-0.18708897,-0.7812211,-0.8510274,-0.46526366
-1.9547853,0.2501555,-0.22975175,0.10685986,-0.116987854,1.0343274,-1.9397497,0.26130763,-0.1841696,0.119971246,-0.090285175,0.9320657
-1.9139537,0.22924888,-0.21269156,-0.9275617,0.48327306,0.06787188,-1.930551,0.23986529,-0.17638928,-0.90439284,0.47561002,-0.06128796
-1.900378,0.2023142,-0.21144561,1.6986731,0.7490626,0.008434607,-1.9058403,0.20621356,-0.17705157,1.8097366,0.80460125,-0.096359335
-1.8603941,0.18141657,-0.19209902,0.7539899,-1.6706954,-0.1974415,-1.8882728,0.1787416,-0.18342957,0.75266725,-1.6892091,-0.40813223
-1.8347123,0.16782016,-0.18349738,-0.964939,-0.79143834,-1.4177687,-1.8849355,0.17315325,-0.17464024,-0.9557901,-0.8155469,-1.6580538
-1.822742,0.13690978,-0.18298928,-2.2876637,0.029183256,1.4589251,-1.8642803,0.17362915,-0.1630416,-2.3730352,0.042208005,1.2679473
-1.823843,0.13109946,-0.19153537,-0.36606485,0.98841524,2.3287528,-1.8244884,0.15772445,-0.15737669,-0.3482076,1.1023475,2.3309202
-1.818386,0.13267583,-0.20129861,1.0657779,1.2230475,1.2415205,-1.7892867,0.13454953,-0.15725729,1.1111062,1.286898,1.3569695
-1.784428,0.114041686,-0.19682474,0.74484247,1.7041252,1.406331,-1.7560518,0.092683166,-0.14895493,0.8250919,1.7795528,1.4726111
-1.7407445,0.08151978,-0.17614706,0.2948001,-0.9357873,0.27407604,-1.7485006,0.08130444,-0.14706014,0.33571818,-0.93836576,0.27467242
-1.7268809,0.058726132,-0.17008923,-1.7941121,-1.9482074,1.4224508,-1.7363385,0.07375306,-0.14704318,-1.8504134,-2.0060322,1.438947
-1.7013807,0.055434823,-0.15518518,-3.6442056,-0.31335995,1.3737749,-1.7196939,0.06920146,-0.14740455,-3.748588,-0.3106275,1.4410458
-1.6965348,0.04227698,-0.15688337,-2.360626,0.69714016,0.13376124,-1.6982402,0.06608351,-0.14357246,-2.3816664,0.7497573,0.29037568
-1.7112793,0.04251045,-0.17713664,-0.42583352,0.5196258,-0.5008814,-1.6693375,0.046784233,-0.13832709,-0.3276126,0.5845303,-0.38962233
-1.6962507,0.03528285,-0.19297202,3.533997,6.354118,-1.9636832,-1.642067,-0.0049751992,-0.12900154,3.8081546,6.4337425,-1.936717
-1.6852849,-0.0029547215,-0.19539063,3.390305,6.4476976,-1.2436688,-1.6601185,-0.021604361,-0.122167595,3.5436885,6.5109,-1.3607538
-1.7136157,-0.028659105,-0.19249801,3.7611897,4.3361473,-2.266655,-1.6905733,-0.038641438,-0.122524776,3.9817457,4.404522,-2.3833673
-1.6805182,-0.059275627,-0.16492368,2.2964306,0.10697666,-2.5004923,-1.6894779,-0.044623815,-0.12719725,2.417696,0.07950914,-2.769004
-1.7145759,-0.056272745,-0.16003643,0.68590945,-1.7459121,-0.7504119,-1.6822352,-0.040155295,-0.13093369,0.8229246,-1.7821131,-1.0974782
-1.755309,-0.06518367,-0.15864648,-1.4656085,-2.3777459,2.885952,-1.7074599,-0.034881577,-0.13426125,-1.4001268,-2.3985581,2.7491775
-1.8135718,-0.041972935,-0.18470682,3.304788,-2.7931793,2.824283,-1.7367191,-0.005435718,-0.12913442,3.4952755,-2.7628624,3.058385
-1.7887932,0.00099352,-0.17990898,2.560851,-1.8361143,-0.657648,-1.7607478,0.002370859,-0.138526,2.676202,-1.859225,-0.41348946
-1.772151,0.031445682,-0.16954146,0.11039716,-2.0973446,-1.8433807,-1.7798731,0.018775059,-0.13875674,0.23663783,-2.2081792,-1.9354827
-1.7421585,0.04491657,-0.15373959,0.05805784,-5.9264193,-0.54444903,-1.7729988,0.059284206,-0.12697792,0.09424468,-6.129804,-0.8999218
-1.6665763,0.111932874,-0.14343978,0.30124754,-7.7354217,1.6772033,-1.7376572,0.09475041,-0.1254375,0.291077,-7.8757243,1.4035317
-1.5781794,0.17789257,-0.14838423,-0.8590805,-6.7436504,3.30871,-1.6687763,0.123527616,-0.11420412,-0.8490346,-6.8050094,3.2361562
-1.5104644,0.25651646,-0.103294276,-4.579149,-8.549496,1.6805729,-1.5670972,0.18816905,-0.09031744,-4.729754,-8.777103,1.4323454
-1.410524,0.29705352,-0.10410752,-4.101394,-2.24579,-3.9638598,-1.5188034,0.21150196,-0.08696567,-4.0963097,-2.3456807,-4.452553
-1.3135214,0.30912894,-0.09283557,-4.2557373,-1.3149252,-0.5258774,-1.446638,0.22662547,-0.078091,-4.397932,-1.4497344,-0.87112904
-1.248481,0.32495332,-0.099665456,-6.231877,-1.265275,0.5261486,-1.3541685,0.23864682,-0.06510774,-6.381306,-1.2866008,0.26164213
-1.1223209,0.2788046,-0.09209841,-1.4661914,-2.9338644,2.019246,-1.2351812,0.2413951,-0.061011095,-1.6143603,-3.0555952,1.8545955
-1.013303,0.28686213,-0.101090245,-1.1579657,-2.1709483,5.66521,-1.1022578,0.22238243,-0.064170875,-1.3148435,-2.2687507,5.883067
-0.87913096,0.2517093,-0.093855284,-4.745101,5.6355543,19.409023,-0.8626739,0.21368489,-0.03277377,-4.696976,5.6972175,18.994818
-0.7525821,0.2291283,-0.07705467,-0.9830107,5.0403337,13.352172,-0.73808515,0.20039517,-0.028816445,-1.0110005,4.978656,13.170494
-0.6240549,0.2392351,-0.05368387,-3.0021553,5.0329294,8.724531,-0.6051161,0.17124446,-0.029705364,-3.0229375,5.014132,8.7803335
-0.49928412,0.23686445,-0.057989262,-0.8837885,3.6829007,6.2222958,-0.51176804,0.1463857,-0.026981622,-0.7912979,3.7993536,6.306303
-0.40631709,0.21781886,-0.05819317,-0.76693004,3.5453207,3.0238323,-0.43077004,0.12609264,-0.015767083,-0.7750509,3.5927963,3.017086
-0.33232108,0.19685513,-0.048297428,0.7094378,2.4761915,6.8172784,-0.35570717,0.11445456,0.00028395676,0.8043487,2.532042,6.7607446
-0.26781175,0.18491095,-0.022777965,0.55457705,-2.6865103,11.094362,-0.2295673,0.08351762,-1.5500578e-05,0.5244348,-2.7707696,10.9768915
-0.23519263,0.15271062,-0.0029532816,-0.26521975,-1.5367913,4.8307457,-0.20590079,0.06679001,7.0412076e-05,-0.28893676,-1.5978981,4.796515
-0.16110858,0.14674115,-0.009227654,-0.9099729,1.1601517,7.332643,-0.15763246,0.04902621,-0.00016407133,-0.9402285,1.0637455,7.1879463
-0.111911565,0.123570204,-0.0042161252,-1.7623755,2.2017682,4.088998,-0.094352804,0.03271775,0.00042695517,-1.8306787,2.2261393,4.091758
-0.045086175,0.10854024,-0.004347628,-2.3415437,2.7452095,4.6593604,-0.037175033,0.014570429,-0.0031008888,-2.386401,2.7154398,4.6797967
-0.015013903,0.075416565,-0.0012700912,-2.4655576,3.0082872,3.435081,0.0046062837,-0.0027638841,-0.010695638,-2.5346894,3.0050368,3.4092853
0.015552074,0.026371539,-0.028785443,2.9327154,5.1420245,11.332444,0.08521006,-0.06592251,-0.026369907,3.2121675,5.144116,11.4387045
0.030261308,-0.014080107,-0.012416383,-0.43826908,2.0383704,5.844276,0.11067185,-0.10490434,-0.01810158,-0.55988234,2.0689838,5.995414
0.058759302,-0.056461513,0.00533008,1.7327977,1.6486002,4.51757,0.11257479,-0.13364325,-0.017260509,1.8561059,1.7556527,4.538495
0.055708855,-0.08198196,0.02002416,1.0376768,0.39528838,4.844622,0.09979725,-0.15742724,-0.019923465,0.9972898,0.42815796,4.8693395
0.055606335,-0.103287935,0.03103874,-0.5785988,0.73128605,7.7922664,0.08018941,-0.18485264,-0.017141722,-0.5706815,0.7660085,7.7833385
0.01175347,-0.1531384,0.010730812,1.4281062,3.264126,10.322704,0.06848217,-0.2099905,-0.0117049115,1.5015628,3.3525112,10.358818
-0.010549635,-0.17340067,-0.0047201123,6.301435,3.2844226,10.012985,0.028674077,-0.24218987,0.0035838466,6.4237556,3.3901806,10.314231
-0.062477857,-0.1935974,0.0005153511,4.278512,-1.337116,3.6119132,0.0013760279,-0.23895288,0.003694467,4.2625566,-1.2752696,3.9302733
-0.08581695,-0.18388212,0.011222223,2.4013882,0.16413006,3.003071,-0.030890575,-0.23093775,0.004403349,2.4300041,0.2585975,3.103243
-0.12120572,-0.15770978,0.012124041,0.97111934,1.982521,4.287334,-0.06678268,-0.21901461,0.013156584,0.97773033,2.0590603,4.267369
-0.15013775,-0.15481329,0.026119003,1.6183566,1.0246179,3.0476534,-0.09425383,-0.19699045,0.018861145,1.6526823,1.112434,3.0077336
-0.18812725,-0.102089226,0.034035273,0.10752696,0.33760205,-0.5791456,-0.13622907,-0.15118703,0.019069651,0.034948364,0.37174138,-0.6663218
-0.2615119,-0.015821993,0.018376777,-6.545179,3.9740627,3.0489347,-0.21785526,-0.053618588,0.03173841,-6.780636,4.038675,3.278481
-0.2994947,-0.044055164,0.018861169,0.46399158,-2.025125,3.3920288,-0.2527008,-0.022227945,0.024400884,0.43268684,-2.0789483,3.4306471
-0.3342395,0.013845801,0.029766807,2.1323922,-4.9706593,3.1929398,-0.3031351,-0.0018234112,0.005905673,2.0319014,-4.9484386,3.2343993
-0.38905916,0.11376464,-0.0043024328,1.0683447,-1.375007,4.31506,-0.35535288,0.030922076,0.00030407208,1.1199216,-1.3534161,4.290631
-0.43209812,0.112145364,0.0012891684,-1.6285814,1.4220816,2.9981117,-0.38690272,0.073492646,-7.3809465e-06,-1.709913,1.5147868,2.9219062
-0.4558753,0.12975532,0.0065507386,-1.8825141,1.0577419,0.22319944,-0.41603276,0.11574318,-0.0022469792,-1.9865979,1.1206608,0.11457156
-0.4605138,0.15159959,-0.012821933,2.1251101,-0.9343246,1.0321196,-0.45454094,0.18233259,-0.009724401,2.121816,-0.9143255,1.0012925
-0.49133107,0.22610879,-0.05167555,1.6169001,2.0593278,2.7293136,-0.47283655,0.20953655,-0.004572953,1.6488932,2.1532798,2.8047357
-0.5198065,0.2730062,-0.042360954,-0.14478856,1.8149168,1.5461699,-0.49871287,0.24681246,0.00028402844,-0.1675174,1.8646324,1.4609108
-0.5474969,0.29855675,-0.026913097,1.4215549,-0.6016328,0.7560211,-0.53267395,0.30396616,-0.0032260823,1.4448035,-0.56727064,0.5791835
-0.57005155,0.36149853,-0.023660084,2.0545623,-3.1702578,0.6768604,-0.56202245,0.34693208,-0.010473901,2.0999684,-3.1924748,0.5506133
-0.6133735,0.43797785,-0.04056021,1.2189497,-3.2697918,0.17369874,-0.59515685,0.395569,-0.015634587,1.2311242,-3.3125894,0.072982095
-0.6449487,0.5068098,-0.049623035,-0.7317156,-2.2233593,1.4237489,-0.61140984,0.51410234,0.0010416578,-0.81194407,-2.2503512,1.3832705
-0.6552309,0.5726579,-0.07826748,-0.8009464,0.28258434,4.6619115,-0.596934,0.57423484,-0.00045300258,-0.8433975,0.3180323,4.7640595
-0.6093837,0.6213355,-0.07519647,-1.0273314,4.459053,0.90977484,-0.57816976,0.6387321,0.00031115316,-1.0698231,4.5700083,0.9073758
-0.5859543,0.69787925,-0.06882524,-0.7576626,4.1140842,-1.214862,-0.5701607,0.688424,-0.0024682647,-0.73169714,4.1862726,-1.380143
-0.59043574,0.75720817,-0.06870333,-0.621126,-0.03538486,-0.9908795,-0.5798607,0.75208306,-0.009504253,-0.58697355,-0.055175994,-1.2335267
-0.59091496,0.80375934,-0.08025076,-0.3234262,-0.54505265,1.6559023,-0.5883705,0.8134619,-0.011177306,-0.27257004,-0.5526591,1.6391243
-0.59404373,0.8889859,-0.11469566,4.7406335,-0.7701057,6.133628,-0.60576487,0.9156684,-0.029996464,4.8513327,-0.75654554,6.353989
-0.6464217,0.98164487,-0.106376775,-1.7683965,-0.40990195,0.45607144,-0.608525,0.9881297,-0.028802328,-1.8734597,-0.40801722,0.5244222
-0.6241386,1.0285923,-0.10393094,-0.8132697,0.374979,-0.74202603,-0.6071445,1.0365909,-0.032414455,-0.73132867,0.41379955,-0.71460444
-0.6157094,1.0622154,-0.105775125,-2.1420004,2.0394194,-2.7933547,-0.6115487,1.0884753,-0.042230383,-2.164039,2.025694,-3.0015416
-0.61853063,1.1724199,-0.1219969,-3.0809026,1.876827,0.93879086,-0.61378163,1.1575044,-0.04836943,-3.0684898,1.8663385,0.84927845
-0.60003924,1.1865585,-0.137018,-0.16817111,2.4255192,1.1315337,-0.5988613,1.2079991,-0.051144503,-0.14054264,2.4352229,1.0255078
-0.6058153,1.2453805,-0.13889018,2.485457,-1.1577986,2.4657462,-0.6124168,1.2908741,-0.08255765,2.491587,-1.1240608,2.6088796
-0.63539696,1.3269104,-0.1475658,-0.709819,-0.5521556,-0.060822178,-0.6231316,1.3229411,-0.09857856,-0.72160923,-0.53556836,-0.010897984
-0.6890476,1.3853178,-0.17134847,-4.637214,-2.6668496,1.5870756,-0.62731,1.374164,-0.11177296,-4.7150974,-2.7367249,1.7771478
-0.6605015,1.3911415,-0.15834133,-5.1460996,-1.0621544,-0.008584665,-0.6278628,1.4192332,-0.12019616,-5.274767,-1.1339813,-0.023322146
-0.6427785,1.4519147,-0.16084456,-5.7074213,1.266418,-1.2184039,-0.6254664,1.4422426,-0.12946405,-5.850437,1.1912696,-1.3007151
-0.62106,1.4347432,-0.14642636,-4.8624196,2.854051,0.50320727,-0.6159985,1.448665,-0.13608576,-4.9347634,2.8190172,0.44613913
-0.6219255,1.4332806,-0.12353838,-10.7756815,6.4907274,0.85350853,-0.5822053,1.4016038,-0.14325644,-10.921062,6.5795503,0.8310635
-0.614185,1.3335623,-0.13363265,-4.1946907,1.6029241,-0.7713954,-0.59438956,1.3377148,-0.14682294,-4.241159,1.5680759,-1.0021819
-0.6313778,1.2469896,-0.1271901,-3.216561,0.26155326,0.14425834,-0.61503744,1.2536882,-0.14739321,-3.2583482,0.18469737,-0.039260056
-0.6969421,1.2025594,-0.1481349,-1.7856365,0.14114669,4.0752425,-0.6496713,1.1523405,-0.13968576,-1.7196225,0.07896706,4.0685477
-0.7247999,1.0429528,-0.15229909,2.2730994,0.77283734,3.7831886,-0.6901513,1.0583701,-0.12528643,2.2738297,0.7692511,3.77414
-0.7658161,0.97055954,-0.1648021,5.425236,3.6116939,0.7545672,-0.7380642,0.9618403,-0.11142061,5.3474174,3.6706924,0.7343881
-0.8172883,0.85207856,-0.16383947,7.2760425,5.3824368,0.9540916,-0.86293906,0.79788387,-0.075008966,7.32788,5.5049033,0.8765099
-0.9262966,0.77453417,-0.14668341,4.9798875,-0.9894885,-0.17629616,-0.9439754,0.7491527,-0.06322526,5.2417307,-0.8766273,-0.35697505
-1.024123,0.7138719,-0.14212294,5.569886,-3.524557,1.1711754,-1.0291046,0.7136721,-0.074850775,5.7372904,-3.4323308,1.1844492
-1.15759,0.7199397,-0.15348868,4.402169,-4.9538236,1.7998513,-1.1141131,0.6929427,-0.08873166,4.5462184,-4.976788,1.9337703
-1.2428421,0.7211922,-0.16414137,3.812193,-2.6085377,0.5620609,-1.202963,0.7022329,-0.09926337,3.9133422,-2.5976808,0.6340865
-1.3050904,0.74731535,-0.16640146,0.896051,0.4456127,0.43599015,-1.2791243,0.73795867,-0.10599314,0.9634109,0.51628536,0.45286304
-1.3790231,0.80811286,-0.16320623,-4.2597823,0.6482321,0.5456341,-1.3845676,0.83968633,-0.11372142,-4.3581114,0.7095615,0.6254794
-1.40878,0.83436143,-0.17959218,-0.02523655,-1.3966687,1.9469671,-1.4158723,0.88170403,-0.12209451,-0.08846197,-1.4144341,2.1163614
-1.4134146,0.9060275,-0.18471818,1.5118297,1.2650445,-1.005391,-1.4475833,0.92448944,-0.13056877,1.4397255,1.3020939,-1.1214269
-1.4818505,1.0203933,-0.19645907,-2.0440166,1.3782053,-2.9007638,-1.4912761,0.96449155,-0.13946104,-2.0381565,1.4215649,-3.0683103
-1.5348326,1.010434,-0.19565956,-2.8685775,0.27688834,0.43580252,-1.5318834,1.0129805,-0.14605263,-2.8247783,0.29737088,0.30095935
-1.5599588,1.0481017,-0.21121563,0.4292156,-0.41992673,-0.24456565,-1.5708758,1.0566962,-0.15003319,0.41123328,-0.45042646,-0.3630137
-1.6011525,1.148414,-0.21879055,4.8663626,-8.180817,-1.9066635,-1.6406533,1.1149445,-0.17788306,4.812806,-8.368036,-1.9663854
-1.660959,1.2008566,-0.24896435,-1.6364208,-2.3210344,-0.40229434,-1.6511846,1.1582371,-0.18697873,-1.6481392,-2.3588793,-0.4131456
-1.6585828,1.21141,-0.24714927,-2.755924,-0.3103091,-2.3011773,-1.6608068,1.205748,-0.1861199,-2.776536,-0.41699934,-2.3087163
-1.6906582,1.2196511,-0.2588185,-1.6872693,-2.3475485,-1.7502056,-1.662528,1.2602476,-0.18869449,-1.7950313,-2.433368,-1.8463109
-1.635791,1.2993716,-0.26529825,-0.7867343,-0.24907938,-1.3309861,-1.6441461,1.3088379,-0.19774409,-0.869179,-0.2827612,-1.3678648
-1.5915307,1.3274008,-0.26099032,-1.657304,3.0341713,-2.0561,-1.6286459,1.3321179,-0.20499368,-1.6774298,3.0744545,-2.091966
-1.6068436,1.355964,-0.2651437,-2.9645452,-0.93862075,-1.9855564,-1.5798033,1.3699256,-0.19571999,-2.9754815,-0.9811865,-2.1544096
-1.5929885,1.3474249,-0.26250118,-0.44297296,-2.6397116,2.608597,-1.564073,1.3774413,-0.19572988,-0.40245527,-2.6904154,2.7202234
-1.5095875,1.373149,-0.2512671,2.8488078,-0.31485543,-1.7904915,-1.5527772,1.3863623,-0.19931126,2.907442,-0.360297,-1.9095953
-1.5300931,1.4127818,-0.26263225,0.81157845,-0.27512446,-1.5697769,-1.5373442,1.3936044,-0.20642905,0.872272,-0.2635594,-1.6158797
-1.5221251,1.3795679,-0.2611701,-1.3254786,-1.0609096,1.0921346,-1.5185096,1.4029655,-0.20511676,-1.2460303,-1.087261,1.1505138
-1.4788953,1.3839194,-0.26301908,1.1107496,-0.4415947,-1.6343702,-1.4799855,1.4200047,-0.19722168,1.1563613,-0.4687636,-1.6200343
-1.4368194,1.4143213,-0.25024572,-3.7003045,3.5354626,-2.5695012,-1.4280112,1.4368244,-0.18381634,-3.7447565,3.6433032,-2.5366395
-1.4284214,1.4190643,-0.25003606,-3.8446865,0.79207176,-1.1390094,-1.3858742,1.4484841,-0.17717779,-3.8027244,0.7891158,-1.1964823
-1.3858958,1.3856843,-0.25215998,0.06613392,-5.723031,-1.7027725,-1.3150775,1.4394511,-0.17315124,0.053874154,-5.8378844,-1.9256951
-1.2410072,1.4731095,-0.22658424,4.9573755,-7.771986,3.7881858,-1.2251629,1.4107726,-0.16791147,5.04553,-7.8024163,3.5564349
-1.2467185,1.4467019,-0.2664975,1.9893249,-5.8296785,0.02629049,-1.184891,1.3966256,-0.16394415,2.0726416,-6.0137467,-0.30229527
-1.1730777,1.3896219,-0.23079829,-0.9609881,-0.12124249,-3.2383425,-1.1821336,1.3998195,-0.15040192,-0.85020256,-0.21340236,-3.5356097
-1.0847862,1.3387209,-0.22898494,0.6832592,5.9682302,-0.69130343,-1.1126419,1.3923438,-0.14752819,0.74243623,6.0041265,-0.8160909
-0.98695076,1.337022,-0.22443257,-0.06953579,4.6446333,0.0772825,-1.0637816,1.392891,-0.14302295,-0.04820257,4.7163606,-0.031391244
-0.9425101,1.3384135,-0.22582822,1.1053444,4.544123,1.8013347,-0.99888545,1.3890727,-0.13810354,1.1984242,4.627856,1.7852801
-0.92491496,1.3266519,-0.20911823,2.054768,2.229092,0.83571845,-0.93961823,1.3837864,-0.1371197,2.1418197,2.296499,0.8571651
-0.92316234,1.3395408,-0.2028506,1.4419469,2.3690221,0.9255448,-0.9205417,1.3826547,-0.1375506,1.5259856,2.476745,1.0397712
-0.9239147,1.3511239,-0.21307094,1.0422078,3.2821715,2.3043559,-0.9218983,1.3827276,-0.1359763,1.1432068,3.337022,2.4770184
-0.9240891,1.3749032,-0.18504117,-4.1687155,1.848328,1.0321788,-0.8966752,1.3876015,-0.122444555,-4.1830583,1.8899779,1.0889629
-0.93111575,1.3681107,-0.18294315,-2.461971,-0.5769569,1.3162581,-0.90222204,1.3925964,-0.117899545,-2.451675,-0.5392684,1.3927355
-0.91296124,1.3438877,-0.18029322,-0.7545199,1.0730538,-0.18663137,-0.90519994,1.3826629,-0.12084789,-0.8014388,1.061505,-0.11785565
-0.9090594,1.3684871,-0.1792958,-0.8237842,2.4705927,-2.2309523,-0.9164709,1.3614131,-0.12903012,-0.81895983,2.4743593,-2.2937562
-0.9305569,1.3344682,-0.18223073,1.0796617,-0.110856384,-1.1795427,-0.9297105,1.3414344,-0.13742423,1.1202476,-0.107042745,-1.3239855
-0.94989896,1.3270158,-0.180227,1.3719772,-1.9183457,0.013462139,-0.9428401,1.3225982,-0.14447875,1.4069037,-1.9475523,-0.15973665
-0.9625604,1.3210727,-0.1826671,-0.8608363,2.0215008,-3.93921,-0.9860301,1.313962,-0.14249773,-0.8604455,2.0456154,-4.0666256
-1.0179005,1.2799438,-0.18675916,-2.7913651,0.87541074,-1.4699849,-0.99505347,1.2993637,-0.13709228,-2.7640111,0.87805206,-1.4815576
-1.0762115,1.2557043,-0.17559002,-8.790879,2.1163986,0.50251347,-1.0163937,1.2263097,-0.13406765,-8.890218,2.1422827,0.56109065
-1.1053627,1.2034488,-0.16548146,-12.425927,1.3392209,-2.5282671,-1.0650766,1.065009,-0.12608474,-12.431242,1.2571003,-2.569799
-1.1339813,1.0320437,-0.1343065,-7.555944,-0.6167749,-4.7859674,-1.1406924,0.8561108,-0.12222269,-7.44924,-0.904284,-5.231297
-1.1651833,0.890973,-0.09904794,-1.3808045,-1.3087153,-4.341143,-1.2038174,0.7064019,-0.13141677,-1.3167206,-1.5896237,-4.619645
-1.2157066,0.7553215,-0.11505207,6.030826,1.7854291,-4.4854026,-1.2362174,0.5994789,-0.13180645,5.9945674,1.6662843,-4.6285315
-1.3163978,0.58540314,-0.12113514,4.54367,-0.9206096,-2.8747857,-1.265004,0.51447165,-0.12715502,4.582264,-0.8677373,-2.8632755
-1.3989409,0.41450542,-0.12940723,4.3832912,-0.7628461,-1.4948708,-1.3071586,0.4317864,-0.12758395,4.4229226,-0.709998,-1.4568377
-1.4411976,0.32267755,-0.1266882,4.024886,0.30588594,-1.0807372,-1.3590322,0.35943502,-0.12748878,4.061865,0.3617044,-0.96681565
-1.4773644,0.28298438,-0.12406982,4.4350715,0.44497755,-1.3508457,-1.4212263,0.29530498,-0.1283511,4.488245,0.47875217,-1.2690805
-1.5194718,0.25312585,-0.12505478,5.2816215,-0.5710618,-0.8592774,-1.4796151,0.24645554,-0.13543506,5.335556,-0.57121944,-0.7581712
-1.5610102,0.27540767,-0.09164133,10.882513,-2.9940982,-5.0816455,-1.5978103,0.20420684,-0.1515584,10.853223,-3.0405953,-5.122687
-1.6365038,0.27474993,-0.1331444,5.034742,-1.3335094,-2.3786128,-1.6604866,0.21365516,-0.15704426,5.1653395,-1.349155,-2.3022263
-1.7002448,0.2752338,-0.14115135,4.3868318,-1.4647892,-1.0743178,-1.7166628,0.24483807,-0.15828289,4.489503,-1.5644959,-1.1367623
-1.7661276,0.30932492,-0.15581442,3.3930526,-0.88322574,0.5513261,-1.7688484,0.2994861,-0.1675491,3.436671,-0.94743186,0.5846491
-1.8062862,0.39893043,-0.15578453,2.2751665,0.17892173,-1.2272042,-1.8149023,0.36504176,-0.17670117,2.27558,0.1740157,-1.2327033
-1.8461438,0.48178244,-0.15894301,2.6120524,-0.7960297,-1.692171,-1.8599637,0.44556263,-0.18582126,2.6056635,-0.8243042,-1.7223442
-1.8882746,0.6234787,-0.13008608,2.822848,-5.953596,-3.6461136,-1.9249476,0.60839313,-0.21532574,2.8062956,-6.09369,-3.7150583
-1.9261863,0.72795784,-0.18491639,0.9254542,-2.3315146,-1.9715868,-1.9482592,0.7157351,-0.22439992,0.92973685,-2.3558006,-1.9850411
-1.941912,0.8425813,-0.19259922,0.26750606,-1.1946002,-3.2422519,-1.9623008,0.82699174,-0.23117293,0.22247778,-1.2105076,-3.431019
-1.9578019,0.9517616,-0.21234937,1.1497232,-0.6688457,-2.6590602,-1.9544634,0.9537562,-0.24579217,1.1525733,-0.6478379,-2.8218353
-1.9376956,1.0877193,-0.23592468,2.2375987,-0.88235617,-1.5638653,-1.9255463,1.0935766,-0.2538074,2.3004842,-0.8520386,-1.6731371
-1.9298279,1.2184343,-0.2560456,2.8319798,-1.7791879,-0.5851168,-1.8980567,1.2456455,-0.25506377,2.906591,-1.762517,-0.633559
-1.9118532,1.3939577,-0.24576555,1.1934224,-7.0413713,-0.46633238,-1.8979914,1.431342,-0.2738797,1.1780196,-7.208182,-0.47941506
-1.8990881,1.542106,-0.2777791,-0.07600719,-5.7631903,-0.62995905,-1.8861253,1.5501901,-0.29121062,-0.05022516,-5.866841,-0.5665757
-1.8156348,1.726112,-0.30095378,2.788299,-7.7910776,1.44446,-1.826078,1.7121004,-0.3051745,2.8367367,-7.8796444,1.5043786
-1.758347,1.8929293,-0.31660587,-0.72552675,-8.033852,0.4175542,-1.715422,1.8857452,-0.3105836,-0.7859439,-8.127465,0.50940436
-1.6478077,2.0377378,-0.32288563,-8.407003,-1.3868737,-4.4633555,-1.6489154,1.9295014,-0.30660892,-8.459513,-1.3483274,-4.471553
-1.5102855,2.1267493,-0.31143004,-16.044743,8.900717,-7.611049,-1.6658361,1.8567405,-0.3140904,-15.93472,8.905046,-7.5813174
-1.390228,2.0529788,-0.32136187,-24.612293,28.687193,-12.142679,-1.4666038,1.8822439,-0.34784225,-24.483892,29.281502,-12.756769
-1.3022145,2.0379481,-0.1892138,-4.6789618,7.348639,-4.770888,-1.2964107,1.9701643,-0.33028263,-4.9363556,7.636858,-5.2449794
-1.3603653,1.9775318,-0.23849411,10.046123,3.7791932,-5.5605416,-1.265001,2.0945153,-0.30772847,9.716848,4.2426915,-5.3086824
-1.4432403,1.983842,-0.28155634,22.483574,5.322143,-4.9750795,-1.3683076,2.3600702,-0.3075119,22.489983,5.80436,-5.088989
-1.4458648,2.094953,-0.26227787,18.522991,5.263345,-6.489544,-1.4196815,2.506996,-0.31620854,18.97576,5.2738733,-6.5851064
-1.4678377,2.2511916,-0.289379,10.322089,-0.18949744,-4.583167,-1.4570066,2.4007907,-0.30843952,10.549477,-0.48533985,-4.633128
-1.6488123,2.503818,-0.36400422,5.3152547,-10.917881,-6.9887147,-1.6745089,2.4169393,-0.3258476,5.3802385,-11.473809,-7.2559385
-1.7596102,2.6510904,-0.43828535,1.4636261,-8.258242,-3.639329,-1.7639028,2.5124743,-0.3650018,1.4866266,-8.487659,-3.8763697
-1.8273925,2.7845798,-0.48499534,1.3790759,-7.4795384,-1.5052401,-1.840476,2.6326888,-0.41539145,1.3603342,-7.5486546,-1.7990444
-1.8990744,2.8184328,-0.5105331,-0.021272127,-3.87443,0.07441743,-1.929103,2.754445,-0.47264493,0.045286063,-3.8965137,-0.16388495
-1.9378811,2.9296322,-0.5230436,-1.76482,-1.2387712,1.7352628,-1.9919018,2.8836448,-0.5226921,-1.7376819,-1.2396649,1.6047927
-1.9636081,3.0771832,-0.54985875,-4.4228234,-2.982593,2.9093504,-2.0237746,3.0324705,-0.5633057,-4.4956264,-3.0666676,2.7705476
-1.9729664,3.31348,-0.6012936,-11.72623,-9.670725,8.763639,-2.0339518,3.2334468,-0.6352792,-11.933919,-9.928075,8.701482
-1.9721395,3.3648624,-0.64405066,-6.8642764,-5.5113215,4.473374,-2.032489,3.3146167,-0.67968065,-6.769603,-5.58973,4.553129
-1.9664072,3.4838083,-0.67246443,-7.019265,-6.1218195,4.0473275,-2.0045998,3.3840125,-0.70854574,-7.0806494,-6.0362554,3.9262772
-1.9319034,3.4926484,-0.68874544,-7.8968654,-5.4424543,3.0955374,-1.9359205,3.4407132,-0.7251256,-7.933002,-5.4932623,3.057722
-1.8004161,3.5262535,-0.691215,-8.201894,-4.017602,1.8973111,-1.8319379,3.4729981,-0.73194945,-8.190175,-4.0735536,1.760857
-1.6667358,3.4570708,-0.6924183,-11.416184,-3.5968678,2.3488817,-1.7001798,3.4931138,-0.71471286,-11.589327,-3.772122,2.0610962
-1.5354971,3.4116855,-0.64334494,-18.005173,-0.80625385,9.7430725,-1.4333009,3.419108,-0.6621133,-18.474857,-1.0298975,9.836915
-1.3075963,3.3277514,-0.58917713,-4.737508,0.7888712,2.2906616,-1.2696244,3.3177094,-0.6275515,-4.8683696,0.56291515,2.341587
-1.1594378,3.2273052,-0.5274831,-5.38135,1.0885764,3.2040327,-1.1321032,3.2050483,-0.5847341,-5.2673664,1.0826286,3.189105
-0.9418833,3.0303078,-0.4697242,-2.8941424,2.9862854,3.1047018,-0.9891704,3.0793054,-0.5312208,-2.8543136,2.9632218,3.2192829
-0.7644502,2.861713,-0.42736822,-3.4440699,2.4045966,1.7593192,-0.79480505,2.915984,-0.4746675,-3.3729312,2.3954208,1.6818979
-0.62464476,2.6976173,-0.39644754,-3.1457083,1.2200522,3.5278568,-0.62698436,2.7394495,-0.4143954,-3.0531266,1.280464,3.4296417
-0.4130138,2.5020266,-0.3310152,-0.9412264,4.241683,-0.12457959,-0.4704986,2.5484495,-0.36375925,-0.90319127,4.170925,-0.19983383
-0.2795712,2.3102984,-0.30187902,-4.3237624,2.513099,-4.3928933,-0.21336702,2.1674407,-0.28731537,-4.1106772,2.479175,-4.8658824
-0.08344188,2.0189376,-0.23845227,-0.9305803,3.2701843,0.21524532,-0.084723234,1.9454348,-0.25185117,-0.53828543,3.4091728,-0.22035566
0.08033016,1.7950985,-0.20707339,1.6453118,5.5875797,-0.4234926,0.03242926,1.717293,-0.2162025,1.7424115,5.5336537,-0.39912546
0.22202507,1.5359596,-0.16892488,5.942922,4.282247,0.20424087,0.14368042,1.5067811,-0.18412185,6.0531645,4.1607146,0.2890949
0.30710253,1.3073221,-0.14203724,5.676761,4.1597543,0.808096,0.22891544,1.2882175,-0.15798444,5.5831766,4.072235,0.82718486
0.31221035,1.1064322,-0.12242364,2.1941607,3.5705378,0.9927276,0.2856953,1.0675657,-0.121723205,2.0955215,3.5458806,1.0138029
0.33741942,0.87532586,-0.09406926,4.8460913,3.4097435,1.7912277,0.32742807,0.7969348,-0.09241189,4.89367,3.4214306,1.753595
0.36426398,0.6981578,-0.089620754,10.859572,4.1785903,3.0125039,0.37790024,0.5213096,-0.078395806,11.014775,4.2435684,2.9936535
0.33756283,0.5444091,-0.069370985,5.3983526,3.3925467,2.7787957,0.3778912,0.4066579,-0.07318036,5.438755,3.4850168,2.8471541
0.30939922,0.37253886,-0.03206703,5.3174977,8.5599985,1.9124032,0.29982948,0.29001054,-0.06259811,5.3463364,8.781222,2.0061562
0.187951,0.23341006,-0.028462218,4.573845,16.120966,-1.5401357,0.14124201,0.18029603,-0.06930361,4.471499,16.333757,-1.4741031
-0.06204149,0.15001023,-0.092708565,1.5197734,27.45652,-4.380762,-0.13999774,0.14160138,-0.10729606,1.0401372,27.974695,-4.523265
-0.26255628,0.07981694,-0.0976151,-3.30515,22.963188,-1.248514,-0.3544984,0.10957394,-0.11504853,-3.7052617,23.03604,-1.5896064
-0.4591734,-0.041080534,0.028232196,-8.143563,3.0172193,5.3990436,-0.41589606,-0.10181486,-0.06401127,-8.225965,2.6155849,5.3644023
-0.7923299,-0.17239797,0.05407367,-22.019424,-10.609492,11.155135,-0.6716221,-0.614407,-0.020536339,-22.33353,-10.792073,11.431417
-1.0798024,-0.43775558,0.023251334,-1.9392115,-10.640259,0.28356344,-0.8962889,-0.70235974,-0.0714116,-2.5649474,-10.928551,0.23137403
-1.2937499,-0.42414725,0.03730736,8.897435,-12.371597,-3.5276768,-1.0801463,-0.6053636,-0.13254414,8.676692,-12.26102,-3.7766833
-1.4973686,-0.46847653,-0.06949522,11.0520935,-11.687879,-3.128904,-1.2770915,-0.47606742,-0.18431947,11.011633,-11.483789,-3.1096632
-1.6898949,-0.64543664,-0.07687529,11.070756,-10.618975,-0.055039573,-1.6807898,-0.48426682,-0.24126963,10.885814,-10.666087,0.025612416
-1.8626474,-0.5897422,-0.16117002,14.852365,2.9108884,-5.0874624,-2.1098645,-0.63971126,-0.27774644,14.902564,2.8741567,-5.2876115
-2.1260524,-0.416237,-0.15201043,20.191223,17.615425,-17.835304,-2.4759777,-0.60766864,-0.32434016,20.32395,17.469122,-17.712896
-2.5159345,-0.5168705,-0.13710211,9.436376,24.216793,-20.722696,-2.7177567,-0.5635873,-0.34430343,9.250956,24.639957,-20.560226
-2.601932,-0.46520054,-0.08189275,-4.499088,-5.4952903,-1.5922389,-2.7403128,-0.6073515,-0.33940023,-4.2590227,-5.367474,-1.6501317
-2.795178,-0.3507619,-0.16535588,-4.6572614,-14.232884,6.2538114,-2.804147,-0.6695778,-0.36148578,-3.9610543,-14.050924,6.472062
-3.0801184,-0.38657272,-0.40991667,-1.5694307,-14.600977,3.403787,-2.9428246,-0.65420973,-0.41261393,-1.3852441,-14.21154,3.767955
-3.2141309,-0.19532317,-0.36072907,-1.2434505,-24.555803,-5.676554,-3.2384546,-0.47337043,-0.5265396,-0.32311457,-25.05862,-6.597154
-3.2146335,-0.24044198,-0.34886083,-1.5153921,-8.817116,10.962642,-3.2863412,-0.4302671,-0.55011535,-0.75058,-8.408774,9.755329
-3.4300096,-0.41327274,-0.561776,-5.7632775,-20.39627,110.60239,-3.3442817,-0.3771643,-0.59507567,-5.134319,-21.89827,109.94541
-3.3470144,-0.274817,-0.33277866,-23.397867,-3.4000735,169.5021,-3.5157223,-0.017522996,-0.65521085,-21.487684,-1.0845549,177.1471
-3.4710822,0.6302581,-0.48494515,-14.831915,6.922941,29.796375,-3.444402,0.26695618,-0.6232933,-14.911988,6.895759,30.06019
-3.1400616,0.618822,-0.3918796,-8.018455,1.7564452,18.003036,-3.3037672,0.60305566,-0.5564177,-7.9221277,1.5220085,17.37315
-2.986851,0.8921987,-0.4315421,1.1041497,-1.2485323,-45.049297,-3.185077,0.8498818,-0.49399066,1.0181061,-1.3051779,-45.062126
-2.1874259,0.861295,-0.5197436,4.559423,1.0158656,-78.51669,-2.9982526,1.1367513,-0.445792,4.5984225,0.641937,-78.328186
-2.4500356,1.1815567,-0.38562545,6.837797,-0.34016335,-51.508488,-2.791186,1.3394473,-0.4260609,6.704962,-0.7824626,-50.434517
-2.5959892,1.3970778,-0.32688117,6.235866,-1.9583173,-42.181347,-2.567633,1.4879463,-0.41439044,6.140674,-1.3941613,-41.70553
-2.1125565,1.3438177,-0.34226432,4.156075,-0.6539449,-67.230156,-2.3264422,1.6110079,-0.4123829,3.6182268,-0.33114392,-66.261955
-1.6878034,1.3075162,-0.28644058,2.6302018,-0.6652491,-97.65062,-2.2023613,1.5974668,-0.4094986,1.565052,-0.889922,-98.10319
-1.6304096,1.3421357,-0.24477716,1.4487914,-0.2742354,-111.33503,-2.0751595,1.5261135,-0.40185714,0.6625909,0.88122183,-111.34621
-2.1383667,1.3494084,-0.30092475,-1.0252169,-4.5205507,-73.59537,-2.0714402,1.5027845,-0.40169322,-0.9815607,-4.2925477,-72.919876
-2.358042,1.2838079,-0.28679833,3.5901127,-8.732485,-43.490063,-2.1475778,1.4412849,-0.37755695,3.6776724,-8.033143,-45.11132
-2.3058903,1.123014,-0.34412274,12.5767145,-2.7827988,-32.895206,-2.1923578,1.2742038,-0.31549913,12.733669,-3.2334344,-33.083065
-2.2050793,0.71277964,-0.28047204,4.3499875,-3.3788164,-24.335419,-2.2170234,1.0030065,-0.2504512,4.2195477,-3.368859,-25.169308
-2.2106886,0.37561727,-0.25075537,2.8004231,-9.199511,-14.978863,-2.2373254,0.5137271,-0.22011633,3.1355515,-9.251908,-15.388191
-2.0669184,0.18383896,-0.2328697,-0.8375456,-0.6034175,1.5714496,-2.1743457,0.27487737,-0.20056297,-0.9853878,-0.13479224,2.2815847
-1.9895924,-0.030362964,-0.20982416,-1.4071838,-0.67122114,8.173355,-2.0270917,0.05749992,-0.18453334,-1.0546865,-0.67261106,8.227038
-1.818365,-0.18040836,-0.1448933,-4.455193,1.4355545,40.125237,-1.8900017,-0.11832763,-0.1766074,-4.7765126,1.0942025,39.297092
-1.6407057,-0.18303704,-0.21903594,-3.4007773,4.035966,76.25924,-1.7472543,-0.2658802,-0.15722877,-4.0216246,3.6330657,75.33383
-1.4552866,-0.3373537,-0.09547927,3.2881584,5.133652,61.26065,-1.5639035,-0.40883964,-0.10568035,4.1990185,5.122071,62.018734
-1.3243539,-0.45958036,-0.12196996,5.601413,6.492222,40.408554,-1.3888377,-0.5180633,-0.08585819,5.658814,6.549071,40.017475
-1.141885,-0.42758805,-0.039944015,7.6555505,6.7290816,49.796276,-1.1559303,-0.5762797,-0.074737735,7.8575673,6.997782,50.21388
-1.0363523,-0.74512196,0.08292822,4.269685,-0.29187858,-14.88232,-1.0276011,-0.5579898,-0.06796528,4.0201015,-0.7418278,-15.297809
-1.0106306,-0.5212488,0.0277913,12.199874,-2.2157187,-109.56711,-0.9098122,-0.48426113,-0.071981184,13.611827,-1.4825575,-111.21525
-1.067758,-0.043915987,0.013593117,1.7696599,1.5778902,-70.24986,-0.9115236,-0.36297476,-0.08778894,1.7628196,0.903487,-69.58908
-0.83449733,-0.22944975,0.05402068,-6.1360188,-1.1342854,-31.893703,-0.83540595,-0.33618468,-0.07526277,-6.1877775,-1.1146333,-31.918388
-0.74522555,-0.23850834,0.07153777,5.8268123,-6.819411,-24.158617,-0.7178591,-0.24777094,-0.03727151,5.49311,-7.3037004,-22.81308
-0.41605565,-0.22092861,0.03068147,7.5639777,-2.6256888,-9.35953,-0.59923637,-0.13849354,0.01382956,7.2029176,-3.258004,-9.114044
-0.65589225,-0.25096405,-0.2986323,-2.944357,6.3743553,96.17914,-0.4236098,0.018008443,0.03989123,-6.455162,8.512654,105.03013
-0.6284584,0.31945837,-0.010309717,-5.870951,6.648546,54.29294,-0.36054415,0.16439897,0.034201104,-6.7282596,6.6399813,52.983673
-0.4167821,0.24939996,0.010053376,-3.0420942,4.974702,36.036694,-0.30530632,0.32334828,0.007932931,-3.2997272,4.9331484,35.941723
-0.5102234,0.47707742,-0.06312456,0.3925541,6.2913713,61.03859,-0.29221806,0.47499213,-0.008266322,0.51553184,6.3925924,60.885155
-0.42602524,0.5987319,-0.010773858,-2.2375078,14.034622,66.912605,-0.38428763,0.7559019,-0.039078724,-2.7757869,16.018282,66.93594
-0.46175632,0.7938292,-0.08706907,7.5963864,19.170292,0.46915323,-0.4340258,0.9506663,-0.067744285,8.050451,19.25442,0.64318055
-0.62568307,0.9029926,0.0026244912,17.028126,18.738274,-31.13441,-0.5694648,1.1660177,-0.099466406,17.305202,19.215698,-28.315119
-0.8413284,1.3323516,-0.17924918,3.6734025,20.300694,-2.272564,-0.8081876,1.3747824,-0.04667206,5.56626,21.635326,-1.3924223
-0.9504014,1.548644,-0.21662769,-3.2296784,-0.47024047,-3.530156,-1.0448413,1.5542033,-0.06736762,-3.4081817,-0.7127265,-3.2225406
-1.3573029,1.7493366,-0.32502067,-4.2516885,-6.594892,-3.3359258,-1.3348023,1.7089356,-0.113988675,-4.730757,-6.645781,-3.335455
-1.6496121,1.8587825,-0.42502454,-13.733758,-13.482706,-0.009230064,-1.5599214,1.7923298,-0.16872191,-13.632346,-13.407706,-0.77184415
-1.807758,1.8302681,-0.40341282,-14.97944,-17.141447,4.4589963,-1.6389517,1.6887847,-0.20626444,-14.981812,-17.172026,4.145574
-1.9229264,1.9048669,-0.32744294,-10.448002,-14.043476,13.876417,-1.8470421,1.7062744,-0.288562,-10.469852,-13.992446,13.990004
-2.0430822,1.8731247,-0.4904538,-17.568981,-13.471858,73.58861,-2.1311662,1.7845323,-0.39326733,-18.399195,-13.490655,73.241936
-2.2491477,2.2184181,-0.51619685,-31.579773,-5.869096,170.51456,-2.2984872,1.8309968,-0.5074456,-32.75254,-5.759065,168.60869
-1.9529306,2.0995975,-0.5463587,0.01483893,-5.3250113,52.689014,-2.1115923,2.024258,-0.50154126,-0.39732432,-5.508331,52.598476
-1.8424927,2.1117363,-0.37410244,2.9360027,-0.979192,26.484612,-1.9514251,2.067316,-0.45990297,7.680945,-3.3527067,25.840582
-1.6639777,1.998273,-0.34075907,3.054511,-2.1938994,19.080257,-1.7385781,2.1019366,-0.39788076,3.2348273,-2.432793,19.183466
-1.3511024,2.1378872,-0.33247152,-3.746737,-0.93057036,14.802125,-1.4895761,2.1319184,-0.3443363,-3.8422272,-0.93145806,14.851352
-1.0317677,2.1770523,-0.31443477,-5.329228,1.7842413,2.423094,-1.1917536,2.151171,-0.31528094,-5.2816706,1.9667253,2.1696818
-0.64270985,2.155088,-0.26905328,0.78976446,3.2193024,-0.7455141,-0.79053587,2.1431518,-0.29365307,1.2999673,3.2004335,-0.5533143
-0.21989456,2.1139874,-0.28738788,11.887304,7.5333033,-2.3631728,-0.15610604,2.0290828,-0.22121918,12.590011,7.861023,-1.5207853
-0.117030114,1.960545,-0.27262285,-3.6707852,5.473634,4.9557877,0.1166289,1.9327973,-0.19212644,-3.7993903,5.955428,5.2263403
0.17562518,1.8211846,-0.22380944,-0.13218993,9.701103,2.259157,0.335117,1.8048874,-0.16770335,0.12303804,9.951184,2.7909064
0.6128756,1.6585102,-0.25685653,2.8365626,8.081446,-48.211147,0.5152383,1.6394721,-0.14812407,2.8053327,7.033008,-49.05419
0.41505066,1.4517114,-0.17746134,5.8429465,6.289921,-79.24112,0.6410043,1.4471508,-0.11499579,4.977385,6.7115474,-79.45314
0.5932851,1.2773381,-0.21088953,3.3806822,7.7983103,-63.526306,0.70636016,1.2927947,-0.10101468,2.7164583,8.8880205,-64.075066
0.6371865,1.2212087,-0.21559341,0.80103606,8.861566,-47.60243,0.69890994,1.1278971,-0.098567136,0.7006113,9.062518,-46.771557
0.52694845,0.8010639,-0.035035573,8.970964,3.4373772,-139.33284,0.4767462,0.9590723,-0.07058096,9.02444,3.2490675,-139.40286
0.4576985,1.0255634,-0.018601676,14.949174,-11.158468,-15.30319,0.4147831,1.0273194,-0.060073968,15.396705,-11.347426,-15.219771
0.36676803,1.2025273,-0.02909257,20.232662,-14.907178,24.446842,0.47692555,1.2663789,-0.06717446,20.109894,-14.818851,24.23816
0.07329866,1.2090632,-0.07476153,12.070788,-19.993628,5.16325,0.29580402,1.3454773,-0.05985377,12.103844,-20.32424,5.337886
-0.026585072,1.3495102,-0.11705444,7.721391,-16.499346,7.14225,0.043293264,1.3629822,-0.035892494,7.390503,-16.736364,7.8676653
-0.00538674,1.6240277,-0.13057242,0.87446934,-5.912805,7.937275,-0.045848586,1.4500022,-0.011066095,1.1829588,-5.679714,7.66439
0.005294353,1.8149215,-0.17152822,-5.123305,-0.7122583,2.5178192,-0.060847037,1.5961125,-0.002662194,-5.120831,-0.8412076,2.5176244
0.0019439161,1.9752321,-0.16482548,-8.959659,-2.7664604,8.715057,0.0074169994,1.8660966,-0.060905334,-9.152173,-2.8883119,9.010667
0.057631522,2.0207107,-0.16724278,-5.8775916,-0.21137217,9.075342,0.05416307,1.9683801,-0.09071473,-5.711947,-0.18766995,9.195334
0.13826373,2.103973,-0.21929826,-1.1718032,3.0881977,8.7919235,0.12076298,2.0775375,-0.12312934,-0.789966,3.198364,9.036027
0.15840879,2.156124,-0.25579354,1.4110783,4.1844673,27.07438,0.18958941,2.1944437,-0.14423846,1.8240027,3.9425397,27.122766
0.1490027,2.0961976,-0.2357213,-4.594792,11.900353,67.36744,0.23555848,2.2763033,-0.1838485,-4.7112365,13.295262,67.54811
0.29881135,2.2412224,-0.21411242,-11.45271,20.074757,69.832504,0.16775489,2.2817905,-0.23476993,-11.725398,21.918264,70.00807
0.037768036,2.1939893,-0.2404383,-17.122597,19.164862,57.341167,0.10752246,2.2575555,-0.27993277,-18.888071,22.662775,62.869728
0.092908055,2.4627042,-0.27868345,-19.8152,19.681747,84.36461,0.3345592,2.0467882,-0.313372,-19.629862,20.078371,84.964066
0.21086255,2.2621953,-0.15276857,-6.956171,7.7078476,-14.8950615,0.3650349,1.9847062,-0.28083417,-4.4011226,5.33603,-31.766777
0.30505624,1.7266436,-0.24735846,3.5438144,7.834056,-47.828983,0.3218042,1.8957881,-0.24056207,4.0170217,8.129067,-48.27208
0.0626584,1.611655,-0.14787622,11.020335,1.9566612,-62.535587,0.32902738,1.8649803,-0.21081327,13.972913,4.2790303,-63.949844
0.3380507,1.6594982,-0.21785279,13.653228,-0.42087758,-37.841995,0.2903404,1.9121181,-0.19847932,13.549707,-0.116054006,-37.610172
0.1468617,1.7619267,-0.15997751,6.6940255,0.030470522,-19.955502,0.11727062,1.7803599,-0.18376075,6.6849055,-0.3590969,-20.159353
-0.20499751,1.7904363,-0.13760604,-1.9052911,-1.4562811,-16.815027,-0.110816956,1.7125765,-0.16560382,-1.9508313,-1.4046285,-16.588942
-0.4333708,1.744535,-0.16316384,-0.68310183,-1.6012417,-9.615919,-0.57138956,1.7593477,-0.1725933,-0.7261666,-1.7941674,-9.844754
-0.6989809,1.7781394,-0.2021821,-3.1737397,-2.4473329,-5.426477,-0.8217892,1.7896167,-0.19896398,-2.9908376,-2.6348565,-5.5557885
-0.9973161,1.8037273,-0.24579073,-6.391422,-5.542575,-4.431401,-1.0460473,1.8200865,-0.22352034,-6.257765,-5.5751615,-4.643009
-1.2832066,1.8015834,-0.2872946,-5.540629,-6.5899477,-4.4337792,-1.2702489,1.8407488,-0.25788635,-5.396099,-6.554141,-4.784604
-1.5041074,1.8211176,-0.33438662,-2.4276044,-8.077223,-1.9864028,-1.4500368,1.8490326,-0.2798998,-2.3054323,-8.140571,-2.3997548
-1.6489965,1.8554219,-0.35498884,0.7734975,-9.577393,1.3172363,-1.5886103,1.861009,-0.3029347,0.91077334,-9.730881,0.978934
-1.8122956,1.8103508,-0.36495614,-8.889547,-5.426592,-3.7337668,-1.7599242,1.7720747,-0.32906914,-8.730123,-5.1932445,-3.6621275
-1.9056545,1.6505493,-0.39618587,-16.004425,-6.5298185,-3.7413356,-2.1116145,1.4082946,-0.3470667,-15.9737625,-6.6585975,-3.7281616
-2.0256982,1.5475714,-0.312072,0.34773022,-4.3431554,-0.9177646,-2.142255,1.4138316,-0.36496842,0.35870746,-4.7003593,-1.4877204
-2.1152134,1.5239342,-0.324496,1.402083,-6.0823593,-0.50460213,-2.1741102,1.419826,-0.3802817,1.2520856,-6.2053056,-0.55924284
-2.234796,1.4196408,-0.32650495,1.5327033,-6.648775,0.048106503,-2.206329,1.3997687,-0.382425,1.5531892,-6.6445317,0.20339912
-2.3053372,1.2818536,-0.3253191,1.2718171,-6.196221,-0.9642398,-2.2296224,1.3663913,-0.37577686,1.3107287,-6.228008,-0.7532187
-2.2849932,1.2677159,-0.3243043,1.638581,-5.169374,-1.3796829,-2.235944,1.3248028,-0.36731252,1.6710885,-5.2497063,-1.2363151
-2.248841,1.2479801,-0.31706348,2.2306056,-4.618449,-1.6559626,-2.2262466,1.2741446,-0.35108495,2.2540638,-4.7167993,-1.5489522
-2.1992006,1.2498742,-0.28457084,3.868428,-5.3337026,-5.1308365,-2.15758,1.2189717,-0.32996535,3.9220886,-5.416738,-5.1209183
-2.1292775,1.1816704,-0.3046605,2.2469792,-1.8206316,-1.4243907,-2.1010203,1.1842858,-0.31182423,2.3178616,-1.8565264,-1.4075925
-2.0617287,1.1435707,-0.2870946,2.0853972,-1.5757834,-1.6404268,-2.0452285,1.1598538,-0.29577583,2.2065382,-1.6343971,-1.5763206
-1.988493,1.1225867,-0.26808625,2.0992534,-1.149276,-2.7654095,-1.9883444,1.1424863,-0.27951196,2.182182,-1.1830043,-2.7252502
-1.907122,1.1069139,-0.26065266,2.3633323,-0.57731795,-2.0861566,-1.918734,1.1311004,-0.2614451,2.4528432,-0.6227982,-2.0746484
-1.8394889,1.0957322,-0.2553115,2.342567,-0.12460032,-1.2996408,-1.8467674,1.1217418,-0.24363053,2.4374104,-0.15908028,-1.264284
-1.7678391,1.095745,-0.24293889,2.2191184,0.34980872,-2.0120227,-1.7739774,1.1178105,-0.22486264,2.3233123,0.32417855,-2.0055616
-1.6795034,1.1031456,-0.22558552,3.299431,1.8193594,-3.698035,-1.6529535,1.1193796,-0.20522039,3.409006,1.80227,-3.798846
-1.6142867,1.111672,-0.2227755,1.1368941,1.1686218,-1.7940336,-1.5877906,1.1292908,-0.19597349,1.2285082,1.1891102,-1.825277
-1.545617,1.1230353,-0.21134797,0.9710379,1.2892936,-2.5393043,-1.5257046,1.1458732,-0.18731348,1.0820926,1.257534,-2.5905933
-1.4885391,1.1395996,-0.2127065,0.8102879,1.277585,-0.8023526,-1.4760526,1.1619884,-0.18642682,0.8621916,1.2861522,-0.7437318
-1.4255018,1.1741084,-0.19834743,0.6413316,1.4264216,-2.5096471,-1.4281949,1.1867851,-0.17961401,0.67602426,1.4050055,-2.5446386
-1.3905387,1.1950527,-0.20346713,0.7114286,1.4269469,-0.9170684,-1.389363,1.2080065,-0.17651841,0.7475228,1.4367824,-0.86910075
-1.3540114,1.2194744,-0.1992882,0.5513908,1.3586488,-1.2446896,-1.352451,1.2256162,-0.17664994,0.5828514,1.3518842,-1.2246853
-1.3127525,1.2490193,-0.19236913,0.6017937,2.7595406,-3.1032436,-1.3034489,1.2674545,-0.17659791,0.6314448,2.8056211,-3.1449645
-1.2949055,1.2802559,-0.18848072,0.15802115,1.3427798,-2.5367308,-1.2857709,1.2945248,-0.17632449,0.16099782,1.345101,-2.5676045
-1.2868161,1.3018742,-0.2004719,0.021564897,1.3148739,-0.53289336,-1.2765249,1.3208418,-0.17743091,0.05287895,1.3463873,-0.46934137
-1.2772042,1.3323872,-0.19987817,-0.13447374,1.1991372,-0.92932695,-1.2749476,1.3417319,-0.18429019,-0.13490753,1.2159921,-0.90059805
-1.2744871,1.3649967,-0.19596116,-0.20634764,1.1629303,-1.9798418,-1.2746276,1.3637028,-0.18599616,-0.2133433,1.1846162,-1.9799199
-1.2834257,1.3866823,-0.20330204,-0.2471624,0.75246334,-0.8457522,-1.2799582,1.3884927,-0.19179392,-0.24721803,0.77405214,-0.79150456
-1.2936536,1.4081779,-0.20623256,-0.40298384,0.5916726,-0.87621516,-1.289295,1.4123224,-0.19590415,-0.41117737,0.6147936,-0.83750904
-1.3122982,1.4318997,-0.20823611,-1.160011,0.6995775,-0.9088957,-1.3154682,1.4412556,-0.20518626,-1.2036749,0.72651064,-0.8606076
-1.3296063,1.4470283,-0.21138246,-0.62200326,0.1304653,-0.9513435,-1.3349831,1.4527081,-0.20574132,-0.6280327,0.13272604,-0.9153904
-1.3486128,1.464135,-0.21376877,-0.5943082,-0.048987176,-1.3752483,-1.3601161,1.4686702,-0.2068319,-0.6249148,-0.029005062,-1.3592491
-1.3743776,1.4757397,-0.22476308,-0.62980765,-0.17530182,-0.1105551,-1.378306,1.4785885,-0.2136187,-0.6466508,-0.16192581,-0.048357714
-1.3951309,1.4823843,-0.22600807,-0.4336794,-0.29865214,-0.6218352,-1.3984926,1.4862378,-0.21594885,-0.44534916,-0.2859218,-0.5976407
-1.4156703,1.4886428,-0.2269351,-0.55464715,-0.35652268,-0.81455964,-1.4200846,1.490368,-0.21529698,-0.5760059,-0.34211966,-0.7861029
-1.4334879,1.4920089,-0.22849144,-0.7071982,-0.43862292,-0.84797615,-1.4398254,1.4904519,-0.22037624,-0.7239172,-0.4292652,-0.82321405
-1.4563951,1.4937598,-0.22660527,-1.1937658,-1.1833489,-1.003683,-1.4734231,1.4888912,-0.2255066,-1.2332859,-1.2044877,-0.9930736
-1.4712073,1.4838508,-0.23609306,-0.70914334,-0.6896758,-0.21935312,-1.4906806,1.4810271,-0.22556113,-0.7132331,-0.68548995,-0.18500623
-1.4835665,1.4763068,-0.23295675,-0.6291389,-0.6339256,-1.1992308,-1.5079306,1.4708687,-0.22554599,-0.6540417,-0.6345677,-1.2233427
-1.4966028,1.4638247,-0.23398216,-0.48588067,-0.5972563,-1.3628556,-1.5174214,1.4563975,-0.22559096,-0.5022488,-0.5998118,-1.3931948
-1.5095017,1.4443126,-0.24105604,-0.4455207,-0.5884238,0.25647527,-1.5250729,1.4466993,-0.22541809,-0.45571497,-0.58011204,0.30421862
-1.5163318,1.4294387,-0.23721983,-0.29513294,-0.7080579,-0.3590836,-1.5338296,1.433173,-0.22599255,-0.30726612,-0.715036,-0.35811636
-1.5225416,1.41426,-0.23389114,-0.084224164,-0.80449396,-0.8177342,-1.544138,1.413649,-0.22099045,-0.09299255,-0.8146707,-0.8274169
-1.5245444,1.3961548,-0.22919568,-0.024870817,-1.1761941,-1.4382535,-1.5494097,1.3800007,-0.21594746,-0.029582327,-1.2015462,-1.4835248
-1.5210509,1.3709921,-0.23147672,0.13637012,-0.54941213,-1.006246,-1.5495864,1.3569539,-0.21464083,0.1472643,-0.54801375,-1.0485526
-1.5193547,1.346672,-0.22885102,0.31861728,-0.56698775,-0.9162552,-1.5488088,1.3364347,-0.20824918,0.33024722,-0.58009,-0.96716297
-1.5147946,1.3234228,-0.22328573,0.44496304,-0.5024833,-1.4632903,-1.5419931,1.31122,-0.205724,0.4614163,-0.5149769,-1.547966
-1.5098387,1.3009527,-0.22028741,0.49079484,-0.46333322,-1.5391914,-1.5399824,1.2917362,-0.2064236,0.50656503,-0.47453088,-1.6242442
-1.5072161,1.2806957,-0.22222717,0.51382166,-0.5394742,-0.743844,-1.5353539,1.2761627,-0.2010997,0.53314614,-0.5510568,-0.7923587
-1.5041444,1.2619991,-0.22472869,0.50366515,-0.5044119,0.29634935,-1.5255768,1.2569695,-0.19668344,0.531023,-0.508493,0.28909543
-1.4895749,1.2449207,-0.21651895,1.1378325,-0.46577176,-1.1717821,-1.5080739,1.2260029,-0.18708669,1.1949168,-0.47740614,-1.2648977
-1.4809105,1.2334296,-0.2153234,0.6259747,-0.14602706,-0.66086024,-1.4933901,1.2169839,-0.18642564,0.653837,-0.13486265,-0.7005037
-1.4673425,1.2211137,-0.21227552,0.5415637,-0.15972766,-0.6506714,-1.4827116,1.2081884,-0.18605727,0.5775935,-0.16939296,-0.6990751
-1.4542156,1.2087052,-0.2092899,0.3696038,-0.02747163,-0.49494904,-1.4675304,1.1931075,-0.1797821,0.40264195,-0.028644204,-0.5441057
-1.4398743,1.2008231,-0.20348574,0.45632118,-0.09633359,-1.0047916,-1.4563092,1.1872106,-0.1766749,0.48889646,-0.10537088,-1.0795916
-1.426797,1.196225,-0.20217633,0.5543563,0.038977657,-1.0286173,-1.4432217,1.1825144,-0.1763918,0.58886707,0.035146076,-1.1020811
-1.4178145,1.1904659,-0.20483123,0.61378616,0.03539959,-0.18339841,-1.4327581,1.176755,-0.17705445,0.6568076,0.03551102,-0.21596228
-1.4008752,1.1882294,-0.19892581,0.9004553,0.11767277,-1.4262816,-1.4124036,1.1768402,-0.16750148,0.95393264,0.11803014,-1.532317
-1.3921738,1.1914738,-0.19741814,0.39854997,0.18775484,-1.1382016,-1.403126,1.1766914,-0.16668345,0.42305422,0.19146596,-1.2290251
-1.3853327,1.1905177,-0.2015178,0.41273147,0.02289364,0.0945905,-1.3947829,1.1770821,-0.16673346,0.46592218,0.019582013,0.06793623
-1.3732772,1.1959908,-0.19519734,0.414388,0.09968576,-1.0791088,-1.3860701,1.1833527,-0.16670786,0.45301175,0.09640527,-1.1776077
-1.3647994,1.2045974,-0.1950893,0.3645752,0.18406752,-0.9712853,-1.3768098,1.1924661,-0.16671501,0.39999112,0.18222386,-1.0519311
-1.3625842,1.2093577,-0.20096481,0.25549394,0.038731728,0.26743466,-1.3735517,1.1960387,-0.16671258,0.2962044,0.039927874,0.25300834
-1.3571733,1.216488,-0.19917785,0.23328608,-0.00123289,-0.11745231,-1.3689858,1.1994143,-0.1667132,0.2764505,-0.0063390685,-0.16555299
-1.3500812,1.2305131,-0.19577591,0.06766516,0.29663846,-0.96209735,-1.3632102,1.2231771,-0.16671301,0.09186263,0.30014074,-1.0357046
-1.3483826,1.240916,-0.19752002,0.00798684,0.012719484,-0.47969645,-1.3622913,1.2267828,-0.16671339,0.032610115,-4.3448115e-05,-0.5321334
-1.3447948,1.248818,-0.1980616,-0.17103392,0.07378867,-0.4960963,-1.3557262,1.2335442,-0.1667103,-0.14188397,0.07599696,-0.55093336
-1.3414775,1.256475,-0.19990586,-0.07193285,0.20816842,-0.37409323,-1.3533202,1.2423242,-0.16672468,-0.03653579,0.21052127,-0.43594098
-1.3435773,1.2691307,-0.19771224,-0.7125179,-0.2062377,-0.31979316,-1.3533645,1.2510138,-0.16667467,-0.7143434,-0.22637284,-0.3695113
-1.340157,1.2776262,-0.18737224,-3.1134484,-0.49869525,-0.33620185,-1.3531884,1.2586478,-0.16684185,-3.1801145,-0.51293904,-0.37706167
-1.3393314,1.2683,-0.19504875,-1.1745925,-0.12883052,-0.3302092,-1.3537961,1.2688475,-0.16623461,-1.14196,-0.1479094,-0.39518604
-1.3322085,1.267223,-0.19741124,-0.0009209546,0.0019029104,-0.8389484,-1.3447787,1.2772382,-0.1752399,-0.0019681924,-0.0012101858,-0.909575
-1.332318,1.2683952,-0.20208909,0.0073707667,-0.0019777096,-0.11472814,-1.3434458,1.2829084,-0.17660847,0.001856259,0.00037160146,-0.13004926
-1.3283567,1.2656665,-0.20137803,-0.002124134,0.002623769,-0.32500786,-1.3435744,1.2849698,-0.17648055,-0.00019583668,-5.0541228e-05,-0.3579744
-1.3275155,1.2691895,-0.20222844,-0.0016208324,0.0043043816,-0.17267005,-1.3434678,1.2904699,-0.17652892,-0.00016957874,-8.2888684e-05,-0.1994858
-1.326958,1.27496,-0.20316382,0.0020632115,0.0054085576,-0.066332504,-1.3487375,1.2943063,-0.17651615,0.0006103538,0.00024022759,-0.0818575
-1.3284969,1.2784462,-0.20355256,-0.0022845897,0.008015605,-0.07887213,-1.3530641,1.2943355,-0.1765233,-0.0010969003,-0.0003337823,-0.09587469
-1.3304743,1.2806273,-0.2041068,0.00076645287,0.006242367,-0.04015963,-1.3534398,1.295,-0.17650908,0.0028120694,-0.00026115586,-0.05324363
-1.3316442,1.281206,-0.20335163,-0.0018656882,-0.012536434,-0.2678873,-1.3556223,1.2860996,-0.17646962,0.0015508946,-0.021749225,-0.2993513
-1.3349063,1.2792509,-0.20503601,-0.004266921,0.08460775,-0.015000271,-1.3608084,1.2842025,-0.17653385,0.004125135,0.0803178,-0.028666569
-1.3443719,1.280581,-0.19292131,-1.4839076,-1.9683943,-0.051543403,-1.3633478,1.2790539,-0.1761116,-1.5384991,-2.0505927,-0.06734542
-1.3430446,1.2806118,-0.18589379,-5.522855,-5.3384705,-0.14638536,-1.3682723,1.2750378,-0.1602482,-5.6129556,-5.4575167,-0.16266172
-1.3190134,1.2606539,-0.18341757,-9.038304,-4.0976696,-0.24866359,-1.3678786,1.2659624,-0.08918493,-9.143755,-4.074263,-0.23866561
-1.3022845,1.1829561,-0.17736068,-4.4989862,0.10528061,1.6802984,-1.3563286,1.235038,0.117342174,-4.515813,0.16540414,1.8419852
-1.2581335,1.1067988,-0.14910527,-0.2307666,-4.3939695,3.7633436,-1.2791336,1.1152798,0.18102814,-0.12294885,-4.4560766,3.9702623
-1.1995832,1.0274653,-0.120225675,-0.4686429,0.80412346,-0.60760754,-1.2311995,1.0241411,0.09674288,-0.37214458,0.91362655,-0.59752196
-1.1305816,0.9343649,-0.1197255,1.5969878,4.593692,-1.2692472,-1.1941835,0.94799674,0.07722429,1.6243562,4.640845,-1.3810611
-1.0838908,0.83177185,-0.08896326,-0.3971414,0.5803365,-0.40376467,-1.1343389,0.86867535,0.064253345,-0.4224738,0.60712177,-0.36164284
-1.0463609,0.7510772,-0.07246002,-1.6692084,-1.1753954,1.1826793,-1.0642724,0.7853579,0.019777065,-1.7097296,-1.1718609,1.1816101
-1.01901,0.6709707,-0.08402387,4.968832,0.29258505,1.1532596,-1.0133176,0.6924767,-0.029944967,4.9632187,0.22186379,1.0871675
-0.9648447,0.604105,-0.11753238,18.381968,2.8237998,1.5330852,-0.9068761,0.53725004,-0.28321275,18.39374,2.8222132,1.3960497
-0.9151341,0.6063919,-0.12301145,5.4051247,1.7359055,-0.35519284,-0.87051326,0.5076192,-0.26750138,5.7008214,1.7472296,-0.24467757
-0.8588568,0.5431036,-0.091251895,2.136806,-3.9329221,1.5057515,-0.8451278,0.5060738,-0.21331264,2.377576,-4.000935,1.5921261
-0.795681,0.5638898,-0.09551052,-2.7317271,-18.580875,1.9254419,-0.81268954,0.5286236,-0.283171,-2.3203855,-18.5362,1.9535375
-0.78329265,0.62097895,-0.21105962,-1.6877446,-12.81127,-6.0634856,-0.74763376,0.56161255,-0.49612936,-1.5707518,-13.016182,-5.8940935
-0.6602856,0.735934,-0.3030034,12.69951,13.881066,-2.5237157,-0.6215493,0.5843573,-0.59685326,12.84408,13.170493,-2.783635
-0.46311745,0.75504434,-0.1937563,2.0962694,12.861298,0.008554293,-0.37808684,0.69652784,-0.3189133,2.1786473,12.779577,0.10867852
-0.30455574,0.77189314,-0.07431742,-3.691493,5.5564575,-0.0463969,-0.32206377,0.7898238,-0.26057896,-3.724357,5.7542777,-0.35471058
-0.29680154,0.87322855,-0.09998306,-7.551832,7.3374853,0.19554646,-0.2952925,0.8542745,-0.18547973,-7.5258884,7.276401,0.341393
-0.28944334,0.92912173,-0.10721537,-4.4157286,8.398972,-0.100017235,-0.29135534,0.9205024,0.06673007,-4.230941,8.443952,-0.096327394
-0.20794627,0.91723025,-0.013244992,-0.093223274,7.1311665,0.64070946,-0.30442658,0.95817286,0.26215902,0.14640097,7.2435107,0.7813925
-0.3106707,0.9772732,-0.089232065,0.4286484,5.9537377,0.3714319,-0.31909704,0.9666753,0.08737766,0.39892125,5.9034414,0.43896866
-0.34773847,0.98697305,-0.0568408,1.8521926,-6.03961,3.1940758,-0.4238025,0.9898331,-0.005926949,1.8641589,-6.2467546,3.56541
-0.401356,0.9999846,0.06386653,-7.824468,18.834875,-3.7473347,-0.49800766,1.0060765,-0.11500465,-7.9543214,18.681526,-3.6755772
-0.5244167,0.98712045,-0.06998647,7.9345107,30.418451,-4.336761,-0.57458687,1.0258285,0.05638325,7.725118,31.192175,-5.1006923
-0.6992003,0.9872257,0.26597548,24.876213,13.507545,3.1114442,-0.73292816,1.022487,0.31994826,25.451832,13.120275,2.876592
-0.8657515,1.1682247,0.02967907,13.161834,9.178714,-1.1957005,-0.93135685,1.0387881,0.29448724,13.7475605,8.444158,0.20732565
-1.1453928,1.233755,-0.056901775,12.179713,9.293287,-3.5328486,-1.2256535,1.136032,0.039876055,11.933433,9.204725,-3.1103451
-1.7021452,1.3469849,-0.24265422,-12.791682,-21.8102,-1.4074742,-1.624089,1.3421626,-0.041663274,-12.279377,-22.119684,-1.2455744
-2.062312,1.470903,-0.08919271,-40.499516,-40.72254,6.8250675,-2.1832936,1.7029283,-0.16690782,-41.605526,-41.498253,7.492517
-2.2617865,1.5694044,-0.3220209,-5.6261754,-14.482294,1.9817041,-2.3178713,1.7810724,-0.2854022,-5.619895,-14.55133,1.8731675
-2.2204843,1.6620603,-0.34637445,-4.5730963,-11.278091,-2.0844395,-2.4581776,1.8082492,-0.32139727,-4.674013,-11.332982,-2.1194065
-2.3517032,1.7054477,-0.37785277,-1.4735304,-7.9900746,-0.057451416,-2.5460362,1.7989441,-0.3455004,-1.3869644,-8.271401,-0.18687108
-2.4209146,1.7585384,-0.375101,-5.8506837,-5.6575594,0.32849056,-2.572486,1.7831928,-0.3734035,-6.001965,-5.500813,0.38051906
-2.3916745,1.7209501,-0.36452526,-5.627579,-4.2065744,0.1221226,-2.55974,1.7410818,-0.35469347,-5.7116265,-4.203848,0.12993993
-2.381616,1.6570144,-0.34851345,-2.8112936,-4.5370483,0.43846828,-2.5190291,1.685751,-0.33636802,-2.893919,-4.605185,0.46584612
-2.3551838,1.5883338,-0.34247568,-1.707595,-10.296934,0.851446,-2.398349,1.5613505,-0.28226152,-1.6820945,-10.401342,0.8650268
-2.255305,1.4744402,-0.32288978,-0.08959931,-3.702491,0.4624973,-2.2852736,1.4739596,-0.2516978,-0.044761483,-3.7219663,0.5511027
-2.1533768,1.3704756,-0.30419108,1.5580348,-3.2849138,0.34868222,-2.1949275,1.4083017,-0.26904258,1.5764195,-3.2613056,0.38267532
-2.0126266,1.274117,-0.30982038,3.6970763,-1.8318279,0.35727626,-2.0517375,1.3060812,-0.36273482,3.6060216,-1.8738415,0.38476667
-1.8752483,1.1924717,-0.29880682,3.2319717,-0.28891486,0.9206925,-1.8932402,1.2168022,-0.44234794,3.1672368,-0.39529076,0.9455036
-1.6940451,1.1538286,-0.32031053,10.6600275,15.810179,-1.438985,-1.7295762,1.1418599,-0.40046367,10.4768095,15.474143,-1.2925189
-1.3710244,1.1675863,-0.22883362,25.787329,34.373077,-1.9082555,-1.5985281,1.0956548,-0.1790589,25.649225,34.322483,-1.522154
-1.3772204,1.0988266,-0.22853246,9.908298,10.748989,-4.3918686,-1.579671,1.161774,-0.047244906,10.661887,11.616622,-4.7231474
-1.625121,1.1883589,-0.2408862,-19.500656,-23.5493,-0.47047585,-1.6916006,1.2788166,-0.0604637,-20.035034,-23.3059,-0.0551403
-1.6948287,1.3740215,-0.25234476,-10.416608,-15.801036,3.6420386,-1.76082,1.3967716,-0.032280937,-10.499549,-15.975565,3.97541
-1.6765639,1.4497901,-0.24925108,-5.741573,-9.832659,3.391168,-1.7374525,1.4448334,-0.08877244,-5.719442,-9.944337,3.4271245
-1.6605189,1.4058539,-0.24368022,-1.2840208,1.0348592,-1.6076678,-1.6837856,1.4416116,-0.13189688,-1.2980982,1.260528,-1.4274887
-1.5585383,1.3639549,-0.21016021,-2.8462105,-2.1130478,1.2114867,-1.530562,1.4011186,-0.11379645,-3.0511734,-2.1692183,1.5622224
-1.4231585,1.3355929,-0.19577804,-1.5629743,-1.5256045,0.50658685,-1.4448661,1.3756964,-0.111323655,-1.5989211,-1.4638817,0.654675
-1.3379856,1.310521,-0.1865337,-1.0017778,-1.6894588,1.3181809,-1.3529537,1.3493966,-0.09456022,-1.0345683,-1.7719184,1.4313139
-1.2374773,1.2835436,-0.16872193,-0.5231909,-1.0150359,1.0099837,-1.2537162,1.3233421,-0.08174191,-0.55277574,-1.0300207,1.164448
-1.1067466,1.2409757,-0.16261284,-0.97355497,0.8005466,0.32370526,-1.1188773,1.2850264,-0.075561866,-1.021824,0.80512136,0.4268305
-0.96420634,1.1892911,-0.16010152,2.5719805,2.7624109,0.5730265,-0.9078889,1.2112126,-0.04840345,2.5880563,2.7690291,0.6248182
-0.84388316,1.1551201,-0.14116874,0.4229887,2.2771304,0.9498864,-0.8029096,1.1569672,-0.03285257,0.4103318,2.3379345,1.03073
-0.7202867,1.1115029,-0.11677527,0.18427342,2.5622618,-1.2097851,-0.6989997,1.1066854,-0.034077346,0.2119188,2.5605197,-1.2530509
-0.6065539,1.0694658,-0.088283606,-0.46847755,2.9883306,-2.285989,-0.5904507,1.0661752,-0.031033782,-0.4604352,2.9977734,-2.3815923
-0.4375423,1.0496211,-0.08069586,13.3461485,7.2084036,-3.1111982,-0.4254162,0.9857676,-0.19123206,13.5004225,6.9856443,-3.4745767
-0.3967587,1.0499557,-0.109209575,5.7896867,5.63161,-2.0705104,-0.33508363,0.9582363,-0.33728874,5.814875,5.5528135,-2.2508228
-0.33574435,1.0407946,-0.11707609,2.771864,5.670227,-1.4963518,-0.2897181,0.964592,-0.32398167,2.9226322,5.619013,-1.6976041
-0.31208977,1.0544391,-0.12105594,1.6542034,4.49879,-1.0279466,-0.2719162,0.99411094,-0.2550655,1.8238617,4.5304875,-1.114265
-0.28924808,1.127088,-0.13434926,2.1949906,7.661916,-0.17050998,-0.2799618,1.0733796,-0.18453899,2.3368242,7.7290854,-0.18868093
-0.32757446,1.1777081,-0.11201794,0.68006915,2.7857518,-0.042055536,-0.3121968,1.1285806,-0.16553733,0.7245113,2.7498581,-0.06072813
-0.3814009,1.2343175,-0.09420099,-2.4435914,-0.39553872,-0.32851762,-0.35623354,1.1802858,-0.16489127,-2.4676325,-0.39536417,-0.31082854
-0.4050643,1.2770922,-0.10592898,-5.497646,6.9584007,-1.3793892,-0.40413436,1.2300206,-0.18390743,-5.497063,7.106272,-1.4446907
-0.48752174,1.2771909,-0.192068,4.120746,21.687164,-3.2752888,-0.56362873,1.3211418,0.2188865,4.6006346,21.869202,-3.3487287
-0.71705997,1.3490144,-0.08857865,-6.4342713,-14.800739,-1.0047697,-0.7305634,1.3747787,0.28043133,-5.978739,-15.646325,-1.0823721
-0.8942672,1.3360386,-0.12863818,3.1073287,-7.9411182,-0.28277963,-0.88216376,1.4184817,0.09156607,2.9559267,-7.848301,-0.15636322
-1.0006795,1.4098941,-0.16116479,-0.26128227,-8.477615,0.77203065,-0.95076543,1.4333034,0.02270666,-0.47023925,-8.653675,0.74229926
-1.0786344,1.4329704,-0.170399,-2.5491924,-1.3677489,4.0063357,-1.0476185,1.4528213,-0.054260265,-2.5027964,-1.233503,4.228141
-1.0568162,1.4476581,-0.17265753,-0.66741186,0.45050898,1.5217801,-1.0840615,1.4755617,-0.09807211,-0.5151311,0.45110953,1.5345187
-1.1070101,1.5015612,-0.16000889,-1.2617387,-2.1485114,0.7148388,-1.1142414,1.5029463,-0.10342652,-1.2806422,-2.2475214,0.7948737
-1.1090312,1.5251485,-0.1509312,-1.1015484,-1.1072569,0.08914001,-1.1435665,1.5220109,-0.101530135,-1.122029,-1.0918807,0.14755154
-1.1421897,1.5412183,-0.16082047,-1.7661017,1.1204022,0.45539027,-1.2152051,1.5621088,-0.12410767,-1.8149178,1.180376,0.4918143
-1.17568,1.555138,-0.1629829,-1.2412983,0.57578456,0.89198166,-1.2332814,1.5702598,-0.14066048,-1.2429298,0.5378181,0.9424757
-1.2035373,1.5654383,-0.16891043,0.024669107,-0.41582233,2.0908356,-1.2499251,1.5713986,-0.15080759,0.038114406,-0.45029965,2.18694
-1.2271895,1.5778885,-0.18635689,1.020343,1.6919253,1.099321,-1.2976044,1.5819103,-0.15915738,1.0058964,1.722766,1.150032
-1.269219,1.5885663,-0.17497067,-1.31591,1.4969223,-0.09892695,-1.3407552,1.5885499,-0.16854686,-1.3866183,1.4974077,-0.06562654
-1.3296467,1.5955468,-0.18319377,-3.3405743,-4.013886,0.49375015,-1.3923007,1.5955936,-0.18328159,-3.4455202,-4.215821,0.54324883
-1.3617458,1.5841203,-0.20385823,0.5017567,-4.018203,0.7999266,-1.4177097,1.5932674,-0.19963837,0.55591655,-4.0994263,0.8033544
-1.3833534,1.5902281,-0.23429824,3.3755872,-2.7944288,0.6605714,-1.4308121,1.5853152,-0.2639432,3.418913,-2.8014894,0.6262077
-1.3920971,1.599464,-0.26370898,4.6805525,-0.5522247,-0.024814771,-1.4264852,1.5796155,-0.3939694,4.7326355,-0.57597077,-0.07282267
-1.3838176,1.6192201,-0.2707714,4.9822583,0.6784595,-0.42384976,-1.405783,1.5930096,-0.50114083,5.080462,0.63300514,-0.4551535
-1.394374,1.6571137,-0.2731234,0.8390661,-0.6814887,0.50318915,-1.4022642,1.6267755,-0.4349853,0.93785125,-0.69129205,0.56712633
-1.3990892,1.7047751,-0.27729204,-0.085558,-0.5621304,0.6463452,-1.4023815,1.6708,-0.40060636,0.025341623,-0.5848682,0.65587527
-1.4065356,1.7613019,-0.2720478,-0.7520769,-0.4073021,0.7794693,-1.4004388,1.716386,-0.37918854,-0.68163556,-0.43527487,0.8226113
-1.399695,1.822116,-0.27075407,-2.4543738,-0.39399418,0.6063493,-1.379339,1.8045565,-0.35645154,-2.4579868,-0.41798154,0.68731093
-1.3649863,1.8481266,-0.281073,-0.52510256,1.2595842,-0.091214344,-1.368034,1.843772,-0.34776405,-0.42112568,1.2745945,-0.06675023
-1.3743817,1.8835799,-0.28226557,-4.399707,-5.5525913,0.115183905,-1.3558828,1.879428,-0.34970543,-4.468777,-5.768222,0.12425362
-1.2972807,1.8587793,-0.32996032,-6.157021,19.60159,-3.4645503,-1.3381523,1.9085512,-0.35980824,-6.21897,19.74316,-3.1410415
-1.3165402,1.8565414,-0.37325743,-4.556247,4.429033,-0.68580264,-1.3909502,1.941725,0.008480362,-4.881754,4.5913463,-0.8555336
-1.2856296,1.9268985,-0.28267428,-6.082382,-11.300535,1.1878241,-1.46514,1.9310985,0.07716773,-5.9290185,-11.493458,0.8510355
-1.314221,1.7680975,-0.2503244,-2.3732324,-4.7277617,0.0884579,-1.5153463,1.9056321,-0.071661584,-2.3776479,-4.815041,-0.005469671
-1.599892,1.8707328,-0.34714964,-1.2072774,-7.9196115,-1.6665541,-1.5254654,1.8637574,-0.13940375,-1.1222333,-8.306146,-1.6837445
-1.4610394,1.7486308,-0.24463199,-1.9421676,-5.1577697,-1.0186843,-1.5046781,1.8055552,-0.13110742,-2.038933,-5.194006,-1.0388603
-1.3878003,1.6697977,-0.24729668,3.563971,-1.8247405,2.1640115,-1.4364091,1.678057,-0.19402397,3.677731,-1.8279569,2.1756363
-1.331553,1.610881,-0.22869451,3.5974987,-1.715304,-1.102445,-1.3910891,1.6195372,-0.16462047,3.6219873,-1.7665958,-1.1938156
-1.2791911,1.5729334,-0.20770481,3.2371354,-0.7118679,0.51109725,-1.3392514,1.5728908,-0.15240891,3.2614162,-0.7602179,0.4149712
-1.2333695,1.5282227,-0.1941755,2.9082403,-1.5655738,1.0918788,-1.2685617,1.5302894,-0.14080116,2.9311223,-1.6526302,1.1051856
-1.163658,1.5002143,-0.18595318,1.6954013,0.15819535,0.14299138,-1.1939089,1.5028259,-0.12792982,1.71361,0.13383952,0.1256973
-1.0965674,1.483763,-0.17903598,2.332601,0.62938946,0.51176983,-1.1204537,1.4810427,-0.12740408,2.374829,0.57652277,0.49308673
-1.0188859,1.4710051,-0.1677876,3.6305947,-1.9637593,0.6925927,-0.98642397,1.4640635,-0.13417934,3.6853917,-2.057974,0.6872179
-0.9515799,1.4816936,-0.15333007,0.6277272,-4.084233,-1.0601822,-0.91320455,1.4606979,-0.13163406,0.611794,-4.174863,-1.1435766
-0.86236453,1.4882154,-0.14222322,-0.53224045,-1.5640225,-0.78088063,-0.8266401,1.4719274,-0.12693562,-0.50241095,-1.601068,-0.81351525
-0.74185276,1.4906654,-0.1296164,0.7730141,-0.59220886,-2.4614909,-0.75530744,1.4840463,-0.12540317,0.8111218,-0.6466101,-2.5258121
-0.6431253,1.518111,-0.115700565,-1.464151,-1.1069849,-1.4968492,-0.6576639,1.4936279,-0.11596312,-1.5586898,-1.1801596,-1.4926988
-0.5399866,1.5168028,-0.12433421,-0.97855586,0.122280926,-0.90763754,-0.54919153,1.5107905,-0.10701922,-0.9944484,0.11351817,-0.8946871
-0.40691397,1.5271487,-0.106609546,-2.9699337,3.718873,-1.8103102,-0.34705332,1.5115824,-0.10524447,-3.0449567,3.7882764,-1.7915744
-0.29931876,1.5211424,-0.11602195,1.39822,2.7755735,0.51118594,-0.25831679,1.5152956,-0.11818459,1.4530878,2.7348273,0.5139486
-0.2111449,1.534007,-0.08853129,0.87116593,0.17415318,-0.11350219,-0.16985574,1.5230978,-0.121400684,0.82135844,0.11338634,-0.046385795
-0.12816593,1.5558951,-0.08288247,-1.1857871,0.33897808,-0.030223774,-0.09590748,1.5254618,-0.11723933,-1.2548625,0.3130151,-0.01937415
-0.021559805,1.5420625,-0.091314875,1.5267211,1.2171023,-0.3551132,-0.030938355,1.520215,-0.11813178,1.5890467,1.1652789,-0.36553872
0.037077695,1.5505944,-0.117561884,2.3588529,0.7497391,1.0563043,0.031092124,1.5192453,-0.1165206,2.3546553,0.68951905,1.144066
0.118157595,1.5539238,-0.11879524,0.8114373,0.021550866,0.25101882,0.20149949,1.5179229,-0.12918724,0.80082786,0.0149126435,0.28661197
0.19429085,1.55768,-0.1277621,-1.4891366,1.8880538,-0.14548866,0.27569523,1.5187887,-0.13335861,-1.5287772,1.951293,-0.14193112
0.26461175,1.5615824,-0.10801303,-2.3749154,0.44813392,-0.9613146,0.3384891,1.5337814,-0.123797536,-2.382221,0.3888346,-0.92084754
0.33733818,1.558366,-0.11905136,-0.29467994,-0.95757186,-0.73838586,0.399708,1.5493604,-0.13315177,-0.23054498,-0.99235445,-0.70007735
0.43543616,1.5537851,-0.16838579,3.1200633,-0.6482197,-0.7409918,0.46899223,1.5442178,-0.23414138,3.211223,-0.664796,-0.76346654
0.5213251,1.5673801,-0.21468137,3.3159766,3.537626,-1.2027537,0.55920327,1.5316579,-0.38575503,3.3133507,3.5350819,-1.2537588
0.6233386,1.5976229,-0.2594896,3.0985994,11.1159,-3.0131588,0.67247367,1.5500275,-0.40917343,3.1421359,11.018245,-3.1209083
0.6235124,1.6186668,-0.2730557,-0.61651534,5.6561337,-1.3448561,0.6912359,1.5881671,-0.3541269,-0.56739825,5.578494,-1.4552985
0.6395942,1.6597552,-0.27677175,-1.162196,5.464695,-1.25238,0.69684964,1.6272846,-0.31943724,-1.0384258,5.5428905,-1.3381097
0.6360575,1.6978426,-0.27628675,-1.0068656,5.5706654,-1.1864458,0.68453264,1.6556754,-0.2984526,-0.8341859,5.6307235,-1.241313
0.598552,1.7218045,-0.27716148,-0.8657604,5.5804195,-1.116928,0.6446544,1.6800112,-0.28437382,-0.7237768,5.6553264,-1.1695776
0.5358293,1.7351255,-0.27452347,-1.24232,5.403175,-0.94424194,0.5761718,1.7067547,-0.27450842,-1.1295162,5.4967613,-0.98779297
0.45845053,1.7600061,-0.26301003,-3.1132605,8.038227,-2.2594483,0.39718398,1.7430485,-0.2578975,-3.055288,8.09604,-2.363798
0.34425607,1.763113,-0.21622111,-1.4612752,2.2794793,-9.073414,0.28767434,1.7502472,-0.24969727,-1.5481652,2.2583663,-9.297151
0.10569081,1.8782568,-0.27019528,-0.5950318,-1.0671816,-52.485,0.18452649,1.7461423,-0.23706585,-0.8302548,-0.8670943,-50.99594
-0.07318559,2.0134277,-0.31657395,0.40791792,-6.0959835,-106.46871,0.07855876,1.752164,-0.2258013,-0.4199323,-7.5665717,-106.159904
-0.22446552,1.9094219,-0.50304335,-0.22637802,-11.330297,-97.956726,-0.12613553,1.7437441,-0.23771456,-1.4742495,-11.685961,-98.35955
-0.50158954,1.7704422,-0.30477342,0.48572868,-10.951487,-47.38996,-0.39490086,1.6888822,-0.25090364,0.83235407,-10.572092,-53.86658
-0.70536983,1.6729658,-0.2490132,10.804618,-18.64704,-48.68496,-0.83896035,1.5811964,-0.17460625,11.296996,-19.65852,-49.332253
-1.062922,1.2821375,-0.23023145,5.1807175,-7.00495,-2.4744713,-1.0482211,1.4567873,-0.15609959,5.3998713,-7.1319003,-2.7476976
-1.1621509,1.0787499,-0.24964096,3.3428698,-5.214774,13.348695,-1.2119203,1.3152218,-0.1604721,4.395026,-4.1518373,14.66856
-1.275821,1.1599197,-0.24188818,-1.3711123,-4.6756253,54.3253,-1.338387,1.1680216,-0.16345653,-1.056535,-4.5197463,53.666176
-1.4775485,1.0403862,-0.28450435,-3.995246,-2.5032039,78.16902,-1.4048918,1.0618654,-0.15769483,-4.013318,-3.2699666,79.22549
-1.4972769,1.0125852,-0.2468523,-3.434781,-0.34625283,61.223293,-1.4265829,0.99952656,-0.15521711,-3.1640267,-0.7668057,60.70843
-1.4865733,0.81240344,-0.14803372,0.23145333,4.12539,66.33064,-1.378832,0.90767246,-0.14136739,0.91213703,4.589961,66.96922
-1.450587,0.7548565,-0.21044593,1.0743073,3.1498003,19.08939,-1.2990104,0.8763819,-0.13241798,1.0910633,2.8570158,19.157297
-1.2442317,0.77468187,-0.17349423,1.5051538,2.4095576,13.400524,-1.2189494,0.8619385,-0.1267535,1.449526,2.5761445,13.857641
-1.1822814,0.82584685,-0.16827928,2.5838652,2.8852732,10.237419,-1.1372321,0.87238216,-0.123065345,2.6871994,3.1760502,9.999076
-1.0201122,0.91148156,-0.14834903,2.9207516,2.6987772,6.457244,-1.0683343,0.89889884,-0.11762619,2.8738897,2.7413044,6.7867813
-0.9662545,0.9623394,-0.11881239,3.2848158,0.7423733,-3.107761,-1.0050088,0.94008785,-0.1172383,3.3331444,0.78333426,-3.1370015
-0.9007993,1.1718545,-0.09075513,19.50626,-1.1001495,-9.756493,-0.8307709,1.2190455,-0.119167835,19.780106,-0.6019519,-9.649361
-0.79059386,1.3766489,-0.16459206,9.804833,-2.252467,18.561234,-0.81951046,1.4786841,-0.14513944,9.570442,-2.0623112,17.56059
-0.73742914,1.5403084,-0.18316184,0.6361844,-0.8396443,8.473495,-0.80028117,1.6187389,-0.16283938,0.5101941,-1.0012277,8.507051
-0.70550144,1.7165236,-0.15812038,-6.274147,-0.8011517,2.9195147,-0.7500859,1.7529771,-0.16167481,-6.730809,-0.85155416,2.8340154
-0.65570486,2.0135407,-0.16532703,-7.853899,-1.7863504,4.297241,-0.6809065,1.9371015,-0.15185858,-8.216254,-1.6782398,4.4428844
-0.5713612,2.1926146,-0.18766297,-8.7053995,-0.35205314,8.297229,-0.6132644,2.1088765,-0.18783362,-8.869215,-0.24598485,8.055881
-0.5491346,2.270333,-0.2572943,-8.730077,0.014884802,5.228958,-0.56583595,2.2242436,-0.20566027,-8.725772,0.03295771,5.3425717
-0.4740543,2.347242,-0.2651626,-11.64973,4.044327,1.438399,-0.4761242,2.3465302,-0.2316703,-11.82444,4.1828203,1.5470324
-0.3832058,2.3638573,-0.2838238,-3.0803595,4.668431,3.7038157,-0.4106885,2.3918607,-0.2614599,-2.8847156,4.761683,3.923493
-0.3673772,2.4188037,-0.32154116,-4.7179017,1.2489614,5.6250114,-0.3148494,2.3996687,-0.27652487,-4.862284,1.2831353,5.8532157
-0.31067517,2.4318373,-0.3041328,-5.4636545,-0.8756897,5.535818,-0.24178748,2.3897583,-0.27093866,-5.5230417,-0.89445895,5.603777
-0.2301589,2.405974,-0.277983,-4.4886956,0.72122574,4.5679574,-0.22134005,2.3773975,-0.26452205,-4.4772825,0.69311225,4.5183287
-0.15914395,2.372717,-0.25542176,-5.7608247,4.7079353,3.8590424,-0.18713513,2.3336425,-0.26483443,-5.8166623,4.771229,3.8774462
-0.11874232,2.2896972,-0.26708284,-4.9942427,5.137825,4.509106,-0.15668817,2.2730255,-0.2638456,-5.036051,5.138288,4.6277547
-0.099951595,2.1740377,-0.2843391,-3.794641,5.5726066,7.999991,-0.11281557,2.1256382,-0.25437015,-3.740881,5.583061,8.169601
-0.08735171,2.0992045,-0.22306846,-1.9510468,1.7325339,1.8983265,-0.11243004,2.0209978,-0.25145796,-1.9622049,1.6210824,1.7860577
-0.12771031,1.9953221,-0.20186158,-5.3268356,2.4043107,3.0870855,-0.121371776,1.9209027,-0.23210657,-5.382254,2.353317,2.9670548
-0.12185106,1.8141732,-0.1903735,-2.4290166,2.517844,4.6775007,-0.12972048,1.7735664,-0.20237988,-2.394331,2.5139265,4.7707586
-0.13349476,1.6721706,-0.18198799,-1.4011165,2.6022537,2.9288914,-0.13874806,1.6477059,-0.19460635,-1.4440774,2.600276,2.9567597
-0.16421255,1.5390176,-0.16013175,-1.86031,2.0369585,0.25172955,-0.15851302,1.5268761,-0.17646769,-1.9669456,2.0160844,0.1763338
-0.19096294,1.3710121,-0.14949095,-0.6518529,2.6573741,1.3369759,-0.19369274,1.3914288,-0.15796678,-0.68509185,2.6922572,1.2810206
-0.23203453,1.2008914,-0.15464808,4.1515126,1.8519062,3.7558548,-0.2621104,1.116828,-0.14694655,4.2065277,1.8585905,3.7223463
-0.30513892,1.0650173,-0.12880503,0.75552183,0.14606914,0.0071414243,-0.32350704,0.97550935,-0.122605525,0.76719475,0.15319534,-0.020605583
-0.3486701,0.89948213,-0.09609251,4.5185976,-0.6834315,0.86507994,-0.38510898,0.84206814,-0.09822832,4.639491,-0.6209041,0.76477444
-0.42055663,0.7707224,-0.12057308,7.5805573,-0.74311393,2.8795533,-0.42818356,0.7380631,-0.0876832,7.6365514,-0.67212766,2.8048778
-0.47941658,0.67142427,-0.11759915,6.339736,-1.3700978,3.9870658,-0.46513405,0.69160014,-0.087940924,6.403823,-1.2686199,4.0258694
-0.5316583,0.5875575,-0.099216096,6.2210307,-0.03350946,1.9799447,-0.5229727,0.6165798,-0.079318576,6.3834906,0.122204766,2.0465193
-0.59598494,0.54495096,-0.10842007,4.954648,0.23368278,4.789239,-0.59230536,0.5457708,-0.06930653,5.1474414,0.368403,4.974916
-0.6408994,0.5182411,-0.11836643,6.9619713,-1.563208,2.3828256,-0.68682206,0.50128406,-0.046507534,7.1067505,-1.5828363,2.3818703
-0.70403063,0.5365242,-0.09686174,1.7063195,-1.2417576,1.705177,-0.74769425,0.5195141,-0.039071146,1.7602943,-1.2015558,1.8753371
-0.78011334,0.5570866,-0.10667183,-0.29539472,-1.3758879,3.7402954,-0.7825012,0.54748625,-0.036912136,-0.30240557,-1.4064026,3.8826869
-0.82193685,0.56591994,-0.091007195,-2.3780906,-0.54999447,2.0624158,-0.8134685,0.577918,-0.02820758,-2.466954,-0.57376546,2.011469
-0.8402437,0.59828836,-0.099636756,2.0224557,-0.3759081,3.249984,-0.84578484,0.610599,-0.03132788,2.1497722,-0.33651048,3.2630556
-0.8458264,0.63716376,-0.085471384,2.6783726,-1.1863604,-1.5499619,-0.8734866,0.63729465,-0.048556592,2.7220738,-1.1791136,-1.7650316
-0.90727425,0.69558024,-0.11136677,-0.8558522,-1.3531419,0.62704974,-0.90901273,0.65664524,-0.058211368,-0.86543936,-1.3539633,0.65391135
-0.9141954,0.6953593,-0.1408617,1.4685384,-0.16948298,2.8953068,-0.92675316,0.7513607,-0.05835452,1.541339,-0.16277981,3.0071113
-0.93998885,0.7691661,-0.13460921,0.8738015,-0.712956,0.7692104,-0.9399569,0.81012356,-0.06256385,0.78259414,-0.7304394,0.8174025
-0.94446874,0.8420553,-0.13560654,1.8031648,-1.2109759,0.30065972,-0.9552095,0.86425036,-0.07235206,1.838887,-1.2179865,0.35159642
-0.94282126,0.9164259,-0.13184567,1.5605632,-0.5403521,0.14083512,-0.960861,0.9362044,-0.07860119,1.631461,-0.49627382,0.15861997
-0.95459473,1.0084105,-0.14078854,-1.2554537,-0.4174492,0.07524021,-0.96116084,1.0030837,-0.077598006,-1.2706047,-0.41803643,0.05939672
-0.958056,1.0666885,-0.15179472,-3.7858615,-0.08731708,-0.44893283,-0.96104205,1.0491545,-0.07046653,-3.871125,-0.116639644,-0.5033057
-0.9316716,1.1050988,-0.14830263,-1.5586213,0.39364448,-0.59704393,-0.9437406,1.1301935,-0.06917571,-1.5564802,0.4004783,-0.5854694
-0.92093575,1.1804954,-0.15169378,-2.4402573,0.42885843,-0.7092244,-0.9193374,1.2244474,-0.08910138,-2.548813,0.42476225,-0.73953027
-0.91718864,1.2324535,-0.17470592,-2.228786,-0.48205,6.765205,-0.9077284,1.2391448,-0.08744906,-2.1668065,-0.52878755,7.0634875
-0.9015012,1.2239478,-0.16914158,-2.3433123,1.2030607,12.242774,-0.8799256,1.2535344,-0.09102602,-2.3154929,1.1945239,12.22242
-0.7143904,1.3473556,-0.11244973,-2.6635783,3.4437559,43.927265,-0.8380985,1.2970471,-0.09791456,-2.787911,3.1798847,43.75378
-0.7433491,1.4034472,-0.2112753,-3.955278,6.7546043,68.65062,-0.8138448,1.3569369,-0.09895494,-3.7092242,6.4991426,68.17236
-0.6336273,1.507804,-0.18887825,-4.277713,8.255585,53.983944,-0.805753,1.4004947,-0.10883524,-3.7382896,8.74732,53.221977
-0.62623787,1.5239077,-0.18574513,-4.6733966,8.172259,46.89384,-0.81251997,1.4191362,-0.12587138,-4.1615067,8.884806,46.701855
-0.7021178,1.5477989,-0.27094933,-6.2743807,9.660101,64.54591,-0.81992584,1.4252882,-0.11750821,-5.835643,9.608726,66.001274
-0.71459115,1.2421577,-0.10414744,-3.631327,3.9421422,-14.607162,-0.8132453,1.3713834,-0.122235276,-4.5482464,3.708917,-14.534003
-0.76257634,1.1604524,-0.27947316,-4.6790385,0.35567775,-76.611145,-0.8558529,1.1516004,-0.12797664,-5.6969457,0.07518883,-75.61683
-0.7832264,1.1113768,-0.119573675,3.3440056,-1.2936269,-49.697964,-0.8779898,0.96397847,-0.12729403,2.8858213,-1.2694582,-49.50384
-0.7965896,1.1688817,-0.0009231772,2.8862104,1.1099479,-31.133436,-0.8009439,0.9954391,-0.12755658,2.6988914,1.109965,-31.733997
-0.9506092,1.1078184,-0.071708165,0.8781652,-1.1751792,-53.256718,-0.7791224,1.0002505,-0.12763916,0.5547883,-0.952699,-53.459538
-1.0291805,1.1899529,-0.11320373,3.7345614,-7.496159,-122.679306,-0.77794725,0.8997995,-0.12718427,2.4957745,-8.133722,-122.316414
-0.97504497,1.2670307,-0.22124667,17.904438,-23.42685,-173.30963,-0.93992054,1.1127733,-0.17664367,17.787107,-23.302076,-172.855
-1.0701066,1.0145686,-0.0040301885,18.340042,-6.111292,-45.45738,-1.116943,1.0788518,-0.1710076,17.913046,-6.060029,-45.19037
-1.1198125,0.8743572,0.04311929,15.805461,-3.8731058,-33.134758,-1.1901056,0.9734,-0.13492465,15.979629,-4.0604267,-32.925316
-1.1590371,0.8943573,-0.10795542,8.193636,-3.5662086,-23.94474,-1.2811295,0.8676776,-0.10485095,8.144604,-3.983494,-24.037815
-1.1875812,0.914223,-0.17519213,0.87306803,-3.1543398,-16.012787,-1.3948677,0.7904959,-0.11571583,0.8516142,-2.8355699,-16.27664
-1.3467041,0.9265121,-0.1920331,-2.6327305,-4.3203835,-12.786802,-1.4560375,0.7573811,-0.11813475,-2.8418677,-4.220395,-12.393587
-1.4691811,0.9617901,-0.19195144,-4.031713,-5.468954,-10.612767,-1.488562,0.72804445,-0.1265268,-4.2987423,-5.4204803,-10.8973
-1.4186177,0.7499528,-0.18543047,-2.3792534,-8.20701,5.285018,-1.5698589,0.67311835,-0.13861595,-2.4193394,-8.228849,4.6774864
-1.6210171,0.71304095,-0.21388637,2.6879144,-4.338911,23.044186,-1.5808465,0.63331056,-0.1298175,2.539145,-4.478298,21.94973
-1.5577576,0.67964834,-0.2130304,3.3149767,-4.687442,22.57008,-1.5637264,0.54546845,-0.11821094,3.5869641,-5.139125,20.726128
-1.4346546,0.56304896,-0.19349943,-1.7423192,-1.2977868,9.944708,-1.5071415,0.45849118,-0.11580147,-1.5872176,-1.5005282,9.141571
-1.3911701,0.4948874,-0.16661702,-1.7774059,-1.004883,6.3222837,-1.4501252,0.43350768,-0.10735849,-1.364624,-1.1848533,6.6743965
-1.3650807,0.4893701,-0.200498,1.5381855,-0.095921814,4.5696545,-1.3633795,0.42319766,-0.09185062,1.7662475,0.027362484,4.9035716
-1.187941,0.42772686,-0.14896958,1.1652137,2.1158884,6.230086,-1.2531742,0.39934158,-0.07358527,1.1708971,2.2829187,6.7212305
-1.0816526,0.4067844,-0.12712397,0.5948438,6.126751,25.992268,-1.117233,0.40869382,-0.04883571,0.66627455,6.365661,25.66187
-0.9587995,0.36569032,-0.09959587,-0.8729839,4.494303,17.054081,-1.0577626,0.44533145,-0.048818927,-0.97294515,4.6006284,17.17544
-0.85238993,0.41025865,-0.09166368,0.04285794,3.044092,11.976633,-1.0214025,0.48619327,-0.050806902,0.016286312,3.1798866,12.603438
-0.82357025,0.5227833,-0.0953408,3.4710186,0.52019393,9.9844055,-0.9895744,0.55865973,-0.059891652,3.4071584,0.60087025,9.899446
-0.78929365,0.65297407,-0.09597554,3.5431364,-1.6671247,15.394678,-0.9739522,0.66240734,-0.067707755,3.249157,-1.7242899,14.956496
-0.77444303,0.746934,-0.09402336,1.6630048,-2.6370735,13.239938,-0.97833765,0.7977193,-0.06857241,1.4748843,-2.8379765,12.945199
-0.76370025,0.83806837,-0.0905921,0.44767898,-2.0143602,5.2810974,-0.9643921,0.9058727,-0.06895168,0.368079,-2.1165075,5.633039
-0.77850544,1.0056069,-0.07702512,-3.4543996,-3.4937541,4.2889776,-0.92976826,1.0932733,-0.07759845,-3.7822888,-3.5996816,4.576756
-0.80547297,1.1794214,-0.103604876,-2.68701,-0.42654327,18.893307,-0.8950313,1.2139587,-0.09096953,-2.689271,-0.54227555,18.490124
-0.79320014,1.3351516,-0.114862345,-1.9209856,0.5133527,21.721943,-0.8542438,1.325884,-0.10205199,-1.9768546,0.28413898,21.543896
-0.747627,1.4670212,-0.17761448,-2.8575935,2.5577228,44.025024,-0.8042359,1.461463,-0.12093383,-2.8091917,2.2614527,43.742474
-0.6931255,1.5891572,-0.23605387,-3.000158,5.5725,56.24049,-0.74934626,1.6258336,-0.1392114,-2.8160784,5.570121,55.664494
-0.60228145,1.721293,-0.22410963,-2.6590095,6.637306,65.433014,-0.7004686,1.7706221,-0.15514195,-2.811371,6.7786016,64.45374
-0.60725653,1.9656264,-0.24448718,-6.1857905,5.7022696,62.196594,-0.63888174,1.9104705,-0.16481256,-5.778283,5.4555726,61.68479
-0.60179853,2.0403929,-0.1791474,-15.733683,7.696233,18.038126,-0.47620595,1.9957006,-0.17745437,-15.498466,6.756736,16.49233
-0.39799145,2.0458932,-0.1721922,-5.2119923,1.2539544,-36.278584,-0.38023677,1.9746146,-0.18584305,-4.973682,0.7645421,-36.664963
-0.26093945,2.026068,-0.23815675,-0.56878,-2.392648,-29.874285,-0.2731971,2.0067296,-0.18777561,-0.53724563,-2.4950862,-29.818346
-0.08879742,2.0947256,-0.28021273,-1.655137,-3.3514893,-18.222652,-0.118174545,2.0994499,-0.19616346,-1.8705062,-3.522427,-17.878693
-0.055832118,2.0342574,-0.28055012,-1.0211148,-2.7578554,-15.895617,-0.0114953155,2.1011584,-0.20508736,-1.4565027,-2.573054,-15.140401
-0.005596012,2.0093794,-0.2697678,1.3097081,-0.9818213,-10.079773,0.06635454,2.1006362,-0.2141649,1.0902889,-0.8514571,-9.801437
0.11153093,2.0210943,-0.30414835,4.9401493,0.2759079,-4.8943486,0.16161993,2.1358736,-0.22320464,4.924617,0.41363937,-5.086823
0.2618483,2.0586843,-0.32813987,14.29786,1.4226978,-7.9034777,0.3247542,2.2048645,-0.22065544,14.333555,1.5781277,-8.283163
0.34110942,2.1665988,-0.37180424,4.7717896,3.7122667,1.4834841,0.37176573,2.222208,-0.21891965,4.872896,3.9241202,0.9421789
0.3884677,2.2438838,-0.38530242,2.504909,4.222967,10.394149,0.42594713,2.272774,-0.22968674,2.604218,4.1613026,10.216348
0.41270712,2.1791239,-0.37204584,0.05025172,7.1615086,37.92287,0.4788281,2.3542747,-0.24643868,0.21335767,7.2526565,37.873684
0.28288975,2.2981925,-0.20296048,-3.2534838,10.486252,60.461826,0.49640054,2.4505026,-0.26633033,-2.975636,10.2284355,58.662758
0.37159637,2.3904796,-0.29595622,-5.355556,11.824978,50.790955,0.49209914,2.525645,-0.28957397,-5.2246904,11.947103,49.919373
0.4245986,2.3493865,-0.3815085,-4.7137713,11.097012,36.63641,0.49567705,2.5544145,-0.3076476,-4.2513814,11.26591,35.574368
0.4980543,2.3975918,-0.35049564,-5.2724347,16.302502,42.58545,0.5469426,2.5207925,-0.32398275,-4.531224,16.634823,39.227196
0.6542717,2.5197892,-0.3728964,-6.063661,3.2693927,-25.185015,0.56847805,2.449904,-0.31654277,-5.733228,2.9334984,-25.772453
0.5084771,2.1858768,-0.42458627,-7.241262,-2.97997,-40.095455,0.600226,2.340291,-0.29793605,-7.943657,-3.054304,-39.405025
0.609321,2.093274,-0.3473306,0.54592985,-2.05086,-17.85441,0.62527287,2.2741847,-0.286444,0.46908802,-2.2760525,-17.48501
0.5931852,2.116782,-0.34331772,8.070957,-0.46676445,-13.254423,0.6134196,2.2810998,-0.29377794,7.8573403,-0.36145982,-12.623573
0.56741786,2.178542,-0.28219917,6.325774,-1.6830235,-20.391714,0.54577327,2.268966,-0.30116403,6.2667594,-1.6135825,-19.805033
0.5374969,2.1925426,-0.2848111,4.819531,-0.43024424,-20.123081,0.44037023,2.243144,-0.2814185,4.975006,-0.33072513,-19.595776
0.08678156,2.0991547,-0.42026457,6.30904,-4.0053716,-85.51318,0.2474412,2.2463424,-0.2791084,6.882368,-3.3724563,-85.27671
0.0818111,2.234425,-0.3107495,2.465959,-10.128006,-73.039116,0.12595953,2.2758095,-0.27426618,2.44753,-9.613975,-71.42012
0.07764056,2.4234014,-0.34427223,1.2752517,-7.4498935,-44.857044,-0.003991992,2.3084488,-0.2768325,0.0626377,-7.883237,-41.130276
-0.05765006,2.4545267,-0.2905513,-1.9796828,-4.243471,-1.8543264,-0.1101268,2.3433714,-0.28254282,-1.9891413,-4.266717,-2.0248525
-0.27859387,2.519837,-0.36604327,-4.362006,-3.5024333,25.80521,-0.22761506,2.3822312,-0.28718624,-4.435409,-3.0876682,25.181917
-0.43374035,2.5473304,-0.34081656,-5.2216153,-1.604324,28.891132,-0.39058152,2.447234,-0.31177476,-5.2898993,-1.3433641,27.509262
-0.54132617,2.5779047,-0.31071773,-4.1655083,-0.36998716,19.17854,-0.54486275,2.5163033,-0.33718336,-4.0151463,-0.31845015,18.17016
-0.65334916,2.5571024,-0.32805762,-3.0132885,-10.035142,-31.614147,-0.75338185,2.5558515,-0.37608624,-3.076498,-11.146351,-32.563667
-0.7822106,2.4595394,-0.35356018,1.8035725,-12.820297,-79.307495,-0.87297165,2.5872169,-0.38650104,1.4605052,-12.40634,-78.50865
-0.91320395,2.6473942,-0.4324846,1.7233547,-11.146351,-59.321033,-0.96863437,2.5893717,-0.38919374,1.773254,-11.456782,-58.845524
-0.9295652,2.4428904,-0.41117248,-1.6043972,-11.222855,-42.46144,-1.0181787,2.538525,-0.38273755,-1.8850312,-11.231156,-41.698627
-0.9821117,2.4919472,-0.2717344,-4.5507708,-10.445756,-35.35581,-1.0610092,2.4566185,-0.37371284,-4.7897077,-10.201385,-34.489677
-1.0329843,2.4672222,-0.28993943,-4.5837727,-9.238868,-0.32104796,-1.1039592,2.3447478,-0.35789752,-4.486503,-9.078663,-0.44359818
-1.0851301,2.2248278,-0.48635504,-4.6019845,-3.8732607,49.305416,-1.1123363,2.191446,-0.33971962,-5.375186,-5.32102,47.544876
-1.1982492,2.1586611,-0.5069928,-7.3365397,-7.743305,74.32185,-1.0718603,1.878064,-0.27356875,-8.243947,-8.833888,73.088036
-1.2277559,1.8456357,-0.33038282,1.4030997,-0.9775741,34.409267,-1.059908,1.8185631,-0.24350847,1.7131664,-1.4764038,34.362167
-1.0732006,1.7065918,-0.2540078,1.4129189,0.47878203,24.750252,-0.97607654,1.7499424,-0.2038002,1.3720491,0.37229383,24.10449
-0.87381434,1.6272968,-0.2697556,-1.5933806,2.032399,13.545736,-0.8441088,1.6413913,-0.16997468,-1.9051822,1.9162666,13.380377
-0.56753945,1.4874977,-0.20602359,-5.067305,3.4991672,9.018498,-0.6931486,1.5384084,-0.14198051,-5.369679,3.515649,9.03675
-0.4451429,1.4366444,-0.20789687,-3.170877,3.7461965,5.9855933,-0.5495639,1.4581232,-0.116528876,-3.2524402,3.9091582,5.96685
-0.32553098,1.3544557,-0.19947873,-2.8333526,5.729163,14.345381,-0.29190692,1.3035284,-0.09145382,-2.6750555,5.8077965,14.078401
-0.15885934,1.2576559,-0.16522504,-0.4770878,3.1452215,13.5854,-0.13968898,1.1964364,-0.081092425,-0.31414056,3.255255,13.622913
-0.004399568,1.164108,-0.12465442,-1.6077584,2.7178438,15.433808,0.012264992,1.0716974,-0.07365508,-1.4215775,2.6509004,15.175663
0.13809153,1.0273414,-0.07886634,-2.986332,3.1883104,12.524926,0.1518955,0.9491111,-0.060805023,-2.8899353,3.2697668,12.278403
0.2973465,0.87741375,-0.06676405,-1.7528212,5.527378,9.379711,0.26052937,0.83940566,-0.051338978,-1.7135662,5.561148,9.332802
0.44812432,0.72872746,-0.052967124,0.6174915,6.989641,6.895758,0.351502,0.7229816,-0.054847248,0.6124336,6.9286714,7.0889354
0.6085924,0.53909624,-0.03029794,2.2454624,11.14609,-1.1177727,0.5256128,0.4352744,-0.06260571,2.192027,11.00278,-1.3985854
0.6054723,0.37584716,0.017323295,-1.147363,4.631485,-19.892721,0.555617,0.28975144,-0.06220777,-1.3007805,4.110205,-20.585741
0.39407322,0.36862338,-0.033508442,-3.692071,4.6962037,-49.904583,0.53448474,0.075819336,-0.06826502,-3.6117656,4.570774,-49.7487
0.25743338,0.11474168,-0.20746459,-2.7878358,5.822526,-82.959335,0.48741868,-0.200886,-0.08784809,-3.8131442,6.121837,-81.97638
0.29490817,0.006032467,-0.19879694,-0.35682827,6.521468,-80.775444,0.48280004,-0.4247179,-0.1171956,-1.889121,7.254933,-82.45307
0.46214446,-0.18797076,-0.05267688,-0.9728816,4.806633,-59.316143,0.52447563,-0.5326217,-0.13787128,-1.6848767,5.31318,-58.948208
0.21722507,-0.06366861,-0.18896718,6.3947625,-7.786224,-69.46209,0.57575095,-0.5801262,-0.09799141,6.455787,-8.760016,-68.587
0.5150542,-0.5319378,0.10739113,10.040678,-6.1975803,-16.876595,0.6030591,-0.62605643,-0.052610908,10.257379,-6.160172,-16.821981
0.5275928,-0.87146974,0.11268253,5.5505824,-3.1247597,-2.8820279,0.62712693,-0.6618276,-0.051843252,6.103083,-2.6493785,-2.8483841
0.5768541,-0.6718083,0.09294433,4.254475,-0.5100194,-4.7056823,0.65019065,-0.6623091,-0.07406975,4.142198,-0.5532303,-5.400864
0.6393852,-0.5470549,0.059484906,4.551405,0.08283731,4.4541764,0.7008099,-0.6176478,-0.08583196,4.7469907,0.49948615,4.5191975
0.53863776,-0.3629781,0.06653832,8.732801,-5.7946987,44.168346,0.7612455,-0.5003807,-0.07264997,8.348326,-6.138966,43.061287
0.11796656,0.53933764,-0.0024852362,18.97783,-1.7794342,106.68074,0.8793375,-0.24283724,-0.030965103,26.138292,0.8196396,119.29282
0.27649835,0.06585759,-0.0036356654,11.614213,1.2095922,50.78643,0.9689666,-0.09849977,-0.042676695,13.723966,5.314326,46.22334
0.7510978,0.05732715,0.036633372,7.272407,4.8661427,30.38227,0.99592066,0.1121993,-0.060350873,7.2178183,4.86227,30.168978
0.8038788,0.19401151,0.043500252,0.61227316,-0.37640437,13.275326,0.97245264,0.25521934,-0.077505276,1.3858943,-0.623299,13.582131
0.9278027,0.43541098,0.06433568,-2.2149284,0.6944436,3.1643872,0.959272,0.36981842,-0.0641895,-2.2912679,0.7059537,3.3346293
0.861315,0.7082598,0.020007024,-5.1865754,6.44657,1.0007824,0.90737337,0.5863842,-0.044191573,-5.366447,6.480132,0.9192946
0.742303,0.9622247,-0.0038285907,-9.215181,10.163851,1.5291559,0.757376,0.92736334,-0.04900144,-9.272547,10.139356,1.6248893
0.6860132,1.0888994,-0.0057414975,-1.4169887,1.9063635,-1.2555033,0.67705494,1.0391109,-0.049776454,-1.2038872,2.1873865,-1.6918007
0.5888896,1.2242217,-0.060877882,0.56072825,2.2230833,-2.345825,0.5597655,1.1623788,-0.05802814,0.78727925,2.2578044,-2.5319362
0.4620925,1.3259172,-0.11304977,2.2740784,2.1080701,-1.3388146,0.40957797,1.2751156,-0.06670186,2.464433,2.1884975,-1.55475
0.18548903,1.4195137,-0.09765033,-4.475497,-3.0255253,-0.95185083,0.25057042,1.3751367,-0.068793386,-4.6528716,-3.0629616,-1.2527708
0.036013395,1.4791918,-0.08953779,-6.4936438,-4.4345155,0.19145735,0.050397046,1.4840072,-0.005158214,-6.7063284,-4.330843,-0.15366092
-0.05249247,1.6080124,-0.18344758,14.511286,-1.4772782,6.9113812,-0.21046063,1.6284057,0.034091104,14.616114,-0.6595797,7.211868
-0.26923975,1.7624062,-0.22866549,12.264588,-0.9359947,4.0097556,-0.35500103,1.7151959,-0.060985126,12.064029,-0.7011933,4.551945
-0.36854324,1.8760655,-0.22426866,10.348856,-2.9576216,5.082794,-0.49970198,1.820775,-0.12837072,10.419657,-2.9256668,5.344003
-0.5043813,1.9518359,-0.22663905,8.429156,-3.7141387,4.47448,-0.6355253,1.9503365,-0.15642565,8.690791,-3.5068119,4.354047
-0.65321815,2.1668086,-0.25474277,6.6343637,-4.5233817,3.9285862,-0.7890236,2.1293945,-0.20197242,6.703912,-4.456172,3.763808
-0.79106987,2.388208,-0.2905688,4.222258,-5.6086473,5.28469,-0.93981993,2.3588514,-0.26443788,4.2393985,-5.569605,5.1489167
-0.9154569,2.649042,-0.36609924,7.4664664,-8.0238,11.804955,-1.099182,2.778434,-0.40220803,7.384013,-7.9893274,11.872483
-1.061304,2.9424882,-0.4322884,3.617014,-3.4611006,3.812932,-1.1793143,3.028278,-0.49201545,3.6195045,-3.3969636,4.128205
-1.1531707,3.2703388,-0.49999526,1.7419517,-5.8669434,4.867658,-1.2528132,3.3164003,-0.62284577,1.5869514,-5.657291,4.7971463
-1.2411104,3.582779,-0.5923626,-3.4504163,-4.7320375,6.952785,-1.304062,3.6085985,-0.7928673,-3.4020736,-4.631913,6.9802914
-1.2826306,3.9435916,-0.7242952,-10.491234,-1.7855824,6.250795,-1.3351941,3.8775456,-0.94478005,-10.267392,-1.582762,6.34688
-1.2902354,4.2851005,-0.87359375,-11.933578,-9.041411,7.8684106,-1.358358,4.1948376,-1.062894,-11.847085,-8.887345,7.8902593
-1.2406116,4.5873756,-1.0879569,-19.819958,-23.13508,11.949083,-1.3174307,4.6268187,-1.3196555,-19.60248,-23.692669,12.039567
-1.2701743,4.788621,-1.2060857,-18.058731,-3.4280481,5.853978,-1.2349375,4.7678757,-1.4474334,-18.052979,-3.7125175,6.163586
-1.1912905,4.9234004,-1.2791773,-25.125912,1.6413589,9.340226,-1.0823759,4.8772607,-1.5337129,-25.170036,1.580681,9.1268015
-1.0815963,5.0495877,-1.2498043,-16.063799,2.8066638,7.0215592,-0.92811877,4.895931,-1.5093833,-16.558266,2.8906634,7.614105
-0.7666662,5.1804605,-1.2568603,-9.0336485,-0.20448294,2.7827363,-0.7779527,4.87247,-1.440408,-9.335222,-0.3119408,2.7288687
-0.62120414,4.964908,-1.2038367,-6.4256606,-1.9044089,-3.145847,-0.61135554,4.8297224,-1.3285296,-6.7363687,-2.1023388,-3.6367633
-0.3307337,4.6376076,-1.1738201,-18.59761,9.736699,-12.141022,-0.293682,4.6078777,-1.0563041,-18.427265,9.610191,-12.541906
-0.14694104,4.374326,-1.0633307,-8.036573,7.315508,-12.8288,-0.15012473,4.445378,-1.0021589,-8.37693,7.47627,-12.994564
0.0008855164,4.2105346,-1.0017524,-4.7248464,4.3019524,-14.447318,-0.026809009,4.30798,-0.969624,-4.714337,4.3913217,-14.287503
0.11511162,3.8913944,-0.91803706,-3.672443,3.8692472,-23.371792,0.16795242,4.0991497,-0.9168121,-3.749031,3.6575682,-23.350996
0.193638,3.676249,-0.8622163,0.8802509,0.08029333,-20.59371,0.36195123,3.8968928,-0.8526524,0.64988005,0.026200349,-21.077112
0.23653999,3.5533695,-0.839955,6.975899,-3.5604486,-5.3143306,0.5043361,3.7428634,-0.7812207,6.6797986,-3.9524326,-7.092605
0.5227963,3.3997269,-0.73495597,27.500523,-11.016682,18.314617,0.56514114,3.5120046,-0.63181955,27.292524,-11.103008,18.511597
0.593557,3.2184367,-0.5952167,12.1451435,0.47825447,-3.0037124,0.54858834,3.3297217,-0.55868953,12.448765,0.6880432,-2.3415802
0.6328598,2.993568,-0.6018067,8.78654,1.4106054,0.80181223,0.55877304,3.1727233,-0.496489,8.973743,1.9501356,0.53846866
0.6819149,2.9384842,-0.60303134,3.8830063,3.141767,3.4151163,0.5932442,3.0335448,-0.44560608,3.980796,3.1367416,3.3782449
0.68759835,2.984808,-0.56272656,-5.7417183,4.7814546,4.5367193,0.63282305,2.984848,-0.43561593,-5.8043723,4.6739087,4.7466135
0.6902242,2.888878,-0.5523019,-4.5098233,6.375084,6.250544,0.6695223,2.9648283,-0.42594585,-4.5390654,6.3948216,6.6207566
0.7031424,2.8356504,-0.5063558,-6.142038,4.9670386,3.537788,0.7569857,2.8765376,-0.42203417,-6.2236247,4.886213,3.7066193
0.7540133,2.7586303,-0.49829015,2.534995,0.80202824,3.0853293,0.77635145,2.8169975,-0.42109448,2.7959962,0.85499924,2.9957309
0.758917,2.6929786,-0.4685399,0.8054287,1.6756823,3.2193403,0.7991204,2.7271748,-0.41358265,0.88958967,1.7734871,3.1380522
0.81249106,2.620217,-0.48463228,5.0812306,2.4850476,4.657929,0.8260673,2.6542554,-0.4044027,5.303844,2.7133555,4.8590817
0.8541039,2.5437684,-0.47789988,6.176415,3.0680408,0.51323014,0.860061,2.598452,-0.38985473,6.363534,3.1833115,0.5021868
0.87611103,2.531945,-0.45541066,3.8663359,6.2134743,-0.7042486,0.8801265,2.5633757,-0.37095696,4.066218,6.3366947,-0.93206275
0.83843756,2.5118794,-0.49172994,0.77935404,5.868854,5.02891,0.8584695,2.5260637,-0.36966142,0.9967549,5.9526043,5.069042
0.80730724,2.4913518,-0.43767372,-1.766584,0.55264366,1.7124335,0.8375614,2.5038927,-0.36137083,-1.7765553,0.39942682,1.7297305
0.81032526,2.493913,-0.42202783,0.36852258,1.7388666,-0.03842752,0.81584793,2.4847765,-0.36261803,0.58335614,1.7557863,-0.14251058
0.8195654,2.4951503,-0.40017605,2.4740422,1.6401334,-3.402157,0.78869605,2.5071566,-0.3708279,2.7121973,1.5782583,-3.8655293
0.6457753,2.3797507,-0.47429118,2.7260196,-19.595867,-16.399193,0.72954875,2.5267272,-0.3979271,3.3314662,-21.640245,-17.606617
0.5766063,2.4656591,-0.49783555,-5.3989897,-9.564855,-8.521174,0.64702594,2.4952924,-0.59195924,-5.8535028,-9.920314,-8.877179
0.71723497,2.236466,-0.5271561,-6.24073,23.437614,15.450459,0.65026265,2.3865883,-0.7289678,-6.656969,25.182081,17.147152
0.68230426,2.3816965,-0.39339715,-0.80883175,-3.5926125,0.83927757,0.64482117,2.3393881,-0.5894149,-0.70188814,-3.1540327,0.72359496
0.6208435,2.401719,-0.40227875,1.930004,-3.047056,-2.021736,0.6165176,2.3113074,-0.4938907,2.1388018,-2.7730708,-1.892876
0.6273713,2.3585904,-0.3733416,5.2103567,-6.412145,-2.5672083,0.60774934,2.2809587,-0.46001,5.2511845,-6.4687567,-3.1294935
0.6355542,2.3493938,-0.36521032,9.28888,-6.358759,-4.3900185,0.61308235,2.260022,-0.4409983,9.643105,-6.3674054,-5.0264463
0.6872134,2.3280742,-0.36462995,10.631356,-3.2884033,-5.5710416,0.6438269,2.2716472,-0.43167874,11.243269,-3.1243012,-6.290076
0.6890031,2.3371735,-0.40278676,14.248291,-16.359627,-3.089498,0.7100839,2.4184349,-0.4556614,15.0494585,-17.529428,-4.142046
0.7740282,2.4908352,-0.49232116,9.356469,-9.113161,1.5613524,0.77437174,2.536922,-0.47512576,9.389657,-9.119258,1.5225737
0.90598285,2.6350403,-0.5178865,6.4905257,-5.805941,2.1956878,0.84662664,2.668595,-0.5072237,6.432102,-5.6410127,1.7881144
0.95234525,2.7911322,-0.6068534,3.1402824,-2.8276846,3.0943773,0.92346686,2.8440678,-0.5557744,3.067494,-2.8661423,3.1377184
1.071236,3.0246887,-0.6678005,4.425368,-5.833443,5.528251,1.0704631,3.0745676,-0.62361175,4.4187593,-5.884411,5.5626307
1.2089363,3.252682,-0.7537709,5.297606,-10.984756,7.3618684,1.2767268,3.2805388,-0.69047743,5.239675,-11.288321,7.270194
1.4432293,3.5434685,-0.86765057,7.081578,-14.653076,10.552352,1.6168414,3.7264545,-0.7962398,7.273184,-14.897759,10.96544
1.6853322,3.7437625,-1.1620961,4.0984707,-5.474392,11.953377,1.9092133,4.029782,-1.05408,3.9187906,-5.031579,11.5149975
2.012016,4.079745,-1.265626,0.6929917,-4.6590705,13.586584,2.1870925,4.2840314,-1.3537061,0.534896,-4.1919036,13.453685
2.3476915,4.3756375,-1.5369315,-0.47065824,-4.9153504,9.84941,2.4372392,4.5226955,-1.5486041,-0.3956196,-4.893607,9.816024
2.682411,4.634201,-1.9032407,-2.1353936,-3.7360604,6.32801,2.7112436,4.771367,-1.7195292,-2.1236851,-3.7533116,6.5635624
2.9680037,4.843209,-2.2527926,-5.195351,-0.46252546,4.4360614,3.0750105,5.0400467,-1.9862489,-5.3356333,-0.19080286,5.4311595
3.4648914,4.9606237,-2.6459532,-11.779796,10.825663,-14.363821,3.7268832,5.4098077,-2.4841566,-11.810368,10.697576,-13.863971
3.661878,5.126298,-2.9884055,-10.612548,9.251616,-18.163239,4.028824,5.5507865,-2.6079009,-10.584572,8.896099,-18.571426
3.9555888,5.2555423,-3.1313848,-15.731828,18.509745,-4.8317165,4.2257314,5.6633754,-2.6937,-15.763935,18.839226,-5.149753
4.1223397,5.4986353,-3.3619897,-17.882093,25.639,-1.8889338,4.3006687,5.716455,-3.0332139,-17.73959,25.848633,-1.5980465
4.2235246,5.5254674,-3.5097713,-13.200206,22.273888,-3.61506,4.3915586,5.792187,-3.352873,-13.214873,21.981455,-3.4188216
4.25711,5.6099744,-3.6280723,-16.46487,26.728935,-4.208528,4.50315,5.89904,-3.52165,-16.241405,26.586716,-3.975541
4.082727,5.872874,-3.8134563,-26.413261,37.908592,-7.176113,4.494775,5.992552,-3.5487783,-26.137909,38.68662,-7.2680454
4.2395573,5.791991,-3.6468437,-11.697126,15.67443,-2.3579392,4.3698654,5.979629,-3.4477785,-12.142681,15.382729,-2.3611538
4.1627207,5.8025146,-3.6325543,-11.814652,13.834716,-1.6765665,4.1892266,5.933869,-3.2836065,-10.8976145,12.705952,-2.3706174
4.0366096,5.7806883,-3.5854318,-11.490855,11.616019,-1.8016001,3.9367106,5.8441596,-3.0419831,-8.934014,9.320689,-2.0199802
3.695254,5.6322694,-3.3247988,-9.062803,7.7267838,-1.0075885,3.6690996,5.7283106,-2.7917953,-7.135289,6.139573,-0.82265294
3.2730412,5.4785514,-2.9887798,-7.982697,6.165706,-1.0541707,3.3219533,5.551724,-2.48354,-6.7191205,5.1106753,-0.04990252
2.6779969,5.1921334,-2.49497,-9.614282,4.4483557,-0.18772094,2.6786897,5.150246,-1.9352014,-8.9010515,3.5969853,1.2840916
2.1971667,4.882626,-2.0134382,-2.7568398,1.6089909,-1.5149666,2.277482,4.8610277,-1.6308976,-2.5245798,1.059355,0.94579464
1.8174204,4.58092,-1.5243456,-0.5281337,0.63524777,-14.868561,1.8487291,4.5150833,-1.3486581,-0.48603252,0.24817856,-14.455616
1.3820099,4.1173143,-1.1118073,6.2329707,4.407176,-18.664188,1.3796337,4.151059,-1.1047723,6.6320825,4.710227,-18.532457
0.6696819,3.7899098,-1.033529,5.9576783,11.695986,9.57118,0.8596294,3.8214312,-0.935286,6.357671,11.520059,9.775034
0.036164194,3.1264498,-0.76607877,-0.97354645,12.227761,37.688046,0.38349405,3.5228014,-0.7649741,-0.64324003,11.935121,37.521244
-0.35787162,2.6727667,-0.6722501,-7.1693883,18.110737,191.36768,-0.34846133,2.8957472,-0.44010282,-7.0057344,18.232061,190.01204
-0.71744,2.4828243,-0.29994127,16.260498,-13.183521,100.77632,-0.6659343,2.547106,-0.28911826,15.951341,-13.494539,100.52689
-0.8139378,2.498005,-0.4431226,12.181983,-14.369522,66.36963,-0.8661138,2.2511704,-0.20920481,20.335814,-21.291126,72.193596
-1.1077547,2.0508034,-0.18511645,14.314679,-12.067493,38.786938,-1.1147231,2.0245159,-0.2437108,14.2554655,-11.873541,38.596645
-1.3957783,1.332978,-0.22142608,9.084108,-6.4765663,19.355305,-1.3293028,1.8921748,-0.28399396,9.734503,-6.643426,19.665037
-1.4108435,1.5981505,-0.2443325,7.877634,-7.295525,5.2125764,-1.4349048,1.8481678,-0.29643187,7.775803,-7.221451,5.902648
-1.4247527,1.7347012,-0.25772536,13.200375,-13.052042,-7.789122,-1.5124819,1.9568515,-0.34001663,13.203178,-13.757728,-7.9450073
-1.484518,1.8012074,-0.29348877,3.8945377,-10.156565,-19.333519,-1.4375497,2.1126666,-0.35033542,3.183397,-9.374045,-20.081608
-1.3265394,2.0387616,-0.25799915,0.72319597,-6.628998,-46.424625,-1.3312927,2.2729912,-0.3432844,1.1782284,-6.3981,-45.777126
-1.0874307,1.9386487,-0.4241186,0.75270766,-3.9491487,-66.47811,-1.2094781,2.4062953,-0.32506576,0.47495568,-3.954468,-65.87815
-1.0519768,1.9280331,-0.36748573,0.6410474,-2.0514276,-62.09679,-1.0851548,2.4916425,-0.31978968,-0.3258497,-1.8490473,-62.45372
-1.0111215,2.1871505,-0.31426898,3.4076374,-2.387354,-51.095768,-1.0112736,2.5611985,-0.327738,3.4424684,-2.1005669,-49.894905
-0.83453226,2.3383675,-0.33896872,11.969715,-5.923211,-64.80693,-1.0199741,2.7333257,-0.36847505,13.527059,-7.1552434,-65.3893
-0.96120775,2.4678373,-0.39856505,7.6103373,-4.5096364,-4.5588164,-1.0396011,2.7673004,-0.3915268,7.035375,-4.3489313,-4.497822
-0.9861512,2.6748376,-0.4412481,6.101209,-6.970257,4.4627357,-1.0414647,2.8079484,-0.40629435,6.2062664,-7.0263767,4.2429414
-1.0732065,2.8868735,-0.4266456,1.9012066,-9.312302,-0.3202085,-1.0621959,2.8531919,-0.41277963,1.7826556,-9.859617,-0.12784976
-1.1348957,2.9937103,-0.44805428,-0.22178513,-11.080124,-1.9519717,-1.0976048,2.8921502,-0.4167588,-0.087175876,-11.355462,-1.8134587
-1.0849924,3.0590434,-0.48567608,1.7693123,-9.577761,-2.1034582,-1.0881226,2.9694555,-0.42974654,1.8453168,-9.774775,-2.1574447
-1.0246141,3.1595078,-0.52214164,1.1347992,-8.973864,-5.2189736,-0.93596214,3.1266482,-0.4432682,1.1866769,-9.191427,-5.420913
-0.8738085,3.1741018,-0.5638471,2.914621,-1.4946927,-2.076623,-0.82091486,3.2102456,-0.45184916,3.127569,-1.4449791,-2.260668
-0.7247168,3.2397294,-0.5903682,3.2300706,0.9586249,-2.82074,-0.69756204,3.2837217,-0.47248855,3.4510972,1.0265785,-2.8511014
-0.5941117,3.338263,-0.6233106,0.43223137,1.2699635,-1.8780514,-0.5461913,3.3823566,-0.5003795,0.4920103,1.3341844,-1.9288232
-0.41366157,3.4444623,-0.66872275,-1.274418,2.7122827,-0.59545773,-0.40103844,3.4895415,-0.526832,-1.1723657,2.7380228,-0.53304875
-0.27220735,3.5269227,-0.70870286,-0.72960144,4.7230587,-0.5175826,-0.28382748,3.5789227,-0.55936134,-0.5865997,4.7534895,-0.38906068
-0.1482589,3.6156068,-0.75664485,-3.0300705,8.251866,1.5094703,-0.05434909,3.7402515,-0.6396023,-2.9149146,8.377617,1.8173031
-0.036984712,3.7048688,-0.78169787,-2.2059488,3.681072,1.3090216,0.0400163,3.808073,-0.67426276,-2.1302836,3.6113987,1.511917
0.025284082,3.7841372,-0.813139,-3.990285,1.05417,3.5491545,0.12880667,3.870166,-0.7238323,-4.0412645,1.1972768,3.930095
0.116633326,3.856162,-0.8441783,-6.7586493,2.205836,8.086505,0.19167596,3.922797,-0.75877225,-6.6770806,2.2399838,8.359785
0.15768066,3.827712,-0.88291264,-5.740113,4.959303,18.873215,0.27856213,3.9740865,-0.7899782,-5.563191,4.9853263,18.601768
0.25608137,3.7768846,-0.8787064,-6.2232795,7.618415,26.6067,0.37430575,3.9936326,-0.8127983,-6.2664123,7.7663035,25.91376
0.4052612,3.8921142,-0.79435676,-10.162833,12.553726,5.3593454,0.5387395,3.9501867,-0.83259195,-10.255718,12.442419,6.376068
0.6510674,3.7142935,-0.8181975,-3.85004,2.3591888,-37.03481,0.6119185,3.8713381,-0.8175531,-3.8619194,2.1975572,-37.255547
0.6919769,3.5555594,-0.80586296,-1.4559929,2.946684,-24.854107,0.6726722,3.7792785,-0.7839285,-1.8050958,3.028229,-24.814604
0.8005799,3.5076125,-0.8382446,-2.7339969,3.5421424,-24.48814,0.68987066,3.6929097,-0.7565607,-2.9025178,3.5673292,-22.718922
0.56258357,3.4111342,-0.7653458,-0.6214085,-1.7764919,-53.70489,0.65686303,3.6105049,-0.7238878,-0.49037236,-1.7898843,-53.97959
0.39781067,3.4324474,-0.6976475,4.391638,-6.6438446,-64.26119,0.5595043,3.5263052,-0.6870918,4.805133,-6.5845003,-63.637993
0.39985713,3.3519626,-0.6624318,-4.920566,-4.697913,0.91826373,0.27714717,3.3341823,-0.61718655,-4.747234,-5.1423407,1.7576269
0.029601246,3.247008,-0.69439137,-1.5284132,-1.5016576,15.224609,0.13273484,3.2514014,-0.5845938,-1.6779956,-1.4536926,15.305073
-0.20966706,3.2792315,-0.6532135,-5.981356,-0.6327534,13.832125,-0.056760482,3.1965935,-0.5587379,-5.403288,-0.7990458,13.566415
-0.39774403,3.0633016,-0.58377063,-4.2630033,1.6652737,10.836317,-0.26416856,3.1200058,-0.5322669,-4.314586,1.7652203,11.039484
-0.47983477,2.8841386,-0.5197767,-1.4832227,1.7306088,7.210748,-0.42504475,3.0062912,-0.4995004,-1.5706537,1.7862979,7.3447886
-0.6097287,2.8023589,-0.47319207,-1.6379128,0.40163526,2.8752978,-0.5699087,2.8440127,-0.46888182,-1.7774446,0.38115636,2.9402344
-0.7329768,2.6525164,-0.4270809,-0.31261915,-1.0305601,3.9230595,-0.82955873,2.553673,-0.42583254,-0.3451158,-1.1090983,3.9460764
-0.8743999,2.5087569,-0.36742944,2.3167515,-2.9858327,1.9867109,-0.9615801,2.4122834,-0.41001472,2.3624933,-3.0676212,2.0878386
-1.0109023,2.3788917,-0.32244498,3.1746373,-4.484274,1.1249765,-1.0767524,2.2828176,-0.38474214,3.1157877,-4.5298414,1.0937314
-1.1473968,2.2044525,-0.31312808,2.900566,-5.3029943,1.1887566,-1.1792804,2.1538765,-0.35712385,2.8225758,-5.3513494,1.2309313
-1.256792,2.046214,-0.30912045,2.117364,-4.623741,2.4466574,-1.2756532,2.0234008,-0.33571398,2.049637,-4.63717,2.5416734
-1.3217806,1.9216214,-0.29583865,0.6449248,-3.0867238,3.1872294,-1.3557215,1.8803241,-0.31293565,0.60598165,-3.0854936,3.3016007
-1.3454335,1.7943443,-0.2799041,2.6683097,-4.6572995,5.3701553,-1.4391168,1.6169885,-0.27415627,2.7763376,-4.72014,5.4951305
-1.411915,1.6424942,-0.2750263,2.1428094,-2.486057,2.1457264,-1.4581479,1.5373163,-0.25992727,2.247057,-2.4783804,2.300384
-1.4323004,1.5240268,-0.26289293,2.9160511,-2.5244672,1.621724,-1.4790843,1.4628159,-0.24768081,2.9483085,-2.556509,1.6580791
-1.4382101,1.4154449,-0.25020397,4.1595554,-2.7896574,1.3167771,-1.4898933,1.3915552,-0.23419155,4.1950226,-2.8292696,1.3887777
-1.4345282,1.3369782,-0.24420421,4.805491,-2.9240618,1.4822139,-1.4764447,1.3350917,-0.22080933,4.851693,-2.9463022,1.523611
-1.4135228,1.3046702,-0.23824002,4.723747,-3.0215456,2.0928683,-1.4523484,1.2927706,-0.212644,4.795896,-3.0483148,2.1491058
-1.3344492,1.3289838,-0.23377462,8.867205,-3.7504458,7.831829,-1.3881358,1.2492882,-0.18730633,8.963934,-3.74185,7.966503
-1.3309371,1.3138406,-0.23675336,3.3216057,-0.15371731,5.88328,-1.3317035,1.2573581,-0.1773802,3.3797991,-0.106467135,6.1382713
-1.2759159,1.3341686,-0.21537499,3.1349983,1.2909193,20.838823,-1.2732025,1.2921146,-0.17047007,3.2977147,1.1535548,20.803183
-1.0224665,1.3429244,-0.15504742,3.7975671,3.0329926,61.08828,-1.2018821,1.3712462,-0.17577708,4.308326,2.9733324,61.003902
-0.89682484,1.617151,-0.22167708,0.12480068,3.7807868,77.11393,-1.0990428,1.5023186,-0.19822091,0.43078256,3.276643,75.602295
-0.7813113,1.788558,-0.22624676,-3.8505793,3.3197508,49.747265,-1.0102339,1.6144567,-0.2125673,-3.2366836,3.2868445,49.31386
-0.78503823,1.8116184,-0.2040718,-8.571898,6.6268487,50.515568,-0.8531927,1.7730285,-0.1890254,-9.208849,7.2075596,50.615166
-0.69019866,1.9477148,-0.17257112,-4.183175,7.3564596,10.605068,-0.705525,1.879698,-0.17785905,-4.348542,6.7952204,10.824906
-0.57767,1.9894562,-0.18266086,-5.79258,7.31771,-5.785016,-0.54141146,1.9373045,-0.17634876,-5.328966,7.242267,-6.202988
-0.27362472,1.7972214,-0.26276836,-6.659422,5.991618,-42.580692,-0.37656137,1.8905926,-0.15545635,-6.8566437,6.067558,-41.63306
-0.17143744,1.5306423,-0.25921896,-1.7432492,5.288767,-48.833458,-0.2673639,1.7978415,-0.13160956,-2.1813455,5.721323,-49.13199
-0.09744981,1.6483635,-0.16342814,4.253177,5.6819715,-34.383717,-0.13700686,1.7578934,-0.13244559,4.1836658,5.560201,-34.23885
0.02887249,1.6468861,-0.14952059,9.03054,3.3936994,-31.25282,-0.032659963,1.7379783,-0.16631605,8.864766,3.1903977,-30.833757
-0.13108048,1.7007381,-0.19104408,3.9584677,1.0601603,-10.768974,-0.07112811,1.7172476,-0.1751221,3.8939385,1.1829027,-11.158758
-0.21365985,1.706783,-0.1656452,1.482749,-0.254952,-11.233877,-0.12573647,1.7277938,-0.17841554,1.4190607,-0.15068138,-11.220512
-0.27498606,1.7444614,-0.16476013,0.40322107,-3.9355686,-10.759156,-0.20155291,1.7496984,-0.17305794,0.3824461,-3.8876488,-10.422148
-0.38341334,1.7523971,-0.20060422,-5.609057,-22.454685,-26.269627,-0.27959237,1.7798471,-0.25633922,-5.3408494,-23.585396,-26.693134
-0.3755541,1.7947016,-0.23811759,-6.6372566,-20.021133,-28.447021,-0.33800822,1.7873254,-0.41843644,-6.919939,-20.951328,-28.929895
-0.32796392,1.7211933,-0.34646523,10.320384,19.13142,-2.0594256,-0.32880336,1.6825166,-0.38939586,10.375563,19.326542,-1.7755114
-0.41262552,1.686401,-0.21825819,-0.03215808,0.35692903,4.5457435,-0.31576368,1.7081,-0.12421498,-0.324931,0.3528263,5.6921563
-0.3408266,1.7245977,-0.188731,3.3460927,-2.5501401,3.9103253,-0.3139591,1.7438898,0.016096579,3.199182,-2.3060577,4.1095624
-0.33919296,1.7731857,-0.19364811,3.0917416,-2.8570693,-0.081250355,-0.31013352,1.7774734,-0.0066638496,3.1803763,-2.772258,0.15827325
-0.3568817,1.7911593,-0.19888942,4.2668867,-2.1062722,-1.7897578,-0.29365027,1.8169298,-0.07341803,4.423027,-2.084415,-1.704518
-0.3142011,1.8196257,-0.19739719,4.920633,-1.8553667,-2.8319018,-0.26394466,1.8597531,-0.12177956,5.0460515,-1.7945038,-2.829785
-0.25929412,1.9555027,-0.19674249,3.155356,-11.834957,-2.8609376,-0.22724114,1.9572784,-0.18078813,3.156751,-12.19296,-2.9985259
-0.22679469,2.0813532,-0.3055258,-10.616363,-20.031006,-0.04644506,-0.1947712,2.0215173,-0.28817284,-10.841702,-20.080873,0.3919788
-0.115841955,2.1413443,-0.36502084,-14.393285,-19.376038,0.91019064,-0.123300515,2.0638592,-0.4303345,-14.516275,-19.683624,1.5486778
0.025043577,2.1606326,-0.3222713,-10.935855,-16.158531,-0.14158289,-0.0068021757,2.0627642,-0.49635264,-10.503471,-16.192719,0.3475382
0.26350448,2.1354725,-0.33180723,-4.381741,-10.699184,-1.2464446,0.17147315,2.0390584,-0.47966683,-4.140653,-10.540575,-0.92309535
0.77640843,2.0375266,-0.45069453,14.31103,11.244376,-1.4998118,0.4785806,1.9845887,-0.44796294,14.095984,10.48849,-1.4940288
0.7357551,1.5612699,-0.3000057,32.556904,38.723434,0.6287134,1.076779,1.8899405,-0.51764387,33.73691,39.16801,0.97147435
1.248338,1.7967159,-0.6727998,8.404511,7.2398624,-0.06560461,1.2942569,1.9117346,-0.5027071,8.810649,7.161561,-0.3399669
1.5341493,1.9626927,-0.55788285,5.3361516,5.402743,-2.483991,1.4191921,1.9827877,-0.45228872,5.1027927,4.932378,-2.5582454
1.5221398,2.1984158,-0.60152507,2.0992353,7.9122524,-4.1942363,1.519319,2.1192818,-0.30077127,2.1516135,7.4442754,-3.868631
1.5803814,2.2917883,-0.6042845,2.2608018,7.662455,-4.3793364,1.6067023,2.2977538,-0.14291555,2.3488216,7.593806,-4.4349136
1.5963169,2.4178278,-0.55644804,0.8595483,4.494321,-5.5453553,1.6724774,2.470904,-0.20611566,0.7801885,4.525205,-5.6170387
1.63389,2.58356,-0.6228254,-0.17376906,2.2395852,-8.987103,1.7371283,2.8234305,-0.45348266,-0.41051593,2.3541052,-8.859772
1.5965768,2.7848954,-0.68078864,-0.26918012,-3.4927647,-3.9753764,1.7446747,3.003803,-0.51837915,-0.27792755,-3.3931768,-3.9219995
1.6361955,3.0054717,-0.7233402,0.54474705,-4.908908,-15.759252,1.7277651,3.173615,-0.5836635,0.18312345,-4.8827224,-15.524197
1.5850894,3.2808135,-0.8471466,2.1453774,-6.233187,-46.466244,1.7116483,3.321586,-0.63800126,2.2578275,-6.460823,-46.723007
1.679133,3.7122304,-0.90827745,7.52926,-7.539935,-78.18349,1.7158856,3.5052357,-0.70074624,6.9370384,-7.3285913,-77.699356
1.626114,3.8974783,-0.920535,9.795671,-3.5023215,-98.29082,1.6899636,3.7417598,-0.7839152,9.805839,-4.357551,-98.73053
0.9733256,3.770594,-0.7111096,5.840795,1.7181728,-92.89212,1.1616832,4.372512,-0.99951524,5.8813777,2.1183631,-92.34642
1.5677857,4.430653,-1.846979,-6.4446177,4.2411156,19.712826,0.78830194,4.6276927,-1.0950246,-6.825473,5.5289764,30.269396
0.047829777,4.0397706,-1.1832752,-13.774538,7.412896,60.020397,0.23058699,4.8651147,-1.2171934,-13.520505,7.8696537,58.986908
-0.613206,4.41084,-1.2496963,-19.605934,1.9886504,67.165085,-0.349267,5.0145693,-1.3700336,-20.053938,1.9476594,66.50834
-1.3141868,4.1649117,-1.3617537,-18.567083,2.2891672,89.314865,-0.7623929,5.1079264,-1.5099438,-20.343525,0.9460097,89.93912
-1.123521,4.6568913,-1.358526,-3.1714563,-0.6151787,122.92236,-1.0106564,5.2885737,-1.6076647,-2.8541682,-0.04571883,122.677444
-1.0109473,5.439382,-1.4172642,-6.076057,-13.142654,125.972595,-0.9475594,5.4923406,-1.6310633,-6.3665934,-14.540758,125.63886
-0.91208327,5.0842834,-1.5322895,-12.031467,-1.7117954,39.431087,-0.7701406,5.486519,-1.6273562,-11.906659,-2.0687308,39.108925
-0.34285268,5.5035357,-1.6063359,-15.554294,0.92680335,23.578358,-0.51541406,5.4898777,-1.6191158,-15.612042,1.0452735,22.992989
-0.011955589,5.2900424,-1.3087093,-10.718135,3.3068604,18.91061,-0.053478487,5.46382,-1.6003796,-10.000371,4.695017,16.145382
0.617391,5.103202,-1.3760964,-3.6621547,5.456146,12.662377,0.49247554,5.3650894,-1.5756568,-3.56587,5.9661407,13.236441
1.0779642,4.8139024,-1.265277,-4.544009,3.5800493,11.726507,1.134692,5.1102834,-1.5103278,-4.3287215,3.621932,12.145561
1.9532219,4.5404134,-1.2455201,1.7350394,15.091334,-15.787694,1.9909012,4.5547137,-1.3877748,1.6399592,14.7486,-15.709924
2.30936,4.0072913,-1.2675053,-4.884632,17.25819,-51.26147,2.41917,4.091684,-1.2610939,-5.057347,17.801357,-51.040367
2.3965929,3.3647459,-1.0767404,-3.4236221,15.692695,-41.906017,2.7127786,3.665489,-1.1759282,-3.2490354,15.8979435,-41.568306
2.6223588,3.0779753,-0.9757706,0.02994841,13.451801,-40.765697,2.9434373,3.353587,-1.099728,0.4229791,13.589787,-40.75423
2.901402,2.8892539,-0.86432034,3.7533746,10.93268,-22.66716,3.0807989,3.0308356,-1.0029092,3.6667132,10.789037,-22.49571
2.831396,2.8494785,-0.9105108,5.352366,5.33591,-5.630934,3.0389462,2.638238,-0.8927016,5.1801443,5.251096,-5.897868
2.442369,2.5436578,-0.7685282,9.312943,4.2461405,37.226223,2.74722,2.1400678,-0.7122737,9.9683275,3.6095033,41.674065
2.4412901,2.095641,-0.5154105,5.2763534,1.2911186,9.391297,2.5649493,1.9146851,-0.6177528,5.2593436,1.3832865,9.582686
2.3301368,1.7683662,-0.37760612,4.5614586,1.0696344,-20.651554,2.3414617,1.6277876,-0.4852965,4.523293,0.92785096,-20.13938
2.2061892,1.421418,-0.32759294,4.9287267,-0.15020993,-17.260233,2.1299272,1.3851869,-0.3872555,4.712018,0.17380318,-17.406199
1.8913592,1.260315,-0.24450637,7.9153934,-0.074887484,-13.800309,1.8843725,1.1829027,-0.30690032,7.686018,0.066351056,-13.11788
1.5145746,1.168732,-0.18733622,8.929412,-1.3180664,-10.604304,1.6387423,1.0505029,-0.24402644,8.612904,-1.2457719,-10.517876
1.1900847,1.0828761,-0.11504426,13.68801,-6.1156693,-13.691473,1.1596192,0.9329845,-0.14990975,13.65209,-6.2451224,-13.85948
0.90399134,1.0929383,-0.112810455,8.053456,-4.648481,-3.6075895,0.8805113,0.9275502,-0.1148767,8.112387,-4.961466,-3.8594296
0.6723511,1.1139764,-0.06597736,8.5709915,-6.3778296,-2.5284545,0.6376602,0.9775418,-0.08950377,8.505496,-6.5710754,-2.5899594
0.39357367,1.1747062,-0.039757334,8.750471,-7.740359,0.20343311,0.44437388,1.0867344,-0.074672215,8.841301,-7.7565794,0.2648306
0.2766674,1.3625919,-0.038440756,10.239122,-9.746027,2.187385,0.234692,1.2903104,-0.07298608,10.372729,-9.493223,1.9766948
0.073216766,1.5366596,-0.057298534,6.0668283,-7.7089233,0.75536543,0.019341271,1.5204911,-0.07387957,6.4156003,-7.43011,0.60226953
-0.20834067,1.6826047,-0.105353825,-5.2545896,-1.7586576,0.9984723,-0.23888193,1.7837007,-0.08519894,-4.886357,-1.628072,1.1954334
-0.36830023,1.8390329,-0.16567092,-3.8100414,-1.650337,0.8265458,-0.35198835,1.9602139,-0.12001811,-3.6840682,-1.5751506,0.7161505
-0.48694977,2.095582,-0.22390845,-3.9983268,-4.0885053,1.1209944,-0.44916934,2.1444678,-0.16056277,-3.9019222,-4.141264,0.694823
-0.5291923,2.362426,-0.27378383,-2.890081,-3.656557,1.1981136,-0.5278293,2.3104177,-0.19503897,-2.9532812,-3.8607109,0.9220943
-0.5927434,2.5112932,-0.30466145,-1.1882137,-2.7030847,0.5242575,-0.5769446,2.438447,-0.23197532,-1.2535889,-2.8540368,0.23905833
-0.68999946,2.6842759,-0.34778902,-7.421573,-4.9493303,2.6429126,-0.60944307,2.5903625,-0.28716227,-7.4252996,-5.098727,2.4353688
-0.68922627,2.8421733,-0.41287425,-14.47211,-9.560467,9.153238,-0.61683166,2.8420718,-0.4008401,-15.19788,-10.108571,9.663099
-0.645231,2.9111805,-0.3995089,-6.2117305,-0.8121408,3.0152178,-0.5891711,2.9208517,-0.48082644,-6.149201,-1.0726082,3.3721604
-0.62772286,3.005744,-0.40458602,-8.412166,0.4233894,5.4895005,-0.54007614,2.9707756,-0.53503907,-8.3999405,0.5180725,5.415082
-0.51667595,3.0280652,-0.41394112,-7.382379,2.6839998,6.7687206,-0.47139862,3.0011377,-0.5508943,-7.230799,2.6798172,6.964821
-0.36354116,3.0187469,-0.4150347,-4.6910863,2.958009,5.1120715,-0.4145383,2.9957378,-0.5319885,-4.7290626,2.9624817,5.3760276
-0.2818896,3.0200188,-0.44155386,-4.091483,3.8665192,-0.5710122,-0.34709662,2.9766734,-0.4808103,-4.1533237,3.8178895,-0.4848875
-0.14865729,2.9107184,-0.4107453,-1.2820812,9.923555,-7.533361,-0.23759042,2.9392729,-0.34291607,-1.1910799,9.9032135,-7.7599206
-0.11110613,2.8317068,-0.43775862,1.5453489,5.244295,-9.246456,-0.187055,2.8885095,-0.34555995,1.6345819,5.358266,-9.510285
-0.23024547,2.684421,-0.4979292,4.3144307,-0.39201877,-56.800938,-0.1796537,2.8382435,-0.3814441,4.6111603,0.36082083,-56.145508
-0.33849952,2.6181653,-0.37121388,7.6993575,-9.331007,-104.665596,-0.2270505,2.8279321,-0.40116808,8.384848,-9.512703,-104.073395
-0.31228122,2.7886543,-0.36503837,5.0023775,-10.229028,-89.07037,-0.3073236,2.823161,-0.41099808,5.4389052,-10.015473,-88.83185
-0.5540737,2.6149783,-0.34723696,-0.1409908,-6.2940845,-58.824352,-0.40350038,2.7595577,-0.3998501,1.1370323,-5.8801236,-55.433773
-0.69186616,2.470682,-0.213183,-1.9841057,-20.357868,-45.010593,-0.7000486,2.6318028,-0.40672195,-1.7510363,-22.098753,-45.149937
-0.95599234,2.4266307,-0.40089145,-3.7453375,-3.9711888,42.81528,-0.83988345,2.5181897,-0.41313875,-3.8759987,-4.347528,41.990635
-1.1027762,2.2904627,-0.46408165,-2.5745459,-6.2312536,60.388805,-0.94074005,2.3636928,-0.40732297,-3.3497427,-6.994096,59.361034
-1.1713907,2.442103,-0.41514406,-0.7037952,-8.592375,43.11099,-1.0571303,2.3302743,-0.3914006,-1.0149821,-8.724684,42.496113
-1.2617996,2.3530345,-0.35034138,3.2727613,-5.5669727,30.479475,-1.1856828,2.3497179,-0.37134483,3.6360538,-5.7504597,30.312695
-1.2242025,2.2392373,-0.36541155,2.5061088,-0.31508905,18.774723,-1.1888808,2.2857049,-0.35689658,2.593851,-0.3470671,18.456297
-1.0624974,2.133111,-0.33722964,-0.6544658,1.6347687,20.960703,-1.0800202,2.1844332,-0.2887341,-0.7003772,1.709396,20.778715
-0.91698503,2.075966,-0.3038633,-2.127552,0.5492214,10.909647,-0.99153864,2.1623135,-0.25576144,-2.1663363,0.56766087,11.184937
-0.8440509,2.1228578,-0.30461743,-2.7295282,0.45760784,7.9183774,-0.9138909,2.158443,-0.23656629,-2.7671285,0.4540833,7.9801016
-0.7606082,2.099489,-0.29720697,-2.1654055,-0.53070337,7.620465,-0.81094605,2.1470368,-0.21819891,-2.1685066,-0.42952147,7.6951385
-0.628574,2.0797234,-0.27018216,-1.7645448,0.8573379,9.561064,-0.6956295,2.1177073,-0.20732623,-1.7168089,0.9379215,9.525689
-0.54100776,2.0642061,-0.2731242,-3.831921,0.75753254,9.391297,-0.56998134,2.0821495,-0.20344187,-3.8561308,0.76140964,9.483347
-0.42020223,1.9906309,-0.22894755,-5.561532,3.0620444,15.117207,-0.36436045,2.009962,-0.1894615,-5.5574007,3.0527349,14.777814
-0.2912055,1.9629842,-0.24201296,-3.681038,1.2740047,7.158637,-0.2377999,1.9562956,-0.18065841,-3.7101932,1.2871964,7.477318
-0.12865505,1.8867682,-0.20187174,-5.0528593,3.8941112,6.628183,-0.102685355,1.8924063,-0.1715467,-5.0789227,3.9318826,6.6238503
0.020019919,1.7990792,-0.18034615,-4.006085,4.693064,5.932463,0.018494653,1.8120123,-0.1669305,-4.0213327,4.746971,6.0571213
0.1544399,1.6916695,-0.17538022,-2.894221,3.1486156,4.46036,0.12859656,1.7109822,-0.16697212,-2.9323897,3.1254256,4.671466
0.27395615,1.5747627,-0.13920109,-1.4308331,2.5190003,4.1203265,0.22213672,1.608357,-0.16481143,-1.4141871,2.4935029,4.237299
0.3514885,1.4321281,-0.1385608,-1.6598803,7.113332,9.272847,0.39659142,1.3628098,-0.1559639,-1.6860904,7.1314344,9.405032
0.48310795,1.2619447,-0.10923677,-1.4888521,7.1850886,3.7162836,0.47636485,1.219615,-0.15102129,-1.5647423,7.1744237,3.9652731
0.53564394,1.1031356,-0.07869973,-0.2377699,8.502428,4.96846,0.538237,1.0682391,-0.14208323,-0.3071715,8.483879,5.1175585
0.5456532,0.9136523,-0.07028428,-0.026677433,8.572009,5.887357,0.5722844,0.90516454,-0.1335156,-0.075629495,8.462908,6.005473
0.5422505,0.7150649,-0.045935966,2.028129,7.2481823,6.0774913,0.5656265,0.755225,-0.12256327,1.9876561,7.141982,6.123739
0.46213695,0.5751559,-0.058693394,6.316686,6.528183,6.822643,0.5227969,0.60855496,-0.1088512,6.2855606,6.5032625,7.028088
0.31512216,0.43441263,-0.018116346,15.695454,8.169003,13.159082,0.36693695,0.3295674,-0.089524254,15.892136,8.128641,13.706407
0.18217012,0.3257501,-0.028674087,5.0830317,3.0043104,2.459423,0.2446999,0.23253459,-0.07168278,5.355176,3.1098592,2.8594441
0.046018153,0.17595232,-0.009204587,3.2696524,1.283359,2.7491655,0.11484059,0.17800824,-0.054531906,3.346023,1.6215668,3.025941
-0.12995806,0.06791562,0.0008393917,1.9227569,0.52762234,3.931774,-0.02251846,0.14618379,-0.048806954,1.9441539,0.5409001,3.9593995
-0.25473765,0.10516709,-0.010052597,2.8644145,1.100368,2.244403,-0.1667002,0.123240575,-0.052815303,2.8892245,1.1885841,2.268676
-0.3836768,0.10977507,-0.0045304503,2.620278,1.6363232,0.6433957,-0.35869426,0.118941166,-0.062152427,2.6950998,1.728883,0.58945054
-0.5904143,0.14840162,-0.0354582,2.297627,-0.58933175,2.7505693,-0.63827276,0.14759356,-0.05993417,2.3409975,-0.5610023,2.8384755
-0.75170887,0.1725505,-0.052779965,4.768042,-2.7792926,2.8202584,-0.808385,0.18332075,-0.07090001,4.8266497,-2.793084,2.9250112
-0.94208527,0.27512807,-0.060575925,1.3502581,-4.2903523,-0.47452348,-0.95238,0.22370055,-0.08992628,1.3828087,-4.3106737,-0.5183947
-1.1220798,0.34134132,-0.07434758,-1.5399369,-2.8102257,0.12673314,-1.0847958,0.28910667,-0.09213282,-1.5325689,-2.8073213,0.050063826
-1.2617353,0.38011003,-0.09036877,0.6634653,-1.9922378,1.2735485,-1.2169161,0.38132814,-0.088246875,0.60470635,-1.9848315,1.2026289
-1.3650975,0.48798698,-0.13285454,2.7850995,-3.2125068,2.889367,-1.3387775,0.48169178,-0.09747541,2.752922,-3.2282043,2.8946006
-1.4179859,0.64180666,-0.16346924,4.6543407,-4.4795637,7.622172,-1.4913362,0.659116,-0.11699121,4.6786685,-4.4878063,7.9430475
-1.5445026,0.752831,-0.19008948,1.6562432,-1.3457406,3.8781395,-1.5706373,0.79219323,-0.11771415,1.6898559,-1.2776872,4.284155
-1.6067272,0.89105713,-0.18668218,0.6584515,-1.5510356,1.1400496,-1.6208333,0.9393834,-0.12748282,0.69129294,-1.4566914,1.381663
-1.6710801,1.0355959,-0.21918847,0.7394182,-1.6010846,-1.2545427,-1.6525279,1.0657893,-0.14142978,0.8154519,-1.5643147,-1.3672153
-1.656187,1.2434422,-0.23167531,2.0747185,-3.5812118,-6.9836373,-1.6826829,1.2415645,-0.15908846,2.1115103,-3.601734,-7.1930246
-1.6797484,1.4102077,-0.27348703,-0.7216496,-2.8517575,-4.8654094,-1.6941609,1.3990175,-0.16988647,-0.6555995,-2.9351933,-5.2292686
-1.6647062,1.5727465,-0.30341488,-2.7726812,-2.4041169,-6.738285,-1.6638018,1.6684313,-0.20084809,-2.8696616,-2.4913514,-6.9447713
-1.6230621,1.697068,-0.31662247,-0.96564513,-2.3398118,-2.996352,-1.6230844,1.8148948,-0.20923403,-1.0336497,-2.4631424,-3.0325863
-1.5778574,1.878829,-0.33929732,-1.017038,-1.8008121,-1.052344,-1.5742038,1.9539537,-0.23382717,-1.0874004,-1.8502711,-1.0857344
-1.4674861,2.0805619,-0.33611742,-1.5327939,-1.4758024,-23.19234,-1.5187055,2.0865557,-0.25725982,-1.7853485,-1.22666,-22.453325
-1.4142423,2.1394668,-0.24838062,-0.046841208,-6.720725,-71.33559,-1.4792589,2.1887143,-0.26789013,-0.6132061,-6.0172787,-69.96982
-1.3739147,2.297143,-0.20942827,1.5449623,-10.1598835,-89.11673,-1.4543382,2.2890382,-0.2922394,2.05201,-9.718467,-87.5198
-1.3986742,2.3048224,-0.19283588,-2.6380227,-12.6250305,-66.16606,-1.3562937,2.319299,-0.31715393,-2.2420819,-13.191614,-65.29623
-1.2596923,2.196284,-0.23254491,-6.737266,1.2903824,30.982418,-1.2700115,2.2541518,-0.3258361,-6.5424137,1.9499605,30.622211
-1.1914116,2.0047457,-0.20260465,-8.189444,2.1198356,29.425762,-1.2104219,2.17512,-0.3282106,-9.425366,2.5487595,29.455078
-1.2260383,2.2126405,-0.22673638,-5.106067,-1.8861282,28.730955,-1.2242713,2.1736975,-0.3248066,-5.013865,-1.7909713,28.500847
-1.2497054,2.1994529,-0.23595925,-2.2726543,-3.3779922,24.845375,-1.2667572,2.2277443,-0.31939244,-2.3864133,-3.4624176,23.947397
-1.1957585,2.128095,-0.3252388,-2.8316612,-0.43721387,18.850544,-1.2526093,2.2184713,-0.30416244,-2.831833,-0.54198414,18.693626
-1.098938,1.9968146,-0.28434083,-3.769062,2.1526656,26.550661,-1.1317775,2.0908594,-0.27082562,-3.7235577,2.2618697,26.074993
-1.0309931,2.0091872,-0.30044258,-4.063558,4.384474,9.081911,-1.0548244,2.0375655,-0.24835205,-4.200169,4.2741637,9.434777
-0.92145956,1.9675798,-0.2688975,-3.5249865,4.803732,7.609326,-0.9832148,1.9985608,-0.23210338,-3.5981278,4.835944,7.395557
-0.86319804,1.8890259,-0.2832369,-1.5942289,3.536126,7.5679755,-0.9020271,1.9407353,-0.22065963,-1.5679381,3.5086153,7.6875086
-0.76626194,1.7986346,-0.26061645,-0.98037905,3.5013144,8.058109,-0.81490856,1.8688493,-0.20662132,-0.94563854,3.454224,8.089116
-0.7253437,1.7347413,-0.2479885,-1.5964546,2.415946,8.046849,-0.73045975,1.7883683,-0.1959435,-1.5688258,2.364482,8.026977
-0.6787107,1.6102916,-0.20862801,-4.704535,3.1194408,18.11914,-0.6293916,1.6310636,-0.1756527,-4.6395426,3.0091665,17.593891
-0.580896,1.5177871,-0.20575772,0.29649705,3.8798494,7.137192,-0.58801687,1.536365,-0.15866892,0.2447291,3.6784816,7.269177
-0.5236212,1.4217845,-0.18155853,2.1127586,2.9687545,5.573532,-0.5461059,1.4254566,-0.1440536,2.1090639,2.9643524,5.7176533
-0.4809989,1.3029265,-0.17208506,1.9420096,3.4006062,3.6289608,-0.5157168,1.323327,-0.13182925,1.9511029,3.2867613,3.5023384
-0.47611132,1.1652275,-0.16284032,2.6128833,3.9963539,4.2444706,-0.49930933,1.2189729,-0.11727495,2.6046426,3.992015,4.2106304
-0.47854468,1.0756854,-0.15244825,4.4604793,3.17875,2.552685,-0.49161604,1.1267449,-0.10698655,4.4283113,3.1912029,2.4623487
-0.42770338,1.0194626,-0.069604345,7.023706,0.038870845,-20.757135,-0.513149,0.96517336,-0.102522165,7.047468,-0.1444041,-20.922718
-0.56636155,0.945299,-0.08229878,-6.525224,2.0110183,-5.4472833,-0.57709795,0.8284952,-0.11471432,-6.2351956,1.9445642,-5.9011545
-0.64048076,0.7959194,-0.0619388,-8.440418,3.7621834,-1.5100547,-0.68230927,0.61260796,-0.1035811,-8.415732,3.7292943,-1.8832539
-0.7026043,0.62362146,-0.05690264,-4.904181,3.4430006,0.98860294,-0.7720362,0.44917876,-0.10103711,-4.771918,3.2324789,0.9468714
-0.80497944,0.5192442,-0.02256914,-5.7771945,-5.3294473,4.158682,-0.7924429,0.40772173,-0.12497547,-5.779215,-5.4622307,4.4655423
-0.89324725,0.47085488,0.002626041,-8.820527,-14.28533,3.821514,-0.78903353,0.35963666,-0.24052417,-8.666314,-13.984933,4.2693596
-0.9659916,0.29890978,0.032314472,-9.035274,-13.846522,2.9128435,-0.8173649,0.098224305,-0.25397474,-8.879061,-13.870454,3.1656566
-0.9620943,-0.007387042,-0.03282305,4.50282,-1.6752895,2.4507997,-0.77065283,-0.079686515,-0.16082476,4.4338675,-2.0584311,2.2692487
-0.7923113,-0.16940776,-0.044049256,11.503379,3.908778,-0.5911631,-0.7151604,-0.22759071,-0.13437043,11.418881,3.9908948,-0.61511993
-0.707178,-0.23455769,-0.066129796,25.431038,15.710922,-2.5291183,-0.6441636,-0.3846734,-0.18915305,25.587248,15.743565,-2.8793218
-0.7305815,-0.5313307,-0.09145116,13.366611,10.050354,-3.1444259,-0.5945768,-0.49103072,-0.28759885,13.311457,10.011465,-3.0347328
-0.80055773,-0.6354222,-0.039330624,6.5072722,5.3753643,-0.26107544,-0.64991915,-0.52647364,-0.015119379,6.3976817,5.546954,0.051629055
-0.8907461,-0.6244968,-0.018430522,10.968064,1.1147022,2.085755,-0.83811015,-0.43961322,0.12366937,11.056893,1.1234726,2.2056468
-0.93928015,-0.38240486,0.014257798,5.0391297,3.94585,-3.109152,-0.9076049,-0.371938,0.06324044,5.1072106,3.859755,-3.155776
-1.0370371,-0.23958153,0.03443826,9.332444,8.764108,-2.4478037,-1.0017759,-0.27812296,0.08207391,9.413196,8.811428,-2.3997455
-1.1780658,-0.11253822,0.025726208,15.532172,11.541292,-0.864747,-1.1125014,-0.14778115,0.12196115,15.623401,11.438193,-1.0940464
-1.33369,0.16556494,0.05137945,18.532639,16.829014,-2.0189097,-1.2636071,0.026899025,0.11848009,18.75436,16.87354,-2.2449334
-1.5033895,0.35027093,-0.036994986,15.283084,16.154438,-4.0224876,-1.436867,0.21957758,0.11463049,15.44979,16.474602,-4.3103
-1.8154606,0.7483629,-0.07131203,-5.2303367,-12.863496,-3.8342817,-1.9161445,0.77309626,-0.046180803,-5.4689007,-12.61729,-3.8306923
-2.0640247,1.1124442,-0.23641856,-20.128874,-23.159985,3.371903,-2.2230654,1.1541661,-0.090814784,-19.994513,-23.085379,3.2439713
-2.2403164,1.5001014,-0.27397653,-14.839657,-15.72531,6.9719076,-2.445539,1.5115793,-0.19899933,-14.278763,-15.6935625,6.837223
-2.423509,1.7470393,-0.28828302,-9.235674,-14.050002,3.332681,-2.5646076,1.7844323,-0.33791196,-9.018304,-14.287498,3.3678608
-2.4861631,2.000108,-0.3749843,-5.7305408,-8.285288,-1.678275,-2.6229827,1.9697576,-0.4033049,-5.8849454,-8.606151,-1.9461403
-2.5230045,2.2403517,-0.41857317,-7.5741577,-4.584889,-1.4151534,-2.6392815,2.1674607,-0.46444726,-7.78361,-4.627145,-1.7423587
-2.451314,2.344811,-0.5311975,-17.807848,-7.563052,-3.7901444,-2.5434103,2.4663363,-0.5345278,-18.34849,-7.6983423,-3.9090724
-2.4321837,2.491497,-0.48885623,-6.7738185,-4.080716,-2.3516133,-2.4677012,2.5725374,-0.53005433,-6.8537498,-4.3648577,-2.2158284
-2.3337407,2.5631862,-0.47600618,-7.1076865,-2.657279,-2.3170245,-2.3888853,2.6371672,-0.5184692,-7.196893,-2.5006819,-2.0643315
-2.2361689,2.6124935,-0.46805164,-6.978066,-1.8792092,-2.7212737,-2.2896948,2.6735508,-0.50720024,-6.823612,-1.8857675,-2.6129198
-2.095757,2.5742378,-0.44785428,-3.9356852,-0.15860179,-2.8763456,-2.1658604,2.6801682,-0.4939684,-3.8759124,-0.14014845,-2.9108396
-1.9482423,2.5409214,-0.42810738,-1.0605475,2.6542356,-2.664088,-2.0099692,2.6634889,-0.47749922,-0.9749615,2.768433,-2.7346015
-1.7642024,2.5138097,-0.43195918,6.843456,11.338192,-1.0887772,-1.6510464,2.6466572,-0.4720657,6.839056,11.469108,-0.9916157
-1.6545869,2.476527,-0.41213605,0.26099747,1.2833691,4.5616937,-1.5450213,2.6055942,-0.51943564,0.3670145,1.5164024,4.8561897
-1.5795121,2.4588833,-0.4180004,-1.598672,0.9244995,3.250448,-1.5355746,2.5407689,-0.5675587,-1.6335282,0.9698017,3.5894277
-1.4935031,2.466187,-0.41359067,-2.328107,4.8337846,-0.33561677,-1.5152435,2.5061495,-0.56848276,-2.3426554,4.873803,0.048731774
-1.4303169,2.473242,-0.37939078,-3.952589,0.9896449,-1.2947351,-1.4707022,2.4922657,-0.53439325,-4.074007,1.0008405,-1.1740577
-1.3825201,2.4325147,-0.3399937,0.07349211,-2.9555833,-1.7091128,-1.394766,2.4458222,-0.50311685,-0.05398746,-2.9376993,-1.9333373
-1.4148338,2.2676115,-0.31070694,1.2626826,-5.762994,-51.700985,-1.3974067,2.3034375,-0.49748597,0.95632005,-6.253318,-52.90481
-1.3026854,1.7134743,-0.40835932,-4.446275,-2.4115117,-64.64327,-1.4905416,2.203371,-0.4844022,-8.532435,-3.2638636,-67.25919
-1.1575649,1.6304705,-0.46844992,-1.7059058,-4.112512,-87.24876,-1.6122013,2.0731153,-0.40664473,-3.548041,-3.9300895,-87.29756
-1.2861294,1.826122,-0.38865528,8.9209385,-2.4532673,-77.84616,-1.6941541,1.9093826,-0.33964258,9.995065,-2.7214386,-77.9661
-1.6803938,1.8194278,-0.18840916,9.63971,3.9534554,-46.95978,-1.7420495,1.7411506,-0.33644882,9.446592,4.3257146,-46.55766
-1.8755317,1.3625861,-0.15792385,2.9157455,1.7181072,-22.297188,-1.7901934,1.489493,-0.2973305,2.7317162,1.825088,-21.890017
-1.8720157,0.6000873,-0.17897372,2.2651286,-6.15868,78.58588,-1.9588475,0.94580567,-0.22866485,2.8806746,-9.313611,83.11179
-1.8231837,0.763855,-0.24447824,5.6608667,-2.2570348,45.368168,-2.0310173,0.6904594,-0.20817214,5.561027,-2.005138,45.11288
-1.9946226,0.64954674,-0.2779639,5.1111226,-6.111108,40.053936,-2.0482924,0.47773603,-0.15534672,5.7879257,-6.6740985,39.73307
-2.043955,0.4723581,-0.2680407,7.1761117,-6.3920417,27.249329,-2.003239,0.35437295,-0.12691496,7.392228,-6.6811595,27.760849
-1.8644404,0.22648975,-0.20346735,8.73605,-5.841173,17.376389,-1.9220394,0.25029504,-0.118869625,8.798745,-6.0174866,17.657375
-1.7348717,0.18532366,-0.17440106,8.579075,-6.0898676,12.755888,-1.8344353,0.19437768,-0.109985255,8.596871,-6.134168,12.941665
-1.5699377,0.2156012,-0.13965161,10.326725,-8.798519,16.719587,-1.5652881,0.25342652,-0.1133703,10.289635,-8.864992,17.01518
-1.408612,0.3172319,-0.13633232,4.7618413,-3.6631815,3.510152,-1.3917124,0.35275224,-0.098818585,4.8038144,-3.7150493,4.177668
-1.2321066,0.4317618,-0.11536675,2.1595206,-1.4910407,2.026575,-1.2529237,0.4405685,-0.08044421,2.0124469,-1.4940436,1.926471
-1.0493281,0.58004,-0.11082443,1.0429629,-0.08673474,2.0126326,-1.0511382,0.58241284,-0.049917996,1.0122634,0.013155033,2.30554
-0.809502,0.7107962,-0.10758142,0.7304563,0.044144247,2.5927675,-0.888393,0.6989227,-0.039506573,0.6556828,0.12133929,2.8091042
-0.6277287,0.85343117,-0.10908299,0.30376202,0.43490908,3.799154,-0.70763576,0.8391518,-0.0453951,0.2719345,0.5159968,4.1144123
-0.42441282,1.0398844,-0.11593374,-0.6827453,4.0545387,6.0013013,-0.29800957,1.1909938,-0.0993229,-0.7380034,4.2139287,6.4140286
-0.21424791,1.2257409,-0.11436453,-0.68712646,3.4492514,2.0199988,-0.104472466,1.3671516,-0.12450577,-0.67206025,3.5003269,2.000615
-0.022088736,1.425911,-0.11608904,-1.1586205,3.6444228,0.68659383,0.04504197,1.5150079,-0.14817041,-1.0260524,3.6989908,0.7192225
0.1655269,1.6114889,-0.19184308,-1.9039007,4.1771545,0.86652,0.20808235,1.685219,-0.1908952,-1.8149139,4.26546,0.889034
0.33109304,1.8112639,-0.25392416,-3.828379,4.3742986,0.48739892,0.3387046,1.8365313,-0.23204966,-3.7974403,4.370274,0.49557173
0.4779897,1.9536422,-0.3030231,-4.1172066,8.470363,-1.3766474,0.46695405,1.9919001,-0.29474872,-3.943478,8.452919,-1.370532
0.5744325,2.0932884,-0.3685107,-5.47877,18.61092,-6.573136,0.65868753,2.2485564,-0.42632538,-5.3250995,18.392918,-6.726796
0.65455496,2.2807863,-0.41375008,-5.539349,9.929655,-3.7202594,0.6883166,2.3651476,-0.43142644,-5.391124,9.9573,-4.2666497
0.6610818,2.4108596,-0.44916168,-8.731444,9.539654,-7.928262,0.670082,2.4373112,-0.43119937,-8.706258,9.452396,-8.657432
0.62489617,2.414973,-0.63115114,-7.84782,8.1466465,32.16393,0.65059876,2.4697282,-0.4332006,-6.7284007,7.877418,33.546505
0.4053649,2.448997,-0.48286095,-4.2508802,4.743663,62.451015,0.6193566,2.539924,-0.4399685,-4.2021356,4.689398,62.525955
0.31691256,2.482202,-0.52375597,-4.6392965,1.8671987,42.161015,0.5279211,2.6661785,-0.44811365,-5.0795064,1.4040118,41.969933
0.4449794,2.672368,-0.42041335,-13.45044,4.6582274,-22.570705,0.4251507,2.5982945,-0.4250221,-13.181273,5.010851,-23.25725
0.30050078,2.3087003,-0.45476583,-3.013873,3.616029,-60.71105,0.40617195,2.523674,-0.39868847,-3.2660832,3.6241274,-60.59777
0.21323022,2.3738742,-0.36787066,2.4060578,-2.919728,-99.75342,0.370158,2.4401853,-0.36911428,2.5523868,-3.2408864,-100.47446
0.0003992319,2.2036488,-0.43430385,-2.2715397,-9.0881405,-71.511765,0.2720241,2.3603823,-0.33879375,-3.3943658,-9.708949,-73.246864
0.027693659,2.1576357,-0.4820153,-14.065906,-6.082368,-27.029182,0.07754289,2.2764359,-0.2782475,-13.9725,-5.99271,-26.474836
-0.16793922,2.1229658,-0.337792,-4.711482,2.755585,-11.258545,-0.17613183,2.1774867,-0.15776204,-5.155145,3.0891547,-10.707536
-0.51862025,1.8677343,-0.19124754,15.542087,-10.485444,-9.5523205,-0.5918321,1.9174659,-0.020065902,15.525155,-10.397753,-9.562452
-0.71444297,1.7319514,-0.24987765,3.4506207,-4.900015,1.5577942,-0.7969421,1.7427751,-0.056982014,3.4007578,-5.204583,1.1966815
-0.83134604,1.5162662,-0.21472138,-0.53508717,-3.4083617,8.384042,-0.96305174,1.5529083,-0.09226056,-0.2887091,-3.1369648,8.668427
-1.0512503,1.2516563,-0.20199959,-0.35948354,-0.40328375,16.925419,-1.0765009,1.3909184,-0.1330823,-0.54189295,-0.5067962,17.659449
-1.2257427,1.0918096,-0.1537818,1.1827776,-1.3157789,29.609303,-1.1910553,1.1946806,-0.22677888,1.0369327,-1.6090956,29.380203
-1.3167578,0.9366305,-0.16923402,3.1070323,-3.4933128,26.68655,-1.2723993,0.99284595,-0.25770873,2.8818116,-3.7650516,26.728834
-1.3515297,0.8515769,-0.15034495,10.846676,0.30068585,34.562786,-1.3357468,0.7238846,-0.22746526,11.164098,0.13602795,34.68591
-1.3636264,0.68850493,-0.21694584,6.8672814,0.5848545,13.136522,-1.3536587,0.6044428,-0.20285013,7.0809507,0.6319462,13.855344
-1.321659,0.51594126,-0.1772983,6.5069575,0.18684635,10.814119,-1.3506514,0.5278022,-0.16922571,6.5248737,0.37288657,11.337132
-1.2984272,0.43874472,-0.14702809,6.186974,-0.7783249,5.9724193,-1.3428901,0.49190375,-0.14709906,6.4776845,-0.6537462,6.026287
-1.2816412,0.4673106,-0.06859668,4.696384,-1.437169,-11.852509,-1.3362554,0.48887685,-0.13914834,4.5633864,-1.3868057,-11.901209
-1.4071532,0.3921523,-0.24643461,-1.154179,1.703368,-65.77633,-1.3268615,0.5031862,-0.122390844,-3.0435925,3.129354,-61.86329
-1.3368365,0.65003777,-0.10392483,-1.2579435,-4.966194,-44.855846,-1.3423752,0.47986677,-0.077584036,-1.6384014,-4.91993,-43.600025
-1.25862,0.36611766,0.08433842,4.7743745,-1.990851,39.16777,-1.3684987,0.473956,-0.116212435,4.6835675,-2.0716476,38.618317
-1.2717167,0.48916158,-0.053041242,5.2798066,0.75106114,35.76668,-1.3725882,0.42634124,-0.14670753,5.195819,0.51265496,34.245403
-1.1711036,0.53079045,-0.05056294,2.0954287,-0.89868975,49.955036,-1.3740627,0.41273943,-0.12764625,2.2331395,-1.1301508,49.49376
-1.3108437,0.5029757,-0.16392495,-3.9349432,-0.8720865,70.09987,-1.3883271,0.3965411,-0.11903043,-4.5103374,-1.3685253,68.76086
-1.2679745,0.6319203,-0.10369756,-3.6051226,1.3821843,60.209644,-1.3769432,0.4421291,-0.148083,-3.7123313,0.85997915,60.558037
-1.2695056,0.607054,0.015930185,2.3164082,0.68048865,-25.968786,-1.2047199,0.7130954,-0.12130417,2.9954553,0.7511532,-27.037502
-1.1915956,0.8533298,-0.015503487,1.676129,0.2543095,-10.876608,-1.1616786,0.77763665,-0.10503525,1.8961571,0.4188904,-11.256897
-1.1120979,0.8746419,-0.0958673,0.89692503,0.16601577,-5.9521413,-1.1084784,0.85908526,-0.09836186,1.2090921,0.4120105,-5.881516
-1.0884749,0.91892827,-0.13351609,0.45707864,0.9762284,-2.6813242,-1.0593512,0.9428438,-0.098988645,0.4291962,1.0207187,-2.7786663
-1.0144306,1.0599724,-0.14333893,-0.2714556,1.1991042,-1.5472723,-1.0081058,1.0420297,-0.10715625,-0.2832954,1.1882408,-1.6621021
-0.9780201,1.1508914,-0.14797512,-1.0048404,1.2565618,-0.9455821,-0.9617889,1.1422769,-0.115710735,-1.0053992,1.2474699,-0.9849706
-0.9335251,1.2613821,-0.15128496,-3.360608,2.3558955,-0.6072449,-0.89832884,1.3046641,-0.13522005,-3.433792,2.3911912,-0.5581471
-0.89735234,1.3477775,-0.16068201,-2.2205055,1.7300649,-0.10098593,-0.86226606,1.3906718,-0.14842813,-2.1706874,1.7081453,-0.045588795
-0.86256516,1.436364,-0.16939352,-2.1694803,2.1175745,-0.029780792,-0.83222944,1.4644811,-0.16151233,-2.1529324,2.1564252,0.07467938
-0.83544755,1.5231785,-0.1775492,-2.306807,1.9927484,0.2222782,-0.8117643,1.5353545,-0.17586842,-2.2898934,1.9899613,0.31733498
-0.8193183,1.5973475,-0.17957474,-3.927351,1.9303807,0.21907933,-0.7976106,1.5890086,-0.18407108,-3.974571,1.9312508,0.3215312
-0.7362554,1.6906765,-0.14959829,-20.773499,4.432756,-2.4253824,-0.79469645,1.631236,-0.16244897,-21.062052,4.45286,-2.5214148
-0.80291164,1.5905014,-0.15570627,-12.229695,-4.945461,-0.38660043,-0.83560675,1.6386081,0.14623149,-12.136657,-4.803953,-0.4674243
-0.7990247,1.518549,-0.11298255,3.5878553,-8.141183,-0.29876417,-0.8539319,1.5503715,0.14557931,3.925742,-8.342588,-0.5448655
-0.78522515,1.4681308,-0.1372496,-0.24008399,-1.9238365,-3.2888596,-0.84402317,1.4367055,0.06537942,-0.3192977,-1.9263847,-3.3567023
-0.7585511,1.3231565,-0.13760175,1.7652694,0.69898283,-1.6305364,-0.8272986,1.3409638,0.032745846,1.9018656,0.6824853,-1.843182
-0.7385986,1.2069954,-0.12787762,0.490781,-2.4582388,-0.35310286,-0.80028194,1.2699589,0.014055674,0.47909468,-2.564119,-0.40652266
-0.7220963,1.1641322,-0.10244608,-2.4310956,-2.6321614,-0.34384507,-0.7533893,1.1972283,-0.002860778,-2.501794,-2.6699665,-0.43879592
-0.6788367,1.0491924,-0.1052503,2.0115452,-0.42623654,-0.3201484,-0.6369099,1.0092983,0.0028975164,2.153715,-0.43409234,-0.48565716
-0.6174252,0.97262025,-0.089390524,3.807733,-0.42097786,0.15367563,-0.594264,0.9418782,0.015409172,3.8905425,-0.41444626,0.121538535
-0.5566938,0.90548176,-0.08797139,3.9175076,-0.020571677,0.15071853,-0.54395807,0.8765545,0.030058991,3.9495502,-0.064207524,0.124380514
-0.4935585,0.829055,-0.076779954,3.1962497,0.9970026,-0.00041286857,-0.49493068,0.8205428,0.037201393,3.2217536,1.0002371,-0.017313063
-0.43566158,0.7682718,-0.068107806,3.5460796,1.0756031,0.51010877,-0.44026256,0.7659149,0.03963407,3.5782847,1.0641433,0.53473413
-0.39381942,0.74384904,-0.06772899,3.860421,0.48273358,0.765508,-0.38435,0.7250953,0.036517784,3.8984125,0.46955666,0.81705505
-0.32846937,0.72978544,-0.06613103,7.1649055,2.8952422,-0.5985941,-0.30475187,0.6951742,0.0190616,7.3075266,2.9201047,-0.6662126
-0.3058816,0.73985946,-0.058470994,3.124136,-0.051081564,-0.0747122,-0.25917032,0.7072748,0.0137674,3.112668,-0.07919583,-0.018571995
-0.2627791,0.7537713,-0.05403068,3.1670966,0.6476371,-0.13044135,-0.2239559,0.72832763,0.012349689,3.2674928,0.6712983,-0.13067037
-0.22333607,0.7876463,-0.04775057,3.2555487,0.93103164,-0.23616664,-0.19756006,0.7571587,0.015246567,3.3331327,0.9484769,-0.20754823
-0.18643698,0.84606004,-0.05090215,3.9344897,1.4686961,-0.17631261,-0.17680712,0.79861003,0.0005686521,4.0245104,1.4808788,-0.16738617
-0.1542426,0.9092014,-0.07075598,5.172589,3.2352898,-0.14277212,-0.14813897,0.8523151,-0.08958803,5.271132,3.253705,-0.15607944
-0.13169989,1.022274,-0.11710519,7.2445846,11.9110985,-0.23701493,-0.090433,1.0049274,-0.33014286,7.35812,11.920707,-0.12371111
-0.15937194,1.1269417,-0.10950308,1.0531335,3.3341322,-0.2713539,-0.11697526,1.121063,-0.24295306,1.1247743,3.350399,-0.17423905
-0.18726775,1.2534047,-0.113249026,0.19240862,3.3245673,-0.9632475,-0.16158584,1.247905,-0.2070794,0.2999937,3.5271347,-0.93120116
-0.22414848,1.410532,-0.12348912,-0.31467408,4.2436495,-0.74662894,-0.21854652,1.3830563,-0.19658929,-0.23215127,4.347361,-0.7229196
-0.30817708,1.5658387,-0.14136463,-0.9796296,3.9613442,-0.42992228,-0.29211003,1.5029054,-0.19594683,-0.9119958,4.0344753,-0.44505212
-0.3896334,1.6769617,-0.15612237,-1.9752911,3.3335075,-0.09814827,-0.37408543,1.6090941,-0.20230196,-1.9496603,3.3931425,-0.10491334
-0.5167382,1.8133774,-0.17825727,-5.537091,3.1202211,2.0036104,-0.56190157,1.835476,-0.23681976,-5.6395206,3.1575484,2.154012
-0.6385268,1.921907,-0.24653067,-10.214084,-2.2043228,22.818943,-0.6481899,1.9059813,-0.25436643,-10.273761,-2.7945852,22.79092
-0.92102325,1.950583,-0.34764874,-9.634707,-4.2090116,93.41696,-0.7112929,1.9465191,-0.25814986,-9.709247,-4.898515,91.1802
-0.88398635,2.2824335,-0.32375845,-6.8772883,-3.0300164,110.091644,-0.753889,2.0529368,-0.30180407,-5.2710757,-3.155276,110.40685
-0.8637824,2.2368135,-0.35956314,-15.737733,3.5784037,62.358303,-0.799718,2.2038245,-0.3671178,-15.488178,4.317303,62.26235
-0.7482661,2.21736,-0.29239675,-11.768563,4.9191513,40.203552,-0.7174014,2.2451236,-0.3634782,-12.293725,5.3575745,39.181305
-0.4613349,2.1885576,-0.2092515,0.115094125,-4.2028146,24.58836,-0.41960153,2.177918,-0.25333285,0.24794783,-4.5571733,24.401812
-0.2678887,1.9389696,-0.18565573,4.884707,-0.60924834,-46.475494,-0.2225396,2.0849872,-0.21960732,4.5505195,-1.0211254,-49.850517
-0.05723512,1.8289558,-0.24658783,6.07308,0.9025724,-79.10167,-0.04060008,1.9758887,-0.2127559,5.8740907,0.61996216,-79.16504
0.08601913,1.7747668,-0.2646664,6.554049,0.573694,-61.59358,0.098024175,1.8737793,-0.19174096,6.899612,0.55547416,-62.026077
0.2631219,1.8067936,-0.25452414,4.598147,1.1580017,-39.97843,0.19144547,1.781027,-0.17220715,4.4626794,0.85421973,-39.0987
0.32273176,1.7065333,-0.22631021,2.2987874,1.9659121,-27.350704,0.22724865,1.7098185,-0.16686127,1.9400547,2.045495,-26.961893
0.21103337,1.6843028,-0.20823868,3.2704017,5.8606586,-35.169376,0.15954424,1.6294789,-0.16666478,3.1012075,6.397623,-34.379406
0.14202121,1.6251214,-0.18302386,0.69760376,2.0623071,-22.103996,0.08108205,1.6043903,-0.1668644,0.46983683,2.309659,-21.99943
-0.10969451,1.5953095,-0.25263324,0.372137,0.2514409,-60.380596,-0.0029430494,1.5702527,-0.16640972,0.07361629,0.73504025,-58.984707
-0.24857,1.6162051,-0.3339518,0.6970791,-1.3131807,-98.54754,-0.07821209,1.5216881,-0.16863035,-0.36069158,-1.2254735,-97.92224
-0.35636327,1.5525789,-0.4497169,0.48600715,-6.6668663,-92.78584,-0.20154896,1.4892333,-0.18566419,-0.22521773,-7.110578,-91.52565
-0.6154189,1.4732959,-0.27351078,1.3121303,-11.6787405,-61.75001,-0.45525187,1.5311683,-0.200392,1.3513792,-11.770674,-60.516163
-0.8120848,1.409615,-0.16467239,10.914725,-19.247467,-44.151554,-0.9543439,1.4823706,-0.1346696,11.26781,-19.216007,-43.827965
-1.2237462,1.1557084,-0.12234879,0.46470332,-9.428991,38.99111,-1.1370983,1.3929431,-0.112399034,0.5468183,-9.755977,39.54636
-1.3464206,1.0629613,-0.25897828,-1.2515317,-5.6494107,66.51779,-1.2901734,1.2735804,-0.1170048,-1.2000253,-5.844024,67.10855
-1.4323622,1.1425173,-0.20955761,0.4705647,-1.5309157,53.120434,-1.4020267,1.1617916,-0.12829013,0.6577193,-1.597922,52.78052
-1.5045736,1.1415355,-0.20450625,2.0187123,0.474636,41.499866,-1.4303063,1.0960299,-0.14216103,1.7464592,0.08672334,41.51996
-1.4200886,1.0837405,-0.15776302,4.0831857,0.17113665,63.411663,-1.3805245,1.0728464,-0.15381545,4.566085,0.38775527,62.684814
-1.7682878,1.6894805,-0.25776157,-2.401688,-3.2449338,181.47437,-1.235255,1.1507092,-0.18414369,-1.1592641,-4.8020964,183.22467
-1.2814901,1.5834379,-0.24839862,-24.281506,3.7047336,70.458374,-1.277251,1.2283362,-0.19758266,-24.554098,2.9223127,69.5128
-1.2336173,1.366054,-0.049084984,-22.390846,5.423417,43.742027,-1.17556,1.292578,-0.17798465,-22.780117,5.6909533,43.04471
-1.1085639,1.5723364,-0.120723,-12.993447,4.25636,28.06519,-0.98734707,1.3290036,-0.15683289,-12.716719,4.250211,27.757088
-0.7476958,1.3486142,-0.04881466,1.3895141,-0.63355505,-9.280519,-0.77284664,1.3197155,-0.11530558,1.5338581,-1.0837924,-9.308285
-0.50513136,1.3469359,-0.123499475,6.992087,0.8070736,-56.061954,-0.5942133,1.2455922,-0.07193479,6.815043,0.14798768,-54.57889
-0.37254938,1.144676,-0.057067357,14.1699,11.177597,-79.45805,-0.30433714,1.0335219,-0.0387781,17.26011,15.564387,-80.82026
-0.04815349,0.94814813,0.009951929,7.4564466,6.480747,-24.963337,-0.20757252,0.94325215,-0.03935584,7.6588326,6.7212324,-25.03067
-0.020674199,0.91863906,0.009967247,11.105674,5.4263883,-20.597664,-0.15392679,0.9160554,-0.040029753,10.988722,5.2514057,-20.156755
-0.14428636,1.051614,-0.10979172,16.215193,2.8141925,-1.8868848,-0.0989015,1.0185119,-0.04767923,16.600256,3.095431,-1.5911994
-0.21598253,1.1042719,-0.100056104,15.176464,-1.5936241,8.064117,-0.07891834,1.1077114,-0.055347454,15.221318,-1.5319347,8.216081
-0.19133624,1.215669,-0.08236944,10.747795,-7.355955,1.8989846,-0.12584984,1.1496642,-0.0648687,10.880344,-7.3399916,2.0957255
-0.20566496,1.3930545,-0.08662041,11.199749,-13.169041,-7.429904,-0.2522865,1.3956958,-0.07079406,11.574396,-13.2149,-7.3570065
-0.18109444,1.5464727,-0.1280996,2.0380425,-3.305032,-4.0323863,-0.26043537,1.5733396,-0.079877116,2.341473,-3.587338,-4.2318234
-0.18664637,1.7913235,-0.1554238,-3.336812,0.40629885,-3.8158052,-0.2104956,1.772778,-0.09622426,-3.4102793,0.35387683,-3.6927166
-0.17466065,1.9396942,-0.17191155,-2.8288655,1.3946826,-3.5903728,-0.14021479,2.0010211,-0.11472594,-2.667078,1.4287499,-3.4216213
-0.06097117,2.1965423,-0.21958227,-1.5620055,1.606453,-2.4475167,-0.06251769,2.1973839,-0.16039215,-1.4999187,1.649659,-2.47112
0.029111892,2.3741221,-0.2801338,-2.686073,2.4714942,-4.608731,-0.005209037,2.3532395,-0.2013071,-2.6330073,2.4144492,-4.818122
-0.1604737,2.3039637,-0.46886036,-3.387027,-1.5133759,-78.247055,0.10522407,2.6779678,-0.28942043,-5.7781014,-1.495228,-81.16536
-0.08194202,2.56891,-0.4809706,0.6180138,-4.8313813,-78.86054,0.12256974,2.8333795,-0.34420237,0.99056834,-5.2682724,-80.030014
0.05091098,3.1146703,-0.5520403,0.16901916,-2.448898,-64.98229,0.11886352,2.9475646,-0.3880042,-0.16202956,-2.384772,-63.36594
-0.06760505,2.7839782,-0.53096575,-7.906517,-0.95687354,-59.263462,0.11505925,3.012853,-0.42951304,-8.072829,-1.0364085,-59.1397
0.019373208,2.8930779,-0.6367395,-15.618375,-1.8431754,-46.410984,0.017223217,3.0555708,-0.48728147,-15.695863,-1.3877302,-46.01635
-0.19295737,3.0137446,-0.6143455,-13.77503,-5.98383,-36.53439,-0.24297866,3.1115782,-0.54973423,-14.243863,-5.5313396,-39.06734
-0.5900283,3.1582918,-0.55382353,-0.6852978,-6.7717657,-36.87806,-0.83209777,3.1098647,-0.5847235,-0.41049963,-6.4597554,-37.076607
-0.9755119,2.8204684,-0.55920047,-2.499559,-1.2774556,46.644196,-1.1712444,3.0475261,-0.5648582,-2.8602123,-1.0278262,47.12144
-1.4559628,2.5054705,-0.46156338,-4.2110496,0.57723933,69.10211,-1.4743879,2.9281585,-0.5567578,-4.2191024,0.13713787,69.07756
-1.7355642,2.4307153,-0.53096384,-0.66818255,0.50032276,50.067493,-1.6584431,2.8060935,-0.55111927,-0.2958694,0.657403,48.893898
-1.9639354,2.4623623,-0.44879478,1.8715522,-1.521172,29.94762,-1.7663252,2.6928997,-0.5373944,1.8657564,-1.8062574,30.233246
-1.9236468,2.448854,-0.44966307,-1.759922,-5.211681,24.043228,-1.8593554,2.5400038,-0.5181242,-1.7753608,-5.046331,24.296816
-1.9036709,2.3606396,-0.40333188,-3.5331964,-8.843526,25.256466,-1.8963176,2.3284779,-0.45601058,-3.3847148,-8.746243,24.762774
-1.8572911,2.1973495,-0.44216844,-1.352377,-2.3478713,13.605648,-1.8666012,2.2371957,-0.42158502,-1.307003,-2.2213194,14.02257
-1.76677,2.131092,-0.3895939,-1.7132858,-0.47848243,17.12677,-1.8099722,2.1330245,-0.3871891,-1.8032207,-0.40726086,16.857422
-1.6735711,2.0213814,-0.3321887,-1.8290395,1.280436,26.697845,-1.7370381,2.0329998,-0.35794708,-1.7759638,1.2980273,26.29734
-1.3837602,1.9043802,-0.2794297,-1.61389,3.7984564,47.258816,-1.654958,1.9795065,-0.33385727,-1.4326872,3.65239,46.428547
-1.2364906,1.8015115,-0.2464539,-3.084524,5.4632573,62.41261,-1.5415921,1.9749931,-0.31319186,-2.8081052,5.6655583,61.91407
-1.1105318,1.7720048,-0.31562215,-11.650805,6.967745,70.51305,-1.3012863,1.8140659,-0.26308885,-12.775743,7.74225,70.571655
-1.1535001,1.7459288,-0.21752161,-7.936783,2.1264968,19.11263,-1.1659197,1.6532164,-0.24117804,-8.036685,1.9176201,19.516962
-1.0438187,1.6439707,-0.18337376,-5.881532,4.541832,14.996247,-1.0077701,1.5666467,-0.21966977,-5.447373,4.2566757,14.716466
-0.82579994,1.5597504,-0.19098493,-1.2639619,7.788686,11.009974,-0.82774025,1.5262227,-0.20596327,-0.8951137,7.3423634,11.14215
-0.6011063,1.504729,-0.1835378,-0.12526327,7.444361,1.982077,-0.62605935,1.4571552,-0.18187745,-0.21193902,7.696678,2.4578795
-0.2936028,1.391972,-0.018003633,3.27745,5.5298777,-25.912483,-0.46133494,1.3302075,-0.14454035,2.9198756,5.170965,-25.790306
-0.28376916,1.2660332,-0.17714979,9.752322,5.514097,-70.33852,-0.2876448,1.0802453,-0.084233515,10.386336,6.0047326,-70.05395
-0.079619676,1.020375,-0.017145982,4.882976,3.5545635,-19.058075,-0.23759672,0.9708717,-0.059626125,4.546548,3.5838218,-18.975756
-0.10741511,0.9857204,0.0022831652,6.32219,3.568313,-15.065681,-0.21142152,0.8643927,-0.042058785,6.224982,3.703589,-15.045155
-0.22977021,0.9491614,-0.018232724,5.2061896,3.9865096,-11.734757,-0.22098505,0.7740547,-0.038704704,5.4162283,4.2657003,-11.0296
-0.3253306,0.7261775,-0.03294622,5.7409143,3.2165816,-7.503612,-0.24761136,0.7205201,-0.03949477,5.821159,3.3632426,-7.5507054
-0.37427172,0.658549,-0.033043854,7.5863857,2.5578213,-6.3034916,-0.31406468,0.67426294,-0.03931471,7.6488705,2.648571,-6.447607
-0.46756992,0.7093737,-0.05900737,18.681807,1.4045367,-2.4755108,-0.43975413,0.70428395,-0.049289532,18.79988,1.525037,-2.602866
-0.5248991,0.77464974,-0.1002221,12.911227,-1.5424359,0.9508527,-0.48518783,0.8110696,-0.049036384,13.115628,-1.6113248,0.9792513
-0.6008471,0.8874302,-0.09042161,9.344076,-6.463008,1.3943905,-0.5797658,0.930708,-0.057166994,9.316922,-6.652029,1.485935
-0.70541644,1.0271733,-0.075230114,3.6986208,-8.625753,-0.5222222,-0.68655133,1.046622,-0.06597082,3.699935,-8.657078,-0.21727216
-0.79247916,1.2243633,-0.1171046,2.1806433,-5.93063,0.8657387,-0.78412604,1.1859411,-0.08148043,2.125755,-5.906724,1.0231912
-0.8534217,1.4171618,-0.14162149,0.37735075,-3.9891891,0.39978224,-0.83166045,1.345289,-0.09764233,0.33495975,-3.9465525,0.47538528
-0.87379575,1.66034,-0.16792737,-5.511101,-1.7943693,-3.265851,-0.8381903,1.712146,-0.1451835,-5.6934743,-1.7713561,-3.1841385
-0.8511225,1.8328826,-0.1884241,-1.5476083,-0.36501393,-1.7429873,-0.8217775,1.8743485,-0.16844209,-1.4875678,-0.33440682,-1.6823907
-0.83409,2.0202749,-0.21680163,-2.7930813,-0.21495482,-1.7839037,-0.80116296,2.0126224,-0.1891914,-2.8650837,-0.06846992,-1.7942306
-0.74226713,2.2628934,-0.2321284,-2.7702875,-1.8796068,-20.06662,-0.7686122,2.177723,-0.2090799,-2.950776,-1.8180085,-19.799433
-0.73421884,2.5368197,-0.37093517,2.0913053,-6.7944603,-54.29679,-0.7249467,2.331998,-0.23850825,2.124482,-6.2928896,-52.44119
-0.7163309,2.7626,-0.3877792,5.1124387,-7.7579556,-69.82539,-0.7111411,2.5141985,-0.28387156,5.404204,-7.7911744,-67.99626
-0.7774435,2.645403,-0.38122723,0.13232797,-8.698605,-46.328785,-0.7588502,2.7033808,-0.34998223,0.52357197,-9.010683,-45.65688
-0.65901077,2.6830912,-0.4690301,-6.695745,0.9985111,34.18323,-0.80186397,2.7883885,-0.38401207,-5.9642615,1.1942226,33.1902
-0.82653546,2.691842,-0.4923198,-11.321326,3.7117915,28.240242,-0.8373513,2.827826,-0.40833077,-10.929401,3.3002002,27.350578
-0.93564105,2.8844285,-0.4922051,-15.114186,5.7037134,20.5957,-0.9593406,2.7889078,-0.44376716,-15.141932,5.509172,19.69621
-1.0787388,2.945573,-0.5381343,-12.712312,5.7065773,13.129318,-1.0814594,2.7712855,-0.4813249,-12.670185,5.8518543,12.818869
-1.105907,2.8905935,-0.4690455,-10.600447,5.315548,10.177551,-1.1144327,2.8167996,-0.51003057,-10.671319,5.221331,10.319387
-1.1366385,2.785749,-0.492556,-16.887276,7.076914,13.525075,-1.1310838,2.795004,-0.5044773,-17.054688,7.037985,13.130904
-1.1619014,2.6222239,-0.4252682,-6.406699,2.9449759,15.699274,-1.1638373,2.6774786,-0.48063093,-6.3876524,2.768535,15.564371
-1.0849863,2.4056914,-0.43648937,-3.325665,1.8924124,52.453022,-1.2001545,2.5233338,-0.45460364,-2.95137,1.3428276,52.813793
-1.1241276,2.219356,-0.3635665,-1.1981528,0.55531335,63.385685,-1.203572,2.448774,-0.43723026,-0.96808916,0.22464716,62.495777
-1.1015515,2.1967835,-0.34582236,-1.4377902,0.91125226,52.998272,-1.1798526,2.3969328,-0.4208982,-0.69523156,0.6731185,52.251293
-1.1477828,2.178183,-0.2987893,-2.9888556,3.2903934,34.285007,-1.1263076,2.2849739,-0.38927597,-2.8847044,3.2535756,33.580822
-1.0076641,2.026555,-0.2954172,-3.6833782,7.5793147,34.30924,-0.9588542,2.0761611,-0.29122382,-4.0195127,8.076559,33.71844
-0.83028996,2.0109138,-0.2259046,4.058805,2.5171378,10.9110365,-0.8654087,1.9502094,-0.23931152,3.4700038,2.996311,11.586592
-0.7199508,1.9586488,-0.2607619,4.8368087,3.5600202,9.910137,-0.78207654,1.8162247,-0.20202902,4.611558,3.8384476,9.870433
-0.63431394,1.8116646,-0.2313452,5.6190104,3.1311772,8.310429,-0.7070543,1.6934131,-0.17168419,5.4271946,3.263765,7.9334106
-0.59571373,1.713574,-0.2197094,7.444208,1.1398966,12.953619,-0.63569456,1.5796007,-0.15102491,7.4734883,1.2189963,12.839159
-0.656953,1.6111121,-0.20659906,2.74645,1.2575603,27.651714,-0.5668135,1.4824376,-0.15225042,2.781839,0.562831,27.600063
-0.69028187,1.5174781,-0.1482686,2.2804923,8.517448,32.953022,-0.4633137,1.3819929,-0.1446366,2.381405,9.055154,32.6287
-0.5079378,1.3684151,-0.08361796,0.4071613,2.4528456,-1.9931787,-0.4290241,1.3443954,-0.12613918,0.35402545,2.6210139,-1.0999222
-0.375564,1.3547392,-0.05325993,-0.27250534,-3.2580762,-25.679619,-0.40034556,1.3148979,-0.10333004,-0.04321103,-2.648881,-24.829653
-0.23947862,1.3132472,-0.0028596725,3.7396922,-1.1656547,-28.191132,-0.3909001,1.2711209,-0.09163367,3.718731,-0.81054586,-27.598988
-0.23585609,1.3120219,-0.021548113,3.4361382,0.65063757,-28.75354,-0.4020675,1.2002624,-0.08364107,3.646338,0.92463636,-28.579908
-0.42620292,1.2817568,-0.19110604,5.3639703,0.5533884,-63.524494,-0.43610853,1.1602639,-0.07365827,5.3945365,0.79007137,-61.993114
-0.46142784,1.2864912,-0.2942057,6.2753763,2.2774973,-76.23094,-0.55616003,1.128976,-0.069604725,6.426859,2.3131344,-77.33731
-0.5536381,1.1507932,-0.00028862618,3.1647136,1.1525581,-29.326435,-0.6297655,1.1394596,-0.078070045,2.4131339,1.2823884,-28.976927
-0.6116047,1.1955479,-0.03272047,6.908363,-1.2844598,-22.65224,-0.72685504,1.181501,-0.09500109,6.822007,-1.2570438,-22.51917
-0.8782643,1.3689308,-0.13494368,11.407306,-4.7854605,-0.39213413,-0.8064157,1.3206687,-0.11979502,11.754305,-5.2049775,-1.0075778
-0.9760659,1.4460912,-0.2019263,10.326943,-7.50873,5.1564116,-0.8976517,1.4923712,-0.15111284,10.449254,-7.82887,5.0996423
-1.1187977,1.5781391,-0.16190277,4.0677285,-11.941326,-2.137419,-1.0431546,1.5804087,-0.17607707,4.05393,-12.31775,-2.0709057
-1.0821576,1.8042402,-0.21016611,3.447833,-22.262428,2.3022373,-1.199706,1.758111,-0.19718209,3.7025046,-22.567291,2.667739
-1.1424081,1.9500649,-0.27913463,0.44202012,-8.373508,2.0478878,-1.1689869,1.9182541,-0.20523094,0.5586151,-8.581595,1.8919712
-1.1005762,2.1626902,-0.2866271,2.8175316,-5.1791754,2.6858244,-1.1467899,2.0833328,-0.21318473,2.957328,-5.114654,2.1016126
-1.0496026,2.289096,-0.3139266,3.8751855,-4.365944,3.4317997,-1.0622174,2.2961872,-0.22241484,4.1086235,-4.150779,3.2109916
-0.91963637,2.4830732,-0.36441776,0.64278287,-3.1193454,-0.45767516,-0.9399316,2.4808702,-0.23019996,0.62610644,-3.2191825,-0.7119056
-0.78461397,2.666315,-0.3867865,-3.662825,-1.7459481,-2.673332,-0.79354024,2.695347,-0.24468072,-3.7916586,-1.850582,-2.9723268
-0.58909523,2.8568296,-0.37518555,-2.948419,5.1789646,1.8878316,-0.56618583,2.95156,-0.29737294,-2.7335758,5.364336,2.0490718
-0.4183115,3.04329,-0.4215509,-4.3890295,3.8217995,2.1470265,-0.41704112,3.0866842,-0.34610832,-4.375447,3.7393477,2.133387
-0.24433056,3.1668534,-0.4775936,-2.2828066,5.7338047,2.4793072,-0.27121383,3.220181,-0.38758028,-2.0747614,5.8016896,2.5275867
-0.09403166,3.2980165,-0.5488247,-3.7142072,4.935527,2.8856535,-0.14713617,3.3149564,-0.4415932,-3.635657,4.8872185,2.8661287
-0.013630301,3.419664,-0.58742815,-8.606156,4.3533263,4.1346917,-0.05256256,3.4008281,-0.48559657,-8.611501,4.228922,4.1023498
0.06165722,3.4775996,-0.60108477,-10.678866,4.26563,5.0986376,0.0444889,3.4752362,-0.53504664,-10.573057,4.1605783,5.1053853
0.10697982,3.3960142,-0.64798075,-19.103714,7.952174,9.415737,0.23573945,3.5425577,-0.6063,-19.652914,8.017687,9.468795
0.26527318,3.4786043,-0.61386484,-6.6884828,3.4909563,3.5606005,0.31460744,3.5276067,-0.6176805,-6.571939,3.4609144,3.7574081
0.3702518,3.416951,-0.60079694,-4.7496867,3.927182,1.1064292,0.38060498,3.4705002,-0.62288827,-4.9711475,4.118647,1.1582597
0.49424347,3.3839474,-0.60684836,-5.017786,3.9376068,-2.2710059,0.42892164,3.3776863,-0.60873914,-4.8405404,3.7437754,-2.5784616
0.4878408,3.1904478,-0.59366626,-5.64094,0.28628656,-4.042497,0.47463107,3.2623348,-0.5924909,-5.6974735,0.23433632,-4.2609825
0.52568996,3.0552983,-0.5586102,-4.188181,0.7133121,-4.5979486,0.51049733,3.1275578,-0.59938884,-4.2921963,0.63154674,-4.9350023
0.55815434,2.894646,-0.5023938,-7.5915265,6.6936083,-7.3114977,0.53291434,2.792403,-0.6134873,-7.5855427,6.6283255,-7.7088785
0.65685666,2.5992196,-0.48393598,-0.5471378,0.41124114,-30.759195,0.5132271,2.5909505,-0.5133001,-0.24814789,-0.03793795,-31.100037
0.42930403,2.4433622,-0.48801515,4.5529084,-3.1795738,-53.20045,0.4847328,2.401865,-0.3710453,5.101425,-2.5942087,-53.16363
0.4812605,2.252325,-0.44990596,7.9380946,-2.3470893,-57.669495,0.44029576,2.2441967,-0.28220442,8.449961,-1.3352727,-55.88177
0.31154302,2.1932266,-0.33102557,6.809755,-2.8765347,-52.314297,0.37192282,2.1046216,-0.25118136,6.8820763,-3.127579,-51.133705
0.059663028,2.1712034,-0.33836803,4.6890926,-6.1387014,-41.592995,0.28359905,1.9904158,-0.24069683,5.1172013,-6.1230087,-40.906513
0.22595802,2.0785475,-0.27328837,1.7631434,-7.090817,22.26477,0.07957298,1.7973636,-0.22117673,1.2686932,-8.464307,17.557638
-0.07963368,1.963056,-0.288834,-2.1761656,-0.7158762,45.66852,0.016202597,1.7102077,-0.19455376,-2.7797897,-0.77588993,40.731827
-0.16706511,1.6515334,-0.14717697,0.37379485,-2.550465,29.069832,-0.07822585,1.6205457,-0.16637614,-0.17808151,-2.0548346,28.732834
-0.3223904,1.5698282,-0.12475342,3.6281662,-3.9939294,25.571295,-0.19486845,1.553849,-0.16142052,3.6877513,-3.8226252,25.459019
-0.32794437,1.4577569,-0.13540785,1.5950251,-4.752369,20.859074,-0.28844365,1.4920983,-0.15929942,1.5063066,-4.657467,20.540602
-0.304006,1.3574715,-0.1547411,-0.8869552,-3.6860955,12.573145,-0.35816798,1.4124409,-0.13713181,-1.192653,-3.749073,12.652685
-0.2807574,1.2966973,-0.1294184,4.042129,-4.3294816,14.584517,-0.3801941,1.2589915,-0.106892176,4.166848,-4.4381022,14.357952
-0.29937872,1.2858365,-0.18678963,6.058325,0.26960197,4.429253,-0.36320502,1.1926343,-0.09832989,6.1779556,0.36661872,4.4866247
-0.2584369,1.2423892,-0.14460258,0.8019924,3.052251,4.084525,-0.33169425,1.1478035,-0.08570112,0.8792732,3.1643107,3.937363
-0.25080416,1.1748,-0.13358696,-1.7235705,2.9415786,4.4034996,-0.284884,1.1094724,-0.061524443,-1.6750865,3.0034869,4.3591385
-0.2283546,1.0901719,-0.1377774,0.3295464,1.2128818,6.575964,-0.24922144,1.0749872,-0.05647991,0.512102,1.2170691,6.5929885
-0.19929191,1.0713694,-0.12375634,2.9156547,0.91035306,7.4025764,-0.22984752,1.0399882,-0.072673604,3.0866034,0.9425639,7.4057593
-0.19941428,1.0539893,-0.122067355,-0.27256125,2.8763072,4.1509857,-0.19696987,1.000602,-0.059952192,-0.24503057,2.9212086,4.1382847
-0.16719982,1.0030682,-0.108322255,1.4625218,2.1593604,3.7298753,-0.19605471,0.991094,-0.05841783,1.6394671,2.214271,3.6843765
-0.16224423,0.9804218,-0.12294773,1.5465956,2.4779446,3.970681,-0.17109412,0.97463244,-0.0680077,1.6582093,2.5777135,4.0561323
-0.14137164,0.9913727,-0.0802354,-1.3285187,3.941308,1.411561,-0.17065057,0.96505475,-0.06283255,-1.313515,3.9978864,1.1896042
-0.17023817,0.96143126,-0.1112619,-1.3494114,4.448273,2.3810556,-0.17953965,0.9611531,-0.063860215,-1.2765312,4.5391436,2.3497298
-0.14113626,0.9356458,-0.07556722,0.47770303,5.369334,0.12273963,-0.20085067,0.9585395,-0.06331157,0.5971942,5.4726977,-0.14809673
-0.23478028,0.9769761,-0.07030936,-0.14785141,-6.7116227,6.714824,-0.29280406,0.93085045,-0.1202206,-0.16712204,-6.921053,7.1516967
-0.29878625,0.90996194,-0.11166147,4.4567137,-1.3299954,3.7223241,-0.33508626,0.89784956,-0.20721859,4.536582,-1.3202479,3.7637832
-0.36599603,0.9398404,-0.16393256,9.127749,5.4042606,6.7915826,-0.38813385,0.84145004,-0.28994995,9.254536,5.5108914,6.978308
-0.39447013,0.91716486,-0.13743871,9.075963,3.2508469,2.8981495,-0.4418786,0.8098437,-0.29495326,9.247908,3.316148,2.9282181
-0.41514465,0.958055,-0.11121475,10.8250475,-2.1003244,-1.094577,-0.49931443,0.822442,-0.23231025,11.116198,-2.061865,-1.2208431
-0.4807268,1.011732,-0.12578364,9.811035,-4.9082966,-1.0233454,-0.5611052,0.9085785,-0.16357896,10.110286,-4.901842,-1.0959535
-0.56742144,1.1367277,-0.1352712,11.441726,-4.61456,0.28465682,-0.6049916,1.2471566,-0.12774079,11.6690855,-4.6582403,0.12273512
-0.618613,1.3760768,-0.17596434,5.482556,-4.598997,-2.765077,-0.59942997,1.4296213,-0.14980079,5.5963387,-4.785911,-3.0083203
-0.61333895,1.5990554,-0.19813217,5.415982,-5.276386,0.29337198,-0.58419466,1.6333652,-0.17843804,5.645351,-5.2713165,0.23071748
-0.5692743,1.8861164,-0.22409292,6.370087,-2.6717286,3.8208754,-0.54347646,1.8837473,-0.23799272,6.5888696,-2.5372195,3.9517517
-0.5168499,2.224729,-0.2611436,2.0963588,-2.1330345,1.3526703,-0.48922732,2.125219,-0.33536813,2.2161186,-2.3098502,1.3029948
-0.44055256,2.4908538,-0.29999664,-0.11405772,-4.5894995,0.8843711,-0.43268433,2.3588045,-0.39851484,0.060777683,-4.7930346,0.73949397
-0.2123684,2.8683732,-0.35908845,4.3536706,-13.342199,8.857785,-0.21702237,2.9388707,-0.50039804,4.6304913,-13.712035,10.058867
-0.10945919,3.2256105,-0.50771177,1.2765875,-5.8147945,3.243439,-0.04565647,3.2502072,-0.5866566,1.2627373,-6.1436014,3.9930143
0.09297207,3.5620775,-0.6411666,1.2997617,-7.8662467,5.6713057,0.14003214,3.5345283,-0.6739858,1.5509619,-7.996812,6.2368507
0.35656646,3.8709035,-0.74311155,1.6411872,-11.408947,7.7301784,0.35921383,3.804821,-0.7726564,1.9874618,-11.767669,8.603034
0.73851967,4.2622447,-0.927551,0.3067618,-8.759305,2.7223017,0.629125,4.0829015,-0.88882565,0.52469045,-8.900507,2.6986427
1.0862066,4.5100656,-1.0598136,-2.6199586,-5.3698072,0.67288476,0.9547318,4.3648124,-1.0295429,-2.465883,-5.40796,0.048206612
1.411719,4.7323847,-1.2359519,-7.2212124,-7.0743203,1.2451972,1.7002676,4.834563,-1.3687133,-7.5008507,-7.6422205,0.98069566
1.9117812,4.933042,-1.461304,-4.2897453,-1.2365931,-1.8163084,2.0969934,5.0060415,-1.5367082,-4.2550535,-1.3840938,-2.0446372
2.2982688,5.0448623,-1.7118862,-6.1914177,-0.8094151,-0.22952192,2.5595531,5.1785192,-1.6755482,-6.3496675,-0.9838588,0.31803784
2.7832685,5.183721,-1.943624,-6.1623,2.3595397,-3.9698708,2.9902215,5.3291574,-1.7431232,-6.355497,2.1421888,-3.9834197
3.3929892,5.179464,-2.2703733,-4.052056,8.186157,-10.61074,3.3694203,5.439825,-1.8728591,-3.9857433,8.058697,-10.818396
3.713025,5.241965,-2.5485566,-2.77577,11.122815,-9.31949,3.7688966,5.5089245,-2.171049,-2.2519195,11.321478,-8.961097
4.055397,5.149689,-2.738849,-6.50647,22.139324,-15.77606,4.455161,5.5583606,-2.6994586,-6.103447,22.900866,-15.585445
4.372633,5.311502,-2.9746954,-3.9919305,11.675129,-6.105279,4.7111235,5.55292,-2.914642,-3.9861188,11.7235155,-6.253504
4.7150364,5.350185,-3.1933115,-4.686358,13.804295,-6.028113,4.880378,5.5447526,-3.0749502,-5.293655,13.312503,-5.9618382
4.9857726,5.4130464,-3.3630044,-4.1407485,15.933906,-4.7045865,5.0366354,5.5358515,-3.2369971,-4.0814204,15.840829,-4.497726
5.104806,5.4460025,-3.4184062,-4.9260945,14.607712,-2.4526398,5.1512523,5.5233555,-3.3570392,-4.951028,14.808902,-2.324396
5.1488404,5.4102664,-3.4830754,-5.234816,11.649661,-1.3432661,5.2183747,5.5064783,-3.423484,-5.3231835,11.863801,-1.2612914
5.140663,5.3723907,-3.4917662,-9.734488,16.557335,-1.9533263,5.21287,5.4594765,-3.4423518,-9.543287,16.607504,-1.7736458
5.1347175,5.3774257,-3.424206,-6.023809,7.7283564,1.1071852,5.1639886,5.416355,-3.399606,-6.25509,8.133616,1.0808209
5.0915623,5.341128,-3.3237207,-6.992412,7.3066807,2.5971155,5.097845,5.3582697,-3.3226826,-7.1344113,7.4898205,2.5975585
5.005987,5.27096,-3.2816706,-5.5205607,1.7381108,2.6558268,5.008072,5.286828,-3.2101254,-5.7137733,1.2421705,2.870609
4.1119275,5.0175977,-3.0539567,-20.275127,-20.975441,4.6316957,4.9190607,5.1898117,-3.2090511,-23.281769,-23.926287,6.0706344
4.3231387,5.0691433,-2.9480803,-16.769325,0.83531916,7.034929,4.78179,4.974261,-3.3029342,-18.597301,-0.15836419,7.938043
4.2225327,4.3686213,-2.5571291,16.001839,35.09415,4.689361,4.5914426,4.450088,-2.9876537,16.003593,35.532345,4.7834177
4.341086,4.341949,-2.3587072,6.9604707,0.887689,-4.3713393,4.4953146,4.225354,-2.7059717,7.0074005,0.7847765,-4.298817
4.4072614,4.1377273,-2.1983879,8.696721,-0.8363937,-0.6192438,4.3614635,4.0287156,-2.4251847,8.812527,-0.75348073,-0.5758856
3.9660296,3.7733626,-1.8482286,14.373586,-3.2936149,-1.080608,4.19702,3.8676476,-2.2161143,14.564115,-3.2812848,-1.3472018
3.747192,3.6814556,-1.6256105,14.794004,-7.129707,-1.4707648,4.025558,3.7401795,-2.0530107,15.041306,-6.984502,-1.4776442
3.7292411,3.6983843,-1.5702183,12.107271,-7.2073317,-0.9888839,3.8580873,3.6527407,-1.8985225,11.866548,-7.1698103,-1.0457515
3.311865,3.495957,-1.4585712,18.619991,-13.328457,5.525508,3.637848,3.6200802,-1.6974005,19.302635,-13.31535,6.005175
3.547803,3.7375436,-1.6045012,7.898379,-6.615383,1.8098737,3.531176,3.6631882,-1.634366,8.095529,-6.658052,2.1116705
3.5322666,3.7710147,-1.5491288,7.0230775,-8.738317,0.81520325,3.4411745,3.726031,-1.6063802,7.0700846,-8.839557,0.3980221
3.3787172,3.8911967,-1.5619917,3.7718432,-11.316364,1.9323007,3.378356,3.8126655,-1.5979631,4.081795,-11.02585,1.7047013
3.3102636,4.062609,-1.576376,2.9365907,-12.839287,3.7567084,3.3609078,3.9236774,-1.6104624,3.0524368,-12.835439,3.830945
3.2467256,4.1224947,-1.7250988,1.1622679,-11.571552,3.0809937,3.387916,4.062755,-1.6510985,1.1655871,-11.593235,3.2785459
3.2611942,4.2193446,-1.7955749,4.4806905,-19.582678,4.3134685,3.5650616,4.2979035,-1.8151432,4.9265585,-20.394234,4.4386954
3.5220814,4.357427,-1.9881816,4.081601,-7.5580406,0.56158096,3.7309322,4.4127445,-1.9699398,3.8580189,-7.8145146,0.7024091
3.747088,4.4751296,-2.1797028,2.4131267,-6.49205,0.63808995,3.9296236,4.5346813,-2.1315703,2.542234,-6.1646867,0.16127516
4.032965,4.568931,-2.460807,2.862373,-2.8754406,-0.6343171,4.143241,4.6551213,-2.2885814,2.97944,-2.7560267,-0.5631676
4.4088497,4.7665544,-2.6451945,2.9109054,-1.2755853,-0.3635375,4.3843856,4.773042,-2.4677553,3.142874,-1.3903717,-0.13933058
4.5672655,4.886996,-2.950176,1.13833,-2.764652,0.56395775,4.6690936,4.882898,-2.6974664,1.1494853,-3.1421926,1.2025498
4.9217067,4.9459543,-3.1730568,0.29780072,-2.2174687,-5.1873045,5.1282387,5.0431437,-3.1311643,0.12577617,-2.995191,-5.898472
5.1196694,5.1111193,-3.4636967,0.5647859,-2.1335092,-1.4115325,5.3481493,5.1163907,-3.360457,0.43782493,-2.343766,-1.27113
5.421191,5.1619754,-3.6351454,1.4426874,0.037950728,-2.7146952,5.5847616,5.1833286,-3.6322348,1.4949685,-0.2800299,-2.0486996
5.703569,5.229877,-3.921971,0.7546198,2.0310767,-3.682965,5.83964,5.261366,-3.9262888,0.7996819,1.9734269,-3.6065757
5.9970536,5.3324494,-4.190951,0.11625785,2.8375301,-4.1238284,6.1025863,5.336538,-4.224263,0.07783269,2.756319,-4.1207275
6.240151,5.370604,-4.5439863,-0.8814791,3.0963566,-6.665055,6.3544292,5.387314,-4.5485835,-1.1121333,2.7163298,-7.027731
6.541615,5.456562,-4.7438307,0.5057537,7.063928,-7.3562183,6.6749434,5.4564056,-5.0112677,0.82720864,7.0497837,-7.5621395
6.67882,5.6193576,-4.9169254,1.0604686,2.763035,-5.0149617,6.850517,5.488009,-5.3166575,1.522586,2.527672,-5.1109247
6.8816895,5.6410866,-5.347699,0.4844548,1.8137285,-5.3058267,6.989143,5.5296044,-5.610994,0.7967235,1.4306821,-5.295994
7.0625753,5.638577,-5.6776276,0.20752734,4.90489,-4.8099327,7.117021,5.5652137,-5.901476,0.6249704,5.2172313,-4.591495
7.2832284,5.863259,-5.890152,-1.5101649,4.9515276,-5.317613,7.2119803,5.5961885,-6.1385093,-1.3304548,5.372153,-5.2124286
7.370601,6.061155,-5.985304,-4.0254407,2.3538253,-2.6784809,7.3042126,5.675478,-6.4246655,-4.1751285,2.3872292,-2.6291475
7.577347,6.3204875,-6.240694,-8.627038,5.168206,-1.9455079,7.435149,5.802902,-6.8879366,-9.410766,5.2688193,-1.5543406
7.6188693,6.23509,-6.4699783,-5.4502454,4.518832,-3.82596,7.496327,5.8504806,-7.070762,-5.455878,4.7271295,-3.9254453
7.548619,6.293683,-6.552666,-4.31848,1.720961,-3.2679956,7.5473356,5.8993077,-7.2925735,-4.0170507,1.7655044,-3.7177272
7.689878,6.480349,-6.5257215,-3.4058733,1.3789307,-4.357219,7.5649586,5.9251976,-7.463696,-2.8853784,1.1517816,-5.023556
7.784911,6.511742,-7.067063,-8.50811,0.15488288,-13.418293,7.574805,5.970528,-7.5969877,-8.835243,-0.32617626,-13.169994
7.7291565,6.367809,-7.0451612,-7.335627,4.0712285,-27.814625,7.5908194,6.0509524,-7.637123,-7.4986787,2.424305,-28.374027
7.73406,6.543533,-7.2461553,-9.916934,23.456997,-47.9405,7.5249596,6.3081975,-7.8425364,-9.780007,23.740433,-47.25808
7.679488,6.664374,-7.5920935,-6.542142,13.183935,-16.96846,7.418667,6.4864793,-7.9256487,-6.5899854,13.033778,-16.862612
7.2571473,6.8782306,-7.8652983,-14.346281,15.057184,-11.129493,7.2074404,6.737794,-7.9741,-14.259778,15.150809,-10.899531
6.8773236,7.2656193,-7.3842196,-23.66595,19.636444,1.1750981,6.88754,6.9069853,-7.9778824,-23.412678,19.443857,1.2706783
6.4241276,7.6077895,-7.1632648,-30.507944,28.318575,13.349563,6.4130564,7.006719,-7.93386,-29.489553,29.147215,14.417452
5.987202,7.703461,-6.9529104,-30.646801,31.11093,11.120157,5.9053,7.1829877,-7.737338,-28.855427,32.02896,12.140783
5.3389173,7.731549,-6.7687426,-43.520763,34.62026,11.733013,5.350397,7.518461,-7.072408,-43.466496,34.655045,12.532132
5.773295,7.9670424,-6.68845,-29.066092,21.626038,6.246905,4.942759,7.5811796,-6.4921703,-19.937162,10.802936,6.852132
5.3702884,8.141523,-6.4704905,-26.403034,16.068783,2.6412776,4.5185256,7.5618186,-5.87647,-15.482044,7.1360826,1.5792431
4.328913,7.5712466,-5.3141603,-14.918914,1.4056172,-33.196472,4.0253177,7.4367733,-5.1484756,-14.969172,1.351316,-32.43382
3.4343143,7.1396966,-4.4702387,-3.2807558,-7.6173267,-94.999596,3.5523248,7.2341504,-4.5052176,-3.3335583,-6.9837704,-94.74415
2.6268716,6.4549384,-3.511122,5.318679,-21.199434,-90.1225,2.8341718,6.9840174,-3.8173616,5.3598614,-21.16379,-89.61996
0.65130913,6.656136,-2.5244136,12.044106,-59.10108,-68.012,0.76726353,6.47683,-2.6917114,11.83283,-58.69092,-67.44826
-0.5365759,5.798027,-2.172452,14.724402,-29.433487,-15.689198,-0.41273153,6.026386,-2.2169998,14.770769,-29.437004,-15.836551
-1.3678749,5.558702,-1.7093298,7.8050504,-27.93097,-4.4415984,-1.3724385,5.5106597,-1.9064485,7.825648,-27.739883,-4.246302
-2.2812068,4.8770695,-1.4083159,2.7439046,-29.388998,0.0034235248,-2.2477427,4.842431,-1.6756257,2.47551,-29.479807,-0.13453217
-2.9008245,4.1447096,-1.2693927,4.234891,-30.502151,1.9147533,-2.9897804,4.079547,-1.4887415,4.9659324,-30.424648,0.9161941
-3.5639288,3.1141787,-1.1583403,14.337908,-40.466064,6.8302374,-3.5950322,3.1465914,-1.296332,13.746181,-39.88347,6.9123135
-3.5643277,1.4070847,-1.1503447,39.0943,-49.07715,9.435391,-3.9535248,1.3800253,-0.9672136,38.876617,-48.40008,9.394977
-3.8619316,0.5988976,-0.92661524,23.700571,-11.833513,-0.46227282,-3.7949405,0.58920383,-0.7982278,23.617176,-11.771114,-0.19995959
-3.4628708,-0.083351225,-0.6482059,22.728603,-4.7958093,-1.7569224,-3.4791553,-0.012414505,-0.6466707,22.331034,-4.6713734,-1.9124235
-2.9314754,-0.45648897,-0.5010262,21.602463,-0.20635271,-2.5856931,-3.0419302,-0.55772305,-0.48997316,21.912367,-0.30854687,-3.1524503
-2.4085546,-0.8534634,-0.35391173,15.024917,4.557605,1.1675705,-2.4798472,-0.9862167,-0.35843042,14.907127,4.9387946,1.0132018
-1.8596443,-1.2948563,-0.13123049,9.963741,11.888196,19.52037,-1.7866868,-1.3049499,-0.2451259,10.047857,11.52533,19.122301
-0.7241703,-1.71965,0.07083062,9.226396,30.815907,118.84947,-0.63537765,-1.4349339,-0.11963906,9.426935,31.806044,118.849396
-0.35003433,-1.1506258,0.06659166,6.685262,14.375911,59.285473,-0.15392436,-1.3309528,-0.08811075,6.235689,14.26112,58.565224
-0.082555264,-1.1500728,0.04208211,5.790559,14.52318,36.261745,0.16777912,-1.1852396,-0.08659273,5.7274613,14.674441,35.505642
0.18927422,-0.9520879,0.0647474,4.3891444,13.017221,21.369888,0.41890553,-1.017851,-0.097895674,4.335254,12.704615,21.337301
0.5480056,-0.60637367,0.051595837,3.6633067,14.115377,18.583387,0.6651665,-0.78606904,-0.09808142,3.5100663,14.396799,18.841955
0.7026112,-0.34483445,0.029194998,2.730238,14.963995,15.215804,0.8344529,-0.5094736,-0.097253285,2.598951,15.2832775,15.70791
0.8602036,-0.0071818233,0.027638564,6.2455735,21.004639,2.5793908,0.95187384,-0.03512194,-0.09130906,6.449282,21.06034,3.2594895
0.9595581,0.3307895,0.11994962,8.965779,4.8071465,-16.733309,1.0030625,0.29420027,-0.077602625,8.815608,4.768296,-17.58356
1.0215025,0.8650197,-0.13942708,16.433868,-3.8126504,10.483818,1.0418425,0.7891381,-0.0767484,16.794703,-3.731058,10.546185
0.92075264,1.2920678,-0.16772057,10.741279,-9.983356,27.06646,0.9870908,1.2989154,-0.08949155,10.158029,-9.908457,28.145357
0.8479053,1.7569,-0.027191332,-5.4770017,-7.997203,12.235363,0.8180454,1.6853638,-0.08994226,-5.615206,-8.157251,12.327375
0.52067184,2.04707,-0.19972779,-11.790643,-8.968614,4.918041,0.6935299,1.9305053,-0.10489302,-11.99975,-9.0071535,4.980277
0.35250774,2.3640273,-0.31917554,-24.06839,-1.0319529,2.0495646,0.63231814,2.492398,-0.2257889,-25.042835,-1.4359003,2.1505556
0.4402617,2.799074,-0.42291433,-7.0040956,0.70226854,-1.9556814,0.6452761,2.7485502,-0.2975523,-7.112961,0.58890027,-2.2706172
0.4603825,2.924926,-0.49796137,-5.72026,-2.0456476,-1.2780083,0.6502065,2.9478981,-0.35874346,-6.210868,-1.8182734,-1.5111053
0.5136064,3.0627549,-0.5703902,-7.9947944,-1.5941608,0.48781997,0.6729145,3.1509044,-0.41791204,-8.462453,-1.6876396,0.30825382
0.63312125,3.2400212,-0.6321423,-6.5370946,1.0046773,1.3936926,0.69993603,3.2851923,-0.45971766,-6.6164393,1.045441,1.3346856
0.6487695,3.3772464,-0.65869004,-5.3640924,-0.17314985,3.5801845,0.7286678,3.4305315,-0.5252238,-5.4531527,-0.14196606,3.5979772
0.63347507,3.517594,-0.7224172,-10.478559,0.48297706,10.196734,0.7876312,3.6003373,-0.6330702,-10.695054,0.56372184,10.436576
0.7377064,3.5799742,-0.708222,-8.062648,4.9945006,4.757473,0.79316646,3.6780245,-0.67225987,-8.015896,5.037745,4.957085
0.7127607,3.6618924,-0.7665677,-10.5573435,5.8996735,3.9191053,0.80391556,3.7253723,-0.70475245,-10.631301,5.8452063,4.0366297
0.7726346,3.6715035,-0.7473047,-8.746389,4.951763,3.1161652,0.8107896,3.7434762,-0.7250289,-8.93203,4.906683,3.0517237
0.7749678,3.6796155,-0.80297893,-7.5752907,3.6769915,3.9967222,0.8039967,3.728785,-0.72578883,-7.6708536,3.6042354,4.034773
0.78902256,3.6082606,-0.7609861,-3.5315468,2.7481244,6.7823305,0.78921527,3.6776698,-0.72501045,-3.5378995,2.7107983,6.9372144
0.7337637,3.5237625,-0.756006,-2.3589807,2.0332072,6.056284,0.71905994,3.5199356,-0.68394685,-2.4129884,2.0105488,6.294129
0.72061396,3.417276,-0.68702644,-1.6131507,1.3412746,4.6117873,0.6909506,3.4411623,-0.6477325,-1.6312166,1.251549,4.759938
0.67169607,3.3075757,-0.67821205,-2.827464,2.486954,2.724895,0.6645825,3.3388777,-0.61633384,-2.9160728,2.4619534,2.883651
0.68191516,3.1838408,-0.6055118,-2.9382007,3.968787,-0.19254439,0.6368701,3.223385,-0.5835363,-3.0051756,3.8572967,-0.29942816
0.6274568,3.0392227,-0.58168375,-1.7660892,4.599737,1.1654466,0.6155164,3.1091228,-0.55791634,-1.7527485,4.6290507,1.11764
0.5843607,2.9024587,-0.5235106,-3.6654987,5.728967,3.5721529,0.59028095,2.973403,-0.5285416,-3.7140133,5.8478804,3.6401098
0.49743077,2.7304587,-0.4710574,-3.0789483,5.0061326,7.315035,0.48950833,2.6982472,-0.454484,-3.0498059,5.068854,7.33878
0.41718975,2.5682402,-0.399289,0.37597734,-0.37675998,2.727814,0.40490425,2.5193944,-0.42979345,0.36189014,-0.35142443,2.770687
0.26661232,2.3929248,-0.3418708,-6.2024317,0.2407755,2.3325717,0.3170369,2.2847793,-0.38975984,-6.24686,0.30861285,2.4803684
0.119341224,2.125433,-0.24852644,-10.510503,3.9412744,1.9394588,0.14514847,1.9238185,-0.32921615,-10.41556,3.9067142,1.9439243
0.032199234,1.7524115,-0.15557654,-7.1396976,5.285565,0.37600714,-0.054774653,1.5784328,-0.27147388,-7.079463,5.0983753,0.22215603
-0.038584143,1.5102395,-0.09084176,-5.4268107,3.914,-14.845543,-0.16128902,1.3817755,-0.22620268,-5.483455,3.7222834,-14.900501
-0.26308975,0.9610927,-0.15645202,-12.403028,5.5225625,-112.70127,-0.3500827,0.84798753,-0.1527723,-13.3986435,7.511911,-113.40395
-0.34761295,0.6949117,-0.37508413,-1.8070666,-1.6758102,-86.6985,-0.51147914,0.54953575,-0.14179972,-1.8519189,-1.5880096,-86.67405
-0.6111207,0.4652145,-0.10889097,0.9047069,-12.48164,-64.51513,-0.66563857,0.3790649,-0.14735521,0.9847992,-12.482309,-64.22048
-0.8151643,0.2610854,-0.10098826,9.31014,-13.696388,-36.17559,-0.7981115,0.14093164,-0.13934508,9.012768,-13.692764,-36.141865
-1.0330387,-0.16683847,-0.12592025,15.48379,-11.041214,-24.789268,-0.9345239,-0.2251016,-0.1170132,15.38936,-11.010535,-25.09119
-1.3354238,-0.4687305,-0.15580375,15.689606,-12.956468,-14.320776,-1.0142043,-0.6395263,-0.10917041,14.875894,-13.425648,-15.388355
-1.1513076,-1.0213242,-0.12898107,29.582909,-21.580008,-1.563178,-0.89251435,-1.2712091,-0.14910248,30.055073,-21.259314,-2.063823
-0.8953881,-1.1996636,-0.083044074,12.806472,-7.4314127,5.8205853,-0.721028,-1.4344094,-0.14128843,11.988432,-8.234282,7.3443823
-0.45386276,-1.5542693,0.05091212,7.561904,-6.142619,8.635228,-0.51058745,-1.529948,-0.14024279,7.0273848,-6.078167,8.403814
-0.06995854,-1.6300597,0.070563056,8.35732,-0.30324444,5.472688,-0.22926694,-1.5768625,-0.14960282,7.7339764,-0.6930881,5.072775
0.22674629,-1.5257967,0.09184369,8.790172,6.1953425,-2.7310603,0.0857074,-1.56465,-0.15472893,8.814932,5.743871,-3.7192802
0.4563972,-1.3998833,0.10165981,9.253726,6.2808533,-6.3682523,0.3873826,-1.4920588,-0.14622957,9.749123,6.127629,-6.57829
0.65385425,-1.1569619,0.1404322,9.6946335,5.9963512,-15.19461,0.8918894,-1.1665847,-0.11302959,9.81404,5.9582496,-15.872714
1.0055454,-0.90836334,0.09213317,4.4931364,3.9559033,4.501892,1.0435835,-0.9465375,-0.102124676,4.2141848,4.676758,6.162857
0.98871446,-0.47128493,0.023610273,3.4056077,4.6393623,47.583565,1.188763,-0.6402406,-0.09840933,2.9545376,4.2494965,48.15208
1.1916543,-0.14199215,-0.054918773,6.45951,2.1881044,41.254986,1.3180277,-0.2489556,-0.09346365,6.6815367,1.7873296,40.86572
1.1718665,0.29868546,-0.06439742,20.80579,-0.36255297,52.577312,1.4729027,0.24546936,-0.07798543,21.280384,-0.3353908,52.299416
1.1848847,0.7182658,-0.063724004,19.904251,-5.1120377,60.83041,1.6635418,0.7919664,-0.07854526,19.952719,-5.434957,61.253532
1.3291187,1.2901523,-0.13189118,-9.9832945,-13.358452,40.638405,1.5212592,1.3090166,-0.07274756,-10.737469,-13.5874605,39.883186
1.2378392,1.6123937,-0.11393284,-16.755116,-2.6072383,12.2281475,1.461291,1.6599545,-0.12854323,-16.775877,-2.781269,12.152145
1.1844895,1.9447955,-0.29965958,-17.571545,0.9625749,-12.999744,1.4803643,1.9974941,-0.19336808,-17.50977,1.1573685,-13.495815
1.1415776,2.4155846,-0.42526647,-9.655017,-4.4414907,-70.06201,1.4952402,2.294385,-0.27227363,-7.9652195,-2.509618,-66.15681
1.2903079,2.5069013,-0.4630253,-2.6443744,-4.8189654,-71.509224,1.4737163,2.4916008,-0.34886247,-2.712432,-4.135839,-70.55894
1.2787311,2.7735648,-0.6058696,-4.6912627,-2.685653,-53.55816,1.421231,2.6706414,-0.42042693,-4.9929056,-2.7184699,-52.862957
1.1617231,2.769464,-0.6774091,-25.730148,-6.652072,-81.72063,1.3135102,3.0530972,-0.53608423,-26.690647,-7.246045,-80.40548
1.0724324,2.9803662,-0.8280063,-12.745291,-3.5049639,-24.03336,1.1423568,3.1788385,-0.5852387,-12.841951,-3.9015257,-24.76941
0.8434607,3.295189,-0.9354776,-8.077015,-5.1167645,-6.0914154,0.8833444,3.2913,-0.61591417,-9.492844,-4.79683,-4.3747
0.23428217,3.162591,-0.8022824,-6.2704406,-8.455851,25.524746,0.6307187,3.3712423,-0.6252502,-6.656426,-8.177169,25.534979
-0.35314128,3.0046062,-0.5776108,-4.778929,-4.7991953,59.22137,0.3671029,3.3799963,-0.60967076,-5.8774514,-7.995915,57.131493
-0.23162124,3.245677,-0.69269943,-8.602485,-3.0526125,57.10657,0.15137829,3.3054612,-0.56996983,-8.546115,-4.435199,53.492554
-0.3868501,2.9741611,-0.5269997,-14.611278,4.881535,72.46716,-0.025351534,3.0241008,-0.4637775,-14.775774,4.7438436,71.62855
-0.2404128,2.4296222,-0.50302905,-3.8211095,5.33362,23.187632,-0.012194334,2.8431983,-0.41156456,-3.7749054,4.8564725,22.994648
-0.0164769,2.557176,-0.4144738,-1.1455013,3.626146,14.74659,0.02380074,2.649091,-0.36380368,-1.1026701,3.3132617,14.853248
0.05594334,2.406653,-0.44185808,-1.6734344,4.39812,15.888269,0.08961397,2.4434457,-0.31349087,-1.7367252,4.4558296,15.807673
0.23340204,2.1300044,-0.3409436,-2.2599523,6.8147044,16.369883,0.17404053,2.2383635,-0.2666647,-2.4310648,6.8912354,17.054667
0.36332396,1.9092674,-0.30282,-1.9912441,7.940551,28.780901,0.26392746,2.0211155,-0.24046521,-2.364184,7.540745,28.621609
0.29165307,1.3293201,-0.27710935,-4.023479,20.948263,114.06576,0.4222148,1.5859401,-0.20369725,-6.0778155,21.497099,118.2657
0.4933497,1.243084,-0.15089448,-5.0332694,17.631054,65.25238,0.47518307,1.3266935,-0.17657396,-5.3428965,17.253347,63.85038
0.642514,1.0759728,-0.08005627,-3.1808605,20.257496,46.94396,0.49414152,1.0261447,-0.16285367,-3.475596,21.09956,46.93061
0.42731085,0.7632694,-0.1318991,5.1079955,22.271635,36.609615,0.48381463,0.73176646,-0.15732728,4.961187,22.448734,36.884888
0.22311327,0.28904495,-0.043093584,13.681226,20.71502,24.166779,0.40220094,0.44061562,-0.15370665,13.096095,20.474457,26.81459
0.12062362,0.14557196,0.019667575,16.290878,17.732292,18.179798,0.2235859,0.13463254,-0.13777897,16.33638,17.276476,17.89459
-0.22762647,-0.15484095,0.046097912,25.683779,17.960938,-14.224722,-0.33654812,-0.22951384,-0.11264171,26.139097,18.447681,-14.109468
-0.5500046,0.0369761,-0.0019274559,4.5175924,-1.7463597,-41.54044,-0.6428065,-0.28958964,-0.12510806,6.2541294,-2.944024,-42.63668
-0.87628937,0.12306273,-0.048498206,3.0077066,-8.557089,-31.284037,-1.0115927,-0.2907296,-0.15003675,3.3809218,-8.474682,-30.426096
-1.4277414,-0.073580265,-0.068156265,2.1463895,-9.268539,-13.33829,-1.3896369,-0.2249725,-0.1965868,2.272502,-9.339464,-13.295696
-1.8212564,-0.06287497,-0.13102557,1.795429,-9.77056,-7.1742563,-1.7400964,-0.15921193,-0.24306667,1.9468426,-9.734545,-6.7356896
-2.081738,-0.015147448,-0.17163928,3.3476849,-8.77432,-4.9077663,-2.061047,-0.0825995,-0.26596332,3.3921142,-8.813295,-4.881441
-2.3658652,0.19339705,-0.2540554,9.653422,-17.319841,-3.3872724,-2.5361207,0.12558697,-0.3280311,9.61459,-17.731771,-3.2825923
-2.5898228,0.26958162,-0.31353858,4.965486,-9.344535,0.93948084,-2.7293673,0.28029788,-0.37994274,5.1576505,-9.571016,0.8438274
-2.7608163,0.45107043,-0.3352202,7.6789737,-11.024237,2.3218958,-2.8523347,0.45020086,-0.43938327,7.551012,-11.110999,2.4156995
-2.9613738,0.64170897,-0.40174595,8.573322,-10.501722,-3.1963184,-2.941728,0.6726048,-0.49234477,8.6555605,-10.696169,-3.4108374
-2.990045,1.0460303,-0.45458207,4.6148334,-10.651962,-24.273823,-2.9922595,0.9270145,-0.49499515,4.6275187,-10.637055,-23.228342
-2.8407512,1.4183722,-0.2961782,2.7185638,-14.494897,-66.84828,-3.0113466,1.1588327,-0.46402216,2.8374882,-14.656103,-66.66471
-2.737328,1.3795233,-0.3157451,1.5703987,-16.693443,-144.7201,-2.9251642,1.4268391,-0.43587017,1.327554,-17.149834,-145.03587
-2.796589,1.5711603,-0.41123602,-1.8890558,-9.563896,-52.926197,-2.806036,1.5013862,-0.44184604,-1.3090627,-9.712051,-52.907646
-2.6933062,1.50997,-0.39671662,-1.9180123,-10.937095,-37.665638,-2.6788971,1.5099766,-0.43783733,-1.99359,-11.090074,-37.463955
-2.652852,1.6007544,-0.5119809,-0.04865009,-6.122625,-27.93925,-2.5473912,1.4883114,-0.40573502,-0.070663504,-5.8337364,-27.55901
-2.2914717,1.536014,-0.34150925,1.6951715,-3.4039974,1.0451616,-2.412226,1.4820194,-0.3449527,1.4376006,-3.5803733,1.3008329
-1.7258241,1.4118177,-0.28225765,2.364603,1.3518851,62.494373,-2.2421849,1.4884932,-0.30262432,1.9940175,0.40481558,62.198692
-1.5460362,1.3711945,-0.28859076,-3.2056606,0.72458154,84.40263,-1.9406309,1.4388913,-0.19864729,-4.902953,0.596735,84.076614
-1.6157659,1.3747045,-0.23027273,-7.3134065,0.29237297,23.025826,-1.7947382,1.4988521,-0.1702834,-7.411112,0.4476458,22.46611
-1.5291362,1.6210526,-0.25799337,-9.087049,3.2016704,19.014881,-1.641818,1.5801661,-0.14650811,-8.630799,3.007151,18.823645
-1.5144488,1.6957967,-0.29616487,-7.763637,3.825338,15.509462,-1.4529824,1.6564299,-0.12427292,-7.58246,3.4854612,15.104207
-1.1902488,1.7056197,-0.25794068,-9.274236,2.4363444,12.2872305,-1.2657206,1.702646,-0.12462345,-9.317102,2.4829736,12.17121
-1.0232041,1.7100117,-0.23277654,-10.462525,2.1212513,8.781235,-1.090746,1.7298143,-0.119902015,-10.507179,2.2139866,8.592838
-0.8437748,1.6891491,-0.26199287,-13.982129,6.323342,12.057131,-0.76523054,1.7084045,-0.123971455,-14.257911,6.5478053,11.767986
-0.621351,1.6180496,-0.22036318,-4.9797106,5.287973,4.0540338,-0.62328464,1.6588254,-0.12291956,-5.0399265,5.3385267,4.215973
-0.4518763,1.5534431,-0.18890847,-4.0386934,3.910081,5.105066,-0.46412337,1.5764169,-0.12535404,-3.8550146,3.9492228,5.075375
-0.2755377,1.4471341,-0.16642982,-3.903707,4.0165215,5.8866553,-0.2977762,1.4692705,-0.12933369,-3.6710448,4.046013,5.7781334
-0.10909417,1.3025155,-0.1574228,-4.4666343,4.877596,4.283021,-0.14317873,1.350651,-0.12214405,-4.4703817,4.871215,4.47351
0.041559607,1.1512259,-0.11810366,-2.2698321,6.0185404,3.4020712,-0.0024434729,1.2181532,-0.11466592,-2.2236402,6.0677304,3.6052399
0.21119055,1.0213916,-0.13899407,6.5997286,17.248705,6.894418,0.19642429,0.9751657,-0.08912192,6.5379047,17.470873,7.7120433
0.2922515,0.82984203,-0.09166523,6.7458677,8.182654,2.7425709,0.24837503,0.8203794,-0.07966901,6.673013,8.155931,3.0967333
0.31635943,0.69221896,-0.082914256,6.021719,6.206127,1.4758445,0.2580364,0.66198856,-0.074332535,5.9840674,6.242054,1.5555834
0.27834597,0.50629544,-0.044329755,11.807703,-3.3401556,1.1052474,0.23639606,0.53024596,-0.08733252,11.789941,-3.4253044,0.90216887
0.18482342,0.48972332,-0.019335588,16.011135,-22.492596,1.6689171,0.19801344,0.4297009,-0.14182597,16.375124,-23.022251,1.7859613
0.11027756,0.49057296,-0.06615036,14.958919,-21.912971,8.490822,0.15915824,0.36217386,-0.22893928,15.1903305,-21.864786,9.0190735
0.3852518,0.64770216,-0.14357743,21.191616,23.809334,14.14431,0.29003125,0.35973427,-0.32108778,21.36787,24.549026,15.192124
0.44738075,0.57780975,-0.08936709,6.002558,8.556842,-3.5026474,0.41665927,0.46439555,-0.28495133,6.229953,8.450705,-3.6611223
0.52462935,0.7042483,-0.06380277,6.8099837,-0.8807667,-1.4839896,0.47590294,0.60468715,-0.24846172,6.8625803,-0.8151019,-1.2793444
0.6193247,0.8441659,-0.04463464,6.3628783,1.0030723,-1.6851763,0.5084898,0.7890786,-0.21749733,6.187067,0.7658667,-1.56871
0.577119,1.1303523,-0.049825363,2.7702923,-1.2719464,-2.2099702,0.55951554,1.0018153,-0.15331106,3.0446036,-1.384353,-2.1832368
0.5851704,1.369282,-0.05660528,-1.8510836,-4.2824345,-3.7742288,0.61769706,1.2923561,-0.011021292,-1.919562,-4.4753885,-3.9707713
0.7464709,1.615899,-0.09933933,7.2413855,-3.6957152,-5.69312,0.7788937,1.8099214,0.108997844,7.29326,-3.401601,-5.899743
0.8113171,1.9173061,-0.18590786,4.3786283,-3.4562461,-2.3255439,0.8790143,2.0457816,0.003068602,4.179679,-3.362607,-2.4798582
0.9132254,2.2231972,-0.2854515,0.2390135,-0.5383674,-1.5684308,0.9947326,2.3105597,-0.09156218,0.2940222,-0.682128,-1.5380399
1.0422006,2.465604,-0.36140248,-2.7645805,2.281915,-0.9392683,1.1271343,2.5706522,-0.18009755,-2.7014415,2.1869638,-0.8417085
1.2002721,2.7502832,-0.46606466,-2.8139482,3.326492,0.081224516,1.2607077,2.8455486,-0.29407144,-2.698728,3.2835937,0.12181742
1.3278342,2.993069,-0.57412547,-3.4235356,5.6019416,-0.50523204,1.3739563,3.1151364,-0.44527122,-3.3147683,5.5343995,-0.39123285
1.291454,3.2291965,-0.69819355,-18.355015,6.775587,-0.2026612,1.5125487,3.4560184,-0.63685286,-18.92705,6.4601173,-0.1327094
1.3772349,3.394492,-0.77655464,-15.4747,5.116502,-3.6399815,1.5389295,3.5624118,-0.7385482,-15.499653,4.9926105,-3.848932
1.3575238,3.4694557,-0.81951976,-19.29309,11.781465,-5.0249248,1.4526995,3.4981577,-0.84792954,-19.128363,11.693966,-5.3340163
1.3201984,3.5703123,-0.83594996,-14.180739,12.935405,-2.9457428,1.3714262,3.4004633,-0.910925,-13.763143,12.72391,-3.0690036
1.4290702,3.6111302,-0.86048585,-8.430789,8.752592,-2.7871125,1.4581838,3.4795356,-0.91984427,-8.31215,8.90803,-2.7647872
1.4233307,3.5535116,-0.8579939,-6.3854713,8.091455,-2.3317301,1.5181603,3.5378397,-0.896418,-6.472723,8.364896,-2.1964839
1.2730815,3.3934107,-0.79111093,-11.969993,12.854035,-3.5107815,1.3912776,3.448773,-0.82359034,-11.75988,12.95762,-3.3492587
1.2168447,3.2473304,-0.76220524,-5.037707,5.48455,-2.44294,1.2833685,3.3684442,-0.779249,-5.166396,5.6814723,-2.3815482
1.1041273,3.1611724,-0.7291342,-4.7269163,4.9137807,-2.9537942,1.1201227,3.249067,-0.72142833,-4.8766723,5.0637083,-2.8800914
0.9043064,3.019284,-0.67773163,-2.1534054,2.7521276,-2.3690212,0.9170052,3.0976596,-0.6496619,-2.1428728,2.7795186,-2.2099607
0.61372733,2.8411422,-0.6109558,-0.30524844,1.1082233,-1.2090145,0.72477484,2.948192,-0.58413756,-0.44417733,1.215804,-1.0102836
0.34787872,2.6895137,-0.54491687,0.22334212,-0.19805399,0.03283341,0.5108493,2.796833,-0.50346017,0.1241775,-0.13326314,0.26793045
0.047609597,2.5088093,-0.4547305,0.5712294,-1.652622,0.37463742,0.040398426,2.4906456,-0.3724399,0.5148736,-1.7632205,0.43183503
-0.21875831,2.3330507,-0.38725653,1.0501177,-0.2228528,0.25089985,-0.19741371,2.3435528,-0.33100146,1.1757101,-0.34330738,0.4295078
-0.47008654,2.1751845,-0.3278605,2.1741323,-0.70888203,0.5848289,-0.42160374,2.209067,-0.30123138,2.217576,-0.7555008,0.5838421
-0.7480935,2.026091,-0.25138858,2.1733458,-2.3939228,0.5267046,-0.65544385,2.0727074,-0.27883786,2.2044947,-2.4371102,0.45660025
-1.0270641,1.8652434,-0.23873387,1.0216831,-4.586081,0.21048172,-0.9118472,1.9313297,-0.2681028,1.0159017,-4.624755,0.1592112
-1.2457603,1.7412611,-0.24124737,0.74228126,-5.997386,0.08926137,-1.1797911,1.7964838,-0.27223927,0.7634956,-6.0217934,0.042767648
-1.4539771,1.6461116,-0.24947573,3.4903536,-10.081622,0.7701848,-1.5790808,1.5939001,-0.27431214,3.5311852,-10.204938,0.68064564
-1.6836424,1.5052023,-0.30244157,3.8361459,-4.902316,0.9822753,-1.7410117,1.5074189,-0.2779412,3.9393628,-4.807304,1.068728
-1.8624438,1.3891708,-0.30610406,4.173872,-4.0815473,0.9491585,-1.8833866,1.4278336,-0.28474632,4.24295,-4.0233035,0.92657423
-2.0182502,1.3081492,-0.3033358,3.8465748,-4.6039643,0.81233674,-2.035736,1.3451984,-0.29733932,3.9544795,-4.609036,0.7960045
-2.1416092,1.2628375,-0.30122343,2.503347,-4.806934,0.45508462,-2.1638837,1.2786595,-0.31923315,2.5378058,-4.801476,0.55114794
-2.2326539,1.2333676,-0.3021987,1.6227987,-5.1658616,0.23776515,-2.2851474,1.2255385,-0.34740633,1.6297885,-5.192013,0.30361193
-2.3102589,1.2216821,-0.30036712,2.1746297,-8.040408,0.2618683,-2.4475117,1.1778814,-0.37708253,2.1826687,-8.177058,0.26594478
-2.4004312,1.1859285,-0.33171883,1.5802163,-3.9421422,0.2658916,-2.5107915,1.1646405,-0.38525987,1.5638382,-3.9114265,0.33665794
-2.451345,1.1687706,-0.3333063,2.1883712,-4.171318,1.048643,-2.5638037,1.1550677,-0.39403692,2.16782,-4.185361,1.081393
-2.491248,1.1593888,-0.33792266,1.7368064,-3.3999298,1.1102871,-2.5963614,1.1519779,-0.4005689,1.7408575,-3.4067209,1.1826571
-2.5114107,1.1737453,-0.33863732,1.4956661,-3.1508772,0.8160005,-2.6141112,1.1635801,-0.40231735,1.488721,-3.1600525,0.9149039
-2.5131803,1.1898291,-0.33870628,0.83617276,-2.5880342,0.6951316,-2.6111655,1.1823524,-0.40199023,0.81299716,-2.5919259,0.7868253
-2.5090556,1.2180296,-0.33611822,0.67892426,-3.5892184,0.60774094,-2.5774715,1.2239671,-0.4021102,0.6564461,-3.6438336,0.69278115
-2.4831111,1.2421052,-0.3423225,1.2851062,-3.1382637,0.6798225,-2.549417,1.2456679,-0.39937082,1.2910314,-3.1798975,0.759763
-2.4517777,1.2817585,-0.33839092,1.1259456,-4.3431535,0.85295326,-2.509419,1.2776779,-0.3927967,1.1382082,-4.4317513,0.9410629
-2.4067454,1.3168111,-0.33338162,-0.55858797,-3.3901308,-0.29931635,-2.4577103,1.301914,-0.38991094,-0.560699,-3.4705052,-0.25573063
-2.3144307,1.385578,-0.32335463,-2.4423296,-4.124264,-14.633606,-2.3869488,1.3270454,-0.37608278,-2.6002786,-4.141144,-14.500434
-2.205038,1.5504274,-0.24359025,13.361724,-4.550088,-37.857674,-2.2885532,1.3511238,-0.35500365,13.907978,-4.4898877,-36.88911
-1.7953447,1.972867,-0.17882241,48.231274,1.4298002,17.552303,-2.146776,2.0357494,-0.35376996,48.751266,1.4236169,18.32509
-1.8919114,2.0824022,-0.33337954,9.370933,0.3639029,0.81309015,-1.9522754,2.0538871,-0.3164925,9.503557,0.34266156,1.2977222
-1.8669348,2.1474724,-0.34658337,-1.5155412,-2.5951455,-0.051663805,-1.9294009,2.1202202,-0.28351405,-2.7815123,-1.9899439,0.3699697
-1.7748816,2.341051,-0.39082652,-1.8813957,-3.1664994,11.54366,-1.8945358,2.3020172,-0.28529963,-1.6939446,-3.3025985,11.230444
-1.5676322,2.6838484,-0.37144047,0.4941799,-3.2582452,23.01305,-1.7883409,2.55579,-0.32444277,0.8162171,-3.4601645,22.599964
-1.4528542,2.9537425,-0.39159667,-3.5350022,-3.4977503,25.597069,-1.6063744,2.8099751,-0.38896367,-3.3795505,-3.7922368,25.125467
-1.3410665,3.1612418,-0.41569823,-7.447366,-1.4374784,24.109896,-1.3596754,3.229788,-0.4704278,-7.637102,-1.5964394,24.023853
-1.1884837,3.4261215,-0.49272504,-4.530374,-1.7936708,11.1359415,-1.1439267,3.4607487,-0.524412,-4.4991703,-1.714862,11.245176
-0.95503294,3.6258802,-0.5972522,-8.296868,3.1945362,9.542206,-0.8991257,3.710749,-0.58290553,-8.227145,3.499689,9.233304
-0.60428643,3.7971106,-0.6934884,-9.777429,9.772091,9.150298,-0.66864747,3.8988912,-0.6376837,-9.536504,9.7397585,8.948406
-0.3671907,3.9937596,-0.7876303,-5.644211,7.96528,6.598463,-0.44637397,4.0421267,-0.70368534,-5.486572,7.811464,6.914207
-0.14747086,4.0548387,-0.84872884,-6.9878316,13.181611,4.2573524,-0.26972982,4.1643133,-0.79965997,-6.938542,13.152696,4.5587316
-0.059178203,4.061331,-0.98539776,-16.344097,32.468037,-3.9709556,0.013826869,4.2513843,-0.9242891,-16.567162,33.69308,-3.6886134
0.08238533,4.0873313,-0.90880096,-9.683919,20.473747,-2.030184,0.10706231,4.2417154,-0.9475255,-9.713128,20.03514,-1.9381819
0.13037744,4.0485473,-0.93302184,-14.574857,13.537071,5.3330913,0.22461161,4.161013,-0.9373301,-14.72243,13.292104,5.8503566
0.1411176,3.894063,-0.914365,-19.413574,6.8792095,3.89561,0.30588415,3.958465,-0.910318,-19.37988,6.9821715,3.7101278
0.10100505,3.6298285,-0.8580856,-19.75558,4.446963,1.956056,0.30930582,3.7174566,-0.8810471,-19.918568,4.610038,1.6893766
0.07250276,3.3856816,-0.7734832,-20.380615,7.97066,0.010670258,0.29699847,3.4399679,-0.82613003,-20.18782,8.494582,-0.1779232
0.02223149,3.0749002,-0.64979273,-10.11473,9.366781,3.7100127,0.21494909,2.958145,-0.6335957,-9.97122,9.584894,3.6402228
0.13257733,2.8411632,-0.5437144,8.535351,-3.2212284,8.102299,0.10554769,2.6956866,-0.48995608,8.052271,-3.3103836,9.128921
-0.10202262,2.5036697,-0.38462666,23.937632,-7.873579,0.120878294,0.001079128,2.5233169,-0.36969262,24.211699,-7.485199,-0.1355495
-0.30812898,2.2255929,-0.3973789,32.080597,-8.597179,-11.573624,-0.0787321,2.4499636,-0.27828178,32.522266,-7.9702187,-11.212364
-0.32963476,2.1010327,-0.24790616,26.158619,-13.080665,-8.858075,-0.09088515,2.3737166,-0.21535726,26.462696,-13.155689,-9.225297
-0.24387547,2.1809282,-0.16688736,18.956713,-26.960701,-4.9133563,0.0016302234,2.2890575,-0.1778943,19.121006,-27.464903,-4.572765
-0.51234996,2.1607661,-0.2890403,-5.511291,-30.183218,-25.486818,-0.24427193,2.186297,-0.20703277,-5.6795506,-30.463642,-25.704544
-0.47250715,2.0371497,-0.3231893,-13.417872,4.4720726,-23.109081,-0.5367493,2.0451343,-0.22564113,-13.241167,4.520146,-23.375906
-0.50552833,1.9704274,-0.19898634,-7.839507,9.594353,-17.156513,-0.6784823,1.9289852,-0.23868787,-8.613847,9.553277,-18.16171
-0.43404678,2.0054307,-0.20557268,-4.373775,7.2959256,-11.64317,-0.63029385,1.9753597,-0.25340477,-4.631071,7.2329774,-11.989521
-0.4337558,2.0061417,-0.22048895,-2.3816633,4.0481915,-7.6134667,-0.572879,2.0443845,-0.26901513,-2.5105202,4.005925,-7.6078873
-0.63025844,1.9293599,-0.20410879,-1.0051332,1.60655,-4.5147862,-0.5737121,2.0583441,-0.28086445,-1.1392124,1.6893126,-4.5648775
-0.7512474,1.8986793,-0.19020005,-1.5162833,-0.7110062,-3.8463182,-0.67320555,2.0159266,-0.27654803,-1.6702299,-0.6473887,-3.8927782
-0.8153961,1.8782258,-0.21764776,-0.75677925,-0.8020562,-0.14899246,-0.74508697,1.96777,-0.26080883,-0.8231659,-0.74504924,-0.0680523
-0.84170055,1.8789555,-0.24100463,0.5370584,0.0327355,7.7917085,-0.83372104,1.9204053,-0.24806817,0.47329098,0.08787309,7.937113
-0.9751682,1.9511172,-0.36194098,10.442378,2.9033515,5.3648295,-0.9893947,1.9424212,-0.25026414,10.086686,3.0301487,5.886435
-1.080505,1.9339314,-0.26327345,22.386074,6.669279,-17.951393,-1.1610007,2.1505766,-0.2815645,21.197632,6.7905083,-14.939914
-1.0965148,1.9572812,-0.13283898,10.667509,8.002274,-13.19065,-1.2206343,2.2574294,-0.3021527,11.222338,8.2503805,-12.575504
-1.4249471,2.1759708,-0.33800325,-6.084011,7.1363573,-7.2755785,-1.4020447,2.1569762,-0.2866069,-5.883715,7.128603,-7.4118276
-1.5992755,2.1859775,-0.40671605,-7.9077144,0.08797875,-3.4299774,-1.5948125,2.2221673,-0.3061303,-8.010336,0.2451745,-3.7060878
-1.7559575,2.2512484,-0.43207467,-4.2666554,-2.8605044,-2.1616662,-1.7675663,2.2654102,-0.34475994,-4.243093,-2.9982035,-2.0880513
-1.9965794,2.2922184,-0.47886604,-4.596591,-5.266984,0.431274,-1.94892,2.3044512,-0.39854768,-4.540496,-5.2934756,0.8968681
-2.2284002,2.2516022,-0.51347953,-4.1767983,-4.868073,0.6232634,-2.1469615,2.3298037,-0.44981223,-4.105843,-4.712004,1.1419997
-2.3500326,2.2653575,-0.51920754,-3.8274813,-3.062299,-4.476835,-2.3208897,2.334711,-0.4869267,-3.8090558,-2.8362932,-4.230131
-2.4836745,2.2977886,-0.54033387,-0.81553036,-5.508174,-14.113449,-2.6019444,2.2667518,-0.5755992,-0.8324486,-5.454888,-13.898317
-2.647962,2.19769,-0.57479304,-0.9932798,-4.8959007,-6.5871263,-2.7398438,2.2059536,-0.62263024,-1.0516127,-4.865964,-6.413896
-2.770144,2.1382713,-0.58618444,-3.0004108,-5.733962,-8.366639,-2.8757164,2.1384327,-0.6488239,-3.0013423,-5.643246,-8.254258
-2.912768,2.0596013,-0.5875526,-2.4692206,-7.500074,-9.1730175,-2.9818068,2.0654986,-0.66526663,-2.4156675,-7.5678916,-9.150759
-3.0291133,1.8999126,-0.6322315,-6.527414,-8.377916,-5.591479,-3.057501,2.0016527,-0.6746191,-6.660188,-8.413555,-5.4703965
-3.0834384,1.8113883,-0.6127966,-3.7599988,-6.581542,-4.3666806,-3.1250093,1.904402,-0.66578233,-3.7545187,-6.552218,-4.2722178
-3.1199796,1.6732396,-0.6037715,-5.0430727,-9.677292,-9.822123,-3.1873605,1.6406122,-0.6307809,-5.1563263,-9.89761,-10.235189
-3.13278,1.4668107,-0.56564444,-1.8839772,-1.9281731,-3.4284437,-3.1801112,1.4997267,-0.61517125,-1.9314588,-1.7042633,-3.26326
-3.096654,1.2650076,-0.50665724,-0.991678,-2.3502872,-3.0250208,-3.1494758,1.3171798,-0.5993015,-1.063312,-2.3421474,-3.0276566
-3.0383854,1.0714371,-0.46534553,-1.2222658,-3.8092802,-2.9395843,-3.1196706,1.119376,-0.59001076,-1.287685,-3.8571653,-2.9601884
-2.9827085,0.84030133,-0.4307706,-0.3740701,-2.827986,-2.3227165,-3.0881164,0.9170714,-0.5883504,-0.4542669,-2.937048,-2.275194
-2.950314,0.65944636,-0.42054188,0.0012782183,-0.9939225,-1.3227102,-3.0474324,0.7358906,-0.58381075,-0.028285084,-1.0182376,-1.25523
-2.8614755,0.45058572,-0.3717532,-2.736441,-2.2215538,-2.7476282,-2.9350064,0.33472842,-0.53985643,-2.699485,-2.2760272,-2.8967667
-2.764712,0.2262879,-0.32894567,0.83961093,0.1516743,-2.335345,-2.8410614,0.11453069,-0.49469683,0.99664485,0.20007811,-2.2700632
-2.6825929,0.048052967,-0.2953676,3.8695426,1.0531597,-2.9085448,-2.7486742,-0.07162238,-0.4445638,3.9499347,0.9907404,-3.062599
-2.5732412,-0.15017998,-0.26685548,3.232263,0.4892216,-2.0590012,-2.6539185,-0.27957964,-0.4006851,3.3285239,0.4694927,-2.1048896
-2.4703434,-0.39400113,-0.24526204,3.7168732,-0.98063433,-0.6643843,-2.5430079,-0.49759424,-0.3645286,3.7435312,-1.078403,-0.51683563
-2.3742356,-0.5608955,-0.23512028,4.38703,0.101980925,-0.37760514,-2.424289,-0.6901974,-0.34679547,4.429597,-0.01793996,-0.17423868
-2.2290778,-0.737615,-0.25934562,3.427367,3.8501322,-3.0484784,-2.2146823,-0.96966666,-0.34312096,3.5236356,3.863384,-3.100673
-2.0911124,-0.9184933,-0.25372663,4.2788615,1.1062793,-1.2769715,-2.1023166,-1.0918524,-0.34353524,4.318937,1.2247955,-1.1828784
-1.9882345,-1.0773906,-0.29041415,6.1602335,0.8404338,-0.1395456,-1.9896998,-1.2234085,-0.33986977,6.2005916,0.75241137,-0.12408679
-1.8432995,-1.1982689,-0.29149747,4.5781817,0.7304296,1.1684917,-1.8896977,-1.3318955,-0.3253682,4.5981135,0.56993467,1.2947843
-1.7050588,-1.3230737,-0.30171773,3.9004233,2.4205515,-0.34570903,-1.7887477,-1.4135025,-0.29806527,3.9109857,2.3162339,-0.2512693
-1.6167943,-1.380297,-0.30320543,5.573411,3.8805003,-1.2214445,-1.6825067,-1.4910878,-0.26749188,5.56107,3.8120396,-1.231524
-1.5102434,-1.408364,-0.27466235,6.0747256,6.5163827,-3.4785595,-1.4964215,-1.5741041,-0.22987287,6.1711235,6.450006,-3.6124098
-1.3949933,-1.4643981,-0.2838019,0.23405069,2.8218124,-1.3237015,-1.4239374,-1.5857962,-0.21558303,0.3537083,2.8899488,-1.4093691
-1.3228189,-1.4847503,-0.25776628,1.8414363,2.5427876,0.57964116,-1.3518097,-1.5789316,-0.208015,1.9078189,2.5102751,0.49145952
-1.2459365,-1.4844482,-0.23478885,1.7246714,3.6286726,-0.10883419,-1.2805247,-1.5626976,-0.20393153,1.6622235,3.4644172,-0.14828871
-1.1885264,-1.4610107,-0.21300311,0.18482071,3.4535687,0.09340127,-1.2345929,-1.5438117,-0.1911764,0.26917657,3.3600624,0.05265827
-1.167722,-1.4482393,-0.20182352,1.2589287,2.4178526,1.0924929,-1.2016773,-1.5209495,-0.16823804,1.3452015,2.3636322,1.0942105
-1.0460879,-1.38238,-0.14122607,2.4004183,9.249289,63.54908,-1.1697894,-1.4522347,-0.15726219,2.4149067,11.642454,64.8108
-1.1373073,-1.0228575,-0.26015672,0.13561231,8.506742,102.89404,-1.1607597,-1.3756107,-0.15683988,0.102903776,8.392553,102.93813
-1.266771,-0.7138562,-0.1603579,0.22085297,2.9529202,84.01877,-1.2214316,-1.2817013,-0.15679894,0.5832125,2.652528,83.46896
-1.4104089,-0.79676914,-0.2693242,-6.1007085,-0.106814295,55.34134,-1.4160079,-1.186582,-0.15691228,-5.6274257,0.28079802,55.545765
-1.6951181,-0.61113286,-0.4396678,-9.206008,-0.021695046,42.249676,-1.7137591,-1.0474491,-0.15106627,-9.19,0.66422766,43.83885
-2.1090474,-0.6732228,-0.18484022,-9.232799,-0.8872444,19.643354,-2.0279536,-0.8769938,-0.16265854,-8.655007,-1.1205707,19.272867
-2.4755316,-0.7070565,-0.40787455,-5.3754764,-14.893898,-95.47775,-2.6292536,-0.5834287,-0.21876043,-5.838465,-14.112942,-94.41455
-2.4654727,-0.0656414,-0.16791399,15.523322,-4.7646246,-132.4991,-2.7874832,-0.32964194,-0.27264783,15.433564,-4.490632,-130.98502
-2.5178647,0.10513592,-0.23049279,8.732602,-0.88642335,-129.65656,-2.6928742,-0.02402905,-0.25783998,8.231097,-0.3363054,-129.32724
-2.394309,0.060567617,-0.111281954,4.781164,-13.18771,-107.10112,-2.6160464,0.07554433,-0.22901297,2.516202,-12.036879,-98.28616
-2.3870606,0.21276855,-0.26975772,2.5560942,-20.04845,-67.878006,-2.5974364,0.037977405,-0.23904198,2.0756443,-20.71329,-67.42937
-2.5633337,0.09390688,-0.28695482,1.6422412,-10.70865,-29.08082,-2.5201538,-0.093916096,-0.28294653,2.011326,-10.548194,-29.012968
-2.0397618,-0.3306685,-0.29978427,-5.8955054,7.3325777,69.51584,-2.3164852,-0.5935561,-0.28187865,-6.742377,7.820928,69.49407
-1.9828736,-0.5446658,-0.11857935,-6.400102,15.384614,150.33615,-2.13033,-0.5416438,-0.27306336,-6.299541,15.248002,149.60841
-1.849631,-0.34211147,-0.34498605,-3.019165,9.1268635,132.0259,-1.8915051,-0.44873458,-0.2567543,-3.1485927,9.378897,131.92178
-1.8976324,-0.30070168,-0.26251242,-2.3145862,1.608807,85.10832,-1.8633136,-0.47974703,-0.23973526,-2.397193,1.737997,84.66531
-1.8913513,-0.23052824,-0.31464913,-8.836376,-1.4307138,61.09001,-2.0059123,-0.43629524,-0.20981163,-8.843439,-1.6745383,61.127956
-2.028763,-0.23561943,-0.15096599,-17.481121,-5.5061245,24.037159,-2.1759093,-0.3767064,-0.18164377,-17.188044,-5.62639,24.031734
-2.164508,-0.24471343,-0.24148946,-4.900632,8.654999,-44.083427,-2.3779764,-0.26995042,-0.21735084,-5.2029357,9.699988,-44.228546
-2.1017246,0.26973593,-0.1608315,16.258472,6.1000566,-46.57193,-2.4053009,0.009515851,-0.19497623,16.282804,6.224223,-46.72232
-2.402638,0.14669287,-0.13967623,5.967792,-5.0412364,-1.5177127,-2.4318616,0.14605968,-0.15949664,6.2850375,-5.595014,-0.79847866
-2.4641786,0.19851273,-0.22201438,-0.7841788,-1.0070751,22.46677,-2.4293747,0.2046506,-0.18089566,-1.031987,-1.2357457,22.004883
-2.311039,0.36602387,-0.16543241,-0.42786187,5.4888926,28.457153,-2.4161253,0.2896268,-0.2607235,-0.41768476,5.728159,28.312897
-2.0856407,0.5333681,-0.17697485,2.2652187,6.824913,43.570126,-2.4189844,0.42195445,-0.27364329,3.0592346,7.4887557,43.557648
-2.0916164,0.76608306,-0.14184602,-1.804001,6.4744024,63.660107,-2.4564004,0.81432974,-0.27149707,-1.6174692,6.3383102,63.249985
-2.5553546,0.73984706,-0.4398664,-12.060636,-14.73243,-6.0648856,-2.5016336,1.0036355,-0.27741107,-12.256986,-14.904604,-6.198173
-2.5577385,1.2057214,-0.2371443,-13.249423,-27.855106,-62.5382,-2.4874535,1.2244705,-0.31838036,-13.335415,-28.965221,-62.7263
-2.1003253,1.0801088,-0.16766162,10.373252,-19.282011,-114.91349,-2.3903494,1.4142693,-0.28785747,8.01637,-21.06277,-112.23045
-2.2984881,1.324476,-0.3734245,26.352097,-1.8189056,-86.02403,-2.174121,1.5354577,-0.24880469,26.615656,-1.6392863,-85.881485
-1.8232943,1.577701,-0.10129208,18.9566,11.788864,-13.89242,-1.881653,1.6224492,-0.2906463,19.11717,12.03058,-13.072887
-1.3954319,1.231823,-0.13978843,1.6528169,23.422588,38.160717,-1.4668133,1.8146526,-0.295249,2.9523165,29.773136,41.488087
-1.2689344,1.5762799,-0.26251933,-10.002651,11.117029,71.72719,-1.3597308,1.9481329,-0.25783476,-9.896211,10.820744,70.4213
-1.3259114,1.7832434,-0.3189728,-11.51656,8.36968,101.15274,-1.2639369,2.096746,-0.24130586,-11.774532,7.6042395,99.85074
-1.1527895,1.8649998,-0.24373986,-10.667033,0.97022927,72.59009,-1.1838053,2.2289548,-0.24158207,-11.462381,0.5925054,71.87556
-1.1864562,1.795305,-0.20488258,-10.835604,-0.6251739,42.89712,-1.1182022,2.2926073,-0.25221607,-11.0909605,-0.73548174,41.676193
-1.2531661,1.8321543,-0.32720235,-10.311431,7.2103853,20.729277,-1.0048883,2.3043427,-0.2730851,-11.202235,8.651701,19.296667
-0.50226545,1.5829128,-0.5135098,-14.586166,9.178541,-76.76204,-0.7148024,2.062338,-0.2892059,-17.42763,16.115753,-76.370544
-0.6739836,1.6077511,0.10385922,19.77539,-6.5211906,-159.23744,-0.5110371,1.955941,-0.26520914,21.131155,-6.590528,-159.06625
-0.7113476,1.712127,-0.027397593,18.51994,-6.860445,-138.75827,-0.32304975,2.1175485,-0.23761185,23.213102,-13.562458,-166.4041
-0.22960362,1.9393612,-0.26481196,10.486949,-12.519733,-105.832794,-0.223925,2.0878549,-0.21221901,10.085244,-12.889614,-105.42948
-0.21052781,2.0946422,-0.14836712,6.448332,-8.281909,-75.46913,-0.24065775,2.0136147,-0.19464381,6.754006,-8.245887,-74.74379
-0.49858752,2.0486288,-0.21897145,0.3492679,-6.6217136,-61.675903,-0.32834104,2.012157,-0.19067419,0.16357473,-6.374547,-61.516056
-0.5416695,1.973623,-0.08029171,-7.335836,-15.026728,-87.26815,-0.58784515,1.9857649,-0.21715708,-8.183617,-14.13248,-87.532196
-0.6296489,1.971947,-0.2099488,-8.488288,-10.780391,-30.533226,-0.68431175,1.9178768,-0.23293005,-8.75202,-10.434179,-30.008425
-0.8158386,1.8395617,-0.31218776,-2.8400764,-8.170188,-26.6373,-0.77782786,1.8069272,-0.24416427,-2.8290248,-7.743726,-26.536976
-0.9210385,1.6078485,-0.3818328,0.9249291,-10.127712,-24.382736,-0.88527113,1.6321989,-0.23061442,1.3606428,-9.853205,-24.14463
-0.9113531,1.4454811,-0.2491224,-0.15928179,-13.943399,-3.038037,-0.9328729,1.3937774,-0.21408409,-0.6199252,-13.963998,-2.7822707
-1.153949,1.1279429,-0.31131592,-7.794504,0.6007996,49.846195,-0.9706794,1.0967063,-0.18334311,-8.497651,0.3217178,48.622284
-1.4737188,0.5433047,-0.32880935,-6.990311,14.62516,122.767365,-1.0770432,0.38113084,-0.096621744,-6.927118,21.934298,130.10294
-1.2324868,0.12669277,-0.1284417,3.405379,7.764634,42.895233,-1.0532246,0.33103314,-0.08727275,7.532679,7.9062557,32.710434
-0.9208089,0.21645686,-0.12291562,6.319184,6.9947257,26.797089,-1.001219,0.25672045,-0.0714341,6.602745,6.8644867,26.438019
-0.8262327,0.12253529,-0.100016795,-2.9347463,5.136793,11.519474,-0.92969006,0.114394955,-0.0620881,-2.8286095,5.192463,11.330402
-0.6119878,-0.19440341,-0.009115001,-14.355041,8.961815,5.6370153,-0.93652666,-0.21672921,-0.06801395,-14.512312,9.0515995,5.3662367
-0.81945634,-0.15294957,-0.07686152,-15.526225,12.070821,20.738506,-1.059894,-0.5299531,-0.1075769,-15.661903,12.342423,20.120203
-0.827461,-0.39493728,-0.082769535,1.683656,11.368301,44.16808,-1.0868679,-0.61913437,-0.060566254,1.7727121,11.502612,43.819733
-0.99782264,-0.6565882,-0.08390274,5.881287,3.7508726,19.598274,-1.0742215,-0.7484252,-0.012153716,5.6171927,3.7998788,20.083818
-0.9951947,-0.8135246,-0.10047325,8.94873,6.865764,20.186634,-1.0856293,-0.9011033,-0.0027411608,9.297068,6.8526525,20.370224
-1.1411128,-0.9731972,-0.110208176,9.210808,3.0358555,18.701778,-1.1022807,-1.0077478,-0.02823927,9.700312,3.137941,18.888376
-1.1602335,-1.0454638,-0.10937043,6.2789226,0.30600622,19.047136,-1.1433749,-1.0649759,-0.038264878,6.2256866,0.3165122,18.899359
-1.2282217,-1.0691643,-0.10859605,3.636306,-0.82982934,20.807604,-1.2355075,-1.0982127,-0.05525315,3.2235036,-0.9453819,20.220818
-1.3452786,-0.98702765,-0.17767604,8.958258,-2.8478105,33.52687,-1.44421,-1.1007414,-0.085863546,9.140631,-3.43815,33.63513
-1.538474,-1.0255531,-0.09894916,7.176781,-1.6556103,10.686266,-1.5258579,-1.0780237,-0.1048631,7.159327,-1.4531921,11.104663
-1.5949774,-0.92732894,-0.08415147,4.6106634,-4.3782244,7.0663767,-1.6226492,-1.0249988,-0.13168548,4.1639304,-4.271015,7.825561
-1.6730493,-0.8400432,-0.06021782,1.5246418,-5.590887,7.341582,-1.7148608,-0.9381119,-0.16858722,1.3350248,-5.622159,7.273628
-1.7392889,-0.7555945,-0.09022816,2.8969398,-5.3467913,8.319193,-1.7728994,-0.84786797,-0.19735666,2.7342098,-5.374035,8.2890625
-1.7685121,-0.6564754,-0.11022272,5.02998,-5.753838,9.029768,-1.798145,-0.7388227,-0.20567931,4.9667406,-5.706855,9.009734
-1.7974983,-0.4785955,-0.14801796,10.4209585,-9.129226,12.117348,-1.8302753,-0.44963726,-0.2056981,10.442651,-9.191374,12.332935
-1.8643368,-0.3127694,-0.1433983,3.6732316,-3.0868678,3.0669222,-1.8270875,-0.24877529,-0.20783125,3.7541254,-3.1155233,3.3410244
-1.8250424,-0.07724136,-0.124367855,0.68500954,-2.1267123,1.7105371,-1.8037802,-0.063341856,-0.21287918,0.5749242,-2.032147,1.9719244
-1.7888299,0.14851224,-0.1370749,-0.2146402,-3.6417248,1.9446064,-1.7617396,0.14555229,-0.21573071,-0.3139792,-3.674134,1.9657673
-1.689878,0.41426492,-0.13288666,6.1240625,-7.348531,-0.3409788,-1.6683685,0.44769436,-0.21101344,6.1363964,-7.435518,-0.26173395
-1.5944805,0.74414694,-0.15000851,12.771787,-7.950889,-1.107988,-1.5110416,0.93259305,-0.20648837,12.779611,-7.75426,-0.83057
-1.431825,1.233695,-0.19142689,12.137645,-2.3950453,-34.211536,-1.3543406,1.5115258,-0.23745985,12.906529,-2.3540413,-35.222294
-1.3078836,1.5041566,-0.1673156,0.09690899,5.6617002,-37.557804,-1.2774531,1.6577796,-0.26962525,0.5708894,6.24748,-36.711292
-1.2460854,1.8054549,-0.23567699,-15.896205,10.318122,7.640507,-1.2482399,1.710205,-0.32746089,-15.433419,10.769412,8.150257
-1.1283244,2.0690808,-0.27004293,-29.10531,6.1057715,24.784462,-1.2079649,1.7226297,-0.39256522,-29.95339,5.749123,25.352604
-0.9819045,2.3028135,-0.4451678,-19.106644,3.1914713,10.517421,-1.057754,1.9092872,-0.42373082,-19.61357,3.3659534,12.66852
-0.96087384,2.3326943,-0.35249949,-9.236185,-1.7178779,2.933346,-0.9063539,2.160147,-0.42384258,-9.454793,-1.9457787,2.9059877
-0.9575825,2.197882,-0.3800069,-11.524901,-4.1120167,-4.258506,-0.7293162,2.3289547,-0.38554248,-11.882151,-4.3085885,-4.68718
-0.770306,2.228494,-0.29711524,-6.8600507,3.4776804,1.1298922,-0.65253216,2.3492944,-0.355451,-6.7949395,3.3963885,1.1744304
-0.5957295,2.1905122,-0.27212876,-5.0128655,7.8189497,3.2332666,-0.568969,2.3454282,-0.32385725,-4.992331,7.9908347,3.5353699
-0.471984,2.2079077,-0.286459,-2.1676183,6.639436,1.7798871,-0.49134246,2.306274,-0.2850974,-2.2506912,6.6462436,1.7681026
-0.38501343,2.164197,-0.25995758,-3.81253,3.1911829,-1.608904,-0.43068162,2.2321644,-0.24872583,-3.9195225,3.127214,-1.9808258
-0.37425897,2.0829868,-0.24663596,-4.349095,4.00179,-0.96226233,-0.38578936,2.134174,-0.22543372,-4.346136,3.9339063,-1.452451
-0.32566127,1.9276292,-0.2162223,-3.4285507,8.762551,0.46834546,-0.36526078,1.9747086,-0.18223675,-3.3432765,8.817514,0.1585775
-0.3112084,1.8336554,-0.14645836,11.799031,-2.9825099,-0.14064877,-0.31037974,1.9954946,-0.1416742,11.866984,-3.1010227,-0.39696825
-0.35646954,1.8037945,-0.18422723,11.472655,-5.086426,3.0589168,-0.27622464,2.1017935,-0.10389848,11.194397,-4.891942,3.5669835
-0.42056724,1.8294243,-0.21394141,6.5160146,-1.7705363,1.6938053,-0.3340896,2.0246117,-0.097070515,6.4623904,-1.8886399,1.8367825
-0.43565807,1.7816601,-0.24703188,3.1529489,0.63536024,10.429449,-0.3844634,1.9023454,-0.105699755,3.2821019,0.6558746,10.860997
-0.4661208,1.710236,-0.35648718,-10.351151,5.6582246,43.084095,-0.47338343,1.7096295,-0.13061477,-11.975402,5.503659,43.533527
-0.3968129,1.7835977,-0.08227622,-18.590242,5.0657554,-3.059099,-0.48924196,1.4134045,-0.14150786,-18.931372,5.018418,-3.7175803
-0.2987295,1.5880914,0.021705547,10.336062,-5.7095213,-10.796424,-0.3572266,1.4921176,-0.10689738,10.122999,-5.3353586,-10.94387
-0.36117533,1.664821,-0.10030546,17.546425,-7.2711215,-9.449986,-0.30129388,1.6058955,-0.09069168,17.592949,-7.090221,-9.466918
-0.34358093,1.7255857,-0.20978387,23.71973,-11.566462,3.765341,-0.23610519,1.7817225,-0.10142259,24.142216,-11.459985,3.8664458
-0.17441949,1.7484779,-0.15743591,16.275494,-19.957657,15.352293,-0.17910966,1.9101614,-0.122644894,15.953083,-20.594572,15.635426
-0.026002735,2.0422883,-0.14502107,6.9984965,-22.579239,18.730938,-0.17109473,1.947536,-0.14500734,6.998944,-23.028757,19.610252
0.12610134,2.1293666,-0.19948332,1.9526912,-15.1338005,11.273365,-0.009955125,2.0694249,-0.14366071,2.2353418,-14.838305,12.514913
0.41180107,2.3339686,-0.25890777,-5.682682,1.2878761,-5.889259,0.24269216,2.1673641,-0.1323438,-5.719611,1.1404341,-5.6252556
0.69344735,2.4062252,-0.30999744,-4.2866855,6.346262,-9.037116,0.51955724,2.2646797,-0.14800155,-4.3344226,5.919721,-9.052323
0.95999515,2.4467645,-0.3421558,-3.757812,10.430444,-8.570316,0.82672626,2.3612285,-0.19164038,-3.8768108,10.441407,-8.944449
1.1753017,2.4494185,-0.38693133,-4.9013467,12.894404,-6.9866147,1.0805367,2.4218793,-0.24908139,-4.8923545,12.757623,-7.190548
1.3012868,2.3482323,-0.4482031,-2.9698231,19.880383,-6.342216,1.3003474,2.4509878,-0.32701808,-2.8753717,19.913628,-6.55519
1.1778891,2.3666306,-0.75702846,-5.823992,32.988907,-7.455661,1.541699,2.4019587,-0.41533658,-6.3431287,36.042225,-8.477363
1.426449,2.3027132,-0.4461188,-9.081794,14.408285,-4.821868,1.5884643,2.2659316,-0.4272616,-9.44249,14.546229,-6.599587
1.5580908,2.1846511,-0.4295825,-7.7423368,10.281353,-7.0536613,1.5489293,2.038998,-0.41620135,-7.814127,10.0458975,-7.6728215
1.5130814,2.0336318,-0.39272138,-4.122961,8.460437,-6.540444,1.4914976,1.8760663,-0.39923456,-3.8238518,8.356637,-7.0481224
1.3654609,1.9146284,-0.3739386,-2.1164875,7.425285,-5.2533817,1.427827,1.8418531,-0.3778403,-1.9393548,7.3734994,-5.526732
1.2099015,1.7818073,-0.33930737,-1.7062569,8.002417,-4.5414042,1.2883775,1.8451658,-0.3363514,-1.6635247,8.005887,-4.614049
1.0007762,1.6594752,-0.2903601,-1.7280641,8.281543,-5.0769053,0.91372144,1.7710197,-0.2556051,-1.7807262,8.1145935,-5.192554
0.7333102,1.5990407,-0.24299653,-0.7217652,1.4831886,-1.8215328,0.67858636,1.7114083,-0.2244024,-0.883122,1.3116723,-1.831773
0.44985643,1.5800375,-0.20088218,-0.7813247,0.45237806,-1.4468855,0.39806145,1.6446545,-0.20035192,-0.94102407,0.27331126,-1.2951647
0.10484895,1.5344961,-0.1507184,-0.78940874,-0.12702271,-1.5139567,0.11757094,1.5841632,-0.18440998,-0.90049994,-0.24263543,-1.3630788
-0.22544166,1.4843119,-0.103215,-0.33775562,-1.6403742,-1.7467877,-0.15122895,1.5262563,-0.17619707,-0.43533364,-1.676414,-1.644112
-0.5112103,1.4188269,-0.11896705,0.025444206,-3.1156003,-1.8632473,-0.40945247,1.4731951,-0.17664318,-0.045990504,-3.1049628,-1.772656
-0.825999,1.3952572,-0.1347846,1.1673872,-8.857481,-2.7381322,-0.9406891,1.3739058,-0.17911628,1.0647461,-8.954384,-2.6917827
-1.1431841,1.3140254,-0.17798816,0.32264,-5.515235,-0.08815043,-1.1999264,1.3268838,-0.1870768,0.3696169,-5.4874096,0.10227617
-1.4065498,1.1987271,-0.17255609,-5.911365,0.70879793,1.4639815,-1.4310975,1.2778486,-0.15332913,-5.8919716,0.99638724,1.790821
-1.6333985,1.1373981,-0.19302054,-3.7480168,-11.065963,3.9062743,-1.6359032,1.2418247,-0.001271524,-3.72406,-11.055414,4.177565
-1.8094357,1.1798847,-0.24783207,-0.80324084,-16.801617,-0.49080366,-1.8693528,1.2165915,0.13668653,-0.5437647,-17.018442,-0.58955
-1.955212,1.1526695,-0.2644905,3.6482458,-12.327377,0.5190404,-2.0480917,1.1874212,0.055789612,3.967016,-12.479724,0.40452635
-2.0735176,1.0942898,-0.2770348,5.5010962,-24.591175,6.1025386,-2.2066927,1.1124779,-0.14618316,5.9423833,-25.20611,6.580082
-2.1637633,1.0423293,-0.30255845,5.092335,-4.6277194,-0.095988914,-2.2422035,1.0836706,-0.18279372,5.2746377,-4.9343762,-0.15498157
-2.1690514,1.0428307,-0.25513926,0.90065163,-8.554302,0.40521866,-2.2179608,1.0767584,-0.2015333,1.0547112,-8.579732,0.35270134
-2.1117737,1.0383435,-0.2450522,-0.42146057,-7.410676,-0.81075615,-2.1685743,1.104411,-0.1951992,-0.39690492,-7.6998935,-0.86099994
-2.0278637,1.0977924,-0.23867221,0.15404385,-8.078619,-0.2067868,-2.1117787,1.127068,-0.17557542,0.1687679,-8.31561,-0.3046742
-1.9546436,1.110999,-0.2383729,1.2245685,-7.4011555,-0.62160176,-2.0127974,1.1424958,-0.1667284,1.228445,-7.548633,-0.7569329
-1.7886767,1.1285483,-0.20991655,5.1237416,-6.488369,-3.7503455,-1.6881958,1.1571383,-0.13704872,5.1766367,-6.4933233,-4.1270037
-1.5567467,1.1621566,-0.21983571,7.369341,6.016644,-4.853747,-1.4779129,1.157184,-0.4120514,7.2669024,5.878242,-5.5000076
-1.3601081,1.2000204,-0.23016891,0.9027434,6.60933,-2.776316,-1.2912102,1.1758063,-0.43343014,0.9844417,6.4660506,-2.758044
-1.1952196,1.2312573,-0.19458137,-3.0581918,-17.58079,-0.4694273,-1.1005399,1.2214456,-0.34285295,-2.209796,-17.110706,-0.59733194
-0.8483156,1.1359286,-0.23768963,-13.870654,-44.212997,1.389675,-0.9149927,1.2661917,-0.40969607,-13.073297,-45.16438,1.1657667
-0.59288,1.3435967,-0.32055542,-21.869316,-20.03072,-3.1578815,-0.71363634,1.2843956,-0.52657694,-22.37884,-20.265728,-2.927615
-0.12189922,1.2863325,-0.1938618,-16.69947,-16.124222,-8.876736,0.068141654,1.1706294,-0.40622127,-16.818043,-16.02999,-8.892004
0.62834394,1.0457239,-0.031619124,-4.3325,-3.5506036,-2.827856,0.5977829,1.015244,-0.3660749,-4.099419,-3.9098513,-2.6848536
1.5377741,0.7538396,-0.09042891,4.213313,13.452265,-1.8350363,1.0945817,0.8386508,-0.36906892,3.1443777,9.643949,-1.169749
1.9331263,0.812148,-0.44647816,18.343172,33.991524,0.41156703,1.5746121,0.6515071,-0.45401955,18.498558,34.08328,0.27530223
2.0536551,0.6388109,-0.55037415,13.961369,33.600147,2.2778518,2.0739124,0.47248897,-0.581745,13.125516,33.74061,2.626726
2.2668233,0.48034912,-0.39782032,6.3884025,21.351494,3.1264389,2.431892,0.32255578,-0.62483996,6.4387665,20.898108,2.9058812
2.5358276,0.3345096,-0.39149448,10.858388,25.373072,5.147867,2.709516,0.15479292,-0.6152788,11.038965,25.70884,5.53619
2.6815624,0.14356792,-0.46025297,5.9561963,13.528448,0.24874337,2.7984762,0.10118504,-0.6238047,5.6391263,13.35765,0.14098188
2.7787251,0.15400338,-0.39874122,4.5602007,11.742254,-0.5407254,2.8344324,0.061956316,-0.6135396,4.2420607,11.755736,-0.39559257
2.7000923,0.097688794,-0.33652362,2.3841367,8.016926,-0.7139608,2.8165557,0.027206536,-0.5861987,2.1441689,7.935883,-0.32209656
2.584782,0.107313156,-0.2863061,1.2151512,3.7844236,-3.8915818,2.7584515,0.0063718217,-0.5542161,1.2461667,3.7313433,-3.9193583
2.4568033,0.12871242,-0.23796387,-0.04180867,2.3379538,-6.4238143,2.6568582,0.0010235857,-0.5199471,0.0049425247,2.279688,-6.5700316
2.2972207,0.19807601,-0.19117995,-2.8276336,1.2463274,-6.745349,2.414067,0.005700977,-0.4542392,-2.8535368,1.1040108,-6.892696
2.1674166,0.1546402,-0.20222183,-3.5416641,-0.5801386,-2.5482543,2.287995,0.02863351,-0.420405,-3.5344093,-0.7153931,-2.4289742
2.0111022,0.16355062,-0.13454504,-4.498463,-1.2920451,-4.0581584,2.1747851,0.05167061,-0.3886589,-4.481171,-1.3353179,-3.9985988
1.8978225,0.14646268,-0.128316,-2.5496852,-1.7051144,-5.344095,2.0598578,0.068131365,-0.35339794,-2.4921246,-1.8091105,-5.441353
1.7793611,0.15817255,-0.009348234,-0.25290853,-2.3270903,-7.5099797,1.951538,0.082381405,-0.32112798,-0.29823908,-2.3281574,-7.5732393
1.7173791,0.15319073,-0.095142685,0.4058196,-1.4432931,-9.182246,1.8515762,0.08444995,-0.29446876,0.55097246,-1.5097961,-9.486678
1.6612042,0.1791954,-0.12872525,-0.7484527,2.5529575,-12.01025,1.6992632,0.077432275,-0.2493636,-0.5909411,2.4879394,-12.437669
1.5402435,0.12165642,-0.17421086,2.01056,1.0114661,-0.38680667,1.5986564,0.0726314,-0.2235072,2.197274,0.95294917,-0.4118276
1.4399892,0.13356733,-0.15358253,2.6128235,3.634719,1.2841877,1.4927725,0.07442707,-0.20248267,2.758675,3.7756276,1.1029733
1.3120242,0.12998247,-0.13596196,2.979435,2.9597242,-0.3477127,1.3933033,0.09071012,-0.18023835,3.0391676,2.993169,-0.22150986
1.1810371,0.19608986,0.032878734,2.4519627,0.5831935,-0.08462779,1.2748922,0.12079678,-0.15010361,2.3718882,0.69595563,0.05164221
1.0636972,0.21730745,0.024429271,-0.01160771,-0.4673049,-0.83455366,1.1569524,0.15436459,-0.12749836,-0.09434413,-0.3628393,-0.8025537
0.8957366,0.2398377,-0.090239726,0.46114737,5.1005917,1.740549,0.8654995,0.19505857,-0.0885533,0.38238683,5.1366863,1.7833654
0.738927,0.28266668,-0.1311372,-0.250022,7.7353854,4.093724,0.7565253,0.21533924,-0.063390784,-0.20055182,7.7230453,4.3222213
0.579913,0.2959175,-0.10537466,0.71488994,7.0845184,3.8494637,0.604351,0.25218144,-0.041233975,0.64301413,7.125421,4.052192
0.4300889,0.33149707,-0.10223051,-1.6152822,6.954954,1.4046444,0.42163897,0.32178888,-0.039351538,-1.5794549,6.8920097,1.3292139
0.19864956,0.3609743,-0.0926102,-0.15532023,4.072859,0.75007087,0.18460815,0.40149334,-0.03916683,-0.14436343,3.93812,0.44138756
-0.06408855,0.3696822,-0.112342976,0.68011636,0.079169124,1.3392667,-0.03769904,0.4341264,-0.039278813,0.77674013,-0.04703719,0.94199544
-0.3584691,0.42264795,-0.16434415,-0.3110214,1.4738029,2.5573184,-0.50432295,0.490323,-0.039184347,-0.18839878,1.430459,2.4253867
-0.6596743,0.45655155,-0.16025324,-0.8910678,0.7024554,0.09538825,-0.7632683,0.52288157,-0.053847622,-0.7841886,0.60948545,-0.027932271
-0.987419,0.49336362,-0.22686626,0.13947767,-0.57882607,1.5824856,-1.0331653,0.54835105,-0.0776577,0.20370248,-0.5900339,1.3472431
-1.2262791,0.55918586,-0.22957821,0.30234832,-4.70223,-1.1911727,-1.2615249,0.5748823,-0.10461565,0.5854443,-4.7994576,-1.5487937
-1.5368313,0.54140645,-0.20647183,-0.40628356,-2.9275537,0.8845957,-1.5060408,0.61124027,-0.13781026,-0.28551275,-2.8230784,0.5989809
-1.7809155,0.5656902,-0.2470376,-0.9725751,0.40034392,1.4768399,-1.7575371,0.65377605,-0.17289487,-0.8421682,0.6123552,1.2489555
-2.0546007,0.61052155,-0.32274738,2.893414,-4.8753786,0.34497577,-2.206711,0.71727526,-0.25048915,2.9516668,-5.040208,0.09189053
-2.1835508,0.7507726,-0.2816851,11.226997,-3.2869122,-18.881279,-2.416123,0.7605482,-0.2851035,11.46906,-2.9763138,-18.823568
-2.3926134,1.0687336,-0.3293316,23.125517,-0.47500017,-19.407928,-2.6054664,0.9696089,-0.32241896,23.150852,-0.29030433,-19.215628
-2.5929537,1.2265072,-0.40911898,25.136805,-4.241227,4.8295093,-2.7707064,1.2113727,-0.33910412,26.011219,-4.1077414,4.885709
-2.8305671,1.3196508,-0.40033397,32.052288,-8.324706,12.8286,-2.9501152,1.3102523,-0.37398624,32.391304,-7.9966135,13.119706
-2.9753873,1.431504,-0.31643182,18.681305,-11.77236,14.160154,-3.1302056,1.3743647,-0.41506022,18.800598,-11.817818,14.052581
-3.3860273,1.8625625,-0.4586086,-14.554,-24.494247,22.675116,-3.4415066,1.7263305,-0.27223215,-14.803471,-24.234503,22.1895
-3.4476576,2.1644404,-0.652827,-13.79436,-6.6150556,-9.075403,-3.534089,2.1431143,-0.4130935,-14.111555,-6.694731,-9.304831
-3.425534,2.5849652,-0.65452516,-11.359701,2.2227318,-10.120708,-3.5211287,2.6268847,-0.565405,-11.379329,2.768261,-10.341305
-3.2800102,2.9424658,-0.6451405,-0.8798457,10.893176,-5.911537,-3.4854248,3.0322175,-0.7324649,-0.82613546,10.597179,-6.14219
-3.3000765,3.3343587,-0.7120634,-7.4073386,0.38907585,-4.5368204,-3.4889386,3.307099,-0.919213,-7.4122834,0.25660032,-5.1117554
-3.2650323,3.4786818,-0.8868747,-23.513184,-12.048597,-1.1962982,-3.5274885,3.5470908,-1.0426573,-23.998888,-12.694366,-2.1655319
-2.8458219,3.7336287,-0.8662396,-42.99902,-4.4710712,3.7834423,-3.5065084,3.9128406,-1.3067099,-43.666897,-5.0546436,4.2013927
-3.1059294,4.111753,-1.1056533,-20.260487,5.09018,-0.903161,-3.4762924,4.006909,-1.4096091,-20.2838,5.0836062,-0.74379134
-3.3286197,4.0722914,-1.0383042,-18.7389,0.49654827,1.2580022,-3.4665465,4.0298967,-1.4420141,-18.927944,0.0072003733,0.95657116
-3.3422568,3.8736181,-1.0381167,-19.129683,-5.378711,1.4019789,-3.4651482,3.973085,-1.4332516,-19.173798,-5.491491,1.4209044
-3.2128694,3.7520285,-1.011745,-15.4133835,-6.020392,-2.186403,-3.4833643,3.8472111,-1.3722886,-15.328288,-6.3592043,-2.3678267
-3.2589254,3.5761666,-0.93599826,-9.013795,-6.622666,-4.470462,-3.5028207,3.6726918,-1.2716858,-9.151119,-6.992167,-4.6900086
-3.223678,3.2440639,-0.86029327,-8.799927,-7.690379,-5.4057403,-3.4361756,3.205144,-1.0539848,-8.954159,-7.8414483,-5.5428634
-3.1945903,2.890306,-0.7292171,-2.6568446,-5.152038,1.0993398,-3.3626711,2.9277992,-0.93526787,-2.7390482,-5.213243,1.4476792
-3.0868933,2.4935775,-0.6362512,0.22172242,-0.8895873,1.2265321,-3.2736316,2.6275384,-0.80262285,0.31241268,-0.90037715,1.7423795
-2.988184,2.118686,-0.54971,4.677461,0.1446786,1.1491936,-3.175605,2.3289282,-0.68757826,4.766551,0.21919322,1.1940495
-2.872964,1.750429,-0.4851769,7.048566,0.022416385,-0.1423363,-3.0246103,1.9296097,-0.56047547,6.951477,-0.22899242,-0.28323862
-2.7453942,1.4797574,-0.4196338,8.21943,2.4619458,-1.7369815,-2.8802264,1.5618612,-0.4589526,8.125041,2.1236618,-2.003712
-2.5729537,1.1585329,-0.35043272,20.945717,8.301193,-0.58012885,-2.659008,1.0747789,-0.33417174,20.884726,7.988281,-0.82601696
-2.4245002,0.9184178,-0.32077646,8.666932,1.9650702,0.5918043,-2.5526214,0.8699479,-0.2749511,9.125943,1.8081882,0.6258986
-2.3450236,0.70662534,-0.27722192,10.94844,1.4428829,0.3980108,-2.448277,0.66154706,-0.226345,10.739362,1.2599225,0.4663589
-2.2771199,0.49797624,-0.25770128,11.290307,3.586601,0.20910652,-2.372754,0.5164767,-0.20511788,11.244977,3.5438743,0.09430555
-2.1765928,0.4478991,-0.22103973,8.8926325,3.8629844,0.3629256,-2.3119764,0.4188203,-0.1858973,8.867781,3.8605945,0.21661083
-2.103644,0.3854614,-0.19363822,8.512736,1.7839214,-0.44205588,-2.226577,0.32521194,-0.1692677,8.512304,1.7003359,-0.6249657
-2.041411,0.35741442,-0.1762401,13.282083,0.9667866,-0.4736392,-2.1052737,0.26613873,-0.1330863,13.326554,0.9136059,-0.6729662
-1.9900681,0.37955594,-0.18698932,6.496591,2.5128708,2.7307608,-2.0601797,0.2825853,-0.11935549,6.522734,2.5279222,2.7776878
-1.9394022,0.3985324,-0.17496012,9.455291,2.13269,3.8350272,-2.015347,0.32614514,-0.12362501,9.54003,2.0907452,3.8813372
-1.8986477,0.47488415,-0.17429017,8.428406,0.8770208,3.0928633,-1.9880415,0.3934868,-0.124379866,8.441146,0.8144802,3.1034772
-1.8605977,0.5906381,-0.16161203,7.2032123,-0.6557133,3.0466053,-1.9636881,0.5110142,-0.11643666,7.1659756,-0.7566092,2.9616225
-1.8487757,0.7186243,-0.17497139,8.162856,1.6931491,1.6958731,-1.9494752,0.6290697,-0.119856045,8.174183,1.6849295,1.454415
-1.8133646,0.89863,-0.15449111,2.5463495,-4.5415096,5.54338,-1.9268605,0.80486745,-0.13649678,2.4492683,-4.622851,5.499288
-1.8147532,1.0942537,-0.19724758,-0.21508974,-0.7099166,4.4979315,-1.8578535,1.2089854,-0.16962945,-0.28828815,-0.709876,4.6639066
-1.7557503,1.3630888,-0.18099009,-3.6515565,-0.8946752,-0.37227005,-1.8149726,1.4499017,-0.20082645,-3.7783134,-0.8584131,-0.5919353
-1.7196971,1.5912198,-0.21211137,-1.57707,-0.47898027,-2.1368806,-1.7793756,1.6165663,-0.21952543,-1.4973329,-0.39288646,-2.39012
-1.6463944,1.82683,-0.24248697,-1.6592159,-0.2766746,0.17793687,-1.739876,1.8368139,-0.25194553,-1.6394386,-0.1649372,0.026076503
-1.608862,2.0740337,-0.2792095,-3.9705403,-1.0169296,-0.25601715,-1.6946515,2.0611339,-0.28438613,-3.9849367,-1.0167606,-0.38378713
-1.5428232,2.2365632,-0.29071188,-3.604765,2.2708066,-1.8252059,-1.6464097,2.232516,-0.31263477,-3.5300903,2.3492002,-1.9530747
-1.5395302,2.4275222,-0.3177899,-5.0060315,-1.813022,0.721875,-1.6038957,2.4156559,-0.38023743,-5.0597453,-1.848216,0.6960328
-1.4808543,2.6260064,-0.35956472,-7.0669823,-0.15668902,-3.8609807,-1.4999396,2.7126331,-0.4330589,-7.1636853,-0.11322157,-4.0450144
-1.4073755,2.7765133,-0.365681,-4.2662263,0.23929772,-2.2873783,-1.4546547,2.8442574,-0.46240583,-4.2658057,0.23734474,-2.4339015
-1.3700408,2.9112952,-0.3746143,-5.5192485,1.8448889,-1.7660259,-1.4206439,2.9384959,-0.49084377,-5.5857234,2.0124328,-1.7305166
-1.318194,3.0153074,-0.4224141,-6.732101,1.8722649,-1.4204828,-1.3813682,3.0416346,-0.53078085,-6.774984,1.9105002,-1.4288968
-1.2568821,3.0955164,-0.45552793,-5.330642,2.7649956,-3.522366,-1.3593423,3.1204212,-0.5558356,-5.3384504,2.7777917,-3.7039938
-1.2578446,3.1349263,-0.47704595,-5.336555,1.0891211,-2.0329766,-1.3511847,3.1625445,-0.57161105,-5.4356513,1.0395485,-2.155231
-1.2756782,3.163867,-0.501036,-6.337869,-0.94968456,-2.811131,-1.3346248,3.1853423,-0.58485925,-6.4826837,-1.0326084,-2.9698024
-1.2608186,3.1589913,-0.49091026,-8.646999,1.4373088,-3.8457367,-1.3419843,3.1707637,-0.5683824,-8.816586,1.5066565,-4.014207
-1.2773306,3.1156454,-0.4736887,-3.659162,-0.14657447,-0.20948307,-1.3437439,3.1335044,-0.5620133,-3.6054034,-0.26022378,-0.1438452
-1.2794293,3.0661387,-0.46067476,-3.5028002,0.34255645,0.40054446,-1.3434579,3.0838106,-0.55429775,-3.63056,0.39841315,0.4946749
-1.2703053,2.9958835,-0.435975,-3.996254,1.210917,-1.8365213,-1.3433157,3.0108314,-0.5444428,-4.1088176,1.1998968,-1.9055904
-1.2687386,2.8848457,-0.39230955,-0.9421104,1.1561266,-1.9297856,-1.3455073,2.9285061,-0.516566,-0.94251573,1.1085964,-2.0782876
-1.2804729,2.8046353,-0.3662953,-0.29007465,-0.1711097,-1.9176725,-1.3561469,2.8565927,-0.4780851,-0.35172963,-0.24665992,-2.0793676
-1.2852472,2.7133615,-0.35182074,2.7062361,-1.0897746,-1.9033815,-1.3908292,2.7458208,-0.44187677,2.73863,-1.2198728,-2.0966358
-1.3083915,2.5803099,-0.3422919,1.4049681,-1.3910311,-1.5139235,-1.4187927,2.5167015,-0.37607697,1.4752525,-1.4527678,-1.705218
-1.3366399,2.457887,-0.33671552,-0.75804895,-0.68498254,0.63473445,-1.4468967,2.4304738,-0.374562,-0.7157035,-0.7051011,0.6507536
-1.363169,2.3568983,-0.31432173,0.9580458,-4.5411654,2.8154023,-1.4467838,2.349626,-0.35484642,0.94101065,-4.7526407,2.8824825
-1.3796849,2.2506804,-0.3106867,2.0266542,-2.3317063,2.3830907,-1.4433963,2.246088,-0.3233152,2.0084133,-2.3718584,2.4998007
-1.3613281,2.137624,-0.3080985,2.8760042,0.72490096,2.0783815,-1.4335045,2.155115,-0.3082901,2.8893528,0.7851491,2.1557665
-1.3356253,2.0549834,-0.28625044,2.4490542,0.27749726,-0.1368665,-1.4067305,2.0804005,-0.296757,2.4401276,0.2643406,-0.19455843
-1.3148025,1.9927093,-0.26566306,1.7902324,-1.0591161,-0.23786514,-1.3778479,2.011205,-0.27603853,1.7785263,-1.1017331,-0.33258352
-1.2950236,1.9480423,-0.23941143,1.8907529,-6.6948633,3.2193081,-1.3052408,1.8792783,-0.22922361,1.8922058,-6.842598,3.3033507
-1.2620293,1.8731502,-0.24505083,0.65822953,-1.7113118,0.83885103,-1.2771899,1.8456565,-0.22375992,0.6828515,-1.6560194,1.0371116
-1.1977215,1.816528,-0.24522753,2.6514554,-2.2584531,1.7468699,-1.2166916,1.801672,-0.21300106,2.7038288,-2.3230307,1.8527393
-1.1173418,1.772787,-0.24434157,3.3254933,-1.2820104,1.9726261,-1.1427912,1.766109,-0.1978243,3.326259,-1.265346,2.1942685
-1.0330545,1.7286766,-0.22466521,1.0336784,-1.8013412,1.499751,-1.0579641,1.7250986,-0.18271808,1.0372038,-1.7995026,1.6203275
-0.9520054,1.7127008,-0.19983555,2.3232288,-1.3262095,0.27912313,-0.97108024,1.7050004,-0.17673089,2.374364,-1.345056,0.33677855
-0.865209,1.7220547,-0.17987524,3.113892,-1.8890408,-0.07746045,-0.8589389,1.7039227,-0.17689742,3.1390939,-1.9432728,-0.035232212
-0.75145423,1.7264261,-0.1719367,1.9209467,-2.7432177,-1.0755616,-0.65923345,1.7192855,-0.17215179,1.9498783,-2.7540593,-1.0547855
-0.6212466,1.7351742,-0.16323395,-0.07333666,0.23240516,-0.662275,-0.5911603,1.7269813,-0.16810626,-0.073572546,0.28307483,-0.6287574
-0.48734245,1.7519994,-0.1567298,0.078885734,0.8576531,-1.1091684,-0.47735322,1.7453789,-0.1637892,0.1375322,0.8254276,-1.0117286
-0.35307762,1.7880918,-0.13897166,1.5210587,-0.4984216,-0.8797187,-0.32720172,1.7715234,-0.16084003,1.5669175,-0.5297273,-0.84468615
-0.23297104,1.8126498,-0.16551088,1.3019321,-0.5570029,-0.2308232,-0.23596662,1.7914885,-0.16010813,1.311577,-0.54872125,-0.18169248
-0.12307462,1.8335533,-0.18340223,-0.11454898,1.9975321,-0.5920796,-0.12463622,1.8248354,-0.16852406,-0.0972519,2.0306005,-0.51156896
-0.007586628,1.8543015,-0.19356973,0.45341045,1.7812434,-0.9356267,0.014387291,1.8613726,-0.17806873,0.51668483,1.7716101,-0.9290209
0.12460062,1.8995534,-0.21154691,1.7773098,2.848541,-2.1237295,0.19769181,1.9356747,-0.19752993,1.8573475,2.8756235,-2.1863425
0.21957406,1.9503531,-0.23146047,1.0948077,2.9633844,-1.2599479,0.29043174,1.9885049,-0.21474788,1.130072,2.9795973,-1.3520113
0.31224158,1.9958832,-0.2724643,1.6093208,2.0475304,-0.39287704,0.384107,2.0434844,-0.23086904,1.7065738,2.0381234,-0.4073297
0.39665607,2.0522554,-0.30423567,0.5346305,0.80604243,0.12949713,0.44667506,2.0907102,-0.24173497,0.58719534,0.80474025,0.152083
0.4671255,2.1177256,-0.33888614,-0.502677,0.6576048,0.13176711,0.49452344,2.134973,-0.25265414,-0.4554556,0.68264174,0.19604373
0.5135367,2.1938698,-0.34013474,-4.2667665,2.500764,0.290484,0.5846298,2.23496,-0.28494722,-4.3844056,2.5796974,0.47879747
0.55854225,2.2481575,-0.34525663,-3.3283908,1.7779678,0.17631896,0.6225272,2.2806125,-0.30275965,-3.2939215,1.7597541,0.33210605
0.5999683,2.2987587,-0.35768548,-5.4915996,3.9915667,1.1199304,0.6912824,2.3509066,-0.3299518,-5.581611,4.1014757,1.4516518
0.65406823,2.3153386,-0.37863272,0.6462751,-0.18406901,1.0238568,0.71584046,2.3810058,-0.34610948,0.8541835,-0.24024154,1.1612257
0.67576945,2.363335,-0.3921779,-1.0008081,1.2091968,-0.001575636,0.74614537,2.3972554,-0.3486192,-1.0508803,1.2901533,0.20456953
0.7364069,2.369873,-0.41396984,0.24857455,3.592662,-1.259045,0.7856611,2.4060378,-0.34656236,0.32519242,3.6533518,-1.1964325
0.7251656,2.3876204,-0.4178792,-1.455793,1.8242209,-0.40256184,0.8058803,2.4135268,-0.352772,-1.4251057,1.7746232,-0.32045192
0.7221477,2.4020348,-0.41515508,-1.901602,0.59849066,-0.5256099,0.8118207,2.4262476,-0.35465655,-1.90712,0.5708034,-0.45421696
0.73971784,2.4058428,-0.42659703,-0.9982889,2.0292556,0.18019183,0.80421656,2.4512746,-0.36177123,-0.90336543,2.0679054,0.3231983
0.70511854,2.412208,-0.4298135,-0.94838077,-1.2881916,1.3387581,0.8041979,2.4515357,-0.3592319,-0.94820184,-1.3988538,1.549253
0.75103045,2.4084144,-0.4409478,3.7236676,0.63557494,-0.0409817,0.80412084,2.4517214,-0.35849524,3.8894482,0.6839779,0.08630871
0.7718408,2.4172106,-0.41567025,1.3564044,2.1472466,-5.90625,0.8041351,2.4459603,-0.3583795,1.4429567,2.1384287,-6.0675044
0.655092,2.3775315,-0.45931122,-0.1346994,3.0836234,-53.47272,0.80665994,2.4038377,-0.44986787,-0.23553602,3.5068657,-53.024742
0.41471526,2.1197999,-0.37968275,4.185599,7.791089,-86.67733,0.81346756,2.3514032,-0.58109415,4.2015033,10.161156,-86.33737
0.33428898,2.3691926,-0.47203228,7.9601393,6.2330713,-91.29988,0.7486801,2.3526068,-0.7109548,8.61921,7.258625,-91.5282
0.2932256,2.5718875,-0.515709,10.309169,-2.0499642,-62.77457,0.41070476,2.5263574,-0.70156544,11.070149,-2.1866646,-61.728645
-0.13008817,2.6074808,-0.50004065,12.734051,-3.5059702,-49.380413,-0.30095991,2.7388012,-0.54620683,14.574326,-4.443518,-45.160995
-0.60075724,2.551056,-0.45931345,0.74948734,-6.7567587,-5.652738,-0.7744831,2.8044438,-0.5337609,1.2950249,-6.8437243,-3.8723984
-1.0624052,2.6786747,-0.4115999,-4.2686157,-9.502787,3.5229566,-1.17425,2.8311737,-0.5540133,-3.7947595,-9.892845,3.7108054
-1.4711798,2.802895,-0.47924113,-4.8621173,-7.2490005,7.7343736,-1.6179422,2.8061483,-0.5845187,-3.9001508,-7.702783,7.6169953
-2.0433779,2.7108202,-0.47579047,-5.7579284,-3.1463406,32.48849,-1.9882334,2.7025104,-0.61498195,-4.3905067,-2.5661414,30.815083
-2.2133749,2.344727,-0.5034088,-9.83103,-2.6550617,71.94707,-2.2980015,2.5255492,-0.6506673,-10.572548,-2.7086284,70.46069
-2.347731,2.1190941,-0.49745187,-6.871718,-0.21353504,75.46269,-2.581956,2.2971818,-0.6450811,-6.832545,0.024217848,75.61268
-2.488994,1.8159907,-0.4459558,-2.536881,2.3801415,70.80486,-2.813432,2.0190604,-0.61180687,-2.3587854,3.1949525,71.57772
-2.8493335,1.7936366,-0.53865224,2.0617542,0.22858658,20.500587,-2.8711586,1.8857055,-0.6033128,1.7546177,0.31833306,20.823349
-2.7701528,1.7829362,-0.4808396,0.9033032,-1.5557173,15.483421,-2.9014363,1.7865844,-0.59355116,0.74127185,-1.367789,15.763128
-2.757747,1.6706841,-0.44574633,-0.66131216,-2.9792604,12.804352,-2.9133594,1.7162521,-0.58894044,-0.452565,-2.7795694,11.798099
-2.732567,1.6154675,-0.41954368,-0.4954887,-3.414143,8.865738,-2.9058812,1.6699206,-0.5862532,-0.5930735,-3.3636985,8.733921
-2.7275724,1.6348445,-0.41807008,-1.0756963,-3.2518072,7.6910086,-2.8823738,1.6395007,-0.57812184,-1.1344593,-3.1940162,7.626287
-2.6935544,1.6426399,-0.41625878,-1.0236914,-3.2831337,6.996071,-2.8372378,1.6203297,-0.56028354,-1.0341742,-3.2350676,7.0603657
-2.6295993,1.6427969,-0.40215883,-1.1772455,-5.5317593,8.820578,-2.6980987,1.6016916,-0.51694727,-1.2033488,-5.5498376,8.878507
-2.5663881,1.6132195,-0.40953007,-1.164673,-2.4345052,3.0705898,-2.6062255,1.5989834,-0.49535763,-1.1382852,-2.3876793,3.3736773
-2.4614303,1.6078516,-0.38934866,1.3350136,-2.6945302,-0.3802001,-2.5156276,1.6041533,-0.46941066,1.3516694,-2.7240088,-0.44632697
-2.28411,1.6961652,-0.3921965,10.089205,-3.2093952,8.601489,-2.353396,1.7038192,-0.43442747,9.947343,-3.0912125,8.7330475
-2.1954365,1.8316789,-0.44488576,13.876203,4.761597,7.528135,-2.2313297,1.9695135,-0.4310573,13.922314,4.8849387,7.8469257
-2.1921458,1.9748398,-0.38018426,4.839007,11.227167,-7.0438657,-2.2111435,2.177697,-0.4433179,4.6236405,10.955046,-6.9755225
-2.0054348,2.043752,-0.34152377,-4.981849,12.862765,-5.991475,-2.0875108,2.1566265,-0.40146452,-4.991458,12.797111,-6.0714655
-1.9161031,2.1890893,-0.40291378,-7.0021567,9.349749,-0.5924203,-1.9375887,2.2600698,-0.36414796,-7.0192776,9.314548,-0.43733478
-1.9059837,2.292548,-0.45201102,-2.8006878,3.0239346,-0.90225595,-1.9216899,2.3151238,-0.38681117,-2.673736,2.9900267,-0.88579905
-1.9463428,2.3776238,-0.46875915,-5.547712,-0.008461533,0.23518927,-1.9294138,2.3644853,-0.40368214,-5.6246367,0.068990156,0.5210985
-1.9593569,2.3942654,-0.47060692,-7.1249266,-1.2557776,-0.81275076,-1.9447134,2.4055836,-0.419325,-7.2229233,-1.163589,-0.58932024
-1.9903224,2.4015284,-0.5103765,-7.2865224,-1.7735118,-2.8100307,-1.9636203,2.4271538,-0.43939778,-7.3576713,-1.7302423,-2.692784
-1.9991685,2.3884668,-0.50178254,-5.54351,-2.1972365,-2.360975,-1.978205,2.420523,-0.45112228,-5.610966,-2.2086234,-2.2090256
-2.0015202,2.3452425,-0.508354,-2.245279,-0.024903325,-6.3368626,-1.9711673,2.329047,-0.46472228,-2.2187157,0.053908516,-6.400043
-1.9819251,2.2731304,-0.46430752,2.4528542,0.663231,-4.2034554,-1.9712986,2.2700603,-0.4557783,2.6144042,0.7185765,-4.1816387
-1.972449,2.206517,-0.4492838,3.03165,0.6475949,-4.0003805,-1.9706364,2.210044,-0.45188928,3.1277905,0.69460243,-4.0011783
-1.9734572,2.1455631,-0.4261751,1.9376649,-0.6982242,-2.4564867,-1.9745543,2.167705,-0.4476415,2.0270064,-0.7506543,-2.4003973
-2.0029397,2.0836673,-0.43008414,0.98699707,-1.1951125,-3.6087785,-1.9889265,2.129704,-0.43322143,1.035348,-1.2573506,-3.591043
-2.0047061,2.049535,-0.42012665,-0.8024693,-0.014965413,-4.9301357,-2.0074265,2.0833647,-0.4159923,-0.8320449,-0.0034409347,-4.9828153
-2.007966,1.9946091,-0.41763744,-1.888058,4.3031416,-7.64675,-2.032599,1.9929155,-0.41188902,-1.8901426,4.4581738,-7.8337493
-2.0584204,1.9178942,-0.41745836,0.14426881,1.1885452,-2.1705408,-2.0539489,1.9380518,-0.41202644,0.22493008,1.1991246,-2.2537975
-2.0926595,1.8530802,-0.41786247,-0.73643523,-0.025005369,-0.6063296,-2.0780427,1.8853694,-0.4054997,-0.7614271,-0.035342317,-0.60244626
-2.1253388,1.7805622,-0.40794635,-1.217787,-1.2301791,-1.41849,-2.105366,1.829192,-0.39161795,-1.2548028,-1.2636861,-1.3956199
-2.1806583,1.6784089,-0.4084978,-1.1196831,-0.89902186,-2.1662772,-2.1408472,1.7663583,-0.38388234,-1.1630816,-0.87012357,-2.2400868
-2.2048767,1.6057763,-0.3964636,-0.6866106,0.30786127,-0.7867202,-2.1949146,1.6856711,-0.38086712,-0.6567836,0.41402256,-0.79983485
-2.2045336,1.537507,-0.3712435,2.0957556,0.31227183,-0.80105156,-2.2508044,1.544817,-0.37227705,2.2190905,0.34528598,-0.8697224
-2.2317827,1.4557139,-0.3500271,-0.61274606,-0.5761007,-0.46236008,-2.2808921,1.458945,-0.3727107,-0.6491306,-0.58385754,-0.5022543
-2.2811615,1.3280835,-0.3611216,-1.7097266,-2.2555916,3.143541,-2.3066545,1.3872797,-0.36966172,-1.7544442,-2.3013391,3.2872746
-2.3371327,1.211959,-0.36950025,-0.5523831,0.23018184,6.100331,-2.3161173,1.3092883,-0.36117315,-0.6161991,0.29780018,6.3389482
-2.3195488,1.1726629,-0.33498982,-1.5934417,-1.4670676,-3.2268956,-2.3288906,1.2341168,-0.35037974,-1.6949977,-1.501735,-3.4221945
-2.2965534,1.0853266,-0.32999492,-5.585255,-4.305069,-6.366478,-2.3663712,1.1434182,-0.32394245,-5.887355,-4.3987627,-6.7504945
-2.295718,0.99458826,-0.34591398,10.8032875,8.802883,2.4848018,-2.3695834,0.98034066,-0.33042797,11.357485,8.987888,2.6020303
-2.2987974,0.89649487,-0.31719494,1.6373523,2.7515063,0.56670815,-2.3562436,0.89096534,-0.38994512,1.7666969,2.801912,0.061478756
-2.3104975,0.8236876,-0.29459694,1.7748032,0.50236183,-1.5267787,-2.378875,0.81043464,-0.34662485,1.8785605,0.51146144,-1.6914191
-2.3302226,0.7079339,-0.24590306,-1.8422209,2.6381853,-1.2517518,-2.4329867,0.74689037,-0.3417822,-2.0671363,2.520258,-1.5569521
-2.4086826,0.6591301,-0.25402585,-2.8284287,5.2576404,-4.15045,-2.5007615,0.6854598,-0.3341342,-2.9412427,5.2760253,-4.496054
-2.4891953,0.56066453,-0.2775896,0.8286212,0.53936124,-3.3072677,-2.5635712,0.6213619,-0.334182,0.81330186,0.46043107,-3.657665
-2.6013541,0.47791064,-0.32470965,7.9467263,-3.7257295,3.469941,-2.6298156,0.44651046,-0.37131327,8.0831375,-3.989522,3.4807382
-2.6121554,0.37459415,-0.30387112,-1.1649898,-1.8478605,1.0479697,-2.6495152,0.3818356,-0.36801237,-1.0731645,-1.8613119,1.1930195
-2.6311374,0.27739745,-0.27721587,-0.29066914,-2.525914,-0.07435791,-2.6756608,0.32828617,-0.36564678,-0.26213887,-2.5441723,-0.11120299
-2.684518,0.20444334,-0.30759102,0.26739693,-0.2646437,1.4818641,-2.7056785,0.259791,-0.3825017,0.3130241,-0.1970878,1.4718456
-2.7163699,0.17040843,-0.31681868,2.662962,0.14200689,-0.5429235,-2.7078567,0.19553228,-0.3822591,2.8152757,0.18661909,-0.57808363
-2.7290986,0.1143226,-0.31370226,1.1814743,-0.75054,-0.8266681,-2.7315621,0.13973133,-0.38241917,1.276958,-0.7393259,-0.8366689
-2.7386873,0.044128418,-0.3104109,-0.3733825,-0.38520595,1.5431805,-2.8086574,0.03552855,-0.38914225,-0.31175584,-0.39711317,1.571614
-2.6923728,-0.046507895,-0.24834515,-5.119748,-12.110068,3.3870296,-2.7024288,-0.14354055,-0.3625578,-5.035101,-12.235502,3.3486888
-2.5380735,-0.12481761,-0.26060256,0.41979235,-18.801523,4.8098445,-2.5293803,-0.31639668,-0.33810675,0.34875587,-18.85244,4.975864
-2.3872318,-0.18328983,-0.2719238,3.7823615,-24.504114,1.6695138,-2.3559008,-0.31229937,-0.34017703,3.6029398,-24.54403,1.7196773
-2.2170904,-0.24210137,-0.22712542,8.466262,-19.323174,-1.0028018,-2.1437519,-0.30542263,-0.3185117,8.328435,-19.418535,-1.071136
-2.0144792,-0.2869897,-0.17906381,4.807012,-12.421944,-3.4384372,-2.0240042,-0.30287457,-0.25726417,4.829375,-12.372132,-3.54501
-1.7522324,-0.32834387,-0.1651112,-3.1665757,-8.38063,-5.930226,-1.6636311,-0.26903456,-0.117845,-3.1386786,-8.492293,-5.841376
-1.3459995,-0.20007938,-0.07938843,-10.573766,2.8681939,-2.615739,-1.4175216,-0.27425584,-0.04922752,-10.7643795,2.9484398,-2.3445415
-0.950246,-0.14140862,-0.037133507,-9.029536,9.859121,-2.0599515,-1.2269632,-0.32186422,-0.010923435,-9.400449,10.244769,-1.9628367
-0.68616164,-0.08653033,-0.066448815,-0.74017996,13.186358,0.8108509,-1.0133553,-0.3206555,0.0018386133,-1.0296708,13.780973,0.71273977
-0.4458873,-0.053199023,-0.0710238,5.423081,13.682819,1.8580717,-0.68041307,-0.26705456,0.006312649,5.510194,14.019955,1.4974879
-0.27761826,-0.06307471,-0.06127376,8.056103,12.355619,1.8654491,-0.37567577,-0.23688437,0.0018868792,8.17636,12.387935,1.5413677
-0.110765904,-0.05649081,-0.05977998,12.260015,19.365543,4.2887187,0.01293876,-0.16209626,-0.013755298,12.113968,18.955904,4.3841715
-0.010898083,-0.036731184,-0.057279237,4.6028595,8.3636875,3.2716453,0.15076964,-0.079440534,-0.01854404,4.835387,8.6548395,3.189545
0.15654054,0.073685765,-0.029059691,4.2313046,7.9701357,3.2564147,0.24657229,0.025103569,-0.022943035,4.4579296,8.023599,3.2775846
0.26636544,0.20024043,-0.010299837,3.6696298,7.297372,3.1466177,0.3004506,0.14578171,-0.02766455,3.6823452,7.309234,3.0932968
0.30997077,0.38948363,-0.0030932482,2.5077603,6.4521894,3.0976005,0.31776276,0.27331477,-0.030833988,2.6413672,6.513109,3.0932493
0.29851452,0.5366127,-0.0057549383,1.4546766,5.2896814,3.1308453,0.3004299,0.4094361,-0.03568186,1.5793008,5.321737,3.1603713
0.22661617,0.7080465,-0.0068296995,-5.2180166,6.770492,6.5270867,0.22008856,0.6777333,-0.04386342,-5.2889338,6.7388763,6.5290155
0.1412212,0.9017408,0.038437434,-12.498259,-4.746523,-3.6108751,0.263434,0.7086656,-0.048933696,-12.596787,-4.9257703,-4.2699265
-0.010527343,0.98284763,-0.052263997,-15.878097,-16.033978,-12.259889,0.35350797,0.7099462,-0.061258256,-15.801601,-16.389294,-12.706755
-0.017179877,1.0573275,-0.11698272,-14.987376,-18.569788,-13.945728,0.30228904,0.84824806,-0.091957055,-15.254894,-19.254288,-14.023785
0.13168648,1.0021231,-0.14460625,-8.376778,-12.139179,-16.68647,0.16694798,0.9180121,-0.09594706,-8.226159,-12.206735,-16.879175
0.2118266,0.92294014,-0.12042638,-1.0476714,-7.381173,-19.648756,0.0886417,0.89844424,-0.07463018,-0.8330369,-7.315972,-19.9399
0.32359186,0.8549323,-0.12910886,-3.4503577,-4.5153947,-22.360806,0.1741254,0.7393194,-0.017062215,-3.5900867,-4.3584256,-22.46845
0.3579218,0.7610338,-0.061104633,-6.405557,-1.0808654,-1.2957752,0.27368143,0.64727455,0.0034047132,-6.686867,-1.0199863,-1.4169172
0.39441106,0.6264668,-0.069138296,-8.462925,-1.4821537,-2.4012187,0.40468797,0.5639252,0.012150021,-8.5343075,-1.5227753,-2.371754
0.4854553,0.56331396,-0.06562068,-7.7569056,0.5592616,-5.215782,0.50936455,0.4823962,0.01929595,-7.7956843,0.5155223,-5.084813
0.5502608,0.4409008,-0.05130104,-6.3336983,2.1296651,-3.8101158,0.6084868,0.40084523,0.019663999,-6.233436,2.2058244,-4.078805
0.67252743,0.29936218,-0.033613764,-3.2283893,0.75689393,-1.1371983,0.7381338,0.30235705,0.018706208,-3.0277345,0.6960293,-1.3653166
0.83762074,0.30368853,-0.030708885,11.68823,11.516933,9.971287,0.8575787,0.2373205,-0.015962975,11.8724785,11.315067,9.825816
0.8947178,0.30488497,-0.08026672,9.303966,13.614084,9.088767,0.849552,0.28108767,-0.057182115,8.9225025,13.365296,8.993125
0.9829799,0.1998108,-0.06882902,7.6155477,13.297108,6.194943,1.0051684,0.1569495,-0.08318448,7.399883,13.072217,6.3331046
1.0305372,0.065969765,-0.035224117,6.8725905,9.982898,5.1906114,1.1624324,0.073663905,-0.10950497,6.920487,9.975021,5.6729727
1.0426728,0.11465871,-0.02183356,5.899105,7.7501936,7.4014053,1.2199601,0.025293972,-0.12710032,6.065507,7.93243,7.944525
0.9411861,0.16055942,-0.05126401,9.129761,9.489906,23.123047,1.2050478,0.02678969,-0.13226193,9.030191,9.688067,23.382185
0.7795334,0.30690143,-0.16415043,30.637917,39.243168,-12.369155,0.8064961,0.3457673,-0.19702561,30.799818,39.01047,-13.137773
0.654606,0.3476205,-0.09236839,7.53209,19.624798,-4.4441676,0.7455559,0.38987982,-0.1504267,7.847965,20.146341,-4.656566
0.47246793,0.4058839,-0.09358003,2.9217205,13.179607,-0.44210476,0.64400685,0.47214788,-0.07949543,3.017997,12.926179,-0.45335183
0.29955938,0.7011576,-0.10255076,2.032683,4.83166,-0.17537968,0.37073213,0.59798443,-0.023222081,2.0362191,5.402401,0.28199455
-0.20960364,0.9084897,-0.1105228,0.6589137,-1.0775355,0.5577217,-0.021702046,0.7449857,0.006713124,0.3314986,-1.3461404,0.39516595
-0.5917326,0.94156,-0.13923712,2.97052,-4.9891706,3.7326066,-0.42186633,0.8946381,0.010155724,2.792554,-5.051396,3.6296108
-0.9871013,0.9711985,-0.13776618,8.360883,-12.466713,7.033752,-1.1338704,1.1125737,-0.037042525,8.163176,-12.472158,7.7109017
-1.4643184,1.0724435,-0.25127444,1.6724638,-6.1071467,3.3199463,-1.5158828,1.2366664,-0.08677215,2.1097126,-5.901381,3.2636495
-1.8391589,1.2163408,-0.29876927,2.7422318,-7.9725103,1.4820848,-1.8790028,1.3558005,-0.15141799,2.5597534,-8.071085,1.0379882
-2.1878304,1.3848661,-0.36738148,4.448409,-9.547506,0.11936624,-2.178675,1.4621682,-0.21804681,4.4167137,-9.777635,-0.28905866
-2.4942553,1.5071596,-0.40707222,5.719151,-12.204733,0.8927764,-2.4619112,1.5820018,-0.30548787,5.7083535,-12.551401,0.67528486
-2.7304015,1.6212513,-0.4487201,2.8418968,-12.679674,3.3795912,-2.7318034,1.7055187,-0.4047769,2.8489678,-13.041059,3.2637787
-2.9551516,1.7754937,-0.4939902,-8.788844,-11.511135,6.092956,-3.0855577,1.93576,-0.5620165,-8.767344,-11.645004,5.863648
-3.1120064,1.8843731,-0.55704266,-6.668619,-3.8704636,0.54167205,-3.2241647,2.0631611,-0.6355881,-6.585656,-3.895739,0.34929365
-3.2775428,2.0423245,-0.5965415,-4.5416865,-4.5979185,0.85466844,-3.356806,2.1683538,-0.71160924,-4.8204927,-4.540527,0.76244766
-3.4276853,2.1580052,-0.63832444,-4.6635838,-3.4486628,0.6270476,-3.490693,2.2414541,-0.7830556,-4.966333,-3.5711193,0.58074915
-3.5541005,2.2535164,-0.6794048,-4.287329,-3.1499503,-0.46687192,-3.6046085,2.2865043,-0.8446615,-4.570242,-3.2353146,-0.47674415
-3.6614323,2.2823412,-0.70729685,-2.667696,-5.1073804,0.9790512,-3.688253,2.3138402,-0.91056466,-2.8475335,-5.3200636,1.039883
-3.7940247,2.305721,-0.79037935,-11.008557,-13.387317,4.465222,-3.8234262,2.337556,-0.99823684,-11.286284,-13.733238,4.5232296
-3.7530606,2.3101945,-0.7984931,-8.151121,-5.4322963,0.5141062,-3.872403,2.333375,-1.0128845,-8.206346,-5.51018,0.97967225
-3.812983,2.3147845,-0.79887736,-4.9238095,-4.8666286,-0.12400024,-3.8903348,2.302567,-1.0213944,-4.950691,-4.9051123,-0.20656462
-3.8143897,2.2736893,-0.8024766,-2.8744273,-6.364747,-2.5053637,-3.882471,2.2465951,-1.0250813,-2.8852086,-6.509261,-2.6527297
-3.7656415,2.169208,-0.7855814,-3.4591622,-5.4940767,-2.9966056,-3.8561735,2.170652,-1.0121015,-3.5504074,-5.589874,-3.1530757
-3.685626,2.0417256,-0.73940843,-4.906384,-2.7232468,-1.2543727,-3.8122206,2.085533,-0.9828998,-5.084203,-2.6888635,-1.372909
-3.6099825,1.8643073,-0.71911156,-13.231935,-7.7139435,4.1182585,-3.6873474,1.7829258,-0.89909685,-13.41572,-7.761227,4.072282
-3.4501429,1.6796551,-0.6205095,-6.43372,-4.36709,6.7379193,-3.5956979,1.5369726,-0.83591694,-6.4658947,-4.419518,7.02982
-3.3257096,1.4998719,-0.59036034,-3.0270185,-1.671453,6.7144485,-3.4709806,1.380127,-0.769731,-2.9069922,-1.7691944,6.8011055
-3.1749053,1.35682,-0.5377112,-0.66164756,-2.321781,4.749719,-3.3304117,1.2601298,-0.69804066,-0.55382544,-2.2772684,4.8515706
-2.978222,1.1599379,-0.45423174,4.326506,-4.5775104,6.930723,-3.1871052,1.1464288,-0.6179537,4.1837783,-4.621874,6.8812504
-2.8102014,1.0287757,-0.4303324,5.68243,-2.2840068,10.687635,-2.9944587,1.005456,-0.52893573,5.7625775,-2.5799878,10.795903
-2.607091,0.9153962,-0.38978684,9.154996,3.3997333,13.937876,-2.6251268,0.84633386,-0.4151586,9.487889,3.378164,14.233994
-2.3771677,0.8882529,-0.34708577,4.85323,3.211969,6.201209,-2.4207745,0.79824746,-0.36476657,5.213485,3.3637676,6.6039705
-2.1430497,0.8485186,-0.31057286,4.826374,5.292038,4.849398,-2.1863804,0.76222706,-0.32185516,5.130511,5.2430434,4.7171082
-1.9749041,0.79888207,-0.2763133,3.3771343,0.7618687,3.337682,-1.9725535,0.7406601,-0.29591513,3.73857,0.73380256,3.2474625
-1.7916846,0.8073406,-0.24258117,2.2330396,0.86860394,1.3650316,-1.7689174,0.77274466,-0.2402056,2.5028918,0.7493253,1.3642632
-1.6405406,0.8283898,-0.20313685,-1.3652337,0.8309729,0.73465616,-1.6073614,0.8191467,-0.20704201,-1.2397093,0.6862392,0.71081257
-1.4394195,0.8791906,-0.21956815,13.187558,3.795029,0.7642904,-1.2596549,0.9204203,-0.1748916,13.114899,3.7132306,0.7304754
-1.2359697,0.97719926,-0.18066625,5.4221897,0.006307336,-1.3393868,-1.0530945,1.0069057,-0.1552813,5.641088,0.022596812,-1.615148
-1.0121961,1.0669298,-0.18901064,0.17281526,3.63736,-1.2023038,-0.89143145,1.0857394,-0.12925726,0.33728507,3.7039173,-1.425061
-0.8411435,1.1543391,-0.19045083,-0.4929554,2.8743792,1.2786506,-0.7247682,1.1867058,-0.13579841,-0.45365822,2.7725956,1.3145424
-0.6405792,1.2853037,-0.18417773,0.386146,1.5255653,-0.9064447,-0.5786415,1.2936468,-0.12986068,0.48817623,1.4748237,-0.8559759
-0.48263302,1.4165294,-0.19314915,0.3088333,4.2737308,-1.7070316,-0.4138907,1.4194525,-0.13439496,0.42819315,4.294556,-1.6859317
-0.3365557,1.5780817,-0.16707554,-5.292625,8.153149,0.607055,-0.20912386,1.637951,-0.16604443,-5.349892,8.300472,0.9123593
-0.2317855,1.6813302,-0.20663647,1.2795082,3.766442,2.3342988,-0.120778784,1.7501374,-0.18638745,1.5407872,3.7317967,2.7094789
-0.14473984,1.8162895,-0.2392141,0.35607868,1.7982308,1.4609305,-0.03391941,1.8580699,-0.19693722,0.398884,1.8378643,1.8950596
-0.056830138,1.9343135,-0.27371508,-1.4652176,0.39523867,0.30102116,0.03262434,1.9602714,-0.20619304,-1.4050286,0.46032944,0.5914708
-0.0034947693,2.0271027,-0.31794053,-0.6686302,-0.05452093,-0.59860295,0.09358017,2.0594115,-0.22623947,-0.53466594,0.011601539,-0.30615038
0.048897117,2.1290545,-0.37380868,3.5046554,-0.5084449,-1.1715821,0.16984843,2.1771796,-0.261635,3.743864,-0.41748703,-0.9320374
0.15277842,2.2868028,-0.38543406,-9.177112,4.0624485,-3.5832176,0.28914654,2.328815,-0.32724068,-9.469996,4.2441306,-3.4311335
0.19788298,2.3356981,-0.4127858,-7.9552236,1.4029816,-1.2712508,0.33094838,2.4038384,-0.35445082,-7.944801,1.4445704,-1.2006148
0.26293448,2.4112039,-0.43836656,-6.222689,1.9132116,-1.7407521,0.37104738,2.4903274,-0.37131694,-6.158151,2.0307128,-1.5957204
0.3373045,2.4989023,-0.45621035,-3.741804,3.2731874,-0.7479989,0.4062323,2.5424986,-0.38022962,-3.6551096,3.3192217,-0.61830497
0.35673556,2.5316148,-0.48160228,-4.8772836,4.2541566,0.90900546,0.42691025,2.5268064,-0.38327143,-4.9111447,4.259358,1.052088
0.36832222,2.5136142,-0.45302162,-6.938746,4.5358515,4.2371993,0.4383337,2.4653034,-0.3891913,-6.951245,4.5285077,4.3882155
0.36191145,2.4843187,-0.44529712,-5.7132936,1.7961437,12.37237,0.4226956,2.4511998,-0.3846233,-5.6771493,1.6766387,12.256477
0.39717302,2.4409409,-0.39353776,3.1343985,0.02314076,1.0300995,0.42158738,2.4962952,-0.3697082,3.3983326,-0.068580784,1.0155597
0.32575807,2.408756,-0.3957288,2.6191354,-0.15765956,-1.5213052,0.4203068,2.5422068,-0.35154772,2.6515002,-0.1732181,-1.5051988
0.28273943,2.3744757,-0.39057043,-0.9458206,-0.59234416,-3.322173,0.41481945,2.491118,-0.32874316,-1.1213379,-0.70601106,-3.2741165
0.2860255,2.3487568,-0.39097598,-2.1748087,0.16491804,-3.99241,0.41112414,2.3938875,-0.30255827,-2.1728773,0.06748572,-4.180494
0.30450442,2.2940273,-0.4268481,-2.599439,2.7302039,-2.4885743,0.40491122,2.3120527,-0.2868956,-2.4721062,2.8443553,-2.5932746
0.303095,2.2393358,-0.43093678,-0.46153754,4.4432936,2.5764546,0.37068304,2.2244813,-0.27856854,-0.27275148,4.5434537,2.7233632
0.28566357,2.1734424,-0.36406425,1.313485,1.1610056,0.018833233,0.3403966,2.186623,-0.26151043,1.3865123,1.087215,0.02920548
0.23593947,2.1102142,-0.33679017,0.38883358,2.1017795,0.27926642,0.30242476,2.120057,-0.23813273,0.44758865,2.1358702,0.32745162
0.17540881,2.0404778,-0.34685346,2.331308,1.3153635,1.476597,0.2593252,2.0558157,-0.2258766,2.4733157,1.3479882,1.6672354
0.1161972,2.006035,-0.31678462,3.2441874,-0.84348464,2.4433987,0.21425991,2.003093,-0.21720453,3.3703578,-0.813064,2.7785242
0.029326946,1.9972653,-0.2830785,-4.002875,1.2606449,3.91726,0.16754626,1.9693063,-0.2025092,-4.08092,1.3293434,4.3626943
-0.011288732,1.9192945,-0.2435774,-5.136418,2.6623228,3.125127,0.06794267,1.8940849,-0.19023201,-5.2067037,2.664746,3.4357839
-0.029754609,1.8600539,-0.24757181,1.4202268,-2.808688,1.7331632,0.01933748,1.8291066,-0.19088912,1.5953102,-2.8188465,1.8330942
-0.0738785,1.8180372,-0.21673502,1.4273993,-4.484693,2.393594,-0.021628764,1.7662097,-0.17098787,1.3747418,-4.419486,2.6799803
-0.12828562,1.746714,-0.17791139,1.9619073,-4.0085077,0.390096,-0.08061631,1.6792891,-0.13251166,2.0057514,-4.0662093,0.4856002
-0.15478179,1.6608449,-0.17907993,0.55063146,0.75199866,1.4190134,-0.109415285,1.6175016,-0.120381825,0.6430224,0.83955187,1.5690931
-0.1716933,1.6132427,-0.17552958,-1.5327922,1.8675399,2.7545252,-0.112718,1.5684427,-0.12868232,-1.4894785,1.8914189,2.9977024
-0.1802046,1.5653477,-0.13653763,-2.7334504,-1.8998473,5.2976813,-0.13461952,1.4699495,-0.11321089,-2.7647448,-1.9524806,5.620502
-0.22346291,1.4758376,-0.1331031,-0.54838735,-1.8350002,1.6793474,-0.14881039,1.4252362,-0.107880406,-0.55134314,-1.8686684,1.8489316
-0.22419044,1.4017003,-0.11279439,-0.53173643,-0.25992784,0.034112763,-0.15548386,1.3807849,-0.10729507,-0.5740831,-0.27401328,0.20005889
-0.21217188,1.328622,-0.11674883,0.7451562,0.42529294,-1.2194828,-0.14952382,1.3011283,-0.09997377,0.7969274,0.4414696,-1.1789864
-0.21637222,1.2404714,-0.09659358,0.18682331,-1.0624658,-0.32480496,-0.1592722,1.2326851,-0.08253113,0.18158843,-1.091819,-0.27985835
-0.23786345,1.1909642,-0.09833675,-0.8442758,-2.4156144,-0.32580632,-0.17088489,1.184207,-0.06307476,-0.8667647,-2.482949,-0.32169774
-0.13187,1.1473389,-0.059224717,2.585892,-12.133174,3.3663003,0.076387785,1.1119174,-0.023120726,2.7080045,-12.278977,3.5357492
-0.088222355,1.0444885,-0.06979596,3.0568578,-3.6901705,-0.8511004,0.15643767,1.011107,-0.015040062,3.1467617,-3.6332064,-0.9039919
0.031991154,0.9843141,-0.061984442,4.6015897,-1.0755239,-1.3644336,0.14828739,0.9626744,-0.028866004,4.8484235,-1.070446,-1.5747045
0.15140846,0.947405,-0.052876793,3.424408,1.32912,-1.4805304,0.15507597,0.92485225,-0.036622286,3.4567654,1.342009,-1.4503216
0.28071788,0.9450533,-0.047222666,2.3941553,3.2571414,-1.563491,0.18325941,0.8990842,-0.039167866,2.3310766,3.226445,-1.6218345
0.3162305,0.9306857,-0.046196483,2.8041172,4.2343216,-1.6043123,0.22905064,0.8859667,-0.04561853,2.7846656,4.187206,-1.6482096
0.333694,0.9384942,-0.059392624,5.2552257,7.2306314,-2.1435974,0.28885412,0.88709617,-0.058208946,5.331287,7.22758,-2.215548
0.300752,0.9603915,-0.0556437,2.544936,3.833143,-1.2191416,0.30191854,0.9072524,-0.061093807,2.4994001,3.7995992,-1.1890512
0.28694466,0.98716664,-0.05342128,1.7935077,4.0445027,-1.224631,0.3026736,0.9434119,-0.06704453,1.8284632,4.1126714,-1.2002852
0.2648256,1.0229998,-0.053140543,0.96682554,3.3214095,-1.0415646,0.29552138,0.97930217,-0.06910949,1.0117178,3.393231,-0.97884125
0.23577926,1.0677538,-0.055914365,0.8235678,3.024697,-1.1800593,0.27072248,1.0200218,-0.074375175,0.8860558,3.1135514,-1.145592
0.20203742,1.1139761,-0.05689185,0.9345885,2.8549635,-2.0977697,0.22632255,1.0737001,-0.084284954,1.003726,2.940011,-2.122565
0.14680925,1.1821933,-0.062691115,0.44031483,3.3091278,-3.1470616,0.1144649,1.1925676,-0.09186944,0.44755337,3.3855639,-3.203179
0.05691412,1.2461282,-0.07185269,-1.1384326,0.34038326,-1.064679,0.051630985,1.2416323,-0.09671119,-1.1732609,0.3206725,-1.050967
-0.026323527,1.3081219,-0.07778277,-1.0965809,0.13887772,-0.75712603,-0.021501716,1.298379,-0.09959203,-1.1071754,0.21350418,-0.7965773
-0.12108943,1.369175,-0.095240645,-0.9192522,0.13158652,-0.10927193,-0.09630591,1.3542672,-0.10511113,-0.93034786,0.15411396,-0.12666881
-0.21862766,1.4293773,-0.10849664,-1.4478904,-0.05431744,0.23924191,-0.1826234,1.4061315,-0.1145422,-1.4740437,-0.044762857,0.26170638
-0.28488097,1.4676712,-0.1183167,-0.6278661,0.03142366,-1.2049214,-0.270973,1.4530358,-0.12380213,-0.6228769,0.034922976,-1.2761824
-0.3548309,1.5372198,-0.115843795,1.7455562,-0.92259586,-4.319781,-0.37957737,1.5790482,-0.13918059,1.7545505,-0.93355966,-4.464673
-0.43870077,1.6128554,-0.14351891,-4.8471584,-0.28314805,5.15212,-0.46428365,1.6073688,-0.1501605,-4.9647245,-0.24656779,5.308096
-0.5285052,1.6414844,-0.12971886,-12.56086,1.2603374,0.08368476,-0.60672975,1.4950821,-0.16614498,-12.528714,1.3689849,-0.16724196
-0.60778725,1.570306,-0.12210461,-12.161965,6.0088453,-7.3397145,-0.8063645,1.3184417,-0.18639573,-11.896003,5.8777795,-7.9985437
-0.8158635,1.4804964,-0.15322788,-5.8116264,8.50965,3.4547925,-1.035709,1.3817681,-0.21127716,-5.738084,8.193782,2.794367
-0.98333454,1.3413597,-0.16118607,-12.710675,5.342915,11.354749,-1.2267345,1.5547682,-0.21395513,-12.790757,5.2549186,10.822766
-1.2382905,1.1925406,-0.1556385,-9.571256,-3.5183523,13.769024,-1.247143,1.2826217,-0.12901685,-9.805747,-3.6754444,13.353735
-1.3964753,1.0503411,-0.1901031,-1.7041441,-6.815941,5.851162,-1.3273797,1.1218916,-0.09855762,-1.7064958,-6.919014,5.7460065
-1.5551363,0.944154,-0.22752012,-4.060309,-6.0829105,3.4832308,-1.4231695,0.939296,-0.07262947,-4.1069055,-5.989613,3.4538019
-1.6017779,0.7582089,-0.1992438,-3.4071705,-3.626967,4.3667774,-1.5209173,0.75725013,-0.061358806,-3.4254274,-3.5429814,4.504693
-1.6073751,0.5322898,-0.1697029,-3.6677544,-2.3804944,3.2765646,-1.605295,0.59081775,-0.064581424,-3.675091,-2.4099832,3.2380342
-1.6277343,0.3416689,-0.17451356,0.8036832,-2.1536105,3.2068486,-1.6596632,0.41169846,-0.07384449,0.8075244,-2.2025747,3.078509
-1.664617,0.13532299,-0.19626181,4.8479385,2.7991955,5.388309,-1.748078,0.025005706,-0.097894445,5.0080466,2.889298,5.4788814
-1.7146829,-0.081128836,-0.16174607,1.1509776,1.2162141,2.0691273,-1.7979575,-0.17398502,-0.12776576,1.4701363,1.3858477,2.209781
-1.8269093,-0.26339716,-0.13370146,-3.1870027,-2.8223908,3.5518327,-1.8587581,-0.3402198,-0.12803741,-3.0349123,-2.7810261,3.6274219
-1.8873266,-0.46283507,-0.115391456,-3.1309748,-2.0059562,3.9591973,-1.9201434,-0.48280317,-0.13426639,-3.1173697,-2.196081,3.8290923
-1.9491448,-0.6467674,-0.12964241,2.5766397,-1.8690165,4.108238,-1.9954911,-0.63839495,-0.15844983,2.6306822,-1.9683082,4.1486454
-2.0227191,-0.76757324,-0.11155727,0.44429356,-3.6288974,2.7187533,-2.0595875,-0.8254746,-0.20679078,0.5970203,-3.621076,2.8449025
-2.0735815,-0.95110035,-0.15740897,6.551144,-3.6306694,5.1064234,-2.169468,-1.1183444,-0.23985837,6.5967054,-3.678327,5.2503033
-2.1386898,-1.1527226,-0.25085577,3.090218,-2.4513748,3.0413542,-2.2290566,-1.2743301,-0.2687781,3.254696,-2.484978,3.2743506
-2.195372,-1.2799757,-0.29263225,4.0570273,-1.4653338,2.576628,-2.2715394,-1.3922493,-0.30074605,4.185788,-1.4670355,2.627759
-2.2310548,-1.4556372,-0.3748074,6.6659827,-0.40422517,1.9833895,-2.3059182,-1.4959506,-0.32791418,6.663461,-0.40883934,1.9997247
-2.2788186,-1.5208781,-0.43583888,3.4189765,-0.34047344,1.6703821,-2.3427753,-1.5729388,-0.3438717,3.6103969,-0.19134736,1.7753097
-2.3196034,-1.5709331,-0.40703958,-2.0756764,-0.035855975,2.0278156,-2.3882527,-1.6331303,-0.37338528,-1.9095529,0.06231413,2.0189042
-2.3610127,-1.6257138,-0.4581689,0.9162118,0.7844463,4.409966,-2.471531,-1.7147181,-0.41395113,1.0421642,0.8046489,4.413294
-2.399884,-1.6571994,-0.48926052,3.2725105,-1.4696944,3.5911825,-2.529968,-1.7632701,-0.4334901,3.4508348,-1.4419615,3.57122
-2.4766867,-1.6503415,-0.5386922,2.883479,-1.6399169,2.4973152,-2.5930688,-1.7964294,-0.45512217,3.1246145,-1.5619565,2.5231843
-2.5332286,-1.6846712,-0.5543197,1.2421854,-1.8834128,3.6504333,-2.651617,-1.7969292,-0.46212107,1.4058025,-1.8576014,3.7362125
-2.6062908,-1.668646,-0.55917734,1.3589903,-2.2404115,3.8517745,-2.6982648,-1.7884614,-0.4798618,1.4372838,-2.243611,3.873291
-2.6290274,-1.6561806,-0.5750876,3.0979562,-3.8121748,4.5192885,-2.7386303,-1.7764748,-0.4994247,3.214039,-3.8085427,4.630325
-2.6914055,-1.6100829,-0.5809578,7.007624,-2.115665,1.5074538,-2.8013313,-1.7143995,-0.5103102,7.147853,-2.0975776,1.4882087
-2.7278082,-1.5419312,-0.5621855,2.4689264,-3.4140167,1.5012971,-2.8280206,-1.6603043,-0.5078895,2.7008028,-3.311224,1.5424104
-2.7859726,-1.4795035,-0.54574627,0.18638057,-5.1383867,1.8258404,-2.8422878,-1.6003902,-0.49989337,0.2675013,-5.1906385,1.7880039
-2.7788894,-1.4167453,-0.53703487,-3.0707078,-1.7064017,0.19807394,-2.8430624,-1.5230789,-0.48712128,-3.2121089,-1.797213,0.1507656
-2.7499118,-1.2748932,-0.49049345,-2.8078985,0.55732846,0.5296491,-2.8265278,-1.4282706,-0.48030552,-3.0697145,0.59987503,0.4992571
-2.7266695,-1.2408878,-0.46697107,0.79103893,-0.027792064,0.53214055,-2.8002303,-1.35026,-0.47586972,0.594269,0.030504694,0.5058641
-2.697838,-1.1373246,-0.4177972,0.5921158,-0.26692882,-0.9322111,-2.7490282,-1.2378814,-0.4384194,0.6115192,-0.20595694,-1.0085509
-2.668713,-1.0837566,-0.43112054,-2.077798,1.1046324,0.78002554,-2.708623,-1.1689858,-0.41918337,-2.0219004,1.2170231,0.84311324
-2.6476257,-1.025682,-0.3838351,-3.0581315,-0.33831114,0.9254945,-2.670333,-1.101862,-0.41444352,-3.0834334,-0.24881591,0.9403483
-2.6114678,-0.9525837,-0.3065847,-1.0331669,-1.5940559,0.8921667,-2.6365945,-1.040097,-0.4007591,-1.081295,-1.5971427,0.8483943
-2.558883,-0.9010675,-0.2993193,0.90243345,-0.69625616,2.4623036,-2.5970583,-0.9976656,-0.38112313,0.9390042,-0.7152043,2.5894973
-2.5288386,-0.852674,-0.31354454,0.3292747,-0.6081398,3.239544,-2.5450525,-0.9606233,-0.36465865,0.44596428,-0.47538218,3.5534286
-2.5109673,-0.839507,-0.31212503,0.06700975,-3.8673522,2.8645315,-2.442128,-0.8700202,-0.3210209,0.15309842,-3.6633792,3.2489285
-2.4534953,-0.78402853,-0.2421809,0.67251116,-2.8733513,1.2934123,-2.3864768,-0.81769264,-0.3047193,0.64700854,-2.8426552,1.3716452
-2.3857083,-0.7166392,-0.22872455,-0.37666517,-2.4108222,1.2984065,-2.3067343,-0.78741664,-0.29504973,-0.39107674,-2.3553681,1.4670862
-2.2788095,-0.66419315,-0.1713493,-1.2079706,-1.6543417,-0.25073975,-2.215997,-0.7491495,-0.2798007,-1.2746984,-1.5370861,-0.2557748
-2.201695,-0.6155635,-0.16167267,-1.5254858,-1.8123269,-1.5887426,-2.1277125,-0.71023244,-0.2621636,-1.6570146,-1.7627062,-1.7265188
-2.0889637,-0.6075318,-0.15252222,-2.0458436,0.29877785,-1.836438,-2.0402763,-0.69207054,-0.24479592,-2.238392,0.27218652,-1.9905686
-1.9405977,-0.60735667,-0.14050572,0.44890898,1.7334042,-2.4235623,-1.8284429,-0.67960083,-0.20294158,0.30923536,1.7361209,-2.6650796
-1.825011,-0.6208602,-0.13755013,0.99562114,1.4078548,-1.1346017,-1.7084116,-0.6952785,-0.17749283,0.9454276,1.5224805,-1.3572724
-1.7122505,-0.64341396,-0.12242743,-1.0100822,1.7569138,-0.84600013,-1.6198695,-0.7061658,-0.15909414,-0.9968741,1.8168513,-1.0150788
-1.6217126,-0.6882882,-0.11555155,-1.8664799,-0.5295641,2.483409,-1.5387886,-0.7293037,-0.15060253,-1.859321,-0.47256768,2.4531772
-1.543782,-0.71154153,-0.08043691,-5.5282717,-1.8017406,0.9729431,-1.4301294,-0.8063237,-0.13568279,-5.5315104,-1.7725984,0.59786415
-1.4181335,-0.8273189,-0.060455047,2.9450703,-2.607142,3.8837242,-1.3063545,-0.86332595,-0.11895215,3.0703053,-2.706731,3.8613796
-1.2717162,-0.7857177,-0.039492033,26.13393,-12.051043,3.1638525,-0.8439997,-0.7417173,-0.0579722,26.383987,-11.961326,3.846062
-1.0540262,-0.80856895,-0.087106965,15.288118,-1.5022713,-1.2948881,-0.7418382,-0.7014376,-0.050669495,15.252885,-1.3903996,-1.1730956
-0.85323656,-0.8385984,-0.04893013,12.412803,1.921299,-2.9544384,-0.68246067,-0.64587665,-0.04841507,12.733223,2.077403,-2.6592777
-0.67929614,-0.7547809,-0.032508515,9.86642,4.40447,-3.407042,-0.5936337,-0.5611569,-0.050588198,9.865993,4.2869625,-3.1068647
-0.39489946,-0.47835213,-0.014774194,7.8619456,6.146852,-3.4829016,-0.48562354,-0.4540634,-0.03729931,7.770775,5.988625,-3.5358732
-0.2850767,-0.28439415,-0.0052388217,5.2606544,8.132017,-5.1988444,-0.35797638,-0.2904127,-0.03290539,5.044551,7.936815,-5.621196
-0.1635265,-0.06048864,0.016670266,13.298178,9.367854,-7.259926,-0.15493459,0.0611877,-0.15466315,12.94722,9.111302,-7.7132406
-0.119220465,0.22594827,-0.010412602,-0.034750644,1.2262902,-0.106899425,-0.0342814,0.26662177,-0.43815437,0.029438542,1.1885915,-0.08349621
-0.06822726,0.49398035,-0.019011533,-6.0201254,1.4513357,2.0840292,0.06836692,0.526837,-0.4863516,-6.043536,1.2597835,3.2828672
0.04141918,0.7349397,0.0027060602,-6.1800923,0.20037463,0.34974557,0.1639835,0.8055814,-0.33134216,-6.0664477,0.19918625,1.548251
0.15600494,1.0651412,-0.009778013,-5.482949,0.80348426,-0.42509574,0.25133362,1.0235798,-0.2556931,-5.4990335,0.8613303,-0.17213707
0.29446056,1.2773848,-0.030215463,-6.4454226,3.6454575,-4.655376,0.33585677,1.1902368,-0.27148527,-6.291974,3.5059204,-4.862927
0.4369606,1.4387814,-0.17880572,-10.760695,9.066595,-22.348469,0.53573924,1.4326307,-0.29786628,-11.094939,9.192642,-22.343662
0.57713556,1.45008,-0.21392266,-4.697805,3.4868948,-11.4780035,0.6073017,1.5226309,-0.31094006,-4.574996,3.568805,-11.423386
0.65874183,1.5616007,-0.31794247,-4.9587836,2.2374456,-9.816697,0.6474527,1.6045235,-0.32063988,-4.997274,2.2228742,-10.245194
0.69761455,1.6686692,-0.36190912,-4.626017,1.0880449,-9.025711,0.6630054,1.6632209,-0.31230307,-4.510111,1.046802,-9.441581
0.737167,1.6724339,-0.37475082,-5.6952167,1.5649796,-7.4943147,0.6716344,1.7106713,-0.30949435,-5.6131477,1.6133093,-7.5793295
0.6682893,1.6835375,-0.38555655,-6.422507,2.9157069,-4.6763725,0.6808903,1.7524534,-0.31351537,-6.4238753,3.091267,-4.64626
0.69019115,1.7333801,-0.29876795,-10.816659,5.0612373,-8.620339,0.661653,1.7869354,-0.30340013,-10.866294,5.1864424,-8.718182
0.65016353,1.6665256,-0.39479265,-4.9669776,3.54569,-5.163607,0.63545114,1.7862352,-0.294576,-4.866733,3.526318,-5.4670577
0.63442004,1.628587,-0.4181783,-5.0949397,3.6728604,-3.9102814,0.6083794,1.7516757,-0.2787898,-5.039352,3.7331936,-4.0747743
0.5481266,1.5878801,-0.3759112,-5.941647,3.0490065,-3.0853288,0.5653206,1.6975632,-0.25617456,-6.035233,3.1268277,-3.3104913
0.47471133,1.5080447,-0.35756132,-6.1136804,3.583681,-2.541065,0.49562094,1.6336349,-0.23209812,-6.133848,3.641135,-2.8039465
0.4080061,1.3852117,-0.3344533,-5.4821196,2.8665946,-1.2215191,0.40187255,1.5356523,-0.20971833,-5.4471483,2.8913052,-1.3382244
0.29121307,1.2867603,-0.17852767,-8.125049,3.6696432,-4.523976,0.18180028,1.2740912,-0.16241941,-8.0273285,3.5493872,-4.694425
0.14946178,1.1301556,-0.047110252,-2.8598738,-1.5778918,-3.049762,0.058126383,1.1099069,-0.13175145,-2.8078516,-1.6854388,-3.3573494
-0.023842424,0.95572734,-0.15596314,-0.61198026,-1.5855453,-1.2308794,-0.06021217,0.9429512,-0.112387136,-0.5207297,-1.7749709,-1.4444813
-0.18326601,0.7363201,-0.11442619,1.0419177,-1.2673259,0.64312917,-0.19173624,0.7363272,-0.09563005,1.0363526,-1.39132,0.54406893
-0.33689603,0.52002347,-0.14569648,1.0684193,-0.62315375,-0.22096078,-0.30931234,0.5415885,-0.08317157,1.1557639,-0.7206975,-0.2584487
-0.44117984,0.3453139,-0.12485846,0.6180305,-0.3607687,-0.99359053,-0.416754,0.3769807,-0.07571979,0.72029275,-0.44192138,-0.99436307
-0.5507903,0.15968174,-0.030320948,2.604724,-6.0467234,2.5785043,-0.633565,0.029134244,-0.06949666,2.6049395,-6.1266665,2.6406882
-0.6865349,-0.042494953,-0.054303415,2.9526043,-1.7004406,0.49560124,-0.728997,-0.16607338,-0.076832466,2.9750497,-1.8459183,0.54239583
-0.7667941,-0.2365188,-0.046940885,3.3979373,-3.9914916,-0.004746603,-0.8213732,-0.32899022,-0.07880441,3.3462067,-4.0804353,0.059395403
-0.85070825,-0.41453832,-0.11859348,2.5501375,-1.3588586,-0.016513752,-0.8993759,-0.45707095,-0.07834347,2.60764,-1.3978906,-0.06312125
-0.88257277,-0.54511607,-0.13019796,3.439478,-0.21064082,-1.5543658,-0.97110504,-0.5913357,-0.08202647,3.5957303,-0.29685882,-1.6673099
-0.9449693,-0.670624,-0.08223864,2.8135216,-0.004353968,-1.9970075,-1.0294926,-0.7282287,-0.09463861,3.0167294,-0.05047212,-1.9183705
-1.015834,-0.7922274,0.0013778005,5.5952787,-0.68867356,-3.1824827,-1.1277909,-0.95079213,-0.1174944,5.6564894,-0.76846194,-3.3609362
-1.095563,-0.8864716,-0.05755409,2.6023977,2.0345724,1.8858048,-1.1757445,-1.0393476,-0.13431574,2.6686256,2.0352995,2.0373044
-1.1511736,-1.027443,-0.112230085,0.6985082,2.0121186,1.3576423,-1.2316954,-1.1280841,-0.13674192,0.7586903,2.0155027,1.4412655
-1.221182,-1.1496553,-0.15186454,-1.0577813,0.90833575,2.1333635,-1.2827704,-1.1846132,-0.15640272,-0.970931,0.93872076,2.3981683
-1.2875762,-1.2195437,-0.15954788,0.33599192,-1.0848525,1.8464593,-1.3387818,-1.2423269,-0.1749129,0.26964897,-1.0922675,1.9460013
-1.3475164,-1.2538731,-0.17413507,-0.4691996,-0.002988217,-0.81828016,-1.4152226,-1.308922,-0.19170591,-0.5093462,-0.028254885,-0.81766796
-1.4120961,-1.3319588,-0.18235095,-0.4556138,-2.2841516,-0.6997945,-1.5689273,-1.4514602,-0.21951292,-0.44580716,-2.41611,-0.65107155
-1.4678293,-1.4048363,-0.21599312,0.071481526,-2.9706292,-2.018148,-1.6356905,-1.526464,-0.2492987,0.13630784,-3.151671,-2.0634885
-1.5337367,-1.4924967,-0.28788197,0.22601885,-1.5099355,0.6678477,-1.6870674,-1.5853537,-0.25444752,0.19926864,-1.6214751,0.7049754
-1.5883268,-1.5942152,-0.35852176,-0.7311091,-0.97891945,0.18966134,-1.7347561,-1.6493266,-0.2783739,-0.7249455,-1.0114331,0.21341248
-1.6345611,-1.6911407,-0.3949878,-0.07919389,-2.6382482,-1.1201514,-1.7792155,-1.7023801,-0.3081818,-0.023010435,-2.6934316,-1.1818192
-1.6998013,-1.7301377,-0.41665384,1.0534863,-0.04014447,0.8918641,-1.8140903,-1.7760063,-0.33092427,1.1426109,-0.10712764,0.9454247
-1.7140461,-1.8481553,-0.4056175,2.7566028,-4.520885,1.452823,-1.8584304,-1.9171915,-0.34562188,2.8137512,-4.5515256,1.6260631
-1.7390614,-1.8991532,-0.45806202,1.0718666,-2.3169186,-0.23180048,-1.871756,-1.9938853,-0.3592705,1.2255458,-2.3135538,-0.1936182
-1.7393616,-1.9844284,-0.50177866,0.5291013,-1.0888805,-0.01093881,-1.8792198,-2.058116,-0.37762046,0.49040055,-1.1265508,0.059588235
-1.7216564,-2.0875545,-0.55816215,1.0326736,-2.222832,-0.45091146,-1.8776464,-2.106393,-0.39003232,1.0682029,-2.21215,-0.48915744
-1.7053887,-2.1521463,-0.59278494,-0.3298095,-2.718702,0.1939419,-1.868023,-2.1422088,-0.41628265,-0.123718254,-2.8105671,0.21070495
-1.7157255,-2.178615,-0.6040769,-0.6103813,1.5953875,-0.79238766,-1.8799076,-2.1805892,-0.2621726,-0.538971,1.6749835,-0.8275004
-1.744632,-2.2410245,-0.38917676,-2.5066986,-11.4716215,-5.2403073,-1.8878974,-2.246487,-0.014718783,-1.9595753,-11.213585,-5.276963
-1.7153054,-2.2152119,-0.38032448,14.885862,17.02576,-0.7785489,-1.8446634,-2.3010957,-0.06486478,15.169594,16.774414,-0.7412556
-1.5764598,-1.7679086,-0.2688305,30.727226,30.282555,1.0007385,-1.8013781,-2.3460488,0.0075320364,31.734251,30.8166,1.1833665
-1.6137577,-1.846339,-0.1506734,23.1516,13.60659,-2.3555636,-1.802137,-2.331587,-0.005446936,23.097458,13.538443,-2.6912901
-1.8331395,-2.147579,-0.34499094,15.0038185,4.7593737,-4.87023,-1.8889642,-2.2467234,-0.16937473,13.654299,4.866488,-4.3447285
-1.9843332,-1.9826536,-0.30972478,5.5820036,-7.1194305,0.20967706,-2.0667925,-2.05438,-0.22659557,5.437053,-6.8816414,-0.15271078
-2.0674503,-1.3128228,-0.35098144,-20.628252,-43.20087,9.780864,-2.3471,-1.5751878,-0.17523818,-20.78562,-43.639297,10.568523
-2.3848248,-1.1067499,-0.32038808,-7.4592595,-9.334213,7.1377544,-2.4081888,-1.3580325,-0.21430787,-7.3865805,-9.15565,6.962501
-2.3869174,-0.85736084,-0.13163011,-3.8923213,-6.8963084,5.073467,-2.4340076,-1.1397713,-0.22841512,-4.453179,-7.4161177,5.4008827
-2.3954427,-0.76447177,-0.17939289,-0.23074704,0.6796179,-0.17573683,-2.4403553,-0.93202895,-0.19459137,0.16077583,0.53068185,-0.32771933
-2.2075572,-0.5865513,-0.098789506,0.11358088,-0.3250773,-1.5485501,-2.4147758,-0.7625987,-0.18662754,0.107795894,-0.5169691,-1.941949
-2.153372,-0.44058812,-0.034016155,-0.9607193,-5.3089676,-1.5928966,-2.3522751,-0.59050196,-0.17897661,-0.88658166,-5.5826564,-1.9857166
-2.0880342,-0.26668656,-0.051903926,-5.208673,-10.436762,0.06502803,-2.2220514,-0.30155477,-0.11084728,-5.348929,-10.852805,-0.14516713
-2.0273292,-0.11836994,-0.07334187,-1.8096294,-1.3401434,-0.85713667,-2.1401334,-0.18253349,-0.0858964,-1.8456326,-1.5274472,-0.9629376
-1.9100286,0.02486819,-0.07108357,-2.8589363,-0.43883157,-2.7032242,-2.0281854,-0.038172286,-0.06592798,-2.9967015,-0.51515245,-2.858461
-1.7971237,0.15723681,-0.06481921,-1.851525,-0.9524065,-2.6094348,-1.9040929,0.1018433,-0.04912295,-1.8017547,-0.9664393,-2.6603255
-1.6480079,0.2524746,-0.080027066,-0.14395231,-2.0333924,-1.2054354,-1.7584136,0.24089766,-0.027346067,-0.11162194,-2.1119015,-1.2574677
-1.5265006,0.3686207,-0.068490766,-4.664275,-1.401027,-0.5352246,-1.6225077,0.34713355,-0.006482867,-4.776168,-1.4320112,-0.45854384
-1.369619,0.48452342,-0.056470506,-6.855576,0.4333556,-0.8451993,-1.3571576,0.52184767,0.0014113217,-7.0108757,0.49780032,-0.6905233
-1.2335857,0.53276104,-0.067500286,-0.48397702,-0.52463794,-0.34240788,-1.226035,0.59540516,0.013814301,-0.47844982,-0.5345501,-0.27067214
-1.0792907,0.6441378,-0.053392135,-2.8750432,-1.56756,0.44093734,-1.0701962,0.6780064,0.033786807,-2.9361503,-1.5551596,0.7491597
-0.9051198,0.70897853,-0.058514066,-2.0808468,0.29766884,-1.0077308,-0.90028274,0.7422102,0.040155374,-2.0550897,0.37849814,-0.9403746
-0.7500484,0.7587761,-0.053416587,2.4046154,-1.1230431,0.9956413,-0.77464294,0.779765,0.0386662,2.3908553,-1.140886,1.1159455
-0.5877141,0.8423828,-0.061670974,-0.3269164,2.136035,0.41544276,-0.5915199,0.84044605,0.041502602,-0.38544714,2.2359185,0.60865873
-0.36917403,0.91223574,-0.0593644,0.9443585,9.335373,-2.5453358,-0.28534353,0.960074,0.047033377,0.9379603,9.436042,-2.7011416
-0.2313213,0.98628795,-0.053083144,-1.0033265,6.204131,-0.28746623,-0.15227126,1.0106204,0.024902025,-1.1348112,6.260814,-0.41449228
-0.09227821,1.0522645,-0.059097163,-0.34180242,6.025247,-0.5144176,-0.049701683,1.0715171,0.011947543,-0.26884606,6.059652,-0.5933471
0.017242283,1.1307182,-0.053081177,-0.26957172,6.3934283,0.8983796,0.023568,1.123229,0.015614892,-0.24111521,6.4106865,0.95516646
0.09626952,1.2165549,-0.042291664,-0.036978547,5.5042696,1.8078383,0.092176594,1.1774372,0.011629953,-0.008024186,5.5173216,1.9402286
0.13804719,1.2697383,-0.044890083,-0.5252244,5.1205335,0.22378929,0.14805762,1.2278419,-0.00023848242,-0.52250654,5.1387415,0.25693268
0.16978243,1.3333281,-0.025474986,-2.746308,5.084424,-3.1840518,0.18237557,1.3305032,-0.012694113,-2.7998853,5.1281505,-3.296465
0.16597334,1.3656006,-0.04448133,-2.343528,6.8492184,-1.1983494,0.16963755,1.3669263,-0.034364093,-2.3138773,6.946534,-1.1943005
0.1345965,1.4050025,-0.05509267,-2.6505852,2.3832548,-0.7013561,0.15626597,1.394346,-0.039390232,-2.6778064,2.3228261,-0.72197455
0.08737698,1.4332469,-0.05833029,-3.029367,1.1590097,0.5342341,0.12680988,1.4194565,-0.03931141,-3.0623431,1.204887,0.5699381
0.048692197,1.4466788,-0.07383571,-1.7693309,2.4679055,1.0120295,0.065968096,1.4388021,-0.03891547,-1.7410824,2.5471272,1.0689521
-0.008638054,1.4497222,-0.07912106,-1.0289685,4.184067,0.6556671,-0.012190759,1.451203,-0.04309758,-1.0379307,4.2362027,0.71352214
-0.08728865,1.4550648,-0.061197005,-1.8170197,2.226737,-0.6917495,-0.1336901,1.4359391,-0.0479605,-1.8810711,2.1756673,-0.6748492
-0.18165621,1.4389791,-0.06692072,-0.2410093,0.53768617,0.39815146,-0.22864693,1.4244553,-0.0434149,-0.22408235,0.515722,0.48070535
-0.29588792,1.4228157,-0.09218023,-0.3548798,0.3857247,1.5686284,-0.33230856,1.4148824,-0.051368386,-0.37855542,0.40415102,1.6914557
-0.41401222,1.4014912,-0.09494326,-0.3403495,-0.63193554,1.2153946,-0.41266137,1.3983971,-0.053984046,-0.36813736,-0.6540494,1.3169403
-0.51683474,1.378335,-0.099583864,-0.26685268,-0.84002465,0.06890662,-0.50128525,1.3769686,-0.0535837,-0.2851994,-0.82980907,0.130609
-0.6012521,1.3567168,-0.104703836,0.48851818,-1.120591,-0.17591207,-0.5987306,1.3565156,-0.057916723,0.4978212,-1.1247479,-0.122493446
-0.7111479,1.3431948,-0.098062284,-1.8301898,-5.982196,-0.99189204,-0.7632649,1.301302,-0.0664658,-1.8877479,-6.209352,-0.97836363
-0.77984023,1.3154519,-0.09400103,-2.3282094,-2.524451,-1.1119131,-0.8410554,1.2776594,-0.06778852,-2.3500502,-2.5109615,-1.1199449
-0.8538321,1.2693564,-0.09803478,-0.94299275,-3.2866106,-0.82679766,-0.90869296,1.249048,-0.06499514,-0.9708698,-3.3973167,-0.9069632
-0.9207723,1.2279159,-0.101349145,-0.68058914,-4.2419233,0.41398102,-0.9598048,1.2166264,-0.076959,-0.69964856,-4.354359,0.41826528
-0.9668493,1.1846713,-0.11179399,-0.79944104,-4.194425,1.0908307,-0.9988518,1.1853431,-0.09560214,-0.84167004,-4.2760773,1.1186672
-0.982139,1.1431522,-0.11468228,0.9006862,-1.2785462,0.6151319,-1.0229303,1.1472661,-0.08634327,0.9328367,-1.266136,0.61428934
-0.9991205,1.106349,-0.109505765,0.18561238,-1.0729966,0.47314912,-1.0386468,1.0644536,-0.06931154,0.16038647,-1.1159773,0.4960589
-0.9948251,1.0611044,-0.1002588,-0.84234864,-1.2638435,-0.37906665,-1.0324163,1.0251186,-0.06326428,-0.86583143,-1.3040061,-0.36440572
-0.9958496,1.0097771,-0.10703092,-0.48569793,-0.36079296,0.9852269,-1.0290154,0.9862499,-0.07091945,-0.50641245,-0.36811635,1.0224646
-1.0020694,0.9625274,-0.10322349,-0.20162088,-2.1063669,2.2422268,-1.0217377,0.95302826,-0.0713906,-0.24546787,-2.1778204,2.3673441
-0.99169934,0.9154956,-0.092501365,1.0119016,-2.1511898,0.8427656,-1.0025694,0.9148525,-0.053550985,1.0022093,-2.1969721,0.8833456
-0.95939577,0.8842892,-0.0874138,2.895216,0.34922364,0.30912787,-0.9760222,0.8539069,-0.04526352,2.9140282,0.3404079,0.30503947
-0.93877614,0.8502291,-0.06149666,-0.3286994,-2.142899,0.0055871736,-0.93539053,0.7898941,-0.051111005,-0.36240017,-2.2104177,0.06531138
-0.89514875,0.8040796,-0.07570746,2.0693474,0.6970384,-0.19410698,-0.90611356,0.765013,-0.042438947,2.147148,0.7010836,-0.22003669
-0.8646648,0.77481985,-0.073086046,1.9954208,0.06889817,1.3192884,-0.87470907,0.7379613,-0.038908247,1.9669925,0.014253891,1.3889754
-0.83053184,0.7471843,-0.07153962,2.199139,-1.0107222,0.5077389,-0.83979076,0.7157767,-0.03920388,2.2239015,-1.0599755,0.5383478
-0.7921308,0.7302951,-0.05567848,1.4823198,-0.91314,-1.1693999,-0.8040149,0.7009151,-0.039511796,1.5004144,-0.9413099,-1.2154303
-0.75795686,0.72544485,-0.03845693,1.0311521,-3.3026166,-0.80144995,-0.76244897,0.6861545,-0.036851972,1.0527495,-3.4058855,-0.81938803
-0.71889627,0.73970103,-0.058065042,0.6341786,1.9086008,3.5104535,-0.68602604,0.69442534,-0.038459837,0.66262144,2.002343,3.7208555
-0.6566273,0.7338513,-0.042713977,-0.19114834,1.675573,0.9596053,-0.6361504,0.70312256,-0.024742672,-0.2468503,1.6294186,1.0109836
-0.60691786,0.7333786,-0.031695947,0.45981377,-0.6597074,-0.31736964,-0.59518135,0.7110491,-0.031571403,0.47213593,-0.7217463,-0.29291517
-0.5577899,0.7426346,-0.008526115,-0.08650082,-4.3245907,-0.6787359,-0.5501301,0.72617465,-0.030508759,-0.10915897,-4.4294143,-0.6274083
-0.49922487,0.7611618,-0.029923303,-1.0083603,-0.24951527,-0.7462029,-0.49960864,0.73575115,-0.019075561,-1.0280966,-0.20191953,-0.7398996
-0.445734,0.7601616,-0.02608887,-0.21461731,-0.13162631,-0.2975654,-0.45003375,0.7334435,-0.021825487,-0.20366873,-0.18534555,-0.28556997
-0.38344488,0.77093256,-0.017704865,-0.8644673,-0.16642085,-0.1798424,-0.34260958,0.7335666,-0.02157777,-0.88448817,-0.17559856,-0.09731703
-0.30974218,0.77512646,-0.015498942,0.5324848,1.5968719,0.018349482,-0.2744721,0.73542506,-0.019561399,0.5704015,1.615187,0.04090734
-0.24614343,0.76949275,-0.0030844342,0.6760064,-1.0520495,-0.8122398,-0.20458817,0.73572797,-0.01980116,0.68502754,-1.131693,-0.7948345
-0.16729221,0.779899,-0.011318175,2.9587572,2.7971318,-0.99555105,-0.15983477,0.7346437,-0.019134138,3.0370893,2.8293266,-1.0347612
-0.108668774,0.7944909,-0.016110612,0.42338032,2.083886,-1.162938,-0.109040186,0.7417271,-0.022820018,0.36564344,2.04188,-1.1861106
-0.06598756,0.8083404,-0.015340691,0.42010742,2.2450387,0.026543451,-0.051281784,0.7558996,-0.028879078,0.4520289,2.2598164,0.05317399
-0.021312326,0.8098882,0.003981987,0.56096643,-2.537392,-0.6624326,0.017489878,0.7825834,-0.030030174,0.58724535,-2.6430678,-0.660864
0.018665403,0.8483757,-0.003088614,0.4249795,1.4600184,-1.4253439,0.05411618,0.8054025,-0.03676622,0.47257206,1.5701044,-1.4527395
0.059244722,0.86877346,-0.007540932,0.15731949,0.48183897,-0.30642766,0.09396699,0.8185857,-0.022575976,0.19594076,0.44216537,-0.28467402
0.10200521,0.8977065,0.00043147244,-0.6855212,1.3158028,0.15728505,0.13879198,0.841512,-0.03059949,-0.67169464,1.3673922,0.22708057
0.16302124,0.92506176,-0.005256435,-0.4390176,3.700754,-1.0137924,0.17046042,0.8678911,-0.03879613,-0.3996178,3.7424247,-1.0608829
0.19025585,0.93734103,0.010672921,0.30364186,1.3217801,-2.9844778,0.19295444,0.8831837,-0.041030362,0.3715386,1.2568812,-3.131179
0.23303619,0.9720236,0.012210557,1.9862816,3.8662603,-4.4942966,0.22214442,0.9148574,-0.052546788,2.1158001,3.9305456,-4.7131643
0.20744732,1.0112438,0.005413303,0.66959494,1.5284836,-0.88892287,0.21946199,0.9465514,-0.042735096,0.6830284,1.4744027,-0.92861485
0.18718162,1.0355021,0.0025738273,0.77474815,-0.9237534,-0.028628992,0.2108045,0.98071456,-0.039630994,0.8325264,-0.95303077,-0.05803083
0.17777207,1.0763168,-0.0021150466,0.93044776,0.00052634114,-0.25849074,0.20175976,1.0125318,-0.047702584,1.0012214,0.041500304,-0.27745664
0.18103626,1.1235224,-0.0031162258,0.8774639,2.2493763,-1.3673354,0.18943916,1.0388244,-0.054740682,0.94118845,2.290376,-1.4222804
0.16230544,1.156615,-0.002556285,0.6158983,0.54049665,-1.1876808,0.17327881,1.070191,-0.049714435,0.68646395,0.48982626,-1.2030141
0.15731928,1.209974,-0.036235444,6.4374394,-0.07844314,-0.024459051,0.15509272,1.1558448,-0.2039158,6.6053534,-0.113889284,-0.06696198
0.12465033,1.2968223,-0.11002513,1.5163456,4.682459,1.8889896,0.14199562,1.2077442,-0.38018396,1.4994922,4.729354,1.9027978
0.087201506,1.3536137,-0.11898499,-1.5323616,4.488059,1.7570523,0.098570324,1.2819053,-0.3969988,-1.4761612,4.4984055,1.765474
0.037822276,1.4278157,-0.12911822,-2.4443228,3.3235183,0.6026142,0.040957816,1.3651987,-0.29182017,-2.3297725,3.4163456,0.61593103
-0.02494821,1.5073884,-0.14476241,-2.5263398,2.5016825,0.14473899,-0.007919231,1.4272542,-0.25910512,-2.5082514,2.5290062,0.12026882
-0.11680111,1.5652279,-0.13915361,-2.7182264,2.2094479,-0.2986707,-0.08009759,1.484097,-0.23690848,-2.7121902,2.2195992,-0.33313048
-0.21002206,1.6118984,-0.13399728,-3.7019851,2.3497472,-1.2604386,-0.25818253,1.5721475,-0.2181766,-3.7568283,2.3266315,-1.3228639
-0.3171706,1.6323307,-0.14213525,-1.3100702,0.3113397,-0.9469504,-0.35007286,1.6040081,-0.2152647,-1.2980719,0.23782861,-1.0280784
-0.42658988,1.6608081,-0.15215476,-1.4471585,-0.049721684,-0.6619007,-0.43881896,1.6273018,-0.21593533,-1.4793944,-0.044355985,-0.71245444
-0.54548895,1.6710306,-0.16591397,-1.3905462,-0.51451933,-0.2560689,-0.53846025,1.6408292,-0.21567108,-1.4159874,-0.54086554,-0.30035862
-0.6676607,1.678068,-0.17385064,-1.6997749,-1.0097058,-0.4452073,-0.64681363,1.6499293,-0.2181378,-1.7147183,-1.0304484,-0.47798082
-0.7628312,1.6788422,-0.18116854,-1.5044994,-1.8008251,-0.4531638,-0.7478039,1.656996,-0.22509477,-1.5165647,-1.8433753,-0.47596017
-0.8617672,1.6814224,-0.18127128,-3.5733457,-4.3636684,1.0809065,-0.9228724,1.641724,-0.2224122,-3.63041,-4.460693,1.1226867
-0.92641675,1.6456541,-0.18821746,-0.95990795,-5.173106,4.8768005,-0.98766965,1.6269912,-0.2680809,-0.9093841,-5.228744,5.0739202
-0.8257569,1.631226,-0.19319896,-24.961988,5.0206685,-4.0004234,-1.0552797,1.6035858,-0.28151593,-24.595299,5.0458517,-4.6761947
-1.0227652,1.4486135,-0.2745401,-12.332132,-5.2214375,-0.99460834,-1.1426178,1.5752275,0.010149739,-12.5562525,-4.646548,-1.0927806
-1.0467314,1.4260988,-0.3149763,9.765601,-8.750549,6.6703057,-1.2350982,1.4885224,0.3183892,10.009217,-9.006522,6.999539
-1.1043589,1.3015385,-0.19404908,-0.38983923,-1.9330791,0.17181762,-1.2460235,1.3511695,0.12912996,-0.28303227,-1.9525232,0.2886222
-1.1692427,1.0830874,-0.15878247,3.9468257,-3.1695647,-0.32440895,-1.2691774,1.0930021,0.030908428,4.326714,-3.2647345,-0.46950907
-1.2807758,0.9911156,-0.1684983,0.4965605,4.0509825,1.4697965,-1.2530149,0.9627419,-0.0011658475,0.5691797,4.2585773,1.7826691
-1.1912194,0.8582968,-0.11186605,0.20768839,-0.19808069,2.0197976,-1.2445536,0.84273595,-0.04204213,0.11567206,-0.20956087,2.0887036
-1.2076423,0.73927414,-0.120413326,2.5488672,-0.48314154,1.5544876,-1.2545815,0.73974174,-0.03457897,2.5232008,-0.51981544,1.5491399
-1.2265012,0.65066576,-0.122086935,4.7222095,1.193285,2.4627697,-1.2650692,0.65926796,-0.020102715,4.658516,1.2227885,2.5502512
-1.2285609,0.573066,-0.10853966,6.5629287,-2.3068373,2.015418,-1.2634635,0.5636653,-0.019760102,6.5285606,-2.3620813,2.1022174
-1.2314326,0.5141462,-0.09823369,8.21812,-2.2995906,2.2821803,-1.261563,0.43757775,-0.020035276,8.2701025,-2.3348587,2.3944888
-1.2344453,0.47675896,-0.08198493,4.2450275,-0.79325336,1.0648459,-1.2531563,0.4041247,-0.025372537,4.2698255,-0.7940694,1.1937789
-1.2169942,0.44714284,-0.0767464,3.149087,0.15873834,2.693568,-1.2357177,0.37157232,-0.03015692,3.2016866,0.12545991,2.86458
-1.2009429,0.4317552,-0.07841612,1.6968844,1.5176731,4.31655,-1.2229273,0.35701358,-0.024116758,1.6893204,1.5130751,4.5619383
-1.1892135,0.42273915,-0.06031523,2.084806,-0.14299431,4.1174817,-1.217375,0.36953965,-0.033008788,2.0653458,-0.22590506,4.349616
-1.1888394,0.4428562,-0.0634195,1.1571989,-0.8551003,2.9938657,-1.2138854,0.39344388,-0.04881948,1.1025088,-0.9162822,3.210154
-1.1810461,0.47941637,-0.07000133,3.1961403,3.5443075,4.2703047,-1.2052964,0.45120868,-0.0517141,3.1919625,3.5552492,4.535462
-1.1791537,0.5126382,-0.04597438,0.71051735,-1.4763653,0.14196356,-1.2001626,0.48565215,-0.059222803,0.6090612,-1.5977157,0.21017465
-1.1681482,0.5690921,-0.03030177,-1.2219768,-2.4215422,-0.7301504,-1.200894,0.52533144,-0.062905796,-1.2787627,-2.4807944,-0.65856355
-1.1580174,0.61052537,-0.04731991,-1.8896519,-2.038204,0.3425148,-1.1957507,0.57150453,-0.06825517,-1.9664788,-2.1150033,0.39962232
-1.1457282,0.65146554,-0.047628246,-0.34207302,-2.1264849,-0.85460514,-1.1726362,0.6186713,-0.06602276,-0.3551678,-2.2087307,-0.9035017
-1.1217968,0.68964636,-0.056934245,0.29708558,-3.4158201,-1.1492885,-1.1404991,0.676372,-0.060059857,0.25705492,-3.5141006,-1.1743181
-1.0839081,0.7325125,-0.08261498,2.7235265,-2.853059,0.2252241,-1.0561907,0.7816468,-0.064133845,2.771417,-2.8930497,0.26118377
-1.0200487,0.7990325,-0.09928405,2.6256437,2.5248396,1.069671,-1.0003015,0.8193589,-0.06413844,2.602579,2.6096997,1.1206142
-0.9676466,0.8545434,-0.096182816,2.7639453,-0.89192665,1.0554658,-0.9463446,0.85823965,-0.05876685,2.7740529,-1.0087079,1.107612
-0.91139376,0.92631584,-0.093129344,2.6289954,-2.4255078,1.8212491,-0.8884683,0.91965497,-0.05907937,2.6272426,-2.4815192,1.9772516
-0.8292215,1.0511853,-0.11722218,5.062675,1.0700626,13.576689,-0.8211875,0.9972778,-0.06897576,5.1707745,1.035097,13.71237
-0.5943754,1.0530947,-0.12098008,15.903064,6.9522524,49.031166,-0.73329395,1.1111252,-0.10061274,15.262236,6.8126016,48.97725
-0.40910873,1.590424,-0.21100147,42.629517,15.248518,75.635994,-0.45509928,1.6420423,-0.17827243,42.80761,15.873884,75.68971
-0.60633194,2.2657137,-0.16603535,11.188515,9.855525,1.4478167,-0.35595,1.9913033,-0.2079961,10.232752,9.783646,-3.147769
-0.53381646,2.2631934,-0.25032875,-8.387755,7.0815268,6.7805142,-0.32587257,2.259209,-0.26473695,-8.802211,6.919112,6.9202275
-0.42813435,2.395781,-0.26419976,-12.577558,8.309989,7.5518064,-0.33087033,2.4976711,-0.3501849,-13.849756,7.5188203,5.707389
-0.29411903,2.7553585,-0.33447853,-9.190532,10.410054,3.1563137,-0.32035607,2.7622094,-0.41503432,-8.81954,10.000643,3.2800984
-0.28566357,3.0221503,-0.4130099,-9.604859,7.0606074,3.3115232,-0.30173066,3.0065327,-0.48805383,-9.159608,6.2837596,2.274491
-0.30853632,3.0386121,-0.5364835,-14.8325815,14.107164,13.399588,-0.26697946,3.4037209,-0.6450279,-14.733161,14.485884,13.290254
-0.24503252,3.4056978,-0.56416535,-6.721837,3.7014506,9.2648535,-0.24372132,3.5717273,-0.7012262,-6.3067455,3.3945997,10.210276
-0.11901465,3.637352,-0.64614743,1.1560977,-0.24124733,9.5624075,-0.20355874,3.6828618,-0.7394537,1.0715753,-0.33082718,9.53247
-0.017014772,3.879921,-0.7371337,6.4006996,-2.4373636,10.872749,-0.1782268,3.7840705,-0.80027795,6.4373803,-2.7286494,10.832763
-0.019884795,4.0162086,-0.82968545,9.015694,2.448076,4.59987,-0.119455986,3.8945568,-0.83785814,9.091929,2.262845,4.654241
0.049369544,4.1990633,-0.8760517,2.6959434,-2.475053,-1.214476,-0.03694925,4.011269,-0.88239044,3.152512,-2.6066024,-1.8844862
0.109142154,4.2931867,-0.90245616,-2.5312123,-4.769057,8.598813,0.24658814,4.268073,-0.99508196,-2.5273778,-5.2600417,9.026137
0.2799166,4.3504267,-0.92900854,0.10196966,3.150201,2.666911,0.37791622,4.376473,-1.040764,-0.037732314,3.5792482,3.116374
0.46532753,4.5347595,-1.0222996,4.547521,0.34418282,3.020284,0.55438834,4.477505,-1.0914108,4.536766,0.2757683,3.4947696
0.9058815,4.6232,-1.0994284,5.3104773,-2.5579207,-17.069292,0.7716508,4.5532923,-1.1555146,5.1961813,-2.097981,-16.819572
0.9969026,4.3842864,-1.0056535,4.3283544,-9.47191,-37.867733,0.9949456,4.6291404,-1.2138469,4.1632032,-9.895534,-37.924
1.1297678,4.322293,-1.1394712,6.6102295,-14.671988,-32.552544,1.2017345,4.703825,-1.2686948,6.334596,-15.311796,-31.877829
1.1085407,4.448561,-1.2349962,17.312866,-12.695663,-29.987911,1.5546237,4.914814,-1.4073242,17.66462,-12.273467,-29.39772
1.7035257,4.9464917,-1.5215734,4.0688877,0.66268027,-13.727861,1.7201407,5.0584826,-1.5225922,3.7808073,0.5081569,-13.556243
1.8605951,5.054512,-1.6336212,-2.0612655,-0.9377377,-12.737915,1.86717,5.2170544,-1.654896,-2.261196,-1.2584186,-12.195148
1.9524263,5.2061677,-1.7883737,-0.45148712,-2.2222357,-9.390646,2.0271978,5.4070826,-1.8140563,-0.22029077,-2.0372596,-9.737418
2.1811512,5.423291,-2.1294994,1.6270548,-0.89562094,-6.552154,2.1632586,5.569967,-1.9629569,1.518388,-0.73113734,-6.5028663
2.2324882,5.544477,-2.3114007,-3.0372827,-1.2353673,-5.7472434,2.294416,5.7301273,-2.1207252,-2.8774946,-1.3761934,-5.7853527
2.2711143,5.6584725,-2.5083246,-8.736097,-5.8402896,-11.334449,2.5682008,6.0202084,-2.434581,-8.669592,-5.977309,-11.294216
2.4803119,5.7889056,-2.7717931,-0.91186184,-2.3371727,-3.398199,2.711594,6.1684628,-2.6237793,-1.1869992,-2.481403,-3.8689945
2.58322,5.8904085,-2.9970348,0.12798399,-3.4617336,-3.9859583,2.853764,6.3069215,-2.8060234,-0.09369749,-3.3619118,-3.5917647
2.8358626,6.0204225,-3.198979,0.04274374,-0.80267525,-4.259397,2.980684,6.4146576,-2.9565024,0.36218312,-1.0517962,-4.1077724
3.0989165,6.1501803,-3.4739687,-1.9635109,-1.7429037,-3.0915227,3.1138556,6.514868,-3.1176975,-1.7717744,-1.9812284,-3.2351801
3.2349176,6.2911057,-3.6115484,-5.8708105,-2.009353,-4.7233543,3.2816484,6.635523,-3.3295825,-5.795942,-2.3677063,-4.8377137
3.3103461,6.3709064,-3.8029249,-11.95331,4.433104,-3.1928942,3.5269763,6.807277,-3.6725545,-11.821464,4.1429553,-3.0374715
3.5232167,6.5616164,-3.8534594,-4.2984786,0.36575696,-0.6547219,3.629291,6.8759427,-3.8252294,-4.3959413,0.22286808,-0.4986053
3.6958768,6.696667,-3.9486892,-5.804667,4.5714006,-3.4690082,3.728915,6.924467,-3.9756117,-6.0107737,4.5113754,-3.2820837
3.8020062,6.715652,-4.1146,-20.19624,16.283821,-9.217628,3.8215532,6.939594,-4.13808,-18.744501,15.046772,-9.130323
3.8924098,6.6197553,-4.603011,-32.735935,20.540983,-47.732937,3.9053304,6.9296494,-4.3166494,-32.482967,21.123133,-47.6327
4.0093083,6.7892466,-4.430324,-43.647316,16.12138,-98.486946,3.898843,6.881851,-4.536353,-43.57971,16.253696,-98.63145
3.3119092,6.741756,-4.005044,-135.21555,72.80222,-85.77919,3.20652,6.5558085,-4.5232778,-134.57741,72.851685,-87.30025
2.5792665,6.230852,-4.1368012,-71.58644,23.948586,-25.582684,2.5925424,6.324937,-4.145583,-72.15826,23.776182,-26.34645
1.7480773,5.9109197,-3.4784763,-56.406082,-8.726634,-17.895359,1.9107492,6.128857,-3.4404318,-57.25367,-9.331415,-18.099451
1.6104156,5.6030655,-2.826533,-33.628403,-32.957993,6.0750833,1.0908216,5.7192755,-2.5448835,-15.607835,-42.05646,32.2166
0.19569615,4.7570558,-1.3671346,23.461409,-50.984383,65.24385,0.1508793,4.8343186,-1.5209714,23.424892,-51.304283,64.79101
-0.82788336,3.5530183,-0.64840513,55.41381,-35.474155,52.87186,-0.6484153,3.6191506,-0.6836539,55.40328,-35.61783,51.976997
-1.2742263,1.4625981,0.011182228,56.926674,-4.310296,82.670425,-1.4005005,1.5234265,-0.045766994,56.77649,-4.5864887,81.023026
-1.0864707,0.5626904,0.039476372,35.27852,-9.318443,42.95649,-1.3806926,0.7844216,0.04263922,19.017357,-0.5602042,30.504934
-0.98109114,0.23251083,0.1054493,38.36368,-13.453374,27.032257,-1.2272016,0.20045799,0.06817127,37.98316,-13.268919,26.596684
-1.0910534,-0.057658136,-0.056050204,37.74952,-17.274298,13.676825,-1.0957301,-0.18318501,0.039889477,37.756294,-16.93996,13.434468
-1.3077639,-0.39728802,-0.08800381,27.307703,-11.31028,2.9818437,-1.1088605,-0.50375754,-0.019269109,26.94641,-10.977528,2.6520755
-1.2716674,-0.91127515,-0.12076219,26.466068,-2.2246194,-2.514196,-1.13692,-0.9135518,-0.063862324,26.455961,-1.6478338,-2.169465
-1.1962503,-1.2902479,-0.10483559,38.871437,1.4206922,-3.281719,-1.0428526,-1.3947778,-0.131908,39.586773,1.4457974,-3.6026285
-0.96870327,-1.5706776,-0.20806988,18.264465,-1.0214235,-1.0339309,-0.9825347,-1.4755434,-0.14492247,16.665636,-1.2605985,0.010386023
-0.927516,-1.843796,-0.32734343,17.58403,-2.2689428,-0.8737859,-0.91224676,-1.5049031,-0.1524862,16.895184,-2.1051002,-0.4155299
-0.93311095,-1.8097217,-0.32218578,13.609685,0.048701677,-1.092147,-0.8269928,-1.4566038,-0.1485464,13.534879,-0.25256494,-1.0355312
-0.77829456,-1.4056342,-0.15704732,11.775439,2.9755738,-0.71689194,-0.74591607,-1.336922,-0.13638219,11.64769,2.9770305,-0.6971934
-0.7159231,-1.163815,-0.079781584,11.184439,6.00175,-0.043103147,-0.6736041,-1.1545081,-0.11955125,11.105202,6.082158,0.20777717
-0.6767833,-0.85674596,-0.021022698,17.77224,13.4696045,2.0126657,-0.5754301,-0.6707396,-0.101817116,17.700071,13.554115,2.5427349
-0.6034826,-0.49155778,-0.016669517,4.87384,3.9967444,-0.36049837,-0.546081,-0.40528888,-0.090183094,4.9059606,3.8968174,0.002027927
-0.549273,-0.15067494,-0.0027327593,1.4194244,2.7563179,-1.3801769,-0.5254555,-0.108670875,-0.07095551,1.4892455,2.646595,-1.150566
-0.49761656,0.24510151,0.0169459,-1.6372254,3.5001314,-4.6954026,-0.5091792,0.21023959,-0.04723906,-1.7490735,3.3807616,-5.014975
-0.4725835,0.7384014,-0.011742255,-11.199406,5.34583,-10.06486,-0.5070673,0.48138288,-0.035940863,-11.255481,5.33238,-10.672718
-0.45312008,1.1454213,-0.024701199,-32.582794,12.6955805,-0.022082495,-0.57399565,0.6157098,-0.078315884,-32.765774,12.633976,0.20630684
-0.71424544,1.1417422,0.03131268,-56.81028,21.849674,21.4232,-0.73622286,0.85742396,-0.16899145,-56.480164,21.205593,24.126434
-0.7316133,1.1380614,-0.08233108,-10.704503,3.2026825,10.153353,-0.76741695,1.0475397,-0.11573944,-10.598667,3.0522404,10.222169
-0.8784727,1.0076472,-0.09462794,2.5819373,-1.2529582,4.030913,-0.79696727,1.1346637,-0.06954079,2.839929,-1.3753713,4.410141
-1.0004466,1.072314,-0.1110714,13.168954,-6.331132,-2.773277,-0.82438475,1.3096875,-0.04848939,13.305665,-6.1084485,-2.6530802
-1.1007454,1.1134677,-0.1502281,11.586591,-5.696231,-8.583882,-0.9002124,1.495403,-0.061609317,11.738829,-5.4424157,-8.09912
-1.1675143,1.2168862,-0.16833088,4.905531,-3.9055655,-10.857625,-1.0479556,1.5282322,-0.110772595,4.896993,-3.808725,-10.3742485
-1.2212226,1.345141,-0.17790838,-0.33550078,-7.60862,-12.11743,-1.2833711,1.46287,-0.19867896,-0.3500908,-7.8036413,-11.802327
-1.2618854,1.4722803,-0.19135256,1.2183954,-4.978696,-2.5443726,-1.3786929,1.4789453,-0.2245485,1.3499912,-5.219139,-2.855688
-1.2710433,1.6188706,-0.23267585,3.7595243,-5.400549,8.4109,-1.4458673,1.5296406,-0.23487951,3.696775,-5.6030736,8.352219
-1.4215554,1.6767786,-0.25254205,7.894872,-3.0338507,19.419817,-1.4706907,1.6332484,-0.23454812,8.05755,-3.2827322,19.183731
-1.4588913,1.847276,-0.3115873,18.206066,-3.153052,10.2620125,-1.437464,1.8974006,-0.24508172,18.234129,-3.1567237,10.391783
-1.4361969,2.1296048,-0.28950414,18.919302,-7.650283,-5.4965224,-1.352048,2.30297,-0.29042822,18.98524,-7.8909197,-5.8296504
-1.2699883,2.50065,-0.3108065,4.9517903,-15.794104,-2.7729108,-1.2435298,2.5366244,-0.34025815,4.9467435,-15.924083,-3.2001135
-1.2568384,2.7018154,-0.41340923,-4.4703135,-6.706086,-2.0552948,-1.149405,2.7608511,-0.36183468,-4.688214,-6.8253803,-1.8725618
-1.091913,2.9458194,-0.4937162,-10.113719,-1.5700397,-4.1260266,-1.0358863,2.9881833,-0.3942397,-10.069495,-1.6972471,-3.9744444
-0.8809837,3.2348366,-0.5049938,-7.9556193,2.9223144,-5.6323595,-0.8998498,3.1730168,-0.4251943,-7.8057466,2.9043782,-5.7152147
-0.6258018,3.4109008,-0.5486949,-7.095843,6.2128134,-6.093359,-0.73170525,3.3533347,-0.467608,-6.912418,6.268133,-6.412509
-0.47119835,3.5233645,-0.6059341,-8.771013,6.9732323,-3.569052,-0.5391987,3.5108492,-0.524716,-8.562413,6.9848313,-3.7763925
-0.36781153,3.5603654,-0.6672337,-15.327794,7.6763186,-0.456088,-0.30321583,3.6708546,-0.6080277,-15.384653,7.684824,-0.6219736
-0.2015678,3.6861377,-0.6756854,-6.3061986,5.5914574,-1.4014884,-0.23621602,3.7327845,-0.6432969,-5.9002714,5.4281473,-1.6968462
-0.11331841,3.7224715,-0.6827049,-5.961936,6.6922073,-0.2170326,-0.17875136,3.7651212,-0.6788316,-5.9685564,6.881035,-0.39310092
-0.056553394,3.7462788,-0.7057619,-6.4435363,6.1954575,0.98804003,-0.12694739,3.7634907,-0.68605566,-6.309988,6.1416698,0.8485724
-0.06435695,3.6947412,-0.702614,-9.22577,4.7796707,1.9644481,-0.09785837,3.7420697,-0.68647486,-9.299628,4.77856,1.9367104
-0.10139027,3.6160107,-0.7004153,-14.600684,6.2247543,2.0005896,-0.073828734,3.6849637,-0.6865099,-14.629986,6.2163,2.0318835
-0.1349599,3.1043937,-0.71724945,-47.412342,25.052656,6.4478297,-0.09043587,3.4700196,-0.6870194,-48.250797,24.07091,9.046326
-0.2212204,3.0925655,-0.6477121,-24.387772,9.725619,4.70932,-0.15184523,3.2733798,-0.67347354,-25.296549,10.288431,4.814143
-0.2949352,2.9382076,-0.420772,-13.918593,5.966499,3.9099536,-0.23901488,3.0053053,-0.62681973,-14.138045,6.3844767,4.224689
-0.3202375,2.540041,-0.33156693,1.2281276,5.7728715,6.5843544,-0.39152813,2.6039026,-0.5411378,1.2838004,5.660871,7.14
-0.55090916,2.115924,-0.2530872,12.911343,-0.28174105,5.876959,-0.5535691,2.2151294,-0.46803644,12.95175,-0.21297844,6.2358437
-0.83514035,1.5967696,-0.25422707,19.142084,-5.07317,4.714207,-0.784073,1.7278324,-0.36504441,18.875738,-4.7492733,4.137027
-1.0323694,1.1630852,-0.21862237,23.828524,-16.25366,10.164015,-1.2540032,1.0724684,-0.19484684,23.752594,-16.54599,11.007123
-1.2906796,0.8127865,-0.22302245,9.790156,-6.652912,4.4719625,-1.4480262,0.815205,-0.13800947,9.567601,-6.821492,4.341339
-1.4908947,0.5702222,-0.20211308,8.08744,-4.1351357,-0.06381719,-1.5845829,0.64129883,-0.12322312,8.031371,-4.206068,0.017261494
-1.6538235,0.39277178,-0.18734337,4.2342515,-1.29666,-2.064737,-1.7291887,0.4995657,-0.15230423,4.366791,-1.2378101,-2.1339881
-1.8166772,0.28926766,-0.20836349,6.1116567,1.795461,0.028501583,-1.8419532,0.401551,-0.1967577,6.263654,1.910699,-0.1131239
-1.9397516,0.2582205,-0.2394829,10.635541,0.061797652,1.7883421,-1.9778255,0.3019606,-0.2542096,10.677697,0.15385231,1.7246448
-2.0778315,0.2922418,-0.24538349,13.430545,-4.834609,0.124620035,-2.245116,0.23145834,-0.28864264,13.404429,-4.789796,0.10632844
-2.2714727,0.28670853,-0.24483962,0.9992549,-5.3823166,2.2036917,-2.359718,0.23679656,-0.28432354,1.1011902,-5.348281,2.5444272
-2.383272,0.28448808,-0.25353852,0.37742156,-5.9650917,1.8449138,-2.4664369,0.25676367,-0.28851354,0.3546551,-6.0736814,2.004566
-2.4901214,0.33419544,-0.28603277,3.5789258,-6.8535814,-1.5790619,-2.551482,0.29901168,-0.31014505,3.5876317,-7.1021643,-1.8546116
-2.5825548,0.47220582,-0.32151797,2.8377206,-9.150578,-2.0386603,-2.6155229,0.35421434,-0.3378459,2.7920709,-9.436187,-2.3209937
-2.6011136,0.5261187,-0.33291864,3.4482195,-9.839224,2.0945315,-2.6691165,0.44451776,-0.35076505,3.4315133,-10.282548,1.9285877
-2.5913806,0.60758364,-0.32661214,12.847352,-14.360397,2.142455,-2.6560767,0.63456565,-0.3401795,12.803294,-14.6573105,2.1756525
-2.5676866,0.72607946,-0.3428006,-1.4325014,-0.93234694,-1.9400753,-2.6053028,0.73980415,-0.30500063,-1.239221,-0.98719853,-2.1658096
-2.500693,0.8818537,-0.3083879,-9.810925,7.1294966,-7.555954,-2.613104,0.78524405,-0.26226932,-9.889226,7.2405853,-7.705062
-2.4436736,0.8234162,-0.23445167,-4.4124284,9.081936,-32.86172,-2.652686,0.7839666,-0.2427012,-4.7253046,10.002021,-33.194138
-1.9246035,1.1770902,-0.2583091,11.472886,-4.416278,-85.2028,-2.4978995,0.924406,-0.2586678,12.901924,-5.518758,-85.75923
-1.4603145,1.5802646,-0.26140615,23.69691,-22.18749,-115.55357,-2.2213933,1.1781338,-0.28445935,18.371868,-21.06257,-98.23882
-1.7950641,1.2706054,-0.27392045,10.774249,-27.972464,-22.069124,-1.9019767,1.2697679,-0.24521938,10.93395,-27.932526,-21.76689
-1.7641331,1.0859824,-0.2247773,-0.5420464,-1.3280343,74.0598,-1.6808877,1.1683145,-0.19391029,-0.41759837,-1.1746824,73.42055
-1.5914227,1.0835108,-0.2639337,-4.9590926,3.07107,113.87193,-1.5009267,1.1508086,-0.16300374,-4.8543024,3.1367621,113.48921
-1.3907245,1.211025,-0.3052332,-9.982628,6.380434,117.347565,-1.4520224,1.2928371,-0.14446406,-8.950536,8.413958,119.44384
-1.1673312,1.7503631,-0.22186388,-14.487177,11.067429,51.593983,-1.3997611,1.4860034,-0.12509233,-15.207009,15.259519,55.440823
-1.096046,1.9119828,-0.13017704,-18.537962,9.3874235,-10.836069,-1.2018268,1.6645021,-0.10893969,-16.789623,10.004624,-15.132577
-0.8091754,1.8443477,-0.1793104,-16.556677,2.9766066,21.7462,-0.7281132,1.8085245,-0.08328253,-17.243036,2.468552,21.172064
-0.38982865,1.5995818,-0.18592878,-12.00051,12.176864,63.284317,-0.5797358,1.8318076,-0.0945205,-12.25895,12.863894,62.589005
-0.33427975,1.5969129,-0.15506248,-3.6189616,19.245377,17.469341,-0.43932995,1.734484,-0.13150732,-3.5800273,19.425049,16.882936
-0.018801942,1.3394657,-0.15424944,11.576057,15.193089,-49.433357,-0.23295636,1.5788268,-0.15151359,11.919488,15.998715,-49.8904
0.06662151,1.3482454,-0.24406786,4.6428766,-1.8854613,-82.38602,-0.031336747,1.3955884,-0.14001949,4.816239,-2.0558898,-81.64101
0.10969418,1.2134011,-0.20952888,9.033412,-8.262399,-107.75885,0.05613265,1.2529945,-0.06274985,6.6195297,-9.824962,-101.908875
-0.1939213,0.95668316,-0.086318694,16.059704,-4.0303497,-194.35335,-0.15215042,1.2825077,-0.08471049,16.490372,-3.8971817,-193.8059
-0.24114749,1.278021,-0.11474111,2.5856311,-3.7753923,-41.072422,-0.12843405,1.2106767,-0.12899758,-1.7874105,4.469627,-41.678314
-0.16244087,1.1391554,-0.0077952947,-4.252344,-1.8293214,-43.6838,-0.10626679,1.1724029,-0.15845136,-6.321346,-0.595752,-46.555237
-0.20096764,1.2103326,-0.042827927,-8.269369,-7.8941145,-39.660263,-0.21292779,1.0415026,-0.18176524,-9.064613,-6.749443,-44.43575
-0.3824388,1.1033823,-0.09635606,-8.8373375,-14.186323,-35.117233,-0.31465533,0.9303102,-0.15173993,-8.761135,-13.794559,-35.021584
-0.44138297,0.89512897,-0.09747901,-7.012368,-18.882265,-31.530638,-0.38795862,0.8070466,-0.121600725,-7.350568,-19.576897,-30.986187
-0.51274145,0.6821008,-0.1386158,-0.17835385,-19.881933,-43.498318,-0.4057108,0.50261956,-0.08180187,-0.32829276,-19.89433,-44.06185
-0.32643446,0.4152125,-0.1914377,8.5838995,-6.27094,9.876375,-0.27631643,0.30194277,-0.04025067,9.483948,-4.140839,14.399407
-0.40726396,0.43635046,-0.19387962,9.429611,2.241291,69.85147,-0.048022192,0.14662775,-0.01988202,10.582524,1.7233617,70.14122
-0.010869473,0.27231354,-0.10740001,2.784416,0.18682429,65.622856,0.16875608,0.0041403254,-0.006324862,3.0728223,0.2421849,65.52365
0.50061834,0.19413614,0.09522519,-6.0343103,0.536706,39.09859,0.28611043,-0.08574286,0.032738388,-5.894067,0.49836275,38.72003
0.43805024,-0.022692502,0.0697457,-1.8249302,2.0933492,26.195827,0.39362103,-0.09737022,0.034078717,-2.0573707,1.7967734,26.070936
0.28492334,0.00589633,-0.01030617,7.2182775,10.888065,35.93789,0.6691181,-0.14117378,-0.036798544,7.9498057,11.37728,36.524998
0.67545164,-0.009514719,-0.035339482,3.8962712,10.704212,10.238906,0.7923143,-0.15505108,-0.060618773,4.186557,10.499956,9.692297
0.85227585,-0.053968966,-0.019018268,2.7724476,10.24218,10.106763,0.907947,-0.16205373,-0.06824861,2.8414915,10.434073,9.969063
0.90804327,-0.08712047,-0.007489642,2.9613264,6.763037,10.072311,0.9830095,-0.1754753,-0.06673842,3.260271,7.0479593,10.138265
1.0188082,-0.030420005,0.020395795,0.62487966,3.1226294,7.5762906,1.0135243,-0.18367119,-0.052760232,0.6018473,3.063419,7.8133783
1.0195724,-0.010085553,0.027829276,1.2012111,2.866947,9.897965,1.0196931,-0.17947486,-0.042182703,1.1202556,2.794363,10.036207
0.95324314,-0.0025696158,0.05201433,2.1548562,6.87053,22.241951,0.97439057,-0.13962106,-0.05286225,2.021697,6.7068925,21.929934
0.9370178,-0.009240627,0.038556762,3.4740937,3.4571307,10.22723,0.91272193,-0.10204635,-0.06758108,3.278251,3.3279707,10.438305
0.90072596,0.042884678,0.056315802,5.2015557,1.7379856,9.542348,0.8608648,-0.068398155,-0.07840388,5.1388726,1.7604208,9.790921
0.8042605,0.07338041,0.0425317,4.651398,0.39035568,8.251962,0.78929466,-0.018537343,-0.0725765,4.5456223,0.43226302,8.262785
0.6932082,0.14591372,0.03722533,3.1023347,1.060828,10.684463,0.6991463,0.045050845,-0.042195737,3.006789,1.0597527,10.606871
0.55670786,0.28895718,0.08474804,0.9872525,5.545983,32.47973,0.6150626,0.12417289,-0.009640083,0.9453049,5.2287083,31.725155
0.2723278,0.51538825,-0.15798236,-0.29799032,10.264484,74.63512,0.5348489,0.20791781,0.0001919615,0.84993076,10.064504,74.2771
0.20685163,0.58715403,0.064295925,-12.891634,26.65744,151.82852,0.23961838,0.28451106,-0.049181778,-14.80489,27.744446,151.16194
-0.3143538,0.5295845,-0.11182579,-9.723264,10.521089,36.819916,0.013126744,0.27448827,-0.05572916,-10.530916,10.453683,37.02413
-0.053296357,0.4804033,0.077770956,-6.518387,0.06550044,-7.5701394,-0.19803388,0.31828037,-0.013705254,-6.285704,0.10051769,-7.152319
-0.2967517,0.6426965,0.102488674,-2.0736797,-10.713165,-56.43993,-0.38828233,0.3615082,0.014424965,-2.1515136,-10.962905,-56.56876
-0.7432904,0.782305,-0.10521718,5.730405,-17.056744,-112.16265,-0.56940246,0.37009484,-0.0068120197,5.487148,-17.890285,-111.04743
-0.9560287,0.7225323,-0.15540953,9.959428,-13.189353,-119.49158,-0.77500236,0.44765657,-0.046621267,9.577528,-13.563758,-119.01347
-1.0839301,0.6374154,0.19815902,10.438433,-7.7792606,-111.70772,-0.9726727,0.46522507,-0.085803874,7.8108587,-5.123792,-98.58526
-0.9056001,0.9211826,0.087012805,8.4067,-9.357702,-62.060837,-1.0503395,0.41339085,-0.088730946,8.974418,-9.4200945,-61.400993
-0.84801006,0.53177613,0.011188278,7.1516905,-3.713361,47.48395,-1.0354035,0.42165908,-0.07660477,7.4142556,-3.6587763,47.929718
-0.8843709,0.72044194,-0.117027245,3.3814058,-3.1421878,52.824886,-1.0347428,0.41180944,-0.06356377,3.6114206,-3.3976018,51.977222
-0.9311596,0.69296753,-0.056963317,0.9705152,-5.9112854,31.710312,-1.0939894,0.42486727,-0.047111508,1.0318677,-5.591745,31.633965
-1.0395015,0.59222656,-0.07332211,0.23856992,-4.3088055,22.436188,-1.1739445,0.5032185,-0.04602105,0.37501818,-4.5010424,22.040182
-1.1385372,0.6410821,-0.056855045,-2.1946719,-1.7131988,17.282982,-1.2179112,0.6238551,-0.049188588,-1.876323,-1.8256217,16.801615
-1.1990587,0.79494274,-0.119204365,-4.104639,-0.86426777,13.038492,-1.2315357,0.7693606,-0.04930178,-4.095496,-1.0671754,12.944129
-1.1753445,0.9670154,-0.10479107,-8.626349,-6.018303,17.45152,-1.1935589,0.9766236,-0.062222414,-9.080634,-6.588373,17.19432
-1.1376731,1.0046376,-0.16119523,-2.7460885,-2.6824253,6.2992983,-1.1429826,1.0642457,-0.071765095,-2.503216,-2.9351625,6.319668
-1.0745705,1.0988361,-0.17335881,-1.2074977,-2.24804,6.015206,-1.0840068,1.1475791,-0.07466395,-1.1662396,-2.3427093,6.1623516
-0.99636793,1.2000513,-0.18367922,-1.8699833,-0.53352,7.770478,-1.0001338,1.2135645,-0.07131718,-1.6955291,-0.5783251,7.8769946
-0.8976358,1.2779242,-0.171923,-5.998451,1.8751028,6.6192036,-0.9071717,1.2557862,-0.07394213,-6.0759716,1.8166184,6.5913815
-0.79804873,1.3111975,-0.1696827,-6.7758408,4.0848227,2.224109,-0.84797895,1.279916,-0.07787629,-6.8698483,4.0025706,2.1699688
-0.7089312,1.304495,-0.17735724,-3.438836,5.70298,4.2423587,-0.7870562,1.3235266,-0.07846618,-3.4136217,5.6596074,4.3546896
-0.65815866,1.2989614,-0.22890782,0.8541423,11.376102,12.9008875,-0.630145,1.3694766,-0.078278415,0.93254364,11.539554,13.272359
-0.540236,1.3204317,-0.16268478,-0.99164134,7.480012,0.690512,-0.58622164,1.3396069,-0.08165877,-1.067978,7.364986,0.5718692
-0.5283545,1.2852857,-0.15366752,1.0697064,7.2910767,-1.3939852,-0.56631505,1.3075536,-0.0888462,1.1732479,7.4347835,-1.3608681
-0.5260774,1.2511843,-0.16832936,2.595224,7.195098,-0.25091642,-0.5567277,1.3212565,-0.09753505,2.7383924,7.0645785,-0.3141376
-0.57556653,1.2791469,-0.18373354,2.2532158,5.160259,0.34311014,-0.5856795,1.3491586,-0.10619762,2.2786484,5.2474074,0.489002
-0.6378546,1.2802856,-0.18608855,2.7721047,5.3054914,2.246444,-0.6541787,1.373881,-0.11557175,2.8152409,5.446103,2.5286653
-0.6844499,1.3386065,-0.15426874,1.9175587,3.090173,-9.822703,-0.74383044,1.4022851,-0.13368708,1.7614813,3.2729175,-9.330403
-0.9596207,1.7281573,-0.2440104,3.80054,-15.161954,-122.23627,-0.91207844,1.5429453,-0.1928558,3.0582728,-16.352547,-122.15385
-0.9421663,1.695535,-0.075842105,-4.0698385,-12.96996,-78.47657,-1.0762779,1.5684792,-0.21437603,-4.668823,-12.3684845,-79.25861
-1.0518875,1.6686742,-0.14426394,-4.808373,-10.828881,-57.055267,-1.1682222,1.4944164,-0.2093039,-3.8831933,-11.12976,-53.6361
-1.2718625,1.4891037,-0.14443673,0.7033407,-9.462784,-13.717371,-1.1545742,1.4157132,-0.205836,0.9875892,-8.146062,-10.550883
-1.1635323,1.4911885,-0.2110485,0.98089224,-6.657715,-14.311222,-1.138467,1.372146,-0.20293626,0.90154797,-6.0950165,-12.650666
-1.2204375,1.1974698,-0.20814677,-1.5707332,-11.755281,-49.68527,-1.2115635,1.2638597,-0.16735587,-1.8998487,-11.322077,-48.015984
-1.2614897,1.1917803,-0.21223755,-2.588005,-16.882318,-57.083504,-1.3113093,1.0565014,-0.13061559,-2.1695411,-18.785006,-57.22282
-1.1624883,1.1614832,-0.27232298,2.6809587,-15.084576,-20.56493,-1.1789503,0.80055314,-0.07808859,4.0182467,-16.252562,-20.2116
-1.0093341,0.63833064,-0.12452694,-3.9719973,8.087913,48.73,-1.0741482,0.5656663,-0.058991965,-4.35074,9.197185,48.068123
-0.93519175,0.47203958,-0.1237525,-7.9184113,15.528275,57.078213,-1.02714,0.28315732,-0.041775066,-7.8965373,16.195715,56.078144
-0.7752533,0.065696836,-0.04189702,-3.1170619,11.475237,36.78284,-0.9567514,0.12242563,-0.04270418,-2.8664775,11.653271,36.26991
-0.796836,0.075424165,-0.09114709,3.9448898,6.2063785,26.710217,-0.83044964,0.09540384,-0.06626907,3.9576206,6.1505446,26.387955
-0.7302464,0.12112379,-0.09187346,4.044502,5.2884493,29.610682,-0.72397256,0.07932925,-0.08477711,3.8039784,5.233908,29.357893
-0.6374918,0.09038305,-0.047695063,4.4347086,4.470872,32.655945,-0.6698907,0.037148647,-0.08554943,4.0933895,4.517025,32.526733
-0.44754562,0.33897257,0.023980657,28.030344,0.5839029,127.94082,-0.34033036,0.37749648,-0.041836306,28.884583,-0.0012602315,127.90715
-0.19259927,0.42075956,0.07325444,-1.004182,-14.371298,-3.4889076,-0.21777715,0.44800282,-0.02514421,-0.88824093,-14.651572,-4.04132
-0.2812161,0.3998921,0.03547991,-9.59752,-13.055132,-5.1547894,-0.2816421,0.41826102,0.0173173,-9.677414,-13.021625,-5.2175913
-0.38784465,0.64232206,-0.122166835,-6.8466516,2.2487016,50.402187,-0.3098762,0.4377352,0.04938384,-6.7360964,1.8308713,50.079098
-0.29419145,0.8140425,-0.18165042,-3.7393486,5.667858,62.800507,-0.2591823,0.46162638,0.073243596,-3.0220132,5.1272416,63.07647
0.077390224,0.9292069,-0.07452407,1.0885733,4.8026385,45.10228,-0.18037415,0.481874,0.09869624,3.516514,2.795773,40.38838
0.1608499,0.64820206,0.070750244,3.8066936,2.6652312,-16.252075,-0.05728002,0.61673737,0.059562545,4.125523,1.8548119,-15.818102
-0.038783222,0.7028748,-0.13849421,-6.313497,10.436891,-78.20389,0.14074552,0.7143674,0.00998578,-7.610466,12.091496,-78.66594
0.110802144,0.61446506,-0.025097778,-3.1950693,8.377899,-18.55592,0.18007472,0.67973304,0.0076942085,-3.415969,8.80718,-18.073496
0.15467533,0.533427,-0.0059070867,0.16518837,6.06647,-9.669135,0.22724251,0.66811,-0.0017455647,0.120311,6.1222854,-9.513474
0.2907382,0.75984895,-0.021480178,-1.4857699,6.9728055,-5.697023,0.25680014,0.6448536,-0.01369863,-1.8740661,7.3568883,-5.2955866
0.26980492,0.67050576,0.0005911235,-3.641202,9.5505905,-4.6519446,0.2127934,0.56551564,-0.021489682,-3.7232747,9.613869,-4.979694
0.18420795,0.6047149,-0.0028016623,-2.4729793,8.825284,-3.6326995,0.1312809,0.48248023,-0.03861656,-2.3751736,8.782478,-3.9124196
0.075604945,0.54570216,-0.015500849,-0.20987362,6.449217,-0.22648565,0.073290244,0.46853468,-0.06217488,-0.11301871,6.391873,-0.21020076
-0.06153652,0.5161817,-0.04087145,5.690514,9.3398905,1.7702135,-0.07274116,0.5079422,-0.087720186,5.743693,9.321899,2.0328248
-0.2351112,0.49080336,-0.03805966,3.3955297,5.037475,0.36571318,-0.19014952,0.52927756,-0.08867158,3.317901,5.0678926,0.6796559
-0.4101661,0.49454588,-0.04543478,2.2557344,4.15549,0.45506912,-0.34698853,0.55290276,-0.08625778,2.2077665,4.2487254,0.706645
-0.5853323,0.5248853,-0.05767467,2.473652,2.463218,0.9311622,-0.5251755,0.5846996,-0.08090976,2.414574,2.4235015,1.1026225
-0.7840327,0.58968675,-0.07756716,3.6320517,0.0527691,1.1490098,-0.69816357,0.6199746,-0.07808845,3.617567,-0.0068991925,1.320179
-0.96305585,0.659961,-0.09404539,3.719817,-2.4612894,0.7332414,-0.86275053,0.6646395,-0.078871556,3.766511,-2.4805026,0.92658645
-1.1469735,0.7362388,-0.105604164,2.6630406,-4.6836815,0.229163,-1.063473,0.73548126,-0.09372684,2.737022,-4.7031784,0.38684335
-1.3354207,0.8949914,-0.11127385,5.097818,-10.240608,-10.088491,-1.4111441,0.9285201,-0.14982446,5.120733,-10.376113,-9.92463
-1.4219348,1.1998072,-0.2067024,14.527303,-11.184851,1.4019028,-1.431484,1.1954854,-0.182789,14.278889,-10.920268,1.487431
-1.4050838,1.414409,-0.24585162,15.716279,-17.990292,13.595224,-1.3850687,1.5264201,-0.21949248,15.539379,-18.0964,13.278452
-1.5717868,1.6997815,-0.2271774,0.3736369,-17.142977,4.5658617,-1.5140077,1.6907551,-0.25715598,0.57044524,-17.029373,4.385084
-1.7064956,1.7948662,-0.3387303,-13.213079,-5.4338865,-3.8875632,-1.774929,1.7050871,-0.26916754,-12.862109,-5.6389465,-3.427297
-1.6779076,2.016187,-0.351235,-13.576413,3.4023502,-3.5970607,-1.9250569,1.6977577,-0.2656092,-13.29171,3.2592714,-3.4302452
-1.5990368,2.1311612,-0.32604945,-9.528698,4.597962,-1.8795115,-1.8458529,1.8348976,-0.29381838,-9.598676,4.485713,-1.9325473
-1.4705801,2.1692243,-0.40690368,-16.577343,1.8303604,-19.358326,-1.5827744,2.1145647,-0.3690724,-17.471165,1.8010769,-19.940681
-1.4864229,2.0989804,-0.3125573,-7.033949,-4.6582217,-16.02504,-1.4198407,2.0967028,-0.38978332,-7.140477,-4.8294053,-16.252638
-1.4079789,2.1283379,-0.27834055,-3.313333,-10.314224,0.59237033,-1.1856153,2.1687596,-0.40230113,-3.186548,-10.458166,1.1624582
-1.3222994,2.1931915,-0.3269458,-4.8169837,-10.73074,0.6513255,-1.0245115,2.324431,-0.40317148,-4.7472963,-10.862822,0.80130935
-1.1723073,2.184177,-0.32967874,0.20423406,-3.9850054,-10.884432,-1.0308665,2.3150551,-0.37242863,0.21790397,-4.0845942,-10.898764
-0.9490515,2.1631896,-0.2635021,6.4200134,0.6783576,-11.502732,-1.0357009,2.2407792,-0.3196952,6.339095,0.7449748,-11.341763
-0.7610154,2.1765125,-0.25787267,6.47761,3.8904016,-10.059417,-0.953522,2.1811423,-0.25841084,6.5159636,3.949992,-9.991773
-0.701375,2.1597276,-0.3272639,8.938194,12.1096325,-8.544875,-0.94567215,2.2162704,-0.2251309,8.868883,11.883069,-8.575314
-0.75788546,2.1657422,-0.33785594,3.028758,7.892519,1.2722338,-0.9950502,2.2643712,-0.2288967,3.1661913,7.605661,1.2359205
-0.81383896,2.225578,-0.35338673,4.74211,9.730387,1.0593148,-1.0423439,2.3394485,-0.25744572,4.815203,9.38883,1.2389506
-0.9256482,2.3565812,-0.36967626,4.979236,16.872211,-4.106029,-1.1418897,2.4752588,-0.3158091,4.8438,16.434113,-4.0694
-1.1308148,2.4897318,-0.37165242,1.9095111,19.93082,-5.5265927,-1.2213688,2.5144696,-0.3590514,1.7112781,19.513086,-5.183566
-1.2138853,2.5267048,-0.4049635,2.1676478,15.675128,-1.3981754,-1.2381405,2.4943128,-0.37743264,2.1210494,15.440057,-1.1466848
-1.3396535,2.5996838,-0.45035538,3.2491984,12.754138,1.5577034,-1.3070939,2.560289,-0.3975988,3.221953,12.699287,2.0470917
-1.6174393,2.6743248,-0.48285517,-2.0245202,6.682347,1.3588243,-1.7412093,2.6977484,-0.47481087,-2.2634892,6.716228,1.5500153
-2.009497,2.7362292,-0.5287563,-3.471129,-3.8908873,2.5907886,-1.9873999,2.772862,-0.5189547,-3.706084,-4.1080604,2.3881316
-2.3336587,2.7806573,-0.60978276,-4.3053393,-7.7670736,3.3940306,-2.2538605,2.8508344,-0.5821017,-4.375606,-7.779026,3.336056
-2.6249905,2.8287086,-0.6666595,-3.591751,-9.646568,5.0980444,-2.5340145,2.9122012,-0.66316086,-3.5372157,-9.515685,5.356923
-2.8769002,2.836152,-0.71626395,-2.1994555,-7.7911224,4.4132466,-2.771865,2.9391603,-0.745813,-2.1064544,-7.63264,4.990942
-3.0510678,2.8822618,-0.76668507,-2.3315763,-7.312992,1.0113758,-2.9603574,2.9527125,-0.8138536,-2.3172684,-7.2669625,1.4944447
-3.1998506,2.9225564,-0.8102274,-2.8139262,-8.9031725,-1.4475554,-3.1197762,2.9660146,-0.8652401,-2.7755492,-9.040796,-1.1827755
-3.238771,2.820361,-0.9110758,-9.067117,-14.3848715,-6.1666126,-3.3325405,2.964176,-0.9410765,-9.366281,-14.889796,-6.583975
-3.3515265,2.873479,-0.8651841,-3.456775,-4.1907463,-6.120395,-3.3952909,2.9375024,-0.97986287,-3.236818,-3.859207,-6.0430446
-3.4458055,2.8344486,-0.84764344,-3.218766,-3.2999427,-5.9190326,-3.4538946,2.89172,-1.0071939,-3.22801,-3.0077167,-5.716328
-3.4813812,2.7370431,-0.8270257,-3.681347,-4.531018,-3.7915432,-3.5106428,2.839076,-1.0180463,-3.6507292,-4.5387373,-3.449381
-3.5025096,2.65132,-0.8226084,-4.1498075,-5.846125,-3.8661473,-3.5646563,2.7625828,-1.0195341,-4.1272497,-5.9505677,-3.5223305
-3.5204477,2.552674,-0.82194424,-3.886954,-5.5345016,-5.8695364,-3.605321,2.661135,-1.0144422,-3.918299,-5.59291,-5.769225
-3.5294986,2.4564047,-0.78725624,-2.6136365,-6.0338955,-7.436449,-3.618116,2.5293806,-0.99989724,-2.6504874,-6.1617813,-7.487705
-3.4718366,2.2774794,-0.751634,-2.8509984,-6.2577,-12.113007,-3.5826235,2.2045827,-0.92369646,-3.041934,-6.392761,-12.2835045
-3.4426594,2.0375824,-0.6830853,1.6024157,-2.2488878,-3.2313902,-3.55285,2.0381126,-0.86813045,1.741663,-2.2329984,-3.0205233
-3.44903,1.8048463,-0.6620629,-1.5319287,-5.404427,1.3791608,-3.4997637,1.8630265,-0.8071139,-1.520283,-5.5890145,1.8784662
-3.3430157,1.5855061,-0.6168318,-6.6623545,-10.51763,5.715404,-3.381395,1.5911108,-0.7276762,-6.5157194,-10.480831,6.194188
-3.18391,1.2752085,-0.53771853,-4.319494,-12.036584,9.345285,-3.1608708,1.2590643,-0.6406743,-4.211869,-12.101214,9.613214
-3.0862417,1.0842474,-0.5279883,0.4128942,-11.518541,2.6212678,-2.9346268,1.0368396,-0.5489705,0.4545475,-11.628114,2.9486053
-2.8566525,0.98603654,-0.58653164,5.944239,-9.607576,-38.01714,-2.8093014,0.9196695,-0.48371226,6.0994534,-9.061432,-37.979885
-2.579249,0.7419542,-0.2724664,-2.226882,4.7295346,-21.526035,-2.5001569,0.246052,-0.42173594,-2.4816353,4.497335,-21.948862
-2.2951229,0.14276183,-0.2913082,-10.884805,6.530607,31.85857,-2.378597,-0.08794238,-0.40041965,-11.070551,6.625053,32.54438
-1.9009296,0.024516612,-0.29096112,-1.6294981,6.2955484,24.991362,-2.1643279,-0.18028265,-0.33041638,-1.7685112,5.819035,24.645075
-1.7340392,-0.030175596,-0.1897328,10.668681,-0.26186582,20.962753,-1.8509468,-0.17200615,-0.21429168,10.770577,-0.35374144,21.037344
-1.5352368,-0.12605113,-0.15399499,13.602972,-3.0804188,11.425984,-1.5396743,-0.108722724,-0.1127513,14.0510645,-3.2891328,11.730698
-1.3385617,-0.26041627,-0.14670084,10.09027,-0.11263004,3.7522733,-1.2637503,-0.07233237,-0.0412012,10.168857,-0.05752186,3.6954684
-1.1099185,-0.3567831,-0.123130284,7.2312784,0.75564116,2.2241514,-1.0374942,-0.20430817,-0.0015423828,7.1523976,0.66815466,2.0136101
-0.7298043,-0.34619915,-0.07246908,12.365289,-1.2659659,5.150084,-0.5814568,-0.3776103,-0.0092665125,12.457177,-1.2508856,5.3268657
-0.344076,-0.3045705,-0.004290929,12.310051,-10.371424,4.083321,-0.32702354,-0.37244383,-0.09933162,12.2116995,-10.191176,4.1064625
-0.09632215,-0.26731712,-0.027650824,10.875568,-3.1250536,2.6816757,-0.07885503,-0.3121909,-0.3227885,10.737214,-3.123591,2.6122172
0.21270075,-0.13214642,-0.0312492,5.3345237,7.7279205,5.670708,0.231327,-0.18399833,-0.5074,5.194035,7.216251,5.429013
0.5210768,0.052025795,-0.020459434,-0.8145767,4.0927773,6.9502177,0.5502496,-0.020113828,-0.44431263,-1.0647022,3.8340034,7.0107145
0.7953999,0.25815237,0.002922902,-3.5522275,2.762808,6.196355,0.8209685,0.12160287,-0.30387053,-3.8293326,2.728701,6.001884
1.0189332,0.45018315,0.02398003,-4.897115,2.5158472,8.752627,1.0711037,0.24627799,-0.30745965,-5.089384,2.5430367,8.661898
1.2328866,0.5744394,-0.07531246,-7.831721,13.391358,8.176477,1.5368978,0.44376,-0.35175377,-8.110555,13.643705,8.484409
1.5365415,0.667554,-0.0381402,-2.3914182,8.56628,-0.5018689,1.7483177,0.5072703,-0.36312598,-2.2776163,8.737523,-0.5429969
1.7766201,0.72975093,-0.09984105,-2.5684323,8.834142,-2.313659,1.9202856,0.554179,-0.3724704,-2.383716,9.109865,-2.8962965
1.9935495,0.76234853,-0.1496103,-2.1677012,10.300007,-4.2028356,2.0626962,0.59573495,-0.38724673,-1.9012239,10.347638,-4.7293606
2.1411667,0.77716666,-0.19357564,-1.460369,8.785944,-5.3724422,2.1610394,0.62032163,-0.39845306,-1.3622222,8.7548065,-5.540708
2.1938841,0.7860434,-0.21657361,-1.684876,6.049406,-5.754854,2.2255921,0.63794863,-0.40642896,-1.6336429,6.03786,-5.7952857
2.2046912,0.8055377,-0.21803565,-2.4379845,6.2209325,-3.4034288,2.254797,0.67568076,-0.40727392,-2.3757546,6.258045,-3.2063906
2.1850545,0.8468758,-0.2122931,-4.209508,13.629267,-3.3147194,2.2359478,0.74489313,-0.40348318,-4.247726,13.713732,-3.0987065
2.1338704,0.8270091,-0.21021022,-0.38991958,7.267705,-3.0166607,2.1914864,0.75540125,-0.38541216,-0.2842888,7.2262745,-2.9869225
2.0416045,0.8458373,-0.2139783,-0.16685694,7.8518915,-1.4436795,2.1235018,0.7648198,-0.3711671,-0.0632643,8.051551,-1.2317891
1.9136888,0.83979857,-0.1908143,0.01270264,6.4256663,-0.123338625,2.0291028,0.7849121,-0.3458553,0.065104336,6.5504155,0.01703349
1.7499006,0.8315982,-0.18252726,0.43972164,3.4460196,0.24809368,1.9040686,0.80518246,-0.31030226,0.44012058,3.6566067,0.32508957
1.6198058,0.8190723,-0.18425857,2.1631794,2.1344182,-0.5621001,1.7437068,0.8098229,-0.27730164,2.165701,2.282377,-0.6183489
1.4622232,0.8284086,-0.17878385,1.7648989,2.740461,-2.520273,1.5785873,0.80403656,-0.24312954,1.8567934,2.7654393,-2.6308408
1.2134676,0.87570584,-0.1261998,1.7472353,1.6803755,-0.46590942,1.2398242,0.84172416,-0.19412515,1.6346457,1.6285273,-0.29356775
1.0564249,0.91801184,-0.10808327,1.8198524,0.14699033,-0.12540667,1.0354165,0.8902238,-0.17490247,1.7566936,0.17300725,-0.08645562
0.8351456,0.9575253,-0.11777943,2.808009,0.99825215,1.4959744,0.83688265,0.9404335,-0.15223436,2.6554265,1.019343,1.5436826
0.6330693,0.990196,-0.10886117,1.196823,0.8882531,0.07455428,0.6516184,0.9931438,-0.13867892,1.1146785,0.9064009,0.06536139
0.42833462,1.0492039,-0.10107317,0.41599745,1.4141989,-1.6175436,0.4826652,1.0409118,-0.12822762,0.3496491,1.4748902,-1.7944583
0.24304548,1.1054977,-0.11302089,0.960941,0.13152155,-0.943798,0.27947336,1.0968375,-0.11746329,0.91583985,0.15030764,-1.1978577
0.03406349,1.124651,-0.19466431,3.08912,-2.405204,-0.99584407,0.044855054,1.1583147,-0.11785863,3.1517367,-2.4608688,-1.2064422
-0.23139891,1.3050658,-0.08685639,4.2912173,-4.641875,0.9003003,-0.34617493,1.2862594,-0.12818055,4.174313,-4.769293,0.9806858
-0.4226397,1.3444757,-0.1707324,3.7838123,-1.5175495,-0.37666696,-0.5197814,1.361594,-0.13677552,3.767733,-1.4971986,-0.43818945
-0.6451067,1.427515,-0.20643725,2.5464096,-1.1896144,-0.6695344,-0.6962882,1.4510823,-0.14623828,2.4422028,-1.1831067,-0.8062612
-0.8480023,1.5389855,-0.25763473,3.0268002,-0.81877524,2.1642303,-0.86435306,1.5587573,-0.16186385,3.0336995,-0.7373747,2.026156
-1.0219237,1.6369092,-0.33511218,3.7287683,-1.4075139,3.4961607,-1.015155,1.6633949,-0.18956716,3.8698874,-1.3235568,3.540771
-1.2117742,1.7998304,-0.2760932,1.9085389,-2.0061822,3.3145092,-1.178189,1.7721151,-0.2295476,1.9852093,-1.9710099,3.431126
-1.3459243,1.9215729,-0.30729693,0.8730237,-1.4314488,3.570575,-1.3330003,1.9161086,-0.27313435,0.9250019,-1.3164572,3.6489453
-1.5053725,2.1089091,-0.32783324,-0.69018763,-4.9749966,1.3032359,-1.6155058,2.2147005,-0.365327,-0.73023975,-4.9039474,1.3484261
-1.6518048,2.2850485,-0.39267662,0.5170576,-4.948324,0.8284462,-1.7288713,2.3600535,-0.41902643,0.57044166,-4.8954086,0.78432685
-1.7778646,2.478963,-0.44592193,-1.1577281,-5.509882,-2.243139,-1.8397058,2.520412,-0.48577255,-1.2217771,-5.4110823,-2.3932376
-1.9114599,2.6361663,-0.4836965,-3.1583052,-4.159703,-1.0512403,-1.939739,2.674507,-0.5493824,-3.1124418,-4.1434875,-1.2129971
-2.0120368,2.8215783,-0.5024239,-3.8565335,-3.0354862,0.042569946,-2.002526,2.8079886,-0.5935734,-3.7556286,-3.009496,0.06302295
-2.0357196,2.968093,-0.5297503,-5.176679,-2.109458,-1.8271941,-2.060077,2.9729388,-0.62635875,-5.234913,-2.024567,-1.8436503
-2.0583572,3.0787034,-0.5477864,-7.6425667,0.6106682,-1.8269488,-2.1213574,3.1081545,-0.46283478,-7.6813636,0.78476316,-1.818519
-2.104979,3.1706305,-0.5434945,-7.3031387,-1.2259146,-2.494789,-2.1941516,3.2705998,-0.42606026,-7.43256,-1.2558562,-2.4229865
-2.1135523,3.217313,-0.57235914,-1.9154578,-0.88695914,-0.62948793,-2.2231696,3.3107681,-0.5709434,-1.8698885,-0.90823084,-0.45154452
-2.1465797,3.2757,-0.5863542,-1.717574,-1.8942722,0.38946635,-2.2548354,3.3354592,-0.64019984,-1.7074435,-1.8315912,0.6679796
-2.1990826,3.3056476,-0.6006238,-2.7609162,-3.1757643,0.45819193,-2.2848392,3.3518233,-0.6950141,-2.7920442,-3.2475524,0.6620625
-2.228219,3.3494878,-0.6230534,-2.6538773,-4.183661,0.084835604,-2.3061917,3.3629487,-0.73325616,-2.6178012,-4.2333074,0.24543612
-2.1996272,3.3944504,-0.6175066,-4.7989736,-3.615216,10.254084,-2.3149965,3.3693168,-0.7494822,-4.692642,-3.5563462,10.457445
-2.1823947,3.2708924,-0.6558383,-19.282463,1.4365855,41.797874,-2.3509922,3.2610657,-0.7634952,-19.784197,2.1382496,41.405483
-2.0815802,2.979072,-0.53278524,-31.092161,29.651237,25.975916,-2.4581628,2.8062098,-0.8000324,-30.722609,30.423838,25.827894
-2.0471861,2.9628792,-0.56371075,-17.528046,7.6078444,16.33125,-2.3330505,2.7993393,-0.72595376,-18.28565,8.293932,15.637851
-2.0494995,2.7532482,-0.58263975,-22.936687,3.5623195,9.204777,-2.2649496,2.7465162,-0.6250588,-23.038538,3.4596376,8.421648
-2.0176978,2.401784,-0.57792276,-22.82375,1.6835648,2.791228,-2.25656,2.587205,-0.5311226,-23.582972,1.1871846,1.3704216
-2.081767,2.0605717,-0.520677,-17.600574,-1.5508169,0.18298228,-2.2512288,2.3862584,-0.45217875,-17.852623,-1.7152125,0.00030172983
-2.168207,1.8091235,-0.4383413,-5.515814,-4.139018,-0.23668472,-2.264747,2.100913,-0.36704743,-5.1838393,-4.40244,-0.07974822
-2.294722,1.5403062,-0.40987688,6.920904,-12.053635,-4.240895,-2.2577913,1.7897248,-0.26874116,7.0970497,-12.158583,-3.8697445
-2.3079386,1.1037662,-0.37014297,19.22903,-21.26819,-8.057799,-2.281009,1.2597201,-0.20620851,19.371292,-21.446634,-8.556696
-2.3500586,0.51895636,-0.263704,2.7454739,-0.33046165,34.0604,-2.3644924,0.71466845,-0.20610675,2.7266507,-0.35599467,33.8502
-2.1460173,0.2767203,-0.23239653,-3.8757865,4.1000543,46.198696,-2.4230459,0.18486868,-0.20520456,-4.1954846,4.1487865,45.12654
-2.3028183,-0.1351313,-0.23015554,-2.007977,6.622386,14.525338,-2.4572911,-0.22001414,-0.20631951,-1.7829975,6.844348,14.25674
-2.4521515,-0.77003074,-0.28389812,5.7866693,12.267651,-11.526091,-2.5022392,-0.6200533,-0.21103776,5.607258,12.622113,-11.523504
-2.4775708,-0.9358313,-0.29509485,8.815026,11.295051,-6.5460844,-2.5491865,-0.91265696,-0.21464673,8.879247,11.531049,-6.4739423
-2.6690986,-1.2588582,-0.5007304,6.457955,4.0991554,4.0624495,-2.6010118,-1.1112876,-0.22712725,6.5921254,4.320072,5.1345487
-2.8816833,-1.4581239,-0.5592271,6.3343186,-1.4387386,-2.0978682,-2.9178767,-1.4306743,-0.35134304,6.2810907,-1.0036656,-1.7362212
-3.053501,-1.5879027,-0.6645893,2.6371083,-0.07651958,-5.682491,-3.1481612,-1.5468658,-0.44150877,2.758377,0.12775312,-5.6284685
-3.2432349,-1.670921,-0.68969524,4.816378,-1.503006,-6.03648,-3.4217675,-1.6555613,-0.552824,4.804185,-1.7174317,-6.786614
-3.4915946,-1.6333405,-0.7893488,9.630203,-7.5510187,-4.431548,-3.6110945,-1.6795743,-0.63870245,9.744165,-7.68819,-4.498218
-3.6840181,-1.4322549,-0.89686984,16.468327,-12.829714,-4.653697,-3.7373016,-1.5708529,-0.71360046,16.42202,-12.809527,-4.232828
-3.7455897,-1.2569903,-0.9900752,21.551546,-16.920275,-8.419474,-3.9042525,-1.3514323,-0.82593596,21.707531,-17.091063,-8.30423
-3.9523797,-1.2363696,-1.0242884,16.326694,-12.276018,-7.9746203,-4.098169,-1.2630161,-0.9347001,15.946552,-12.649675,-7.419701
-3.9318871,-0.9713713,-0.9878195,25.41001,-19.639105,-10.910747,-4.289967,-1.116718,-1.0282084,25.473932,-20.14007,-11.250105
-4.105835,-1.0796585,-0.9919576,7.8323464,-6.670108,-4.256064,-4.27279,-0.94933206,-1.0096691,8.121029,-7.068955,-4.443099
-4.1208296,-0.7477386,-0.8729847,5.813294,-6.033827,-4.9277873,-4.223252,-0.74219865,-0.9728236,6.0485873,-5.6875014,-4.816404
-4.069386,-0.5274192,-0.81991905,4.532259,-4.1429596,-5.6897492,-4.1330323,-0.52305156,-0.91482455,4.897934,-4.269793,-5.4741817
-3.9245963,-0.20345336,-0.6710445,3.3043756,-3.238283,-6.0138364,-3.988425,-0.26826313,-0.8416446,3.5144484,-3.3405428,-6.0893526
-3.780298,0.04115188,-0.563389,1.7397473,-2.020227,-5.117136,-3.8523154,-0.0577347,-0.7810966,1.8570299,-2.1000426,-5.1092463
-3.6266298,0.31560034,-0.4278662,1.5299281,-1.9400116,-6.5457544,-3.6628845,0.21386547,-0.701681,1.5886726,-1.9775897,-6.5642467
-3.412147,0.58938444,-0.4160048,-0.867029,-1.7507863,-7.5339665,-3.2592509,0.65983146,-0.5715555,-0.90138257,-1.6945257,-7.6973433
-3.1631436,0.8329929,-0.4057636,-1.7920303,0.6663686,-6.500069,-3.0424163,0.87835765,-0.51205647,-1.8217825,0.67157143,-6.7905903
-2.9216933,1.0942287,-0.44505778,-5.221162,9.40148,-9.752685,-2.900903,1.0786281,-0.48088664,-5.1974444,9.4367285,-9.611926
-2.62705,1.3766426,-0.4730198,-10.040581,19.188995,-1.0412837,-2.8609865,1.210699,-0.48934317,-10.134871,19.243942,-0.54047126
-2.3491096,1.3811548,-0.49335262,-18.248474,26.970661,8.478845,-2.7121255,1.3858895,-0.47989926,-18.684004,27.455933,9.339714
-2.1738474,1.5027611,-0.46643123,-14.443936,12.4206505,10.729473,-2.4964015,1.4953054,-0.4275577,-14.200189,12.515506,10.40259
-2.3283622,1.5513705,-0.36804453,-4.438709,1.5564907,3.3406065,-2.4264293,1.5173737,-0.4031135,-4.100653,1.6693532,3.561799
-2.3444066,1.5143495,-0.33415923,-11.905205,-1.0036466,10.963816,-2.2663069,1.529101,-0.32403824,-11.66293,-1.0770794,11.344703
-2.3200839,1.489477,-0.36204422,-1.7702216,-6.232433,2.0624263,-2.2218337,1.4881731,-0.30300856,-1.6337005,-6.230262,2.148636
-2.2691863,1.4964671,-0.3366975,4.992912,-10.384474,-4.274859,-2.0493412,1.4793051,-0.27444312,5.01381,-10.471149,-4.1612167
-2.145988,1.4987606,-0.33944708,6.3567424,-9.134935,-6.512828,-1.8945082,1.4822319,-0.24669454,6.3852696,-9.2637,-6.6748843
-2.0135405,1.4099644,-0.3249016,5.181764,-4.4007015,-7.338808,-1.869305,1.4470329,-0.25460273,5.238088,-4.4714317,-7.5791035
-1.8551351,1.3563169,-0.2762979,4.0958166,-2.0168538,-6.806574,-1.8428037,1.4154071,-0.26297176,4.120768,-2.007424,-6.8162146
-1.7054261,1.3512787,-0.26040703,1.9814907,-0.7537219,-5.5733714,-1.7540865,1.4006339,-0.25232297,1.9986358,-0.7580233,-5.602358
-1.5559126,1.3394196,-0.23290022,2.0415983,1.6234665,-8.57578,-1.5496528,1.3838792,-0.22567217,2.0687895,1.6922314,-8.515864
-1.4667095,1.3265753,-0.23330356,0.5821292,1.0874532,-3.9077988,-1.453098,1.3821276,-0.20865357,0.6715389,1.1062942,-4.085253
-1.3716544,1.31125,-0.2255281,0.42038256,1.8044416,-3.3058593,-1.3698723,1.3765758,-0.19928837,0.49039963,1.752583,-3.361124
-1.2629049,1.3064256,-0.21168554,0.5052243,2.2534447,-3.0447705,-1.2707216,1.3617914,-0.19042008,0.5323604,2.2383316,-3.0984685
-1.161597,1.3024623,-0.19980796,0.6419484,2.4341118,-2.6529133,-1.1864581,1.3481076,-0.18172374,0.65898556,2.4074678,-2.7537353
-1.0975554,1.2958757,-0.19471851,0.85174006,2.4640539,-2.008413,-1.1294607,1.339826,-0.17266102,0.86207366,2.4297054,-2.0710745
-1.0411737,1.2873558,-0.18908255,0.6571359,2.5670073,-1.3244714,-1.0511756,1.3206983,-0.15782225,0.6709504,2.5482466,-1.3383518
-0.97673607,1.2756721,-0.18224926,0.9179118,4.2957096,-1.5091296,-0.9558081,1.294602,-0.14856048,0.92876774,4.3126698,-1.5380234
-0.9366524,1.2617644,-0.17211127,0.9562271,2.4738328,-0.88991207,-0.9165518,1.2790383,-0.14645055,0.97100043,2.479111,-0.8708249
-0.90490425,1.2560861,-0.17320032,3.5354047,1.9894927,-0.12944715,-0.8824152,1.2858422,-0.1410924,3.556177,1.97136,-0.04732495
-0.79212046,1.3765535,-0.16692682,17.87893,-3.3907685,3.608882,-0.7829003,1.39508,-0.13128707,17.526018,-3.213827,3.638642
-0.5565107,1.573669,-0.14580722,23.172026,-17.91656,13.439037,-0.5488542,1.6827645,-0.12305799,23.244484,-18.435434,13.708817
-0.42416725,1.8393855,-0.16126084,9.390171,-22.951769,9.889186,-0.40466836,1.8759629,-0.10828348,9.275043,-22.840935,9.838424
-0.47595927,1.8332455,-0.2912481,8.267499,-19.807383,0.61538774,-0.47993165,1.8632922,-0.08385087,8.246926,-19.896048,0.6894719
-0.13656262,2.0576172,-0.20627077,-10.688905,9.630204,-21.80196,-0.31231868,2.0581946,-0.0898529,-10.819208,10.406493,-21.955582
-0.1043469,2.2208097,-0.31430155,-13.356481,19.748573,-12.320021,-0.21951962,2.0020375,-0.15781146,-13.410894,19.855267,-12.214832
0.12517074,2.31348,-0.35260287,-7.7633433,16.698841,-7.4357066,-0.012625675,2.1196315,-0.23260303,-8.146959,16.921837,-7.8001866
0.31000718,2.376288,-0.39421725,-5.4348125,13.950472,-4.4297037,0.25429273,2.3410828,-0.31593484,-5.5675373,13.889048,-4.7885876
0.35112855,2.3926928,-0.43587574,-2.0882015,11.653629,-5.195899,0.39097983,2.4809177,-0.36922732,-2.1365075,11.610775,-5.5013757
0.33993104,2.4731083,-0.4743457,11.650161,3.0704372,-4.192109,0.51897174,2.6804829,-0.38573387,11.673104,3.2311568,-4.530738
0.53419685,2.7285557,-0.46782663,12.97099,-9.424986,9.400244,0.6994847,2.9932837,-0.39445853,13.045102,-9.311028,9.86722
0.46956626,3.0313115,-0.5575154,-19.751953,2.496563,-1.6197096,0.3423695,2.8263984,-0.43258736,-19.206001,1.8306147,-2.025048
0.4290392,2.9831767,-0.5285216,5.0077357,-7.489258,-0.13542883,0.26464826,2.853778,-0.49312502,4.8142605,-7.1449203,0.06653816
0.329438,2.98985,-0.4905804,30.090618,-28.221247,1.0741881,0.32360864,2.97642,-0.61318636,30.254402,-29.603233,0.83794135
0.3379971,3.1300764,-0.7335171,27.345478,2.2496252,-9.164784,0.38044184,3.1180818,-0.7951328,27.635912,2.1808665,-9.164807
0.48775938,3.417295,-0.82429427,-17.954262,5.42915,-9.566027,0.5283917,3.3317277,-0.9703218,-18.113375,5.2444158,-9.438479
0.42726246,3.5665765,-0.8789279,-26.227879,15.113144,-6.18829,0.7151114,3.598709,-1.1090808,-25.885498,15.118169,-6.4663963
0.76730466,4.015691,-0.961698,-11.0777235,9.922218,-6.739445,0.795054,3.854972,-1.1727338,-10.952748,9.795293,-6.9152913
0.7103151,4.2034225,-1.0808166,-17.475056,3.9177961,-0.42722553,0.76891327,4.1551266,-1.1638104,-17.745722,3.9692452,-0.26782036
0.7083111,4.268084,-1.0558728,-6.9607453,1.3567586,-0.5187847,0.7329909,4.231691,-1.1753987,-7.023489,1.3709747,-0.48696768
0.6642045,4.3380027,-1.0804945,-8.964439,0.35020116,-0.53404707,0.69803125,4.274938,-1.18216,-9.068637,0.49574482,-0.48449787
0.6087543,4.3198295,-1.0765616,-9.31464,2.0180545,-2.1014388,0.6478117,4.30703,-1.178861,-9.502108,1.89992,-2.0813296
0.533715,4.29948,-1.0548785,-9.305921,0.8646638,0.0030167827,0.5895292,4.302282,-1.1446413,-9.329299,0.70663506,-0.003161834
0.47438887,4.256432,-1.026728,-8.592146,0.7692984,0.5742946,0.53499544,4.251929,-1.08884,-8.727517,0.7052381,0.66793287
0.4146153,4.1506343,-0.9985861,-8.434637,-1.0659535,-1.7439319,0.48761344,4.1673765,-1.030862,-8.572013,-1.2794416,-1.781257
0.35649678,3.967968,-0.9376456,-9.493309,-0.5660355,-2.3555145,0.36184454,3.9190316,-0.9155742,-9.650561,-0.7813221,-2.540015
0.3221846,3.7823367,-0.8602666,-3.4300425,-0.19093081,-2.4568691,0.30877113,3.740298,-0.83548737,-3.4113152,-0.40285915,-2.5611951
0.23862031,3.5686076,-0.79184765,-3.4482982,-0.7324691,-1.2520066,0.25631592,3.5435572,-0.75714517,-3.5512133,-0.82795733,-1.4535127
0.17177299,3.3192115,-0.69981354,-3.5472717,0.44805518,-2.1422114,0.19681913,3.3654137,-0.6712629,-3.7340348,0.3431324,-2.2532847
0.12181905,3.0517116,-0.600105,-0.93113023,1.4446332,-3.8765767,0.13297494,3.154456,-0.57929575,-1.020558,1.317591,-4.169986
0.037305504,2.814272,-0.5486569,-1.2236668,3.3899543,-0.5211298,0.07365835,2.931855,-0.43048134,-1.2500119,3.3846555,-0.6918098
-0.059963435,2.5539804,-0.5063979,1.0587928,6.638608,6.049423,-0.01185698,2.701525,-0.15666857,1.0562844,6.736575,6.4640617
-0.1518893,2.297297,-0.4360952,5.6787477,7.048176,6.7125955,-0.1601473,2.2793505,-0.080232024,5.9903398,6.9702916,7.2736354
-0.27345273,2.0429342,-0.30303016,3.7422004,2.0571816,0.8895171,-0.26462027,2.0443254,-0.10715049,4.0765047,1.9105412,1.2297953
-0.3964983,1.8074188,-0.22269398,3.8709497,-0.9184896,0.69288474,-0.3719161,1.8110646,-0.089204356,3.9098125,-1.0661143,0.7259663
-0.5147476,1.5968424,-0.17277297,4.5508204,-1.7351834,0.06260593,-0.4638825,1.631328,-0.08511779,4.5127316,-1.8230414,0.065344855
-0.6344098,1.4114498,-0.16718538,5.2237816,-1.660727,0.02422936,-0.5692724,1.4504608,-0.07561506,5.1649685,-1.6928022,0.002972712
-0.72015417,1.2598807,-0.16474138,6.7152534,-1.5292422,0.5982867,-0.68608385,1.2601156,-0.06642646,6.707205,-1.5642351,0.60805506
-0.80597615,1.1226337,-0.1636808,7.1122594,-1.236302,0.90021044,-0.8017259,1.0911343,-0.05392594,7.140035,-1.2487636,0.9671663
-0.9023088,1.09884,-0.10084643,26.252974,-4.8906856,-5.7868876,-0.9319248,0.93908435,-0.03136451,26.986036,-4.682502,-6.585634
-0.73036397,1.2145948,-0.14635713,32.05493,-14.438213,12.1234045,-0.8053968,1.190289,-0.021493027,32.389824,-14.699757,13.069396
-0.7157799,1.1927646,-0.18659188,28.396423,-22.226501,14.86241,-0.79863375,1.307809,-0.020329356,27.902452,-22.345097,14.067845
-0.75604093,1.3083105,-0.18605153,22.126564,-18.670551,3.8516226,-0.8887396,1.3181438,-0.008891308,21.909872,-18.109797,3.3326945
-0.8143953,1.4461274,-0.20774658,16.831509,-12.287972,2.2233944,-0.9210636,1.459606,0.015879767,17.18076,-11.787693,1.6928703
-0.7095505,1.8961934,-0.29458234,7.6987224,-8.078734,-0.7650201,-0.83853877,1.7454011,0.027558142,7.7984624,-8.038259,-0.87130314
-0.53727794,2.2504206,-0.22066118,-14.561802,5.547291,-3.0274987,-0.72112525,2.042888,-0.02279265,-14.770288,5.5470185,-3.4313147
-0.33793566,2.4036398,-0.37078148,-28.056198,25.711424,-2.9552538,-0.5045338,2.4208176,-0.24257082,-27.89132,26.661848,-1.2264991
-0.17476717,2.8239079,-0.47606698,-17.101368,13.60462,-8.661818,-0.25953332,2.822191,-0.39663938,-17.331827,13.358623,-9.595668
-0.10381898,3.0440915,-0.60008115,-20.589012,13.435069,-3.4266245,-0.11792726,2.903697,-0.509462,-20.469858,13.090767,-3.3276608
-0.026271552,3.0719285,-0.62686944,-8.166148,16.190071,-2.7898731,-0.11769608,3.0305126,-0.59948117,-7.9066973,15.955954,-2.8279738
-0.17615661,3.2778192,-0.68790144,-12.460236,15.77995,0.93921834,-0.20138714,3.311421,-0.6826437,-12.652614,15.6117,1.3030869
-0.19659051,3.2532263,-0.70152676,-24.229902,21.50198,13.462803,-0.3427971,3.3613706,-0.73507214,-24.077177,21.745243,13.022735
-0.29467592,3.2535954,-0.67121154,-24.70511,14.408789,17.490227,-0.53138334,3.19813,-0.74369854,-25.31533,14.654837,17.416498
-0.39912274,3.355515,-0.54274726,0.8772859,-15.457161,13.793982,-0.39798123,3.3733287,-0.57178116,1.5879289,-15.36851,14.302107
-0.7097509,3.2401395,-0.5776138,4.7444305,-12.440382,-0.41151065,-0.6117335,3.4094045,-0.5395518,4.4437118,-12.634132,-0.4900833
-0.9152193,3.120891,-0.5702588,0.7404658,-9.636944,-2.7455707,-0.83283085,3.2405715,-0.5354907,0.80397594,-9.802892,-2.9234493
-1.009512,2.9849687,-0.508913,-0.7749601,-7.460266,-4.91674,-0.9666789,3.0734208,-0.51523846,-0.70660615,-7.380634,-4.934412
-0.91828036,2.8609607,-0.48620978,-2.865373,-7.020603,-15.675404,-1.0289664,2.9396858,-0.49002615,-2.8944604,-7.107202,-15.605738
-1.0047014,2.7542186,-0.46152008,-2.3858163,-6.804684,-3.4625347,-1.049255,2.771957,-0.45430315,-2.4379966,-7.071135,-3.6683109
-1.0070807,2.6340418,-0.43854588,0.13897413,-5.4917593,8.092536,-1.1381744,2.6633713,-0.4187066,0.06971813,-5.5796347,8.320769
-1.0431244,2.6957064,-0.5457819,32.88906,14.254082,10.179813,-1.3933529,2.8276687,-0.43189973,33.55865,14.054833,10.296133
-1.3593549,2.7627668,-0.40891078,3.9754994,18.254103,-25.70563,-1.5285418,2.6933417,-0.4329677,3.2367427,18.13801,-26.1376
-1.4997135,2.373779,-0.3544778,6.089124,16.580841,-11.535602,-1.5415901,2.4572253,-0.38557398,6.08102,16.351803,-11.612108
-1.6327477,2.3135562,-0.39970294,2.2366462,11.685775,-7.41672,-1.5769545,2.3915467,-0.35582384,2.2668264,11.297641,-7.3804793
-1.7691498,2.4081335,-0.45030078,3.2047176,7.7416472,-6.4366345,-1.68123,2.3805056,-0.35438198,3.128458,7.7770896,-6.517803
-2.0210567,2.3415756,-0.4742394,1.455306,7.0773153,-3.5993547,-1.8969958,2.3782663,-0.3678048,1.2976284,7.1890388,-3.4917312
-2.2772932,2.3562233,-0.51176137,-0.96461624,1.4800992,-8.350885,-2.2023916,2.4140048,-0.41794717,-1.2875901,1.6981043,-8.664347
-2.5865018,2.3656468,-0.5133802,10.499094,-12.7448015,-9.829672,-2.7937274,2.417769,-0.5337135,10.316844,-13.097662,-10.454913
-2.9063468,2.3389785,-0.6300183,3.6616538,-8.038929,-1.9023854,-3.1263525,2.4046826,-0.6375891,3.7050784,-8.15633,-1.7139173
-3.28242,2.2551923,-0.6843299,4.7085366,-6.000457,-1.970318,-3.4091475,2.4033833,-0.7401101,4.813933,-5.7647123,-1.5773035
-3.586474,2.2740707,-0.71365404,1.5195628,-8.660855,-0.44645613,-3.5899098,2.384664,-0.8280882,1.336512,-8.960563,-0.3674343
-3.733718,2.3423328,-0.7090445,-6.28972,-14.395066,6.9015245,-3.6644619,2.3096552,-0.89881563,-6.180898,-14.551899,6.5544214
-3.7837217,2.352961,-0.72466743,-5.1518955,-15.586067,11.931788,-3.7291543,2.202844,-0.98267806,-4.83043,-15.708141,11.598371
-3.8549657,2.4234033,-0.7724311,-5.047901,-15.941236,8.99811,-3.9371998,2.2901306,-1.1035632,-4.6594195,-15.793181,9.086328
-3.9614077,2.6288638,-0.79674834,-5.299271,-23.365166,8.872991,-4.131974,2.3675313,-1.1911367,-4.574942,-23.35491,8.749436
-3.9250093,2.4969654,-0.83681244,-2.5404859,-9.98007,3.4570038,-4.112263,2.38452,-1.1980351,-2.048842,-9.853594,3.7057545
-3.9113858,2.5059066,-0.79949296,-2.4453824,-8.062939,2.81236,-4.0421767,2.403089,-1.178066,-2.3153994,-7.9287806,2.575701
-3.8192775,2.4880319,-0.77426314,-2.1013694,-7.214553,1.4902714,-3.9342446,2.4171724,-1.1325188,-2.0166922,-7.2364507,1.6807008
-3.6691108,2.4657393,-0.7403148,-1.7270466,-5.510273,1.2306472,-3.81969,2.4239888,-1.0838549,-1.5342611,-5.6320148,1.2509605
-3.5075195,2.4530587,-0.70683885,-2.0771472,-3.4445732,1.1832227,-3.6495779,2.4328837,-1.0125327,-1.8095455,-3.5556705,1.1690629
-3.3344831,2.4460163,-0.67709106,-3.5466738,-2.382626,0.34575897,-3.4325101,2.4418209,-0.9243489,-3.2819111,-2.4717312,0.19269232
-3.1510837,2.4287443,-0.6584372,-5.610116,-4.856184,-0.7767305,-3.013853,2.426638,-0.78063333,-5.3303776,-4.9241943,-1.1484745
-2.9098697,2.3763852,-0.61487055,-1.2622223,-2.2486153,-0.24248378,-2.8091166,2.4055512,-0.72025865,-1.3274196,-2.5099232,-0.5517416
-2.6413143,2.3437428,-0.566706,-1.6095198,-0.4175353,-0.7592389,-2.5597603,2.3739145,-0.6418138,-1.4558381,-0.79079604,-0.750701
-2.3427393,2.29665,-0.52009183,-1.5883094,0.9990511,-0.5774521,-2.3212364,2.3360093,-0.5702366,-1.5536786,0.7936429,-0.6832611
-2.0561633,2.24451,-0.47562745,-1.4050018,2.4508626,-1.1907831,-2.1006327,2.2987351,-0.50939775,-1.4622661,2.085504,-1.2831037
-1.8227632,2.18994,-0.44534776,0.5874749,1.9005122,0.46647888,-1.8454939,2.2539163,-0.44643784,0.4654848,1.5782126,0.39507994
-1.5625383,2.1486835,-0.41973102,3.3048606,4.221825,3.195958,-1.5361495,2.1818383,-0.4464564,3.1431062,3.7863667,3.3427618
-0.6960248,2.0295582,-0.5379691,30.23305,45.760914,-3.4087212,-1.0341523,2.091765,-0.6851529,30.670082,47.47692,-4.704841
-0.91127384,2.1577225,-0.3912414,-13.192324,-9.285006,2.1796348,-0.8935685,2.1331656,-0.67839193,-12.735157,-8.8131275,2.2632797
-0.8546463,2.1646318,-0.3701957,-3.4005036,-2.9756958,1.4667503,-0.8366768,2.1949263,-0.59020185,-3.3241997,-2.4989045,1.0824715
-0.7810916,2.264964,-0.38948068,-1.8490247,4.410971,-1.8507935,-0.79286575,2.2342212,-0.50087047,-1.7030717,4.531876,-2.1098838
-0.7465669,2.2700093,-0.45314464,0.5242185,6.294861,-1.3423177,-0.70105577,2.239675,-0.46973738,0.47084713,6.146704,-1.3900001
-0.61954355,2.2503028,-0.4384307,-0.30950528,6.076312,0.0012815723,-0.6351533,2.226248,-0.45814,-0.3243085,5.9684253,-0.12939072
-0.57396066,2.1847234,-0.49772987,-2.8944788,4.6130514,1.313639,-0.58069855,2.2275586,-0.43441686,-2.8489707,4.5951457,1.305067
-0.5828382,2.204893,-0.41180828,-9.622167,4.3249817,6.921209,-0.5470053,2.2450607,-0.386376,-9.733402,4.3268867,7.367468
-0.5599325,2.2154593,-0.28368318,-6.937058,3.7664573,0.703435,-0.5783676,2.2483397,-0.030984527,-7.016818,3.7867856,0.81819916
-0.5781083,2.1479726,-0.2582051,-2.2612538,1.0251551,-0.5371234,-0.60444623,2.2197998,0.111369185,-2.1562068,0.8975084,-0.6206669
-0.58814156,2.078509,-0.24929376,-2.4395208,0.5803442,-0.0050937403,-0.6070795,2.14437,-0.048817918,-2.437778,0.5259374,0.06601034
-0.59272456,1.982406,-0.23515315,-0.8996746,0.120119184,0.013904406,-0.6108406,2.053296,-0.110215046,-0.89524096,0.06886346,-0.0029449502
-0.60230017,1.9539763,-0.21440767,-5.570864,-14.858494,2.8638568,-0.6173517,1.9731808,-0.15255788,-5.303492,-14.934988,3.053503
-0.5771049,1.80789,-0.28036234,-18.867556,-33.316536,-1.3193394,-0.6038746,1.8528421,-0.34630495,-18.313002,-31.831358,-1.5161531
-0.06982741,1.8305275,-0.554122,21.456814,30.844624,-0.9499175,-0.3945083,1.5483384,-0.46471858,21.770166,30.865398,-0.9804046
-0.21953818,1.5182804,-0.3883125,4.7345424,3.1778681,1.5067884,-0.28562433,1.4241027,-0.32255518,4.742201,2.738627,1.5087621
-0.105664104,1.375557,-0.32691845,4.0138693,-2.2658749,-1.173678,-0.231703,1.3316753,-0.24520327,4.1870704,-2.0572736,-1.6730621
-0.14724478,1.2719373,-0.083682425,3.5578084,-2.6838045,0.1817983,-0.19728442,1.231128,-0.19676568,3.599133,-2.5031705,0.0734277
-0.23597237,1.255355,-0.10966619,2.7228086,1.8496541,0.41042143,-0.15242803,1.1361051,-0.1779707,2.7844665,1.8473047,0.49781203
-0.10928914,1.1830372,-0.099120475,-3.0834713,5.1549277,-2.6097593,-0.119766854,1.0772616,-0.105893426,-3.1262434,5.2071123,-2.6632562
-0.0941318,1.0833116,-0.054093756,-1.963806,4.6214027,-2.4766974,-0.12606792,1.041314,0.30573866,-1.8347085,4.708101,-2.475266
-0.05597791,1.0002742,-0.06533431,3.7575417,6.577529,-2.8330874,-0.08325607,0.9680699,0.13750263,4.0572233,6.5600557,-3.1479745
-0.0942857,0.9389699,-0.06761498,2.9311845,2.0140097,-0.6126246,-0.08871483,0.9166118,0.06726775,2.9522343,1.9541663,-0.65375817
-0.062236518,0.9060722,-0.042298518,4.4540124,-7.3859005,5.070463,-0.110094525,0.8706227,0.02322347,4.502665,-7.478133,5.4297304
-0.1478574,0.90351737,-0.024623146,-2.1971126,-14.871498,-2.1880338,-0.12204819,0.8280449,-0.15444595,-2.1346474,-14.88368,-2.3446448
-0.12025103,0.8378541,-0.08056501,5.8074465,4.544817,-4.7707276,-0.09834597,0.79537624,-0.37825462,5.8327155,4.2286544,-5.1485167
-0.12291071,0.8813627,-0.14393146,4.0663757,9.05854,4.2900395,-0.053703476,0.7716718,-0.36023292,3.9992495,9.014262,4.5084386
-0.057092875,0.8484758,-0.11851411,-0.73848397,2.0362613,1.9157008,-0.012317865,0.78349364,-0.19382128,-0.7824112,2.02488,1.9680512
-0.02502498,0.85812914,-0.0832487,-4.200978,-0.370868,-0.9780304,-0.021686018,0.7946926,-0.13647963,-4.212349,-0.37732875,-0.97425604
-0.09511092,0.88115937,0.003008986,-8.168145,1.5981171,-1.4729167,-0.063740544,0.80992013,0.058801554,-8.381462,1.6032479,-1.2943444
-0.059777945,0.8232448,-0.012239685,-4.06875,2.623456,-1.6086682,-0.101296045,0.8159359,0.27367127,-3.9816933,2.6776087,-1.6694853
-0.083275646,0.7665545,-0.026971271,-1.1469735,3.8730428,-0.36774153,-0.10933998,0.7983695,0.28880924,-1.0048494,3.9176755,-0.3844201
-0.118753284,0.71121395,-0.03291551,0.82709605,3.1468217,-0.61666197,-0.10687105,0.7409516,0.13572592,0.8889728,3.1230545,-0.67779994
-0.16256914,0.64945585,-0.040052004,1.3307161,2.7205799,-0.70679444,-0.1430062,0.6706048,0.08969547,1.332181,2.7784464,-0.7435642
-0.22526726,0.6011529,-0.040120676,1.3238031,2.3949726,0.2846108,-0.18657245,0.6093989,0.06848336,1.3132918,2.4639544,0.34054008
-0.28714213,0.55699426,-0.047721855,4.859941,1.8548447,0.8635133,-0.30227515,0.52926004,0.04319806,4.8958387,1.8709192,0.9023764
-0.36971173,0.5320844,-0.046852306,2.4449825,0.50977856,0.38929182,-0.3723958,0.49029833,0.0340286,2.4391234,0.524066,0.5460843
-0.4516078,0.49412465,-0.045218855,1.7670153,0.060124252,0.56313926,-0.44916555,0.45792314,0.029542062,1.7708755,0.10660955,0.7103914
-0.533597,0.4658053,-0.040724598,1.0781024,-0.120169014,0.07038958,-0.52418613,0.43870267,0.029817108,1.0606905,-0.0903539,0.17650652
-0.61876476,0.4475687,-0.041564494,1.0029019,-0.4803439,-0.19198696,-0.6025234,0.43007565,0.027360998,0.9953179,-0.47996575,-0.11745324
-0.6923491,0.4381448,-0.046687335,0.9286186,-0.67936563,-0.0152832735,-0.6853488,0.42059717,0.018629866,0.92004853,-0.6920667,0.04554183
-0.7610432,0.4306779,-0.050179563,1.1101348,-0.90703255,-0.46884888,-0.7625022,0.41260698,0.01009472,1.1102166,-0.9325311,-0.4580633
-0.8404093,0.43127346,-0.058652543,2.3618708,-2.4459002,-0.22935908,-0.8891393,0.42753243,0.00044412236,2.3655782,-2.5311759,-0.21449798
-0.9184855,0.4489469,-0.0686401,1.0724769,-2.0633304,0.36586505,-0.9616567,0.43611985,-0.0053387745,1.0520105,-2.1086478,0.4198997
-0.9876795,0.45991874,-0.07489264,0.9467718,-2.0401952,0.45006734,-1.0250621,0.44952226,-0.009625774,0.9248098,-2.0944872,0.45936573
-1.046431,0.4787615,-0.081717886,0.96023554,-1.7799827,0.25920707,-1.0684843,0.46690795,-0.009811411,0.9664325,-1.8123535,0.2540499
-1.0959677,0.5051497,-0.08983144,0.97765094,-1.4552331,0.12027867,-1.1126505,0.49456114,-0.009742716,0.98143923,-1.479138,0.104144566
-1.1293876,0.5329224,-0.09431827,0.87680084,-1.4142268,-0.059891153,-1.15443,0.5293955,-0.009995409,0.87848943,-1.4479803,-0.08876086
-1.1568547,0.5657734,-0.09673401,0.44732744,-1.8954915,0.056233715,-1.1846311,0.5663397,-0.0091912355,0.43570432,-1.9467715,0.031547207
-1.1727114,0.6119375,-0.07811382,-1.8790733,-5.4681344,-0.8152246,-1.2207049,0.6300241,0.00500053,-1.9601526,-5.629647,-0.8658873
-1.1932546,0.6397509,-0.12947233,1.99394,2.724723,0.079784706,-1.2338809,0.6699137,0.024990007,2.167051,2.910062,0.048539024
-1.5325919,0.57295525,-0.029873883,-27.843582,-39.4041,0.79053885,-1.230116,0.7003349,0.06684636,-33.177513,-41.7681,-0.9851345
-1.2379838,0.893183,-0.042891435,-54.865906,17.591072,-13.692615,-1.2859225,0.7994155,0.17187808,-51.00538,20.71672,-16.844418
-0.66352296,0.8260333,0.15263611,27.819319,31.108372,5.5589204,-1.2352997,0.73699605,0.3293817,47.659046,35.663715,7.494536
-0.4900472,0.61258584,0.2117605,34.97489,-9.817347,8.766987,-0.9834559,0.33394116,0.3173117,35.197468,-15.964017,8.048937
-0.7271327,0.28171313,0.16457029,-13.661729,-5.223541,-2.3428528,-1.0707773,0.24063593,-0.03342013,-8.119831,-2.0773551,-0.7433469
-1.2920963,0.11009252,-0.04749512,-3.4085088,3.3882463,4.8113503,-1.0723449,0.27158087,-0.06186114,-3.4536083,4.514741,5.0189195
-1.1172941,0.28954065,-0.06430795,-0.00989515,0.22678813,0.9288319,-1.054989,0.2596088,-0.033552505,0.32083333,-0.15902153,1.028842
-1.0342431,0.2858916,-0.059304826,1.8837125,-1.5281944,0.23934443,-1.0384974,0.25265104,-0.033785712,1.9027233,-1.5505712,0.24879432
-1.0469102,0.26847863,-0.06413644,3.1474085,-3.2468932,0.9060665,-1.0518259,0.2444798,-0.047857445,3.1542056,-3.2897687,0.97130173
-1.0402842,0.29192734,-0.027876308,-4.5003366,-5.3243995,1.6001562,-1.0461918,0.25426468,-0.041309815,-4.588689,-5.3505235,1.7802896
-1.0270286,0.29514027,-0.026660597,-5.191781,-2.2699568,3.3910124,-1.0373951,0.289881,0.024845852,-5.264232,-2.2654467,3.5945601
-1.0080293,0.27148402,-0.058427744,7.629007,1.561979,3.9648154,-1.0101521,0.32501218,0.17278093,7.9840846,1.6000437,4.1167283
-0.9515226,0.3115989,-0.042700015,10.170728,-3.1621406,1.3713845,-0.9324172,0.29496166,0.106456764,10.130924,-3.3032339,1.2716283
-0.8919207,0.3457849,-0.051542155,8.032209,2.3267987,-1.7792279,-0.9171363,0.28652462,0.060548626,8.121315,2.3862758,-1.8838307
-0.8462291,0.37680203,-0.033310927,4.107755,0.1301091,-1.7007431,-0.8891629,0.3213465,0.031195102,4.0695934,0.021193998,-1.8201174
-0.80768824,0.45401782,-0.023844404,-1.2954637,-1.9015055,-0.4877302,-0.8422597,0.38374618,0.01536782,-1.4580283,-2.0101645,-0.4898609
-0.75234604,0.5269266,-0.0145489555,-0.0944559,-6.1341825,2.4732432,-0.7701721,0.51660043,-0.010876722,-0.07467739,-6.278679,2.578138
-0.741238,0.60353637,-0.031319827,1.4595798,-3.4624217,1.4315459,-0.7155492,0.6078249,-0.0030561853,1.5507654,-3.4668045,1.5345852
-0.6726241,0.7030032,-0.03606806,0.96504325,-1.3626544,1.0185367,-0.6596213,0.6852155,0.009301053,0.99408907,-1.3706142,1.085636
-0.58189285,0.7950368,-0.033023156,0.12930149,-0.65858006,-0.78647655,-0.57795197,0.77578324,0.009218122,0.13301718,-0.6611585,-0.7645451
-0.47543404,0.89762634,-0.04126391,-0.2730754,-1.3555006,-1.0662032,-0.48536623,0.8848559,0.0006854562,-0.28390676,-1.393665,-1.0908296
-0.36595187,1.0050929,-0.065870725,0.876473,2.5674555,0.71400386,-0.30717874,1.033428,-0.009460854,0.9803724,2.680654,0.8106436
-0.2643163,1.1142836,-0.056745693,0.67811376,2.2728922,-0.826188,-0.22113569,1.1220374,-0.012810523,0.7008378,2.26068,-0.9175493
-0.16357741,1.2258427,-0.061506532,1.2573925,3.684461,-1.1750332,-0.15292262,1.2114383,-0.019923812,1.3667289,3.696355,-1.2289703
-0.084480494,1.340855,-0.07087549,-0.26785952,0.7539246,-0.36855334,-0.08469919,1.2971544,-0.029076034,-0.24488086,0.6908546,-0.39734718
0.0053557456,1.470418,-0.07398941,-1.1714779,1.7669693,-0.8184847,0.03935661,1.4862525,-0.07346262,-1.160648,1.814137,-0.8239664
0.059007913,1.563528,-0.10934841,-0.68872434,0.83372986,-0.12099497,0.09136009,1.5817473,-0.09071034,-0.6093513,0.8136282,-0.111844
0.09826079,1.6653061,-0.13726257,-1.216153,0.5437286,-0.080742285,0.14140701,1.6747583,-0.100476265,-1.174061,0.5580651,0.006209044
0.14581928,1.7626345,-0.16057618,-2.4227393,-1.2505404,0.3136595,0.18699238,1.7546844,-0.114585124,-2.4402697,-1.3031805,0.39878252
0.20868787,1.8784324,-0.18514757,-7.0845547,0.81072164,0.4813972,0.29398754,1.9070811,-0.15703604,-7.2943234,0.9302263,0.68677765
0.27608493,1.9219267,-0.21687858,-2.6903918,0.8104441,-0.58044714,0.35073727,1.9766572,-0.1745471,-2.490772,0.801812,-0.5284519
0.33580962,1.9764287,-0.2566629,-2.0628462,2.687257,0.3341511,0.40406165,2.0234141,-0.18583778,-2.021466,2.8287823,0.5419204
0.41593263,2.0330908,-0.2952741,0.4155571,5.044272,-0.30221552,0.44383588,2.0677645,-0.2217154,0.5126345,5.072813,-0.24702957
0.51458514,2.0986524,-0.3699424,6.9288087,9.547848,-3.5066102,0.5344174,2.132401,-0.55039054,7.120626,9.36849,-3.6930428
0.41270527,2.243808,-0.3909729,-3.4497023,-20.677238,0.46600085,0.5413147,2.177387,-0.58386374,-2.3922038,-21.747976,0.83231586
0.4009836,2.2318015,-0.49793795,-11.327254,-26.38755,-2.3799047,0.538918,2.2315361,-0.646857,-11.188766,-26.58074,-2.2083492
0.59560525,2.3178184,-0.5056845,-4.1822124,-2.907919,-6.300205,0.5855055,2.2838633,-0.80217063,-4.209181,-2.8129823,-6.2910323
0.76161444,2.470601,-0.7985911,15.546607,29.568201,-4.8590217,0.904639,2.3402073,-0.77222204,15.749285,29.017248,-5.2066813
0.88823485,2.4218333,-0.62494844,-2.0410266,4.5221963,1.3996314,1.0034112,2.3804655,-0.64017344,-1.7843947,4.66448,1.3733517
1.0219729,2.4321046,-0.5089678,-8.062834,7.883373,0.42258984,1.0146322,2.4288213,-0.42030835,-8.231846,8.093673,0.27687114
0.9603454,2.5018153,-0.46317193,-8.047646,7.706333,-1.2823704,1.0032052,2.493154,-0.082503386,-7.817604,7.6807528,-1.0271974
0.96250045,2.4672096,-0.48261866,-9.602959,13.746775,-2.9048789,1.0060682,2.4792588,-0.31862733,-9.510276,13.743576,-2.9356265
0.9461261,2.4067526,-0.48877236,-3.8528914,6.3185887,-0.49976176,0.96795213,2.4518273,-0.34507436,-3.7903433,6.2896075,-0.5088365
0.78010535,2.37037,-0.4502031,-12.082582,1.0543326,-0.31130332,0.89905226,2.410657,-0.33341098,-12.120746,1.0859698,-0.3293312
0.6447128,2.236217,-0.41040227,-17.011494,-0.70618063,-0.2889771,0.787051,2.3430884,-0.1615331,-17.188171,-0.67999095,-0.29047984
0.53188515,2.075749,-0.3408085,-3.7213984,1.2750468,2.6802084,0.65931845,2.2419755,0.089676976,-3.7007887,1.1738718,2.806425
0.46623513,1.9499943,-0.3115556,3.7619886,1.6542712,1.3857859,0.57395285,2.097473,0.061556537,4.0095577,1.5890838,1.4096202
0.4169257,1.789751,-0.27759317,5.949274,9.182898,-5.2421284,0.41608644,1.7030846,-0.3387866,6.083767,8.96155,-5.6366243
0.24634323,1.5678719,-0.22824253,4.028939,4.8196816,-1.125333,0.29973218,1.5490742,-0.26336843,4.101676,5.0276513,-1.1581777
0.103450626,1.4230013,-0.183412,3.6574411,4.4633713,-0.0695297,0.14700471,1.3900636,-0.2010638,3.5709026,4.55017,-0.12807225
-0.08185086,1.3118737,-0.12529239,2.7278583,2.792949,0.55514985,0.0042563,1.263834,-0.17457132,2.6401448,2.9481404,0.6104136
-0.30183408,1.173471,-0.112980016,3.1665347,1.4558045,1.0094877,-0.16161498,1.1448276,-0.14596055,3.090251,1.6224068,1.13635
-0.49527755,1.0503712,-0.117375426,4.175089,0.2587736,1.3527256,-0.38723522,1.0067326,-0.1209974,4.106633,0.35880986,1.4798964
-0.6867677,0.9497179,-0.12535936,8.399812,-2.3310542,2.30017,-0.7382955,0.82886624,-0.107891075,8.295147,-2.3095706,2.4141164
-0.9267864,0.8504685,-0.13617481,4.5600996,-2.4662473,0.84712154,-0.92522275,0.7561228,-0.11101165,4.590238,-2.493941,1.2068107
-1.1251531,0.76420796,-0.13899413,4.526009,-3.295209,1.0796269,-1.113058,0.6961495,-0.12178769,4.459865,-3.32272,1.2568132
-1.3186251,0.70448273,-0.14804162,4.447882,-4.2217207,1.349461,-1.2831335,0.6522066,-0.13728264,4.4565616,-4.2600203,1.4158374
-1.4880782,0.66622335,-0.15960535,4.296851,-5.0118303,1.248334,-1.4374937,0.63216114,-0.15357676,4.323399,-5.058197,1.3100239
-1.6114559,0.66771036,-0.16860512,4.372128,-6.136964,1.3367594,-1.6073533,0.6292052,-0.1732034,4.399313,-6.222854,1.3376492
-1.7030739,0.7151459,-0.1648285,6.112948,-11.141144,2.2725008,-1.8228676,0.6660545,-0.20559569,6.1106477,-11.348418,2.2331946
-1.8383641,0.74040085,-0.20159204,2.2937622,-6.321467,1.6847233,-1.8960378,0.7036865,-0.22151004,2.3573427,-6.3168845,1.6706657
-1.9139208,0.79032046,-0.20751797,1.7238303,-5.775814,1.6184992,-1.9563303,0.75724113,-0.2359975,1.7314683,-5.8794193,1.5105401
-1.9589273,0.8591515,-0.21606137,0.89777726,-5.0428762,1.3307258,-1.9959011,0.8250994,-0.24545297,0.99579686,-5.0711036,1.2510368
-1.9715044,0.9420922,-0.22251807,0.26451212,-4.7815943,1.1684994,-2.0081146,0.90463287,-0.25299975,0.28154302,-4.8338995,1.0998528
-1.962654,1.0174593,-0.22761522,-0.4922374,-4.5240107,0.8516601,-2.0000992,0.98902386,-0.25606945,-0.4894089,-4.5867295,0.81052047
-1.9258789,1.1130935,-0.2254553,-1.9270588,-5.9422264,0.5844434,-1.9321587,1.1470414,-0.26078632,-1.9759502,-6.0524426,0.5909899
-1.8821019,1.1905533,-0.24906795,-1.1581688,-2.0980265,0.17706616,-1.8795251,1.2233673,-0.25446036,-1.1365291,-2.1003413,0.21504286
-1.8129089,1.2702104,-0.24841683,-1.7063396,-1.6013576,0.13471587,-1.8223193,1.2851015,-0.25391173,-1.7295822,-1.6526777,0.19392738
-1.7343458,1.3426639,-0.24948375,-1.9309677,-1.0074943,-0.031892944,-1.7537022,1.3455882,-0.24662201,-1.9279764,-1.066686,0.03843978
-1.6369312,1.4127907,-0.25012475,-2.203526,-0.35714653,0.0109594595,-1.6634226,1.4186593,-0.24462572,-2.2260964,-0.4287286,0.048350785
-1.5541489,1.4629116,-0.24799903,-2.6426406,0.2711189,-0.0786349,-1.5651847,1.480766,-0.23736458,-2.6738005,0.20824152,-0.042072974
-1.4512342,1.512052,-0.23921229,-4.564532,1.7061663,-0.45090646,-1.4003485,1.5568062,-0.2216343,-4.6387334,1.706827,-0.4001631
-1.3516111,1.5331525,-0.23777102,-2.2236733,1.4901521,-0.46420974,-1.318987,1.5838816,-0.2129094,-2.216572,1.4457535,-0.48395604
-1.25613,1.5640078,-0.23419093,-2.2413142,1.8860283,-0.3389656,-1.2309352,1.6020093,-0.20622016,-2.2715445,1.8611231,-0.28316313
-1.1658585,1.5839958,-0.226905,-2.094428,1.7403183,-0.4918682,-1.155723,1.6168396,-0.20506182,-2.1109405,1.7012874,-0.50142163
-1.0847204,1.591245,-0.21867597,-2.3125575,1.8693188,-0.6280181,-1.0892632,1.6186498,-0.19780424,-2.3616915,1.8260311,-0.6414478
-1.0245373,1.5825375,-0.21198574,-2.3302295,2.0020738,-0.49317783,-1.0280728,1.6036507,-0.18158585,-2.3705816,1.9687129,-0.50307786
-0.9525454,1.5627488,-0.19863239,-3.3314545,3.477019,-1.4185067,-0.91963625,1.5595758,-0.16237533,-3.3847318,3.4995973,-1.4760752
-0.90489316,1.5168257,-0.19225335,-1.2394458,1.6881725,-0.39841336,-0.8819887,1.5267408,-0.15131141,-1.228426,1.6656157,-0.45810786
-0.8639432,1.4773753,-0.18483701,-0.88048583,1.6466031,-0.49191827,-0.8495206,1.484822,-0.13749558,-0.9075969,1.6445547,-0.5023592
-0.8320006,1.4290459,-0.17786057,-0.68310755,1.4183178,-0.017440485,-0.81839806,1.4358255,-0.12731355,-0.6946606,1.413364,-0.03732934
-0.7768855,1.3765148,-0.16986813,0.947282,4.5835505,-2.3082569,-0.7931979,1.3973591,-0.111089796,0.95917255,4.637428,-2.4300814
-0.6564603,1.4408138,-0.12215706,22.805645,-9.609081,4.067641,-0.6834974,1.4690944,-0.08165019,22.281307,-9.643361,4.010143
-0.44702563,1.3348973,-0.067780696,-58.645588,52.694695,7.198272,-0.35695302,1.7995445,-0.004900404,-58.422974,52.00962,7.2457047
-0.68069184,1.4645133,0.104625024,-21.700481,-54.1052,-3.0873137,-0.61603415,1.6143115,0.044558693,-21.370626,-54.303936,-3.8577714
-0.70730126,1.2777715,-0.29594654,4.332746,1.126318,7.695051,-0.81408715,1.3980801,-0.0018814565,4.5882664,1.0263344,7.5714827
-0.6677526,1.093188,-0.23097977,19.841011,17.550962,9.363532,-0.8310728,1.1159785,-0.047225893,20.107113,17.244473,9.515154
-0.66554964,0.88188046,-0.23956372,7.7401156,15.214098,2.829787,-0.8304269,0.84993196,-0.035417493,7.8375883,15.301323,2.9213579
-0.8579675,0.62406486,-0.15746115,-11.47944,0.012879046,0.8084875,-0.9157831,0.5819377,0.029082272,-11.870722,-0.024380296,0.8850811
-1.1136614,0.09125912,0.035833754,43.742317,-30.560354,5.0121083,-1.3593155,-0.17920597,0.075356714,44.087383,-32.339134,5.5831265
-1.0556803,0.14239469,-0.14175446,12.391513,1.9798726,-2.4764388,-1.2895054,-0.18099204,-0.1339079,12.379544,1.8239374,-2.0320969
-1.1311837,-0.05965069,-0.10971623,9.13457,0.5449636,-0.21729629,-1.1954908,-0.11714038,-0.14482933,9.3981905,0.7409335,-0.2564853
-1.1722449,-0.19199187,-0.09497296,6.894917,2.2363038,0.4505859,-1.1198589,-0.039599977,-0.106712945,7.7104917,1.7303716,0.7146476
-1.1673275,0.01027149,-0.08597366,5.5689406,0.5844037,0.8483806,-1.0639042,0.0546903,-0.094761886,5.597195,0.54419774,0.9401762
-1.1234313,0.17800301,-0.09326551,0.7511601,7.019205,1.0456923,-1.0231304,0.18008336,-0.07259124,0.6621151,7.179521,1.2469816
-1.1441662,0.31739712,-0.0789273,-56.667435,24.089596,-12.271609,-1.005206,0.39104518,-0.12153995,-61.435417,19.333212,-14.756662
-1.1579721,0.11252022,0.102621265,-12.150022,-15.837858,-13.805549,-1.1212056,0.3289238,-0.14353345,-10.760576,-12.495352,-18.574656
-1.1364983,0.2905113,-0.006365737,31.26371,-7.658853,-3.2467465,-1.2911245,0.0896488,-0.029588839,31.28622,-7.461964,-3.7727334
-1.2689096,0.13632312,-0.14226444,10.324025,0.098554164,1.7285463,-1.34495,-0.03060109,0.06259642,10.063132,-0.3316261,1.2206516
-1.1847292,0.042703867,-0.013049474,-10.811629,2.1143982,-0.08927028,-1.2273208,0.16222857,0.001105876,-11.404113,2.0959086,-0.054595094
-1.2090913,-0.10589889,-0.0036803987,10.741558,-3.3479996,1.1594952,-1.1239673,0.30152264,-0.08446131,10.561792,-2.918872,0.8340113
-1.2039875,0.09289783,-0.09973123,4.0787005,-0.14359158,0.9307149,-1.1263181,0.16681506,-0.020438908,3.8430026,0.10231571,1.0530114
-1.1706449,0.14243639,-0.056615777,-1.1727017,-3.1694653,0.90751797,-1.1160005,0.19708782,0.018694738,-1.1493589,-3.2528977,1.1065837
-1.1336145,0.18272299,-0.0655122,2.6658,-1.9069393,2.341851,-1.0986263,0.24439655,0.080691926,2.8177104,-1.8939991,2.4852505
-0.8947015,0.36162907,0.021524148,17.16692,25.50159,1.1145376,-1.100595,0.22573125,0.07952792,17.060991,25.892702,1.5116343
-1.0249767,0.38130203,0.022175493,24.046116,27.103796,1.8877267,-1.1013476,0.23438963,0.12536009,24.21741,27.778282,2.447935
-1.1529034,0.34394312,0.029562855,24.635254,9.689226,1.7225646,-1.1912662,0.32591194,0.15692128,25.051325,9.630776,1.9635699
-1.5248395,0.57083094,-0.054054998,-7.520839,-35.20465,-3.245149,-1.5738658,0.6795515,-0.016152004,-6.8289776,-35.672104,-3.7355585
-1.6475185,1.0066817,-0.19609642,-10.71701,-24.196068,5.558902,-1.7743473,0.9768804,0.006773634,-10.283213,-24.334059,5.500923
-1.8448716,1.2665337,-0.17084578,0.38997072,-12.855169,6.500641,-1.8524139,1.2304989,-0.0760748,-0.09077945,-13.028538,6.5613036
-1.8738312,1.4025451,-0.22433598,-0.13836175,-7.987001,0.298472,-1.8617438,1.4191831,-0.18664993,-0.09092865,-8.136851,0.36781758
-1.8153192,1.6725403,-0.2629386,-1.5618603,-4.88249,-2.6272423,-1.8473037,1.5911185,-0.1884634,-1.5427186,-5.1348476,-2.697752
-1.685475,1.8703302,-0.2788951,-2.290558,-6.819716,-0.3165304,-1.7656513,1.8425835,-0.22204606,-2.3621461,-6.9571686,-0.32555863
-1.5444341,2.1078992,-0.26135415,-7.630034,2.6756139,1.5775954,-1.5165733,2.2410316,-0.27249888,-7.709659,2.9683414,2.1035256
-1.4053377,2.2988782,-0.30170396,-4.767356,0.94797707,-0.12589662,-1.3974053,2.4021375,-0.28565228,-4.7263536,0.912398,0.1471497
-1.2625945,2.4769163,-0.30964088,-4.9181623,4.8654366,-1.9587945,-1.2446438,2.5717022,-0.33493957,-4.89475,5.0707903,-1.713572
-1.058307,2.6908553,-0.32692418,-3.4032633,3.6503253,-3.226865,-1.1194223,2.712787,-0.36058012,-3.2687275,3.6294944,-3.3377802
-0.9510579,2.8113296,-0.3918834,-2.2065477,3.3739455,-2.565943,-1.0050988,2.829524,-0.38525265,-2.105192,3.4348927,-2.659633
-0.8361139,2.9208946,-0.42849386,-3.2735548,5.3919973,-4.327044,-0.8988385,2.964567,-0.40537474,-3.1767693,5.473888,-4.505148
-0.7867091,3.0229745,-0.47575715,-5.131488,3.6528852,-3.476302,-0.7887834,3.136123,-0.47483617,-5.1548247,3.627158,-3.6723654
-0.7643111,3.1073895,-0.5186486,-3.4692256,-1.1043817,0.13329752,-0.7419663,3.225489,-0.5028655,-3.4175541,-1.2280927,0.13617945
-0.7174635,3.2074447,-0.5438138,-1.7812191,-2.7560751,-2.4544961,-0.7049586,3.2902014,-0.52723926,-1.7741579,-2.8018396,-2.5595467
-0.67682076,3.290638,-0.570877,-3.9210258,-0.67597437,-2.626733,-0.6691703,3.3533397,-0.56757367,-3.9972858,-0.61537385,-2.69535
-0.6166049,3.331214,-0.59212345,-3.1970162,1.4444952,-1.7868026,-0.6218642,3.4010704,-0.57941586,-3.1360354,1.5054826,-1.722828
-0.5596081,3.3528,-0.6110698,-1.8295267,2.390984,-0.5091743,-0.568831,3.4388998,-0.5917684,-1.7621421,2.4771667,-0.40017915
-0.49765137,3.381824,-0.6213677,-0.8668154,3.583059,-1.6683189,-0.49819252,3.45639,-0.620383,-0.813288,3.6346097,-1.680186
-0.5027913,3.3986847,-0.621798,-0.614608,-0.8346882,-1.0703355,-0.49197724,3.454222,-0.62910205,-0.5968469,-0.9811567,-1.1684891
-0.50151956,3.4102297,-0.62717134,-0.97371393,-1.6919279,-0.2265362,-0.48382485,3.4496498,-0.63873106,-0.9865815,-1.7584512,-0.20848322
-0.47252795,3.4179046,-0.6391134,-0.60007197,-0.7081635,1.1394335,-0.46122167,3.4595902,-0.64372087,-0.47435656,-0.6779373,1.3052983
-0.4453962,3.4199672,-0.65717727,0.67208415,-0.89990973,2.5098124,-0.43665996,3.4697156,-0.6398666,0.79258066,-0.90280676,2.7463915
-0.42169616,3.4218378,-0.67495763,1.5671518,-0.8467999,2.8803194,-0.4083196,3.471559,-0.63763696,1.6352766,-0.8484802,3.123776
-0.38244268,3.4241164,-0.6616397,0.36253124,-0.2469115,1.2066301,-0.3381806,3.4825814,-0.65299666,0.43066627,-0.21303323,1.3925232
-0.32525316,3.4368162,-0.65850127,1.4252301,0.8719513,-0.759664,-0.2914114,3.5009606,-0.6633407,1.5503768,0.8681764,-0.70031446
-0.255868,3.4749873,-0.6935228,4.666134,4.104356,-1.2329091,-0.24720164,3.5121837,-0.795085,4.7735443,4.0271926,-1.2474698
-0.21537289,3.5153763,-0.7281609,2.2198448,4.1101465,-1.6198765,-0.1919213,3.533923,-0.99419224,2.2744749,3.9652576,-1.7280813
-0.20877984,3.575748,-0.74225694,-3.9741297,2.6422215,-1.2367183,-0.1604593,3.577766,-0.9996731,-3.9052424,2.4696827,-1.3895558
-0.2019479,3.6156757,-0.7622206,-5.1857333,2.3890734,-0.5519201,-0.15727662,3.6225533,-0.9054532,-5.04796,2.2981515,-0.6115145
-0.18642709,3.686932,-0.77802134,-7.8999534,4.3944697,-3.1990962,-0.17543665,3.662725,-0.8461971,-7.8714476,4.3683677,-3.288823
-0.15633973,3.7717571,-0.83657885,8.188519,-0.013275651,-5.9892497,-0.13667344,3.7436314,-0.82088107,8.562078,-0.055677604,-6.06204
-0.11311349,3.8679092,-0.9020038,22.760181,-5.3257537,13.314747,-0.0005653672,3.9640121,-0.8095108,22.725174,-5.1261716,13.552018
0.013214856,4.04082,-0.8421074,17.994894,-7.979648,19.660114,0.10120836,4.135181,-0.82581437,17.812452,-7.9568286,18.173347
0.08697918,4.2211666,-0.79662865,5.4429245,-4.822529,6.3712444,0.028364535,4.219214,-0.8441254,5.324992,-4.753539,6.4368587
-0.0064416826,4.3280883,-0.88233954,-2.4951417,1.5565896,2.9443173,-0.0425787,4.298948,-0.867401,-2.4454792,1.5334017,3.2026803
0.072426885,4.46948,-0.9281386,-10.169122,8.504965,0.25088125,-0.01872344,4.4441304,-0.9232915,-10.2628975,8.322329,0.21330276
0.27479842,4.40078,-1.0390962,-30.784233,21.708511,1.5678874,0.023975445,4.667722,-1.0420483,-31.085337,21.734118,2.1735349
0.14037272,4.7230883,-1.1339679,-17.545248,6.1951723,3.4579437,0.03573157,4.7118506,-1.1138182,-17.542145,6.443191,3.8647592
0.074242264,4.7358522,-1.1684477,-19.00407,2.850446,4.481859,0.025352087,4.6942296,-1.1564167,-19.379051,3.027962,4.4829135
0.030388445,4.6405115,-1.1038492,-15.971917,2.6216476,3.4256458,-0.0005715902,4.62692,-1.1719197,-15.878745,2.5380728,3.291855
-0.018620104,4.4779034,-0.9792247,-9.767795,1.1017866,2.836795,-0.042016264,4.507791,-1.1542152,-9.709256,1.1215826,2.641216
-0.06922749,4.327377,-0.9274397,-7.429746,0.15399852,3.1992486,-0.09472162,4.3374195,-1.100794,-7.574618,0.3546136,3.3216221
-0.10522255,4.0965075,-0.83837736,-7.0347996,-1.1000478,5.428932,-0.15747306,4.1014934,-1.0062813,-7.2589993,-1.0132415,5.5579205
-0.13831803,3.7700367,-0.74395496,-4.506685,1.8581359,14.12236,-0.26667067,3.6044474,-0.8156669,-4.5187244,1.9693458,13.738134
-0.1399053,3.4767463,-0.625026,4.5191836,0.2656257,6.8958297,-0.30729672,3.33134,-0.71243626,4.609983,0.30094004,6.8157253
-0.20237407,3.1827292,-0.53532946,7.9629726,-1.831108,5.7960186,-0.36836383,3.0372412,-0.6223862,7.969845,-1.7020323,5.8577538
-0.28884807,2.8671246,-0.43320376,7.8652315,-2.8105025,4.1049013,-0.42678177,2.7840183,-0.5536138,7.824233,-2.8205535,3.9905405
-0.3801544,2.600986,-0.36502525,6.047147,-2.2034285,3.0983484,-0.47348642,2.5696845,-0.49370697,6.0136857,-2.1941307,3.070935
-0.42821327,2.3790452,-0.31001708,5.157535,1.392489,1.4238299,-0.5217937,2.3496141,-0.43546703,5.0923357,1.3869425,1.4128611
-0.5096139,2.1578534,-0.24880148,-1.7355747,5.834176,-2.3513901,-0.6208933,2.0594504,-0.372921,-1.6087009,5.8631244,-2.348883
-0.63168406,1.8143653,-0.1736678,-8.7313595,16.252197,-8.195262,-0.92045414,1.4524727,-0.28565612,-8.212712,16.231833,-8.830711
-0.76310384,1.4937676,-0.1508772,0.6143586,2.7562745,-1.525103,-0.98262537,1.3207957,-0.25378925,1.3035498,2.9285738,-2.166752
-0.99124634,1.3012437,-0.17777231,2.215678,-0.88709146,-0.38202327,-1.0599383,1.1877339,-0.2246808,2.2031054,-0.84275156,-0.50831467
-1.2802268,1.058173,-0.17686604,3.1340222,-2.1827269,0.049281668,-1.1677785,1.059812,-0.20792109,3.2659347,-2.014375,0.332398
-1.4780074,0.80254984,-0.17730175,3.3262525,-2.2215087,-0.070326015,-1.2873926,0.93310994,-0.19927981,3.458781,-2.0360396,0.024034454
-1.579325,0.69331086,-0.17893545,3.9615574,-2.3786016,-0.2609014,-1.4304819,0.7969036,-0.19619983,4.107749,-2.2272363,-0.23281136
-1.6814871,0.6053392,-0.18530191,5.6575336,-2.8549411,-0.054044176,-1.5979947,0.6614259,-0.20170645,5.769129,-2.7831824,-0.058992308
-1.7726805,0.5731174,-0.17885755,11.524389,-6.2298245,0.70122725,-1.8664732,0.4849662,-0.22006398,11.45099,-6.227423,0.6914494
-1.9441681,0.49238968,-0.21409531,6.2126803,-4.072147,0.90737873,-1.989916,0.4350296,-0.23680381,6.25057,-4.0741796,1.1419582
-2.0758986,0.4368239,-0.21615677,6.17769,-4.1624303,0.9239598,-2.1177843,0.41335258,-0.25634736,6.1952753,-4.17598,1.1411769
-2.2033365,0.41707402,-0.22856833,5.466659,-4.044307,0.8421901,-2.2310925,0.41467845,-0.2804741,5.5101748,-4.1042976,1.0187947
-2.3024464,0.4713024,-0.24667059,4.772064,-4.047388,0.3950222,-2.316475,0.44170567,-0.2988901,4.7907505,-4.0753393,0.6026686
-2.3294072,0.5923798,-0.2847213,11.376086,-5.160451,4.0642533,-2.374241,0.53395253,-0.31055436,11.203496,-5.1614985,4.26934
-2.3833387,0.7835728,-0.27570584,19.5104,-6.2169075,20.686321,-2.3621845,0.832464,-0.33090115,19.428076,-6.5911255,20.929447
-2.3720653,1.0803219,-0.3500739,21.527664,-9.907181,3.6027596,-2.4628441,1.3210412,-0.380294,22.058342,-10.092417,3.4337306
-2.539357,1.2961905,-0.32578006,0.7684992,0.96698195,-6.2101216,-2.534229,1.5169427,-0.37247267,1.0240949,0.8615235,-6.2719417
-2.4848335,1.5908467,-0.38602498,-5.420548,2.4662302,-3.7728844,-2.4939964,1.7636597,-0.3676248,-5.84498,2.8557777,-3.9833045
-2.4093678,1.9287549,-0.43230087,-4.6571555,2.6931143,-5.7953663,-2.423104,2.011708,-0.3755004,-4.629329,2.7863646,-6.072153
-2.2668848,2.3047442,-0.44183812,-1.4314348,-0.54671806,-5.8467293,-2.3686044,2.2544434,-0.41323388,-1.4415743,-0.5500427,-6.3468833
-2.2412713,2.5673141,-0.49420032,-1.456592,-3.8322608,-10.353823,-2.3057315,2.458498,-0.45699793,-1.5338557,-3.7666907,-10.533946
-2.0890183,2.8577652,-0.36633715,4.0078793,-11.814177,-68.324844,-2.1908479,2.6872694,-0.50022876,3.553567,-11.29678,-68.69613
-1.5863361,3.5050325,-0.54071206,11.743331,-28.233477,-190.38449,-2.1216118,3.0543733,-0.5737132,11.075668,-29.953825,-195.15053
-1.8951523,2.9802136,-0.4604648,-2.6735926,-12.234838,-63.12659,-2.1025941,3.1187713,-0.5931222,-2.2716928,-11.91454,-63.221844
-1.9203457,2.9098797,-0.5199826,-7.824431,-6.698251,-24.895084,-2.1231403,3.0764549,-0.6179385,-7.759917,-6.6457677,-24.858732
-2.2227345,3.0850866,-0.63741845,-11.324944,-3.3505068,15.865514,-2.168562,2.9498322,-0.6497175,-11.343383,-3.3932989,14.836989
-2.1379015,3.0819745,-0.6311019,-5.1253824,0.5855681,53.07822,-2.1850111,2.7761297,-0.67791843,-5.2954283,0.41999647,51.421234
-2.027458,2.6536458,-0.47660676,0.39757553,0.3287951,70.75493,-2.2117002,2.7775698,-0.68672997,1.8805782,-0.828093,69.38321
-1.9932802,2.6082063,-0.45247844,-11.774774,1.4881338,102.02497,-2.2824306,2.8729465,-0.6626512,-11.973169,-0.79565936,93.96586
-1.9451188,3.1483545,-0.33643457,-20.903255,14.375115,201.83047,-2.1388547,2.8495727,-0.5786222,-21.391258,14.391105,200.8589
-1.8960752,2.8619404,-0.6209633,-15.580482,5.111769,11.8337755,-1.9711134,2.881593,-0.5719689,-16.417027,5.458086,12.654237
-1.5395538,2.6050427,-0.45554253,-10.520822,-3.7236264,-25.753056,-1.7063018,2.8229966,-0.5255019,-10.320642,-3.6109629,-26.063114
-1.3737835,2.6633303,-0.48066983,-2.6141458,-3.3917801,-35.564785,-1.366586,2.8263562,-0.485541,-2.498418,-3.5190516,-35.451885
-0.9609716,2.7892482,-0.5697772,-6.423593,2.4086144,-25.612543,-1.125047,2.819114,-0.4613549,-7.249825,2.3886654,-25.556429
-0.73070765,2.63833,-0.4580161,-7.5171585,7.91842,-13.480486,-0.89486504,2.5744617,-0.4182094,-7.7706537,7.9381175,-13.014604
-0.44017038,2.3359118,-0.3958015,-3.8127844,16.733335,-13.2300205,-0.40213147,2.2650604,-0.33728957,-3.8052588,17.239157,-12.649363
-0.2193732,2.1104922,-0.2961667,-2.1985598,8.515682,-19.451723,-0.19335078,2.1098647,-0.3002098,-2.0055082,8.464406,-19.416481
-0.07768139,1.881398,-0.2965729,-3.9976225,11.7735615,-40.135036,-0.072440065,1.8419427,-0.26706907,-4.1235976,11.862702,-40.29829
-0.12269208,1.4904083,-0.19942535,-10.319263,16.750687,1.209885,-0.024902191,1.4470323,-0.25665686,-10.215337,16.744057,0.88084453
-0.141996,1.116754,-0.17809288,-10.705626,11.05245,25.79965,-0.048194658,1.0755407,-0.24966204,-10.560643,11.186456,25.780329
-0.07540414,0.93223506,-0.050974652,6.050867,-1.5420631,8.754951,0.03488493,1.1651812,-0.17827837,5.316057,-1.4471825,9.887925
-0.36419842,0.84605044,-0.06035664,28.36333,1.3779184,1.490168,-0.022297733,1.0442736,-0.04819455,29.485058,2.3714962,1.3975327
-0.3862156,0.6016341,-0.09108775,11.61255,1.2233858,-0.94481057,-0.1427292,0.75809985,-0.030542688,12.370098,1.4536645,-1.0091163
-0.41062352,0.42798448,-0.027096739,9.140461,-0.14722821,-3.9858878,-0.2567878,0.5335159,-0.035277527,9.284471,-0.25300553,-4.183107
-0.42045507,0.4484924,0.032867827,13.779234,-10.225328,-10.739071,-0.36387953,0.39696294,-0.058722302,14.143818,-10.376067,-11.146799
-0.43076327,0.4781018,-0.024304291,11.030362,-3.164334,-10.1773815,-0.42822444,0.312593,-0.27434212,11.178949,-3.2674296,-10.452484
-0.49534306,0.3877995,-0.04548482,3.9283743,3.4784744,-7.423144,-0.49178278,0.28965774,-0.5062183,3.976448,3.4167328,-7.972558
-0.5344075,0.34735763,-0.00026743673,8.125516,-3.5348449,-9.889549,-0.66743636,0.33488095,-0.28965822,8.346667,-3.560427,-10.27548
-0.6423278,0.43060297,-0.09421345,3.5988584,-1.174797,-2.31765,-0.7334698,0.3731117,-0.23834607,3.8352249,-1.2279631,-2.8110883
-0.7077652,0.46741748,-0.16516538,2.759132,-1.5459925,-0.10493915,-0.79427916,0.42088544,-0.23592381,2.9324555,-1.7101657,-0.565072
-0.8379053,0.53593177,-0.10832975,1.3673484,-2.4312427,1.0046932,-0.8699079,0.46963853,-0.23405221,1.503927,-2.4503229,0.78138363
-0.9019034,0.6212522,-0.11056774,-1.6185038,-3.0508478,1.6667911,-0.94056,0.5348218,-0.21728939,-1.5669335,-3.1153388,1.4931161
-0.9670198,0.70701694,-0.08280828,-3.7699847,-3.1146898,2.1708071,-0.9896254,0.62153286,-0.18681958,-3.746513,-3.2157793,2.1320834
-1.0198314,0.7977854,-0.03491421,-7.478558,-2.1499205,-1.0211884,-1.0162444,0.77396667,-0.14413193,-7.536974,-2.1833422,-0.9758352
-1.0117813,0.8366084,-0.07537583,-4.2638803,-0.51241785,-1.6084679,-1.0121055,0.8312172,-0.14276935,-4.2513747,-0.53226745,-1.7074529
-1.017792,0.8701085,-0.09239602,-3.8452253,-0.58083284,-0.96430916,-1.0097917,0.86575943,-0.1401338,-3.8912005,-0.5671501,-0.9996166
-1.0253818,0.8904748,-0.09924343,-2.8241005,-0.6887691,-0.58200926,-1.0105472,0.88535243,-0.13642496,-2.8327472,-0.6971939,-0.6141431
-1.0169295,0.90371513,-0.104037695,-2.3079937,-1.4648378,-0.09985678,-1.0160989,0.89237446,-0.13202989,-2.347068,-1.5218581,-0.11568465
-1.0091362,0.90260804,-0.10411003,-2.473416,-1.5387111,-0.7565183,-1.0291352,0.8923565,-0.12749213,-2.5419014,-1.5822376,-0.7799709
-0.9848136,0.8949603,-0.09564594,-6.8239975,-1.9371502,-2.549894,-1.0186945,0.8681881,-0.10628388,-6.984857,-1.9621513,-2.6242476
-0.9843571,0.8413383,-0.09900139,-3.538376,-0.38667575,0.082631424,-1.0019478,0.8351237,-0.09258985,-3.599172,-0.39913175,0.09989997
-0.97613156,0.79002964,-0.09821908,-2.9709516,-0.5216522,0.810154,-0.98390263,0.7817169,-0.08695763,-3.088016,-0.56977206,0.8561503
-0.96119595,0.7260131,-0.09122509,-2.941742,-0.67219424,1.0245467,-0.9666606,0.7122342,-0.07786605,-3.03408,-0.7046952,1.0771871
-0.9411341,0.6468706,-0.090707354,-4.535506,1.7260301,2.7068381,-0.9512293,0.6368756,-0.013256954,-4.6667247,1.7815685,2.8585155
-0.93908167,0.53402287,-0.09556054,-2.960911,3.8127434,6.567403,-0.93704814,0.5592947,0.14603439,-3.06969,3.9409003,6.78739
-0.90638065,0.4317432,-0.08864777,2.5042531,2.8340406,5.81774,-0.895919,0.37165263,0.1336012,2.5583255,2.8887792,5.9606886
-0.9074478,0.32306308,-0.07190771,2.007183,1.3564916,0.7236391,-0.8916824,0.25392178,0.062198985,2.0509682,1.4043366,0.7262685
-0.9099984,0.20683163,-0.06351256,2.299529,1.0180187,0.740933,-0.893097,0.15858574,0.03795641,2.2898424,1.0761994,0.746235
-0.90992653,0.08203483,-0.0525511,3.168955,0.2921199,0.55239373,-0.8985144,0.055408306,0.01613195,3.1180913,0.33217144,0.60002524
-0.90887547,-0.0040900707,-0.044983096,3.5840945,-0.35633406,0.5464855,-0.9081194,-0.032267597,0.0036013215,3.5606935,-0.32834417,0.59521997
-0.89405143,-0.063441515,-0.016206672,1.3720776,-4.477969,1.1935071,-0.92122287,-0.11206641,-0.00071844266,1.3415195,-4.486678,1.3078625
-1.1877015,-0.044027805,-0.033280276,-22.897852,-53.185158,3.3569918,-0.903493,-0.23423134,-0.22459188,-24.715954,-55.520153,2.904897
-1.0738553,-0.23691225,-0.037231587,-7.588679,-11.596285,-1.0750805,-0.81643295,-0.3365957,-0.38507375,-7.3110204,-11.932898,-1.4370674
-0.69859385,-0.45168787,-0.08250103,2.3678198,8.9097185,0.10933526,-0.6308268,-0.4991208,-0.21490626,2.2332826,9.260734,-0.458244
-0.35874972,-0.4572447,-0.13554604,20.783539,30.419987,2.0314891,-0.3843478,-0.6488507,-0.17705059,21.087639,30.463064,2.377818
0.12940553,-0.69960374,-0.15216115,9.526805,16.875347,2.8757856,-0.09861336,-0.78823954,-0.2170689,7.3797865,15.058774,4.2506795
0.39870325,-1.0648232,-0.044373177,1.5826491,0.05020413,-1.1828018,0.047874015,-0.8896066,-0.16916998,1.9662569,-0.41325292,-1.4216698
0.23559466,-1.2919948,0.044505753,3.1361382,9.046397,-7.786982,0.11248448,-1.0129535,-0.08609206,3.35649,9.616567,-8.606305
0.032938033,-1.0352446,0.04179757,11.7933,26.50403,0.98349005,0.13904089,-1.0564024,-0.03603155,11.727654,26.423502,2.1484566
-0.19507763,-0.57750034,-0.25543162,75.200455,99.21385,13.410786,0.108003765,-1.1260618,0.10378305,145.43747,160.80418,5.011092
0.14155152,-1.1969573,0.61999923,19.771297,-27.916698,-9.645183,0.24845833,-1.3189229,0.5938372,20.140669,-27.663729,-9.825916
-2.6036682,-1.4308624,0.29400173,-31.317528,-47.6649,-4.0110106,-0.7910365,-0.36354238,0.7026147,-160.58765,-133.38274,-0.03237146
-1.5959638,0.6055162,0.32651827,-40.070515,-18.96824,0.6703051,-1.6789868,0.5687253,0.92417115,-40.303795,-19.358042,0.71018726
-1.1259936,0.14773566,0.17021133,32.268456,0.42567584,5.885946,-1.3332951,0.059894778,-0.0070204926,31.74046,0.26147267,5.8548536
-1.4578251,-0.1371538,-0.08718463,9.005332,-1.6906096,2.8999565,-1.2847688,-0.0569347,-0.17886305,9.072678,-1.5965785,2.7027335
-1.3320239,-0.089670986,-0.10531577,6.568109,-2.0280144,1.4333569,-1.3257357,-0.036157023,-0.1429251,6.603723,-2.0197759,1.5512846
-1.3662131,0.03315562,-0.10521739,6.652967,-1.3121291,1.630382,-1.3334932,-0.0053570615,-0.12648895,6.898289,-1.370366,1.7249092
-1.3094362,0.1308983,-0.0729899,0.47731298,-2.1393962,-0.42701262,-1.3323863,0.049794894,-0.11929018,0.38909534,-2.228605,-0.43850425
-1.2215201,0.25334024,-0.00038479827,-20.329556,2.3118107,-3.9677234,-1.3470341,0.13627999,-0.060018934,-20.72069,2.4094706,-4.179147
-1.2742622,0.18639654,-0.045083247,2.1512537,2.7055283,2.2405283,-1.322466,0.23361322,-0.03894326,2.0265458,2.663008,2.1869686
-1.2698938,0.25245142,-0.050016336,-1.2055985,-0.45568016,-2.1812418,-1.3013786,0.2210202,-0.09484425,-1.5685644,-0.43017772,-2.4877543
-1.2882004,0.26213545,-0.06460666,-1.5117649,0.7604942,-2.4514136,-1.3121448,0.2093695,-0.07723001,-1.4856827,0.7914684,-2.5949988
-1.2693754,0.24222004,-0.08040511,-3.6044278,6.577271,-1.9496166,-1.3189281,0.21232569,-0.04957461,-3.7212043,6.721215,-2.0440836
-1.2762173,0.21973622,-0.07057523,-1.8746375,-0.40752843,-0.027778076,-1.3243676,0.23045956,0.040892743,-1.9590733,-0.46901956,-0.070800126
-1.2698807,0.20876098,-0.03663712,3.9555488,-8.413987,1.9950207,-1.3617895,0.24099793,0.16422321,4.0185494,-8.5095825,2.0082133
-1.2701577,0.23799884,-0.02253764,10.091409,-15.398413,3.242553,-1.3917736,0.2095776,0.0910501,9.918369,-15.430316,3.3964312
-1.3283726,0.24462098,-0.10448935,9.113347,-6.409729,1.4352206,-1.3619676,0.20913419,0.06596476,9.23935,-6.4792757,1.5444931
-1.2567492,0.26968175,-0.077309765,5.2575126,-1.7900379,0.11950119,-1.3010089,0.23508953,0.03959166,5.2453966,-1.714878,0.069609076
-1.1473675,0.33960652,-0.043270104,-1.2349193,-2.5552309,-0.6387164,-1.2165455,0.29101783,-0.007151352,-1.4669305,-2.6004612,-0.4744576
-1.0450282,0.4087386,-0.023742666,-1.7156259,-2.9753053,-2.9408436,-1.1130733,0.3724578,-0.0153121045,-1.8137454,-3.1124938,-3.071014
-0.9345372,0.47582155,-0.019995054,1.3075188,0.8365723,-4.908917,-0.9979879,0.45311418,0.008338609,1.412321,0.82697487,-5.1652946
-0.8166158,0.5868396,-0.060291216,1.1460105,7.196189,-1.2224957,-0.80092067,0.59522635,0.009711233,1.1954647,7.3366923,-1.2425361
-0.7260841,0.6562912,-0.066919394,0.23308343,3.2422616,0.9588557,-0.6930768,0.683555,0.03404818,0.23604721,3.2229295,0.93676573
-0.618085,0.7451042,-0.058629133,1.7291355,4.8732634,-0.2878539,-0.5978061,0.769655,0.04391143,1.8542198,4.9076343,-0.36289766
-0.52946484,0.8644755,-0.045584038,1.7776456,2.4355662,-0.09550159,-0.5171249,0.8642317,0.026318412,1.842321,2.3926768,-0.1993411
-0.46044067,0.9887034,-0.051281072,1.2684158,4.0605507,0.44272453,-0.46135354,0.9595122,0.019113833,1.3516514,4.1077228,0.41496566
-0.40289262,1.0899876,-0.054059125,1.3720995,4.4965334,0.17426546,-0.4169844,1.0596112,0.01635294,1.4594549,4.484491,0.0915395
-0.36477825,1.2081844,-0.06852692,1.0404019,3.4722683,-1.549456,-0.3738078,1.254338,-0.0019393059,1.0709366,3.4728715,-1.6871333
-0.35671297,1.3306322,-0.07998853,0.9173998,0.029111179,0.920667,-0.3729254,1.3601048,-0.03412287,0.9697635,-0.018072212,0.9162721
-0.36334297,1.4628114,-0.10369789,0.074238956,0.27225992,2.1080725,-0.3792023,1.465898,-0.053159308,0.11029484,0.30883828,2.202156
-0.36212668,1.5936798,-0.1179327,0.38694733,1.8721333,1.5635885,-0.3923645,1.5674475,-0.087233566,0.44135773,1.8790215,1.5911238
-0.40004274,1.7430627,-0.11654293,-2.7034752,0.19792148,2.716184,-0.40287074,1.6953648,-0.12442024,-2.791063,0.1326705,2.8912647
-0.40062097,1.8522881,-0.1230576,-3.4112768,0.3284333,0.6613715,-0.40540963,1.8268903,-0.13761441,-3.4414322,0.3072097,0.7353128
-0.40045193,1.9745353,-0.15929882,-6.889472,0.38302037,-2.8202217,-0.42186818,2.01743,-0.19479552,-7.090861,0.36846292,-2.8959568
-0.4290798,2.0432544,-0.19525222,-2.0602047,-0.88540405,-0.9823343,-0.43038732,2.1032748,-0.21384212,-1.9501095,-0.91188574,-1.0065284
-0.41581526,2.1280575,-0.23101707,-1.0662996,2.2902117,-0.8826789,-0.4343726,2.142696,-0.22023235,-1.0218346,2.5017643,-0.8673689
-0.43614528,2.2186568,-0.23386614,-2.7179973,2.5385473,-2.180235,-0.46235964,2.2184908,-0.23714219,-2.774389,2.5118208,-2.2944841
-0.47462448,2.2684999,-0.25230613,-1.123027,-1.2707856,-1.6131498,-0.48114118,2.2537715,-0.24703746,-1.0682024,-1.4157715,-1.728482
-0.49559012,2.3204782,-0.26676872,-0.6940121,-2.999143,-3.803594,-0.5109791,2.3002875,-0.26320896,-0.72687554,-3.1057787,-4.028061
-0.50886965,2.3486745,-0.29222322,0.118529975,0.539629,-1.8796507,-0.55830747,2.3790097,-0.2785116,0.21322088,0.65215194,-1.9479423
-0.551602,2.3867517,-0.32121962,0.16725439,-0.23193666,0.5921002,-0.5803632,2.411852,-0.29507214,0.24541242,-0.2500884,0.63019437
-0.56560254,2.428793,-0.32600307,0.49556452,0.09504345,0.046084713,-0.59978986,2.4448435,-0.31043917,0.5952445,0.10932296,0.04485121
-0.58301234,2.477329,-0.3431021,1.8354608,0.7328899,0.30737048,-0.6225731,2.4917097,-0.3172067,1.9588405,0.73070437,0.33427367
-0.62552786,2.534321,-0.34372327,-0.17273778,0.06987777,0.2851289,-0.65312356,2.535341,-0.3338042,-0.17052181,0.042552706,0.34720227
-0.6536715,2.577415,-0.34223345,-0.09730464,-1.6198647,-0.23634975,-0.67594427,2.5726151,-0.34883675,-0.035322517,-1.7182016,-0.21323389
-0.66837144,2.6387758,-0.35504955,3.527045,-3.5178711,-2.1842616,-0.72461104,2.647892,-0.40149894,3.6951747,-3.6235452,-2.2849681
-0.7022424,2.7046509,-0.39120677,1.5358481,-1.2287114,-0.123691246,-0.73749083,2.6822162,-0.48900166,1.5647279,-1.1827625,-0.09977899
-0.7209897,2.7712345,-0.43164834,0.83837134,-0.014194457,0.93544656,-0.73827046,2.7499118,-0.6455435,0.9485061,-0.053493474,0.98864275
-0.73077893,2.8423219,-0.4696914,-0.30670148,0.7003678,0.47603732,-0.736309,2.8036513,-0.74015486,-0.13045779,0.6605527,0.4628132
-0.7297535,2.9318042,-0.48174945,-2.9189334,1.6510243,-3.4306722,-0.7407296,2.8641384,-0.73063534,-2.8322444,1.6072385,-3.6059475
-0.77233934,2.958534,-0.5652298,-6.0351315,1.6577396,11.87171,-0.7650487,2.9546983,-0.6624786,-5.917942,1.579746,11.727371
-0.91533434,2.8918772,-0.5928171,-12.889186,4.0684953,140.91869,-0.7675793,3.0731604,-0.6386891,-13.0448065,5.004751,140.53947
-0.8543433,2.861507,-0.5028802,-11.352607,3.4795094,89.99936,-0.706792,3.0942872,-0.66113204,-11.287712,4.6681695,89.59776
-0.526332,2.826407,-0.5641093,-11.893812,5.3643546,51.829865,-0.5822206,3.0924017,-0.6704864,-11.285549,5.341881,50.60369
-0.40972802,2.9742045,-0.5653398,-8.922264,5.198716,39.682873,-0.36060604,3.0724914,-0.6283551,-8.774388,4.9128017,38.768127
-0.14392743,2.9133124,-0.50306255,-1.36903,1.7047485,25.633263,-0.084864415,2.981077,-0.54210556,-1.2657697,1.5911528,24.854969
0.2022439,2.7497175,-0.4922522,1.715459,1.2089386,12.233124,0.19355187,2.8313594,-0.47553638,1.2852296,0.7797829,12.260297
0.8288337,2.5025792,-0.39210275,11.875836,1.152531,-27.04677,0.6985886,2.4749532,-0.39567286,11.986108,-0.22319742,-28.046965
0.7919357,2.2470756,-0.32796177,8.857395,-0.33363846,-56.842014,0.9264867,2.2622921,-0.35977596,9.310598,-0.71393853,-56.270844
0.83860147,2.0792456,-0.32321712,7.287968,1.2528708,-67.01519,1.1261846,2.0451286,-0.3292546,7.689775,0.97769547,-66.792656
1.0924448,1.850567,-0.37930104,5.354736,4.9733067,-61.36836,1.2724319,1.8353858,-0.30786365,5.2774053,5.5702024,-61.03899
1.2116095,1.7566837,-0.36498764,2.2002375,7.15302,-37.957684,1.3137817,1.7109331,-0.2955789,2.050834,7.1752725,-37.37223
1.1759384,1.672658,-0.32840523,2.504389,7.1156063,-37.4338,1.3069086,1.5904839,-0.27771994,2.3096855,7.145212,-36.98573
1.0443417,1.6948959,-0.3635436,25.098686,9.489588,-10.134007,1.1399592,1.7122635,-0.24798562,25.072893,9.461308,-10.366402
0.9277531,1.9166917,-0.4259946,10.67937,1.2402008,4.7248793,0.98065823,2.1423874,-0.25198787,10.710499,0.99070287,5.0682626
0.70969415,2.0557852,-0.29639196,-1.5048987,-2.3899822,-5.1205835,0.81604534,2.2386765,-0.25619057,-2.1104863,-2.3090398,-5.049959
0.5091431,1.9820514,-0.33857372,-16.692368,-3.0493927,-9.353442,0.62483525,2.1266663,-0.2365237,-16.969719,-2.8706713,-9.292144
0.36317834,2.1260252,-0.35138354,-13.578264,0.5282053,-6.916045,0.46557894,2.186887,-0.2135347,-13.440256,0.4798926,-7.5738916
0.18177637,2.2408643,-0.32542416,-5.8601794,1.5401037,-2.4983795,0.31788972,2.2196639,-0.2185687,-5.944832,1.2573003,-3.037156
0.04518929,2.2644672,-0.3168909,-7.455225,6.4903574,-6.9068193,-0.0005953255,2.2074084,-0.24312356,-7.4192824,6.238885,-7.0009546
-0.12973973,2.1458483,-0.29904374,-3.4409986,3.9291918,-0.90563816,-0.17706762,2.1660776,-0.25339052,-3.4769833,3.7256546,-0.9340774
-0.31349298,2.1220143,-0.254161,-6.273932,1.110479,-4.4558682,-0.35396484,2.0997405,-0.25579023,-6.2818074,0.96962786,-4.4454875
-0.54132664,2.0490518,-0.2220702,-5.1079726,0.58251554,-4.5256605,-0.49885762,2.0584943,-0.25112763,-5.153579,0.5400024,-4.682491
-0.7856146,1.9430807,-0.23787685,-0.9264316,0.35753563,-4.330294,-0.72804046,2.0017288,-0.24722447,-0.9323295,0.4336918,-4.429011
-1.0178813,1.8761771,-0.23716076,-1.8040031,-2.266389,-5.522227,-0.9747542,1.9161196,-0.25963914,-1.8136561,-2.2604964,-5.5389013
-1.272473,1.8000723,-0.24806379,2.5107973,-9.367191,-8.667324,-1.4205279,1.7065973,-0.29255384,2.5732133,-9.582147,-8.873266
-1.5143471,1.6553675,-0.2929915,0.40864068,-6.1951447,-1.7187597,-1.586684,1.6196465,-0.29419678,0.53230906,-6.233568,-1.5596693
-1.7517657,1.5364519,-0.29849982,2.0106528,-6.452729,0.019801928,-1.7491817,1.541066,-0.29922688,2.1050177,-6.5770025,0.19189402
-1.951024,1.4292177,-0.31014812,1.5612055,-3.5891721,-2.965587,-1.9025099,1.4637152,-0.31311065,1.7225276,-3.6014807,-3.0378478
-2.0870707,1.3643693,-0.3031742,1.1966107,-3.2183628,-4.5702806,-2.0537078,1.3830156,-0.32554767,1.251541,-3.1842773,-4.58451
-2.1822276,1.2912155,-0.30527607,2.9737854,-5.1698074,-2.6074317,-2.1973517,1.2931161,-0.34440205,3.0672836,-5.2813315,-2.5940032
-2.2770698,1.2285442,-0.3292993,0.6468244,-7.8552446,-4.000892,-2.3724189,1.1700392,-0.37108573,0.662541,-8.086465,-4.061396
-2.3753183,1.1276295,-0.32747057,0.22039407,-3.4664438,-1.470621,-2.4651387,1.0990033,-0.37996754,0.26075268,-3.3914144,-1.3997289
-2.4662468,1.0440298,-0.33076638,-0.47730285,-2.96361,0.7616709,-2.5297475,1.0394365,-0.3889864,-0.50587845,-2.9301202,0.8494231
-2.5242243,0.98133886,-0.32267258,1.6650771,-2.27131,-0.4443032,-2.5863132,0.98469913,-0.39760947,1.748903,-2.2613766,-0.47314355
-2.560954,0.9288008,-0.3114264,-0.7600413,-1.2351283,-2.418951,-2.636684,0.91966355,-0.4016143,-0.85447776,-1.148557,-2.456678
-2.5812044,0.88025224,-0.28611562,-2.0832255,0.50162435,-5.2617917,-2.6934652,0.85606754,-0.40180823,-2.2000666,0.5669942,-5.414652
-2.625516,0.7844753,-0.2887915,-1.9432023,-2.5970926,-3.0591056,-2.762974,0.72496307,-0.41076753,-2.0380974,-2.7366936,-3.1574981
-2.6616347,0.6772038,-0.30935538,0.38171476,-2.8762214,-0.81089205,-2.7737088,0.63187766,-0.41957456,0.4025519,-2.974907,-0.7190147
-2.703941,0.56736606,-0.33193928,2.580804,-3.1314363,-1.2353827,-2.7875881,0.54654527,-0.42783833,2.5910065,-3.131613,-1.2484149
-2.721299,0.48113286,-0.32572347,1.835106,-2.9004152,0.6022604,-2.7990215,0.46579298,-0.4269781,1.830961,-2.8711836,0.6915993
-2.6986074,0.4075998,-0.29731414,-0.29032594,-1.5915705,1.0181922,-2.796499,0.388804,-0.41931507,-0.35771403,-1.527571,1.1115919
-2.6513112,0.3033865,-0.27918118,-0.89365494,-4.594301,8.757521,-2.741065,0.28926805,-0.40464166,-0.9710867,-4.6614895,8.713603
-2.3053436,0.21541533,-0.35114083,1.4748019,-10.809014,61.158764,-2.570659,0.12669255,-0.36409283,2.2989256,-13.512538,61.942314
-2.6670184,0.27022576,-0.31323692,2.3301735,-4.8760667,-9.547278,-2.559493,0.17361066,-0.34714064,4.440406,-4.6968513,-11.475885
-2.3474727,0.4786017,-0.22520413,4.489641,-3.7972167,-23.685356,-2.5434697,0.21485946,-0.32692242,4.8815336,-4.027742,-23.740896
-2.388493,0.2880562,-0.23060407,1.7750152,-0.074215084,-7.961696,-2.4699492,0.21054561,-0.29756618,2.1075242,0.03511995,-8.027307
-2.18381,0.19536674,-0.220793,2.121903,0.1573917,-4.025702,-2.352935,0.20651513,-0.26502407,2.1421514,0.101191916,-3.9692218
-2.117357,0.20729828,-0.21689509,1.1554381,-2.581381,-1.2173811,-2.2155766,0.20876792,-0.23481876,1.1359495,-2.7717078,-1.4404373
-2.0117588,0.23220772,-0.22191773,2.1265583,-3.9765174,3.9528701,-1.9693054,0.22486758,-0.18065666,2.2931724,-4.0145526,4.0134664
-1.8619468,0.23263311,-0.21478976,2.230909,-0.054527845,2.7112703,-1.8430465,0.23936445,-0.16261172,2.4161117,-0.027174914,2.7403374
-1.7073221,0.2821403,-0.19105773,1.6879628,-0.17014298,1.7760378,-1.696975,0.2730693,-0.135305,1.8157377,-0.16555576,1.6776147
-1.5363234,0.321464,-0.1807224,-0.078905284,0.7335743,2.9874067,-1.5499904,0.3222528,-0.10730756,-0.002316719,0.79723555,3.0166583
-1.3830665,0.37568206,-0.16807918,-2.1042318,0.32832196,4.501058,-1.3897574,0.3693095,-0.09181027,-2.0917857,0.29503152,4.527531
-1.2481326,0.41033524,-0.1345389,-2.3038557,-1.52613,2.081744,-1.2387075,0.40626758,-0.07235203,-2.3364096,-1.6103662,1.8653357
-1.080916,0.46373743,-0.11495944,-5.2107697,-0.35956708,2.3888404,-0.95100015,0.46810517,-0.030097619,-5.265122,-0.34952533,2.2905006
-0.89597535,0.48987055,-0.06210833,-10.531704,6.31878,-0.86181206,-0.8712951,0.37487766,-0.017126612,-10.673971,6.4141426,-0.89318866
-0.757547,0.4373992,-0.05427157,-8.215702,7.817143,-0.9961235,-0.81134766,0.18797134,-0.0032705164,-8.261582,7.7432737,-0.9603979
-0.6133404,0.31303078,-0.048838787,-1.6193587,6.7253494,-0.62110394,-0.6900562,0.13149904,0.00047044293,-1.3671967,6.730088,-0.68212914
-0.53051674,0.23718011,-0.05080747,1.2262132,6.1128616,1.2307557,-0.5411111,0.18437625,-0.0034910042,1.3172219,6.107269,1.4163529
-0.51091516,0.11814988,-0.041941114,2.9616284,4.577264,1.9397005,-0.45809078,0.19246514,-0.011581034,2.883252,4.5783677,2.244011
-0.48202214,0.04677239,-0.050461717,5.372901,7.070785,3.0752745,-0.34299693,0.14734915,-0.01934762,5.310777,7.183053,3.4890742
-0.40989086,0.051049948,0.020368429,-0.4989453,1.77177,-5.29984,-0.3185204,0.12606211,-0.02064229,-0.659925,1.8132572,-5.330198
-0.3530468,0.04868418,0.026999513,5.5723042,3.7962825,-7.751897,-0.30201992,0.007858403,-0.01269334,5.7239413,3.8616478,-7.879736
-0.3126894,0.19909014,-0.012206038,25.151783,-0.32746056,5.3398566,-0.2564014,0.25283214,-0.022534667,24.694944,-0.042339418,5.5897045
-0.29301676,0.33313453,-0.020354738,6.5229383,-3.226824,5.461643,-0.23840773,0.46517584,-0.04065836,6.6851645,-3.149168,5.5205436
-0.39287898,0.3887586,0.024965676,-5.4672027,1.481269,1.0382515,-0.30017182,0.26418144,-0.033921625,-5.911231,1.6419075,0.95840937
-0.3815072,0.4187817,0.01745558,-5.6402497,7.2756677,-4.4808784,-0.4254894,0.23110986,-0.016935024,-5.5084467,7.290654,-4.5336695
-0.3687971,0.5154863,-0.016146882,-0.68222016,4.301088,-2.1444743,-0.43508697,0.36674199,-0.019622924,-0.5824776,4.1519446,-2.251624
-0.42291912,0.5719023,-0.03355527,0.7513918,3.1655433,-1.2563003,-0.463209,0.467242,-0.025255557,0.7973948,3.1496413,-1.3346767
-0.5226623,0.54446006,-0.04598134,0.93169767,2.0167692,-0.72608703,-0.50265056,0.541274,-0.032920424,0.95741725,2.0259278,-0.7521141
-0.61877155,0.5842264,-0.057969056,0.92611724,1.2258701,-0.2284941,-0.56014556,0.62034166,-0.04172198,0.93526566,1.2759798,-0.22697394
-0.68155456,0.6798341,-0.07117506,0.99692744,0.7125577,-0.2022342,-0.63586545,0.7005336,-0.050457567,0.9947914,0.74117893,-0.21841109
-0.76443744,0.78551316,-0.087710075,1.5245645,0.17774627,-0.57878774,-0.7913059,0.8575792,-0.07626173,1.4730779,0.16885342,-0.58796495
-0.8549913,0.8935076,-0.102357544,0.19980532,-0.61742103,-0.1388046,-0.8651088,0.9340597,-0.090047285,0.16430454,-0.64173657,-0.15130208
-0.93307424,0.99764514,-0.10651973,0.030916031,-3.9116714,0.38262063,-0.9457827,1.0194842,-0.110642575,-0.029077163,-3.9782085,0.34314272
-1.0217284,1.190414,-0.12244063,-6.7896004,-18.72957,-2.1717489,-1.023471,1.1060184,-0.16905333,-6.3947935,-18.797085,-2.4605803
-1.0341873,1.2166005,-0.19810401,-5.9119916,-13.530182,-12.91774,-1.0642366,1.1601143,-0.36143643,-5.8916287,-13.780291,-13.087045
-0.98318243,1.2387053,-0.1357796,3.5689645,6.268847,-16.983353,-1.0419146,1.191814,-0.5664476,3.6156898,6.6928115,-17.162193
-1.0132831,1.2995958,-0.17003758,5.5962057,4.939312,-8.445148,-0.9871177,1.2736574,-0.4190298,5.584791,4.8251452,-9.070428
-0.98578167,1.360925,-0.21604167,-0.27589983,-0.36236247,3.5412986,-1.0004429,1.3477755,-0.34969538,-0.19746536,-0.4489705,3.2605422
-0.96737003,1.4007888,-0.24627401,-1.041958,-0.11437133,2.7133188,-1.0103494,1.4079502,-0.33916244,-0.822448,-0.22445303,2.5408819
-0.9716451,1.4636191,-0.25831,-1.363273,1.0261936,2.209248,-1.0189866,1.4440235,-0.3264369,-1.2335287,0.9442431,2.1540756
-1.0154035,1.5529695,-0.2114449,-3.1388507,1.3331698,2.8670864,-1.0201409,1.480602,-0.31204346,-3.111166,1.298419,3.0176
-1.0015178,1.5755266,-0.22182637,-4.190032,1.4863012,3.8588402,-1.0196167,1.5168184,-0.303142,-4.209054,1.4825513,4.001114
-0.9961443,1.6096402,-0.18164776,-10.74753,-0.11608645,2.596749,-1.0255463,1.5968043,-0.2875222,-10.871954,-0.08076232,2.6865313
-0.9781338,1.5754391,-0.21891512,-7.4245667,-0.14527068,-0.98702973,-1.0248793,1.6089028,-0.28313437,-7.473284,-0.1721673,-1.1668237
-0.9883511,1.5532829,-0.25929132,-8.660991,-0.09948817,-1.0159718,-1.0246593,1.6020823,-0.27395085,-8.770415,-0.11541546,-1.1596513
-0.9965154,1.5127923,-0.25362375,-8.843757,-1.2716104,-1.1702722,-1.036498,1.5769448,-0.25483257,-8.960297,-1.2490909,-1.2835884
-0.96987593,1.4237213,-0.2573,-7.8720627,-1.8278159,-0.32201928,-1.048035,1.5078071,-0.23285845,-7.953191,-1.8651656,-0.37041157
-0.9994174,1.3432271,-0.17632212,-7.937041,-2.979502,-1.3052231,-1.0513167,1.3907045,-0.21392612,-8.014579,-3.0768461,-1.2650092
-0.9834914,1.1490145,-0.18486361,-14.8044815,-5.7013946,-1.5191475,-1.0287813,1.0672984,-0.16521694,-14.661201,-5.622278,-1.5310557
-0.9450655,0.87716687,-0.15208748,-7.1504855,-3.167585,-1.5124177,-0.99686277,0.89605945,-0.13938588,-7.1848855,-3.1275702,-1.5781311
-0.92372453,0.6136203,-0.20197721,-5.6520715,-2.4106631,0.0072048437,-0.9438316,0.6457725,-0.11325502,-5.550138,-2.478035,-0.053755693
-0.8541876,0.30401397,-0.14377125,-4.5028734,-2.717901,-1.9345871,-0.8651987,0.35641274,-0.08177987,-4.1413608,-2.6335707,-1.8986772
-0.820842,-0.026995897,-0.051225357,-2.5565162,-4.774976,-1.5563353,-0.80291545,0.119188495,-0.056882948,-2.3833146,-4.745194,-1.5699838
-0.7256628,-0.30547178,-0.027500829,-2.3939428,-3.5877464,2.6007829,-0.73348904,-0.17313567,-0.048717745,-2.4354537,-3.7413764,2.704716
-0.5066831,-0.7355572,-0.021160072,-1.1179906,-5.6674523,1.1897162,-0.5015724,-0.7944219,-0.022093706,-1.0277632,-5.7193294,1.0217913
-0.29353973,-1.0024225,-0.15213455,8.970869,9.113798,1.9612619,-0.34710026,-1.108103,-0.028319322,8.554532,8.465458,1.9928259
-0.17161664,-1.3699722,-0.020210346,-13.870947,-26.468233,-1.8001348,-0.23943067,-1.3414085,-0.054350637,-13.473719,-26.19242,-1.6777519
0.14075747,-1.8168707,0.12639074,148.86058,177.7614,31.781687,-0.022510486,-1.7708467,0.061174273,148.93352,178.32848,31.919836
3.7399106,-3.684937,1.2110121,59.581863,-75.528946,-4.2612,0.13996755,-2.1802492,0.37074706,119.782936,92.65754,8.424615
0.0006631911,-1.9110084,0.6047824,22.233118,-214.07535,-9.550238,-0.14630364,-2.0912752,0.58015317,22.478214,-214.37872,-9.3163185
-0.31492695,-1.3303745,0.4037235,-19.411705,-101.65485,-1.3532382,-1.4113635,-0.17557287,0.3662897,-192.61995,-7.803504,-22.946602
-1.3016135,0.7483344,0.22218351,-73.568344,18.023354,-14.79979,-1.4099077,0.8674901,0.5002562,-74.38296,17.80874,-14.104709
-1.020132,0.113660485,0.3719514,34.071556,-3.957648,10.475989,-1.2476848,0.6910307,0.15122531,38.284943,-16.697676,18.45202
-1.2675763,0.19048968,-0.01199328,36.0251,-6.8943458,21.738043,-1.1596364,0.24563654,-0.14961573,36.148407,-6.954508,21.623268
-1.2419263,0.28762794,-0.17797731,13.295551,6.335418,7.8883195,-1.1854957,0.16167974,-0.11171373,13.320892,7.029553,7.952127
-1.1693233,0.34516335,-0.041363798,-6.6423926,-1.8436242,-5.1432323,-1.121688,0.19460775,-0.092625886,-6.9976034,-2.0487225,-5.1358953
-1.0553033,0.49770677,-0.024715086,-25.253708,12.761459,-12.306048,-1.1619283,0.34613803,0.021609336,-25.577225,12.53157,-12.818344
-1.041089,0.34116375,0.022182012,-4.730415,-1.0313188,2.6656435,-1.1370332,0.36405277,0.046691805,-5.151482,-1.0412656,3.0793612
-1.0978231,0.3491034,0.00034666993,3.1055202,-9.245743,2.7168756,-1.1346666,0.355653,0.12316714,3.195876,-9.285174,2.7496784
-1.1549867,0.34080607,-0.06080865,7.881659,-7.510727,1.0801173,-1.1590497,0.33326802,0.14389797,7.8553267,-7.6913376,1.066138
-1.1428967,0.31331533,-0.062077872,4.0735574,-4.721793,0.702895,-1.1510977,0.30327323,0.087512,4.1189594,-4.755271,0.74081075
-1.0584838,0.30547965,-0.04804703,7.4507413,-3.588962,-0.36428946,-1.1114469,0.2901026,0.07191727,7.6333876,-3.6737416,-0.433123
-0.95500815,0.3493253,-0.041681133,8.960903,-1.1561762,-2.5917962,-0.98385984,0.33886537,0.03288193,9.045947,-1.1833254,-2.82822
-0.9001198,0.43803763,-0.04028731,0.23232716,2.1157172,-1.1295377,-0.91877204,0.39019078,0.003549875,0.020302474,2.1995726,-1.2492912
-0.8292116,0.48089826,-0.050940253,2.7033412,2.19122,0.5112384,-0.84721327,0.47624135,0.011649549,2.8006601,2.1723394,0.4840965
-0.76741946,0.5736276,-0.050513953,2.1494584,1.2346964,1.3482977,-0.77461076,0.58102095,0.022703797,2.1122913,1.2066364,1.3888941
-0.6985321,0.6941595,-0.04048702,1.0351967,-0.09712735,0.62012273,-0.70223486,0.67937684,0.020804385,1.0563148,-0.15967876,0.57021075
-0.63763833,0.7837091,-0.039966837,1.4504917,0.30114868,-0.6287529,-0.6428256,0.77173275,0.018043377,1.5280558,0.29104593,-0.72674966
-0.56732583,0.91490763,-0.038705744,0.33784574,0.99884725,-1.8211869,-0.5536071,0.95663303,0.003693169,0.350741,1.031381,-1.9298549
-0.50708365,1.050307,-0.04464419,-1.5263783,0.28364667,-1.6025554,-0.48981044,1.07472,-0.00059037155,-1.5593472,0.26288122,-1.7287196
-0.4320484,1.1579003,-0.052552484,0.8641191,1.0862707,-1.8818122,-0.4378922,1.1825942,-0.0041695246,1.0550239,1.1365619,-2.0211167
-0.37955174,1.2937372,-0.06903708,0.29403633,2.1542735,-1.0073637,-0.39842433,1.2745489,-0.016713344,0.3588309,2.203934,-1.1001142
-0.3313823,1.4236474,-0.08480624,-1.6339849,3.0260675,-0.20445244,-0.35235932,1.3841926,-0.0395267,-1.5973518,3.0612044,-0.2605578
-0.2964904,1.5196828,-0.092581816,-1.639307,1.7012459,-0.7065303,-0.3160031,1.5050924,-0.059139434,-1.5735828,1.6731871,-0.79523885
-0.29430947,1.6511997,-0.0763393,-9.226849,0.26771185,3.6191542,-0.2778283,1.6590022,-0.09488617,-9.514657,0.2976145,3.928549
-0.28750262,1.6964984,-0.13071148,-5.1514964,2.3842537,6.3263493,-0.24540152,1.7450043,-0.11367975,-5.0201807,2.4918597,6.7016273
-0.28199264,1.7833781,-0.13792713,-4.994517,1.0085716,5.067285,-0.2241614,1.8168602,-0.121485285,-5.058222,1.0103657,5.4289055
-0.2682769,1.8401176,-0.145876,-5.1402836,1.5317287,3.10563,-0.21996078,1.8503838,-0.13079514,-5.251409,1.5634366,3.4496534
-0.22876856,1.8593856,-0.13789849,-4.167299,1.6251966,0.9434529,-0.20443349,1.8633165,-0.13960919,-4.224403,1.6119903,1.1641449
-0.21369013,1.8612202,-0.14777444,-4.027583,2.333081,-0.22395627,-0.19801736,1.8622297,-0.15385818,-4.1196117,2.3541708,-0.06470262
-0.2313523,1.8341923,-0.15515013,-5.4965377,2.3719537,3.3055227,-0.19322303,1.8327118,-0.15771632,-5.6456375,2.432234,3.6551063
-0.22657058,1.7893074,-0.14041446,-3.83977,1.3662962,2.0502918,-0.18898033,1.7857087,-0.14585161,-3.929587,1.3616607,2.2441096
-0.21660456,1.7273775,-0.13218237,-0.9401217,1.4041631,1.1893069,-0.20718734,1.731537,-0.13314246,-0.96912915,1.3985108,1.3213328
-0.2268512,1.6705798,-0.114360295,0.44789773,0.020025762,0.17224868,-0.22536004,1.6702912,-0.12570241,0.40412655,0.011261696,0.3067374
-0.23236021,1.6078576,-0.12744822,2.474563,3.632076,1.2374669,-0.22982018,1.6080363,-0.114672534,2.4163089,3.6729333,1.3697343
-0.25390467,1.5432689,-0.10092618,2.1607573,1.9232882,0.46101767,-0.2554498,1.5493945,-0.098325856,2.0876775,1.8994727,0.56680334
-0.30332366,1.4863368,-0.09466597,1.0354208,1.6379889,1.2875448,-0.3168686,1.4528388,-0.088657394,0.9857266,1.6395103,1.4529516
-0.35262343,1.4331493,-0.09321549,3.8115227,-0.11172864,2.777983,-0.35796458,1.3969533,-0.08313758,3.8301144,-0.16315567,3.024182
-0.39859518,1.3952324,-0.09787113,4.782049,1.6682805,2.5796607,-0.40332592,1.3416011,-0.077955626,4.7396607,1.6906877,2.8360646
-0.4663373,1.3599858,-0.10050657,2.525575,0.2005522,3.4768863,-0.44114932,1.3106364,-0.08141155,2.4927707,0.17475045,3.8656707
-0.52450144,1.327254,-0.09057126,1.566523,1.4151396,5.7182264,-0.48309207,1.2961752,-0.08496708,1.5136052,1.4500629,6.191641
-0.53790474,1.3107511,-0.055623807,0.37378484,0.7186795,-3.260281,-0.5406332,1.296438,-0.068745926,0.35808706,0.7026347,-3.1413298
-0.6143736,1.3739463,-0.23826535,8.521814,-1.0985782,-69.71761,-0.6365632,1.3230872,-0.15369359,9.863199,-0.6898385,-70.15614
-0.711468,1.3543435,-0.2428741,7.0897803,3.1090612,-87.322754,-0.67035615,1.3030452,-0.22353809,8.168261,3.9364114,-88.45215
-0.7367368,1.3951072,-0.3064179,7.3610196,3.1121233,-85.71561,-0.77435356,1.3110564,-0.3173323,8.452375,4.178306,-84.71345
-0.9948263,1.4839009,-0.14014162,3.1069746,-4.75403,-58.03714,-0.9478027,1.3441076,-0.38943073,2.8535652,-3.5866842,-53.895023
-1.1805133,1.4563502,-0.18079902,-0.32935482,-8.5940485,-35.641968,-1.1271882,1.3678201,-0.38777193,-0.21991913,-7.8513274,-35.469963
-1.3978153,1.3408428,-0.24542458,0.15992826,-5.7507267,-29.605099,-1.36453,1.3792462,-0.325583,-0.06445275,-5.282006,-30.112343
-1.7526501,1.2066246,-0.16427416,-6.0362487,-5.0735073,32.424847,-1.8359536,1.1989698,-0.2307924,-5.523492,-4.88963,31.354221
-1.873791,1.0832924,-0.27883413,-2.2818608,-2.588181,67.983215,-2.010575,1.0766518,-0.17889391,-2.0227659,-2.895444,67.240616
-1.9201902,1.0349851,-0.29220745,-1.0729467,-2.6524928,74.77315,-2.14952,0.96315306,-0.22196206,-0.8807907,-2.8548362,74.31907
-2.0020053,0.83055794,-0.32779148,-4.136032,-1.3613051,85.94628,-2.239472,0.84695315,-0.32318252,-4.4386864,-1.4109676,85.990654
-2.1036236,0.7450971,-0.337337,-4.164553,-1.9427546,99.2805,-2.2719712,0.726276,-0.3710825,-4.0499606,-1.475162,98.84025
-2.1563928,0.96376485,-0.28569892,-3.6685789,-3.9444087,87.27765,-2.282817,0.7003339,-0.4147067,-2.9509926,-4.1206155,86.36516
-2.1382954,0.76649046,-0.4004011,-17.574959,2.019884,115.46712,-2.2896647,1.0136406,-0.42890096,-18.163727,3.1461737,113.338844
-2.1282248,1.0718555,-0.28354713,-11.036676,8.633154,42.73267,-2.200219,1.2199264,-0.3973027,-11.082509,9.272082,42.529118
-2.0325754,1.2166085,-0.27350542,-2.3286645,7.311737,27.066208,-2.0735922,1.3683497,-0.359954,-2.2646148,8.121508,27.176743
-1.9194543,1.413112,-0.24608688,1.5308471,3.4003441,18.685482,-1.9337062,1.4931427,-0.3331894,1.863188,3.8913655,18.09462
-1.7995223,1.4430044,-0.2949325,-0.06764573,-2.8298283,9.19597,-1.7830608,1.575863,-0.3234654,-0.04803919,-2.5118525,9.371442
-1.616716,1.5414883,-0.27817276,-1.8389238,-6.6740127,5.3335986,-1.5870383,1.6750044,-0.31582946,-1.9216431,-6.957043,5.2537403
-1.3570048,1.6892484,-0.26666978,-2.5466232,-1.1955719,11.296598,-1.201081,1.8922399,-0.301828,-2.6967163,-1.2336365,11.575039
-1.062151,1.7934164,-0.24509542,-2.3387647,3.432524,1.688908,-0.99273336,1.9308922,-0.2811245,-2.5448236,3.5173914,1.6336936
-0.7420511,1.8345149,-0.21153344,-2.7729025,1.0338297,-4.51901,-0.7789593,1.928672,-0.25026077,-2.8846483,1.000674,-4.6658297
-0.36693552,1.8083384,-0.15342893,1.378044,-0.5152019,-6.845127,-0.5360477,1.8809031,-0.20191409,1.2108805,-0.54872906,-7.0845413
-0.20598707,1.7794636,-0.17575474,0.46727675,0.9471405,0.8775762,-0.30491415,1.814948,-0.17826599,0.26077148,1.0016133,1.2155502
-0.091718405,1.730259,-0.19109137,0.53389984,3.9996445,5.0783176,-0.09173979,1.7315727,-0.17714636,0.43418175,4.1813436,5.9074893
0.083094984,1.591305,-0.12251552,-1.6185232,-3.4031906,-2.2881386,0.24306974,1.5022751,-0.17112891,-2.122956,-4.2142797,-2.5298607
0.32740596,1.4827858,-0.15037312,2.9016948,0.8501095,-50.37086,0.4056669,1.3372391,-0.13716476,2.6916573,0.3650831,-50.204353
0.3286225,1.4942384,-0.2355618,7.4162583,2.4719086,-73.35042,0.498608,1.1649765,-0.115733415,7.07979,2.002555,-71.564964
0.6174551,1.2947454,-0.18037005,6.9752393,1.9419084,-48.04264,0.57162523,0.99860024,-0.123047,6.6602235,1.5586617,-47.373135
0.779055,1.1131943,-0.08577462,9.4819,5.3398037,-31.253067,0.6166717,0.8449271,-0.1637194,9.417994,4.999472,-31.28679
0.22237754,1.2000915,-0.18042894,10.631917,3.59739,-79.22034,0.6232531,0.7744545,-0.15524718,11.620888,3.7152104,-79.22468
0.32208243,0.95541286,-0.14480312,35.52642,4.370149,-56.570477,0.5481675,0.9613292,-0.1260819,36.007652,3.397009,-56.877823
0.50846136,1.2510664,-0.15254165,9.521192,6.413253,23.25003,0.45769292,1.2956504,-0.14823829,9.019179,6.8368573,23.78467
0.38147333,1.2745017,0.0054694656,1.6001798,-10.128377,4.072908,0.3420105,1.3883355,-0.12261921,1.7302791,-10.179787,4.239429
0.062668115,1.5064287,-0.11771592,5.526688,-9.337529,-29.751196,0.22401269,1.4028628,-0.11704625,6.1869135,-9.152819,-29.192451
0.16695613,1.744872,-0.6210708,1.9579421,33.838158,-35.999054,0.10453391,1.5194249,-0.08721203,2.0055888,40.69075,-35.90487
0.079092056,1.8764362,-0.20942558,5.943888,-12.143728,-17.140686,0.0034757669,1.7655008,0.22366822,5.89053,-11.860482,-17.144295
-0.51047873,2.1059546,-0.1541638,50.04443,-33.585358,-12.923918,-0.37990877,2.1873374,0.034311995,50.332947,-34.715916,-13.956165
-0.5416374,2.4250882,-0.2990826,27.724207,-15.431396,-10.676905,-0.5113781,2.4511416,-0.11017173,27.950237,-15.419388,-10.578804
-0.9208609,2.6492171,-0.4161798,25.062122,-6.127039,-8.171929,-0.61076254,2.8370264,-0.2763653,25.746567,-5.924493,-8.496812
-0.78768086,3.3144665,-0.5840792,8.072936,-5.6073103,-4.563541,-0.68565434,3.3477871,-0.4752822,8.19682,-5.3516836,-4.5326457
-0.85405695,4.217286,-0.8414205,0.33283824,-12.153255,-4.6567907,-0.76207364,3.8950138,-0.6835154,0.14714634,-12.279419,-4.488404
-0.9262694,4.7328563,-1.160694,-1.6063616,-12.226591,-4.0919204,-0.8379535,4.5006523,-0.9587507,-1.4055592,-12.476889,-3.803488
-1.0229568,5.1983275,-1.6012744,-16.322563,-22.748283,-4.7484627,-0.9777747,5.5149736,-1.6006233,-16.243977,-22.96347,-4.9684668
-1.251429,5.7615037,-2.0656621,-11.6765375,-7.3545237,-7.261263,-1.0384299,6.025354,-1.9716059,-11.544715,-7.13148,-7.463256
-1.2616459,6.2831235,-2.5391803,-14.463838,-8.791869,-9.666794,-1.1125612,6.483271,-2.3567476,-14.31645,-7.3138113,-9.316942
-1.3069006,6.6457005,-2.947036,-15.703097,-9.966892,-7.2124887,-1.1939119,6.8307333,-2.6930337,-15.9272785,-10.018477,-7.085484
-1.2949474,6.970345,-3.3484993,-12.177409,-10.195389,-5.6288824,-1.2881109,7.1147423,-3.00303,-12.220162,-10.420041,-5.479045
-1.4593523,7.255354,-3.5618117,-10.438033,-11.041313,-5.3826447,-1.4294388,7.429319,-3.3846085,-9.930291,-11.22776,-5.284509
-1.5150008,7.3930135,-3.6489334,-17.544548,-13.15102,-5.063315,-1.7036525,7.767993,-3.9149933,-18.291496,-13.480038,-5.3610363
-1.6517165,7.714057,-3.84642,-13.577594,-6.495921,-3.5901659,-1.8371575,7.886849,-4.097042,-13.874207,-5.043281,-2.915927
-1.7956764,7.9422336,-4.016356,-13.777409,-9.035182,-3.0200217,-1.9788406,7.9815993,-4.2586975,-13.977448,-8.423232,-2.6639292
-2.0409367,8.151024,-4.077485,-8.620645,-8.719095,-1.9052392,-2.1333454,8.02788,-4.384336,-8.466673,-9.096108,-1.8785815
-2.2134762,8.178522,-4.066189,-5.1946034,-7.0182257,-2.2697194,-2.2825873,8.024958,-4.456764,-5.2034845,-7.1773148,-2.170575
-2.3565598,8.155291,-3.8462372,-6.2153125,-5.621873,-4.4511356,-2.4215395,7.993518,-4.489241,-6.4314857,-5.655772,-4.9357285
-2.5845635,7.9508023,-3.8922722,-10.34356,-8.708742,-5.1915855,-2.6799603,7.8851566,-4.44838,-11.037953,-10.068931,-6.8516946
-2.7077432,8.000601,-3.9111443,-4.2254057,-5.707403,-1.2330242,-2.7933729,7.791637,-4.375359,-5.093832,-5.8131943,-0.20631377
-2.792385,7.966847,-3.822825,-2.393177,-5.658464,-1.4412256,-2.8830101,7.6870966,-4.2693653,-2.8583336,-5.592885,-0.44936544
-2.804305,7.793325,-3.6156373,-0.529175,-2.7333932,-1.6247212,-2.949054,7.5440125,-4.131007,-0.7197981,-2.2805288,-1.3579541
-2.774186,7.5897083,-3.3365843,1.9427822,-2.068672,-0.24595849,-2.987995,7.3968916,-3.9632719,2.1672404,-1.8849763,-0.133458
-2.8292468,7.445131,-3.2163818,-0.34461313,-5.3068323,0.99454194,-2.9981356,7.234094,-3.7949066,-0.058630995,-6.133225,1.152867
-2.6924672,7.2106786,-3.0461373,-0.19284528,-2.014332,3.0281188,-2.972149,6.961146,-3.4705625,-0.5670375,-1.7902949,4.357781
-2.682269,7.0544543,-2.9875603,5.058668,-1.857294,1.0833415,-2.9114735,6.8371143,-3.300432,4.9123554,-1.6609129,1.8553199
-2.525583,6.9936986,-2.6469305,3.2344322,-1.2703202,-1.2799584,-2.8137524,6.7118587,-3.1398182,3.0367277,-1.6528949,-3.2160296
-2.5110083,6.716496,-2.7084453,-0.5108953,1.618829,-1.199987,-2.7131937,6.6010942,-2.9893217,-0.8182953,2.144262,-2.723798
-2.4081693,6.537246,-2.5830355,3.304009,0.15790555,1.2175106,-2.5835896,6.504711,-2.8605947,3.196613,0.46520284,0.8804493
-2.3174639,6.4100614,-2.5282211,5.913007,-0.9016538,1.2246765,-2.421379,6.4108505,-2.7290154,5.9820857,-1.1696506,1.0626236
-2.1635518,6.262418,-2.4860568,10.267909,0.9573282,-0.13213484,-2.0894666,6.329138,-2.531632,10.829312,0.5119935,-1.1232584
-1.9690713,6.311043,-2.4531884,3.268899,-1.3032856,2.0220883,-1.9337604,6.3143473,-2.459553,3.7512934,-1.803567,2.0021343
-1.7776186,6.363904,-2.3010573,-0.8533726,1.6085408,3.2491648,-1.7711091,6.30118,-2.4284513,-1.2202238,1.8301464,4.581403
-1.6791581,6.2199316,-2.4480255,5.554854,3.6435955,-0.2241594,-1.5824089,6.339994,-2.400884,5.467142,3.7181904,-0.3397343
-1.40285,6.126225,-2.5201094,6.7165694,6.996354,1.5521139,-1.4017354,6.397459,-2.3974838,6.9012103,7.5193367,1.542656
-1.2306513,6.1529756,-2.5503879,3.6408663,6.9411416,-0.37793916,-1.2488136,6.478598,-2.444575,3.926061,7.388417,-0.76797813
-0.988732,6.3434644,-2.5004416,2.5350747,5.911839,2.4620903,-1.0102947,6.6667914,-2.5844457,2.6731699,5.872161,2.7266607
-0.9854673,6.4424777,-2.8116114,-3.5583098,4.9479218,-0.056657005,-0.9035707,6.813737,-2.7170374,-4.004748,5.236553,0.12084532
-0.9182147,6.69478,-3.0528085,-2.9807446,3.6303444,0.56394345,-0.83891153,6.932654,-2.810187,-3.081263,3.5330386,0.8274528
-0.9011853,6.8794518,-3.2616775,-0.6292548,2.9668686,-0.62498254,-0.80679077,7.0474114,-2.9148827,-0.33523113,2.9671626,-0.5008812
-0.85670567,7.0963106,-3.316441,-2.9356604,2.9295046,0.018389774,-0.7863829,7.1486173,-3.0372913,-2.708806,3.0967898,0.7952368
-0.93446314,7.0755534,-3.4848964,-7.1069503,2.6873355,-2.0878956,-0.7788408,7.2422986,-3.1572418,-6.91947,2.931568,-1.7605453
-0.9530283,7.1929035,-3.6011794,-11.132735,0.35576442,-1.8997989,-0.8344706,7.413922,-3.3573184,-11.112991,0.062394843,-2.3016758
-1.0124222,7.3483205,-3.6663554,-9.404706,1.6065307,-1.3029152,-0.89506406,7.4806027,-3.4443812,-9.528838,1.6503623,-1.6778276
-1.0727187,7.4174914,-3.6789577,-9.484637,1.2810339,-0.18189113,-0.9662877,7.5165806,-3.4995744,-9.55454,1.2591736,-0.56374496
-1.0537682,7.415359,-3.3976903,-14.848529,1.5304644,3.7711604,-1.0596144,7.416204,-3.5993004,-14.56964,1.0016496,3.3643517
-1.0422679,7.0758853,-3.4553413,-29.02869,7.4418674,12.722227,-1.1594019,7.2119966,-3.7286584,-28.452885,7.5043325,12.644109
-1.0731215,6.873244,-3.4342892,-32.74246,10.895034,13.280638,-1.2281793,7.0828447,-3.7175357,-32.31072,11.157506,13.597477
-1.161516,6.9112067,-3.2868001,-54.116203,11.289135,15.107004,-1.2805516,6.9166846,-3.2649477,-55.264668,11.021108,15.809373
-1.086504,6.880511,-2.8456612,-31.677368,-2.5212533,5.5643044,-1.2516876,6.7050085,-3.0762146,-31.719122,-2.6935794,5.696091
-1.1346599,6.6610675,-2.50042,-15.616727,16.040482,2.2799857,-1.2069739,6.382646,-2.62182,-15.307549,16.376099,2.2108417
-1.0224627,5.747584,-1.7449064,4.080127,21.866478,3.3424356,-1.1468366,5.9485307,-1.84068,4.246031,21.793833,3.253561
-0.90403426,5.038468,-1.5603454,10.418593,14.572911,5.212033,-1.0366342,5.426289,-1.3710668,9.09023,11.921546,4.9983306
-0.6038021,4.559427,-1.2720068,10.322337,12.207378,4.990945,-0.9175793,4.8533006,-1.2540205,9.190592,9.387657,3.6073391
-0.80475914,3.7416823,-0.7924928,22.11385,20.791832,9.373259,-0.76309,3.908594,-1.0621783,22.433456,20.902487,9.284635
-0.61296904,3.5381799,-0.8949483,4.542693,7.4022174,4.4000993,-0.66988564,3.4555225,-0.90934414,4.3714104,7.174737,3.9802654
-0.44936392,3.0090888,-0.7273294,3.8642778,6.6972613,3.8165252,-0.6012928,2.9803934,-0.68659073,3.732749,6.5875936,3.0819855
-0.5536002,2.46083,-0.5215497,6.5507884,6.449731,2.9242156,-0.55863297,2.538617,-0.50099856,6.5432754,6.528027,2.7198505
-0.57293606,2.1425662,-0.41173616,8.634007,5.732641,2.9704816,-0.5298648,2.1131458,-0.36113855,8.811022,5.80488,2.7937553
-0.5422989,1.8397278,-0.32339945,9.611172,5.511958,2.8112702,-0.5068982,1.7430027,-0.26098076,9.831733,5.6572804,2.6663096
-0.5637374,1.4479387,-0.21682818,22.293713,11.338963,5.401196,-0.4803883,1.0888166,-0.1363572,22.60215,11.577739,5.4779334
-0.58700955,1.1010668,-0.19380945,11.554166,4.674758,2.4338884,-0.4894501,0.7887573,-0.09835912,12.388149,4.9856386,2.4522512
-0.536536,0.7870954,-0.1411986,11.78795,3.7086537,1.8533078,-0.5169101,0.55124754,-0.075590454,11.653721,3.9096959,2.123206
-0.59473014,0.41055596,-0.10336352,12.466986,3.1768517,1.8827728,-0.55122733,0.3542191,-0.060038377,12.287394,3.28417,2.0202994
-0.6493341,0.25401637,-0.09084373,11.864322,1.8966271,1.9118072,-0.5976808,0.21118458,-0.058621038,11.771877,2.0131662,1.9720739
-0.6914425,0.15265667,-0.07682095,11.2347975,0.6165234,1.4294091,-0.65936685,0.087891445,-0.05890313,11.208098,0.75639576,1.4244579
-0.74453163,0.11359084,-0.07947979,18.815428,-1.2341964,1.8027562,-0.78753614,0.0026730946,-0.058454536,18.803022,-0.92775965,1.7724458
-0.8310305,0.10872239,-0.07580163,8.61291,-1.723773,1.3252798,-0.8607242,0.0144048,-0.06193812,8.885186,-1.678122,1.2281462
-0.8908541,0.13471967,-0.0643205,7.435568,-2.005798,1.5626286,-0.92238903,0.059585158,-0.06911961,7.521192,-1.9870491,1.2381269
-0.9646424,0.21405315,-0.062855475,5.994383,-2.4538033,1.142624,-0.9884907,0.13831784,-0.06908642,6.086533,-2.3554068,0.8997489
-1.0173562,0.3257441,-0.061111905,3.3568795,-3.4813497,1.5094541,-1.0407069,0.24319541,-0.07431876,3.4414515,-3.5289352,1.1882858
-1.0846636,0.49470526,-0.063338645,-16.231037,-15.628816,0.89844996,-1.091837,0.37395477,-0.049583934,-16.280367,-15.567507,0.5471085
-1.1518474,0.5756761,-0.03105568,-5.688392,-2.3506038,10.806677,-1.1502883,0.5993582,0.3197641,-5.7384586,-2.2803373,11.168962
-1.1426446,0.6578812,-0.046709344,-0.6624457,-3.6070218,1.2697924,-1.0871943,0.6477425,0.1555754,-0.8082901,-3.556506,1.3759208
-1.0848784,0.73464125,-0.0699715,-0.764371,1.1014438,-2.6050804,-1.0320114,0.6923122,-0.038089227,-0.7351761,1.2968152,-2.2630107
-0.93238556,0.77835983,-0.08123812,4.3081145,3.5932078,-1.4273559,-1.0419534,0.7777095,0.1435282,4.6551247,3.7965057,-1.4141207
-0.92183495,0.82834655,-0.13100715,-3.1273198,3.3266022,16.590227,-1.0012552,0.84735674,0.08045949,-3.5179765,3.2012732,16.452574
-0.885157,1.0368195,-0.22963466,11.931183,2.835496,10.507477,-0.9772217,0.9182247,0.023812318,12.004609,3.1486459,11.204712
-0.6726459,1.5470471,-0.19929571,55.194664,-9.298396,-45.423065,-0.65849006,1.5488108,-0.08527735,55.85749,-9.136234,-44.99177
-0.7594248,1.7361771,-0.11756524,18.992903,-3.744277,-17.726997,-0.7128307,1.7226042,-0.15325673,18.751389,-3.5893507,-17.644083
-0.7896172,1.9055613,-0.18328495,10.415859,-6.0917153,-15.38149,-0.7843087,1.9562818,-0.18899211,10.240395,-6.1086345,-15.043167
-0.76828575,2.3610315,-0.28384402,3.6008584,-5.3074155,-11.821007,-0.7936697,2.2428908,-0.20327893,3.622384,-5.322528,-11.866652
-0.69516504,2.9199371,-0.47714648,-3.9325924,-3.4766145,-11.757356,-0.7914858,2.5789354,-0.26996022,-4.076097,-3.3959916,-11.430984
-0.789786,3.2110868,-0.6287546,-13.456804,-5.995185,0.15268405,-0.85841805,2.8790505,-0.37645826,-13.479428,-6.0641294,0.037817538
-0.99005437,3.2941446,-0.66723377,-31.514465,4.331738,23.94514,-1.0707262,3.250986,-0.8481472,-32.452927,4.4126873,24.079178
-1.073842,3.6644058,-0.8937306,-18.90707,5.771167,9.235945,-1.0573936,3.5895913,-1.0465991,-19.028065,5.9866724,9.399273
-1.1749219,3.9168768,-0.9306125,-19.026665,-0.4109996,8.209362,-1.0355467,3.886211,-1.0752331,-19.186954,-0.58737415,8.06471
-1.0813056,4.13959,-0.8751962,-14.042738,6.017035,4.642352,-1.0382719,4.085923,-1.1102613,-13.974278,6.114566,4.4512153
-0.9307312,4.15055,-0.97570413,-10.60857,19.772545,1.0608441,-1.0603558,4.216712,-1.0754799,-10.881103,19.747189,1.3665818
-1.1930041,4.279289,-0.9646246,-16.305264,1.9841126,2.650165,-1.1236075,4.271907,-0.8178173,-16.331705,2.0994477,2.2640572
-1.1873829,4.322818,-0.8949208,-20.725374,-19.19105,14.395519,-1.2861975,4.1563807,-0.84931946,-19.84643,-19.298435,14.918217
-1.1695487,4.1593122,-0.92289996,17.224342,-2.6016586,20.01905,-1.3424994,4.239483,-0.9078419,17.586836,-2.090148,21.54733
-1.3342483,3.972731,-0.84654486,24.442533,2.3670156,8.67659,-1.3479389,4.4958587,-0.9260363,25.252132,2.5501246,8.501964
-1.2823422,4.119258,-0.8607312,12.869211,-3.0583656,7.392416,-1.2852477,4.454311,-0.97609144,13.049496,-3.1589262,7.815662
-1.2539607,4.1529436,-0.80874306,1.076638,-7.5606976,6.568161,-1.2195375,4.3126,-1.0114917,1.0706505,-7.8290143,6.681656
-1.193555,4.3455997,-0.9047704,-1.1427864,-6.1342516,5.0576587,-1.1529577,4.331924,-1.0101993,-0.7798022,-6.209481,5.2900176
-1.0314175,4.520648,-0.98535794,0.13226837,-2.1384122,7.1952085,-0.9474222,4.4982495,-1.0506277,0.24490401,-1.8583304,7.5253696
-0.86120653,4.5950217,-1.0192974,-1.6764544,4.583524,0.64026767,-0.8001108,4.5954623,-1.0928018,-1.6646332,4.757832,0.8840635
-0.7094542,4.6375093,-1.0566235,-1.6912534,1.8804836,3.7860446,-0.6627325,4.6445885,-1.1220355,-1.5216523,1.9258022,3.9397662
-0.52278364,4.744106,-1.0942656,2.330928,-0.717735,3.3993735,-0.5095837,4.7112823,-1.1640624,2.371193,-0.76452225,3.5440757
-0.29080257,4.863918,-1.1354785,5.8122106,-2.1908576,-26.871885,-0.35627192,4.799478,-1.2281364,6.1854796,-2.4321942,-27.348717
-0.22007486,4.661473,-1.092529,9.5593195,-13.19726,-92.69882,-0.2166471,4.8919697,-1.3241673,8.639425,-13.617103,-92.81522
0.013652712,5.6139255,-1.1940701,5.6406302,-25.165565,-196.98984,-0.0862175,5.171057,-1.6271216,5.2056007,-24.911198,-196.05972
-0.1321935,5.1253724,-1.6981051,-2.9161873,-4.6880517,-61.539875,-0.2375949,5.3431134,-1.6959347,-2.6582816,-4.7612715,-61.290047
-0.52433836,4.525356,-1.6099892,-4.6851897,-4.617763,-44.50854,-0.56400037,5.4105268,-1.6952983,-7.89175,-0.26473463,-45.013447
-0.77260983,4.6839147,-1.7513919,-16.69571,-5.68253,-31.381372,-0.99818456,5.348537,-1.687071,-19.469978,-2.0809531,-30.104982
-1.4956825,5.0853653,-1.7882047,-14.143945,-7.2648354,-13.486871,-1.4670162,5.2173567,-1.6729707,-18.023119,-4.0018616,-23.589863
-1.9930831,4.8939524,-1.4242997,-11.083673,-10.717701,-7.5112615,-2.0409598,4.935856,-1.6359876,-15.071991,-7.251513,-16.032375
-2.6661446,4.6831636,-1.2530676,4.557224,-23.99,-5.3759575,-2.9254465,4.026768,-1.512945,10.115816,-28.53161,-14.22647
-3.2818015,3.2776518,-1.2581693,9.4684725,-13.172913,-4.4210606,-3.2805555,3.361432,-1.3726723,9.271398,-13.918371,-4.7909184
-3.4695249,2.4722016,-1.1233444,10.752362,-8.566992,-1.2043445,-3.4494643,2.6216574,-1.185474,10.880995,-7.6751747,-0.84113204
-3.010077,1.7398872,-0.54631734,2.571951,1.6236272,45.787632,-3.392976,1.8473526,-0.96016735,2.6820042,1.4627794,44.962368
-3.0270689,1.1869853,-0.45639881,-6.9160104,10.091034,89.486725,-3.271257,1.0246781,-0.74642134,-7.4525933,10.312039,89.379906
-2.3590617,0.77488035,-0.42867097,-2.912744,11.011704,81.21257,-3.0667422,0.37124282,-0.5782711,-3.4229233,12.265564,79.86782
-2.2842143,0.04615408,-0.3127102,3.3051796,12.040094,71.69786,-2.4812381,-0.0733122,-0.36233702,3.6720972,12.5077095,70.71939
-2.1379573,-0.3193468,-0.26572287,5.3862367,8.002786,26.042597,-2.143367,-0.18666282,-0.28045544,5.140875,8.244587,25.22654
-1.73794,-0.22368938,-0.13724388,6.561035,7.952633,21.361935,-1.7732377,-0.2612466,-0.20629998,6.810694,7.971532,21.084333
-1.4166287,-0.25156236,-0.10912534,6.940295,7.5831437,17.895132,-1.3957574,-0.28734496,-0.14770469,7.1922207,8.107538,17.852179
-1.0031015,-0.21090105,-0.086968236,6.333607,8.521871,14.619012,-1.0440173,-0.25433135,-0.10105355,6.392407,8.727005,14.396281
-0.73553133,-0.14257258,-0.078129776,5.295552,10.184593,12.182246,-0.7197291,-0.16857468,-0.06724242,5.3115296,10.27271,11.899931
-0.44302186,0.012214601,-0.10568176,7.304732,17.532326,15.3947,-0.27914348,0.07761582,-0.039969817,7.038035,17.664896,15.268141
-0.17049214,0.18488717,-0.040399536,2.4841633,6.8238897,5.3692613,-0.11259982,0.23036996,-0.041191034,2.3030252,7.2315087,5.4271283
0.019509107,0.39725542,-0.026681265,-0.059982363,6.926304,3.1747396,0.033280663,0.41216782,-0.049006417,-0.035251625,7.171677,3.2110794
0.21333405,0.5814565,0.061937846,-3.9636295,8.016771,-16.994041,0.13115674,0.5551705,-0.058260914,-4.432102,8.086653,-17.797533
0.29647735,0.86751276,0.03684298,-13.94449,12.365287,-13.719532,0.14129852,0.5668394,-0.08017833,-14.156392,12.434692,-14.087927
0.06092027,0.9687532,-0.08017901,-29.218456,13.680888,30.817034,0.06009214,0.5260213,-0.12361294,-29.808592,13.101063,29.574408
-0.12221536,0.90087557,0.29650536,-57.900406,23.75005,61.228046,-0.04022159,0.80311084,-0.025519967,-58.30723,23.842367,61.629646
-0.39611742,0.7733586,-0.15414973,-11.482621,4.504346,18.703014,-0.083675444,0.7933264,0.1781956,-16.254631,6.8083405,18.541475
-0.24455842,0.567818,0.0009493921,-10.191475,7.5254335,7.086914,-0.16888396,0.66214263,0.327589,-10.216052,7.5932064,7.237076
-0.29277256,0.19705778,0.030985454,-14.968237,10.064993,-0.23290126,-0.28983048,0.41210935,0.23425941,-15.330814,10.512945,-0.24673761
-0.60485625,-0.080783844,-0.027181437,-17.481369,9.219162,7.046299,-0.42728612,0.10501475,0.113127135,-17.634375,9.295339,7.139863
-0.8200599,-0.42802823,-0.039380632,-15.4926195,9.673666,13.906921,-0.60537076,-0.2430422,0.10327537,-15.457681,9.651346,14.394543
-1.0509155,-0.9060564,-0.008154055,-13.737107,8.705227,22.309975,-1.077163,-1.1402184,0.04012327,-13.639561,8.708474,23.00391
-1.2880337,-1.4197056,-0.062226735,-9.053283,2.355182,6.665208,-1.3729905,-1.6735215,-0.06972263,-8.577639,2.051741,6.7155976
-1.5793356,-2.0369563,-0.35578865,-7.289926,-3.5556676,5.196932,-1.6342489,-2.114963,-0.1891015,-6.7813797,-3.9363053,4.9500866
-1.8610194,-2.5293274,-0.6451642,-3.9183025,-5.1484585,6.6168375,-1.8952966,-2.5590158,-0.3420418,-4.064814,-5.320219,6.6264496
-2.194673,-3.0624068,-0.93700033,-2.8699417,-1.4185464,6.3195143,-2.247131,-3.1174903,-0.5821453,-3.1623716,-1.0984956,6.1813183
-2.432334,-3.5995665,-1.2012444,-5.143939,-7.487286,6.7465754,-2.6331635,-3.7058394,-0.89594907,-5.2121387,-8.226036,6.998014
-2.720735,-4.430795,-1.7056389,5.49454,-23.065968,11.335892,-3.2286274,-4.6068034,-1.5488907,7.061842,-25.142622,15.427515
-3.3025763,-4.7338505,-2.1768353,6.801432,-6.0939617,8.437389,-3.5615053,-5.0950623,-1.953849,6.7099953,-5.9330726,8.556289
-3.672699,-5.076917,-2.4154644,5.8335934,-3.831344,6.6229553,-3.8272505,-5.4376917,-2.333605,6.079006,-3.679295,6.1008906
-4.0081863,-5.6409154,-2.7306347,4.913275,-12.100321,6.9333954,-4.1080694,-5.7288527,-2.713126,4.5014706,-11.797484,6.0115895
-4.303678,-5.856668,-3.1277046,7.363961,-12.158133,7.968059,-4.364229,-5.9394608,-3.0691426,7.2766438,-12.12566,7.589795
-4.663364,-6.066627,-3.4763062,6.8538747,-9.058405,10.268326,-4.680294,-6.150945,-3.5090034,7.1121883,-8.748039,10.730016
-5.049181,-6.230006,-3.7179039,9.71182,-14.014859,7.4826727,-5.2579904,-6.348603,-4.2250595,9.903771,-14.570454,7.8505816
-5.6078987,-6.529076,-4.0415745,3.2817297,-9.346355,7.012155,-5.524128,-6.359044,-4.493289,2.5835617,-9.696695,6.57838
-5.8619576,-6.4292254,-4.2763233,7.543939,-7.757699,5.6708336,-5.791357,-6.301667,-4.7483273,7.072012,-7.476648,5.874871
-6.194593,-6.355395,-4.507467,13.956256,-7.8187613,1.6529375,-6.036398,-6.2084136,-4.937587,14.372413,-7.4927173,1.5870337
-6.2844586,-5.9874806,-4.8273773,25.651096,-13.756615,-1.8510044,-6.254483,-5.8833337,-5.1442227,25.805477,-13.732478,-1.6942648
-6.032604,-5.4417415,-5.5641727,45.314285,-20.73563,-4.878653,-6.4838014,-5.476022,-5.418398,41.00973,-18.62627,-4.961081
-6.2160144,-4.93136,-5.35418,67.97532,-28.979254,-2.9855893,-6.893035,-5.070988,-5.4062157,69.140366,-28.902636,-3.421224
-6.1933904,-4.624883,-4.9459386,34.098972,-19.920452,-0.6226861,-7.041642,-4.7217,-5.073028,27.79338,-16.035114,-1.4924358
-6.9749985,-4.343326,-4.6922975,22.113829,-15.171349,-1.6641694,-7.102924,-4.3348265,-4.7180324,22.580671,-15.421378,-1.5254649
-6.9573,-3.8473396,-4.1295624,14.612496,-11.036074,-1.2673918,-7.0898604,-3.9365764,-4.3597603,14.651441,-11.390624,-1.4245503
-6.772396,-3.2490878,-3.6606505,12.152818,-9.901459,-2.1144361,-6.9885426,-3.372347,-3.8591983,12.415491,-10.111732,-1.948929
-6.557477,-2.5521622,-3.1662686,8.692332,-7.414021,-4.4656997,-6.7653093,-2.680672,-3.268462,8.95275,-7.327384,-3.596096
-6.270029,-1.6850895,-2.5864456,4.4181314,-4.297822,-8.579836,-6.1440306,-1.4672923,-2.337932,4.8747697,-4.530156,-9.759868
-5.718645,-0.8335786,-1.9864068,-1.6948563,1.3248539,-6.762408,-5.6998334,-0.79065335,-1.9043815,-2.1683936,1.4890028,-5.9997244
-5.0313983,0.06166315,-1.4343804,-4.508324,3.9950101,-6.4972606,-5.1725554,-0.098024346,-1.5126503,-4.4755163,3.7701278,-6.1521335
-4.406846,0.7945819,-0.98704284,-6.276563,5.7647777,-5.7153854,-4.6228333,0.5306902,-1.2107778,-6.27642,5.638987,-5.5488396
-3.8239415,1.365063,-0.7460131,-7.5695558,7.146196,-5.6172757,-4.1209917,1.0590883,-1.0093418,-7.4959526,6.994254,-5.248004
-3.331635,1.8152043,-0.69642633,-10.239337,9.897063,-6.5974317,-3.5174828,1.6355144,-0.84005183,-10.180486,9.7426815,-6.368088
-2.6591184,2.3860426,-0.69161934,-17.841093,19.057928,-11.424794,-2.3458853,2.5773919,-0.6847076,-18.188461,19.394453,-12.150346
-2.0142646,2.6835196,-0.6093933,-7.458492,12.229699,-4.8029695,-1.8128264,2.9805424,-0.67113364,-7.6593666,11.937277,-5.1169953
-1.3683059,3.1359806,-0.5744023,-8.52656,12.707326,-4.5019846,-1.300523,3.344948,-0.6909722,-8.458612,12.79677,-4.707431
-0.81325495,3.6556041,-0.70460427,-9.304437,12.837294,-3.9037187,-0.81939375,3.6412537,-0.740445,-9.022673,12.764433,-3.5556371
-0.30946562,3.9865575,-0.84684896,-10.682948,13.513342,-3.1135619,-0.39727795,3.859645,-0.8083032,-10.635206,13.490109,-2.89659
0.053679436,4.1967864,-0.94575447,-13.483621,14.973446,-3.8179057,-0.017860642,4.0273967,-0.89040035,-13.396676,14.854992,-3.7796438
0.44454065,4.300483,-1.0480863,-26.484594,28.720934,-8.514655,0.52522886,4.2124515,-1.0167228,-26.71426,29.20696,-8.78904
0.65499413,4.3807087,-1.0288836,-12.9690485,13.890035,-3.9069157,0.7387399,4.260939,-1.0462024,-13.136918,13.915308,-4.1223984
0.8315953,4.365257,-1.0579034,-13.776033,13.871434,-3.8366656,0.9300093,4.2599506,-1.0621268,-13.538683,14.284534,-4.382906
1.0512676,4.2048874,-1.0722235,-22.281488,20.872444,-5.391768,1.0505592,4.1977763,-1.0297776,-21.963747,20.681967,-5.5220785
1.024684,3.9506674,-1.0113662,-32.985428,24.776754,-5.2603874,1.0948645,4.090223,-0.8868335,-33.20675,24.647121,-5.589119
0.9542829,3.758359,-0.8858386,-13.760586,4.0256004,-1.929259,1.0461829,3.9239213,-0.6269384,-13.641072,4.375309,-1.9559591
0.89153206,3.4051683,-0.67137367,8.486863,-20.324842,1.537392,0.8050673,3.3651402,-0.38007075,8.834663,-21.44321,2.098979
0.65346,3.0068164,-0.5908454,-3.9396012,-2.4424791,-0.7430715,0.7184526,2.9983194,-0.337036,-3.7560983,-2.7555308,-0.76734143
0.47876152,2.5553176,-0.4577616,2.8829365,-8.166058,0.22689064,0.6510631,2.678889,-0.28512207,3.0146246,-8.430331,0.4683291
0.49971458,2.2932928,-0.38119754,2.9587712,-12.850802,-0.47121018,0.6102573,2.3435202,-0.19972457,2.8403425,-12.969726,-0.32739952
0.45524016,1.9402099,-0.28944495,4.7909837,-3.3656518,-1.1404539,0.58112824,2.0086806,-0.1386696,4.663074,-3.1945624,-1.2331487
0.48853198,1.6249493,-0.23714806,7.896794,0.38316008,-0.007170366,0.5626357,1.7253703,-0.11339971,7.964635,0.5511067,0.26979274
0.5506815,1.2207534,-0.16064234,16.50294,-3.240445,1.791226,0.5621249,1.1555105,-0.022377027,16.671822,-3.430529,2.1731088
0.530411,1.0638716,-0.09349757,9.495248,-2.0347886,0.9259942,0.57933694,0.88318986,0.007662377,9.518994,-2.1865895,1.2303505
0.5220504,0.8069377,-0.029778203,9.816615,-0.12488744,1.7818271,0.5877302,0.68194497,0.00051765575,9.599171,-0.22038484,1.9544755
0.53201616,0.56482285,0.024765918,7.0534387,0.8911115,0.35682398,0.6011743,0.5375604,0.019276887,6.7489986,0.8602789,0.47999674
0.5891546,0.37206274,0.033390082,10.466831,2.835956,-0.2100436,0.61416703,0.38657838,0.029853085,10.291256,2.8378317,-0.2255264
0.59747875,0.27244538,0.048993327,11.018561,0.6370523,-0.3837797,0.6231817,0.27732292,0.03990993,10.857576,0.5920781,-0.38141945
0.5881208,0.24853626,0.028120259,13.306254,8.270522,-0.091232225,0.6139394,0.16138427,0.019312529,13.265474,8.483305,-0.08130092
0.52151835,0.21254027,0.058643483,4.7769184,1.8477497,-1.7789055,0.597552,0.1401293,0.0203211,4.622805,1.7242335,-1.6775565
0.49835256,0.2052365,0.06769275,4.3593516,0.798099,-1.6421281,0.56556123,0.16190557,0.027658693,4.346475,0.87687594,-1.6486576
0.46820864,0.24696845,0.071816884,4.3783607,1.7788415,-2.131928,0.5221557,0.18892138,0.029325861,4.316793,1.8547308,-2.0564477
0.40076783,0.31273603,0.062200584,3.777601,1.9327116,-1.0329732,0.47519064,0.22921132,0.030107316,3.6947558,1.9841864,-0.93585044
0.35201713,0.3738675,0.064653195,2.8461454,1.9708768,-1.8208734,0.4176217,0.30385536,0.023341227,2.733062,2.0184882,-1.7641878
0.29656294,0.46672767,0.06703385,1.8499621,0.476014,-3.3912508,0.28232515,0.4789717,0.024984961,1.7196347,0.50293696,-3.3288112
0.20392337,0.5864706,0.048968352,0.41485447,0.7911375,-1.3502396,0.21289931,0.57892793,0.01195931,0.3416472,0.85504174,-1.1916952
0.12749198,0.69751185,0.03955234,0.25320596,0.54664576,-2.2407432,0.13934825,0.6871143,0.0022051062,0.14412874,0.6041519,-2.2426624
0.029524773,0.82171285,0.013476277,-0.7880091,1.6590626,-1.4170009,0.054494295,0.80109245,-0.00027768064,-0.89179945,1.7348032,-1.371908
-0.062642545,0.94308245,-0.008935666,-0.9297939,0.84646267,-0.41008037,-0.030087214,0.91266567,-0.006602715,-1.0184606,0.86694324,-0.37480068
-0.14350876,1.0403098,-0.023593476,-0.49772936,-1.1000669,-0.47522944,-0.1113647,1.015039,-0.027002292,-0.57060504,-1.101211,-0.45012677
-0.23687682,1.165873,-0.03537298,0.2058956,-5.026493,0.40968138,-0.25153074,1.1955814,-0.04343379,0.093010865,-5.098647,0.54890233
-0.33236137,1.2968274,-0.051261686,-1.0002426,-3.966428,-1.1501595,-0.33005798,1.306518,-0.060552057,-1.1032077,-3.9857628,-1.0857129
-0.40049103,1.4099327,-0.074025564,-1.0399345,0.073176056,-1.5680014,-0.39869338,1.4126769,-0.083164446,-1.1283828,0.1493122,-1.5851716
-0.44777384,1.505377,-0.10024301,0.12850457,1.3581419,-1.0976452,-0.4566196,1.513576,-0.10461157,0.13838735,1.4293964,-1.1557963
-0.5033636,1.6276934,-0.1051219,0.77676433,-1.9538461,-1.1642133,-0.50759685,1.6073606,-0.13241966,0.752937,-2.0168173,-1.2511022
-0.5513607,1.7406888,-0.12143009,-2.0062156,-2.361719,-0.78198546,-0.55136365,1.6955898,-0.15141806,-2.1129203,-2.3771327,-0.81318253
-0.61025214,1.8492924,-0.15074573,-4.35365,-3.6021345,0.5550869,-0.6170394,1.8696821,-0.18941519,-4.4895697,-3.6713738,0.5965483
-0.6397326,1.9354146,-0.15713824,-2.750908,0.6473381,-0.49802583,-0.64323944,1.9506339,-0.2104469,-2.6854355,0.75580853,-0.49646103
-0.66637254,2.0182042,-0.18497168,-2.6552236,0.94880825,0.2657352,-0.6771615,2.017264,-0.21868506,-2.662229,0.98105925,0.29014492
-0.70511806,2.0869496,-0.19746529,-1.8456854,-1.9740669,1.1909796,-0.7069278,2.0704215,-0.23406084,-1.8459647,-2.0586033,1.27091
-0.7123375,2.1536283,-0.21051069,-0.38909358,-1.9138012,0.6381751,-0.73164546,2.1259048,-0.25613505,-0.34025458,-1.9117535,0.7014961
-0.73057294,2.2065387,-0.22021733,-0.45521933,-1.9741609,-0.7008926,-0.7533909,2.1778417,-0.26465705,-0.44488925,-2.0055673,-0.70626533
-0.7660152,2.2690926,-0.24364646,-5.693149,-4.2219424,-1.8849639,-0.77420425,2.2636042,-0.27614725,-5.8592114,-4.3542175,-1.9100084
-0.758994,2.2826087,-0.24752451,-1.7776235,-1.9916875,-0.3481142,-0.7740014,2.303433,-0.28350952,-1.6637354,-2.0106351,-0.3491856
-0.7474344,2.3203707,-0.26145,-2.0150206,-1.7811396,-1.1073376,-0.7664782,2.3314917,-0.28458208,-2.072242,-1.7751272,-1.1413172
-0.73686373,2.3419409,-0.26788318,-1.8189229,-1.9683329,-1.254789,-0.745952,2.34564,-0.28509188,-1.8525273,-2.0609674,-1.3073858
-0.70548487,2.3429794,-0.26421577,-0.93293685,-2.1843848,0.2510336,-0.71747077,2.3482378,-0.29443124,-0.9172271,-2.2409222,0.29004177
-0.67083716,2.3456736,-0.28175786,-0.43114632,-1.6076771,0.80842334,-0.67978513,2.3497388,-0.30031484,-0.4213184,-1.6372409,0.87282157
-0.6443453,2.3496358,-0.2830593,-1.8091086,-4.675719,-0.9179229,-0.5911548,2.3427913,-0.30046877,-1.8676157,-4.8778696,-0.97549075
-0.5688491,2.3229935,-0.28205425,-2.1151073,-0.18433282,0.5922027,-0.52178055,2.3309674,-0.2851395,-2.1205842,-0.10537022,0.6671518
-0.49074307,2.302826,-0.27455324,-0.8386765,0.27521494,0.003135992,-0.49109918,2.3223748,-0.27893138,-0.81550926,0.23352344,0.092860684
-0.4224994,2.2761734,-0.28485504,0.29949278,-0.5212767,-0.54653305,-0.42285025,2.3020916,-0.2793209,0.27825686,-0.5724852,-0.5091094
-0.3467131,2.2495654,-0.29050547,1.1651919,-1.8976378,-1.1319658,-0.3532273,2.2809143,-0.28122386,1.1690475,-1.9380264,-1.1963006
-0.28485212,2.2343116,-0.2848432,-0.53226143,-0.30055678,-1.3834618,-0.28131872,2.252386,-0.26638794,-0.56522727,-0.27983302,-1.4461482
-0.1825026,2.2027388,-0.319892,4.691983,4.338455,-0.49515694,-0.15080114,2.2243416,-0.24614863,4.850753,4.3451324,-0.5589456
-0.13246402,2.1851182,-0.31160745,1.6108793,0.6276848,-0.4780609,-0.0757332,2.2018094,-0.25376308,1.6117569,0.5677674,-0.5732608
-0.06619415,2.1795654,-0.28827134,1.5065804,-0.88811666,-1.3181559,-0.013368291,2.1955378,-0.2325376,1.5966967,-0.93966454,-1.4415135
-0.005966574,2.180254,-0.29977608,0.80006236,0.045326684,-0.5436432,0.031779464,2.2106533,-0.23132208,0.89151573,0.086502604,-0.57953036
0.07007387,2.1969209,-0.30363828,0.76724774,1.9715389,-0.072199985,0.08897528,2.2159855,-0.24578832,0.829951,1.9848825,-0.058531795
0.12137082,2.2030172,-0.330411,1.3067703,2.4641063,0.8116358,0.14443652,2.2238703,-0.269603,1.3669505,2.4381437,0.8700745
0.17485175,2.224155,-0.29902443,0.64017886,0.2118518,-2.1181924,0.21690698,2.2638533,-0.26979098,0.6742513,0.14201118,-2.205637
0.18128446,2.25476,-0.31618294,0.58142143,-2.8905845,-0.4919657,0.26064804,2.2842298,-0.282047,0.609269,-2.99139,-0.5153357
0.24789241,2.2792187,-0.3319014,0.57929116,-0.46024725,-0.57804054,0.30254656,2.307296,-0.29185972,0.6455684,-0.37822104,-0.529295
0.30283293,2.3076668,-0.3497394,-0.772608,1.3572425,-0.36914104,0.35352305,2.3274822,-0.29437318,-0.713768,1.3969954,-0.33677533
0.35337207,2.319892,-0.36318478,-0.4540407,0.0005100691,-0.15982191,0.4056726,2.3451724,-0.29336184,-0.38425738,-0.04482736,-0.11781939
0.40955797,2.340776,-0.37643147,-1.506815,2.2949464,-0.018901514,0.4537062,2.3603268,-0.30223033,-1.4860563,2.3739572,0.058688406
0.46321627,2.3579268,-0.38525644,-1.3014779,3.2788713,-0.8443627,0.52176696,2.4029162,-0.32744464,-1.2180257,3.2940536,-0.82042104
0.48663422,2.3729024,-0.38722658,-0.6259871,1.5301168,-1.0816246,0.55469143,2.4271107,-0.34785256,-0.56981087,1.491711,-1.0931964
0.52039444,2.3977551,-0.39212698,-1.7736604,3.2511053,-1.1685623,0.5809751,2.4404712,-0.36154366,-1.7664697,3.3099194,-1.1402757
0.549093,2.4093778,-0.38681647,-2.0857697,4.7856965,-1.439937,0.5885224,2.4484386,-0.36927453,-2.0362155,4.816102,-1.4477538
0.5477153,2.429355,-0.38607237,-5.179149,6.6603336,-1.8389055,0.58428556,2.4513094,-0.38124487,-5.253736,6.6992335,-1.8496135
0.52980983,2.4060125,-0.40261808,-15.939773,17.462986,-2.1889806,0.5604876,2.4490519,-0.40983486,-15.885034,17.633326,-2.1621938
0.3038582,2.2809377,-0.67035407,-62.802948,45.73375,-0.7591743,0.39382717,2.291423,-0.62598324,-63.081062,45.670734,-0.6157478
0.10905293,2.2646124,-0.4783318,-25.593035,7.116923,1.5078964,0.2182767,2.0836082,-0.8236818,-25.716196,7.4406586,1.3875746
-0.019284338,1.9074626,-0.23394643,-14.646313,1.1516004,-4.5121026,-0.018742139,1.7652003,-0.8777075,-14.46676,1.9753264,-4.943213
-0.28606436,1.3964088,-0.048336737,4.4274154,-9.687701,-6.677767,-0.31744435,1.2862097,-0.700665,4.501781,-9.557879,-6.9704566
-0.7208673,0.8203381,-0.09677591,21.26955,-21.128998,-0.09247987,-0.6307752,0.75613976,-0.42707193,20.797058,-20.904116,-0.49107245
-0.9307214,0.30866086,-0.19054098,32.25895,-24.649336,7.4024577,-0.9074822,0.33492467,-0.2021671,28.9307,-22.230251,5.6321197
-1.3195335,-0.1942805,0.1280338,56.104717,-35.624634,11.042969,-1.2161673,-0.17395091,0.03115187,56.77405,-35.896557,11.369324
-1.0970156,-0.48256177,-0.10255226,15.991365,-9.441528,3.2425537,-1.2535069,-0.30048552,0.052891426,16.954483,-9.607771,2.6715512
-1.0978034,-0.49824148,-0.027281484,9.213063,-5.4323153,0.31392223,-1.2399821,-0.37282148,0.03938631,9.097355,-5.451598,0.3587399
-1.1026734,-0.4388768,-0.02251952,3.4276772,-1.3799187,-1.2566501,-1.1904167,-0.39708793,0.0011322272,4.489479,-2.4167721,-1.2311082
-1.042435,-0.27728242,-0.032115765,2.2740645,0.8697879,-1.769404,-1.1188887,-0.37865326,-0.043577358,2.27359,0.8421429,-1.7459687
-0.9807968,-0.22029757,-0.036457412,2.872404,2.5331428,-0.46935505,-1.0256652,-0.32883185,-0.0768269,2.895315,2.500117,-0.51598644
-0.906831,-0.18412241,-0.04541912,10.265317,3.9064717,0.25359064,-0.8737864,-0.2116954,-0.07274209,10.513129,3.909198,0.08162999
-0.7252954,-0.06374258,0.022004167,8.746366,-12.825955,4.054497,-0.79579747,-0.09785967,-0.070890024,8.844544,-13.180121,4.1831574
-0.72524595,0.1805464,0.008528108,-4.8214254,-26.204796,-2.7903762,-0.7162803,0.052949764,-0.23673496,-4.3692465,-25.813917,-3.2995887
-0.6388643,0.17833918,-0.024000188,-0.7096631,-2.2038307,-5.6698775,-0.5811765,0.2311168,-0.4030464,-0.9026396,-3.061751,-5.9321065
-0.46347603,0.4276198,-0.14860694,5.0990577,16.129698,2.1309712,-0.4173467,0.3669249,-0.40033874,5.460599,15.985447,2.4566953
-0.21785173,0.51160514,-0.18096419,-0.048339907,6.4886923,0.1208895,-0.18726002,0.5206455,-0.307894,0.15047468,6.937926,0.026905183
0.085018784,0.79516566,-0.15311106,-8.133317,9.33485,0.81304246,0.039848577,0.8414859,-0.00193442,-8.063667,9.517709,0.6653755
0.15931252,0.9409832,-0.027886411,-4.316729,7.4386635,-0.2397906,0.12906732,0.98504037,0.18110242,-4.250573,7.4162035,-0.413424
0.20681134,1.0918254,-0.052639596,-5.24805,4.8241806,-0.5613565,0.22799788,1.0823543,0.052157298,-5.2394676,4.8914876,-0.5706792
0.23231599,1.2313871,-0.016262045,-5.5805054,2.1604316,-0.5002703,0.29054633,1.1612535,-0.0045801154,-5.4435735,2.1775022,-0.43647254
0.26051566,1.3053709,-0.07402318,-14.753567,-10.6403265,-0.8541824,0.34676635,1.2548221,0.0030900852,-15.079775,-11.04457,-0.73862
0.22277501,1.3530892,-0.112772994,-18.551592,-28.88401,0.2810393,0.4074985,1.3189943,-0.1567841,-18.81507,-29.266443,0.3392602
0.5859895,1.3219304,0.036129065,-6.860062,5.4625096,-10.259932,0.7102954,1.3047175,-0.29900977,-6.9399834,5.472942,-10.867267
0.78793156,1.212275,-0.1281677,9.911572,27.541721,-1.4382447,0.94540846,1.2225227,-0.0025177463,9.9711685,28.104925,-1.5453691
0.97402203,1.1440052,-0.14117391,6.5432243,15.768124,-1.3199517,1.0830659,1.1457961,0.026299031,6.1829967,15.809097,-1.5548644
1.1356713,1.097777,-0.2368565,2.9748557,10.974444,-1.8424073,1.1470808,1.0880523,-0.04206343,2.8131464,10.985941,-1.6668317
1.0778161,1.0618947,-0.22603841,-3.202414,5.29744,-2.1153324,1.141125,1.0661438,-0.15528119,-3.362939,5.3260818,-2.3804684
1.0118927,1.0856462,-0.179296,3.8390675,9.163883,0.26328593,1.0784334,1.0502862,-0.22826786,3.9905944,9.231955,0.1776265
0.9355087,1.095212,-0.18625934,7.3319373,9.850548,0.42926246,0.90262026,1.0407847,-0.043769233,7.52025,10.0037155,0.4548077
0.7812282,1.1026895,-0.15197928,3.0788536,4.1562576,0.2977367,0.78734666,1.054698,-0.036419194,3.1197739,4.2044444,0.503224
0.63854027,1.1126623,-0.13869263,3.0104485,3.251799,0.68313056,0.6439053,1.0789131,-0.057321437,2.9448931,3.4827883,0.74355465
0.45729557,1.1488631,-0.12718154,2.4628036,2.174348,0.8909741,0.48900807,1.109493,-0.06445326,2.4014082,2.3208122,0.9460463
0.2521036,1.188342,-0.10746112,1.9702302,1.3702731,1.1396679,0.31707576,1.1479928,-0.06833571,1.9186293,1.466663,1.2143401
0.08160511,1.2405256,-0.09512567,1.4786711,0.3482835,0.6216822,0.1373779,1.1936009,-0.068470396,1.4179273,0.41346395,0.6250689
-0.12384221,1.3102283,-0.097159766,2.008851,-1.5917565,-0.59339565,-0.21245618,1.3027618,-0.08029923,1.8470743,-1.6287493,-0.6725653
-0.3411748,1.378135,-0.11896955,0.16251725,-1.562101,0.23323758,-0.38061014,1.3562592,-0.09338351,0.10098203,-1.5761898,0.161231
-0.5468888,1.4324443,-0.13630061,-0.24338931,-2.322931,0.337663,-0.56928706,1.4130533,-0.111264534,-0.3701482,-2.3312323,0.23005721
-0.75371826,1.4889463,-0.15714669,-0.76670533,-2.7575648,0.7388714,-0.74602157,1.4697253,-0.12853685,-0.83903736,-2.770924,0.648453
-0.942914,1.5435427,-0.1797208,-1.247757,-2.9877217,1.3385059,-0.90277475,1.5222044,-0.14829147,-1.2997813,-3.010585,1.2618557
-1.0902619,1.5884526,-0.19722866,-1.6356543,-3.363769,1.3479427,-1.0699863,1.5764562,-0.17501888,-1.6875663,-3.4066846,1.2851182
-1.236355,1.6567199,-0.20804693,-3.594251,-6.514269,2.1955721,-1.3404386,1.659609,-0.22378927,-3.6773572,-6.654337,2.1577399
-1.3963791,1.6809525,-0.24642296,-1.8819382,-3.4182487,1.053996,-1.4495801,1.6959643,-0.24223636,-1.8479531,-3.416358,1.049714
-1.5178058,1.7179785,-0.26364848,-1.8512552,-3.626193,1.08176,-1.5520699,1.7273016,-0.25864,-1.9194568,-3.6817102,1.0533547
-1.6180897,1.737229,-0.2816986,-1.566022,-3.362348,1.0055586,-1.627947,1.7443991,-0.2733981,-1.5678211,-3.4166658,1.0084975
-1.6932886,1.7547181,-0.29229447,-1.4546629,-3.3561547,1.0287122,-1.7020862,1.7616787,-0.29074425,-1.4624845,-3.3973184,1.0348995
-1.7451485,1.7660277,-0.3013659,-1.520773,-3.2146943,1.1732627,-1.774648,1.7744257,-0.30703485,-1.5360372,-3.2586646,1.2022744
-1.7826432,1.7791077,-0.29776195,-2.3829265,-4.66185,1.66283,-1.8506817,1.7741069,-0.32302725,-2.424764,-4.755132,1.7123672
-1.8147298,1.762139,-0.31862578,-0.9581457,-1.9987974,0.7818201,-1.8748114,1.7674047,-0.3303165,-0.9235937,-1.9688146,0.8360752
-1.8349558,1.7529413,-0.31969967,-0.7824729,-1.6205754,0.69830376,-1.8945081,1.7540457,-0.3338268,-0.81665146,-1.62782,0.72078466
-1.843359,1.7349259,-0.31891197,-0.66674536,-1.415626,0.49055606,-1.9032632,1.7359663,-0.32878128,-0.68260026,-1.4356711,0.5310568
-1.8418885,1.7112564,-0.3174797,-0.48124725,-1.1141328,0.56883484,-1.8992822,1.7195067,-0.3233722,-0.49699244,-1.1235534,0.5935553
-1.8359274,1.6903087,-0.31527498,-0.26586062,-1.0564383,0.55830747,-1.8894333,1.6999112,-0.3205323,-0.27940682,-1.0715945,0.5740842
-1.8253115,1.6643678,-0.3111694,-0.2700259,-1.3828297,0.9623273,-1.8570019,1.6608288,-0.30502844,-0.2721017,-1.4077921,0.9931874
-1.7988509,1.6367065,-0.3060183,0.0058732596,-0.5634897,0.34104592,-1.8375353,1.6415169,-0.29629424,0.018056571,-0.54711187,0.34924775
-1.7735409,1.6127727,-0.2995896,-0.0018208656,-0.35128278,0.2608047,-1.8173097,1.6206396,-0.28867692,-0.0035259246,-0.3599089,0.2591761
-1.7464794,1.5873625,-0.29516461,-0.0113439,-0.30231288,0.70405513,-1.7896323,1.5979059,-0.27889,-0.0074691065,-0.308894,0.7363576
-1.7169834,1.5640513,-0.2905651,0.03947216,-0.19136152,0.639684,-1.7623311,1.5803981,-0.274437,0.040408608,-0.19768412,0.65911376
-1.690709,1.5461675,-0.28643453,0.25915772,0.02372131,0.43880564,-1.7396017,1.5650235,-0.273129,0.26254302,0.014700974,0.44001436
-1.6596354,1.523463,-0.28621984,0.88451546,0.5003288,1.3057152,-1.6890737,1.5314196,-0.25576484,0.93752134,0.51923007,1.3559896
-1.6283203,1.5077512,-0.27461502,0.62045795,0.4545469,0.509806,-1.6622946,1.5134763,-0.24690957,0.6497831,0.4689331,0.51588154
-1.6002992,1.4947891,-0.2688114,0.6055935,0.4949738,0.34444362,-1.6372517,1.5033402,-0.23798133,0.6442428,0.48940492,0.34073123
-1.57523,1.4844695,-0.26380575,0.43516356,0.36327514,0.34458834,-1.6135778,1.4955398,-0.23576073,0.4544031,0.35500246,0.34787115
-1.5533446,1.4770674,-0.2579357,0.011834677,-0.05262926,0.49072272,-1.5946282,1.4879266,-0.23267439,0.015105592,-0.0804568,0.49507686
-1.5345101,1.4722011,-0.2520614,-0.27480477,-0.20176959,0.09879811,-1.5713848,1.4783523,-0.22268555,-0.27636346,-0.23045568,0.08703979
-1.508221,1.4633423,-0.24812253,-0.495786,0.036052797,0.10002573,-1.5221664,1.4619035,-0.21571557,-0.4924044,0.028487882,0.086449735
-1.4794556,1.4515495,-0.24479629,-0.18655103,0.18059412,0.018145872,-1.4970795,1.4535431,-0.21587129,-0.17315432,0.17595011,-0.005457439
-1.456009,1.4416969,-0.23867293,-0.19665319,-0.33247435,0.03158934,-1.4731995,1.4455667,-0.2097415,-0.19681427,-0.37115666,0.017074335
-1.4275873,1.4302408,-0.23505016,-0.13392311,-0.081567794,-0.0035588017,-1.450634,1.4381005,-0.20615801,-0.12961918,-0.09941948,-0.016472848
-1.4002432,1.4209235,-0.22897618,-0.33541495,-0.2494807,-0.13124315,-1.4243104,1.4291518,-0.20613633,-0.3471451,-0.2841198,-0.15141933
-1.3625087,1.40609,-0.2337958,0.24186891,2.0764978,-0.13055985,-1.3952235,1.4200648,-0.20302427,0.28943276,2.1322362,-0.13213022
-1.324171,1.3962189,-0.23804529,1.4781873,6.079806,-0.31529635,-1.347082,1.3959908,-0.18814345,1.5346924,6.1580734,-0.33722094
-1.3185778,1.3867987,-0.22283545,1.962603,0.21851644,-0.85630316,-1.3273593,1.395001,-0.18597172,2.0032194,0.14344111,-0.96947527
-1.2955298,1.4466636,-0.24350934,10.747572,-0.7229954,0.52449065,-1.2897135,1.4530373,-0.18090834,10.847379,-0.6707083,0.46518332
-1.3412017,1.5999084,-0.2934275,18.29033,3.533532,-0.11277072,-1.2755556,1.7094011,-0.19182381,18.26689,3.7322521,-0.18252927
-1.4076785,1.7454733,-0.2539386,11.074132,8.837293,-6.001072,-1.3187028,1.9026701,-0.20513363,11.013745,8.708343,-5.934681
-1.3899362,1.8610044,-0.24045868,6.541509,8.844413,-9.961512,-1.3567737,1.9457998,-0.18816058,6.559995,8.874245,-9.794044
-1.393036,2.089961,-0.24143632,15.865939,4.291663,-7.260488,-1.3940911,2.0874815,-0.17462638,16.053621,4.415785,-7.409145
-1.4783036,2.3206294,-0.37435034,6.1434135,0.7818306,-1.7340418,-1.4761196,2.262483,-0.21467051,6.35478,0.77435064,-1.8286275
-1.6104722,2.4922917,-0.41435042,-0.07303113,-1.9003716,-0.12335341,-1.5613883,2.4265034,-0.2684373,0.002025778,-1.9124213,-0.27331617
-1.7004935,2.6535075,-0.4252106,-8.598816,-5.215202,2.5202477,-1.638917,2.498892,-0.3344171,-8.389932,-4.9808116,2.461771
-1.769807,2.7875888,-0.45171124,-10.198339,-4.9481435,2.818579,-1.7193679,2.534277,-0.4081099,-10.077713,-4.8171635,3.0052202
-1.8448005,2.9054375,-0.5064081,-9.304357,-4.5995836,0.70759135,-1.8257977,2.6830778,-0.507879,-9.353577,-4.5158195,0.91030115
-1.9096935,3.034943,-0.55986625,-14.618566,-6.0807614,0.05955441,-1.950757,3.0597365,-0.6642723,-14.733468,-6.1487303,-0.009661719
-1.8819557,3.1793778,-0.57907194,-4.366419,-4.546213,-20.925194,-1.9937319,3.2221923,-0.72669446,-4.264468,-4.5397825,-21.109686
-1.69623,3.0887299,-0.59966606,6.4025483,-5.559266,-65.97243,-2.0506182,3.3879447,-0.7778168,6.640132,-5.142639,-66.83262
-1.506527,3.0195785,-0.60698646,10.255117,-1.753004,-97.52777,-2.13484,3.49841,-0.82176334,10.87682,0.091468886,-96.19905
-2.166054,3.3013763,-0.6353678,5.259111,2.0681477,-76.10333,-2.2225058,3.443327,-0.86610764,4.943788,2.4843457,-75.247894
-2.4875233,3.2044284,-0.60660166,-4.267429,-4.0466003,-27.057419,-2.3249395,3.2592132,-0.88625395,-3.2986937,-3.1658893,-30.851454
-3.0651844,3.2102423,-0.6655846,-20.91822,-11.6448345,96.35916,-2.946666,2.9942803,-0.92819995,-22.730377,-12.2016325,96.266754
-2.9033997,2.7379189,-0.70477134,-8.003994,-0.384675,47.440685,-3.2219987,2.771611,-0.9460236,-8.841745,-0.6539745,47.452545
-3.3053298,2.7772148,-0.7381657,-4.66414,-0.6945344,32.14798,-3.3967354,2.610134,-0.952252,-4.710147,-0.5677471,31.951624
-3.2111087,2.5372367,-0.60334843,10.662496,-2.5092115,35.27831,-3.4778192,2.5339408,-0.93961453,11.3716,-2.5964928,35.15407
-2.9636755,2.4847622,-0.38149276,21.165386,-6.763816,49.111927,-3.4055288,2.6007009,-0.92086643,21.410223,-6.7846494,48.488678
-3.098112,2.5305948,-0.60325867,14.029998,-12.190177,24.769384,-3.3259323,2.662346,-0.917137,14.377367,-11.677158,24.347553
-3.2625394,2.508947,-0.6552099,10.117191,-20.260494,5.6614456,-3.329127,2.6983485,-0.84959817,10.358121,-20.762638,5.5353737
-3.1675875,2.7283535,-0.6907927,-4.1611266,-2.5952804,2.2192338,-3.170911,2.8232484,-0.8120832,-3.993523,-2.2833421,1.5713996
-2.8406012,3.055563,-0.7078591,-5.6814337,-0.4950802,3.1974022,-2.9593174,2.9866974,-0.76713306,-5.805574,-0.45891625,3.0914025
-2.591316,3.2613904,-0.72600996,-1.3302243,1.7221165,0.12930138,-2.7349179,3.1677415,-0.7434609,-1.4091017,1.98548,0.10974972
-2.3431392,3.4250407,-0.7263872,-3.0647116,2.5595527,-0.94865984,-2.5248559,3.3368006,-0.74844235,-3.0658264,2.7004423,-1.2798772
-2.1730063,3.5610006,-0.73225003,-6.2128873,1.02845,1.3416713,-2.3132932,3.506732,-0.76022476,-6.1594605,1.0119752,1.298205
-1.955822,3.6914766,-0.7488782,-13.953586,1.4953042,4.066273,-1.9700605,3.7318687,-0.7894787,-13.933198,1.3736683,4.1033106
-1.7511505,3.8533578,-0.7447728,-7.2631974,-0.035251107,3.0085526,-1.7618539,3.8312683,-0.80749863,-7.1832833,-0.2766519,2.7812128
-1.5692912,3.930955,-0.73842007,-8.108418,1.8667545,9.533281,-1.5486603,3.910408,-0.8199181,-8.0863085,1.9004538,9.718413
-1.3459839,3.903047,-0.74873835,-9.107639,4.6441593,14.23349,-1.3407296,3.9650013,-0.8235915,-8.903658,4.6581955,14.394517
-1.1660144,3.95014,-0.75130993,-10.225244,5.00322,11.611989,-1.1633872,4.0007215,-0.82384986,-10.272329,4.8750033,11.639834
-0.91564727,3.9834716,-0.74778396,-6.8213654,6.145467,5.8422465,-0.95470244,4.0239053,-0.8230603,-7.023861,6.068696,5.8017898
-0.6451516,3.845842,-0.752062,-15.107812,14.88698,7.1714253,-0.5540421,3.96129,-0.7980739,-15.209506,15.314688,7.0784583
-0.45673594,3.8230953,-0.75135225,-6.277127,7.0191,4.97767,-0.36153716,3.8900135,-0.7708133,-6.3724446,7.2443156,5.3100266
-0.26062837,3.720532,-0.71281576,-2.661035,6.4142475,0.3188184,-0.20085633,3.7979453,-0.7467491,-2.8063211,6.5202637,0.15694766
-0.102259606,3.604871,-0.7249001,-1.531597,5.2365923,-22.232128,-0.08085534,3.6925874,-0.71688205,-1.7447084,5.1614504,-22.23256
0.031434387,3.421224,-0.7009457,0.7950806,-0.22949162,-70.73593,0.01748231,3.5521343,-0.67451346,1.3798153,0.42538825,-69.63607
0.07189098,3.2539196,-0.51972693,5.127156,-4.6960263,-97.8739,0.07165346,3.410168,-0.63001746,5.374792,-5.6595597,-96.920456
0.0010729134,3.3899865,-0.5703818,5.0160446,-14.028456,-144.15018,0.029372444,3.1623886,-0.52538586,5.6213236,-14.662913,-144.63292
-0.29204735,3.059358,-0.53748983,-4.4842887,-5.235465,-28.335857,-0.06042405,2.992659,-0.48903906,-4.6203322,-5.018945,-28.412737
-0.36594412,2.8146818,-0.5883036,-9.397461,-0.6186249,12.826017,-0.18284155,2.751246,-0.46341336,-8.95222,-0.43877998,12.122062
-0.84189045,2.182441,-0.37607655,-1.2985877,2.8424137,57.899525,-0.31696224,2.5104783,-0.4318306,0.30534428,3.0055912,53.771954
-0.6556865,1.9692245,-0.31375885,8.653354,-0.4331557,67.10778,-0.4671317,2.424367,-0.41175473,8.597305,0.15783788,65.61703
-0.62126565,1.951994,-0.33203357,0.44974992,-3.255247,43.127953,-0.609453,2.3541205,-0.37908864,0.7220289,-3.3883262,42.586678
-0.5546591,1.8432887,-0.29269424,-5.884779,-0.5081527,40.51856,-0.6693743,1.9902674,-0.26701987,-6.364243,-0.44398752,40.12182
-0.67344177,1.6456959,-0.31966558,1.2994417,4.8514957,13.189123,-0.63790524,1.827537,-0.23250684,1.2052506,4.593882,14.354363
-0.6134244,1.5922034,-0.27518988,3.5339057,4.5527596,12.87879,-0.58431727,1.6433895,-0.20584042,3.5127783,4.6475134,13.002707
-0.58666575,1.4864035,-0.26337996,4.24595,4.9546595,11.758451,-0.5265931,1.4862258,-0.1886966,4.389983,5.2398334,11.878568
-0.45013615,1.2846845,-0.13064776,2.72055,5.868836,28.229555,-0.4784969,1.3467349,-0.16606785,2.51339,5.602462,27.781902
-0.43884894,1.067065,-0.26483002,-0.9635083,9.751086,80.77732,-0.43071902,1.2224854,-0.1329838,-1.3814926,9.254734,79.03226
-0.06732139,0.94761693,-0.09224161,-2.0270927,25.840631,169.74165,-0.39531568,1.0573373,-0.112763524,0.5268583,25.671385,167.1954
-0.43724588,0.93609875,-0.011734715,-0.9005572,3.9946425,-0.027625727,-0.44046745,0.9092114,-0.09243904,-0.75630677,4.216212,0.2597041
-0.45879862,0.74875474,0.087745406,-9.381005,-3.974004,-34.54184,-0.4650867,0.7061719,-0.048116982,-9.258315,-3.6801338,-34.677536
-0.6099433,0.8447889,-0.00013889931,0.698029,-2.7364206,-44.938133,-0.5014296,0.6132501,-0.043316536,1.9285766,-3.6579223,-45.795296
-0.51224494,0.8300022,-0.033102177,10.554255,1.7315313,-38.30683,-0.6077046,0.6585259,-0.07389759,10.464837,1.5412484,-37.767082
-0.6727973,1.0040096,-0.15581985,10.718721,-2.905823,-66.949425,-0.6596885,0.6262452,-0.083968066,11.624439,-3.094869,-66.63168
-0.78937566,0.3699653,-0.16242094,27.18995,-17.512016,-207.08658,-0.68119323,0.50166273,-0.03939839,27.594692,-16.385338,-206.90736
-0.70611084,0.7144041,-0.070360504,3.6713486,-12.446936,-47.320225,-0.632829,0.4835078,-0.013894461,3.461555,-12.37944,-47.493874
-0.6455356,0.56847095,-0.015431991,-10.114228,-2.8158352,-10.4050255,-0.5727329,0.3357709,-0.014541272,-10.366064,-2.7852848,-10.024146
-0.6674565,0.29294187,0.019560495,-8.500075,4.695342,38.885582,-0.51743835,0.17808586,-0.019029984,-7.693215,3.4490263,30.248053
-0.6135701,0.48902482,0.02098445,12.525352,1.2168314,78.00601,-0.43723127,0.24623054,-0.02627153,13.947108,1.4917083,77.53261
-0.81069815,1.0031021,-0.27151355,4.432123,4.1456194,107.297424,-0.37104216,0.5391485,-0.05774742,6.8619537,4.6281643,104.654594
-0.831391,0.53435874,-0.09685024,-5.9821424,16.388124,202.40671,-0.37210783,0.5625654,-0.019072711,-8.292103,15.761698,215.69337
-0.45840266,0.5553577,-0.0412791,-3.1462555,7.7906165,32.26451,-0.4547277,0.5999804,-0.004143599,-3.1197932,7.9028525,32.00814
-0.5220847,0.5742441,0.21203263,-13.206637,-5.391577,-25.850185,-0.50313616,0.5978215,0.009542778,-13.76485,-5.4404564,-25.283642
-0.6116246,0.5530299,0.14260106,-3.2996492,-14.196383,-71.732346,-0.496182,0.5698013,0.014823008,-2.8331928,-14.600796,-71.565254
-0.87454736,0.8020493,-0.1241829,16.316568,-13.024677,-130.70613,-0.52479625,0.6572791,-0.008837351,17.036345,-12.608275,-130.43729
-0.77859795,1.0710511,-0.08084508,15.785794,-6.454693,-118.428604,-0.5751292,0.84102565,-0.035214115,16.099493,-6.7751684,-118.056366
-0.40343347,0.83642054,0.042988442,-1.5530823,4.07398,-29.895245,-0.27576557,0.8434578,-0.00023161298,-1.9228266,4.212645,-29.90857
-0.51584315,0.9693221,-0.23861231,-4.1291766,3.2406242,80.02246,-0.093341954,0.8064279,-0.011788419,-4.0006795,2.0871594,79.118866
-0.68915546,1.023675,-0.20678963,-4.577789,2.2631686,79.03688,-0.05767135,0.9345409,-0.027699111,-4.287245,0.41038707,75.771774
-0.1513066,1.0437267,0.03498537,-6.844762,2.8259964,9.413384,-0.124582686,1.1394377,-0.033413306,-7.1501737,2.3175552,9.158165
-0.16457179,1.1098583,0.019480446,-11.462866,8.928021,-9.095622,-0.17325506,1.132743,-0.04100689,-11.692858,9.24624,-7.6014075
-0.30723128,1.0321434,-0.009514382,-14.640291,13.927796,-2.1309464,-0.20822358,0.9728462,-0.050009336,-14.846791,14.574164,-2.1441832
-0.078256816,1.028225,-0.028418383,-34.442333,24.268421,2.3334908,-0.30933505,0.5764442,-0.0879906,-34.451534,23.934847,2.4327104
-0.36013505,0.73326373,-0.17889954,-24.617485,21.299753,11.972698,-0.41827178,0.26975542,-0.108415484,-25.011057,22.16636,12.406973
-0.55897737,0.4076438,-0.056614958,-24.033607,16.727612,27.905066,-0.53039294,0.043001205,-0.09996883,-24.330572,16.854189,27.522215
-0.7745005,-0.19541523,-0.01364865,-11.770885,6.1530905,31.07494,-0.6472323,-0.16730733,-0.057208516,-11.701381,5.994444,30.615185
-1.0916132,-0.6641829,-0.064139806,1.8245248,4.4950495,23.993189,-0.8264233,-0.44281873,-0.027749974,1.9088014,4.4282846,24.278633
-1.3783361,-0.97226477,-0.10147979,7.827665,4.058255,16.832275,-1.068205,-0.76817995,-0.04263928,7.6685266,4.4138165,17.117224
-1.496632,-1.2311742,-0.14928006,18.316841,-8.222731,12.789871,-1.6887387,-1.4127562,-0.15034437,18.95751,-8.108599,14.21341
-1.8739063,-1.5738777,-0.25826702,10.900212,-12.937639,0.46576053,-2.052595,-1.6756288,-0.22843248,10.866984,-12.9539175,0.91699106
-2.1751149,-1.5828508,-0.42309824,16.798853,-19.222202,-2.6926286,-2.3266478,-1.7774044,-0.30971876,16.924637,-19.370443,-2.6407883
-2.3856983,-1.5912659,-0.6290089,24.999786,-20.75302,-5.1541495,-2.5058131,-1.7024498,-0.39888301,24.651693,-20.649336,-5.3403034
-2.6066318,-1.4831796,-0.7349036,27.213165,-18.248632,-5.9890885,-2.72295,-1.5849383,-0.50055826,27.454353,-18.178411,-6.1857343
-2.9059272,-1.3878567,-0.7103959,23.0075,-14.224369,-5.2189612,-2.9326763,-1.5253047,-0.5776825,23.305195,-14.1449175,-5.309554
-2.9769027,-1.2456646,-0.72274864,20.339937,-12.311129,-4.593911,-3.0912666,-1.4560708,-0.620475,20.486195,-12.280898,-4.8047056
-3.023125,-0.93794155,-0.602059,25.51496,-16.921627,-6.1331167,-3.1437378,-1.0722533,-0.5921123,26.725992,-17.779799,-7.6774054
-3.171645,-1.0135673,-0.658563,6.1624227,-4.9187393,-1.8308102,-3.0931304,-0.82060724,-0.55560166,6.5627317,-5.4569774,-2.5490184
-3.103332,-0.5594684,-0.46346006,7.1368346,-6.519866,-3.7111232,-2.9769046,-0.41664326,-0.4971755,6.9226093,-6.780302,-3.2386081
-2.976417,-0.10569185,-0.32341722,2.635716,-4.6028113,-3.7539213,-2.7949998,0.020656312,-0.44035262,2.8496406,-4.8362594,-2.8920062
-2.6973023,0.44846153,-0.2613001,-0.24383646,-2.7677157,-3.299774,-2.6162918,0.3912498,-0.4016889,-0.27397475,-2.8806741,-2.9071574
-2.4918346,0.8201723,-0.2718807,-3.0294557,-1.262714,-3.732602,-2.4157028,0.7582083,-0.37389877,-3.011265,-1.3907503,-3.4505372
-2.210908,1.2342869,-0.2887231,-5.5148864,0.06329808,-4.4241877,-2.1489637,1.1860914,-0.3535111,-5.5029325,-0.060164418,-4.4237175
-1.8435658,1.6943729,-0.3401221,-15.336645,4.5575137,-8.727035,-1.613725,1.882327,-0.35979888,-15.649221,4.470789,-8.942
-1.5591317,2.0462162,-0.33154818,-9.798826,4.414145,-5.189553,-1.3759872,2.144948,-0.37518236,-9.781663,4.2543464,-5.0940266
-1.2805417,2.318783,-0.34086597,-8.43912,4.552942,-4.2091365,-1.188275,2.3228848,-0.39169782,-8.292412,4.5720673,-4.0912304
-0.94229937,2.643674,-0.35240015,-11.2533865,6.9190717,-5.1707687,-0.93170774,2.5469265,-0.41431835,-11.149899,6.9481635,-5.1040254
-0.69929135,2.7979722,-0.4250546,-10.255804,7.0672035,-4.220611,-0.6955453,2.7217898,-0.43539304,-10.153142,6.9974747,-4.1799726
-0.5400311,2.8692486,-0.46370408,-9.720813,6.4707236,-4.0643845,-0.4826189,2.8494902,-0.45795864,-9.682667,6.437794,-4.076835
-0.38747135,2.914187,-0.4914405,-9.622446,6.3179517,-4.1284328,-0.31293324,2.9206314,-0.4771134,-9.56687,6.289162,-4.1789684
-0.24084684,2.9320462,-0.51360023,-17.075466,12.894749,-6.972739,-0.053682327,2.9647677,-0.48439488,-17.072468,13.011162,-7.1025496
-0.08593926,2.8752232,-0.50484294,-7.349289,6.4217434,-3.4947083,0.036808055,2.9338145,-0.46854246,-7.2271276,6.3347535,-3.634932
-0.00011089444,2.8069704,-0.50059426,-6.7214932,6.5594015,-3.4207952,0.10090933,2.8678753,-0.4411137,-6.7738905,6.722667,-3.3262813
0.049007982,2.697188,-0.47949234,-5.9881124,6.507862,-2.9629443,0.13643375,2.7940505,-0.41185144,-6.023711,6.4584804,-3.0799222
0.07908198,2.5122428,-0.43637326,-7.9036546,8.161913,-15.5803585,0.11191938,2.5361094,-0.3545592,-8.126925,8.24929,-15.693252
0.07669869,2.355615,-0.451373,8.039594,2.1489372,1.9252757,0.07186799,2.3947632,-0.30821815,8.259934,2.1173782,1.8034877
0.061534315,2.2649906,-0.42418107,20.248932,-5.6214514,8.103057,0.14911117,2.481549,-0.26724392,20.15702,-5.313978,7.895327
0.043447047,2.299825,-0.35951522,19.222492,-10.503579,7.6766915,0.17816506,2.583379,-0.253974,19.304876,-10.337363,7.533526
-0.1821762,2.1729827,-0.22048922,17.57675,-12.613539,34.084133,-0.024191005,2.4267294,-0.24248397,19.094143,-14.752949,36.34876
-0.24789879,2.2618017,-0.23156126,-0.57056725,2.5086904,74.373505,-0.03456409,2.411582,-0.20929399,-0.37850922,2.3016036,74.917404
-0.07749829,2.51504,-0.35314617,-4.3632812,10.197453,98.001114,0.004437049,2.4611585,-0.1878554,-4.487681,9.05524,97.17428
0.027245194,2.4255044,-0.28384587,-4.4323115,10.595684,74.467316,0.057096723,2.5110037,-0.18739307,-4.3401003,10.592116,73.52442
0.20185152,2.3639941,-0.2623881,-3.9058409,9.865095,43.50176,0.1520413,2.4877877,-0.1961384,-4.012813,10.617662,43.29279
0.50601375,2.2118344,-0.27453324,-4.176171,-0.011872737,-42.60303,0.49136564,2.303328,-0.20173234,-4.154172,-0.1647527,-43.495895
0.53319633,1.8161405,-0.3281655,1.4422189,-10.002472,-63.555195,0.7322226,2.0913184,-0.2051332,1.0815129,-11.643098,-64.86408
0.5289302,1.8859934,-0.24915595,7.4121766,-6.676774,-56.046463,0.85609204,2.029165,-0.22881141,7.7870426,-7.299724,-56.20474
0.8416735,1.9848766,-0.41715077,8.588741,-1.0058999,-34.61728,0.9321098,2.0729074,-0.25292656,8.90363,-0.7838276,-34.457222
1.0980108,1.9661919,-0.34054115,7.7546983,1.9093634,-24.432533,1.0918372,2.0307748,-0.25609982,7.7800703,2.0741553,-24.436754
1.1819072,1.9498931,-0.29518378,2.946301,5.5182877,-20.683699,1.2292998,1.997066,-0.25411093,2.8815675,5.5583997,-20.913162
1.2547835,1.9398646,-0.30778447,-0.007506672,10.907005,-19.556984,1.3407342,2.0644412,-0.2616674,-0.062359136,11.470086,-19.691616
1.259175,2.062629,-0.33409408,-0.6120766,5.052619,-6.260999,1.3591976,2.1150992,-0.27290174,-0.47996143,5.0290866,-6.84008
1.2566696,2.1432524,-0.33694047,-2.0826042,4.2818794,-5.196434,1.3380232,2.1744568,-0.29141614,-2.16081,4.4394875,-5.544522
1.1843596,2.2232413,-0.35863572,-3.2620401,3.2108233,-1.988262,1.2823714,2.231118,-0.30656028,-3.1925123,3.336188,-2.2813597
1.1151333,2.2745662,-0.35764244,-3.5214787,1.8728573,-2.0528376,1.2222564,2.2758136,-0.31548113,-3.3972251,1.9072645,-2.309027
1.0281402,2.319897,-0.37708798,-6.4600964,0.5197709,-8.105429,1.139369,2.3296974,-0.32490525,-6.412156,0.49570265,-8.319314
0.7538531,2.324887,-0.36624452,-13.683167,0.9068387,13.952892,0.9799178,2.3874657,-0.3286661,-14.071733,0.68793774,14.137572
0.66646814,2.2112286,-0.37200215,-5.9528637,3.298597,40.553753,0.91082287,2.3923168,-0.32784113,-5.7809396,3.8719082,40.954082
0.3023577,2.1383827,-0.24226178,-5.840395,7.742928,79.22177,0.831202,2.3809853,-0.32892215,-6.649976,8.236651,79.72127
0.4244055,2.4770217,-0.3185415,-5.742095,11.871168,102.24721,0.7149845,2.3137844,-0.32039377,-6.4646597,10.688559,101.4794
0.3898926,2.0230212,-0.21049716,-1.0419754,6.772088,51.632496,0.6119546,2.2020638,-0.29724482,-1.0856285,6.6078744,51.28222
0.40319833,1.9559996,-0.12929358,-0.24699363,9.595317,36.80657,0.5057542,1.976925,-0.25869104,0.3252956,8.979818,36.01848
0.22628346,1.6142839,-0.12522767,-2.2592163,11.875694,39.633354,0.36638582,1.614141,-0.19764991,-2.8391376,12.513547,39.068268
0.4800631,1.4688745,-0.05284231,9.13994,6.0434127,2.2260997,0.26339263,1.4309287,-0.17516237,8.626002,5.712216,2.247122
-0.0035489798,1.0313287,-0.13653441,8.906878,-0.5143973,-42.284367,0.14551793,1.2555343,-0.16305219,9.698501,-0.24486384,-41.215816
-0.0894116,1.1564088,-0.16281302,4.0349035,-7.6191716,-71.54617,0.029340602,1.1107539,-0.13789043,3.711146,-7.5154653,-71.276344
-0.025913358,1.1668894,-0.13232966,6.6636934,-11.743603,-67.31221,-0.10139509,1.0624006,-0.11706365,6.57512,-12.142265,-66.36002
-0.35751584,1.3406655,-0.1202031,7.3270073,-10.226179,-41.654823,-0.29295325,1.1338086,-0.12926972,8.227857,-10.583933,-41.501842
-0.695297,1.3557863,-0.15976878,-4.4426622,-6.5662327,-50.25765,-0.66446894,1.1926148,-0.13163091,-5.665169,-6.95689,-49.8105
-0.96917856,1.1515566,-0.11480182,-10.260041,2.2002733,-20.496586,-0.8756212,1.0664277,-0.12765914,-10.204002,2.346938,-20.676615
-0.9925437,1.1059053,-0.11254514,-8.840173,0.54176456,-16.384594,-1.0095276,0.99559176,-0.13308392,-8.974348,0.5303823,-16.205341
-1.1682074,1.0821797,-0.15547074,-13.886742,1.251441,-11.797139,-1.1302037,0.93034565,-0.15879555,-14.017181,1.5859872,-12.01422
-1.3496393,1.023942,-0.07753154,-16.917881,3.9911368,-4.964277,-1.3002107,0.7534626,-0.19893064,-16.60234,4.3209743,-5.550393
-1.5601456,0.7814549,-0.082759224,-5.223615,-0.11307797,0.506944,-1.4026147,0.723153,-0.22046548,-5.2131457,-0.11260338,0.060575757
-1.7034725,0.8785974,-0.10753765,14.758203,-15.750125,-0.06986968,-1.6149939,1.093063,-0.2108085,14.879614,-16.059412,0.23262385
-1.963239,0.85643786,-0.251004,7.723974,-8.866825,-3.5934582,-1.8453406,1.0087514,-0.22823259,7.5308347,-8.683695,-3.0780852
-2.1612368,0.77934074,-0.23513813,5.736479,-8.054587,-4.207312,-2.0207777,0.93047327,-0.25466862,5.965864,-7.7257643,-3.8660796
-2.2452362,0.8020501,-0.2416635,4.3655586,-6.8162622,-3.9408393,-2.1447647,0.9055629,-0.27922267,4.5242887,-6.689445,-3.9430823
-2.285421,0.9544989,-0.25957873,3.2906857,-5.774168,-3.735947,-2.239202,0.9149814,-0.301607,3.3891232,-5.7952228,-3.7918673
-2.3574533,0.9856546,-0.2735,2.477542,-5.0572605,-3.4425037,-2.324732,0.94604427,-0.3207964,2.5327382,-5.119427,-3.4824357
-2.4209628,1.0749984,-0.2844275,3.296589,-9.613206,-5.790859,-2.4157593,1.0355648,-0.34786534,3.3301668,-9.841634,-5.777796
-2.4327722,1.1063999,-0.30882695,1.3128095,-4.9469028,-2.43726,-2.4319584,1.0945141,-0.35611734,1.2902067,-5.091227,-2.4108126
-2.4344952,1.1675134,-0.3111421,1.3823518,-4.900078,-2.1830451,-2.4270713,1.1670623,-0.3653293,1.3897898,-5.053132,-2.1564796
-2.430977,1.2318759,-0.31721368,1.0529594,-4.528187,-2.253626,-2.4031637,1.239005,-0.37232473,1.0300148,-4.666508,-2.165458
-2.3722641,1.3245821,-0.31655625,0.8631713,-4.058325,-2.5536609,-2.3614676,1.3051686,-0.37266156,0.88016033,-4.201662,-2.4582868
-2.3112986,1.4011639,-0.31268233,-0.3503794,-3.5972025,-4.54757,-2.3079302,1.3662059,-0.3722918,-0.34723514,-3.7259371,-4.535607
-2.2234137,1.4585598,-0.31230828,-1.7342645,-2.4783711,-5.303791,-2.1697474,1.4486079,-0.3580511,-1.7302932,-2.5610588,-5.3275313
-2.1186056,1.4851037,-0.31228784,0.01308554,-0.6939591,-3.0470834,-2.0693989,1.5087464,-0.34808028,0.07164627,-0.73392826,-3.07534
-2.0137372,1.5403986,-0.30601674,-0.46962625,-0.54090905,-2.579147,-1.9417162,1.5977685,-0.3317791,-0.42319915,-0.54469633,-2.5035326
-1.8993,1.5925478,-0.30004916,-0.6387872,0.08553949,-2.4984438,-1.8352149,1.6405256,-0.32197493,-0.5812389,0.0871529,-2.4843063
-1.7790817,1.6341153,-0.2915708,-0.9116263,0.4396002,-2.6293423,-1.7341317,1.6771014,-0.3041935,-0.86174977,0.42721003,-2.6374872
-1.6680067,1.6757427,-0.28353503,-1.2200443,1.1978595,-2.882136,-1.6250889,1.7138044,-0.29464066,-1.1843997,1.1970016,-2.9352963
-1.5433104,1.7133639,-0.2700998,-2.5934832,2.860563,-3.9117303,-1.4604867,1.7517908,-0.27008426,-2.5849838,2.9166965,-4.001004
-1.4488761,1.7140888,-0.26964816,-1.5857874,1.9810159,-1.6987778,-1.3808205,1.7652702,-0.25767392,-1.5564713,2.0055664,-1.7542564
-1.3592075,1.7210585,-0.2594565,-1.6245327,2.28274,-1.9860693,-1.3124475,1.7652719,-0.24400787,-1.628432,2.3110385,-1.994099
-1.279682,1.725901,-0.24949975,-1.750512,2.215361,-1.7100116,-1.2386674,1.7634367,-0.23570466,-1.7535588,2.235542,-1.7357931
-1.201559,1.7212521,-0.22226019,-0.68955725,1.9207046,-6.077663,-1.1811876,1.7475584,-0.22533232,-0.7036968,1.9322069,-6.238718
-1.0676289,1.7860622,-0.16385229,4.6206527,-2.387656,-21.277908,-1.089178,1.7621871,-0.2101974,4.2347326,-1.9026015,-19.855724
-1.0620037,1.815459,-0.38289854,30.578365,-36.400063,-153.43085,-0.8361569,2.0050247,-0.2280793,31.867744,-36.63107,-152.47215
-1.0953931,2.1545582,-0.31662723,25.936264,-11.243873,-100.71512,-0.92988133,2.149452,-0.2600536,26.355545,-11.3227,-99.467026
-1.01707,2.285524,-0.25932953,12.214048,-1.2532297,-62.426548,-0.99217325,2.1698654,-0.23998205,12.688628,-1.31401,-61.545033
-1.058372,1.9917414,-0.34594604,8.167382,4.4774685,-42.160007,-0.8988522,2.155617,-0.18118255,7.914558,4.8615365,-41.43914
-0.82688046,2.1951222,-0.26281056,4.6563287,8.988913,-7.986396,-0.8495555,2.1918647,-0.15130544,4.8235016,9.304192,-8.43083
-1.0178047,2.0220227,-0.3105289,-1.5828112,6.9192142,69.72709,-0.9109723,2.2276716,-0.15975845,-1.1714547,7.6847925,68.47425
-0.929479,2.7592654,-0.2782676,4.8705683,0.36386886,127.29353,-1.0256811,2.6144497,-0.3052211,5.1297007,0.29015076,127.3599
-0.9100913,2.5819335,-0.25988355,-8.504761,-4.7453628,29.009846,-1.1347997,2.765844,-0.3564913,-8.543998,-5.1518083,29.375298
-1.1008905,2.8086436,-0.3152247,-13.491953,-4.5238066,28.047438,-1.2498881,2.9352233,-0.40458483,-13.477759,-4.311633,27.700745
-1.2237839,3.3015242,-0.5319348,-13.711093,-0.5551816,20.452625,-1.2981995,3.1204386,-0.46452123,-12.291607,-1.67256,19.265938
-1.1870852,3.4012938,-0.53233796,-10.08565,3.4653094,13.428897,-1.2928389,3.282982,-0.49526227,-9.815592,3.627714,13.404842
-1.2059144,3.552541,-0.55597645,-6.142236,-2.8573215,18.07611,-1.2681117,3.41209,-0.47609496,-6.010465,-3.0950966,18.080933
-1.1424404,3.636161,-0.6023757,-7.133779,-10.044145,30.605358,-1.1505449,3.58879,-0.64143384,-7.3684936,-10.785383,31.004192
-1.0181038,3.6671555,-0.6386015,-4.8600388,1.9756489,11.143402,-1.0426391,3.6632223,-0.679919,-4.4137974,1.7559491,11.792231
-0.90878725,3.6966393,-0.62983376,-5.9263983,2.9973621,9.184075,-0.90207565,3.7290738,-0.6797433,-5.9826736,3.0607789,9.420524
-0.8123653,3.7162569,-0.6568444,-6.0220437,2.5690987,8.972797,-0.74546665,3.789766,-0.68573964,-6.0739636,2.7807848,9.307877
-0.5344881,3.787777,-0.6841979,-5.784641,1.9888622,8.98695,-0.5702241,3.8368685,-0.69744974,-5.860079,1.999794,8.900781
-0.36368975,3.8191519,-0.6905803,-6.241182,3.4087799,7.721926,-0.37694824,3.8589854,-0.7171816,-6.3263087,3.4433284,7.559995
-0.16760513,3.6812623,-0.7398758,-10.737357,11.592314,11.9244795,-0.047272164,3.850899,-0.7214292,-10.935346,12.036365,11.914485
0.061105996,3.7330232,-0.6983352,-4.0402355,8.24424,3.4323852,0.1257007,3.8073485,-0.7160115,-4.183078,8.192822,3.7661536
0.22119257,3.6759026,-0.7125985,-2.8715763,6.8604145,2.5522718,0.2730644,3.7388365,-0.7116654,-3.043693,6.9874687,2.4271977
0.38673142,3.5945842,-0.7162648,-3.531344,7.1522293,2.5129817,0.41778833,3.644891,-0.694791,-3.4451694,7.056315,2.3413324
0.4842756,3.468729,-0.6993314,-3.608447,4.1023555,5.0994177,0.5224836,3.537972,-0.6770256,-3.6105607,4.105783,5.1001234
0.5817863,3.3480897,-0.67573935,-1.9641527,5.879095,5.814265,0.60801286,3.4280417,-0.6527829,-2.04993,5.918189,6.0066934
0.63513553,3.1553214,-0.6568804,-2.351901,14.744881,6.217871,0.75164044,3.1843274,-0.5885004,-2.5849447,15.000022,6.75654
0.7474797,3.0060802,-0.58637667,0.2717572,6.299227,2.1891415,0.7807077,3.0467653,-0.56019384,0.4033217,6.4375615,2.3943865
0.7523637,2.8653114,-0.5181397,-1.1441568,3.172446,-0.24654786,0.7901535,2.8996685,-0.5339986,-1.2728102,3.3717976,-0.25494224
0.72560596,2.7176461,-0.45840827,-1.9893378,3.934683,1.273084,0.7653055,2.7357757,-0.48135933,-1.8336973,3.9874568,1.1279025
0.6845249,2.52065,-0.39346933,-0.15155107,1.3626268,2.609546,0.73674685,2.5725167,-0.43518892,-0.11621533,1.4448588,2.5814447
0.63478374,2.3703227,-0.36355403,1.920221,1.862268,4.2657924,0.6842205,2.3883178,-0.40518424,1.8866448,2.0084414,4.3502626
0.5608516,2.2056193,-0.3508901,5.5074725,6.1634035,6.3569794,0.5687472,2.0822365,-0.32607356,5.49204,6.232625,6.575996
0.4854776,2.013571,-0.2396773,2.8274965,4.206122,1.5578331,0.47609398,1.9224427,-0.287338,2.9504743,4.2702746,1.734232
0.3754795,1.8500017,-0.17241608,0.8299914,4.2907267,0.32574278,0.39481962,1.7937365,-0.2502967,0.9648532,4.4626846,0.3659076
0.20297173,1.6619134,-0.1353889,-1.0313052,1.3638058,2.1670172,0.277934,1.6725863,-0.22867948,-0.947274,1.4071932,2.1805587
0.06801078,1.5062773,-0.13754654,1.718526,2.4450052,1.6767956,0.14969285,1.5508226,-0.20948319,1.7483615,2.5183482,1.6271783
-0.08792809,1.4052991,-0.12712592,1.9981574,0.56518334,0.95515496,-0.01989347,1.4235204,-0.20554554,1.9880234,0.598757,0.89635915
-0.2846931,1.3023825,-0.13715447,3.2848291,-2.5413873,4.0882688,-0.3051404,1.2374114,-0.17232454,3.262125,-2.53013,4.1295466
-0.45790878,1.1852975,-0.14193054,4.104387,-1.3077554,1.2484692,-0.45377514,1.1633971,-0.15786758,4.1240754,-1.2971094,1.2358817
-0.6596408,1.1063689,-0.14733744,3.0549793,-2.4190671,0.43134624,-0.6316929,1.0867078,-0.15461664,3.0668519,-2.384851,0.3396469
-0.86606216,1.0233102,-0.17030968,3.784732,-3.6209168,3.634681,-0.78881025,1.0365083,-0.14844334,3.8395278,-3.5760393,3.6640296
-1.0199887,0.9926649,-0.18900447,6.348554,-2.9114869,2.5260475,-0.9197006,1.013265,-0.14773402,6.3900676,-2.870668,2.584568
-1.1260283,1.0056558,-0.18058686,5.8828945,-2.1609592,-2.1562853,-1.0662179,1.0032711,-0.16157943,6.021659,-2.0858963,-2.230954
-1.2931892,1.0499128,-0.21261711,4.5138946,-7.072476,-0.1247751,-1.302654,1.0775326,-0.16130055,4.6416664,-7.1432176,-0.16098249
-1.4084585,1.1009569,-0.21878661,3.0798368,-4.895009,2.36658,-1.3753545,1.1339202,-0.15985416,3.2552238,-4.9467845,2.3743331
-1.4988631,1.1881312,-0.23695837,1.8874317,-4.1543064,0.7977949,-1.4385668,1.210005,-0.17049938,1.9079492,-4.1899447,0.83485997
-1.587916,1.2661285,-0.24774571,-0.9868186,-1.6197612,0.6803184,-1.4975334,1.3038269,-0.18234827,-0.9606148,-1.5822302,0.7247596
-1.6031224,1.3744478,-0.26015607,-0.19706482,-1.1933138,0.6163977,-1.53982,1.3949417,-0.18978722,-0.18430206,-1.1707103,0.5882981
-1.610294,1.487652,-0.2755534,0.037193116,-3.1833763,1.076656,-1.5717978,1.495948,-0.20799936,0.00903821,-3.22072,0.9780724
-1.6279368,1.6478086,-0.3086778,-1.9515315,-6.42022,-0.41799754,-1.5840354,1.6865298,-0.219951,-2.020385,-6.5578756,-0.4477246
-1.5930179,1.7346872,-0.3135081,-1.3014864,-1.1343006,-1.3337675,-1.5644488,1.7905297,-0.23259851,-1.3346381,-1.1763271,-1.3619678
-1.5753099,1.8215414,-0.32502425,-1.6573391,-1.0439154,-1.5117487,-1.5346955,1.8772348,-0.24593252,-1.7209955,-1.0977612,-1.6662273
-1.546983,1.9183513,-0.33154035,-2.146844,-1.8977628,0.10282476,-1.4977838,1.9556743,-0.25440663,-2.1950493,-1.9648759,-0.029248066
-1.4586672,2.0118375,-0.3372388,-0.47587174,-0.98944736,1.0083092,-1.4515527,2.0261629,-0.26315513,-0.48742875,-1.0549147,0.9840157
-1.3761951,2.0758557,-0.3352412,1.0428008,0.43356946,0.23209985,-1.3918337,2.1017222,-0.2778141,1.045361,0.41725126,0.17188714
-1.3355093,2.1609063,-0.3433606,0.2226271,-1.1429145,-0.7394225,-1.2751058,2.2087338,-0.28780863,0.2280211,-1.1796705,-0.7883554
-1.2863519,2.2241778,-0.35563043,-3.6470318,-0.90879464,0.23568375,-1.2068131,2.2657743,-0.2937142,-3.6749098,-0.94191957,0.24661411
-1.1851013,2.2586074,-0.33713764,-2.6000257,0.76332736,6.9089403,-1.1318158,2.3302183,-0.29912308,-2.4538305,0.7108038,7.1562395
-1.0973498,2.3384018,-0.33572942,-2.4158304,0.7438861,4.608346,-1.058264,2.3703012,-0.31062207,-2.4743478,0.70259506,4.8489823
-1.0174689,2.391461,-0.3727773,-7.4882383,-0.89788723,-10.186905,-0.9962986,2.3871894,-0.30102226,-7.682296,-0.89891243,-9.882607
-0.91020525,2.2868912,-0.38135096,-7.373895,-4.745621,-18.692862,-0.9249907,2.394162,-0.18912968,-7.7271223,-4.7732654,-18.222425
-1.2249018,2.0933182,-0.20546885,51.332745,-13.657184,-1.534319,-0.7488461,2.326426,-0.14511006,53.606728,-13.108048,-1.552574
-0.6736355,2.572273,-0.312246,4.5588756,-3.669721,-0.30861443,-0.5638374,2.3814569,-0.47196105,5.1744905,-4.292107,-1.9581312
-0.7036756,2.6883602,-0.32166156,2.5558405,-7.7860937,-56.698414,-0.37603435,2.502181,-0.41556805,3.25378,-7.485997,-56.75764
-0.6126318,2.527418,-0.30298135,-4.746966,-8.822444,-90.1608,-0.26627195,2.6743798,-0.38919622,-4.308385,-9.851886,-90.3966
-0.28737828,2.758644,-0.4075863,-9.187751,-2.7802608,-72.0211,-0.19984217,2.7818694,-0.40028465,-9.7727585,-1.9333289,-72.04047
-0.15946123,2.811738,-0.49854103,-9.306817,1.651217,-48.46959,-0.120365016,2.8837125,-0.42526528,-9.144798,2.082705,-47.688786
-0.076785415,2.8547704,-0.49709627,-10.382424,-3.5524104,-43.88556,-0.0899601,3.052897,-0.4679471,-10.02738,-3.6848414,-43.77147
-0.057621807,2.8963435,-0.3707399,6.290859,-1.2820957,47.17348,-0.14239827,3.1393995,-0.4834338,7.620131,-1.5570731,47.228092
-0.3966132,2.7724872,-0.3415971,0.83931446,2.4321797,65.99983,-0.15014142,3.2276902,-0.4898454,1.27929,3.1420689,65.90246
-0.24852332,3.0752883,-0.46563408,-9.048514,-3.6903894,34.973293,-0.20899785,3.217286,-0.48144874,-8.272195,-3.1531975,34.887882
-0.39520273,3.0707064,-0.5357907,-9.386413,-0.67740214,26.575535,-0.26633963,3.2398698,-0.4722787,-9.407118,-0.37265196,26.393559
-0.34365734,3.2543087,-0.68371457,-7.938259,0.4148583,-5.2174325,-0.25669155,3.2638507,-0.469767,-7.8416533,0.7561996,-4.4729834
-0.6131369,3.209753,-0.56851524,-14.575546,-15.96188,-115.489075,-0.27143615,3.23104,-0.5292514,-15.893562,-16.386967,-115.75217
-0.43705127,3.0465407,-0.61119395,-5.703471,-3.3793023,-52.857662,-0.31830078,3.1545322,-0.5608815,-5.665791,-3.4098346,-52.491844
-0.22223923,2.8735037,-0.54628724,-7.6556463,-2.8950021,-42.64017,-0.2241869,2.96155,-0.53396875,-7.760293,-3.1846573,-42.46995
-0.10341784,2.7419703,-0.4763895,-10.228961,-1.7813566,-38.866642,-0.15109718,2.7552092,-0.4887933,-10.25888,-1.4218845,-38.423847
-0.2438474,2.526579,-0.37579647,-8.110568,-3.1104414,-34.347782,-0.16316739,2.5677977,-0.439381,-7.82856,-2.5720522,-34.573112
-0.3284553,2.3055532,-0.34275016,-5.149969,-4.6964774,-27.6534,-0.19786516,2.3881648,-0.40101916,-4.670693,-4.615298,-27.361948
