Timestamp,ideal_time,AccX,AccY,AccZ,AsX,AsY,AsZ,AngX,AngY,AngZ
2024-06-18 04:31:53.00,,,,,,,,,,
2024-06-18 04:31:54.00,19.459999982479115,2.4770187701434953e-06,2.348365983512835e-05,0.9999999698275587,0.508112201549143,0.29735352115938213,-0.0004060543899933844,0.16917222730111825,0.0870405659003016,-23.35300148327644
2024-06-18 04:31:55.00,20.43999999999961,-0.004028311423307193,0.007068143169263513,1.0006459774356027,0.5800823379567873,0.3308569833725028,0.03779389127725428,0.7303757904210817,0.4387946076994341,-23.233701671701375
2024-06-18 04:31:56.00,21.420000000000005,-0.004012097646100979,0.007070536970229926,1.0004718345900636,-0.36975339512842925,-0.35905590535383436,-0.16292941419297846,0.7235977405740467,0.4293543348735585,-23.124169881262876
2024-06-18 04:31:57.00,22.4,-0.0012539042081157214,0.0032935396042251966,0.9999999689367607,0.8050146721614954,0.5164148725698988,0.007573374311803211,0.7368363499003711,0.43684423676185846,-23.118673582300826
2024-06-18 04:31:58.00,23.38000000000002,-0.004015459214417783,0.005989024574924827,1.0000007689503083,0.3638726835815713,0.19443718464454876,-0.011802322228228202,0.8078970681107647,0.48707374911908397,-22.998829455720116
2024-06-18 04:31:59.00,24.360000000000014,-0.0034729970824449604,0.00964656833123363,1.0000376590376645,-0.3624691698467711,-0.18302682001391327,-5.82276871632017,0.5143160856912184,0.3512675595087219,-25.119311008416016
2024-06-18 04:32:00.00,25.340000000000042,-0.006310521940165174,0.008972126797167407,1.000211703826913,0.05528654312330876,-0.020013070895370827,-1.5648016745861413,0.4760330834823186,0.26633695761960136,-26.856221089382668
2024-06-18 04:32:01.00,26.32000000000002,-0.005285278164114269,0.0058244936891301,1.000016848828579,0.08933763791880434,0.039526844453275894,-0.11220500417104179,0.3875588890830227,0.2952486995617724,-27.57109063225834
2024-06-18 04:32:02.00,27.30000000000002,0.0012942697530130436,-0.005748888854115606,1.005959224679093,1.8407806913168312,0.6437581502327658,2.4571765725407184,0.36849113618290585,0.12108893799969893,-23.24563537232078
2024-06-18 04:32:03.00,28.280000000000037,-0.002150194008007379,0.005256910344178568,1.0000004518129066,0.422665446494839,0.3182184961635348,0.03144569379927224,0.427677542278908,0.24746050256069757,-22.162306933447912
2024-06-18 04:32:04.00,29.260000000000044,-0.004000862205906095,0.007000950363188053,1.0000000000131224,1.5591648497991493e-05,1.3788622675552969e-05,0.019617499585227356,0.45074983256322787,0.2545539829411511,-22.019544088930918
2024-06-18 04:32:05.00,30.24000000000005,-0.004025655537949616,0.007028272925647156,1.0000000000000013,6.852228165080577e-05,7.448167997208913e-05,0.0004500503131761455,0.43811416496369937,0.24927628138293206,-21.895557101533498
2024-06-18 04:32:06.00,31.220000000000017,-0.00024678178913097693,0.0022494202719159167,1.0000000000000007,0.8309607944910357,0.5379688500376003,-0.018266716947172912,0.5405008222985578,0.29312129432426265,-21.777631317620585
2024-06-18 04:32:07.00,32.19999999999997,-0.00399748220186861,0.006997507323124815,1.0000000000000007,0.3462900024345995,0.1870625702286238,0.01665179627176294,0.7216320748169298,0.4189982869491907,-21.65550963749761
2024-06-18 04:32:08.00,33.18000000000001,-0.004000021812322572,0.007000021059394258,1.0000000000000007,-0.0008903262837505519,-0.0005471496704924593,9.745795175704904e-05,0.6380557930033451,0.3722089728687231,-21.52956239746336
2024-06-18 04:32:09.00,34.160000000000025,-0.0020376768727012906,0.005028145581181482,1.0000000000000007,-0.0005818422514396353,-0.00021953985127584727,0.01570334274267772,0.48701981315090354,0.27555483634565586,-21.40130089761161
2024-06-18 04:32:10.00,35.14000000000002,-0.0017435985382919163,0.004795733950154562,1.0000000000000007,0.2508439429688544,0.16803935900452394,0.002127517773120766,0.48649913783875515,0.25812216486850303,-21.2756296264625
2024-06-18 04:32:11.00,36.12000000000001,-0.0019585454680730507,0.004958062914703157,1.0000000000000007,0.0010636977657130062,0.0005871449530324922,-0.0011633405892967482,0.3967367119131499,0.20114648533144402,-21.143864807610235
2024-06-18 04:32:12.00,37.08000000000003,-0.003997225980440509,0.0069972259194452,1.0000000000000007,-0.25974845320078954,-0.2112452859920316,-0.0014277244757074244,0.253731167751223,0.09781836022081851,-21.02562024405651
2024-06-18 04:32:13.00,38.060000000000024,-0.004024588873708562,0.007025787006610444,1.0000000000000007,-0.00015497938095768035,-0.00011575572535440332,0.01769238733974177,0.30573820209508856,0.1442177897602026,-20.897516460948097
2024-06-18 04:32:14.00,39.04,-2.004698420486405e-06,0.00013452904157764732,0.9999999999998976,0.5309728721971749,0.28021315172057426,0.012829054244381197,0.3180216091166918,0.14240300107466125,-20.77180407339374
2024-06-18 04:32:15.00,40.02000000000005,-0.003977501111269083,0.0069820253461955716,0.9999999977044127,0.16492128883997403,0.09267073677462878,0.01187051453141024,0.528976833089205,0.29898297839452725,-20.647150096217008
2024-06-18 04:32:16.00,41.00000000000001,-0.003820293627483949,0.007934846557071247,1.00229697001076,-4.71938191278714,-1.5671635703501565,-0.13156413666001213,-0.1873655386254673,-0.013219479947375367,-20.51812702822132
2024-06-18 04:32:17.00,41.98000000000001,0.15349520083946228,-0.1351684385328074,0.9532251904652125,3.979762298550692,0.3689309843908707,1.0070322912471945,-6.5705932586669755,-7.9513238133678605,-19.467103851797283
2024-06-18 04:32:18.00,42.959999999999994,0.08359996480860774,-0.008589978966860937,0.9925622457194475,8.304978117968437,8.422416682186006,1.7893021335418127,0.6952996288291071,-3.3671695914538167,-17.89882649991788
2024-06-18 04:32:19.00,43.940000000000026,-0.04538874967236907,0.07763148108189451,0.9958443112938149,-1.3777546904873212,3.3083500005861146,2.064319218309171,3.7810209176765914,2.570844601841403,-16.292427425113914
2024-06-18 04:32:20.00,44.92,0.0035668201240490233,-0.009926467211053334,1.006479591854878,1.7426921398050232,2.348794650650849,0.5314363688356402,0.8651317774166611,0.37082001732351033,-14.0626971714704
2024-06-18 04:32:21.00,45.900000000000055,-0.002013263084382817,0.0028915995147371664,1.003410034813337,0.09119464789895346,0.1320388190338692,0.18370581060167737,0.35721692090327334,0.18694378589338384,-13.318383991547918
2024-06-18 04:32:22.00,46.90000000000003,0.0010384453900540516,-3.932866339985066e-05,1.0007573094912494,0.08955290083044536,0.06048689256621255,0.022130005061805666,0.1536326294775233,0.010762236445312946,-13.177060290259625
2024-06-18 04:32:23.00,47.879999999999995,-1.3459985856885077e-07,0.0009998580314151716,1.0000000083553129,0.030674011169572222,0.02766902134060897,0.003253045206082949,0.15646292692202804,0.011439711488716284,-13.045200944923664
2024-06-18 04:32:24.00,48.860000000000056,-0.001916742114285223,0.00596163105488276,0.9999999990288526,-0.0012546679218648688,-0.0006976912509136984,0.0005670725950201413,0.19207639499534293,0.03013994498417651,-12.920948030309225
2024-06-18 04:32:25.00,49.86000000000004,-9.71089330425404e-05,0.003103308310008709,0.9999832165136207,-0.7918945669272015,-0.4994779644991501,0.02923406994192173,-0.10838172599392111,-0.17325797015420244,-12.787941647494028
2024-06-18 04:32:26.00,50.84,1.1820949028832603e-05,0.0010024345497154138,1.0000007853545623,-0.18352430850812376,-0.12222744173226018,-0.0001306210034575136,-0.1374848207729045,-0.1986096472943747,-12.652560572528158
2024-06-18 04:32:27.00,51.84000000000005,-9.326867544906925e-06,0.0020329737031253335,0.9999999999814371,3.8804010134322306e-05,3.211206873906253e-05,-1.348426246040914e-06,-0.02319450288650019,-0.11920772595434877,-12.530556647522776
2024-06-18 04:32:28.00,52.820000000000036,-0.004081273382023722,0.008075887863793884,0.9999999999950435,-0.18040140154637485,-0.10864598439030575,0.07911979725211493,0.20131323409332869,0.03918848451160934,-12.401694546460288
2024-06-18 04:32:29.00,53.80000000000002,-0.0006647523571457513,0.004443600318376055,0.9999970561639282,-0.3460824456066956,-0.2102135504029577,0.04006940760463903,0.027464401055324373,-0.07307432268200957,-12.25543601515802
2024-06-18 04:32:30.00,54.800000000000026,-1.884364335942438e-06,0.0010022054550128119,1.0000010431874218,0.7307650300875329,0.47155592183114686,1.2363889882036362e-05,0.5363204097441293,0.2630319079229354,-12.15113961192347
2024-06-18 04:32:31.00,55.78000000000006,-1.4111484850714518e-07,0.0011514864516954037,1.0000000000568392,0.0003496853896726669,0.00023302546798895787,0.0077901129818115904,0.39031666234033824,0.16470995903799357,-12.026568814707982
2024-06-18 04:32:32.00,56.76,-0.0030879121503994463,0.006966403831868652,1.0000000000000022,-0.00210012434156017,-0.0015451213717979123,0.018529288721398935,0.32641685594934194,0.1270489292127219,-11.902891371252469
2024-06-18 04:32:33.00,57.75999999999999,-0.0010337067881437231,0.004107876873092616,1.0000000000000007,-0.8210476348938717,-0.5607637174041311,0.023533666219845865,0.05161691758227951,-0.05617877801736811,-11.770543725829466
2024-06-18 04:32:34.00,58.74000000000005,1.4969294286410774e-09,0.0010001563811268827,1.0000000000000007,-0.031826407571820065,-0.000203011977382244,0.02026993443004849,0.028817497347436796,-0.07503101310783122,-11.653620184687764
2024-06-18 04:32:35.00,59.74000000000001,-1.4827874801673684e-05,0.0016999161269767018,0.999999999999988,9.012138334576868e-06,-1.3039973923680458e-08,0.00409313322217862,0.05919834940429032,-0.054058278607481115,-11.51798836100691
2024-06-18 04:32:36.00,60.72000000000001,-0.004076439269799207,0.0075831748601107645,1.0000000000901363,5.59338435925196e-06,5.008957729619109e-06,0.0005724080753807259,0.23600345695055952,0.07117613516657813,-11.38860719298146
2024-06-18 04:32:37.00,61.70000000000006,-0.0006476489769328952,0.003461820665625645,1.0000118468182515,0.4704355024869942,0.379155963172367,0.021035010716339137,0.3643134652210189,0.16825510507170388,-11.25796784759182
2024-06-18 04:32:38.00,62.70000000000005,-3.691245314815883e-07,0.0009988373883965053,0.999999636637229,0.6728832903228845,0.4287480351315997,2.867158955866916e-05,0.6290462154377335,0.3398908779501238,-11.147077096673101
2024-06-18 04:32:39.00,63.680000000000035,-6.052513371441575e-08,0.0011470633363859588,0.9999999999881108,-9.073301645886293e-05,-6.016226034334271e-05,0.03269685121837015,0.37132947717451353,0.16283609455786685,-11.020372381047578
2024-06-18 04:32:40.00,64.68000000000004,-0.003993076435819824,0.007166350485264979,1.0000000009708703,-0.09535158856241296,-0.05966862964869072,0.0007021708835203184,0.3145018416681508,0.12845576232225198,-10.885976365965739
2024-06-18 04:32:41.00,65.66000000000003,-8.919198571162741e-05,0.0021662503048287905,1.0000126645194767,-0.05687623113206777,-0.04688201824076467,-0.07551854927947174,-0.03659502607463475,-0.10555937790917176,-10.757774233598179
2024-06-18 04:32:42.00,66.64,-1.4236571969659817e-10,0.0009995990056880734,0.9999998272996639,-0.18236424908713328,-0.1213734230824473,0.013902912625651723,-0.09509167709024514,-0.15044010292679946,-10.668500581749988
2024-06-18 04:32:43.00,67.62000000000009,3.0834282223139287e-06,0.0016038008352166435,1.0000000000006932,-7.9924251440065e-06,-5.176824492930111e-06,0.00047723918113655586,0.005710176172087457,-0.08521773502104071,-10.539498897942487
2024-06-18 04:32:44.00,68.60000000000002,-0.004060317795163925,0.007655954932917415,1.0000000000000004,-0.1494425080105364,-0.08795698047744806,0.029687257487863397,0.18048303657072046,0.039819384993056435,-10.411540511073854
2024-06-18 04:32:45.00,69.57999999999998,6.339529135335736e-05,0.0009667685120889204,1.0000000000000007,-0.1037979079686864,-0.12216186372503543,-0.12742282375768074,-0.09472527561813082,-0.15962294885006315,-10.279970817195633
2024-06-18 04:32:46.00,70.56000000000004,1.465721153515196e-09,0.001000034727746186,1.0000000000000007,-0.18056273427117359,-0.12037978498733523,0.0012421578971790106,-0.12316795882392469,-0.17681040522605118,-10.206354862532724
2024-06-18 04:32:47.00,71.54,1.1252916054274137e-06,0.0009827032368172474,1.0000000000000007,-1.4758000693041263e-05,-9.874364039654608e-06,0.016533105714662048,-0.0056700311106859715,-0.09425916120782032,-10.079902335890978
2024-06-18 04:32:48.00,72.52000000000004,-0.00314632029555445,0.007122967625957713,1.0000000000000007,0.0044947685297323705,0.0034020508972072375,-5.0933994645656266e-05,0.16432069036000876,0.028030691178858508,-9.957575430235817
2024-06-18 04:32:49.00,73.5000000000001,-0.001036041565032712,0.003112820956022889,1.0000000000000007,-0.3242579984939355,-0.17902426414766653,-0.028433028338803915,-0.10361664199192186,-0.1498826618768137,-9.83391033969474
2024-06-18 04:32:50.00,74.48000000000002,-2.2909800072158716e-06,0.001000005618867945,1.0000000000000007,-0.18220201353534218,-0.1215029365353253,0.014147863413099128,-0.13902344444421644,-0.17895191355464543,-9.757758155672198
2024-06-18 04:32:51.00,75.4600000000001,-1.5269559025665096e-05,0.0017517914551696363,1.0000000000000007,-6.732439882631848e-06,-4.497206102929069e-06,0.0005400640295974001,-0.01289898515413314,-0.09327904515648959,-9.625738106541737
2024-06-18 04:32:52.00,76.44000000000005,-0.0035885273577187576,0.006553366203058409,1.0000000000000007,-0.001955348517095288,-0.0015033424603320637,0.015588482770859429,0.18360756796173658,0.046944519005956344,-9.503060813624183
2024-06-18 04:32:53.00,77.42,-0.001554317319188217,0.004165616790312203,1.0000000000000007,-0.792753304633205,-0.5264537706195076,0.016608963766226555,-0.02243686961162133,-0.09587291086061273,-9.37560815116316
2024-06-18 04:32:54.00,78.40000000000003,1.8134893775926254e-08,0.0004274841558357309,1.0000000000000007,-0.059026289829508985,-0.045269126999855185,0.020585599401058884,-0.03367239767652858,-0.10809252056347407,-9.180011010923549
2024-06-18 04:32:55.00,79.38000000000001,-3.039593055476668e-07,0.0009661506514075617,1.0000000000000007,2.5056328471862562e-06,-4.4191861715408635e-07,0.0050309555599748245,0.021676995150620364,-0.06978688933283007,-9.050885478868928
2024-06-18 04:32:56.00,80.36000000000006,-0.0019736226971250994,0.004973759225677265,1.0000000000037015,2.6098881760559445e-06,1.991394585559533e-06,0.0055242057389257235,0.14141651223273838,0.015367246215215636,-8.921685215687054
2024-06-18 04:32:57.00,81.33999999999997,-7.1523005454927376e-06,0.0019070547807324533,1.000000071548875,0.2334345569304161,0.17121328251138548,0.05604289246186302,0.2456708858871207,0.09097160292048548,-8.789579284177332
2024-06-18 04:32:58.00,82.30000000000005,0.002820804423090924,-0.0014944618756892332,1.0240438993744476,-6.951861528927054,-1.6144937863098818,3.745819071056651,-0.8106343514964238,-0.16608116926344152,-8.23214848539437
2024-06-18 04:32:59.00,83.28000000000009,0.054964481830715305,-0.11699019390235836,1.001358308451935,-6.352954540530737,-4.136325642457013,6.348131055370278,-7.031097821520226,-3.2810035923752596,-2.367669700277974
2024-06-18 04:33:00.00,84.26000000000002,0.10380292373632337,-0.17059993385381705,0.9560520692621466,10.882379499169659,0.9398159964952102,2.1641361759129616,-7.066939355778544,-5.250740646355409,3.2945543261938837
2024-06-18 04:33:01.00,85.24000000000008,0.05049336816592613,0.007657612477261503,0.9929310923137294,6.224544779913013,2.250142293795907,-0.9653538922982544,1.3854365740750705,-2.515486180035045,4.272898928141312
2024-06-18 04:33:02.00,86.22000000000003,0.1416812033427126,0.006155976339640643,0.9970867684281574,-2.1085944541945847,3.221144615016032,-9.46933988084626,0.17094138665923006,-7.132918309730357,-8.440861942539325
2024-06-18 04:33:03.00,87.19999999999999,0.05311519067735883,-0.018793389056642348,1.0018785740299074,-1.801684662723454,7.223085039890681,-12.481680458741547,-0.9003536261666517,-1.8580834962591575,-17.93091493780003
2024-06-18 04:33:04.00,88.18000000000005,-0.03954045001859854,-0.042862637559192576,0.997871359080704,1.259333402258493,2.1609705655697256,-6.488808810179124,-1.6301120546154357,2.2952664680752983,-26.035076697609675
2024-06-18 04:33:05.00,89.16000000000004,-0.03571162212448823,-0.04636431507814936,0.999561047235113,-7.741234141393603,-4.559070774561634,-82.26874147037108,-4.09571338544632,0.4073476985021469,-54.9668232880818
2024-06-18 04:33:06.00,90.14000000000011,0.10941374734027502,-0.10135858986706499,0.98676162298233,2.3773908274566984,1.2785959977635672,-2.016626227640473,-4.8342434697392465,-5.10136938215297,-93.61386741840056
2024-06-18 04:33:07.00,91.12,0.0346723668420291,-0.07665903562367253,0.9983252787240787,8.687283344663992,-0.7121644524529412,60.97385368320352,-2.6309562015726726,-1.1687292212353348,-34.97622876937099
2024-06-18 04:33:08.00,92.10000000000005,0.02661958436583313,0.017370330718509533,0.9976032818123339,4.451543086967707,0.17157045690389064,8.58515632883198,1.8676794152733391,-1.3756954235619567,-12.983725075569856
2024-06-18 04:33:09.00,93.08000000000004,0.022104497132649042,0.04718555598863939,0.9974257291045738,-1.0756855839959476,2.0715425281976536,3.689135757195221,2.6454159453035024,-0.6855916757591691,-7.7013310753295965
2024-06-18 04:33:10.00,94.06000000000004,4.3729534701780954e-05,0.0006727250296154987,0.9994281663213573,-2.4303277791864204,0.9633377786489433,2.85163821401911,0.19670951585597934,0.37523138210589596,-4.36906132621787
2024-06-18 04:33:11.00,95.04,-0.0029539441434418006,-0.039412771984303666,1.0000079046258945,0.14490195296242483,0.041248073409591114,2.133598295963617,-1.5368871641090172,0.5223039493843257,-1.703235075427282
2024-06-18 04:33:12.00,96.02000000000005,0.0011880930912244075,0.014846981283751604,1.0190445108298145,-0.6846466152991912,-1.7886983120639848,3.386130320246882,0.8406168723738947,0.422337944421088,1.1127663658577869
2024-06-18 04:33:13.00,97.00000000000014,-0.008629435327915672,0.013364963831566119,1.0115155088226224,-0.5948247480485269,5.993439569954801,-0.665208818801229,0.5765250681148067,1.2156404885663268,3.1672662605135087
2024-06-18 04:33:14.00,97.98,-0.10816305336456919,0.052093923102681926,0.9961579366554091,-3.6781060143736264,-3.963044377976345,2.754464861995412,2.5419165410523763,5.358571016888927,4.321633633851545
2024-06-18 04:33:15.00,98.94000000000007,-0.006502362878388942,-0.05155084759054212,0.9885400373996217,-4.279107416336744,-5.59021478826987,-0.8375826238013128,-3.297933999204209,0.21278968059958978,5.041836700630326
2024-06-18 04:33:16.00,99.92000000000006,0.03615155510524112,-0.09474223521882133,0.9926443815348807,6.118698888553611,0.055263230409423506,61.90119083099629,-3.7873292818223674,-0.683731462871611,41.76894457891197
2024-06-18 04:33:17.00,100.9000000000001,-0.005105410027169469,-0.011574148562375262,0.9980088754084817,5.483741328838545,0.026418729716068522,10.221935804378436,0.6724919457584054,0.5653274788731424,65.23226299267338
2024-06-18 04:33:18.00,101.88000000000005,-0.03988994083063652,0.03585236716042625,0.9796625504215839,-3.8495697696474447,2.6772626632595564,7.030757118229722,1.6199502268481343,2.652957887649802,73.47962018805306
2024-06-18 04:33:19.00,102.86000000000013,-0.11330539753685462,-0.06789960804631265,0.9962088281425575,8.61397858375844,3.658543563753019,6.785160420708746,-1.6435807071069874,6.6180128562939045,80.69687332108462
2024-06-18 04:33:20.00,103.84,-0.14352227297828768,-0.013234795743032216,1.0258548395358575,2.4653148425144598,6.9471426896876824,10.491465040152638,0.53218322002955,9.382895671660322,87.75256806250331
2024-06-18 04:33:21.00,104.82000000000001,-0.1219207267404457,-0.011524200765228601,0.9991955822635742,-2.7142505373296437,-4.5144284625723134,6.690274252891881,-0.6683364313794594,6.941798331231371,95.84260619107692
2024-06-18 04:33:22.00,105.80000000000004,-0.0019010981852124438,0.010282183336629456,1.0029827108046137,-6.758738878082197,5.950343980456397,5.8973630906164205,-0.2305041271527743,1.6017321077355045,101.40934481662589
2024-06-18 04:33:23.00,106.78000000000003,-0.02258845576925134,-0.05565923072021644,0.9949162062168031,0.6157845781917929,-1.2815205864297918,3.104830452651573,-2.091783998006356,1.4240533333907364,106.02441312653454
2024-06-18 04:33:24.00,107.7600000000001,-0.01291083248512581,-0.07540306007866046,1.014830865944026,-3.9876114016760416,-2.2204551193001727,-1.2244681870987337,-4.804164086592409,0.04849774295732346,106.54329976938249
2024-06-18 04:33:25.00,108.70000000000016,-0.002568160500621478,0.015369553166818898,1.0329739343740811,-0.04502916867393003,0.2692055109148052,-58.064636564723756,0.3230440380185814,0.3202392887415335,85.69340503154396
2024-06-18 04:33:26.00,109.44000000000013,0.007988376998173244,0.008745253995175777,1.000162813185231,-0.7278478896403762,1.1968067604170871,-7.44052662719308,0.5489123387661853,-0.10153285866968689,68.16177465121974
2024-06-18 04:33:27.00,110.36000000000004,0.061288511713474346,-0.04353933420465349,0.9862163515707524,-0.26061731621888884,-0.3334359106077233,-2.3343649523948162,-2.1020675942256117,-3.0994024506690403,67.72088861203078
2024-06-18 04:33:28.00,110.84000000000012,0.037089113155432445,-0.024152159980372217,0.999156465727458,1.9932496329299916,2.605591421262112,-2.7544793419882883,-0.6193132413330348,-1.3137844296518644,66.42233699668931
2024-06-18 04:33:29.00,111.38000000000001,0.030971775274912183,-0.04922237061625841,0.9904826872104103,0.5133337661026368,2.8569116607545983,-1.2854039607949417,-2.307241836360533,-1.1121591713532508,66.32546756690027
2024-06-18 04:33:30.00,112.04000000000008,-0.022780653826422394,-0.03273266794689896,0.9920025046830642,4.75909391615436,1.7615835816154184,-2.3219681918329114,-0.5195160312336433,1.9342512175559086,65.29443802429635
2024-06-18 04:33:31.00,112.72000000000003,-0.08881915329346385,0.030173256535254506,1.000307022141264,8.508626313659192,16.659666498688054,-1.8067126261369602,3.464322707739448,8.4489155042527,64.06706661737599
2024-06-18 04:33:32.00,113.40000000000009,-0.19492705075016045,0.07227555812587119,0.9760934373276591,-2.949041901016892,-8.539787428061306,-1.6895849943078722,3.6186944899737723,8.999708197582493,63.85980198753295
2024-06-18 04:33:33.00,113.92000000000007,-0.004034843579609505,0.0046877402214971515,0.9991255731953389,-2.363185819836914,-8.370297521415015,-3.2275522284226668,0.3697267025667634,-0.3407644146846454,62.68741620819285
2024-06-18 04:33:34.00,114.56000000000003,0.00959652641371299,0.022971153441163336,1.0128082437542212,-5.676008849823901,-1.9027814733092399,0.41629973534677017,0.4721382987511443,-0.06045402874848407,61.17075799076727
2024-06-18 04:33:35.00,115.16000000000014,0.011107141457034495,0.009455774533839929,0.998920312386648,-0.42371248158327474,-0.22147205830977043,0.006804501682531494,0.7680625825999051,-0.19251231388455636,61.46546038571639
2024-06-18 04:33:36.00,115.78000000000011,0.010602261219095516,0.005549794644988496,1.0001854284684573,0.45838085197038597,0.2594004012467662,-0.44187739341562027,0.7840195296827939,-0.27152331824996395,60.98595047152324
2024-06-18 04:33:37.00,116.36000000000006,0.012037879444724042,0.003962889483407773,0.9999998975196451,0.45509911665313485,0.3166991218540007,0.0031068515187924507,0.7797692605846605,-0.30936200035272726,60.993201511334185
2024-06-18 04:33:38.00,116.81999999999998,0.011999845836706644,0.004000159407838439,1.0000000001696867,-0.0009578459268830104,-0.0006611226823960197,0.028264633089631792,0.5056880253378432,-0.5162154938595571,61.065581084938884
2024-06-18 04:33:39.00,117.52000000000008,0.012000543675609597,0.003999095941519463,1.0000000323354121,4.799667496557834e-05,2.5573209656194343e-05,0.021490263421336458,0.3508543514226472,-0.63240540669092,61.16043364866673
2024-06-18 04:33:40.00,118.1600000000001,0.011662846697679289,0.004686940248680758,0.999982529390683,-0.07308279361693332,-0.01792702391198674,-0.49568345262283103,0.29687365779304004,-0.6681416959776805,61.235072902070485
2024-06-18 04:33:41.00,118.74000000000005,0.0006244713129221172,-0.07003708957871255,0.9983279022226763,0.10602020910306342,0.39530668657945317,-1.7693380711992623,-0.5605689354002584,-0.39464536474576445,62.09162674476306
2024-06-18 04:33:42.00,119.5600000000001,0.0157451297528321,-0.0019318632889206658,1.001712650245426,0.2703143538077398,1.8127222040818969,8.401302626322659,-0.34784426368724,-0.1493306876119303,66.0927006335499
2024-06-18 04:33:43.00,120.20000000000005,-0.02075589994735233,0.00872687069060546,0.9956576515405304,-5.154334533021405,3.0987878656306993,4.423075371695573,1.1818888019924607,0.35565168425116495,69.91502077252561
2024-06-18 04:33:44.00,120.74000000000004,-0.0117437851092283,0.09725133512437575,0.9962683970547734,-1.623984741773624,0.8812927853540049,-0.9049137616106375,2.397541900590367,-0.1458630321280161,74.56070953161297
2024-06-18 04:33:45.00,121.36000000000001,0.054266442844795704,-0.012416612096707942,0.9925420638361061,5.395763946622959,0.8854874662240089,-10.273665353402851,-0.008645871273936567,-0.8195230570418676,70.20707824405511
2024-06-18 04:33:46.00,122.33999999999999,0.036857970906367894,-0.010811928972567192,0.9931183945090769,0.7126138653600802,-1.892053340647207,-8.751236891778605,0.31990904321482133,-0.9317851066441871,63.949662383608455
2024-06-18 04:33:47.00,123.06000000000009,-0.009166440679230755,0.020662086900051807,1.0029883379832965,0.344504176932238,-0.279049179005796,-3.6892063266395203,0.554902882023602,-0.20179112154324405,59.894694888101604
2024-06-18 04:33:48.00,123.56000000000009,0.023456193634004904,0.004417502072828658,0.99355178780133,2.9632493996374376,-3.54489460295161,7.843108545940016,0.165436057736867,-1.313504499945294,62.782081885603425
2024-06-18 04:33:49.00,124.22000000000014,0.02163409373560708,-0.02990137353778691,1.0062680847604504,0.9807351844487259,-3.9344545016212593,-11.47901021644959,0.5645248303753803,-0.864474437158528,61.62400951557046
2024-06-18 04:33:50.00,124.88,0.011605349539057562,0.019621724828282387,0.9983314512511949,-0.34895561269688713,0.012066417964548437,-10.208006367512636,1.4039445661710437,-0.5351775914799646,58.574569622101336
2024-06-18 04:33:51.00,125.86000000000001,0.0030813858263594317,-0.006054038734153546,1.0006269253846385,-0.8953801349031043,0.39469805408417014,-7.898720698611027,1.0500975233276482,-0.4918756318718211,50.68547720441922
2024-06-18 04:33:52.00,126.83999999999993,0.006188638633170986,-0.02737679768806451,0.9985180393289318,1.3572556608902373,-2.492288961114351,-3.0655009073425123,-1.2645730203820995,-0.9391981279032212,46.63454855345985
2024-06-18 04:33:53.00,127.80000000000011,0.020155333852356468,-0.018191714986679538,0.9995511746375381,0.38625151322345286,-0.15291726743126588,-3.121573627715542,-0.5947838391154943,-0.861821170338489,43.70195663382328
2024-06-18 04:33:54.00,128.78000000000003,0.010901462158536785,-0.004040314261130778,0.9982886027133892,-0.6080204268014003,1.1255434656133805,-2.540880689107978,-0.500589754030232,-0.5396680811971029,41.080206938635484
2024-06-18 04:33:55.00,129.7600000000001,0.0015337400380004168,-0.017704714447568062,0.9938770853335834,-2.094163870694785,1.0752958457307442,19.108613048769033,-0.7213770269019323,0.20407201936328784,42.992567052446425
2024-06-18 04:33:56.00,130.74000000000004,0.04251541133910476,0.014906912544502155,0.9956741984130196,-0.24198309060707834,0.7951303282765028,23.148791800338895,-0.6850485947581688,-0.40935464315084286,67.45526914367028
2024-06-18 04:33:57.00,131.72000000000006,0.013383479003234944,0.026229033704699624,0.9985169142535062,-2.3433063676096477,-1.0767577935405737,16.204714470509323,0.5794575406446922,-1.4547453435678876,86.44166614412755
2024-06-18 04:33:58.00,132.70000000000013,0.0008087289599389512,0.0018559317917041793,1.0022752023624784,-1.0773697050804065,-0.03778355228551453,4.645598666889546,0.30500191289473255,-0.3321656452559124,95.87929094561183
2024-06-18 04:33:59.00,133.68000000000012,0.005009184214040928,-8.918743848213095e-07,1.0026213623317872,-0.1098411926597484,-0.12014272087956926,2.895399178383719,0.15887341943491112,-0.2857503150655719,100.1585736158215
2024-06-18 04:34:00.00,134.66000000000008,0.047478446757469234,0.02437262847652124,1.0017850747692418,1.8150295516726416,0.4587420023575311,2.1239993592642006,0.5951391807671589,-1.0837952247920306,101.52166113596785
2024-06-18 04:34:01.00,135.64000000000001,-0.0024694807301122394,0.0037354303456188886,1.0001553901635813,-0.2391552601191694,0.524301020341414,-0.7147761959243909,0.15699279042894393,-0.2964407846251177,102.27085562539686
2024-06-18 04:34:02.00,136.62000000000006,0.00032568664841766467,0.0020540386916666,0.999703959277415,-1.2911483259425924,-0.5980680282813485,-0.7880727329198087,-0.03060201301065288,-0.13301386237094034,102.07370102214576
2024-06-18 04:34:03.00,137.60000000000008,-0.008804079726592959,-0.007191804023194845,1.0026187593852827,0.8175839210421181,1.0945805083816664,14.34891699416862,0.0035326854687179015,0.5604239138863716,106.60045549375367
2024-06-18 04:34:04.00,138.58000000000013,0.028910359973361652,0.04095674963011043,1.0000844134723104,1.1310622344903143,-1.0266708854246338,18.65350681351126,1.9316374365100701,0.4365419933429429,126.03497579901685
2024-06-18 04:34:05.00,139.56000000000006,-0.015059003169504087,-0.026442062232628082,1.005543331874939,-0.31327251217523233,0.35126951738851464,25.43919170144715,-0.046047980094491694,-0.3483229580783484,140.8960418382386
2024-06-18 04:34:06.00,140.54000000000025,0.02706188870423731,0.10050209047186659,0.992653504791655,0.3354291384606225,2.632514055412412,10.64042001089241,4.2803422554351975,-1.3537160589010524,154.40696183474327
2024-06-18 04:34:07.00,141.52000000000004,0.0017876635426297782,-0.01136912319095174,1.009650530834942,-0.7772662046537513,0.9494615576509302,6.597419227698099,1.0188990695988625,-0.5865038838340642,163.7655329854082
2024-06-18 04:34:08.00,142.50000000000017,0.012991972356821285,0.00797196699145521,1.0054048661372295,-1.8657164966023891,-0.5946139412830214,2.2175129490190035,0.3622213083900344,-0.6473242467157374,167.95678005179732
2024-06-18 04:34:09.00,143.48000000000005,0.01094489766556061,0.005116233031288529,0.9999316061707378,0.13995552777065956,0.020717672065047286,-0.27469720587226376,0.36455239969664577,-0.6409624511452101,168.6201275580377
2024-06-18 04:34:10.00,144.46000000000004,0.00904009743923024,0.007055007622457207,1.0000364917503217,0.186670873449124,0.029693044025627523,-0.2776291231354006,0.49547750959774894,-0.5602265520290519,168.2850735319424
2024-06-18 04:34:11.00,145.4400000000001,0.013904579015063645,0.03812142384024066,0.9980703633362115,-2.8553247443984766,-1.482300368059336,5.28557213909488,1.5422816176225569,-1.4563053229050578,172.4512364665271
2024-06-18 04:34:12.00,146.42000000000007,0.002325054960316006,-0.01730171561252225,0.9997479201117755,1.3758116578977522,-0.8746257464008618,6.631938592896543,-0.4904007830872766,-0.4766060829047033,177.91076440922407
2024-06-18 04:34:13.00,147.4000000000001,0.004028761199897059,0.009950588834701539,1.004678385891974,0.7471135141343623,-0.10710716628691289,2.9600307975243623,0.4724659094625474,-0.38007247699264246,-180.22256221723288
2024-06-18 04:34:14.00,148.38000000000005,0.0030655916642524433,0.003499332330535388,0.9955664219268723,1.0602027474273794,0.009739537351570404,-71.67502435513542,0.02926213688190455,-0.560117163654927,159.13694990108792
2024-06-18 04:34:15.00,149.34000000000006,-0.008262591098462772,0.015388461265096475,0.9976131402635224,0.015096548232283409,-1.567604883188971,-21.53814820495366,0.44275166613009004,-0.18536289869768968,110.96927928452367
2024-06-18 04:34:16.00,150.32000000000008,0.005178849830981722,0.012408158365093864,0.9965563095328365,-0.9247946210903746,-0.6471346527047726,-16.22083394666889,-0.015500086002767302,-0.5231625655821768,84.59756430391188
2024-06-18 04:34:17.00,151.29999999999998,0.004184683858903198,-0.000621570125602828,0.9996453235192182,0.7385383860381218,0.3104235915137353,-5.1126498720678555,0.15161098517736898,-0.41992657968102703,75.2887621496421
2024-06-18 04:34:18.00,152.28000000000006,0.0201084897946106,0.05335410332649616,0.9977042206824839,-0.8479945211339434,0.3007016175243207,-10.558128481993927,0.9084102447004192,-0.47992444908738974,67.77690186351307
2024-06-18 04:34:19.00,153.26000000000002,0.008643082282047224,0.014181027074841677,1.0031721400416325,-1.2394635556058724,0.08475915181093002,-5.9745695904784615,1.3272676241710157,-0.3842682854589974,58.66994402897624
2024-06-18 04:34:20.00,154.24000000000004,-0.0022471069731895186,-0.015150939762529793,1.0004962400071946,0.31666996955317245,-0.03103565504620201,-3.815540116323089,-0.6528438006793741,-0.09155883286417797,54.71555351543604
2024-06-18 04:34:21.00,155.22,-0.007787811104539106,-0.05564624619457994,0.9954740716453951,2.7872448592497086,-0.7081960932266065,-10.56380096824983,-1.7818686193496647,-0.2208440720212465,44.74939208337773
2024-06-18 04:34:22.00,156.2000000000001,0.00152355222228119,0.04893353716207637,0.997328383048671,-0.5146090449869605,-0.029809717225620605,-2.8753687912916908,1.940915049603463,-0.257910014623592,38.31297509452408
2024-06-18 04:34:23.00,157.1800000000002,-0.0014669630327122799,0.01746300841578999,1.0041599315304577,0.7172350126991391,-1.0894917236536192,-0.7819919992612319,1.040648474120006,-0.2268165359247289,36.80383967475438
2024-06-18 04:34:24.00,158.16000000000017,0.00034808015425545863,0.01502890928141347,0.9999963825669566,-0.2046374110748392,0.2534394924108616,-0.513106939071776,0.9179755385146356,-0.05561611388791316,35.90609235530337
2024-06-18 04:34:25.00,159.14000000000004,-3.5691317998096073e-06,0.013017660849712386,0.9999998600105195,-0.055635847852121924,0.05694147859709181,0.008067319715760201,0.8001514134898358,0.0002820592389367667,35.96653387800338
2024-06-18 04:34:26.00,160.12,-0.020080074807595757,-0.009305088546897518,1.0023555096319372,0.9541030384707592,1.0011100577216108,13.91644910192942,0.11567570995498452,0.70009431780115,36.60881708787498
2024-06-18 04:34:27.00,161.1,0.0034922475330528492,0.0006567089560704893,0.9974102525224003,-0.3015836267963742,1.1188813861620817,18.591577387012688,0.15331313567409047,0.48900492362864556,53.81392463519229
2024-06-18 04:34:28.00,162.07999999999998,0.03387877517060535,-0.04719237910371449,0.9921224253416353,2.0159950191864247,-0.4301966135208039,6.931890796171575,-3.1345662301892085,-0.4443957410226699,69.04647630506507
2024-06-18 04:34:29.00,163.06000000000012,-0.03335061097034952,-0.03903330216669837,1.0060978052430105,3.858228731926103,0.968744393481637,2.0422153849647717,0.9493817968433383,-0.19994395893130307,70.7711070916346
2024-06-18 04:34:30.00,164.04000000000008,0.027636781943011016,-0.004175269853704338,0.9996238517325888,0.4208838033528009,-0.2320784225424394,-16.28324936894125,0.34143790571279087,-0.579191811271457,62.982654612691924
2024-06-18 04:34:31.00,165.02000000000004,-0.019402546950829633,0.012851173593942623,1.00196296397043,0.21448680433762435,-0.10849799419875142,-22.551966999954306,0.3278133791380148,-0.24311355366744936,41.36801298794405
2024-06-18 04:34:32.00,166.00000000000014,-0.009014557395387028,0.00767547968837749,1.0002021543179977,0.6807733599164087,0.14549734592766733,-16.202205186550234,0.3356801489094893,-0.0038037418418700253,19.475586419452
2024-06-18 04:34:33.00,166.98000000000005,0.005121177398656213,0.02713295612922256,1.0010192010666312,-0.6269453538712053,-1.2634233496278202,-12.6930691478905,0.42498491559791396,-0.08654524191157192,8.73792963061444
2024-06-18 04:34:34.00,167.94000000000005,-0.00724913240724084,-0.015144449965699797,0.998991175261276,0.585787723591568,-0.008465005443992188,-3.936999913566292,0.9331666915600142,0.04758738402920484,5.962752785611615
2024-06-18 04:34:35.00,168.92000000000007,-0.005494358702862646,-0.0002132565127090733,0.9999884931894697,0.255107183758434,-0.9477745803664682,-2.8480083159966263,0.27968847984411815,-0.023427917329062967,1.3250417988864855
2024-06-18 04:34:36.00,169.89999999999998,-0.0018635045776623164,0.00607986505712626,0.9995448038228419,0.3957299282247383,-0.05203517271683988,-1.4419316388862187,0.4389563981020584,0.05048664508435626,-0.43109789915872987
2024-06-18 04:34:37.00,170.88000000000014,-1.9804421163798768e-05,0.007198380435267023,1.0009922828973015,-0.32887641951750196,-0.31293181580200574,-0.6768198112502498,0.4227946195003993,-0.05450290602553843,-1.2929757432792155
2024-06-18 04:34:38.00,171.86000000000018,-8.393494507119917e-06,0.0036554809877797152,0.9999995831378791,-0.12045291267506207,-0.2088256085555798,0.09475613311553238,0.257616556385088,-0.14272350390386787,-1.6680954449755923
2024-06-18 04:34:39.00,172.84000000000006,0.0031216445070176785,0.009532298659566158,1.000641211308619,-0.13260462394075834,-0.04984031333130072,-2.321259452049104,0.5966723321285433,0.12396648475670588,-4.069893794845252
2024-06-18 04:34:40.00,173.77999999999994,-0.003276444046144629,0.009618644196362453,1.000000004846974,0.02788063529949726,-0.062168188609044814,-0.08045275127199925,0.635535974023008,0.09170441804390048,-4.941232622022539
2024-06-18 04:34:41.00,174.66000000000017,-0.004411526889481727,0.010930662944687811,0.999999992862902,0.06126355169214093,-0.06089522488993598,-0.001310478049941978,0.7226557376026264,0.1612546368591042,-4.854358829219503
2024-06-18 04:34:42.00,175.38000000000017,-0.016483044387758033,0.002072494915919154,0.9999672295300519,-0.5055210223551626,0.2235983088594298,-3.2533675558111925,0.45370123943220275,0.3488091313031965,-5.7925714590965125
2024-06-18 04:34:43.00,176.36000000000004,-0.006929441626893439,0.008889109689724974,1.000778363183474,-0.8232936326245925,-0.05475257495835157,-2.8292217103405966,0.3567450121477568,0.42073930572698404,-8.753013893423972
2024-06-18 04:34:44.00,177.34000000000006,-0.008944527940566969,0.0004871156139218037,0.99795982372885,-1.941757557836812,0.3452787775310976,-0.5751608926850844,-0.016680565753938725,0.3834523594790933,-11.093768895929488
2024-06-18 04:34:45.00,178.34000000000003,0.023336441924775065,0.03283576434300151,1.00089252420526,-1.2374876543803912,-0.4361364921382735,2.122100709720737,1.2047677454322672,-0.7298760978353239,-9.829068345720824
2024-06-18 04:34:46.00,179.32,-0.010558642889039668,0.0039807471110849466,0.9987249682939573,0.1823929054986013,-1.120365607498715,-1.8796210337109958,0.5847806783074778,0.24359050109941774,-11.231841024532134
2024-06-18 04:34:47.00,180.29999999999993,-0.0047180051075698705,0.003573094748375115,1.0017870751696065,-0.8456212666288616,-0.3106007636359942,-1.808309766202653,0.3220579180849511,0.2230829298850742,-12.261600718553575
2024-06-18 04:34:48.00,181.30000000000007,-0.002939758380306092,0.005313375679521754,1.0000077067959248,0.0011390377794909014,0.021605800895452946,-0.008883629461654214,0.36022088959023685,0.2468232797918044,-13.031934347637591
2024-06-18 04:34:49.00,182.28000000000017,-0.0029993680986298986,0.006838427689112154,1.0000000005368705,0.009265809572761111,-2.550093530831823e-06,-0.023281912056487705,0.3644085823444729,0.21822792994512968,-12.908549543879346
2024-06-18 04:34:50.00,183.28,-0.003000000001356393,0.0069543533778214225,1.0000000000000049,9.674807820516234e-08,-3.599456811422857e-10,0.02665562797967722,0.3846393126195665,0.18833092364977705,-12.779880941901634
2024-06-18 04:34:51.00,184.26000000000002,-0.0030000000000005443,0.006987332074040316,1.0000000000000007,7.839955626445227e-12,-1.7701004255906644e-14,0.0025820397638533525,0.39243459942780407,0.17676392892466053,-12.648453671327378
2024-06-18 04:34:52.00,185.2400000000001,-0.003000000001058024,0.006633693075265475,1.0000000000000973,2.716601070629734e-09,4.230181650783953e-10,0.00011589953571773928,0.3964145082977421,0.17301691792362545,-12.543465314350186
2024-06-18 04:34:53.00,186.2400000000001,-0.0030000826516385594,0.0070538639908107985,0.999999970846877,7.490083197787513e-05,2.4878998745366586e-05,-0.02822717874624809,0.39783630520640867,0.17346457640826976,-12.418748916980293
2024-06-18 04:34:54.00,187.21999999999997,0.005936782889604239,-0.0004890871434398204,1.000680691995282,-0.1965156103784835,-0.13219533956536494,-6.85999986241355,0.24815924225695185,0.033807347829863034,-14.44947512089852
2024-06-18 04:34:55.00,188.22000000000003,-0.004148355020935868,0.005668900631981032,1.0001033979912957,-0.013126362894463624,-0.032141641637772445,-0.9921413546205696,0.34813009556291363,0.12234025612968277,-16.79985591701761
2024-06-18 04:34:56.00,189.19999999999996,-0.002000408287868664,0.005998913577217638,1.0000000024956537,-4.221699745196359e-06,1.3663883998517908e-07,0.005020822931050044,0.33960625746169476,0.14044725216487294,-16.82341944624774
2024-06-18 04:34:57.00,190.18000000000006,-0.002000000030603496,0.0059999999364530356,1.0000000000000318,-1.5408469915592507e-10,1.9184577180023462e-12,0.019993359593067438,0.3472562388301407,0.13296032140523734,-16.698006643796244
2024-06-18 04:34:58.00,191.16000000000022,-0.002000000000000832,0.005999999999998504,1.000000000000003,-1.6987663197731777e-15,-9.745425086836796e-17,0.01421978594441405,0.3512425063708306,0.1319806659873753,-16.57023982323834
2024-06-18 04:34:59.00,192.14000000000024,-0.0019999999999999987,0.006000000000000005,1.000000000000003,1.3245093117464868e-19,-7.503770985787338e-21,0.0002767610204927461,0.35300599528806853,0.13100016032793768,-16.441710978657486
2024-06-18 04:35:00.00,193.0600000000001,-0.0019999999999999987,0.006000000000000005,1.0000000000000033,-2.6043851212315144e-24,-3.068908822777979e-25,0.0002193240537620353,0.3529742228266281,0.13199480851980883,-16.32942977267656
2024-06-18 04:35:01.00,193.60000000000005,-0.0019999999999999987,0.006000000000000005,1.0000000000000033,6.114867368511038e-26,-1.3900434229139456e-27,0.014005148034157318,0.35326661449985697,0.13099954363899705,-16.25369703121242
2024-06-18 04:35:02.00,194.58000000000007,-0.0019999999999999987,0.006000000000000005,1.0000000000000033,1.325238817729367e-25,-1.5634607198977452e-25,0.017236671532456935,0.35296206166113225,0.13099992688960568,-16.122914684847764
2024-06-18 04:35:03.00,195.55999999999995,-0.0019999999999999987,0.006000000000000005,1.000000000000003,2.1236394314285573e-21,-5.780484147129933e-24,0.012374821050930195,0.35405513494023333,0.1309743462737802,-15.989880331644097
2024-06-18 04:35:04.00,196.54000000000005,-0.001999999999999999,0.006000000000000005,1.000000000000003,-1.9727500360031417e-17,1.111684557153489e-16,0.01876477576967278,0.35413008644550664,0.13099960970448232,-15.857952590677522
2024-06-18 04:35:05.00,197.52000000000004,-0.002000000000014804,0.006000000000013097,1.0000000000000047,-2.2064344940898435e-12,3.91313994151746e-12,0.030167191344190727,0.3540000521517791,0.13108886744382026,-15.731502657641022
2024-06-18 04:35:06.00,198.50000000000014,-0.002000000504528804,0.006000000927155102,1.0000000000633904,-6.3532265881532e-08,5.8408101112425014e-08,-0.0012360921041661794,0.3549796879670529,0.13115343867336013,-15.602172437964661
2024-06-18 04:35:07.00,199.4799999999999,-0.002007277690963197,0.006024376478406382,1.0000009268837715,-0.0005734697060352042,-0.0007194336322720955,0.050304907340102,0.3540514724299716,0.13093225872189138,-15.47872513258323
2024-06-18 04:35:08.00,200.46000000000004,-0.0028319092986202814,0.010049902440209322,0.9992215580979773,0.04529628992794932,-0.06231503022799853,-26.151551227960237,-0.08738630149900671,-0.1456791384104934,-44.18941654124729
2024-06-18 04:35:09.00,201.4399999999999,-0.002151426382918467,-0.01628558927191719,1.000794585185253,-0.8698600349628436,0.6387147440260624,-3.0390102384390953,-0.0388668042523042,-0.2849063040330986,-48.498206693452005
2024-06-18 04:35:10.00,202.42000000000016,-0.023204686456938527,-0.05928827965019098,0.9995182378345518,0.24789547098930478,-0.056284071635434814,-1.8313481317259241,-0.48548114861842484,-0.19763758535593867,-53.610603516268455
2024-06-18 04:35:11.00,203.4,0.009815073429745802,0.015567144325551101,0.9984551636498906,-0.7158576361693226,1.3913841766122643,5.606590914909646,0.36122816018120146,-0.08797456314671752,-46.49499088597559
2024-06-18 04:35:12.00,204.1599999999999,0.0067941892055884134,0.0002631877216636045,1.0005511776204288,-0.37185978306797984,-0.15985804669623607,-0.08926515306197433,-0.01884984850709225,-0.3469632950409202,-44.52026934485377
2024-06-18 04:35:13.00,204.73999999999998,0.005826346762369619,4.287827375873083e-07,1.0000016510259118,9.365630591335277e-05,0.0001165509903358881,-0.0006636965302302981,-0.030822529090189666,-0.34029545499430836,-44.45307043142985
2024-06-18 04:35:14.00,205.37999999999988,0.005730936950583521,1.8704340497725557e-09,0.9999999997547758,-5.953706685794644e-07,-2.823634896593506e-07,0.016689863350806248,-0.03574901789152648,-0.3440528655658465,-44.365875328069166
2024-06-18 04:35:15.00,205.94,0.006047410357470849,5.426978155230095e-10,1.0000000000293352,-1.7933606497093728e-07,-1.6863680591951243e-07,0.017648057113286604,-0.03715664059425017,-0.34597796936789377,-44.29386789590473
2024-06-18 04:35:16.00,206.77999999999997,0.005683642934054228,-3.2479975848488915e-06,0.9999998546077692,0.0008535870896386065,0.0009695432298781923,0.021780696539763094,-0.03698039734877968,-0.34693001414530394,-44.17967927759651
2024-06-18 04:35:17.00,207.76,0.006024260527673317,0.021543979228192466,0.9965208210449054,-0.8535354763059643,-0.8592637111109427,-3.8275311206931044,0.7186257251405955,-0.4549585641820755,-45.3285347123147
2024-06-18 04:35:18.00,208.74000000000004,0.010426087533794367,-0.01595797337295258,0.9995235049509354,-0.7969734602787014,-0.3753021652917366,-3.0472643986941996,-0.3369801157537837,-0.7150259513119555,-49.6234645423321
2024-06-18 04:35:19.00,209.72000000000003,0.015526084652925608,0.03466761846559582,0.9971546598853056,-2.898619280611978,0.3857243889595336,-37.75478805503328,1.337082606921452,-0.7392748153610255,-82.93997664241067
2024-06-18 04:35:20.00,210.7000000000002,-0.021756150147366,-0.017700106035970994,0.9997160065306557,0.6947974752650289,0.23634479365359906,27.5475920694699,0.4048474177861513,-0.24299970704766516,-56.6837804467087
2024-06-18 04:35:21.00,211.67999999999995,-0.0025284891524641417,-0.01874687460383282,1.001766168747613,-0.937929845329275,0.33638105700831444,5.891919258771367,-0.20035072631584838,0.060529891414544845,-42.954762362013696
2024-06-18 04:35:22.00,212.66000000000005,-0.005025455314935214,-0.020797534324740175,0.9992781623681244,0.25637164383384514,-0.2098865893028993,-7.26668979738451,-0.09301798384074249,0.002392223269874984,-34.40906688382339
2024-06-18 04:35:23.00,213.64,-0.018099781354764515,0.016790825508050628,1.000965516390964,-2.28516332974761,-0.537010032867234,-40.608667295590834,-0.8516470182816831,-0.3642626067381154,-65.69088367483256
2024-06-18 04:35:24.00,214.6200000000001,0.009608611041373626,0.03542756640922571,0.9995942449404993,1.564805194471143,0.4133837851176604,-12.397467496070606,0.8869691412353735,-0.3797337281283671,-87.4326144907878
2024-06-18 04:35:25.00,215.60000000000014,0.006659168684398378,0.024110328337932994,0.997845631705668,0.8692774516845603,-0.4647665572203959,-22.339981741761857,0.7515013624121684,-0.47345928587728126,-114.36714493273264
2024-06-18 04:35:26.00,216.58000000000024,-0.0008179373206876053,0.02122802380465164,1.0041661716614683,1.1956137554428767,-0.10118819045988006,12.13352749582799,0.8698235343349444,-0.07218784941274882,-132.0552079623017
2024-06-18 04:35:27.00,217.55999999999992,0.011258732270481745,0.02889562047867951,0.9991488727361151,1.7064915343180385,0.5480627530564623,15.804152015162394,0.9249714924014555,-0.384662561138422,-112.71957508283792
2024-06-18 04:35:28.00,218.54000000000005,0.004379781445706197,-0.0036698287412431445,0.9973407878791016,-1.5460225327122743,1.5750675002624845,6.381757154090597,0.7619762399497727,-0.6709811311420311,-103.12746543836697
2024-06-18 04:35:29.00,219.51999999999987,0.008992671502243938,0.0014065209741355097,1.000733725464574,1.3514041569889013,-0.40426392339518036,1.8455376614558596,0.592494801360635,-0.6116290217818603,-103.55274262909911
2024-06-18 04:35:30.00,220.47999999999996,0.032334371872543066,0.07982243657347096,0.9933806365255201,3.1808404728428616,0.5253422856967408,0.4861458492655759,1.1327973344600069,-0.7210577454018143,-102.18297694621585
2024-06-18 04:35:31.00,221.46000000000018,0.0075171974267339275,0.0211460489891914,0.9967258283844886,0.37678121855669566,-0.9616828440417926,1.3844292413026262,1.4140858237231198,-0.5439133129022864,-102.92681432844996
2024-06-18 04:35:32.00,222.44000000000014,0.002028032245512393,-0.02881363332904294,1.002765837851589,1.1132851589503507,1.8695823552481374,3.4507529840782762,-0.4284838702872792,-0.25884730439862247,-100.57232523777029
2024-06-18 04:35:33.00,223.42000000000016,0.014292539724063927,0.008195968288462032,0.9996390429453936,0.3184489649568565,1.3914866725309996,2.8879636170334324,-0.65507336054231,-0.5274261008727593,-97.43437217338122
2024-06-18 04:35:34.00,224.4000000000002,0.009094459137156804,0.0026883771127032487,1.0014253692187147,0.12765404669100752,0.2964183603571363,0.9918030810991829,-0.09943486336655921,-0.4504591365051987,-97.0606931824363
2024-06-18 04:35:35.00,225.38000000000034,0.009055434395535496,0.0021708191274219316,0.9999221622524771,0.14974035481014517,0.004580551291691826,-0.13011193323205786,0.04566889793338383,-0.5260713846051228,-96.84423724632666
2024-06-18 04:35:36.00,226.36,0.00827589744227157,0.0025855007095657717,0.999999997425044,-0.0001107470406981603,-0.00014139324325282437,-0.03142350456305437,0.11008845080490497,-0.5009082251983047,-96.84667246802739
2024-06-18 04:35:37.00,227.34000000000015,0.0089999933079483,0.002999964073768223,0.99999999999993,-1.324391733392811e-08,1.4903167002819318e-09,0.019486688569644715,0.17017490919576375,-0.5276161083755594,-96.72111081178252
2024-06-18 04:35:38.00,228.3199999999998,0.008999999999681181,0.002999999998247021,1.0,-4.539116929147168e-13,2.730014842568148e-13,0.016581377540350502,0.19471209806976084,-0.5370477282983417,-96.59205380764587
2024-06-18 04:35:39.00,229.29999999999998,0.009000000000000001,0.002999999999999965,1.0,-3.811443125253031e-18,1.1384206837249102e-17,0.018998137878162527,0.2040034098229038,-0.5410567421111651,-96.45965667579105
2024-06-18 04:35:40.00,230.28000000000026,0.009,0.0030000000000000035,1.0,4.490683463193739e-22,1.7870934673157403e-22,0.0032638695871291604,0.20701505544897494,-0.5420908573090747,-96.33584381851854
2024-06-18 04:35:41.00,231.26,0.009,0.0030000000000000035,1.0,2.7517801227599807e-26,-7.159830643429825e-27,-0.0025176699891306504,0.20891108062809052,-0.5420003265396948,-96.20913377029194
2024-06-18 04:35:42.00,232.24000000000015,0.009,0.0030000000000000035,1.0,7.279400939841291e-31,-6.043044984683199e-31,0.02008217504316355,0.2089979071277977,-0.5420212660241367,-96.07769744888637
2024-06-18 04:35:43.00,233.2200000000002,0.009,0.0030000000000000035,1.0,-2.6970305578321382e-36,-1.977895557366293e-35,1.5812245991787525e-06,0.20998316279610507,-0.5421539620841707,-95.95295675542444
2024-06-18 04:35:44.00,234.20000000000016,0.009,0.0030000000000000035,1.0,-1.155031036177218e-39,-1.280060577205386e-40,0.01408786335403154,0.20999999973593506,-0.5429804033577608,-95.8327645134215
2024-06-18 04:35:45.00,235.18000000000004,0.009,0.0030000000000000035,1.0,-5.322926597019118e-44,2.1447414365348906e-44,0.0176022975761476,0.21000000000001098,-0.543010093158751,-95.69389379365956
2024-06-18 04:35:46.00,236.09999999999997,0.009,0.0030000000000000035,1.0,-3.264947079781293e-48,-7.66710433508054e-50,0.003953817861782442,0.2100000000000003,-0.5430146555042555,-95.56991140032048
2024-06-18 04:35:47.00,237.08,0.009,0.0030000000000000035,1.0,-1.3537527243328069e-52,6.323277638566026e-53,0.03438900084464455,0.20999999999598257,-0.5430000462678576,-95.44432450910632
2024-06-18 04:35:48.00,238.06000000000017,0.009,0.0030000000000000035,1.0,-2.1008136449365436e-57,3.2265691385941263e-57,-0.0009673968387371159,0.2099998459301666,-0.5429999999540505,-95.31625080545156
2024-06-18 04:35:49.00,239.04000000000022,0.009,0.0030000000000000035,1.0,1.4127687449320102e-55,1.2984813927117956e-55,-0.0041815848907245734,0.20895341810750268,-0.5429981866778373,-95.18679099205495
2024-06-18 04:35:50.00,240.02000000000004,0.009,0.0030000000000000035,1.0,6.202582060109811e-51,6.276975528209133e-51,-0.0012197025835511107,0.21000000330163782,-0.5420007234315685,-95.05753341408115
2024-06-18 04:35:51.00,241.00000000000026,0.009,0.0030000000000000035,1.0,1.174644764160705e-46,1.2822152286094353e-46,0.012336976569143333,0.2100560975490717,-0.5419999999204195,-94.92507274192393
2024-06-18 04:35:52.00,241.9799999999998,0.009,0.0030000000000000035,1.0,-2.879437096042621e-43,3.731336656299257e-44,0.01780048394175459,0.20907820984245418,-0.5420095189061311,-94.79021016946871
2024-06-18 04:35:53.00,242.9600000000003,0.009,0.0030000000000000035,1.0,-9.379973818222398e-38,-9.002539130773336e-38,-0.0019137628560179118,0.2099999068216916,-0.5429689024438089,-94.66208411579032
2024-06-18 04:35:54.00,243.9400000000001,0.009,0.0030000000000000035,1.0,-3.093171036443737e-33,-3.192147417561845e-33,-2.6158223256124877e-05,0.20999984657619056,-0.5430057885054396,-94.54019706184295
2024-06-18 04:35:55.00,244.92000000000013,0.009,0.0030000000000000035,1.0,-4.1947940229519043e-29,-4.811687382442852e-29,0.034693462431825695,0.21003788665335668,-0.5439978627077798,-94.41317025206267
2024-06-18 04:35:56.00,245.90000000000012,0.009,0.0030000000000000035,1.0,7.283748049224934e-25,5.819611986039013e-25,0.016183487547615213,0.20996684411938543,-0.5429209542020873,-94.27327805599384
2024-06-18 04:35:57.00,246.88,0.009,0.0030000000000000035,1.0,5.549311781911015e-20,5.473915256846727e-20,0.019183908606167657,0.2089967811729356,-0.5429996886976239,-94.14308386273915
2024-06-18 04:35:58.00,247.85999999999999,0.009000000000000001,0.0029999999999999892,1.0,1.4324562152583256e-15,1.5102409048700572e-15,-0.00018607611963193316,0.2089319163270622,-0.5419937138563162,-94.01804250234461
2024-06-18 04:35:59.00,248.84000000000023,0.009000000000062345,0.0029999999997616426,0.9999999999999882,1.0839512339509529e-11,1.4111739812219944e-11,-0.0004912566585139238,0.20901683908881968,-0.5419999998070487,-93.8936260440511
2024-06-18 04:36:00.00,249.8200000000002,0.008999999434045699,0.003000002185421041,1.0000000000537623,-6.39246906941015e-07,-5.795946338613381e-07,0.018499403197270673,0.21000468518035428,-0.5419999129301822,-93.76831565603038
2024-06-18 04:36:01.00,250.7999999999999,0.008937731625325098,0.003239882541254057,1.0000105492899036,-0.0349017021356946,-0.04043306830218862,-0.12277791049995657,0.20780048019025324,-0.5457477921898664,-93.64588945388617
2024-06-18 04:36:02.00,251.78000000000037,0.0022825745110565676,-0.009004662937998746,1.0023537927431554,-1.8377263928376166,-1.9121328976917233,31.143062806914475,0.3900927180875234,-0.22587719547827362,-61.3893488713024
2024-06-18 04:36:03.00,252.76000000000025,0.013785305671345316,-0.002287389846908773,1.002723404062392,2.9700210017891124,1.1855532800558468,61.39293248764499,0.4676063773319567,-0.14761766179518493,-37.12070630398713
2024-06-18 04:36:04.00,253.7400000000003,4.287044116120108e-05,-0.014357849274059167,0.9966537168782277,-3.066813819046714,-1.027222060746119,10.1359837296753,-0.8846439209248651,0.1948943426418036,11.9157270496661
2024-06-18 04:36:05.00,254.70000000000047,-0.000305063712364789,0.02015004733400255,0.9969301464878556,-1.7909896956611162,-0.19157369007401154,-8.391177423727335,0.5378038951210381,0.006754071977756867,-1.5320834969289603
2024-06-18 04:36:06.00,255.68000000000018,2.1084158189854326e-07,0.006958758691092701,1.004508187289169,-0.16289663049644923,-0.5029280428789369,-3.068362849004226,0.6034976324216291,-0.07680697356943796,-7.3986609059826955
2024-06-18 04:36:07.00,256.66000000000025,-7.011369785787045e-06,0.008731334258973275,0.9994796635977081,-0.908857703933253,-0.5296756809716945,-1.460868104164148,0.31930242203412057,-0.12134610783844409,-9.946909026543313
2024-06-18 04:36:08.00,257.64000000000004,0.0019972867742227875,0.004566956515347498,1.0000001039104889,0.05395408121277423,0.02264563053442054,-0.002787691871576678,0.26083491461315056,-0.13128346233337024,-10.076176272436712
2024-06-18 04:36:09.00,258.6200000000001,0.005350441631189079,0.0006853492541535153,0.9999922424309851,-0.29234322701916976,-0.08296056860044013,0.7789906777493067,-0.030199090108557997,-0.32969222615363014,-9.782713127864444
2024-06-18 04:36:10.00,259.5999999999999,-0.003911569786877592,0.012888901711670946,0.9964969387353473,0.6193336791996018,1.6416173174367348,34.93995255454168,0.7745486637846223,0.12897724025452773,8.814007611587586
2024-06-18 04:36:11.00,260.5800000000001,0.007077163191377464,-0.010497703763893432,0.9984141334794758,-2.251898172340523,0.38825761451812413,16.14491085263775,0.38122871562757515,0.10507381559390569,40.14766356279479
2024-06-18 04:36:12.00,261.56000000000006,-0.0007513210117130498,0.01508673037441892,1.001229799298604,-0.9169354457052789,-0.2279610913356691,-8.462027788675252,0.4862507837075546,-0.1023248172471655,28.707366559321525
2024-06-18 04:36:13.00,262.52000000000004,0.00032337966309313064,0.014319881834160459,1.000350467315153,-0.6618546436476032,-0.06784956254775533,-7.153286871924473,0.5961497119671317,-0.11979407986941205,21.41913422730843
2024-06-18 04:36:14.00,263.22000000000014,0.0013680163304803838,0.012039491951105827,1.0003019375338238,-0.12477939878650841,-0.23981157381337537,-4.842882163809571,0.6319252930964536,-0.22090837593487528,17.294537878684643
2024-06-18 04:36:15.00,263.88,0.0009847885575004875,0.012434320760185469,1.0000657279532832,-0.25571579561787455,-0.08128527734413135,-1.9575177629853289,0.6534712517003638,-0.15901578826472182,15.31159103439562
2024-06-18 04:36:16.00,264.44000000000005,0.0011442555344032962,0.011126703826187884,1.0005980720935561,-0.09734561135371349,-0.04613190018601033,-0.5189256039831472,0.6421211285750105,-0.13941767527024823,14.726448617910822
2024-06-18 04:36:17.00,265.02000000000027,0.0010076552079086927,0.012993996056012244,1.0000003894632954,0.0002055452431061746,1.229479291162895e-05,0.003672269685200889,0.6968058866576884,-0.1171320557692805,14.796234055635454
2024-06-18 04:36:18.00,265.76000000000005,0.0009999998381347327,0.012999992754429018,0.9999999999296537,6.200512328134182e-08,1.4797097787589372e-08,0.018862185577124144,0.7292113797276988,-0.10799193898863298,14.914568995489377
2024-06-18 04:36:19.00,266.40000000000026,0.001000000004966452,0.013000000004859543,1.000000000000439,3.413986209702839e-11,-1.504295550732731e-11,-1.8967729057771842e-05,0.7420242731226834,-0.10404912669691933,14.993343573650947
2024-06-18 04:36:20.00,267.34000000000026,0.00100000000000026,0.013000000000000376,1.0000000000000004,7.825626436676792e-16,-1.014578361713734e-15,0.025661728312432602,0.7459860891980375,-0.10199668700671473,15.11601885687767
2024-06-18 04:36:21.00,268.3200000000001,0.0009999999999999994,0.01300000000000012,1.0000000000000004,2.418707357082213e-18,6.550541696489046e-19,0.0016051022525293722,0.7484193123202699,-0.1019875403364714,15.247351076837681
2024-06-18 04:36:22.00,269.3,0.0009999999999999994,0.013000000001341123,1.0000000000000004,-1.424982029847908e-14,2.2332562593497436e-14,0.01557710827093639,0.7489906626224794,-0.10176510936381883,15.369774448497779
2024-06-18 04:36:23.00,270.3000000000001,0.0009999999999997027,0.012999931496620761,1.0000000000000004,-3.0552525764133623e-09,1.1673774211184423e-11,0.026920761443464003,0.7490107656637586,-0.10200040195541689,15.50000788457995
2024-06-18 04:36:24.00,271.28000000000003,0.0009999999929967492,0.013511213997102006,1.0000000000000004,-5.585824102303386e-05,-1.4752612323305989e-05,0.06782499410521348,0.7440185912952136,-0.10180098647457247,15.657300090742469
2024-06-18 04:36:25.00,272.2800000000002,0.0010000987162438882,0.014063352782222531,1.0000000000000004,-0.005115248957779411,0.0014181753689544469,0.1063812576131907,0.7614375236571748,-0.09620281107553219,15.833010199795261
2024-06-18 04:36:26.00,273.2600000000001,0.0010026031493482307,0.014039069632110756,1.0000000000000004,0.0030187141763084162,1.0717171368143454e-07,-0.004990268012770342,0.7564295213871306,-0.10133318263285308,16.014609887273213
2024-06-18 04:36:27.00,274.26,0.000999998634558801,0.014016648759586125,0.9999999999996247,4.746495811936501e-06,-1.4230108753325736e-06,-3.5109840246777056e-05,0.7757866997367273,-0.09705964992812341,16.141362298089945
2024-06-18 04:36:28.00,275.2400000000001,0.0009907861832410484,0.014001312257864502,0.9999999884403465,-0.48450726470771294,-0.0900002943358993,0.08691006134637701,0.7246344724311432,-0.106001261856019,16.279091228988783
2024-06-18 04:36:29.00,276.2200000000001,0.0018098740104264758,0.013094511753005245,0.9992472580701716,0.24637034181362621,0.019326211425269812,0.08563772323754977,0.7511035107826343,-0.09993455574085092,16.536226778448814
2024-06-18 04:36:30.00,277.22000000000025,0.001073184630214492,0.013294315098827785,1.0000000028080553,-0.05097740258522864,7.273074999151304e-07,0.000840106107012793,0.7199331139700464,-0.10549307442282911,16.709871184408414
2024-06-18 04:36:31.00,278.20000000000005,0.0004195477846786791,0.012943336825143927,0.9999999999986136,7.964442169394341e-07,3.1707337518764133e-10,-0.23769432567317597,0.7531639049344583,-0.09527441067590703,16.79676254772739
2024-06-18 04:36:32.00,279.2000000000004,0.0010610739414071459,0.01343222842866234,1.0000000085161558,-1.5556294708935456e-06,2.3547484416718862e-05,0.002110783939692612,0.7608568316387719,-0.09873934854113807,16.857474954163365
2024-06-18 04:36:33.00,280.1800000000002,0.0020713951924981257,0.012555281482937969,1.0064439846501725,-1.555762133256608,3.7911806137513224,-0.12406616310686074,0.5210559778327143,0.32900690802474414,17.00837851429162
2024-06-18 04:36:34.00,281.1800000000003,-0.11851234444105245,0.047999268085448375,0.9907161548955296,-8.540535226655022,5.649281528407994,-2.086365636569068,1.489033697725858,7.013637874612624,14.874436265086974
2024-06-18 04:36:35.00,282.15999999999997,-0.058873550324060456,-0.07598542793890856,0.9940628783792624,-5.6903812430491385,-4.1975734059969865,1.5780515814614087,-4.672123613559227,2.632360200880766,15.103462215098524
2024-06-18 04:36:36.00,283.14000000000004,-0.09454463647450552,-0.0654827479594357,1.0041721112929227,3.0720294174849867,-7.085005677373493,3.330039771516128,-2.926773007865097,3.984142987078372,16.628855324498293
2024-06-18 04:36:37.00,284.1400000000003,0.027342534940027165,-0.0036293435062125633,1.0284449681898835,-19.616745162334606,10.354340409788625,-0.6188437112074066,-2.5345054767935236,0.6137574999068811,16.619735415006215
2024-06-18 04:36:38.00,285.1199999999999,-0.09317668897675305,0.0022800966764487205,0.9999046038368307,1.5237045200606463,-4.4516919332839855,10.888607885051968,-0.7168604442503134,4.014309713880247,23.297109047381213
2024-06-18 04:36:39.00,286.11999999999995,-0.00852742279790025,-0.0658904480093732,1.0094228382094816,-5.485252753830038,-2.70766738339628,15.399439535032382,-4.359102046569005,0.6540211953565135,37.31583864266335
2024-06-18 04:36:40.00,287.1000000000001,0.02553811803352295,-0.08438944501338934,0.9879325617472764,-3.2367447941634837,4.3959865931739,21.465385432449672,-5.661262906246961,0.46982028178132273,55.08112622825765
2024-06-18 04:36:41.00,288.1000000000002,-0.035075788195476125,-0.11720616448518943,0.9900292498841181,-2.054948329013925,0.6722632621450034,12.533160600485376,-6.623217076984051,1.8822773726358932,76.13646253106876
2024-06-18 04:36:42.00,289.0800000000004,-0.08070122266112274,-0.16052630590218572,0.9874795459918971,-6.40814087823244,17.658858815981404,17.035400016432536,-10.132320266427106,8.148782896273232,87.90820767366259
2024-06-18 04:36:43.00,290.08000000000027,-0.11303919311841687,-0.09138391859997556,0.9480322704814165,13.194443171033727,9.837048554484642,-8.89951242089486,-4.569476629682024,8.97220204943623,99.94363725171054
2024-06-18 04:36:44.00,291.06,-0.10309794928414398,-0.06579352836118967,1.0148180874659116,1.8476039106179831,2.8969200323084077,5.263282630093958,-4.558245878533588,5.322136709773996,99.70681729364784
2024-06-18 04:36:45.00,292.04000000000013,-0.14549031789253408,-0.19619882702440744,1.0322484304579584,25.610968765930537,8.796642144396023,15.473659925610988,-6.515201541863413,7.1383954951109905,103.88276546673768
2024-06-18 04:36:46.00,293.0400000000001,0.018093229601400355,-0.001629664276363088,1.047284522885083,5.576429943350192,14.191436775404144,-1.8760842444419776,-1.1971912214119247,2.9474560323030383,111.94301294386364
2024-06-18 04:36:47.00,294.0199999999999,0.03675896872493625,-0.05059682327578711,1.0526845994320753,0.8947728348184198,1.6406759958511241,4.740833619412989,-0.5766993030680854,-0.1278285495995147,102.44920836574549
2024-06-18 04:36:48.00,295.02,0.029658617688720395,0.05627555884496338,0.9965028142947346,9.414727990759694,-4.139943764669458,-7.746602479042194,2.7195423264019762,-1.3378297935186114,102.26695403324437
2024-06-18 04:36:49.00,296.00000000000045,0.016953653600327644,0.05812289795881541,0.9986374808693246,-5.357960170596319,4.268192455550277,0.03762341035123101,1.9757048672281463,-0.07941516106922034,103.50773211580923
2024-06-18 04:36:50.00,296.9800000000002,0.03010514710582137,0.0607786191763439,0.9946334930789709,-9.428482871605794,16.289436005261027,-1.819143193438585,2.261912337119506,-0.9271399778125531,102.77170938417642
2024-06-18 04:36:51.00,297.9800000000001,-0.008171633974052057,0.01874886951814275,1.0000126062849573,0.0487767512444586,-0.006288230626254741,0.06419848556027348,1.493505778102939,0.37792716027979195,102.27390677679644
2024-06-18 04:36:52.00,298.96000000000015,-0.007450138567395861,0.024944247277958836,1.0000000899135895,0.0036135419787717334,-0.08797980303081417,-0.12426653570463429,1.472986947201258,0.3756128861546452,102.3774706785922
2024-06-18 04:36:53.00,299.9400000000002,-0.0034718734021559113,0.025908819564941545,1.0068078827332032,-5.592449095379587,-0.016301959181367277,0.11085471100178372,0.6714908557823259,0.3258120018360352,102.60793152066866
2024-06-18 04:36:54.00,300.9400000000003,-0.012665892849129869,-0.3196572033563686,0.935064642511466,-9.148342522899634,0.7972611096615756,-1.4495810075789053,-17.987014485686394,1.055045774806137,99.78584646137078
2024-06-18 04:36:55.00,301.9200000000002,-0.020273823190140067,-0.4656050174051839,0.8880573993058141,-4.989386306902207,-0.009108686475110608,0.3603209923040488,-26.699720237822103,1.1250276450240384,99.77632876042048
2024-06-18 04:36:56.00,302.9200000000003,-0.019485159367333662,-0.5456327787142984,0.842937483711173,-4.046320621419429,0.23065813134319807,-0.21700767634086154,-32.36865973986933,1.1589332836315265,99.99764900446324
2024-06-18 04:36:57.00,303.9000000000001,-0.017122420861691703,-0.5767951304451368,0.8231039792092947,-3.498712116647522,0.09730927476695972,0.02418780615944981,-35.1024066442407,1.1544623157948142,100.12371031478385
2024-06-18 04:36:58.00,304.88000000000017,-0.022717888237609327,-0.6172141243298747,0.7930938859661304,-4.674114657738091,-0.1588540580072123,0.5024356250608689,-38.27791626784969,1.2068916657425703,100.32830233121561
2024-06-18 04:36:59.00,305.86000000000035,-0.01902514540815921,-0.6414229638910814,0.7778570111729655,-9.996923214689826,-0.2386615523942573,0.7923031856334285,-41.3857911957586,1.259396622248817,100.59346285636705
2024-06-18 04:37:00.00,306.8399999999999,-0.016260826481423334,-0.7487042822396066,0.6741422982145706,-8.174462193918957,0.11975642570822354,0.22988025582509247,-48.647063368177974,1.4240976553311906,100.88579724915238
2024-06-18 04:37:01.00,307.82000000000016,-0.021374262580657638,-0.7081060800219978,0.7212704137362623,-6.4979470710562754,0.20752946422432128,0.1108466775738306,-46.79187502671652,1.3929971207658418,101.02649133408345
2024-06-18 04:37:02.00,308.80000000000024,-0.024121467775412474,-0.7329433530978741,0.6915431967644197,2.0561047721484234,-0.04770663559956511,-0.020153648151614956,-46.45087243604107,1.3498948060839124,101.129492724641
2024-06-18 04:37:03.00,309.78000000000026,-0.021001185083986757,-0.7395350114052245,0.6836937619213718,-10.196295959938857,0.30686611922224194,0.143497542765807,-49.05059918173914,1.428673280295255,101.26814875882349
2024-06-18 04:37:04.00,310.7600000000002,-0.022742409745180405,-0.7797505549156508,0.6381284546473106,3.508713479494861,-0.08776225657531635,-0.09213920406099209,-49.34693796304312,1.4140637845493425,101.39362998648905
2024-06-18 04:37:05.00,311.74000000000007,-0.022060113607471846,-0.7376961129866066,0.6897148243843062,-7.335632679663295,0.20972122027828088,0.10203732921594726,-49.29764249315673,1.4403704426008046,101.4922939941485
2024-06-18 04:37:06.00,312.72,-0.024763370042741532,-0.7740971072658855,0.6383894796608659,23.071245081172982,-0.6794306591238936,-0.4928673516033523,-45.14481104694166,1.274771548552056,101.58479563537729
2024-06-18 04:37:07.00,313.70000000000016,-0.020070531421296278,-0.36560042196470793,0.9297485465868444,27.375008446938395,0.8449613917172165,-6.147595254846268,-19.464934148898077,0.4391610789233729,99.78897071378921
2024-06-18 04:37:08.00,314.67999999999995,-0.011182521817327007,0.01679203934486472,1.0246604918209805,5.393770289990178,0.4731012792841382,0.8842596220705884,-2.1043720315731087,0.4200740228048723,99.8225359071503
2024-06-18 04:37:09.00,315.6600000000002,0.005894806289012035,0.03283537590373488,0.9999527192610724,-0.06901952434793733,0.08045968374236534,0.24576702518998514,0.25955431360328973,0.636215576000926,101.21226970409819
2024-06-18 04:37:10.00,316.6400000000001,-0.00923009309640866,0.025092117569640724,0.9999999999098973,0.00039580195780291824,-1.0388304222809251e-05,-0.023099659122112287,0.9915196966917622,0.6254326811434535,101.32674884034371
2024-06-18 04:37:11.00,317.62,-0.01365801730693578,0.02295737854289909,1.0000000000000353,0.0001924343626477495,-0.00864685227627135,-0.013816294321153139,1.244600976719922,0.6281599830065643,101.43500842574593
2024-06-18 04:37:12.00,318.6000000000002,-0.009546138935833285,0.025402637656429486,1.0000000000000004,4.726067999482658e-05,-0.00029162168472649414,0.08276303503841836,1.3507897683012098,0.6172858439336024,101.57733884929587
2024-06-18 04:37:13.00,319.5800000000003,-0.008660140863025342,0.025884146337619606,1.0000000000000004,-2.3799167763250885e-10,-8.937461906932446e-09,0.050885499986868234,1.3890817449568353,0.5976141287327267,101.70565892745175
2024-06-18 04:37:14.00,320.5600000000002,-0.012486733250084031,0.024276380061540936,1.0000000000000004,8.550319925806265e-06,-9.174145656277217e-05,0.006195403546694107,1.3928926232808958,0.6064056039074734,101.81656733920946
2024-06-18 04:37:15.00,321.5400000000004,-0.007519043651877247,0.026044266037998587,1.0000000000000004,-0.0003809123091930934,-0.006750757878679957,-0.023538822735365728,1.4198481463396946,0.5989628596449958,101.96219825089025
2024-06-18 04:37:16.00,322.5200000000001,-0.013750130418008584,0.02528979534843852,1.0000000000000004,0.02012587201150553,-0.011196007496662667,-0.07588232261626131,1.4316908572695377,0.6084047975450845,102.06841990311162
2024-06-18 04:37:17.00,323.5000000000001,-0.014988893668141684,0.02305248958418938,1.0000000000000004,0.023959514121075373,-0.013781106162412782,-0.04422317731649515,1.442264233789322,0.5943418928422729,102.15597872391851
2024-06-18 04:37:18.00,324.47999999999996,-0.011236975184729608,0.024495859808119524,1.0000000000000004,0.005960277899525272,0.0002889931507657991,0.07441103782600973,1.4347070078724193,0.6108672564281397,102.29995622410854
2024-06-18 04:37:19.00,325.46,-0.0109968163576956,0.02882053820516319,1.0000000000000004,-0.0022400651009405717,0.0019037690021440866,0.03779677118360683,1.4292461136856802,0.6086329778052546,102.44908511003115
2024-06-18 04:37:20.00,326.4400000000002,-0.010159528280272728,0.026553805661020915,1.0000000000000004,0.00021510802336319225,-0.00017638260251061694,0.036082830806249494,1.4147980565412581,0.6054328431956155,102.58326208641316
2024-06-18 04:37:21.00,327.4000000000002,-0.008945802324346606,0.020039980665688746,1.0000000000000004,-0.048911105532901525,0.010271784086383469,0.07085278907064052,1.3794364761582971,0.614939109352998,102.69644459322829
2024-06-18 04:37:22.00,328.3800000000001,-0.0064002120551074435,0.02345369347955682,1.0000000000000004,5.4114357057258384e-05,-3.522521932290161e-05,0.05520582742040343,1.395957743112608,0.5938178151469673,102.82557276437261
2024-06-18 04:37:23.00,329.36000000000007,-0.009435370942742006,0.023027343869502465,1.0000000000000004,0.002991838798622435,3.1983667084006306e-09,-0.011213876655855264,1.4001962895107884,0.5955062018127462,102.95073035830308
2024-06-18 04:37:24.00,330.34000000000003,-0.012431393011524388,0.023467212313275074,1.0000000000000004,-4.4680060306697535e-06,-4.312313529146915e-06,-0.03158128435595082,1.4016086412550866,0.6055946501895312,103.08117584621742
2024-06-18 04:37:25.00,331.32000000000016,-0.011294223140430678,0.02438708635966839,1.0000000000000004,0.059522641442588224,-0.03148937692216956,-0.13646787928111914,1.4338875899716408,0.5638361029367541,103.20875731864359
2024-06-18 04:37:26.00,332.3000000000004,-0.012711280985391043,0.023220316296984123,1.0000000000000004,0.007181530807248498,-0.01623119514756115,-0.05632621808360954,1.4253494357373189,0.596756944970477,103.29642760305747
2024-06-18 04:37:27.00,333.28000000000054,-0.00969197557459782,0.0261921382235206,1.0000000000000004,7.588277274336827e-07,5.109006517246913e-08,0.012708529730527718,1.430356553917359,0.5869734478901857,103.41445630129712
2024-06-18 04:37:28.00,334.2600000000002,-0.009620469608571203,0.025143767605945548,1.0000000000000004,9.272232993265983e-11,-9.830797015623682e-12,0.017655904030292532,1.4264404161800244,0.5828122024014977,103.52701870177346
2024-06-18 04:37:29.00,335.2399999999999,-0.009862827803132398,0.02325885883577949,1.0000000000000004,3.53654952258444e-15,-5.56869812772292e-16,-0.0014683991751961627,1.4135589502740629,0.594543125778118,103.64413679227522
2024-06-18 04:37:30.00,336.2200000000003,-0.009907634566269821,0.02359863044112244,1.0000000000000004,4.440872424290372e-20,-1.3687869734403427e-20,-0.0183537907428834,1.4144183133545067,0.5989193800499156,103.76701761979618
2024-06-18 04:37:31.00,337.19999999999993,-0.010685789400600401,0.024099456258706572,1.0000000000000004,-2.772553173011029e-24,1.0607634897452958e-25,0.020999697491170293,1.411449212637295,0.6000935054628163,103.88984765470619
2024-06-18 04:37:32.00,338.1800000000003,-0.009427404698736944,0.024057366134624465,1.0000000000000004,-1.9920268352873073e-28,2.4450543008447025e-29,-0.002420529339325514,1.4129079545608327,0.594591861398076,104.02109711989078
2024-06-18 04:37:33.00,339.16000000000025,-0.011678166807221448,0.024721450943574773,1.0000000000000004,-2.2002782867851486e-29,3.3920249217513817e-29,-0.02363161898400844,1.4156530284503621,0.60002232915579,104.14952643118525
2024-06-18 04:37:34.00,340.0800000000003,-0.011234076754028667,0.02565884106473324,1.0000000000000004,-8.242801414397875e-26,-2.7052429533069e-25,0.012133879591911981,1.4143887098912906,0.605838527159756,104.27830684440495
2024-06-18 04:37:35.00,341.06,-0.009824867439934425,0.024437112051684008,1.0000000000000004,-9.009341730093821e-21,1.565975571976811e-20,-0.01857591747091975,1.4163611570109238,0.5940231695090307,104.41454550948676
2024-06-18 04:37:36.00,342.0200000000001,-0.011177932063272535,0.0241119408652536,1.0000000000000004,-2.1929149312444142e-16,4.81674396364833e-16,0.003160696704105545,1.413858496244213,0.6025628192694537,104.5392504639985
2024-06-18 04:37:37.00,343.0000000000002,-0.009540105689003799,0.025106742975739633,1.0000000000000004,-4.666976620706221e-12,1.5941764328641668e-11,0.0519258337409846,1.415888303719129,0.5970441916425157,104.67314797146875
2024-06-18 04:37:38.00,343.63999999999976,-0.01015405491616264,0.024407659076557484,1.0000000000000004,-1.6302002840295992e-09,-1.455992297524916e-09,-0.0025211990891040696,1.4148869078751185,0.5983606838060325,104.75122915477786
2024-06-18 04:37:39.00,344.34000000000015,-0.012022961973736626,0.02290984049504458,1.0000000000000004,-4.748011308415219e-07,-7.217940602497917e-06,-0.04725082184790717,1.4102499207848829,0.6065891577976268,104.83037860544806
2024-06-18 04:37:40.00,345.2200000000003,-0.010022861230060286,0.024844575661866604,1.0000000000000004,-0.0020352767835955694,0.03736138111364605,0.058068788457704364,1.4178772715790025,0.5986038049686344,104.9450285104701
2024-06-18 04:37:41.00,346.2000000000006,-0.005900581233142106,0.02673078104781617,1.0000000000000004,-0.025317094718812147,-0.05543519830307353,0.1462266207143848,1.4416128562481676,0.5666766484017846,105.09830250225178
2024-06-18 04:37:42.00,347.1800000000005,-0.011508621190603936,0.02328798993990376,1.0000000000000004,0.03305890693157858,-0.026366435080498164,-0.07486813943400679,1.4412089870170388,0.5849995974017688,105.21448285412927
2024-06-18 04:37:43.00,348.16000000000025,-0.014495059775483949,0.022736940843391184,1.0000000000000004,0.006825562034675997,0.0004935142262076256,-0.06157521074921735,1.4326886551235594,0.6058402756337731,105.32116059308746
2024-06-18 04:37:44.00,349.14000000000004,-0.008309924544198793,0.026146264444200765,1.000000000000021,-0.001486455620382004,-5.91622338003152e-06,0.05188178218128703,1.4458748689546796,0.5798130855666258,105.44939159214901
2024-06-18 04:37:45.00,350.12000000000023,-0.012899866504381241,0.0228978585306268,1.000000002037048,-0.00016753126210449382,-1.4060722847361777e-07,0.033515583067262315,1.4375480177861777,0.5890634002466516,105.57337822089346
2024-06-18 04:37:46.00,351.1000000000004,-0.011777382167213989,0.022755465205928756,1.0000551170496799,0.05922078270845016,0.0073370275008939004,-0.057248034096150716,1.441228295125988,0.6004705373591009,105.70387854736038
2024-06-18 04:37:47.00,351.88000000000005,-0.01218023878385443,0.025553079773662266,1.0000001980699795,0.0627949373774541,-0.05213482388793439,-0.13525523161168143,1.4821007556147108,0.5799066492841698,105.75512990799464
2024-06-18 04:37:48.00,352.46000000000015,-0.01287078955947414,0.025058127205695963,1.0000000012948829,0.020809556723010922,-0.025445478649385227,0.013545337814786576,1.459161933597778,0.5878251258107545,105.89680708676822
2024-06-18 04:37:49.00,353.0800000000003,-0.008554878502509885,0.026655029955136186,1.0000000000046276,-0.004415428110143714,-0.006669064486892274,0.056491011119972026,1.4761249861888595,0.5634823086282151,105.99732599623589
2024-06-18 04:37:50.00,354.0600000000004,-0.008233100319533558,0.024780319974088732,0.9999999999999998,0.030208909771569394,-0.03011785575622143,0.02636000687175552,1.468097270596442,0.5522608757321865,106.12550275209028
2024-06-18 04:37:51.00,355.05999999999995,-0.00484979782658603,0.026213433784897974,1.0000000000006328,0.003375237711768034,0.006475193612659454,0.029240253267390572,1.482624239671931,0.523766283751955,106.2549046256519
2024-06-18 04:37:52.00,356.0399999999999,-0.010395391904572936,0.02546465444648861,1.0000002624973297,-0.003562735504286549,-2.0858379801425887e-05,-0.003556165790204108,1.4897560324258206,0.5298383282659526,106.4116063831962
2024-06-18 04:37:53.00,357.0400000000001,-0.004836583532555703,0.025703529216955255,0.9999845788316922,-0.01538610958228851,0.037144729543813135,0.11730770242980362,1.4914003312899424,0.5023098413900627,106.55895804548773
2024-06-18 04:37:54.00,358.0200000000001,-0.005916829921718401,0.025606737592826303,0.9999999994608848,0.040325916801321395,-0.01579667021850929,0.07720715989740057,1.4969986520929772,0.4880552293505527,106.66685968866751
2024-06-18 04:37:55.00,359.00000000000034,-0.007824518937447787,0.025938921500471984,1.0000000030697436,-0.00363961687360585,0.0012050577653657545,0.033387542287444394,1.5073602038300058,0.4792834163995984,106.78219933395812
2024-06-18 04:37:56.00,360.00000000000034,-0.007348509772289014,0.025993350800122137,0.9998362529520828,0.00417504210112831,0.051248861866200576,0.041051913344312047,1.5135305352765824,0.45918953573850907,106.92892479526468
2024-06-18 04:37:57.00,360.9800000000003,-0.015078625257169857,0.02200826750582222,0.9999482576102121,0.004050613946137965,0.04328213969033538,-0.510187587982104,1.4686154405387901,0.5573697917460443,106.98224180834016
2024-06-18 04:37:58.00,361.9600000000002,-0.017001591930069962,0.023116342747579018,0.9999999881417856,0.044010186841870545,-0.021411612661742786,-0.2002079413825149,1.4874918287374845,0.523607654934747,107.0579047605771
2024-06-18 04:37:59.00,362.9400000000003,-0.008403082209303425,0.02295508212435568,1.0000000967712366,0.03860172391820447,0.029590541231629856,0.0467567641786375,1.4662305086684349,0.5249659213151902,107.1731404655695
2024-06-18 04:38:00.00,363.9200000000003,0.06500851588664146,-0.10013273069130212,1.0428216063376268,-32.422072232334685,15.17799949673653,6.7849632128441115,-4.551934219152128,2.2052366799113328,109.53874852659267
2024-06-18 04:38:01.00,364.86,-0.16356602853549304,-0.01652151886207606,0.9655327152749174,-11.137294097631349,2.50001408961235,-44.74644084212978,-6.625063913909658,3.0536588194568495,109.39344022803655
2024-06-18 04:38:02.00,365.74000000000035,0.06693142826124623,-0.1652883248037684,0.9980109785087927,18.294910695381503,-3.3078087296359473,12.364244521785759,-5.592656366955754,-2.206713922746647,100.5654648403611
2024-06-18 04:38:03.00,366.7199999999998,0.03207033160354174,0.007764573362272983,1.0433260980368009,1.426714449477787,2.0425350634044412,10.370458832080757,0.3658199045822647,-1.216816312965576,106.92247823843672
2024-06-18 04:38:04.00,367.7000000000003,0.01589520572749847,-0.01102453450842146,1.0005012791907004,-2.1195701753114036,1.0502071154585504,7.915008848063137,-1.2614262417138629,-0.18300531579043247,114.58345863652067
2024-06-18 04:38:05.00,368.6800000000002,0.05050197979144932,-0.025909118126928782,0.9900721518928836,1.9674881292014792,4.148557756212982,7.906326209537378,-1.190098119376612,-1.506504963216451,121.9532064288107
2024-06-18 04:38:06.00,369.6599999999998,0.029885728251164527,5.050111352417346e-06,1.002007627115237,2.151916837079696,-0.642315575108961,8.23627024503424,0.17774773960470833,-1.8178803414788205,129.42234823019888
2024-06-18 04:38:07.00,370.64000000000004,0.006971631004096967,0.03448930471894905,0.9878652671529786,0.9776005113995593,1.7479199187298613,7.442009796607994,2.0660724132557133,-0.7391319305234556,137.34014084523133
2024-06-18 04:38:08.00,371.60000000000025,-0.0032181053757831847,0.04717888712647921,0.9883209180875134,-2.996862990713755,1.3176681423323016,6.9296334715736245,2.507997001799517,0.08860666923665537,144.4712021226072
2024-06-18 04:38:09.00,372.58000000000015,-0.016095146906667447,0.03996993610393815,0.9782363655459038,-3.6795769031373275,0.5095009167949041,6.141030170092916,2.129457626628273,0.8726543175859373,151.0229042709319
2024-06-18 04:38:10.00,373.56000000000006,-0.02106400444593547,0.039571163277384705,0.9812401055839298,-3.0942545420545415,0.3375213697688063,5.930262007707303,2.0254483046984917,1.4432980487701221,156.78898820381397
2024-06-18 04:38:11.00,374.5400000000002,-0.025399026131913395,0.04099398308695988,0.9924149450655496,2.6574251643554554,-0.7478610952396484,5.143188910832045,3.027230812455126,1.4727588487919256,161.82102322368308
2024-06-18 04:38:12.00,375.5200000000003,-0.018761765460929284,0.0363424511706431,0.9963682301339266,-0.6378582472749831,-0.21863318442342694,5.299957888529515,2.4880361520230307,1.0362308916397087,166.785004032887
2024-06-18 04:38:13.00,376.50000000000006,-0.00493501918402666,0.02699678379025473,1.0027779205420972,-1.1195069329584508,-0.7953699834951157,4.084675644315395,1.4081440062191786,0.5635163660853476,171.01066576370502
2024-06-18 04:38:14.00,377.48000000000013,-0.0031437818140311415,0.020750882989851498,0.9989932994893673,0.7212419974753989,0.9366177595855408,3.57450960587297,1.3076358752495223,0.6274136117481546,174.93981872683798
2024-06-18 04:38:15.00,378.4600000000004,-0.016271012403943692,0.027674749344952797,0.9938976438323098,1.4024086428387628,0.6433956078248223,3.1996135639368064,1.863500003992483,0.9071694210017965,178.05186707541174
2024-06-18 04:38:16.00,379.44,-0.009151924839640673,0.034920954684801636,0.9986915556854782,0.19853719968534383,-0.2870527576431311,3.3637354891632496,2.3566347209137257,0.427908968399497,-178.23271338335203
2024-06-18 04:38:17.00,380.4199999999999,0.0020479665182253923,0.03610823973587974,0.9963142281549389,-0.04754730803173843,-0.10187463008589268,2.8204696646662106,2.1274394208183938,0.06342687120124077,-174.8559970532064
2024-06-18 04:38:18.00,381.4000000000007,-0.0003747231260735401,0.02400374225378665,0.9989521131378328,-0.278771782636677,0.457156186929813,2.7713744975364962,1.5388713540515275,0.25835606208967654,-171.89576135237996
2024-06-18 04:38:19.00,382.3800000000003,-0.033216946587741734,0.0054431565493243805,1.002753560921988,-3.730546406068234,3.7839240329069055,2.909883993196139,-0.214053571736212,2.4501793566881696,-169.38923082817442
2024-06-18 04:38:20.00,383.3600000000004,-0.06254984997399443,-0.03806668258980281,1.000118646696735,0.8212444939758305,-1.5731264061328774,-0.6971018497238789,-1.8519587489911116,3.1261293355012474,-168.05472909108073
2024-06-18 04:38:21.00,384.34000000000003,-0.0570322366892151,-0.02439188774100142,1.0049690149091874,1.1311435818640732,0.7312743310848542,-1.0686486427147304,-1.2945763519109346,3.4183754259720796,-169.17250781849663
2024-06-18 04:38:22.00,385.3200000000001,-0.07003476961648177,-0.020924142898715376,1.00276322367086,-0.049769247430902386,-0.2542757942273224,1.257105904517418,-1.191969468391131,3.909601947026769,-168.82481768949222
2024-06-18 04:38:23.00,386.30000000000024,-0.07085902610109393,-0.020215620999883693,0.9961673089484036,0.389442374812177,0.04853195413632183,1.1370535773343808,-1.0335588332998402,3.7459379731050446,-166.95450850016917
2024-06-18 04:38:24.00,387.2800000000001,-0.06965254894600326,-0.013358299850228935,0.9994052206950572,0.41647120741912746,-0.25622731837253243,-0.4826032474667752,-0.7597747305552477,3.8807995801195987,-166.99678367705636
2024-06-18 04:38:25.00,388.2600000000002,-0.05856999414955852,-0.0031303306639136968,0.997615111347841,4.072026308820039,-4.539257593366015,-1.3708768065087378,0.009429280894344,3.0079087279674126,-167.5135911240646
2024-06-18 04:38:26.00,389.24000000000024,-0.08686865258961514,-0.02991740279026701,1.0026599096552034,-6.255965500532396,0.25635424639101134,-11.382543935169732,-2.994139815449782,6.200491869171541,-165.78726099105546
2024-06-18 04:38:27.00,390.22,-0.0890094088371112,-0.11786111851533504,0.9930980684408007,-0.40948593365053243,-6.6422313551111145,-5.4885207333332175,-6.22488709157958,3.947588498871885,-167.67719271132117
2024-06-18 04:38:28.00,391.2000000000002,-0.10352803238734548,-0.14458529385619245,0.9939495406818551,-2.393372418735282,-0.15022585724771065,3.3838865665601556,-7.452887834634555,6.211565585740075,-164.5868349653793
2024-06-18 04:38:29.00,392.1800000000004,-0.03899758132868338,-0.06330786620351446,0.9921340212636235,15.9355488803637,-7.510002483293339,-16.250363448229173,-2.756181618368792,0.8718010821145499,-162.11192287812446
2024-06-18 04:38:30.00,393.1600000000001,-0.057039036733418966,0.07213120128776943,0.9945504225453805,-1.4742357511312654,12.180340020841218,6.611241193516102,3.102369212031658,2.8362387718501076,-168.37810206707633
2024-06-18 04:38:31.00,394.14000000000016,-0.10328184224505572,0.12731432186476227,0.967485034391782,4.416572345593175,0.07668739569274252,40.6807206930223,5.9523836052088575,4.33813958940091,-160.15901117419898
2024-06-18 04:38:32.00,395.1,-0.08891277691890158,0.024619608884108822,1.0117425319442965,-10.179358600520429,-16.5893436990455,-0.6206401459191824,-0.15943494048627124,2.5046316235219903,-146.73690939802384
2024-06-18 04:38:33.00,396.08000000000004,0.003191422809562112,-0.007229845367866454,1.0059109159328545,0.4473568510707629,0.003937621999433115,2.12683586224765,0.7491204051722877,-0.4390976982951147,-152.45946535666215
2024-06-18 04:38:34.00,396.92000000000013,-0.028330183117471604,-0.00718485546066447,1.004654333960119,3.8617911611912006,5.192527181588368,-57.68770625866789,0.5853380399306394,1.8551792852557147,-165.6717317854934
2024-06-18 04:38:35.00,397.46000000000004,-0.00048492227990368805,0.01691168598806658,0.9988815254811604,0.011950287884458087,-0.09828135391005025,3.612058018162541,1.2106577809412449,-0.26857092237122193,-174.220044082094
2024-06-18 04:38:36.00,398.16000000000025,0.00649294220163952,0.012843049121999956,1.0000351114586017,-0.09456303024281652,0.05228467223181132,0.9159000005564891,0.9225554616469811,-0.2897901066612278,-172.86220535647067
2024-06-18 04:38:37.00,398.87999999999994,0.00698502124102528,0.010974777508044981,1.0000007429992517,-0.004740780530329133,8.474286430354774e-05,0.6564377568411273,0.7793508774588435,-0.36587600330342307,-172.56212405533984
2024-06-18 04:38:38.00,399.82000000000016,0.015385994575232733,0.034127282051086165,1.0000523626893247,-0.04806088339231393,0.12459283095725016,2.7264063910627674,0.9017982768277093,-0.43216958282549545,-170.709382825347
2024-06-18 04:38:39.00,400.8000000000003,0.006185585184704954,0.011040740683605568,0.9998918398346998,-0.08770478472191216,0.027363022908322297,1.43011402776485,0.6454432015306897,-0.35067100916060456,-170.92351255376988
2024-06-18 04:38:40.00,401.7799999999996,0.005988325582476443,0.01021175861989744,0.9999999997780161,-0.03818997876870196,0.012787122107563458,0.021982633320003796,0.6666127662433753,-0.3503113869416667,-170.3971197895522
2024-06-18 04:38:41.00,402.7600000000004,0.007022549614160053,0.00877777608437474,1.0000018388771352,0.049719440726672545,-0.0064408436376076905,1.4246833110145825,0.6266412180669888,-0.36769233153684555,-170.02461801888123
2024-06-18 04:38:42.00,403.7400000000001,0.0064961081955628875,0.010066556669106878,1.0000522424714435,0.10897878827054827,0.030761698194271173,2.6122955049870393,0.5606261629260254,-0.37071064473060805,-167.26191489544559
2024-06-18 04:38:43.00,404.6400000000002,0.005929124495132695,0.01079805936979441,0.9999562410115523,0.027496234395190666,0.2151095497108354,1.8520560763814422,0.5952905758513671,-0.3341571149487656,-165.05437192641105
2024-06-18 04:38:44.00,405.62000000000006,0.004531321596793891,0.009755176521155783,0.9994937971931415,-0.0383195412578676,0.06581191592509822,0.4028233272811104,0.5923252567215583,-0.3358889076872827,-163.27700646907616
2024-06-18 04:38:45.00,406.6000000000003,0.004379251517843557,0.009938411357184521,1.0002115962973965,-0.005340073773059635,-0.09726551304065172,0.19876856555288266,0.5814141045340464,-0.335801346092848,-162.98841422685797
2024-06-18 04:38:46.00,407.58000000000015,0.00209675906466349,0.008485645249552054,0.9985250246592781,-0.01775314036140376,-0.10329151248502291,2.524407562360986,0.5555882160906711,-0.16807279704385228,-161.6032071968029
2024-06-18 04:38:47.00,408.5600000000002,0.009701984703342475,0.01119654649154033,0.9987892902649135,-0.000498580168131299,0.10768061257250265,0.12173855387982968,0.6974002935080336,-0.4256522699913724,-160.18540474486002
2024-06-18 04:38:48.00,409.34000000000026,0.006999699789225061,0.010970517587112531,1.0000000070020598,-0.012375502833957082,-0.015339022583735797,-0.8205333726094123,0.6365978223604295,-0.4418787317837131,-160.37251627761097
2024-06-18 04:38:49.00,410.3400000000002,0.009638061322157875,0.010961607591963003,0.9999997385405045,-0.27827053117052386,-0.22860667518917327,-1.7000554912744812,0.5852933311611509,-0.5199351385254245,-161.3107865685835
2024-06-18 04:38:50.00,411.3199999999999,0.00697541510719789,0.011025217897071818,1.0000825673664324,-1.6274433297172175,0.9748801211829019,-1.5798268665284094,0.4569877593230819,-0.31531312685355284,-162.6515600531633
2024-06-18 04:38:51.00,412.3200000000002,0.022812076457584055,-0.049778456624418564,0.9841220466565144,-0.3193805824754492,0.48439102671505063,0.06888841554192533,-2.6914721885380444,-1.3449946590341435,-162.10772545858828
2024-06-18 04:38:52.00,413.3000000000004,0.018863139215877334,-0.05560430690154979,0.9902189847290919,1.9056388831129896,0.5702906258617313,0.9188834124049503,-2.8106598258398123,-1.0483286684619124,-161.1233308817607
2024-06-18 04:38:53.00,414.3000000000002,-0.05412370275504849,-0.016401921138001697,0.9986534316300569,8.051525575762904,11.229874506567274,-1.9426445246602053,0.6445731874631156,5.136076391182073,-161.70070653354765
2024-06-18 04:38:54.00,415.28000000000003,-0.15050898011790492,0.04832322596036379,1.0171903087114689,1.0233347625785054,11.380094670841835,4.058031587452642,2.439970496097181,9.974376625869976,-162.4655283043511
2024-06-18 04:38:55.00,416.2600000000003,-0.1908891749062976,0.06695203828440509,1.0073277875592803,10.026953484252157,4.015565018032955,-3.6709360534506046,4.728302248940846,11.272784670319743,-162.4269644647062
2024-06-18 04:38:56.00,417.25999999999976,-0.17682998098752198,0.28751134020135244,0.9427314539888287,14.544080896974112,-11.51447666861978,0.7291242023628769,16.2425128648267,8.746850098284542,-164.30033844397673
2024-06-18 04:38:57.00,418.2400000000001,-0.04887354680200735,0.22508949464773506,0.9670517144444871,-17.723863877833274,-5.595146939191534,-0.3037628843738712,9.91197466385856,2.2884884896586617,-164.26731218064978
2024-06-18 04:38:58.00,419.24000000000035,0.05735719937850346,0.07607395625357101,0.9903494751400356,-5.988946873434751,2.0732073448230426,24.265796381924485,4.7300352219969675,-3.37863314861491,-124.95650197654479
2024-06-18 04:38:59.00,420.21999999999997,-0.011070096381488866,-0.017164560755519708,0.9972186494532259,-4.385702421694755,5.466893298613099,28.382641746846165,0.10343989955036664,1.0730494899939627,-90.39143340878564
2024-06-18 04:39:00.00,421.2200000000002,-0.009242889997102129,0.06708450461737757,1.0048165496099872,3.7963778158834907,-3.8136514507895383,14.417470075202843,5.344349622491701,-1.6501448875737166,-71.11443785218083
2024-06-18 04:39:01.00,422.2000000000003,0.030675523920922296,0.03091916452721452,0.9980373755106321,-5.348049106539253,1.0232650919256865,10.895737297570038,0.655882519707655,-1.645238911787251,-58.177545484129915
2024-06-18 04:39:02.00,423.1800000000006,-0.0053932317342385875,-0.03201465214898266,0.9991690620770988,1.065213246942212,2.723538967496049,8.18024787506456,-1.2306506673568383,0.8123484911621288,-49.35290211552971
2024-06-18 04:39:03.00,424.1800000000005,-0.032243067595799944,0.06856338579682962,0.9957788509597607,10.229334407284094,-1.5088934047392786,4.305340064471608,3.021316525847885,1.9478740515763853,-42.8278082275303
2024-06-18 04:39:04.00,425.1600000000002,-0.020952886879490554,0.09512787411804234,0.9961963522940662,-0.6632332128606852,-0.11288206541869109,3.8898542638341875,4.666787260171968,1.1833287568392707,-38.62149443597084
2024-06-18 04:39:05.00,426.16000000000037,-0.011932157787638772,0.05303218660648436,0.999010514723009,-3.456958388672965,-0.5401967154911754,-4.286389416478166,2.3918704552911274,0.7894192597243647,-40.20386861312262
2024-06-18 04:39:06.00,427.1400000000004,-0.003277718007602158,0.010135030151773139,1.0144829326662124,-6.581985614189045,-2.491938568387258,-2.377522035313525,0.15644404460231442,-0.7489729454491418,-42.79581335464447
2024-06-18 04:39:07.00,428.1400000000002,0.012969045208222582,0.008184420663978866,0.9994718039402222,-1.5718434024311887,-1.6509509557605704,0.5548165985900183,0.3012845309230128,-0.9000351825656913,-43.550099900998006
2024-06-18 04:39:08.00,429.1200000000001,0.00820576593499751,-0.019184293466663217,1.011933534309268,-5.8755856371635575,-1.4161915172366062,-8.481394928684109,-0.038147452260248405,-0.9891567606793121,-57.64734037071364
2024-06-18 04:39:09.00,430.1000000000002,0.0003740325636986026,0.002051629037796779,0.9989981834108705,0.9393340280924881,1.6609679854294006,-2.2399218826070517,0.3801986336025267,0.27818227203847573,-60.231111147128196
2024-06-18 04:39:10.00,431.1000000000008,0.018891280082173972,0.033087700314817906,1.0097687623820606,-1.575076331403893,2.8649872636639695,0.788049427760244,0.018294299625463945,-0.7465138610360343,-60.237592298123644
2024-06-18 04:39:11.00,432.08000000000015,0.015972651728722427,0.0063646046766354,1.001543434922244,3.5529743633644735,0.18868166349577056,16.908914867513698,0.14311496350040204,-0.8313740253528418,-51.797111894733476
2024-06-18 04:39:12.00,433.08000000000015,0.004792754216782366,0.003953810848780205,0.9977394379603921,-0.6145193253938395,-0.5736307710745366,1.9084271362472554,0.7006521116222644,-0.727287169291099,-39.96200216143903
2024-06-18 04:39:13.00,434.0600000000001,0.03200620442879562,0.038261600295618176,1.0013607450294557,0.7556274607938296,0.3304740836990776,21.26840465101291,0.722474642346912,-0.890120695076946,-37.04310639528955
2024-06-18 04:39:14.00,435.05999999999983,0.021143487611262807,-0.00902990504367374,0.9985917032829265,0.9454464823147034,0.6970108637749639,2.1914210297469863,-0.18311658293594693,-1.0414581563389933,-27.250948192069693
2024-06-18 04:39:15.00,436.04000000000036,0.01917356988044962,0.012742407278676614,1.0033988215107128,2.2025128493135817,2.956729334755311,9.626563764445324,0.24948279259758224,-0.65579558716473,-18.87685600379379
2024-06-18 04:39:16.00,437.02,0.013924398800365532,-0.001191049591545836,0.9988436884213969,0.007688734484228851,-0.4157854256979412,-0.20891382472162925,-0.09976685963628286,-0.59066237452259,-13.684457698534839
2024-06-18 04:39:17.00,438.0200000000004,0.013896530097181548,0.01221542775282587,0.9991785059085275,-0.10614457392027776,0.17055487552450513,-3.6306924935151463,0.016774006448794232,-0.5499339717620714,-19.092997185767665
2024-06-18 04:39:18.00,439.0000000000002,0.01784067093332828,0.0009158251735395528,0.9993235858210675,-0.6785513903881853,-0.1344946912013628,-5.9057446118684265,-0.1902424248327966,-0.8821544670642094,-18.674537647174418
2024-06-18 04:39:19.00,440.0,0.007149951200026026,0.00022437112648072488,1.0021060849796153,-0.21446224316654935,0.33043299701758555,11.07604771935765,0.5062947466016663,-0.45038100557729044,-9.46012300116927
2024-06-18 04:39:20.00,440.9800000000007,0.007593259795269673,-0.0006832825951444468,1.0006705766412707,-0.9773502612425031,-0.7682400289818024,1.2789490409545141,-0.02263639262710327,-0.6417601668672672,-0.8944510182780991
2024-06-18 04:39:21.00,441.9600000000004,0.014533925181768029,0.0032690878389154843,0.999605911005939,1.4733548787016004,1.1607269661708253,27.3964460047057,-0.1329437811540327,-0.40765771471072654,12.6904187874927
2024-06-18 04:39:22.00,442.9600000000003,0.01724026686299554,0.04928357500721345,1.0005168333468037,-0.3951997964021272,0.43514933605669376,10.043765284090476,0.4021062757503336,-0.23468590544229884,31.63642719617503
2024-06-18 04:39:23.00,443.9400000000002,0.0015448625484421972,0.020152095145261294,0.9984497229052476,-0.43555144658379696,0.03635750144860589,3.4724231515543726,0.320386833704418,-0.22361172196717666,37.606118453131465
2024-06-18 04:39:24.00,444.9400000000002,0.0040818446174081865,-0.024179585570136088,0.9998142785252586,0.1404061433044615,0.5368519708708246,-5.579267526366861,-0.426360300781231,0.19483098354654085,36.44888497577327
2024-06-18 04:39:25.00,445.92,0.01981088399618802,0.005347466897316952,0.9962848422374966,-1.774839820354866,0.03751791759658668,-55.95790612463999,0.6103347146269869,-0.693366336285149,6.828803912064833
2024-06-18 04:39:26.00,446.92000000000024,0.005264458701375567,-0.0005008720838350009,0.9993149263161916,-0.7373943006076241,0.5065300831630051,-13.249029667141212,-0.17472338137854027,-0.4749606464487725,-18.236059355997483
2024-06-18 04:39:27.00,447.9000000000003,0.010656105977162635,0.007405646913918848,1.0009709525849002,-0.1715803845470792,-0.3624110200717823,-8.105766947631121,0.32259445561575384,-0.7409558776356704,-28.584917210203322
2024-06-18 04:39:28.00,448.9000000000004,0.010975776637346689,0.003463290994855443,0.9998564285092306,0.5079779599919335,0.3718480817186233,-5.555952048593741,0.28315102304833856,-0.7736973505338839,-34.917937820870854
2024-06-18 04:39:29.00,449.8800000000004,0.009415057961163912,0.0057485363481349855,0.9993332055991498,-0.04639573259977622,0.017535475871833635,-2.3228943800611597,0.3856567824630535,-0.6586045972270114,-38.71883243069696
2024-06-18 04:39:30.00,450.85999999999984,0.008371125071425331,0.007994123612029204,0.9999999890310753,-0.004474706099555963,-0.013430619311043963,-0.6975790486274368,0.38006294552465825,-0.6070481351157907,-39.80629811071586
2024-06-18 04:39:31.00,451.86000000000024,0.008878496307383368,0.007000019640183187,1.0000000000000746,-4.752519349841439e-06,-5.786016748700602e-07,0.01761676121659279,0.4142539735113544,-0.5633504621361757,-39.8009568930568
2024-06-18 04:39:32.00,452.84000000000003,0.009000016933913108,0.006999999925490119,1.000000000000003,-4.44676255786212e-10,2.7948411530207036e-10,0.015532072217380996,0.41129014044797746,-0.5353016545585016,-39.67095838363943
2024-06-18 04:39:33.00,453.84000000000026,0.008852878617980581,0.0069997904399748765,1.000000000000003,-7.26307442499731e-15,9.86403387434957e-15,0.02531001683588718,0.4059857798096415,-0.5243284459108495,-39.531901216651136
2024-06-18 04:39:34.00,454.82000000000005,0.007976227391038818,0.007010041929459399,1.000000000000003,1.699701763129052e-19,5.2508049110273154e-20,-0.008723240997389392,0.4044546780027369,-0.5172211391085236,-39.35586361579662
2024-06-18 04:39:35.00,455.80000000000007,0.007995946883966211,0.0062426901553867915,1.000000000000003,1.858624618982076e-23,-1.1255411330825647e-23,0.032597466698008226,0.39540454783512063,-0.5130802922676895,-39.22157377449704
2024-06-18 04:39:36.00,456.80000000000007,0.008072464881959503,0.006754119639376553,1.000000000000003,3.3958548100298097e-28,-4.37018291580786e-28,0.0003726803548107087,0.3930114082483349,-0.5110141134364516,-39.08603508238041
2024-06-18 04:39:37.00,457.7800000000001,0.008592748801104652,0.006013493083031808,1.000000000000003,-1.0966530730319459e-32,-1.312715171449217e-32,0.06327349590699402,0.3911538850622763,-0.5109760349688023,-38.953155483807166
2024-06-18 04:39:38.00,458.78,0.008632328780903028,0.0070559821376652565,1.000000000000003,-4.608498196724452e-28,-4.5021974431799115e-28,0.0031525229224211235,0.39594969759199594,-0.5054720485866083,-38.75570896310874
2024-06-18 04:39:39.00,459.75999999999993,0.009099743303100639,0.005930726092057563,1.000000000000003,-6.549222643491774e-24,-3.0485321577396946e-24,0.04736590657373992,0.39794770060585527,-0.5061781348033704,-38.710528133172836
2024-06-18 04:39:40.00,460.7400000000002,0.008326383197576625,0.006999789662057762,1.000000000000003,9.799154334638452e-20,2.135142701120557e-19,0.02535173360998047,0.39309184628969135,-0.5090801902259173,-38.572181176406616
2024-06-18 04:39:41.00,461.7400000000001,0.009011505058920344,0.006144657074606298,1.000000000000003,1.087242667609147e-14,1.0841473512341692e-14,0.12392250526003715,0.39201829303345903,-0.5126443078992005,-38.402209757797955
2024-06-18 04:39:42.00,462.7200000000001,0.008122152014022678,0.005981318803807452,1.0000000000000395,1.6704942623909888e-10,8.877737111729901e-11,-0.002128827368618195,0.3942683508415549,-0.5083703736126822,-38.28826818324372
2024-06-18 04:39:43.00,463.7000000000002,0.00798569739958289,0.007072098040397041,1.0000000022451718,-1.8709080167723196e-06,-4.601140614450817e-06,-0.138004130639999,0.3953251889028552,-0.5033670287429504,-38.183904644835124
2024-06-18 04:39:44.00,464.6800000000003,0.014451178852500648,0.012011864137958803,1.0000421621069304,0.520031340446824,0.30910913290693814,0.3097391033581729,0.4823954648407231,-0.48336528115202776,-38.210257685630424
2024-06-18 04:39:45.00,465.6600000000001,0.008565704954901906,0.010169083138749205,1.000001929119758,0.03282013535173846,0.035531247808508304,-0.007291985131081324,0.526687174437675,-0.5094840530880682,-37.65390608777023
2024-06-18 04:39:46.00,466.64000000000016,0.009081846080652274,0.009559342746330817,1.0000000000371239,-0.02768270586090983,-0.0004242655242018855,-0.30985788365106487,0.5006836702763322,-0.5280779058220494,-37.64707658339104
2024-06-18 04:39:47.00,467.6200000000001,0.009000002416716684,0.009000006514125808,0.9999999999999998,2.424870399633474e-07,3.5146184697813596e-09,0.00027311212171701846,0.5080099045941332,-0.5388975076407737,-37.54387247531634
2024-06-18 04:39:48.00,468.59999999999997,0.009000000000060463,0.00899969818432536,1.0000000000000007,-1.0084158322326192e-11,6.196450869129836e-13,-0.0005133018587631009,0.5079536606488104,-0.5369827649822992,-37.41702067318141
2024-06-18 04:39:49.00,469.58,0.009000000001303307,0.008147703054968454,1.0000000000000007,-8.375710768361222e-16,2.5647732260027033e-17,0.11301462663945087,0.500967029679895,-0.537816520804257,-37.28173710687455
2024-06-18 04:39:50.00,470.56,0.009000015927111953,0.008000632280480377,1.0000000000000007,-2.718833377377392e-20,3.9616895782967236e-22,0.012685306952797785,0.5048223168213867,-0.5360049888168588,-37.13834703627199
2024-06-18 04:39:51.00,471.53999999999996,0.008902251515485616,0.00905125158604669,1.0000000000000007,-1.662879731929725e-25,-1.6448895847498958e-26,-0.2616018591380665,0.5028432883300196,-0.5302186988280493,-37.06897130924507
2024-06-18 04:39:52.00,472.52000000000044,0.009000028223607274,0.00860083507799537,1.0000000000000007,2.995916575533593e-29,-1.3681121803527344e-30,-0.14918469589327985,0.49901136266314405,-0.5339867204156024,-37.17656136999777
2024-06-18 04:39:53.00,473.5000000000004,0.008205146568913857,0.008992235890316119,1.0000000000000007,1.7123031793802372e-33,-4.4442347756606047e-35,-0.04788306456073878,0.503052188186453,-0.5299094466189255,-36.99307504506493
2024-06-18 04:39:54.00,474.4800000000001,0.009000007603827936,0.008505960442040378,1.0000000000000007,4.246651912290695e-38,-2.732068565301087e-40,0.0028957637041603325,0.505249348799418,-0.5299338694323718,-36.831276601224104
2024-06-18 04:39:55.00,475.2400000000003,0.008999999999349277,0.007999250425021847,1.0000000000000007,-1.2947633576390597e-41,6.7582490573891e-43,-0.11716102501539893,0.5043208354035444,-0.5273673661816265,-36.774830857257314
2024-06-18 04:39:56.00,476.2200000000005,0.008999999993286704,0.007997397204476309,1.0000000000000007,-8.788117763071507e-46,2.488625322322982e-47,0.007373939882431257,0.49722992161077495,-0.5299960700665167,-36.70093640063586
2024-06-18 04:39:57.00,477.20000000000033,0.008999886065173962,0.007999626278481555,1.0000000000000007,-2.520432226989193e-50,2.797139821153721e-52,0.12205125428667991,0.4930672836786562,-0.5310170670835701,-36.50629419923717
2024-06-18 04:39:58.00,478.18000000000035,0.00904907405810448,0.008008341534241173,1.0000000000000007,-1.0457261454451584e-56,-2.1128443393495078e-56,0.016163201380118487,0.4982142923387847,-0.5270026822568894,-36.31192690436567
2024-06-18 04:39:59.00,479.16000000000025,0.008267111960887042,0.007931063979301942,1.0000000000000007,3.4866186692132635e-59,-1.435625076078873e-60,-0.17319840437464634,0.49461353377528644,-0.5255556083762322,-36.160108808370474
2024-06-18 04:40:00.00,480.14000000000055,0.00899996696889635,0.008000048221943742,1.0000000000000007,1.7357682401653638e-63,-4.120571227830671e-65,-0.0004631128470737461,0.4879353881482083,-0.5282574054292383,-36.171310347309436
2024-06-18 04:40:01.00,481.1200000000005,0.009035346651046943,0.007999698432664633,1.0000000000000007,3.6736232679876334e-68,-1.8661787820305007e-71,0.28387137164701587,0.4841253434856484,-0.5327388628022356,-35.835664983836686
2024-06-18 04:40:02.00,482.10000000000014,0.008994658693702145,0.007933568975634596,1.0000000000000007,-6.23311275512804e-73,5.69242945543889e-74,-0.0010744010534350086,0.48596722603381154,-0.5255955830491545,-35.69804073821196
2024-06-18 04:40:03.00,483.0800000000002,0.009002042370989033,0.007999998122651243,1.0000000000000007,-8.23394454050636e-77,2.8361330586340077e-78,-0.26080876671938796,0.476311178744314,-0.5219634805574433,-35.742602930742876
2024-06-18 04:40:04.00,484.06000000000034,0.009000000158454752,0.008000001414177994,1.0000000000000007,-3.189476805438907e-81,6.00875195951917e-83,-0.01848832003358928,0.47316767287547434,-0.5283128536526551,-35.80256672223224
2024-06-18 04:40:05.00,485.0400000000005,0.009000018917939072,0.007836159248537275,1.0000000000000007,-4.185115987014052e-86,-1.015345849455562e-87,-0.07105126627878088,0.4714411758817741,-0.5306463281911991,-35.71299139458087
2024-06-18 04:40:06.00,486.02000000000015,0.008964175673771814,0.008004601604781997,1.0000000000000007,2.411573042843556e-90,-1.3447237216287775e-91,1.840301181584036e-05,0.4753203210152744,-0.5299777559561816,-35.56626395307454
2024-06-18 04:40:07.00,487.00000000000057,0.007948757915830917,0.007999902956276199,1.0000000000000007,1.777932707352834e-94,-5.212550515475213e-96,-0.2502129244571465,0.46791068098957767,-0.5258894511317641,-35.485148379831756
2024-06-18 04:40:08.00,487.98,0.009000010370483974,0.007754067945913566,1.0000000000000007,5.390931167678473e-99,-6.8530126361849e-101,0.020791419973127077,0.4548783267449512,-0.531620196773337,-35.510745664567104
2024-06-18 04:40:09.00,488.96000000000043,0.009000407957561449,0.007424804136926324,1.0000000000000007,1.652063627264086e-104,3.93466361407172e-105,0.1183296396183762,0.4521309896798238,-0.5319981721066017,-35.33515532001668
2024-06-18 04:40:10.00,489.94000000000017,0.008984578831692366,0.008086551973370472,1.0000000000000007,-6.752405670846223e-108,2.904296128402074e-109,0.06351432204864914,0.45511870582224345,-0.5307685190982826,-35.12593656237557
2024-06-18 04:40:11.00,490.9200000000004,0.008999999474148495,0.007991551568309125,1.0000000000000007,-3.565088146694741e-112,8.812813643586275e-114,-0.188455347266059,0.45703318444202945,-0.5257261595969496,-35.09579858413114
2024-06-18 04:40:12.00,491.9000000000004,0.008999701099495869,0.0069301463382804495,1.0000000000000007,-8.119050928591329e-117,2.7312507142090766e-119,0.11534933462423867,0.44783263281347635,-0.5309958600273934,-34.9880503722035
2024-06-18 04:40:13.00,492.8800000000003,0.00899222484342954,0.007999782782236581,1.0000000000000007,9.969691857078862e-122,-1.1023404400739487e-122,0.06842966796030098,0.45301186812389005,-0.5280068146882496,-34.76555176841632
2024-06-18 04:40:14.00,493.86000000000035,0.009000038631971281,0.007999999965922856,1.0000000000000007,1.6319009462018904e-125,-5.824865871377852e-127,0.016486655000943113,0.45297960028417594,-0.5278950129336377,-34.627598175813226
2024-06-18 04:40:15.00,494.84000000000026,0.008812313146665824,0.008000262442691516,1.0000000000000007,6.655931571614769e-130,-1.3278194883140314e-131,-0.13690367910233897,0.45601963323298345,-0.5249473103735549,-34.54686884178991
2024-06-18 04:40:16.00,495.8200000000003,0.008999998662355128,0.008029544207714463,1.0000000000000007,1.3370002644360617e-134,1.2230941538336146e-135,0.005876485816090036,0.44898059761334885,-0.5300018189743929,-34.531559632425015
2024-06-18 04:40:17.00,496.7800000000001,0.008998873217947448,0.008074295057172226,1.0000000000000007,5.431757749278438e-131,2.371954077633051e-131,0.3098237211023436,0.44430101873897954,-0.5336574028577846,-34.178937102444806
2024-06-18 04:40:18.00,497.7600000000003,0.009070387617093301,0.008000001495404842,1.0000000000000007,-4.866926785460335e-127,3.8580765037274e-127,0.01425557788635407,0.45999230566034843,-0.5230538079638786,-33.91888318959011
2024-06-18 04:40:19.00,498.74000000000007,0.0090000020291208,0.007999999673989282,1.0000000000000007,-5.580623574915416e-122,-3.3302257869591776e-123,-0.014063440053048878,0.4587184247982241,-0.5240492749346212,-33.786423111847746
2024-06-18 04:40:20.00,499.72000000000025,0.009000000214913402,0.00801529999168168,1.0000000000000007,-1.615626476381429e-117,-3.919274983497177e-118,-0.0005753972814032558,0.4560587211083434,-0.5270382578949446,-33.707144414186544
2024-06-18 04:40:21.00,500.7000000000003,0.009000312466009745,0.008023455863437844,1.0000000000000007,-1.705729115467113e-113,-1.1409111028475118e-113,0.2575112879914792,0.45195160226555225,-0.5283906138585117,-33.43202317735926
2024-06-18 04:40:22.00,501.6799999999999,0.008996080025473406,0.007048509072652628,1.0000000000000007,5.510904937887459e-109,-1.219931603115697e-109,0.0005857834457218951,0.45238111282993987,-0.5230096930660738,-33.233636591489514
2024-06-18 04:40:23.00,502.66000000000037,0.009000000117988415,0.00787314766968623,1.0000000000000007,3.1528631292412176e-104,3.837525222853172e-105,0.065508327309456,0.44738223503056246,-0.5239476647463002,-33.103284536116995
2024-06-18 04:40:24.00,503.64000000000004,0.00899999997492384,0.007673929043057482,1.0000000000000007,7.160785898833192e-100,2.2183982701385337e-100,0.019776359443659675,0.4459875920200807,-0.523998974297701,-32.96237446291985
2024-06-18 04:40:25.00,504.6199999999995,0.008998862815472058,0.006914989308722068,1.0000000000000007,2.7203735827898317e-96,5.066939110114599e-96,0.26319734168854797,0.4432260224006148,-0.5270014488730557,-32.79160566883446
2024-06-18 04:40:26.00,505.60000000000065,0.00905800152755131,0.006925904008799161,1.0000000000000007,-4.144354732862383e-91,2.014345071239571e-92,0.001637476301101839,0.4459861194117001,-0.5228078813140161,-32.534545144206824
2024-06-18 04:40:27.00,506.48000000000025,0.008898593337250366,0.006928530328308748,1.0000000000000007,5.107825410259136e-87,1.4461933168824976e-87,-0.09858975726541408,0.4439465721904881,-0.5229465573481792,-32.47692921037635
2024-06-18 04:40:28.00,507.18,0.008999951202481545,0.00699997324655723,1.0000000000000007,8.272417907458105e-84,1.790974271390277e-84,0.008040291975749727,0.44002687370488097,-0.5229847416473176,-32.39536521085779
2024-06-18 04:40:29.00,507.84000000000066,0.009042225606933229,0.006954382721138312,1.0000000000000007,3.428435825712817e-81,-8.746704506834692e-82,0.17275038848978697,0.43086113961915806,-0.5246898119287433,-32.2365645061842
2024-06-18 04:40:30.00,508.6000000000004,0.009056404429046157,0.008001544226565821,1.0000000000000007,2.164614125276657e-77,4.469917006596837e-78,-0.0017666276975949313,0.45162146312111445,-0.5190216361825069,-32.06723715294646
2024-06-18 04:40:31.00,509.5200000000002,0.009002737098284485,0.008023765048987714,1.0000000000000007,2.6401075318631575e-73,1.1682403721072291e-74,0.01982204721575215,0.45499933705875617,-0.5200001371635654,-31.970050493758684
2024-06-18 04:40:32.00,510.5000000000003,0.007920641110131868,0.007989992027378526,1.0000000000000007,8.052788174626243e-69,1.8532868803788022e-69,-0.008147718522770088,0.4568916485617792,-0.5185007340994148,-31.8532539249974
2024-06-18 04:40:33.00,511.4800000000005,0.009052550907484672,0.008000301543681093,1.0000000000000007,9.509494049792924e-65,5.684536949898119e-65,0.044418608637222676,0.4585326895745291,-0.52205850766249,-31.708782230017707
2024-06-18 04:40:34.00,512.48,0.007869595933629655,0.008071735091353695,1.0000000000000007,-5.946311701378e-60,-1.6487896206217515e-61,-0.009796540693575948,0.45927867472078715,-0.5204577214860368,-31.535901192158235
2024-06-18 04:40:35.00,513.4600000000005,0.00845768762046328,0.007989653997768386,1.0000000000000007,-1.9125196526148403e-55,-4.172076575644655e-56,-0.4134715963057025,0.46290680113289046,-0.5150437942051521,-31.60202581259686
2024-06-18 04:40:36.00,514.4400000000004,0.00899996087601302,0.00799999925951446,1.0000000000000007,-2.489201522932951e-51,-1.3495794458370423e-51,0.00015543858408899422,0.46219897252075626,-0.5249476363662805,-31.646460677352643
2024-06-18 04:40:37.00,515.4400000000004,0.009022663665372244,0.007999999999997164,1.0000000000000007,1.3328036621046546e-46,1.3055256532667951e-48,-0.13809934202557633,0.46579417724125327,-0.5221416033448969,-31.577344946056396
2024-06-18 04:40:38.00,516.4200000000003,0.00901414232756034,0.008000000214169916,1.0000000000000007,4.5270507430489744e-42,9.346214382604167e-43,0.02505658065455574,0.46900622497196237,-0.5246417989967261,-31.39102342320158
2024-06-18 04:40:39.00,517.4200000000003,0.00894904987092861,0.008004118966903322,1.0000000000000007,3.2559481774237534e-39,3.068276326960735e-38,-0.17752495346268746,0.46701181036198,-0.5207529192465132,-31.360946212436644
2024-06-18 04:40:40.00,518.4000000000002,0.008999988086548717,0.007999387345775034,1.0000000000000007,-2.9715670560925043e-33,2.9320627153607813e-35,0.022572019422567948,0.46652642138604533,-0.5249510946188417,-31.30957381898974
2024-06-18 04:40:41.00,519.3800000000005,0.009000000001313855,0.008000000001098045,1.0000000000000007,-1.0680871423046972e-28,-2.082558640380708e-29,0.025058336551486614,0.468993949021911,-0.5251383530291731,-31.154848945559998
2024-06-18 04:40:42.00,520.3800000000005,0.008999999999999772,0.008000000000000692,1.0000000000000007,-2.7487275611111224e-25,-7.505641255863798e-25,-0.017057124585979574,0.47138705950193305,-0.5232369480230559,-31.029517167030377
2024-06-18 04:40:43.00,521.3599999999999,0.008999999992994029,0.007999999992996746,1.0000000000000007,6.586730552301424e-20,-2.085847010205142e-21,-0.0542914807127727,0.46905675479797426,-0.52288877165403,-30.936609773724022
2024-06-18 04:40:44.00,522.3400000000001,0.008999965109665312,0.00799996516651437,1.0000000000000007,2.5118986587305338e-15,4.613128243336348e-16,0.009466561505363881,0.4690548938895565,-0.5240363808071589,-30.807769269820906
2024-06-18 04:40:45.00,523.3400000000004,0.009003769750360522,0.008002603149682581,0.9999999999999205,1.106401004409517e-11,1.8270537393068396e-11,-0.16440361750820462,0.4643907683170319,-0.5188869796776864,-30.776750749494518
2024-06-18 04:40:46.00,524.32,0.008996448748177453,0.008000002200288233,0.9999999982822128,-1.4505282847147734e-06,8.143050253673421e-08,0.07079057210503253,0.4669384345854011,-0.5271568239588522,-30.675069690908803
2024-06-18 04:40:47.00,525.3000000000001,0.00902901396413583,0.008031527597610194,0.999998033010934,-0.03264266760694289,-0.02772794367179453,-0.5584455583215143,0.4659248751598078,-0.5267426795985971,-30.65112451169964
2024-06-18 04:40:48.00,526.2800000000002,0.010710609843032069,-0.006913250382650563,0.9989625290141313,-0.18609104005525434,0.4569941394617716,-1.1920948116083814,-0.06979888301090581,-0.6458535043728749,-31.70087254465843
2024-06-18 04:40:49.00,527.1000000000006,0.011392470838214154,0.007230060334512229,1.000059645505302,-0.2224233900160398,-0.05516711566636494,-0.5826295655446335,0.3213739573192181,-0.686853593406354,-32.552703158003894
2024-06-18 04:40:50.00,527.7400000000005,0.01087391739133843,0.03277284566528777,0.9997770538327393,-0.5075136916275941,0.02288338223978542,-4.093074655947462,0.3157195787947154,-0.6686945245699036,-34.655520567938886
2024-06-18 04:40:51.00,528.2200000000004,0.011217853596805105,0.026104983535389748,1.0003268951598496,-0.38363076145146385,0.11658728819364908,-5.397996709049738,0.6935521736277935,-0.7718207218214322,-36.650100383341105
2024-06-18 04:40:52.00,528.7400000000004,0.00776530331894556,0.025832216643620107,1.0012288730461605,0.075126103996405,0.5250118128856129,-3.767439244494404,0.3776246375746404,-0.45692067398077574,-38.82201714992493
2024-06-18 04:40:53.00,529.6200000000003,0.00563699248480225,0.020528168760202838,0.9995782655079398,0.7881918962735628,-0.07659642901475316,-10.312282406296706,0.5707603417526107,-0.5312713431551204,-41.16231279642647
2024-06-18 04:40:54.00,530.5999999999999,0.00700331006450872,-0.0031694819666227593,1.0018694354930182,-0.6839673130828363,-0.3183625994747953,-2.0246400662966533,0.2591652207016617,-0.483127511483365,-45.26620298111533
2024-06-18 04:40:55.00,531.5800000000003,0.006867894577787325,0.01620111443660579,1.0006891645654732,-0.7717678767581989,-0.17486608107387966,-4.374293758212055,0.2359193141194004,-0.626644621080715,-49.87339453107637
2024-06-18 04:40:56.00,532.56,0.010393302487400845,-0.00910137111931724,1.0001636151488102,0.16556565098929732,0.18803292455606105,-4.487770698725208,0.5427165410454031,-0.6264111663501652,-54.82045678536908
2024-06-18 04:40:57.00,533.5400000000002,0.01105822965305525,0.0056187204927888625,0.9999616477785872,0.031064057214961263,0.04072920957909123,-0.7741649783538909,0.39292319584999763,-0.6583580242400562,-57.36486664511731
2024-06-18 04:40:58.00,534.5200000000006,0.00993954809925908,0.006983106618933876,0.9999972976692149,0.0015685465344976392,0.0014172537760799597,-0.038734638714253304,0.39171897517335935,-0.6198432419504665,-57.877644061602034
2024-06-18 04:40:59.00,535.5000000000001,0.00899863511281733,0.009405262298468796,1.001028336529903,-0.14982212379885246,0.02230855276485976,10.976950298887246,0.4216116190014157,-0.5380435890967127,-50.20329281074108
2024-06-18 04:41:00.00,536.4799999999999,0.005313445198346055,0.00643684977731181,0.99879829816485,-1.1005891284460176,-0.7527634962218579,12.722473306476438,0.4281244226890275,-0.3016985246626885,-32.39375655064322
2024-06-18 04:41:01.00,537.4600000000003,0.004589894260661013,0.003907816285200144,1.0002794381569802,-0.040218447522525846,0.6571775615937402,8.65233907012503,0.16064047096833767,-0.19121014381790294,-21.681195561677704
2024-06-18 04:41:02.00,538.4400000000002,0.0065561904687629164,0.0030134807138858587,1.0003697244966936,-0.03705970428953517,-0.3466041724397276,1.4191149146833446,0.14536217832175125,-0.46068789399752635,-17.220552314440624
2024-06-18 04:41:03.00,539.4199999999997,0.011804961254037403,0.02807515122357499,0.9999507636715327,-0.3164409967515038,-0.2387304592641701,-3.367161414102338,0.27906055840580873,-0.5910365641818546,-18.680879361376675
2024-06-18 04:41:04.00,540.4000000000001,0.004297494802798178,-0.022714654849917738,1.0001264071887168,-0.04678044373792578,0.20419689930822688,-0.6256719875745909,0.3527458438908246,-0.5905793846849423,-19.64008455744311
2024-06-18 04:41:05.00,541.3600000000012,0.007375319794662329,-0.030150766120289926,1.0017830557483172,-0.1856091026235361,0.0683437433345051,-1.5477572015583811,0.16487666419741623,-0.4945194650339702,-20.618432158389115
2024-06-18 04:41:06.00,542.3399999999999,0.014507273704990404,0.02432218113999539,1.0043683328796682,-0.15449023222589492,-0.17798254976161187,3.6701453971607063,-0.45293333312819484,-0.46906647548453884,-20.467517575238503
2024-06-18 04:41:07.00,543.3199999999997,0.010304026457747043,0.009338838042693188,1.000003883157622,0.6286497868345425,0.21137518467009409,-2.3258579042614276,0.20416038120329408,-0.5652197913122431,-18.671419448306505
2024-06-18 04:41:08.00,544.3000000000002,-0.0024800199314299145,-0.033918943748965986,0.9976963459317721,-2.169957582501405,-1.3877314058727659,-1.645168241878761,-0.6856542430524715,-0.629024201978135,-20.32688446914236
2024-06-18 04:41:09.00,545.2800000000005,0.012600050964030886,0.006405970230382393,0.9990563453790073,-0.6921965235325649,0.7352766512857895,-0.4307969098362493,0.14655547223074317,-0.5570180304987471,-18.84613163875607
2024-06-18 04:41:10.00,546.26,0.010140808905097123,0.01159709477694641,0.9999986830717513,0.13984184865353366,0.18822816893132713,-1.8033799408052626,0.2039760310387426,-0.6735154969940739,-22.366442336150154
2024-06-18 04:41:11.00,547.2400000000005,0.021876695952923107,0.02598713823033547,1.000864167294913,-0.39787581663126487,-0.6534744934069112,-16.33245632710498,0.5296848925020863,-0.66508488046664,-29.73784796804466
2024-06-18 04:41:12.00,548.2200000000003,0.010723573123246028,-0.05654980060526567,1.001097843026598,-0.12395123346703288,-0.10489658750321244,-3.495292304731448,-0.5526138661859993,-0.767247199293961,-36.887474614198055
2024-06-18 04:41:13.00,549.2000000000004,0.014310322520565006,0.007017394329488296,1.0018651251129638,1.513189096545083,-0.39356849059255117,-0.031913425882388186,0.3378584048995344,-0.9687084171265135,-37.256392829505295
2024-06-18 04:41:14.00,549.98,0.009466991074770318,-0.00429833617522128,0.9975595156353242,0.42182723468595973,-0.6153864340405985,0.3775922738650128,0.08669175830135675,-0.6921059681165476,-36.67372424906594
2024-06-18 04:41:15.00,550.9600000000003,0.012077690002240113,0.002299686702742976,0.9987688832997904,0.037724003646104,-0.18092832380853335,-0.4777213028317998,-0.06332772727446866,-0.7057026265618593,-36.81830932508413
2024-06-18 04:41:16.00,551.9600000000006,0.020498380530493934,0.034090653205712515,1.0002886518473912,0.43157346281014397,0.12036592324142353,6.502545093183264,0.38415825269244563,-0.8481964441898129,-35.81919476467372
2024-06-18 04:41:17.00,552.9399999999998,0.010475063496682393,-0.0160474678302144,1.0014504629726555,0.6842050194337175,0.3357119639720917,0.8931727006627721,-0.518998767022458,-0.7202930044087207,-33.49979503672923
2024-06-18 04:41:18.00,553.9400000000002,0.010999957042853375,0.010706429883397855,0.9998399894027873,-0.6032725478726446,-0.2038167781142975,0.5051895713818084,0.2795874287573381,-0.6728382410478647,-32.56178292781665
2024-06-18 04:41:19.00,554.9200000000004,0.01504552630093967,8.267451101741082e-06,1.0000039957824307,0.3016207742813829,0.08636999696780312,-0.30866107123252534,0.08039519013080734,-0.8083354133064661,-32.21629654525875
2024-06-18 04:41:20.00,555.8999999999997,0.012489005557788336,0.004857017516077418,0.9999603727225758,-0.13205025066606363,-0.22267797002939976,-1.0030154705023928,0.37613274016628057,-0.7882567791318452,-32.4104879042866
2024-06-18 04:41:21.00,556.9000000000002,0.012540552304076294,0.007387680868717399,0.9995385872164692,-0.24148116271596443,-0.10089676004959662,-0.13888540844634228,0.3895678457637063,-0.7817835127966608,-32.96002646443911
2024-06-18 04:41:22.00,557.8800000000003,0.013987553596642596,0.0015512087457305763,1.0000000259234978,-0.24159261572332186,0.0006800226714377101,-0.002658338269334236,0.10839119171568774,-0.8343153543326199,-32.88133192413562
2024-06-18 04:41:23.00,558.8800000000006,0.014104140050236294,-0.00029578767566719504,1.0001578061813428,0.14995009203336013,-0.030658761239909512,-0.37857022835772114,0.027033307936691578,-0.8442402853850628,-32.7611947529881
2024-06-18 04:41:24.00,559.8599999999999,0.011991298871636198,-0.026636506304785233,0.9988622558013107,-0.7686513718936163,-0.026579848756188046,-0.4699705023115892,-1.2904611987857484,-0.7000412584828982,-34.20050502990123
2024-06-18 04:41:25.00,560.8400000000004,0.011026042037636038,-0.01863218574232732,1.0055790113913248,-1.8026247569495906,0.0825102207180032,0.3858876567641574,-1.0677656164337086,-0.6512271597131928,-35.24766520256717
2024-06-18 04:41:26.00,561.8400000000003,0.008277573268288301,0.0006739465744759838,0.9963907452200749,-0.21014577405728457,1.6859028632592719,-7.047300306902798,-0.3858930758978637,-0.15548692698979455,-38.05037273467294
2024-06-18 04:41:27.00,562.8200000000002,0.009545733181043951,-0.008408507689775156,1.0003734772074901,-0.4938932764059011,0.2982254489040276,-2.3338976259866357,-0.6326649059644472,-0.5908449346076086,-42.763166101840106
2024-06-18 04:41:28.00,563.8000000000006,0.015219852397508307,-0.0031228380311820064,1.0002486460582083,-0.6387841644269885,0.2127038488075717,-0.5871764980427951,-0.3988034542440465,-0.8189503889491488,-44.19946696840954
2024-06-18 04:41:29.00,564.8000000000005,0.015807518693393707,-0.0002104256325273787,1.0000000004968894,-0.20693310447348573,0.002485771672590977,0.0398392536011923,-0.27521948903967197,-0.8857196168380123,-44.18195754385285
2024-06-18 04:41:30.00,565.7800000000004,0.014571507769687526,-0.0024158133033944976,0.9999999999999141,-0.2454334753205848,0.005755829872247429,0.013692148427263651,-0.36177125858278636,-0.840330936607757,-44.0394982527514
2024-06-18 04:41:31.00,566.7800000000004,0.015070217766930146,-0.001933432287922929,1.0000000000000007,-0.00011070276629797628,3.988405647708164e-05,0.011137178420117095,-0.24954290294832543,-0.8405753554853075,-43.9062544902934
2024-06-18 04:41:32.00,567.76,0.01565923267739446,-0.000989092415575408,1.0000000000000007,-0.2318991572323559,0.10743254059065813,0.018350000979346005,-0.26301130034771575,-0.8123743061310804,-43.7669071802819
2024-06-18 04:41:33.00,568.7400000000005,0.015999489354662694,-0.0008559435430187401,1.0000000000000007,-0.19728265668237036,0.1122699689672649,-0.0008218027414120589,-0.26904788260985024,-0.8030837226991344,-43.63197732147633
2024-06-18 04:41:34.00,569.7400000000002,0.014999894972883145,-0.002019526410354226,1.0000000000000007,-7.893062381041812e-05,2.9184487715557445e-05,0.007436873976532034,-0.22997035529230245,-0.8206426648642509,-43.502432621359134
2024-06-18 04:41:35.00,570.7200000000005,0.015008514618538955,-0.0011260378717036907,1.0000000000000007,-1.4485216082256382e-08,6.3320906144091976e-09,1.0750676973262532e-05,-0.16829667518986152,-0.8525329543432645,-43.3805571729804
2024-06-18 04:41:36.00,571.72,0.016035980942118493,-0.00013459087167716342,1.0000000000000007,-3.103311501080514e-13,1.4306551585785945e-13,0.007287398228107762,-0.1049934820194871,-0.8888309325916293,-43.24866404071786
2024-06-18 04:41:37.00,572.7,0.015999948968799683,3.844144608059809e-06,1.0000000000000007,-3.4557283731549917e-13,1.4008348340769243e-13,9.533068168600671e-05,-0.07272135496245069,-0.9068817724135951,-43.117028002650244
2024-06-18 04:41:38.00,573.6800000000003,0.014999204385935945,-0.0020876368019264973,1.0000000000000007,-1.4480956367108968e-08,6.592979999293214e-09,0.01719315418100758,-0.07693729028159965,-0.9049553903924187,-42.98541676160575
2024-06-18 04:41:39.00,574.6800000000009,0.015066840023539614,-0.0019166117181838686,1.0000000000000007,-0.00010295911400754246,6.664154173517517e-05,0.014178973004788965,-0.13507759720729412,-0.8688764442437338,-42.85794814812513
2024-06-18 04:41:40.00,575.6600000000001,0.015301803432444467,-0.0009887987687369898,1.0000000000000007,-0.09075568353207673,0.03975485621272814,0.02080221498393134,-0.1833363098994743,-0.8437372155604438,-42.723455448990876
2024-06-18 04:41:41.00,576.6599999999997,0.016001061862656107,3.4491643605993186e-05,1.0000000000000007,-0.0001558205096493944,7.455413845204984e-05,0.0006038071521592691,-0.13495028167086065,-0.8714049595697054,-42.589972140990184
2024-06-18 04:41:42.00,577.6400000000002,0.014999894308396988,-0.002000897722053114,1.0000000000000007,-5.739722046324097e-09,2.2722271593446764e-09,0.01714785623508815,-0.11528169250207461,-0.8820502103794793,-42.46400953131002
2024-06-18 04:41:43.00,578.6200000000003,0.014999969160630464,-0.0011259333098796284,1.0000000000000007,4.7522444611524627e-07,-3.919612608280411e-07,0.018665839553681642,-0.11607015162629153,-0.8811812840188231,-42.32934580584892
2024-06-18 04:41:44.00,579.6200000000003,0.016040889136282613,5.2090027489720655e-05,1.0000000000000007,-0.09100057614763819,0.03916235861624997,0.018499879754750134,-0.10337618539576571,-0.8887066224614345,-42.200989545498246
2024-06-18 04:41:45.00,580.6000000000005,0.016000025904502932,-0.0010415933436253137,1.0000000000000007,-0.00024905388404557394,-0.0001720599425829959,-0.0015627713470699465,-0.0933471905226143,-0.8953056682148688,-42.07256846721324
2024-06-18 04:41:46.00,581.58,0.014925771689153752,-0.0014157324224212087,1.0000000000000007,5.895985315699932e-09,-5.4319043177477866e-09,-0.0006496506675210671,-0.07892561215841801,-0.9033377253825443,-41.9531578998015
2024-06-18 04:41:47.00,582.5799999999999,0.014997356317905238,-0.001986102393411427,1.0000000000000007,4.302174373321349e-13,9.936709099373377e-14,0.0036099149655065537,-0.11561732920126137,-0.8807757527815729,-41.822542363204654
2024-06-18 04:41:48.00,583.5600000000002,0.016037428453226716,-0.0009994101182845055,1.0000000000000007,3.6985156113547504e-18,9.298902323369817e-18,0.011080229737460437,-0.08633440858264332,-0.8985994578116169,-41.683040655138655
2024-06-18 04:41:49.00,584.5600000000004,0.015492394097436803,-0.000999302918039976,1.0000000000000007,7.043951782260401e-14,-6.126950901203517e-14,0.01444753172599774,-0.072009203889121,-0.9059901519410903,-41.55110805066418
2024-06-18 04:41:50.00,585.5400000000002,0.014999982151248278,-0.0020202833703738617,0.9999999999999499,4.25442452724188e-09,-2.3647233590419732e-09,0.015531744309831626,-0.09125122181676347,-0.8954782378229708,-41.421673827453986
2024-06-18 04:41:51.00,586.5200000000008,0.015000128779870475,-0.0011265032867279442,0.9999999969854378,9.942262440424842e-05,-3.9507038068809654e-05,0.014928323973004667,-0.10283002749082383,-0.8889323317279466,-41.288909236217435
2024-06-18 04:41:52.00,587.5199999999999,0.014320056281554977,0.0019846861454353862,0.9999779979447051,-0.6079841651872392,0.37285192046386223,-3.965683080118125,-0.09641892189629661,-0.7470442755896496,-42.94661119225903
2024-06-18 04:41:53.00,588.5000000000005,0.022181368589409726,-0.00965181930055342,1.000381349750401,-0.36194517624576056,0.2595672272474131,-2.979577783057892,-0.12018366838571003,-0.5482876760706616,-45.22142061183568
2024-06-18 04:41:54.00,589.5000000000002,0.01560457016906111,-0.0043270025270721844,1.000022486893835,0.4138084288547876,-0.3209909415569811,-1.112191900426425,-0.13757842879585178,-0.9440540159028858,-47.028660314719005
2024-06-18 04:41:55.00,590.4799999999996,0.01897315518215475,5.110467551971406e-07,0.9999830319223586,-0.007918588185922486,0.005179053436345954,-0.04408610039625877,-0.09932934628551482,-1.0467918278012889,-47.33930102736213
2024-06-18 04:41:56.00,591.46,0.017999010398872625,1.5101504866197252e-07,0.9999999611362856,-0.0004342548126132154,-0.00012038077428515942,-0.0031287201324924695,-0.050070004595444736,-1.028262409148515,-47.21044770290377
2024-06-18 04:41:57.00,592.4600000000005,0.017025687194012738,-0.017773611226233287,1.0005853952361243,-2.1483145680122377,1.6189062416212452,3.456629773875874,-0.031848486570864684,-0.7232483281529086,-46.009561609192204
2024-06-18 04:41:58.00,593.4400000000003,0.013334039150957837,0.04695730477515026,0.9999456198080237,-2.4226861856048236,1.8514915246182289,1.6401281632407598,0.2832871222949304,-0.706336935976536,-43.83075929084901
2024-06-18 04:41:59.00,594.4200000000002,0.014877159450530916,0.02062976249998377,1.0094799590474632,1.0850686691691513,0.892834453442162,1.5985722930600277,-0.16102659042606327,-0.7226253650115492,-43.218958629919385
2024-06-18 04:42:00.00,595.4200000000002,0.024290535334321635,-0.03785357733553576,1.0011938681688946,0.6768745220950508,-0.4149318157569144,-4.461249424022444,-0.3900856273807548,-1.019102400003121,-42.4053536018213
2024-06-18 04:42:01.00,596.3999999999999,0.014672458304189085,0.0005064973269371291,0.9995562518447196,-0.9335087580250192,-0.8866004257174891,-5.223357989123191,-0.14934576212299824,-0.958437678756745,-46.97526626991258
2024-06-18 04:42:02.00,597.4000000000004,0.01151246961370477,-0.013399806743247155,0.9988214243210718,0.37534414981239456,-0.12267892114771851,-0.8563558399838938,-0.32037281021095143,-0.7004179091746057,-48.186601173679385
2024-06-18 04:42:03.00,598.3800000000001,0.01594998773838489,-0.0009046932633489432,1.0000347628690687,-0.12907286377548036,0.15856639198894396,0.3223862604655374,-0.08298600719617762,-0.877105070821184,-48.47300254029648
2024-06-18 04:42:04.00,599.3600000000004,0.01628178911028657,0.0006945936883800504,1.0000000012295291,-0.00155349223738456,0.0003597171301047398,-0.045451316378321484,0.019082659801568477,-0.940635609863482,-48.07918944902313
2024-06-18 04:42:05.00,600.3599999999998,0.01699938140485817,2.1612810077373686e-07,0.9999999999999889,2.3836063037077574e-07,-1.5971415715309313e-08,0.0058571290783219114,0.04224502373822583,-0.9663486099930376,-47.94519617873154
2024-06-18 04:42:06.00,601.3400000000003,0.016999999933767728,7.864163596933138e-10,1.0000000000088425,-6.145674227632754e-08,7.097598824242043e-08,-0.00020695600061243664,0.04774904076024636,-0.9774501740253496,-47.82087024873046
2024-06-18 04:42:07.00,602.32,0.01699992391539868,1.223667086040533e-05,1.000000311363512,-0.001373145853269818,0.0003241116446835823,0.016179280241857504,0.049828014074207075,-0.9819580310547178,-47.690227365389816
2024-06-18 04:42:08.00,603.3200000000006,0.0138907079833683,-0.035965179441401485,1.02548636085784,-6.489938972099996,-0.8336769896992728,8.383997430653304,-3.0480161734068787,-0.8378865387398782,-45.09633393216945
2024-06-18 04:42:09.00,604.3000000000003,-0.002882153425930625,-0.07874227622567909,1.0238640543624513,-3.1779747559288616,-3.196629457093954,9.64412813783028,-4.708800471746813,-0.15485857031178304,-38.64312810197831
2024-06-18 04:42:10.00,605.3000000000003,0.029758561165144352,-0.055217399746682376,1.029978545024528,1.4815407924648494,-4.853310045817043,9.152058399958257,-3.029149726817567,-2.3971892433124333,-31.258762307261343
2024-06-18 04:42:11.00,606.2800000000003,0.04300510625315954,-0.0029394770690547418,0.9933468408924006,4.615933948147769,4.904969915516778,4.825747200787236,0.45443392259942406,-1.4371405784148592,-25.88751676205834
2024-06-18 04:42:12.00,607.2599999999999,0.006865142094861868,-0.014988999507507136,0.9747000928817539,-4.038139791929518,-1.7200257271045194,9.357266145835096,-1.8887264612343926,-1.0015475002711256,-16.28236666331347
2024-06-18 04:42:13.00,608.2600000000002,-0.06879629702246749,-0.0551957998111087,0.98949994743063,5.136939547692717,5.612207588946918,7.423658043831852,-1.6571076261287243,5.01050641436278,-7.068188331067967
2024-06-18 04:42:14.00,609.2400000000002,-0.08524522105450548,0.04295290929873507,0.9931285975728693,2.915083252282663,-5.487699675288599,6.914903330251222,2.760824323742375,3.6455894817495125,-0.658647109126235
2024-06-18 04:42:15.00,610.2400000000002,0.06734206855851022,0.004815272220726774,0.9900452440268054,-1.504898029137896,-1.51540208212545,8.301979885927029,-0.003634026245095484,-3.506239950198196,10.187465348430216
2024-06-18 04:42:16.00,611.22,0.0483094979646917,-0.01698486839177262,0.9947805551842144,1.2357531630251437,5.2454411107726475,6.803102416185938,-0.5293804365851433,-1.5897760718499991,17.481474651806533
2024-06-18 04:42:17.00,612.1999999999998,-0.03859026664986186,0.002844223287992234,0.9973461286411172,0.8973285158365657,2.7731082174423975,5.454534920664413,0.47935625842936563,2.4667628707458356,23.686313903159427
2024-06-18 04:42:18.00,613.2000000000006,-0.05512638134889029,0.013432773012886562,0.9969830250163176,-0.6612600146884466,-1.88013128527834,5.507219936391228,0.7221115612241249,2.65677164258031,29.32335470022742
2024-06-18 04:42:19.00,614.1800000000002,-0.017879259046302956,-0.0008683360267352511,0.9984330168707195,-1.1996637429694492,-1.508411455255763,5.310647281158981,-0.13036378813415742,0.8489389586531212,34.75653784131421
2024-06-18 04:42:20.00,615.1600000000008,-0.006531850227667059,-0.018051493891548833,0.9989680531284324,-0.21169573736595382,0.6965890337975789,4.722684255984336,-0.8718226461241626,0.6576652339049722,39.86016674488693
2024-06-18 04:42:21.00,616.16,-0.02030656620984912,-0.016719440734645832,0.999998899800091,0.33247997694348935,0.3376326964241895,4.122605853415552,-0.7699413997278285,1.271164053243827,44.3921944007472
2024-06-18 04:42:22.00,617.1400000000006,-0.021675573679972276,-0.011393692653149282,1.0040300633628136,-1.1439959411251877,0.08592410399133649,4.114040548134208,-0.6168471928063701,1.35513440290327,48.26018557673975
2024-06-18 04:42:23.00,618.1400000000003,-0.0030159727452307612,-0.0010674680772439662,1.0009920829107843,1.2526894216790336,0.7706267658478527,2.4519475398314183,0.02552200318241029,0.14488242590951037,51.45201243590899
2024-06-18 04:42:24.00,619.1200000000003,0.009585930491580973,0.006121247610810887,1.0030877795801718,0.8082125997328802,-0.31071228581845806,6.7025043403297015,-0.057179197717688444,0.19456802047146415,54.62251036330249
2024-06-18 04:42:25.00,620.1000000000001,-0.00678816126157339,0.005448950274386796,0.9998582313851246,0.6139273473379727,0.35318654913130404,1.5623994485418313,0.22973832828992152,0.11447552993023179,58.418773474189486
2024-06-18 04:42:26.00,621.1000000000003,0.0007172409531666975,0.01142604538379117,0.9999993199491092,0.17065964830281452,0.013560549323509948,0.8826281044429845,0.39565842152330194,0.08132088202290472,59.71492764042037
2024-06-18 04:42:27.00,622.0800000000002,-0.005266338407580609,0.007960827326474589,1.0013079855864062,-0.5520903681594406,-0.06294289525615018,-1.021521010828334,0.606656898008784,0.37127728012138683,60.23336218019721
2024-06-18 04:42:28.00,623.0800000000002,-0.008556637187816997,0.0041410762462705825,1.001080215001452,1.4258616950266816,0.13456154081060206,-1.6427225679753472,0.6648736066240835,0.3423436847168538,57.953938834836045
2024-06-18 04:42:29.00,624.0600000000005,-0.004815817351736076,0.007975399552235866,1.0000006308866218,-0.22276178880921885,-0.12006907931531634,-0.6586085104923016,0.4700636907682575,0.304971654323829,56.66920553517605
2024-06-18 04:42:30.00,625.0400000000002,-0.003948310293855892,0.005949029972755948,1.0000000000340243,-0.3656620411937383,-0.16846304063091533,-5.568210741087155e-05,0.3372565420470882,0.217565563203263,56.67800827348276
2024-06-18 04:42:31.00,626.04,-0.0028758640153697048,0.0028909593226908183,1.000000000000001,-0.033775821397411136,-0.03477164686964057,-0.001983417714446233,0.2201197620228551,0.15752866916536962,56.809759160391955
2024-06-18 04:42:32.00,627.0200000000006,-0.0020000090117389033,0.0020082199973210555,1.0000000000000004,-0.018616439267041353,-0.004085251220622711,-0.0200996632597388,0.1742565759717387,0.13595328526241063,56.950350749033035
2024-06-18 04:42:33.00,628.0200000000001,-0.0019999999988329726,0.0020837080762959623,1.0000000000000004,3.567821206508779e-06,1.424150843628771e-07,-0.0008079483346879619,0.1485222983515654,0.1369970264829063,57.078125379329386
2024-06-18 04:42:34.00,629.0000000000001,-0.002000000000257254,0.0019889826656500236,1.0000000000000067,1.86436580509189e-10,-1.8345088987565946e-11,0.011100410694089631,0.1270198561736286,0.13789108014227827,57.205419439035154
2024-06-18 04:42:35.00,629.9800000000009,-0.0020000000826694234,0.0015327169823946298,1.000000000090335,-6.30445276828435e-07,-9.529127715545893e-07,0.00036417038442254597,0.11714380967654975,0.13745929480911098,57.339222851038464
2024-06-18 04:42:36.00,630.9800000000002,-0.001446125323225309,0.000556410758531944,0.9999964910315743,0.17015115434118383,0.024723422279038627,0.12711279477218104,0.1296281259372182,0.14059964093791646,57.49085303149464
2024-06-18 04:42:37.00,631.9600000000005,0.0012306330716121687,-0.02306415143379768,0.9978426255431765,3.02796091908687,0.7593805777490336,-3.495864028228439,-0.15213346065419017,0.1368910472813046,56.14664614115755
2024-06-18 04:42:38.00,632.94,0.0013176384521519813,-0.023279188363168793,1.0001754129058233,2.25513066736652,0.5635232465900564,-0.6048280637667702,-0.299600375782165,0.005387441829623177,54.76772986761334
2024-06-18 04:42:39.00,633.9400000000004,-0.000957924201875909,-0.015795995089966743,0.9989121429792824,-0.596670524610923,-0.04354144731036391,-0.2349206616372131,-0.9347471122361121,0.04318116753560232,54.38193158063001
2024-06-18 04:42:40.00,634.9200000000002,5.6963814909578304e-05,-0.008040807780943569,1.0033126244518744,-0.382826452017766,-0.062377729331310694,-0.49706013192532367,-0.46867867160982346,-0.01436220728681851,54.112090421655715
2024-06-18 04:42:41.00,635.9200000000005,0.0002592940224456331,-0.003000816277216053,1.0000007348223443,0.0003591945485967765,5.57269938872523e-05,-0.0012876733651539045,-0.27907512258158795,-0.06234322065412022,54.00875379891715
2024-06-18 04:42:42.00,636.8999999999997,2.8616691873455952e-09,-0.0029999999998448976,1.00000000000023,8.507264053610802e-09,3.1783889075054236e-10,0.031027430185596186,-0.2273700642938651,-0.059942859213927654,54.13102225577701
2024-06-18 04:42:43.00,637.880000000001,-3.4125254178687734e-14,-0.002999999999998785,1.0000000000000002,-9.970827801607222e-14,-6.241012363533553e-14,0.0004255318731591277,-0.20949099469955992,-0.058598943528208575,54.267399719835666
2024-06-18 04:42:44.00,638.8800000000003,-5.339081271565186e-18,-0.0030000000000000035,1.0000000000000004,-1.5842926142585284e-17,-2.4630795429638343e-18,0.03154209979702988,-0.20423351052733899,-0.05897219487845074,54.39584514904827
2024-06-18 04:42:45.00,639.8600000000009,-1.307468857146722e-22,-0.0030000000000000035,1.0000000000000004,-3.892985052123316e-22,-1.955482145427e-23,0.014202603363421235,-0.20292626016178444,-0.05779094280153796,54.52976767109389
2024-06-18 04:42:46.00,640.84,-3.260064124134106e-21,-0.0030000000000000035,1.0000000000000004,3.0238360567408018e-27,2.492447319201942e-27,-0.002062175156464227,-0.20200001370192486,-0.058000661538459446,54.661543456121684
2024-06-18 04:42:47.00,641.8400000000008,-1.0052426146270021e-16,-0.0030000000000000035,1.0000000000000004,6.758887717623011e-31,1.0857505963882333e-31,0.005801907380880962,-0.20198390691857945,-0.05791104455003399,54.793352380055815
2024-06-18 04:42:48.00,642.8200000000002,3.696709984155567e-14,-0.0030000000000000035,1.0000000000000004,-1.9908803721911838e-34,-1.2968834867146455e-34,0.004033003490570128,-0.2010033019816057,-0.057999949473519004,54.9127826668632
2024-06-18 04:42:49.00,643.8200000000007,1.1637060109517737e-07,-0.0030000000000000035,1.0000000000000004,-1.8826445919894168e-29,-9.793372967884735e-30,-0.00038091884396972316,-0.20099561197242644,-0.05877950724626816,55.054492932811215
2024-06-18 04:42:50.00,644.8000000000006,-8.661273291278904e-05,-0.003000000000001048,1.0000000000000004,-2.5762322222024275e-25,-1.2191172208383336e-25,0.011285432975089672,-0.19897615999903637,-0.05698119762460959,55.182471811847144
2024-06-18 04:42:51.00,645.7800000000003,-1.9173652711198514e-09,-0.003000000023760223,1.0000000000000004,4.352029695013118e-21,2.6894324320307682e-21,0.014966681743880139,-0.199926578584538,-0.05699989803830633,55.31890975453403
2024-06-18 04:42:52.00,646.7800000000005,2.5247062777270835e-08,-0.0029996207941971136,1.0000000000000004,4.448071028367054e-16,2.3217948518181706e-16,-0.04594080040180613,-0.19984186655710806,-0.05697847784773803,55.43831681641612
2024-06-18 04:42:53.00,647.76,-3.054651777950368e-05,-0.003000029485525675,1.0000000000000004,6.603775986147202e-12,3.1663647834466355e-12,0.004999999972815288,-0.19607269750579057,-0.05508777205134673,55.55822911239587
2024-06-18 04:42:54.00,648.74,-1.447346764714673e-07,-0.002999913408507082,1.0000000000000004,-8.46453944218226e-08,-5.405190481098003e-08,-0.001021210571198672,-0.1935810919854959,-0.05337197306483933,55.68746854999225
2024-06-18 04:42:55.00,649.7400000000004,-4.119198680959612e-06,-0.002002867168283086,1.0000000000000004,-0.009746092306228483,-0.005045395026955919,-0.001249941148288246,-0.1728638499176951,-0.03932763155338789,55.81435998226508
2024-06-18 04:42:56.00,650.7199999999996,-4.8885358835298205e-06,-0.0029998974745623595,1.0000000000000004,0.1825378044062564,0.12212469070651567,-0.0022174299923245076,-0.05641007997175607,0.03509043391831743,55.94114665041492
2024-06-18 04:42:57.00,651.7199999999999,-3.2836848641563684e-06,-0.0016473164823756702,1.0000000000000004,-0.11744629171578401,-0.06554892664625735,0.009313088142403057,-0.13319114933796006,-0.014152880066676534,56.07263422262666
2024-06-18 04:42:58.00,652.7000000000007,-2.7897651391609937e-06,-0.0030011660205093525,1.0000000000000004,-0.00602850477072827,-2.350839008281806e-05,7.667147923464041e-05,-0.21381684122070488,-0.06803587827437217,56.19502004441429
2024-06-18 04:42:59.00,653.68,1.106326610797793e-05,-0.0030345064152726238,0.9999999999999862,-0.0003356825506322436,-9.429919244157555e-05,0.010572326677329144,-0.20722665544217866,-0.06331143446414216,56.320750920715845
2024-06-18 04:43:00.00,654.6800000000004,0.0003164793014717516,-0.002995986138651619,0.9999999997232585,0.1465656802667928,0.07594797915118419,0.010245919007089883,-0.10957192995885051,-0.00020070706563782574,56.452578439785164
2024-06-18 04:43:01.00,655.6600000000001,-0.0001361604728667837,-0.002818481246178452,1.0000035638387077,-0.010654965871923482,0.0009262430200432901,-0.13716680278840673,-0.13445591454769923,-0.02007861215146007,56.582488847125234
2024-06-18 04:43:02.00,656.6600000000002,0.0005269447930798961,0.007433404179304038,0.9970333767535867,3.4134234349522554,1.3952600749248023,8.325156117142857,-0.16689698435444383,0.3748585400742466,58.30721805424528
2024-06-18 04:43:03.00,657.6400000000007,-0.008847982360330917,-0.001426385789885378,0.99630883802618,-1.1213714454367032,0.08000226248438608,3.508197717987672,0.48914515134446657,0.030671726510550584,62.8823438047665
2024-06-18 04:43:04.00,658.6200000000003,0.006929775452401392,0.035405598178947825,0.99847179512682,-0.9594197412821421,-0.08677299486536029,11.435789004843906,-0.32914333848782645,0.35604065447212646,72.31450382027492
2024-06-18 04:43:05.00,659.62,-0.029962720668006846,0.017907847230223813,1.0004918003346546,0.1824989965249051,0.46294101460114084,18.551009759977187,0.6821390721014279,0.3762467603523873,83.52591610450808
2024-06-18 04:43:06.00,660.6,0.049154642975221235,-0.01333118148883583,0.9974604187303898,0.5379338201644697,1.366866159962335,6.784663510331624,0.02405040796103411,-0.10345648752875436,97.75919531988052
2024-06-18 04:43:07.00,661.5800000000007,-0.0018646690867672542,0.07694645866328756,0.9955236316190372,-3.418938263412108,0.2417530134221663,5.0553059419285304,1.8248961421043062,-0.32576084135526917,96.80438269778327
2024-06-18 04:43:08.00,662.5800000000002,-0.0006019021631719374,-0.0366157198492733,0.9986844284675185,0.2966872776718957,-0.29884951112099045,7.885749555736157,-1.0788470479141892,0.11236617628520616,103.1408801768995
2024-06-18 04:43:09.00,663.5600000000003,0.001849413518430279,-0.014944477849135995,0.996724556661322,1.0510621240626987,1.1722887540771654,-15.682434471888742,-0.26545289398429994,-0.10979042343121383,86.70823351492577
2024-06-18 04:43:10.00,664.5600000000004,0.006522061230574794,-0.019990283220478754,1.038240682704108,-10.80836293218623,-2.975287119643941,-13.077633026680347,-3.2956508485764875,-1.0521443084691444,59.60677175302026
2024-06-18 04:43:11.00,665.5400000000005,0.08126242934488151,-0.1968077341295274,0.9844751277437573,-6.026695836415034,-2.3066584106602885,-8.422599953946104,-11.766429291885537,-5.066754016808096,50.274792144862886
2024-06-18 04:43:12.00,666.5200000000002,0.11009725804045997,-0.14069606892314393,1.005617009448903,0.13430158431189015,12.93456565748712,-0.6452294389746831,-7.9183050585817965,-3.9274978075125517,46.124125617895935
2024-06-18 04:43:13.00,667.5200000000009,0.023720227732461283,-0.0051832024824891645,0.9926393602123421,8.342120087244595,0.039907748223491524,-0.1344433226659793,0.6943737091999329,-1.9013888800928895,46.84810845728641
2024-06-18 04:43:14.00,668.5000000000002,0.02943319852459693,0.046994293913331396,1.0097105807332707,-4.481135732539849,3.89821265133269,0.8411686943197546,0.9638567220173452,-1.30015490813455,47.13223219926236
2024-06-18 04:43:15.00,669.48,-0.006845469381947527,-0.011079179020869146,1.0092578295606738,-1.4456088041347979,-0.06230020828159166,-0.23307564625951047,-0.7346114757056313,0.013420089983411697,47.33586111924573
2024-06-18 04:43:16.00,670.4800000000001,-0.037879540590393425,0.03457274883807662,0.9892848999745321,-1.248681262962528,-1.2411573648728298,-10.106453962199359,1.7528958337521836,1.9836106557483528,40.85589441428387
2024-06-18 04:43:17.00,671.4600000000005,-0.0336776207912081,0.01832109277517673,1.0001816170484763,2.4788278304906752,2.901951669837057,-14.071207759637959,1.400825522969033,2.321501364974629,29.27699387800537
2024-06-18 04:43:18.00,672.4600000000003,-0.04566510879153693,0.048953892412692476,0.9952868790875383,-0.48381231929405466,-0.19074091763537648,-16.820221179056773,2.4547558023257805,2.348105802411913,13.766208517588913
2024-06-18 04:43:19.00,673.4400000000009,-0.05118120333380749,0.012184710942381842,1.0000006161673396,0.6124710513447548,-1.6324228004867634,-15.474086756189038,0.7782286153814805,2.4178515533030183,-1.378514402952363
2024-06-18 04:43:20.00,674.4200000000001,-0.023535927901125877,0.025517086742871516,0.9995640856328158,-1.25661307063255,-0.24791285110631406,-11.253765353045242,1.0786810093132857,1.293539734583432,-15.215819893137875
2024-06-18 04:43:21.00,675.4200000000003,-0.031143037279723767,0.0374088878949037,0.9939478333869867,-4.412531539067893,-4.455125685815124,-5.894042041458286,1.2196718146186531,0.9979013440319202,-24.36346565883298
2024-06-18 04:43:22.00,676.4000000000004,-0.028068540231544484,-0.02088158500726065,1.000729467193967,0.7692569649767999,2.9534467412759002,-4.792535419069005,-1.1206520961790722,2.5300130972163317,-28.639396402901802
2024-06-18 04:43:23.00,677.3999999999999,-0.005093180332867642,-0.022045589223186005,1.0219729909018231,-2.6988183280943074,-6.226974759035373,-5.574089113543834,-1.5752565552967515,-0.11597409873788664,-34.00676162833113
2024-06-18 04:43:24.00,678.3800000000003,0.009674522456067794,0.019334601224216933,1.0111037125620577,-12.030498823068429,8.031191613150032,0.31551528120224137,-0.7110063555066248,0.6532990468206237,-36.22105333143361
2024-06-18 04:43:25.00,679.3600000000005,-0.25360429992817857,-0.22332513783415103,0.9515249019658615,-14.247012415840693,7.802554982008216,0.7770085164330888,-14.894568665374662,15.85786630724792,-35.75616364335857
2024-06-18 04:43:26.00,680.3600000000001,-0.2973693885986213,-0.2532222962432184,0.9241606633793512,3.8656151221432715,-2.622042688128386,0.7761786832296489,-13.932256274071769,16.361515476444737,-34.72285350223078
2024-06-18 04:43:27.00,681.3400000000006,-0.16896592986402403,-0.126953830281002,0.9837758929953935,5.345880231990573,-8.397904488866136,0.8440591044827823,-6.747903039112619,8.439173505265918,-33.26786292565297
2024-06-18 04:43:28.00,682.3400000000005,-0.12665395011308025,-0.07787805372181907,0.9942772589516949,-2.832533876732533,3.803701255641427,0.5836054423537657,-5.357866370659444,8.337446512304313,-33.033219996616126
2024-06-18 04:43:29.00,683.3200000000002,-0.11990797121637946,-0.08896329366580212,0.9891914959783389,2.3030978880066795,-3.265444224105924,1.490447171057098,-4.809425159554536,6.359209440089301,-31.386507105282842
2024-06-18 04:43:30.00,684.3000000000006,-0.06964947865465854,-0.04679223984773871,0.9942935216263549,2.0411338425116017,-1.5551550231968037,-0.5008161417151213,-2.5192963383473286,3.9651279135344515,-30.47421216654196
2024-06-18 04:43:31.00,685.3000000000006,-0.0431617593287309,0.020145231302497933,1.0089189987133342,-0.09136644428158791,2.621123400437097,-5.212887437402104,2.768934947904908,2.79143485725882,-34.77045908531818
2024-06-18 04:43:32.00,686.2800000000002,-0.0925806093298639,0.04951572134164148,0.9925779160421561,1.988484223867025,-2.1782082034485266,3.2631536390112403,1.6435675865780432,4.758175291756307,-37.37730090148188
2024-06-18 04:43:33.00,687.2600000000003,-0.06720742362234328,-0.06360376785685715,1.0107788710795138,-3.166263108203297,2.1762428116435353,-6.792921234265758,-3.9900857348787704,1.9090773936785577,-38.754086582175184
2024-06-18 04:43:34.00,688.2400000000004,-0.14130925635757619,-0.10862294252283186,0.9926665101489398,-1.8086806279249408,0.9002547677559397,1.1748858183898483,-6.062474827930471,7.825651407863791,-35.631448203096205
2024-06-18 04:43:35.00,689.2200000000003,-0.04165654744343064,-0.1574557835461054,0.9784197825567754,-3.328162868864211,-6.3430420846859095,-10.678828514616823,-9.400718779263356,3.241374362840026,-35.67295117067288
2024-06-18 04:43:36.00,690.2000000000011,0.09258323881906873,-0.11760303797834813,0.9850323814403047,3.521910826128257,2.7588882094868428,2.035873016954005,-6.447468359521389,-4.247416232836576,-40.78523761364791
2024-06-18 04:43:37.00,691.1799999999998,-0.07921831460617462,-0.04613257533911298,0.9943241227506939,2.6163054053343076,5.58233971141618,-1.6110965357747289,-2.460374240711294,5.017111815914235,-40.00418805078695
2024-06-18 04:43:38.00,692.1600000000004,-0.1231831735655145,-0.016547743829750175,0.991368306350623,9.151971340925702,0.5642685865595725,15.62621377164071,-0.06248448110506277,6.949576631670386,-56.90432758871213
2024-06-18 04:43:39.00,693.1400000000007,-0.08428141853754537,0.11387076141173778,0.9923780887689546,-5.550437753699142,3.464173653097506,-1.4205417144781105,5.221055264136113,5.513355338324446,-22.67786526697625
2024-06-18 04:43:40.00,694.12,-0.10629491389057158,0.04144034268686412,0.990116468264546,-5.425465287285443,4.340872928676101,46.91346047342235,2.7244426667970316,5.872244174205027,-17.340025097337477
2024-06-18 04:43:41.00,695.1000000000007,-0.13862247538705136,-0.0350584772389542,0.9873044551098664,-8.606888656168284,-0.9786022994539171,4.194939403596586,-1.9545988561894272,7.658081192258108,23.64144066128917
2024-06-18 04:43:42.00,696.0800000000008,0.03722366133380866,-0.10794466190443194,0.9836293322532972,0.11459096913683087,0.2924358058228504,8.361458308093676,-5.2646913064210175,0.1933597419822076,-6.568975968950899
2024-06-18 04:43:43.00,697.0600000000005,-0.14472802309231186,-0.05676282904783475,0.9768040833273034,-5.114328433384438,-3.3731563186782982,39.91979525285919,-1.4821023883910365,7.155669312182929,33.29718311983386
2024-06-18 04:43:44.00,698.0400000000003,-0.059260060327757325,-0.01574683561966988,1.018397831163409,2.9610241017038734,-2.893916299573194,-5.13674012786897,1.7247326360887802,1.5732766914606309,36.67384907930791
2024-06-18 04:43:45.00,699.0200000000007,-0.06781752178146287,-0.0018049947832607372,1.0022432226803835,-2.105551659004136,4.0137230885995665,1.3258354682077553,-0.7651005689370601,4.470576708708741,38.15486194003938
2024-06-18 04:43:46.00,700.0000000000005,-0.0851740490657433,-0.007731668144660169,0.998452842323143,1.4320316118391332,-2.0549915004387036,-3.2673078271006823,-1.131495060713375,4.883382935330114,33.33522734528005
2024-06-18 04:43:47.00,700.9800000000006,-0.04683474556714446,-0.00029912269355067,0.9779258897371143,-2.0102732396469762,-3.0017616144639936,-7.027787078402227,-0.7402593742881347,2.0847809740432943,31.043873603467446
2024-06-18 04:43:48.00,701.9600000000002,-0.08952848769186997,-0.05169411495663107,1.012994503246472,-17.35612167605002,-8.676660059854072,21.962507860019517,-3.508084471749243,2.215045915215469,27.454044905269377
2024-06-18 04:43:49.00,702.9399999999998,0.03705101037943202,0.039477182014270626,1.0010739412515721,1.7283240273044032,-1.4899349077177493,-14.25164733042506,0.9163266352836126,-1.9045883469473535,33.07457151072679
2024-06-18 04:43:50.00,703.6800000000001,-0.00423928625771727,-0.0010115849300458529,0.9962475857893821,-5.552467710641153,6.0598483700835875,13.878886625442252,-2.244235880547276,1.39536868544213,34.17461422982202
2024-06-18 04:43:51.00,704.2600000000004,-0.07952133900149941,-0.08276329565558843,0.9955403327799289,-1.0896338935928402,1.7608614899412718,11.659123248444418,-5.001406296739301,4.326086713900398,35.396004798964526
2024-06-18 04:43:52.00,704.88,-0.0640431959947214,-0.08008992054086454,0.9982528846768154,-0.1388832184108807,0.49616364884580133,20.284630696099786,-4.872176194262523,4.220222870542064,38.41208369850595
2024-06-18 04:43:53.00,705.7200000000003,-0.06367970718441346,-0.013814984658457699,1.0035374572853382,-0.04884361379022446,1.2512709320013047,3.0324413664560277,-1.765018007211429,3.802147343943336,44.254253559237334
2024-06-18 04:43:54.00,706.7000000000002,-0.10329062098994596,-0.04849064522905125,0.9960913901540903,0.614354527389678,-0.847687620249622,-1.7942950479418038,-2.5842461167443482,5.585879787281316,45.858303356009515
2024-06-18 04:43:55.00,707.6800000000005,-0.06907111073310121,-0.027066226500463295,0.9928109039203086,0.3785105011674993,-0.5488427203178654,6.028726836478157,-1.7323713652708748,3.8533631012672305,45.55318828441829
2024-06-18 04:43:56.00,708.6599999999999,-0.0614500072134022,-0.04927036261418353,0.9995276315196676,0.029369906653868266,-0.05402720248308637,-0.069494145792876,-0.8393483013905696,4.662251083850967,56.3542912741844
2024-06-18 04:43:57.00,709.6400000000004,-0.08927337715367327,-0.015774130878990586,0.9944491132554706,0.05578505395639836,0.1401520050000915,6.286602336006302,-0.08583518907384449,5.222983734170191,67.32754211861592
2024-06-18 04:43:58.00,710.6200000000002,-0.10023376228218153,-0.007797592846064182,0.9990289593534329,-0.9756854079612476,-1.176999808013939,10.646299782920238,1.4352937181663508,6.567043032795613,83.6224574844038
2024-06-18 04:43:59.00,711.6000000000003,-0.12790638072434152,0.07770936826045123,0.9924447744919664,-5.726831935268257,-17.856252609620668,7.6833767149562195,3.798532747890412,4.273241974311692,103.06855877625617
2024-06-18 04:44:00.00,712.5799999999996,0.09738600938441211,-0.07131639980075972,0.9986636888595428,-2.0772052714995044,6.229448984962538,15.69907695908243,-3.102032472007432,-2.922081738480354,113.98667070680648
2024-06-18 04:44:01.00,713.5600000000004,0.0023341513359643896,-0.1070852959438102,0.9921640264430338,7.2188112888917155,-1.067975809916237,22.42268613075797,-3.785679188360619,-0.14034033311524738,135.42631422731998
2024-06-18 04:44:02.00,714.54,0.011510840644911426,-0.019280481827831725,0.9997433501746144,0.22467962765058158,0.061195380658847,5.407357418917672,-0.5778333010114374,-0.3164003883382477,149.11681505358223
2024-06-18 04:44:03.00,715.5200000000004,-0.0006658280011840911,0.0029474363303039815,0.9993796956727111,0.46277142393596066,-0.6899312706143442,0.28739008141581807,0.026360656282077073,-0.10039933663049005,149.04582967978476
2024-06-18 04:44:04.00,716.5000000000003,-0.000826732765102644,0.010572784059878914,1.0000339421757478,-0.03131746447476635,0.4721152161654183,-0.15697723293069218,0.35057789046756244,0.14686817738169156,149.47527569075112
2024-06-18 04:44:05.00,717.48,0.005004774735111007,0.012864474132702742,1.0014612648108576,-0.6071556632885464,-0.1587152443905439,-0.611411721169902,0.39425362873630376,-0.2914581775759143,149.74209141968038
2024-06-18 04:44:06.00,718.4600000000006,-0.2334417222741499,0.02352110289360242,0.9796393977961102,8.042176875260536,18.990584955873054,-2.228254847296822,2.8894399312261396,16.206758946016603,148.16784880806347
2024-06-18 04:44:07.00,719.4399999999998,-0.21850443777853665,0.01400704990507288,0.9733474169342913,-10.999314354390515,-15.544382839879622,-1.8125808415325877,-1.1318319551081921,9.46451377971792,146.97434794746516
2024-06-18 04:44:08.00,720.42,-0.03633986387366108,-0.10573029333267216,1.0166519536702243,20.293770712265815,10.413551892701728,1.1111506320641829,-2.138554722226408,4.439295271914557,145.84717570355767
2024-06-18 04:44:09.00,721.3800000000002,-0.27414266212772437,0.13699143232445077,0.9589081543554938,3.3269931420946026,1.3770398539061746,-1.769807253251239,7.983149661759646,15.36294511843975,144.46957745313452
2024-06-18 04:44:10.00,722.3600000000004,-0.19985223725148474,0.07492929058243657,0.9326619726715618,-20.58815861132325,-25.199182510123435,1.5025086679711923,0.8565580141614121,6.84427035599011,143.23072874865946
2024-06-18 04:44:11.00,723.3400000000001,0.07436996212154905,-0.20945907139005748,0.9537360102535982,7.8806657315260376,12.354064699479276,1.2856352440444154,-9.758721240868988,-0.5163383510233673,144.57086634212988
2024-06-18 04:44:12.00,724.3200000000011,-0.07722572671997636,-0.05519576902714423,1.0152712278791354,11.279412424796211,2.0122211163057773,1.1275189258645135,-0.9403268454264431,4.493030580185794,145.10106946206236
2024-06-18 04:44:13.00,725.3000000000002,-0.04263213501374993,-0.002581928851989258,0.9851364874898882,-9.560761507675565,-4.645073924797045,1.0216542945791074,-2.3624675735264997,1.414174643803944,146.60992700873635
2024-06-18 04:44:14.00,726.2800000000005,-0.09761875136347621,-0.04885467300892993,0.9970241061459129,-0.4154000019105483,1.8920064419587708,0.08928856522272705,-2.780485267181809,5.666763859844822,148.76460877444111
2024-06-18 04:44:15.00,727.2600000000001,-0.08497501849219917,-0.07243385427322215,0.9986987310627855,0.34913233772122804,-0.7522895701956308,-4.623366796415424,-4.077616982973652,4.364193611900015,146.24878467849175
2024-06-18 04:44:16.00,728.2400000000002,-0.09334383865551293,-0.022758084134469708,1.0019943704292886,1.8306299315324719,0.4110768641032347,-5.621528270442618,-1.2712065592644806,5.327117491943415,140.83870394442548
2024-06-18 04:44:17.00,728.9599999999999,-0.09319133953914054,-0.009958943911809688,0.9984365641427035,1.6562762440777101,-2.1070119289885585,1.2045654818992704,-0.27188674762819376,4.496650142819725,138.9421234601004
2024-06-18 04:44:18.00,729.5800000000004,-0.06738334887776479,-0.022826188770606555,0.9972375454058102,-2.4284269768053957,-0.6162495500735728,-1.2692321288306172,-1.830336588984869,3.772628120252133,137.38986315041305
2024-06-18 04:44:19.00,730.5400000000004,-0.06789847395864959,-0.040747693594798975,0.9954079319277563,1.481864151744894,-0.14242804302468065,-2.4518582307752816,-2.0771967055947362,3.846137925632319,135.9300436745595
2024-06-18 04:44:20.00,731.5199999999998,-0.0655240199892399,-0.021306889253642658,0.9982928148692067,0.2639078225474066,0.01680026447528911,-1.6396643072781922,-1.1685408117759948,3.650050361371522,133.72803993680023
2024-06-18 04:44:21.00,732.5200000000003,-0.06531023955869986,-0.02263213118671252,0.998961357799675,-0.4864408647277369,0.4386152468070892,-1.0092898378434922,-1.4186856490168196,3.8064052380802122,132.36448885781988
2024-06-18 04:44:22.00,733.5000000000007,-0.09374109644388388,-0.0746838389767646,0.9947384842521073,-6.415198068040633,3.4422926227877633,8.933504166874853,-3.685722429364945,4.645349450337588,132.4463662614191
2024-06-18 04:44:23.00,734.4799999999996,-0.0738633180635992,-0.09118275307339913,0.9942792949682409,-0.10085214991913455,-2.309065290769026,1.3805820654032548,-5.112680017615595,5.813825639181199,136.29317272574988
2024-06-18 04:44:24.00,735.4800000000008,-0.08044801938432498,0.011112853133039564,1.0006450018209363,7.53262319771123,4.356929647851607,-9.847909769141234,0.6276216395157027,5.386862161378231,134.22395920623458
2024-06-18 04:44:25.00,736.4600000000002,-0.109502041710226,0.006200432711671883,0.9959330002900028,-3.6803651024209922,-5.195349982119923,-0.5357648354758384,0.1764696404245262,4.994575496361538,129.70377081028914
2024-06-18 04:44:26.00,737.46,-0.04142606085708381,-0.04717074932055072,0.9969205062781666,-0.10961085417151467,-2.993163957788332,7.423799599901903,-2.0515033221912486,2.3240026218766707,138.34684833076562
2024-06-18 04:44:27.00,738.4399999999999,-0.027986452811413418,-0.015785676587771046,1.0000740994954922,-0.6862920388502722,0.22273390173995933,25.51559934839087,-1.0386411729908838,2.0318698971381988,173.4541004111692
2024-06-18 04:44:28.00,739.4400000000004,-0.05637126937092548,-0.03759991855976591,0.9994941669912848,0.06958778354144769,1.6507491936422432,-4.096642604732465,-2.0779651070207237,3.5257170042226145,178.27863292840053
2024-06-18 04:44:29.00,740.4200000000001,-0.08164496072130195,-0.030099372859442388,0.9980473992546083,1.5638344631549461,0.8028002525421715,-6.746112591203728,-1.5195305503129635,4.677636673295137,172.62989665323295
2024-06-18 04:44:30.00,741.4000000000003,-0.08207006635683992,-0.01993519727323526,0.997582959646781,3.3766546898134258,4.468527421140529,-4.959128797834091,-0.8724002044926028,5.063553515603876,167.16667146579798
2024-06-18 04:44:31.00,742.4000000000002,-0.08878381536916825,-0.009519560268955854,1.0173503798205854,-12.630482778008638,4.716441954353309,-1.3908262554384985,-2.7342207842505197,5.31123767685642,163.9391255707564
2024-06-18 04:44:32.00,743.3800000000001,-0.06745590589819304,-0.07318865176075112,1.0359224551116404,3.5799349747341327,-2.088772986096007,4.042694011249347,-3.1742936767332752,3.55176262969393,165.5922332234676
2024-06-18 04:44:33.00,744.3599999999998,-0.03830192297451649,-0.008755300782400716,0.9541237874313944,-3.0578623776532,-3.933674465203478,5.001843255722128,-1.10428144615728,1.7592168740891458,171.9160190312644
2024-06-18 04:44:34.00,745.3600000000002,-0.08861759936586176,-0.029083779382295644,0.9996227082379088,2.320289028306493,2.8415216205819522,-1.886984705751168,-1.325602446621168,5.453087694763331,171.73174388212018
2024-06-18 04:44:35.00,746.3400000000003,-0.0919439679594381,-0.005915680291248089,1.0221717290025496,-1.2219633419712563,-4.027429706593704,-0.4201060353245318,-0.7785974571088122,4.411908856965285,170.87615857095238
2024-06-18 04:44:36.00,747.3400000000004,-0.05604572836512417,-0.021940007243162807,1.0058001601664543,-0.43686726231048995,0.7310757895391261,-0.11207906681881098,-1.3911323820395056,3.502936755328826,170.86325941014735
2024-06-18 04:44:37.00,748.3200000000007,-0.07301393856133707,-0.023187837916016186,1.0007275613170579,1.2332041603628907,-0.6838159469978594,2.0026747462570307,-1.1123759437037255,4.014646004438171,172.4439766289883
2024-06-18 04:44:38.00,749.3000000000001,0.005158498543683518,0.014894935095500763,0.9768986250479678,-2.11203942057598,3.0347213702892266,3.9750065030102757,0.15720168887821234,0.1750584755040867,175.3393001477341
2024-06-18 04:44:39.00,750.3,-0.0774088842634172,-0.03227303285948728,0.9932957321369614,-2.979187257341953,4.397485326597377,1.5904149669099537,-2.3156562521853754,5.03445322288202,179.6501577803519
2024-06-18 04:44:40.00,751.2800000000001,-0.10319251344848579,-0.05222499695297252,0.9962646645207734,1.5195423690327812,-2.3185776246474736,-1.2831137516419895,-2.708061587880017,5.120478556951578,179.54584697710638
2024-06-18 04:44:41.00,752.2600000000006,-0.06045702441068823,-0.025104839829636363,1.0017301228513433,0.8756985208561999,1.9343375927788098,-1.883324435980808,-1.4648507614978123,3.846866660995901,178.03489298584668
2024-06-18 04:44:42.00,753.2600000000004,-0.09551977099045668,-0.04452687572205525,1.0005585504427863,-5.297344414249115,0.9848191284450635,0.15056369389272545,-2.595655073949722,5.060778225042236,176.19292978753467
2024-06-18 04:44:43.00,754.2400000000011,-0.10491277223800434,-0.12010667135826009,0.9964553006201655,0.08817223387126438,-5.594355024634139,1.6708956633066139,-7.172259840819699,6.7455225646540224,-175.4971275356923
2024-06-18 04:44:44.00,755.2400000000004,-0.1119207246802652,-0.01543530559364114,0.9958220417784462,6.52087443318999,3.5736980607254796,-9.583158895517226,-1.0579788709927649,7.093416113739881,173.48280696147503
2024-06-18 04:44:45.00,756.2200000000009,-0.15164135763829095,0.04676454724406038,0.9885841544914726,-1.8853654101517203,-1.8826975421435683,-1.2657950711667232,2.3805111626238893,8.269998952220158,170.714871374974
2024-06-18 04:44:46.00,757.2000000000003,-0.03762400397258963,-0.10941254199782986,0.9918817310590415,-6.659369418531194,-9.648610177895414,-5.244086589822659,-5.649611464804036,1.2527271647760194,168.92466395780957
2024-06-18 04:44:47.00,758.2000000000006,0.010809490999016126,-0.03955283080024556,1.0074650483237924,-0.5209668783906918,3.956965603585545,5.253500741121914,-2.698967558960425,0.7499682725607433,171.47972077692214
2024-06-18 04:44:48.00,759.1800000000009,-0.05159474936423457,-0.043498605490605184,1.0043375407572808,0.2128635325731551,2.4392279411702025,-1.9879132852437,-2.2566980877896015,3.421574353304515,171.41370009336399
2024-06-18 04:44:49.00,760.1799999999998,-0.06404904675665316,-0.01593536753778116,1.000603789022283,2.7880954510508302,-3.3331546867139807,-2.650830986857629,-0.3668807569150684,3.1265816572118217,168.91893248313426
2024-06-18 04:44:50.00,761.1599999999995,-0.08180083871103097,0.05855644482066199,0.9969047435361554,-14.223216083428797,-2.3531509017988728,2.7958610612928427,0.911282062715508,4.8222690589432515,169.1864263126653
2024-06-18 04:44:51.00,762.14,-0.029893392668055303,-0.06454386373000534,0.995392306099303,2.4306811920731346,2.5688622574513698,-1.2463117421252616,-2.5497025278888303,2.6135355386769725,168.7745930377295
2024-06-18 04:44:52.00,763.14,-0.03434671533252544,-0.019189580515312884,0.9984631785385878,-0.6976966591710925,0.6570566477594529,0.3427621725627405,-1.6981685130387207,2.0806153737717143,167.57673167950568
2024-06-18 04:44:53.00,764.1200000000003,-0.04706325572254073,-0.06884640112485667,1.0014677126789602,-8.25060198272225,2.26434453965895,-2.1287931015339754,-4.096232582605108,3.278246978133155,169.65097759173162
2024-06-18 04:44:54.00,765.1000000000004,-0.02161891327083978,-0.1794257007856581,0.9827752657693858,8.450020800720674,-3.1308586388739204,-0.058049015754107765,-8.275659429309579,0.44618373737167955,163.80978676934578
2024-06-18 04:44:55.00,766.1000000000004,-0.03878313099572987,-0.030894191588918304,0.9989587776138851,5.539849505046829,3.15760801045935,-0.42679499799684706,-1.7455142808577024,2.128598181510017,163.6078474869255
2024-06-18 04:44:56.00,767.0799999999996,-0.07399807569645911,0.023851243933768973,0.9942776822042697,-5.552472812377721,-6.043268581831273,0.014066534402044362,-0.05482865527724712,2.879965754602574,162.85366119760428
2024-06-18 04:44:57.00,768.0800000000008,-0.06666091096732901,-0.0491579936867359,0.9957711270296388,2.7049208406709635,-0.611493383664837,-3.5834763292045855,-2.0095679933103834,3.0159708530262415,161.00937475439386
2024-06-18 04:44:58.00,769.0600000000002,-0.1346605695249026,0.0462220064236267,0.9936028088826993,0.22383218297011837,2.416748500778237,7.94214900504344,2.4908579456380906,7.737413114821186,163.65504765565717
2024-06-18 04:44:59.00,770.040000000001,-0.031527650379597,-0.010428785433378088,0.9944492691583661,-4.13858507752832,-1.2454620650804313,-5.498034259345762,-0.7975898331588278,1.8287243339855148,164.6355273280884
2024-06-18 04:45:00.00,771.02,-0.07535859756332841,-0.04880795368896705,0.998429910467595,0.009959581425842148,-9.85900665842385,-2.956028538966719,-1.7890787085012558,3.610617980929155,162.93515183397366
2024-06-18 04:45:01.00,772.0000000000003,-0.014641079097350632,-0.06933085398865818,0.9939035884839269,4.998217889362205,11.409653196875844,-4.907741489521797,-3.072321040775703,2.4266939165689023,159.81789550199906
2024-06-18 04:45:02.00,772.9800000000005,-0.10877991020751024,-0.03737858703704511,0.9970161830208533,-2.448721905683879,-1.6764566836012202,2.157077765806564,-2.399709676734188,5.401009739214476,159.1836025920078
2024-06-18 04:45:03.00,773.9599999999997,-0.09934795349250836,-0.14116301456718344,0.9819255475106452,8.559264795994629,-6.541390494038081,-6.538400824898895,-6.376706169992627,4.3116173286537975,163.04030824199103
2024-06-18 04:45:04.00,774.9399999999999,-0.04893208681757576,0.0740208604345543,1.001213885551705,3.107521702957532,1.4205833257534444,-2.8277237768681935,3.3523480949404707,2.974556880857313,160.3128919743994
2024-06-18 04:45:05.00,775.9200000000003,-0.05868484320059226,0.016376041405351222,1.0021017771944896,-4.338896526152743,1.4626918781254925,-0.2879228652402435,0.0831154871289548,3.6259142956244004,158.62933035204026
2024-06-18 04:45:06.00,776.9000000000003,-0.05667769607495388,-0.021838422079363536,0.9992105576969211,1.520368829995199,1.298768770804437,-0.3258866337518063,-0.7507980438897641,3.3999433517881523,158.1048252983216
2024-06-18 04:45:07.00,777.8800000000017,-0.0815241761435999,0.00013370096896721427,1.0001119892781574,0.7639507084508059,0.9053022420918965,0.42921133713099535,0.056225178006295964,4.690706103025953,159.91413809935753
2024-06-18 04:45:08.00,778.8600000000007,-0.10575121678863249,0.06154441214257048,0.9965321082452429,-0.8444499452240353,-2.4790975235190413,0.40329387691114005,2.8818640881740625,5.352539022360991,156.53548623066388
2024-06-18 04:45:09.00,779.8400000000001,-0.06051358821427327,-0.01665226115068167,0.9943095138763104,4.615493736747304,2.612482836357937,-0.11150322444508068,0.29996120412503113,4.018597842366019,156.78220958141827
2024-06-18 04:45:10.00,780.8200000000008,-0.06312068152929842,-0.004217482682423767,0.9430949062069753,-15.247257998614353,11.02616550787936,-4.65441596388459,-2.7058401182124383,5.749834423376564,155.1358227135682
2024-06-18 04:45:11.00,781.7999999999996,-0.14275417191247833,-0.15208130144760085,0.971760022562003,12.849597866665379,-2.4910425749899328,2.4836753739885133,-8.463875430110294,7.083540843026961,151.73666643256624
2024-06-18 04:45:12.00,782.7800000000004,-0.1008637185556061,-0.006922000879060036,1.0049503921405636,5.440686241698975,-5.024353123593562,-0.13648287566480963,0.41713876793826127,4.622070858197604,152.5685680170002
2024-06-18 04:45:13.00,783.7600000000004,-0.05422236592061609,-0.007292809987096644,1.003977299646236,-6.9707936677153155,2.1352673108016234,-1.4179914903134778,-1.97572005246981,3.7501227313017833,151.04247524501022
2024-06-18 04:45:14.00,784.7400000000002,-0.0664743597739692,-0.0795903912933303,0.9903816732273657,1.4698522976488324,-1.229975586366592,-0.7617988978436466,-4.12583646606517,3.6910618273339986,150.02507728452454
2024-06-18 04:45:15.00,785.7200000000014,-0.04740453505990448,-0.01832954299212092,0.997583267407721,2.4522419216453164,1.8451732257857811,-0.8606027404848581,-0.7312259954137942,2.95557330819112,149.35114544289218
2024-06-18 04:45:16.00,786.7000000000003,-0.08220582096953692,0.02398973446248312,1.0025201118349754,-2.822193188677085,-0.12114570086111243,-0.5942783984020671,1.6650418114972039,4.942693547566614,150.6839646667617
2024-06-18 04:45:17.00,787.6800000000004,-0.09723653579178967,-0.08469787051881686,0.9967981495646816,-6.572106657661332,-7.195108367397969,4.7970519310506585,-6.202363031546918,5.697339339291618,153.4589737841735
2024-06-18 04:45:18.00,788.6400000000006,-0.07494844118356932,-0.06892318259942098,0.9868325413291478,-2.0804866318045403,-3.63970550901721,25.57729880637475,-4.1993245178648975,4.3111505907350836,144.63067833031212
2024-06-18 04:45:19.00,789.62,-0.0421142040215002,-0.07570534967204308,0.999322705295531,-1.1961927971290847,-3.0895624659932737,-31.997844790770284,-4.463122911199779,1.505045968550858,32.93633129004025
2024-06-18 04:45:20.00,790.600000000001,0.007656152400279091,-0.050308317260724336,0.9988772831392032,5.131174124655498,4.519276040472677,-44.95056109627252,-2.215416579223412,-0.08469893273991808,137.96679663195388
2024-06-18 04:45:21.00,791.5799999999991,-0.04054226630334207,0.022139943056635213,0.9859472917135954,-1.167085404441451,6.248641061825929,-16.847747177401555,0.5233616747989664,2.910412550243654,101.60390851873981
2024-06-18 04:45:22.00,792.5600000000006,-0.08392267322092109,-0.06545588572282987,0.9949292888396439,-0.8203184448841562,-1.9386392694690167,-55.80431520589154,-4.510299590314578,3.2686568186898173,67.75155800712572
2024-06-18 04:45:23.00,793.440000000001,-0.016665593931272635,-0.07948532603916152,0.9966505647378131,1.7024995442390116,3.1603460617504004,-49.65564640659352,-4.163187515784313,0.6866607391484588,19.31759616495394
2024-06-18 04:45:24.00,794.3600000000007,-0.07317511606342342,-0.06765308786368156,1.0064802401158959,3.7619403966764304,2.358283490077521,-4.738797436147965,-3.1965490953338884,3.9892254602831643,4.043269538271867
2024-06-18 04:45:25.00,795.3400000000003,-0.09881313627203736,0.0028963955444181373,1.0093571684877767,6.376005926959782,8.315993323374101,0.2838435503723057,1.1993350991317908,6.752362276833963,3.460006939161275
2024-06-18 04:45:26.00,796.3200000000002,-0.1027025936107364,0.030360053639633705,1.0025173323034002,-11.139213435476831,-14.146582436734581,6.131959355852013,-0.8646282239521831,2.9383783050762804,6.22073646358471
2024-06-18 04:45:27.00,797.3,0.048225455341793115,-0.09524134329991626,1.025576220710548,4.140268175771038,7.504064707278148,7.819338116260487,-4.072215859607659,-0.13063402492793733,12.050527275883631
2024-06-18 04:45:28.00,798.2800000000008,-0.006443192187486873,-0.03853663590906905,1.0112662284060994,1.8240784073727982,4.151767441066299,3.8522092139472295,-1.8797816262289644,1.238099292563332,17.13453479023191
2024-06-18 04:45:29.00,799.2599999999999,-0.05027828078082084,-0.009289955078661663,1.0052411365618614,-1.5614481184925324,2.25325965226129,43.55812441461176,-0.39010171486933926,3.190277280243242,37.89442446567297
2024-06-18 04:45:30.00,800.2399999999999,-0.0414522905657848,0.01141301014578778,1.000476576951192,-3.5831233333911565,-0.8304068522993712,49.61034351257673,0.587800404128961,2.471647891262076,84.21331083294736
2024-06-18 04:45:31.00,801.2199999999997,-0.046854566159738244,-0.015095307267031736,1.0018541354811847,-4.075427111683246,0.2870357733956059,52.56073309889411,-0.7361627792881785,3.1576730188498483,135.37281937649615
2024-06-18 04:45:32.00,802.200000000001,-0.06262599232497734,-0.07106019119373452,1.010920545608132,-3.6864640469716097,1.8275701043364243,4.831157074930243,-4.5186460231920575,4.25178650873929,158.28266918304692
2024-06-18 04:45:33.00,803.1800000000003,-0.003334634517251642,-0.06974773419879712,0.989825516757963,7.561297097080305,1.9219044532427387,6.9605496164342995,-2.5713081845049355,1.059993242320774,162.5823946390206
2024-06-18 04:45:34.00,804.1600000000003,-0.027841165154511717,0.012359491858970886,1.005526369626745,4.248969278087038,3.867144900062746,-12.410245049084368,0.029455441869800245,2.241060448831357,166.45213770872428
2024-06-18 04:45:35.00,805.1400000000006,-0.09553056717828501,0.04305288206526046,1.0029845543963098,-1.6620253328450034,-2.014037031897184,-1.2456471203502908,2.2360179361769084,4.752657614293232,156.28175248474608
2024-06-18 04:45:36.00,806.1200000000007,-0.07679894077948095,0.05580301181706929,0.9986528353027279,-6.258810537821844,-2.3071151144403648,2.267298865895009,2.35017454066137,3.9681311420439878,157.59621943771964
2024-06-18 04:45:37.00,807.1000000000005,-0.07872538429949912,0.04326309156248136,0.9915961881888851,7.0404766980664,2.5971502824574166,-5.221946102027417,2.4764344390696773,4.57903999808217,154.8016268580646
2024-06-18 04:45:38.00,808.0799999999997,-0.07548514939578851,0.08624924495094129,1.0001409496461178,8.984336095193385,5.941033565051609,1.74576503670591,5.474428707882214,4.928314148569522,152.9333656029281
2024-06-18 04:45:39.00,809.0600000000006,-0.12441360476320851,0.09014399995790995,0.9863869927974761,-10.554667916585371,-1.0176778179708128,-4.043712445730099,3.4287112211033532,6.87156971799576,154.47811143792205
2024-06-18 04:45:40.00,810.0400000000006,-0.09130943290044795,-0.1620582703337896,0.974931086546726,-16.2047906024482,-3.9334251418682893,-2.955105315724397,-9.58772235598597,5.765195376996887,151.3019528261431
2024-06-18 04:45:41.00,811.0199999999998,0.019826741185551756,-0.36807532952912336,0.9356302174827034,2.3454859741539633,-3.615944048513165,-6.082111016751201,-19.577296159953477,-1.2075300764950068,152.29732714814057
2024-06-18 04:45:42.00,811.9800000000005,0.01969240865201942,-0.24229991345658525,0.9723008980955579,10.662819813912215,5.46625940201075,-4.190382107268168,-12.50331223430365,-0.2240918970544232,151.0066776820789
2024-06-18 04:45:43.00,812.9600000000007,-0.04859221131617672,-0.09191602282987366,1.0002185805026762,1.2546097225588444,1.9516662857834957,0.4169478696452325,-6.0462899819380365,2.5084872083047838,148.12265240697022
2024-06-18 04:45:44.00,813.9400000000003,-0.06934837125821967,-0.09928861726302335,0.9945783397579145,0.47921002414817193,2.1132141409065825,-2.679173666363713,-6.261092104244022,4.022408990376808,147.9268009608241
2024-06-18 04:45:45.00,814.9200000000001,-0.06984964634770319,-0.04263490776593584,0.9918973118063549,5.606929692185553,-3.6727003976021417,-2.17376448252537,-1.9625145321656405,3.025043318342889,145.57942531232538
2024-06-18 04:45:46.00,815.9000000000002,-0.05821291067383171,0.09064652164598469,0.9940545153223981,9.246260742591865,2.76291446621818,-4.280726097576222,5.618782374906846,3.6941087994980384,143.22627293952803
2024-06-18 04:45:47.00,816.8800000000007,-0.09965773869981566,0.2763236376840007,0.9737968550055576,3.343879996688781,1.7132036013128265,5.571011345035547,15.199210569171822,5.404505984329608,146.9570013437037
2024-06-18 04:45:48.00,817.8600000000002,-0.10613578540235058,0.21125485819496181,0.965125420534588,-11.92099629335802,1.7652814071114917,-4.438494549796005,10.25869481049719,6.7299379858742245,146.5904407977743
2024-06-18 04:45:49.00,818.84,-0.1260532462126585,-0.10922333469358558,0.9773854430899708,-17.217109332037282,3.4092156312885034,-0.031241250643980797,-6.996929817773264,5.301636965826243,146.50031648515173
2024-06-18 04:45:50.00,819.8200000000011,-0.021436492478787903,-0.12745898117176682,0.9774117423911759,19.27676581266874,-8.634310983667007,-7.789423441722374,-5.962508809554642,0.1344778118086617,146.50562428772827
2024-06-18 04:45:51.00,820.8000000000002,0.0006737308019757748,0.0003480482326386949,0.997107272868854,-1.7884924215172204,1.0345052232154455,36.51093401100854,-1.144311958532155,0.3533067033070099,144.20408759784982
2024-06-18 04:45:52.00,821.78,-0.07211911042101216,0.017958004837225285,1.0022153287778317,4.87443873477988,1.0407887805350005,-21.89971116149404,-0.3636989924348362,4.406375066571054,169.17582965840077
2024-06-18 04:45:53.00,822.7600000000004,-0.1336199135185083,0.16976467826905572,0.9867683842646187,7.350903792436656,0.0031697339377179112,1.7237151766838832,10.375074438058531,7.303643319375844,165.55474029639336
2024-06-18 04:45:54.00,823.7400000000006,-0.11033535904966285,0.12463807241786076,0.9827337697616713,-19.40132654526655,-2.260423192232217,-4.133404223623913,4.982448338090539,5.91241630537683,164.14875167749258
2024-06-18 04:45:55.00,824.7200000000005,-0.08856377441642092,-0.23480422717676488,0.965020470930842,0.877076068344371,0.5460492814511516,-4.861844084434692,-12.286482652107997,5.183211947352712,160.48320755589245
2024-06-18 04:45:56.00,825.7000000000003,-0.11790933815330988,-0.04386340449843069,1.0053272050219737,10.337271566258487,6.980287938832459,1.9629019693462293,-1.2637944528000278,7.470845363269394,155.49070353202916
2024-06-18 04:45:57.00,826.6800000000005,-0.1396576493468364,-0.015794023588183586,0.9966762159708403,-7.9852077857880115,-8.54563577015262,18.01697640770975,-0.641672660466596,6.838440967606018,162.08759335713233
2024-06-18 04:45:58.00,827.6600000000001,-0.0359877756660972,-0.12758818401626604,0.9957385019603474,0.976179927867237,0.18261675327526167,1.0682077647599715,-7.8729813410266285,2.479741712205272,166.57481292269998
2024-06-18 04:45:59.00,828.6400000000006,-0.03404210904649334,-0.21682870144424507,0.9888351250888852,-10.357904691744444,0.6411264159827613,-2.9849198898981837,-14.036841984129017,2.2593786942018754,162.95854045407228
2024-06-18 04:46:00.00,829.6199999999998,-0.03373885194119736,-0.26785575830426817,0.9497953665174207,13.722484222271108,1.4952761481069143,-2.8267222717673466,-13.382259993827969,1.9027400212536738,159.36514093590847
2024-06-18 04:46:01.00,830.6,-0.05744884405713492,0.020185766808843063,0.9906580645216132,-1.638785472514844,-4.501493290663623,-0.19712078114760112,1.436824698953243,2.8960935621943147,161.526603132774
2024-06-18 04:46:02.00,831.56,-0.01941625890721466,-0.03941065978835945,1.0149851721513798,-9.420424787278716,-1.2419070744894136,-5.540423493092947,-4.668041023588867,1.2275065110615029,156.64921505474092
2024-06-18 04:46:03.00,832.5400000000006,-0.02177258270966886,-0.13405012681596612,0.9853873112174425,-0.852306190838163,3.172572798873546,-1.2775723145437938,-7.741993149909317,2.1479498800817303,154.44117583272939
2024-06-18 04:46:04.00,833.5199999999999,-0.08095788023759558,-0.10334385417131894,0.985776330333311,4.4296801836276645,1.2173717241307276,1.2930643806813278,-5.19892729988822,4.717773623362114,155.2344555153575
2024-06-18 04:46:05.00,834.4999999999998,-0.11123571420192577,-0.03404102504278289,0.9987543522866416,5.476994174562703,0.8622532300091004,-4.99968333845885,-2.7318470164318764,5.4986998125708055,154.36333460689002
2024-06-18 04:46:06.00,835.5000000000002,-0.11598116098329188,0.1752595042953493,0.9835409980589447,6.921378054161865,3.9467451417359145,-1.8583896848787993,9.875128814745917,6.587016651056642,153.35720276182394
2024-06-18 04:46:07.00,836.4800000000005,-0.1241973207841594,0.13663142494554834,0.982043457581637,-7.6357531784162544,-1.0711689115500527,-1.4960488106276753,6.702925818929567,6.785881533743008,153.74331742271974
2024-06-18 04:46:08.00,837.4600000000002,-0.12278499070054602,0.001176353252713739,0.9882647895026755,-6.538889637259773,-1.8638418549600961,-1.5060748325516744,-0.27727958198139585,7.087681941500132,151.2314772373446
2024-06-18 04:46:09.00,838.46,-0.07772478595734897,-0.10473066189778739,0.9880428296103863,-2.6997453696969584,-1.3187846912613927,-0.7100820614066776,-5.353303785546674,4.576068395284702,149.86732814348778
2024-06-18 04:46:10.00,839.44,-0.06537390457198886,-0.07349060333541549,0.9928973323778612,9.070786693360517,3.3599432064674093,1.3425670531033402,-3.0319309659749765,3.0370235666343444,149.82300360860296
2024-06-18 04:46:11.00,840.44,-0.01415492316604601,0.07604457510232089,1.005195895644245,-1.007307096370719,3.8878689846611043,34.84790082693333,3.2466122742413925,1.0639737895537358,197.32837774705584
2024-06-18 04:46:12.00,841.4199999999994,-0.07277382610265462,0.03824704787358864,1.0015960547007887,-0.48815525090477097,1.336312689684761,-2.94590925566738,1.7427690821837662,4.42775654086045,-174.03134430250148
2024-06-18 04:46:13.00,842.4000000000005,-0.08385081571693734,0.01553774594453937,0.9911740492088968,-0.6535612640588778,-0.6228188155767749,-7.17158259997122,0.8013727123468581,4.33662081527257,-94.85392078788031
2024-06-18 04:46:14.00,843.3999999999999,-0.11766461629104626,-0.025289378447346092,0.9956094444470841,-2.178038915181594,0.8337330806635608,5.033319154328315,-1.1774365001798877,6.346657878658971,-204.94299530020294
2024-06-18 04:46:15.00,844.3800000000011,-0.0588058712282409,-0.1200401085004765,0.9920449869830081,-2.7608089180458792,-5.517510039188428,-5.391894078659938,-6.3212989386085265,2.4360635737630725,-176.58691351622093
2024-06-18 04:46:16.00,845.3600000000001,-0.06409323253814661,-0.07147938527603015,0.9906387015079638,5.904282744112484,3.8456698006654504,-15.496195410900192,-3.6545988776984912,2.6383905231950697,32.82649939755184
2024-06-18 04:46:17.00,846.3600000000007,-0.058554289024431105,-0.0015980387387095668,1.0000336418076292,3.7229081568809153,0.7478035068108446,-1.7548178732010684,0.21765305317652375,3.0765675045596472,177.52303182939568
2024-06-18 04:46:18.00,847.3400000000003,-0.10101875002540785,-0.0075345676169185725,1.000448104876426,0.054478808207645876,-1.3441805060476297,0.9859351832989497,-0.6018283982009018,5.508974009508468,176.69570964759797
2024-06-18 04:46:19.00,848.34,-0.07148770035104247,0.0134181035471189,0.9818155253914439,1.060631618599056,2.1627566137016685,26.283545158231252,1.0015360336148649,4.42763917173584,-157.27723090823693
2024-06-18 04:46:20.00,849.3200000000002,-0.08311408586927226,-0.037223448933676115,0.9977866120121774,-11.128038377726948,-0.3377651875136946,-21.327467742460176,-4.26222494429347,4.387309236411611,-162.40058010018993
2024-06-18 04:46:21.00,850.3000000000008,-0.008872461138972713,-0.11685985476784283,1.0350255340507892,10.317760752166306,9.370229625735437,1.4731371021434438,-4.042852163954987,2.7245203069120842,-167.81761732024114
2024-06-18 04:46:22.00,851.3000000000006,-0.08710580084296557,0.05064965496482635,1.031483928284852,5.747145256195027,6.565905248986499,1.3928989291464466,3.3575005215575304,5.551445936511813,-165.59359844373475
2024-06-18 04:46:23.00,852.2799999999997,-0.0884845030974404,0.05179615556440942,0.9905046254314813,-5.386805483802289,-4.7383673415924195,-0.12092912217555277,1.6009399962466442,4.317386775741404,-165.09303890861568
2024-06-18 04:46:24.00,853.2600000000007,-0.09210422543787268,0.0475289841123972,0.9999898667488551,2.3230593890519553,4.476834361481414,0.6400852920353083,3.0942384386014865,6.200034085408058,-166.572040687576
2024-06-18 04:46:25.00,854.2600000000009,-0.14698786388738752,0.05391259908600763,0.9892830930809805,-4.322497384878362,1.4923157254271784,-2.0196612530493847,2.6680960161000824,8.45028258944995,-168.6485120717117
2024-06-18 04:46:26.00,855.2400000000008,-0.17136895218770043,-0.05096567778766656,0.9855824617516445,-5.5337711134216345,-0.32409847106588907,-1.1707234140637246,-3.199697666728381,9.61695772631179,-169.3723101810337
2024-06-18 04:46:27.00,856.2399999999999,-0.10005132453700377,-0.09279937245096202,0.990837336071791,3.5694329660218633,-4.994770145267051,-2.742384753616037,-4.246910221560214,5.185469252662378,-171.8916029089464
2024-06-18 04:46:28.00,857.2200000000004,-0.039455200795216284,0.003329401561354503,1.011148934324052,5.766954708235777,-1.1113426994357647,-1.491929489687478,1.7659677114123515,2.5539797035266325,-172.0806921061496
2024-06-18 04:46:29.00,858.2000000000003,0.025228303632836225,-0.016526962932996988,0.9948024704787269,-5.964618577741674,-4.145259167454231,16.49424286223114,-0.6966295460390121,-1.3810600221999305,-170.93299873592358
2024-06-18 04:46:30.00,859.2000000000002,0.01849119475368457,-0.05274976607814855,0.98761629966755,1.7109724818322747,3.7926401018670646,-11.36764906464412,-3.3603897129136904,0.6877996503490224,-172.63694901215138
2024-06-18 04:46:31.00,860.18,-0.024793456462797486,-0.01726764058289133,0.9989973627841647,-0.14823925311128294,0.6764873178543358,-5.836758336758581,-0.9486636934531175,1.062623324267792,178.41170981366932
2024-06-18 04:46:32.00,861.1600000000003,-0.044892787336419625,-0.062800843845667,1.0082923334211984,-1.9803607043556382,-1.5495799707626772,2.9712588802124875,-3.8149627127701895,1.2140494549032452,171.01174105702543
2024-06-18 04:46:33.00,862.1400000000002,0.002921724597789493,-0.2362881516117427,0.9818413308107358,-8.601124215534927,-1.3248705147355926,3.3053565750334077,-14.642083407558012,0.2391143942671887,-174.09686599012085
2024-06-18 04:46:34.00,863.1199999999994,-0.0252946435777037,-0.22402532531283034,0.9615524273924346,12.187989850048064,3.9216708475969138,-1.1269902445555988,-10.861736043277443,1.976081422445241,-175.6488585249149
2024-06-18 04:46:35.00,864.1000000000001,-0.060899672829284296,-0.038465993884511676,0.999111227505965,4.36940757319502,0.3665255994407501,-0.6428865910653534,-2.1658474684694977,3.2625753231674954,-175.87236894714235
2024-06-18 04:46:36.00,865.0800000000003,-0.10514281558035593,0.04965504070364092,0.9715663601231821,0.9192136750328208,4.323916869299359,32.52104155454115,3.2992276127305535,5.3108399707744525,-164.21341440351313
2024-06-18 04:46:37.00,866.0600000000001,-0.14765844278457646,0.08164048766636368,0.9905134528470361,-8.199669283275144,-2.1838589773210373,-2.2570424950126227,3.0387015162289783,8.10031400959769,-162.32536066648208
2024-06-18 04:46:38.00,867.0400000000001,-0.06287087045637986,0.0003887798016378068,0.9948496865086378,-2.883613488146459,0.22101180920563096,-1.744000964509772,-0.47630665823982526,2.866291346122395,-165.3170496098765
2024-06-18 04:46:39.00,868.0200000000006,-0.09136350979823031,-0.0398523557399949,0.9930226310124393,0.9658758863537963,0.6166986069348452,7.154246377339343,-1.5362712695758405,5.480681773495472,-161.26419196492455
2024-06-18 04:46:40.00,869.0000000000005,-0.11308254720848372,0.03425471107960258,0.9486373910386794,2.766109789223531,0.029375510583548925,2.589279324532093,2.500734432321523,6.582756589109412,-156.10533257243986
2024-06-18 04:46:41.00,869.9600000000004,-0.13486618542681397,0.036224188757547404,1.0027591965845837,1.8525859520831722,9.810810845031504,-4.809392291347199,2.348891674358858,9.331022567422519,-156.40404705961487
2024-06-18 04:46:42.00,870.9400000000013,-0.07515649635338037,0.01251807820189356,1.038127285962761,-1.1253864810490575,1.2453564435093973,-0.38669349050419055,0.31206752661982096,4.41283401020509,-157.97957045605366
2024-06-18 04:46:43.00,871.9199999999998,-0.04376458518226669,-0.025649496057660183,1.043825554438781,1.646011852980796,4.199864118189387,-0.6500093345296409,-1.2018673628707497,3.6571382599513083,-158.95530248087408
2024-06-18 04:46:44.00,872.9000000000008,-0.07089749357276234,-0.027101547481335694,1.017757818288135,5.586794140524346,9.72683403093985,-0.7254044757652978,-0.22228135076797972,6.264847380858535,-159.01418793324342
2024-06-18 04:46:45.00,873.8800000000006,-0.09546714278506374,-0.005840353173143927,0.9883929081306498,-2.294574443662472,-4.67865756123634,-0.0659316904299658,-0.5993020386236592,4.982418612357987,-158.98351329840747
2024-06-18 04:46:46.00,874.8599999999998,-0.0726626923036332,-0.018064267996663032,0.9984613474876884,1.3436935743554812,4.3718170897510475,-0.5408158675982372,-1.0747378997993016,3.8375580767499082,-159.3141963978794
2024-06-18 04:46:47.00,875.8400000000006,-0.09388829564920792,-0.016093787012745116,0.9698966232945625,-3.1537291025965244,-9.076779301296668,-0.1773830921589673,-1.1255722635869874,4.364964526620627,-159.4549018333603
2024-06-18 04:46:48.00,876.82,-0.0756176548993074,-0.03443460300813697,0.9691418021328886,-2.3666789088370774,-9.236703694720529,-0.22446570197729537,-2.5872382780138143,2.159758275620721,-158.85422371293376
2024-06-18 04:46:49.00,877.8000000000002,-0.006907815939081848,-0.19069128392532797,0.9987877017260144,-11.740616578518614,4.926980693616836,-1.2285167591504427,-12.141931665039852,1.5103382335869802,-157.78602533790897
2024-06-18 04:46:50.00,878.7800000000008,-0.08073566614072258,-0.13366149386317144,0.965533276137205,7.42866402428784,-6.381508157041346,1.0708966701131508,-6.017011303944145,1.3613149013337627,-156.88341851819914
2024-06-18 04:46:51.00,879.7600000000004,-0.09527703737856069,-0.025511949160920186,1.0069390528908255,-4.02545055710155,8.120320180150017,-1.7829478607245077,-2.6112018781753426,6.585935632438764,-155.4720201871133
2024-06-18 04:46:52.00,880.7399999999993,-0.18655895010113677,-0.1320062089293936,0.9818728211562018,-3.494966227861788,-4.345182266344889,-0.9417620508738423,-7.993085778205191,9.332456311535877,-157.18322980618098
2024-06-18 04:46:53.00,881.72,-0.11292426806196877,0.009044962590372258,1.0010766903875803,15.814464293953083,4.925853154221982,-4.830646862903297,2.413160202041382,7.659390756291466,-157.55124277639985
2024-06-18 04:46:54.00,882.7000000000004,-0.13912412008412087,0.13477716990728983,0.9991316316140574,3.0263679245037522,2.684964917424936,-6.00271317680292,7.567917827408934,8.429941407452459,-162.92639581848067
2024-06-18 04:46:55.00,883.6800000000006,-0.07610243381262505,0.02417349105228381,1.0201513677643002,-2.554096841239308,0.9531466291713118,3.8878053406799173,0.7593642924295856,5.35322517950833,-163.12036961197816
2024-06-18 04:46:56.00,884.6600000000004,0.05541305558922347,0.020448454539923725,0.9806240004656057,0.2891604875708913,-11.407220198187819,-8.076691203807579,1.0814124384788486,-4.683260648425969,-158.72389715395857
2024-06-18 04:46:57.00,885.6400000000002,0.0821726592732415,-0.09909995139997357,0.998143883930047,-4.7534108933181995,6.5075740424268504,-4.34172031790084,-3.2331252256264063,-2.4736129454453852,-163.7106826299785
2024-06-18 04:46:58.00,886.6200000000005,-0.019051077764940926,0.03645680064680096,1.0125428824605156,10.4208406224692,2.2989985644695357,5.434900456033263,3.6906355517198097,0.9661191091904412,-161.16109308026012
2024-06-18 04:46:59.00,887.5800000000013,-0.06672083469600572,0.10963873707673927,0.9986928833455947,-4.537769562331438,-0.7139877066889694,1.3336484280822276,5.286750891023548,3.2404818416127372,-160.03897166662776
2024-06-18 04:47:00.00,888.5400000000002,-0.06255506136784429,0.02726224919423759,0.9972409962435431,-3.323280432731532,4.306945850022336,-1.238945160399584,1.4419431072492865,4.130955450289071,-160.87608714236168
2024-06-18 04:47:01.00,889.5200000000003,-0.14548127479757794,-0.002981091569174149,0.994531057043393,0.6662286601042845,1.8696864035863394,-1.8751373396260995,0.24569644273251035,8.373633918583705,-163.01080200296644
2024-06-18 04:47:02.00,890.5200000000011,-0.13751363398241528,-0.0029196177816259022,0.9960641693829275,-1.278528706893335,-5.871585853469431,-1.1946329536972773,-0.09975438243667614,6.794979654661727,-164.0145728207599
2024-06-18 04:47:03.00,891.4999999999999,-0.015472120465230391,-0.1652124876981406,0.9866446899319105,-10.420624584767554,-2.422064741879429,-8.336467105225918,-10.127805002004353,1.5925799079354295,-166.1752800167799
2024-06-18 04:47:04.00,892.4800000000005,0.034190169491134646,-0.2144027367760477,0.9731751711448353,2.8330232963261177,-2.3006219567675528,-3.123593350792036,-11.778584885347362,-2.384236321119722,-168.46604315313138
2024-06-18 04:47:05.00,893.4600000000002,0.015826194419227092,-0.1428535343728873,0.9861595374107998,4.684233216191458,4.466585964922415,1.0478345081253573,-8.220472100361256,-0.30277355869031675,-169.49499251896
2024-06-18 04:47:06.00,894.4399999999998,-0.11549182398205042,-0.06637012347600055,1.0013658793107183,0.4377719439481406,7.308260614764622,7.673115246911953,-4.772617288029812,6.479607140148724,-166.05107474334898
2024-06-18 04:47:07.00,895.42,-0.1266074570421312,-0.04034588913593365,0.9868746385591908,5.884247087759333,-2.979149032260936,4.698217077183428,-0.9985053518961243,7.18205361636692,-161.42453680866402
2024-06-18 04:47:08.00,896.4000000000005,-0.07613883869217718,0.019695015294091043,1.0019175297078278,-6.806678301543556,-2.623243402086635,-10.139829100901872,-0.7715050241518456,5.315178604411109,-162.4904613983335
2024-06-18 04:47:09.00,897.3800000000007,-0.05676892577329894,0.044079544065238306,0.9972051130084391,8.201824673246271,9.238352344175365,-6.944603653242507,2.5312577070253606,1.5375991899186845,-171.67086062366982
2024-06-18 04:47:10.00,898.360000000001,-0.17031404365104172,-0.02385582345147219,0.98718498615381,3.1902131936517444,5.43733205341358,-3.0301145273260577,-5.327642901998254,8.179668128429688,-169.4178066043509
2024-06-18 04:47:11.00,899.3400000000006,-0.14596779164141985,-0.0002587593563289437,0.9956503693136054,14.688124662985626,-8.091321953527649,0.8619275124531369,2.9504664534344753,7.034506290784801,-173.27950077047566
2024-06-18 04:47:12.00,900.3200000000005,-0.10389542013835655,0.22608643669889916,0.9827184600501497,3.4616679313843113,-2.734683192202665,1.0710855521439584,13.006178187038696,4.943809304640108,-171.7144784242397
2024-06-18 04:47:13.00,901.3000000000002,-0.06439320959141812,0.12221878889168891,0.980232022552155,-12.99928496860507,3.1053732393544005,-0.5305271279322191,4.899747268136023,4.596222396295083,-173.75861081795017
2024-06-18 04:47:14.00,902.3000000000005,-0.13143750232613502,-0.19103085319067914,0.9580247694130797,-17.598305128160458,2.298661788032673,-1.1038525329385935,-12.484824039311,7.773954307605765,-174.545138035415
2024-06-18 04:47:15.00,903.2800000000005,-0.08111314106563804,-0.3227790552418909,0.9465333453194643,15.454638785278142,-2.29987393408754,-4.691120452639361,-14.975390406502116,4.445318970108715,-176.63626821238503
2024-06-18 04:47:16.00,904.2800000000004,-0.05869204875776437,-0.027070513218293513,1.016691686938109,11.646365569917636,0.1797696374241382,-0.28846060598836093,-0.1814327323038053,3.4279525137864666,-178.20409086261188
2024-06-18 04:47:17.00,905.2600000000009,-0.07194879348778158,-0.04905164415618547,0.9957062300077781,-16.993909829540645,-3.8434203208906546,3.565499545215906,-2.790172907878991,3.0966556438122272,-178.16205950534248
2024-06-18 04:47:18.00,906.2400000000009,0.004208101795438334,-0.13324236330040207,0.9949266903267161,-1.534407467549835,-0.6253440563315639,-2.323593695365613,-8.056649976078175,0.2203637137502934,-175.4164305251464
2024-06-18 04:47:19.00,907.2400000000005,-0.01937044849314299,-0.19091426802159187,0.972600556171223,-18.101173378276396,-8.349620702194605,-4.027278006234029,-14.574034810575823,-0.803334545012245,-176.22426917701307
2024-06-18 04:47:20.00,908.2200000000003,0.19996832172105047,-0.21044148076196179,0.9501543966165518,3.042967204035724,-12.560954328035375,-5.310367745704792,-12.02609049830161,-12.806704664203473,204.97292728970206
2024-06-18 04:47:21.00,909.2200000000009,0.21208170641389035,-0.17229913910930497,0.9590358113160428,-4.266718334649116,4.056993086390273,0.27984573858785955,-11.074146645505069,-11.1275266179553,178.76692296983435
2024-06-18 04:47:22.00,910.2000000000004,0.08911663592907601,-0.3519854732439092,0.9536807065541115,-1.7685140955946619,0.07500665500115189,-3.8095767537049507,-19.895425049281737,-2.436884498720021,-178.44797984349233
2024-06-18 04:47:23.00,911.18,0.1315398971796309,-0.33696007578694026,0.9351570719775113,-4.01317416999513,10.414469085622677,7.548512669025257,-19.991322989545104,-6.844727685144688,-170.68049144638633
2024-06-18 04:47:24.00,912.1800000000004,0.15341932150428095,-0.2706583103397222,0.9397727529588678,10.989440743156571,-0.9693323345323416,-9.650385562277288,-15.031819761732176,-10.248166264318902,177.22301929145857
2024-06-18 04:47:25.00,913.1600000000009,0.07353373191567411,-0.2775095871409545,0.9531546674270667,2.635540231221472,-9.31131439325463,-14.552503545165768,-16.26769646238189,-5.183450732485166,-94.62446162686032
2024-06-18 04:47:26.00,914.1599999999999,-0.03591904827481216,0.004590863726839693,1.051191193742274,34.03340236562379,37.36169450699461,4.356574020779818,5.592181187084558,8.992016690636943,173.78678854296447
2024-06-18 04:47:27.00,915.1400000000009,-0.5344854668612302,0.47591556663478646,0.7152583202393654,-0.9221306795329358,-7.067900087686931,4.903789438078892,29.078554246407776,25.528671911819437,176.6481649288062
2024-06-18 04:47:28.00,916.1200000000005,-0.36668258704041806,0.37656177898765136,0.8630477485662171,-4.699287451285688,-3.3050400001644804,0.4362114202544516,21.75213124876472,20.192405376925166,177.95409074977152
2024-06-18 04:47:29.00,917.1200000000003,-0.07037249038828537,0.1419372077220028,0.9526153555864887,-23.797237160361863,-20.21521061418903,0.9985384632635963,2.889747474917034,3.7170291724992146,175.64467358205894
2024-06-18 04:47:30.00,918.1000000000004,0.008394837206861518,-0.14354377830383086,0.9807840051199938,2.9319910178532167,9.21885925768955,-6.317996663686798,-5.968620999283044,2.0620437063014654,174.1303881959945
2024-06-18 04:47:31.00,919.0800000000008,-0.08581327679522999,-0.03241067435141037,1.0274487288539689,1.053085841246527,-2.076966303368591,1.281069377894286,-0.5161734261702542,4.29441380725234,171.32246874491375
2024-06-18 04:47:32.00,920.080000000001,-0.02562097228860089,-0.09023740847916824,0.9533110033642379,-0.9174613407707648,-7.005110717264458,0.5856739551105005,-5.296281391515039,0.7925503230618818,172.77089242211107
2024-06-18 04:47:33.00,921.0600000000011,-0.12484382268164781,-0.008586745646166932,0.9627751697246757,-0.6981931504232927,-9.958112425841744,1.0731033698107213,-0.3234052712113146,5.561230324330664,172.11131604937836
2024-06-18 04:47:34.00,922.0600000000005,-0.03863948174881898,0.031430536332087214,0.9708518779291433,-5.225733177553054,-8.684602175718002,2.5485752841136113,0.5782987760171266,1.2722188615454342,174.180062738766
2024-06-18 04:47:35.00,923.0400000000001,0.04176743623262856,-0.0616902113232283,0.9993081351316079,-7.971759135869189,11.15160326236224,-2.284009225597277,-4.690406248204076,-0.19498342760735782,173.78732296385857
2024-06-18 04:47:36.00,924.0199999999996,-0.11875467381996828,-0.10738532628245359,1.0107259429669833,6.194660012345271,12.311821159668307,-0.8590094315527328,-4.072384654014552,9.337886888347752,172.36022785110663
2024-06-18 04:47:37.00,925.020000000001,-0.1536245554078876,0.002825701295953709,1.0214819268553457,-0.38056051917418515,-10.821386160302403,-1.1213764341127477,-0.20411147349553999,5.717120037698527,172.2530545391055
2024-06-18 04:47:38.00,926.0000000000001,-0.04347553782097339,-0.04020029638414798,1.0061711830177835,-2.843535918288674,-1.4960066241683454,-1.3136887434722986,-2.787743524546948,1.9409793088722476,170.64568703394053
2024-06-18 04:47:39.00,926.9800000000007,-0.11237335338820062,-0.03756578741943516,0.9754129274652608,-1.1958089899066573,-3.490217018170635,-4.0993285442871645,-2.7155731829409464,5.503380701810821,169.36306952984052
2024-06-18 04:47:40.00,927.9800000000004,-0.04460040908290358,-0.06504817084425786,0.9999716729358618,0.34004727669188156,-5.218162225155913,0.8080065337897323,-3.6422183190567923,1.8174735395922381,166.91905044533473
2024-06-18 04:47:41.00,928.9599999999998,-0.09089745523685984,-0.07291257572815067,1.0020498973296939,-2.3491980640563375,-1.5961937244246458,3.9069714974477847,-4.44761666953397,4.690388389793305,169.8556767915549
2024-06-18 04:47:42.00,929.9600000000006,-0.14555981325427575,0.010500054613151058,1.0052693399021724,11.01586865466421,7.37158380581465,-6.252581665562284,2.3668939247990686,9.66677973025422,170.64873872515346
2024-06-18 04:47:43.00,930.94,-0.1312043273044452,0.051686974217764484,1.0167388203011203,-4.338773230830927,2.731470875825421,-0.0024574852561280447,1.6648596732463243,8.256677759366594,169.4801063998915
2024-06-18 04:47:44.00,931.920000000001,-0.061940175196496035,-0.010503017660252944,1.013709049008902,2.9632576340442007,3.7865901483342874,0.5908077709889009,-0.05351275964242606,4.435575001615737,170.98593591319244
2024-06-18 04:47:45.00,932.9200000000004,-0.04989928048391136,-0.01708511250732984,0.9947711988015792,-1.4901858018559093,-6.467484867391094,2.0499748255709087,-1.2739082471291787,2.0079846202686684,170.53551297946927
2024-06-18 04:47:46.00,933.9000000000001,-0.009895555414174997,0.024723168405259448,0.9971135383560885,10.10066727709401,4.020999715402336,3.7365264685401565,0.4265613548041514,1.1642538817664088,173.65172681403328
2024-06-18 04:47:47.00,934.9000000000005,-0.09954525427566857,0.05011559930427219,0.999088978895272,-8.257750042333063,4.4178452494443965,-2.4111790412077356,1.513780701298995,6.147178599292044,170.3179767068309
2024-06-18 04:47:48.00,935.8800000000001,-0.14801503280259312,-0.20674940372718822,0.9717224026466,-11.412611682588773,-8.980710123083217,-1.9531268879130674,-10.579745840560713,8.054866725999215,168.44496565489231
2024-06-18 04:47:49.00,936.8600000000009,-0.07622674112368824,-0.22396706532923513,0.9749388292268832,2.8053997246468394,-7.087439418226798,6.892157041114403,-11.463738199445745,2.3984531402235088,-167.78600570447344
2024-06-18 04:47:50.00,937.860000000001,-0.030243501660424218,-0.03769536041572128,0.992629152001514,13.441069602281095,-0.8935090923892788,-11.278665122277552,-2.937542108037357,0.9592229818257113,-163.90106391876643
2024-06-18 04:47:51.00,938.8400000000007,-0.06432432881366186,0.09180637016491001,1.0010465036106606,4.2972788733713205,5.47262996058212,-3.827627089659847,4.94943387470862,4.4915608582885085,-175.65337226408496
2024-06-18 04:47:52.00,939.8200000000007,-0.16723744651481579,0.05849224410378578,0.9841759910438174,-9.773264926025139,4.203935136273482,-1.2414925507196155,1.8203088823114617,9.338554122395415,-175.47179974876906
2024-06-18 04:47:53.00,940.82,-0.11476977259127565,-0.24082382772067848,0.9699564912745887,-15.093742182561062,-15.099651785216592,-0.5874409883758067,-12.134501028031895,3.571338651177665,-175.84280965968603
2024-06-18 04:47:54.00,941.8000000000009,0.032486376931183766,-0.2620090141628206,0.9669337517817812,4.499298706685364,1.105868941261761,3.184890435887031,-14.02368095408377,-0.45076508705438484,-176.18555360721078
2024-06-18 04:47:55.00,942.8000000000008,-0.018097456071865456,-0.12920939640528686,0.9884469161270661,7.1704212386521196,1.9786779237017593,-2.235187851551255,-6.9551753037084945,1.1536436590622778,-176.023540256309
2024-06-18 04:47:56.00,943.7799999999997,-0.04465309999356079,-0.02809304874227987,0.995951448967139,3.4800665220336415,2.197029772547815,-3.089642936082437,-2.078242959423061,2.4707424846936163,-180.40409829876938
2024-06-18 04:47:57.00,944.76,-0.06581531635732805,0.04342438949974749,0.9943116579107414,6.149330392639648,-1.6197955683626017,-0.3875122718802432,2.7391266548566047,3.1932073419987828,179.53942801494685
2024-06-18 04:47:58.00,945.7600000000007,-0.0679277599423369,0.1932543551379782,0.9707840788048681,4.119680718480295,4.76302176635604,1.3235641656978554,10.785346445276106,4.441691463674091,-178.29288757132989
2024-06-18 04:47:59.00,946.7400000000011,-0.13300361683622267,0.27498966081660275,0.9505789214371217,-0.04032224574444221,-11.39600655817345,1.731463468451055,12.679466225000782,5.411854341321211,-176.5709705879366
2024-06-18 04:48:00.00,947.7199999999999,-0.013787126381506773,0.14905004437627456,0.9897192791231408,-4.747154568961113,2.0416808140588376,-2.9298595061110295,8.351047059096887,1.4989023575703666,-177.79976868685574
2024-06-18 04:48:01.00,948.7200000000007,-0.05133665102286027,0.08197300515918882,0.9991942281975705,-0.13733048588563748,0.6068991179208585,1.9727113032585684,5.623955681692978,2.9913039671326964,-178.06063252099096
2024-06-18 04:48:02.00,949.7000000000003,-0.09071032730921574,-0.020485632790504207,0.9975314731538971,-6.83890865869022,-4.376455269075414,-0.9706896026737409,-1.732672760807125,4.303438222565125,-178.10104195180685
2024-06-18 04:48:03.00,950.7000000000005,-0.048233743712730266,-0.080128591169592,0.9966239678423673,0.4760415227939815,1.0739198309587754,-0.6132683551732631,-4.090509791120044,3.019940145427018,-178.81151400742755
2024-06-18 04:48:04.00,951.680000000001,-0.06405784969971023,-0.06151929204799565,0.9963150074676876,1.1127737736705738,-0.10715021226685849,1.1735709538887618,-3.271089989736721,3.627200963631899,-178.4899200392745
2024-06-18 04:48:05.00,952.6600000000007,-0.049467605992722784,-0.05006182310150422,0.9912704671349731,1.3096060080087792,1.8184988207920985,-27.017292837963055,-3.592080679390722,2.9176842752088934,170.4406042914278
2024-06-18 04:48:06.00,953.6400000000003,-0.08170407133317785,-0.03396854652174718,0.999441205304562,-0.5873917088322377,0.44892918124853687,-37.525519145005674,-2.1051677425257234,4.072221703022631,153.20898042282968
2024-06-18 04:48:07.00,954.6200000000003,-0.05383495113149996,-0.05521452836774892,0.9977795778797932,1.8401252759454658,1.3465196932584838,-47.113181918499,-3.398823197134627,2.510175425600156,110.23253710363323
2024-06-18 04:48:08.00,955.6000000000009,-0.03732074837298133,-0.025508899275796755,0.9977111664706182,6.628860410570329,0.7878089752717465,-22.78300458547884,-1.007640479630602,1.777952022635629,67.48222152279618
2024-06-18 04:48:09.00,956.5799999999999,-0.009972968465061861,-0.005712944398254573,0.9998490420544182,0.76005023923451,-3.0446990103837557,-10.754987290588245,-0.4657721199362609,0.05760962639958016,55.81751118199684
2024-06-18 04:48:10.00,957.5599999999998,-0.015252727969131378,0.004784595597861002,0.9979672867458919,-0.06277916063011979,-2.222150021324253,-5.626532883981523,-0.20541037281966912,0.3018453794765759,42.70181870845084
2024-06-18 04:48:11.00,958.5400000000005,3.688683503078021e-05,-0.004262855363176135,0.999623915954805,0.09868042583378842,-0.06943776832706192,-1.376264931326002,-0.21736910828801795,-0.04903211321228673,38.92196343722967
2024-06-18 04:48:12.00,959.5200000000006,-0.0020018974855878966,-0.0023477096840095104,0.999731216730873,0.07323386187572256,-0.004683797939603917,-0.0012978773359609772,-0.20963966362950207,0.03890635984128946,38.90890312757833
2024-06-18 04:48:13.00,960.5,-0.0012618377879393997,-0.0010006352447971185,0.9999938814468713,0.012873190270993557,-0.0032010813457166625,-0.00693859345935276,-0.10650410947163474,0.0642732241253984,39.00695898683903
2024-06-18 04:48:14.00,961.4800000000007,-0.001834154545915066,-0.0009550962760509869,1.0000002620835522,0.0293362431752105,-0.01645713507080745,-0.013490442826066538,-0.08053352205793912,0.08305090069797129,39.128914955921516
2024-06-18 04:48:15.00,962.3600000000007,-0.0017986321615446501,-0.0008006970868289846,0.9996402712256353,0.12650880213454657,-0.05991760581581528,-0.009077202497716971,-0.07575176426377508,0.09935142517125124,39.249319554900325
2024-06-18 04:48:16.00,963.3400000000009,-0.012855363798733446,-0.03244659130456826,1.008219893792791,-11.153795647143095,3.5576521973309947,-7.374400688634771,-3.676923973911725,0.9630967773743269,38.19293091514257
2024-06-18 04:48:17.00,964.3200000000011,-0.050156186372605174,-0.05587015401949073,0.9987896012145664,5.181149155779265,2.2059372234917403,-3.781536459496858,-2.0554681206655196,3.2023715042389007,30.283335370058236
2024-06-18 04:48:18.00,965.3000000000009,-0.008421021854222546,0.007575700554580233,1.0002186480613346,5.303908058419998,0.10999122499859927,-2.155346277039744,-1.130448605726119,0.4208831079611057,35.41703977153139
2024-06-18 04:48:19.00,966.2600000000002,0.0020477585062744024,-0.003598092443237343,1.0009892607792885,-1.5193857867518956,-0.7488564043747027,0.07607980466975886,-0.2785987351536353,-0.5520685471589766,31.269587221596723
2024-06-18 04:48:20.00,967.2400000000002,-0.014114900524469063,-0.1406303858161434,1.0036189154788042,-25.44475329233745,4.93927617776088,1.345050644608154,-12.329710949324127,1.5497190622548938,30.046485130911755
2024-06-18 04:48:21.00,968.2200000000008,-0.09136135138232546,-0.32237390817836664,0.9332759185186394,15.818686567203052,11.840218075609004,-12.591509895017358,-16.88176816890909,4.6122312987003555,28.47215276046643
2024-06-18 04:48:22.00,969.2000000000014,-0.0633071342238383,0.0017589185197310472,1.0165762173043256,9.594321271082658,1.6444077333692066,7.112236723541956,0.3615394364490904,3.0256170194849945,33.47956365055758
2024-06-18 04:48:23.00,970.1800000000003,-0.18048712969155056,0.14702950650029104,0.9664364665415603,-10.256676993109961,-3.8778839199223434,9.23544543344526,6.101150804210275,8.767007932512474,46.21453549478676
2024-06-18 04:48:24.00,971.1399999999999,-0.1436059806691965,-0.020266878187798765,0.992856000752126,-14.418151165159587,4.1217823145638555,0.8355799192586053,-2.105436831451461,8.917469954379182,50.08181446656552
2024-06-18 04:48:25.00,971.9400000000002,-0.168822773557617,-0.05048790715024729,0.9900712386332847,-7.30038826596795,-4.661583463323026,0.047063918899651926,-1.5643450394080816,8.931147733896013,47.40710373718185
2024-06-18 04:48:26.00,972.9200000000008,-0.14739208837897097,-0.08099871585208451,0.9940580155993453,-4.714834966672503,1.9396941216083143,-5.708646167005782,-4.738255137003694,9.139685609369305,46.52147940689356
2024-06-18 04:48:27.00,973.9200000000008,-0.08301686146286125,-0.09783031707458748,0.989378062487382,0.8290305828763667,-6.999392858766055,45.71353682410147,-4.597674480255937,4.719513976390789,72.79567414928898
2024-06-18 04:48:28.00,974.8999999999999,-0.06351162255294249,-0.025904292501055963,1.0039189691511274,0.8851967371267444,-5.680920746067872,44.744285708396404,-0.5590578587561148,3.60719770279301,119.572758385564
2024-06-18 04:48:29.00,975.900000000001,-0.08284394174589571,-0.03359293582725856,0.9853739732277185,-3.2403030112436273,-4.031233797373599,54.04588369981435,-1.3381712416656677,4.653745406906088,161.67211262204447
2024-06-18 04:48:30.00,976.8800000000001,-0.045618808694210616,0.004243845375577004,0.9937333759463368,5.71063504880974,5.162056606930341,6.567121737520655,1.216873910716851,3.7252790539390266,-151.05818921372878
2024-06-18 04:48:31.00,977.8800000000009,-0.12212204269436015,0.05096654754398248,0.9984088328102813,-2.303784260627857,3.4879107440044894,-10.055397152664995,2.250978547545868,7.926851154756109,-157.35331197873847
2024-06-18 04:48:32.00,978.860000000001,-0.13930996241680452,0.03532577392272713,0.9847715915209263,5.586893032891779,-6.582024722634413,2.2811316515211004,2.209383544824831,6.532090719612793,-158.16182121230386
2024-06-18 04:48:33.00,979.8600000000002,-0.020036014967438183,0.059731367399534975,1.0051913564857518,-0.5962067367922115,-5.124866434520203,2.5215178840929955,4.349882075638338,-0.363625259673975,-154.8867003975923
2024-06-18 04:48:34.00,980.8400000000005,-0.022300036280173463,0.04519952260426702,0.9953219925544984,-3.649036246671087,8.686214329671852,2.0392608545314745,1.9898004943139036,1.6246695353337526,-154.33279789558483
2024-06-18 04:48:35.00,981.8400000000005,-0.037990473843315595,-0.02180980400408269,0.9991161195130724,2.6422306270129723,-3.320190723375499,0.30181940446409794,-0.4252565398257695,2.5984948292814174,-154.50375924331212
2024-06-18 04:48:36.00,982.8200000000006,-0.15271162794177567,0.1003358030319915,0.9933256250418574,11.899800170537917,10.895179196581887,4.345865097300708,7.870908461594286,10.076514964810368,-151.7510535372937
2024-06-18 04:48:37.00,983.8000000000003,-0.27492985770417855,0.2515076846811959,0.9175234606541021,-14.173562686346353,-19.328656571251745,7.58970283007929,12.403954686839908,12.09599312976493,-145.64553548338412
2024-06-18 04:48:38.00,984.8000000000002,-0.032531832618302496,-0.02910813001695755,0.9737417010959454,-7.2912832725786405,-7.54629245405081,-0.14707336341501595,-1.9338973291753245,2.2250658127045533,-142.69531864373607
2024-06-18 04:48:39.00,985.7799999999997,0.08171597055530368,-0.20038159921674678,0.9759610722889556,0.4257316804717621,13.229136960266139,3.5631456633405136,-10.441093834552154,-1.939452639014765,-137.47033065261584
2024-06-18 04:48:40.00,986.7600000000007,0.029242355548661916,-0.08073211174177221,1.0119539221499094,-1.7356624270120367,1.904086032567894,-1.6411084701133496,-2.6727149199096334,-3.512490549577241,-138.63811386245553
2024-06-18 04:48:41.00,987.7600000000008,0.08391561075027755,-0.1634795881349749,0.9920741048760259,-7.610403510595517,-4.420642849564618,0.4419151545674695,-9.86003193388125,-5.633526042114766,-143.87936110599247
2024-06-18 04:48:42.00,988.7400000000004,0.07379684949316966,-0.2542403643978134,0.9711868788980382,-2.0195498507279006,4.052121918042601,-8.450625207597088,-14.298092701042073,-3.339040020550355,-141.4025539493401
2024-06-18 04:48:43.00,989.7400000000006,-0.046429886086946925,-0.2205458623444761,0.9687380988005565,5.763920409364746,5.3987571503363405,22.088687029573368,-12.148799880657734,3.6666089054434474,-141.03961827160478
2024-06-18 04:48:44.00,990.7200000000007,-0.09355041372356229,-0.12487890002391797,0.9880156634683132,14.4977025815068,-0.9103565880236075,4.6703767801029885,-5.687614909412697,4.977527370433527,-140.3983459916623
2024-06-18 04:48:45.00,991.7000000000013,-0.018054436548728386,-0.0053701713645677215,0.9972288791476687,7.380085471583461,-2.8875689755886365,1.065153165480965,0.04964818058893186,0.7609236028552412,-144.2578465709829
2024-06-18 04:48:46.00,992.7000000000004,-0.056986384469363244,0.07197033309492055,1.0001797859787298,-4.217646580761243,5.418544816024081,1.9036333453784262,3.4134017491886617,4.427147675594119,-136.24113524632335
2024-06-18 04:48:47.00,993.6800000000006,-0.06530249506265204,-0.021702919252634702,0.9981112772205852,-1.1671827398644332,-0.39783433183842976,3.4599306687842315,-1.2372282850120788,3.693544086282183,-133.3493742320316
2024-06-18 04:48:48.00,994.6600000000007,-0.2015781339543683,0.03212856004140369,0.9846499836062113,9.623004276606887,2.074363090727422,-3.4442461511564226,3.543782444689565,11.377730690417645,-134.30994727012512
2024-06-18 04:48:49.00,995.6400000000009,-0.1608251762743668,0.03686992746927148,0.9932229382001253,-6.758517369333149,-8.534326396718077,4.114207172207972,0.9381207748218626,7.279446705120583,-134.31976736174622
2024-06-18 04:48:50.00,996.620000000001,-0.05990408815423939,-0.01893859962108722,1.0095713490677791,1.6983608355901767,3.7905930674824377,4.595076801068398,-0.02688152184976338,5.194097168726102,-131.23682969536637
2024-06-18 04:48:51.00,997.5999999999999,-0.0682756850118572,-0.025744047015201395,0.9695601134312307,-0.6810589993893281,-4.20183385384998,5.888028603490645,-1.468869854747873,3.1248756210898296,-125.8025596330008
2024-06-18 04:48:52.00,998.5800000000006,-0.03039057811552079,-0.0177328098546417,0.9951173941544195,1.250874188423254,1.0133502496840205,0.49127407437895626,-0.6036909062572167,2.211618343702064,-122.88493686135241
2024-06-18 04:48:53.00,999.5599999999998,-0.09419254521832271,0.008903727671189196,0.9933232754637619,0.38434140408497897,-1.6240124947404428,1.7847131147387796,0.5513845788621682,4.912694514221313,-121.79015758250323
2024-06-18 04:48:54.00,1000.5400000000004,-0.03909729946382912,0.00031420732740807553,0.9970578880689497,-3.9520322940208086,-2.2667820549501285,-0.07113945319675329,-0.646002304674173,1.9520532382432019,-120.43862575866369
2024-06-18 04:48:55.00,1001.520000000001,-0.009943788016940017,-0.05077754703256021,0.9970718406723381,-0.4998486371591311,1.218180576117197,-0.4918316123354174,-2.767495584149189,0.9997492883513204,-120.47702175352723
2024-06-18 04:48:56.00,1002.4800000000016,-0.03644433549010717,-0.039266350191612634,0.9973507159626829,1.3551876175968405,1.7191041712936044,-0.33161575266545623,-1.912781303060156,2.419114797071989,-120.7918723057938
2024-06-18 04:48:57.00,1003.4600000000016,-0.11492437400830924,-0.02790189558392667,1.001432920509245,-0.4635109086184395,1.5337721772773776,-0.20546947079712877,-1.749545710673489,6.462138369808372,-121.32847522410262
2024-06-18 04:48:58.00,1004.3800000000006,-0.09001054938352594,-0.03709735982958547,0.986066226648175,0.2564247414173559,-4.758308210755574,-0.15823028735124142,-2.05034232925274,4.268080182146775,-121.24453555659596
2024-06-18 04:48:59.00,1005.3600000000005,-0.051056540823328285,-0.0870231207562212,0.9983734164206731,-10.99558189323313,6.703648974053066,4.977968138779894,-8.472083253579465,5.353979118143156,-120.58385035103964
2024-06-18 04:49:00.00,1006.3399999999993,-0.1344829232947621,-0.20882078811407584,0.9563889893483077,1.9040884811269405,-5.143827149412537,-22.924259387351608,-13.328700841856381,5.220230931955062,-119.73418589436079
2024-06-18 04:49:01.00,1007.3000000000011,-0.05462076983295547,-0.12302165381315174,1.0030288060444401,11.773471738468249,-3.750219733482033,1.9412818621269468,-4.968331073266391,1.35407126099526,-133.89065630845283
2024-06-18 04:49:02.00,1008.2800000000005,0.0019138582780109865,0.020387336861634166,1.0056274145905786,1.8651620780526423,-1.0244050385484738,12.210133565411887,0.8883732892949977,0.7569910061225927,-119.26355876772442
2024-06-18 04:49:03.00,1009.2600000000004,-0.13896517989774848,0.026369497108747156,0.9963678363812424,7.172010062010131,8.711228319257934,13.91070475012725,2.9571854887107523,9.503178750099451,-106.18771613086585
2024-06-18 04:49:04.00,1010.2400000000006,-0.1985421718957115,0.08309970703738362,0.9820433002620054,-19.81975056241117,-17.434970285468737,3.204708902709647,1.712858803222438,7.673588486172294,-101.23776511983972
2024-06-18 04:49:05.00,1011.2200000000013,-0.1266291338210123,-0.019881192265275863,1.0016110216391159,8.92873363672916,5.876541038610564,3.682727375671832,1.5084607313800267,8.872616480835564,-99.64169686904928
2024-06-18 04:49:06.00,1012.2000000000006,-0.027752064542890226,0.017152941082613105,0.9700235587298616,1.6346030490074643,2.5499286616896586,6.385606180224136,1.2592940602414255,2.6944088108073663,-94.07750914034361
2024-06-18 04:49:07.00,1013.1800000000005,-0.15339649870134844,0.10181463101771546,0.9596382064387212,-2.609540485332332,-3.9718089434973574,4.266457597426551,5.245415380819629,7.742126116419606,-90.4933718837381
2024-06-18 04:49:08.00,1014.1600000000002,-0.027534616780261933,0.023969332785416266,1.0272805167782186,-19.347109461635522,2.4116424011353805,1.4140541942769698,-2.242636814514346,2.3038125881860623,-86.9472961514338
2024-06-18 04:49:09.00,1015.1399999999996,-0.04570582755305608,-0.09253253774490554,0.9956860118388721,18.91811789667529,1.9894770175514618,-2.287645842356509,-1.7311090127722588,2.8920448288395106,-87.73447386598616
2024-06-18 04:49:10.00,1016.1200000000007,-0.07811879703084607,0.06658546514099749,0.9971067319134471,-1.4308507068084064,-2.3286697920936317,1.0228963241521305,3.036959151373831,3.8521657998479313,-88.20343537151298
2024-06-18 04:49:11.00,1017.1000000000007,-0.0691475479357199,-0.007871442536161023,0.9993823432550747,-3.6235535774520606,-6.6532414250974385,0.2150391083573121,-1.02664988727752,2.7992696372042105,-87.77330471184462
2024-06-18 04:49:12.00,1018.080000000001,-0.04601732054976097,-0.07727346104126355,0.9936441030299111,-1.5919697235316663,-3.1222757944737083,0.20460897384006255,-4.446690591131642,2.0437355374992348,-87.25138738494486
2024-06-18 04:49:13.00,1019.0600000000012,-0.062422827878164736,-0.06768915677864495,1.0262017884554218,13.199490479250393,15.144004953397502,-0.9113568913569011,-1.6611358636348015,6.7387352714738755,-87.08918355106593
2024-06-18 04:49:14.00,1020.0400000000002,-0.13627572064825244,0.025339356667515814,1.014249448878922,-10.560563192083933,-10.518190965317809,1.064379928492582,-1.8373375068911217,5.6020225328918265,-86.80020783942302
2024-06-18 04:49:15.00,1021.02,-0.010336641324188765,-0.10263577923890595,1.0151446681945,9.860617111974598,7.853704298397998,-0.274144671270471,-3.442169366279493,2.3960124247473282,-87.09673252334052
2024-06-18 04:49:16.00,1022.0000000000003,-0.035416114376970176,-0.013034439245953586,0.9881503090006517,-9.104769515015372,3.8631479094247703,0.5879618525460562,-2.1576213131443343,2.4210472534439,-86.57585878849828
2024-06-18 04:49:17.00,1022.9800000000005,-0.058490489408524256,-0.0721941072961729,1.0123623756029594,10.585021353707027,10.336007194043203,-1.872667481347795,-1.5960241392982517,5.622811005258441,-86.27143571135157
2024-06-18 04:49:18.00,1023.960000000001,-0.11417744628730567,-0.0006999463959133992,1.0033695473982667,5.126055360715403,6.320048713066892,-1.1481391510877206,0.7142443051985106,7.464523978418996,-85.80413952380319
2024-06-18 04:49:19.00,1024.9400000000005,-0.10443128167114213,0.011131379487447522,0.9898201509280795,-11.093096021655825,-9.750843504839478,2.401140292480303,-1.4009103070638667,3.904682678422406,-85.04370245152894
2024-06-18 04:49:20.00,1025.92,0.0057116157512826695,-0.04862335682073693,0.9848284027589869,2.2528757326572104,10.05046536930744,0.04495468598306751,-2.9682140035437548,1.451509290817235,-83.78842615575881
2024-06-18 04:49:21.00,1026.8200000000004,-0.09771484585405066,-0.0258586243681462,1.0177725420410562,5.332663815967251,13.62946968057326,-2.1765238172142647,-0.4173435396890446,8.17133800795164,-83.62784383125653
2024-06-18 04:49:22.00,1027.5000000000002,-0.20203381937519202,0.03957888549536704,0.9864736608059979,0.14198799208465318,-4.905136225375554,-1.8206570739135857,2.072868878226957,9.801856801075083,-85.26690595806076
2024-06-18 04:49:23.00,1028.24,0.00939136444718897,-0.08309522313468379,0.9912746278230642,-13.899939968973325,-8.017758845384199,1.0291248756125817,-7.146537684261977,-1.2203023643919109,-84.13451094635083
2024-06-18 04:49:24.00,1029.12,0.043289297667992346,-0.1986915278640949,0.9825503089322376,8.945044182350285,2.731639376010839,0.6608849922421137,-9.26471917677918,-1.0939410837582462,-83.90013608535317
2024-06-18 04:49:25.00,1030.1000000000001,-0.056824234997513025,-0.04620770748464409,1.0091759051451297,15.091069085512094,-5.737692752042787,0.06862764071915436,-0.8457671648069489,2.579188996362359,-83.97944631176719
2024-06-18 04:49:26.00,1031.1000000000004,-0.11822379843210357,0.028148172745840416,0.998568420653009,-7.023550435286221,1.0752954152498575,7.6998859185113,0.3789401233846458,7.042634970615614,-82.17168436219015
2024-06-18 04:49:27.00,1032.0800000000004,-0.036714725119307054,-0.08891805882162321,0.9722056243947913,-2.059319874285853,-8.462455534303299,14.430191801500769,-5.263245768089704,1.9355093001130113,-70.53995739769042
2024-06-18 04:49:28.00,1033.0599999999997,0.044837132597316406,-0.2336501595891545,0.9844083190453177,12.111741849176099,13.110953303943319,-31.378693405887642,-10.252982414848645,-0.7174552172863033,-81.09080600008105
2024-06-18 04:49:29.00,1034.0600000000004,-0.08013529602025948,-0.02672570681247949,0.9791259002433189,2.381856747734195,-4.927096596990907,-24.68596314071254,-2.2675912872839126,2.9137511299074497,-117.04106617225337
2024-06-18 04:49:30.00,1035.0400000000004,-0.011190661070602423,-0.012276753354684648,1.006885769628815,1.3577533080558446,0.3872623014035258,3.0235790956349873,-0.7623686917727814,0.728317086559682,-121.79134338331518
2024-06-18 04:49:31.00,1036.0400000000004,0.0004207429937122552,-0.020387547242622983,1.0004012727076517,1.630427300909167,-0.4888156312289919,2.088683589343728,-0.8999191910826722,0.06780919486441221,-120.59823583625324
2024-06-18 04:49:32.00,1037.0200000000002,-0.00041490791477818533,-0.0067723226076597835,0.999983459396198,0.011022340662929557,0.41223320522117335,3.198126202372225,-0.47728431106026625,0.18806321741110013,-117.69603205966193
2024-06-18 04:49:33.00,1038.000000000001,-0.028935115907262776,0.0011600658568054858,1.0016759584878843,0.7879866520599144,3.8057968313153334,0.7588064146990567,0.15741118157042883,2.233710565791848,-115.34651997430973
2024-06-18 04:49:34.00,1039.0,-0.09955519992809345,0.006062075978262065,0.9960153876724879,-0.509943402322506,4.58524190412533,-1.366584397136884,0.25005682005205276,6.172005245267369,-115.70534958091679
2024-06-18 04:49:35.00,1039.9800000000005,-0.1401358929445348,-0.015383177983337562,0.9912627960398878,-1.528951726980865,-2.293088186210447,1.0612927751225842,-1.045320617603955,7.312352558106731,-115.66443431262796
2024-06-18 04:49:36.00,1040.9800000000007,-0.10240197393771569,-0.03854618525350926,0.9930322832984991,-0.3920754727522285,-1.1602715925709242,0.8924237610511316,-2.163095184734907,5.695057771891077,-114.11862850284115
2024-06-18 04:49:37.00,1041.9600000000007,-0.08639956398066219,-0.03644548670052617,0.996578669210116,0.3139975412010583,-0.08747933055501032,1.0454561586000743,-1.960571647481768,5.079155213313342,-113.11154610129411
2024-06-18 04:49:38.00,1042.9400000000007,-0.08296828481210804,-0.0359578916937856,0.998001923553352,-0.15153213089503706,-0.2810316149743865,1.0248403500878744,-2.0936252418237293,4.789765816298189,-111.9647083709144
2024-06-18 04:49:39.00,1043.940000000001,-0.07653423925571957,-0.03902601175963043,0.9959636512123461,0.38527061510451494,-0.32939616815624784,-0.11701866216515205,-2.2059695906957066,4.355196794553724,-111.76681302701665
2024-06-18 04:49:40.00,1044.9200000000005,-0.06969907025698262,-0.030671736170350173,0.998006290474025,0.10777348496916833,-0.13753960669348259,0.8733932913611101,-1.7313006986863817,4.038659662305417,-111.73166550124901
2024-06-18 04:49:41.00,1045.9200000000003,-0.06316354481042591,-0.04949825666918416,0.9988542990895652,0.054909875208898305,1.0643789739678513,0.123183405311163,-2.8136130959329027,3.8962120048819333,-111.92676329028114
2024-06-18 04:49:42.00,1046.900000000001,-0.08285678166176504,-0.05053349910278988,0.9950530010210504,-2.479901059190391,-0.3178838460208009,11.562085449936651,-2.536481328380201,4.252012374649002,-110.43384210972881
2024-06-18 04:49:43.00,1047.8800000000006,-0.10342522006226065,-0.025494598096449692,0.9979472852542921,-0.1802992148208199,0.027102142118189815,-1.8479199415926053,-1.8448395899300267,5.822756495269691,-109.88905112944447
2024-06-18 04:49:44.00,1048.8800000000006,-0.07549056192494064,-0.025556425281152477,0.9975567867794539,0.6829671476573851,-2.137817548120588,0.10127319186556183,-1.1888200107969362,4.460380538694147,-109.55264321815037
2024-06-18 04:49:45.00,1049.8600000000006,-0.04729614221081907,-0.023659368989251223,0.9927825822379907,0.27210707430780945,-6.054807922493692,49.1785976948736,0.07046664069711742,2.7028999704467656,-98.09836674191523
2024-06-18 04:49:46.00,1050.8600000000001,-0.04590673757501293,-0.030404216717828312,0.9943280692207283,-5.310293410218987,-2.5401290917495887,38.67699077060355,-2.333826293716972,2.775563406059536,-50.653516210804895
2024-06-18 04:49:47.00,1051.8400000000008,-0.03271859767021912,-0.10852888908959807,0.9942776632076267,-0.9788418226705322,0.5157167234577285,-38.79621121212276,-6.165091151790833,1.436301309686233,-66.37172774988557
2024-06-18 04:49:48.00,1052.8200000000015,-0.015696265492125955,-0.10085964246652795,0.9966292941142,6.870709222802207,3.27713563731439,-43.03765264562704,-4.812151168634949,0.7746360345098532,-106.31030251327121
2024-06-18 04:49:49.00,1053.8200000000013,0.020206338130943906,-0.027749480979843266,0.9946131073702025,0.7520464681879965,-0.6205902187727808,3.600862010649817,-0.2528452973886512,-0.5481592552124952,-126.57975625386946
2024-06-18 04:49:50.00,1054.8000000000004,-0.04896922190173588,-0.010631984469447872,0.9988164794873315,-9.619274147065871,2.4990393238635433,-4.031551163190275,-4.970956556545607,2.102195151712186,-125.16961821426024
2024-06-18 04:49:51.00,1055.7799999999995,-0.05107683506920715,-0.11134372695704027,1.007159542681159,14.068229297531698,6.835590449810319,-1.8507966144987882,-3.694542879258821,4.102436817910856,-129.3530195703217
2024-06-18 04:49:52.00,1056.7600000000004,-0.057410413579998515,0.07202507708216012,0.9727751307579983,-7.268590323884402,-1.7310716663346608,0.7356202205742888,2.2003123835114193,2.8892296840217293,-126.05713295051625
2024-06-18 04:49:53.00,1057.740000000001,-0.10957205231347392,-0.05223653263397404,1.0339913860877956,2.997244872740814,5.453518933224755,-5.479933621199423,-2.719012337664186,6.767762646763221,-129.11707027617277
2024-06-18 04:49:54.00,1058.7200000000003,-0.08493434837581854,-0.029273558751268327,0.9832020239317562,-4.9476176297317584,0.6001998159224278,20.155178475515445,-0.8719078245982403,4.962039003228825,-126.15236326245122
2024-06-18 04:49:55.00,1059.7,-0.09053004170370045,-0.12732286168733192,0.9925531990250699,3.8211850121242223,-0.20144761736906516,-2.2410009662301924,-6.477778530918171,5.562715249356317,-126.1075806268708
2024-06-18 04:49:56.00,1060.6799999999998,-0.10582253774932994,-0.04447106829160333,0.9979404612744959,1.7616020589671813,1.2597503137052644,4.854460733399194,-1.7974422008584525,4.949352049579139,-128.42637875692134
2024-06-18 04:49:57.00,1061.6600000000008,-0.09835895780841197,-0.013927470120034844,1.0038597146032668,-4.744674297059161,1.78145501112737,-1.0661012018332179,-1.7803519326104054,6.1316080078670065,-123.03662424755633
2024-06-18 04:49:58.00,1062.6200000000006,-0.13382417313124814,-0.11143496295136282,0.9889332463740972,-4.615569730290569,2.1473924865919947,-1.3474153391474393,-6.934053286025708,8.159956640903056,-123.76483197203615
2024-06-18 04:49:59.00,1063.6000000000001,-0.11042351146883345,-0.16215438637224963,0.9772386549873825,2.260571917379594,-6.373825644479507,2.2926076191895475,-8.734243871508347,5.3767654954808375,-123.65933463361301
2024-06-18 04:50:00.00,1064.5800000000008,-0.005543878741223631,-0.05736987471064602,0.9962404375561607,7.498685655980506,-5.858580191545377,5.952691818935871,-2.8945660104493602,1.3081488923459192,-122.02886300378329
2024-06-18 04:50:01.00,1065.560000000001,0.0021612327785043043,0.052616697429557914,0.9995131758251778,1.2173244478232408,7.724025711138193,-11.160852922844859,2.99730875857813,1.35570601736952,-103.95817664503208
2024-06-18 04:50:02.00,1066.5399999999997,-0.07062382552019429,0.013927181788921146,0.9996831809840001,-1.4006111997984425,-3.0172454948646545,-44.20856672997962,-0.04246856461628842,2.9310999342336865,-140.08179044060708
2024-06-18 04:50:03.00,1067.520000000001,-0.007957213718670262,-0.013176048372676002,0.9992652060424027,1.7636714073857394,0.41221862672106524,-39.14871974829636,-0.013953112293207363,0.5455401672888119,-178.60211384414464
2024-06-18 04:50:04.00,1068.5000000000002,-0.001854924721364743,0.027871257340981732,0.9881681907241207,7.3764275647602755,6.89522180861261,-0.9289678023511478,2.093601665399403,1.5898209790881044,157.22376886171142
2024-06-18 04:50:05.00,1069.4800000000005,-0.059641181793286584,0.06354473042456975,0.9991449011269409,-5.514020574707274,-0.7836141206208492,0.10991071823604037,2.5472055409591787,2.9182115527795287,163.19176294127172
2024-06-18 04:50:06.00,1070.46,-0.058993334555744084,0.014027974693971013,1.003630317580949,-0.22574771358927703,-1.3458882627020115,0.848315243389392,1.1974337967044737,2.9071678136946497,163.23841101447593
2024-06-18 04:50:07.00,1071.4399999999998,-0.07451248802225287,-0.014867390262602424,0.9979094304460613,-1.6811381632200098,0.10226283033866727,-0.890670590501628,-0.9952181046074008,4.2926654325169755,162.97437372643293
2024-06-18 04:50:08.00,1072.42,-0.06635626258860543,-0.02742345030426636,0.9969543875528298,1.949638429326061,-0.9476605751724779,-3.1607286927792804,-1.3106262970068372,3.575396410710773,160.7645849721166
2024-06-18 04:50:09.00,1073.4000000000003,-0.05764412955827861,0.004285791824223726,1.0032252138601359,-0.0037334338377757424,-0.9460087094286639,-1.141709687776711,0.8842470711198722,3.309644828691762,161.1437734109575
2024-06-18 04:50:10.00,1074.38,-0.0636835003137405,-0.01718967415942252,1.0000761469090167,-3.1109996775960935,-0.06632027600674233,-0.07487297231046154,-1.5278855669561082,3.6831818311541142,161.34555341857262
2024-06-18 04:50:11.00,1075.2000000000012,-0.06299647024569989,-0.0512344356996084,0.995688674527764,-0.2848146324481964,-0.3845175494537178,-2.112623022374901,-2.850566664575312,3.501336279073873,161.3980002837824
2024-06-18 04:50:12.00,1075.7600000000002,-0.06808396651209746,-0.05686862710387487,0.9967944455347777,1.4471839363442243,-1.9507609085233246,-0.688847104309517,-3.1145513845198183,3.8081335161508796,159.22969053042766
2024-06-18 04:50:13.00,1076.7400000000002,-0.05612875255571413,-0.05100131822237727,1.0000213928150095,1.0840530763691192,2.0329862864397255,-0.6871350838669527,-2.885237529026356,3.5096076446358837,160.35870486429076
2024-06-18 04:50:14.00,1077.7400000000005,-0.07202438116757984,-0.027876533244351596,1.0220195345953504,-1.0911667198051145,0.10055327313405753,0.5137756015038194,-1.860071344922438,4.049708900762335,160.0588460507816
2024-06-18 04:50:15.00,1078.720000000001,-0.06185255096008426,-0.04093719106218638,1.0068170929852944,1.2394251965339482,-1.0136796264044006,2.094915898067321,-2.1324679848615546,3.307747006287095,162.23006339863906
2024-06-18 04:50:16.00,1079.7200000000007,-0.013793096053149134,-0.07888390776989367,0.985297767899566,1.0804460864069234,10.375951950844046,1.5729061521181504,-4.190645134576842,3.196492434013301,162.49306954634818
2024-06-18 04:50:17.00,1080.7,-0.10225914545471966,-0.06398859431611559,0.9951948123800578,1.0099602032108135,-1.0826281342316655,-2.9791755156588056,-3.5535659062895943,5.309991922358904,161.55796222482738
2024-06-18 04:50:18.00,1081.680000000001,-0.08248738469789578,-0.023097335926538974,1.002028273161018,-3.2797712345933148,-0.2376654574742168,40.5937535134528,-1.2673938458446599,4.710236314335041,176.86734874594535
2024-06-18 04:50:19.00,1082.6800000000007,-0.08349573117974673,-0.05631098796786487,0.9982024059828777,-5.445698469217591,-0.3186279953537952,-37.591829764853784,-4.487780263595642,4.601541407847625,-143.51954019168954
2024-06-18 04:50:20.00,1083.6600000000008,-0.057247509717795485,-0.06102445461582433,1.0000416459821668,6.971513677768217,0.143735735300727,-4.103928396423525,-2.3161471340028505,3.30661854619647,159.3852145770414
2024-06-18 04:50:21.00,1084.66,-0.07405402336594191,0.01279743095321027,0.9979914790108028,-1.6146204706089486,-0.15915618584109656,2.621634696598511,0.09728156119581799,4.076408151854256,159.56879347072805
2024-06-18 04:50:22.00,1085.6400000000008,-0.0689345325562034,-0.013913325896225437,0.9969502737485756,-0.6533079611589698,-0.1852417371167236,3.4814793342524557,-0.931117912111141,3.946428349616799,162.95231629342015
2024-06-18 04:50:23.00,1086.6200000000017,-0.0720956498887404,-0.012020493817753742,0.9960365510691456,0.17665541358487502,-0.3085678144392876,4.253101613672126,-0.5188108029839242,4.105025968963892,165.49147123858964
2024-06-18 04:50:24.00,1087.6200000000008,-0.07305079465696368,-0.011892512913577334,0.9974660139222524,-2.047318592323634,0.2647661413880462,16.896926449041995,-0.7827683096552412,4.358479180344487,-164.42439173682007
2024-06-18 04:50:25.00,1088.6000000000001,-0.04511098585904431,0.05776041004938649,1.0045408498136286,4.247832241655837,-1.7037133204408679,-11.01206867323842,4.379183067247748,2.590749040731007,-172.50932196806139
2024-06-18 04:50:26.00,1089.6,-0.05526024430139422,0.10320322068271469,1.0003337386837277,6.070509072444999,8.424551697155508,38.718861518292144,6.2336758026602395,3.7983178381425247,-152.3827484234489
2024-06-18 04:50:27.00,1090.5799999999997,-0.046147502464173866,0.16453197035519865,0.9864104478318737,1.2871443917258412,5.4966065619755895,39.010853815791904,8.670980004859851,2.8641484550328973,-143.03318662790605
2024-06-18 04:50:28.00,1091.560000000001,-0.07261400087057247,0.011666577378241304,0.9926396112110126,-13.076396400115078,2.1914003264464523,-4.371616210001749,-1.0466216807861706,4.403252929031526,-112.68321915661447
2024-06-18 04:50:29.00,1092.5400000000006,-0.07540404013770076,-0.09420440045527487,0.9919379168587235,-0.11695494037496461,-5.555134312535566,3.6449790689474235,-4.912517780293488,4.857557938806143,-118.00758778605099
2024-06-18 04:50:30.00,1093.5199999999998,0.007472831774564426,-0.10638483613514152,0.9878265487082516,3.1885675299516887,2.2564639449057386,-33.56265827753713,-5.799279666317596,-0.730532614393548,-128.44237923783666
2024-06-18 04:50:31.00,1094.5000000000002,-0.11375514037875735,-0.12129873116094791,0.9912717360133679,0.3897768194401404,1.7451789953298378,7.028405232414815,-6.8433989767879275,7.705593174803351,-137.68515594660187
2024-06-18 04:50:32.00,1095.4800000000007,-0.10707260302596484,0.03875467801573523,1.0041349570410096,8.527905147144503,1.0148587540973484,-2.356926052379367,2.7655304736384223,6.214212939616469,-138.03128857901714
2024-06-18 04:50:33.00,1096.460000000001,-0.093740843314553,0.11937851089929803,1.001629681208367,2.5100453989130345,-6.331224009311392,-2.529235837030561,8.161216087113102,3.858327149975856,-139.3794366772725
2024-06-18 04:50:34.00,1097.4400000000005,-0.09723915379814588,0.16839546147140502,0.9756494782219598,-9.460032119523532,4.366836556371381,15.863457730538757,8.403393594551229,5.6029983556772205,-127.63756370597564
2024-06-18 04:50:35.00,1098.4200000000012,-0.041310632570584455,-0.0126805923247733,0.9897015326239098,-10.728008095335033,-1.3476994529032211,-6.441316621038251,-2.0690415274626095,2.474302780079459,-128.63318021923982
2024-06-18 04:50:36.00,1099.4,-0.025370900600048953,-0.20515310727009373,0.9703111387261221,-6.805224666032553,2.1178128319169804,1.6439704161199151,-11.890584241058473,1.9897014843245813,-129.02006692676733
2024-06-18 04:50:37.00,1100.3799999999994,-0.09450191226743876,-0.18739449855348617,0.9821565934296971,16.865014147129173,0.7492029498898038,-9.376739289755287,-7.384919160012051,5.0883657099034645,-137.94100786551826
2024-06-18 04:50:38.00,1101.3599999999997,-0.07430746701157481,0.006942945128578698,1.0338940521329634,-7.698112899048926,-5.253098144433381,0.40261473410774007,-2.7748472527522376,3.165600868641613,-141.18143764826002
2024-06-18 04:50:39.00,1101.9800000000005,-0.053634447060350025,0.008887642364445714,1.0132990228156056,0.9898461717338558,-9.405542405813362,-2.06091681197173,0.24123391380784112,1.0267003514400104,-140.87915216626402
2024-06-18 04:50:40.00,1102.7200000000016,-0.11325554605131129,-0.04061148310261693,0.9890377054455346,-5.5532333995586045,-4.37695507077119,1.4004386605622923,-3.3543518509854717,5.574740603848688,-141.7959532723344
2024-06-18 04:50:41.00,1103.3000000000004,-0.02935460858385817,-0.07322792587895885,1.00951067525411,14.44771754548539,-2.331334672855317,3.8235373677650997,-0.26772400629543347,1.3996993260515103,-140.1170816540661
2024-06-18 04:50:42.00,1104.2600000000007,-0.11964410662730135,-0.01819267498225664,0.9867511397348457,-11.782790079311187,-7.3990689749956715,2.8432244258186907,-3.502225266308121,4.896017629797504,-138.87356962025387
2024-06-18 04:50:43.00,1105.2399999999996,-0.030324576498241537,-0.12868644349682132,0.9485703814249643,-1.0318041210810909,-4.205711757879511,0.7589152820629419,-6.87962683345686,1.4334261079273418,-136.7831087144163
2024-06-18 04:50:44.00,1106.2200000000012,-0.08630918858735534,-0.10186706487265669,0.9944931119925321,6.515359697466715,3.6970014565796188,3.9294600308728787,-5.163506066438447,5.65618434308801,-136.4576447673117
2024-06-18 04:50:45.00,1107.1000000000001,-0.1797114323430866,0.03466338987620358,0.994676360999983,-4.80135406873559,-10.975152147865881,2.077292780319551,0.2597341199974954,7.463669290977403,-135.5810717992321
2024-06-18 04:50:46.00,1107.78,-0.03950743798600813,-0.03438936914235511,1.0000836062075602,-2.9163269903336344,-1.4288401524142602,-0.657687369999467,-2.625065750305608,2.4248290048648022,-135.4437305159085
2024-06-18 04:50:47.00,1108.4600000000012,-0.03217403379977574,-0.03934107431931845,1.0315583252917808,12.728045762484193,13.275580756226704,-4.539218291151724,0.36848292049675535,4.382004882743887,-136.5693822887038
2024-06-18 04:50:48.00,1109.180000000001,-0.19568811184161633,0.09042212771005453,0.9808346273660888,-1.6454645769200922,1.7998761588740788,-1.2620371899928275,4.270578724196429,10.837572519159401,-137.96733876311833
2024-06-18 04:50:49.00,1109.84,-0.13126477399725608,0.01567055203532313,0.9476353083887198,-17.36626659926757,-22.02527982664186,3.9295386461062316,-1.7237486504251107,3.448464934390336,-137.49118012000693
2024-06-18 04:50:50.00,1110.820000000001,0.0937947065860463,-0.25219523283319056,0.9597802277277903,-3.8371452054833206,-3.250618120015345,0.6776881542087795,-14.477982845142572,-4.703589387897469,-137.8342134351924
2024-06-18 04:50:51.00,1111.8000000000004,-0.06441167084294476,-0.07267286232998156,1.00465155922436,24.404719176442114,19.63549302889483,-1.6419752112502244,0.1420944802198963,6.768997544809591,-138.30472870537008
2024-06-18 04:50:52.00,1112.7799999999993,-0.2143645617841883,0.12186579411751777,0.9684161081598993,-5.196875706561622,-8.361453991186949,14.288448383425822,5.533963433025917,9.535530165730627,-135.10434924781802
2024-06-18 04:50:53.00,1113.76,-0.04744701647819401,-0.028333972957839886,0.9973546166499581,-13.48612681281876,-0.9826383068016439,-11.000238469283932,-3.4096386218997567,2.4983540594679634,-121.58226352742872
2024-06-18 04:50:54.00,1114.7399999999998,-0.010151927634257476,-0.18931044167611605,1.02883029961853,4.417414175450827,3.7617347851782754,1.4807744478183849,-9.477379339730426,2.2514030340124225,-120.8131258095916
2024-06-18 04:50:55.00,1115.7200000000005,-0.04960269412269113,-0.045151805355392836,0.9960166777416121,10.176204387092836,-0.05173011015240257,-2.091511548623692,-1.318628020724791,3.7256464080805376,-122.90635986426496
2024-06-18 04:50:56.00,1116.6999999999998,-0.08382342195012563,-0.04030129720905859,0.9608017119471344,-2.0550648851992217,-1.1516265261397234,-32.74125277765471,-2.8466560795069653,3.588071170404057,-146.36027232092545
2024-06-18 04:50:57.00,1117.6600000000003,-0.05744708298129464,-0.06572163779502686,1.0006454097012747,4.254883862382273,0.532767460606308,3.4347857615627104,-2.9316634037821006,3.242579948914712,-144.0318462968966
2024-06-18 04:50:58.00,1118.64,-0.05538313926143733,-0.03888460961731603,1.0007662791954515,-8.027455632919187,-0.3107803493480918,-0.905536588640006,-3.82619492253645,2.9873205112831256,-144.4019056363963
2024-06-18 04:50:59.00,1119.6200000000001,-0.06554815755940835,-0.0116527430875582,0.9847152324823019,5.975760838799918,0.24706647832895193,1.2017866192551265,-0.14845347646586385,3.862501438274644,-142.63822475297513
2024-06-18 04:51:00.00,1120.6000000000004,-0.06530660125775617,0.004062750075353278,1.005777868040894,-2.9758665189580635,-4.412596934375818,2.3491658584188913,-1.04243580691571,3.134358399634789,-142.91712890601312
2024-06-18 04:51:01.00,1121.580000000001,-0.010200548171905861,-0.02018990945343038,1.0020213044356454,2.599562729735301,4.10488361347178,-3.4170220867642302,0.28471980547915987,1.5968112321702068,-144.3517367552612
2024-06-18 04:51:02.00,1122.5600000000002,-0.07237864103277303,-0.01666915365756403,1.004697844651043,0.5030755989225489,0.3700175375878909,5.928486150258933,-1.131834036720461,3.6101274095041,-154.14251106062008
2024-06-18 04:51:03.00,1123.5400000000002,-0.09277461741459302,0.13034756749146365,0.9995827127521802,9.102534099838346,-0.3147951373064241,-1.8934231312976477,8.720773625186771,5.162325855896314,-151.99706663113682
2024-06-18 04:51:04.00,1124.5200000000004,-0.03977139470491074,0.0866101772510771,0.9714921544038202,-19.508558612478467,-3.414234135539983,-12.581871543672953,1.969709479193419,2.6973249132942048,-163.11837429345601
2024-06-18 04:51:05.00,1125.5000000000007,-0.011615957674695952,-0.04344515767820868,0.9994537619651385,4.01684500537972,6.870294306269352,-0.7568244620249677,-4.122896627130259,-1.170871312202129,-164.32438166522155
2024-06-18 04:51:06.00,1126.48,-0.15853772176504258,0.07146000078394678,0.9924268929924774,-6.6149969354636315,0.2038013010483754,31.30104213392569,4.3646383240968945,7.917587874616268,-155.6684425672268
2024-06-18 04:51:07.00,1127.4600000000005,-0.05855037913042711,-0.012104409216362346,0.9939060941634497,-0.10203729692727248,-6.521369710918915,-9.800747677677645,-1.7815277508622573,2.904378280051196,-138.2472014051173
2024-06-18 04:51:08.00,1128.4400000000007,-0.08771128159957219,0.010522482957281653,0.997003370855007,-4.232231465514929,9.629876303369883,14.52913604764783,0.19944240837659283,6.498898656955603,-137.8020465027581
2024-06-18 04:51:09.00,1129.4199999999996,-0.1820722781724736,-0.0857736589723771,0.9809533387861294,-7.768315131317557,-2.985610385576111,-3.226661162260439,-5.609021314340018,10.027272507673208,-132.0493147813239
2024-06-18 04:51:10.00,1130.3999999999999,-0.055948381198149065,-0.23564650333193352,0.9699646334393469,-1.8022262970079639,-1.3259279647198134,0.992912824430648,-12.24262526721939,3.16656011497527,-133.5741344736129
2024-06-18 04:51:11.00,1131.3800000000006,-0.06790602956222751,-0.0883920023288224,1.0177494631059494,18.285503547516388,11.030527665604286,0.3192719198476915,-1.8258701649251146,5.878956111644579,-130.68568657943607
2024-06-18 04:51:12.00,1132.3600000000006,-0.07250951476682325,0.022698104572632785,0.9733109666820245,-8.200880233510027,-2.7834459208741396,-3.94959702560542,-0.9113728361549485,3.5007324251012926,-130.12413954232625
2024-06-18 04:51:13.00,1133.34,-0.01271096129991559,-0.16230213774411847,0.9894608258662883,-6.977586965980285,-5.564011739906981,-2.6088273104062685,-9.648124811463974,1.500059242058118,-132.02463981805454
2024-06-18 04:51:14.00,1134.3199999999997,-0.04373383679875044,-0.16958878315142714,0.9812390518649919,6.719153196652477,7.6143995508072875,7.3709637109984225,-8.37334193255285,3.0614466918792202,-132.64154448945558
2024-06-18 04:51:15.00,1135.3000000000004,-0.12947715384938244,-0.09690577227867811,0.9998377842028435,3.330329824999286,-4.0389777097931425,-2.0517680049344893,-5.354847246417677,6.2914561403963525,-130.03927796156444
2024-06-18 04:51:16.00,1136.2800000000007,0.01200210781838151,-0.0743622673693873,0.9887821465539053,6.149682985056795,-3.077114323459913,0.28424654649149583,-3.824424836958168,-1.3882293077410641,-130.48761460366688
2024-06-18 04:51:17.00,1137.26,0.014160477512587805,-0.12217412345072946,0.9872154675352243,4.816510726844224,14.426798122321365,0.3894640078047454,-4.25075042090883,2.615454111741699,-130.6619230458639
2024-06-18 04:51:18.00,1138.2600000000007,-0.11765547371430635,-0.10324863438580106,0.9671385585867764,3.610239197702957,-3.399517504637654,0.2197344373487277,-6.3141810888600345,5.637077945980872,-129.82868389730953
2024-06-18 04:51:19.00,1139.240000000001,-0.0698141846975047,0.02739924992931847,1.0128716244876608,4.054732849263202,-1.601603480866753,-0.3031119907754891,1.6748811796655259,3.3135948211740245,-128.92052029172683
2024-06-18 04:51:20.00,1140.2200000000007,-0.06281105858840066,0.045939863883218315,1.0032704187439514,-4.9375169273501545,-2.9005020293335315,-0.6006663785450768,0.17673953315994342,3.5091979120185575,-129.20859481841427
2024-06-18 04:51:21.00,1141.2200000000012,-0.06973330829409308,0.07800611982700832,1.0010580119033259,-6.561813289048431,-4.159586416975531,4.925180605599595,2.9264919135846474,2.9347914798704773,-127.83355703494169
2024-06-18 04:51:22.00,1142.2000000000003,-0.00912397033963771,0.019274389674744263,0.9961482923970005,-0.611001715511588,-0.6821036761933998,4.125511534604998,1.5639422530262295,0.8417346779298351,-123.44321024040028
2024-06-18 04:51:23.00,1143.1800000000005,0.0005996057090765235,-0.00018167052955766203,1.0000217690260138,-0.2605751151712601,-0.05175881264359459,0.03356495580143206,0.5814844534408298,0.08215992036985095,-121.56661709358835
2024-06-18 04:51:24.00,1144.18,0.003298990770832883,-0.02204346361885338,1.0330992409254063,-6.358948923379145,17.346755230523243,-4.5428494767961025,-2.5496950354823062,1.8750736616148995,-122.27053878405471
2024-06-18 04:51:25.00,1145.1600000000008,-0.2226995213552266,-0.02402107450713547,0.9357081036044967,1.3910746454618907,-9.692313647269325,-1.0540181303526324,-0.9669521946832172,10.203887729378952,-125.17440186417704
2024-06-18 04:51:26.00,1146.16,-0.09150590075160447,-0.025352782347886963,1.045966559302367,-4.718627392900445,-3.3513545043857267,-0.7733240940183255,-2.6091139682544755,4.642675029125121,-126.1812152560056
2024-06-18 04:51:27.00,1147.1400000000008,-0.11991670097291258,-0.007998165237897389,0.9646437474772137,0.6249370250483596,-1.2523668704550537,2.766284931284858,-0.18147980096667282,6.536153970276407,-123.82563465104576
2024-06-18 04:51:28.00,1148.1200000000003,-0.09699723800285852,-0.03419332809726875,1.0230133894390243,0.5889494584716388,4.303446130123479,0.8347604495424611,-1.7097926041206954,6.479538001606812,-122.86746998503884
2024-06-18 04:51:29.00,1149.1200000000003,-0.05217781118884218,-0.03409336329786856,0.9834035438220166,3.093644475351116,3.2940720058792583,1.0426272738794444,-1.681656393266367,3.906201829952691,-123.29525478778764
2024-06-18 04:51:30.00,1150.1000000000001,-0.08015627260641144,-0.03111818778083043,1.0200341129872925,2.2508846875757214,2.666637200317366,-0.4218360912350147,-1.405117060738634,5.086071189699509,-122.01272665414533
2024-06-18 04:51:31.00,1151.100000000001,-0.09054816653894868,0.020178076242620864,0.9885996684515388,3.3980677589815143,-1.7052184864814313,-7.66075605358422,0.7218724777555069,5.0367116031181896,-123.74567810769831
2024-06-18 04:51:32.00,1152.0800000000004,-0.06881571784547615,0.10060729352395203,1.0088766205902413,-5.534900199312614,-6.4939384520837535,-0.5836097877948002,4.15787766419241,3.1046369453997533,-126.48253332244288
2024-06-18 04:51:33.00,1153.0599999999993,-0.05739016728556986,0.118758467151752,0.999731746981044,9.209724436444182,2.5722663638830214,0.8825888676511692,7.711874974349444,3.8193626716771294,-125.41633913224237
2024-06-18 04:51:34.00,1154.0600000000009,-0.1380703739096076,0.17515236166732756,0.9514637329095607,-18.955142991730472,5.140078497267726,-5.788566995280236,7.257794202597251,7.303785917348318,-126.02259251478094
2024-06-18 04:51:35.00,1155.0400000000004,-0.1275270646225057,-0.05710387312253269,0.9926408384968514,-2.5709057671682873,-12.34559903018614,3.800164191464315,-2.1017646672561354,4.6025852124184725,-126.66839236704924
2024-06-18 04:51:36.00,1156.0200000000018,-0.12312140948627255,0.0037344209544212096,0.9992692107038839,11.555356260960732,13.022879975382537,-3.232385196351138,2.0535116095740515,9.592904223498794,-129.2271838136864
2024-06-18 04:51:37.00,1157.0200000000002,-0.3052342091306126,0.11376875081645926,0.9525269652355993,1.2957388155254896,5.165560569997314,1.7698382977411034,6.720195397645492,17.778860087004972,-131.9557853138495
2024-06-18 04:51:38.00,1158.000000000001,-0.0014826010416887497,-0.21627641391067975,0.9766727856519197,-23.300052122400615,-23.168156399707307,-2.133219230913641,-15.468086304257639,-2.642702141881266,-131.27467143469067
2024-06-18 04:51:39.00,1158.9999999999998,0.05752818393576071,-0.27357233974950895,0.9447584501274018,16.242330137125972,10.05074886884354,-6.001275689688003,-12.219072818157269,-0.6615688213139559,-133.31324631995892
2024-06-18 04:51:40.00,1159.9800000000016,0.0002726277745880765,-0.009272827642048918,1.0425879817533517,-6.04215943989526,-0.5540012577437582,1.3331350412904948,-2.0941850947966882,-0.13896311161789496,-137.02354680039304
2024-06-18 04:51:41.00,1160.9600000000007,-0.008378852059803947,0.016547666448571592,1.0065806795029275,-1.7900414449272029,-0.2092465411689578,0.04627690142359222,-0.33603626088554633,0.2071201200107937,-136.03675368076037
2024-06-18 04:51:42.00,1161.9599999999996,-0.005953892505104924,0.013697266133175227,0.9999515534305988,-0.07774380425029663,0.06312289195875825,0.02050375960500762,0.44966167164735177,0.3354763771530177,-135.86815045531617
2024-06-18 04:51:43.00,1162.9400000000003,-0.0701528472337263,-0.12343499511167667,0.9759350602150298,-6.9353670284409645,4.372385319619455,3.3977236205293946,-7.83735198751848,4.7788282635797685,-133.66211684753114
2024-06-18 04:51:44.00,1163.940000000001,-0.04455399451611777,-0.2086709496772755,0.9771936436202413,5.608633377811275,-12.521244596503966,3.427223336511229,-10.853771501782767,1.6801463596845805,-128.19101126410914
2024-06-18 04:51:45.00,1164.92,-0.010601842112386838,1.1606793589371243e-05,1.0144024840221104,-4.763822455394746,7.663507346757992,-2.847633241669718,-2.083354587227011,2.1602615383425245,-129.19268443771833
2024-06-18 04:51:46.00,1165.9,-0.12411505172205692,-0.07734398070987317,0.9986324453966489,1.4921624721884656,-0.22552129125478215,1.7724926391904046,-3.98700820210877,6.603404136307044,-129.1917529798742
2024-06-18 04:51:47.00,1166.8999999999999,-0.03825376488326974,-0.05757950051585997,0.9815879607484373,3.3707826322992656,-1.1740798630358522,-2.701144534735219,-3.6215975869318395,2.0261853915002845,-127.24859099732458
2024-06-18 04:51:48.00,1167.8800000000006,-0.06222362209565108,-0.06370664834123102,1.0071913128449015,7.078060957138005,-5.386809565069864,-1.8299456484274703,-2.2897453377679433,1.3693022289424932,-129.02562244656892
2024-06-18 04:51:49.00,1168.8600000000006,-0.010151547347204925,0.0006342107779375557,0.9998996282088322,-0.08190261772669283,-0.7533726173274579,0.5562301754498932,-0.31266235713539975,0.656732870402082,-127.04405735002148
2024-06-18 04:51:50.00,1169.8200000000006,-0.046162582618912845,-0.0679663160517144,1.0075075077159135,-8.241470192435617,7.8397004372523975,-4.758795716687414,-6.317533726293547,3.8300383517183985,-130.2798734510521
2024-06-18 04:51:51.00,1170.8000000000004,-0.12170839814782627,-0.1741067856416007,0.9701467874865856,-3.488708681997135,0.07137142319570128,7.9875057667784315,-9.49139301058549,7.336154995730766,-122.85746406579105
2024-06-18 04:51:52.00,1171.7800000000007,-0.09654270568957081,-0.13856804437038656,0.9789930474596981,1.7927938627709095,-0.7321362754977346,-2.0103432882239174,-7.6845882865987125,5.003001616542141,-120.13888593245294
2024-06-18 04:51:53.00,1172.7800000000002,-0.12265996087410236,-0.10228265266559564,0.9953888356181351,4.67578348558794,-3.151870462122997,1.358723078999498,-5.137298747666191,6.760843253878404,-117.23798540108254
2024-06-18 04:51:54.00,1173.7600000000002,-0.0680295896965669,-0.003417845426020633,1.0107097500480662,5.748283885571918,-0.8991450313821662,-2.189490605618437,-0.6520536492540502,4.730908982711453,-117.39477286973035
2024-06-18 04:51:55.00,1174.760000000001,-0.029957997893530607,0.08488469253212673,0.9706082177032442,-5.492053517172967,-4.9837504545932045,3.06092866885667,3.3835344069064703,0.8567315520465142,-117.30364626145038
2024-06-18 04:51:56.00,1175.7400000000007,-0.0635873195451614,0.03475942897584507,0.9980866607021966,1.680573321818928,4.675880190196049,4.325108333271416,2.6357994899296786,4.489948056342389,-113.0318152706692
2024-06-18 04:51:57.00,1176.740000000001,-0.06512288315892606,0.02246710309458085,1.001281448685019,-1.75429059020237,-1.8533009428291702,-1.2005355857141977,1.0691695098545952,3.2184402023851164,-111.49431891362815
2024-06-18 04:51:58.00,1177.7200000000007,-0.08964756129421847,-0.004780741638623141,1.0021951418076045,0.5970526726029787,1.3584750871457882,-1.7971670898273646,-0.02123987505384349,5.279532015448924,-113.08395839051612
2024-06-18 04:51:59.00,1178.7,-0.10123244007665369,0.0005017671543707614,1.001464311101276,-1.008896500051759,-0.1513449071481686,0.8713460767838231,-0.06233322168619913,5.592614779209365,-113.83454464230122
2024-06-18 04:52:00.00,1179.7000000000005,-0.08336746730391772,-0.017799935394149355,0.9979375057442084,-0.25088084073070577,-0.24859752696879067,1.6030109511607837,-0.9388275400681079,4.738032262901444,-111.70759416815099
2024-06-18 04:52:01.00,1180.6800000000003,-0.08412430057662938,-0.016725964971968828,0.9939462963879456,1.224441243485089,-0.2267753072517724,-0.36854169788856833,-0.7826130277530078,4.7964444427998325,-111.64750541060366
2024-06-18 04:52:02.00,1181.6600000000008,-0.07540480204379646,3.6605241484705746e-05,0.9959677788788691,-0.7046010101617104,-1.1234764321613084,-0.7321652654243648,-0.16171436510234066,4.13439323273818,-111.70076126738346
2024-06-18 04:52:03.00,1182.6600000000017,-0.06595078191027345,-0.00955761640303147,0.998047195542314,-0.6667363042955371,-0.12749684790341712,-0.21647161998734918,-0.7044386792736624,3.868599736033838,-112.22084099143797
2024-06-18 04:52:04.00,1183.6400000000015,-0.06995715851286033,-0.021316615554784653,0.9968332178243842,-0.44888664987463783,-0.09756729798121205,-0.10202754551931217,-1.2836626006902532,4.084539910909003,-112.23917543870634
2024-06-18 04:52:05.00,1184.6400000000003,-0.0669969376467692,-0.018977607885843194,0.9979996583192426,0.08935501538717358,-0.1195045662701224,-0.15019764456566165,-1.0423414756460783,3.818612275093688,-112.46979245114623
2024-06-18 04:52:06.00,1185.620000000001,-0.07106101905092073,-0.025946518141917566,0.998220820905125,-0.8439931640038795,0.1298053157980202,0.1672578903591387,-1.630697911574133,4.146726214732794,-112.41242395765958
2024-06-18 04:52:07.00,1186.6000000000008,-0.0701901789705228,-0.036824995377860784,0.9977580491139468,-0.010117883653302066,-0.10836818636503597,0.5650485189576433,-2.067517010472951,4.04236347556374,-112.0363526657214
2024-06-18 04:52:08.00,1187.6000000000001,-0.06995789057570583,-0.030170164297296,0.9977358945965273,0.2461666745764292,-0.0697621433453887,0.958519987342145,-1.7324280239400371,4.059970914833103,-110.82343205375685
2024-06-18 04:52:09.00,1188.5800000000004,-0.07402521937639872,-0.033843253555824016,0.9985798092760123,-0.9717771969103636,0.09706823982731329,0.4912661848899619,-2.1167216249386063,4.268601692440587,-110.01960939401783
2024-06-18 04:52:10.00,1189.5800000000004,-0.07442540428106606,-0.040580042081614046,0.9969844819929545,0.26645882447599706,0.2832721478086014,-0.07440604793504971,-2.2583530437394757,4.323010318598508,-109.6866114568483
2024-06-18 04:52:11.00,1190.560000000001,-0.07600054228535888,-0.039990165153911114,0.9974816698083082,0.0623228640493851,0.13569377348208864,-0.008697873789580687,-2.2393579833384254,4.407168397008492,-109.45556876818472
2024-06-18 04:52:12.00,1191.5400000000009,-0.07714702747963446,-0.03700043894553057,0.9968949230660152,-0.12165308869598487,0.4445981484377803,-0.12899913103768354,-2.107723971074815,4.513806602205504,-109.25361805159851
2024-06-18 04:52:13.00,1192.5400000000004,-0.07588009745257217,-0.030859609675944817,0.9968589724821499,0.10705756872806059,-0.016911751000116604,-0.5225659697997023,-1.852638284730512,4.298516125565231,-109.60429541596515
2024-06-18 04:52:14.00,1193.5200000000004,-0.07551850182844805,-0.026637108495182055,0.9979100077094988,1.241307173917534,-0.8270632828777418,-1.6084220899924808,-1.8519284760225065,4.05806662768935,-109.45596165031652
2024-06-18 04:52:15.00,1194.5000000000011,-0.06887127137869833,0.013458245180541794,1.0015142751546255,1.6256350031162075,-0.6537939307991558,0.9211374240469881,1.5902749308203783,4.078396711354709,-110.3214418478058
2024-06-18 04:52:16.00,1195.5,-0.06622747899097174,-0.008269031852954615,1.000035131389173,-5.55564426069194,1.209654936058323,2.1917878366948402,-1.4716403311149635,3.985064019846569,-108.5809884510598
2024-06-18 04:52:17.00,1196.4800000000012,-0.07456527870727954,-0.07302041155748337,0.9935508873281163,0.0863818100881611,0.18567641649303226,0.560642116928373,-3.8197364105498615,4.277771692029746,-107.08646813064902
2024-06-18 04:52:18.00,1197.4800000000005,-0.06848117703728669,-0.045177839397486,0.9981168416229321,2.3047582467717453,-0.09629063309071008,-0.5678283019549537,-2.129679595093139,3.9692458333284364,-107.32365665986202
2024-06-18 04:52:19.00,1198.4600000000012,-0.07763072728433226,-0.03280541390583059,1.0017875437680888,-1.2556232716356182,0.8738827536544959,0.5993865196655329,-2.2284071627723088,4.5885585595541905,-107.4683673698928
2024-06-18 04:52:20.00,1199.440000000001,-0.07987240355070177,-0.05014454307830255,0.9968552794632565,0.1354504000672873,0.0021895280383362747,0.20723226204986717,-2.847476933165246,4.537048974806541,-106.65631200272519
2024-06-18 04:52:21.00,1200.4200000000012,-0.07697952026718421,-0.04392077284801865,0.9970192699034653,0.8841695138262239,0.25161509061240617,-0.24005159515091135,-2.458341218550256,4.446307360158178,-106.5701450526742
2024-06-18 04:52:22.00,1201.4000000000005,-0.07795018447688526,-0.03700635745402964,0.9989516422793736,-0.33121385559918337,-0.18953657593793627,0.47253068273275256,-2.260528380428361,4.370786644483547,-106.22503752199556
2024-06-18 04:52:23.00,1202.3799999999999,-0.07575019401843933,-0.04104795590715016,0.9967597048638513,0.1984196440466787,0.20721038810556985,0.16486515867370008,-2.323611323443024,4.346475869149397,-105.75923563520344
2024-06-18 04:52:24.00,1203.3600000000013,-0.07804924013716767,-0.034244796699226476,0.9974480709423796,0.3107494521848786,-0.17109402036652221,0.2782098395997559,-1.9793031193683834,4.375759847641483,-105.5833245811317
2024-06-18 04:52:25.00,1204.3400000000001,-0.07432362422060311,-0.034112637295759925,0.9980213889745889,-0.03828243947032857,-0.37440703371995776,0.476857701693574,-1.9497819287676401,4.2199432119260605,-105.25274017283554
2024-06-18 04:52:26.00,1205.3200000000008,-0.07101633264844728,-0.032051474338116295,0.9984919623873691,-0.00015813465254015368,-0.18049887012600105,-0.010991983692428669,-1.8533943379110793,3.973788944235452,-104.77753377048347
2024-06-18 04:52:27.00,1206.300000000001,-0.06806737571350023,-0.029941599314120815,0.9990747722789977,0.20551487127857074,-0.19271398143737278,-0.032428906905943945,-1.7311520598693158,3.9317732606533715,-104.81295158040608
2024-06-18 04:52:28.00,1207.2800000000009,-0.06904369653866874,-0.028997170555323044,0.9990376407621581,0.3136551094985024,0.10746365505227813,0.06307768021930696,-1.7228863567342012,3.946130066976959,-104.70459850608648
2024-06-18 04:52:29.00,1208.240000000001,-0.06785480381040172,-0.027842192545963665,0.9989559740082075,0.7833172619671959,-0.2958569200380001,-1.1414893081694493,-1.6367263163104715,3.8549582158265934,-104.59851126248971
2024-06-18 04:52:30.00,1209.2199999999998,-0.06997452900278134,0.0462357320147325,0.9995215579879628,2.5483311844433523,-0.7821625750122349,0.02521608970450656,2.8725160695355694,3.8756002463448027,-103.99886721850615
2024-06-18 04:52:31.00,1210.200000000001,-0.0573473225320452,0.07111106628695166,0.9975157339077607,-1.124807788710618,1.0900202209996166,0.4654187207754742,3.7947494121171723,3.5924202568411174,-103.65488929182422
2024-06-18 04:52:32.00,1211.1800000000007,-0.06679906549759693,-0.046251951913438075,0.9968997110813744,-9.504985132615595,-2.637765712297744,0.14956156028317735,-2.980657725009761,3.4625950371533936,-103.42287794885121
2024-06-18 04:52:33.00,1212.159999999999,-0.013409286168171766,-0.09408533893994421,0.9887101658069278,4.150569189381786,-2.2289371259077155,0.007355542242743596,-4.628323153125844,2.052892404243819,-103.84517118313808
2024-06-18 04:52:34.00,1213.1400000000003,-0.05482288324940264,-0.07168985171407222,0.9934408807074925,0.7888124053539735,3.503143849977028,-1.0184035382770185,-3.9576087169344536,3.682779610079915,-103.97273739804575
2024-06-18 04:52:35.00,1214.1200000000006,-0.11523326564145257,-0.06507696755098283,0.9952809195707258,-0.5200966751337213,1.1410398151955148,1.7463593575910596,-3.768532388587979,6.510218867633261,-103.40833443733126
2024-06-18 04:52:36.00,1215.1000000000008,-0.08844679106052061,-0.06267570769971648,0.9978819176245987,2.0945825856745497,-1.3677014957055613,-3.3868678091479607,-3.346639885096015,4.824564091873721,-107.72719222058598
2024-06-18 04:52:37.00,1216.0800000000008,-0.07298971391736571,-0.038006989960534136,0.9980727099989273,-0.9534298019944568,0.15568536237117675,-0.278082397556882,-2.571611550623427,4.270082115047218,-107.67457518617654
2024-06-18 04:52:38.00,1217.0600000000002,-0.0778528795812306,-0.05774484059706752,0.9961127582747505,0.9237815364347367,-0.6862275933834869,-1.7651412499158479,-3.0281941392606178,4.4762810700087625,-116.00893162584589
2024-06-18 04:52:39.00,1218.0400000000009,-0.10000153360484586,-0.0819995318282349,0.9950669794943704,-0.7045961273530932,-0.027697690939616073,3.309182759470037,-4.787727568356109,5.908756448296234,-109.43028218257216
2024-06-18 04:52:40.00,1219.0200000000011,-0.0979099906079751,-0.09263723129902368,0.9951406781379593,-1.6471301807905456,-2.0603201326425187,-0.5961824597888389,-5.546316458921084,5.311669218435302,-110.06440099521521
2024-06-18 04:52:41.00,1220.0000000000005,-0.06515208111838794,-0.0820037550953262,0.993081866255064,5.620269047196931,-1.6769449286567273,0.559344245802639,-3.7691026298281414,3.687795661997709,-109.96382795698304
2024-06-18 04:52:42.00,1220.9800000000005,-0.0319981626278434,0.013272205130344073,0.9989244270311233,3.2539325506678374,-0.1623348439104643,-0.5044708365985836,0.8966669794803612,1.953851893487332,-109.69084671510198
2024-06-18 04:52:43.00,1221.9600000000007,-0.044972139118239704,0.017610614778586924,0.999030535278931,-4.36021671248624,2.54287338199156,-2.9946079974146365,0.05829543990104569,3.1314850439484125,-109.46340374256884
2024-06-18 04:52:44.00,1222.9400000000007,-0.07895996218609863,-0.03806134905726412,0.9958858953003024,0.30623574306578927,0.046397165904726284,-0.9111137275297847,-1.8312401496659838,4.436488498452155,-114.56262860372817
2024-06-18 04:52:45.00,1223.9200000000003,-0.0715293024447032,-0.024761564673118117,0.9971479155824304,-0.03186558372725708,-1.233188160855687,-2.882186994172172,-1.4047627506871314,3.700747406684306,-113.40532677574063
2024-06-18 04:52:46.00,1224.9000000000005,-0.059863698329678944,-0.03880330449714682,1.0017041765328116,0.10003957386082907,-0.20153954936057605,-25.010218121333388,-2.816019603331648,3.150474922617158,-133.18546195493306
2024-06-18 04:52:47.00,1225.8600000000013,-0.05674902299193821,-0.034963945404927615,0.999553721017241,-3.190927762727294,-1.1081470717854973,33.048600564545154,-2.2057704047302975,3.3606502104054456,-134.31555511260095
2024-06-18 04:52:48.00,1226.84,-0.0481227631876594,-0.06045059830528701,1.0005771524202212,-0.8328934340082207,3.192380667354963,0.2623599486416553,-3.3685937830635884,3.5446269070233485,-117.1147122299418
2024-06-18 04:52:49.00,1227.8400000000006,-0.0890213032357603,-0.06083382484636024,1.000407583059745,2.8082435909402883,0.45828129814191987,-6.014345251609634,-3.1719925964033875,4.944969326378983,-120.98915572439304
2024-06-18 04:52:50.00,1228.8200000000004,-0.07244441567543511,0.06514947385987618,0.9988636848240243,9.671947165854604,0.6038015853129542,-3.2987841593015776,4.30627906577254,3.799763912087791,-124.54439536504019
2024-06-18 04:52:51.00,1229.8200000000008,-0.031799996076539404,0.24725626456264094,0.9796837451753365,-0.9315700171087256,0.7362813256058618,7.612568458019148,13.517449326444787,1.123015197342594,-103.33526226165819
2024-06-18 04:52:52.00,1230.8000000000002,-0.02658969278758291,0.005542961560354852,0.9925923879233909,-16.124079598747386,1.9721664876704812,-4.180634186743876,-2.1809372169958174,2.7582629286715035,-103.32857625136094
2024-06-18 04:52:53.00,1231.780000000001,-0.05159352082116081,-0.10566974820415251,0.9782296594252875,4.155084330314513,5.363630590651993,-4.011413334248628,-5.435099896453426,4.166232205897925,-107.35032369942967
2024-06-18 04:52:54.00,1232.7800000000007,-0.11887632666526186,-0.08611706191043543,0.9902071480828154,0.06345396084958822,-1.4446230865622558,-0.053734529248690086,-4.649386942345775,6.2245706322761105,-108.0064302873186
2024-06-18 04:52:55.00,1233.7600000000004,-0.07506778064330105,-0.044243956524774336,1.0008536155729737,3.2156762635111846,-2.665518877440228,0.6971167370143306,-2.279203647288234,3.7107222737652314,-107.67493456912501
2024-06-18 04:52:56.00,1234.7600000000007,-0.04827942354940977,-0.0071865896997670015,1.0027244944135352,1.3062620121183706,2.5924643337851987,0.1760464153833138,-0.3866217434563687,3.4398466138751815,-107.27103150056308
2024-06-18 04:52:57.00,1235.7400000000014,-0.08385976999073941,0.01533946178685094,0.9989795682221013,0.6758566024198498,-0.04782289155696689,0.5681117525640106,0.9492578443182187,4.715045372562265,-106.83296301584657
2024-06-18 04:52:58.00,1236.7399999999998,-0.07649839271323312,0.022483721304051865,0.9942960854056732,-0.015681180303102518,-0.0815537809549845,-0.4702457372827521,1.1970746698542514,4.3899773757194325,-106.80802206867916
2024-06-18 04:52:59.00,1237.7200000000005,-0.0813044572073601,-0.022702907098645805,1.0009180768597326,-6.840033470928839,-0.2711871694851823,-0.9807634759823799,-1.106480843810802,4.342256627826122,-106.86935768968169
2024-06-18 04:53:00.00,1238.7000000000003,-0.07246629812071236,-0.09364561816164454,0.9855987306078157,-1.1858356048077683,3.2173304283252295,30.903660607308062,-5.140656111325737,5.497486995033429,-92.27553361019238
2024-06-18 04:53:01.00,1239.7000000000005,-0.047088578004891815,-0.12995519867898203,0.9911259824232158,1.256439004973785,-0.2709832236667696,0.2675334933514351,-7.061844623686017,3.101501594701271,-86.63004913994669
2024-06-18 04:53:02.00,1240.680000000001,-0.04032699685686526,-0.0756153897562886,0.9999602882544295,3.95529965548253,3.8084794450593233,-2.4105534681555723,-3.672769090672415,3.1465021645739664,-87.46312713261152
2024-06-18 04:53:03.00,1241.6800000000003,-0.10661996804847625,-0.08222828068792233,0.9992361944816621,0.9993633355881776,2.228069292092501,-19.31374502850219,-5.916488731028059,5.9532008617645324,-102.62540159994765
2024-06-18 04:53:04.00,1242.66,-0.10697145144202229,-0.06833011411465306,0.996022240521915,4.955033957390527,-5.0337190129134965,-5.278433643909373,-3.281246438906333,4.532902559493803,-108.75358847244854
2024-06-18 04:53:05.00,1243.6400000000008,-0.06397900716330979,-0.022589417439470145,0.999204351697021,0.9271212214911081,1.3380381467856002,2.142150685916801,-1.467430081517652,4.015078429221618,-108.34629415512276
2024-06-18 04:53:06.00,1244.640000000001,-0.08383230938918741,-0.01093113950815823,0.9981291570597796,-1.4709819696200872,0.04321269633031953,3.836398431515872,-0.9173592460666663,4.851975894391525,-104.80654365921016
2024-06-18 04:53:07.00,1245.6200000000003,-0.07587179544054971,-0.02707237930984299,0.9981883918185532,-0.9579667650445528,-0.21815791131825085,3.4770282262521466,-1.5982310654085767,4.404927587894098,-100.5149261969726
2024-06-18 04:53:08.00,1246.620000000001,-0.10022503689587609,-0.04259039552876231,0.9905085275413291,-0.6131275972749635,2.1104279052308503,5.543951327470936,-2.273958832484733,5.28132102330731,-95.80951869800751
2024-06-18 04:53:09.00,1247.6000000000013,-0.08589381998510645,-0.052973095949285245,0.9959675999318427,-3.7535328672518506,-1.0850885717678391,-1.4390534416939902,-3.4849931298046575,4.829695564976284,-94.10309379734322
2024-06-18 04:53:10.00,1248.58,-0.07705280117110813,-0.09362374351470507,0.9962484836025958,-1.3236799184582921,1.1500123765924248,0.4604991791199903,-5.416731138934828,4.783487726087241,-94.3507653396359
2024-06-18 04:53:11.00,1249.5800000000002,-0.10156769156981572,-0.10177894461585324,0.989329868176734,0.7523576706941508,-1.3222321161912172,-0.7270257167795009,-5.800037276619938,5.5650807442574886,-94.48321223866702
2024-06-18 04:53:12.00,1250.5599999999997,-0.0472649596850092,-0.06467835122299011,0.9972971338080482,3.556383773919751,-3.257209591478352,2.5295468666842176,-3.3480557120913055,3.2621586627652333,-94.22169409205102
2024-06-18 04:53:13.00,1251.5600000000006,-0.005274124153256615,0.07157147106833785,1.005089695403609,5.7008606720309825,-1.6169081267245127,-0.745100584931849,4.249302780652719,0.11978098554414489,-96.16225597130898
2024-06-18 04:53:14.00,1252.5400000000004,0.0012727205934082734,0.11441857989618062,0.9958378751754464,0.4655132834216804,-2.778508359626619,-30.850205012275133,6.279025088107862,0.310543345403243,-106.92074997863033
2024-06-18 04:53:15.00,1253.5199999999998,-0.03559190667628698,0.06885616976030653,0.9896526873598359,-8.260293593245459,-0.00011593907225082578,-11.461676376349065,2.204887021917322,1.5034805292148434,-101.04357124006641
2024-06-18 04:53:16.00,1254.5200000000007,-0.07270868148206691,-0.13048260497552816,0.9825391280079849,-3.8861120442456256,6.970463379263878,-3.2683813759935516,-7.152082394710704,5.267446922065137,-109.97325952758742
2024-06-18 04:53:17.00,1255.5000000000007,-0.10622888795646473,-0.11529138863148407,0.9889687467083027,5.759523575055368,-3.082501668126137,1.2801861982222977,-5.425197846883339,5.310732505593147,-110.86619178640957
2024-06-18 04:53:18.00,1256.4800000000005,-0.0701276465972135,0.024049937181330038,1.0040548578912445,3.032703739806328,0.9104007617621919,3.2247740728681884,1.085153538080964,4.26591794799621,-104.15213580984592
2024-06-18 04:53:19.00,1257.4800000000005,-0.10250103922300838,0.015467847331689157,0.9975062746147769,-4.104051319518094,0.30861997550622133,2.2411422030310444,0.16807463826061003,5.723297368053999,-102.51703693022513
2024-06-18 04:53:20.00,1258.4600000000005,-0.08135118486006161,-0.048145702394137825,0.9939179539060423,-1.5583633259442642,-1.4957451731340852,-0.2862281839925399,-2.8554825110171067,4.532677214343642,-101.59734195579571
2024-06-18 04:53:21.00,1259.4600000000014,-0.06491926527923877,-0.04715674993146917,0.9960366468914018,0.9996693315171767,0.6476100099219285,-0.048400474692541905,-2.4595390759555267,3.973098510664853,-101.67921345735216
2024-06-18 04:53:22.00,1260.4400000000007,-0.08134227460467204,-0.03797183802165388,0.9979669705195362,-0.316442998024645,0.15235799547783302,0.6377259821746215,-2.2973544004110007,4.70739269434613,-101.42479039043185
2024-06-18 04:53:23.00,1261.4200000000008,-0.08200170698071216,-0.04812996060138057,0.9978503322525478,-0.6081930863308067,0.10212479619787221,0.8424770428902443,-2.8145422226178978,4.714209713794651,-100.35209021549102
2024-06-18 04:53:24.00,1262.4,-0.08398589929985582,-0.04992676426478551,0.9969503073803098,0.16917329668111555,-0.03827696594130698,-0.810592949478628,-2.830176280123578,4.801937260731072,-100.22438118036604
2024-06-18 04:53:25.00,1263.3799999999999,-0.0838110565543261,-0.04381296656394798,1.0175491185102927,7.788743703241288,10.193171076935531,-1.5477295018613568,-1.466134109820229,6.333062516754104,-101.05862907179603
2024-06-18 04:53:26.00,1264.3600000000004,-0.06498918322600918,-0.01769925579086847,0.9893394436206391,-3.4181600900734463,-1.1111795425839008,0.8157176160120241,-1.8153959707654144,3.59673011376026,-100.09078722165135
2024-06-18 04:53:27.00,1265.3400000000006,-0.054061474227327905,-0.06546204277383129,0.9983967562093006,-1.1838756020937555,-0.3159775100328507,-0.7422009549446978,-3.8612922758459844,3.173587742405887,-100.0448305277213
2024-06-18 04:53:28.00,1266.3199999999997,-0.14104072686867622,-0.2122404001555396,0.9910554486129928,-5.6130249289992085,0.4677746539181322,5.23185276681038,-12.077360209531653,8.583084878433548,-100.2628226004928
2024-06-18 04:53:29.00,1267.300000000001,-0.05563494408912786,-0.1060135577250828,0.9858305874582791,10.917014237697371,-2.3114277794733726,-1.19999021682841,-4.6744382300293,2.878998607618729,-96.49353162283322
2024-06-18 04:53:30.00,1268.2800000000009,-0.0818100116297732,0.009430915313171043,1.0000551654291527,0.3147710477124219,1.2183695629596163,-13.13650742330336,0.8676392575367762,3.8206987356728366,-104.85178734022116
2024-06-18 04:53:31.00,1269.2600000000011,-0.11333769551904975,-0.03886384398954601,0.9951530658298118,-3.4925049872465763,-2.3966906692684122,0.9481966641099252,-2.7860318781922797,5.893888107880561,-103.15505728963096
2024-06-18 04:53:32.00,1270.240000000001,-0.07276737659584305,-0.10010595066172231,0.9966199517117148,-4.948277523780612,-2.324153883747424,0.44376060944131107,-6.27271705141697,4.158470346787635,-102.98512441546309
2024-06-18 04:53:33.00,1271.2200000000003,0.006227401012552609,-0.0990424673875771,0.9888793800503352,10.432910059979008,-4.1690338099063435,3.965247150117446,-4.084517015395591,0.32168845573114824,-100.79648659685694
2024-06-18 04:53:34.00,1272.2000000000012,0.006079971162788712,0.06107024418169351,1.0001208630945893,2.8840104265727122,0.15587902094487996,-1.296626668655228,3.3487041885666784,-0.40217233940076186,-100.40147148944956
2024-06-18 04:53:35.00,1273.1800000000005,-0.06204709619725285,0.04693310134633276,1.0027070619591194,-3.401200659705141,2.602309440094231,-1.3323822364832636,1.9164869635158663,3.7280180241947996,-101.62853455830638
2024-06-18 04:53:36.00,1274.1599999999999,-0.08800766084844003,-0.03380454907363531,0.9964524799224638,1.409654697943044,-1.1464780747400702,-12.105894583513953,-1.9417931880870702,4.384985808436946,-115.65501286530251
2024-06-18 04:53:37.00,1275.14,-0.052230699654017644,-0.0015044559057459442,0.999677182783415,-1.1390105099984331,1.1696038278818823,9.188608109699416,-0.4474406264373088,3.012312993135538,-110.69372014490857
2024-06-18 04:53:38.00,1276.1200000000013,-0.06727910953360368,0.047013358461306436,1.0039474077309545,6.525084927090112,1.4579134631709356,-4.268117970603754,3.585801883357287,4.051687658875908,-115.33397964719857
2024-06-18 04:53:39.00,1277.1000000000006,-0.06781954615424873,0.16370641763946236,0.9956628087285826,3.727431709062421,-4.705240519662659,-2.8488715035301717,9.757242154556577,2.8460679998520106,-106.53820836659742
2024-06-18 04:53:40.00,1278.0800000000006,-0.05291583687910898,0.11552055521245565,0.9789589000547754,-14.360623480756216,-3.1925881773309355,-3.45285217049599,3.9188289046760976,2.7952497721970477,-110.02657446029689
2024-06-18 04:53:41.00,1279.0600000000004,0.0019771804151071984,-0.083594588286406,0.9950059766765081,-5.097395943344623,2.8755615431165134,0.656880340138572,-4.753494786921491,0.7174889267271954,-110.54481612220357
2024-06-18 04:53:42.00,1280.0400000000018,-0.1172341223462417,-0.12817356556792178,0.9754023252843286,-1.7278418474232686,5.490881357878371,14.76156215736794,-5.816622871738013,7.7063924048746495,-100.7649546022167
2024-06-18 04:53:43.00,1281.0199999999995,-0.15845772141068037,-0.1727527910225394,0.98328341186913,-2.8141961983299297,-0.819868889763589,-6.3111271649975595,-10.141251549503522,8.45292843109454,-103.32623369938791
2024-06-18 04:53:44.00,1281.9800000000007,-0.0876481268674086,-0.11731731687002796,0.9946327744146095,8.361264974324818,-4.855156782169219,-1.5105823616713987,-5.633464956862259,4.128350233684088,-105.24126162783472
2024-06-18 04:53:45.00,1282.9600000000003,-0.052647795541079324,-0.004959938438259829,1.0026333678116266,1.0692327213626769,2.1021805496357024,-1.283170564416046,-0.8174611066995234,3.5979772852423375,-106.16189634983209
2024-06-18 04:53:46.00,1283.9400000000005,-0.0787914694346452,-0.018145258273764342,0.9974424233545756,-1.3810694604714406,-0.5121802095935564,-1.321962292873866,-1.572210755285088,4.295060844208742,-107.33693501219764
2024-06-18 04:53:47.00,1284.9200000000003,-0.053212415240675666,-0.03357568480242539,0.9959522146369295,0.048989144930265544,-1.9717643333659436,-3.6204715208856273,-1.8255333408233099,2.9376973091193266,-109.511560584673
2024-06-18 04:53:48.00,1285.900000000001,-0.02310958492921615,-0.03297330932755841,0.9990396836866643,-0.6185905303472337,-0.01277346444738263,1.4346267908657133,-2.0299197622259824,1.6265178754847645,-109.4142158363915
2024-06-18 04:53:49.00,1286.8799999999994,-0.040803120950164765,-0.057834170857908804,0.9981436647446317,-1.7639585955043073,0.09780280137563745,8.124966288761126,-3.2856825370512848,2.3855797238053222,-105.50425687473701
2024-06-18 04:53:50.00,1287.8600000000015,-0.05801079557090686,-0.031426225772085446,0.9979776510110652,1.1337160065110816,7.446596642767595,-0.9856850373242011,-1.7221394333793754,4.82856479113667,-98.58816565400659
2024-06-18 04:53:51.00,1288.840000000001,-0.09361604508692097,-0.039151827571496475,0.9989881805663565,0.905781650315422,1.0373783823571885,-1.2895922856413948,-2.0295070666374384,5.248813501693204,-100.43695084977372
2024-06-18 04:53:52.00,1289.820000000001,-0.09732865143643099,-0.023332613506929584,1.0004387805177117,0.12236380973608722,-0.3355412291097012,-0.16142540297757124,-1.418063334174704,5.448383219985631,-100.34270972364105
2024-06-18 04:53:53.00,1290.8000000000004,-0.08662813028861369,-0.018945564898437933,0.9919902345401475,-3.597917994278174,-0.3671639889076095,47.840210033186786,-1.3860010839365833,5.164458265506827,-86.70960111744773
2024-06-18 04:53:54.00,1291.7800000000004,-0.031307108981876004,-0.0597887940428324,0.9974209676354118,-3.9169351626113107,-1.844177429207383,4.305063602824722,-3.6166075192054215,2.1238339027799955,-58.65821204856602
2024-06-18 04:53:55.00,1292.760000000001,-0.06438791408169674,-0.08975885231611677,1.0009664344722924,0.2745552593658788,2.853687645508471,-29.97869679205413,-5.562157235786402,3.7840789038051925,-73.36204957109597
2024-06-18 04:53:56.00,1293.7400000000014,-0.09342169432485961,-0.021910933079978254,1.0008030542400326,1.1473019339524424,2.283446948687992,-39.99609941982146,-1.0469211216850487,4.9710828975432975,-91.11434497956617
2024-06-18 04:53:57.00,1294.7200000000016,-0.0863493878812593,-0.02494881841680636,0.9990644226445298,-2.504327110420035,-3.289945061575986,6.243972731832867,-1.7563330110030773,4.195145417366097,-109.75488812137621
2024-06-18 04:53:58.00,1295.7000000000007,-0.0921821935771307,-0.14760019625649878,0.9881643086419297,2.942255187654196,2.7270104312462893,2.7479582574711463,-8.352367184331097,6.27941340733211,-96.0304438451189
2024-06-18 04:53:59.00,1296.68,-0.15894921944775142,0.023473893702632906,0.9807961726386284,5.774422552614119,2.8353547412268525,46.26981458653313,2.342898331678028,7.706045783324621,-89.00982598269162
2024-06-18 04:54:00.00,1297.6600000000014,-0.06532443699570174,0.10754374148810239,0.9940405491081932,-5.393030536109655,1.3469313154794886,36.44258058601742,7.484468095688505,4.686242286195599,-36.311525056410595
2024-06-18 04:54:01.00,1298.64,-0.015276995621458697,0.0019450349037208794,0.9965927195219182,-6.18551287332061,-0.7481573394728269,-63.09595904803063,-0.8343678374733771,1.3482961284668908,-48.980211819809725
2024-06-18 04:54:02.00,1299.6000000000006,-0.06510452388665545,-0.05085555004145819,0.9992703879356695,6.658766696023125,3.608646199380574,-31.420486601911787,-1.9274702033512743,3.4607281043031417,-106.99198578445578
2024-06-18 04:54:03.00,1300.5800000000004,-0.058730237731677626,0.0034993480773870696,1.00300156158204,-2.5106948271235523,-0.11311604617241619,8.018425616328866,-0.5977167966888299,3.1997085553457296,-110.6589979738813
2024-06-18 04:54:04.00,1301.5600000000009,-0.0491020939374742,-0.027703065148040395,1.0010263114434075,-0.6413099258731928,1.4554239862813816,8.178212420945302,-1.7478497585320545,3.2748267278896543,-101.93810028340489
2024-06-18 04:54:05.00,1302.5400000000004,-0.08258984321867095,-0.01623874137139405,0.9970059383417285,1.0911904777726478,0.29601631533681905,3.2880537202727833,-0.6661178847007163,4.68064866103276,-96.24712228951792
2024-06-18 04:54:06.00,1303.5200000000007,-0.0729544695605746,-0.0047204750251185834,0.9990399750277142,-1.058865272658144,-0.7959777455024859,0.3386192287858936,-0.5396990029638714,4.062006313450275,-94.35700676455865
2024-06-18 04:54:07.00,1304.5000000000005,-0.06993866551521186,-0.02631646297341882,0.9965004396850172,-0.7435474343045069,-0.3806432879240829,-1.117667186577466,-1.5790589183766621,3.954044917072113,-94.81618727511699
2024-06-18 04:54:08.00,1305.48,-0.06739524003506171,-0.03553293694612073,0.998030200028509,0.16127522645662037,-0.24301938911765666,-1.159347777357897,-1.9337546086802062,3.863314034610167,-96.01837746771261
2024-06-18 04:54:09.00,1306.4600000000005,-0.0664346829799936,-0.04920984177448131,0.9986540880838776,-3.230355527598177,-0.07915475218340948,-1.8636367891693464,-2.645326404718993,3.771246879640516,-97.16533721140073
2024-06-18 04:54:10.00,1307.4400000000003,-0.06318228099814821,-0.08327654575301663,0.996727207615479,2.7013951515310675,0.5112270092205738,-0.8551775290217317,-4.5252211146354275,3.8406494249131713,-97.92911732233019
2024-06-18 04:54:11.00,1308.4199999999998,-0.06501713795982376,-0.022434271094331187,0.9991473819552178,2.061845819775304,-0.31342867871814545,-0.3179206012401795,-1.144811070863055,3.6590203090377234,-98.07768260891754
2024-06-18 04:54:12.00,1309.400000000001,-0.07086193738862413,-0.03868032346976622,0.998873900842937,-1.9569878790462742,-0.2615951122795954,1.082430034833572,-2.674543242205482,4.083978210045842,-96.69978954471915
2024-06-18 04:54:13.00,1310.3800000000008,-0.07283837208550273,-0.05145794215517714,0.9997724533279696,-0.4508632136891184,0.6323885581222852,-0.1613399833546489,-3.0403763103109216,4.43249578271959,-97.08759979305827
2024-06-18 04:54:14.00,1311.3600000000001,-0.0772478835538285,-0.033312561784281575,0.9967605371397086,3.2067583065447223,-0.6447165152245137,-1.404020634737406,-1.362483521887068,4.251410935723144,-97.74728788163523
2024-06-18 04:54:15.00,1312.3400000000001,-0.0725385919206003,-0.0046959251531215026,0.9980026849794665,-1.1664699646510746,-0.8459201343246089,0.274178817821843,-0.6297079767288044,3.9529461620137964,-98.34058261325804
2024-06-18 04:54:16.00,1313.140000000001,-0.06283347131650198,-0.030518022649300546,0.9991341669841818,-1.5013402960277928,0.023746766741580706,-0.18700491237121436,-2.0967385153746014,3.6345154447927115,-97.47056279652394
2024-06-18 04:54:17.00,1313.7800000000009,-0.06657499363224909,-0.09230435551737343,0.9967810345319014,1.3474508714333222,-0.5336981591745871,2.6918393041828033,-5.2782343869350985,3.848631052808682,-96.04308051960697
2024-06-18 04:54:18.00,1314.3800000000003,-0.10520584136234735,-0.04515142763983848,0.9942077494927006,-0.7826390275230998,3.5112249872056056,0.6495327031975793,-3.1476899949336548,5.700540832150552,-96.89291543100168
2024-06-18 04:54:19.00,1315.140000000001,-0.09085344196051734,-0.035815665185798734,0.9967695371320828,-0.08251897808408959,-1.1422028224394325,-6.168043889052537,-2.034199340952994,3.8480353849591418,-96.77726627596057
2024-06-18 04:54:20.00,1316.1200000000001,-0.10635402880313385,-0.07243988849834546,0.9909483028682243,-3.21046556845883,2.9885247868396547,0.2931839350830271,-3.9531665165130727,4.20540119443464,-96.35063593919395
2024-06-18 04:54:21.00,1317.1000000000004,-0.06493717065636778,-0.0910514741433422,0.9902326127762329,-0.04032558689791935,-2.4463226173352,0.6972099070844614,-5.5279881049299116,3.549840026951114,-94.81091815882343
2024-06-18 04:54:22.00,1318.0800000000006,-0.03862891534761485,-0.05548445290042684,0.9954229597975335,-0.3023211485926351,1.8833057386998895,4.515046891328487,-4.173376743387798,3.238442271003688,-95.38179312284527
2024-06-18 04:54:23.00,1319.06,-0.060184225329979524,-0.0412055873391736,0.9992946577272188,3.4632993888511914,-0.9595551153732041,-1.0262809547055665,-1.9322861768025903,3.379124701914611,-99.25449324202962
2024-06-18 04:54:24.00,1320.0400000000013,-0.046332489495240624,0.01922756929595714,0.9984871741928173,1.817132379633298,-0.21388598140543855,2.7462121873964533,1.0994454951472454,2.5128769543454075,-97.18466293632873
2024-06-18 04:54:25.00,1321.0200000000004,-0.05979939668185588,0.031745643453028695,1.000001630641928,-1.7859277521659584,1.4293822976688237,1.9996130913357042,1.2810692349851216,3.602065936258697,-94.65902434708097
2024-06-18 04:54:26.00,1321.9400000000005,-0.07192522311706731,0.006087505369684867,0.9998741760526797,-0.637388484590933,-0.31395353417256494,1.3095052237209177,0.3166106467242296,3.9132687920829707,-92.971367312452
2024-06-18 04:54:27.00,1322.62,-0.07097468761782115,-0.003050888667231129,0.9980029620968927,-0.47021097454419014,0.053579714353872016,0.518705716878836,-0.19113035269663667,4.1107097089196785,-92.17401406534601
2024-06-18 04:54:28.00,1323.28,-0.06791163735279591,-0.010738365690794208,1.0000359431812726,-0.18880969534416991,0.03756848099634462,0.06053170680099383,-0.6462484936341429,3.9180896715328415,-92.02032373972527
2024-06-18 04:54:29.00,1323.7600000000014,-0.06431807790756522,-0.0201975459336145,1.0110931647030725,-0.44626636620450333,-0.38238390567073477,1.6593881724023045,-1.200207744835326,3.6120900277267802,-91.69128474714634
2024-06-18 04:54:30.00,1324.3799999999999,-0.0635005072554563,0.0057486784337393865,0.9747888080654783,1.0661807329324113,4.389939967103393,0.19338151383848526,0.4569875029507565,4.525535271338909,-91.01731770184418
2024-06-18 04:54:31.00,1325.360000000001,-0.12502651528697065,-0.011366350221664778,1.0139984406575708,7.06886437879305,6.9187615060760335,-2.4313921209000897,0.7174421009653613,8.157124287134488,-91.21150842223673
2024-06-18 04:54:32.00,1326.3600000000004,-0.04153337133326833,-0.028641018658086798,0.9983403700437063,-4.936719163735633,-1.9153349305787046,-0.2507519634304003,-2.372541022813208,2.44395277505883,-91.8132383598163
2024-06-18 04:54:33.00,1327.3400000000001,-0.028842949865375098,-0.0861642311681556,0.9980386537432111,1.665961622968324,2.063662313626113,0.12595018987632894,-4.42433277372752,2.259641508719902,-91.72586768584247
2024-06-18 04:54:34.00,1328.3400000000001,-0.07824010516097721,-0.025995791142610726,1.002966823977332,1.9813053110890677,1.2057459535046269,1.6870044314270882,-1.2325704517795353,4.505268582139151,-90.73122728027658
2024-06-18 04:54:35.00,1329.3200000000008,-0.07964170194936597,-0.01525637559332518,1.0039102533561493,-0.43126052973202406,-0.7036548775530538,-0.8625847507975909,-1.169304591501856,4.265544434443128,-89.92837376179429
2024-06-18 04:54:36.00,1330.3200000000002,-0.07015634638576647,-0.023992627658792946,0.9988401978431604,-0.06846076320243322,0.11502211573574375,-0.24372251339345347,-1.4469956841563543,4.075233872779929,-90.32961816874355
2024-06-18 04:54:37.00,1331.3,-0.0721694411847008,-0.01622157209327101,0.9958452565375404,0.26924837326606715,-0.29781010554562476,1.0315897197705521,-0.9366258292783524,4.082971980172482,-89.59171228317528
2024-06-18 04:54:38.00,1332.2800000000002,-0.069990961784176,-0.019840504072648067,0.998089015306307,-0.804685595816989,0.21781390289945116,0.8528843534448215,-1.308002349881984,4.054473803740141,-88.52532905030088
2024-06-18 04:54:39.00,1333.2800000000002,-0.07094899890208446,-0.025284056581450165,0.9969994012865835,0.24771506687777575,0.14382151051832423,0.6959222843052728,-1.3816730104876553,4.119750911844093,-87.54970402327226
2024-06-18 04:54:40.00,1334.2600000000007,-0.07805072078464399,-0.020207051548359587,1.0111080288449956,3.466438219599445,16.148579075626216,-0.6335471009077119,-0.7376968490485787,7.2188896328803445,-87.00214384963316
2024-06-18 04:54:41.00,1335.2400000000005,-0.07956029172804698,-0.023047551523594986,1.0067441872461484,-2.210197033509156,-5.835367203988113,3.1727281483590533,-1.8212057246604831,3.3983648445699033,-85.45182930830697
2024-06-18 04:54:42.00,1336.2400000000005,-0.034131379943465275,-0.01224784196902185,1.017186887035347,-5.489426253081008,10.714999170349566,3.0513377054980513,-1.8159321058747324,4.363211921183642,-81.66696232171952
2024-06-18 04:54:43.00,1337.22,-0.10140718148399902,-0.06524654064570949,0.9970458040044903,-1.0324355212531109,-2.6811298951701654,0.055742724395135376,-3.673516064119954,5.266986357043938,-79.82687786516884
2024-06-18 04:54:44.00,1338.2200000000012,-0.0651270486839211,-0.0447923135863871,1.0021448339241257,3.710141215726115,0.16346649204691416,0.15932647889114376,-1.9031814041213162,3.9644494153827,-80.2027476282889
2024-06-18 04:54:45.00,1339.2000000000003,-0.06906549131566715,-0.008998816685578705,1.0040241915689518,-0.9174864024262117,-0.5219712249960965,-0.24660308609125345,-0.9377057949873241,3.7790340174410613,-79.60000680147179
2024-06-18 04:54:46.00,1340.1799999999996,-0.06725670760270133,-0.02674809545958425,0.9968305613062114,0.703425601240017,-0.6365841009490965,-0.7691035599876355,-1.4956514096682327,3.753173980256263,-79.62535339623953
2024-06-18 04:54:47.00,1341.1800000000003,-0.08269699818112491,-0.0071758556484639675,1.033235240555243,5.579793004777419,8.307555139547524,-1.7299512206468595,0.36391857526759686,6.289353458472474,-80.70551277143494
2024-06-18 04:54:48.00,1342.1600000000017,-0.08381951448179152,-0.01333838388976897,0.9777743124683932,-3.9641061373088053,-4.743769135477993,0.6298122310483313,-1.4628219092103698,3.693849174038234,-81.10251440588388
2024-06-18 04:54:49.00,1343.1400000000008,-0.054770714142132346,-0.05562774301384703,0.9982691526725792,-0.3498249142500302,-0.6520692569045377,0.3602886491040943,-3.1058868248020577,3.2251445982594915,-80.76789679431614
2024-06-18 04:54:50.00,1344.1400000000003,-0.09244969415717626,-0.04986760823681158,1.0140684473177355,6.950897694156745,5.290396276038552,0.5544399383652845,-1.389246352666774,6.2720870238638335,-80.31811137468678
2024-06-18 04:54:51.00,1345.1199999999994,-0.1012978437516533,0.007408028272321139,0.973205311765735,-4.713446408506143,-5.683573400352888,0.8207941501733658,-0.6056938095844626,4.496675400811522,-79.58724730625762
2024-06-18 04:54:52.00,1346.1200000000006,-0.02663840773155457,-0.055297404708917225,1.0178155827816948,-0.3285281389143488,19.031440148511287,-0.07814895018642981,-3.099372611572306,4.537970357202199,-78.69529667882034
2024-06-18 04:54:53.00,1347.0999999999995,-0.07114932279603133,-0.047595947912590954,1.010001074675605,2.1484681139072097,-3.8517050030457205,0.8302266656160712,-2.203506837001889,3.178052060490852,-78.20240870557359
2024-06-18 04:54:54.00,1348.0800000000013,-0.04200993358803657,-0.02742449339998642,1.005286929912138,1.0368461234538366,0.7135957543578964,1.9127677716093041,-1.4438077982889856,2.618464278480862,-76.73657590437713
2024-06-18 04:54:55.00,1349.0800000000004,0.014147476270675311,8.450116654442077e-05,0.9789046273209744,-4.0401175305238635,7.496225238681719,0.7906505668770827,-0.7071787163648089,0.5977624610944274,-74.51438301366883
2024-06-18 04:54:56.00,1350.0600000000002,-0.11433522426522214,-0.05071237984634508,0.9950072447443346,-2.744510297957237,3.6730375973238436,0.08064772271146248,-3.263923987926723,6.876998474740863,-74.32354178751781
2024-06-18 04:54:57.00,1351.060000000002,-0.11130300377075979,-0.08201383037607629,0.9908022890882936,1.120535502683066,-2.957337033615098,-0.7321137061742808,-4.38328843599965,5.722385226483929,-74.80763350556282
2024-06-18 04:54:58.00,1352.0400000000013,-0.07105883431609208,-0.016274324499683995,1.0009450998673486,1.801984459564671,-0.8541143537536625,-0.3047685435334048,-0.8606002374612097,3.9413124632542242,-75.92586671063044
2024-06-18 04:54:59.00,1353.0200000000011,-0.06912208887703611,-0.018525125038798513,1.002124497621617,-1.857225315754514,-0.02845084534229659,-0.1968802711045166,-1.5148912596513116,4.120519263421301,-75.7991979720389
2024-06-18 04:55:00.00,1354.0200000000004,-0.07296215356542653,-0.032974288838856836,0.9958351245615882,-0.18620884334852422,-0.2602580204894796,0.7228874632947622,-1.8485981028070917,4.108088130859892,-75.7458727659114
2024-06-18 04:55:01.00,1355.000000000002,-0.06510870786464547,-0.024269033293301694,0.9977462263540121,0.9970585419459717,0.00842042117038046,1.231168705016904,-1.2368765534679758,3.8175717365307134,-74.8709884238941
2024-06-18 04:55:02.00,1355.9800000000007,-0.07528540810128283,-0.05181680990568649,0.9946102662635177,-0.6773526494400303,-0.27306700582421617,-43.62605250054487,-3.639185306807038,3.9429051439426677,-89.32048347484186
2024-06-18 04:55:03.00,1356.9799999999998,-0.06051801889405551,-0.037434041122961746,0.9968926116569343,3.0771771144059468,-3.478964095293095,-0.795096253469878,-1.7642088312594333,2.8194369437598916,-108.32796049510335
2024-06-18 04:55:04.00,1357.9600000000019,-0.060483637871488846,-0.0375877245137967,0.9990373997370441,-0.004138636357019903,0.7915574887855935,5.94071515938545,-2.252926432692224,3.669960469259411,-105.29042744439575
2024-06-18 04:55:05.00,1358.9400000000007,-0.0564558811512199,-0.02472876216618426,0.9983224621945106,-0.15311294425010857,-1.4475490805791358,5.164269888386733,-1.4478649233078067,3.107157241790165,-98.85527987146719
2024-06-18 04:55:06.00,1359.9400000000003,-0.0474124145722909,-0.026458015940306497,0.9989764709270824,-0.9473018756178502,-0.6321227310436104,0.824181737268681,-1.8018261833259412,2.782069089541536,-95.39460543203951
2024-06-18 04:55:07.00,1360.9200000000012,-0.07525667284674457,-0.01763885939990363,0.9989893365662006,-1.3303311347896618,3.0865516978022423,-2.135268246203202,-1.4656675167557296,4.819142112917443,-96.34014993951416
2024-06-18 04:55:08.00,1361.9199999999996,-0.08234697468771063,-0.041149104627299565,0.9978299592809541,0.11006122104788911,-2.5738454301266906,-1.2654817931023359,-2.240366808659556,4.210812775297481,-97.635324454001
2024-06-18 04:55:09.00,1362.9000000000015,-0.05911222268400618,-0.0379686225555937,1.00310368188126,-0.010639775934241924,0.0026268635778892426,-1.3052274553522254,-2.2232486353449104,3.4232764165656464,-98.82090256328308
2024-06-18 04:55:10.00,1363.8800000000012,-0.06665209345228564,-0.037963716059847684,1.002678901403436,-0.1194618084419361,0.21397794144173507,-1.0817673404848667,-2.1957361991933593,3.888182581240797,-99.65929811009974
2024-06-18 04:55:11.00,1364.8800000000015,-0.06438531825957967,-0.04727372220738713,0.9988816133278596,-0.04924361781777565,-0.740323660192179,-0.70662915535077,-2.653082314974124,3.6038381351133357,-100.05941789097513
2024-06-18 04:55:12.00,1365.8599999999994,-0.06461757364716843,-0.03364486898901614,0.995605526309876,0.7282616906555883,-0.08885196953261303,0.29001588096412767,-1.788626976228089,3.698935850551875,-100.13162687390633
2024-06-18 04:55:13.00,1366.8400000000008,-0.061003085317335434,-0.025284202360723335,0.9979762430973605,-0.5768180776376278,-0.11062151044373836,0.1868757506773415,-1.6750813383669754,3.5623029418110717,-99.67040119444609
2024-06-18 04:55:14.00,1367.8400000000004,-0.06093078717972483,-0.035035113811543,0.9994547100070345,0.1655471044013969,0.3691998577432574,0.22520260018205965,-2.010262117149303,3.634509119245666,-99.56835175006417
2024-06-18 04:55:15.00,1368.8200000000006,-0.06499437653145672,-0.030838667331710565,0.998885781594861,0.4659449074603013,0.3666202254695724,0.2581492879369298,-1.721554274784993,3.8291780474887487,-99.17409664614554
2024-06-18 04:55:16.00,1369.8200000000008,-0.07305191454605617,-0.033012277557207384,0.99795413964737,-0.48637105925779783,-0.022037992369724323,0.6181528710441226,-1.961329375585105,4.114178654979317,-98.66357410123115
2024-06-18 04:55:17.00,1370.8000000000006,-0.0720381326543829,-0.03594313317631811,0.9970550995917895,-0.011788958100484692,0.19974238095554506,-0.7897061766187092,-2.0168001461204454,4.109860777434459,-98.73209568199108
2024-06-18 04:55:18.00,1371.7800000000004,-0.06998578289460708,-0.03094818997110846,0.9980104518463174,0.29967945853150724,0.20945419132820867,-0.17895847546501925,-1.8038843757044223,4.1255871898808145,-99.04808284856983
2024-06-18 04:55:19.00,1372.7800000000002,-0.07300949908665846,-0.02937180220719815,0.9985855417615884,-0.37141191195769047,-0.08592948378219228,0.1509999687694302,-1.7702711220473075,4.219883698645562,-98.70114900908146
2024-06-18 04:55:20.00,1373.7599999999995,-0.07455504279084138,-0.030469923556944053,0.9980538386157012,-0.35675342381689285,0.15786268171336681,-0.581320959364974,-1.8502972847092611,4.244380057942776,-98.86188454793614
2024-06-18 04:55:21.00,1374.740000000002,-0.07572626390026235,-0.030750719057383434,0.9962387328085532,0.634303446419215,0.48265106539092306,0.15490486338260911,-1.7238460085805567,4.342417799564736,-99.17653793938311
2024-06-18 04:55:22.00,1375.7400000000007,-0.07336688360204986,-0.024650378024893078,0.9986257768534723,0.34274349387290703,-0.03151542986310642,0.5687064996830038,-1.4348412196806428,4.205676639058882,-98.7715219119269
2024-06-18 04:55:23.00,1376.7200000000014,-0.07300130074334069,-0.028141936629258214,0.997973498334441,0.009787435892506887,0.6209178842617167,0.1515361735770034,-1.6833827672586892,4.3232370917097205,-98.18680312542145
2024-06-18 04:55:24.00,1377.7200000000012,-0.07497840016644376,-0.030026500564946726,0.9989767583358933,0.06615555263493736,-0.009343138740514484,-0.38844669124113557,-1.7190694420981418,4.283518508389618,-98.14924703462783
2024-06-18 04:55:25.00,1378.7,-0.07026069116745767,-0.02999663531317065,0.9972066595242425,-0.583754695105309,-0.055960601188304225,0.3606173406628956,-1.811256983499709,4.000631971949565,-98.11684376990698
2024-06-18 04:55:26.00,1379.6800000000003,-0.06637781914812867,-0.030029120587954646,0.9974061913113581,-0.13025857887969097,0.25449161792268743,0.04874415486716613,-1.7464437858670037,3.8678302679949605,-97.66194384913815
2024-06-18 04:55:27.00,1380.680000000001,-0.0714287871816919,-0.02357129623892322,1.0001403797010333,0.04484355866617864,0.7666205920990699,-1.4112874377028837,-1.4268509364278479,4.193498049878737,-98.4329353732428
2024-06-18 04:55:28.00,1381.6600000000008,-0.08195374360215388,-0.018227448348069015,0.9975898117582114,0.12631696371544748,0.541866772243569,2.1011005646194922,-1.1924372820745357,4.646265571244543,-97.36482745355522
2024-06-18 04:55:29.00,1382.6600000000012,-0.08080976366157351,-0.023002143071884418,0.9990720402882725,0.0020738588562250575,-1.9026384157327603,-1.3801015714683074,-1.1384994893929754,4.3407160635009925,-97.27374276214687
2024-06-18 04:55:30.00,1383.6400000000012,-0.05967306102884127,-0.032328590757199606,0.9990291392101922,0.2626792490987922,-0.03617070673354825,-0.2167676532643695,-1.7303833131443775,3.403887064159859,-98.12453866627689
2024-06-18 04:55:31.00,1384.6200000000001,-0.06104397670188475,-0.03501652093212799,0.9970260133290819,-0.1509317591825684,0.774914820495013,0.10736285489154433,-1.971860440086675,3.6280696258413445,-97.86251230114534
2024-06-18 04:55:32.00,1385.620000000001,-0.07004052436364708,-0.030977194605802654,0.9989487822437564,-0.6133844324874344,1.292062128417946,-0.6012882285157042,-1.831959017942878,4.156136106602565,-97.90396925340009
2024-06-18 04:55:33.00,1386.6000000000006,-0.08196641286948393,-0.039815797586315704,0.9975650573405191,-0.08623997970928174,-0.20826430554957753,-0.09829630361250735,-2.2584240994326645,4.506564125181121,-98.191983689534
2024-06-18 04:55:34.00,1387.5800000000004,-0.0748989989431349,-0.034443707444092996,0.9979865336495166,0.8452130564460691,-0.4928104634651423,-0.06783992091962375,-1.8903209651592252,4.138350139597616,-98.0814016276567
2024-06-18 04:55:35.00,1388.5600000000002,-0.06775111170251986,-0.027357658328253504,0.9980030800872596,0.27342377834294246,-0.13552690712461793,0.18589760519006274,-1.6243829990209084,3.866038821523028,-98.340891475713
2024-06-18 04:55:36.00,1389.5400000000009,-0.08150956580181416,-0.0020884583913607863,0.9994886672818962,0.5707720323091887,0.9146743542682965,-2.316728037746108,-0.20858278930461968,4.75628733413339,-95.95051592323473
2024-06-18 04:55:37.00,1390.5200000000016,-0.08046057347728584,-0.006329220552626107,0.9972842013304197,-0.29870754665663024,-1.3512008261559376,0.35389083157432544,-0.40925551679469246,4.311019621421902,-96.48927212628007
2024-06-18 04:55:38.00,1391.5000000000014,-0.06699983858682146,-0.02368789425101514,0.9980145591076686,-1.323468068508092,0.28374384375078854,-0.5244085106067355,-1.5464290356478725,3.888963743966391,-96.60111383976081
2024-06-18 04:55:39.00,1392.48,-0.0753790148264285,-0.05666453647891818,0.9961733690900976,-1.217559180148782,1.304969144314744,-0.4091191551385109,-3.3358707051497594,4.500823847460395,-96.72809913351371
2024-06-18 04:55:40.00,1393.4600000000005,-0.08614096856915086,-0.06107739615114109,0.9956468014145801,2.148036464618284,-0.0875458134136624,-0.5507070641491335,-3.0035917561760037,4.807409293799023,-97.1492406180487
2024-06-18 04:55:41.00,1394.4399999999998,-0.08320838267313173,-0.023915420121945013,0.9987635279517246,1.0684144159676694,-0.8951345232728276,-0.1840973339342769,-1.3020494389628032,4.621551263809526,-97.5089146092428
2024-06-18 04:55:42.00,1395.4200000000003,-0.07150552338583477,-0.005971312695790326,0.9999861081500702,-0.0265422187204708,0.014335882826392365,-0.5845429839845655,-0.5690864944727422,4.079891541067861,-97.74371439223266
2024-06-18 04:55:43.00,1396.3400000000004,-0.0655500510847878,-0.022317312167269954,0.9974677178396638,-2.346622768098537,0.047849131823939725,-0.2934975376252805,-1.7862608479077027,3.826446815870831,-97.9742547645714
2024-06-18 04:55:44.00,1397.0400000000006,-0.06300752199202125,-0.05656019410134141,0.9966353919637628,-1.0915324634122296,0.6463513865402268,-0.7419193696334662,-3.2949749665337293,3.8012088281587313,-98.08628337886081
2024-06-18 04:55:45.00,1398.0200000000013,-0.07796136794897862,-0.05755350620948231,0.9965481029575767,0.840447359714761,0.3562452217654212,-0.2728668206088645,-3.06472961682023,4.483391419331105,-98.66422251027296
2024-06-18 04:55:46.00,1399.0000000000014,-0.08199128099512924,-0.02798487945360317,1.000000529585259,2.725895175484305,-0.45818717747082,-0.35283925813091993,-1.210571407260415,4.4878227306959015,-98.66605586043359
2024-06-18 04:55:47.00,1399.9800000000002,-0.07188348191687138,0.001989633134558621,0.9990265368696882,-0.6739826755934333,-1.2419541179553368,-0.41681230291202925,-0.19562068712174172,3.9195570581748482,-99.12311134384876
2024-06-18 04:55:48.00,1400.9800000000005,-0.04717035308473856,-0.03552751246914902,0.9951860965949355,-1.4973800194204,-1.2832069986484824,-0.4273708658329374,-2.3716603131521965,2.6365871973422594,-99.0350532039718
2024-06-18 04:55:49.00,1401.9599999999996,-0.04455319645062884,-0.06511502885787249,0.9966616967460389,-1.1494380757106661,0.8495344422251451,-0.4401780220619396,-3.3517592327831096,2.9675923540684854,-99.25967918647444
2024-06-18 04:55:50.00,1402.9600000000003,-0.06264592621560057,-0.05097265647025298,0.9989264273141711,1.06454245763748,0.9716946622153672,-0.26548147712040004,-2.7331417006146297,3.657051200454724,-99.27828852319364
2024-06-18 04:55:51.00,1403.9400000000007,-0.0853026381424525,-0.03909004806024956,0.9994027745958146,-0.013312855180004926,0.015623020275329413,0.09792331151382938,-2.393113454753128,4.7633693186600015,-100.063569676916
2024-06-18 04:55:52.00,1404.940000000001,-0.07522415916924716,-0.10369899161376707,0.9947489754216221,-2.4105960503755566,-1.104321764925017,-0.45141422947120624,-6.09023667336155,4.065703209820928,-100.39383115364014
2024-06-18 04:55:53.00,1405.9200000000005,-0.030161402865200714,-0.09208669913891479,0.9937200111557232,7.194323702486217,-3.891022352571185,0.253940780985068,-4.285855313645043,1.1819218660569792,-100.62001739975209
2024-06-18 04:55:54.00,1406.9000000000003,-0.0059390822833910156,0.03033984113985627,0.9999842656689488,2.7618754907959286,4.397171325112289,-1.1415648249122485,1.3983670671693584,1.2532770264395374,-101.25786596966303
2024-06-18 04:55:55.00,1407.9000000000003,-0.09401420148179841,0.02050840582328275,0.9999759806551101,-5.228842624618143,1.6149666025459437,-1.3072005751494724,-0.025723793852193116,5.414550194828218,-101.85710223700895
2024-06-18 04:55:56.00,1408.8800000000006,-0.06982706913072259,-0.031206604666466645,0.9961715749985376,2.243850944194037,-2.5600991734846756,-0.7773443754205781,-1.250095183444623,3.4880705591621073,-102.46470755485367
2024-06-18 04:55:57.00,1409.8800000000003,-0.03874591254482888,0.02636621574536362,0.9974229679955663,1.8359527164035558,0.7427645706070153,-0.1841307132764011,1.5138427452947063,2.4394852840651393,-102.74473542884652
2024-06-18 04:55:58.00,1410.860000000001,-0.08422580012714798,0.011668157795889523,0.9977806563790389,-3.060500117224891,0.4586691733932605,-0.9724592794247544,-0.06261547807570758,4.784247546651903,-103.32666783985427
2024-06-18 04:55:59.00,1411.8600000000006,-0.0692542385877164,-0.024309239742985843,0.9966076077003471,1.9860134979875494,0.4233060401725481,0.6958575208740174,-0.9508094565932146,4.0706113789953795,-103.37772243215778
2024-06-18 04:56:00.00,1412.840000000001,-0.07619293897505933,-0.01969124127154821,1.0001686436765063,-2.545888328029843,0.810441522930937,-0.3202599977001447,-1.611592661161489,4.512419362845606,-103.31822619032337
2024-06-18 04:56:01.00,1413.8200000000013,-0.07421145545524975,-0.02947875649526331,0.9963085660577653,0.7911503011725177,0.9211392178947189,-1.5023864946012773,-1.5595628271965676,4.354665706273654,-105.30397392548323
2024-06-18 04:56:02.00,1414.820000000001,-0.07933829116509271,-0.024970944607088753,0.9957579681238687,-0.42253094840761574,-7.324742483542294,-9.552316648089702,-1.8182663264524197,3.1454852966136952,-107.40212730189636
2024-06-18 04:56:03.00,1415.8000000000009,-0.0341451670336072,0.02803567017765148,1.0038729356145786,-0.9052933432453738,3.0420653392456543,3.0970069386103285,1.2957838148226553,2.6274224813433955,-104.25768610963884
2024-06-18 04:56:04.00,1416.800000000001,-0.046436000040701565,0.031045012708396297,0.9991620725913233,-0.2453038492049936,-1.3399675248296428,-1.5847803414117672,1.8187510769686928,2.2303407964159083,-101.8416740306139
2024-06-18 04:56:05.00,1417.780000000002,-0.02809529324319945,-0.03855468314138411,0.9954278938922921,-0.9009739629953595,-1.8269660210576828,-1.5149568700788945,-1.4903928064826424,1.311785577351951,-102.9408569914985
2024-06-18 04:56:06.00,1418.7599999999989,-0.06303354125207913,-0.05749051039008521,0.9691525170514067,-21.329812216170122,6.805466224188834,-4.179452505122791,-6.534204249451641,4.850743249650119,-104.636021709939
2024-06-18 04:56:07.00,1419.7600000000002,-0.18618096619357033,-0.21202846464675998,0.9652675625931427,13.8890216981419,2.945861910021271,0.7199881170987602,-10.678343395014698,9.79198174894397,-108.50763176715496
2024-06-18 04:56:08.00,1420.7399999999996,-0.22514621062854778,0.021326614318051013,0.9848535560263859,4.702270180879345,-14.210514441547474,2.858477690851206,2.1030015723117965,10.160082324676965,-104.36688112946382
2024-06-18 04:56:09.00,1421.7399999999998,-0.02468393351928608,0.010485873602411924,1.0003962476868884,-4.4595709637353576,0.22054594765452845,-0.46748685169599274,-0.5974154358026591,2.2383934689340492,-105.08441890761476
2024-06-18 04:56:10.00,1422.72,-0.05098400473779983,-0.016656309093758398,1.0409597463086226,4.638397387044672,15.203276343376565,-0.5021993339511589,-0.2833484638015903,6.153204957445713,-105.05701091803907
2024-06-18 04:56:11.00,1423.7000000000003,-0.10877066835074183,-0.05930542859035125,1.0177583936336225,3.9687342320396306,4.58413521429488,-1.669615756888521,-2.7824268644090946,6.755322447875679,-104.76576430336696
2024-06-18 04:56:12.00,1424.700000000001,-0.15004998371711853,0.026201455855610994,0.993069455786066,3.370016026368018,-0.06963140243988836,-0.21452757747681772,1.9107295294631028,8.203960279796936,-106.28394375044881
2024-06-18 04:56:13.00,1425.6800000000012,-0.07788308795436302,0.05939319051518959,0.9787344456942809,-4.713352914443729,-13.865585820461709,2.807697645891916,2.4220226323740737,2.328463459153448,-105.24713350364726
2024-06-18 04:56:14.00,1426.66,-0.055744442740810654,-0.18019464546638572,0.9867372664124437,-1.5579972264993265,-7.691125866479501,7.9748890842126725,-10.049968713809553,4.094783190345574,-94.81217948806832
2024-06-18 04:56:15.00,1427.6599999999994,0.012604969814407202,-0.08479110222932867,0.9903126251154855,6.425564269455718,1.0938805893147527,-4.7473003797593565,-4.706419440983976,-0.06272845042085758,-92.17965839002298
2024-06-18 04:56:16.00,1428.6399999999999,-0.06680962112588723,-0.0002908369153284024,1.0099359373040886,1.3785914038213418,0.7802425988691278,-7.397426761705568,1.1398758934983964,4.259749572066115,-103.80478182399993
2024-06-18 04:56:17.00,1429.640000000001,-0.025174741933456764,-0.053542156126790766,1.0044611480600993,-4.175399212516254,1.127387057862307,-2.0211081089358856,-3.6790915838189746,1.5407335534797388,-107.54297675038032
2024-06-18 04:56:18.00,1430.6200000000003,-0.05761284269244742,-0.05431763922678428,0.9969654115254926,4.3654025069690565,0.4283983395218647,2.290522720460365,-2.2312371709289844,3.315682238635597,-106.71053561272053
2024-06-18 04:56:19.00,1431.6000000000001,-0.04741510289816576,-0.020043226027272973,1.0000223918880593,-2.506760142913504,0.006700511742490922,1.2680446899311393,-1.801383642014995,2.746305803960775,-104.92364410481599
2024-06-18 04:56:20.00,1432.6000000000001,-0.05994160984971542,-0.05873768979330577,0.9784601600981101,-1.5158889136730844,1.3478368271952432,15.452880077495653,-3.442068939394826,3.9932325969403224,-97.23568615048981
2024-06-18 04:56:21.00,1433.5800000000002,-0.059769956922137976,-0.045467637969535256,0.9990371643355136,3.366763449911501,-2.6844822040811693,-3.9932373934665697,-2.4035173645319685,2.9950912162860988,-92.11148462550189
2024-06-18 04:56:22.00,1434.5800000000017,-0.04415041430930203,-0.004131795552447022,1.0040178877382648,-0.8736258142047402,3.1780762382329066,-0.7283383563439788,-0.6840647186364134,3.0584346560937705,-95.08367397939108
2024-06-18 04:56:23.00,1435.560000000001,-0.09196172521042012,0.02333120065912651,1.003471851210703,3.783030584458895,-1.080554949682085,-0.24062022074615186,1.862999334419428,4.799426551724464,-94.46193465467026
2024-06-18 04:56:24.00,1436.5400000000013,-0.04915391887822425,0.03968448309954681,0.9984580079984615,-1.9639305734516825,-1.263241590117361,0.6222121941459962,1.8821880455359152,2.6461905687009883,-94.17227494869627
2024-06-18 04:56:25.00,1437.5,-0.0654329328101054,0.011043206286298625,0.9974908469083661,-1.7270036122872248,3.1538823814466133,0.31415671478863416,0.5179994751499196,4.357340296372876,-94.00139417306137
2024-06-18 04:56:26.00,1438.4799999999996,-0.08572504568321979,-0.015209685212486463,0.9942556412591695,-0.35816167868500404,-0.34180222594349385,-1.0795044143589254,-0.810709056462556,4.699873568233136,-94.116988029321
2024-06-18 04:56:27.00,1439.4599999999998,-0.07402700439010587,-0.022141594274201364,0.9989160090753152,-0.22852058664482766,-0.6824454521038706,-0.3925516616504797,-1.2156844905537645,4.124621164216869,-94.74906707595743
2024-06-18 04:56:28.00,1440.4400000000003,-0.06658564701566877,-0.023776072351556196,0.998219912350767,0.3206759034925277,-0.015642461417299004,-0.08191591674778531,-1.2998279348466182,3.869512791321391,-94.58499428283582
2024-06-18 04:56:29.00,1441.4200000000012,-0.0682410233101144,-0.022012221228993743,0.9994852485360807,0.13278919629012795,0.14696061198256377,-1.0414735139700757,-1.2503832231404657,3.9651294418460954,-95.15353665881153
2024-06-18 04:56:30.00,1442.4000000000012,-0.06192504764252131,-0.02109762270003797,0.9984388723452744,-0.743791664096692,-0.18177872390224536,-0.8444929332249921,-1.3222959948001365,3.5361070583082403,-95.46845254673774
2024-06-18 04:56:31.00,1443.380000000001,-0.06857860109369308,-0.03401049997449554,0.9974733786397951,-0.7491466032601979,0.015889312618040455,-0.04846754033633055,-2.056346422496314,3.9975759235046637,-96.02599175417141
2024-06-18 04:56:32.00,1444.360000000001,-0.06855100562792778,-0.05256551298020305,0.9996349785128049,-1.9360568042640132,-0.3339891034232316,-0.18983919699093801,-2.7154124151104275,3.8866164556980847,-95.67167784227733
2024-06-18 04:56:33.00,1445.3400000000008,-0.05901955106580223,-0.08716699272800096,0.9929981215973741,-1.4473937771768088,-0.3824579808753568,0.5973355805228847,-4.725752268263794,3.311956299179429,-95.47905594708004
2024-06-18 04:56:34.00,1446.3200000000002,-0.044848071480469966,-0.1157419360343844,0.9912463610620761,0.8129470752464842,-0.2077716974036184,-0.48066277593528584,-6.326058865122047,2.7221896707894486,-96.97763973198055
2024-06-18 04:56:35.00,1447.3000000000004,-0.02129207836638245,-0.11004553954709774,0.9949992840855766,-0.7680480493369025,-0.9811285242120196,-1.3866361020291076,-6.66803983531434,1.1537865614758032,-96.94241551396777
2024-06-18 04:56:36.00,1448.2800000000013,-0.08210708728670381,-0.11768025341889511,0.9876205673336278,-5.802917023392273,8.025867302247725,7.67444713548519,-6.756548583297834,4.0382895192845565,-98.9538259128558
2024-06-18 04:56:37.00,1449.2600000000002,-0.11578088840050552,-0.1656991229941232,0.979317569607451,2.961160242933335,-3.925423932051658,3.184137073482799,-9.646059020255802,7.347062466875631,-93.48688143641675
2024-06-18 04:56:38.00,1450.2400000000016,-0.09149286957973948,-0.06021393890349975,0.9918034902209522,7.302211163294425,-1.3578579895379537,-3.688304375202082,-2.6839955722400726,4.915868840931376,-93.95216521892172
2024-06-18 04:56:39.00,1451.2199999999998,-0.08537986959463612,0.03726590323053005,1.001161980358207,-0.5394168919589712,-0.11572172174970981,-2.2451723382404545,1.7931554772885379,4.926722748048819,-96.75872732598177
2024-06-18 04:56:40.00,1452.2000000000014,-0.06508687881709307,-0.03286824673188251,1.0018033133598645,-4.344046548666873,-0.2782696277741091,-0.7842880261897032,-2.774121256739628,3.780390155257571,-97.83161038769467
2024-06-18 04:56:41.00,1453.1799999999996,-0.06522823668752922,-0.08874497665267311,0.9935124442118289,-1.8249906066557893,1.1703715296678638,-0.6623159752519745,-5.213926290291411,3.999815793813898,-98.23124498015555
2024-06-18 04:56:42.00,1454.08,-0.0686927968146645,-0.08378092854629748,0.9950997880612954,3.085470740534531,-0.886552434864363,-0.1293686237578615,-4.2147210240423005,3.7232853541833046,-98.49945484494067
2024-06-18 04:56:43.00,1454.6800000000007,-0.055173134149393274,-0.03932467906621273,0.9996248936739056,1.862694712188485,-1.614480675611701,-0.31879604261699046,-2.110044888443128,2.70277748108739,-98.36906067601842
2024-06-18 04:56:44.00,1455.320000000001,-0.0467043845911948,-0.007926705717472175,1.0004486263155419,0.8782265811882656,2.10886519749581,-0.8137973187490384,-0.5182580822449724,3.1383166742699484,-98.78327147157603
2024-06-18 04:56:45.00,1455.9600000000005,-0.07865292998611051,-0.005481152605104312,0.997856276900756,-2.4470105314136728,0.7201748862490799,-0.6564057891813234,-0.9128951860386518,4.421385716138965,-99.10564044677922
2024-06-18 04:56:46.00,1456.6400000000003,-0.07483166320802649,-0.05102086315453107,0.9979361650776486,-1.0539540694155416,-1.169783564546379,-0.40437339636509945,-2.9774278653477007,4.043925559703471,-99.20709843818238
2024-06-18 04:56:47.00,1457.620000000001,-0.0708940975676052,-0.060423078517983723,0.9959017332504534,1.2787996588019794,-0.0727279485833412,-0.21659153524034336,-3.198275349278585,4.130540278239747,-99.52764277909895
2024-06-18 04:56:48.00,1458.6000000000008,-0.080805116182472,-0.007025509432599951,0.9949364533172396,5.2004871124872265,0.7704036774620289,-1.7700467067274102,0.2191115528009133,4.700639262572568,-100.82612190106262
2024-06-18 04:56:49.00,1459.5800000000004,-0.1082428785869329,0.006169050540503683,1.0000100844234963,-4.452036085047521,2.8836639989359814,5.110079251597888,-0.5000430238040486,6.648462771192416,-96.05773996670376
2024-06-18 04:56:50.00,1460.56,-0.07777991065050614,-0.00046022064058672836,0.9963271317453256,2.2093590437827713,-3.2301581571583187,-0.6131865252711184,0.23012624423602454,4.0051540207562235,-94.4608534699106
2024-06-18 04:56:51.00,1461.5400000000018,-0.08283902755490866,0.06955606356823998,0.9924971670429931,2.622453316308623,5.625248139877364,-6.135386408842911,3.3066782122359397,5.339216051327505,-98.79164265232895
2024-06-18 04:56:52.00,1462.5200000000018,-0.12347610258696157,-0.005293765859162162,0.9952601318345303,-6.168647353152221,-3.253495097275863,0.20083980234406568,-0.021674968356965058,7.0961348127062385,-99.14687348712462
2024-06-18 04:56:53.00,1463.5000000000002,-0.05470179843832685,-0.03769777913400045,0.9970674479661245,3.375841137584861,-3.026279141580123,-1.6704585380577242,-1.423797152394929,2.6661893183805123,-100.63624157074113
2024-06-18 04:56:54.00,1464.4799999999993,-0.0480983918459968,0.030727816142315074,0.9999775663732475,1.7592442611585508,1.8460715855602636,2.265299561085976,2.0976954315814362,3.2524673596619595,-97.91532280338978
2024-06-18 04:56:55.00,1465.440000000001,-0.03997870528767358,0.0009547080525569133,1.0015569926263816,-4.2506594039619205,0.13526656491273994,-1.2174583050187422,-0.6364544468013819,2.2611983783728586,-97.66308766394602
2024-06-18 04:56:56.00,1466.4200000000005,-0.058623880834609246,-0.028131706601836545,0.9976773308562275,1.7479311313950618,-0.34021834660070277,0.5051738808019939,-0.8222148692726756,3.5658381293869073,-95.88468200445588
2024-06-18 04:56:57.00,1467.3999999999999,-0.057702781914650655,0.027241805279500042,0.9984813688272666,3.040074833258814,2.8849882017489548,-1.5204957278433604,1.4474672281540628,3.3898913671801965,-95.52234828228362
2024-06-18 04:56:58.00,1468.3800000000006,-0.05809546805650588,-0.0019478570166048881,0.9999563252731891,-3.28070542913267,-0.25230364440900405,-1.3900185238167206,-0.2083309544309438,3.666936853389751,-94.66543703721722
2024-06-18 04:56:59.00,1469.36,-0.053711605778888685,-0.04241192931964359,0.9990833684900411,-0.3689136601019465,-0.13010728226221685,1.1519840927754699,-1.986302602284785,3.185940056982577,-95.80375766053699
2024-06-18 04:57:00.00,1470.3400000000006,-0.06189563467104849,-0.025020753872048215,0.998057648694957,2.5641991971171216,0.008652969480958292,1.3739365994585218,-0.9541194471485479,3.6862763094111393,-94.51216323319858
2024-06-18 04:57:01.00,1471.3200000000004,-0.0628790124609619,-0.004752165975513362,0.9999502976390793,-1.6784317729325149,2.0280081132764307,2.8527419347017977,0.19989109361594257,3.7015627953924097,-94.06895358764181
2024-06-18 04:57:02.00,1472.300000000002,-0.07828262260739163,-0.022265628524533357,0.9973498524721377,-3.4602453417487626,-0.20611154965349038,-3.258387125024624,-1.4008344147548404,4.6884634600295225,-96.93273770444505
2024-06-18 04:57:03.00,1473.0800000000004,-0.07756944310390625,-0.03812397886963534,0.9961192709521064,-1.5771400983195218,-1.5348668351722146,2.2555217984124742,-1.7346574476746224,4.504352345958167,-95.80571922816041
2024-06-18 04:57:04.00,1474.0600000000006,-0.09165125720703153,-0.0045225279525136445,0.9996668041712732,-4.918382531940523,-2.1124361763907316,0.14080490040852892,-0.05038576870234261,5.778284185964528,-95.6334007805605
2024-06-18 04:57:05.00,1475.0400000000013,-0.07442384414816822,-0.03935891065987955,0.9913314814067957,2.721879571660137,1.7869320427501376,-3.0734903081177722,-2.622104985577187,4.025333744052036,-96.35666728667081
2024-06-18 04:57:06.00,1476.0200000000002,-0.09267160885926774,-0.052599176026867527,0.99598615827741,-2.7069927160706393,-1.2296943355831023,1.3551569008142428,-2.711562847705154,5.44411192345164,-97.04850410599705
2024-06-18 04:57:07.00,1477.0,-0.07835384081818313,-0.037728288965018224,0.9998597300290301,0.4071139121397036,0.6367094764951319,-0.9580981391473813,-2.0096613489369144,4.920273167102667,-96.70047918960299
2024-06-18 04:57:08.00,1477.9799999999998,-0.06866903754059347,-0.039457198493429435,0.9969687984918544,-0.49362484926685213,-2.480242646834533,-1.846942596127999,-2.1904748538383503,3.4045971680964886,-97.31352573147615
2024-06-18 04:57:09.00,1478.9599999999994,-0.03924381237797433,-0.05273496513962191,0.9996199782023577,-0.73903048584045,-0.046939104670579816,-0.6920398083699719,-3.156623173865211,2.3313220601400446,-98.52799952016031
2024-06-18 04:57:10.00,1479.6200000000003,-0.04456110512065677,-0.05731076463843607,0.998944127778373,-0.0929885082569457,1.6672109210663018,-1.6332103465431687,-3.3927105585220594,2.8988323717763174,-99.30796580124118
2024-06-18 04:57:11.00,1480.5400000000018,-0.06353130215721567,-0.03280815059037136,1.0000530090449875,3.7015665448890758,-0.03537266286786693,5.4370520919948415,-1.580716895578987,3.724273556732121,-96.50744446051611
2024-06-18 04:57:12.00,1481.52,-0.035306986267381935,0.034913568647192285,1.0024575523754957,3.657585317054925,-0.7865073317212228,0.06817481972009233,2.31827129414088,1.9256118063194811,-94.63221912976233
2024-06-18 04:57:13.00,1482.520000000001,-0.038114641033837826,-0.06304683657133468,0.9901632923199347,-16.236768969746556,-4.220488269845004,-6.500977323400064,-4.3954951705786005,2.626402555758747,-98.19804338777016
2024-06-18 04:57:14.00,1483.5000000000011,-0.02750702812535853,-0.1954748696753784,0.9773645501776458,-6.654949449183567,-2.4285661101050975,16.85017730412395,-10.90622787529837,2.1997495146938344,-97.56900591326661
2024-06-18 04:57:15.00,1484.500000000001,-0.09475047454815903,-0.20974965279577495,0.9714277293741296,3.730095868315275,1.0059662416616357,2.447854583919639,-10.297714981594616,5.338019243131819,-98.11850618337282
2024-06-18 04:57:16.00,1485.480000000001,-0.09475437861571742,-0.12395346917232918,0.992884688393184,4.486640300939653,-3.1319600373996876,0.8288749701526661,-6.680538478939089,4.8483250089876355,-96.46553673459157
2024-06-18 04:57:17.00,1486.4599999999996,-0.04723774992426091,-0.054803082883135,0.9972337922182917,2.326951921124976,-0.8799799878052571,-0.31422292714112243,-3.313138904995211,2.7841733467379175,-96.6912446471485
2024-06-18 04:57:18.00,1487.460000000001,-0.039422406213402206,-0.024962424395711887,0.9966624497499448,2.6335379818033453,-0.8099444002805817,-0.8047826647440676,-1.4133181561019386,2.1025092433103705,-97.3875101965215
2024-06-18 04:57:19.00,1488.4400000000005,-0.025270663694470282,0.032721488764323695,0.9975484945362209,0.7570087794082014,1.5873234190887242,0.8915375800873376,1.5456334569001384,1.8402987516594753,-97.23364462024566
2024-06-18 04:57:20.00,1489.4200000000008,-0.060450579315138406,0.031706685746175106,1.0007685761527914,-2.8018042434779065,3.077319528282548,-1.6368395562005191,1.2812985491493476,4.013765408321657,-97.00363046513216
2024-06-18 04:57:21.00,1490.420000000001,-0.10119183605814083,-0.06795404417549852,0.9983370555093809,-6.460344971863962,-1.9238427897550976,-0.7672034429395926,-4.621943727404155,5.457597295728377,-98.01376583703264
2024-06-18 04:57:22.00,1491.4000000000003,-0.06996173492460528,-0.12848810197385221,0.9881089207139181,2.2445277184905845,-0.08574084615710025,-0.4956797278431141,-6.621886004633031,4.132479323237581,-98.93776541311713
2024-06-18 04:57:23.00,1492.3800000000003,-0.08067374190146409,-0.06230416951075551,0.9961184901623658,4.667384310864466,-0.3530824839755383,-0.19071375572175478,-2.8981181455743887,4.4433300788329815,-98.87258243994643
2024-06-18 04:57:24.00,1493.3799999999997,-0.0771701811964384,0.022503266975734532,1.000983679896398,2.196294047311275,2.174743426021644,-0.6095315851915484,0.9144939911002122,4.718529990072746,-98.76845304102063
2024-06-18 04:57:25.00,1494.3600000000017,-0.10903122756616884,0.05300222428797356,0.991365075108163,-0.29358050080957376,-1.308830477606917,1.637190372684459,4.4744084047534365,7.336155729518924,-102.80577729789816
2024-06-18 04:57:26.00,1495.3600000000001,-0.11003018474222771,0.01824169781602922,1.0002112834488257,0.38905329464152555,0.3709031448922644,0.15747202221824663,0.8167908669524421,6.609801492266206,-95.70948345371258
2024-06-18 04:57:27.00,1496.3400000000004,-0.07151416856313937,-0.019261565057643114,0.9950765038251522,4.493203186335604,-3.2800232751237357,4.816633334758035,-0.4510019151899148,3.9133801681898523,-97.35367742449698
2024-06-18 04:57:28.00,1497.3200000000018,-0.06117857206532419,0.0868666635771807,0.9991898085963804,2.71692633035748,1.327968617698804,0.8530308344703819,5.296773765336989,3.8434706953657933,-97.4715146879822
2024-06-18 04:57:29.00,1498.319999999999,-0.09532802033189612,0.06107132766310937,0.9922482787034317,-8.245562048978279,1.1294663974270915,1.023602159973492,2.188318194337928,5.403616073054468,-96.86267187731225
2024-06-18 04:57:30.00,1499.300000000001,-0.10501831519466022,-0.07167517537400846,0.9898632590711145,-3.7257196771611363,-0.16537503663762287,-0.836829370869125,-4.044453732887914,5.994452289273708,-97.35589221598138
2024-06-18 04:57:31.00,1500.2800000000009,-0.1227859417221125,-0.12468537659194692,0.9838865875893912,-0.8043873989171116,-0.30386048775319696,0.5224912997421894,-6.781039491578856,6.917328319911258,-96.65265005117024
2024-06-18 04:57:32.00,1501.2800000000004,-0.1026684840890008,-0.10987903849167402,0.9932823386522993,5.3091536728010835,-1.567228032317908,-0.9332779586132887,-5.245587296420462,5.720717514615525,-97.32873140321378
2024-06-18 04:57:33.00,1502.2600000000011,-0.07111759243377991,0.013219522532605454,1.0050706037732016,6.939559418807041,-0.688072010244717,1.4267900284074646,1.6036503134523554,4.155737928095795,-97.4198857129195
2024-06-18 04:57:34.00,1503.240000000002,-0.05356319444843454,0.06801529448825935,0.9980615252525126,-4.3201553221352755,-2.140212541861735,0.1162896262763217,2.9856976621347533,3.0563564437643898,-96.66822310644771
2024-06-18 04:57:35.00,1504.2200000000005,-0.0029323571334611657,-0.026193898382801496,0.9933231966384162,-4.317686769170717,-0.9836539547770903,-1.890594582231853,-2.122411334497373,0.28429817751680414,-98.44435743172124
2024-06-18 04:57:36.00,1505.2200000000003,0.006059085994086451,-0.1569685767407464,0.9929189352798977,-6.54054990112387,-0.3263454860174484,-3.3314569765460695,-9.621953429709073,-0.270400297926017,-96.87890199205674
2024-06-18 04:57:37.00,1506.2000000000005,-0.020074432881141753,-0.12536673477236102,0.9916469699166787,8.643312306264283,2.3332526962293083,0.12157035573227545,-5.6217684439597075,1.3418571620255082,-97.23933361757517
2024-06-18 04:57:38.00,1507.2000000000005,-0.06011529212465359,0.0143823174587684,0.9958551783184143,-0.6189209726643832,-0.002870340907150974,5.407786940777056,1.3361022501464834,3.3280099698581393,-95.44576348794055
2024-06-18 04:57:39.00,1508.1800000000007,-0.05914208019391735,-0.0583791919037171,1.0022359727649603,-6.455663575352612,-1.2954911917839291,-2.4543370044094996,-4.542110243558608,2.9962158748976435,-97.15938574003256
2024-06-18 04:57:40.00,1509.1600000000014,-0.027510656118995953,-0.15047995085626228,0.9903378245919887,-2.551611201823153,0.1543066356675672,-0.3407851778146585,-8.842993870433837,1.7188364805987688,-98.14045640347067
2024-06-18 04:57:41.00,1510.1600000000005,-0.055225958362981,-0.09603695811980292,0.989230005287175,9.322705255631929,0.22640931896588828,0.669998746701698,-3.985056839070842,3.0585498785545346,-97.91824126944806
2024-06-18 04:57:42.00,1511.1399999999996,-0.034124927481311414,0.028093437809268016,1.000059981167702,-0.04452101944678044,-1.7027556733608578,-0.21149995838768598,0.9792853948664604,1.5381266573680696,-97.39423020979544
2024-06-18 04:57:43.00,1512.1400000000012,-0.046848273249184856,-0.029423728692154462,1.0010178884423815,-5.193293206272606,1.1374167904418497,-1.4326116936263968,-2.7400622605580724,3.056223107878875,-98.44685153567093
2024-06-18 04:57:44.00,1513.1200000000006,-0.06201124144928325,-0.07322729109610149,0.9949923735976881,1.986337346529728,-0.30127401760247474,0.9934814708843759,-3.6546022432945082,3.473446396948172,-98.12134991117246
2024-06-18 04:57:45.00,1514.1000000000006,-0.06765515589670681,-0.025487952531981217,0.9970016410377027,1.4178692536810324,1.7810694538174583,-0.8815405245223042,-1.3634668564749763,4.16759439915895,-97.43135323662548
2024-06-18 04:57:46.00,1515.1,-0.13760896005932527,0.11296379297427224,0.994755608465945,5.945860094781457,6.6387842082831225,4.312622291426516,6.00469536112689,7.702196491232914,-99.77256185159973
2024-06-18 04:57:47.00,1516.0800000000013,-0.16607358123470808,0.14371327770022838,0.9831300478936629,0.38340901477826794,1.9001562236923801,0.532951671600109,8.354253643974294,9.484106340078617,-95.61133947183575
2024-06-18 04:57:48.00,1517.0800000000013,-0.15975350867037785,-0.07934742584561416,0.981064714607467,-14.657843298476713,-2.4375276263934733,2.2006704697769135,-6.125396782353473,9.319506697452828,-96.10965930054068
2024-06-18 04:57:49.00,1518.0400000000013,-0.015901053424824455,-0.12650883530159662,0.9821867068871617,6.141549275258662,-5.0944151443674395,-2.865391084304004,-6.210384033214234,1.007106961520563,-95.87777694934702
2024-06-18 04:57:50.00,1519.0200000000002,0.06109791062642692,-0.0729714196257289,0.9919687353488927,2.8200929264081713,-3.753597220873748,4.587175499936776,-3.413042964754094,-1.8681831373484916,-95.6873128485007
2024-06-18 04:57:51.00,1520.0000000000002,0.05670031730293416,-0.04824361038165446,1.003729539160423,0.33035900935648116,9.675395980870132,-5.398178800229801,-3.267396795931462,-3.857403680759795,-99.49691533401877
2024-06-18 04:57:52.00,1520.9800000000016,-0.11129754938136785,0.08442494710985697,0.9978298307897059,4.44423570770165,7.1307009804776245,2.09098337322912,4.920247546358095,6.635456508393149,-96.59894378193898
2024-06-18 04:57:53.00,1521.9600000000007,-0.1592698520791123,0.05732572623221816,0.9869534543817153,-1.509439321849343,-0.3239906971226774,-4.614605051573579,3.262545598655999,8.891806551368946,-97.83478691153283
2024-06-18 04:57:54.00,1522.940000000001,-0.18261708762487242,0.009585076980302587,0.9818261552160374,-9.765333569313917,2.4905511095691497,2.5019807777126086,-0.6740474268313237,10.863132626735652,-98.6681245159664
2024-06-18 04:57:55.00,1523.920000000001,-0.1883837695928691,-0.18289670267931327,0.9624145824155084,-7.210651287106125,-6.739430997767885,-1.9414761014145347,-10.960938245307366,9.442741873333865,-98.21163889767553
2024-06-18 04:57:56.00,1524.9000000000005,-0.04661792670599498,-0.21632777068056516,0.9778638704422635,13.740467234552698,-2.4577941251370885,-6.706376718534623,-9.244247059860346,2.8742302337343255,-102.4385596271151
2024-06-18 04:57:57.00,1525.8799999999999,0.013438440251144797,-0.084157239480038,1.0100394903931995,-10.3591825176156,-1.1999832165294286,0.0011512832554330665,-6.945484851169147,-0.8136218014156216,-102.37459272755078
2024-06-18 04:57:58.00,1526.8600000000001,-0.02613963237595416,-0.2570622913526538,0.9614756614089139,5.238363092009466,7.917192137516317,-3.650298063523844,-14.002889197580204,2.7184403194814832,-102.48460496195636
2024-06-18 04:57:59.00,1527.8400000000004,-0.078990664697435,-0.0032341901392032198,0.9964914550366138,19.2551203922576,-1.2338077350871204,0.29345368615550665,0.754305114003332,2.9918127150474523,-104.01363522311496
2024-06-18 04:58:00.00,1528.820000000001,-0.031396227780850564,0.16849235934897772,0.9885179057260136,-0.7137959163126604,2.2662851098465366,15.593378352232401,8.74418467965394,2.345040694743112,-98.77398577977146
2024-06-18 04:58:01.00,1529.8000000000009,-0.04167961182090594,0.0008010101023557216,1.0048434054079072,-12.210388375393062,-0.8085301959843887,-4.445913290889633,-1.9177183181486837,2.196874796541906,-98.18965447305712
2024-06-18 04:58:02.00,1530.7800000000009,-0.05098779114922994,-0.1074122954103404,0.9850342014462581,8.377571455411678,0.19915401193745202,-1.442001773584273,-4.10304943916529,2.6466588695851847,-101.36908928589335
2024-06-18 04:58:03.00,1531.7600000000004,-0.04201334242311217,0.06328361258434845,0.9950542940710105,2.3393676110514865,-2.864937099801434,5.526529655279147,3.357356003966019,1.8218260841261569,-98.82446938920329
2024-06-18 04:58:04.00,1532.740000000001,-0.04244196012814019,0.030637081595255484,1.0020798046846586,-9.638108473708401,5.656494712929025,-3.902901421517479,-0.11521529744988232,3.534080046454915,-98.56782148812222
2024-06-18 04:58:05.00,1533.7200000000007,-0.09678789618248626,-0.11099624293706649,0.9941273281066122,-4.399851809584037,-0.7842999683031427,-2.0323960197096183,-6.479297134428666,5.182215981933463,-100.86855478088778
2024-06-18 04:58:06.00,1534.7000000000014,-0.16801265402232404,-0.10759684247547192,0.9796921418129185,1.248791971990753,5.433183326034864,12.945442529325877,-5.173020139685957,8.907605575820758,-96.62360366598347
2024-06-18 04:58:07.00,1535.6800000000007,-0.08414363091703049,0.09553114676404614,0.9785317622063464,16.325795243779883,-9.575612714559314,-3.0758561978856767,5.863400258904032,5.3613712041591,-94.75150982369341
2024-06-18 04:58:08.00,1536.6600000000005,-0.05260228813242832,0.1336523491437292,0.9818276605911952,-12.451468086511557,7.331248651124241,-2.00119808381585,5.000699840458031,4.683732234261281,-96.14410931097422
2024-06-18 04:58:09.00,1537.5600000000006,-0.14914328393053158,-0.04310503599594841,0.9923819847600341,-2.713621693318301,2.088579775627354,-1.9082014117561268,-0.7147355827812676,8.830923344322555,-97.05313227383316
2024-06-18 04:58:10.00,1538.3000000000002,-0.1430456847133705,-0.12476834800084806,0.9862061771920613,1.9654980070568977,-7.463169162433057,-0.7688997250670563,-6.188397774784044,6.75869250569517,-93.88061399974941
2024-06-18 04:58:11.00,1538.9800000000012,0.004313509216553421,-0.04780965782233353,0.9958634894701093,-3.154573233496479,-0.5230384523185914,-7.135962273428763,-3.603427721745468,0.8669641395605926,-97.40825661434795
2024-06-18 04:58:12.00,1539.9600000000005,-0.006607355212003706,-0.06531618379542439,0.9961964032520371,2.997818721406019,1.1151194145787593,-38.85290735342994,-2.9522454976341383,0.27675104275011025,-110.27422404282335
2024-06-18 04:58:13.00,1540.9400000000012,-0.007391711822385408,0.0029659015351700237,1.001999189462692,2.6493661137645486,1.7737980188389268,-45.37726488319041,0.26888194381516717,-0.07293132979690667,-153.5800069114792
2024-06-18 04:58:14.00,1541.9200000000008,-0.06781272660940556,0.01219736386282313,0.9989625905002315,0.3516915795729121,-0.7099967215583934,-51.448002037686756,0.23933094915218692,2.8287688490267544,160.06974796704736
2024-06-18 04:58:15.00,1542.9000000000003,-0.05657244362800462,-0.020349831802048003,0.9986129997969159,1.5899651726074309,-0.5251886273611238,-57.11442612521883,-1.2801899226980489,2.468313478003761,106.52880240232703
2024-06-18 04:58:16.00,1543.8800000000008,-0.028193484542802655,-0.03399046474924275,1.0017413206703172,2.0317261048160593,0.7514944216739078,-59.36538580356015,-1.9253848874724446,0.9910693547600044,49.32044503428102
2024-06-18 04:58:17.00,1544.860000000001,-0.03925144759085094,-0.016473801251175743,1.0038605665508793,2.1492338451805315,1.8600551674488706,-62.55805694949149,-1.1575686401884284,1.7004429259935094,-10.007318720285577
2024-06-18 04:58:18.00,1545.8200000000002,-0.0705005463237959,-0.030856800866530306,0.9980400129692014,2.3523748848180412,1.5250486184483374,-64.77284364708129,-2.1747536313756086,3.1159813469894524,-71.06893527782282
2024-06-18 04:58:19.00,1546.8,-0.06509829060737674,-0.021068992505413137,0.9875141592878824,2.8995292478468238,-2.7263205677622255,-12.792405682218794,-0.6522891055558886,2.473713020242544,-118.10842719803252
2024-06-18 04:58:20.00,1547.780000000001,-0.04356365049253753,-0.015178757298073936,0.9898537174901197,-0.29125108866958,3.5288228119390594,27.3762000892459,-0.869449322303458,3.2671218385394276,-101.09551064903823
2024-06-18 04:58:21.00,1548.7600000000014,-0.060933261171790196,-0.021056852655836417,1.0039182941773408,-3.5505447098902305,1.2708248449507462,38.92810167594182,-1.573863041681456,4.0064655489465535,-68.5244039925816
2024-06-18 04:58:22.00,1549.740000000002,-0.10588502177250828,-0.02214106758102931,1.0001050919024645,-1.5121155270859044,-0.38117707706961956,43.17869820842686,-0.6776756590422768,6.160866862834252,-28.108913051093825
2024-06-18 04:58:23.00,1550.7200000000014,-0.09531699381343528,-0.002256441359414589,1.009904558544285,-1.7532583516119056,-0.3951417072353387,16.126742026426168,-0.23396482153155468,5.522136943773449,0.21728538167055922
2024-06-18 04:58:24.00,1551.700000000001,-0.08419743186123267,0.010336067520102571,1.0007633044393716,-0.1089793818154191,-1.748989501200664,9.032024505227481,0.8244025613710784,4.570532945662652,12.375565457504477
2024-06-18 04:58:25.00,1552.6799999999998,0.0233438109085941,-0.04908193778881456,0.9900925632831507,-6.136411085312143,-1.475037927459435,11.559198764901348,-3.6996848504237585,-0.7200206105200042,18.23388906857426
2024-06-18 04:58:26.00,1553.6600000000008,-0.04528955953988879,-0.048989987762249845,1.0138080570060772,9.417755733693916,6.429649806410853,4.574317011019407,-0.48367383745588427,4.276384757846701,29.293984601130276
2024-06-18 04:58:27.00,1554.6399999999999,-0.021525569278636622,0.013911912583146144,0.9424816958360009,-4.797604098584793,-8.460676223026946,-3.922256196810516,-0.37210269971340526,-0.3409517665473482,29.91672467374894
2024-06-18 04:58:28.00,1555.619999999999,-0.039742132053101176,0.0035138169893204323,0.998853833409068,-2.3785341841766825,-6.331603157643301,-1.9845031420441797,-0.30534986050764606,1.1522499821070906,25.906436786882615
2024-06-18 04:58:29.00,1556.6000000000001,-0.05655036582033057,-0.014080679854372759,0.999526811438726,2.4682745745016397,9.08312802824036,27.647401879602477,0.6674119029142105,4.879447998835838,29.120975616979567
2024-06-18 04:58:30.00,1557.5800000000006,-0.11353021952046288,0.10154044733715613,0.9918659577165159,0.2734351151746989,-1.3944279287259482,48.955555586656466,6.436203558860697,5.438247503744266,72.46660824822314
2024-06-18 04:58:31.00,1558.5600000000002,-0.005258553411670973,0.06444283195490376,0.9978574215040339,-9.573980302205321,2.6576502874255956,52.3288644240828,2.6267473737140583,0.9179204723899966,121.46777058586264
2024-06-18 04:58:32.00,1559.5400000000004,-0.05328841118417132,-0.04351149155061993,0.9983839041800695,-3.43944609157515,-0.12033100090946791,58.93960379339606,-1.580303722376769,3.374641487817368,142.45284041408465
2024-06-18 04:58:33.00,1560.52,-0.06612171375860901,-0.05663092553664056,0.9998640657949445,-4.991901069851744,-2.424785844375253,62.37863772364798,-3.096470572994329,4.007420051643136,-124.32959670382083
2024-06-18 04:58:34.00,1561.5000000000005,-0.01999124420218624,-0.11612196221960888,1.0004285501935402,-12.717521258804068,-7.900561326841045,-3.5733637355056334,-5.244342821689831,2.003652097349265,-92.09136862220362
2024-06-18 04:58:35.00,1562.4800000000018,0.07779195007659445,-0.13712774841723585,0.984175455799517,10.029885208026656,7.211719002611893,-7.349007758771268,-7.61910256948788,-3.794024609422066,-102.34919989986025
2024-06-18 04:58:36.00,1563.4600000000007,-0.05655429952324014,0.01029961169932028,0.9925538848198063,-0.6043006838044845,-4.14745973906868,31.788774059651427,-0.08232954369054626,2.7895858741877952,-87.93458255405305
2024-06-18 04:58:37.00,1564.440000000001,-0.18403998997665277,0.07282576774847371,1.0056365729787742,-5.965222604528371,-8.32959350888886,1.288293958540614,2.27117243428011,8.488571520150309,-77.94397700277963
2024-06-18 04:58:38.00,1565.4000000000005,0.015165918636307486,0.01045936600775038,0.9330513993321474,-2.0147663758364653,-2.5857443812363803,7.539717347741465,0.8201864976240371,-0.9353806037605853,-74.81416688648959
2024-06-18 04:58:39.00,1566.3800000000006,-0.05369315521855047,0.0016326021228447196,1.0046823464861883,-1.4386271380621947,-1.7449829441253624,51.287068661809705,0.43463459011438804,2.769444810731929,-43.368245844546735
2024-06-18 04:58:40.00,1567.360000000001,-0.025647157534732776,0.00498828064215781,0.9942384787385391,-3.2021267482419664,2.525453117379199,20.09368387518922,-0.2039373046140061,1.8989205533060436,-0.12811931901146545
2024-06-18 04:58:41.00,1568.34,-0.04722819398319446,-0.08198000855530294,0.9988703795464842,1.8888967298616035,3.336124602971621,-30.068461564905963,-4.330374779702116,3.0514042425813126,-16.075574966092848
2024-06-18 04:58:42.00,1569.3200000000002,-0.04894635522056756,-0.09592226759913416,0.9970837827432885,2.3176118511225776,3.4121731130050352,-38.34915617925904,-5.189315687428197,2.5965097874755476,-49.90647366246342
2024-06-18 04:58:43.00,1570.3000000000009,-0.059519180671544235,-0.07167704251149193,0.9989506742279554,7.150314245928187,1.0128135419434388,-45.033550223129545,-3.248467626358465,2.499291381844785,-90.76955712505533
2024-06-18 04:58:44.00,1571.2800000000002,-0.061904975485424785,-0.034384978341985076,0.9999563845976279,1.590141465129344,0.6754315674656886,-52.0921604573043,-2.455976101841929,2.5231883633338534,-138.7205689165132
2024-06-18 04:58:45.00,1572.2600000000004,-0.04213492998219791,-0.054421079170986264,0.9986066494326931,-0.0746023825985902,0.3216213139218303,-55.71030551595504,-3.5647545774198846,1.4585078040835346,161.19526659252614
2024-06-18 04:58:46.00,1573.2400000000007,-0.011343629829692971,-0.05526930989011984,0.9813841545483594,6.576301884582462,8.86374325559043,-40.42802120665037,-2.6672971955379468,1.4727012084472388,114.62530326230336
2024-06-18 04:58:47.00,1574.2200000000012,-0.06328673339218521,0.05172500450392733,1.0020873231342668,-2.2572928562685757,-0.9121311458245012,32.046913184998665,2.5286238360314472,2.603203582305896,111.49063853194562
2024-06-18 04:58:48.00,1575.200000000001,-0.05237975788655136,-0.0028646460362937096,1.0103931743114614,-3.989729591418701,4.171675037996723,15.346631847690823,-0.8478719763602613,3.872822529490096,144.44947939528714
2024-06-18 04:58:49.00,1576.1800000000017,-0.08205658262084711,-0.013082028478358862,1.009047092716775,3.973202537604364,-0.9892676557463048,-3.9483424373663425,0.04251092045946561,4.323660177813146,146.4187820069406
2024-06-18 04:58:50.00,1577.1600000000008,-0.0478413345237938,0.03599746632318692,0.9973237247010955,-3.700572349677255,-3.1399367046232673,-4.158702059040412,1.4217061003311642,2.0374330692181815,142.23087715796726
2024-06-18 04:58:51.00,1578.1400000000006,0.0030529857898881794,-0.016731042478612113,1.0270774395784572,1.1749985618015497,8.92700559376853,-3.631471202077581,-0.5284281087020011,1.7468206541124223,138.13157576444638
2024-06-18 04:58:52.00,1579.1199999999994,-0.0016654705439645189,0.005325789830620762,0.9936376116937372,0.05842477729224055,3.1521155780659504,1.251698776392855,0.46427132640037655,0.9023893529555668,137.57519755442692
2024-06-18 04:58:53.00,1580.1000000000013,-0.03066580985459987,0.0012338403140676557,0.9987423574803734,-1.1268454949959001,-1.3679019889993462,1.4593567998013515,-0.13139327989368008,1.411926734368365,139.0095996191786
2024-06-18 04:58:54.00,1581.0800000000013,-0.05221620930316746,-0.03929358929723946,0.9979439487604252,0.35592830081004356,5.59321263234248,-1.086990614228193,-1.9797501502507857,3.823520412888683,139.26510618980868
2024-06-18 04:58:55.00,1582.04,-0.0894089693873324,-0.02870314013673311,0.9974426056464183,0.23871293033597796,-3.9886289226000833,-0.05766078066349333,-1.4785169554516957,4.213925186342851,138.92415706404194
2024-06-18 04:58:56.00,1583.020000000001,-0.05359119172988253,-0.012987883786829944,1.0011355723255273,-0.2987129331410565,2.159913263880996,0.6865263941588153,-0.8064367784612788,3.6260829048504455,139.3254644242793
2024-06-18 04:58:57.00,1584.0000000000011,-0.106642127287608,-0.05150118593665024,1.0012165195685803,-1.2649235291483298,0.5054037422038019,5.297272263769922,-2.7972826287334533,6.6055852060634574,142.3356313690921
2024-06-18 04:58:58.00,1584.9800000000007,-0.05144078479332075,-0.14331645115316635,0.9993536949848371,-2.6685648460870928,-2.987865518400369,3.641105300049802,-10.860185246423338,2.58272121454401,141.28737587170795
2024-06-18 04:58:59.00,1585.9600000000014,-0.07835421436643071,-0.04701375258352539,0.9907880724739495,13.500589305520013,-0.334732479473143,44.231662442802936,-0.0020305268259668274,4.624139967044427,157.46764142677108
2024-06-18 04:59:00.00,1586.9400000000012,-0.031067708100055262,0.08221552153505109,0.9994868360121008,-5.215125237824915,4.566345707347676,53.417046314463185,3.627975095462063,2.5991260404502716,-152.70112907185708
2024-06-18 04:59:01.00,1587.920000000001,-0.057294325946256004,-0.002060790862672378,1.0031047628888647,-2.608357393285486,1.9018996255791574,52.99638051946233,0.6741568813920242,3.8340726346481606,-100.30061523821695
2024-06-18 04:59:02.00,1588.9000000000005,-0.054816266917527896,0.0075424370314769815,1.01189647964318,-1.6725299484285379,4.676671073440046,23.71362491620435,0.026988468796825163,3.7099509252429557,-61.84350443065107
2024-06-18 04:59:03.00,1589.88,-0.1369665667513323,0.09951174422734148,0.9964920127482015,-9.240659709791277,-23.661181886911912,11.010674471422085,4.169094054249882,3.2915774807557434,-48.678936494974984
2024-06-18 04:59:04.00,1590.8599999999997,-0.026743346920011082,-0.017080893039687167,1.0103180138501122,3.684438205374674,2.5012340684279506,11.747944204147338,0.37031851804768257,2.5833909931467374,-38.38270699028874
2024-06-18 04:59:05.00,1591.8400000000004,0.014642865139651276,0.017572094031399203,0.9956751759629157,0.8848249787788106,4.178734390471721,15.571033174011772,1.2753214883855195,0.18900140244563282,-25.203526436461704
2024-06-18 04:59:06.00,1592.8200000000006,-0.013224728315519418,-0.01505006967761638,0.9953608941130173,-3.590158076321057,1.2738539517979404,7.334936757499222,-1.2336889192588951,1.09504346734453,-12.658287533174512
2024-06-18 04:59:07.00,1593.8000000000013,-0.04798364679031112,-0.07575963799362286,0.9999009355334535,-1.367292368934387,-1.4368994261838153,2.9540478940796366,-3.968581258520506,2.424849170613299,-7.112494022193359
2024-06-18 04:59:08.00,1594.7800000000009,-0.030293411558466692,-0.10604719482337566,1.0000122590368037,-1.6902035373884836,0.5380885655688772,-0.7815622474160566,-6.302729435977775,1.8620424614077524,-6.261667613529659
2024-06-18 04:59:09.00,1595.7599999999995,-0.01365183252684118,-0.08532483417061729,0.995243697401634,7.982881036240358,1.1158036152576805,-26.796614050120606,-4.046943914446411,0.5671724570758312,-28.32142642214543
2024-06-18 04:59:10.00,1596.7400000000016,-0.0996696394891294,0.013246756901674706,0.999563985163891,-1.1021737107306104,4.284150477933141,16.850285607563396,-0.36808913435067353,5.043249383879744,-25.012085091921275
2024-06-18 04:59:11.00,1597.7200000000005,-0.07797084932771711,-0.018376960073833184,1.0000204143290417,-3.2247676615731344,-6.359545272166956,1.6965316401174073,-1.9300876268091613,5.373509044695612,-23.290220440284557
2024-06-18 04:59:12.00,1598.640000000001,-0.04579116161600344,-0.09719717616925024,0.9904633534246738,3.36816570045684,3.451016841312536,-18.081088648363313,-4.752425998391641,2.7413232289001273,-27.302630903665207
2024-06-18 04:59:13.00,1599.6000000000006,-0.030744667331014896,-0.02314217810342628,0.9986152233338892,2.647284595078805,-1.7684923549259728,8.163618369620767,-2.1060528152623337,2.2653456587368765,-27.66140294641458
2024-06-18 04:59:14.00,1600.5800000000004,0.010712161900850524,0.07795140610723574,1.0051477863721747,2.3229490281257914,-0.17959898941274577,-8.37229793903498,4.142555422525783,0.007249543529737369,-26.203604076965597
2024-06-18 04:59:15.00,1601.5600000000009,-0.012684809531203671,0.021156037105138293,0.9958681855723023,-7.749380861363025,3.7785412177208593,-2.023120558923481,0.2856363274912846,1.2678445636814701,-28.93088455863475
2024-06-18 04:59:16.00,1602.540000000001,0.059636335722983706,-0.14474128616667734,0.9835308323586393,-6.106242601094139,-0.4810685157310637,-0.12692440724988685,-8.23669285700168,-2.7549541228037158,-51.49697818395217
2024-06-18 04:59:17.00,1603.5200000000002,0.030665036846652834,-0.12552052298880123,0.983097200833788,13.753015533178882,11.19657659019744,-2.0861560652408615,-3.6667793208223443,0.5158703177516287,-65.0729164120771
2024-06-18 04:59:18.00,1604.48,-0.11536652889866496,0.10741678962167055,0.9760176703289543,-2.027582644634494,1.1195814357423532,-5.595554895537165,5.31795451921438,5.81143576314115,-72.88959789931972
2024-06-18 04:59:19.00,1605.460000000001,-0.10566793893271857,0.0403003350513298,0.9967593071668641,-4.036864080128532,1.8052381779523825,4.638060117874578,1.2133148844808979,5.742376178052836,-72.88828287173563
2024-06-18 04:59:20.00,1606.4400000000012,-0.09458795040621974,-0.03142614675476965,0.9971549610566459,-1.4550968683022467,-1.6356897066017926,2.7147614810242486,-1.6857198089357424,5.076575759195654,-68.97009492903906
2024-06-18 04:59:21.00,1607.4200000000005,-0.07801055440775408,-0.037951749527933544,0.9990424923553141,-0.09320671473631535,0.7187048692824567,-0.19064456955676445,-2.035967438340099,4.747759439012577,-67.9498635810995
2024-06-18 04:59:22.00,1608.4,-0.08095206270084163,-0.04983930484434188,1.000026125525292,-0.9887453463700574,-0.14653907435188337,-1.2137880625696673,-3.0253945835425764,4.612018281784118,-68.5113569666892
2024-06-18 04:59:23.00,1609.3799999999994,-0.07574611269517476,-0.05009722540100767,0.9990206570387308,1.1381871847433944,0.053029274485880906,-0.9527198265262573,-2.761729286877068,4.391068897168165,-69.32393240960009
2024-06-18 04:59:24.00,1610.3600000000001,-0.07442898803464873,-0.03634855201537906,0.9976112533151563,0.2869170625793912,-0.4316580215728046,-2.6839066511748815,-2.0268218730500367,4.173549707947448,-70.9909944670234
2024-06-18 04:59:25.00,1611.340000000002,-0.06735670570501998,-0.041429570950645284,0.9973975292789204,-0.5884382143791267,-0.6044825468273175,-2.9682282300532252,-2.4760233108581997,3.868801399178862,-74.15414949573521
2024-06-18 04:59:26.00,1612.3200000000015,-0.07859414377982459,-0.15192885301426304,0.9919739406631585,-9.26183304208507,0.9345546360583795,-2.338427551435828,-9.685988068142656,4.667340724215649,-73.08105426644916
2024-06-18 04:59:27.00,1613.3000000000009,-0.062343321587427364,-0.23454692142346,0.9787371942491786,16.183502227460945,-13.86563975043349,3.4669922362843475,-10.209373892543967,1.851928732996339,-73.12145572638312
2024-06-18 04:59:28.00,1614.280000000001,-0.012342686113971352,0.019442179335542584,1.013874721155171,-1.16915779093296,3.2703962960751505,-3.437299305848535,-0.7453479793232138,2.0884281701534304,-73.93994504891795
2024-06-18 04:59:29.00,1615.2600000000002,-0.008881317660899168,0.06092916994589516,0.9950338641326255,1.0539112178266612,11.520636192054829,1.5195182572586798,2.60329720644777,2.383318421605676,-75.02414992571758
2024-06-18 04:59:30.00,1616.2400000000011,-0.11448239090506,0.08910819568851412,0.9919071375100272,-0.47879728398489635,0.3353377267599155,5.115480043964974,4.85429029958377,6.0152407703632145,-70.05165227411217
2024-06-18 04:59:31.00,1617.2199999999993,-0.06872478692763967,0.038264290170534294,0.9991103338625562,-5.555442291533429,-2.4718345384708504,-0.6437652429001823,1.449316581560409,3.4305050452301113,-68.1715099973856
2024-06-18 04:59:32.00,1618.2000000000005,-0.059454485607102654,-0.023882838439221957,0.996892194453278,0.06306104078315289,1.9843802325101965,-0.5441835399586458,-0.9169779709800645,3.8616097847878335,-69.04441843619021
2024-06-18 04:59:33.00,1619.1800000000007,-0.08883824281409117,-0.022115687628188902,0.9995907700374023,-1.4063137072457803,1.0971960175763247,0.39617629452457265,-1.3776836926558884,5.174775192170892,-68.98613163867702
2024-06-18 04:59:34.00,1620.1600000000014,-0.09357843692851507,-0.05036029207030487,0.9969513924480585,-0.4211818495417193,-0.7430280022073579,0.4926582096725512,-2.7564378481897487,5.061691715056246,-68.49422000108001
2024-06-18 04:59:35.00,1621.1399999999999,-0.0796551865229489,-0.04712861029848346,0.9970007944961882,1.3999692456494728,-0.4744077653810707,1.148446497520991,-2.405820180451867,4.480783439215969,-67.53331258598232
2024-06-18 04:59:36.00,1622.1200000000006,-0.07486690645742694,-0.026865365347011425,0.9980240506760617,0.4909161940783731,0.02481001844536141,0.14491434233777292,-1.5283680637041641,4.226739193023297,-66.47253017984706
2024-06-18 04:59:37.00,1623.1000000000001,-0.07312275211526853,-0.026873923844153526,1.0000568981992826,-0.003359274574071064,0.9755230394172155,-0.042368207740601474,-1.5542512761639269,4.272482750293026,-66.30087054748249
2024-06-18 04:59:38.00,1624.100000000001,-0.07214973730253002,-0.029792444716268913,0.9971143601503017,0.5714156369773647,0.12721853401752323,-0.9084825050393666,-1.5229975377728808,4.121024113058229,-66.56745337343567
2024-06-18 04:59:39.00,1625.0800000000004,-0.059876098043194756,-0.014531971503214704,0.9961609737355214,-0.48310298706807653,-0.3364115423627451,-5.021058789945741,-1.2496214477623162,3.506248300564208,-68.7791424463488
2024-06-18 04:59:40.00,1626.060000000001,-0.07828109917279963,0.0026344505866664546,0.9950507370232166,1.5982571603996583,1.6497857420364896,5.9223174428382865,0.17036405162281973,4.557109807694846,-69.47111109153822
2024-06-18 04:59:41.00,1627.0400000000013,-0.08654708142139211,-0.0602508951812434,1.0056446410917825,0.13627562512941555,-5.936145804072897,7.224871359930733,-2.4861651482953717,5.198082532898232,-63.090966039812905
2024-06-18 04:59:42.00,1628.0199999999995,-0.07269385979285162,0.05675578319667856,0.9975470330372305,-3.9825316579437366,-0.15625041779009108,-0.5957310039678927,2.4432816693130444,4.548602685539681,-65.18649685438334
2024-06-18 04:59:43.00,1629.0000000000002,-0.0678802756197223,-0.09825376225943272,0.9914825739705464,-2.5234241766917176,3.1734670995890912,1.912692916909343,-5.358133530757705,4.530198213255334,-64.15847613783212
2024-06-18 04:59:44.00,1629.9800000000014,-0.08990837247942438,-0.08108972519567727,0.9921419500253141,2.6627460077533445,0.7065797319644664,-0.9904493947521216,-3.871103420892368,5.161007156262132,-64.93960930475141
2024-06-18 04:59:45.00,1630.9600000000007,-0.07273469628513125,-0.07639386869857835,0.9999386846447792,3.688025283963374,-2.952051707752796,-3.4792308940769154,-3.2834616388002242,4.065452083852422,-65.54973710024058
2024-06-18 04:59:46.00,1631.9399999999991,-0.05184827118707471,-0.004441580618773228,0.9990243080083073,1.6202076993077938,0.8168955941174223,8.126200209847335,-0.8140003614402881,3.133492617179591,-65.83121285822898
2024-06-18 04:59:47.00,1632.900000000001,-0.03587259184350602,-0.026784191057151657,1.0000440623845301,-1.3639038376374215,-0.47525174955550364,0.6345739856565131,-1.7741308566898863,2.2399438817174016,-60.14740915936138
2024-06-18 04:59:48.00,1633.8000000000009,-0.03614406173926529,0.04548863331619055,0.9931575189713573,3.507489635574513,-2.3666763984431047,1.0076156769197049,0.653743546222363,2.3977278734589187,-58.49522669667602
2024-06-18 04:59:49.00,1634.8000000000015,-0.04817331363549462,0.00010575889407141215,0.9974020853892497,-0.7700504403102617,3.1375668635008926,-1.4910083026929115,-0.9560707371844711,3.2651616986275394,-60.01737089457465
2024-06-18 04:59:50.00,1635.7600000000016,-0.07346851400878221,-0.05528533381643167,0.9919340854844411,-5.350836788773105,2.282131324410472,-0.34387116094042625,-3.8001621782540225,4.599340754222988,-60.32357079545543
2024-06-18 04:59:51.00,1636.7400000000011,-0.08397305930026983,-0.15973468118145462,0.9828954862787371,-4.84288128876596,-4.587289465833174,-6.813250503408182,-6.836457343527864,4.6215080597035145,-61.19153671610971
2024-06-18 04:59:52.00,1637.7199999999993,-0.0496825639395519,-0.16170220068611663,0.9874818749830176,5.757741407806076,-5.265364727242243,2.5645110306751118,-8.006087952940181,2.1879024780299585,-62.367794748712434
2024-06-18 04:59:53.00,1638.7000000000016,-0.039399755500123465,-0.026477636475185758,1.0008441443513407,7.082018463713039,4.685196987274643,0.43473568356064546,-1.0330530800066222,3.141503152504083,-61.42422555585798
2024-06-18 04:59:54.00,1639.6600000000021,-0.051418872034017335,0.06817675827252118,0.9973939796264035,0.8733552012426656,-1.5621605824208018,0.603903569316092,3.233691342883208,2.530391302046066,-61.190836709221294
2024-06-18 04:59:55.00,1640.6599999999999,-0.048423296537072086,0.04552117891742465,1.0021303876183838,-2.3275724176356127,-1.0256542738563716,0.11215838367309205,2.0026398962252747,2.7661552846835513,-60.21708239378476
2024-06-18 04:59:56.00,1641.6400000000017,-0.07724453858617564,0.05826315756132178,0.9876069185543083,-4.540404275475215,8.40031803550667,5.842172789090758,2.194124845151492,3.595798812913389,-61.86855350630405
2024-06-18 04:59:57.00,1642.6200000000013,-0.07125619852309974,-0.019862707469710885,0.9924963919900179,-1.4573634177982202,-1.8764777987687764,2.3415094153642153,-0.7442887174544371,3.2683153471030506,-60.54672366816104
2024-06-18 04:59:58.00,1643.62,-0.04333934192914372,-0.05018762357921208,0.999044728801214,1.6785622816095107,0.0390723261283043,0.16890368518414295,-1.8305880820990454,3.5364945323934878,-60.77403053242779
2024-06-18 04:59:59.00,1644.6000000000006,-0.022748573599452364,-0.03551356858569968,1.007137740963695,-1.716289303906534,-5.548242541308538,1.8251830089986978,-1.8508341129287968,2.687720093522967,-60.17382693026402
2024-06-18 05:00:00.00,1645.5799999999992,0.0030154571621425243,-0.016740607003939877,0.9992418736700499,-1.4384181088908645,6.838383834732586,-1.961716739777633,-1.136722108902888,1.3455652451489075,-61.1869769351873
2024-06-18 05:00:01.00,1646.580000000001,-0.07441865530778195,-0.0622439767075067,0.9980126331004497,-1.8051579389648544,5.165393834155909,1.547980583273255,-3.640044240303653,4.926177549070549,-61.28144782777304
2024-06-18 05:00:02.00,1647.5600000000022,-0.21891671018670278,-0.10500900147304593,0.9761191929367499,3.603129819222577,-8.014492988612718,8.250328995230603,-5.378158297743451,10.525714265702202,-56.15904975650695
2024-06-18 05:00:03.00,1648.5600000000018,-0.07993910326745726,-0.06517876279239121,0.9935538125101157,1.1986721767484578,2.1912856712036017,1.057045042510684,-3.857763291264768,5.604891709548301,-53.84491730394066
2024-06-18 05:00:04.00,1649.5400000000013,-0.04055209404859934,-0.028926013468319155,0.9943646781794506,3.8701446429754585,-4.5708557917428125,2.949219251155448,-2.737927886764428,3.4052617677134225,-53.070979988778426
2024-06-18 05:00:05.00,1650.5400000000013,-0.0674122805607825,0.02034926027956462,1.0040638388241019,0.2865233106810418,0.8833801215567734,-5.222453114501101,0.6234833266918014,4.2126923341248075,-57.48791864738148
2024-06-18 05:00:06.00,1651.5200000000011,-0.04755449704630908,0.018417981909063498,0.9923695525657859,-3.716905160705308,3.1929140777069764,2.917881651781226,0.42951376437520417,3.2604629594183034,-57.97975847788522
2024-06-18 05:00:07.00,1652.500000000001,-0.0796421407000424,-0.16579348205639927,0.9866276536355426,-1.417013242091301,-2.2145927423635876,-6.179080737869484,-8.305045705750093,4.090052815467683,-58.32367797886958
2024-06-18 05:00:08.00,1653.5000000000016,-0.07731155495027368,-0.111280025350451,0.9871466284893472,4.095237470086526,-0.8573548012816692,2.009449884940524,-5.679756794379302,4.229006013098848,-58.910374124011085
2024-06-18 05:00:09.00,1654.4800000000014,-0.06142895636327367,0.08395859918809456,0.9975517903082596,13.978346653951967,-3.1846859029943753,10.661100686675104,4.130711637124006,2.5390135107707907,-56.575005682005944
2024-06-18 05:00:10.00,1655.4800000000005,-0.1455942099542237,0.04452066824410656,0.9829895416023502,-11.08160477089999,-5.1814794899326655,0.2043454773362658,0.6196325020450721,7.044921604057243,-53.76213007990568
2024-06-18 05:00:11.00,1656.46,-0.09641183804496668,-0.013322906254888415,0.9935852275649899,-1.1238312592356445,-0.5457918319332252,-0.8184714868549992,-0.5393505094744356,6.2253872575843365,-55.43580047205225
2024-06-18 05:00:12.00,1657.4400000000007,0.028741385997514326,-0.1439949364367897,0.9950343012865499,0.9319034815104491,2.665136642690809,-6.141947695121239,-7.28990382672802,-0.9097507615329871,-61.185919355879115
2024-06-18 05:00:13.00,1658.440000000002,-0.038992781503926544,-0.05002381927406141,0.9975247960887688,1.4775880518686062,0.8472037092068798,4.986406765473049,-2.7689635969882715,2.15403096500106,-57.75236133992573
2024-06-18 05:00:14.00,1659.42,-0.15312783720298467,0.03284354200842766,0.9982224908227099,3.3768536576706647,4.071600675582093,6.8800534447833765,0.23959413229683627,7.943059851889679,-53.08700334903207
2024-06-18 05:00:15.00,1660.4200000000012,-0.00215251431298392,0.05056078748801801,0.9923262089853568,8.343524143583497,-3.873450329515921,-4.396775712530084,1.5520170590262443,1.1736147628930378,-52.30094754533349
2024-06-18 05:00:16.00,1661.4000000000008,-0.12411185320520773,0.031382443219407835,0.9963645809434436,2.3395455462509367,-7.229069404956444,-2.29222027804296,2.021061873789387,5.547158603379665,-53.32082783892784
2024-06-18 05:00:17.00,1662.4000000000008,-0.060381915348156345,0.001600485093141203,0.9979909140475163,-5.339878539986523,5.223600463793749,0.0672603695668907,-0.3029616401662543,4.779190297205975,-55.263127514557866
2024-06-18 05:00:18.00,1663.3799999999997,-0.09154108431969776,-0.07802687800714442,0.9924356718099562,-3.921053476052749,-3.9876229011700026,1.437182600399939,-4.507088283615045,4.5832267849498765,-53.21944641681871
2024-06-18 05:00:19.00,1664.3800000000006,-0.010323889230531989,-0.12772643639447068,0.9907680010335127,1.0779998554933132,4.425252608936757,0.7889018376807035,-6.363477677121271,1.6492956607592428,-51.857206481190524
2024-06-18 05:00:20.00,1665.360000000001,-0.1290580197832298,-0.15174274914258087,0.9849073884284257,-0.6268259217566504,2.593690495319157,-2.5257984135162928,-7.792969017552963,6.682162611649734,-53.50296794071009
2024-06-18 05:00:21.00,1666.3400000000013,-0.14515863801096357,-0.08215580658708016,0.9881216269673524,6.663778876426487,-3.4090439070074305,4.1558546261697265,-4.816104577337861,6.4623501501414715,-51.02334519907835
2024-06-18 05:00:22.00,1667.3400000000006,-0.08405253515411369,0.030378015059017303,0.9921831693449771,0.4782154936509779,-4.035038283338089,6.119506739315042,0.4897941227971314,5.01693145882517,-46.2018718855616
2024-06-18 05:00:23.00,1668.3200000000004,-0.0016076415141246646,0.12277267310998237,0.9927395426508119,2.177215016190233,-5.646799862127619,-13.841434772946576,3.9423565845973507,1.5532881150125255,-45.995401680886296
2024-06-18 05:00:24.00,1669.3200000000008,-0.09001885552193838,0.03742154510453507,0.9949363264693433,-2.769526525290924,-0.9376046208154302,9.735882387330657,2.0002404362461927,4.689330791295798,-41.542050565957624
2024-06-18 05:00:25.00,1670.3,-0.1298204830764892,-0.009175145579052567,0.9896346063425067,-2.2143229716375137,-5.075851336064938,-19.169691378400184,-1.0114335709807651,5.8480343153625345,-41.68731824945462
2024-06-18 05:00:26.00,1671.3,-0.05842849194781404,-0.04769046551701847,0.9971516381227823,-1.8471855968602142,-0.5144328776641737,-0.4398730483307557,-2.494812192660032,4.067915550006042,-52.36128263766307
2024-06-18 05:00:27.00,1672.279999999998,-0.044874692218276835,-0.11158138814052143,0.9882162462410168,4.522220522953467,0.4433179301159407,-3.119382570543788,-4.820097543082074,2.4928969644778647,-53.580979730031586
2024-06-18 05:00:28.00,1673.2599999999982,-0.04162557774151636,-0.0872291976320032,0.9931240824036868,-4.477112644692348,5.6124472759642465,-0.9909717847186457,-6.010861669318969,3.069959978448704,-55.303744094120034
2024-06-18 05:00:29.00,1674.2600000000007,-0.08245861917919964,-0.055867047480615495,0.99177554806316,9.372692774937162,-2.465055644059072,21.50976035203349,-3.0224196226130653,4.577875331096268,-52.248975213169906
2024-06-18 05:00:30.00,1675.2400000000005,-0.055209927397065595,0.05845820322905518,1.0023421642953,1.7740693681466568,0.55713883337383,0.5184192107348058,3.2047474607465336,3.0378465706796134,-44.73151692765617
2024-06-18 05:00:31.00,1676.2400000000027,-0.08806659850802467,0.07835050533151192,0.9980566729841674,0.4041715307661363,1.8707612144154246,-0.7878891687136241,4.393549291844828,5.128268227160835,-44.65594471619543
2024-06-18 05:00:32.00,1677.2200000000012,-0.10490735693970905,0.026001981936646053,1.0018123834735841,-10.866966453608798,-1.4452482160404834,2.400691690251456,1.2903298627581496,5.683447351064343,-43.98188623515305
2024-06-18 05:00:33.00,1678.2199999999998,-0.040393183523962164,-0.20119471105978656,0.9916839781328133,-3.842639852891903,-4.705112815762111,5.101387110252334,-10.908295898487236,2.224830387780674,-46.31004246477405
2024-06-18 05:00:34.00,1679.2,-0.0372070090494491,-0.03857256636407259,0.9859100785194422,15.432386883659342,4.931372148978108,2.292203092906251,-0.7477341973029137,3.2158873697048453,-43.41301367057276
2024-06-18 05:00:35.00,1680.18,-0.11026313452200345,0.014820460138042921,1.0092358351943527,-20.8600879256809,2.7622230678552526,-2.826918749320487,-3.909433971913115,5.854100356555994,-44.38435262993649
2024-06-18 05:00:36.00,1681.1799999999994,-0.14808814616769986,-0.21255967706910975,0.9671773808058476,3.860571734490811,2.2876668538650953,5.973698395632724,-10.794465156931338,8.43264840550422,-46.988947155629546
2024-06-18 05:00:37.00,1682.1600000000008,-0.07812479113111093,-0.13969797742097725,0.9819802337495844,0.3533358911892804,-5.588460285183674,0.6286887086153999,-6.827667899840641,4.4061398517265715,-45.59947000658939
2024-06-18 05:00:38.00,1683.1600000000003,-0.0023927608973703385,-0.13073616562235568,0.993110119880311,3.2945152315671415,-0.4448876596904389,0.5844350552865692,-6.773681650626296,1.6819909881174329,-44.657476235596356
2024-06-18 05:00:39.00,1684.1400000000015,-0.015752004370330048,0.019379605096748683,0.9945770405750416,4.664437995248205,5.3271735711527475,-1.8966137575227617,0.19547209542871327,1.1710223804342044,-45.279289303314464
2024-06-18 05:00:40.00,1685.140000000002,-0.047722195002563944,0.093962466421285,0.996869365914694,8.346274323479419,3.4257221609458806,-0.7822455901612524,4.570308291908273,2.050272778729422,-46.333095121535536
2024-06-18 05:00:41.00,1686.1200000000013,-0.007393202040938494,-0.01881454738741213,0.9940981053176263,-5.2224801447581175,-4.974891031675649,3.091847741138107,-1.0425787912474491,-0.4135651102890915,-50.35610494207262
2024-06-18 05:00:42.00,1687.100000000001,-0.028495002742785894,-0.07309989159733207,1.0014506078334453,1.412704340786564,6.602303148013385,2.363412323243693,-3.0952285373562716,2.1621108543298657,-46.11407646649385
2024-06-18 05:00:43.00,1688.1000000000001,-0.02051288960119132,-0.0390599501407582,0.9993717947771902,0.48497462526443635,3.6928052625029495,0.06995720245397305,-2.23519576190411,1.6866859896699546,-45.196609842735704
2024-06-18 05:00:44.00,1689.0800000000004,-0.14435759037592666,-0.015018298270824723,0.9956317310434566,-0.445358736499367,8.148415600822208,-5.32143569104338,-1.406824794091317,7.1030638180474135,-45.859260921797485
2024-06-18 05:00:45.00,1690.08,-0.27600605705635717,0.0718084175933637,0.9632794725246315,-3.3730893727075637,-5.9220202743276005,4.949602418892313,3.5329678704215124,13.909978563723714,-40.659207401307704
2024-06-18 05:00:46.00,1691.06,0.00739955149970652,-0.08864923043310587,0.9895439908357195,-2.115847083745026,-6.01935395893553,-4.917488080795779,-4.876677878162421,1.6072122412043532,-41.43647386321193
2024-06-18 05:00:47.00,1692.040000000001,-0.10215910239926099,-0.002369253961940831,0.985607523903418,9.2689393161075,9.282965976190324,8.717414741160352,-0.4455379977067582,6.344993343850766,-41.27589934354594
2024-06-18 05:00:48.00,1693.04,-0.09343364960255542,-0.054789652729347285,0.9986009286150214,6.7622742030527885,7.571513323732208,-4.74279444361454,-5.7709785782733025,3.6167210376883756,-42.25563022054971
2024-06-18 05:00:49.00,1694.0200000000011,-0.10540475758743813,-0.13744742559326262,0.9923049186920081,-8.480489004234917,-9.655458328243851,2.8963569245774914,-8.794422237411167,3.982447963713953,-43.0764795786841
2024-06-18 05:00:50.00,1695.000000000003,-0.044436542094210316,-0.14731184808838205,0.9676589443180046,29.478324290517932,-7.7472650071558595,11.187059500810928,-5.480444097966824,4.866496968764754,-33.23836619855154
2024-06-18 05:00:51.00,1696.0000000000011,-0.005274272463254038,0.14826910624988962,0.9956051978343339,5.4540082987261895,10.612164846690586,13.048339528045005,6.965623406330066,2.3952947369276285,-30.417195678469813
2024-06-18 05:00:52.00,1696.9800000000007,-0.07445564964680153,0.10955179406075563,0.9802788118922762,-14.01601944594595,-8.746209054345847,-5.269119975710508,3.1472570640582433,1.9801118085160192,-39.45287109199227
2024-06-18 05:00:53.00,1697.9799999999996,-0.024252913220460248,-0.05076379775542638,1.004030545903179,-0.5147164827083086,-0.4233712234013987,-3.362777600582344,-0.7297691260189033,2.3598159342121954,-42.9263738912361
2024-06-18 05:00:54.00,1698.9600000000003,-0.02372101238919121,-0.03183307372368087,1.002472526497062,2.3369694951438613,0.9747391014424863,-21.775575054228252,-2.009860511156187,2.2884162241254087,-60.78970208176649
2024-06-18 05:00:55.00,1699.9400000000003,-0.10249244694711762,0.027049644491826334,0.9962937916247764,-5.0047401621339205,-2.1858549115785935,0.9319105781299941,0.16581703004956025,5.34650400504776,-60.54030116608919
2024-06-18 05:00:56.00,1700.9400000000032,-0.039394107204660446,-0.17406578670301398,0.9935670265330407,-2.5903962379010084,-0.838475963766816,-3.1507310267690993,-9.144612542612272,2.244840335216219,-62.42234678736005
2024-06-18 05:00:57.00,1701.9200000000005,0.000836268119997603,-0.07417591222080634,0.987018767779816,3.7106479463559743,0.8685726574636717,0.2903958590415657,-4.1763446867524285,0.6359662216818375,-58.83395377212346
2024-06-18 05:00:58.00,1702.9200000000005,-0.044685924456319775,-0.022091522810973402,0.9969383731356802,3.204973965625693,3.990566546977201,-1.7926092971362584,-1.45753277986432,3.0319567299030665,-59.819205249573024
2024-06-18 05:00:59.00,1703.8999999999994,-0.1416837898345237,0.15287680765783582,0.9803111956914253,2.519891690486325,7.3535683904962506,-4.087525022912353,5.8877004016692815,7.601024941630553,-62.68025153156678
2024-06-18 05:01:00.00,1704.880000000001,-0.08421134227638286,0.02392472334684001,0.9907052261942224,-0.9447584155067261,-2.8597412215023743,1.6923144356290971,1.1100705277940968,4.719357096396505,-63.5639094688248
2024-06-18 05:01:01.00,1705.8600000000008,-0.07911831781326215,-0.024627146923016104,0.9960055299637096,-4.976024902495616,2.2631305703385896,2.344329308791034,-1.839716031985916,5.08386329155717,-61.76489777793071
2024-06-18 05:01:02.00,1706.8399999999997,-0.1108251041342573,-0.1836024884411475,0.9871084422529062,0.8213963369208217,-3.059330950228005,3.3072310738864776,-7.544510939345287,6.82984470665147,-58.47403715264361
2024-06-18 05:01:03.00,1707.8199999999995,-0.05291121994115665,-0.13135249986891157,1.0014995203609134,-1.9852900594599823,-4.032057596532564,-12.316465286010395,-7.5931266178473455,2.400004074966409,-60.721966160184145
2024-06-18 05:01:04.00,1708.8000000000009,0.004940379100666962,-0.18656478656038833,0.9778970836444814,10.27760245348314,1.2603900552405969,3.533971674735956,-8.843083341968791,0.3576443618837533,-62.19095245287309
2024-06-18 05:01:05.00,1709.7800000000002,-0.027031613103715112,-0.023244422614053895,1.0011984450835578,1.1544257168078484,3.7692005059576164,-0.4465523655599658,-2.079772549524023,2.2205950540008264,-60.03566958808152
2024-06-18 05:01:06.00,1710.760000000001,-0.12481251290371971,0.05246771886190295,0.9991782992391991,3.862815815350765,4.056182380655363,11.294692121203964,1.3210224173911176,5.571001372981284,-60.46133267656402
2024-06-18 05:01:07.00,1711.7400000000007,-0.08857019848153541,0.008519072591605935,0.9876616491270159,-4.13950790591976,-5.327753441736398,-2.237512626707653,-0.7256701059761079,3.871137047765009,-58.135538684932385
2024-06-18 05:01:08.00,1712.7199999999998,-0.06672506757567592,-0.035693097183795465,0.9946793644572658,-2.483884608135852,-0.5655781166539254,0.651310432503294,-2.1791532920172347,4.089357246965596,-57.365924550769996
2024-06-18 05:01:09.00,1713.7000000000016,-0.0015105320145217768,-0.06378061308644849,0.9975027438761241,6.652275640785994,-3.111683717212564,6.394388956657979,-2.868358222498119,1.4644787788608356,-56.16619887674026
2024-06-18 05:01:10.00,1714.680000000001,-0.03956016528792107,0.09448906781790663,0.9977744247866631,-0.7677451749613152,5.748026453790087,-11.559618633906961,4.545908459575407,2.5891305288148194,-61.15078462776381
2024-06-18 05:01:11.00,1715.6599999999978,-0.0999326557408921,-0.01559558515297299,0.9925963853915628,-9.851437679582165,3.162303377028934,2.665829986643469,-2.0378422827386675,5.9034307897065625,-62.637942915359034
2024-06-18 05:01:12.00,1716.6400000000015,-0.02746593191514778,-0.1252383619935023,0.9905986348922984,0.6075535549679318,2.410916085915294,3.154522976458534,-5.065517806229365,2.3677939012243048,-59.581440205558884
2024-06-18 05:01:13.00,1717.620000000001,-0.1970557602901496,-0.025368557890545134,0.9814321434203692,7.565919053072395,12.429359541382468,-0.4927771931077882,-2.3379792045049776,9.941837035103173,-60.526002033030416
2024-06-18 05:01:14.00,1718.6000000000001,-0.13461344750454257,0.014826921730900266,0.9865423237037325,0.07292859842528603,-14.077394698402731,-1.7742670682057005,0.49651284075084307,5.550544007633596,-59.609382705260494
2024-06-18 05:01:15.00,1719.5800000000024,0.007503196886904482,-0.14070840851826283,0.9882204290619624,4.121574442422453,7.895956460995112,-8.32820300693221,-6.353578338426551,0.8495436659952283,-65.66129909882305
2024-06-18 05:01:16.00,1720.5600000000004,-0.051002857521083585,-0.05002525945436309,1.0009862869831938,3.733078681539839,-0.29843113640737207,8.450108662163247,-2.4555643905373272,2.9202931781813866,-59.24907641645233
2024-06-18 05:01:17.00,1721.5200000000004,-0.07398477082058338,0.020901509685256215,0.9991753817323199,4.635811814715025,-0.5572913103224337,-0.0019820117399668717,0.717720400401125,3.6829445708769026,-56.99223078316508
2024-06-18 05:01:18.00,1722.5000000000002,-0.10159818890396198,0.03622520741272988,0.9974729976741401,-0.4658208169492597,-2.8148753603612997,-1.5126912285799237,1.3139735591792703,5.537977693596197,-57.422337263141834
2024-06-18 05:01:19.00,1723.4799999999993,-0.06735409265398486,-0.029260153489969902,0.9993054116824429,-3.5729563205182178,2.904426896767886,-0.327587878335757,-1.7583704869754846,4.839864079335925,-57.833521157405976
2024-06-18 05:01:20.00,1724.46,-0.016247713768225803,-0.05662507946251457,0.9956482610119068,5.230618608568124,-4.004852668782104,6.789684708241623,-3.3159024042055023,2.870168497713107,-54.568500441311414
2024-06-18 05:01:21.00,1725.4400000000003,-0.04744704510252841,0.09996492440329591,1.004099371987063,1.984940041028494,-0.4316179827915189,-12.33989647979422,4.940320292684824,3.07386055195248,-60.45972017939604
2024-06-18 05:01:22.00,1726.4200000000014,0.01997135343088137,-0.014004922063993243,0.9944861880897183,-12.468182592874102,12.053641332420073,-8.87830114620072,-2.5497056799733167,1.5353666703450934,-67.2341186541599
2024-06-18 05:01:23.00,1727.3999999999999,-0.20310401608283932,-0.06798687444917832,0.9869317212465463,0.2688056603078869,1.5187076806988171,1.3663165009003324,-3.2375613963435055,10.379012407634132,-73.35288447980722
2024-06-18 05:01:24.00,1728.3800000000006,-0.20960434832414218,-0.06072993270238537,0.980304179128513,-0.3524142166968814,-1.5340132013426249,-0.35169499329632686,-3.6267515334662628,11.581806189104853,-71.75417612192832
2024-06-18 05:01:25.00,1729.3600000000013,-0.0813151236745846,-0.15030682845494436,0.9877480744691042,-4.484963382559135,-8.418622800656529,-0.3698619573778792,-5.9145239339678195,4.369673991001142,-73.07310865308412
2024-06-18 05:01:26.00,1730.3399999999995,-0.0029740703999527394,-0.20944755287678407,0.9936990930892059,-15.384731419815797,-0.023549452882026922,-0.7557369056632188,-14.592826661627683,1.0686306413584241,-72.50155433297604
2024-06-18 05:01:27.00,1731.320000000001,-0.03887143064857922,-0.22689697507161746,0.9420125298600476,35.134969721164126,0.4729230471014628,-0.1418095436883391,-8.466968312397379,2.1064834345982,-73.07078741319945
2024-06-18 05:01:28.00,1732.3000000000004,-0.051681185816342796,0.11569586184788022,0.9922146056801251,-5.558895644189025,-6.248878879510322,-6.77140242511115,4.616830248647126,2.0692513081074875,-70.94468949374924
2024-06-18 05:01:29.00,1733.280000000001,-0.018601082487159703,-0.0034175601236366726,1.0062166389581062,-9.243442867102496,-0.5122552439346753,-1.7199477734088664,-2.1624804038173897,1.1681401680763808,-73.46827399801089
2024-06-18 05:01:30.00,1734.2600000000011,-0.058582506582566196,0.04337566313258414,0.9855144319969732,16.564339783091253,8.450787144922643,-2.242278938549699,2.5158447306858713,4.086478125756742,-81.73004011338637
2024-06-18 05:01:31.00,1735.2400000000002,-0.1489024082097773,-0.012469898211739758,0.9954484360092866,-7.517986762226278,-4.323203099536143,9.551951849781421,-1.3313613885253972,7.321276380083453,-72.1907742892119
2024-06-18 05:01:32.00,1736.2200000000016,-0.0756090716893023,-0.020729696650076925,0.9992014369383593,8.521777586534032,-0.14855281867884698,-8.726266351277454,-1.772227441727576,4.8534779982845455,-73.55850842080731
2024-06-18 05:01:33.00,1737.2000000000016,-0.08126317108565179,0.0584707925044034,1.0002950300044244,1.2150591484114244,-2.11089880772659,-1.9564010378683139,3.51889304753346,4.585160377594398,-78.60708585330278
2024-06-18 05:01:34.00,1738.180000000001,-0.05180277252717089,-0.00171057970201224,0.9978702726813778,-4.57906738956955,-0.7820148901323092,2.3714076275334293,-0.6261377282886231,2.967908673576696,-77.30724002101275
2024-06-18 05:01:35.00,1739.16,-0.13854150581995273,-0.09987672345304059,0.9885804796731126,-3.0892676272284016,5.424250223377907,2.4254945174624054,-5.2458246038506715,8.451843888492903,-74.57601948384439
2024-06-18 05:01:36.00,1740.1400000000033,-0.08051522155615157,-0.1795615631869455,0.983696512079602,-1.497617388234941,-10.73061307749224,-4.866413266356873,-8.76930043952923,3.0089763041613042,-75.13288441689792
2024-06-18 05:01:37.00,1741.1200000000022,0.005350493396790458,-0.21652246155593594,0.9920638188463438,-6.24186896532833,9.465384262495004,2.3048561347584613,-13.85281074628283,2.121279426273328,-72.77908883739772
2024-06-18 05:01:38.00,1742.1000000000004,-0.07783773433796184,-0.09298803210900061,0.9805704420682063,15.26526352827789,-5.243792446456404,1.3075700534202777,-2.8419873173837025,2.970022976087617,-74.21843011553024
2024-06-18 05:01:39.00,1743.0599999999995,-0.03363637435803798,0.08124350826472188,0.9930555396570183,4.410385740877586,-1.3260773843059546,-1.2574566123940714,4.066941573710888,1.7116973857233009,-72.96176468795444
2024-06-18 05:01:40.00,1744.0400000000016,-0.05509806702644855,0.11226113548381689,0.9960631692622738,-7.219376439507273,3.406550600228158,-0.576558004894514,4.177591284334967,3.8984662148401923,-74.20940902335094
2024-06-18 05:01:41.00,1745.0199999999995,-0.07428066482204886,0.012668990494923,0.9965980566818281,3.779667327016707,-3.918511690578022,-0.5490102035054829,1.414311502557155,3.659332931894777,-74.4095568360989
2024-06-18 05:01:42.00,1746.000000000001,-0.04356107384656344,0.21165377355232678,0.9800260891501354,-1.9900994055171402,3.2115716274130666,-1.2414083524012307,10.943627066260573,3.1026852429417477,-74.9031133795849
2024-06-18 05:01:43.00,1746.9800000000007,-0.10782205183823834,0.001978838750295484,0.991664370072119,-11.972707997850046,-1.0869191831730058,-1.5513088601589775,-0.9941514611855498,6.054124528140612,-75.69326274757452
2024-06-18 05:01:44.00,1747.9600000000012,-0.11782290183830904,-0.11171513481361138,0.9851583042474852,1.108453508584256,3.814568141597876,-2.3541332860380044,-5.189563971031646,7.350887358792272,-77.0678347406073
2024-06-18 05:01:45.00,1748.9400000000019,-0.11867173909532357,-0.15665788356839547,0.9889363662405581,-5.961618382613419,-7.529762852808935,-1.2814869304842835,-6.863729684595219,6.936627118819287,-78.00257363916708
2024-06-18 05:01:46.00,1749.9200000000005,0.04132532043922659,-0.18079937159788295,0.987050997452407,2.889020702698637,2.8854901807933624,0.8177656700345212,-9.03541803295639,-1.5869942700393114,-79.15332598682177
2024-06-18 05:01:47.00,1750.9000000000012,-0.1264159409117414,-0.13681512549793834,0.9841472000679954,9.052128241606988,-3.8284880087350674,4.176270562177294,-6.254401747442405,6.593254746816625,-73.09544319670451
2024-06-18 05:01:48.00,1751.8799999999999,-0.03886227283314427,-0.016173002381430834,0.9951142915846316,3.5791908251684514,0.05471645651449397,0.8368280119470015,-1.138334407721897,2.6370480797273874,-71.25956160272368
2024-06-18 05:01:49.00,1752.860000000001,0.03741400987550657,0.04295674404941286,0.9914250042557609,0.834666699167691,-10.238116181947063,-9.5624537712802,2.1748006571799414,-2.1627466850567116,-74.4454558456185
2024-06-18 05:01:50.00,1753.8400000000013,0.029283483373858138,0.04797722963760603,0.9972658693492196,1.4876633023533727,3.635582391841393,-0.7081786488122879,1.9844252536825613,-1.4225962908132148,-77.11625051393634
2024-06-18 05:01:51.00,1754.8200000000006,-0.12728366664634622,0.15483114342944906,0.9870690462457499,-0.06361923963798077,8.99510338692108,0.02120539561022078,8.819604400608766,8.017731796366169,-74.7623409435115
2024-06-18 05:01:52.00,1755.5200000000011,-0.13689451695352342,-0.0034649017435181015,0.9809276814276754,-8.595998215246572,-11.213190139576888,-6.257367532170653,-1.7071684641017928,5.396227508454195,-78.57252793160193
2024-06-18 05:01:53.00,1756.1000000000015,-0.0662257783518529,-0.17736311685892966,0.9894346417688444,-8.546538202806929,4.909815157556919,8.064390397244557,-8.25995728523142,5.394206114693061,-78.53587525018358
2024-06-18 05:01:54.00,1757.0200000000018,-0.08955632107819206,-0.24299361158127328,0.9633819781492632,10.802043686843197,-11.155287957079866,-5.608719762606125,-12.060621055910895,4.351675988360405,-73.08940149349895
2024-06-18 05:01:55.00,1758.0000000000016,0.03038376806696221,-0.01119338585841313,0.9959240061268647,4.802584850402908,5.013200246560126,-7.444514340671837,-1.1038207232053845,-0.6692209605472822,-78.29619148569061
2024-06-18 05:01:56.00,1758.9800000000007,-0.08873496319454864,0.17304662027439655,0.9953900000725576,1.2158625737069262,8.993122994972753,3.912997968210466,8.308964323771661,4.272208514843211,-80.71562039128527
2024-06-18 05:01:57.00,1759.9599999999996,-0.1869579225702027,0.06338282957478608,0.9747350766767579,-13.396352873436436,-11.978527447934294,-2.1997910003781924,2.2736608622646135,8.00782635597861,-78.48142879683253
2024-06-18 05:01:58.00,1760.94,-0.0582061143377758,-0.0981757710923995,0.9976250907526034,-2.0006842554969215,1.9712129313947195,-2.9176163003681874,-5.331790367475314,4.520691391582009,-81.70882162990416
2024-06-18 05:01:59.00,1761.8999999999994,-0.07602797476132317,-0.16839837489892653,0.9860674440662822,-0.6834166962237695,0.5279500064210406,8.411343845317381,-7.626470251066339,5.077545947917017,-78.65554504485183
2024-06-18 05:02:00.00,1762.8799999999999,-0.04242051466266529,-0.12741603481680205,0.9875475515369598,9.827277528484395,-6.179939227874169,-0.46795133889966467,-5.9154398243103845,2.622014978283358,-69.90252650081202
2024-06-18 05:02:01.00,1763.8600000000033,0.035309859183644016,0.08441709080164225,0.99944609986917,2.1796007994003377,1.7715027333208169,-15.15704685461787,2.6300208392497737,-1.3176001456994815,-80.08053022507359
2024-06-18 05:02:02.00,1764.8400000000024,-0.08179104361363858,0.19422035488885928,0.9856625935340196,-6.0601398256429455,11.722993191159096,-2.3280762037075897,8.940447304082893,4.595687667825105,-79.30206217587093
2024-06-18 05:02:03.00,1765.5800000000027,-0.1660380300503505,-0.01973518074545355,0.9782711765953686,-10.198922579281652,-7.1893611060140294,-2.1867843689695694,-2.9837902533751803,7.310120082153302,-83.23781432347644
2024-06-18 05:02:04.00,1766.1599999999999,-0.12648758463683907,-0.17013709708310704,0.9781494193150488,-0.9119863333821576,2.9018895137225935,-4.792504315174999,-8.894188484368195,8.23013538118233,-84.01904329091131
2024-06-18 05:02:05.00,1766.8400000000022,-0.1616942502524637,-0.22404413746764593,0.9794461733896392,-1.3237718644668697,0.10257545520486537,12.91960194513326,-9.414188285394731,9.58838964015935,-82.69956127033089
2024-06-18 05:02:06.00,1767.7400000000005,-0.09033293319936944,-0.2599453328259395,0.9692535802196042,4.282859924273982,-12.058544807163235,-2.747348677622058,-15.299180504038489,3.92100984460651,-80.29092474525268
2024-06-18 05:02:07.00,1768.7200000000012,0.07056392479378776,0.04397157905909917,0.99096335561714,5.848010238371741,5.392608512640711,-9.803742915815587,1.9128629924159595,-2.6466172762255065,-86.83554738210893
2024-06-18 05:02:08.00,1769.7000000000025,-0.08946127441042734,0.20095543409624053,0.9957130007899913,2.0492393193473237,8.860205805859932,5.327249124932116,9.177214816673448,3.1574161054944603,-87.94167638984412
2024-06-18 05:02:09.00,1770.680000000002,-0.15038961100285875,0.09402936834442083,0.9741404110809665,-16.29135809770119,-13.30334653557483,-2.9283182865298816,2.7622492298916757,6.353999566249681,-86.96081066308761
2024-06-18 05:02:10.00,1771.6600000000012,-0.050760804502826044,-0.09042791455376611,0.9895814217552031,1.0331560547929193,13.113031762115707,1.670863938651909,-3.912642593675031,3.8747603577266334,-89.17030797957145
2024-06-18 05:02:11.00,1772.64,-0.11079485020726174,-0.13777386157297294,0.9872022160882964,-3.6170367821828058,-7.951995474206608,1.7311858349164881,-7.174312241481826,5.265348043568198,-85.69685986493496
2024-06-18 05:02:12.00,1773.6200000000006,-0.018051850690379276,-0.07486036921089259,0.9915636975438223,4.985070114585724,-3.5906550348184725,-2.2098709199721176,-3.435761822527007,1.9386981028255852,-80.88202469606553
2024-06-18 05:02:13.00,1774.5800000000022,0.05091111350710933,0.025145957883273253,0.9960129877278046,1.02878339582725,1.4279248111956955,-15.325146387487443,0.4407178929015076,-2.532751240136907,-91.01431044034013
2024-06-18 05:02:14.00,1775.5600000000018,-0.055815733188216234,0.16489060346326545,0.9937867747172877,6.672444104862212,10.897616624591492,6.246051226143131,8.851598273277585,3.4568939608018048,-89.38547976557219
2024-06-18 05:02:15.00,1776.5400000000004,-0.21498771565115424,0.08753730030517393,0.9699447482483784,-16.603111868371393,0.18839097743176003,-5.376782552251175,2.5162058868357224,11.84320003477528,-91.22640131386551
2024-06-18 05:02:16.00,1777.5200000000013,-0.06387055149112075,-0.17768040676983138,0.9837002677998381,-9.839790327938177,-2.141764067149729,3.2414952473293757,-9.420217943710965,4.324373599049969,-93.37198294746585
2024-06-18 05:02:17.00,1778.5000000000005,-0.05493048804801015,-0.23542039736292592,0.9722690660439706,0.9994156530334781,-1.4593165712160971,11.784072599756994,-11.222059598892766,4.474200931613714,-88.13473347815037
2024-06-18 05:02:18.00,1779.4800000000014,0.015147779216436709,-0.06819171908926983,1.0021433897517225,0.7842183612887075,-3.5116129039703408,-9.38802067633079,-5.205001449523554,-1.2482326634199061,-90.1792259255862
2024-06-18 05:02:19.00,1780.4600000000016,0.014755531354870703,0.06601039406190375,0.9952831026509619,12.41678755833751,2.159477775568122,6.736902506155551,1.7828470449310339,-0.10184480147902975,-95.57138561842966
2024-06-18 05:02:20.00,1781.3600000000006,-0.10335374289406585,-0.010038305466456468,0.992618120023018,-16.544968647774727,6.892244093752643,-10.576768609147013,-0.3518169292983441,6.252859932992995,-90.02529390600826
2024-06-18 05:02:21.00,1781.959999999999,-0.08698445178678665,-0.08261350800202494,0.9562551397274124,-0.7352837764696427,-7.695820035543982,-2.1368295485365634,-4.668680036474746,3.016462427137646,-92.42448036820241
2024-06-18 05:02:22.00,1782.9400000000012,-0.2177623559956864,-0.04473813476589224,0.9883393353444467,-9.844509801046797,13.202892362213113,2.1629102057233713,-1.288774399925285,13.59087675950028,-92.30768180768793
2024-06-18 05:02:23.00,1783.920000000001,-0.2876268434338635,0.0012633903759850284,0.9627838873846153,6.961022158362215,-4.442281062501745,-9.308495229984786,-2.580314290071763,15.164214837196905,-92.24594758034519
2024-06-18 05:02:24.00,1784.9,-0.17275927375669473,0.03533140300264101,0.986204378116332,0.31303847207745295,-9.226102164022485,-2.8891996723749322,2.254654889152268,8.86014492387396,-100.06516922622244
2024-06-18 05:02:25.00,1785.88,-0.024130610485391245,-0.04851927029866569,0.985311164626611,-11.193581737484338,-5.632997032746108,2.2128147801354556,-4.497428909825052,1.6466073739665932,-100.74776812796807
2024-06-18 05:02:26.00,1786.8599999999994,0.017219859984965644,-0.1979684075261426,0.9793685686185079,5.063513975106182,1.3218968074652453,8.66702561887239,-8.892603499794545,-0.09106284827837223,-93.27086748207789
2024-06-18 05:02:27.00,1787.840000000001,-0.022123342606877542,-0.06873903666470814,1.001902056811821,5.292175009678161,2.429943543649911,-3.1860377974654517,-3.5264951257622754,1.7166928867868785,-92.02030415135498
2024-06-18 05:02:28.00,1788.8200000000002,-0.02801459220162044,0.01607063243578557,1.0036440848161108,4.084105791566848,-0.763187941835791,1.1379425025606753,1.1464305486446082,1.418223271002336,-90.06079085327184
2024-06-18 05:02:29.00,1789.7800000000004,-0.04685771734471755,-0.12544100196983826,1.006552909710314,-16.437268581754427,0.6124215309729781,6.921758322328019,-9.834703912641915,2.9592033314039594,-90.88364382018526
2024-06-18 05:02:30.00,1790.7600000000007,-0.015904265534761108,-0.056798034711235075,0.9770505952539619,16.39309537258495,0.4404679211838509,-5.574126727517885,-1.696957177964438,0.9526833979633631,-90.58046285437665
2024-06-18 05:02:31.00,1791.74,-0.07253814900233616,0.0016972338841093027,0.9919894804168065,-2.63607622922811,3.658068504026609,2.2810451499092443,-0.3695351750293431,4.549882135397935,-94.85532435592663
2024-06-18 05:02:32.00,1792.7199999999991,-0.14487752066777626,-0.008638659300648801,0.9977905595494522,5.227052438435159,-2.0079897892308813,-2.839012040395686,0.5805759875101278,7.657407540195801,-96.23423618199864
2024-06-18 05:02:33.00,1793.7000000000007,-0.031308956848910455,-0.05224574315238598,0.9946939250004319,-2.2529172958689094,-7.910400896860326,20.07991129238945,-1.4843373278639533,1.3268658591798088,-96.95582423429747
2024-06-18 05:02:34.00,1794.6800000000005,0.028827514662812005,-0.13685926124524536,0.9993847951853608,-2.6629734976790727,-1.2841597680133363,-0.17730758084690432,-8.57944975476787,0.03246802847015176,-93.77769424148981
2024-06-18 05:02:35.00,1795.6599999999996,-0.0375801749368272,-0.012383574377984884,0.9926941204195668,1.596690677798685,4.822703411361217,2.6622488074123445,-0.15040074492719943,1.334050823534671,-95.67584260923647
2024-06-18 05:02:36.00,1796.6400000000017,-0.08086700284069151,0.02399157526386948,0.9971803583021298,3.4829314389286354,0.3507535231885007,0.5647158732537763,1.1836283588686067,4.275689094125686,-94.17518184466716
2024-06-18 05:02:37.00,1797.6199999999994,-0.07720317419127595,0.09756599638598845,0.9958929308279088,-3.740243807122474,-0.8818191844685835,-0.2246348771525167,4.21146442370033,3.974616646076045,-93.92078131524757
2024-06-18 05:02:38.00,1798.6000000000013,-0.004615149092456822,0.14290841509210034,0.9957440705913821,11.391751222106095,-4.802376204253386,5.458426684674952,7.407068163798775,-0.38467384941934846,-95.52863455408271
2024-06-18 05:02:39.00,1799.5800000000004,-0.005730191235512079,0.04472078052230179,0.9965403809002094,-7.968169470472974,2.185922349948525,1.1558176647850213,2.182831408118459,0.31083340138625176,-90.82343675983932
2024-06-18 05:02:40.00,1800.5599999999995,-0.15960881604094523,-0.1269362933124598,0.9823009604951025,-10.110703382304415,9.981979430675741,0.09246582172381598,-5.791256307134401,10.207404783137846,-94.61904623531527
2024-06-18 05:02:41.00,1801.5400000000006,-0.15842990963440898,-0.20434792829798612,0.9687496803742403,3.464041350346495,-8.383796375479964,-1.5108991208227993,-10.31601014889512,7.328666696006099,-93.64241653716012
2024-06-18 05:02:42.00,1802.52,-0.03352547107071793,-0.0983141177736579,0.9952378190776177,3.865600249833355,-3.0512997678578615,0.8149148086885539,-5.359798595906181,2.294765287085894,-94.20942058737145
2024-06-18 05:02:43.00,1803.5000000000016,-0.029883142617833505,-0.06411730254674711,1.0012365014737075,-0.8015023650828889,0.7873731426827355,3.6603654643969863,-3.612756800857224,2.1816957820358587,-93.001511840202
2024-06-18 05:02:44.00,1804.4800000000005,0.05542378508184536,0.020772803531070944,1.0034987144954588,2.8947117953818506,-0.4327818705479518,-6.565229418534278,0.29562979222073094,-2.992880672985498,-95.49425153194316
2024-06-18 05:02:45.00,1805.4600000000005,-0.04113692499613804,0.01566094841117931,0.995305804236017,0.30123865373541486,5.705039827495845,-3.4845330490638022,0.8419232034202351,2.4897555103615585,-98.73280867677886
2024-06-18 05:02:46.00,1806.4199999999994,-0.14075046447729408,0.14674673309123026,0.9882291877820244,3.351219046590566,-1.8595674328560934,5.062369010616189,7.98475320323748,6.250378624193349,-95.37183357337355
2024-06-18 05:02:47.00,1807.3999999999992,-0.0965018984760111,0.10998194868885393,0.9840476919380119,-8.646868941776468,-5.894074521272621,-4.425561500250729,4.555337605291212,4.139207358527895,-93.43286977976696
2024-06-18 05:02:48.00,1808.38,-0.1488466293158216,-0.11683784745289989,0.9794979161709737,-10.065326212297332,3.2320498515153955,-1.834972874774163,-6.58575872286196,9.46200855629003,-96.59036525373598
2024-06-18 05:02:49.00,1809.3600000000022,-0.0851277356473241,-0.18316501359229406,0.9839886495781347,8.739735913327625,-5.084908138816437,-5.729179121791498,-8.477753452514246,4.464634774030048,-94.28173161293992
2024-06-18 05:02:50.00,1810.3400000000004,-0.02705228976427848,-0.06152994934217135,0.9945048856084865,5.754556117985585,-0.9553091808833539,-0.790517423341745,-3.3927209837336885,1.8672521775323372,-97.6784129429648
2024-06-18 05:02:51.00,1811.3400000000001,-0.008434887232689757,-0.10644205108040364,0.9968998862197264,0.20466843832796766,-2.6263870907752636,11.52840049697605,-5.88876363197354,1.4497474270129953,-93.3368600995754
2024-06-18 05:02:52.00,1812.3200000000013,0.03289259984215739,-0.043265984765858814,0.9927810319405366,1.76632273893892,8.92752556192895,-11.198826328672487,-2.4473183763504536,-0.676722586886283,-99.19125812672453
2024-06-18 05:02:53.00,1813.3199999999995,-0.07018272251530203,-0.009336364524477656,0.995110759586655,1.0646978566147451,0.9245938828666256,-6.421533803843242,-0.3666533294972945,3.072789023769694,-105.06202398816446
2024-06-18 05:02:54.00,1814.3,-0.11073710915667298,0.19039104969387347,0.9822668126411851,0.5885900487594169,2.2358651611524767,7.684403795751824,9.939716903755263,5.590271326096472,-98.60640346558728
2024-06-18 05:02:55.00,1815.2800000000022,-0.15189353892847102,0.028371698809100045,0.9808804137363037,-11.21408380123723,-4.049003830435629,-0.8840953027269745,0.5788144202805681,7.454991505547973,-97.25410261108355
2024-06-18 05:02:56.00,1816.2800000000009,-0.10892600933254912,-0.11460438541541658,0.9870752995277858,-1.9193537025157568,3.7765787081968627,-2.2846801457616257,-6.091395464855155,7.575408782401672,-99.89429581784496
2024-06-18 05:02:57.00,1817.2599999999995,-0.145320874763657,-0.19643750874232754,0.9865387917812227,-4.9888418686375156,-1.6693519447775267,4.70381421561826,-7.232321732664548,7.867061481440976,-100.8631974801634
2024-06-18 05:02:58.00,1818.240000000001,-0.08331446721522731,-0.23399116590329763,0.9775224840810198,0.4223768309125808,-8.152394387180486,-0.09055511923830187,-13.150939524911436,3.580855942652812,-96.07207586072464
2024-06-18 05:02:59.00,1819.22,-0.01328372233824586,-0.03288189041670145,1.0015065460666526,6.527879545115128,5.242456671002458,-1.8248925464076733,-1.9139730150866179,2.302320047904329,-95.75740180459037
2024-06-18 05:03:00.00,1820.2000000000014,-0.011840230173580367,0.1454487828417684,0.9934244717270937,6.617528455529772,-2.5071150977262837,-1.1205642231547648,5.975617253315918,0.37170644472664327,-99.39430421397724
2024-06-18 05:03:01.00,1821.1799999999992,-0.026877214657493407,0.09081111481445722,0.9960039204498181,-3.0455195787937672,4.467700438386256,-2.556693430012166,4.473243913563843,1.9532712666367447,-98.15937825403692
2024-06-18 05:03:02.00,1822.160000000001,-0.11819718883691567,-0.012191363212652576,0.9961522726212438,-10.378074495967235,4.724376003659626,-2.9503535464103474,-0.24060533298269599,5.995007238400781,-99.73616333775539
2024-06-18 05:03:03.00,1823.1400000000003,-0.2552968251545423,-0.12699687337774668,0.9689838568955882,0.5756953788286105,-11.949336437754127,-0.4805272201635888,-6.10208161813575,11.872778950529076,-98.85905807482375
2024-06-18 05:03:04.00,1824.1199999999992,-0.05055861679638387,-0.10743676393198956,0.9974375981914337,3.0467988159477666,-1.8011295598895447,-0.5005055369554816,-5.3466110513763505,3.4156689586442797,-99.22342427920786
2024-06-18 05:03:05.00,1825.1000000000015,-0.026393938439253965,-0.0713330904934,0.9996763176482656,0.022966614648434802,-1.8865018725922695,-0.2291802803682229,-4.1015606509934255,1.75576185693785,-98.91828103444713
2024-06-18 05:03:06.00,1826.0800000000017,-0.0058426506556522005,0.034795574326594865,1.0099906909585785,6.860074962458817,2.22163067724802,-8.655084443969232,2.3393869684855972,1.482600483942743,-102.58771331723726
2024-06-18 05:03:07.00,1827.0600000000013,-0.0077963220550884196,0.05197099152017638,0.9979681165265561,-3.833666353547016,2.7500831292770136,-0.8557027855198062,2.454775022236451,1.0555035408607776,-106.7960203381719
2024-06-18 05:03:08.00,1828.0400000000025,-0.0843415459314575,-0.02284984581944167,0.9956204907115562,-2.7465544093247454,3.8046767816832188,2.3332150497415385,-1.1976572021374836,5.2101378505352836,-105.29513285085179
2024-06-18 05:03:09.00,1829.0200000000002,-0.07180134909182119,-0.12239513387934942,0.9731828721449352,-4.238255323444805,-10.442337694958155,-40.17877321999738,-7.796119736767061,0.8735062260995531,-113.8251268750705
2024-06-18 05:03:10.00,1829.9999999999998,0.0009987208006149821,-0.08138723955872298,0.993383291208973,9.126231224083941,6.7341118370758934,3.8798410436289372,-3.310151234759453,0.9231176842140125,-145.25584426444007
2024-06-18 05:03:11.00,1830.9800000000012,-0.03504690078399586,-0.0019737676036142827,1.010599532614788,-1.1857694527610478,0.3802606138321546,44.42693263253882,-0.6243386254419775,1.8716873281989537,-113.28440124704349
2024-06-18 05:03:12.00,1831.9400000000005,-0.08215119575996616,-0.07891403935390787,0.9919052397554587,-3.0517115840541127,0.18553897751542256,-35.37905296611302,-5.729057249092199,4.304982544770588,-108.48372589075869
2024-06-18 05:03:13.00,1832.9200000000026,-0.05005355367688121,-0.12287250514849492,1.0135316727243833,11.839176876990447,3.9856878319543902,-11.657462516543774,-4.675299666546952,3.2367368156281064,-137.78255481127403
2024-06-18 05:03:14.00,1833.9000000000021,-0.09430072578357278,0.017226641320945472,0.9500755865699494,-0.4216540681831583,-7.8365572880036245,1.6997676407034787,0.5005162025456413,3.676890660980068,-140.65847030507462
2024-06-18 05:03:15.00,1834.8799999999997,-0.09071599658777393,-0.026344507655262916,0.9829577731426413,-4.732609375120874,-4.030799104309446,4.291011433894921,-2.393082982880043,4.659015683860754,-137.82078740279417
2024-06-18 05:03:16.00,1835.8600000000004,-0.12185829879489132,-0.16477917650968377,0.9861106903820465,-6.53055704330932,3.420532111060604,-2.0359305017172202,-9.992460987412215,8.022714755830881,-126.98691569682546
2024-06-18 05:03:17.00,1836.8399999999997,-0.057244849676464454,-0.09656735904723128,0.9879965414381273,11.072022978601293,-16.543170533141954,-13.495133056355767,-4.58042932570233,1.4388605127642498,-132.19595901148003
2024-06-18 05:03:18.00,1837.8200000000015,0.016253077098813913,0.044019333012801316,1.0057689066451498,3.1421810491095905,8.717386667450361,-1.6475468263592072,1.1761683988089071,-0.2343166846572584,-138.35973300257228
2024-06-18 05:03:19.00,1838.7999999999997,-0.07766547308436109,0.089831593621371,0.9940144120970208,9.346921415180383,12.423255352827404,3.3371633411679107,4.929709096886885,6.501699682158062,-137.65473845049763
2024-06-18 05:03:20.00,1839.7800000000007,-0.17961375559119558,0.1735127546416476,0.9763189621321118,0.5234677119379503,-0.41557291438021354,0.48322584652566214,10.255839793735548,9.043923544957178,-133.7942662940289
2024-06-18 05:03:21.00,1840.760000000001,-0.14531734290248646,-0.018218584249289835,0.9893866114408209,-13.529391415511954,-1.5431428895168093,5.3149480587963644,-1.0256171300062058,8.13420925119237,-135.0823676212732
2024-06-18 05:03:22.00,1841.7400000000016,-0.011864397824212454,-0.2510697814933412,0.9545046838313429,4.82543845179474,-14.702916319102382,-14.917182582580972,-14.346003278510818,-0.2161404995404021,-133.0806225665667
2024-06-18 05:03:23.00,1842.72,0.04613914304507311,-0.060205456871008305,0.9929667110254545,10.574443098649633,7.933276610228431,-0.9562496192784666,-1.977940723642784,-1.0618777158501949,-141.69320635301622
2024-06-18 05:03:24.00,1843.6999999999987,-0.020042702725240367,0.14538141862673165,1.0015518452674854,4.7052749761121655,10.339250226149325,-1.2157636989548768,8.126413716463357,1.832966904349462,-137.98847295310333
2024-06-18 05:03:25.00,1844.6800000000014,-0.1652275064239203,0.1089326062768777,0.9779052565669635,-11.131738103922427,0.7081709524280239,-4.632261269431596,5.235855635583617,8.860867557789689,-139.97607902984896
2024-06-18 05:03:26.00,1845.6599999999994,-0.10205802656332169,-0.17013716793143474,0.9902655231851425,-18.112350384773006,-1.9628264151847175,5.553121099008018,-10.082763134425598,6.96670536645205,-138.17153969281583
2024-06-18 05:03:27.00,1846.6400000000006,0.05035363074282236,-0.22172332935341157,0.9602575550822101,14.218595299920851,-1.0456596574970143,-5.994007088863765,-10.578470960320553,-2.099235828993925,-142.32504957998975
2024-06-18 05:03:28.00,1847.620000000001,-0.036262170087539826,0.11160390233347181,0.9951360363448072,10.891420535481577,-1.342584369811457,6.400535517084599,5.580779888281248,1.1180183653585396,-144.3083434984999
2024-06-18 05:03:29.00,1848.6000000000013,-0.15206338193254834,0.20266927278909258,0.9754685751301886,-4.081663054535033,10.648275219744415,-3.2953318352354724,10.72472801200774,8.261118802874492,-143.84766816063802
2024-06-18 05:03:30.00,1849.500000000004,-0.20845807075849965,-0.04355178345843386,0.9704027369597363,-18.643605378247766,-0.2628284562292159,-4.8499579703190445,-5.433268364131551,11.938890763740943,-147.4795603919883
2024-06-18 05:03:31.00,1850.0800000000006,-0.11555671229962228,-0.3505145708412748,0.9400272414156421,-3.984602321118582,-10.620082836954126,7.656519830218528,-17.959623406695915,5.654224255553167,-146.08549777969614
2024-06-18 05:03:32.00,1850.7400000000011,0.1129178487262474,-0.13390154623364142,0.9724411207752052,14.990658697920512,-2.762455977963324,-12.283376078498312,-6.035180225756112,-6.18807630545219,-148.04436786093444
2024-06-18 05:03:33.00,1851.2400000000014,0.06530647926326356,0.13199344667333493,1.0034594328203856,9.585222137636162,5.022346514610311,5.267001075229009,5.928707661334099,-3.1688135481654167,-151.18713845694123
2024-06-18 05:03:34.00,1851.9000000000003,-0.15221737360571422,0.12980945133227875,0.9839560156118848,-11.181183510532597,10.582338555289462,-7.7892824666502385,6.169792002844373,9.241368403257416,-151.68399947395497
2024-06-18 05:03:35.00,1852.6000000000001,-0.19339277084534778,-0.22478654577577062,0.9718050408352502,-14.892306414939888,-4.333906094967981,5.721637143355706,-13.441231660902783,10.776511016200258,-150.54430114372568
2024-06-18 05:03:36.00,1853.300000000001,-0.018933362091642696,-0.14996496441174445,0.9648072944132612,26.25415122581873,-8.21826149520539,-10.79239702991959,-6.048306722177383,1.4333199530454188,-152.61332029000013
2024-06-18 05:03:37.00,1854.0400000000009,-0.029050865914995817,0.22275932586449063,0.9929672705676331,6.02858157326413,1.651462126264733,1.7231566663366393,11.457499659633315,0.9962479915194824,-155.59759098131303
2024-06-18 05:03:38.00,1854.8200000000018,-0.17580548009167518,0.15184142925073066,0.9816895705803816,-10.96533690840704,2.7221478604565608,-2.9135218164454995,6.83987500707212,9.991071974790726,-158.6794086719716
2024-06-18 05:03:39.00,1855.800000000001,-0.170341146858012,-0.1614143699966526,0.9775025925897403,-13.371181234728976,-6.080237535325589,2.1014431357951926,-8.738947555688288,9.063684046852954,-156.2269478504477
2024-06-18 05:03:40.00,1856.8000000000006,0.042596319190455006,-0.14969718477901559,0.9700462142343904,6.68325437269379,-4.131956325173558,-3.682399780582717,-8.225386922584473,-0.3834752687311386,-152.83092564434165
2024-06-18 05:03:41.00,1857.7800000000004,0.038850689693161515,-0.03826118589066557,1.0020927837058862,2.4501562704663558,0.7824435092026366,-3.5970124329055926,-3.2772240090547866,-2.009228613338302,-163.96543417371484
2024-06-18 05:03:42.00,1858.7799999999993,-0.051578784416762204,0.1192499051346407,1.003611257424514,8.36502773608715,16.403904601337544,-1.5767728166210664,8.300557628387857,2.2079378599354653,-161.58981149524882
2024-06-18 05:03:43.00,1859.760000000002,-0.22891168669504758,-0.009429082465288124,0.9769515441570356,-21.283496062255484,2.3250382451666702,0.16442918851121674,-2.1169029085398723,12.883086566742646,-164.99104579718957
2024-06-18 05:03:44.00,1860.7600000000004,-0.16013197563886397,-0.2998294537019248,0.9378014938831234,4.881542802450219,-16.034693408912,4.073907025771014,-15.137027262153936,7.27631229355901,-161.00536488353106
2024-06-18 05:03:45.00,1861.7400000000023,0.06044710208613949,-0.009165109593399393,0.9853413734041852,6.144232616175585,-2.9062572788190164,-14.560230161627324,-1.6347645173853766,-3.049892295867369,-165.08876286850202
2024-06-18 05:03:46.00,1862.720000000001,0.02339914926172564,0.002769405682172607,1.002775771536834,-3.0116365220183234,-4.538344855841229,1.6715649749013277,-2.1674897929108714,-2.3658768494598257,-171.5289149047692
2024-06-18 05:03:47.00,1863.7199999999991,0.004188515077869055,0.12924314085026095,0.9975333628091264,5.565579196459231,8.30875328383323,-2.7092706170815815,8.044576801444308,0.3024856839917905,-167.31863459336148
2024-06-18 05:03:48.00,1864.7000000000012,-0.17354634590993445,0.12850741420656103,0.9815402042188724,-13.005396158277946,1.8466276224139075,-3.2984121206607515,6.157918624523552,9.110175391103933,-172.8160900822331
2024-06-18 05:03:49.00,1865.7000000000003,-0.16564791003059007,-0.18119667487683616,0.9747560788650558,-9.710264600090735,-2.1777799007989067,0.9254171753473999,-10.43887375066727,9.599658646299382,-169.38484912779538
2024-06-18 05:03:50.00,1866.6799999999996,-0.05866760093683649,-0.19267234263784455,0.9660572860049053,8.401727743171865,-3.840382843896352,-3.866453136512091,-9.817662164384767,4.406859830007363,-168.4760818919728
2024-06-18 05:03:51.00,1867.6600000000005,0.02769488659154693,-0.07234694479357479,0.9948918771726001,-0.6086792972696546,2.345300162719302,-4.485223448402703,-5.183588042983098,-1.074819946387874,-176.31917943246305
2024-06-18 05:03:52.00,1868.6600000000005,0.08614074213768962,-0.06372284619636884,0.9883961142946244,1.0467559397559423,0.2958334295314632,-17.39215381712898,-4.6562390475838695,-4.202805663588462,-177.69273169023643
2024-06-18 05:03:53.00,1869.6200000000003,-0.0011981542179895607,0.002915961224075618,1.0020996784698253,5.499582156552164,5.746955607008504,5.206773636246694,1.3125224965586737,0.8008446410432242,-177.11037573070007
2024-06-18 05:03:54.00,1870.6000000000008,-0.13476849055217388,0.005297330781486086,1.0013574203608768,-5.424321590876635,2.2437065474298805,2.5781466417188748,1.4373696232673907,8.658587718455442,-177.05294414009975
2024-06-18 05:03:55.00,1871.5800000000006,-0.13265798426538583,-0.029153932908384042,0.990783496050228,-0.7195893428381783,-4.2846660708065585,-10.60088112025991,-1.7006135747611384,6.769520573046194,-169.6159437172735
2024-06-18 05:03:56.00,1872.5600000000027,-0.09634628410060102,-0.06971109427458197,0.9945002857668891,-2.91828890775559,2.415201047603757,-6.94990809641566,-4.140364904686348,5.474082245273813,166.99525280126846
2024-06-18 05:03:57.00,1873.5400000000006,-0.06555620365549047,-0.10978213567524442,0.9974098448919149,6.918070730749227,1.8374989428764303,-23.612761002156454,-5.769723212707071,3.8263202890334664,139.40808173824277
2024-06-18 05:03:58.00,1874.5199999999998,0.004244330197759396,0.0009140825731689298,1.0263224362854797,1.2594390986981203,16.06226328416685,1.430406855459286,-0.36779317182830806,2.2869665810027584,124.48692163581073
2024-06-18 05:03:59.00,1875.5000000000002,-0.07704225536541506,-0.046812060026275706,0.9633771468260918,-1.490141310192275,-0.135119151561633,-3.690974726627717,-3.11971553493945,3.9382067898456,123.03127327780614
2024-06-18 05:04:00.00,1876.4800000000007,-0.07933563407630714,-0.03177359304111123,1.0492774762230772,5.494367389500955,6.694942499297378,-4.765056195592912,-1.4100995776467067,5.633319959969432,116.40993534272214
2024-06-18 05:04:01.00,1877.460000000001,-0.06701695095552057,-0.027539290289889752,1.0377692422515925,3.506521075850359,7.693641586794607,-2.5660931517602523,-1.2091446643505968,5.45132265016484,113.98075361601097
2024-06-18 05:04:02.00,1878.4400000000019,-0.0716905159252922,-0.05934788041751121,1.0067834146316885,-4.962305240677927,-6.553918672374253,-10.26259774792716,-4.409039111692355,2.544347535368385,108.19708282770277
2024-06-18 05:04:03.00,1879.4200000000003,0.02169383001633439,-0.07193165392962746,0.955854396477175,-2.9376551924545904,-5.539742041922247,-4.959575920623598,-4.724521861981643,-1.9613440329696223,98.16029887963474
2024-06-18 05:04:04.00,1880.4000000000012,-0.026455501354044026,-0.04739305214943061,1.0016058953079279,0.3203291128029005,1.2022581736554063,5.027896387991587,-2.7401376337690193,1.6553195357006585,100.28362054116727
2024-06-18 05:04:05.00,1881.3800000000012,-0.1044384035993847,-0.01950887818235718,1.0013491590302754,4.696833205428884,4.074107069848347,-17.15429776157921,-0.6982264959778567,5.882488805701915,91.21849488874217
2024-06-18 05:04:06.00,1882.360000000001,-0.0326458747628586,-0.06491680596759675,0.999699563625262,0.41909397281770455,-3.6859440538857617,-16.37533400218226,-3.782398305505456,0.9392440729038035,74.64876189314805
2024-06-18 05:04:07.00,1883.3399999999997,-0.021640133769539906,0.007945938091977273,1.0150742432052953,-5.324125466946967,2.9231034493769426,-5.048289180270025,-0.9633143062757024,2.0318059837352074,62.552968307444765
2024-06-18 05:04:08.00,1884.32,-0.10385542633083283,0.012438837491042964,0.954228151469977,-6.907110775399696,-15.26916329901392,0.16441765611972828,-0.5767061557158137,2.8082165951348785,59.850713290174745
2024-06-18 05:04:09.00,1885.3000000000022,-0.00728811867848255,-0.16562398987385626,0.9902369752352647,-6.61998115557427,1.548529584901401,-1.1807121306483177,-9.812856511928752,1.1122524993251575,53.56314665076022
2024-06-18 05:04:10.00,1886.2800000000009,-0.059528644052770835,-0.1776832033589241,0.9842133119547994,2.440028331205997,0.7650304021185006,2.4064306540905296,-9.447008642493849,3.515911195508551,54.665325757531356
2024-06-18 05:04:11.00,1887.2600000000014,-0.037330988515646424,0.03614896987796326,1.0127702934942808,11.524180040771155,-3.37436987112243,-0.060144323227222074,3.235538870027481,1.383048638143754,57.5745264863575
2024-06-18 05:04:12.00,1888.2400000000018,-0.0330847614123463,0.0580559076588723,0.9926281288417793,-6.003705087768058,2.5770143136009427,-26.345854939359736,3.2209442742174628,2.0952592818739704,56.01676738080998
2024-06-18 05:04:13.00,1889.22,-0.021398880014849884,0.03021822294088331,0.989899898720415,-2.237474072906593,1.5812335602330965,3.282071460965836,0.7927529285638584,1.5676417445983266,22.17781416529414
2024-06-18 05:04:14.00,1890.180000000001,-0.04515021923659575,-0.020932920833249036,1.0010335111015662,-0.7246059170722328,-0.7602477986428798,37.889812136977284,-0.809317502616775,2.605934844336147,48.02102852113853
2024-06-18 05:04:15.00,1891.16,-0.04671732485426664,-0.025332677625579128,1.0028319566559016,-5.155262572114262,2.552525918863306,45.12302248222745,-1.7179780456857792,3.5686533395002003,89.0404240048756
2024-06-18 05:04:16.00,1892.1399999999994,-0.09235793716133915,-0.07397709333476399,1.0121635043714077,-5.434652531937062,-2.319574442624708,25.18841520718223,-4.575471519732214,5.075539265618649,122.65575739536389
2024-06-18 05:04:17.00,1893.1200000000006,-0.07425369267167083,-0.07723837706969812,1.0025426182378645,4.661332289759703,-1.8996199010966066,18.15686111743413,-3.1172469769542963,4.168840330044911,143.857797890215
2024-06-18 05:04:18.00,1894.1000000000004,-0.04923130533309642,0.006340970422317527,0.9884784868384667,2.2335565143082183,-2.2928273441005453,14.075208213769347,0.7562705016163508,2.6821968926507633,159.6474712135952
2024-06-18 05:04:19.00,1895.0800000000002,-0.015694424321223675,0.05059084305493012,0.9542240336355352,-9.014514265246303,-3.0729827085232784,7.955589678839843,1.036920234590645,0.904654139149786,167.85227078348512
2024-06-18 05:04:20.00,1896.0600000000013,-0.09127341733632043,-0.01817422638201153,1.0132322932226412,-1.4289800404637696,1.89967819380997,0.6121158354188427,-0.9316707376240335,5.454893293958,171.89554125016454
2024-06-18 05:04:21.00,1897.04,-0.08134097514726457,-0.007796556276458008,0.9992232313989569,-0.3776430190012465,-2.3423301994460766,-1.8381486075565137,-0.3717982169781266,4.19627019392756,171.06856190761644
2024-06-18 05:04:22.00,1898.0200000000018,-0.05000130195807261,-0.03203879862254038,1.0349746879721526,0.32282933856426016,0.29000196126982875,-1.4415324277326498,-1.7748096127522826,3.0344381948668024,168.9885222493892
2024-06-18 05:04:23.00,1899.0000000000002,-0.052632319987805945,0.002614617367959836,1.0035310358763097,2.860640120930763,-4.674801084995823,-1.0410987716579234,0.4795891371982563,2.3492900301343322,167.50215798025965
2024-06-18 05:04:24.00,1899.9800000000023,-0.013367733024629493,-0.0021909085215652464,1.024981999349573,0.903876155214345,5.722434017709755,-1.9069027155239289,-0.2557972999664845,2.057663718218056,166.49446311852174
2024-06-18 05:04:25.00,1900.960000000001,0.009371972675889805,0.01280330497894997,0.9898663425430316,-1.1942295050108513,6.46489172823266,-2.384039437774612,0.3699190084284247,0.5501684105252093,163.9451833420679
2024-06-18 05:04:26.00,1901.9400000000026,-0.03240414322262653,-0.006609205444014306,0.996464575512483,1.8800551946111048,-2.7628590542466465,-1.1382122453967907,-0.1348436870903622,0.9306024593911157,162.572712075475
2024-06-18 05:04:27.00,1902.920000000001,-0.057155982710853794,-0.001875335519807217,0.9900147824932063,-2.029039610412309,5.651342701349359,-1.1820383586393859,-0.4169031439556076,4.18855349497257,161.59596065432075
2024-06-18 05:04:28.00,1903.9000000000017,-0.1285924830098093,-0.04612976531466929,0.995071903076554,-1.2727981392415428,-3.9997090937543303,-1.7674380878160456,-2.5676306542337115,6.403962145329019,159.89862090070474
2024-06-18 05:04:29.00,1904.8800000000017,-0.058133137048437825,-0.04278304131848164,1.0018962020325501,2.962314588572161,1.830494432900343,0.22448091571518325,-1.7626649099243408,3.7859399295826743,159.32173255723393
2024-06-18 05:04:30.00,1905.8600000000017,-0.0851273968254476,-0.009233140975475855,1.001838775205295,-1.8686760965388707,0.6709240484100167,-0.12088636650368872,-1.0028457935735737,4.938774065523794,159.8529794282039
2024-06-18 05:04:31.00,1906.839999999999,-0.09299172846392428,-0.03503537108577823,0.9980838973610426,0.20223694830207142,-0.15542927082399247,-0.8041884276192515,-1.9844669086013003,5.228175182397636,159.51079141441267
2024-06-18 05:04:32.00,1907.8000000000027,-0.08149291329400556,-0.02443217276999826,0.9956771734945447,1.1467253887007145,-0.15637864302000135,-1.2415752406774643,-1.3536991663407383,4.58368536424254,158.34413685646825
2024-06-18 05:04:33.00,1908.780000000002,-0.07197367926331955,-0.02267384334925356,0.9966503767926931,0.22782968075388255,-0.49546980882519454,-1.056740411384939,-1.3598859079641108,4.111664227395407,157.30885535697428
2024-06-18 05:04:34.00,1909.760000000001,-0.053128340180856465,-0.02409326317520336,0.9986883175538094,-0.16210422629556398,-1.3760104283977637,0.1386188280359086,-1.4186253413601217,2.917043514171034,157.1542299566679
2024-06-18 05:04:35.00,1910.7399999999998,-0.04123486901990479,-0.019791110363306948,0.9991968773297671,-1.230625633853861,1.1564242685638786,-0.3275237870958431,-1.4980370750704788,2.6307610835840465,157.26903086395095
2024-06-18 05:04:36.00,1911.7200000000012,-0.062264027553163036,-0.03811306552625923,0.9977633460911792,0.5249736856290123,-0.2908605299538536,-0.4764166079245625,-2.003184538633291,3.5671705475016804,157.10572208074532
2024-06-18 05:04:37.00,1912.7000000000016,-0.09095956738273117,-0.03925166207045245,0.9978377050322645,-0.5714381359556084,4.939126055723272,-1.1744907965538722,-2.3373235103825887,6.145849175930103,156.16872106893206
2024-06-18 05:04:38.00,1913.6800000000005,-0.10332108450971324,-0.037050788620732626,0.9931656167815379,0.7372552164146445,-4.574832946965394,-0.2491174098823407,-1.8042184028110935,4.920026071397507,155.608659362704
2024-06-18 05:04:39.00,1914.6600000000024,-0.0773566974472354,-0.05164838148731207,1.0018742581790459,-0.8965768854949423,1.4721837135437266,-0.25700534693070337,-3.02704181119064,4.750024761864161,155.54179943236332
2024-06-18 05:04:40.00,1915.6200000000008,-0.08413892095060174,-0.043689468512029456,0.9990188255387555,0.8584969187717089,-0.9633396889025448,-2.6222464136493087,-2.4108013484654838,4.619548577935795,154.57614025602842
2024-06-18 05:04:41.00,1916.600000000001,-0.07602202321239404,-0.039634376009525754,0.9993865331836954,0.005595118341710534,-0.10738822412900262,-1.7541347568062993,-2.4113857230037112,4.314356893761443,152.66349686494414
2024-06-18 05:04:42.00,1917.6000000000017,-0.07399565256189157,-0.04346774453241016,0.9954588915608736,0.5688716102910355,-0.34565854914419836,-0.4571194237487267,-2.441786498735805,4.091448457924023,151.46804905081694
2024-06-18 05:04:43.00,1918.58,-0.06294057200692461,-0.03899552346666825,0.9974820058861709,0.20922529185868932,-0.016053471294147248,0.21251044631005853,-2.225916069985263,3.6413416121325035,151.55187978878322
2024-06-18 05:04:44.00,1919.5600000000006,-0.06613069633715586,-0.03900055333575645,0.9964555966039128,-0.04843620460122207,0.7777670070468081,-0.2288883516862015,-2.2331449257201412,3.9388883316113175,151.59228315407168
2024-06-18 05:04:45.00,1920.56,-0.06303033175204657,-0.03286550687950846,0.9971072017704383,0.05556273999746114,-0.48666908145404025,-0.5474081526473962,-1.875816798546587,3.6454140011222944,151.59322529292143
2024-06-18 05:04:46.00,1921.540000000002,-0.07188321988131191,-0.0319246141606892,0.9960857390940732,-0.6716425430788617,-1.0871848720080073,-1.1948612896513475,-1.9100739387149188,3.9127492914948774,150.72424642423857
2024-06-18 05:04:47.00,1922.5400000000016,-0.06509664511763487,-0.03287471218741473,0.9961005675030931,0.3623938608508262,0.08612827683097952,-1.1157180941833222,-1.996199928955583,3.6146948683383417,149.881017147511
2024-06-18 05:04:48.00,1923.5200000000036,-0.0681458195063283,-0.03314622113561639,0.9979379719065791,0.6767970907007269,0.9185781789867784,-0.5144509514702774,-1.8082661126078512,4.037678420660223,149.32061955725052
2024-06-18 05:04:49.00,1924.5200000000018,-0.07883371005667601,-0.03897821471488873,0.997254785259041,-0.7177987970816583,-0.7212749803758047,-0.9259223268681351,-2.3193801028129513,4.303480601865949,148.70475974363094
2024-06-18 05:04:50.00,1925.4999999999995,-0.07498904803062625,-0.04044358020163916,0.9984112429275835,-0.19316273145854634,0.25851154976087176,-0.9861143082187206,-2.4046139130749076,4.203922758227778,147.93407773204717
2024-06-18 05:04:51.00,1926.4800000000016,-0.06849355619274798,-0.039712028758377586,0.9962355644413153,0.38202040426353523,-0.3204233688965935,-0.6074408546862259,-2.2765838435938144,3.7741505838619887,146.97691081676442
2024-06-18 05:04:52.00,1927.4800000000007,-0.058935634034789214,-0.02873087946162653,0.9986270401513893,-0.6686393724890906,0.7121512629962433,-0.9108022112730598,-1.8115621786533014,3.480064910226489,146.4954077026784
2024-06-18 05:04:53.00,1928.4600000000016,-0.06686458795789639,-0.04003150863531749,0.9969803931866439,-0.11999439925735456,-0.8612105182880794,-1.0704484046631924,-2.2753004201582026,3.6508106496359902,145.64986533632984
2024-06-18 05:04:54.00,1929.460000000001,-0.06100326539303121,-0.028992754760153713,0.9980601579663937,-0.10119462305965246,0.38143912336602337,-0.7258009930704775,-1.7200025908082197,3.4623916617122354,144.6521331828508
2024-06-18 05:04:55.00,1930.4399999999994,-0.06826560901151657,-0.039345205979877756,0.9982184635148782,-0.7352820622229918,-0.27227797392998293,0.07002853102811606,-2.3273309740073853,3.7704046392831105,144.2292231367785
2024-06-18 05:04:56.00,1931.4400000000023,-0.05920802366515154,-0.03140132740298943,0.999066290291252,0.7669502659141336,0.19430489881092317,-1.0495514340444592,-1.6512634432506754,3.4115963470155464,143.81327496416608
2024-06-18 05:04:57.00,1932.42,-0.06295634891284912,-0.028566953304276995,0.9999958034595164,-1.4678925788389363,0.6457865073410094,-1.5046349664824143,-1.9446398090742432,3.7018659446396187,142.68457013049448
2024-06-18 05:04:58.00,1933.4200000000003,-0.06554536504253662,-0.03765859702202191,0.9979301335866857,-0.02110524043134646,0.8814298894059119,-0.7833402515997594,-2.1822127677300998,3.893570248027164,141.4999073445505
2024-06-18 05:04:59.00,1934.4000000000024,-0.06811344246563453,-0.03668750620621941,0.997740752174342,0.35589854821262906,-1.1654362984047113,0.04984349167897445,-2.07824882976545,3.7526294786273082,141.40719388108016
2024-06-18 05:05:00.00,1935.3799999999999,-0.06345805161286451,-0.03079812255356991,0.9988720836217959,-0.016815219093913723,0.5645502077829547,-0.8622546857124483,-1.8855797280738376,3.838745552131111,140.9359359008897
2024-06-18 05:05:01.00,1936.3800000000012,-0.07510394505108464,-0.03722734359231329,0.9988953057299128,-0.28762043963000655,0.06446080722779061,-0.9949582743882989,-2.2446839958286917,4.308193217608873,139.9931699739441
2024-06-18 05:05:02.00,1937.3600000000008,-0.0690390133764231,-0.03912683709240652,0.9969732079867326,1.0129714978221716,-1.009466243790167,-1.0372099508355048,-2.151294855220733,3.7306374039801637,139.16296875301484
2024-06-18 05:05:03.00,1938.3600000000006,-0.051044538773009816,-0.026980007937808425,0.9990427346587001,-0.13346892863115392,0.5827412530498457,-1.004059899610637,-1.5885055196743876,3.0899134003065076,138.09680391511932
2024-06-18 05:05:04.00,1939.3400000000001,-0.0610325318621981,-0.04079180629349195,0.9980244613381591,-0.5614976973634886,0.8578344850369852,-0.8806134066780602,-2.4240903389965958,3.6737325024800564,137.4960248528566
2024-06-18 05:05:05.00,1940.3200000000015,-0.07250252891954917,-0.03638381904226974,0.9990730139306533,0.41057407494439396,0.07222159037948063,-0.8061010622650476,-2.056890128071658,4.226790560147475,136.82288345972893
2024-06-18 05:05:06.00,1941.3000000000015,-0.0758505037722844,-0.03490873631523242,0.9979287469589273,-0.34479612247205216,0.4265348595418547,-0.9610183255063596,-2.159415054492158,4.461370077249462,136.05504598570863
2024-06-18 05:05:07.00,1942.2800000000032,-0.07705816385889541,-0.0404144090885658,0.9977835316437911,0.8638813430089926,-0.9522785350286235,-0.6803099467011374,-2.177302025082453,4.1851487128644305,135.52647163023158
2024-06-18 05:05:08.00,1943.26,-0.05885170463944579,-0.02762902741730906,0.9987232496670171,0.350946863719062,0.7274394150632651,-1.2188324867288403,-1.6457860530557231,3.551128541442467,134.6783693226686
2024-06-18 05:05:09.00,1944.2399999999996,-0.06712085534683315,-0.038294475428793134,0.9971113752941273,-0.2790389590226356,-0.1048547939951742,-0.6555715790651063,-2.2376254857349283,3.8669300741649533,133.92303041832963
2024-06-18 05:05:10.00,1945.2199999999998,-0.0671927200598694,-0.03706427824718811,0.9988225228384607,0.48396254436817565,-0.4854073633759727,-0.8187207426960812,-2.042197260060175,3.702440786260458,133.46744802705956
2024-06-18 05:05:11.00,1946.200000000001,-0.06680106182175724,-0.03287722694796251,0.9988758283323567,-0.66983159305752,0.574808878086033,-1.260715534957004,-2.0669484694879428,3.8799987275642445,132.5952546661348
2024-06-18 05:05:12.00,1947.18,-0.06467356812023906,-0.03945153462701287,0.9986968879988144,0.16539714836914046,-0.03529388165570299,-0.5557702141113776,-2.2349815267834825,3.6203980594738048,132.10297024718966
2024-06-18 05:05:13.00,1948.1799999999998,-0.06368789703257915,-0.03617638730313351,0.9974415090090141,0.40228756755309153,-0.059403325902340764,-1.1384916933836635,-2.082747308630176,3.5629118041044503,131.43322591671136
2024-06-18 05:05:14.00,1949.1600000000003,-0.0773846895722412,-0.040549727254200904,0.9948744934702822,0.2325301486632373,2.31779614246872,-1.2844047546164934,-2.272196660865238,4.452897135137731,131.43722499996397
2024-06-18 05:05:15.00,1950.1600000000024,-0.07573256297534989,-0.03864473639773443,0.9979715715644212,0.9746091035110149,-1.131391619950054,-0.9180852059550683,-2.00491223240831,4.274508894402653,130.37396587205248
2024-06-18 05:05:16.00,1951.140000000001,-0.07064885334447996,-0.048273345085038236,1.0016735691523904,-0.7712218874256458,-1.8299777119132365,1.1905403884753325,-2.96432509443764,4.662899298986897,130.514002202678
2024-06-18 05:05:17.00,1952.12,-0.05719611714616139,-0.037828347305251135,0.9971137935282723,0.37377270303094184,0.9462137841153143,-3.3242134304225948,-2.2077946211924053,2.9887363816113854,129.56044196576795
2024-06-18 05:05:18.00,1953.12,-0.04721198068216465,-0.027181318293578657,0.9988205094034495,0.10261801747453381,0.869346742238664,-0.8060606221320602,-1.7439597724099531,2.9261376462341957,128.541789260747
2024-06-18 05:05:19.00,1954.0999999999997,-0.06553300701364698,-0.03476411188477933,0.9977172706386703,0.02402402085087125,1.1442628396543524,-1.563952524393083,-2.058010671041659,3.880778697934726,127.38792546977899
2024-06-18 05:05:20.00,1955.1000000000008,-0.08759153988918726,-0.03697245748110126,0.9980408603477302,0.35531222878658336,0.018150525622710828,-1.431317234390272,-2.0849620137739975,4.7685915457966646,125.93196692432001
2024-06-18 05:05:21.00,1956.079999999999,-0.07554811346703627,-0.03659008402506665,0.9986898247143027,0.08301039265414022,-0.47547249023949406,-0.5272759793095351,-2.0551176244698914,4.2750279438551635,125.122573937163
2024-06-18 05:05:22.00,1957.0600000000009,-0.06716317184329255,-0.03250774774236305,0.9973323378001566,0.1864762337363653,-1.0596000942822326,-0.3543632584416971,-1.8148301580991077,3.6629539864251983,124.97770637237053
2024-06-18 05:05:23.00,1958.0600000000027,-0.05641590269204003,-0.027395418424524608,0.9984840995739908,-1.254204604934307,0.6030834981268598,-0.23551920878410026,-1.8614042844884784,3.385463452219728,124.86790013486755
2024-06-18 05:05:24.00,1959.0399999999995,-0.06311632279587687,-0.03713964426472159,0.9980177302285174,-0.2371805621264685,0.6427868680490412,-1.7356667887526445,-2.240229384023859,3.715952306293994,124.19266837646143
2024-06-18 05:05:25.00,1960.0400000000006,-0.07908567998464781,-0.034151505390950694,0.9980263057172919,-0.13144335002369426,0.2774884176193203,-1.1140603444176138,-2.070020789100604,4.497234435995766,122.75856160937722
2024-06-18 05:05:26.00,1961.0200000000011,-0.07319721462601143,-0.03892153755344078,0.9970345310618371,-0.12081083145865738,-0.8106261990785808,-0.7507017796400266,-2.2368658745737147,4.026578387847879,122.1942041863686
2024-06-18 05:05:27.00,1962.0000000000011,-0.06040012931790955,-0.03714007152859082,0.9970063949459311,0.6228416968516001,-1.3514157713816846,-1.026365108310116,-2.0126183239748254,3.2323170313834697,121.57556290960895
2024-06-18 05:05:28.00,1963.000000000001,-0.05253494837718446,-0.026671944665629364,0.9979869868548976,-0.1406968537176236,1.2428885802187066,-1.7804818525607558,-1.634449499274136,3.280758079357006,120.02096926643155
2024-06-18 05:05:29.00,1963.9800000000007,-0.07728381426451149,-0.03816176022358964,0.9987084756200427,-0.6987672612671215,0.4660430969929386,-0.6210925905456068,-2.3046405634905134,4.437454027643071,119.04486413470384
2024-06-18 05:05:30.00,1964.9800000000012,-0.06748923423155621,0.006141827407511248,0.9945416821076587,9.885652615052836,-0.5434448079002399,-4.840258471148332,-0.4698662300532978,4.090316173219969,118.34101303968528
2024-06-18 05:05:31.00,1965.96,-0.08364098192706236,-0.06431467729524724,0.9900764313943488,-8.45909006961632,4.801533731961033,-16.083305100700944,-3.3740759596781222,4.772426048373106,115.2833826949226
2024-06-18 05:05:32.00,1966.9400000000005,-0.07131857017131521,-0.1404820812738982,0.9726907267135925,10.335797949019069,1.1172544331059826,1.900919994958471,-6.321220529973366,4.13996137407029,117.48404150361529
2024-06-18 05:05:33.00,1967.9400000000016,-0.09102648246999745,-0.009765272000238311,1.0065493761524682,-3.3388733307670315,-0.33968349925419605,0.40001208265922933,-1.796928728024764,5.187569383094867,121.76671435089183
2024-06-18 05:05:34.00,1968.9200000000008,-0.051203952463584196,-0.14071291829183727,0.9919075602867081,2.7377386501197245,-0.8048058053452629,-4.591226218725428,-6.728777350820191,2.883329107617296,122.22718104194497
2024-06-18 05:05:35.00,1969.9000000000003,-0.03645378754139588,-0.04350586567912133,0.9982452358739817,10.02864021996614,-1.0542898436100465,-11.295973746454148,-1.494403977769819,1.9985866574771085,118.61143278794839
2024-06-18 05:05:36.00,1970.9000000000005,-0.061817847099348046,0.08561378659500425,0.9985287060096268,0.9375102299586086,2.0139265597518667,3.2327468147228715,4.077953171362025,3.668154197316195,113.24495580390908
2024-06-18 05:05:37.00,1971.8800000000008,-0.06394604536281052,0.06661962010646534,0.9932036192495844,2.5676795459043498,-1.8050236093242442,-4.162156111397819,2.123424066690795,3.815436095374917,113.67358278927534
2024-06-18 05:05:38.00,1972.8800000000006,-0.0402617017074019,0.11856874858116408,0.9867549254244521,9.087208743186732,1.417389143969372,-0.5457098852662803,5.08644522912558,3.326320056681999,110.00404931818602
2024-06-18 05:05:39.00,1973.8600000000006,-0.09533360731446533,0.016854017347304004,0.991981707318794,-6.4142293890114015,-0.12176702844222706,2.8975425815876084,0.05822725766053238,5.528990785377117,112.15189867384292
2024-06-18 05:05:40.00,1974.8400000000024,-0.06993123787228624,-0.1248128972542374,0.9946689306224749,-1.9817580335446021,-4.8039967241779316,-1.7493759792791859,-8.714034100867766,3.0320821694399527,105.36255186477257
2024-06-18 05:05:41.00,1975.8400000000001,-0.07185332728773079,-0.11387259015960088,0.9934997075113025,4.759273182718033,4.4670972536341775,12.15274417359994,-6.408372644018961,5.527373349615526,110.93873875036468
2024-06-18 05:05:42.00,1976.8200000000013,-0.12354561561933136,-0.0537334137635591,0.9996701132361516,0.09156762823363639,0.1065261133518921,-4.085873615370123,-3.5952269684681473,6.994745993395629,106.70538772625162
2024-06-18 05:05:43.00,1977.8,-0.004306721899511586,-0.038996192111502646,0.9938072572773299,1.9092734582269262,-6.497583738393848,1.6290548816142931,-2.1492416905209057,-0.544678316924826,108.78588391060958
2024-06-18 05:05:44.00,1978.800000000002,-0.006024373558754562,-0.033019075565322346,1.0065678134824245,-0.6135034740020854,0.00201474426860232,4.217773768857166,-2.483527776634854,1.5368265998281265,107.04074674841488
2024-06-18 05:05:45.00,1979.7799999999993,-0.0778694453536842,-0.05958015412207949,1.0040775069343684,-4.320701401672455,5.338253307149504,-0.7930193281927502,-4.105777112008784,5.294337130609977,104.50355418029787
2024-06-18 05:05:46.00,1980.7800000000002,-0.0905673329488441,-0.11263275204392306,0.9869168803846161,3.644253547997355,-3.3908365710551704,-0.4169222629484711,-5.341358518032484,4.392199486446678,106.10950556068211
2024-06-18 05:05:47.00,1981.760000000001,0.026239853070414845,-0.009173867525248259,0.9966664588372187,4.237483396364957,-9.109414354818124,-7.486903015892925,-0.9350496561396049,-0.9298131958840109,103.35533134818111
2024-06-18 05:05:48.00,1982.7400000000023,0.01397650018764774,0.030423325660297353,0.9977627485266097,2.846014152448803,7.216279474496401,10.869835538300611,1.291588904318539,0.20569185355004682,101.7071625588672
2024-06-18 05:05:49.00,1983.7400000000011,-0.02968430814573137,0.08895699322169265,0.995397711014014,-6.480347779011004,-1.2365815060898098,-3.9918299854931734,3.9035660083560604,1.5580536059448211,101.86220327431909
2024-06-18 05:05:50.00,1984.7200000000007,-0.06031023616216613,-0.09743356293080362,0.9847452031104091,1.21662894923098,3.0773702225593342,-0.15042062673301004,-4.083599859929291,4.049702859773311,101.20071916498318
2024-06-18 05:05:51.00,1985.7,-0.10644113540678582,-0.058094107428847866,0.9935173368595221,2.162480472304862,0.6567455046170401,0.08621309379898832,-2.657561989642955,5.982309640814989,101.09877979405876
2024-06-18 05:05:52.00,1986.7000000000028,-0.12261428838868489,-0.09220382780499464,1.0012183330874187,4.122188475637732,1.6205645479478816,-28.181337213679335,-5.624105418939195,6.561981378885287,79.19592442485529
2024-06-18 05:05:53.00,1987.6800000000007,-0.0900797632867333,-0.03404885248859288,0.9962767664504261,-1.6138246063583934,-1.7115093626910958,36.03641719591686,-1.9025300045482907,5.00673367474503,86.9284287716645
2024-06-18 05:05:54.00,1988.6800000000019,-0.11880424829633977,-0.015515568495161357,0.9988705703146735,-2.415625793963437,1.0650262512223359,9.844341733424324,-1.4208765017198504,7.185378007012778,115.52766265946617
2024-06-18 05:05:55.00,1989.6600000000008,-0.10346715033710263,-0.04067614513131789,0.9816639950797449,0.1629635374849394,-2.18769743678223,18.614489685717935,-1.6992886419475777,5.804799789376055,123.29694568566322
2024-06-18 05:05:56.00,1990.6400000000012,-0.07929759019744191,-0.03649283766058385,1.0019177915556317,-2.8929417495573864,-2.6498147273339083,1.8252198570204823,-2.4361538800064433,4.296686320550093,137.5651996777887
2024-06-18 05:05:57.00,1991.619999999999,-0.06709960633137926,-0.030950979733279885,1.0049479704229805,0.3090064295942349,0.8873305080244562,5.467359169464736,-1.4002549132649011,4.240225529340739,150.447381160741
2024-06-18 05:05:58.00,1992.6000000000013,-0.08768016610662535,-0.028012917936567665,1.002128209582942,-0.24183733697067317,0.1202400327952738,-2.672728961080927,-1.7115713749582586,5.02157469992398,150.8645688594652
2024-06-18 05:05:59.00,1993.5800000000013,-0.08426821606747428,-0.0205673478238271,0.9997805768776296,2.498000829630637,-0.5006845188583071,-2.633878051919186,-0.8475797393994571,4.662258027488619,148.32156321390582
2024-06-18 05:06:00.00,1994.56,-0.07389963254660306,0.014073411726171062,0.9985854146670433,-0.4970420842100943,-0.6259272072405632,-1.7469112219667189,0.524978760162556,4.1496415584730615,146.5710810198599
2024-06-18 05:06:01.00,1995.5400000000016,-0.07002390675557067,-0.007837554328136561,0.9969992966469422,-0.7751606890824315,0.27335659452949873,-0.9584321506570109,-0.6161065791232032,4.107056097623483,145.49736104719472
2024-06-18 05:06:02.00,1996.5199999999986,-0.06751135536898036,-0.013538619991773587,0.9950022695104106,0.6120016114831199,-0.6750524217491375,-0.8812828756574949,-0.6502219903150414,3.7739749396810165,144.60146212949752
2024-06-18 05:06:03.00,1997.5,-0.052614642876491424,1.754879834870108e-05,0.9979683673960992,-0.20693200546188448,0.3077988120964878,0.13214069500493508,-0.07061305860113475,3.1229123307935773,144.4158024623831
2024-06-18 05:06:04.00,1998.4800000000014,-0.07523849850714942,-0.024900897582596726,0.9988837419343487,-1.2934719473437608,0.6709009988651276,7.176635849443284,-1.3920242386362065,4.525958717531125,145.30124874965912
2024-06-18 05:06:05.00,1999.4600000000012,-0.07199705531440148,-0.041362276325577575,0.9988767173952979,-1.3095532795014455,0.0551606884827152,1.3429438107926635,-2.4642631028244284,4.160425870384513,155.00498156487683
2024-06-18 05:06:06.00,2000.0800000000015,-0.08016315739215046,-0.04011692217380182,0.9969360223596815,2.4044808016464603,-0.06329311543662691,-3.4426595330184133,-1.8180116412865908,4.532932731801648,154.02103101884714
2024-06-18 05:06:07.00,2000.840000000001,-0.07124877640698225,-0.011347206497303326,0.9999969011791275,0.0692574745031056,0.16837326921142096,-1.2727395186876824,-0.8044134834870545,4.086249598449579,152.45328342536618
2024-06-18 05:06:08.00,2001.500000000001,-0.07204565151486969,-0.018402409278288907,0.9970916263998151,-0.11538558671372752,-0.3267241780468243,-0.20257948164565145,-1.1650049627196526,4.06218323086725,152.1043772973356
2024-06-18 05:06:09.00,2002.1000000000004,-0.06703431280498123,-0.020126033788149526,0.9973044747346542,0.020012419290707042,0.03751739521017593,0.014439711391445757,-1.1761024949554348,3.8362091090503094,152.10786703632155
2024-06-18 05:06:10.00,2002.6799999999996,-0.06922453605456041,-0.02055566537378681,0.9980832331781646,-0.41274236092936006,0.6427375525501671,0.1270422460917614,-1.2574692330065262,4.115473597423927,152.21951769863304
2024-06-18 05:06:11.00,2003.4200000000017,-0.06890473502153446,-0.024001941867134956,0.9975956768226596,-0.38043567960823593,-0.12752548057767937,0.1204062494410066,-1.4769258566657364,3.944907046710503,152.43928817471055
2024-06-18 05:06:12.00,2004.0400000000025,-0.06794375190230734,-0.02490940193406164,1.0000755980010263,-0.2643096997139327,0.1294216480930804,0.8692112983178533,-1.4928340694081015,3.9680666051200206,152.81164324116014
2024-06-18 05:06:13.00,2004.7599999999998,-0.07002782368871256,-0.02899590384824545,0.9980000237275736,-0.0512907478473843,-0.05366176424196847,0.8737597168146192,-1.6444283065906127,4.071342239802706,153.38466895967383
2024-06-18 05:06:14.00,2005.740000000002,-0.07174732035283163,-0.03104365673946785,0.9970392924475218,0.07597663420353316,0.02272757240906399,-0.12841558235291212,-1.7818251267836607,4.079534970785489,154.1179911813665
2024-06-18 05:06:15.00,2006.7400000000005,-0.0698697889229844,-0.03806717164359344,0.9999928084182322,-0.14982509083847112,-1.0790006573006776,12.855749772912226,-1.6486986457635242,3.89315123478914,154.98882467713912
2024-06-18 05:06:16.00,2007.7200000000012,-0.07889004087347722,-0.01641353662230287,1.0008431454548654,-1.6594621109507428,1.1020547559094944,7.074488297053823,-1.299173254317998,4.703562063821383,-169.71392017593996
2024-06-18 05:06:17.00,2008.7200000000007,-0.07396032439566289,-0.015063281927114869,1.0015248023287466,-4.840452247200035,-2.381981152468225,48.51853093656504,-0.789187290652484,4.167549484861493,-137.43540060737473
2024-06-18 05:06:18.00,2009.7000000000019,-0.0594724507131159,0.031155849284809217,0.9971384618535677,8.567446546524794,-1.4943327250529843,-6.259596876577993,0.9466152404707272,3.7255918837282707,-124.33406831403417
2024-06-18 05:06:19.00,2010.7,-0.05538322316774915,0.1013346466753024,1.0023373249864374,-2.1808470695164592,1.1431402751856963,-1.546005140139267,6.365688143676383,3.137804460270998,-126.93496504240493
2024-06-18 05:06:20.00,2011.6800000000017,-0.05143608797170397,0.01430818417820109,1.0011369914988184,-7.774285989128425,-1.4167061929452252,3.8454991542292434,-1.7561874083186861,3.312118782740015,-118.24174779466797
2024-06-18 05:06:21.00,2012.6599999999994,-0.05995287038474289,-0.0829434479026672,0.9929555099383687,1.0189673513240685,1.6127410332977417,-5.026420672172044,-4.301987805464573,3.7640025559064143,-120.09534592680289
2024-06-18 05:06:22.00,2013.6600000000008,-0.07908890304313214,-0.041306181113956085,0.9990297139236027,2.999856803439517,-0.7851067804435533,-1.5707767531899828,-1.9548583051152497,4.294606987379537,-124.11133084292175
2024-06-18 05:06:23.00,2014.6400000000003,-0.06540364645292282,-0.014721204620387816,0.999998421728394,-0.47453168831380155,-0.5781075499502687,0.4566354093689422,-1.072099298215817,3.652680275025033,-124.21701643303552
2024-06-18 05:06:24.00,2015.6200000000026,-0.06003587247595258,-0.02573911995531353,0.9979301666899204,-0.3452305131439637,0.1622992528984525,0.39017202123963085,-1.5634778193025642,3.489833284497146,-123.58926805455027
2024-06-18 05:06:25.00,2016.62,-0.06294307056117959,-0.021340588673717926,0.9976098825156243,0.6231404447339979,0.10031712328293044,0.79140406217689,-1.1180333395319562,3.6414690353183095,-122.67780462528924
2024-06-18 05:06:26.00,2017.6000000000015,-0.06596254574359615,-0.010934708673157371,0.9976067480583142,-0.2779346058029757,-0.08426259631225387,0.05805450709185716,-0.8121518185346348,3.6993982965007963,-122.20496169882152
2024-06-18 05:06:27.00,2018.6000000000006,-0.06257350234184333,-0.018181164176320513,0.9979716811924362,-0.4738060085167551,-0.3458964004056483,-1.6813938336381422,-1.3868994471786982,3.5360787058792384,-122.105959148559
2024-06-18 05:06:28.00,2019.580000000001,-0.05408305656707956,0.018121885048661048,1.0009978823237156,-1.2976514818346618,1.0106897024836694,-1.1795075759068232,0.711001059304913,3.1384670316694843,-124.5510298289201
2024-06-18 05:06:29.00,2020.5600000000022,-0.06237884080308411,-0.11670335843350456,1.0006409991507024,-14.412624617324076,-0.1645994499597588,-3.8439880954360293,-8.351992914265676,3.8853467357649416,-121.23307056598622
2024-06-18 05:06:30.00,2021.56,-0.06712230752139504,-0.15142454271747086,0.9820621914126115,9.06263653758585,1.196204631997578,-0.3978496894511245,-7.322074611744061,3.9371841223476727,-123.96877171483585
2024-06-18 05:06:31.00,2022.5400000000009,-0.1201726873073574,0.04898276918886592,0.9749345541578456,3.7777012606392515,-2.821849901940395,6.773006505351494,2.7401546449730767,6.296445616388169,-121.57349509892126
2024-06-18 05:06:32.00,2023.540000000001,-0.0571690121199399,0.039862581083457464,0.9988760105663635,-6.197491611094635,-3.97519692081506,-0.9660192704869424,0.7179470814820734,2.6399288822109623,-119.3155563132771
2024-06-18 05:06:33.00,2024.520000000002,-0.059296281028501915,-0.058697539919542976,1.0085386207863918,0.6972933018625451,2.8463390036670417,-1.4122248760878942,-3.2223340423690954,3.9337452944656395,-120.83416379464812
2024-06-18 05:06:34.00,2025.5000000000002,-0.023913205214473838,-0.014107739413448525,0.9694611123943768,-9.23179531351711,-7.92082446109051,-0.42413991529207407,-2.535841644334221,0.26537632337775835,-121.57219493151024
2024-06-18 05:06:35.00,2026.5000000000016,-0.12226649469886669,-0.016129520164802548,1.0080509816673204,0.2394767951755842,3.367302103394333,0.1718565807568122,-1.1032232182301502,7.1812760121531625,-121.87204592075383
2024-06-18 05:06:36.00,2027.4800000000014,-0.11328820409980286,0.05220181724502196,1.0070595528725057,8.412047725123715,-4.445131122212549,0.2115919289503393,3.1184643000067878,5.382225793451953,-118.41557242362971
2024-06-18 05:06:37.00,2028.4600000000012,-0.051076912403080606,0.15216562746583023,0.9984080479947477,-8.41317084328011,-1.5213172138933932,-0.5065682744554926,7.682645541536767,2.49948903650309,-118.21883539900199
2024-06-18 05:06:38.00,2029.46,-0.0484637144849298,-0.0590237508372552,0.9928745906318248,-11.813066028713115,1.422884565952259,14.437159926310448,-5.023373175921505,3.555539784741869,-111.55984070067412
2024-06-18 05:06:39.00,2030.440000000003,-0.06911916950706459,-0.10163017016965657,0.9830411579680208,0.8155390298689031,0.6978259120634132,44.51049494549832,-4.288525033272868,4.527618679607637,-92.96346068070469
2024-06-18 05:06:40.00,2031.4400000000005,-0.06751493584327437,-0.008991534818625383,0.9959134627120803,11.144872056485383,-7.218053627761767,-1.9656439180456817,-1.4794031859253636,2.9219268589826117,-79.9690796778675
2024-06-18 05:06:41.00,2032.420000000001,-0.01294409076764142,0.07336293674222479,0.9910849650195901,2.653276466532017,4.815130084189092,48.150692271277805,4.576057850211661,1.2757516503698294,-71.34930980525824
2024-06-18 05:06:42.00,2033.420000000004,-0.07663080520645299,0.0347712726919493,1.0013290639067083,-2.394244777006461,5.326134901892508,-3.968305507579978,1.0509584147804822,4.972003659756969,-50.09744422581015
2024-06-18 05:06:43.00,2034.4000000000017,-0.11153396927651418,-0.006406820377295219,0.9938720342956432,-0.6183093092092828,-5.676931997060832,-1.5978884469123795,-0.3434805878555233,5.25263809192829,-52.48059603653518
2024-06-18 05:06:44.00,2035.3800000000006,-0.02311492765835246,-0.009995729984907512,1.000039932917733,1.2686750366694346,-4.3130725037760405,-1.502420454966026,-0.5491150934440664,1.3117169842044683,-53.089429732443726
2024-06-18 05:06:45.00,2036.3800000000028,-0.005873393919168866,-0.02968984914329692,1.0040603054874424,-7.444101150765943,2.9024643049170478,-1.5767289972752554,-0.7746912256627269,1.1192521426452537,-53.36496039195611
2024-06-18 05:06:46.00,2037.3600000000004,-0.0034573162169475227,-0.14278972654446326,0.9924421312202212,-8.271724755406533,-0.7173400945128583,3.0359778183472064,-9.531329407077349,0.24271973659621843,-52.45505603054033
2024-06-18 05:06:47.00,2038.360000000001,-0.017649488000631063,-0.15343866947057924,0.975830984468678,0.09726479366130934,5.320527472105399,-14.627504128745953,-9.89972869111268,0.5031232430833631,-54.55142547437603
2024-06-18 05:06:48.00,2039.3400000000001,0.004562109372549345,0.038527669434400925,1.0203823326199744,0.4789261304309221,-2.764685184575788,2.8643606668105424,-0.2661601440689231,-0.5443598557921012,-55.16997369884057
2024-06-18 05:06:49.00,2040.3200000000002,0.057313931575958356,0.023391331926495902,1.0041930517922824,-1.4542727696775313,1.1019849428003798,13.526116422968068,-0.2723577661250954,-0.0531851727943382,-36.17688560544875
2024-06-18 05:06:50.00,2041.3200000000006,-0.010096537490084094,-0.0046143649355275575,1.0018920824041408,0.29539583869731634,-0.5857511013027235,-11.383029965590948,0.15780992208345562,-0.7015690990779542,-47.98165016973949
2024-06-18 05:06:51.00,2042.2999999999988,0.00015323073154616422,-0.006001302959687055,1.0016341923051288,0.12987644207048038,-0.9540359517159174,-5.484477952569281,0.4188181726823518,-1.009757025167847,-53.681666759766415
2024-06-18 05:06:52.00,2043.2800000000025,0.013007198668422745,0.013004325950420333,1.0000064741794736,-0.2729266531396053,-0.027998429755928426,-0.0031969753481390665,0.34615719889950725,-0.7978104640998558,-53.81000450253307
2024-06-18 05:06:53.00,2044.2800000000007,0.012123057076073647,0.012893505941782268,1.0014476034714483,-4.287604776993963,2.3780756082925993,0.43917963340946214,-0.039758777531568756,-0.5429471922753176,-53.65902489639341
2024-06-18 05:06:54.00,2045.2600000000032,-0.2859838630947979,-0.07738995384247985,0.9632796323420517,6.984914933342996,15.632447939453924,8.34113690919812,-3.058853104461615,18.73021117840069,-52.34266476287822
2024-06-18 05:06:55.00,2046.2600000000002,-0.3918441146493828,0.06342421910349504,0.9321340091370599,-17.332107323417215,-9.140398869057798,47.952212956027935,3.1811846582460013,19.318193303361415,-31.342861390937053
2024-06-18 05:06:56.00,2047.2400000000016,-0.13955266106322176,-0.07440208893710237,0.954938265180147,-5.349360982468648,-9.551314681586236,16.18682264784789,-4.684699350058613,8.925615103176538,0.36065799915804575
2024-06-18 05:06:57.00,2048.22,-0.08485226798970273,-0.12020915005370705,0.987976668552164,-0.38073771379648896,2.159096807457086,10.013248951369812,-6.411938841609774,6.27991278478155,15.393125884576524
2024-06-18 05:06:58.00,2049.220000000001,-0.06001845233840964,-0.04036918425499164,0.9959901033412697,9.20415526615303,1.493151893091527,-14.498146438743522,-2.6282036630615977,3.5355869604397823,14.595267822281581
2024-06-18 05:06:59.00,2050.199999999999,-0.06140620424638873,0.011104086328494467,1.002048771848062,1.6532130220559544,4.3209901157327915,-6.796379288977668,0.418205481337268,4.304916938789878,4.641839390891193
2024-06-18 05:07:00.00,2051.1800000000003,-0.11478481512795057,-0.006191470712260191,0.988798058372485,-0.5424950479629822,-3.79035058512489,-25.93076322520188,-1.306864341587029,5.4150076107594165,-7.637020963365474
2024-06-18 05:07:01.00,2052.180000000001,-0.05588989970816621,-0.013588866103534358,1.0117512971131242,-3.9939763908775454,-8.229997000840424,-7.885411168317369,-1.6322985323410766,1.1527230701399693,-19.51028301441258
2024-06-18 05:07:02.00,2053.1600000000008,-0.1672810023903294,0.01468755535376886,1.0001892497212566,-6.521865087561926,-8.21105787105003,5.3428402028970465,-0.8189551029209652,7.090401820135894,-22.979805670514757
2024-06-18 05:07:03.00,2054.160000000001,-0.04912880951524342,-0.05094439725857493,1.0061130873514357,1.31548012335298,-0.738192207051581,6.929874025018076,-2.6899049678489404,3.087582734589894,-16.83820036413379
2024-06-18 05:07:04.00,2055.1400000000003,-0.04828701879802453,-0.011318746283828894,0.9915502865108288,4.0216803061123105,-5.556315795356714,7.784039673201316,-0.3462969123688414,2.346831271758033,-9.699645290957138
2024-06-18 05:07:05.00,2056.1200000000013,-0.015358249147904308,0.012497506816146154,1.0252451651337786,-2.40523451906739,5.7745644529397175,3.730386526131896,-0.29132243676977027,2.1502119586485238,-4.260414211744354
2024-06-18 05:07:06.00,2057.1200000000003,-0.007316320609521811,0.008579699534264594,0.9899265815100393,-1.3511327712864822,4.594692520712876,3.604666397521142,-0.27102612877447013,1.051287139303055,-0.6018111868608252
2024-06-18 05:07:07.00,2058.1000000000013,-0.1342162592763876,-0.06660835257338912,0.9925889685554025,-2.7566262356726026,-0.640159322816903,2.9395789699651713,-4.2076145536026734,6.981216099258823,2.508232600844944
2024-06-18 05:07:08.00,2059.100000000001,-0.0854219400098394,-0.06764489150673951,0.9941379250389641,1.7255111157654244,-6.475754356800318,-0.6713387989017268,-3.5803004750902803,3.664856633500731,3.493136360206212
2024-06-18 05:07:09.00,2060.080000000002,-0.0655420927670694,-0.023294925192264837,1.002623926681187,0.289113239934297,4.242957609514466,-1.998371271800432,-1.6384226070599905,4.582700314407136,2.091163425125356
2024-06-18 05:07:10.00,2061.0799999999995,-0.09908382618711614,-0.02869108065109047,1.0002376633276884,-1.608250183847479,-1.3957056407706063,-0.7147898118559721,-2.2932972282184587,5.196322117607184,0.4189049652585329
2024-06-18 05:07:11.00,2062.060000000001,-0.07991725457511192,-0.03794228667593288,0.9961668344258566,0.33220857355505495,-0.3270311627644818,-0.8706863364173223,-2.392862043104323,4.386215002539584,-0.10604096950669281
2024-06-18 05:07:12.00,2063.060000000001,-0.07448626720506152,-0.030421445656191766,0.9947433109053133,-0.15304249095019448,-1.2365241928946693,-1.746497385505854,-1.9801393361769684,4.046513334990429,-1.3566786318597481
2024-06-18 05:07:13.00,2064.040000000001,-0.073324206800572,-0.02424845763774645,0.9980946796060899,-1.0320643680695127,0.5033852228226876,-1.5512153876059434,-1.9223487413737053,4.19179453515234,-3.0348120807829444
2024-06-18 05:07:14.00,2065.020000000001,-0.07201409557723197,-0.03336884506727176,0.9963645303059856,0.7097510870452248,0.5834965426525658,-0.9174310148626297,-2.1675506858635774,4.06114536135014,-3.8825978413728754
2024-06-18 05:07:15.00,2066.020000000002,-0.06543580096617371,-0.031917491130663785,0.9997760165300562,-0.11400476730598091,-1.3646405328103346,-0.7577069579496709,-2.2703428464285977,3.450421115764573,-4.695782257955932
2024-06-18 05:07:16.00,2067.0000000000014,-0.055910455448185084,-0.02503580367342949,0.9989960753597724,-0.23236454393726563,-1.0853954950249487,-1.2821845656571036,-1.9655483807359946,2.886744111489259,-5.749728177148491
2024-06-18 05:07:17.00,2068.0000000000023,-0.04918151666616806,-0.02883887027763316,0.9979063769285563,0.402575040087121,0.8471159812231305,-1.2823974885482405,-1.897331553778349,3.030089390242427,-7.095834544553672
2024-06-18 05:07:18.00,2068.9800000000005,-0.04801244578697354,-0.03531506259827881,0.9993448641605747,0.8340782185998863,1.981111259914355,-1.4016908709580969,-2.08799631627651,3.0639009198076446,-8.065451434010544
2024-06-18 05:07:19.00,2069.980000000001,-0.053133285561898336,-0.02579850825467732,0.9997878617409338,0.2814200945730944,-0.7095879234791894,-1.1063155860344722,-1.8444940922464734,2.6468237139355395,-8.616235493966347
2024-06-18 05:07:20.00,2070.960000000001,-0.060681100723939986,-0.03185706182049462,0.9989125539548,-1.1947786120524866,0.1067749697216839,-1.7284046588609419,-2.3921481326708722,3.29374442379,-10.096701766516887
2024-06-18 05:07:21.00,2071.9400000000023,-0.06261529457811336,-0.03500917294655351,1.0005570564126929,0.5996416748498948,-1.983323381370288,-0.0920012124328308,-2.149209405383481,3.2208701516546494,-10.52599010435835
2024-06-18 05:07:22.00,2072.9400000000014,-0.030592710827906024,-0.004630046566072564,0.9892366984473877,-2.511565137987549,8.041996098006777,-1.2167585947424298,-1.0392395533549788,3.288601726167958,-11.355255836042126
2024-06-18 05:07:23.00,2073.9200000000023,-0.12257183426527173,-0.06350414657413948,0.994060352785803,0.15369505956928609,-1.6167143999293703,-0.5489338969849555,-3.7756862120149,6.24588558862985,-11.997499782970435
2024-06-18 05:07:24.00,2074.900000000001,-0.07031272349938264,-0.04421965278023858,1.0001870535741584,0.3620392640059655,-0.004132734618637697,-0.6135241765823979,-2.858540616926347,3.9094341469244682,-12.687702781247557
2024-06-18 05:07:25.00,2075.9000000000015,-0.07479097887786539,-0.04609062207320064,1.0038647327052366,-0.24010453810771892,0.47142745521578616,0.29111606874714235,-2.9748912726591565,4.296507356750995,-12.859374383904694
2024-06-18 05:07:26.00,2076.8800000000015,-0.07618529269337519,-0.04748851871302661,1.0019695211794404,-0.5993980938070687,-0.6650242225524652,-0.7795525363689967,-3.0170780499738536,4.176063200432564,-13.428246832480234
2024-06-18 05:07:27.00,2077.880000000001,-0.0794697663010672,-0.07332389226430623,0.9914696210158891,-3.8416834961508437,1.380319878325888,-6.389460501768836,-3.8421863977761967,4.160571052631409,-15.722247323609864
2024-06-18 05:07:28.00,2078.860000000002,-0.09557284659685203,-0.13824273661545802,0.9869560975413523,-2.6551096676152968,3.0891795464865055,-6.701702065922202,-7.080209372175809,4.275202237653661,-19.93815742587237
2024-06-18 05:07:29.00,2079.84,-0.06186732712648918,-0.1031567927804122,0.9863766748934069,11.202151269910138,-13.501406888494971,9.205397800968491,-5.390755580991253,3.9212058645385994,-9.917053040239738
2024-06-18 05:07:30.00,2080.84,0.017309206484960933,0.06538349493591268,1.001062065234133,-0.6923341673366499,3.1033397448909668,-1.4435080970009446,2.30030186271978,0.05049409340279474,-8.485276538337844
2024-06-18 05:07:31.00,2081.82,-0.10472553763384222,-0.01282446245944427,1.0064835881765761,-5.41681641974769,3.290620340974425,-0.7731179262505157,-2.2586044987169545,6.010515460155202,-18.205800871752263
2024-06-18 05:07:32.00,2082.800000000001,-0.05319121420072262,-0.08090160939787815,0.9931607791346979,-0.03227059974341594,-4.948511038422499,0.45931321165265165,-4.49050008947769,2.2053256410814845,-16.08069779608382
2024-06-18 05:07:33.00,2083.8000000000015,-0.023574362998115377,-0.07171372598309077,0.9972836395471099,-1.4833317623103284,0.9422376953790215,-0.08825078839777824,-4.806902554819884,1.6544676982603168,-15.203917422534982
2024-06-18 05:07:34.00,2084.7800000000007,0.011363682766407618,-0.06418690287971378,0.9992125275257093,5.28174168670268,-3.9041768630248574,5.025351535418603,-3.6814420153228706,0.6166818049477261,-14.381893855354456
2024-06-18 05:07:35.00,2085.780000000001,-0.021425261004583133,0.022286496893138975,1.0023084836797986,0.18139534034591714,4.375017046993086,-1.5358890334622766,0.7497980817051181,1.8793854977522273,-12.530367288950316
2024-06-18 05:07:36.00,2086.7600000000007,-0.11317134871185534,0.016893093306132846,0.9940495355409312,-3.8227952066593462,2.307993833867788,-4.595461528504535,-0.033722612896613886,6.253896195503845,-15.178944612696691
2024-06-18 05:07:37.00,2087.74,-0.13682415959294347,-0.06865684039499056,0.9890889607865726,-1.3320331555738152,-3.604849484756176,0.5755234878028108,-4.2587780382137,6.820652599303968,-18.41444739046629
2024-06-18 05:07:38.00,2088.740000000001,-0.09211099728518084,-0.026720123443301026,0.9942143412139308,1.2436584287092642,3.6304503899390346,-7.008427694152532,-1.2644276215710628,5.3124333775287225,-18.142957868434273
2024-06-18 05:07:39.00,2089.7200000000007,-0.07878942769788844,-0.03149886142954236,0.9895771148611869,1.5197211127640142,-5.190045994339393,2.9097967078215716,-2.0127219297871375,3.7420147929888397,-16.454889398572618
2024-06-18 05:07:40.00,2090.700000000002,-0.05936786307091452,0.0649406152366084,1.0013109157818985,1.8139148585095846,-1.5464921518087091,-4.93708241066235,3.0793727017847536,2.891946440867972,-23.733235791934014
2024-06-18 05:07:41.00,2091.700000000001,-0.007561124472703775,-0.06971378556112548,0.9953559496070002,-3.375642497561045,4.597092052659502,-1.9023257979149635,-4.009328707253376,1.2940634375467979,-26.573347617277864
2024-06-18 05:07:42.00,2092.679999999999,-0.08797233348833816,-0.05242656191511129,0.9974852976465758,2.0408641539987507,0.5904990330853936,1.9710609871878009,-2.9111684551031307,4.714849048478655,-25.688041274566533
2024-06-18 05:07:43.00,2093.6800000000026,-0.09351838572142197,-0.07923466187924882,0.9979476914178611,3.531006930653398,-0.37009470050687154,-26.898405344588056,-4.947516496146472,4.379023466276401,-47.2888046630359
2024-06-18 05:07:44.00,2094.66,-0.06356782029062932,-0.03238391123910762,0.9994659612020393,-0.34116918949898245,-1.807934517969522,-0.40816835786812966,-2.36413207967073,3.0490675645640155,-56.933949629053764
2024-06-18 05:07:45.00,2095.6400000000012,-0.05676228253451397,-0.03951592226847003,0.996829330836512,0.206469823231997,-2.1398066597258003,6.8287658231312065,-2.4768643851878176,2.7816777594822315,-53.37479198036373
2024-06-18 05:07:46.00,2096.640000000001,-0.047047017940043574,0.019636151022314096,0.9995805694440241,3.266807493202233,-2.821142559829011,7.928274166223919,0.48184693669752404,2.664015203556659,-42.98091389421942
2024-06-18 05:07:47.00,2097.6200000000035,-0.055011903736636364,-0.031240321894162808,0.9929296302452136,-5.105980346744276,1.202100645300585,-28.09319684526469,-2.5082876280587243,3.401194913785182,-43.85809431398891
2024-06-18 05:07:48.00,2098.619999999999,-0.05015503407808465,-0.011185749050641746,0.9916004780389693,8.519663265723558,-2.338181184737746,12.055106683459364,-0.2700806766463948,2.872932326219425,-66.38266496567768
2024-06-18 05:07:49.00,2099.6,-0.03783001246921518,-0.03063951409009814,0.9982154528660792,-6.683023051058223,0.0623182831655649,7.589117408244094,-2.6096156773867127,2.3671566523919734,-57.12667809393593
2024-06-18 05:07:50.00,2100.580000000001,-0.061463248797440695,-0.07121067305678563,1.0015195994750734,2.1613443862975603,1.6938280839269968,-0.4310754975334504,-3.4769472092937725,3.6800153836175595,-53.73486943707068
2024-06-18 05:07:51.00,2101.5600000000004,-0.01884340527073522,-0.047827263898621394,0.9875999670287569,-1.7622465076666474,8.099892275485997,-2.7046239588657075,-3.485885127597799,2.2734364541636474,-55.79415468764084
2024-06-18 05:07:52.00,2102.5400000000013,-0.12734957106215186,-0.08692459222267845,0.9930873337438728,0.837706658803484,-2.10546940829474,-0.6181737436076163,-4.984319021538691,6.394776816718896,-56.800444978274314
2024-06-18 05:07:53.00,2103.5199999999995,-0.08202476433266798,-0.05796342927129485,1.000770221360236,0.7989254204508375,-1.1017177860216134,-0.8250270163483693,-3.6294194304990186,4.388632039420243,-57.24260974643689
2024-06-18 05:07:54.00,2104.5000000000014,-0.07105844935544817,-0.06470517440977676,1.0010999703015373,-1.9101673819102363,0.29753731114613785,-4.766000070452658,-5.132004304123446,2.7451369396972947,-57.23518699641687
2024-06-18 05:07:55.00,2105.479999999998,-0.06528476626615802,-0.07713404544744726,0.9979220038181276,0.1895731012690274,0.4543386614047412,0.09897886433424534,-4.644499041851159,3.706967844941819,-57.069615873389
2024-06-18 05:07:56.00,2106.2000000000007,-0.0738493668786915,-0.06386467291038768,0.9969827700658469,0.020267409622775182,0.017937071454849914,0.9285369271520564,-4.038198932292827,4.008538256573685,-56.38490441080598
2024-06-18 05:07:57.00,2107.1799999999994,-0.07309037151254806,-0.05299671852566104,0.9960556238650004,-0.21285465445624635,0.28257651069323486,0.5266885572280279,-3.4339873233435965,4.152143955688845,-55.6522332263202
2024-06-18 05:07:58.00,2108.160000000002,-0.07415806951597845,-0.0354757463440327,0.9946811866481905,0.3554931438297379,-0.5422800030376629,0.8368996099966823,-2.3884072371061498,4.143474691617002,-54.95381067262895
2024-06-18 05:07:59.00,2109.1599999999976,-0.07494520141989464,-0.021315993815536064,0.9970033041768381,0.41760407380782233,-0.40432782727663413,0.6293955679413975,-1.4468709644815885,4.092050566315097,-54.24008992049708
2024-06-18 05:08:00.00,2110.140000000003,-0.07466175159280768,-0.020398745278762207,0.9974117693484769,-1.2530141638477035,-0.10696166578858463,0.45198059818208414,-1.6454099025154072,4.003029001855132,-53.743415215980214
2024-06-18 05:08:01.00,2111.1399999999985,-0.06412745982596718,-0.0194843425172977,0.988320252091686,-1.9234994509068586,-6.183814946763315,0.4073504961221634,-1.7064407376107287,2.731680318193846,-53.386313223443274
2024-06-18 05:08:02.00,2112.1200000000017,-0.09638112338147696,-0.027338883757865737,1.0003526892221444,0.39098666183536546,1.3059145536752252,-0.020429931869199374,-1.7265660492649608,5.6649996213464044,-53.67134709962967
2024-06-18 05:08:03.00,2113.120000000001,-0.08849420863647799,-0.033946783919248893,0.99651157790715,-2.7307140976937845,-2.156309558271089,-0.2738693735054297,-2.640768854121337,4.388116477992003,-54.00676461226078
2024-06-18 05:08:04.00,2114.1000000000017,-0.06297141189358837,-0.02181666888885115,1.0020847802798492,1.4957232741756576,0.18486502938361743,4.1522000475889875,-1.3489862784188806,3.6313581662910677,-53.03704926279384
2024-06-18 05:08:05.00,2115.079999999999,-0.06907139305492106,-0.006077207243916205,1.0019963696599998,-1.4795996014750612,-0.4233160033437705,1.6426005281409195,-0.9819262251598047,3.898455270424233,-50.02799256728432
2024-06-18 05:08:06.00,2116.0600000000013,-0.0627496472095222,-0.030389547876167634,0.9985279442207071,-0.9718468514836287,-0.009047842194149041,0.5116843413731258,-2.089992551097924,3.598080100670636,-48.68174004018644
2024-06-18 05:08:07.00,2117.0400000000004,-0.06707065612884076,-0.02879798327860117,0.9934778120673384,0.4541468371182745,-0.2323932705184785,-0.048588886647794385,-1.7790501640689003,3.6962311976957567,-48.5947270880007
2024-06-18 05:08:08.00,2117.94,-0.0678446867980443,-0.024432711781157166,0.9964417829009611,-0.42198599973588863,0.45125881058217526,-0.3654571711165538,-1.782959196682073,3.854260758133058,-48.68476777432804
2024-06-18 05:08:09.00,2118.5600000000004,-0.06598435766978974,-0.027545280172583394,0.996806614270609,-0.4665767020767775,0.11710282733359614,-0.4737630369981064,-2.0226199134212015,3.7434243836405705,-48.88986433625589
2024-06-18 05:08:10.00,2119.320000000002,-0.06380415274785112,-0.02907639155778202,0.9969086317756093,-0.4871593936935142,-0.39003145313263327,0.11593923234887436,-2.056303530437871,3.581347048589957,-48.78227448735437
2024-06-18 05:08:11.00,2120.180000000002,-0.06698582930876215,-0.03313369751856019,0.9998407260279272,-0.9294172333032794,0.20862461043672048,0.47262328258723796,-2.3122028592691475,3.823485918790553,-48.165465957344644
2024-06-18 05:08:12.00,2121.1600000000003,-0.06900206695322565,-0.03505586649968757,0.9979997604650866,-0.02875610320336275,-0.2828624512558486,0.3857187533533919,-2.3627251972655254,3.8423992903266195,-47.46666188557862
2024-06-18 05:08:13.00,2122.1400000000026,-0.06793687711555318,-0.03411432395668807,0.9980089076063949,-0.10423441876744735,-0.46340663872652477,0.15964989515321076,-2.284540962570385,3.7973103724155544,-47.00243077191263
2024-06-18 05:08:14.00,2123.12,-0.06493483544281113,-0.03755477911831235,0.9974444233130095,-0.6137259387858098,-0.38959366713136423,0.3654500870791859,-2.46472528435984,3.620951587979038,-46.78278504396319
2024-06-18 05:08:15.00,2124.0800000000036,-0.06521576303401744,-0.037939627213552415,0.9967261911261033,-0.3209576039442421,-0.28635767250436145,0.516336645505229,-2.4776706637495334,3.6567203327929656,-46.33527077006147
2024-06-18 05:08:16.00,2125.0599999999986,-0.0673855014780764,-0.034479492675525525,0.9964052796881313,-0.02336203948156563,0.35769655953514634,0.39523292301718893,-2.249363296420678,3.886668918741428,-45.74663022586682
2024-06-18 05:08:17.00,2126.0400000000022,-0.0648257070163619,-0.030238721820461518,0.9982740609920253,-0.5947194594742623,0.02583490626597434,0.8662782790607074,-2.123986628094025,3.7295580693744035,-45.02270901475153
2024-06-18 05:08:18.00,2126.860000000003,-0.06826993720727727,-0.03330458267941562,0.999756729029678,-0.7443960064569092,-0.6745875793587728,1.0985802809399958,-2.2979689937448065,3.7289121502949327,-43.846750515826336
2024-06-18 05:08:19.00,2127.5200000000023,-0.061923428120062574,-0.032235294539223115,0.9980072553162366,-0.10858982773759936,-0.5570830369977915,0.5327999882473334,-2.1199236261856496,3.400263983759852,-43.15178355728791
2024-06-18 05:08:20.00,2128.4399999999982,-0.05899687872726449,-0.030049676503399188,0.9979941869920305,0.18166977722253536,0.3263863032011388,-0.751123192021245,-2.023864767681178,3.3772634837461433,-43.08073982651689
2024-06-18 05:08:21.00,2129.4200000000023,-0.0638613710320823,-0.024081935521147162,0.9990420797616133,-0.015841163191612606,0.04506788603116271,0.07462853627319338,-1.683268775365424,3.5502496921101057,-43.16538506718096
2024-06-18 05:08:22.00,2130.4000000000005,-0.07385504886316815,-0.03837754913658103,0.9982510605333954,-1.2804681408481748,-0.27194570667984913,0.12563254909762878,-2.6133705851017224,3.986596563740044,-42.92306458370807
2024-06-18 05:08:23.00,2131.360000000002,-0.06589210402499726,-0.03911126638557463,0.9979952902856073,0.13645409647328954,0.1882230029072873,0.34336810128202055,-2.3974469355259456,3.7227477956509345,-42.54086290471463
2024-06-18 05:08:24.00,2132.300000000003,-0.06555266533877932,-0.03101125592545421,0.9990042252696363,-0.5515473336383203,0.3304201611330403,0.6559301522985092,-2.1840038657703302,3.8313886557146075,-41.56758269762548
2024-06-18 05:08:25.00,2132.8600000000015,-0.06932869922336567,-0.03303576679237829,0.998788046000199,-0.1008810123103979,-0.05037436403487922,0.11664481582372152,-2.207315354661024,3.8752296161118656,-41.3379983446572
2024-06-18 05:08:26.00,2133.5000000000027,-0.06999421189517087,-0.033974692516411734,0.9978052677093249,-0.6872866487311197,-0.10276027858576837,0.2646161061625309,-2.3483282613890726,3.9020069804536046,-41.181967158681175
2024-06-18 05:08:27.00,2134.0800000000027,-0.06981597137984352,-0.03881018411093491,0.9978397300982231,-0.10056012495080711,0.0012754409395059514,0.6578678803363629,-2.4794553310008487,3.8556453896939162,-40.917854570753114
2024-06-18 05:08:28.00,2134.699999999999,-0.06668594801701568,-0.03582113718587587,0.9975392022042117,-0.21038014159286825,-0.17053799582894516,0.9197962841040384,-2.3743022137939658,3.6911451403482105,-40.398128861142716
2024-06-18 05:08:29.00,2135.440000000002,-0.06325355659836063,-0.031278079547260355,0.9980166087343226,-0.11447773170556177,-0.27801859747822977,1.1035821678462054,-2.1035285874777987,3.5323767029522717,-39.722788559502916
2024-06-18 05:08:30.00,2136.120000000001,-0.06472235448568926,-0.03199391346297276,0.9984539922218006,-0.48840186503433397,0.24245554443130266,0.43676398932830474,-2.191329659504302,3.6895217501219553,-39.13832543748518
2024-06-18 05:08:31.00,2136.7399999999993,-0.0685711619848274,-0.03157781043382542,0.998386787086465,-0.04423933303145823,-0.2952501946377909,-0.3887416709942078,-2.1333065823479305,3.7906870537942403,-38.878233304411
2024-06-18 05:08:32.00,2137.28,-0.06972453678801671,-0.013174921227660332,0.9991094407155265,1.2042484661784438,0.09673071101127793,0.5130584601191341,-0.8845517107011168,3.907478826098344,-38.668134329801305
2024-06-18 05:08:33.00,2137.960000000001,-0.06807026668072112,-0.008185649020367777,0.9980942367326551,-1.552379077866039,-0.4105450239900267,0.4366944976912287,-1.1693719772263207,3.793206327717059,-38.3907857976474
2024-06-18 05:08:34.00,2138.519999999999,-0.06524770063338055,-0.02568538782691779,0.9971549513682086,-0.5499405852671557,0.23612834313501405,0.4223620677919906,-1.7534379944024436,3.720696614351387,-37.94656865493795
2024-06-18 05:08:35.00,2139.2799999999997,-0.07000200533512509,-0.0279859866083545,0.9979973397849478,-0.37978437190688247,0.23303446233349834,0.1759118190459304,-1.881778427432826,3.979450243566209,-37.75314455237942
2024-06-18 05:08:36.00,2139.9200000000005,-0.08071677972150018,-0.033627569142814104,0.998423121358903,-0.7308302581298677,-0.005485839533287268,0.4309918498252959,-2.2479533382871946,4.420234522833673,-37.46224879268617
2024-06-18 05:08:37.00,2140.8200000000015,-0.07371171592908023,-0.03398290658330804,0.9977311611256956,-0.15839127150561036,-1.4214551192131843,0.36666565860424793,-2.213553736267648,3.908012030782598,-36.963073738450916
2024-06-18 05:08:38.00,2141.8,-0.02013614969879013,0.00038226017845310975,1.0034548174264675,-3.1193107710826298,-2.3863703274370938,0.6767812828424867,-0.5279350362966931,0.7312530869397578,-35.79731303648345
2024-06-18 05:08:39.00,2142.7799999999997,-0.05946198837750988,-0.06918747319386952,0.9946035935086438,-1.8906805903990302,1.9955125446314348,1.8549874991909752,-4.2712831663526725,3.4836553138246433,-34.92879133700833
2024-06-18 05:08:40.00,2143.76,-0.08756270995201712,-0.038200307970495506,0.9979262528857037,0.9014833928720414,0.07697141669969931,2.858223068097108,-2.229390348297691,4.802335111671548,-32.178296417000226
2024-06-18 05:08:41.00,2144.739999999999,-0.08740377625898424,-0.030646846951197036,0.999029318028053,-0.9749969133634587,-1.5438955737187263,1.039744535398102,-2.291919632908454,4.60988405979809,-30.0934497397139
2024-06-18 05:08:42.00,2145.720000000003,-0.06567378752247884,-0.033999808093973634,0.9983332901055261,-0.1937262737043638,-1.157149982508309,-2.121058747171715,-2.302126911691136,3.564493320347231,-30.6136426935957
2024-06-18 05:08:43.00,2146.7,-0.057992093238378284,-0.02785270393174618,0.9981213580501204,0.5484706975311253,0.2599198930094534,-1.3613568747390508,-1.8387531953942928,3.32974293085965,-32.26577621702241
2024-06-18 05:08:44.00,2147.680000000002,-0.07182343836075675,-0.024016122840692385,0.9978532760233436,-0.5563217864985563,0.6085704572682551,-0.2698565381977331,-1.8824755075045612,4.1444034511538925,-32.484626419191194
2024-06-18 05:08:45.00,2148.659999999999,-0.08856328773931138,-0.027319533864430753,0.9980392762822407,0.7013744196159488,0.0724682371566463,-1.103245858448618,-1.974634262910271,4.664954863624852,-33.45337899553468
2024-06-18 05:08:46.00,2149.6200000000017,-0.09187491168341215,-0.031161677676494623,0.9974682313336188,-1.101172583209776,-1.4634635758199126,0.6839578064365877,-2.200687660440492,4.894193918537886,-33.52819813825172
2024-06-18 05:08:47.00,2150.6000000000013,-0.06980955390924054,-0.03868652385566731,0.9954718326465337,-0.005986414186001005,-0.5316514345155691,1.05064116890855,-2.4177606881326796,4.039563999579342,-32.703836875442235
2024-06-18 05:08:48.00,2151.579999999999,-0.03086392470763192,-0.06401724307079383,0.9955756115228378,-4.447819220712295,-3.999886461182171,-4.548025202273462,-4.403156410118822,1.7076240672725358,-32.7550566255013
2024-06-18 05:08:49.00,2152.5600000000013,-0.03524424541401373,-0.05647483144018286,0.9966602014767697,1.0432555208700152,1.3895568594289613,8.663783712598065,-3.0643845141578185,2.7130325958115713,-29.321462422282718
2024-06-18 05:08:50.00,2153.539999999998,-0.11172434488593908,-0.11015673370867374,0.9922619708921976,-4.150260098583307,-0.8417543657774249,0.1720840321501039,-7.16766633183289,5.811773455985758,-30.887161920466127
2024-06-18 05:08:51.00,2154.5200000000027,-0.06764500832248568,-0.08968339755038592,0.9880017005717127,8.980965382926627,-5.856416870057082,2.9780466563118972,-3.9079503212369624,2.940013382798149,-28.879814890536842
2024-06-18 05:08:52.00,2155.499999999999,-0.06105965264205101,0.042888469563608554,1.0000744543266684,-0.6956808778131932,7.027512655390823,2.9381984526603384,1.0480488236800356,4.645976904524005,-26.727635624941858
2024-06-18 05:08:53.00,2156.4800000000023,-0.06008829747350599,0.004217782202507124,0.9987693467202035,-0.8391908659683049,0.8372132107900172,-0.170757378650546,-0.36294152254218986,3.4239505200261062,-25.44616189255352
2024-06-18 05:08:54.00,2157.4600000000028,-0.034141598200290564,0.09731428280564978,0.9964884460046965,-0.5935028656598293,1.0527064987894097,-1.1199543955463933,2.5029875050545027,1.1038177422913888,-23.313612371768414
2024-06-18 05:08:55.00,2158.440000000002,-0.07099578308549925,0.009230344816492882,0.9981456170573189,-4.061054692686374,-0.1265425674289535,-3.9576135810082462,0.315152342814014,2.5384555888168774,-28.91921531866865
2024-06-18 05:08:56.00,2159.4200000000014,-0.0416804503583764,-0.009566120763775058,0.9996271509067188,-3.148581142834997,-0.7431942126948898,-1.7954886679336814,-0.5722681454008438,2.4557639586790425,-31.41605382232628
2024-06-18 05:08:57.00,2160.3999999999996,-0.04144895916404941,-0.13604458996555557,0.987168793978804,-0.49343195282872987,0.8209408739112716,-4.681858744993343,-6.809556051710012,2.6349477017193523,-34.25162865796561
2024-06-18 05:08:58.00,2160.9599999999996,-0.05704941550051888,-0.08408796928842992,0.9957047826671598,5.358772975171339,-0.06176981913239019,1.4913756910682479,-3.9718309906101985,3.1257998660663775,-34.93956663808525
2024-06-18 05:08:59.00,2161.780000000002,-0.08685222178648923,-0.034543150805212045,0.99888083628095,-1.9390402062272891,1.7534863725114027,5.448453587220245,-2.954129817775321,5.107322365993162,-31.630647238045636
2024-06-18 05:09:00.00,2162.480000000003,-0.10320965210850355,-0.038183108959259124,0.9945969779143378,0.17154478695220662,-2.2117340198066735,4.826939769076147,-2.4813048155996547,5.259783912014256,-28.18454359183785
2024-06-18 05:09:01.00,2163.100000000001,-0.0663933733065822,-0.020014929511877798,0.9969984813123896,1.2784882091143261,-1.6566318060582417,1.0419616916151706,-1.361683273539595,3.6075175170539047,-26.187097952478286
2024-06-18 05:09:02.00,2163.7800000000016,-0.04479952127224951,-0.04223566640569231,0.9885793497014856,0.5717864020982122,-1.2652363004039422,20.068876827814936,-1.4178025053993049,2.9135906346339127,-24.271317420228026
2024-06-18 05:09:03.00,2164.7800000000016,-0.10301986447397263,-0.06086032361153225,0.997696859087382,-4.430510058219802,-3.3192610733310377,-0.6046823386638194,-4.300918149845568,5.253499969477621,-13.197373820741928
2024-06-18 05:09:04.00,2165.7600000000016,-0.053226560666418614,-0.09635950040183082,0.9959390192446662,3.9713142181901726,-0.670343924535702,-2.4836825511833265,-4.886213271097176,3.0033101174925108,-15.253194283967131
2024-06-18 05:09:05.00,2166.760000000004,-0.08148141394651891,-0.01029911372256889,1.003032615367897,2.171385335091929,0.8351594802352129,-0.4666853935194506,-0.7669983695414897,4.679293065325443,-16.4822706772495
2024-06-18 05:09:06.00,2167.7400000000002,-0.09101777961589277,-0.007681975129439215,1.0019038755450609,-2.5456867325912977,-0.5229984244339024,-0.2265119583526782,-1.3958918517418493,4.921638358910122,-16.483580121881655
2024-06-18 05:09:07.00,2168.7400000000007,-0.08311191758581002,0.003669674477976958,0.9980173878581516,1.104572832497045,0.15472089815570605,2.0115945121293866,0.8452031750235488,4.33023393632982,-15.078335295828175
2024-06-18 05:09:08.00,2169.7199999999993,-0.05996823472268237,-0.05633956690924895,1.0028304483622863,-5.546925287536354,-1.4621725105493832,-0.8872455162069506,-5.52675171594943,3.2468253549533093,-18.04633456046066
2024-06-18 05:09:09.00,2170.7000000000044,-0.037884693860811565,-0.045239685984585366,1.0002995357303077,2.12267302044923,2.551435950166822,3.5483758017192084,-2.3351398111465658,2.330522237824996,-13.199289827849107
2024-06-18 05:09:10.00,2171.7000000000003,-0.0819222290374808,-0.047186097952947835,0.9986641913833364,2.6904984592730403,-0.4392039603511613,-23.247255341411627,-3.204411710315575,3.9457637631277556,-30.701781577488596
2024-06-18 05:09:11.00,2172.680000000002,-0.06598629992075301,-0.020374859607753946,1.0006221919477087,-0.28379819026693043,-1.0435402492904537,1.5593328957287076,-1.64859472495218,3.4093788360986523,-37.847304196960856
2024-06-18 05:09:12.00,2173.6799999999994,-0.07438097177432315,-0.023632563533555577,0.9965732761738675,-0.6719516373662153,0.521251479468293,5.6778592899951885,-1.7122800036284118,4.413284655012617,-33.62867466872828
2024-06-18 05:09:13.00,2174.6600000000008,-0.07874459135819692,-0.013683900264137528,0.9967269454916,-0.4491019724661808,-0.9169939739787638,3.823413966423422,-1.1281660072454103,4.273135257893188,-29.199934010607976
2024-06-18 05:09:14.00,2175.6400000000012,-0.06552143756400149,-0.016026594091034976,0.9961086406783399,-0.05302390582393174,-0.8759686200701581,1.5128255397362702,-1.2378537305481487,3.5039949487188724,-26.383152622435052
2024-06-18 05:09:15.00,2176.619999999999,-0.06310809195465164,-0.02098953409983514,0.9962884640328515,0.00952773377138728,0.8485630747415763,0.47404297895750425,-1.431155785070753,3.6999563243416107,-25.23557383204511
2024-06-18 05:09:16.00,2177.380000000001,-0.07797176255531059,-0.027912343030403877,0.9965259956901682,-0.5893176500107153,1.3371043814287522,-0.12832009318012869,-1.953155195644948,4.574561070821703,-25.046970637705453
2024-06-18 05:09:17.00,2178.1000000000013,-0.08467317625987095,-0.03623886583936996,0.9969865069925277,-0.22339978194143084,-0.9843733033723236,0.06949354030791416,-2.292900917378778,4.61423287975717,-24.923945058177686
2024-06-18 05:09:18.00,2178.7999999999993,-0.06346523688531736,-0.010296194838497093,0.9969751700405767,3.1243034670121608,-0.6048941348145184,-0.3926231644764267,-0.8999763795667082,3.7760939867026524,-25.209922169098967
2024-06-18 05:09:19.00,2179.46,-0.059015846706574955,0.007591750134890912,0.9989204083769616,-2.0805616327140477,-0.3099888644293919,0.5248164418743406,-0.3072154333710756,3.2907034882741617,-24.90933689271577
2024-06-18 05:09:20.00,2180.1600000000035,-0.05696011966882021,-0.04421854139948196,0.996761910275409,-1.5886531334306897,-0.08756622346153312,1.4913642263328728,-2.825095483005434,3.211228785613004,-24.394325674128943
2024-06-18 05:09:21.00,2180.8599999999997,-0.0631409871321946,-0.03712245567169517,0.9975429409449904,1.1333017296663797,1.345337372516209,1.0993204452392467,-2.1843200767889286,3.822494720447356,-23.265735030050216
2024-06-18 05:09:22.00,2181.640000000001,-0.08227890560948281,-0.06741785571126432,0.9925568249931858,-2.244043144059058,-0.598283419804518,-45.4319524840808,-5.1650737816003245,3.480349982462632,-35.14000509385427
2024-06-18 05:09:23.00,2182.5199999999973,-0.043180923081508844,-0.0828385188865849,0.9929447538901027,2.973854945767958,3.608538738591794,-5.255244998267647,-4.633175443648254,2.632124457651407,-57.037925250869144
2024-06-18 05:09:24.00,2183.5000000000014,-0.07489177597805731,-0.031043125815201345,0.9980577447748926,-0.035795076735399556,-2.664718152702335,5.28869977463515,-2.132665342994333,3.4511433529755564,-55.453030292009586
2024-06-18 05:09:25.00,2184.48,-0.06893128984085603,-0.04591245983825161,1.002497538721105,-0.4819986747823399,-0.5809494380007141,6.572031908255315,-2.987516210999031,3.7978506612528364,-49.299573359489706
2024-06-18 05:09:26.00,2185.4599999999996,-0.06536077772239299,-0.035812464188605585,1.0005877589923895,0.23716846444707854,-0.1022428307162433,0.6565097810013447,-2.28239916230015,3.6626484715658183,-45.46283508835943
2024-06-18 05:09:27.00,2186.4200000000014,-0.06443424604552728,-0.027928486608267297,0.9999845682478996,-0.7874782803907703,-0.09366195847761194,-0.11257391038284156,-2.0857292404605774,3.6365184306335374,-45.05093936309523
2024-06-18 05:09:28.00,2187.240000000003,-0.0641872478063393,-0.036570965613772606,0.996508428078468,-0.28339781927704105,-0.5528509109058103,-2.2563841616887936,-2.410268260855277,3.4561639433179914,-45.703377790145
2024-06-18 05:09:29.00,2188.219999999999,-0.05902208612364842,-0.03299420193400532,0.9960091312921793,-0.00043732287183903887,-0.5711726817785259,-0.7190992240456446,-2.198848422292741,3.2074987176788134,-47.28029569072672
2024-06-18 05:09:30.00,2189.200000000002,-0.05820616775539348,-0.03302710471622676,0.997868891095155,-0.7585270755354354,-0.04378301649083475,1.1453322454127135,-2.2328532287596645,3.202112788576182,-46.80044252047601
2024-06-18 05:09:31.00,2190.180000000002,-0.06328165473717808,-0.04010951805134995,0.9988701933276846,-0.9865996571011864,0.9059406915974317,1.4456041608574726,-2.6113906960747255,3.6666371719568356,-45.302566132808174
2024-06-18 05:09:32.00,2191.1600000000003,-0.07394477681702291,-0.046821818028651783,0.998994751470017,-0.1578059190602798,-0.7677205680148588,0.35315919085523534,-2.92432225793623,4.012239524365436,-44.106121502008335
2024-06-18 05:09:33.00,2192.1400000000003,-0.0659413490489273,-0.028800346488291544,0.9990534166122202,0.8644282224901916,-0.07456155525057342,2.426562293212496,-1.9945851294721195,3.7548860854095483,-43.56831912837264
2024-06-18 05:09:34.00,2193.12,-0.07263246859676675,-0.014962947851994462,1.0000068143796765,-1.3158989111038049,0.4552856219458765,1.570703731872479,-1.3938014893074206,4.169067418527942,-40.863325213276
2024-06-18 05:09:35.00,2194.0800000000013,-0.06702773893110345,-0.023518786372276043,0.9986135292239898,0.012640709715582494,-0.7829472663655398,0.7213893337168451,-1.6433231698924264,3.6865684671481707,-40.075651837774295
2024-06-18 05:09:36.00,2195.06,-0.05843911939023264,-0.00635965808731812,0.9982768382707871,0.989592605833297,-0.8096786011046395,0.4832069621594413,-0.7141075213155931,3.209962636829993,-39.17593250994279
2024-06-18 05:09:37.00,2196.040000000002,-0.059102136148141325,-7.492425490371587e-05,0.9998491308769615,-1.3079137905670581,-0.11108429872035248,0.3982764676394061,-0.5465536054502196,3.2886625436303665,-38.643592952753316
2024-06-18 05:09:38.00,2197.020000000001,-0.06326770760022987,-0.023525856926863223,0.997026375992963,-1.6221239979170903,0.12121998135325507,0.6381593216040808,-1.795258103761032,3.586305163268527,-37.97937400549381
2024-06-18 05:09:39.00,2197.9999999999995,-0.07203309317639911,-0.04707424819732569,0.9970003664688956,-0.8645011564834832,0.3927244098158365,0.7217873673308789,-2.9310304789384802,4.104441810486726,-37.42436746703403
2024-06-18 05:09:40.00,2198.980000000002,-0.08079716713819837,-0.04744716248804908,0.9968101468082226,0.22713785999248384,0.17174182603865826,0.37512289751044803,-2.9066581536710867,4.4757743012997215,-36.856003460088964
2024-06-18 05:09:41.00,2199.9599999999996,-0.08402340147554199,-0.036746967695316594,0.9976193482691137,0.8099652845272006,0.10121472724916217,0.18998384200464175,-2.221558445878709,4.604737373575911,-36.4014426585195
2024-06-18 05:09:42.00,2200.940000000001,-0.07820425719130288,-0.02340151094044139,0.9975584007501747,0.04892048635753654,-0.7170930063109296,0.6801128933321182,-1.611119824417071,4.297358583451846,-35.985718821262836
2024-06-18 05:09:43.00,2201.919999999997,-0.06362778071292713,-0.03832199111442161,0.9974979327463174,-1.5006749006104092,-0.717529673691986,0.9283481795346098,-2.622938192611418,3.46234199870157,-35.10119414793839
2024-06-18 05:09:44.00,2202.9000000000033,-0.06457578283128679,-0.06707903656089674,0.9952315045967118,-1.4697185480928876,0.9166445333632935,0.08344586633370862,-3.9656938460623654,3.900116186058083,-34.66708724006737
2024-06-18 05:09:45.00,2203.8799999999983,-0.06771321535847874,-0.0824910025696494,0.9942214002856511,0.5043607833830835,-1.156097375551501,0.2759152409447571,-4.795155750509127,3.6330296598468155,-34.99263950455298
2024-06-18 05:09:46.00,2204.860000000003,-0.0619990789351446,-0.06287515722653067,0.9971349034445076,0.11351842787768608,-0.2525314850498552,0.6916346450138847,-4.059698261664257,3.4577800196938147,-33.81040692663772
2024-06-18 05:09:47.00,2205.8399999999997,-0.06111065233806398,-0.04401265140321086,0.9970547243256351,1.9740812810176773,-1.670501076766064,-0.0272913999981955,-2.6586518818638956,3.152797726533927,-33.445187858529316
2024-06-18 05:09:48.00,2206.8200000000024,-0.039740037942168384,0.004112897689370649,0.9999872187698553,0.35436343979218965,1.3037413375666587,0.8921250345214982,-0.4392302366127162,2.2155010307371223,-32.60353051545658
2024-06-18 05:09:49.00,2207.8000000000006,-0.08511501525859887,-0.013140164260180316,0.9965483499170488,-0.43322189662010235,-5.113007651182933,1.680941561308375,-1.3733468493150767,4.268741687270738,-29.79582509449207
2024-06-18 05:09:50.00,2208.7400000000007,-0.02469806603983294,-0.03758390209749486,0.9968667821629809,-2.97572252027592,1.2808326202452631,-3.2902424526722513,-2.1597569638970064,2.040978085995108,-30.36219823922234
2024-06-18 05:09:51.00,2209.400000000003,-0.039107513812021204,-0.007108279442867782,1.0000624494874901,2.344862441117988,-0.005631673179257696,0.44480235366341747,-0.9480500729036488,2.129750786421563,-30.422761666369862
2024-06-18 05:09:52.00,2209.9600000000023,-0.1221626426553765,-0.038579532136484844,0.9984784858786458,-3.998887566016652,7.134320559425206,6.226541220846125,-2.6746219778599905,7.815338033791344,-29.952730671031304
2024-06-18 05:09:53.00,2210.8400000000024,-0.061792983366595756,-0.004936203326098835,0.9970534924997783,1.7467491930257264,-5.601973780900759,3.238667749625274,-0.8285057849634357,2.797648239847045,-26.617067187739057
2024-06-18 05:09:54.00,2211.78,-0.0762921289981212,-0.023499495179266777,0.9961918371034066,-2.7674465888137805,1.3360188806389872,-1.78668985431839,-2.242977521037121,4.41657333797437,-27.16334464910511
2024-06-18 05:09:55.00,2212.5600000000027,-0.13183200313340948,-0.044505809445390176,0.995671349695273,-1.540119579317725,3.822859450988988,0.5264200423352184,-3.373191602199303,7.393675321434953,-29.674961117503063
2024-06-18 05:09:56.00,2213.2399999999993,-0.1266645839457605,-0.06758137629717618,0.9943097225864492,-0.38309892853426697,-6.042007509886619,0.621331337344452,-3.6908492181099097,6.343638284788659,-28.81749020605079
2024-06-18 05:09:57.00,2213.9800000000014,-0.022326320941073338,-0.015626134894878366,0.9953006809717894,2.541003394490836,-0.14399447414810695,-1.2387217505503063,-0.9242505462132757,0.7426061383245302,-28.903395514946816
2024-06-18 05:09:58.00,2214.6599999999994,0.022855041186599017,-0.005952580669712812,0.9963921565182123,-0.5182250135052908,-0.20303333796732104,2.830754103516163,-0.657887848726425,-1.1161763711308057,-28.756866805798847
2024-06-18 05:09:59.00,2215.420000000002,9.064263357961156e-05,-0.022527689453758826,1.0014905600372628,-2.6674674420905853,6.891893080345214,-8.50347288668905,-1.8923151532414748,-0.49563288024692953,-29.762946868567955
2024-06-18 05:10:00.00,2216.0400000000013,-0.03765927533230161,-0.040777882149246464,1.0047761246649543,-2.500816048897271,7.666033174220143,1.05741100662937,-3.0112194652092708,2.3847897021724656,-27.45569713617292
2024-06-18 05:10:01.00,2216.8000000000015,-0.07087230959631728,-0.04843590776394942,0.9993850515291196,1.3684961817733103,4.261739931560898,-3.7683450119045303,-2.577481235237551,4.122974708455487,-28.534461936330754
2024-06-18 05:10:02.00,2217.680000000001,-0.10499356421302407,-0.04112770424226967,0.9970707967024875,-4.3653520868566,3.1970758868631615,4.512184124723306,-2.4172497616707576,6.427258304955793,-24.655039848785695
2024-06-18 05:10:03.00,2218.6599999999985,-0.183335272599008,-0.034370953383753906,0.9836337065457501,-0.8042642906816707,5.904539209108191,1.0096587334696328,-3.8390195776080893,9.558693974672686,-25.193307680382524
2024-06-18 05:10:04.00,2219.5000000000005,-0.10193024255262345,-0.03483591289005086,0.9928625682186732,5.192346837661365,-11.384867460754727,3.1883419138464975,-1.4605490593066084,4.021584687554597,-23.42534562573847
2024-06-18 05:10:05.00,2220.1,0.0032618369427571984,0.033829175608293766,1.002214790009929,-1.694728929199697,2.5077829712076816,-2.130514760070731,0.8843242183462557,0.7207904094711253,-23.092039612905015
2024-06-18 05:10:06.00,2220.800000000004,-0.014194701742174656,-0.025266886543164082,0.9985324289858637,-3.5015983912466306,0.6722199681669558,2.2479735943927426,-2.1945281646755195,0.972410984704264,-22.00388111810739
2024-06-18 05:10:07.00,2221.3600000000056,-0.06542954063405193,-0.07618731764284899,0.9932504841292331,-0.989377683095483,5.033406014179339,2.036301706832542,-4.253334912651829,4.396015493528946,-20.87453113775256
2024-06-18 05:10:08.00,2221.980000000002,-0.1240916546253674,-0.06093026315049391,0.9965301855448976,4.448227369526441,-1.7967248570673708,-0.30565528334088216,-2.7207864271774875,6.200811061125333,-20.198830279614437
2024-06-18 05:10:09.00,2222.740000000003,-0.09610249254862095,0.01311552315675293,0.9995059836089246,1.1134579590616849,-0.09316317749547413,1.8143675494119418,0.7198552757622001,5.351906710960233,-18.757098138821775
2024-06-18 05:10:10.00,2223.700000000003,-0.09502222017611692,0.006961848476673992,0.9959862962192535,-4.526897648376204,-0.18723094202950386,0.9124590299138672,-0.7351986550861641,5.462151166931322,-17.301494735007683
2024-06-18 05:10:11.00,2224.68,-0.07238968332616005,-0.05711303407403883,0.9959773770082906,1.7941848352490581,-0.12548592002587727,-6.557622392817951,-3.3298228695405947,4.074819331709955,-25.74155110810134
2024-06-18 05:10:12.00,2225.680000000002,-0.06294572653611535,-0.039633973907784344,0.9973960026540919,-3.1426748253557766,1.606500957038353,-28.63936747462716,-3.1555199144156916,3.793619843657806,-34.42884608301448
2024-06-18 05:10:13.00,2226.6600000000003,-0.08690196830345079,-0.025289263363436273,0.997824713324552,-2.289898858605106,2.604764063369142,0.9115861822872495,-2.3676803818663763,5.124027759248813,-47.87276756601736
2024-06-18 05:10:14.00,2227.6600000000008,-0.09064399036752677,-0.04617123035734532,0.999835365594629,-1.9453711979143156,-3.4547997771644696,5.369086811350881,-3.182582429526458,4.522169763873442,-43.647519640668584
2024-06-18 05:10:15.00,2228.6399999999985,-0.05741090450025797,-0.053422204795387514,1.0023825226305438,-0.2010879194608605,0.5282466235213964,3.1753962847373387,-3.313581062330905,3.4217799722474878,-38.78850757179018
2024-06-18 05:10:16.00,2229.640000000003,-0.07060422624068394,-0.06616486194391824,0.9960589240321636,-3.5467643517821115,0.5750079815452325,-1.4095115281945403,-4.314152150694575,4.159530404081597,-39.07752931105714
2024-06-18 05:10:17.00,2230.619999999999,-0.0683228515669683,-0.09568606507218447,0.9949483113722659,-0.07988304519755168,0.18498130340117291,1.1284978578106797,-6.203692679435518,3.860711401341258,-39.044237078836204
2024-06-18 05:10:18.00,2231.6000000000045,-0.06613609133687112,-0.05454099086245945,0.9969112252115322,2.091896652129435,-1.0933508385440782,0.36779209544564184,-2.8604809387313916,3.513648236309632,-37.582137987572295
2024-06-18 05:10:19.00,2232.5999999999995,-0.05214012507817777,-0.06665178257452813,0.9982056729365173,-4.90178404144808,-0.48220231805544356,0.13171802815029,-4.190426083192574,2.966031126859018,-37.71523999759088
2024-06-18 05:10:20.00,2233.580000000003,-0.06273968864259881,-0.05406257877324439,0.9918539425223998,4.545580445103237,1.1430846568236201,0.5639476237956068,-2.78881112793389,3.645766907338946,-37.50622703886336
2024-06-18 05:10:21.00,2234.580000000001,-0.06441852806273242,0.023397351593525583,0.9949703672775213,-0.15828917689018807,-0.9658963047640237,1.3225789913717894,0.7597250865737578,3.4744870710673585,-36.74050568932275
2024-06-18 05:10:22.00,2235.560000000002,-0.058891390575646047,-0.003546054914668114,0.9974305290856799,-2.6049093703965225,1.9151854858996737,0.6110444876216368,-0.9820877081798683,3.690234346477686,-35.59115620604044
2024-06-18 05:10:23.00,2236.54,-0.07974278988228074,0.0008767513125305458,0.9955291748574183,-3.039231315205621,-0.3839550314916081,1.27406964098222,-0.48792273312321016,4.2819191390020075,-32.5681163046204
2024-06-18 05:10:24.00,2237.540000000002,-0.060237416202796934,-0.021849329367079066,1.0083950317697192,-3.7961226705199396,0.8879695367286772,2.3490966744897013,0.15102184436391097,3.0393688456090198,-32.067342810068034
2024-06-18 05:10:25.00,2238.5200000000004,-0.06369916467576694,-0.025490010626873578,1.0051422795382132,-7.088040097973414,3.0129546198943564,1.0529986784724699,-2.083987803794148,3.9278218068355617,-30.220013900337495
2024-06-18 05:10:26.00,2239.499999999998,-0.08668132907510903,-0.08906100745534679,0.9909432443761897,0.6125388708922643,-2.894705134321088,4.623423049888968,-4.458905085955994,4.836278584028921,-30.666776110332957
2024-06-18 05:10:27.00,2240.500000000001,-0.0995501394706284,-0.0806444618151998,0.9929494052811662,-7.9088428504066695,9.670040507555239,13.439897473084013,-6.014062927125933,6.751482084570104,-32.46442276685317
2024-06-18 05:10:28.00,2241.480000000001,-0.06915754698805412,-0.05684021640666824,0.9901290124867318,3.824845903616489,-4.730815585664865,-5.171903148194972,-3.0483077979419644,3.056121122715535,-28.11005962656524
2024-06-18 05:10:29.00,2242.4800000000005,-0.05822824537646902,-0.013990325083181437,0.9929792925784282,-2.0256975502761274,5.982352720911995,4.227265521023337,-2.373738029887018,3.497452863780483,-29.498553044622263
2024-06-18 05:10:30.00,2243.4600000000014,-0.07333687204448486,-0.04953967977271881,0.991180019634327,-1.9999367827365686,5.333208429309479,-0.821849082895274,-2.653397639494767,3.555332868079116,-30.096346033497696
2024-06-18 05:10:31.00,2244.440000000003,-0.10285653752098592,-0.029005976884541235,0.9887475875528773,0.3515240329631829,5.854965414409174,2.7695733099241755,-2.2489762442547043,4.644491435375701,-28.654034885221122
2024-06-18 05:10:32.00,2245.4400000000005,-0.09636361406719186,-0.03156401903074765,0.9931583312055866,-0.577207025697997,1.9545995415357758,-5.20818620901261,-1.7788059126716544,3.8171704620545794,-27.277677902669634
2024-06-18 05:10:33.00,2246.4200000000033,-0.08045649144496501,-0.011171885092133477,0.9905914578559252,4.939078549037089,4.075147264693219,2.9473907317294086,-1.318014094064238,3.7030151211721334,-22.593418014736177
2024-06-18 05:10:34.00,2247.3999999999996,-0.054092616200830855,-8.940380611606802e-05,0.9964891461360131,-0.4655823345567632,-5.32069830348737,-3.34337708068919,-0.7977399882105509,2.636198794398548,-29.54786174677107
2024-06-18 05:10:35.00,2248.400000000002,0.020047532082567383,-0.043263051617987304,0.9988443229116715,1.5308185649019246,2.9525007528347524,-0.8592061708906769,-1.8282069789875504,-0.5209824920766494,-32.928956469859415
2024-06-18 05:10:36.00,2249.379999999999,-0.025879249046146226,0.07304605275619885,1.0044825573319065,1.2771500311806476,-1.485379188494962,9.02081677269263,3.313071445383013,1.1456998282747242,-26.25665972663998
2024-06-18 05:10:37.00,2250.3600000000015,-0.05294569439672737,-0.011119810166513781,0.9862709875062106,7.70777437660787,3.7391765493754034,3.8555983194933523,-1.8278905800447371,4.100499086563287,-24.471989525017452
2024-06-18 05:10:38.00,2251.3600000000015,-0.10588071331042696,-0.07362920739345462,0.9850438917742842,1.8680625974814975,0.44840348673346825,4.761353696448743,-3.5670218696467044,5.801336577117402,-19.581560484569824
2024-06-18 05:10:39.00,2252.340000000004,-0.10375311558039176,-0.05102714612185621,0.9948871555228241,1.9928437938934611,-0.6775936166325494,0.19855643976664183,-2.687145501910722,5.597307411316089,-16.671497755611213
2024-06-18 05:10:40.00,2253.3400000000015,-0.08937131215242754,-0.034216552368329906,1.0047148334588072,-4.604821786852122,1.6764612341082519,-0.04874352390212128,-0.9498004535705312,4.633978866105662,-20.78892977739145
2024-06-18 05:10:41.00,2254.3199999999997,-0.07134585967682061,-0.038304132835202315,0.9986613684062069,-3.0586938984893783,-2.5210262674628563,1.5378239702537386,-2.664247984263829,3.5879053725646752,-20.035959215216234
2024-06-18 05:10:42.00,2255.300000000003,-0.06909774269238492,-0.040166031635784916,0.9980481575923963,-2.2052721061661757,4.854010403572696,2.790149725602062,-2.988640108277246,4.898067617285888,-26.20808256722587
2024-06-18 05:10:43.00,2256.0800000000013,-0.08448194945388529,-0.04555161739960689,0.9923270770579028,2.300491861426335,-1.6605577748568836,-2.911751230199591,-2.4798945803160715,4.275815754613072,-27.854632610909526
2024-06-18 05:10:44.00,2256.9600000000023,-0.04824368133881625,-0.01780774520515152,1.0041712119326027,-1.7574054197489217,1.6047475768190207,2.767358199871482,-1.7218880118305575,3.0962315097558397,-27.01482191251853
2024-06-18 05:10:45.00,2257.9399999999987,-0.06639371165482101,-0.04756204527290654,1.003931269608351,-0.0891013811508837,-0.4850800954062896,11.292975485568007,-2.556924161965915,4.096003136594833,-23.36455248168511
2024-06-18 05:10:46.00,2258.940000000002,-0.05222188469072266,-0.04002986030461727,1.0090308625675408,-1.0719139994461433,-0.1624021287723414,-5.392970933596872,-2.309873346133089,1.004754842405428,-24.05618822118049
2024-06-18 05:10:47.00,2259.919999999999,-0.008302051370135318,-0.174922481249157,0.9972443102138882,-8.5650810112537,3.062653512584433,-6.450650156959915,-11.598920129927047,0.5965071589746481,-25.371679492826317
2024-06-18 05:10:48.00,2260.920000000001,-0.11134402525047815,-0.20974040396881746,0.9811560197384291,-6.421841452831885,6.931609366218835,9.570957718874697,-12.544441357832481,7.329865584253865,-18.073856239103726
2024-06-18 05:10:49.00,2261.8999999999987,-0.13487359592808046,-0.05885350824649281,0.9802654427850991,23.647300617855752,-6.555924982912193,3.1180314896514223,-0.4131783782029216,6.24894614321951,-13.240009214955865
2024-06-18 05:10:50.00,2262.880000000002,-0.06568592945397737,0.1531240731315886,0.9814580966782953,-11.013648639637442,4.8867533125578015,-2.6628286248524704,7.307726990202891,3.245775356895431,-13.673532913405484
2024-06-18 05:10:51.00,2263.8799999999997,-0.10300043701052576,0.0007219428982197318,0.9958934040540972,-3.5390363440043267,-2.4950102967799674,3.2806187643132367,-0.4835423974980084,5.4857513341397866,-12.446993884250602
2024-06-18 05:10:52.00,2264.8600000000006,-0.010458022492863909,0.08410313972225736,0.9896797492188203,1.8716457531447612,0.4781083815813494,1.8879313802718807,4.348713906672809,0.7449961281731508,-9.58112772651299
2024-06-18 05:10:53.00,2265.860000000003,-0.11912086097602577,0.05077672109312873,0.9950969803050494,-12.864684403176861,5.4820511190042245,0.7532704156377117,0.8858942765624825,5.958043586689931,-16.464305103213317
2024-06-18 05:10:54.00,2266.840000000003,-0.0865375596235096,-0.08762369295273074,0.9904693810578709,-2.247986313298409,-5.24787188932943,-1.4567992776566605,-5.442650295163903,3.341763349761852,-13.429066728661555
2024-06-18 05:10:55.00,2267.8200000000015,-0.008076778354208398,0.0252843104754971,1.0042034166123361,9.781836675342289,-1.5862152253763682,-1.0750849528165611,2.823240487118351,0.20738166498073918,-17.843681393741083
2024-06-18 05:10:56.00,2268.820000000001,-0.0056768457054761174,0.1674513517669884,0.9950549227087443,1.1406166246728244,2.969008044989882,1.762941791472491,9.450477065523248,0.624871301206291,-16.741632934364674
2024-06-18 05:10:57.00,2269.8,-0.08301607386333477,0.05952130311814882,0.9851600612635499,-20.440940261491654,-2.494288751244013,-0.7136331664516131,1.2371157623909248,3.9102361713166065,-15.143872449158678
2024-06-18 05:10:58.00,2270.800000000002,-0.022790489113729478,-0.10696484645800743,0.9918647252201245,-0.7351606373867698,5.639865608808308,-0.554957790245989,-5.810321134245451,2.588275057475799,-15.552199235076232
2024-06-18 05:10:59.00,2271.7800000000016,-0.12450415148854896,-0.04364111767660014,0.9923955954023823,-1.7057752809045539,2.8466852310405346,1.781931928330924,-3.0538656244324454,7.367769282718824,-12.620694741047332
2024-06-18 05:11:00.00,2272.7599999999998,-0.1149424921602216,-0.09416042506910025,0.9871034464506002,-5.227357997001791,-4.903404007744273,0.658900532217808,-6.312593329325698,5.708605527627397,-11.786131414827466
2024-06-18 05:11:01.00,2273.760000000002,-0.07387128748579466,-0.17013609255806583,0.9868086277420074,6.09085631736754,-1.3946213718495355,0.28415342461695337,-8.310044234310064,3.9567439458950524,-11.877832205587158
2024-06-18 05:11:02.00,2274.7399999999984,-0.06044728285009332,-0.03082432469911287,1.0014991949669345,3.5453623804951624,0.09043112986921555,1.0564479337051675,-1.9112103068840607,3.309799430044181,-10.617678665736042
2024-06-18 05:11:03.00,2275.720000000003,-0.07137828602427582,0.045763149402116475,0.9981983079601118,4.247309423591131,-1.2523593283138714,-0.5553468594886507,2.337385105448063,3.824174681984739,-8.960218640737262
2024-06-18 05:11:04.00,2276.7200000000007,-0.0724142457726317,0.044454663174718065,0.993587512077764,-7.716519743664892,0.7161163599761378,0.41335109048855384,1.3214076851586134,4.479737584361612,-8.681183367604179
2024-06-18 05:11:05.00,2277.700000000003,-0.008140874191887025,-0.14959361177129055,0.997797345740944,-9.496762424538726,-5.744020965160738,-11.111530502596253,-9.85455391656008,-0.6711254887732666,-8.88527418697651
2024-06-18 05:11:06.00,2278.699999999999,-0.02769949077581164,-0.07752423207024625,0.989115811751451,8.178930043653168,8.04770324306484,6.0846468377119995,-3.6624616104792342,3.0830058308014605,-11.44399358774214
2024-06-18 05:11:07.00,2279.6800000000026,-0.10405770504859332,-0.023141375550489653,0.9980541667618766,-0.5532521394808038,-3.6206673532009583,0.22005706176692788,-3.4543433948409654,5.026267064337375,-5.252924299862405
2024-06-18 05:11:08.00,2280.659999999999,-0.030547143610224394,0.012475246002873065,1.00798902624569,-6.26750277358912,3.4765028263407864,-4.440467515444174,0.570064202232416,0.4027896493634378,-3.247908893296438
2024-06-18 05:11:09.00,2281.660000000002,-0.1378585931697333,-0.1867787137514815,0.9879597061107244,-5.966615850146848,1.4308975605732785,1.379236591879173,-10.850839226038852,7.986420163789369,-1.0618052275025185
2024-06-18 05:11:10.00,2282.6400000000003,-0.056063093598554416,-0.05975968119802694,0.9835950322693129,21.835028676718313,-12.716077007518,3.1023009173914073,-1.2740886410840473,2.4956286865983586,1.360516237211418
2024-06-18 05:11:11.00,2283.6400000000017,-0.002638422405992915,0.12058785040290436,0.9933580619119328,1.4135900016940317,4.677176518348564,-9.768157416362538,5.319966833548775,0.672816301881522,-1.563337512597116
2024-06-18 05:11:12.00,2284.6200000000003,-0.09366003943393572,0.016467619905875034,0.9950503690313344,-7.250934647834515,3.922312199020293,-4.3713232085749105,-0.2000523300704773,5.44721090686138,-8.17741275902315
2024-06-18 05:11:13.00,2285.600000000002,-0.10988700126511085,-0.025009803193660196,0.9959772339111204,-0.14531183079583807,-1.1664338387564614,5.200063376523227,-1.376545660603181,5.7905981824893775,-1.5987447868944913
2024-06-18 05:11:14.00,2286.6000000000017,-0.05678021894627373,-0.0030807886487794855,1.0020009748428171,-3.2568849636828667,-1.5183441321419373,5.360607502919023,-0.9485539312842237,3.023317048641216,6.954337358466531
2024-06-18 05:11:15.00,2287.579999999998,-0.07448861717850644,-0.014041157977065268,0.9969896036431445,5.828039795174252,-0.2170158883708415,2.122159807158536,-1.4811430267359982,4.468847845934988,7.757203586168715
2024-06-18 05:11:16.00,2288.560000000002,-0.03577964806210154,0.06344798696858187,1.0054328591464796,0.37054077316639883,1.2416882552855237,0.29247898522074317,3.4305968229423827,2.097222158790194,8.717145624233485
2024-06-18 05:11:17.00,2289.560000000001,-0.08568379991451888,0.050683571213546566,0.9989596120268986,-1.8593179092861927,3.075445851240226,1.9290240569161092,2.2635435073397483,5.127613031286271,10.416171978302742
2024-06-18 05:11:18.00,2290.540000000002,-0.11188396617668395,0.022929118038312185,0.9945128203843675,-3.407288761256263,-0.5919122877564451,0.2619934927210915,0.9271903082171609,5.937458846525269,11.867333248212036
2024-06-18 05:11:19.00,2291.5200000000013,-0.05209931827659004,-0.0035383800784570653,0.9899580760359346,8.368891425126062,-6.280736966407697,3.5939243558553806,-0.7718695470469008,3.5719226462347504,12.141851319656974
2024-06-18 05:11:20.00,2292.5200000000036,-0.07271263694503374,-0.03492524768350612,0.9952769432095205,-5.059449032754719,2.6664648674903213,1.0690778676023847,-2.8222393537626433,4.616280458960946,14.122996188654747
2024-06-18 05:11:21.00,2293.4999999999995,-0.08289282009606297,-0.09505857274907492,0.9920480854211666,-0.33879434036657785,-2.578162648495643,1.4835613471986844,-5.668384498880881,4.336593262944478,14.647265446109273
2024-06-18 05:11:22.00,2294.5000000000023,-0.09677604701052019,-0.146967928017742,0.9949613632271427,-7.8682366139150055,4.146324970473811,4.881905074265731,-9.210242890161194,6.399839136398346,16.96144433069809
2024-06-18 05:11:23.00,2295.4799999999987,-0.03897088951957483,-0.05385928373606866,0.9892091329914089,10.364067134279397,-9.503403506985459,-3.452334088197487,-4.516782574817944,1.4906973508298151,18.399482330458117
2024-06-18 05:11:24.00,2296.4600000000023,-0.002797858549453815,-0.004451481012423545,0.9998874624071711,-1.2780345244564777,6.40410419256949,-3.431997512919715,-0.7326167688791078,1.323075088065974,12.176794588840824
2024-06-18 05:11:25.00,2297.4599999999996,-0.17024476445258557,-0.07316268063224275,0.996610031268033,-0.8003566665816769,0.4717185992249008,6.021338117911986,-4.1075420823972735,9.372011118495891,17.234117654853993
2024-06-18 05:11:26.00,2298.440000000004,-0.11724128045815779,-0.08138471541050608,0.9907356695692002,-1.989520117796793,-3.522703234062332,1.5875896648968864,-5.146563889198237,7.3110192184070275,18.510503615509737
2024-06-18 05:11:27.00,2299.420000000001,-0.06280291583861607,-0.07413181202813668,0.9925566043966856,6.058916657565581,-2.9623050460929425,-7.925491689929748,-4.1022928152088065,2.2726892949516513,19.289861004265358
2024-06-18 05:11:28.00,2300.4200000000037,-0.002679528975409827,-0.02276841691295342,0.9982596304258464,0.574815644992941,-1.5832807989727853,1.3620611965742402,-1.7525494170706517,0.057697828765251036,17.29382780697478
2024-06-18 05:11:29.00,2301.4000000000005,-0.030492615246872516,-0.0031285692193134874,0.9999522870342923,-1.5978723862710065,4.476533350561113,0.5023241515224162,-1.0282244039090025,2.498060195994618,18.712584404301964
2024-06-18 05:11:30.00,2302.4000000000005,-0.056760755023082955,0.03212679760056315,0.9951123266029263,7.433031425438956,-7.0177236666722935,5.499387323694907,0.43114145337254656,3.4496106836901697,20.095441008021055
2024-06-18 05:11:31.00,2303.380000000002,-0.02571495656577528,0.038771897767896475,0.9979337310297529,-4.438324409445003,4.560550438831704,-2.5420014005875693,1.351723770311754,2.331736866947521,19.828072440812175
2024-06-18 05:11:32.00,2304.36,-0.08194978080297394,-0.09542747793784248,1.0004690027261232,-5.922023721821798,-0.5004968909589199,-0.9887935180810211,-7.56881178577218,4.020478792877065,19.69356477289667
2024-06-18 05:11:33.00,2305.360000000001,-0.05075331743090471,-0.05874434007473439,1.0049809213457936,2.5368536499426124,-2.1236325852522997,4.767614313220918,-1.8488461577397464,1.6810267574682194,20.179925611830527
2024-06-18 05:11:34.00,2306.3400000000006,-0.021545892310226175,0.020032354558869883,0.9969455458782148,5.8492376708766916,1.4594929771582943,5.381447427846464,-0.37397321029774255,3.040399056541595,23.005317622438934
2024-06-18 05:11:35.00,2307.3200000000033,-0.051335486919017154,0.023402468177142012,0.9943664351220596,-7.736008130597007,4.451927862009898,-5.992035329613865,0.2783546268148485,3.598735944377697,25.272097156380323
2024-06-18 05:11:36.00,2308.3200000000006,-0.12110102233626072,-0.05808127025156027,0.9924442742164429,-0.2049088984076138,0.7033764065126203,0.3573760649590201,-3.361433115850264,5.794438239597948,18.55461075954596
2024-06-18 05:11:37.00,2309.300000000001,-0.17902335453505525,-0.044025698391394634,0.9919888831653012,-3.3114331580232212,-0.7089832183683772,3.356733568987153,-2.878878386671283,9.72694118579635,28.39610460640808
2024-06-18 05:11:38.00,2310.3,-0.12353466556382339,-0.09546323655529491,0.9883877877829003,-1.4929920155771328,-1.8743798589096519,-0.6157697340915476,-6.088028288157467,7.1151492842923485,27.06843757842215
2024-06-18 05:11:39.00,2311.280000000004,-0.054463765484161646,-0.1211233841714795,0.9872049584666593,1.123601136414297,-4.6915608734592915,0.2490461207443821,-6.731357158578667,2.822998736561341,27.902069303161493
2024-06-18 05:11:40.00,2312.2600000000007,-0.008949400298458955,-0.0702515502521466,0.9984157045346453,1.6170204011641462,-1.087769585069616,0.14996701733648318,-4.18552120603459,0.8441202586291519,28.40555226354916
2024-06-18 05:11:41.00,2313.2600000000025,-0.023756058465622815,-0.03344350697539239,1.0021367622799215,0.4761113806331188,3.438929624413303,0.14458331548072217,-2.312845073851611,2.0287593888332403,28.055333898431034
2024-06-18 05:11:42.00,2314.239999999999,-0.08979354928538025,0.0003754798902649393,0.9987234111430138,-0.06444125795055206,2.115276587840595,0.9152031757792166,-0.45175801783222175,5.183451853682035,28.94786110965419
2024-06-18 05:11:43.00,2315.240000000001,-0.09635822259833716,0.01666527510066495,0.9956494653506638,-1.1140157088463256,-2.5683009167864927,-0.4958969597234485,0.3291018225253255,4.899736640777165,29.872995693674
2024-06-18 05:11:44.00,2316.2200000000003,-0.012578344489928468,-0.020483463331441774,0.9964193915416383,-2.4885249907422637,-4.478715933483517,0.6680602515712447,-1.6351260860637271,0.21657581145545268,29.979222331957168
2024-06-18 05:11:45.00,2317.2000000000025,-0.01944217512428729,-0.01813059252020198,0.9978764183562703,0.5934870980307937,4.070314794329546,-0.31365125320280146,-1.061446710150116,1.658277466990579,32.0286665524955
2024-06-18 05:11:46.00,2318.2000000000016,-0.06068233954523979,-0.0046105694408533175,0.9982983197395274,1.1266683171729017,-2.0942574814238797,-0.6283099461711319,0.605280256209955,2.234041902880982,29.614955544940837
2024-06-18 05:11:47.00,2319.180000000002,-0.0591317140293275,-0.023600030158805706,0.9979454828098011,-7.207136709110387,5.811849133949998,-3.982753391921853,-3.063318392182299,3.946937930701317,30.306264174606444
2024-06-18 05:11:48.00,2320.160000000001,-0.1065161894705575,-0.22468982629445466,0.9747081214167104,0.06612083013345954,0.9034658722933636,-5.439139994480253,-13.011773366057879,5.653507404491247,34.48447305340684
2024-06-18 05:11:49.00,2321.139999999999,-0.0738112488354598,-0.19088228880026376,0.983247599043544,10.264044482156546,-0.6838398973984832,2.5273591468941587,-8.757927901221752,3.865976492791359,31.736523516681928
2024-06-18 05:11:50.00,2322.1200000000026,-0.06602122604604764,0.03729307961031069,0.998439343271714,7.451382830123476,-1.8718628383715383,1.1856327828981947,1.9022218545278502,3.0754809224165216,32.51877222878384
2024-06-18 05:11:51.00,2323.099999999998,-0.051935438330184644,0.08325072706560417,1.0068760209519247,-0.9356750600360336,7.121821226806157,-4.433984701683676,2.479384946857498,3.1132835286702614,35.40811353261303
2024-06-18 05:11:52.00,2324.0800000000013,-0.11358848465700108,0.04111656290573121,0.9951021992613035,-2.1810025484307594,-1.42453479959723,0.11575450455288538,1.696940612724529,5.611075681107887,33.11205816809202
2024-06-18 05:11:53.00,2325.0599999999995,-0.0849397409134862,0.022920715904960334,0.9969279700758916,-1.392577062964379,0.05806779076060973,3.993499262769117,0.852600469359396,4.801938949885008,36.02569108158741
2024-06-18 05:11:54.00,2326.0400000000022,-0.07795110356177985,-0.0425131098548515,0.9923950676254113,-0.4380192547304179,0.2052757697279486,1.114832889974284,-2.8707219994397937,4.3157748537485965,41.622349987579064
2024-06-18 05:11:55.00,2327.0200000000013,-0.077070215721445,-0.03373150511804704,0.9965003343787636,6.1218333762150055,0.3557231697442243,-1.649584386328995,-0.5792527097407827,4.501945130450242,40.50444337479264
2024-06-18 05:11:56.00,2328.0000000000005,-0.09788617850774951,0.03177675459622111,1.000002977772793,-3.6182746016708216,1.986956829129112,0.5783401566910612,0.7321289467610288,5.860052495586971,39.97662006120432
2024-06-18 05:11:57.00,2328.9800000000037,-0.11024227602720141,-0.025831796426938627,0.9960363582202375,-2.651732308807263,-1.5017357207070923,0.9862499511154021,-1.947642411405088,5.876202824209729,41.65134087586016
2024-06-18 05:11:58.00,2329.96,-0.08273361382186739,-0.024556669623874858,0.9948990611767659,-0.4066148159626043,-2.3057651095941476,3.841180847161928,-1.7945043036966448,4.361307489468334,43.416153135054344
2024-06-18 05:11:59.00,2330.9400000000023,-0.05020635889776388,0.0491970319640127,0.9964425228634531,10.58271569352035,-1.9717339343452318,-1.1918409646735648,2.9483054180313637,2.5887099520047583,45.99484727863382
2024-06-18 05:12:00.00,2331.92,-0.06043121111771867,0.08785824268631148,0.9926943030067628,-1.2889561609341829,0.8141827918768728,0.8147754862464907,3.709081335040062,3.6631513271261964,45.72223583273076
2024-06-18 05:12:01.00,2332.900000000004,-0.06709382902692887,-0.03135857658834581,0.9931603303741577,-9.469383802214312,-1.0733891992738043,-3.95193669471482,-2.9195559930338373,3.635635082824352,46.04728185523064
2024-06-18 05:12:02.00,2333.8600000000006,-0.019886655734977318,-0.1152409677977873,0.991203659148087,3.216107510301119,1.009114330434518,-20.71151000451024,-6.367187926328434,0.9289999741416273,20.275284735039538
2024-06-18 05:12:03.00,2334.8400000000015,-0.06054802853670666,-0.043507739139199204,0.9736227198121717,-1.9104899698122566,6.613857735616238,-33.51297631167591,-3.5915658202165073,3.9428565388867725,-0.2561270278584372
2024-06-18 05:12:04.00,2335.82,-0.08486595247742953,-0.07151645062477624,0.9956681274607844,4.15519781749605,-2.2051453279112114,-4.168338107671344,-3.793284459977919,4.001870514333879,-18.7250126681053
2024-06-18 05:12:05.00,2336.8,-0.04444844194285219,-0.006266937249854443,1.0029512564927239,0.49691289120220683,0.3486213635340982,11.676087908385808,-1.1298899039012644,2.652909269060997,-13.954410763043516
2024-06-18 05:12:06.00,2337.780000000003,-0.04696401249696691,0.033138558340472454,1.00227193609192,0.3352611402084874,-0.026643454615653983,0.8210371604095122,1.4721164877254072,2.629034931397856,-10.428434384770233
2024-06-18 05:12:07.00,2338.7599999999998,-0.03215679751438588,0.01524123615171106,1.0007215200825768,-1.1199211124215174,1.6301239667468694,-1.8061141926296485,0.16923002191682127,2.020744150321122,-23.160465153168598
2024-06-18 05:12:08.00,2339.740000000003,-0.06181703737741621,0.0017794067027518943,0.996913632262047,-2.350521913941743,0.5983289908142126,2.5167644730215097,-0.3560974799618581,3.4297387121297347,-19.178195779279807
2024-06-18 05:12:09.00,2340.6200000000035,-0.0647251412326024,-0.03564922373775,0.9986976184201382,-1.7987520802020562,-1.333101012673463,0.026297889388526813,-2.4663806008372466,3.3003828990411286,-19.057825109206533
2024-06-18 05:12:10.00,2341.2799999999997,-0.058913899887554994,-0.049092689189765996,0.9999183669971806,0.23762911836967873,-0.11620851736976995,0.9473594306514247,-2.864910119962707,3.285399933865812,-18.680834245800497
2024-06-18 05:12:11.00,2341.899999999999,-0.04694644580799408,-0.04271766502159415,1.0030888503599424,-0.30793033165717626,1.173492984788787,-3.6651632567270176,-2.7323432340594436,2.8153964765920847,-22.84669278183948
2024-06-18 05:12:12.00,2342.6600000000008,-0.06327736255663943,-0.0549426506736063,0.98877128021982,-6.58330190663656,0.6001018903001152,-3.777471327532741,-4.748917311096779,3.6501186469701272,-28.725429549462916
2024-06-18 05:12:13.00,2343.3400000000006,-0.06756544170985694,-0.1103084021042183,0.9950247466053044,3.8988490068395736,-1.8583516145391739,1.9775051873139669,-5.593765699492396,3.381593517966791,-28.991863822674162
2024-06-18 05:12:14.00,2344.000000000002,-0.04270077150231046,-0.022640863596772996,1.004982731370271,1.2728147866474706,-1.0331279334471093,0.8000082175708298,-1.706010639940858,2.1748286123892653,-27.737115388531155
2024-06-18 05:12:15.00,2344.699999999999,-0.04923047689326746,0.0001166938197417026,1.0040085221736597,-0.9819332662873802,0.5959563823714559,-0.11477570107719523,-0.6278035418512253,2.766449425488167,-27.640173075130168
2024-06-18 05:12:16.00,2345.680000000001,-0.05015262409868124,-0.04457878787901782,0.9990270752674726,-3.3464357866669934,0.08512898633370308,0.8997438024905571,-2.759370093825858,2.899350976537979,-27.011007808218146
2024-06-18 05:12:17.00,2346.680000000001,-0.020699687283525604,-0.12711856442759645,0.9867586098931985,-8.757559287204543,-3.068236074440698,-6.315082690303334,-8.098828770211103,0.7923803897535245,-27.946515550497335
2024-06-18 05:12:18.00,2347.6600000000003,-0.007538390440000395,-0.150738627264876,0.9851101528991368,4.565381689468257,2.2266596384013195,-1.5398602086605484,-9.380045417486695,-0.0816752102665943,-29.640143344693413
2024-06-18 05:12:19.00,2348.640000000001,-0.043498991345442106,-0.05797560638327503,0.9965135148385564,2.3828722177170403,3.62942327760836,2.9269341618536764,-3.627504740206602,2.7646033482485066,-28.021477404367587
2024-06-18 05:12:20.00,2349.6400000000003,-0.11433882327638618,-0.07532719856304082,0.9944582914699581,-4.632698701139435,0.37560658314726414,-0.19788124240947555,-5.617724978491535,6.297055594352691,-26.162062614521883
2024-06-18 05:12:21.00,2350.620000000001,-0.07856278786642255,-0.1456324263369508,0.9920833213073358,-4.538521201096408,-3.1570727857323053,-0.2745006544733648,-9.31522955300626,3.862414135618253,-26.398003355940677
2024-06-18 05:12:22.00,2351.6000000000004,-0.05535881517039006,-0.15059538786807639,0.9817807753678763,7.125763180615663,1.8773165254890585,1.7134205854795774,-7.765439469691544,3.7260199749719427,-25.903193213206066
2024-06-18 05:12:23.00,2352.6000000000026,-0.0513463768397706,0.03886284471414341,0.9984966989056401,10.157579435322589,-3.7956545048356363,0.6033274486116937,2.28380368497276,2.0885594839720483,-24.97972369810375
2024-06-18 05:12:24.00,2353.579999999999,-0.04758713238467891,0.08548701787514584,1.0029762780569886,-5.579511289860049,4.071666938292109,-1.1061690436939802,1.6196404550693313,3.510705427115367,-25.280274224789895
2024-06-18 05:12:25.00,2354.5800000000013,-0.12582211304889132,-0.0661649854045411,0.9938873426310046,-7.61075922681406,2.564277361551822,-7.433805918056394,-4.20004816872222,5.906884228898145,-27.407782275073252
2024-06-18 05:12:26.00,2355.56,-0.14220823791491613,-0.17868274960983294,0.9707035295415796,3.8332350950798952,-2.7724919320424335,2.335620969239369,-8.896788821695905,7.9327295601756145,-22.53273938555809
2024-06-18 05:12:27.00,2356.540000000002,-0.06558523087660098,0.012753249656412082,0.9935634130646649,9.99481069626973,-5.889251389761587,-1.6232468369352626,1.7290800996938562,2.789486251499297,-20.105413589563867
2024-06-18 05:12:28.00,2357.5400000000004,-0.040689316084493984,0.07869567338853614,1.001401725978158,-5.976567732066892,4.724699024672547,-1.356190927371968,1.9699749677287597,4.463720258343164,-24.068656562430423
2024-06-18 05:12:29.00,2358.520000000002,-0.08789247712648181,-0.044866755483319046,0.9940455435784035,-8.603076177946042,-0.04708428263997415,-1.9029283269222756,-2.4691998005502835,5.367553130655308,-24.620437277698
2024-06-18 05:12:30.00,2359.499999999999,-0.0629686301249349,-0.11717066019197993,0.9891513925789717,0.5940415789414919,1.5836105809548924,-0.33361923964875123,-6.286638367558768,4.311330474584089,-24.308205242837577
2024-06-18 05:12:31.00,2360.5000000000023,-0.11848202586387173,-0.12438804063224612,0.9894411383418004,-3.918572915826754,5.113028527737705,6.420671395907551,-6.8719204980752595,6.147367681570646,-22.010010744462278
2024-06-18 05:12:32.00,2361.479999999999,-0.10103147648991356,-0.03668280445756467,0.9938652092499058,8.132388618126543,-3.5698002960376787,-8.517424117945295,-1.2622970434813798,4.814455009872296,-20.199752287189096
2024-06-18 05:12:33.00,2362.480000000003,-0.06693396637581082,0.06118165712927228,0.996971486803721,2.027083801341397,-2.0907110429695637,-0.47036065360771406,2.9437094933336394,3.439831307682027,-24.457094339155006
2024-06-18 05:12:34.00,2363.46,-0.06293378402518175,0.1111634120329014,0.9925145297861193,2.2159902429768774,0.7274216886181589,0.24227450389396532,5.009320519589824,3.0455118876491953,-23.07667460053771
2024-06-18 05:12:35.00,2364.440000000001,-0.0886915644715732,0.11974969454014497,0.9914393822571624,0.9207948640856671,-0.5387086982400471,0.5811941144167446,7.615112997858359,4.93470758568129,-23.704698478420095
2024-06-18 05:12:36.00,2365.4400000000014,-0.08982995969475745,0.055286747008270735,0.9921325843903465,-8.287425890453287,-0.9809166978699982,0.2917917789599758,1.8353014413078461,4.925163580131648,-23.10605501799266
2024-06-18 05:12:37.00,2366.4200000000023,-0.07166313275548675,-0.06633872576734877,0.9919902413086794,-2.459027831472073,-0.5392792286494525,0.16252133192330365,-3.7899310458003117,4.199253383261955,-22.855842561196624
2024-06-18 05:12:38.00,2367.4,-0.0034008504838353324,-0.03516892451580013,1.0061059873887603,6.575072726620964,-9.274462514139032,1.3315169747056324,-1.320882023643758,-0.3768678205731484,-21.330272092706323
2024-06-18 05:12:39.00,2368.400000000002,-0.017479330433270913,0.006103887005235892,0.9969817950838729,3.0855416971416707,8.471118470762566,1.371088499550457,0.08763364615008408,1.6646382957080035,-19.258549630160694
2024-06-18 05:12:40.00,2369.3800000000024,-0.04907893491431374,-0.1482747440709666,0.9871311079264987,-11.871235432622983,-6.65355969264202,-8.335839101301596,-9.124062083039416,1.256050959377258,-24.210748563364184
2024-06-18 05:12:41.00,2370.380000000001,-0.015586626359688155,-0.20140496044079498,0.9729925758340602,13.040066145684795,5.219265520059526,3.7810902624306895,-11.565746880676954,2.4654568794178697,-21.25605581166063
2024-06-18 05:12:42.00,2371.360000000003,-0.04691395572831343,-0.019865478472430576,0.9956034083908942,-1.313192952963545,-4.931941142038019,-0.06766934812628911,-0.01992861673398344,2.694360844730736,-19.157767825732634
2024-06-18 05:12:43.00,2372.3400000000006,-0.0867105345711208,-0.12830625491818462,0.9999796943769711,-8.952677035856155,-2.510431133249808,-3.884748298002583,-8.71577269045306,4.118594489883913,-20.76182369693794
2024-06-18 05:12:44.00,2373.3400000000047,-0.13649613957664702,-0.10906619470502824,0.9702370827752261,26.006849303861763,-4.635198758264902,6.96471625619944,-2.4735301088258894,7.714816202331509,-13.180667367346656
2024-06-18 05:12:45.00,2374.3199999999974,-0.0702648788202623,0.2762504717400061,0.9715081480500668,4.2984814100207505,-1.8620266490546222,-15.929608914179603,12.043491571413565,3.5183686454334775,-16.349602003448105
2024-06-18 05:12:46.00,2375.300000000002,-0.09253102803944586,0.3114818293028259,0.9525154814361138,-10.401075991980447,-6.915874793067218,-0.8368473768973381,15.995199895648108,3.2822406795888757,-13.239495020103147
2024-06-18 05:12:47.00,2376.2999999999997,-0.07502256294264398,-0.011200537628192656,0.9911112411409267,-14.146757386785191,1.6947982137666473,-1.426080204716756,-1.933094114180802,4.808162554769401,-18.913125934841126
2024-06-18 05:12:48.00,2377.2800000000025,-0.11418867409903867,-0.18723734269737774,0.9731125704076248,-1.3328454772341343,0.7711850031554668,3.2056013401407966,-9.799510781589579,6.620634627203792,-17.6578038717094
2024-06-18 05:12:49.00,2378.2800000000007,-0.07640037041726694,-0.24001772811198482,0.9790432251377548,6.015153782146862,-11.927973833189302,5.250008796557181,-10.328858279742084,4.7999124946767875,-14.955144710359711
2024-06-18 05:12:50.00,2379.260000000001,0.017004186079132094,-0.22146391026262882,0.9853816612886706,-13.461423035686222,1.6297900234687883,4.102378896628567,-14.874683463399684,-1.6168940447966273,-17.090694967743932
2024-06-18 05:12:51.00,2380.24,-0.1083408643234318,-0.3853734308138308,0.9142208318934975,12.832562993819394,3.3350696796423627,10.283918321042073,-21.184550987766713,6.7539462011517415,-10.771395892294978
2024-06-18 05:12:52.00,2381.2400000000025,-0.07235871013791109,0.12166751473477246,0.9930122358900964,14.271813099445344,-0.8032396027705198,3.7531869624011405,7.167872305269185,3.938295014615523,-2.4330489346500035
2024-06-18 05:12:53.00,2382.2200000000016,-0.06490546916811656,0.19719579910958954,0.9891467833874987,-3.331878999378037,1.7317601363308015,-16.683129466535085,6.928004808425269,3.119561712856548,-5.4373908402218705
2024-06-18 05:12:54.00,2383.2200000000003,-0.10458731340372018,0.1124995947294904,0.9850317733250477,-6.809235839159272,-4.756630900211989,-0.7630926926226455,5.019336818073477,5.146125536531546,-12.556521184414175
2024-06-18 05:12:55.00,2384.2000000000003,0.046817435748197,-0.10760206159550856,0.9904160412769772,-10.33838139862609,2.028515958497734,-4.095707392112664,-6.496225159905501,-1.9509103751064636,-12.673641075328128
2024-06-18 05:12:56.00,2385.1800000000003,-0.03776113695143807,-0.14875417328659593,0.9853342648598896,6.800247928022697,6.151520073799023,4.205280195827705,-7.115763181765071,2.9035662809402556,-12.464898449595962
2024-06-18 05:12:57.00,2386.1800000000007,-0.14137338163883256,-0.12275703408259343,0.9929566292421175,0.05490378116999676,4.596646535132288,8.050740599821268,-7.427582156889042,7.643765354108375,-8.1439037666516
2024-06-18 05:12:58.00,2387.16,-0.16833039130719177,-0.037494581544642885,0.9806211719372221,12.072754896144682,-5.489911500142387,6.67766925774673,-1.1351944473955866,8.800942541713795,-1.959949217771406
2024-06-18 05:12:59.00,2388.1400000000012,0.010595849745769863,0.2540619269400632,0.972314285259729,-5.730411883449959,-1.4349174259910973,-3.6526512883676956,11.559765382163516,-1.1735187300842607,-1.3713376158894026
2024-06-18 05:13:00.00,2389.1199999999994,-0.013517092439791455,0.04353404173071953,0.9959090330307576,-12.915765867749334,2.1639122495745737,-0.2613879833919536,0.44148675444459634,1.1418753476922008,-5.9943515337145294
2024-06-18 05:13:01.00,2390.100000000003,-0.0847580080821404,-0.15343928310300242,0.980235369244374,-1.4374382683569022,7.566681017001157,-5.648457779195493,-6.843792538537514,5.23053213368466,-6.64009585078425
2024-06-18 05:13:02.00,2391.0799999999986,-0.13473476205530613,-0.07460584444659843,0.9936878726716424,4.963376191488377,-2.854217485843708,1.860023509203931,-3.298720522995302,6.419751136429956,-8.603159715733911
2024-06-18 05:13:03.00,2392.060000000002,-0.13302870683478757,-0.03438571455100572,1.0018597649038916,-8.316740954278078,6.680373068322336,13.095636446880539,-2.739174864394875,6.44556938962286,-1.5194224037337067
2024-06-18 05:13:04.00,2393.0400000000022,-0.12030443404700465,-0.08685575152119782,0.9880120016045362,-0.1802420744132021,-6.877466340885204,-0.7688619774103885,-5.800744666759422,5.669841943747199,5.286168602807547
2024-06-18 05:13:05.00,2394.0200000000013,-0.06226020948053804,-0.016233104261309528,0.9974773832581013,7.990074250219802,4.820943529622574,-4.071909039257204,-0.412056320097835,4.606275125513671,-2.0928309767444855
2024-06-18 05:13:06.00,2395.0000000000014,-0.1033153288063485,0.111982756525434,0.9953577508263103,4.976353570683065,-3.2774992224780526,2.4975025956537613,6.565179902270742,4.903590396707967,-0.949986621075558
2024-06-18 05:13:07.00,2395.980000000001,-0.02487684700220205,0.09300695086792506,0.9929435203618507,-12.011179986029818,-0.846375313931867,-2.538835798154876,3.0666510698222154,1.3750983173283042,-0.3292308303942181
2024-06-18 05:13:08.00,2396.9600000000037,-0.03185071996930145,-0.07276748621796765,0.9902605295279291,-3.2593367760841403,1.5101348524249516,0.9793164962508023,-4.375459858358553,2.2601933920997483,-2.769330424950762
2024-06-18 05:13:09.00,2397.9399999999996,-0.10467982507217778,-0.13346328074327068,0.9916020323239022,0.919674850678299,4.388464712288808,11.870483323169776,-7.306962334947785,6.653903678062099,0.9674245293017878
2024-06-18 05:13:10.00,2398.9200000000023,-0.06186000192765961,-0.11401628580535202,0.9934388054473701,-1.5862441138463026,-8.930031764094714,5.187381894365565,-7.045580029542626,3.599222622961432,5.403160859222241
2024-06-18 05:13:11.00,2399.8999999999987,0.020217130143405166,-0.08820634355902753,0.9971999120879622,-3.3510461976249966,-5.5045107292476505,-24.66001993614881,-5.353074491764461,-2.053861391406377,5.026539217657376
2024-06-18 05:13:12.00,2400.880000000002,-0.019978375996260567,-0.007787807487289923,0.9961766726946852,0.5411812799168445,8.834759768559056,0.6825410077001076,-1.0307426336505545,2.1638644241411806,-15.34470621875836
2024-06-18 05:13:13.00,2401.860000000001,-0.12296249198550442,-0.03470433121628748,1.0015541215560575,-4.400555959307035,4.039980610886478,1.0597694286073809,-2.916388156536929,7.256026316926422,-9.720890655545348
2024-06-18 05:13:14.00,2402.8400000000024,-0.13259302330419065,-0.11748276563044956,0.9900076646631858,-3.398776029259842,-1.4404937820029817,0.38105123559748694,-7.165642629463279,7.125265781562013,-9.538211977616653
2024-06-18 05:13:15.00,2403.8200000000015,-0.07308272953876419,-0.0636999500376461,0.9830483005407378,10.971019935283879,-0.9936726017031977,-8.984587041582422,-4.312974736493531,2.9199084079501727,-10.79982706196279
2024-06-18 05:13:16.00,2404.6000000000017,-0.0475520941337551,0.017825437416861274,0.9996880981408311,5.5582886554370186,-6.13012610697923,-0.30051474020069197,2.1141010983507855,1.751890345923175,-14.114404202951933
2024-06-18 05:13:17.00,2405.3800000000024,-0.019944853807560326,0.07622474192918584,1.0016335089991062,-3.188254920984281,4.564982973717241,0.6208573852246245,4.506363083572184,0.9352183564184543,-10.855463725041114
2024-06-18 05:13:18.00,2406.1600000000008,-0.04851146335581261,0.029636515494783234,0.995689829966666,-1.7773612287524159,-0.7677393945849065,-1.3809380047874706,0.06174538851380835,2.925123012565078,-10.32406093128225
2024-06-18 05:13:19.00,2407.1400000000035,-0.04610367985258764,0.01702784257208521,0.9979573618541726,-3.0570912852974232,2.1094660206493296,1.5481814541643313,1.0557925192848594,2.7941703538262095,-8.893475752775387
2024-06-18 05:13:20.00,2408.12,-0.06390344490757094,-0.029196873374186458,0.9989921264890996,-3.00494223130191,-1.0284115197976162,0.42225477937179295,-2.2953376222658197,3.3246255864416687,-7.534068269784733
2024-06-18 05:13:21.00,2409.0999999999995,-0.056008635342630855,-0.06094292719685712,0.99716115803435,0.03111544424742316,1.006471863881751,-0.4518060912942414,-3.53766509611494,3.325740286270438,-7.462449150735289
2024-06-18 05:13:22.00,2410.0799999518867,-0.0738338799839987,-0.05315740445673457,0.9975007703493962,-0.09441563391206578,0.34116699821944396,-0.15640950833831288,-3.2849094522835736,4.073156139263548,-7.353475120602122
