Timestamp,CH0,CH1,CH10,CH11,CH12,CH13,CH14,CH15,CH2,CH3,CH4,CH5,CH6,CH7,CH8,CH9
2024-06-18 04:31:53.00,1.620V,0.000A,1.626V,0.004A,1.633V,0.000A,1.636V,0.000A,1.620V,0.000A,1.631V,0.004A,1.628V,0.000A,1.611V,0.000A
2024-06-18 04:31:54.00,1.623V,0.000A,1.615V,0.000A,1.602V,0.000A,1.621V,0.000A,1.632V,0.000A,1.622V,0.006A,1.634V,0.000A,1.637V,0.000A
2024-06-18 04:31:55.00,1.621V,0.000A,1.637V,0.004A,1.632V,0.000A,1.620V,0.000A,1.634V,0.000A,1.622V,0.003A,1.616V,0.000A,1.630V,0.000A
2024-06-18 04:31:56.00,1.631V,0.000A,1.620V,0.002A,1.630V,0.000A,1.625V,0.000A,1.633V,0.000A,1.622V,0.007A,1.634V,0.000A,1.624V,0.000A
2024-06-18 04:31:57.00,1.625V,0.000A,1.631V,0.007A,1.629V,0.000A,1.626V,0.000A,1.616V,0.000A,1.619V,0.002A,1.630V,0.000A,1.621V,0.000A
2024-06-18 04:31:58.00,1.472V,0.000A,1.437V,0.004A,1.512V,0.519A,1.423V,0.091A,1.482V,0.013A,1.469V,0.003A,1.415V,0.000A,1.433V,0.065A
2024-06-18 04:31:59.00,1.492V,0.001A,1.528V,0.006A,1.530V,0.048A,1.538V,0.086A,1.544V,0.040A,1.517V,0.008A,1.534V,0.000A,1.561V,0.041A
2024-06-18 04:32:00.00,1.523V,0.000A,1.508V,0.002A,1.525V,0.106A,1.546V,0.087A,1.529V,0.024A,1.506V,0.012A,1.512V,0.000A,1.557V,0.065A
2024-06-18 04:32:01.00,1.637V,0.000A,1.631V,0.000A,1.619V,0.000A,1.612V,0.000A,1.624V,0.000A,1.623V,0.006A,1.622V,0.000A,1.613V,0.000A
2024-06-18 04:32:02.00,1.622V,0.000A,1.626V,0.004A,1.626V,0.000A,1.614V,0.000A,1.632V,0.000A,1.622V,0.002A,1.632V,0.000A,1.624V,0.000A
2024-06-18 04:32:03.00,1.625V,0.000A,1.620V,0.004A,1.620V,0.000A,1.624V,0.000A,1.628V,0.000A,1.609V,0.007A,1.633V,0.000A,1.620V,0.000A
2024-06-18 04:32:04.00,1.616V,0.000A,1.638V,0.004A,1.629V,0.000A,1.626V,0.000A,1.632V,0.000A,1.619V,0.008A,1.631V,0.000A,1.617V,0.000A
2024-06-18 04:32:05.00,1.617V,0.000A,1.620V,0.003A,1.633V,0.000A,1.630V,0.000A,1.624V,0.000A,1.618V,0.002A,1.615V,0.000A,1.623V,0.000A
2024-06-18 04:32:06.00,1.631V,0.000A,1.624V,0.003A,1.616V,0.000A,1.636V,0.000A,1.623V,0.000A,1.635V,0.004A,1.626V,0.000A,1.630V,0.000A
2024-06-18 04:32:07.00,1.625V,0.000A,1.635V,0.001A,1.632V,0.000A,1.636V,0.000A,1.633V,0.000A,1.623V,0.004A,1.632V,0.000A,1.625V,0.000A
2024-06-18 04:32:08.00,1.615V,0.000A,1.625V,0.000A,1.616V,0.000A,1.621V,0.000A,1.630V,0.000A,1.623V,0.006A,1.628V,0.000A,1.627V,0.000A
2024-06-18 04:32:09.00,1.620V,0.000A,1.627V,0.003A,1.633V,0.000A,1.629V,0.000A,1.629V,0.000A,1.625V,0.005A,1.621V,0.000A,1.637V,0.000A
2024-06-18 04:32:10.00,1.624V,0.000A,1.631V,0.002A,1.621V,0.000A,1.634V,0.000A,1.618V,0.000A,1.633V,0.002A,1.621V,0.000A,1.637V,0.000A
2024-06-18 04:32:11.00,1.636V,0.000A,1.627V,0.004A,1.621V,0.000A,1.632V,0.000A,1.631V,0.000A,1.637V,0.003A,1.629V,0.000A,1.640V,0.000A
2024-06-18 04:32:12.00,1.630V,0.000A,1.629V,0.004A,1.637V,0.000A,1.632V,0.000A,1.624V,0.000A,1.629V,0.003A,1.628V,0.000A,1.636V,0.000A
2024-06-18 04:32:13.00,1.645V,0.000A,1.621V,0.000A,1.613V,0.000A,1.632V,0.000A,1.628V,0.000A,1.629V,0.001A,1.621V,0.000A,1.634V,0.000A
2024-06-18 04:32:14.00,1.635V,0.000A,1.633V,0.003A,1.627V,0.000A,1.637V,0.000A,1.624V,0.000A,1.633V,0.002A,1.625V,0.000A,1.638V,0.000A
2024-06-18 04:32:15.00,1.623V,0.000A,1.624V,0.004A,1.625V,0.000A,1.621V,0.000A,1.619V,0.000A,1.620V,0.004A,1.618V,0.000A,1.618V,0.000A
2024-06-18 04:32:16.00,1.533V,0.000A,1.511V,0.009A,1.558V,0.170A,1.541V,0.063A,1.526V,0.060A,1.521V,0.000A,1.516V,0.000A,1.538V,0.016A
2024-06-18 04:32:17.00,1.622V,0.000A,1.612V,0.004A,1.620V,0.000A,1.620V,0.000A,1.625V,0.000A,1.627V,0.003A,1.620V,0.000A,1.624V,0.000A
2024-06-18 04:32:18.00,1.625V,0.000A,1.629V,0.001A,1.632V,0.000A,1.620V,0.000A,1.635V,0.000A,1.622V,0.010A,1.627V,0.000A,1.634V,0.000A
2024-06-18 04:32:19.00,1.634V,0.000A,1.636V,0.001A,1.613V,0.000A,1.630V,0.000A,1.616V,0.000A,1.625V,0.000A,1.620V,0.000A,1.625V,0.000A
2024-06-18 04:32:20.00,1.634V,0.000A,1.616V,0.004A,1.624V,0.000A,1.627V,0.000A,1.626V,0.000A,1.626V,0.004A,1.625V,0.000A,1.631V,0.000A
2024-06-18 04:32:21.00,1.624V,0.000A,1.626V,0.004A,1.625V,0.000A,1.625V,0.000A,1.639V,0.000A,1.620V,0.007A,1.634V,0.000A,1.618V,0.000A
2024-06-18 04:32:22.00,1.611V,0.000A,1.611V,0.002A,1.621V,0.000A,1.612V,0.000A,1.606V,0.000A,1.610V,0.000A,1.614V,0.000A,1.620V,0.000A
2024-06-18 04:32:23.00,1.622V,0.000A,1.625V,0.000A,1.614V,0.000A,1.611V,0.000A,1.620V,0.000A,1.616V,0.003A,1.626V,0.000A,1.616V,0.000A
2024-06-18 04:32:24.00,1.607V,0.000A,1.612V,0.002A,1.621V,0.000A,1.612V,0.000A,1.616V,0.000A,1.616V,0.002A,1.620V,0.000A,1.625V,0.000A
2024-06-18 04:32:25.00,1.623V,0.000A,1.622V,0.001A,1.623V,0.000A,1.632V,0.000A,1.624V,0.000A,1.620V,0.001A,1.612V,0.000A,1.612V,0.000A
2024-06-18 04:32:26.00,1.626V,0.000A,1.624V,0.004A,1.632V,0.000A,1.633V,0.000A,1.633V,0.000A,1.623V,0.004A,1.628V,0.000A,1.630V,0.000A
2024-06-18 04:32:27.00,1.628V,0.000A,1.613V,0.008A,1.614V,0.000A,1.624V,0.000A,1.628V,0.000A,1.611V,0.001A,1.628V,0.000A,1.629V,0.000A
2024-06-18 04:32:28.00,1.630V,0.000A,1.637V,0.001A,1.633V,0.000A,1.621V,0.000A,1.627V,0.000A,1.623V,0.002A,1.625V,0.000A,1.629V,0.000A
2024-06-18 04:32:29.00,1.625V,0.000A,1.629V,0.004A,1.631V,0.000A,1.627V,0.000A,1.627V,0.000A,1.627V,0.004A,1.612V,0.000A,1.623V,0.000A
2024-06-18 04:32:30.00,1.629V,0.000A,1.625V,0.004A,1.628V,0.000A,1.630V,0.000A,1.625V,0.000A,1.616V,0.004A,1.624V,0.000A,1.626V,0.000A
2024-06-18 04:32:31.00,1.628V,0.000A,1.629V,0.001A,1.634V,0.000A,1.630V,0.000A,1.635V,0.000A,1.629V,0.002A,1.629V,0.000A,1.624V,0.000A
2024-06-18 04:32:32.00,1.625V,0.000A,1.625V,0.001A,1.629V,0.000A,1.627V,0.000A,1.629V,0.000A,1.621V,0.002A,1.623V,0.000A,1.630V,0.000A
2024-06-18 04:32:33.00,1.627V,0.000A,1.628V,0.004A,1.628V,0.000A,1.620V,0.000A,1.629V,0.000A,1.630V,0.004A,1.629V,0.000A,1.631V,0.000A
2024-06-18 04:32:34.00,1.624V,0.000A,1.622V,0.001A,1.626V,0.000A,1.622V,0.000A,1.621V,0.000A,1.625V,0.004A,1.628V,0.000A,1.616V,0.000A
2024-06-18 04:32:35.00,1.625V,0.000A,1.628V,0.004A,1.627V,0.000A,1.631V,0.000A,1.632V,0.000A,1.628V,0.004A,1.634V,0.000A,1.630V,0.000A
2024-06-18 04:32:36.00,1.621V,0.000A,1.625V,0.003A,1.625V,0.000A,1.623V,0.000A,1.620V,0.000A,1.623V,0.002A,1.624V,0.000A,1.629V,0.000A
2024-06-18 04:32:37.00,1.630V,0.000A,1.627V,0.005A,1.624V,0.000A,1.629V,0.000A,1.631V,0.000A,1.629V,0.006A,1.618V,0.000A,1.630V,0.000A
2024-06-18 04:32:38.00,1.621V,0.000A,1.628V,0.004A,1.629V,0.000A,1.632V,0.000A,1.634V,0.000A,1.620V,0.004A,1.622V,0.000A,1.625V,0.000A
2024-06-18 04:32:39.00,1.622V,0.000A,1.623V,0.004A,1.631V,0.000A,1.625V,0.000A,1.627V,0.000A,1.623V,0.002A,1.628V,0.000A,1.625V,0.000A
2024-06-18 04:32:40.00,1.620V,0.000A,1.624V,0.004A,1.619V,0.000A,1.623V,0.000A,1.626V,0.000A,1.622V,0.003A,1.631V,0.000A,1.622V,0.000A
2024-06-18 04:32:41.00,1.626V,0.000A,1.629V,0.004A,1.633V,0.000A,1.630V,0.000A,1.635V,0.000A,1.625V,0.005A,1.629V,0.000A,1.629V,0.000A
2024-06-18 04:32:42.00,1.628V,0.000A,1.625V,0.004A,1.623V,0.000A,1.627V,0.000A,1.630V,0.000A,1.628V,0.002A,1.624V,0.000A,1.617V,0.000A
2024-06-18 04:32:43.00,1.626V,0.000A,1.629V,0.002A,1.631V,0.000A,1.633V,0.000A,1.633V,0.000A,1.628V,0.004A,1.624V,0.000A,1.624V,0.000A
2024-06-18 04:32:44.00,1.625V,0.000A,1.620V,0.001A,1.630V,0.000A,1.630V,0.000A,1.627V,0.000A,1.621V,0.003A,1.627V,0.000A,1.624V,0.000A
2024-06-18 04:32:45.00,1.633V,0.000A,1.628V,0.002A,1.633V,0.000A,1.628V,0.000A,1.631V,0.000A,1.626V,0.004A,1.630V,0.000A,1.628V,0.000A
2024-06-18 04:32:46.00,1.620V,0.000A,1.625V,0.003A,1.616V,0.000A,1.628V,0.000A,1.625V,0.000A,1.623V,0.003A,1.633V,0.000A,1.624V,0.000A
2024-06-18 04:32:47.00,1.632V,0.000A,1.628V,0.004A,1.627V,0.000A,1.621V,0.000A,1.629V,0.000A,1.626V,0.005A,1.630V,0.000A,1.635V,0.000A
2024-06-18 04:32:48.00,1.622V,0.000A,1.620V,0.003A,1.629V,0.000A,1.625V,0.000A,1.624V,0.000A,1.618V,0.003A,1.626V,0.000A,1.626V,0.000A
2024-06-18 04:32:49.00,1.627V,0.000A,1.621V,0.003A,1.627V,0.000A,1.625V,0.000A,1.628V,0.000A,1.623V,0.004A,1.628V,0.000A,1.625V,0.000A
2024-06-18 04:32:50.00,1.629V,0.000A,1.634V,0.000A,1.631V,0.000A,1.633V,0.000A,1.627V,0.000A,1.625V,0.005A,1.632V,0.000A,1.637V,0.000A
2024-06-18 04:32:51.00,1.626V,0.000A,1.623V,0.004A,1.622V,0.000A,1.622V,0.000A,1.628V,0.000A,1.626V,0.004A,1.627V,0.000A,1.622V,0.000A
2024-06-18 04:32:52.00,1.632V,0.000A,1.627V,0.005A,1.615V,0.000A,1.620V,0.000A,1.635V,0.000A,1.629V,0.001A,1.625V,0.000A,1.631V,0.000A
2024-06-18 04:32:53.00,1.622V,0.000A,1.632V,0.005A,1.624V,0.000A,1.624V,0.000A,1.623V,0.000A,1.625V,0.002A,1.620V,0.000A,1.623V,0.000A
2024-06-18 04:32:54.00,1.633V,0.000A,1.637V,0.004A,1.634V,0.000A,1.630V,0.000A,1.634V,0.000A,1.616V,0.004A,1.620V,0.000A,1.633V,0.000A
2024-06-18 04:32:55.00,1.617V,0.000A,1.637V,0.004A,1.633V,0.000A,1.625V,0.000A,1.616V,0.000A,1.616V,0.006A,1.629V,0.000A,1.629V,0.000A
2024-06-18 04:32:56.00,1.615V,0.000A,1.636V,0.004A,1.624V,0.000A,1.625V,0.000A,1.628V,0.000A,1.621V,0.004A,1.632V,0.000A,1.630V,0.000A
2024-06-18 04:32:57.00,1.617V,0.000A,1.627V,0.003A,1.633V,0.000A,1.641V,0.000A,1.621V,0.000A,1.612V,0.004A,1.620V,0.000A,1.620V,0.000A
2024-06-18 04:32:58.00,1.539V,0.000A,1.536V,0.008A,1.546V,0.135A,1.528V,0.043A,1.523V,0.024A,1.526V,0.000A,1.532V,0.000A,1.546V,0.015A
2024-06-18 04:32:59.00,1.535V,0.000A,1.553V,0.000A,1.545V,0.128A,1.521V,0.021A,1.565V,0.022A,1.522V,0.005A,1.546V,0.000A,1.556V,0.008A
2024-06-18 04:33:00.00,1.625V,0.000A,1.632V,0.004A,1.632V,0.000A,1.627V,0.000A,1.629V,0.000A,1.626V,0.000A,1.629V,0.000A,1.624V,0.000A
2024-06-18 04:33:01.00,1.551V,0.004A,1.525V,0.014A,1.523V,0.000A,1.552V,0.072A,1.521V,0.031A,1.533V,0.030A,1.525V,0.000A,1.518V,0.030A
2024-06-18 04:33:02.00,1.623V,0.000A,1.631V,0.004A,1.629V,0.000A,1.629V,0.000A,1.627V,0.000A,1.625V,0.005A,1.631V,0.000A,1.631V,0.000A
2024-06-18 04:33:03.00,1.616V,0.000A,1.616V,0.003A,1.621V,0.000A,1.636V,0.000A,1.620V,0.000A,1.604V,0.004A,1.612V,0.000A,1.610V,0.000A
2024-06-18 04:33:04.00,1.611V,0.000A,1.627V,0.001A,1.621V,0.000A,1.618V,0.000A,1.609V,0.000A,1.610V,0.013A,1.623V,0.000A,1.628V,0.000A
2024-06-18 04:33:05.00,1.634V,0.000A,1.622V,0.004A,1.618V,0.000A,1.624V,0.000A,1.641V,0.000A,1.636V,0.004A,1.629V,0.000A,1.621V,0.000A
2024-06-18 04:33:06.00,1.541V,0.019A,1.533V,0.068A,1.527V,0.000A,1.529V,0.000A,1.528V,0.000A,1.556V,0.043A,1.574V,0.105A,1.516V,0.000A
2024-06-18 04:33:07.00,1.620V,0.000A,1.637V,0.008A,1.629V,0.000A,1.637V,0.000A,1.623V,0.000A,1.627V,0.005A,1.631V,0.000A,1.633V,0.000A
2024-06-18 04:33:08.00,1.634V,0.000A,1.637V,0.003A,1.630V,0.000A,1.633V,0.000A,1.639V,0.000A,1.637V,0.006A,1.638V,0.000A,1.639V,0.000A
2024-06-18 04:33:09.00,1.641V,0.000A,1.609V,0.005A,1.612V,0.000A,1.604V,0.000A,1.640V,0.000A,1.625V,0.005A,1.625V,0.000A,1.610V,0.000A
2024-06-18 04:33:10.00,1.609V,0.000A,1.618V,0.003A,1.614V,0.000A,1.611V,0.000A,1.609V,0.000A,1.610V,0.006A,1.615V,0.000A,1.616V,0.000A
2024-06-18 04:33:11.00,1.623V,0.000A,1.609V,0.006A,1.611V,0.000A,1.621V,0.000A,1.635V,0.000A,1.629V,0.007A,1.636V,0.000A,1.613V,0.000A
2024-06-18 04:33:12.00,1.604V,0.000A,1.637V,0.001A,1.639V,0.000A,1.625V,0.000A,1.616V,0.000A,1.618V,0.001A,1.627V,0.000A,1.624V,0.000A
2024-06-18 04:33:13.00,1.535V,0.000A,1.614V,0.006A,1.630V,0.079A,1.612V,0.000A,1.591V,0.000A,1.595V,0.000A,1.602V,0.000A,1.620V,0.000A
2024-06-18 04:33:14.00,1.584V,0.000A,1.598V,0.000A,1.616V,0.014A,1.609V,0.000A,1.588V,0.000A,1.596V,0.004A,1.592V,0.000A,1.595V,0.000A
2024-06-18 04:33:15.00,1.594V,0.003A,1.558V,0.036A,1.541V,0.000A,1.552V,0.000A,1.606V,0.000A,1.581V,0.000A,1.565V,0.075A,1.562V,0.000A
2024-06-18 04:33:16.00,1.623V,0.000A,1.616V,0.006A,1.629V,0.000A,1.631V,0.000A,1.641V,0.000A,1.632V,0.007A,1.618V,0.000A,1.604V,0.000A
2024-06-18 04:33:17.00,1.467V,0.000A,1.443V,0.022A,1.550V,0.451A,1.546V,0.058A,1.455V,0.000A,1.442V,0.000A,1.476V,0.000A,1.472V,0.000A
2024-06-18 04:33:18.00,1.562V,0.000A,1.596V,0.000A,1.604V,0.000A,1.557V,0.131A,1.571V,0.007A,1.575V,0.008A,1.591V,0.000A,1.600V,0.004A
2024-06-18 04:33:19.00,1.576V,0.000A,1.535V,0.009A,1.546V,0.008A,1.571V,0.040A,1.573V,0.033A,1.553V,0.005A,1.542V,0.000A,1.544V,0.020A
2024-06-18 04:33:20.00,1.625V,0.000A,1.625V,0.006A,1.609V,0.000A,1.611V,0.000A,1.623V,0.000A,1.630V,0.000A,1.640V,0.000A,1.633V,0.000A
2024-06-18 04:33:21.00,1.622V,0.000A,1.614V,0.006A,1.604V,0.000A,1.604V,0.000A,1.625V,0.000A,1.629V,0.001A,1.637V,0.000A,1.631V,0.000A
2024-06-18 04:33:22.00,1.616V,0.000A,1.607V,0.002A,1.617V,0.000A,1.632V,0.000A,1.604V,0.000A,1.620V,0.000A,1.638V,0.000A,1.622V,0.000A
2024-06-18 04:33:23.00,1.630V,0.000A,1.629V,0.000A,1.639V,0.000A,1.643V,0.000A,1.642V,0.000A,1.619V,0.008A,1.600V,0.000A,1.621V,0.000A
2024-06-18 04:33:24.00,1.637V,0.000A,1.631V,0.000A,1.640V,0.000A,1.639V,0.000A,1.627V,0.000A,1.600V,0.009A,1.629V,0.000A,1.628V,0.000A
2024-06-18 04:33:25.00,1.616V,0.000A,1.611V,0.000A,1.615V,0.000A,1.620V,0.000A,1.619V,0.000A,1.603V,0.003A,1.592V,0.000A,1.604V,0.000A
2024-06-18 04:33:26.00,1.538V,0.000A,1.642V,0.003A,1.634V,0.031A,1.608V,0.000A,1.550V,0.015A,1.554V,0.000A,1.647V,0.000A,1.633V,0.000A
2024-06-18 04:33:27.00,1.616V,0.000A,1.615V,0.000A,1.596V,0.000A,1.594V,0.000A,1.593V,0.000A,1.589V,0.000A,1.604V,0.000A,1.611V,0.000A
2024-06-18 04:33:28.00,1.614V,0.000A,1.605V,0.003A,1.607V,0.000A,1.598V,0.000A,1.620V,0.000A,1.624V,0.004A,1.618V,0.000A,1.596V,0.000A
2024-06-18 04:33:29.00,1.450V,0.000A,1.551V,0.004A,1.558V,0.000A,1.619V,0.000A,1.456V,0.000A,1.556V,0.000A,1.588V,0.000A,1.568V,0.026A
2024-06-18 04:33:30.00,1.548V,0.000A,1.568V,0.009A,1.566V,0.178A,1.523V,0.031A,1.531V,0.025A,1.542V,0.014A,1.548V,0.000A,1.561V,0.000A
2024-06-18 04:33:31.00,1.522V,0.000A,1.523V,0.008A,1.550V,0.319A,1.542V,0.000A,1.541V,0.000A,1.525V,0.003A,1.539V,0.000A,1.506V,0.000A
2024-06-18 04:33:32.00,1.615V,0.000A,1.601V,0.006A,1.607V,0.000A,1.626V,0.000A,1.595V,0.000A,1.605V,0.000A,1.631V,0.000A,1.616V,0.000A
2024-06-18 04:33:33.00,1.615V,0.000A,1.640V,0.006A,1.623V,0.000A,1.603V,0.000A,1.633V,0.000A,1.612V,0.004A,1.601V,0.000A,1.634V,0.000A
2024-06-18 04:33:34.00,1.600V,0.000A,1.641V,0.000A,1.607V,0.000A,1.600V,0.000A,1.633V,0.000A,1.616V,0.004A,1.600V,0.000A,1.612V,0.000A
2024-06-18 04:33:35.00,1.640V,0.000A,1.612V,0.004A,1.604V,0.000A,1.630V,0.000A,1.635V,0.000A,1.610V,0.005A,1.629V,0.000A,1.638V,0.000A
2024-06-18 04:33:36.00,1.636V,0.000A,1.612V,0.005A,1.602V,0.000A,1.623V,0.000A,1.618V,0.000A,1.590V,0.003A,1.606V,0.000A,1.620V,0.000A
2024-06-18 04:33:37.00,1.601V,0.000A,1.631V,0.002A,1.609V,0.000A,1.606V,0.000A,1.621V,0.000A,1.626V,0.005A,1.605V,0.000A,1.604V,0.000A
2024-06-18 04:33:38.00,1.600V,0.000A,1.625V,0.004A,1.606V,0.000A,1.604V,0.000A,1.633V,0.000A,1.610V,0.002A,1.592V,0.000A,1.620V,0.000A
2024-06-18 04:33:39.00,1.616V,0.000A,1.644V,0.000A,1.638V,0.000A,1.614V,0.000A,1.608V,0.000A,1.641V,0.000A,1.621V,0.000A,1.607V,0.000A
2024-06-18 04:33:40.00,1.601V,0.000A,1.613V,0.000A,1.634V,0.000A,1.618V,0.000A,1.629V,0.000A,1.630V,0.008A,1.607V,0.000A,1.600V,0.000A
2024-06-18 04:33:41.00,1.550V,0.050A,1.534V,0.156A,1.518V,0.000A,1.524V,0.000A,1.520V,0.000A,1.544V,0.136A,1.560V,0.041A,1.538V,0.000A
2024-06-18 04:33:42.00,1.633V,0.000A,1.623V,0.010A,1.597V,0.000A,1.615V,0.000A,1.607V,0.000A,1.610V,0.001A,1.628V,0.000A,1.637V,0.000A
2024-06-18 04:33:43.00,1.616V,0.000A,1.619V,0.002A,1.607V,0.000A,1.583V,0.000A,1.602V,0.000A,1.589V,0.040A,1.601V,0.000A,1.607V,0.000A
2024-06-18 04:33:44.00,1.622V,0.000A,1.616V,0.005A,1.595V,0.000A,1.619V,0.000A,1.632V,0.000A,1.606V,0.006A,1.605V,0.000A,1.629V,0.000A
2024-06-18 04:33:45.00,1.642V,0.000A,1.645V,0.014A,1.618V,0.000A,1.641V,0.000A,1.662V,0.000A,1.625V,0.014A,1.620V,0.000A,1.659V,0.000A
2024-06-18 04:33:46.00,1.567V,0.000A,1.608V,0.015A,1.570V,0.004A,1.566V,0.000A,1.574V,0.000A,1.590V,0.045A,1.552V,0.031A,1.558V,0.000A
2024-06-18 04:33:47.00,1.591V,0.000A,1.588V,0.033A,1.597V,0.000A,1.625V,0.000A,1.574V,0.000A,1.587V,0.049A,1.613V,0.000A,1.599V,0.000A
2024-06-18 04:33:48.00,1.558V,0.025A,1.578V,0.013A,1.546V,0.000A,1.607V,0.000A,1.618V,0.000A,1.606V,0.008A,1.612V,0.038A,1.568V,0.000A
2024-06-18 04:33:49.00,1.583V,0.041A,1.527V,0.002A,1.481V,0.000A,1.467V,0.000A,1.532V,0.000A,1.547V,0.002A,1.550V,0.066A,1.567V,0.000A
2024-06-18 04:33:50.00,1.526V,0.036A,1.521V,0.089A,1.534V,0.000A,1.549V,0.000A,1.515V,0.000A,1.545V,0.093A,1.530V,0.042A,1.545V,0.000A
2024-06-18 04:33:51.00,1.647V,0.000A,1.615V,0.000A,1.629V,0.000A,1.605V,0.000A,1.613V,0.000A,1.612V,0.000A,1.630V,0.000A,1.605V,0.000A
2024-06-18 04:33:52.00,1.645V,0.000A,1.613V,0.000A,1.633V,0.000A,1.612V,0.000A,1.614V,0.000A,1.613V,0.000A,1.637V,0.000A,1.610V,0.000A
2024-06-18 04:33:53.00,1.609V,0.000A,1.626V,0.010A,1.601V,0.000A,1.640V,0.000A,1.632V,0.000A,1.627V,0.009A,1.611V,0.000A,1.637V,0.000A
2024-06-18 04:33:54.00,1.533V,0.001A,1.482V,0.265A,1.509V,0.000A,1.479V,0.000A,1.493V,0.000A,1.455V,0.302A,1.520V,0.003A,1.491V,0.000A
2024-06-18 04:33:55.00,1.513V,0.000A,1.551V,0.290A,1.475V,0.000A,1.477V,0.000A,1.494V,0.000A,1.503V,0.353A,1.485V,0.000A,1.497V,0.000A
2024-06-18 04:33:56.00,1.505V,0.004A,1.477V,0.260A,1.502V,0.000A,1.504V,0.000A,1.474V,0.000A,1.529V,0.224A,1.513V,0.002A,1.491V,0.000A
2024-06-18 04:33:57.00,1.641V,0.000A,1.609V,0.000A,1.642V,0.000A,1.616V,0.000A,1.614V,0.000A,1.608V,0.000A,1.641V,0.000A,1.612V,0.000A
2024-06-18 04:33:58.00,1.616V,0.000A,1.625V,0.004A,1.602V,0.000A,1.620V,0.000A,1.619V,0.000A,1.629V,0.006A,1.610V,0.000A,1.624V,0.000A
2024-06-18 04:33:59.00,1.631V,0.000A,1.601V,0.001A,1.634V,0.000A,1.628V,0.000A,1.626V,0.000A,1.600V,0.000A,1.645V,0.000A,1.621V,0.000A
2024-06-18 04:34:00.00,1.516V,0.035A,1.513V,0.141A,1.496V,0.000A,1.547V,0.000A,1.555V,0.000A,1.517V,0.182A,1.484V,0.079A,1.555V,0.000A
2024-06-18 04:34:01.00,1.610V,0.000A,1.620V,0.009A,1.595V,0.000A,1.652V,0.000A,1.633V,0.000A,1.620V,0.008A,1.602V,0.000A,1.642V,0.000A
2024-06-18 04:34:02.00,1.611V,0.000A,1.620V,0.000A,1.612V,0.000A,1.594V,0.000A,1.620V,0.000A,1.592V,0.000A,1.652V,0.000A,1.608V,0.000A
2024-06-18 04:34:03.00,1.467V,0.000A,1.438V,0.348A,1.495V,0.000A,1.462V,0.000A,1.443V,0.000A,1.503V,0.374A,1.481V,0.000A,1.451V,0.000A
2024-06-18 04:34:04.00,1.616V,0.000A,1.615V,0.002A,1.638V,0.000A,1.619V,0.000A,1.634V,0.000A,1.610V,0.009A,1.599V,0.000A,1.633V,0.000A
2024-06-18 04:34:05.00,1.611V,0.000A,1.582V,0.001A,1.637V,0.000A,1.602V,0.000A,1.658V,0.000A,1.612V,0.005A,1.624V,0.000A,1.607V,0.000A
2024-06-18 04:34:06.00,1.543V,0.032A,1.541V,0.013A,1.503V,0.000A,1.571V,0.000A,1.513V,0.000A,1.595V,0.159A,1.533V,0.034A,1.533V,0.000A
2024-06-18 04:34:07.00,1.617V,0.000A,1.626V,0.011A,1.577V,0.000A,1.622V,0.000A,1.612V,0.000A,1.589V,0.000A,1.616V,0.000A,1.590V,0.000A
2024-06-18 04:34:08.00,1.617V,0.000A,1.594V,0.000A,1.656V,0.000A,1.620V,0.000A,1.596V,0.000A,1.624V,0.011A,1.589V,0.000A,1.629V,0.000A
2024-06-18 04:34:09.00,1.654V,0.000A,1.629V,0.010A,1.587V,0.000A,1.642V,0.000A,1.620V,0.000A,1.638V,0.000A,1.621V,0.000A,1.601V,0.000A
2024-06-18 04:34:10.00,1.620V,0.000A,1.613V,0.009A,1.604V,0.000A,1.605V,0.000A,1.620V,0.000A,1.623V,0.000A,1.611V,0.000A,1.622V,0.000A
2024-06-18 04:34:11.00,1.611V,0.000A,1.614V,0.000A,1.658V,0.000A,1.624V,0.000A,1.608V,0.000A,1.619V,0.017A,1.587V,0.000A,1.644V,0.000A
2024-06-18 04:34:12.00,1.592V,0.000A,1.591V,0.022A,1.540V,0.000A,1.549V,0.000A,1.620V,0.000A,1.583V,0.037A,1.596V,0.043A,1.565V,0.000A
2024-06-18 04:34:13.00,1.609V,0.000A,1.600V,0.000A,1.636V,0.000A,1.608V,0.000A,1.658V,0.000A,1.614V,0.002A,1.633V,0.000A,1.611V,0.000A
2024-06-18 04:34:14.00,1.504V,0.120A,1.492V,0.082A,1.536V,0.000A,1.511V,0.000A,1.537V,0.000A,1.493V,0.181A,1.496V,0.013A,1.548V,0.000A
2024-06-18 04:34:15.00,1.585V,0.024A,1.621V,0.006A,1.591V,0.000A,1.583V,0.000A,1.567V,0.000A,1.614V,0.027A,1.587V,0.000A,1.578V,0.000A
2024-06-18 04:34:16.00,1.621V,0.000A,1.608V,0.000A,1.614V,0.000A,1.578V,0.000A,1.659V,0.000A,1.622V,0.000A,1.645V,0.000A,1.612V,0.000A
2024-06-18 04:34:17.00,1.575V,0.000A,1.616V,0.013A,1.574V,0.000A,1.662V,0.000A,1.599V,0.000A,1.563V,0.016A,1.625V,0.004A,1.558V,0.000A
2024-06-18 04:34:18.00,1.525V,0.017A,1.515V,0.021A,1.594V,0.000A,1.550V,0.000A,1.562V,0.000A,1.546V,0.129A,1.515V,0.016A,1.570V,0.000A
2024-06-18 04:34:19.00,1.602V,0.000A,1.616V,0.008A,1.581V,0.000A,1.638V,0.000A,1.617V,0.000A,1.600V,0.000A,1.617V,0.000A,1.584V,0.000A
2024-06-18 04:34:20.00,1.651V,0.000A,1.615V,0.000A,1.661V,0.000A,1.607V,0.000A,1.605V,0.000A,1.654V,0.000A,1.616V,0.000A,1.654V,0.000A
2024-06-18 04:34:21.00,1.623V,0.000A,1.604V,0.022A,1.586V,0.000A,1.616V,0.000A,1.581V,0.000A,1.645V,0.006A,1.604V,0.000A,1.635V,0.000A
2024-06-18 04:34:22.00,1.620V,0.000A,1.628V,0.000A,1.609V,0.000A,1.591V,0.000A,1.656V,0.000A,1.617V,0.002A,1.647V,0.000A,1.619V,0.000A
2024-06-18 04:34:23.00,1.607V,0.000A,1.629V,0.000A,1.613V,0.000A,1.628V,0.000A,1.593V,0.000A,1.607V,0.004A,1.629V,0.000A,1.612V,0.000A
2024-06-18 04:34:24.00,1.583V,0.000A,1.611V,0.004A,1.639V,0.000A,1.624V,0.000A,1.613V,0.000A,1.582V,0.000A,1.598V,0.000A,1.616V,0.000A
2024-06-18 04:34:25.00,1.633V,0.000A,1.583V,0.000A,1.626V,0.000A,1.576V,0.000A,1.583V,0.000A,1.621V,0.062A,1.585V,0.000A,1.623V,0.000A
2024-06-18 04:34:26.00,1.494V,0.003A,1.556V,0.083A,1.518V,0.000A,1.555V,0.000A,1.553V,0.000A,1.488V,0.186A,1.529V,0.050A,1.509V,0.000A
2024-06-18 04:34:27.00,1.623V,0.000A,1.616V,0.001A,1.624V,0.000A,1.607V,0.000A,1.619V,0.000A,1.646V,0.000A,1.613V,0.000A,1.639V,0.000A
2024-06-18 04:34:28.00,1.486V,0.000A,1.509V,0.261A,1.471V,0.000A,1.478V,0.000A,1.519V,0.000A,1.512V,0.286A,1.522V,0.000A,1.480V,0.000A
2024-06-18 04:34:29.00,1.556V,0.001A,1.546V,0.003A,1.598V,0.000A,1.556V,0.000A,1.570V,0.000A,1.582V,0.007A,1.588V,0.048A,1.585V,0.000A
2024-06-18 04:34:30.00,1.620V,0.000A,1.652V,0.000A,1.613V,0.000A,1.656V,0.000A,1.567V,0.000A,1.593V,0.006A,1.632V,0.000A,1.620V,0.000A
2024-06-18 04:34:31.00,1.573V,0.014A,1.546V,0.190A,1.512V,0.000A,1.543V,0.000A,1.598V,0.000A,1.527V,0.017A,1.590V,0.000A,1.507V,0.000A
2024-06-18 04:34:32.00,1.509V,0.000A,1.572V,0.106A,1.537V,0.000A,1.557V,0.000A,1.525V,0.000A,1.537V,0.214A,1.554V,0.000A,1.533V,0.000A
2024-06-18 04:34:33.00,1.564V,0.000A,1.604V,0.000A,1.610V,0.000A,1.557V,0.000A,1.593V,0.000A,1.575V,0.033A,1.583V,0.020A,1.629V,0.000A
2024-06-18 04:34:34.00,1.595V,0.001A,1.601V,0.000A,1.658V,0.000A,1.573V,0.000A,1.648V,0.000A,1.598V,0.000A,1.616V,0.007A,1.575V,0.000A
2024-06-18 04:34:35.00,1.578V,0.000A,1.620V,0.000A,1.656V,0.000A,1.589V,0.000A,1.612V,0.000A,1.595V,0.000A,1.612V,0.000A,1.664V,0.000A
2024-06-18 04:34:36.00,1.652V,0.000A,1.655V,0.007A,1.564V,0.000A,1.602V,0.000A,1.579V,0.000A,1.603V,0.008A,1.639V,0.000A,1.631V,0.000A
2024-06-18 04:34:37.00,1.600V,0.000A,1.635V,0.000A,1.665V,0.000A,1.590V,0.000A,1.632V,0.000A,1.576V,0.000A,1.607V,0.000A,1.649V,0.000A
2024-06-18 04:34:38.00,1.605V,0.000A,1.650V,0.000A,1.626V,0.000A,1.650V,0.000A,1.631V,0.000A,1.655V,0.002A,1.574V,0.000A,1.600V,0.000A
2024-06-18 04:34:39.00,1.645V,0.000A,1.662V,0.000A,1.600V,0.000A,1.645V,0.000A,1.572V,0.000A,1.602V,0.015A,1.611V,0.000A,1.617V,0.000A
2024-06-18 04:34:40.00,1.616V,0.000A,1.641V,0.000A,1.646V,0.000A,1.661V,0.000A,1.627V,0.000A,1.659V,0.001A,1.583V,0.000A,1.604V,0.000A
2024-06-18 04:34:41.00,1.591V,0.000A,1.584V,0.000A,1.625V,0.000A,1.656V,0.000A,1.614V,0.000A,1.641V,0.000A,1.632V,0.000A,1.631V,0.000A
2024-06-18 04:34:42.00,1.561V,0.000A,1.578V,0.000A,1.607V,0.000A,1.582V,0.000A,1.594V,0.000A,1.641V,0.000A,1.606V,0.000A,1.639V,0.000A
2024-06-18 04:34:43.00,1.620V,0.000A,1.655V,0.008A,1.583V,0.000A,1.616V,0.000A,1.557V,0.000A,1.598V,0.051A,1.598V,0.000A,1.607V,0.000A
2024-06-18 04:34:44.00,1.614V,0.000A,1.654V,0.000A,1.612V,0.000A,1.617V,0.000A,1.628V,0.000A,1.655V,0.002A,1.565V,0.000A,1.596V,0.000A
2024-06-18 04:34:45.00,1.651V,0.000A,1.650V,0.000A,1.627V,0.000A,1.641V,0.000A,1.629V,0.000A,1.645V,0.006A,1.564V,0.000A,1.599V,0.000A
2024-06-18 04:34:46.00,1.668V,0.000A,1.629V,0.000A,1.619V,0.000A,1.666V,0.000A,1.623V,0.000A,1.643V,0.013A,1.564V,0.000A,1.606V,0.000A
2024-06-18 04:34:47.00,1.635V,0.000A,1.583V,0.000A,1.606V,0.000A,1.626V,0.000A,1.637V,0.000A,1.568V,0.000A,1.605V,0.000A,1.661V,0.000A
2024-06-18 04:34:48.00,1.609V,0.000A,1.609V,0.001A,1.662V,0.000A,1.625V,0.000A,1.666V,0.000A,1.623V,0.000A,1.639V,0.000A,1.571V,0.000A
2024-06-18 04:34:49.00,1.627V,0.000A,1.611V,0.000A,1.627V,0.000A,1.583V,0.000A,1.653V,0.000A,1.568V,0.000A,1.606V,0.000A,1.666V,0.000A
2024-06-18 04:34:50.00,1.578V,0.000A,1.671V,0.000A,1.580V,0.000A,1.602V,0.000A,1.604V,0.000A,1.666V,0.000A,1.579V,0.000A,1.600V,0.000A
2024-06-18 04:34:51.00,1.600V,0.000A,1.588V,0.000A,1.598V,0.000A,1.676V,0.000A,1.663V,0.000A,1.600V,0.000A,1.596V,0.000A,1.661V,0.000A
2024-06-18 04:34:52.00,1.666V,0.000A,1.669V,0.000A,1.619V,0.000A,1.641V,0.000A,1.603V,0.000A,1.624V,0.024A,1.584V,0.000A,1.609V,0.000A
2024-06-18 04:34:53.00,1.659V,0.000A,1.661V,0.000A,1.625V,0.000A,1.625V,0.000A,1.628V,0.000A,1.629V,0.020A,1.578V,0.000A,1.612V,0.000A
2024-06-18 04:34:54.00,1.580V,0.000A,1.596V,0.000A,1.631V,0.000A,1.578V,0.000A,1.608V,0.000A,1.627V,0.000A,1.629V,0.000A,1.667V,0.000A
2024-06-18 04:34:55.00,1.655V,0.000A,1.645V,0.000A,1.616V,0.000A,1.652V,0.000A,1.587V,0.000A,1.606V,0.023A,1.562V,0.000A,1.593V,0.000A
2024-06-18 04:34:56.00,1.621V,0.000A,1.663V,0.004A,1.557V,0.000A,1.594V,0.000A,1.629V,0.000A,1.635V,0.026A,1.579V,0.000A,1.628V,0.000A
2024-06-18 04:34:57.00,1.664V,0.000A,1.609V,0.014A,1.609V,0.000A,1.570V,0.000A,1.571V,0.000A,1.604V,0.000A,1.669V,0.000A,1.597V,0.000A
2024-06-18 04:34:58.00,1.578V,0.000A,1.562V,0.000A,1.587V,0.000A,1.647V,0.000A,1.592V,0.000A,1.609V,0.000A,1.620V,0.000A,1.641V,0.000A
2024-06-18 04:34:59.00,1.610V,0.000A,1.570V,0.000A,1.604V,0.000A,1.617V,0.000A,1.600V,0.000A,1.589V,0.000A,1.606V,0.000A,1.606V,0.000A
2024-06-18 04:35:00.00,1.588V,0.000A,1.649V,0.000A,1.559V,0.000A,1.600V,0.000A,1.660V,0.000A,1.551V,0.000A,1.616V,0.000A,1.605V,0.000A
2024-06-18 04:35:01.00,1.669V,0.000A,1.593V,0.000A,1.662V,0.000A,1.578V,0.000A,1.604V,0.000A,1.598V,0.004A,1.670V,0.000A,1.575V,0.000A
2024-06-18 04:35:02.00,1.655V,0.000A,1.599V,0.014A,1.587V,0.000A,1.609V,0.000A,1.575V,0.000A,1.591V,0.001A,1.660V,0.000A,1.586V,0.000A
2024-06-18 04:35:03.00,1.582V,0.000A,1.540V,0.000A,1.596V,0.000A,1.633V,0.000A,1.648V,0.000A,1.543V,0.000A,1.583V,0.000A,1.636V,0.000A
2024-06-18 04:35:04.00,1.578V,0.000A,1.574V,0.000A,1.603V,0.000A,1.653V,0.000A,1.588V,0.000A,1.630V,0.000A,1.613V,0.000A,1.610V,0.000A
2024-06-18 04:35:05.00,1.608V,0.000A,1.554V,0.000A,1.585V,0.000A,1.658V,0.000A,1.626V,0.000A,1.587V,0.000A,1.579V,0.000A,1.651V,0.000A
2024-06-18 04:35:06.00,1.556V,0.000A,1.584V,0.000A,1.652V,0.000A,1.545V,0.000A,1.612V,0.000A,1.628V,0.027A,1.599V,0.000A,1.599V,0.000A
2024-06-18 04:35:07.00,1.578V,0.107A,1.523V,0.039A,1.491V,0.000A,1.637V,0.000A,1.471V,0.000A,1.517V,0.057A,1.525V,0.044A,1.538V,0.000A
2024-06-18 04:35:08.00,1.618V,0.000A,1.383V,0.116A,1.513V,0.000A,1.543V,0.000A,1.519V,0.000A,1.576V,0.117A,1.538V,0.001A,1.612V,0.000A
2024-06-18 04:35:09.00,1.527V,0.000A,1.530V,0.007A,1.566V,0.000A,1.577V,0.000A,1.575V,0.000A,1.476V,0.132A,1.539V,0.000A,1.562V,0.000A
2024-06-18 04:35:10.00,1.571V,0.000A,1.635V,0.004A,1.537V,0.000A,1.603V,0.000A,1.567V,0.000A,1.635V,0.023A,1.548V,0.000A,1.572V,0.000A
2024-06-18 04:35:11.00,1.618V,0.000A,1.591V,0.000A,1.654V,0.000A,1.550V,0.000A,1.596V,0.000A,1.645V,0.000A,1.548V,0.000A,1.613V,0.000A
2024-06-18 04:35:12.00,1.609V,0.000A,1.614V,0.014A,1.637V,0.000A,1.563V,0.000A,1.593V,0.000A,1.647V,0.000A,1.554V,0.000A,1.608V,0.000A
2024-06-18 04:35:13.00,1.637V,0.000A,1.616V,0.000A,1.621V,0.000A,1.575V,0.000A,1.536V,0.000A,1.596V,0.000A,1.639V,0.000A,1.567V,0.000A
2024-06-18 04:35:14.00,1.625V,0.000A,1.611V,0.000A,1.560V,0.000A,1.597V,0.000A,1.605V,0.000A,1.572V,0.000A,1.585V,0.000A,1.629V,0.000A
2024-06-18 04:35:15.00,1.583V,0.000A,1.645V,0.002A,1.558V,0.000A,1.618V,0.000A,1.647V,0.000A,1.571V,0.000A,1.608V,0.000A,1.582V,0.000A
2024-06-18 04:35:16.00,1.525V,0.000A,1.576V,0.000A,1.589V,0.000A,1.574V,0.000A,1.586V,0.000A,1.570V,0.078A,1.625V,0.000A,1.517V,0.000A
2024-06-18 04:35:17.00,1.591V,0.000A,1.589V,0.000A,1.643V,0.000A,1.593V,0.000A,1.617V,0.000A,1.647V,0.000A,1.554V,0.000A,1.608V,0.000A
2024-06-18 04:35:18.00,1.546V,0.000A,1.521V,0.024A,1.535V,0.000A,1.588V,0.000A,1.549V,0.000A,1.562V,0.000A,1.549V,0.149A,1.525V,0.000A
2024-06-18 04:35:19.00,1.550V,0.060A,1.556V,0.030A,1.546V,0.000A,1.551V,0.000A,1.527V,0.000A,1.592V,0.083A,1.520V,0.000A,1.560V,0.000A
2024-06-18 04:35:20.00,1.633V,0.000A,1.650V,0.000A,1.554V,0.000A,1.598V,0.000A,1.616V,0.000A,1.563V,0.000A,1.599V,0.000A,1.603V,0.000A
2024-06-18 04:35:21.00,1.554V,0.000A,1.622V,0.000A,1.541V,0.000A,1.572V,0.000A,1.635V,0.000A,1.532V,0.000A,1.606V,0.000A,1.586V,0.000A
2024-06-18 04:35:22.00,1.573V,0.000A,1.551V,0.045A,1.521V,0.000A,1.592V,0.000A,1.526V,0.000A,1.515V,0.118A,1.587V,0.000A,1.500V,0.000A
2024-06-18 04:35:23.00,1.544V,0.000A,1.542V,0.037A,1.590V,0.000A,1.514V,0.000A,1.529V,0.000A,1.600V,0.157A,1.558V,0.000A,1.531V,0.000A
2024-06-18 04:35:24.00,1.551V,0.098A,1.498V,0.000A,1.539V,0.000A,1.495V,0.000A,1.471V,0.000A,1.550V,0.318A,1.500V,0.000A,1.561V,0.000A
2024-06-18 04:35:25.00,1.546V,0.000A,1.611V,0.017A,1.631V,0.000A,1.565V,0.000A,1.604V,0.000A,1.633V,0.004A,1.545V,0.000A,1.605V,0.000A
2024-06-18 04:35:26.00,1.633V,0.000A,1.539V,0.000A,1.603V,0.000A,1.591V,0.000A,1.581V,0.000A,1.605V,0.000A,1.591V,0.000A,1.635V,0.000A
2024-06-18 04:35:27.00,1.616V,0.000A,1.648V,0.000A,1.567V,0.000A,1.587V,0.000A,1.616V,0.000A,1.619V,0.000A,1.589V,0.000A,1.579V,0.000A
2024-06-18 04:35:28.00,1.590V,0.000A,1.625V,0.000A,1.543V,0.000A,1.563V,0.000A,1.650V,0.000A,1.539V,0.000A,1.601V,0.000A,1.591V,0.000A
2024-06-18 04:35:29.00,1.560V,0.008A,1.567V,0.000A,1.572V,0.000A,1.550V,0.000A,1.585V,0.000A,1.504V,0.050A,1.550V,0.000A,1.579V,0.000A
2024-06-18 04:35:30.00,1.536V,0.006A,1.533V,0.220A,1.523V,0.000A,1.504V,0.000A,1.473V,0.000A,1.563V,0.081A,1.461V,0.043A,1.504V,0.000A
2024-06-18 04:35:31.00,1.554V,0.027A,1.535V,0.045A,1.502V,0.000A,1.525V,0.000A,1.445V,0.000A,1.509V,0.040A,1.538V,0.056A,1.461V,0.000A
2024-06-18 04:35:32.00,1.583V,0.000A,1.638V,0.000A,1.534V,0.000A,1.602V,0.000A,1.634V,0.000A,1.531V,0.000A,1.605V,0.000A,1.571V,0.000A
2024-06-18 04:35:33.00,1.607V,0.000A,1.608V,0.014A,1.624V,0.000A,1.575V,0.000A,1.583V,0.000A,1.637V,0.000A,1.532V,0.000A,1.598V,0.000A
2024-06-18 04:35:34.00,1.591V,0.000A,1.592V,0.000A,1.591V,0.000A,1.645V,0.000A,1.580V,0.000A,1.629V,0.001A,1.571V,0.000A,1.569V,0.000A
2024-06-18 04:35:35.00,1.554V,0.000A,1.620V,0.000A,1.585V,0.000A,1.656V,0.000A,1.609V,0.000A,1.595V,0.006A,1.656V,0.000A,1.545V,0.000A
2024-06-18 04:35:36.00,1.590V,0.000A,1.601V,0.000A,1.609V,0.000A,1.650V,0.000A,1.587V,0.000A,1.620V,0.026A,1.631V,0.000A,1.550V,0.000A
2024-06-18 04:35:37.00,1.612V,0.000A,1.596V,0.000A,1.613V,0.000A,1.646V,0.000A,1.585V,0.000A,1.636V,0.012A,1.579V,0.000A,1.594V,0.000A
2024-06-18 04:35:38.00,1.546V,0.000A,1.605V,0.000A,1.580V,0.000A,1.645V,0.000A,1.617V,0.000A,1.585V,0.000A,1.647V,0.000A,1.564V,0.000A
2024-06-18 04:35:39.00,1.582V,0.000A,1.596V,0.000A,1.596V,0.000A,1.591V,0.000A,1.593V,0.000A,1.610V,0.005A,1.658V,0.000A,1.570V,0.000A
2024-06-18 04:35:40.00,1.557V,0.000A,1.598V,0.000A,1.582V,0.000A,1.626V,0.000A,1.607V,0.000A,1.578V,0.000A,1.642V,0.000A,1.564V,0.000A
2024-06-18 04:35:41.00,1.558V,0.000A,1.587V,0.000A,1.595V,0.000A,1.615V,0.000A,1.609V,0.000A,1.589V,0.003A,1.652V,0.000A,1.566V,0.000A
2024-06-18 04:35:42.00,1.641V,0.000A,1.609V,0.003A,1.650V,0.000A,1.589V,0.000A,1.613V,0.000A,1.551V,0.000A,1.612V,0.000A,1.583V,0.000A
2024-06-18 04:35:43.00,1.575V,0.000A,1.557V,0.000A,1.602V,0.000A,1.583V,0.000A,1.599V,0.000A,1.596V,0.003A,1.647V,0.000A,1.591V,0.000A
2024-06-18 04:35:44.00,1.600V,0.000A,1.612V,0.000A,1.578V,0.000A,1.637V,0.000A,1.583V,0.000A,1.640V,0.020A,1.609V,0.000A,1.550V,0.000A
2024-06-18 04:35:45.00,1.550V,0.000A,1.544V,0.000A,1.615V,0.000A,1.587V,0.000A,1.602V,0.000A,1.590V,0.000A,1.604V,0.000A,1.645V,0.000A
2024-06-18 04:35:46.00,1.614V,0.000A,1.575V,0.000A,1.600V,0.000A,1.593V,0.000A,1.583V,0.000A,1.613V,0.011A,1.649V,0.000A,1.558V,0.000A
2024-06-18 04:35:47.00,1.650V,0.000A,1.642V,0.002A,1.558V,0.000A,1.606V,0.000A,1.560V,0.000A,1.591V,0.000A,1.583V,0.000A,1.595V,0.000A
2024-06-18 04:35:48.00,1.606V,0.000A,1.604V,0.000A,1.580V,0.000A,1.633V,0.000A,1.589V,0.000A,1.602V,0.004A,1.652V,0.000A,1.554V,0.000A
2024-06-18 04:35:49.00,1.633V,0.000A,1.600V,0.000A,1.591V,0.000A,1.641V,0.000A,1.640V,0.000A,1.556V,0.000A,1.564V,0.000A,1.610V,0.000A
2024-06-18 04:35:50.00,1.547V,0.000A,1.550V,0.000A,1.604V,0.000A,1.581V,0.000A,1.609V,0.000A,1.577V,0.000A,1.635V,0.000A,1.618V,0.000A
2024-06-18 04:35:51.00,1.587V,0.000A,1.579V,0.000A,1.604V,0.000A,1.581V,0.000A,1.587V,0.000A,1.630V,0.019A,1.630V,0.000A,1.558V,0.000A
2024-06-18 04:35:52.00,1.552V,0.000A,1.621V,0.000A,1.546V,0.000A,1.600V,0.000A,1.596V,0.000A,1.591V,0.000A,1.591V,0.000A,1.639V,0.000A
2024-06-18 04:35:53.00,1.553V,0.000A,1.644V,0.000A,1.560V,0.000A,1.560V,0.000A,1.599V,0.000A,1.598V,0.000A,1.583V,0.000A,1.630V,0.000A
2024-06-18 04:35:54.00,1.640V,0.000A,1.634V,0.016A,1.641V,0.000A,1.567V,0.000A,1.546V,0.000A,1.600V,0.000A,1.586V,0.000A,1.597V,0.000A
2024-06-18 04:35:55.00,1.591V,0.000A,1.610V,0.000A,1.583V,0.000A,1.635V,0.000A,1.643V,0.000A,1.640V,0.000A,1.570V,0.000A,1.570V,0.000A
2024-06-18 04:35:56.00,1.655V,0.000A,1.654V,0.005A,1.589V,0.000A,1.564V,0.000A,1.562V,0.000A,1.594V,0.000A,1.588V,0.000A,1.596V,0.000A
2024-06-18 04:35:57.00,1.616V,0.000A,1.606V,0.000A,1.551V,0.000A,1.586V,0.000A,1.587V,0.000A,1.590V,0.000A,1.626V,0.000A,1.643V,0.000A
2024-06-18 04:35:58.00,1.560V,0.000A,1.623V,0.008A,1.642V,0.000A,1.636V,0.000A,1.603V,0.000A,1.601V,0.000A,1.590V,0.000A,1.596V,0.000A
2024-06-18 04:35:59.00,1.642V,0.000A,1.586V,0.000A,1.634V,0.000A,1.650V,0.000A,1.608V,0.000A,1.543V,0.000A,1.600V,0.000A,1.606V,0.000A
2024-06-18 04:36:00.00,1.641V,0.000A,1.606V,0.000A,1.587V,0.000A,1.579V,0.000A,1.646V,0.000A,1.554V,0.000A,1.565V,0.000A,1.603V,0.000A
2024-06-18 04:36:01.00,1.485V,0.000A,1.530V,0.186A,1.559V,0.000A,1.549V,0.000A,1.484V,0.000A,1.504V,0.112A,1.500V,0.008A,1.495V,0.000A
2024-06-18 04:36:02.00,1.593V,0.000A,1.575V,0.000A,1.607V,0.000A,1.606V,0.000A,1.629V,0.000A,1.636V,0.011A,1.597V,0.000A,1.550V,0.000A
2024-06-18 04:36:03.00,1.569V,0.000A,1.588V,0.029A,1.579V,0.000A,1.559V,0.000A,1.550V,0.000A,1.606V,0.153A,1.601V,0.000A,1.519V,0.000A
2024-06-18 04:36:04.00,1.625V,0.002A,1.575V,0.014A,1.625V,0.000A,1.622V,0.000A,1.564V,0.000A,1.529V,0.000A,1.586V,0.000A,1.571V,0.000A
2024-06-18 04:36:05.00,1.611V,0.000A,1.581V,0.000A,1.548V,0.000A,1.579V,0.000A,1.580V,0.000A,1.600V,0.000A,1.631V,0.000A,1.642V,0.000A
2024-06-18 04:36:06.00,1.611V,0.000A,1.625V,0.000A,1.564V,0.000A,1.636V,0.000A,1.597V,0.000A,1.578V,0.000A,1.605V,0.000A,1.643V,0.000A
2024-06-18 04:36:07.00,1.611V,0.000A,1.554V,0.000A,1.605V,0.000A,1.599V,0.000A,1.587V,0.000A,1.633V,0.017A,1.644V,0.000A,1.558V,0.000A
2024-06-18 04:36:08.00,1.589V,0.000A,1.563V,0.000A,1.612V,0.000A,1.591V,0.000A,1.616V,0.000A,1.643V,0.013A,1.627V,0.000A,1.557V,0.000A
2024-06-18 04:36:09.00,1.629V,0.000A,1.598V,0.000A,1.570V,0.000A,1.590V,0.000A,1.641V,0.000A,1.579V,0.000A,1.546V,0.000A,1.575V,0.000A
2024-06-18 04:36:10.00,1.488V,0.060A,1.467V,0.001A,1.488V,0.000A,1.537V,0.000A,1.525V,0.000A,1.496V,0.025A,1.565V,0.141A,1.563V,0.000A
2024-06-18 04:36:11.00,1.533V,0.024A,1.527V,0.006A,1.575V,0.000A,1.614V,0.000A,1.596V,0.000A,1.550V,0.000A,1.504V,0.005A,1.567V,0.000A
2024-06-18 04:36:12.00,1.573V,0.000A,1.642V,0.012A,1.645V,0.000A,1.627V,0.000A,1.606V,0.000A,1.587V,0.000A,1.582V,0.000A,1.608V,0.000A
2024-06-18 04:36:13.00,1.613V,0.000A,1.564V,0.000A,1.608V,0.000A,1.583V,0.000A,1.647V,0.000A,1.632V,0.006A,1.581V,0.000A,1.549V,0.000A
2024-06-18 04:36:14.00,1.605V,0.000A,1.617V,0.001A,1.629V,0.000A,1.640V,0.000A,1.591V,0.000A,1.581V,0.000A,1.577V,0.000A,1.600V,0.000A
2024-06-18 04:36:15.00,1.567V,0.000A,1.568V,0.000A,1.576V,0.000A,1.575V,0.000A,1.554V,0.000A,1.548V,0.000A,1.549V,0.000A,1.548V,0.000A
2024-06-18 04:36:16.00,1.553V,0.000A,1.591V,0.000A,1.598V,0.000A,1.606V,0.000A,1.587V,0.000A,1.588V,0.000A,1.577V,0.000A,1.579V,0.000A
2024-06-18 04:36:17.00,1.616V,0.000A,1.561V,0.000A,1.596V,0.000A,1.613V,0.000A,1.643V,0.000A,1.614V,0.000A,1.570V,0.000A,1.548V,0.000A
2024-06-18 04:36:18.00,1.579V,0.000A,1.591V,0.000A,1.624V,0.000A,1.643V,0.000A,1.549V,0.000A,1.583V,0.000A,1.611V,0.000A,1.588V,0.000A
2024-06-18 04:36:19.00,1.646V,0.000A,1.582V,0.000A,1.606V,0.000A,1.649V,0.000A,1.578V,0.000A,1.556V,0.000A,1.600V,0.000A,1.594V,0.000A
2024-06-18 04:36:20.00,1.610V,0.000A,1.626V,0.008A,1.643V,0.000A,1.626V,0.000A,1.548V,0.000A,1.604V,0.000A,1.591V,0.000A,1.583V,0.000A
2024-06-18 04:36:21.00,1.588V,0.000A,1.644V,0.004A,1.596V,0.000A,1.546V,0.000A,1.604V,0.000A,1.579V,0.000A,1.604V,0.000A,1.633V,0.000A
2024-06-18 04:36:22.00,1.592V,0.000A,1.597V,0.000A,1.625V,0.000A,1.653V,0.000A,1.550V,0.000A,1.592V,0.000A,1.608V,0.000A,1.584V,0.000A
2024-06-18 04:36:23.00,1.639V,0.000A,1.623V,0.013A,1.649V,0.000A,1.555V,0.000A,1.617V,0.000A,1.546V,0.000A,1.613V,0.000A,1.579V,0.000A
2024-06-18 04:36:24.00,1.652V,0.000A,1.580V,0.000A,1.589V,0.000A,1.631V,0.000A,1.604V,0.000A,1.550V,0.000A,1.583V,0.000A,1.612V,0.000A
2024-06-18 04:36:25.00,1.611V,0.000A,1.587V,0.000A,1.603V,0.000A,1.636V,0.000A,1.641V,0.000A,1.638V,0.014A,1.616V,0.000A,1.562V,0.000A
2024-06-18 04:36:26.00,1.583V,0.000A,1.593V,0.000A,1.557V,0.000A,1.556V,0.000A,1.590V,0.000A,1.609V,0.002A,1.639V,0.000A,1.633V,0.000A
2024-06-18 04:36:27.00,1.589V,0.000A,1.566V,0.000A,1.553V,0.000A,1.562V,0.000A,1.595V,0.000A,1.623V,0.014A,1.645V,0.000A,1.626V,0.000A
2024-06-18 04:36:28.00,1.596V,0.000A,1.625V,0.010A,1.617V,0.000A,1.598V,0.000A,1.616V,0.000A,1.633V,0.015A,1.644V,0.000A,1.638V,0.000A
2024-06-18 04:36:29.00,1.585V,0.000A,1.607V,0.004A,1.610V,0.000A,1.616V,0.000A,1.593V,0.000A,1.583V,0.000A,1.584V,0.000A,1.593V,0.000A
2024-06-18 04:36:30.00,1.609V,0.000A,1.594V,0.000A,1.592V,0.000A,1.590V,0.000A,1.602V,0.000A,1.599V,0.000A,1.598V,0.000A,1.588V,0.000A
2024-06-18 04:36:31.00,1.567V,0.000A,1.587V,0.000A,1.590V,0.000A,1.591V,0.000A,1.556V,0.000A,1.558V,0.000A,1.562V,0.000A,1.567V,0.000A
2024-06-18 04:36:32.00,1.645V,0.000A,1.552V,0.000A,1.563V,0.000A,1.593V,0.000A,1.631V,0.000A,1.620V,0.004A,1.585V,0.000A,1.566V,0.000A
2024-06-18 04:36:33.00,1.604V,0.000A,1.589V,0.000A,1.580V,0.000A,1.591V,0.000A,1.596V,0.000A,1.598V,0.000A,1.591V,0.000A,1.587V,0.000A
2024-06-18 04:36:34.00,1.631V,0.000A,1.585V,0.000A,1.593V,0.000A,1.600V,0.000A,1.602V,0.000A,1.553V,0.000A,1.535V,0.000A,1.564V,0.000A
2024-06-18 04:36:35.00,1.488V,0.000A,1.512V,0.000A,1.535V,0.161A,1.546V,0.054A,1.533V,0.029A,1.519V,0.008A,1.535V,0.000A,1.557V,0.043A
2024-06-18 04:36:36.00,1.505V,0.000A,1.591V,0.000A,1.591V,0.091A,1.602V,0.009A,1.514V,0.015A,1.497V,0.000A,1.486V,0.000A,1.530V,0.001A
2024-06-18 04:36:37.00,1.589V,0.000A,1.633V,0.004A,1.600V,0.000A,1.551V,0.000A,1.571V,0.000A,1.578V,0.000A,1.605V,0.000A,1.627V,0.000A
2024-06-18 04:36:38.00,1.583V,0.000A,1.587V,0.000A,1.583V,0.000A,1.591V,0.000A,1.583V,0.000A,1.589V,0.000A,1.583V,0.000A,1.583V,0.000A
2024-06-18 04:36:39.00,1.613V,0.000A,1.577V,0.000A,1.566V,0.000A,1.579V,0.000A,1.624V,0.000A,1.610V,0.011A,1.609V,0.000A,1.600V,0.000A
2024-06-18 04:36:40.00,1.579V,0.000A,1.620V,0.010A,1.628V,0.000A,1.633V,0.000A,1.591V,0.000A,1.596V,0.003A,1.603V,0.000A,1.617V,0.000A
2024-06-18 04:36:41.00,1.608V,0.000A,1.617V,0.002A,1.608V,0.000A,1.611V,0.000A,1.611V,0.000A,1.619V,0.005A,1.624V,0.000A,1.626V,0.000A
2024-06-18 04:36:42.00,1.634V,0.000A,1.608V,0.001A,1.591V,0.000A,1.554V,0.000A,1.638V,0.000A,1.634V,0.014A,1.641V,0.000A,1.642V,0.000A
2024-06-18 04:36:43.00,1.625V,0.000A,1.605V,0.003A,1.591V,0.000A,1.596V,0.000A,1.642V,0.000A,1.640V,0.013A,1.626V,0.000A,1.598V,0.000A
2024-06-18 04:36:44.00,1.588V,0.000A,1.589V,0.000A,1.586V,0.000A,1.592V,0.000A,1.601V,0.000A,1.607V,0.000A,1.599V,0.000A,1.600V,0.000A
2024-06-18 04:36:45.00,1.570V,0.000A,1.590V,0.000A,1.590V,0.000A,1.590V,0.000A,1.578V,0.000A,1.582V,0.000A,1.591V,0.000A,1.596V,0.000A
2024-06-18 04:36:46.00,1.565V,0.000A,1.550V,0.000A,1.555V,0.000A,1.583V,0.000A,1.557V,0.000A,1.554V,0.000A,1.559V,0.000A,1.549V,0.000A
2024-06-18 04:36:47.00,1.617V,0.000A,1.616V,0.000A,1.607V,0.000A,1.597V,0.000A,1.617V,0.000A,1.617V,0.000A,1.619V,0.000A,1.612V,0.000A
2024-06-18 04:36:48.00,1.620V,0.000A,1.648V,0.008A,1.637V,0.000A,1.634V,0.000A,1.632V,0.000A,1.648V,0.012A,1.655V,0.000A,1.658V,0.000A
2024-06-18 04:36:49.00,1.654V,0.000A,1.624V,0.000A,1.613V,0.000A,1.614V,0.000A,1.643V,0.000A,1.641V,0.006A,1.628V,0.000A,1.633V,0.000A
2024-06-18 04:36:50.00,1.595V,0.000A,1.644V,0.010A,1.659V,0.000A,1.652V,0.000A,1.591V,0.000A,1.588V,0.000A,1.608V,0.000A,1.625V,0.000A
2024-06-18 04:36:51.00,1.625V,0.000A,1.612V,0.000A,1.613V,0.000A,1.619V,0.000A,1.623V,0.000A,1.606V,0.000A,1.608V,0.000A,1.610V,0.000A
2024-06-18 04:36:52.00,1.621V,0.000A,1.604V,0.000A,1.591V,0.000A,1.604V,0.000A,1.617V,0.000A,1.614V,0.000A,1.614V,0.000A,1.603V,0.000A
2024-06-18 04:36:53.00,1.578V,0.000A,1.631V,0.010A,1.648V,0.000A,1.659V,0.000A,1.590V,0.000A,1.592V,0.002A,1.604V,0.000A,1.616V,0.000A
2024-06-18 04:36:54.00,1.616V,0.000A,1.617V,0.000A,1.616V,0.000A,1.622V,0.000A,1.624V,0.000A,1.617V,0.000A,1.620V,0.000A,1.616V,0.000A
2024-06-18 04:36:55.00,1.635V,0.000A,1.644V,0.001A,1.632V,0.000A,1.624V,0.000A,1.647V,0.000A,1.649V,0.008A,1.650V,0.000A,1.650V,0.000A
2024-06-18 04:36:56.00,1.592V,0.000A,1.635V,0.008A,1.646V,0.000A,1.646V,0.000A,1.591V,0.000A,1.586V,0.000A,1.596V,0.000A,1.609V,0.000A
2024-06-18 04:36:57.00,1.604V,0.000A,1.642V,0.005A,1.625V,0.000A,1.606V,0.000A,1.622V,0.000A,1.638V,0.013A,1.654V,0.000A,1.654V,0.000A
2024-06-18 04:36:58.00,1.650V,0.000A,1.609V,0.000A,1.596V,0.000A,1.612V,0.000A,1.629V,0.000A,1.617V,0.000A,1.611V,0.000A,1.612V,0.000A
2024-06-18 04:36:59.00,1.607V,0.000A,1.653V,0.008A,1.652V,0.000A,1.644V,0.000A,1.612V,0.000A,1.622V,0.009A,1.630V,0.000A,1.641V,0.000A
2024-06-18 04:37:00.00,1.619V,0.000A,1.622V,0.000A,1.626V,0.000A,1.625V,0.000A,1.612V,0.000A,1.607V,0.000A,1.616V,0.000A,1.616V,0.000A
2024-06-18 04:37:01.00,1.620V,0.000A,1.619V,0.000A,1.609V,0.000A,1.588V,0.000A,1.624V,0.000A,1.619V,0.000A,1.615V,0.000A,1.612V,0.000A
2024-06-18 04:37:02.00,1.616V,0.000A,1.616V,0.000A,1.628V,0.000A,1.637V,0.000A,1.624V,0.000A,1.616V,0.000A,1.608V,0.000A,1.606V,0.000A
2024-06-18 04:37:03.00,1.622V,0.000A,1.616V,0.000A,1.615V,0.000A,1.610V,0.000A,1.621V,0.000A,1.618V,0.000A,1.622V,0.000A,1.618V,0.000A
2024-06-18 04:37:04.00,1.616V,0.000A,1.617V,0.000A,1.612V,0.000A,1.612V,0.000A,1.620V,0.000A,1.608V,0.000A,1.615V,0.000A,1.609V,0.000A
2024-06-18 04:37:05.00,1.617V,0.000A,1.637V,0.005A,1.628V,0.000A,1.625V,0.000A,1.620V,0.000A,1.620V,0.003A,1.639V,0.000A,1.643V,0.000A
2024-06-18 04:37:06.00,1.608V,0.000A,1.610V,0.000A,1.610V,0.000A,1.604V,0.000A,1.613V,0.000A,1.629V,0.000A,1.611V,0.000A,1.610V,0.000A
2024-06-18 04:37:07.00,1.663V,0.000A,1.576V,0.000A,1.576V,0.000A,1.600V,0.000A,1.667V,0.000A,1.661V,0.016A,1.645V,0.000A,1.605V,0.000A
2024-06-18 04:37:08.00,1.633V,0.000A,1.615V,0.003A,1.612V,0.000A,1.632V,0.000A,1.615V,0.000A,1.608V,0.004A,1.618V,0.000A,1.620V,0.000A
2024-06-18 04:37:09.00,1.612V,0.000A,1.640V,0.000A,1.634V,0.000A,1.626V,0.000A,1.616V,0.000A,1.623V,0.000A,1.630V,0.000A,1.633V,0.000A
2024-06-18 04:37:10.00,1.655V,0.000A,1.644V,0.003A,1.630V,0.000A,1.625V,0.000A,1.657V,0.000A,1.648V,0.010A,1.650V,0.000A,1.648V,0.000A
2024-06-18 04:37:11.00,1.645V,0.000A,1.649V,0.008A,1.651V,0.000A,1.657V,0.000A,1.644V,0.000A,1.645V,0.006A,1.647V,0.000A,1.650V,0.000A
2024-06-18 04:37:12.00,1.654V,0.000A,1.661V,0.012A,1.654V,0.000A,1.654V,0.000A,1.658V,0.000A,1.648V,0.011A,1.662V,0.000A,1.651V,0.000A
2024-06-18 04:37:13.00,1.602V,0.000A,1.587V,0.000A,1.574V,0.000A,1.571V,0.000A,1.592V,0.000A,1.587V,0.000A,1.584V,0.000A,1.591V,0.000A
2024-06-18 04:37:14.00,1.613V,0.000A,1.608V,0.000A,1.610V,0.000A,1.601V,0.000A,1.612V,0.000A,1.627V,0.000A,1.631V,0.000A,1.618V,0.000A
2024-06-18 04:37:15.00,1.597V,0.000A,1.596V,0.000A,1.608V,0.000A,1.613V,0.000A,1.587V,0.000A,1.577V,0.000A,1.579V,0.000A,1.583V,0.000A
2024-06-18 04:37:16.00,1.579V,0.000A,1.620V,0.000A,1.615V,0.000A,1.623V,0.000A,1.588V,0.000A,1.603V,0.000A,1.613V,0.000A,1.616V,0.000A
2024-06-18 04:37:17.00,1.607V,0.000A,1.621V,0.000A,1.617V,0.000A,1.604V,0.000A,1.617V,0.000A,1.609V,0.000A,1.616V,0.000A,1.620V,0.000A
2024-06-18 04:37:18.00,1.650V,0.000A,1.658V,0.011A,1.655V,0.000A,1.660V,0.000A,1.646V,0.000A,1.650V,0.019A,1.647V,0.000A,1.649V,0.000A
2024-06-18 04:37:19.00,1.591V,0.000A,1.647V,0.010A,1.659V,0.000A,1.642V,0.000A,1.612V,0.000A,1.620V,0.004A,1.638V,0.000A,1.632V,0.000A
2024-06-18 04:37:20.00,1.614V,0.000A,1.606V,0.000A,1.593V,0.000A,1.604V,0.000A,1.615V,0.000A,1.611V,0.000A,1.619V,0.000A,1.616V,0.000A
2024-06-18 04:37:21.00,1.632V,0.000A,1.648V,0.010A,1.659V,0.000A,1.666V,0.000A,1.620V,0.000A,1.628V,0.012A,1.635V,0.000A,1.639V,0.000A
2024-06-18 04:37:22.00,1.637V,0.000A,1.615V,0.000A,1.616V,0.000A,1.618V,0.000A,1.629V,0.000A,1.615V,0.000A,1.609V,0.000A,1.614V,0.000A
2024-06-18 04:37:23.00,1.662V,0.000A,1.631V,0.003A,1.625V,0.000A,1.638V,0.000A,1.662V,0.000A,1.658V,0.012A,1.666V,0.000A,1.654V,0.000A
2024-06-18 04:37:24.00,1.616V,0.000A,1.589V,0.000A,1.583V,0.000A,1.582V,0.000A,1.621V,0.000A,1.604V,0.000A,1.609V,0.000A,1.599V,0.000A
2024-06-18 04:37:25.00,1.594V,0.000A,1.586V,0.000A,1.587V,0.000A,1.662V,0.000A,1.588V,0.000A,1.587V,0.000A,1.587V,0.000A,1.592V,0.000A
2024-06-18 04:37:26.00,1.633V,0.000A,1.662V,0.008A,1.658V,0.000A,1.650V,0.000A,1.641V,0.000A,1.649V,0.016A,1.655V,0.000A,1.658V,0.000A
2024-06-18 04:37:27.00,1.648V,0.000A,1.617V,0.000A,1.620V,0.000A,1.617V,0.000A,1.646V,0.000A,1.628V,0.000A,1.623V,0.000A,1.615V,0.000A
2024-06-18 04:37:28.00,1.589V,0.000A,1.636V,0.008A,1.642V,0.000A,1.653V,0.000A,1.603V,0.000A,1.593V,0.000A,1.609V,0.000A,1.625V,0.000A
2024-06-18 04:37:29.00,1.641V,0.000A,1.618V,0.000A,1.616V,0.000A,1.620V,0.000A,1.640V,0.000A,1.624V,0.000A,1.623V,0.000A,1.616V,0.000A
2024-06-18 04:37:30.00,1.598V,0.000A,1.641V,0.010A,1.649V,0.000A,1.659V,0.000A,1.614V,0.000A,1.608V,0.004A,1.622V,0.000A,1.625V,0.000A
2024-06-18 04:37:31.00,1.619V,0.000A,1.600V,0.000A,1.591V,0.000A,1.603V,0.000A,1.616V,0.000A,1.614V,0.000A,1.606V,0.000A,1.594V,0.000A
2024-06-18 04:37:32.00,1.623V,0.000A,1.586V,0.000A,1.594V,0.000A,1.620V,0.000A,1.620V,0.000A,1.610V,0.000A,1.608V,0.000A,1.589V,0.000A
2024-06-18 04:37:33.00,1.617V,0.000A,1.592V,0.000A,1.597V,0.000A,1.623V,0.000A,1.618V,0.000A,1.609V,0.000A,1.604V,0.000A,1.600V,0.000A
2024-06-18 04:37:34.00,1.647V,0.000A,1.608V,0.000A,1.594V,0.000A,1.602V,0.000A,1.633V,0.000A,1.618V,0.000A,1.620V,0.000A,1.620V,0.000A
2024-06-18 04:37:35.00,1.607V,0.000A,1.624V,0.000A,1.611V,0.000A,1.594V,0.000A,1.605V,0.000A,1.620V,0.010A,1.646V,0.000A,1.647V,0.000A
2024-06-18 04:37:36.00,1.612V,0.000A,1.645V,0.005A,1.635V,0.000A,1.616V,0.000A,1.608V,0.000A,1.597V,0.000A,1.604V,0.000A,1.629V,0.000A
2024-06-18 04:37:37.00,1.630V,0.000A,1.616V,0.005A,1.627V,0.000A,1.606V,0.000A,1.624V,0.000A,1.600V,0.000A,1.586V,0.000A,1.590V,0.000A
2024-06-18 04:37:38.00,1.632V,0.000A,1.605V,0.002A,1.625V,0.000A,1.620V,0.000A,1.629V,0.000A,1.613V,0.000A,1.607V,0.000A,1.597V,0.000A
2024-06-18 04:37:39.00,1.586V,0.000A,1.608V,0.000A,1.597V,0.000A,1.591V,0.000A,1.598V,0.000A,1.617V,0.001A,1.628V,0.000A,1.610V,0.000A
2024-06-18 04:37:40.00,1.610V,0.000A,1.641V,0.007A,1.636V,0.000A,1.612V,0.000A,1.609V,0.000A,1.592V,0.000A,1.604V,0.000A,1.625V,0.000A
2024-06-18 04:37:41.00,1.619V,0.000A,1.616V,0.008A,1.638V,0.000A,1.655V,0.000A,1.616V,0.000A,1.612V,0.000A,1.602V,0.000A,1.600V,0.000A
2024-06-18 04:37:42.00,1.632V,0.000A,1.589V,0.000A,1.607V,0.000A,1.649V,0.000A,1.620V,0.000A,1.611V,0.000A,1.604V,0.000A,1.588V,0.000A
2024-06-18 04:37:43.00,1.653V,0.000A,1.611V,0.000A,1.598V,0.000A,1.609V,0.000A,1.641V,0.000A,1.624V,0.000A,1.620V,0.000A,1.613V,0.000A
2024-06-18 04:37:44.00,1.604V,0.000A,1.620V,0.000A,1.607V,0.000A,1.609V,0.000A,1.621V,0.000A,1.634V,0.008A,1.638V,0.000A,1.618V,0.000A
2024-06-18 04:37:45.00,1.652V,0.000A,1.629V,0.006A,1.643V,0.000A,1.619V,0.000A,1.633V,0.000A,1.624V,0.000A,1.615V,0.000A,1.604V,0.000A
2024-06-18 04:37:46.00,1.606V,0.000A,1.636V,0.000A,1.618V,0.000A,1.610V,0.000A,1.596V,0.000A,1.593V,0.002A,1.611V,0.000A,1.639V,0.000A
2024-06-18 04:37:47.00,1.653V,0.000A,1.637V,0.005A,1.616V,0.000A,1.605V,0.000A,1.630V,0.000A,1.601V,0.000A,1.600V,0.000A,1.620V,0.000A
2024-06-18 04:37:48.00,1.607V,0.000A,1.594V,0.000A,1.616V,0.000A,1.634V,0.000A,1.634V,0.000A,1.614V,0.000A,1.609V,0.000A,1.595V,0.000A
2024-06-18 04:37:49.00,1.633V,0.000A,1.643V,0.008A,1.634V,0.000A,1.622V,0.000A,1.619V,0.000A,1.604V,0.000A,1.599V,0.000A,1.610V,0.000A
2024-06-18 04:37:50.00,1.628V,0.000A,1.623V,0.000A,1.604V,0.000A,1.615V,0.000A,1.603V,0.000A,1.599V,0.007A,1.641V,0.000A,1.630V,0.000A
2024-06-18 04:37:51.00,1.619V,0.000A,1.637V,0.000A,1.614V,0.000A,1.612V,0.000A,1.636V,0.000A,1.612V,0.000A,1.604V,0.000A,1.616V,0.000A
2024-06-18 04:37:52.00,1.495V,0.074A,1.570V,0.020A,1.515V,0.000A,1.500V,0.000A,1.540V,0.000A,1.564V,0.063A,1.490V,0.073A,1.523V,0.000A
2024-06-18 04:37:53.00,1.634V,0.000A,1.630V,0.055A,1.595V,0.000A,1.587V,0.000A,1.622V,0.000A,1.588V,0.000A,1.593V,0.000A,1.603V,0.000A
2024-06-18 04:37:54.00,1.597V,0.000A,1.624V,0.025A,1.565V,0.000A,1.545V,0.000A,1.593V,0.000A,1.585V,0.008A,1.587V,0.019A,1.613V,0.000A
2024-06-18 04:37:55.00,1.600V,0.000A,1.625V,0.000A,1.612V,0.000A,1.608V,0.000A,1.604V,0.000A,1.622V,0.010A,1.647V,0.000A,1.631V,0.000A
2024-06-18 04:37:56.00,1.625V,0.000A,1.625V,0.006A,1.648V,0.000A,1.633V,0.000A,1.617V,0.000A,1.613V,0.000A,1.613V,0.000A,1.600V,0.000A
2024-06-18 04:37:57.00,1.625V,0.000A,1.605V,0.000A,1.614V,0.000A,1.648V,0.000A,1.653V,0.000A,1.642V,0.006A,1.631V,0.000A,1.612V,0.000A
2024-06-18 04:37:58.00,1.599V,0.000A,1.611V,0.000A,1.598V,0.000A,1.630V,0.000A,1.621V,0.000A,1.635V,0.004A,1.628V,0.000A,1.618V,0.000A
2024-06-18 04:37:59.00,1.626V,0.000A,1.604V,0.000A,1.610V,0.000A,1.644V,0.000A,1.655V,0.000A,1.628V,0.000A,1.621V,0.000A,1.608V,0.000A
2024-06-18 04:38:00.00,1.611V,0.000A,1.625V,0.000A,1.617V,0.000A,1.605V,0.000A,1.600V,0.000A,1.604V,0.008A,1.637V,0.000A,1.643V,0.000A
2024-06-18 04:38:01.00,1.634V,0.000A,1.637V,0.006A,1.637V,0.000A,1.619V,0.000A,1.608V,0.000A,1.598V,0.000A,1.596V,0.000A,1.608V,0.000A
2024-06-18 04:38:02.00,1.616V,0.000A,1.612V,0.005A,1.635V,0.000A,1.621V,0.000A,1.633V,0.000A,1.628V,0.000A,1.621V,0.000A,1.600V,0.000A
2024-06-18 04:38:03.00,1.623V,0.000A,1.631V,0.000A,1.617V,0.000A,1.611V,0.000A,1.601V,0.000A,1.597V,0.001A,1.623V,0.000A,1.641V,0.000A
2024-06-18 04:38:04.00,1.608V,0.000A,1.619V,0.004A,1.639V,0.000A,1.620V,0.000A,1.628V,0.000A,1.635V,0.004A,1.620V,0.000A,1.603V,0.000A
2024-06-18 04:38:05.00,1.619V,0.000A,1.627V,0.000A,1.606V,0.000A,1.629V,0.000A,1.607V,0.000A,1.607V,0.006A,1.634V,0.000A,1.632V,0.000A
2024-06-18 04:38:06.00,1.605V,0.000A,1.610V,0.005A,1.637V,0.000A,1.627V,0.000A,1.632V,0.000A,1.629V,0.001A,1.620V,0.000A,1.601V,0.000A
2024-06-18 04:38:07.00,1.618V,0.000A,1.611V,0.005A,1.641V,0.000A,1.638V,0.000A,1.649V,0.000A,1.633V,0.000A,1.616V,0.000A,1.601V,0.000A
2024-06-18 04:38:08.00,1.627V,0.000A,1.621V,0.005A,1.641V,0.000A,1.631V,0.000A,1.634V,0.000A,1.614V,0.000A,1.604V,0.000A,1.594V,0.000A
2024-06-18 04:38:09.00,1.616V,0.000A,1.606V,0.000A,1.607V,0.000A,1.638V,0.000A,1.601V,0.000A,1.620V,0.005A,1.644V,0.000A,1.629V,0.000A
2024-06-18 04:38:10.00,1.607V,0.000A,1.614V,0.000A,1.606V,0.000A,1.629V,0.000A,1.608V,0.000A,1.622V,0.007A,1.648V,0.000A,1.627V,0.000A
2024-06-18 04:38:11.00,1.608V,0.000A,1.602V,0.000A,1.604V,0.000A,1.634V,0.000A,1.625V,0.000A,1.641V,0.010A,1.624V,0.000A,1.616V,0.000A
2024-06-18 04:38:12.00,1.601V,0.000A,1.604V,0.002A,1.625V,0.000A,1.642V,0.000A,1.625V,0.000A,1.642V,0.005A,1.628V,0.000A,1.613V,0.000A
2024-06-18 04:38:13.00,1.639V,0.000A,1.632V,0.000A,1.620V,0.000A,1.601V,0.000A,1.630V,0.000A,1.600V,0.000A,1.608V,0.000A,1.625V,0.000A
2024-06-18 04:38:14.00,1.644V,0.000A,1.640V,0.008A,1.634V,0.000A,1.612V,0.000A,1.629V,0.000A,1.613V,0.000A,1.602V,0.000A,1.614V,0.000A
2024-06-18 04:38:15.00,1.639V,0.000A,1.617V,0.000A,1.604V,0.000A,1.628V,0.000A,1.619V,0.000A,1.602V,0.004A,1.622V,0.000A,1.634V,0.000A
2024-06-18 04:38:16.00,1.620V,0.000A,1.633V,0.004A,1.625V,0.000A,1.606V,0.000A,1.643V,0.000A,1.623V,0.000A,1.600V,0.000A,1.605V,0.000A
2024-06-18 04:38:17.00,1.597V,0.000A,1.622V,0.006A,1.646V,0.000A,1.623V,0.000A,1.619V,0.000A,1.636V,0.008A,1.627V,0.000A,1.607V,0.000A
2024-06-18 04:38:18.00,1.616V,0.000A,1.604V,0.004A,1.620V,0.000A,1.617V,0.000A,1.597V,0.000A,1.615V,0.010A,1.629V,0.000A,1.611V,0.000A
2024-06-18 04:38:19.00,1.629V,0.000A,1.613V,0.000A,1.605V,0.000A,1.631V,0.000A,1.604V,0.000A,1.612V,0.009A,1.636V,0.000A,1.629V,0.000A
2024-06-18 04:38:20.00,1.610V,0.000A,1.628V,0.003A,1.617V,0.000A,1.601V,0.000A,1.627V,0.000A,1.620V,0.000A,1.602V,0.000A,1.614V,0.000A
2024-06-18 04:38:21.00,1.603V,0.000A,1.605V,0.005A,1.631V,0.005A,1.604V,0.000A,1.622V,0.000A,1.625V,0.001A,1.615V,0.000A,1.596V,0.000A
2024-06-18 04:38:22.00,1.615V,0.000A,1.597V,0.000A,1.597V,0.001A,1.629V,0.000A,1.599V,0.000A,1.599V,0.008A,1.614V,0.000A,1.623V,0.000A
2024-06-18 04:38:23.00,1.625V,0.000A,1.605V,0.000A,1.606V,0.000A,1.626V,0.000A,1.600V,0.000A,1.613V,0.006A,1.628V,0.000A,1.621V,0.000A
2024-06-18 04:38:24.00,1.599V,0.000A,1.615V,0.003A,1.636V,0.000A,1.623V,0.000A,1.610V,0.000A,1.641V,0.005A,1.622V,0.000A,1.598V,0.000A
2024-06-18 04:38:25.00,1.582V,0.000A,1.554V,0.000A,1.568V,0.004A,1.623V,0.000A,1.603V,0.000A,1.584V,0.001A,1.567V,0.000A,1.576V,0.103A
2024-06-18 04:38:26.00,1.581V,0.034A,1.569V,0.079A,1.549V,0.000A,1.515V,0.000A,1.578V,0.000A,1.583V,0.011A,1.571V,0.047A,1.541V,0.000A
2024-06-18 04:38:27.00,1.536V,0.078A,1.529V,0.032A,1.531V,0.000A,1.538V,0.000A,1.508V,0.000A,1.520V,0.073A,1.558V,0.043A,1.534V,0.000A
2024-06-18 04:38:28.00,1.542V,0.017A,1.504V,0.016A,1.529V,0.000A,1.548V,0.000A,1.541V,0.000A,1.516V,0.194A,1.504V,0.044A,1.491V,0.000A
2024-06-18 04:38:29.00,1.503V,0.005A,1.543V,0.106A,1.512V,0.000A,1.500V,0.000A,1.514V,0.000A,1.515V,0.167A,1.525V,0.027A,1.525V,0.000A
2024-06-18 04:38:30.00,1.582V,0.000A,1.583V,0.000A,1.579V,0.012A,1.604V,0.001A,1.591V,0.000A,1.602V,0.008A,1.616V,0.000A,1.600V,0.000A
2024-06-18 04:38:31.00,1.606V,0.000A,1.612V,0.000A,1.599V,0.000A,1.589V,0.000A,1.610V,0.000A,1.600V,0.000A,1.579V,0.000A,1.598V,0.017A
2024-06-18 04:38:32.00,1.576V,0.000A,1.547V,0.000A,1.545V,0.000A,1.611V,0.000A,1.551V,0.000A,1.583V,0.049A,1.588V,0.006A,1.564V,0.011A
2024-06-18 04:38:33.00,1.504V,0.216A,1.502V,0.012A,1.512V,0.036A,1.544V,0.000A,1.495V,0.012A,1.495V,0.218A,1.489V,0.000A,1.487V,0.000A
2024-06-18 04:38:34.00,1.622V,0.072A,1.562V,0.016A,1.565V,0.029A,1.606V,0.000A,1.604V,0.000A,1.575V,0.003A,1.580V,0.000A,1.553V,0.000A
2024-06-18 04:38:35.00,1.580V,0.000A,1.572V,0.009A,1.581V,0.008A,1.562V,0.000A,1.586V,0.000A,1.567V,0.000A,1.543V,0.000A,1.565V,0.149A
2024-06-18 04:38:36.00,1.555V,0.000A,1.562V,0.000A,1.537V,0.001A,1.519V,0.000A,1.553V,0.000A,1.549V,0.004A,1.578V,0.000A,1.606V,0.204A
2024-06-18 04:38:37.00,1.537V,0.000A,1.550V,0.012A,1.547V,0.037A,1.541V,0.000A,1.557V,0.000A,1.534V,0.000A,1.523V,0.000A,1.538V,0.266A
2024-06-18 04:38:38.00,1.507V,0.000A,1.505V,0.000A,1.510V,0.011A,1.534V,0.001A,1.527V,0.000A,1.542V,0.010A,1.545V,0.041A,1.544V,0.318A
2024-06-18 04:38:39.00,1.529V,0.000A,1.543V,0.006A,1.525V,0.015A,1.496V,0.007A,1.509V,0.000A,1.490V,0.000A,1.504V,0.000A,1.551V,0.359A
2024-06-18 04:38:40.00,1.483V,0.000A,1.491V,0.008A,1.508V,0.020A,1.496V,0.032A,1.473V,0.000A,1.468V,0.000A,1.456V,0.000A,1.488V,0.374A
2024-06-18 04:38:41.00,1.485V,0.000A,1.468V,0.000A,1.451V,0.010A,1.463V,0.136A,1.484V,0.000A,1.477V,0.005A,1.480V,0.000A,1.485V,0.404A
2024-06-18 04:38:42.00,1.397V,0.000A,1.454V,0.000A,1.449V,0.008A,1.444V,0.190A,1.418V,0.000A,1.440V,0.006A,1.462V,0.000A,1.533V,0.483A
2024-06-18 04:38:43.00,1.440V,0.000A,1.433V,0.000A,1.427V,0.004A,1.479V,0.223A,1.434V,0.000A,1.425V,0.000A,1.430V,0.000A,1.402V,0.499A
2024-06-18 04:38:44.00,1.479V,0.000A,1.434V,0.000A,1.437V,0.002A,1.405V,0.197A,1.464V,0.000A,1.450V,0.009A,1.452V,0.000A,1.434V,0.450A
2024-06-18 04:38:45.00,1.426V,0.000A,1.451V,0.000A,1.424V,0.000A,1.455V,0.237A,1.434V,0.000A,1.446V,0.007A,1.464V,0.000A,1.464V,0.533A
2024-06-18 04:38:46.00,1.434V,0.000A,1.455V,0.010A,1.461V,0.001A,1.450V,0.293A,1.409V,0.000A,1.414V,0.006A,1.448V,0.000A,1.509V,0.522A
2024-06-18 04:38:47.00,1.612V,0.000A,1.640V,0.008A,1.615V,0.000A,1.600V,0.000A,1.605V,0.000A,1.591V,0.000A,1.594V,0.000A,1.621V,0.000A
2024-06-18 04:38:48.00,1.633V,0.000A,1.604V,0.008A,1.633V,0.000A,1.632V,0.000A,1.624V,0.000A,1.608V,0.000A,1.593V,0.000A,1.591V,0.000A
2024-06-18 04:38:49.00,1.612V,0.000A,1.608V,0.000A,1.603V,0.000A,1.596V,0.000A,1.600V,0.000A,1.599V,0.004A,1.631V,0.000A,1.630V,0.000A
2024-06-18 04:38:50.00,1.542V,0.000A,1.550V,0.003A,1.543V,0.098A,1.509V,0.010A,1.524V,0.004A,1.522V,0.008A,1.557V,0.000A,1.544V,0.031A
2024-06-18 04:38:51.00,1.580V,0.000A,1.591V,0.000A,1.587V,0.000A,1.583V,0.004A,1.574V,0.000A,1.587V,0.005A,1.611V,0.000A,1.623V,0.000A
2024-06-18 04:38:52.00,1.631V,0.000A,1.621V,0.003A,1.572V,0.023A,1.554V,0.000A,1.612V,0.000A,1.587V,0.000A,1.596V,0.000A,1.612V,0.000A
2024-06-18 04:38:53.00,1.597V,0.000A,1.601V,0.001A,1.624V,0.000A,1.635V,0.000A,1.612V,0.000A,1.634V,0.005A,1.625V,0.000A,1.604V,0.000A
2024-06-18 04:38:54.00,1.642V,0.000A,1.608V,0.004A,1.634V,0.000A,1.619V,0.000A,1.632V,0.000A,1.608V,0.000A,1.604V,0.000A,1.595V,0.000A
2024-06-18 04:38:55.00,1.526V,0.000A,1.525V,0.001A,1.565V,0.000A,1.563V,0.059A,1.559V,0.069A,1.561V,0.005A,1.566V,0.000A,1.555V,0.013A
2024-06-18 04:38:56.00,1.550V,0.047A,1.520V,0.054A,1.496V,0.000A,1.544V,0.000A,1.548V,0.000A,1.537V,0.093A,1.500V,0.016A,1.522V,0.000A
2024-06-18 04:38:57.00,1.438V,0.207A,1.359V,0.000A,1.366V,0.000A,1.359V,0.000A,1.419V,0.000A,1.444V,0.716A,1.386V,0.000A,1.377V,0.000A
2024-06-18 04:38:58.00,1.554V,0.001A,1.561V,0.000A,1.546V,0.000A,1.544V,0.000A,1.567V,0.000A,1.587V,0.106A,1.591V,0.000A,1.567V,0.000A
2024-06-18 04:38:59.00,1.526V,0.000A,1.567V,0.152A,1.532V,0.000A,1.523V,0.000A,1.519V,0.000A,1.505V,0.208A,1.510V,0.000A,1.536V,0.000A
2024-06-18 04:39:00.00,1.603V,0.000A,1.616V,0.008A,1.641V,0.000A,1.620V,0.000A,1.629V,0.000A,1.629V,0.002A,1.611V,0.000A,1.601V,0.000A
2024-06-18 04:39:01.00,1.609V,0.000A,1.599V,0.004A,1.633V,0.000A,1.629V,0.000A,1.635V,0.000A,1.615V,0.000A,1.609V,0.000A,1.591V,0.000A
2024-06-18 04:39:02.00,1.605V,0.000A,1.597V,0.000A,1.604V,0.000A,1.636V,0.000A,1.602V,0.000A,1.623V,0.006A,1.633V,0.000A,1.614V,0.000A
2024-06-18 04:39:03.00,1.613V,0.000A,1.633V,0.000A,1.609V,0.000A,1.598V,0.000A,1.608V,0.000A,1.596V,0.001A,1.612V,0.000A,1.650V,0.000A
2024-06-18 04:39:04.00,1.596V,0.000A,1.602V,0.003A,1.624V,0.000A,1.630V,0.000A,1.602V,0.000A,1.628V,0.006A,1.618V,0.000A,1.603V,0.000A
2024-06-18 04:39:05.00,1.596V,0.000A,1.603V,0.001A,1.622V,0.000A,1.633V,0.000A,1.620V,0.000A,1.631V,0.008A,1.623V,0.000A,1.610V,0.000A
2024-06-18 04:39:06.00,1.612V,0.000A,1.601V,0.000A,1.600V,0.000A,1.625V,0.000A,1.594V,0.000A,1.602V,0.009A,1.625V,0.000A,1.617V,0.000A
2024-06-18 04:39:07.00,1.612V,0.000A,1.637V,0.003A,1.608V,0.000A,1.612V,0.000A,1.636V,0.000A,1.621V,0.000A,1.604V,0.000A,1.623V,0.000A
2024-06-18 04:39:08.00,1.629V,0.000A,1.610V,0.000A,1.616V,0.000A,1.632V,0.000A,1.620V,0.000A,1.596V,0.003A,1.614V,0.000A,1.633V,0.000A
2024-06-18 04:39:09.00,1.629V,0.000A,1.603V,0.000A,1.610V,0.000A,1.629V,0.000A,1.616V,0.000A,1.608V,0.004A,1.624V,0.000A,1.618V,0.000A
2024-06-18 04:39:10.00,1.607V,0.000A,1.622V,0.007A,1.634V,0.000A,1.620V,0.000A,1.608V,0.000A,1.631V,0.006A,1.629V,0.000A,1.600V,0.000A
2024-06-18 04:39:11.00,1.626V,0.000A,1.604V,0.004A,1.619V,0.000A,1.616V,0.000A,1.596V,0.000A,1.607V,0.006A,1.633V,0.000A,1.611V,0.000A
2024-06-18 04:39:12.00,1.604V,0.000A,1.637V,0.005A,1.606V,0.000A,1.613V,0.000A,1.623V,0.000A,1.627V,0.000A,1.600V,0.000A,1.615V,0.000A
2024-06-18 04:39:13.00,1.618V,0.000A,1.625V,0.000A,1.592V,0.000A,1.617V,0.000A,1.624V,0.000A,1.596V,0.000A,1.598V,0.000A,1.622V,0.000A
2024-06-18 04:39:14.00,1.632V,0.000A,1.616V,0.002A,1.631V,0.000A,1.597V,0.000A,1.600V,0.000A,1.608V,0.008A,1.627V,0.000A,1.604V,0.000A
2024-06-18 04:39:15.00,1.608V,0.000A,1.620V,0.000A,1.599V,0.000A,1.620V,0.000A,1.623V,0.000A,1.597V,0.000A,1.600V,0.000A,1.617V,0.000A
2024-06-18 04:39:16.00,1.602V,0.000A,1.611V,0.000A,1.584V,0.000A,1.592V,0.000A,1.622V,0.000A,1.616V,0.000A,1.587V,0.000A,1.604V,0.000A
2024-06-18 04:39:17.00,1.575V,0.151A,1.571V,0.000A,1.551V,0.000A,1.572V,0.000A,1.558V,0.000A,1.542V,0.074A,1.543V,0.000A,1.574V,0.000A
2024-06-18 04:39:18.00,1.582V,0.014A,1.559V,0.000A,1.555V,0.000A,1.579V,0.000A,1.558V,0.000A,1.557V,0.087A,1.553V,0.018A,1.584V,0.000A
2024-06-18 04:39:19.00,1.565V,0.074A,1.567V,0.004A,1.588V,0.000A,1.591V,0.000A,1.570V,0.000A,1.543V,0.211A,1.558V,0.000A,1.597V,0.000A
2024-06-18 04:39:20.00,1.623V,0.000A,1.613V,0.000A,1.608V,0.000A,1.626V,0.000A,1.610V,0.000A,1.599V,0.000A,1.619V,0.000A,1.632V,0.000A
2024-06-18 04:39:21.00,1.609V,0.000A,1.629V,0.000A,1.596V,0.000A,1.618V,0.000A,1.620V,0.000A,1.628V,0.000A,1.602V,0.000A,1.619V,0.000A
2024-06-18 04:39:22.00,1.564V,0.017A,1.519V,0.169A,1.560V,0.000A,1.554V,0.000A,1.566V,0.000A,1.566V,0.037A,1.559V,0.000A,1.522V,0.000A
2024-06-18 04:39:23.00,1.631V,0.000A,1.601V,0.008A,1.618V,0.000A,1.612V,0.000A,1.617V,0.000A,1.608V,0.004A,1.622V,0.000A,1.619V,0.000A
2024-06-18 04:39:24.00,1.477V,0.000A,1.608V,0.000A,1.612V,0.000A,1.594V,0.000A,1.478V,0.000A,1.498V,0.001A,1.487V,0.000A,1.599V,0.000A
2024-06-18 04:39:25.00,1.617V,0.000A,1.615V,0.004A,1.628V,0.000A,1.608V,0.000A,1.604V,0.000A,1.620V,0.004A,1.625V,0.000A,1.596V,0.000A
2024-06-18 04:39:26.00,1.617V,0.000A,1.620V,0.003A,1.622V,0.000A,1.603V,0.000A,1.607V,0.000A,1.625V,0.004A,1.623V,0.000A,1.597V,0.000A
2024-06-18 04:39:27.00,1.600V,0.000A,1.625V,0.004A,1.620V,0.000A,1.616V,0.000A,1.614V,0.000A,1.629V,0.004A,1.616V,0.000A,1.603V,0.000A
2024-06-18 04:39:28.00,1.616V,0.000A,1.600V,0.003A,1.625V,0.000A,1.620V,0.000A,1.604V,0.000A,1.617V,0.006A,1.628V,0.000A,1.600V,0.000A
2024-06-18 04:39:29.00,1.636V,0.000A,1.635V,0.006A,1.621V,0.000A,1.600V,0.000A,1.637V,0.000A,1.604V,0.000A,1.595V,0.000A,1.608V,0.000A
2024-06-18 04:39:30.00,1.623V,0.000A,1.634V,0.000A,1.613V,0.000A,1.604V,0.000A,1.630V,0.000A,1.610V,0.000A,1.606V,0.000A,1.627V,0.000A
2024-06-18 04:39:31.00,1.600V,0.000A,1.612V,0.004A,1.631V,0.000A,1.609V,0.000A,1.614V,0.000A,1.629V,0.004A,1.621V,0.000A,1.597V,0.000A
2024-06-18 04:39:32.00,1.620V,0.000A,1.612V,0.000A,1.608V,0.000A,1.632V,0.000A,1.608V,0.000A,1.591V,0.005A,1.620V,0.000A,1.633V,0.000A
2024-06-18 04:39:33.00,1.626V,0.000A,1.612V,0.000A,1.595V,0.000A,1.619V,0.000A,1.601V,0.000A,1.604V,0.007A,1.625V,0.000A,1.630V,0.000A
2024-06-18 04:39:34.00,1.639V,0.000A,1.605V,0.000A,1.622V,0.000A,1.638V,0.000A,1.612V,0.000A,1.612V,0.009A,1.630V,0.000A,1.631V,0.000A
2024-06-18 04:39:35.00,1.616V,0.000A,1.608V,0.000A,1.613V,0.000A,1.628V,0.000A,1.634V,0.000A,1.600V,0.000A,1.621V,0.000A,1.628V,0.000A
2024-06-18 04:39:36.00,1.595V,0.000A,1.623V,0.004A,1.617V,0.000A,1.598V,0.000A,1.620V,0.000A,1.632V,0.006A,1.617V,0.000A,1.613V,0.000A
2024-06-18 04:39:37.00,1.613V,0.000A,1.625V,0.000A,1.606V,0.000A,1.627V,0.000A,1.629V,0.000A,1.608V,0.000A,1.603V,0.000A,1.628V,0.000A
2024-06-18 04:39:38.00,1.623V,0.000A,1.617V,0.004A,1.629V,0.000A,1.599V,0.000A,1.612V,0.000A,1.621V,0.005A,1.628V,0.000A,1.591V,0.000A
2024-06-18 04:39:39.00,1.625V,0.000A,1.618V,0.000A,1.601V,0.000A,1.627V,0.000A,1.617V,0.000A,1.594V,0.003A,1.612V,0.000A,1.636V,0.000A
2024-06-18 04:39:40.00,1.627V,0.000A,1.637V,0.003A,1.616V,0.000A,1.598V,0.000A,1.629V,0.000A,1.602V,0.000A,1.598V,0.000A,1.621V,0.000A
2024-06-18 04:39:41.00,1.626V,0.000A,1.604V,0.004A,1.623V,0.000A,1.636V,0.000A,1.629V,0.000A,1.606V,0.008A,1.624V,0.000A,1.629V,0.000A
2024-06-18 04:39:42.00,1.610V,0.000A,1.615V,0.006A,1.620V,0.000A,1.590V,0.000A,1.610V,0.000A,1.620V,0.005A,1.622V,0.000A,1.600V,0.000A
2024-06-18 04:39:43.00,1.610V,0.000A,1.630V,0.000A,1.594V,0.000A,1.605V,0.000A,1.628V,0.000A,1.612V,0.000A,1.596V,0.000A,1.611V,0.000A
2024-06-18 04:39:44.00,1.619V,0.000A,1.608V,0.002A,1.623V,0.000A,1.596V,0.000A,1.600V,0.000A,1.609V,0.004A,1.624V,0.000A,1.594V,0.000A
2024-06-18 04:39:45.00,1.611V,0.000A,1.604V,0.003A,1.620V,0.000A,1.591V,0.000A,1.610V,0.000A,1.597V,0.002A,1.608V,0.000A,1.603V,0.000A
2024-06-18 04:39:46.00,1.597V,0.000A,1.595V,0.001A,1.615V,0.000A,1.608V,0.000A,1.615V,0.000A,1.625V,0.000A,1.607V,0.000A,1.615V,0.000A
2024-06-18 04:39:47.00,1.631V,0.000A,1.625V,0.003A,1.597V,0.000A,1.622V,0.000A,1.599V,0.000A,1.613V,0.004A,1.623V,0.000A,1.616V,0.000A
2024-06-18 04:39:48.00,1.631V,0.000A,1.619V,0.004A,1.636V,0.000A,1.602V,0.000A,1.609V,0.000A,1.616V,0.005A,1.629V,0.000A,1.612V,0.000A
2024-06-18 04:39:49.00,1.608V,0.000A,1.628V,0.000A,1.609V,0.000A,1.624V,0.000A,1.623V,0.000A,1.626V,0.000A,1.604V,0.000A,1.617V,0.000A
2024-06-18 04:39:50.00,1.606V,0.000A,1.627V,0.000A,1.601V,0.000A,1.626V,0.000A,1.624V,0.000A,1.612V,0.000A,1.604V,0.000A,1.623V,0.000A
2024-06-18 04:39:51.00,1.612V,0.000A,1.615V,0.000A,1.620V,0.000A,1.634V,0.000A,1.620V,0.000A,1.617V,0.000A,1.608V,0.000A,1.628V,0.000A
2024-06-18 04:39:52.00,1.626V,0.000A,1.621V,0.001A,1.636V,0.000A,1.603V,0.000A,1.616V,0.000A,1.610V,0.007A,1.623V,0.000A,1.610V,0.000A
2024-06-18 04:39:53.00,1.634V,0.000A,1.625V,0.004A,1.614V,0.000A,1.611V,0.000A,1.609V,0.000A,1.627V,0.010A,1.625V,0.000A,1.612V,0.000A
2024-06-18 04:39:54.00,1.608V,0.000A,1.618V,0.000A,1.604V,0.000A,1.624V,0.000A,1.633V,0.000A,1.619V,0.000A,1.604V,0.000A,1.623V,0.000A
2024-06-18 04:39:55.00,1.605V,0.000A,1.629V,0.000A,1.600V,0.000A,1.624V,0.000A,1.629V,0.000A,1.632V,0.000A,1.600V,0.000A,1.620V,0.000A
2024-06-18 04:39:56.00,1.616V,0.000A,1.611V,0.003A,1.625V,0.000A,1.611V,0.000A,1.634V,0.000A,1.606V,0.005A,1.625V,0.000A,1.628V,0.000A
2024-06-18 04:39:57.00,1.624V,0.000A,1.609V,0.000A,1.621V,0.000A,1.604V,0.000A,1.633V,0.000A,1.596V,0.006A,1.615V,0.000A,1.620V,0.000A
2024-06-18 04:39:58.00,1.615V,0.000A,1.607V,0.000A,1.615V,0.000A,1.628V,0.000A,1.634V,0.000A,1.607V,0.000A,1.629V,0.000A,1.633V,0.000A
2024-06-18 04:39:59.00,1.596V,0.000A,1.623V,0.000A,1.606V,0.000A,1.625V,0.000A,1.607V,0.000A,1.618V,0.000A,1.593V,0.000A,1.615V,0.000A
2024-06-18 04:40:00.00,1.629V,0.000A,1.626V,0.001A,1.615V,0.000A,1.612V,0.000A,1.610V,0.000A,1.616V,0.006A,1.628V,0.000A,1.604V,0.000A
2024-06-18 04:40:01.00,1.608V,0.000A,1.627V,0.003A,1.609V,0.000A,1.620V,0.000A,1.616V,0.000A,1.622V,0.004A,1.616V,0.000A,1.608V,0.000A
2024-06-18 04:40:02.00,1.616V,0.000A,1.600V,0.004A,1.617V,0.000A,1.583V,0.000A,1.587V,0.000A,1.603V,0.003A,1.616V,0.000A,1.591V,0.000A
2024-06-18 04:40:03.00,1.593V,0.000A,1.604V,0.000A,1.593V,0.000A,1.608V,0.000A,1.614V,0.000A,1.598V,0.000A,1.596V,0.000A,1.610V,0.000A
2024-06-18 04:40:04.00,1.626V,0.000A,1.608V,0.000A,1.608V,0.000A,1.628V,0.000A,1.617V,0.000A,1.596V,0.000A,1.611V,0.000A,1.628V,0.000A
2024-06-18 04:40:05.00,1.606V,0.000A,1.593V,0.000A,1.591V,0.000A,1.602V,0.000A,1.615V,0.000A,1.583V,0.000A,1.595V,0.000A,1.607V,0.000A
2024-06-18 04:40:06.00,1.615V,0.000A,1.613V,0.002A,1.622V,0.000A,1.601V,0.000A,1.598V,0.000A,1.614V,0.005A,1.631V,0.000A,1.599V,0.000A
2024-06-18 04:40:07.00,1.595V,0.000A,1.611V,0.004A,1.612V,0.000A,1.587V,0.000A,1.600V,0.000A,1.613V,0.003A,1.604V,0.000A,1.597V,0.000A
2024-06-18 04:40:08.00,1.600V,0.000A,1.632V,0.000A,1.596V,0.000A,1.619V,0.000A,1.617V,0.000A,1.620V,0.000A,1.595V,0.000A,1.616V,0.000A
2024-06-18 04:40:09.00,1.608V,0.000A,1.612V,0.000A,1.581V,0.000A,1.604V,0.000A,1.592V,0.000A,1.602V,0.004A,1.599V,0.000A,1.603V,0.000A
2024-06-18 04:40:10.00,1.615V,0.000A,1.577V,0.001A,1.600V,0.000A,1.614V,0.000A,1.596V,0.000A,1.581V,0.001A,1.604V,0.000A,1.612V,0.000A
2024-06-18 04:40:11.00,1.612V,0.000A,1.594V,0.004A,1.616V,0.000A,1.610V,0.000A,1.596V,0.000A,1.596V,0.008A,1.612V,0.000A,1.602V,0.000A
2024-06-18 04:40:12.00,1.630V,0.000A,1.608V,0.004A,1.620V,0.000A,1.612V,0.000A,1.600V,0.000A,1.603V,0.003A,1.626V,0.000A,1.602V,0.000A
2024-06-18 04:40:13.00,1.622V,0.000A,1.600V,0.002A,1.612V,0.000A,1.623V,0.000A,1.617V,0.000A,1.603V,0.010A,1.626V,0.000A,1.620V,0.000A
2024-06-18 04:40:14.00,1.614V,0.000A,1.586V,0.000A,1.602V,0.000A,1.618V,0.000A,1.610V,0.000A,1.585V,0.000A,1.603V,0.000A,1.620V,0.000A
2024-06-18 04:40:15.00,1.600V,0.000A,1.587V,0.003A,1.610V,0.000A,1.610V,0.000A,1.601V,0.000A,1.581V,0.004A,1.601V,0.000A,1.614V,0.000A
2024-06-18 04:40:16.00,1.602V,0.000A,1.575V,0.001A,1.598V,0.000A,1.608V,0.000A,1.610V,0.000A,1.574V,0.004A,1.602V,0.000A,1.606V,0.000A
2024-06-18 04:40:17.00,1.616V,0.000A,1.612V,0.001A,1.619V,0.000A,1.625V,0.000A,1.629V,0.000A,1.607V,0.000A,1.612V,0.000A,1.628V,0.000A
2024-06-18 04:40:18.00,1.626V,0.000A,1.620V,0.005A,1.622V,0.000A,1.600V,0.000A,1.597V,0.000A,1.610V,0.003A,1.629V,0.000A,1.600V,0.000A
2024-06-18 04:40:19.00,1.603V,0.000A,1.620V,0.000A,1.597V,0.000A,1.613V,0.000A,1.623V,0.000A,1.618V,0.000A,1.611V,0.000A,1.617V,0.000A
2024-06-18 04:40:20.00,1.610V,0.000A,1.606V,0.003A,1.627V,0.000A,1.604V,0.000A,1.620V,0.000A,1.592V,0.002A,1.610V,0.000A,1.625V,0.000A
2024-06-18 04:40:21.00,1.628V,0.000A,1.624V,0.000A,1.620V,0.000A,1.622V,0.000A,1.600V,0.000A,1.605V,0.006A,1.604V,0.000A,1.619V,0.000A
2024-06-18 04:40:22.00,1.613V,0.000A,1.620V,0.002A,1.617V,0.000A,1.623V,0.000A,1.620V,0.000A,1.612V,0.005A,1.628V,0.000A,1.596V,0.000A
2024-06-18 04:40:23.00,1.619V,0.000A,1.612V,0.004A,1.596V,0.000A,1.612V,0.000A,1.630V,0.000A,1.602V,0.006A,1.618V,0.000A,1.599V,0.000A
2024-06-18 04:40:24.00,1.600V,0.000A,1.616V,0.002A,1.629V,0.000A,1.615V,0.000A,1.616V,0.000A,1.605V,0.004A,1.616V,0.000A,1.626V,0.000A
2024-06-18 04:40:25.00,1.600V,0.000A,1.604V,0.002A,1.620V,0.000A,1.599V,0.000A,1.619V,0.000A,1.605V,0.000A,1.618V,0.000A,1.630V,0.000A
2024-06-18 04:40:26.00,1.601V,0.000A,1.604V,0.001A,1.615V,0.000A,1.599V,0.000A,1.619V,0.000A,1.623V,0.000A,1.616V,0.000A,1.627V,0.000A
2024-06-18 04:40:27.00,1.623V,0.000A,1.601V,0.004A,1.614V,0.000A,1.603V,0.000A,1.620V,0.000A,1.624V,0.000A,1.604V,0.000A,1.614V,0.000A
2024-06-18 04:40:28.00,1.610V,0.000A,1.604V,0.000A,1.621V,0.000A,1.602V,0.000A,1.620V,0.000A,1.596V,0.000A,1.608V,0.000A,1.612V,0.000A
2024-06-18 04:40:29.00,1.598V,0.000A,1.594V,0.001A,1.605V,0.000A,1.583V,0.000A,1.613V,0.000A,1.587V,0.004A,1.600V,0.000A,1.608V,0.000A
2024-06-18 04:40:30.00,1.600V,0.000A,1.604V,0.003A,1.610V,0.000A,1.588V,0.000A,1.611V,0.000A,1.589V,0.003A,1.602V,0.000A,1.585V,0.000A
2024-06-18 04:40:31.00,1.612V,0.000A,1.597V,0.003A,1.620V,0.000A,1.602V,0.000A,1.621V,0.000A,1.601V,0.000A,1.619V,0.000A,1.627V,0.000A
2024-06-18 04:40:32.00,1.619V,0.000A,1.619V,0.002A,1.603V,0.000A,1.622V,0.000A,1.625V,0.000A,1.611V,0.001A,1.625V,0.000A,1.595V,0.000A
2024-06-18 04:40:33.00,1.578V,0.000A,1.587V,0.000A,1.602V,0.000A,1.608V,0.000A,1.604V,0.000A,1.605V,0.000A,1.590V,0.000A,1.607V,0.000A
2024-06-18 04:40:34.00,1.584V,0.000A,1.607V,0.000A,1.576V,0.000A,1.591V,0.000A,1.587V,0.000A,1.600V,0.002A,1.580V,0.000A,1.597V,0.000A
2024-06-18 04:40:35.00,1.609V,0.000A,1.584V,0.001A,1.604V,0.000A,1.612V,0.000A,1.616V,0.000A,1.583V,0.005A,1.602V,0.000A,1.614V,0.000A
2024-06-18 04:40:36.00,1.600V,0.000A,1.590V,0.004A,1.607V,0.000A,1.584V,0.000A,1.610V,0.000A,1.582V,0.002A,1.599V,0.000A,1.605V,0.000A
2024-06-18 04:40:37.00,1.579V,0.000A,1.611V,0.000A,1.583V,0.000A,1.607V,0.000A,1.594V,0.000A,1.604V,0.000A,1.577V,0.000A,1.604V,0.000A
2024-06-18 04:40:38.00,1.612V,0.000A,1.589V,0.004A,1.604V,0.000A,1.587V,0.000A,1.604V,0.000A,1.605V,0.000A,1.591V,0.000A,1.596V,0.000A
2024-06-18 04:40:39.00,1.604V,0.000A,1.600V,0.001A,1.592V,0.000A,1.612V,0.000A,1.592V,0.000A,1.600V,0.004A,1.614V,0.000A,1.591V,0.000A
2024-06-18 04:40:40.00,1.594V,0.000A,1.608V,0.002A,1.605V,0.000A,1.608V,0.000A,1.603V,0.000A,1.581V,0.003A,1.602V,0.000A,1.600V,0.000A
2024-06-18 04:40:41.00,1.603V,0.000A,1.613V,0.005A,1.584V,0.000A,1.604V,0.000A,1.596V,0.000A,1.601V,0.005A,1.613V,0.000A,1.598V,0.000A
2024-06-18 04:40:42.00,1.604V,0.000A,1.606V,0.000A,1.601V,0.000A,1.612V,0.000A,1.593V,0.000A,1.607V,0.002A,1.579V,0.000A,1.600V,0.000A
2024-06-18 04:40:43.00,1.605V,0.000A,1.616V,0.000A,1.591V,0.000A,1.610V,0.000A,1.587V,0.000A,1.604V,0.004A,1.606V,0.000A,1.600V,0.000A
2024-06-18 04:40:44.00,1.592V,0.000A,1.598V,0.005A,1.593V,0.000A,1.601V,0.000A,1.607V,0.000A,1.587V,0.003A,1.601V,0.000A,1.588V,0.000A
2024-06-18 04:40:45.00,1.613V,0.000A,1.613V,0.000A,1.575V,0.000A,1.592V,0.000A,1.579V,0.000A,1.595V,0.004A,1.604V,0.000A,1.603V,0.000A
2024-06-18 04:40:46.00,1.598V,0.000A,1.600V,0.002A,1.606V,0.000A,1.591V,0.000A,1.607V,0.000A,1.576V,0.002A,1.600V,0.000A,1.601V,0.000A
2024-06-18 04:40:47.00,1.542V,0.006A,1.558V,0.029A,1.571V,0.000A,1.550V,0.000A,1.539V,0.000A,1.525V,0.039A,1.542V,0.029A,1.543V,0.000A
2024-06-18 04:40:48.00,1.580V,0.000A,1.594V,0.002A,1.604V,0.000A,1.585V,0.000A,1.591V,0.000A,1.576V,0.002A,1.595V,0.000A,1.602V,0.000A
2024-06-18 04:40:49.00,1.493V,0.012A,1.561V,0.087A,1.550V,0.000A,1.566V,0.000A,1.505V,0.000A,1.547V,0.014A,1.539V,0.005A,1.550V,0.000A
2024-06-18 04:40:50.00,1.601V,0.000A,1.600V,0.000A,1.587V,0.000A,1.587V,0.000A,1.595V,0.000A,1.600V,0.004A,1.607V,0.000A,1.601V,0.000A
2024-06-18 04:40:51.00,1.562V,0.000A,1.552V,0.008A,1.568V,0.000A,1.608V,0.000A,1.562V,0.000A,1.582V,0.005A,1.559V,0.004A,1.576V,0.000A
2024-06-18 04:40:52.00,1.579V,0.000A,1.596V,0.000A,1.582V,0.000A,1.593V,0.000A,1.591V,0.000A,1.588V,0.000A,1.596V,0.000A,1.592V,0.000A
2024-06-18 04:40:53.00,1.600V,0.000A,1.593V,0.000A,1.599V,0.000A,1.590V,0.000A,1.590V,0.000A,1.600V,0.005A,1.589V,0.000A,1.597V,0.000A
2024-06-18 04:40:54.00,1.488V,0.077A,1.509V,0.043A,1.520V,0.000A,1.488V,0.000A,1.513V,0.000A,1.494V,0.052A,1.499V,0.123A,1.508V,0.000A
2024-06-18 04:40:55.00,1.606V,0.000A,1.597V,0.004A,1.583V,0.000A,1.604V,0.000A,1.615V,0.000A,1.587V,0.003A,1.605V,0.000A,1.592V,0.000A
2024-06-18 04:40:56.00,1.602V,0.000A,1.606V,0.001A,1.587V,0.000A,1.612V,0.000A,1.612V,0.000A,1.591V,0.002A,1.600V,0.000A,1.593V,0.000A
2024-06-18 04:40:57.00,1.600V,0.000A,1.606V,0.000A,1.601V,0.000A,1.599V,0.000A,1.583V,0.000A,1.598V,0.007A,1.596V,0.000A,1.608V,0.000A
2024-06-18 04:40:58.00,1.594V,0.000A,1.587V,0.001A,1.593V,0.000A,1.585V,0.000A,1.605V,0.000A,1.600V,0.000A,1.594V,0.000A,1.612V,0.000A
2024-06-18 04:40:59.00,1.590V,0.000A,1.599V,0.008A,1.614V,0.000A,1.591V,0.000A,1.607V,0.000A,1.578V,0.005A,1.605V,0.000A,1.586V,0.000A
2024-06-18 04:41:00.00,1.588V,0.000A,1.606V,0.002A,1.585V,0.000A,1.605V,0.000A,1.592V,0.000A,1.595V,0.000A,1.611V,0.000A,1.593V,0.000A
2024-06-18 04:41:01.00,1.591V,0.000A,1.604V,0.003A,1.595V,0.000A,1.604V,0.000A,1.602V,0.000A,1.585V,0.003A,1.597V,0.000A,1.591V,0.000A
2024-06-18 04:41:02.00,1.598V,0.000A,1.603V,0.002A,1.591V,0.000A,1.604V,0.000A,1.613V,0.000A,1.600V,0.005A,1.608V,0.000A,1.588V,0.000A
2024-06-18 04:41:03.00,1.605V,0.000A,1.606V,0.003A,1.583V,0.000A,1.602V,0.000A,1.612V,0.000A,1.596V,0.006A,1.613V,0.000A,1.585V,0.000A
2024-06-18 04:41:04.00,1.604V,0.000A,1.599V,0.004A,1.608V,0.000A,1.593V,0.000A,1.612V,0.000A,1.597V,0.004A,1.613V,0.000A,1.604V,0.000A
2024-06-18 04:41:05.00,1.583V,0.000A,1.597V,0.004A,1.607V,0.000A,1.591V,0.000A,1.603V,0.000A,1.583V,0.002A,1.599V,0.000A,1.609V,0.000A
2024-06-18 04:41:06.00,1.605V,0.000A,1.607V,0.000A,1.592V,0.000A,1.613V,0.000A,1.599V,0.000A,1.609V,0.004A,1.585V,0.000A,1.607V,0.000A
2024-06-18 04:41:07.00,1.610V,0.000A,1.615V,0.000A,1.603V,0.000A,1.608V,0.000A,1.592V,0.000A,1.604V,0.003A,1.598V,0.000A,1.607V,0.000A
2024-06-18 04:41:08.00,1.603V,0.000A,1.608V,0.001A,1.598V,0.000A,1.608V,0.000A,1.615V,0.000A,1.596V,0.005A,1.609V,0.000A,1.583V,0.000A
2024-06-18 04:41:09.00,1.586V,0.000A,1.600V,0.000A,1.583V,0.000A,1.598V,0.000A,1.598V,0.000A,1.582V,0.004A,1.595V,0.000A,1.583V,0.000A
2024-06-18 04:41:10.00,1.616V,0.000A,1.603V,0.000A,1.596V,0.000A,1.620V,0.000A,1.585V,0.000A,1.601V,0.006A,1.593V,0.000A,1.612V,0.000A
2024-06-18 04:41:11.00,1.600V,0.000A,1.598V,0.000A,1.591V,0.000A,1.596V,0.000A,1.585V,0.000A,1.597V,0.004A,1.607V,0.000A,1.603V,0.000A
2024-06-18 04:41:12.00,1.598V,0.000A,1.598V,0.002A,1.583V,0.000A,1.601V,0.000A,1.613V,0.000A,1.597V,0.004A,1.606V,0.000A,1.578V,0.000A
2024-06-18 04:41:13.00,1.527V,0.032A,1.542V,0.000A,1.532V,0.000A,1.571V,0.000A,1.562V,0.000A,1.540V,0.050A,1.533V,0.031A,1.563V,0.000A
2024-06-18 04:41:14.00,1.604V,0.000A,1.587V,0.009A,1.575V,0.000A,1.592V,0.000A,1.608V,0.000A,1.580V,0.005A,1.583V,0.000A,1.576V,0.000A
2024-06-18 04:41:15.00,1.606V,0.000A,1.606V,0.000A,1.595V,0.000A,1.615V,0.000A,1.615V,0.000A,1.597V,0.004A,1.611V,0.000A,1.600V,0.000A
2024-06-18 04:41:16.00,1.592V,0.000A,1.608V,0.001A,1.609V,0.000A,1.603V,0.000A,1.610V,0.000A,1.583V,0.003A,1.602V,0.000A,1.600V,0.000A
2024-06-18 04:41:17.00,1.587V,0.000A,1.592V,0.004A,1.608V,0.000A,1.587V,0.000A,1.606V,0.000A,1.602V,0.000A,1.600V,0.000A,1.612V,0.000A
2024-06-18 04:41:18.00,1.607V,0.000A,1.603V,0.001A,1.610V,0.000A,1.591V,0.000A,1.616V,0.000A,1.587V,0.004A,1.600V,0.000A,1.587V,0.000A
2024-06-18 04:41:19.00,1.601V,0.000A,1.604V,0.003A,1.580V,0.000A,1.610V,0.000A,1.589V,0.000A,1.596V,0.006A,1.615V,0.000A,1.586V,0.000A
2024-06-18 04:41:20.00,1.596V,0.000A,1.602V,0.004A,1.613V,0.000A,1.587V,0.000A,1.608V,0.000A,1.581V,0.004A,1.600V,0.000A,1.594V,0.000A
2024-06-18 04:41:21.00,1.608V,0.000A,1.602V,0.005A,1.592V,0.000A,1.604V,0.000A,1.593V,0.000A,1.605V,0.005A,1.617V,0.000A,1.588V,0.000A
2024-06-18 04:41:22.00,1.583V,0.000A,1.585V,0.004A,1.606V,0.000A,1.599V,0.000A,1.599V,0.000A,1.603V,0.000A,1.594V,0.000A,1.608V,0.000A
2024-06-18 04:41:23.00,1.540V,0.000A,1.563V,0.049A,1.533V,0.000A,1.547V,0.000A,1.565V,0.000A,1.571V,0.014A,1.537V,0.000A,1.558V,0.000A
2024-06-18 04:41:24.00,1.592V,0.000A,1.570V,0.033A,1.558V,0.000A,1.550V,0.000A,1.556V,0.000A,1.581V,0.008A,1.597V,0.000A,1.543V,0.000A
2024-06-18 04:41:25.00,1.509V,0.067A,1.520V,0.008A,1.484V,0.000A,1.511V,0.000A,1.521V,0.000A,1.516V,0.004A,1.522V,0.082A,1.515V,0.000A
2024-06-18 04:41:26.00,1.592V,0.000A,1.598V,0.000A,1.608V,0.000A,1.610V,0.000A,1.604V,0.000A,1.611V,0.000A,1.580V,0.000A,1.604V,0.000A
2024-06-18 04:41:27.00,1.604V,0.000A,1.607V,0.007A,1.608V,0.000A,1.579V,0.000A,1.608V,0.000A,1.592V,0.004A,1.608V,0.000A,1.596V,0.000A
2024-06-18 04:41:28.00,1.603V,0.000A,1.591V,0.000A,1.595V,0.000A,1.608V,0.000A,1.587V,0.000A,1.604V,0.004A,1.585V,0.000A,1.601V,0.000A
2024-06-18 04:41:29.00,1.604V,0.000A,1.601V,0.000A,1.590V,0.000A,1.603V,0.000A,1.601V,0.000A,1.600V,0.004A,1.614V,0.000A,1.586V,0.000A
2024-06-18 04:41:30.00,1.589V,0.000A,1.594V,0.000A,1.606V,0.000A,1.587V,0.000A,1.601V,0.000A,1.587V,0.000A,1.600V,0.000A,1.616V,0.000A
2024-06-18 04:41:31.00,1.597V,0.000A,1.592V,0.001A,1.607V,0.000A,1.579V,0.000A,1.608V,0.000A,1.574V,0.000A,1.600V,0.000A,1.604V,0.000A
2024-06-18 04:41:32.00,1.604V,0.000A,1.598V,0.003A,1.615V,0.000A,1.583V,0.000A,1.604V,0.000A,1.592V,0.005A,1.613V,0.000A,1.600V,0.000A
2024-06-18 04:41:33.00,1.619V,0.000A,1.605V,0.001A,1.591V,0.000A,1.608V,0.000A,1.589V,0.000A,1.601V,0.004A,1.612V,0.000A,1.582V,0.000A
2024-06-18 04:41:34.00,1.588V,0.000A,1.584V,0.000A,1.603V,0.000A,1.611V,0.000A,1.603V,0.000A,1.612V,0.000A,1.600V,0.000A,1.604V,0.000A
2024-06-18 04:41:35.00,1.607V,0.000A,1.597V,0.002A,1.610V,0.000A,1.595V,0.000A,1.592V,0.000A,1.600V,0.006A,1.610V,0.000A,1.581V,0.000A
2024-06-18 04:41:36.00,1.608V,0.000A,1.605V,0.001A,1.583V,0.000A,1.603V,0.000A,1.586V,0.000A,1.598V,0.004A,1.606V,0.000A,1.594V,0.000A
2024-06-18 04:41:37.00,1.604V,0.000A,1.580V,0.004A,1.602V,0.000A,1.606V,0.000A,1.610V,0.000A,1.577V,0.001A,1.601V,0.000A,1.612V,0.000A
2024-06-18 04:41:38.00,1.611V,0.000A,1.605V,0.000A,1.601V,0.000A,1.596V,0.000A,1.584V,0.000A,1.600V,0.006A,1.604V,0.000A,1.583V,0.000A
2024-06-18 04:41:39.00,1.610V,0.000A,1.603V,0.004A,1.608V,0.000A,1.596V,0.000A,1.589V,0.000A,1.594V,0.004A,1.611V,0.000A,1.579V,0.000A
2024-06-18 04:41:40.00,1.611V,0.000A,1.611V,0.000A,1.579V,0.000A,1.606V,0.000A,1.587V,0.000A,1.598V,0.003A,1.596V,0.000A,1.601V,0.000A
2024-06-18 04:41:41.00,1.597V,0.000A,1.613V,0.000A,1.600V,0.000A,1.611V,0.000A,1.592V,0.000A,1.603V,0.006A,1.585V,0.000A,1.604V,0.000A
2024-06-18 04:41:42.00,1.595V,0.000A,1.587V,0.003A,1.601V,0.000A,1.603V,0.000A,1.608V,0.000A,1.574V,0.000A,1.602V,0.000A,1.605V,0.000A
2024-06-18 04:41:43.00,1.595V,0.000A,1.587V,0.004A,1.609V,0.000A,1.599V,0.000A,1.605V,0.000A,1.583V,0.003A,1.608V,0.000A,1.613V,0.000A
2024-06-18 04:41:44.00,1.583V,0.000A,1.584V,0.003A,1.601V,0.000A,1.606V,0.000A,1.602V,0.000A,1.591V,0.000A,1.600V,0.000A,1.616V,0.000A
2024-06-18 04:41:45.00,1.614V,0.000A,1.600V,0.000A,1.604V,0.000A,1.591V,0.000A,1.592V,0.000A,1.603V,0.002A,1.613V,0.000A,1.580V,0.000A
2024-06-18 04:41:46.00,1.600V,0.000A,1.603V,0.000A,1.600V,0.000A,1.604V,0.000A,1.613V,0.000A,1.579V,0.004A,1.595V,0.000A,1.596V,0.000A
2024-06-18 04:41:47.00,1.600V,0.000A,1.603V,0.000A,1.606V,0.000A,1.617V,0.000A,1.594V,0.000A,1.604V,0.005A,1.591V,0.000A,1.600V,0.000A
2024-06-18 04:41:48.00,1.590V,0.000A,1.599V,0.004A,1.594V,0.000A,1.607V,0.000A,1.611V,0.000A,1.596V,0.005A,1.604V,0.000A,1.582V,0.000A
2024-06-18 04:41:49.00,1.572V,0.000A,1.579V,0.004A,1.586V,0.000A,1.585V,0.000A,1.586V,0.000A,1.586V,0.000A,1.591V,0.000A,1.599V,0.000A
2024-06-18 04:41:50.00,1.596V,0.000A,1.603V,0.000A,1.575V,0.000A,1.594V,0.000A,1.574V,0.000A,1.592V,0.000A,1.600V,0.000A,1.593V,0.000A
2024-06-18 04:41:51.00,1.581V,0.000A,1.583V,0.000A,1.598V,0.000A,1.580V,0.000A,1.588V,0.000A,1.590V,0.000A,1.599V,0.000A,1.607V,0.000A
2024-06-18 04:41:52.00,1.599V,0.000A,1.597V,0.000A,1.576V,0.000A,1.591V,0.000A,1.583V,0.000A,1.591V,0.000A,1.604V,0.000A,1.586V,0.000A
2024-06-18 04:41:53.00,1.604V,0.000A,1.603V,0.004A,1.581V,0.000A,1.607V,0.000A,1.606V,0.000A,1.591V,0.006A,1.608V,0.000A,1.585V,0.000A
2024-06-18 04:41:54.00,1.575V,0.000A,1.600V,0.000A,1.583V,0.000A,1.596V,0.000A,1.600V,0.000A,1.583V,0.003A,1.596V,0.000A,1.591V,0.000A
2024-06-18 04:41:55.00,1.601V,0.000A,1.598V,0.000A,1.605V,0.000A,1.608V,0.000A,1.596V,0.000A,1.592V,0.002A,1.596V,0.000A,1.601V,0.000A
2024-06-18 04:41:56.00,1.598V,0.000A,1.592V,0.004A,1.610V,0.000A,1.606V,0.000A,1.589V,0.000A,1.604V,0.001A,1.604V,0.000A,1.604V,0.000A
2024-06-18 04:41:57.00,1.601V,0.000A,1.611V,0.000A,1.600V,0.000A,1.604V,0.000A,1.613V,0.000A,1.595V,0.004A,1.612V,0.000A,1.600V,0.000A
2024-06-18 04:41:58.00,1.525V,0.029A,1.514V,0.025A,1.528V,0.000A,1.491V,0.000A,1.496V,0.000A,1.559V,0.008A,1.570V,0.065A,1.559V,0.000A
2024-06-18 04:41:59.00,1.603V,0.000A,1.604V,0.000A,1.607V,0.000A,1.611V,0.000A,1.588V,0.000A,1.599V,0.007A,1.596V,0.000A,1.604V,0.000A
2024-06-18 04:42:00.00,1.600V,0.000A,1.609V,0.002A,1.599V,0.000A,1.614V,0.000A,1.609V,0.000A,1.590V,0.001A,1.607V,0.000A,1.593V,0.000A
2024-06-18 04:42:01.00,1.602V,0.000A,1.604V,0.003A,1.587V,0.000A,1.604V,0.000A,1.610V,0.000A,1.587V,0.000A,1.603V,0.000A,1.592V,0.000A
2024-06-18 04:42:02.00,1.597V,0.000A,1.603V,0.002A,1.585V,0.000A,1.601V,0.000A,1.609V,0.000A,1.586V,0.002A,1.611V,0.000A,1.589V,0.000A
2024-06-18 04:42:03.00,1.599V,0.000A,1.606V,0.001A,1.580V,0.000A,1.597V,0.000A,1.608V,0.000A,1.596V,0.005A,1.611V,0.000A,1.587V,0.000A
2024-06-18 04:42:04.00,1.594V,0.000A,1.600V,0.004A,1.589V,0.000A,1.612V,0.000A,1.602V,0.000A,1.587V,0.004A,1.604V,0.000A,1.587V,0.000A
2024-06-18 04:42:05.00,1.600V,0.000A,1.604V,0.000A,1.604V,0.000A,1.596V,0.000A,1.593V,0.000A,1.602V,0.002A,1.595V,0.000A,1.606V,0.000A
2024-06-18 04:42:06.00,1.591V,0.000A,1.602V,0.001A,1.586V,0.000A,1.596V,0.000A,1.602V,0.000A,1.583V,0.004A,1.600V,0.000A,1.590V,0.000A
2024-06-18 04:42:07.00,1.588V,0.000A,1.599V,0.004A,1.611V,0.000A,1.606V,0.000A,1.590V,0.000A,1.577V,0.000A,1.598V,0.000A,1.601V,0.000A
2024-06-18 04:42:08.00,1.587V,0.000A,1.592V,0.002A,1.604V,0.000A,1.583V,0.000A,1.600V,0.000A,1.599V,0.000A,1.602V,0.000A,1.613V,0.000A
2024-06-18 04:42:09.00,1.603V,0.000A,1.607V,0.001A,1.597V,0.000A,1.601V,0.000A,1.586V,0.000A,1.595V,0.001A,1.607V,0.000A,1.603V,0.000A
2024-06-18 04:42:10.00,1.601V,0.000A,1.610V,0.000A,1.598V,0.000A,1.609V,0.000A,1.605V,0.000A,1.599V,0.004A,1.613V,0.000A,1.599V,0.000A
2024-06-18 04:42:11.00,1.538V,0.000A,1.525V,0.000A,1.534V,0.007A,1.591V,0.000A,1.530V,0.018A,1.522V,0.007A,1.521V,0.000A,1.533V,0.011A
2024-06-18 04:42:12.00,1.600V,0.000A,1.600V,0.006A,1.584V,0.000A,1.601V,0.000A,1.602V,0.000A,1.589V,0.003A,1.604V,0.000A,1.584V,0.000A
2024-06-18 04:42:13.00,1.582V,0.000A,1.594V,0.003A,1.580V,0.000A,1.595V,0.000A,1.601V,0.000A,1.579V,0.004A,1.598V,0.000A,1.588V,0.000A
2024-06-18 04:42:14.00,1.536V,0.000A,1.504V,0.007A,1.508V,0.141A,1.515V,0.050A,1.517V,0.000A,1.522V,0.016A,1.533V,0.000A,1.510V,0.004A
2024-06-18 04:42:15.00,1.589V,0.000A,1.596V,0.000A,1.612V,0.000A,1.592V,0.000A,1.605V,0.000A,1.600V,0.001A,1.603V,0.000A,1.606V,0.000A
2024-06-18 04:42:16.00,1.596V,0.000A,1.606V,0.001A,1.594V,0.000A,1.606V,0.000A,1.615V,0.000A,1.591V,0.002A,1.608V,0.000A,1.589V,0.000A
2024-06-18 04:42:17.00,1.606V,0.000A,1.583V,0.000A,1.600V,0.000A,1.585V,0.000A,1.585V,0.000A,1.600V,0.005A,1.585V,0.000A,1.599V,0.000A
2024-06-18 04:42:18.00,1.596V,0.000A,1.590V,0.001A,1.600V,0.000A,1.597V,0.000A,1.589V,0.000A,1.596V,0.004A,1.585V,0.000A,1.593V,0.000A
2024-06-18 04:42:19.00,1.600V,0.000A,1.600V,0.000A,1.603V,0.000A,1.608V,0.000A,1.594V,0.000A,1.597V,0.003A,1.596V,0.000A,1.601V,0.000A
2024-06-18 04:42:20.00,1.595V,0.000A,1.592V,0.002A,1.608V,0.000A,1.579V,0.000A,1.605V,0.000A,1.600V,0.000A,1.598V,0.000A,1.615V,0.000A
2024-06-18 04:42:21.00,1.601V,0.000A,1.606V,0.001A,1.587V,0.000A,1.592V,0.000A,1.601V,0.000A,1.601V,0.003A,1.613V,0.000A,1.591V,0.000A
2024-06-18 04:42:22.00,1.550V,0.006A,1.517V,0.189A,1.507V,0.000A,1.497V,0.000A,1.536V,0.000A,1.518V,0.016A,1.543V,0.018A,1.511V,0.000A
2024-06-18 04:42:23.00,1.581V,0.000A,1.583V,0.005A,1.583V,0.000A,1.577V,0.000A,1.592V,0.000A,1.583V,0.031A,1.588V,0.000A,1.583V,0.000A
2024-06-18 04:42:24.00,1.596V,0.000A,1.591V,0.000A,1.603V,0.000A,1.602V,0.000A,1.602V,0.000A,1.604V,0.001A,1.590V,0.000A,1.600V,0.000A
2024-06-18 04:42:25.00,1.587V,0.000A,1.602V,0.004A,1.592V,0.000A,1.603V,0.000A,1.597V,0.000A,1.583V,0.003A,1.596V,0.000A,1.591V,0.000A
2024-06-18 04:42:26.00,1.608V,0.000A,1.603V,0.000A,1.596V,0.000A,1.612V,0.000A,1.588V,0.000A,1.606V,0.003A,1.583V,0.000A,1.599V,0.000A
2024-06-18 04:42:27.00,1.605V,0.000A,1.606V,0.000A,1.583V,0.000A,1.602V,0.000A,1.594V,0.000A,1.598V,0.002A,1.613V,0.000A,1.584V,0.000A
2024-06-18 04:42:28.00,1.593V,0.000A,1.596V,0.002A,1.582V,0.000A,1.598V,0.000A,1.606V,0.000A,1.587V,0.004A,1.595V,0.000A,1.579V,0.000A
2024-06-18 04:42:29.00,1.605V,0.000A,1.590V,0.004A,1.613V,0.000A,1.587V,0.000A,1.600V,0.000A,1.612V,0.000A,1.600V,0.000A,1.606V,0.000A
2024-06-18 04:42:30.00,1.599V,0.000A,1.588V,0.002A,1.607V,0.000A,1.589V,0.000A,1.600V,0.000A,1.608V,0.000A,1.598V,0.000A,1.603V,0.000A
2024-06-18 04:42:31.00,1.598V,0.000A,1.579V,0.004A,1.613V,0.000A,1.597V,0.000A,1.606V,0.000A,1.590V,0.000A,1.597V,0.000A,1.606V,0.000A
2024-06-18 04:42:32.00,1.583V,0.000A,1.583V,0.001A,1.598V,0.000A,1.584V,0.000A,1.600V,0.000A,1.594V,0.000A,1.602V,0.000A,1.608V,0.000A
2024-06-18 04:42:33.00,1.587V,0.000A,1.578V,0.000A,1.593V,0.000A,1.603V,0.000A,1.603V,0.000A,1.593V,0.000A,1.598V,0.000A,1.612V,0.000A
2024-06-18 04:42:34.00,1.596V,0.000A,1.597V,0.002A,1.593V,0.000A,1.598V,0.000A,1.583V,0.000A,1.605V,0.005A,1.604V,0.000A,1.587V,0.000A
2024-06-18 04:42:35.00,1.613V,0.000A,1.587V,0.001A,1.597V,0.000A,1.585V,0.000A,1.596V,0.000A,1.600V,0.003A,1.593V,0.000A,1.601V,0.000A
2024-06-18 04:42:36.00,1.608V,0.000A,1.593V,0.004A,1.610V,0.000A,1.599V,0.000A,1.588V,0.000A,1.600V,0.000A,1.590V,0.000A,1.603V,0.000A
2024-06-18 04:42:37.00,1.605V,0.000A,1.593V,0.003A,1.579V,0.000A,1.596V,0.000A,1.615V,0.000A,1.591V,0.005A,1.611V,0.000A,1.587V,0.000A
2024-06-18 04:42:38.00,1.588V,0.000A,1.585V,0.000A,1.603V,0.000A,1.613V,0.000A,1.604V,0.000A,1.612V,0.000A,1.595V,0.000A,1.596V,0.000A
2024-06-18 04:42:39.00,1.604V,0.000A,1.601V,0.001A,1.600V,0.000A,1.607V,0.000A,1.616V,0.000A,1.596V,0.007A,1.601V,0.000A,1.583V,0.000A
2024-06-18 04:42:40.00,1.608V,0.000A,1.592V,0.000A,1.604V,0.000A,1.601V,0.000A,1.586V,0.000A,1.598V,0.003A,1.580V,0.000A,1.596V,0.000A
2024-06-18 04:42:41.00,1.615V,0.000A,1.594V,0.001A,1.604V,0.000A,1.596V,0.000A,1.589V,0.000A,1.596V,0.005A,1.588V,0.000A,1.596V,0.000A
2024-06-18 04:42:42.00,1.612V,0.000A,1.591V,0.004A,1.597V,0.000A,1.585V,0.000A,1.598V,0.000A,1.612V,0.000A,1.583V,0.000A,1.597V,0.000A
2024-06-18 04:42:43.00,1.597V,0.000A,1.603V,0.003A,1.588V,0.000A,1.608V,0.000A,1.605V,0.000A,1.590V,0.004A,1.612V,0.000A,1.587V,0.000A
2024-06-18 04:42:44.00,1.584V,0.000A,1.591V,0.000A,1.600V,0.000A,1.606V,0.000A,1.604V,0.000A,1.602V,0.000A,1.590V,0.000A,1.604V,0.000A
2024-06-18 04:42:45.00,1.604V,0.000A,1.596V,0.000A,1.604V,0.000A,1.615V,0.000A,1.602V,0.000A,1.601V,0.000A,1.579V,0.000A,1.592V,0.000A
2024-06-18 04:42:46.00,1.590V,0.000A,1.602V,0.004A,1.611V,0.000A,1.604V,0.000A,1.603V,0.000A,1.584V,0.002A,1.605V,0.000A,1.608V,0.000A
2024-06-18 04:42:47.00,1.599V,0.000A,1.601V,0.005A,1.611V,0.000A,1.590V,0.000A,1.606V,0.000A,1.588V,0.002A,1.604V,0.000A,1.592V,0.000A
2024-06-18 04:42:48.00,1.600V,0.000A,1.596V,0.004A,1.605V,0.000A,1.581V,0.000A,1.603V,0.000A,1.572V,0.000A,1.596V,0.000A,1.604V,0.000A
2024-06-18 04:42:49.00,1.578V,0.000A,1.594V,0.006A,1.608V,0.000A,1.583V,0.000A,1.601V,0.000A,1.596V,0.000A,1.600V,0.000A,1.608V,0.000A
2024-06-18 04:42:50.00,1.599V,0.000A,1.612V,0.001A,1.588V,0.000A,1.608V,0.000A,1.591V,0.000A,1.596V,0.005A,1.604V,0.000A,1.597V,0.000A
2024-06-18 04:42:51.00,1.605V,0.000A,1.601V,0.004A,1.586V,0.000A,1.596V,0.000A,1.599V,0.000A,1.601V,0.004A,1.612V,0.000A,1.588V,0.000A
2024-06-18 04:42:52.00,1.600V,0.000A,1.586V,0.001A,1.605V,0.000A,1.578V,0.000A,1.598V,0.000A,1.571V,0.003A,1.592V,0.000A,1.596V,0.000A
2024-06-18 04:42:53.00,1.592V,0.000A,1.591V,0.002A,1.571V,0.000A,1.587V,0.000A,1.578V,0.000A,1.590V,0.000A,1.596V,0.000A,1.577V,0.000A
2024-06-18 04:42:54.00,1.583V,0.000A,1.571V,0.000A,1.592V,0.000A,1.578V,0.000A,1.597V,0.000A,1.600V,0.001A,1.585V,0.000A,1.590V,0.000A
2024-06-18 04:42:55.00,1.594V,0.000A,1.594V,0.000A,1.571V,0.000A,1.590V,0.000A,1.586V,0.000A,1.593V,0.004A,1.606V,0.000A,1.585V,0.000A
2024-06-18 04:42:56.00,1.604V,0.000A,1.600V,0.001A,1.580V,0.000A,1.600V,0.000A,1.605V,0.000A,1.598V,0.004A,1.608V,0.000A,1.585V,0.000A
2024-06-18 04:42:57.00,1.591V,0.000A,1.587V,0.004A,1.596V,0.000A,1.587V,0.000A,1.604V,0.000A,1.604V,0.000A,1.600V,0.000A,1.603V,0.000A
2024-06-18 04:42:58.00,1.609V,0.000A,1.598V,0.000A,1.602V,0.000A,1.607V,0.000A,1.584V,0.000A,1.597V,0.002A,1.589V,0.000A,1.598V,0.000A
2024-06-18 04:42:59.00,1.598V,0.000A,1.584V,0.004A,1.602V,0.000A,1.600V,0.000A,1.590V,0.000A,1.599V,0.004A,1.587V,0.000A,1.595V,0.000A
2024-06-18 04:43:00.00,1.606V,0.000A,1.612V,0.002A,1.584V,0.000A,1.600V,0.000A,1.584V,0.000A,1.600V,0.005A,1.612V,0.000A,1.585V,0.000A
2024-06-18 04:43:01.00,1.579V,0.000A,1.564V,0.002A,1.585V,0.000A,1.575V,0.000A,1.597V,0.000A,1.591V,0.000A,1.585V,0.000A,1.593V,0.000A
2024-06-18 04:43:02.00,1.582V,0.000A,1.601V,0.004A,1.605V,0.000A,1.589V,0.000A,1.603V,0.000A,1.584V,0.000A,1.593V,0.000A,1.599V,0.000A
2024-06-18 04:43:03.00,1.517V,0.000A,1.548V,0.123A,1.533V,0.000A,1.513V,0.000A,1.526V,0.000A,1.542V,0.079A,1.535V,0.002A,1.537V,0.000A
2024-06-18 04:43:04.00,1.521V,0.000A,1.533V,0.062A,1.500V,0.000A,1.506V,0.000A,1.509V,0.000A,1.525V,0.081A,1.519V,0.060A,1.511V,0.000A
2024-06-18 04:43:05.00,1.571V,0.000A,1.596V,0.013A,1.567V,0.000A,1.586V,0.000A,1.554V,0.000A,1.571V,0.020A,1.569V,0.000A,1.580V,0.000A
2024-06-18 04:43:06.00,1.601V,0.000A,1.596V,0.004A,1.610V,0.000A,1.581V,0.000A,1.611V,0.000A,1.578V,0.004A,1.598V,0.000A,1.593V,0.000A
2024-06-18 04:43:07.00,1.575V,0.000A,1.598V,0.006A,1.605V,0.000A,1.590V,0.000A,1.596V,0.000A,1.605V,0.006A,1.591V,0.000A,1.576V,0.000A
2024-06-18 04:43:08.00,1.598V,0.000A,1.593V,0.001A,1.598V,0.000A,1.586V,0.000A,1.600V,0.000A,1.586V,0.004A,1.599V,0.000A,1.593V,0.000A
2024-06-18 04:43:09.00,1.599V,0.000A,1.599V,0.004A,1.612V,0.000A,1.581V,0.000A,1.591V,0.000A,1.590V,0.004A,1.604V,0.000A,1.589V,0.000A
2024-06-18 04:43:10.00,1.510V,0.000A,1.481V,0.001A,1.487V,0.167A,1.515V,0.041A,1.520V,0.011A,1.489V,0.010A,1.492V,0.000A,1.520V,0.006A
2024-06-18 04:43:11.00,1.492V,0.000A,1.504V,0.008A,1.512V,0.145A,1.513V,0.045A,1.529V,0.024A,1.514V,0.004A,1.494V,0.000A,1.517V,0.016A
2024-06-18 04:43:12.00,1.570V,0.000A,1.578V,0.000A,1.582V,0.037A,1.604V,0.001A,1.569V,0.000A,1.551V,0.010A,1.578V,0.000A,1.594V,0.000A
2024-06-18 04:43:13.00,1.509V,0.000A,1.475V,0.000A,1.522V,0.169A,1.513V,0.049A,1.504V,0.003A,1.483V,0.004A,1.510V,0.000A,1.517V,0.019A
2024-06-18 04:43:14.00,1.585V,0.000A,1.601V,0.000A,1.604V,0.000A,1.577V,0.000A,1.580V,0.000A,1.605V,0.004A,1.603V,0.000A,1.579V,0.000A
2024-06-18 04:43:15.00,1.521V,0.000A,1.561V,0.000A,1.521V,0.000A,1.563V,0.010A,1.552V,0.053A,1.562V,0.000A,1.524V,0.000A,1.567V,0.041A
2024-06-18 04:43:16.00,1.554V,0.000A,1.535V,0.000A,1.540V,0.013A,1.558V,0.016A,1.536V,0.000A,1.533V,0.012A,1.542V,0.000A,1.543V,0.015A
2024-06-18 04:43:17.00,1.543V,0.000A,1.558V,0.008A,1.554V,0.000A,1.548V,0.009A,1.552V,0.011A,1.565V,0.004A,1.550V,0.000A,1.540V,0.017A
2024-06-18 04:43:18.00,1.588V,0.000A,1.546V,0.004A,1.576V,0.000A,1.568V,0.000A,1.580V,0.000A,1.574V,0.010A,1.574V,0.000A,1.581V,0.000A
2024-06-18 04:43:19.00,1.594V,0.000A,1.582V,0.000A,1.583V,0.000A,1.609V,0.000A,1.604V,0.000A,1.587V,0.000A,1.592V,0.000A,1.602V,0.000A
2024-06-18 04:43:20.00,1.592V,0.000A,1.597V,0.003A,1.587V,0.000A,1.594V,0.000A,1.587V,0.000A,1.600V,0.008A,1.583V,0.000A,1.585V,0.000A
2024-06-18 04:43:21.00,1.586V,0.000A,1.575V,0.000A,1.600V,0.000A,1.596V,0.000A,1.603V,0.000A,1.596V,0.000A,1.598V,0.000A,1.603V,0.000A
2024-06-18 04:43:22.00,1.571V,0.000A,1.592V,0.000A,1.558V,0.002A,1.577V,0.007A,1.595V,0.000A,1.601V,0.000A,1.575V,0.000A,1.582V,0.000A
2024-06-18 04:43:23.00,1.533V,0.000A,1.530V,0.000A,1.514V,0.050A,1.546V,0.021A,1.527V,0.052A,1.524V,0.000A,1.520V,0.000A,1.542V,0.020A
2024-06-18 04:43:24.00,1.524V,0.000A,1.515V,0.000A,1.533V,0.019A,1.534V,0.261A,1.528V,0.013A,1.500V,0.000A,1.513V,0.000A,1.522V,0.000A
2024-06-18 04:43:25.00,1.576V,0.000A,1.577V,0.004A,1.603V,0.000A,1.573V,0.000A,1.570V,0.000A,1.577V,0.000A,1.574V,0.000A,1.587V,0.000A
2024-06-18 04:43:26.00,1.581V,0.000A,1.577V,0.002A,1.598V,0.000A,1.597V,0.000A,1.595V,0.000A,1.603V,0.000A,1.585V,0.000A,1.594V,0.000A
2024-06-18 04:43:27.00,1.588V,0.000A,1.590V,0.006A,1.557V,0.000A,1.583V,0.000A,1.579V,0.000A,1.587V,0.003A,1.578V,0.000A,1.576V,0.000A
2024-06-18 04:43:28.00,1.589V,0.000A,1.573V,0.005A,1.594V,0.011A,1.583V,0.000A,1.588V,0.000A,1.567V,0.001A,1.594V,0.000A,1.595V,0.000A
2024-06-18 04:43:29.00,1.607V,0.000A,1.607V,0.000A,1.574V,0.000A,1.587V,0.000A,1.576V,0.000A,1.590V,0.006A,1.596V,0.000A,1.594V,0.000A
2024-06-18 04:43:30.00,1.501V,0.000A,1.541V,0.150A,1.483V,0.000A,1.595V,0.000A,1.495V,0.000A,1.508V,0.075A,1.513V,0.071A,1.494V,0.000A
2024-06-18 04:43:31.00,1.590V,0.000A,1.597V,0.004A,1.579V,0.000A,1.592V,0.000A,1.587V,0.000A,1.589V,0.004A,1.601V,0.000A,1.586V,0.000A
2024-06-18 04:43:32.00,1.575V,0.000A,1.598V,0.000A,1.569V,0.004A,1.595V,0.000A,1.599V,0.000A,1.587V,0.000A,1.579V,0.000A,1.585V,0.000A
2024-06-18 04:43:33.00,1.529V,0.000A,1.533V,0.175A,1.529V,0.000A,1.491V,0.000A,1.512V,0.000A,1.533V,0.050A,1.543V,0.016A,1.504V,0.000A
2024-06-18 04:43:34.00,1.521V,0.024A,1.516V,0.050A,1.488V,0.000A,1.495V,0.000A,1.501V,0.000A,1.526V,0.092A,1.511V,0.055A,1.514V,0.000A
2024-06-18 04:43:35.00,1.499V,0.090A,1.503V,0.023A,1.458V,0.000A,1.470V,0.000A,1.485V,0.000A,1.462V,0.059A,1.487V,0.170A,1.512V,0.000A
2024-06-18 04:43:36.00,1.576V,0.000A,1.587V,0.001A,1.605V,0.000A,1.587V,0.000A,1.575V,0.000A,1.599V,0.007A,1.604V,0.000A,1.576V,0.000A
2024-06-18 04:43:37.00,1.578V,0.000A,1.600V,0.004A,1.592V,0.000A,1.567V,0.000A,1.593V,0.000A,1.602V,0.000A,1.575V,0.000A,1.575V,0.000A
2024-06-18 04:43:38.00,1.461V,0.197A,1.421V,0.068A,1.453V,0.001A,1.451V,0.000A,1.439V,0.000A,1.473V,0.361A,1.463V,0.000A,1.441V,0.000A
2024-06-18 04:43:39.00,1.487V,0.000A,1.531V,0.195A,1.460V,0.000A,1.495V,0.000A,1.475V,0.000A,1.454V,0.223A,1.499V,0.005A,1.500V,0.000A
2024-06-18 04:43:40.00,1.536V,0.016A,1.516V,0.053A,1.519V,0.000A,1.444V,0.000A,1.539V,0.000A,1.501V,0.017A,1.521V,0.033A,1.536V,0.000A
2024-06-18 04:43:41.00,1.422V,0.000A,1.455V,0.473A,1.425V,0.035A,1.418V,0.000A,1.453V,0.000A,1.442V,0.016A,1.421V,0.057A,1.428V,0.000A
2024-06-18 04:43:42.00,1.481V,0.000A,1.497V,0.002A,1.480V,0.000A,1.464V,0.000A,1.488V,0.000A,1.521V,0.542A,1.458V,0.000A,1.467V,0.000A
2024-06-18 04:43:43.00,1.569V,0.000A,1.554V,0.011A,1.571V,0.002A,1.591V,0.000A,1.551V,0.000A,1.575V,0.013A,1.585V,0.000A,1.567V,0.000A
2024-06-18 04:43:44.00,1.598V,0.000A,1.594V,0.000A,1.563V,0.000A,1.546V,0.000A,1.595V,0.000A,1.566V,0.000A,1.565V,0.010A,1.599V,0.000A
2024-06-18 04:43:45.00,1.607V,0.000A,1.594V,0.000A,1.573V,0.000A,1.579V,0.000A,1.599V,0.000A,1.569V,0.000A,1.580V,0.000A,1.600V,0.000A
2024-06-18 04:43:46.00,1.570V,0.000A,1.599V,0.000A,1.567V,0.000A,1.591V,0.000A,1.587V,0.000A,1.588V,0.000A,1.573V,0.000A,1.590V,0.000A
2024-06-18 04:43:47.00,1.554V,0.000A,1.556V,0.000A,1.503V,0.053A,1.545V,0.000A,1.545V,0.000A,1.525V,0.000A,1.552V,0.000A,1.563V,0.006A
2024-06-18 04:43:48.00,1.562V,0.000A,1.569V,0.000A,1.562V,0.011A,1.575V,0.000A,1.579V,0.000A,1.577V,0.000A,1.560V,0.000A,1.596V,0.000A
2024-06-18 04:43:49.00,1.520V,0.045A,1.445V,0.050A,1.503V,0.012A,1.475V,0.000A,1.489V,0.000A,1.512V,0.008A,1.490V,0.161A,1.506V,0.004A
2024-06-18 04:43:50.00,1.451V,0.449A,1.435V,0.000A,1.423V,0.101A,1.442V,0.000A,1.435V,0.000A,1.406V,0.000A,1.408V,0.127A,1.450V,0.008A
2024-06-18 04:43:51.00,1.525V,0.000A,1.532V,0.010A,1.522V,0.184A,1.533V,0.000A,1.521V,0.000A,1.521V,0.010A,1.540V,0.000A,1.508V,0.008A
2024-06-18 04:43:52.00,1.570V,0.000A,1.565V,0.003A,1.589V,0.000A,1.559V,0.000A,1.557V,0.000A,1.581V,0.013A,1.584V,0.000A,1.548V,0.000A
2024-06-18 04:43:53.00,1.570V,0.000A,1.599V,0.003A,1.579V,0.000A,1.579V,0.000A,1.580V,0.000A,1.579V,0.004A,1.586V,0.000A,1.550V,0.000A
2024-06-18 04:43:54.00,1.583V,0.000A,1.592V,0.000A,1.566V,0.000A,1.591V,0.000A,1.599V,0.000A,1.572V,0.000A,1.574V,0.000A,1.589V,0.000A
2024-06-18 04:43:55.00,1.533V,0.007A,1.555V,0.017A,1.533V,0.000A,1.519V,0.000A,1.551V,0.000A,1.522V,0.030A,1.560V,0.000A,1.534V,0.000A
2024-06-18 04:43:56.00,1.435V,0.037A,1.540V,0.000A,1.519V,0.000A,1.461V,0.000A,1.439V,0.000A,1.413V,0.132A,1.496V,0.364A,1.539V,0.000A
2024-06-18 04:43:57.00,1.475V,0.469A,1.435V,0.011A,1.475V,0.000A,1.456V,0.000A,1.434V,0.000A,1.460V,0.029A,1.462V,0.000A,1.435V,0.000A
2024-06-18 04:43:58.00,1.484V,0.454A,1.428V,0.002A,1.435V,0.000A,1.493V,0.000A,1.459V,0.000A,1.465V,0.038A,1.430V,0.001A,1.434V,0.000A
2024-06-18 04:43:59.00,1.517V,0.448A,1.462V,0.000A,1.449V,0.000A,1.452V,0.000A,1.455V,0.000A,1.432V,0.000A,1.480V,0.055A,1.481V,0.024A
2024-06-18 04:44:00.00,1.480V,0.502A,1.460V,0.007A,1.426V,0.000A,1.435V,0.000A,1.446V,0.000A,1.441V,0.018A,1.478V,0.000A,1.491V,0.000A
2024-06-18 04:44:01.00,1.516V,0.024A,1.507V,0.004A,1.544V,0.000A,1.539V,0.000A,1.508V,0.000A,1.526V,0.013A,1.568V,0.089A,1.508V,0.000A
2024-06-18 04:44:02.00,1.583V,0.000A,1.553V,0.000A,1.563V,0.000A,1.592V,0.000A,1.572V,0.000A,1.553V,0.006A,1.574V,0.000A,1.591V,0.024A
2024-06-18 04:44:03.00,1.594V,0.000A,1.552V,0.000A,1.558V,0.000A,1.602V,0.000A,1.569V,0.000A,1.559V,0.000A,1.569V,0.000A,1.589V,0.010A
2024-06-18 04:44:04.00,1.554V,0.000A,1.570V,0.004A,1.569V,0.000A,1.561V,0.000A,1.595V,0.000A,1.572V,0.000A,1.551V,0.000A,1.565V,0.015A
2024-06-18 04:44:05.00,1.463V,0.000A,1.463V,0.005A,1.464V,0.000A,1.471V,0.290A,1.401V,0.399A,1.431V,0.000A,1.433V,0.000A,1.434V,0.003A
2024-06-18 04:44:06.00,1.573V,0.000A,1.540V,0.000A,1.562V,0.000A,1.574V,0.003A,1.554V,0.000A,1.556V,0.003A,1.563V,0.000A,1.573V,0.000A
2024-06-18 04:44:07.00,1.574V,0.000A,1.600V,0.001A,1.595V,0.000A,1.575V,0.000A,1.591V,0.000A,1.593V,0.000A,1.578V,0.000A,1.583V,0.000A
2024-06-18 04:44:08.00,1.518V,0.000A,1.523V,0.007A,1.565V,0.000A,1.522V,0.067A,1.532V,0.022A,1.538V,0.000A,1.542V,0.000A,1.514V,0.016A
2024-06-18 04:44:09.00,1.551V,0.000A,1.540V,0.000A,1.542V,0.000A,1.563V,0.072A,1.507V,0.000A,1.546V,0.008A,1.558V,0.000A,1.538V,0.010A
2024-06-18 04:44:10.00,1.583V,0.000A,1.588V,0.002A,1.562V,0.000A,1.559V,0.000A,1.568V,0.000A,1.550V,0.000A,1.564V,0.000A,1.579V,0.008A
2024-06-18 04:44:11.00,1.535V,0.000A,1.529V,0.000A,1.510V,0.000A,1.508V,0.042A,1.534V,0.000A,1.557V,0.011A,1.555V,0.000A,1.529V,0.084A
2024-06-18 04:44:12.00,1.498V,0.000A,1.503V,0.000A,1.516V,0.138A,1.505V,0.091A,1.485V,0.050A,1.511V,0.003A,1.505V,0.000A,1.477V,0.001A
2024-06-18 04:44:13.00,1.568V,0.000A,1.591V,0.001A,1.583V,0.001A,1.568V,0.000A,1.579V,0.000A,1.580V,0.000A,1.558V,0.000A,1.561V,0.000A
2024-06-18 04:44:14.00,1.575V,0.000A,1.592V,0.005A,1.576V,0.000A,1.582V,0.000A,1.583V,0.000A,1.596V,0.006A,1.581V,0.000A,1.583V,0.000A
2024-06-18 04:44:15.00,1.567V,0.000A,1.603V,0.003A,1.586V,0.000A,1.577V,0.000A,1.588V,0.000A,1.599V,0.002A,1.566V,0.000A,1.579V,0.000A
2024-06-18 04:44:16.00,1.578V,0.000A,1.588V,0.000A,1.563V,0.000A,1.583V,0.000A,1.605V,0.000A,1.566V,0.000A,1.572V,0.000A,1.595V,0.000A
2024-06-18 04:44:17.00,1.574V,0.000A,1.563V,0.003A,1.577V,0.002A,1.584V,0.000A,1.594V,0.000A,1.548V,0.003A,1.586V,0.000A,1.590V,0.000A
2024-06-18 04:44:18.00,1.591V,0.000A,1.580V,0.002A,1.591V,0.000A,1.575V,0.000A,1.567V,0.000A,1.579V,0.009A,1.600V,0.000A,1.585V,0.000A
2024-06-18 04:44:19.00,1.580V,0.000A,1.589V,0.007A,1.598V,0.000A,1.579V,0.000A,1.568V,0.000A,1.587V,0.000A,1.599V,0.000A,1.570V,0.000A
2024-06-18 04:44:20.00,1.593V,0.000A,1.581V,0.000A,1.591V,0.000A,1.598V,0.000A,1.604V,0.000A,1.567V,0.000A,1.595V,0.000A,1.603V,0.000A
2024-06-18 04:44:21.00,1.590V,0.000A,1.586V,0.008A,1.580V,0.000A,1.570V,0.000A,1.574V,0.000A,1.584V,0.004A,1.598V,0.000A,1.582V,0.000A
2024-06-18 04:44:22.00,1.536V,0.009A,1.513V,0.100A,1.494V,0.000A,1.488V,0.000A,1.477V,0.000A,1.495V,0.149A,1.490V,0.030A,1.472V,0.000A
2024-06-18 04:44:23.00,1.600V,0.000A,1.614V,0.002A,1.600V,0.000A,1.581V,0.000A,1.602V,0.000A,1.589V,0.000A,1.575V,0.000A,1.589V,0.000A
2024-06-18 04:44:24.00,1.497V,0.250A,1.461V,0.000A,1.469V,0.000A,1.471V,0.000A,1.456V,0.000A,1.452V,0.006A,1.475V,0.189A,1.493V,0.000A
2024-06-18 04:44:25.00,1.575V,0.000A,1.581V,0.001A,1.600V,0.000A,1.582V,0.000A,1.593V,0.000A,1.592V,0.000A,1.586V,0.000A,1.570V,0.000A
2024-06-18 04:44:26.00,1.571V,0.000A,1.562V,0.022A,1.570V,0.000A,1.574V,0.000A,1.551V,0.000A,1.561V,0.012A,1.586V,0.008A,1.557V,0.000A
2024-06-18 04:44:27.00,1.573V,0.000A,1.591V,0.002A,1.582V,0.000A,1.580V,0.000A,1.584V,0.000A,1.596V,0.004A,1.567V,0.000A,1.583V,0.000A
2024-06-18 04:44:28.00,1.604V,0.000A,1.578V,0.000A,1.572V,0.000A,1.600V,0.000A,1.593V,0.000A,1.560V,0.001A,1.587V,0.000A,1.604V,0.000A
2024-06-18 04:44:29.00,1.584V,0.000A,1.602V,0.000A,1.580V,0.000A,1.589V,0.000A,1.601V,0.000A,1.589V,0.000A,1.563V,0.000A,1.587V,0.000A
2024-06-18 04:44:30.00,1.543V,0.000A,1.513V,0.002A,1.542V,0.000A,1.558V,0.069A,1.537V,0.010A,1.513V,0.005A,1.534V,0.000A,1.538V,0.019A
2024-06-18 04:44:31.00,1.569V,0.000A,1.575V,0.004A,1.603V,0.000A,1.607V,0.000A,1.586V,0.000A,1.603V,0.007A,1.596V,0.000A,1.567V,0.000A
2024-06-18 04:44:32.00,1.508V,0.000A,1.495V,0.003A,1.525V,0.085A,1.500V,0.029A,1.544V,0.084A,1.514V,0.003A,1.509V,0.000A,1.487V,0.004A
2024-06-18 04:44:33.00,1.571V,0.000A,1.552V,0.003A,1.583V,0.095A,1.532V,0.002A,1.538V,0.000A,1.528V,0.000A,1.520V,0.000A,1.541V,0.007A
2024-06-18 04:44:34.00,1.593V,0.000A,1.602V,0.002A,1.603V,0.000A,1.579V,0.000A,1.611V,0.000A,1.595V,0.000A,1.579V,0.000A,1.583V,0.000A
2024-06-18 04:44:35.00,1.538V,0.000A,1.549V,0.005A,1.598V,0.019A,1.539V,0.002A,1.580V,0.008A,1.575V,0.006A,1.543V,0.000A,1.542V,0.000A
2024-06-18 04:44:36.00,1.545V,0.000A,1.554V,0.000A,1.542V,0.015A,1.550V,0.010A,1.533V,0.000A,1.543V,0.004A,1.571V,0.000A,1.555V,0.000A
2024-06-18 04:44:37.00,1.566V,0.000A,1.563V,0.000A,1.542V,0.005A,1.537V,0.016A,1.561V,0.000A,1.538V,0.000A,1.553V,0.000A,1.569V,0.000A
2024-06-18 04:44:38.00,1.567V,0.000A,1.586V,0.004A,1.596V,0.005A,1.562V,0.000A,1.586V,0.000A,1.589V,0.002A,1.560V,0.000A,1.567V,0.000A
2024-06-18 04:44:39.00,1.601V,0.000A,1.603V,0.000A,1.581V,0.000A,1.574V,0.000A,1.599V,0.000A,1.575V,0.000A,1.583V,0.000A,1.603V,0.000A
2024-06-18 04:44:40.00,1.612V,0.000A,1.607V,0.002A,1.581V,0.000A,1.575V,0.000A,1.600V,0.000A,1.574V,0.000A,1.581V,0.000A,1.593V,0.000A
2024-06-18 04:44:41.00,1.604V,0.000A,1.600V,0.000A,1.577V,0.000A,1.572V,0.000A,1.591V,0.000A,1.574V,0.000A,1.576V,0.000A,1.602V,0.000A
2024-06-18 04:44:42.00,1.470V,0.000A,1.484V,0.205A,1.464V,0.000A,1.455V,0.000A,1.469V,0.000A,1.511V,0.224A,1.507V,0.016A,1.475V,0.000A
2024-06-18 04:44:43.00,1.589V,0.000A,1.595V,0.000A,1.572V,0.000A,1.554V,0.000A,1.579V,0.000A,1.561V,0.004A,1.580V,0.000A,1.603V,0.000A
2024-06-18 04:44:44.00,1.498V,0.299A,1.478V,0.011A,1.513V,0.003A,1.498V,0.000A,1.474V,0.000A,1.459V,0.000A,1.487V,0.197A,1.459V,0.000A
2024-06-18 04:44:45.00,1.463V,0.255A,1.480V,0.000A,1.469V,0.000A,1.459V,0.000A,1.487V,0.000A,1.506V,0.024A,1.491V,0.161A,1.487V,0.000A
2024-06-18 04:44:46.00,1.517V,0.191A,1.507V,0.017A,1.515V,0.000A,1.484V,0.000A,1.483V,0.000A,1.484V,0.029A,1.472V,0.071A,1.499V,0.000A
2024-06-18 04:44:47.00,1.525V,0.083A,1.480V,0.017A,1.488V,0.000A,1.525V,0.000A,1.517V,0.000A,1.506V,0.028A,1.491V,0.081A,1.483V,0.000A
2024-06-18 04:44:48.00,1.568V,0.018A,1.570V,0.028A,1.587V,0.000A,1.557V,0.000A,1.536V,0.000A,1.509V,0.017A,1.551V,0.000A,1.554V,0.000A
2024-06-18 04:44:49.00,1.562V,0.000A,1.550V,0.004A,1.584V,0.002A,1.602V,0.000A,1.575V,0.000A,1.598V,0.008A,1.592V,0.000A,1.570V,0.000A
2024-06-18 04:44:50.00,1.569V,0.000A,1.564V,0.000A,1.564V,0.002A,1.595V,0.000A,1.586V,0.000A,1.591V,0.009A,1.572V,0.000A,1.567V,0.000A
2024-06-18 04:44:51.00,1.579V,0.000A,1.567V,0.000A,1.558V,0.000A,1.573V,0.000A,1.610V,0.000A,1.596V,0.003A,1.581V,0.000A,1.579V,0.000A
2024-06-18 04:44:52.00,1.550V,0.087A,1.540V,0.053A,1.531V,0.000A,1.489V,0.000A,1.546V,0.000A,1.523V,0.015A,1.516V,0.000A,1.517V,0.000A
2024-06-18 04:44:53.00,1.508V,0.155A,1.479V,0.000A,1.471V,0.000A,1.475V,0.000A,1.455V,0.000A,1.463V,0.004A,1.500V,0.229A,1.500V,0.000A
2024-06-18 04:44:54.00,1.478V,0.111A,1.473V,0.024A,1.490V,0.000A,1.472V,0.000A,1.465V,0.000A,1.465V,0.000A,1.475V,0.294A,1.469V,0.000A
2024-06-18 04:44:55.00,1.592V,0.000A,1.591V,0.004A,1.583V,0.000A,1.567V,0.000A,1.578V,0.000A,1.564V,0.000A,1.578V,0.003A,1.567V,0.000A
2024-06-18 04:44:56.00,1.442V,0.120A,1.475V,0.009A,1.470V,0.000A,1.446V,0.000A,1.421V,0.000A,1.434V,0.001A,1.495V,0.410A,1.474V,0.000A
2024-06-18 04:44:57.00,1.449V,0.400A,1.523V,0.226A,1.483V,0.000A,1.482V,0.000A,1.436V,0.000A,1.459V,0.000A,1.478V,0.004A,1.491V,0.000A
2024-06-18 04:44:58.00,1.556V,0.000A,1.546V,0.000A,1.553V,0.000A,1.591V,0.003A,1.550V,0.000A,1.561V,0.001A,1.587V,0.000A,1.568V,0.000A
2024-06-18 04:44:59.00,1.562V,0.064A,1.516V,0.000A,1.540V,0.000A,1.529V,0.000A,1.540V,0.000A,1.552V,0.007A,1.558V,0.000A,1.517V,0.000A
2024-06-18 04:45:00.00,1.566V,0.000A,1.561V,0.007A,1.531V,0.000A,1.554V,0.000A,1.557V,0.000A,1.548V,0.002A,1.575V,0.000A,1.585V,0.000A
2024-06-18 04:45:01.00,1.574V,0.000A,1.579V,0.000A,1.552V,0.000A,1.565V,0.000A,1.554V,0.000A,1.564V,0.005A,1.589V,0.000A,1.592V,0.000A
2024-06-18 04:45:02.00,1.553V,0.000A,1.556V,0.062A,1.565V,0.000A,1.528V,0.000A,1.537V,0.000A,1.530V,0.000A,1.519V,0.023A,1.518V,0.000A
2024-06-18 04:45:03.00,1.551V,0.055A,1.509V,0.030A,1.521V,0.000A,1.549V,0.000A,1.535V,0.000A,1.521V,0.041A,1.509V,0.024A,1.503V,0.000A
2024-06-18 04:45:04.00,1.581V,0.000A,1.570V,0.007A,1.588V,0.004A,1.579V,0.004A,1.566V,0.000A,1.565V,0.000A,1.557V,0.000A,1.548V,0.000A
2024-06-18 04:45:05.00,1.560V,0.000A,1.556V,0.004A,1.577V,0.000A,1.574V,0.000A,1.573V,0.000A,1.586V,0.003A,1.579V,0.000A,1.554V,0.000A
2024-06-18 04:45:06.00,1.568V,0.000A,1.572V,0.000A,1.571V,0.000A,1.564V,0.000A,1.568V,0.000A,1.562V,0.003A,1.588V,0.000A,1.596V,0.000A
2024-06-18 04:45:07.00,1.509V,0.156A,1.446V,0.000A,1.459V,0.029A,1.477V,0.013A,1.495V,0.000A,1.476V,0.036A,1.484V,0.079A,1.476V,0.000A
2024-06-18 04:45:08.00,1.563V,0.000A,1.562V,0.000A,1.548V,0.000A,1.582V,0.006A,1.587V,0.000A,1.600V,0.004A,1.579V,0.000A,1.570V,0.000A
2024-06-18 04:45:09.00,1.562V,0.000A,1.580V,0.000A,1.559V,0.008A,1.578V,0.009A,1.551V,0.000A,1.538V,0.003A,1.538V,0.000A,1.569V,0.000A
2024-06-18 04:45:10.00,1.562V,0.000A,1.576V,0.000A,1.577V,0.000A,1.567V,0.000A,1.579V,0.000A,1.590V,0.008A,1.618V,0.000A,1.595V,0.000A
2024-06-18 04:45:11.00,1.503V,0.127A,1.515V,0.030A,1.525V,0.000A,1.489V,0.000A,1.483V,0.000A,1.486V,0.012A,1.483V,0.103A,1.469V,0.000A
2024-06-18 04:45:12.00,1.579V,0.000A,1.583V,0.000A,1.566V,0.000A,1.569V,0.000A,1.554V,0.000A,1.552V,0.004A,1.573V,0.000A,1.599V,0.000A
2024-06-18 04:45:13.00,1.562V,0.000A,1.570V,0.000A,1.570V,0.000A,1.562V,0.000A,1.547V,0.000A,1.563V,0.003A,1.600V,0.000A,1.575V,0.000A
2024-06-18 04:45:14.00,1.611V,0.000A,1.604V,0.000A,1.590V,0.000A,1.575V,0.000A,1.595V,0.000A,1.566V,0.000A,1.571V,0.000A,1.593V,0.000A
2024-06-18 04:45:15.00,1.580V,0.026A,1.523V,0.022A,1.527V,0.000A,1.507V,0.000A,1.551V,0.000A,1.549V,0.013A,1.534V,0.000A,1.504V,0.000A
2024-06-18 04:45:16.00,1.454V,0.000A,1.513V,0.115A,1.455V,0.000A,1.471V,0.000A,1.464V,0.000A,1.488V,0.223A,1.511V,0.016A,1.467V,0.000A
2024-06-18 04:45:17.00,1.541V,0.000A,1.548V,0.047A,1.554V,0.003A,1.568V,0.000A,1.559V,0.003A,1.556V,0.011A,1.552V,0.000A,1.544V,0.000A
2024-06-18 04:45:18.00,1.607V,0.000A,1.594V,0.007A,1.608V,0.000A,1.577V,0.000A,1.582V,0.000A,1.571V,0.000A,1.562V,0.000A,1.562V,0.000A
2024-06-18 04:45:19.00,1.551V,0.000A,1.570V,0.013A,1.563V,0.000A,1.544V,0.000A,1.556V,0.000A,1.544V,0.001A,1.535V,0.000A,1.579V,0.000A
2024-06-18 04:45:20.00,1.559V,0.000A,1.574V,0.015A,1.560V,0.000A,1.540V,0.000A,1.588V,0.000A,1.546V,0.004A,1.532V,0.000A,1.551V,0.000A
2024-06-18 04:45:21.00,1.539V,0.029A,1.553V,0.007A,1.520V,0.000A,1.573V,0.026A,1.532V,0.000A,1.560V,0.038A,1.539V,0.000A,1.550V,0.000A
2024-06-18 04:45:22.00,1.569V,0.000A,1.564V,0.004A,1.543V,0.000A,1.551V,0.000A,1.549V,0.000A,1.528V,0.005A,1.570V,0.000A,1.574V,0.000A
2024-06-18 04:45:23.00,1.451V,0.000A,1.471V,0.002A,1.452V,0.038A,1.417V,0.095A,1.469V,0.085A,1.423V,0.000A,1.449V,0.000A,1.478V,0.017A
2024-06-18 04:45:24.00,1.576V,0.000A,1.555V,0.000A,1.543V,0.000A,1.538V,0.009A,1.542V,0.000A,1.535V,0.004A,1.565V,0.000A,1.583V,0.000A
2024-06-18 04:45:25.00,1.569V,0.000A,1.549V,0.004A,1.546V,0.000A,1.554V,0.021A,1.554V,0.000A,1.519V,0.000A,1.535V,0.000A,1.556V,0.051A
2024-06-18 04:45:26.00,1.469V,0.000A,1.537V,0.000A,1.542V,0.143A,1.574V,0.009A,1.529V,0.000A,1.562V,0.000A,1.554V,0.000A,1.555V,0.000A
2024-06-18 04:45:27.00,1.489V,0.000A,1.491V,0.004A,1.516V,0.410A,1.458V,0.005A,1.468V,0.000A,1.473V,0.000A,1.470V,0.000A,1.488V,0.010A
2024-06-18 04:45:28.00,1.571V,0.000A,1.568V,0.005A,1.568V,0.020A,1.565V,0.008A,1.554V,0.000A,1.533V,0.002A,1.529V,0.003A,1.529V,0.000A
2024-06-18 04:45:29.00,1.562V,0.000A,1.599V,0.033A,1.564V,0.000A,1.565V,0.000A,1.555V,0.000A,1.533V,0.004A,1.576V,0.029A,1.583V,0.000A
2024-06-18 04:45:30.00,1.569V,0.000A,1.549V,0.001A,1.544V,0.000A,1.569V,0.000A,1.542V,0.000A,1.559V,0.022A,1.565V,0.004A,1.573V,0.000A
2024-06-18 04:45:31.00,1.584V,0.000A,1.582V,0.007A,1.583V,0.000A,1.567V,0.000A,1.599V,0.000A,1.575V,0.000A,1.559V,0.000A,1.552V,0.000A
2024-06-18 04:45:32.00,1.546V,0.000A,1.546V,0.003A,1.563V,0.248A,1.528V,0.000A,1.525V,0.000A,1.504V,0.001A,1.496V,0.000A,1.527V,0.005A
2024-06-18 04:45:33.00,1.575V,0.000A,1.568V,0.002A,1.580V,0.000A,1.609V,0.000A,1.568V,0.000A,1.597V,0.024A,1.595V,0.000A,1.571V,0.000A
2024-06-18 04:45:34.00,1.548V,0.002A,1.554V,0.000A,1.546V,0.008A,1.567V,0.000A,1.570V,0.000A,1.583V,0.014A,1.567V,0.000A,1.564V,0.000A
2024-06-18 04:45:35.00,1.562V,0.000A,1.579V,0.001A,1.562V,0.039A,1.557V,0.000A,1.552V,0.000A,1.541V,0.000A,1.542V,0.000A,1.571V,0.000A
2024-06-18 04:45:36.00,1.585V,0.000A,1.571V,0.004A,1.578V,0.008A,1.571V,0.000A,1.584V,0.000A,1.551V,0.011A,1.529V,0.000A,1.546V,0.000A
2024-06-18 04:45:37.00,1.548V,0.000A,1.539V,0.000A,1.558V,0.001A,1.543V,0.000A,1.546V,0.000A,1.571V,0.020A,1.587V,0.011A,1.550V,0.000A
2024-06-18 04:45:38.00,1.509V,0.323A,1.470V,0.000A,1.455V,0.004A,1.426V,0.000A,1.475V,0.000A,1.470V,0.000A,1.483V,0.213A,1.448V,0.000A
2024-06-18 04:45:39.00,1.504V,0.278A,1.484V,0.005A,1.483V,0.000A,1.467V,0.000A,1.436V,0.000A,1.438V,0.007A,1.463V,0.240A,1.487V,0.000A
2024-06-18 04:45:40.00,1.600V,0.000A,1.583V,0.006A,1.611V,0.000A,1.584V,0.000A,1.585V,0.000A,1.575V,0.000A,1.568V,0.000A,1.558V,0.000A
2024-06-18 04:45:41.00,1.435V,0.134A,1.461V,0.017A,1.499V,0.112A,1.480V,0.000A,1.430V,0.000A,1.439V,0.000A,1.421V,0.203A,1.447V,0.000A
2024-06-18 04:45:42.00,1.451V,0.149A,1.445V,0.000A,1.462V,0.027A,1.478V,0.000A,1.447V,0.000A,1.451V,0.000A,1.480V,0.250A,1.442V,0.000A
2024-06-18 04:45:43.00,1.449V,0.141A,1.477V,0.004A,1.468V,0.000A,1.455V,0.000A,1.479V,0.033A,1.473V,0.005A,1.505V,0.284A,1.465V,0.000A
2024-06-18 04:45:44.00,1.450V,0.134A,1.462V,0.019A,1.489V,0.000A,1.433V,0.000A,1.425V,0.000A,1.447V,0.011A,1.444V,0.327A,1.482V,0.004A
2024-06-18 04:45:45.00,1.460V,0.133A,1.440V,0.000A,1.455V,0.000A,1.442V,0.000A,1.463V,0.000A,1.474V,0.000A,1.462V,0.321A,1.458V,0.000A
2024-06-18 04:45:46.00,1.492V,0.156A,1.500V,0.000A,1.503V,0.000A,1.454V,0.000A,1.499V,0.000A,1.520V,0.010A,1.504V,0.029A,1.516V,0.000A
2024-06-18 04:45:47.00,1.497V,0.150A,1.513V,0.034A,1.522V,0.014A,1.508V,0.000A,1.470V,0.000A,1.472V,0.030A,1.554V,0.182A,1.522V,0.000A
2024-06-18 04:45:48.00,1.604V,0.000A,1.614V,0.009A,1.615V,0.000A,1.600V,0.000A,1.609V,0.000A,1.615V,0.012A,1.617V,0.000A,1.614V,0.000A
2024-06-18 04:45:49.00,1.477V,0.003A,1.463V,0.041A,1.467V,0.000A,1.445V,0.000A,1.478V,0.000A,1.470V,0.096A,1.489V,0.007A,1.465V,0.000A
2024-06-18 04:45:50.00,1.505V,0.055A,1.480V,0.010A,1.495V,0.000A,1.496V,0.000A,1.455V,0.000A,1.492V,0.035A,1.513V,0.059A,1.469V,0.000A
2024-06-18 04:45:51.00,1.554V,0.000A,1.530V,0.000A,1.506V,0.000A,1.540V,0.000A,1.538V,0.000A,1.542V,0.000A,1.538V,0.001A,1.526V,0.000A
2024-06-18 04:45:52.00,1.485V,0.143A,1.438V,0.000A,1.450V,0.053A,1.421V,0.045A,1.445V,0.000A,1.446V,0.013A,1.465V,0.058A,1.417V,0.000A
2024-06-18 04:45:53.00,1.434V,0.119A,1.426V,0.006A,1.453V,0.099A,1.441V,0.031A,1.420V,0.000A,1.440V,0.010A,1.451V,0.142A,1.437V,0.000A
2024-06-18 04:45:54.00,1.555V,0.000A,1.562V,0.000A,1.563V,0.000A,1.559V,0.000A,1.563V,0.000A,1.554V,0.000A,1.562V,0.000A,1.562V,0.000A
2024-06-18 04:45:55.00,1.547V,0.000A,1.550V,0.017A,1.565V,0.007A,1.583V,0.000A,1.529V,0.000A,1.506V,0.000A,1.554V,0.066A,1.536V,0.000A
2024-06-18 04:45:56.00,1.517V,0.469A,1.473V,0.022A,1.479V,0.002A,1.474V,0.000A,1.479V,0.000A,1.459V,0.001A,1.490V,0.201A,1.494V,0.000A
2024-06-18 04:45:57.00,1.499V,0.114A,1.431V,0.001A,1.433V,0.000A,1.485V,0.000A,1.481V,0.000A,1.469V,0.088A,1.482V,0.034A,1.451V,0.000A
2024-06-18 04:45:58.00,1.539V,0.000A,1.527V,0.000A,1.521V,0.000A,1.540V,0.000A,1.526V,0.000A,1.560V,0.016A,1.532V,0.000A,1.504V,0.000A
2024-06-18 04:45:59.00,1.433V,0.128A,1.460V,0.000A,1.464V,0.000A,1.444V,0.000A,1.467V,0.008A,1.455V,0.004A,1.463V,0.094A,1.470V,0.000A
2024-06-18 04:46:00.00,1.595V,0.000A,1.584V,0.006A,1.593V,0.020A,1.596V,0.000A,1.581V,0.000A,1.598V,0.008A,1.596V,0.000A,1.575V,0.000A
2024-06-18 04:46:01.00,1.467V,0.222A,1.445V,0.000A,1.455V,0.000A,1.462V,0.000A,1.459V,0.000A,1.468V,0.000A,1.458V,0.207A,1.436V,0.000A
2024-06-18 04:46:02.00,1.440V,0.116A,1.433V,0.000A,1.410V,0.000A,1.402V,0.000A,1.437V,0.093A,1.406V,0.000A,1.360V,0.279A,1.416V,0.000A
2024-06-18 04:46:03.00,1.456V,0.142A,1.492V,0.029A,1.480V,0.024A,1.483V,0.000A,1.507V,0.014A,1.480V,0.020A,1.477V,0.303A,1.490V,0.000A
2024-06-18 04:46:04.00,1.450V,0.117A,1.472V,0.004A,1.471V,0.003A,1.461V,0.000A,1.441V,0.000A,1.437V,0.000A,1.434V,0.248A,1.483V,0.000A
2024-06-18 04:46:05.00,1.612V,0.000A,1.579V,0.002A,1.575V,0.000A,1.560V,0.000A,1.616V,0.003A,1.597V,0.017A,1.611V,0.000A,1.596V,0.000A
2024-06-18 04:46:06.00,1.466V,0.335A,1.459V,0.000A,1.473V,0.000A,1.459V,0.000A,1.435V,0.000A,1.435V,0.006A,1.438V,0.192A,1.438V,0.000A
2024-06-18 04:46:07.00,1.469V,0.340A,1.452V,0.008A,1.471V,0.000A,1.492V,0.000A,1.455V,0.000A,1.451V,0.000A,1.475V,0.182A,1.463V,0.000A
2024-06-18 04:46:08.00,1.409V,0.327A,1.463V,0.000A,1.442V,0.000A,1.444V,0.000A,1.412V,0.000A,1.421V,0.000A,1.430V,0.161A,1.448V,0.000A
2024-06-18 04:46:09.00,1.437V,0.346A,1.557V,0.000A,1.540V,0.000A,1.539V,0.000A,1.480V,0.000A,1.512V,0.020A,1.532V,0.165A,1.514V,0.000A
2024-06-18 04:46:10.00,1.582V,0.000A,1.580V,0.000A,1.567V,0.000A,1.569V,0.000A,1.575V,0.000A,1.573V,0.000A,1.576V,0.000A,1.569V,0.000A
2024-06-18 04:46:11.00,1.579V,0.000A,1.535V,0.000A,1.526V,0.008A,1.525V,0.000A,1.579V,0.037A,1.552V,0.001A,1.563V,0.000A,1.532V,0.000A
2024-06-18 04:46:12.00,1.546V,0.000A,1.589V,0.013A,1.594V,0.020A,1.607V,0.000A,1.538V,0.000A,1.531V,0.000A,1.557V,0.000A,1.559V,0.000A
2024-06-18 04:46:13.00,1.500V,0.000A,1.498V,0.124A,1.494V,0.000A,1.500V,0.000A,1.494V,0.000A,1.544V,0.316A,1.529V,0.002A,1.509V,0.000A
2024-06-18 04:46:14.00,1.461V,0.004A,1.484V,0.103A,1.480V,0.000A,1.468V,0.000A,1.491V,0.000A,1.484V,0.149A,1.482V,0.007A,1.470V,0.000A
2024-06-18 04:46:15.00,1.548V,0.000A,1.612V,0.005A,1.607V,0.000A,1.616V,0.000A,1.554V,0.000A,1.561V,0.004A,1.575V,0.000A,1.578V,0.000A
2024-06-18 04:46:16.00,1.596V,0.000A,1.583V,0.000A,1.574V,0.000A,1.554V,0.000A,1.612V,0.000A,1.595V,0.001A,1.580V,0.000A,1.578V,0.000A
2024-06-18 04:46:17.00,1.586V,0.000A,1.555V,0.000A,1.546V,0.000A,1.555V,0.000A,1.575V,0.000A,1.567V,0.000A,1.577V,0.000A,1.560V,0.000A
2024-06-18 04:46:18.00,1.537V,0.000A,1.526V,0.007A,1.519V,0.000A,1.575V,0.000A,1.527V,0.000A,1.526V,0.000A,1.535V,0.015A,1.520V,0.000A
2024-06-18 04:46:19.00,1.567V,0.000A,1.558V,0.000A,1.556V,0.000A,1.549V,0.000A,1.563V,0.000A,1.575V,0.000A,1.575V,0.000A,1.566V,0.000A
2024-06-18 04:46:20.00,1.503V,0.000A,1.506V,0.000A,1.525V,0.253A,1.510V,0.000A,1.500V,0.000A,1.489V,0.000A,1.505V,0.000A,1.505V,0.000A
2024-06-18 04:46:21.00,1.470V,0.000A,1.490V,0.000A,1.475V,0.032A,1.488V,0.000A,1.476V,0.129A,1.490V,0.000A,1.481V,0.000A,1.504V,0.062A
2024-06-18 04:46:22.00,1.565V,0.000A,1.586V,0.000A,1.560V,0.041A,1.561V,0.000A,1.570V,0.000A,1.571V,0.000A,1.579V,0.000A,1.580V,0.000A
2024-06-18 04:46:23.00,1.546V,0.138A,1.479V,0.016A,1.487V,0.000A,1.484V,0.000A,1.509V,0.000A,1.488V,0.020A,1.480V,0.087A,1.483V,0.000A
2024-06-18 04:46:24.00,1.459V,0.120A,1.457V,0.014A,1.473V,0.012A,1.497V,0.000A,1.449V,0.000A,1.438V,0.000A,1.457V,0.056A,1.462V,0.000A
2024-06-18 04:46:25.00,1.474V,0.165A,1.514V,0.000A,1.476V,0.000A,1.456V,0.000A,1.485V,0.000A,1.475V,0.017A,1.495V,0.090A,1.482V,0.000A
2024-06-18 04:46:26.00,1.486V,0.157A,1.475V,0.031A,1.479V,0.007A,1.504V,0.000A,1.468V,0.000A,1.479V,0.035A,1.480V,0.066A,1.471V,0.000A
2024-06-18 04:46:27.00,1.539V,0.000A,1.543V,0.005A,1.430V,0.006A,1.463V,0.000A,1.547V,0.000A,1.546V,0.024A,1.554V,0.000A,1.552V,0.000A
2024-06-18 04:46:28.00,1.599V,0.000A,1.586V,0.004A,1.580V,0.054A,1.569V,0.000A,1.585V,0.000A,1.585V,0.011A,1.599V,0.000A,1.592V,0.000A
2024-06-18 04:46:29.00,1.488V,0.227A,1.445V,0.009A,1.479V,0.000A,1.480V,0.002A,1.466V,0.000A,1.436V,0.000A,1.489V,0.153A,1.438V,0.000A
2024-06-18 04:46:30.00,1.268V,0.045A,1.396V,0.000A,1.296V,0.000A,1.252V,0.000A,1.254V,0.000A,1.404V,0.039A,1.496V,0.382A,1.522V,0.000A
2024-06-18 04:46:31.00,1.523V,0.095A,1.116V,0.000A,1.226V,0.004A,1.370V,0.000A,1.550V,0.000A,1.268V,0.019A,1.301V,0.625A,1.194V,0.000A
2024-06-18 04:46:32.00,1.453V,0.033A,1.442V,0.000A,1.429V,0.000A,1.451V,0.000A,1.438V,0.000A,1.444V,0.000A,1.473V,0.291A,1.446V,0.000A
2024-06-18 04:46:33.00,1.485V,0.176A,1.394V,0.003A,1.441V,0.000A,1.448V,0.000A,1.521V,0.108A,1.484V,0.032A,1.508V,0.222A,1.446V,0.000A
2024-06-18 04:46:34.00,1.476V,0.129A,1.467V,0.004A,1.489V,0.008A,1.471V,0.000A,1.502V,0.000A,1.507V,0.034A,1.487V,0.219A,1.423V,0.000A
2024-06-18 04:46:35.00,1.577V,0.000A,1.563V,0.000A,1.546V,0.000A,1.555V,0.000A,1.575V,0.000A,1.561V,0.000A,1.570V,0.000A,1.549V,0.000A
2024-06-18 04:46:36.00,1.504V,0.050A,1.461V,0.069A,1.492V,0.000A,1.462V,0.000A,1.537V,0.000A,1.516V,0.105A,1.463V,0.018A,1.446V,0.000A
2024-06-18 04:46:37.00,1.473V,0.024A,1.539V,0.128A,1.488V,0.000A,1.441V,0.000A,1.467V,0.000A,1.483V,0.085A,1.496V,0.062A,1.512V,0.000A
2024-06-18 04:46:38.00,1.567V,0.000A,1.614V,0.009A,1.601V,0.000A,1.579V,0.000A,1.562V,0.000A,1.565V,0.001A,1.603V,0.000A,1.614V,0.000A
2024-06-18 04:46:39.00,1.495V,0.000A,1.422V,0.000A,1.430V,0.356A,1.418V,0.021A,1.450V,0.000A,1.446V,0.000A,1.451V,0.000A,1.416V,0.008A
2024-06-18 04:46:40.00,1.526V,0.000A,1.566V,0.000A,1.553V,0.000A,1.558V,0.000A,1.529V,0.000A,1.545V,0.000A,1.571V,0.000A,1.567V,0.000A
2024-06-18 04:46:41.00,1.501V,0.000A,1.600V,0.008A,1.615V,0.003A,1.605V,0.000A,1.562V,0.000A,1.540V,0.000A,1.527V,0.000A,1.558V,0.067A
2024-06-18 04:46:42.00,1.546V,0.000A,1.566V,0.000A,1.571V,0.000A,1.573V,0.000A,1.561V,0.000A,1.581V,0.000A,1.585V,0.000A,1.571V,0.000A
2024-06-18 04:46:43.00,1.554V,0.000A,1.562V,0.032A,1.551V,0.006A,1.498V,0.090A,1.544V,0.001A,1.504V,0.000A,1.538V,0.000A,1.558V,0.000A
2024-06-18 04:46:44.00,1.562V,0.000A,1.587V,0.014A,1.587V,0.039A,1.541V,0.000A,1.570V,0.000A,1.568V,0.021A,1.579V,0.000A,1.584V,0.000A
2024-06-18 04:46:45.00,1.547V,0.000A,1.559V,0.012A,1.571V,0.000A,1.538V,0.034A,1.536V,0.001A,1.551V,0.011A,1.571V,0.000A,1.565V,0.062A
2024-06-18 04:46:46.00,1.513V,0.000A,1.489V,0.000A,1.516V,0.079A,1.550V,0.059A,1.552V,0.054A,1.560V,0.013A,1.517V,0.000A,1.502V,0.000A
2024-06-18 04:46:47.00,1.588V,0.000A,1.529V,0.000A,1.519V,0.000A,1.529V,0.000A,1.596V,0.004A,1.571V,0.001A,1.554V,0.000A,1.542V,0.000A
2024-06-18 04:46:48.00,1.602V,0.000A,1.568V,0.003A,1.571V,0.000A,1.575V,0.000A,1.598V,0.000A,1.586V,0.004A,1.585V,0.000A,1.588V,0.000A
2024-06-18 04:46:49.00,1.612V,0.000A,1.545V,0.000A,1.575V,0.000A,1.579V,0.000A,1.585V,0.000A,1.560V,0.000A,1.525V,0.000A,1.530V,0.000A
2024-06-18 04:46:50.00,1.531V,0.040A,1.459V,0.050A,1.464V,0.001A,1.464V,0.000A,1.484V,0.000A,1.419V,0.012A,1.478V,0.032A,1.482V,0.000A
2024-06-18 04:46:51.00,1.469V,0.000A,1.436V,0.002A,1.474V,0.000A,1.484V,0.000A,1.454V,0.000A,1.513V,0.173A,1.539V,0.140A,1.485V,0.000A
2024-06-18 04:46:52.00,1.571V,0.000A,1.583V,0.009A,1.562V,0.000A,1.500V,0.000A,1.558V,0.000A,1.530V,0.000A,1.577V,0.000A,1.583V,0.037A
2024-06-18 04:46:53.00,1.537V,0.000A,1.466V,0.001A,1.535V,0.000A,1.567V,0.072A,1.539V,0.004A,1.598V,0.012A,1.586V,0.000A,1.504V,0.000A
2024-06-18 04:46:54.00,1.558V,0.000A,1.558V,0.000A,1.577V,0.000A,1.532V,0.000A,1.585V,0.000A,1.614V,0.012A,1.590V,0.000A,1.521V,0.000A
2024-06-18 04:46:55.00,1.568V,0.000A,1.524V,0.000A,1.526V,0.000A,1.554V,0.064A,1.562V,0.010A,1.542V,0.000A,1.502V,0.000A,1.475V,0.000A
2024-06-18 04:46:56.00,1.507V,0.230A,1.478V,0.032A,1.492V,0.000A,1.390V,0.000A,1.419V,0.000A,1.411V,0.022A,1.475V,0.105A,1.421V,0.025A
2024-06-18 04:46:57.00,1.467V,0.080A,1.521V,0.000A,1.544V,0.000A,1.583V,0.000A,1.488V,0.000A,1.593V,0.013A,1.604V,0.000A,1.590V,0.000A
2024-06-18 04:46:58.00,1.501V,0.022A,1.494V,0.077A,1.531V,0.000A,1.521V,0.000A,1.458V,0.000A,1.459V,0.087A,1.490V,0.024A,1.475V,0.000A
2024-06-18 04:46:59.00,1.493V,0.071A,1.547V,0.124A,1.509V,0.000A,1.488V,0.000A,1.496V,0.000A,1.475V,0.036A,1.496V,0.103A,1.535V,0.000A
2024-06-18 04:47:00.00,1.551V,0.145A,1.452V,0.003A,1.484V,0.029A,1.521V,0.000A,1.482V,0.000A,1.426V,0.004A,1.467V,0.132A,1.481V,0.000A
2024-06-18 04:47:01.00,1.422V,0.103A,1.440V,0.000A,1.436V,0.065A,1.457V,0.000A,1.472V,0.000A,1.448V,0.008A,1.435V,0.153A,1.510V,0.000A
2024-06-18 04:47:02.00,1.528V,0.115A,1.591V,0.061A,1.626V,0.092A,1.511V,0.000A,1.418V,0.000A,1.427V,0.041A,1.477V,0.050A,1.451V,0.000A
2024-06-18 04:47:03.00,1.479V,0.114A,1.488V,0.000A,1.445V,0.000A,1.513V,0.000A,1.463V,0.000A,1.500V,0.012A,1.522V,0.215A,1.420V,0.000A
2024-06-18 04:47:04.00,1.505V,0.151A,1.435V,0.017A,1.505V,0.005A,1.443V,0.000A,1.447V,0.000A,1.403V,0.000A,1.506V,0.266A,1.451V,0.000A
2024-06-18 04:47:05.00,1.502V,0.088A,1.491V,0.095A,1.504V,0.000A,1.398V,0.000A,1.463V,0.000A,1.440V,0.006A,1.487V,0.174A,1.438V,0.000A
2024-06-18 04:47:06.00,1.418V,0.000A,1.416V,0.262A,1.437V,0.000A,1.421V,0.000A,1.428V,0.000A,1.420V,0.368A,1.471V,0.021A,1.422V,0.000A
2024-06-18 04:47:07.00,1.426V,0.000A,1.432V,0.129A,1.362V,0.000A,1.381V,0.000A,1.394V,0.000A,1.397V,0.555A,1.401V,0.000A,1.397V,0.000A
2024-06-18 04:47:08.00,1.460V,0.212A,1.473V,0.000A,1.432V,0.000A,1.499V,0.000A,1.467V,0.000A,1.497V,0.058A,1.433V,0.074A,1.455V,0.000A
2024-06-18 04:47:09.00,1.509V,0.242A,1.473V,0.006A,1.451V,0.000A,1.463V,0.000A,1.525V,0.000A,1.471V,0.001A,1.421V,0.107A,1.459V,0.000A
2024-06-18 04:47:10.00,1.493V,0.194A,1.434V,0.000A,1.415V,0.000A,1.430V,0.000A,1.379V,0.000A,1.432V,0.000A,1.419V,0.263A,1.464V,0.012A
2024-06-18 04:47:11.00,1.484V,0.114A,1.463V,0.002A,1.478V,0.037A,1.493V,0.000A,1.517V,0.000A,1.491V,0.014A,1.422V,0.050A,1.475V,0.000A
2024-06-18 04:47:12.00,1.533V,0.149A,1.495V,0.022A,1.421V,0.030A,1.404V,0.002A,1.406V,0.000A,1.430V,0.030A,1.425V,0.114A,1.448V,0.000A
2024-06-18 04:47:13.00,1.467V,0.092A,1.424V,0.000A,1.461V,0.000A,1.493V,0.000A,1.427V,0.000A,1.478V,0.000A,1.504V,0.153A,1.524V,0.000A
2024-06-18 04:47:14.00,1.446V,0.117A,1.451V,0.000A,1.430V,0.000A,1.488V,0.000A,1.438V,0.000A,1.470V,0.000A,1.458V,0.166A,1.518V,0.000A
2024-06-18 04:47:15.00,1.476V,0.231A,1.463V,0.000A,1.518V,0.002A,1.485V,0.000A,1.506V,0.000A,1.445V,0.000A,1.459V,0.126A,1.477V,0.000A
2024-06-18 04:47:16.00,1.523V,0.000A,1.507V,0.000A,1.579V,0.000A,1.544V,0.000A,1.552V,0.001A,1.547V,0.000A,1.579V,0.000A,1.603V,0.000A
2024-06-18 04:47:17.00,1.421V,0.054A,1.491V,0.069A,1.465V,0.000A,1.524V,0.000A,1.494V,0.000A,1.469V,0.095A,1.550V,0.103A,1.411V,0.000A
2024-06-18 04:47:18.00,1.446V,0.062A,1.463V,0.006A,1.446V,0.001A,1.484V,0.007A,1.442V,0.033A,1.509V,0.148A,1.434V,0.015A,1.419V,0.000A
2024-06-18 04:47:19.00,1.334V,0.078A,1.385V,0.039A,1.339V,0.000A,1.375V,0.000A,1.405V,0.310A,1.384V,0.037A,1.347V,0.135A,1.393V,0.078A
2024-06-18 04:47:20.00,1.371V,0.165A,1.325V,0.000A,1.283V,0.418A,1.304V,0.000A,1.382V,0.000A,1.391V,0.001A,1.323V,0.272A,1.365V,0.000A
2024-06-18 04:47:21.00,1.463V,0.000A,1.433V,0.437A,1.411V,0.004A,1.454V,0.000A,1.405V,0.000A,1.414V,0.196A,1.441V,0.000A,1.387V,0.000A
2024-06-18 04:47:22.00,1.469V,0.229A,1.437V,0.000A,1.455V,0.000A,1.484V,0.000A,1.452V,0.000A,1.448V,0.000A,1.441V,0.319A,1.469V,0.000A
2024-06-18 04:47:23.00,1.423V,0.259A,1.417V,0.000A,1.436V,0.000A,1.477V,0.000A,1.420V,0.000A,1.442V,0.000A,1.380V,0.190A,1.441V,0.004A
2024-06-18 04:47:24.00,1.381V,0.000A,1.408V,0.364A,1.374V,0.000A,1.388V,0.018A,1.441V,0.000A,1.407V,0.356A,1.409V,0.000A,1.359V,0.000A
2024-06-18 04:47:25.00,1.436V,0.161A,1.413V,0.029A,1.414V,0.000A,1.497V,0.000A,1.463V,0.010A,1.409V,0.000A,1.484V,0.047A,1.507V,0.000A
2024-06-18 04:47:26.00,1.533V,0.000A,1.502V,0.009A,1.553V,0.000A,1.545V,0.045A,1.525V,0.000A,1.493V,0.013A,1.539V,0.000A,1.537V,0.015A
2024-06-18 04:47:27.00,1.387V,0.169A,1.414V,0.000A,1.413V,0.016A,1.409V,0.078A,1.419V,0.000A,1.435V,0.000A,1.430V,0.123A,1.467V,0.007A
2024-06-18 04:47:28.00,1.299V,0.127A,1.140V,0.008A,1.255V,0.866A,1.071V,0.058A,1.282V,0.000A,1.257V,0.004A,1.221V,0.106A,1.185V,0.004A
2024-06-18 04:47:29.00,1.392V,0.000A,1.368V,0.194A,1.413V,0.061A,1.405V,0.000A,1.384V,0.008A,1.417V,0.324A,1.401V,0.000A,1.436V,0.049A
2024-06-18 04:47:30.00,1.545V,0.000A,1.529V,0.000A,1.573V,0.000A,1.525V,0.000A,1.606V,0.000A,1.502V,0.000A,1.552V,0.000A,1.581V,0.000A
2024-06-18 04:47:31.00,1.462V,0.000A,1.467V,0.000A,1.536V,0.111A,1.455V,0.119A,1.466V,0.005A,1.488V,0.000A,1.483V,0.000A,1.427V,0.000A
2024-06-18 04:47:32.00,1.407V,0.000A,1.416V,0.000A,1.510V,0.480A,1.363V,0.066A,1.430V,0.039A,1.415V,0.000A,1.430V,0.000A,1.388V,0.000A
2024-06-18 04:47:33.00,1.530V,0.000A,1.536V,0.017A,1.567V,0.000A,1.541V,0.000A,1.533V,0.000A,1.533V,0.020A,1.576V,0.000A,1.562V,0.019A
2024-06-18 04:47:34.00,1.551V,0.000A,1.620V,0.000A,1.525V,0.000A,1.565V,0.000A,1.573V,0.000A,1.603V,0.009A,1.531V,0.000A,1.561V,0.000A
2024-06-18 04:47:35.00,1.204V,0.000A,1.298V,0.000A,1.469V,0.116A,1.337V,0.277A,1.314V,0.432A,1.461V,0.004A,1.292V,0.000A,1.274V,0.034A
2024-06-18 04:47:36.00,1.534V,0.000A,1.480V,0.000A,1.507V,0.198A,1.468V,0.000A,1.442V,0.025A,1.455V,0.000A,1.529V,0.000A,1.427V,0.021A
2024-06-18 04:47:37.00,1.591V,0.000A,1.552V,0.023A,1.596V,0.000A,1.531V,0.000A,1.556V,0.000A,1.605V,0.000A,1.506V,0.000A,1.551V,0.000A
2024-06-18 04:47:38.00,1.495V,0.000A,1.516V,0.000A,1.505V,0.032A,1.577V,0.010A,1.543V,0.000A,1.504V,0.000A,1.513V,0.000A,1.555V,0.000A
2024-06-18 04:47:39.00,1.587V,0.000A,1.556V,0.000A,1.619V,0.000A,1.513V,0.000A,1.556V,0.000A,1.616V,0.000A,1.527V,0.000A,1.582V,0.000A
2024-06-18 04:47:40.00,1.547V,0.000A,1.525V,0.000A,1.512V,0.000A,1.491V,0.100A,1.569V,0.028A,1.485V,0.000A,1.488V,0.000A,1.552V,0.000A
2024-06-18 04:47:41.00,1.531V,0.000A,1.562V,0.000A,1.581V,0.023A,1.525V,0.000A,1.569V,0.000A,1.591V,0.028A,1.579V,0.000A,1.555V,0.000A
2024-06-18 04:47:42.00,1.543V,0.000A,1.548V,0.000A,1.609V,0.000A,1.529V,0.000A,1.551V,0.000A,1.595V,0.018A,1.575V,0.000A,1.558V,0.000A
2024-06-18 04:47:43.00,1.581V,0.000A,1.565V,0.000A,1.583V,0.000A,1.561V,0.000A,1.590V,0.000A,1.546V,0.000A,1.583V,0.000A,1.587V,0.000A
2024-06-18 04:47:44.00,1.558V,0.000A,1.609V,0.000A,1.521V,0.000A,1.554V,0.000A,1.596V,0.000A,1.544V,0.000A,1.583V,0.000A,1.558V,0.000A
2024-06-18 04:47:45.00,1.616V,0.000A,1.578V,0.000A,1.545V,0.000A,1.579V,0.000A,1.564V,0.000A,1.561V,0.000A,1.561V,0.000A,1.603V,0.000A
2024-06-18 04:47:46.00,1.517V,0.226A,1.487V,0.000A,1.451V,0.003A,1.510V,0.000A,1.424V,0.000A,1.476V,0.000A,1.495V,0.191A,1.451V,0.000A
2024-06-18 04:47:47.00,1.484V,0.217A,1.432V,0.000A,1.492V,0.000A,1.458V,0.000A,1.502V,0.000A,1.428V,0.017A,1.492V,0.125A,1.511V,0.000A
2024-06-18 04:47:48.00,1.533V,0.000A,1.500V,0.021A,1.544V,0.000A,1.527V,0.000A,1.529V,0.000A,1.507V,0.024A,1.582V,0.080A,1.534V,0.000A
2024-06-18 04:47:49.00,1.616V,0.000A,1.571V,0.000A,1.545V,0.000A,1.556V,0.000A,1.547V,0.000A,1.562V,0.000A,1.551V,0.000A,1.608V,0.000A
2024-06-18 04:47:50.00,1.505V,0.066A,1.482V,0.003A,1.455V,0.000A,1.510V,0.000A,1.456V,0.000A,1.455V,0.000A,1.534V,0.242A,1.476V,0.000A
2024-06-18 04:47:51.00,1.426V,0.208A,1.490V,0.000A,1.484V,0.006A,1.504V,0.000A,1.484V,0.000A,1.459V,0.060A,1.532V,0.101A,1.415V,0.000A
2024-06-18 04:47:52.00,1.594V,0.000A,1.573V,0.000A,1.604V,0.000A,1.541V,0.000A,1.555V,0.000A,1.554V,0.000A,1.614V,0.000A,1.524V,0.000A
2024-06-18 04:47:53.00,1.442V,0.049A,1.483V,0.001A,1.486V,0.000A,1.475V,0.000A,1.447V,0.000A,1.499V,0.045A,1.452V,0.031A,1.447V,0.000A
2024-06-18 04:47:54.00,1.508V,0.125A,1.485V,0.000A,1.477V,0.031A,1.398V,0.000A,1.418V,0.000A,1.434V,0.096A,1.528V,0.070A,1.405V,0.000A
2024-06-18 04:47:55.00,1.512V,0.042A,1.467V,0.092A,1.458V,0.000A,1.475V,0.000A,1.480V,0.000A,1.452V,0.176A,1.492V,0.020A,1.482V,0.000A
2024-06-18 04:47:56.00,1.504V,0.022A,1.471V,0.153A,1.509V,0.000A,1.475V,0.000A,1.468V,0.000A,1.485V,0.119A,1.507V,0.032A,1.450V,0.000A
2024-06-18 04:47:57.00,1.529V,0.045A,1.497V,0.056A,1.480V,0.000A,1.468V,0.000A,1.432V,0.000A,1.451V,0.091A,1.501V,0.107A,1.438V,0.000A
2024-06-18 04:47:58.00,1.588V,0.000A,1.597V,0.022A,1.524V,0.000A,1.585V,0.000A,1.566V,0.000A,1.612V,0.000A,1.533V,0.000A,1.550V,0.000A
2024-06-18 04:47:59.00,1.485V,0.000A,1.473V,0.091A,1.514V,0.000A,1.438V,0.000A,1.470V,0.000A,1.488V,0.145A,1.510V,0.000A,1.457V,0.000A
2024-06-18 04:48:00.00,1.426V,0.041A,1.533V,0.022A,1.424V,0.000A,1.452V,0.000A,1.452V,0.000A,1.520V,0.162A,1.389V,0.013A,1.464V,0.000A
2024-06-18 04:48:01.00,1.455V,0.006A,1.543V,0.000A,1.578V,0.024A,1.515V,0.000A,1.535V,0.000A,1.538V,0.038A,1.600V,0.002A,1.500V,0.001A
2024-06-18 04:48:02.00,1.556V,0.000A,1.513V,0.000A,1.569V,0.000A,1.582V,0.000A,1.605V,0.000A,1.542V,0.000A,1.547V,0.000A,1.610V,0.000A
2024-06-18 04:48:03.00,1.542V,0.000A,1.557V,0.000A,1.625V,0.000A,1.513V,0.000A,1.550V,0.000A,1.600V,0.002A,1.521V,0.000A,1.575V,0.000A
2024-06-18 04:48:04.00,1.550V,0.004A,1.491V,0.000A,1.550V,0.000A,1.550V,0.006A,1.562V,0.000A,1.516V,0.002A,1.517V,0.000A,1.585V,0.000A
2024-06-18 04:48:05.00,1.550V,0.000A,1.513V,0.000A,1.569V,0.000A,1.610V,0.000A,1.542V,0.000A,1.554V,0.000A,1.560V,0.000A,1.605V,0.000A
2024-06-18 04:48:06.00,1.521V,0.000A,1.572V,0.000A,1.523V,0.000A,1.509V,0.000A,1.578V,0.000A,1.504V,0.000A,1.558V,0.000A,1.541V,0.000A
2024-06-18 04:48:07.00,1.571V,0.000A,1.531V,0.000A,1.575V,0.000A,1.471V,0.000A,1.497V,0.000A,1.496V,0.015A,1.578V,0.000A,1.476V,0.000A
2024-06-18 04:48:08.00,1.583V,0.000A,1.559V,0.000A,1.526V,0.000A,1.592V,0.000A,1.506V,0.000A,1.528V,0.000A,1.589V,0.000A,1.507V,0.000A
2024-06-18 04:48:09.00,1.535V,0.000A,1.520V,0.000A,1.546V,0.075A,1.516V,0.000A,1.516V,0.000A,1.488V,0.002A,1.579V,0.004A,1.482V,0.000A
2024-06-18 04:48:10.00,1.492V,0.000A,1.550V,0.000A,1.567V,0.000A,1.566V,0.000A,1.562V,0.000A,1.533V,0.003A,1.596V,0.000A,1.482V,0.000A
2024-06-18 04:48:11.00,1.590V,0.000A,1.526V,0.000A,1.533V,0.000A,1.546V,0.000A,1.500V,0.000A,1.554V,0.000A,1.547V,0.000A,1.609V,0.009A
2024-06-18 04:48:12.00,1.558V,0.000A,1.595V,0.000A,1.504V,0.000A,1.533V,0.000A,1.560V,0.000A,1.556V,0.000A,1.528V,0.000A,1.527V,0.026A
2024-06-18 04:48:13.00,1.563V,0.000A,1.578V,0.000A,1.523V,0.000A,1.513V,0.026A,1.555V,0.000A,1.540V,0.000A,1.550V,0.000A,1.521V,0.053A
2024-06-18 04:48:14.00,1.545V,0.000A,1.571V,0.000A,1.484V,0.000A,1.548V,0.000A,1.581V,0.000A,1.470V,0.000A,1.543V,0.000A,1.542V,0.087A
2024-06-18 04:48:15.00,1.529V,0.000A,1.500V,0.000A,1.547V,0.010A,1.561V,0.058A,1.510V,0.000A,1.554V,0.019A,1.520V,0.000A,1.511V,0.025A
2024-06-18 04:48:16.00,1.548V,0.000A,1.591V,0.001A,1.515V,0.074A,1.441V,0.389A,1.586V,0.000A,1.521V,0.000A,1.559V,0.000A,1.524V,0.023A
2024-06-18 04:48:17.00,1.496V,0.000A,1.546V,0.003A,1.486V,0.000A,1.526V,0.009A,1.554V,0.000A,1.504V,0.000A,1.525V,0.124A,1.502V,0.024A
2024-06-18 04:48:18.00,1.471V,0.214A,1.440V,0.033A,1.391V,0.000A,1.399V,0.024A,1.415V,0.000A,1.418V,0.022A,1.437V,0.078A,1.412V,0.033A
2024-06-18 04:48:19.00,1.421V,0.207A,1.372V,0.004A,1.324V,0.084A,1.363V,0.227A,1.359V,0.000A,1.355V,0.000A,1.409V,0.219A,1.400V,0.000A
2024-06-18 04:48:20.00,1.445V,0.112A,1.445V,0.008A,1.396V,0.008A,1.413V,0.000A,1.405V,0.000A,1.420V,0.011A,1.471V,0.414A,1.406V,0.000A
2024-06-18 04:48:21.00,1.397V,0.000A,1.460V,0.095A,1.451V,0.000A,1.441V,0.000A,1.438V,0.000A,1.443V,0.518A,1.403V,0.000A,1.408V,0.000A
2024-06-18 04:48:22.00,1.268V,0.000A,1.280V,0.232A,1.230V,0.590A,1.304V,0.273A,1.268V,0.019A,1.250V,0.253A,1.273V,0.000A,1.252V,0.000A
2024-06-18 04:48:23.00,1.414V,0.000A,1.442V,0.269A,1.473V,0.000A,1.455V,0.000A,1.421V,0.000A,1.440V,0.142A,1.435V,0.000A,1.466V,0.000A
2024-06-18 04:48:24.00,1.450V,0.002A,1.473V,0.095A,1.461V,0.000A,1.466V,0.000A,1.476V,0.000A,1.504V,0.013A,1.466V,0.079A,1.473V,0.001A
2024-06-18 04:48:25.00,1.516V,0.082A,1.509V,0.000A,1.456V,0.000A,1.475V,0.000A,1.448V,0.000A,1.455V,0.067A,1.450V,0.257A,1.458V,0.000A
2024-06-18 04:48:26.00,1.570V,0.000A,1.527V,0.000A,1.550V,0.000A,1.616V,0.000A,1.556V,0.000A,1.554V,0.048A,1.557V,0.000A,1.617V,0.000A
2024-06-18 04:48:27.00,1.578V,0.000A,1.530V,0.000A,1.596V,0.000A,1.491V,0.000A,1.497V,0.000A,1.538V,0.000A,1.583V,0.022A,1.494V,0.000A
2024-06-18 04:48:28.00,1.508V,0.000A,1.507V,0.000A,1.547V,0.012A,1.471V,0.017A,1.509V,0.012A,1.496V,0.000A,1.517V,0.004A,1.562V,0.000A
2024-06-18 04:48:29.00,1.541V,0.000A,1.514V,0.033A,1.582V,0.000A,1.513V,0.000A,1.494V,0.000A,1.514V,0.000A,1.576V,0.000A,1.480V,0.000A
2024-06-18 04:48:30.00,1.526V,0.183A,1.419V,0.000A,1.422V,0.002A,1.449V,0.000A,1.430V,0.000A,1.460V,0.008A,1.472V,0.325A,1.434V,0.000A
2024-06-18 04:48:31.00,1.532V,0.000A,1.434V,0.027A,1.313V,0.000A,1.347V,0.077A,1.504V,0.000A,1.467V,0.001A,1.446V,0.000A,1.490V,0.265A
2024-06-18 04:48:32.00,1.526V,0.062A,1.557V,0.006A,1.462V,0.000A,1.463V,0.000A,1.455V,0.000A,1.473V,0.099A,1.520V,0.070A,1.489V,0.000A
2024-06-18 04:48:33.00,1.494V,0.068A,1.452V,0.011A,1.450V,0.000A,1.522V,0.000A,1.460V,0.000A,1.479V,0.192A,1.438V,0.005A,1.465V,0.000A
2024-06-18 04:48:34.00,1.471V,0.237A,1.493V,0.004A,1.434V,0.000A,1.450V,0.000A,1.410V,0.000A,1.430V,0.020A,1.469V,0.222A,1.446V,0.000A
2024-06-18 04:48:35.00,1.398V,0.057A,1.494V,0.000A,1.450V,0.014A,1.524V,0.114A,1.459V,0.000A,1.525V,0.041A,1.413V,0.067A,1.447V,0.000A
2024-06-18 04:48:36.00,1.457V,0.007A,1.510V,0.000A,1.495V,0.000A,1.487V,0.147A,1.476V,0.000A,1.546V,0.010A,1.487V,0.000A,1.484V,0.002A
2024-06-18 04:48:37.00,1.456V,0.000A,1.475V,0.017A,1.500V,0.000A,1.525V,0.000A,1.447V,0.208A,1.528V,0.000A,1.439V,0.000A,1.484V,0.000A
2024-06-18 04:48:38.00,1.538V,0.000A,1.536V,0.018A,1.569V,0.000A,1.488V,0.000A,1.527V,0.000A,1.529V,0.010A,1.558V,0.000A,1.482V,0.000A
2024-06-18 04:48:39.00,1.597V,0.000A,1.550V,0.007A,1.598V,0.000A,1.458V,0.000A,1.530V,0.000A,1.550V,0.002A,1.616V,0.000A,1.543V,0.000A
2024-06-18 04:48:40.00,1.417V,0.128A,1.430V,0.000A,1.442V,0.000A,1.443V,0.000A,1.435V,0.000A,1.463V,0.000A,1.500V,0.228A,1.500V,0.000A
2024-06-18 04:48:41.00,1.490V,0.000A,1.534V,0.026A,1.456V,0.000A,1.477V,0.000A,1.497V,0.000A,1.504V,0.036A,1.438V,0.327A,1.512V,0.000A
2024-06-18 04:48:42.00,1.458V,0.066A,1.431V,0.000A,1.488V,0.000A,1.456V,0.000A,1.451V,0.000A,1.471V,0.000A,1.481V,0.252A,1.471V,0.000A
2024-06-18 04:48:43.00,1.481V,0.127A,1.458V,0.081A,1.413V,0.000A,1.455V,0.000A,1.447V,0.000A,1.447V,0.016A,1.526V,0.115A,1.460V,0.000A
2024-06-18 04:48:44.00,1.579V,0.000A,1.520V,0.000A,1.551V,0.000A,1.619V,0.000A,1.591V,0.000A,1.517V,0.000A,1.562V,0.000A,1.600V,0.000A
2024-06-18 04:48:45.00,1.451V,0.041A,1.455V,0.037A,1.476V,0.000A,1.523V,0.000A,1.460V,0.000A,1.495V,0.002A,1.471V,0.042A,1.502V,0.000A
2024-06-18 04:48:46.00,1.528V,0.000A,1.525V,0.009A,1.467V,0.000A,1.471V,0.000A,1.466V,0.000A,1.506V,0.178A,1.432V,0.050A,1.476V,0.000A
2024-06-18 04:48:47.00,1.469V,0.000A,1.518V,0.029A,1.482V,0.000A,1.543V,0.000A,1.511V,0.038A,1.558V,0.012A,1.463V,0.000A,1.533V,0.000A
2024-06-18 04:48:48.00,1.578V,0.000A,1.545V,0.000A,1.562V,0.000A,1.558V,0.000A,1.608V,0.000A,1.519V,0.000A,1.557V,0.000A,1.616V,0.000A
2024-06-18 04:48:49.00,1.582V,0.000A,1.623V,0.000A,1.523V,0.000A,1.558V,0.000A,1.578V,0.000A,1.577V,0.000A,1.566V,0.000A,1.548V,0.000A
2024-06-18 04:48:50.00,1.600V,0.000A,1.541V,0.000A,1.589V,0.000A,1.485V,0.002A,1.513V,0.004A,1.529V,0.002A,1.593V,0.000A,1.496V,0.000A
2024-06-18 04:48:51.00,1.550V,0.000A,1.519V,0.000A,1.531V,0.000A,1.601V,0.000A,1.587V,0.000A,1.509V,0.000A,1.525V,0.000A,1.591V,0.000A
2024-06-18 04:48:52.00,1.558V,0.000A,1.608V,0.000A,1.544V,0.005A,1.546V,0.000A,1.623V,0.000A,1.530V,0.000A,1.589V,0.000A,1.571V,0.000A
2024-06-18 04:48:53.00,1.612V,0.000A,1.575V,0.000A,1.557V,0.000A,1.624V,0.000A,1.526V,0.000A,1.579V,0.000A,1.594V,0.000A,1.575V,0.000A
2024-06-18 04:48:54.00,1.584V,0.000A,1.604V,0.000A,1.553V,0.000A,1.551V,0.000A,1.565V,0.000A,1.600V,0.000A,1.558V,0.000A,1.554V,0.000A
2024-06-18 04:48:55.00,1.571V,0.000A,1.579V,0.000A,1.587V,0.000A,1.611V,0.000A,1.562V,0.000A,1.554V,0.000A,1.627V,0.000A,1.522V,0.000A
2024-06-18 04:48:56.00,1.550V,0.000A,1.610V,0.000A,1.510V,0.000A,1.569V,0.000A,1.583V,0.000A,1.601V,0.011A,1.527V,0.000A,1.568V,0.000A
2024-06-18 04:48:57.00,1.628V,0.000A,1.585V,0.000A,1.567V,0.000A,1.625V,0.000A,1.524V,0.000A,1.571V,0.000A,1.600V,0.000A,1.554V,0.000A
2024-06-18 04:48:58.00,1.615V,0.000A,1.518V,0.037A,1.529V,0.000A,1.580V,0.000A,1.525V,0.000A,1.575V,0.000A,1.518V,0.000A,1.571V,0.000A
2024-06-18 04:48:59.00,1.517V,0.000A,1.467V,0.116A,1.484V,0.004A,1.421V,0.000A,1.421V,0.000A,1.475V,0.169A,1.482V,0.004A,1.408V,0.000A
2024-06-18 04:49:00.00,1.442V,0.121A,1.417V,0.000A,1.479V,0.019A,1.380V,0.000A,1.397V,0.000A,1.448V,0.000A,1.462V,0.434A,1.397V,0.000A
2024-06-18 04:49:01.00,1.545V,0.132A,1.479V,0.073A,1.520V,0.018A,1.419V,0.000A,1.423V,0.000A,1.444V,0.000A,1.517V,0.082A,1.434V,0.000A
2024-06-18 04:49:02.00,1.462V,0.100A,1.412V,0.053A,1.333V,0.008A,1.389V,0.016A,1.363V,0.236A,1.378V,0.057A,1.404V,0.012A,1.414V,0.012A
2024-06-18 04:49:03.00,1.538V,0.000A,1.496V,0.000A,1.544V,0.000A,1.524V,0.033A,1.560V,0.024A,1.482V,0.000A,1.520V,0.000A,1.546V,0.000A
2024-06-18 04:49:04.00,1.496V,0.000A,1.464V,0.000A,1.591V,0.060A,1.560V,0.033A,1.445V,0.000A,1.446V,0.010A,1.530V,0.000A,1.463V,0.000A
2024-06-18 04:49:05.00,1.545V,0.000A,1.614V,0.000A,1.524V,0.000A,1.559V,0.000A,1.546V,0.000A,1.605V,0.000A,1.526V,0.000A,1.550V,0.000A
2024-06-18 04:49:06.00,1.502V,0.000A,1.532V,0.000A,1.615V,0.000A,1.503V,0.001A,1.545V,0.000A,1.558V,0.027A,1.567V,0.000A,1.548V,0.000A
2024-06-18 04:49:07.00,1.554V,0.000A,1.517V,0.000A,1.568V,0.000A,1.585V,0.000A,1.618V,0.000A,1.521V,0.000A,1.558V,0.000A,1.610V,0.000A
2024-06-18 04:49:08.00,1.582V,0.000A,1.553V,0.000A,1.583V,0.000A,1.558V,0.000A,1.578V,0.000A,1.548V,0.000A,1.578V,0.000A,1.593V,0.000A
2024-06-18 04:49:09.00,1.584V,0.000A,1.559V,0.000A,1.620V,0.000A,1.520V,0.000A,1.529V,0.000A,1.555V,0.000A,1.608V,0.000A,1.517V,0.000A
2024-06-18 04:49:10.00,1.604V,0.000A,1.521V,0.000A,1.591V,0.017A,1.496V,0.020A,1.509V,0.000A,1.521V,0.000A,1.593V,0.000A,1.513V,0.000A
2024-06-18 04:49:11.00,1.581V,0.000A,1.533V,0.000A,1.571V,0.000A,1.589V,0.000A,1.585V,0.000A,1.550V,0.000A,1.577V,0.000A,1.577V,0.000A
2024-06-18 04:49:12.00,1.428V,0.000A,1.441V,0.001A,1.574V,0.306A,1.577V,0.031A,1.417V,0.000A,1.446V,0.000A,1.462V,0.000A,1.447V,0.000A
2024-06-18 04:49:13.00,1.600V,0.000A,1.546V,0.000A,1.609V,0.001A,1.524V,0.000A,1.515V,0.000A,1.524V,0.000A,1.596V,0.000A,1.509V,0.000A
2024-06-18 04:49:14.00,1.450V,0.000A,1.512V,0.000A,1.562V,0.344A,1.540V,0.000A,1.469V,0.003A,1.429V,0.000A,1.433V,0.000A,1.553V,0.000A
2024-06-18 04:49:15.00,1.414V,0.000A,1.384V,0.013A,1.476V,0.000A,1.564V,0.000A,1.442V,0.215A,1.348V,0.004A,1.450V,0.000A,1.460V,0.110A
2024-06-18 04:49:16.00,1.607V,0.000A,1.583V,0.000A,1.590V,0.000A,1.554V,0.000A,1.542V,0.000A,1.585V,0.000A,1.596V,0.000A,1.539V,0.000A
2024-06-18 04:49:17.00,1.432V,0.000A,1.525V,0.004A,1.449V,0.160A,1.488V,0.020A,1.491V,0.000A,1.513V,0.004A,1.434V,0.000A,1.475V,0.006A
2024-06-18 04:49:18.00,1.593V,0.000A,1.536V,0.000A,1.589V,0.000A,1.490V,0.000A,1.534V,0.012A,1.521V,0.000A,1.596V,0.000A,1.505V,0.000A
2024-06-18 04:49:19.00,1.530V,0.000A,1.583V,0.016A,1.564V,0.000A,1.580V,0.000A,1.542V,0.075A,1.601V,0.000A,1.492V,0.000A,1.561V,0.000A
2024-06-18 04:49:20.00,1.592V,0.000A,1.575V,0.000A,1.569V,0.021A,1.518V,0.001A,1.511V,0.000A,1.555V,0.000A,1.598V,0.000A,1.518V,0.000A
2024-06-18 04:49:21.00,1.562V,0.000A,1.533V,0.000A,1.504V,0.020A,1.584V,0.011A,1.478V,0.000A,1.518V,0.000A,1.555V,0.000A,1.490V,0.000A
2024-06-18 04:49:22.00,1.558V,0.000A,1.541V,0.000A,1.530V,0.000A,1.563V,0.000A,1.503V,0.013A,1.556V,0.000A,1.552V,0.000A,1.538V,0.000A
2024-06-18 04:49:23.00,1.604V,0.000A,1.575V,0.000A,1.601V,0.000A,1.542V,0.000A,1.550V,0.000A,1.553V,0.000A,1.625V,0.000A,1.515V,0.000A
2024-06-18 04:49:24.00,1.554V,0.000A,1.588V,0.000A,1.520V,0.027A,1.540V,0.000A,1.588V,0.000A,1.488V,0.000A,1.558V,0.000A,1.560V,0.000A
2024-06-18 04:49:25.00,1.601V,0.000A,1.575V,0.000A,1.532V,0.000A,1.562V,0.000A,1.510V,0.000A,1.576V,0.000A,1.549V,0.000A,1.605V,0.001A
2024-06-18 04:49:26.00,1.517V,0.000A,1.488V,0.000A,1.471V,0.207A,1.513V,0.014A,1.425V,0.012A,1.473V,0.000A,1.497V,0.001A,1.447V,0.000A
2024-06-18 04:49:27.00,1.520V,0.261A,1.388V,0.004A,1.451V,0.000A,1.438V,0.000A,1.427V,0.000A,1.451V,0.000A,1.421V,0.171A,1.491V,0.000A
2024-06-18 04:49:28.00,1.500V,0.000A,1.513V,0.030A,1.571V,0.000A,1.491V,0.000A,1.558V,0.105A,1.533V,0.000A,1.487V,0.000A,1.523V,0.000A
2024-06-18 04:49:29.00,1.603V,0.000A,1.513V,0.000A,1.569V,0.000A,1.578V,0.000A,1.511V,0.000A,1.570V,0.000A,1.558V,0.000A,1.608V,0.000A
2024-06-18 04:49:30.00,1.575V,0.000A,1.569V,0.000A,1.544V,0.000A,1.592V,0.000A,1.538V,0.000A,1.580V,0.024A,1.602V,0.000A,1.513V,0.000A
2024-06-18 04:49:31.00,1.564V,0.000A,1.531V,0.000A,1.604V,0.000A,1.548V,0.000A,1.525V,0.000A,1.596V,0.007A,1.517V,0.000A,1.567V,0.000A
2024-06-18 04:49:32.00,1.604V,0.000A,1.525V,0.000A,1.562V,0.000A,1.562V,0.004A,1.517V,0.000A,1.567V,0.000A,1.544V,0.000A,1.595V,0.000A
2024-06-18 04:49:33.00,1.517V,0.000A,1.549V,0.000A,1.588V,0.000A,1.554V,0.000A,1.560V,0.000A,1.571V,0.015A,1.600V,0.000A,1.519V,0.000A
2024-06-18 04:49:34.00,1.547V,0.000A,1.555V,0.000A,1.565V,0.004A,1.617V,0.000A,1.529V,0.000A,1.587V,0.031A,1.571V,0.000A,1.530V,0.000A
2024-06-18 04:49:35.00,1.599V,0.000A,1.617V,0.003A,1.533V,0.000A,1.560V,0.000A,1.577V,0.000A,1.524V,0.000A,1.563V,0.000A,1.555V,0.000A
2024-06-18 04:49:36.00,1.551V,0.000A,1.596V,0.018A,1.600V,0.000A,1.525V,0.000A,1.622V,0.000A,1.521V,0.000A,1.578V,0.000A,1.548V,0.000A
2024-06-18 04:49:37.00,1.583V,0.000A,1.583V,0.008A,1.638V,0.000A,1.543V,0.000A,1.633V,0.000A,1.550V,0.000A,1.562V,0.000A,1.578V,0.000A
2024-06-18 04:49:38.00,1.628V,0.000A,1.622V,0.012A,1.574V,0.000A,1.560V,0.000A,1.573V,0.000A,1.551V,0.000A,1.582V,0.000A,1.576V,0.000A
2024-06-18 04:49:39.00,1.568V,0.000A,1.595V,0.000A,1.582V,0.000A,1.636V,0.000A,1.579V,0.000A,1.622V,0.019A,1.595V,0.000A,1.545V,0.000A
2024-06-18 04:49:40.00,1.580V,0.000A,1.564V,0.000A,1.581V,0.000A,1.623V,0.000A,1.618V,0.000A,1.537V,0.000A,1.548V,0.000A,1.579V,0.000A
2024-06-18 04:49:41.00,1.562V,0.000A,1.571V,0.000A,1.640V,0.000A,1.567V,0.000A,1.622V,0.000A,1.578V,0.000A,1.565V,0.000A,1.584V,0.000A
2024-06-18 04:49:42.00,1.532V,0.080A,1.500V,0.024A,1.480V,0.000A,1.480V,0.000A,1.548V,0.000A,1.499V,0.036A,1.415V,0.094A,1.473V,0.000A
2024-06-18 04:49:43.00,1.573V,0.000A,1.589V,0.000A,1.564V,0.000A,1.582V,0.000A,1.620V,0.000A,1.625V,0.001A,1.550V,0.000A,1.546V,0.000A
2024-06-18 04:49:44.00,1.515V,0.000A,1.569V,0.000A,1.529V,0.000A,1.517V,0.000A,1.573V,0.000A,1.593V,0.009A,1.521V,0.000A,1.539V,0.000A
2024-06-18 04:49:45.00,1.554V,0.000A,1.596V,0.067A,1.560V,0.000A,1.530V,0.000A,1.604V,0.000A,1.517V,0.000A,1.538V,0.009A,1.533V,0.000A
2024-06-18 04:49:46.00,1.583V,0.000A,1.546V,0.044A,1.604V,0.004A,1.575V,0.000A,1.517V,0.000A,1.510V,0.020A,1.554V,0.000A,1.515V,0.000A
2024-06-18 04:49:47.00,1.571V,0.019A,1.558V,0.015A,1.607V,0.004A,1.580V,0.000A,1.587V,0.000A,1.506V,0.000A,1.551V,0.000A,1.539V,0.000A
2024-06-18 04:49:48.00,1.507V,0.000A,1.611V,0.001A,1.540V,0.045A,1.512V,0.000A,1.562V,0.000A,1.556V,0.000A,1.558V,0.000A,1.586V,0.000A
2024-06-18 04:49:49.00,1.525V,0.184A,1.401V,0.012A,1.378V,0.000A,1.421V,0.045A,1.469V,0.000A,1.446V,0.000A,1.453V,0.308A,1.446V,0.000A
2024-06-18 04:49:50.00,1.442V,0.000A,1.408V,0.000A,1.441V,0.000A,1.515V,0.027A,1.564V,0.000A,1.542V,0.000A,1.547V,0.000A,1.528V,0.242A
2024-06-18 04:49:51.00,1.463V,0.000A,1.513V,0.014A,1.488V,0.000A,1.538V,0.071A,1.505V,0.125A,1.513V,0.008A,1.571V,0.000A,1.500V,0.000A
2024-06-18 04:49:52.00,1.611V,0.000A,1.587V,0.013A,1.590V,0.000A,1.500V,0.000A,1.525V,0.000A,1.540V,0.000A,1.560V,0.000A,1.544V,0.000A
2024-06-18 04:49:53.00,1.490V,0.000A,1.509V,0.000A,1.533V,0.000A,1.562V,0.000A,1.565V,0.000A,1.525V,0.000A,1.570V,0.000A,1.584V,0.000A
2024-06-18 04:49:54.00,1.547V,0.000A,1.488V,0.074A,1.492V,0.001A,1.400V,0.000A,1.531V,0.000A,1.557V,0.000A,1.557V,0.050A,1.438V,0.000A
2024-06-18 04:49:55.00,1.572V,0.000A,1.561V,0.000A,1.555V,0.000A,1.553V,0.000A,1.550V,0.000A,1.585V,0.015A,1.613V,0.000A,1.526V,0.000A
2024-06-18 04:49:56.00,1.498V,0.074A,1.522V,0.205A,1.482V,0.000A,1.438V,0.000A,1.467V,0.000A,1.421V,0.066A,1.495V,0.000A,1.455V,0.000A
2024-06-18 04:49:57.00,1.425V,0.007A,1.464V,0.050A,1.446V,0.001A,1.509V,0.000A,1.457V,0.000A,1.438V,0.249A,1.508V,0.028A,1.382V,0.000A
2024-06-18 04:49:58.00,1.421V,0.005A,1.480V,0.018A,1.425V,0.000A,1.435V,0.000A,1.473V,0.000A,1.437V,0.077A,1.455V,0.014A,1.458V,0.052A
2024-06-18 04:49:59.00,1.466V,0.014A,1.469V,0.000A,1.458V,0.000A,1.420V,0.000A,1.472V,0.000A,1.458V,0.192A,1.450V,0.019A,1.488V,0.000A
2024-06-18 04:50:00.00,1.523V,0.000A,1.496V,0.000A,1.533V,0.000A,1.504V,0.000A,1.540V,0.000A,1.563V,0.045A,1.553V,0.000A,1.486V,0.000A
2024-06-18 04:50:01.00,1.567V,0.017A,1.578V,0.037A,1.511V,0.000A,1.522V,0.000A,1.542V,0.000A,1.482V,0.011A,1.553V,0.000A,1.505V,0.000A
2024-06-18 04:50:02.00,1.538V,0.000A,1.548V,0.020A,1.583V,0.000A,1.491V,0.000A,1.540V,0.015A,1.569V,0.000A,1.485V,0.000A,1.548V,0.000A
2024-06-18 04:50:03.00,1.502V,0.000A,1.504V,0.000A,1.554V,0.000A,1.544V,0.000A,1.556V,0.000A,1.538V,0.000A,1.581V,0.000A,1.600V,0.000A
2024-06-18 04:50:04.00,1.592V,0.000A,1.579V,0.009A,1.614V,0.000A,1.496V,0.000A,1.608V,0.000A,1.509V,0.000A,1.585V,0.000A,1.538V,0.000A
2024-06-18 04:50:05.00,1.600V,0.000A,1.612V,0.000A,1.511V,0.000A,1.580V,0.000A,1.579V,0.000A,1.526V,0.000A,1.569V,0.000A,1.570V,0.000A
2024-06-18 04:50:06.00,1.540V,0.000A,1.553V,0.000A,1.506V,0.000A,1.567V,0.000A,1.529V,0.000A,1.557V,0.000A,1.542V,0.000A,1.596V,0.000A
2024-06-18 04:50:07.00,1.536V,0.000A,1.545V,0.001A,1.583V,0.004A,1.604V,0.000A,1.576V,0.000A,1.593V,0.000A,1.511V,0.000A,1.570V,0.000A
2024-06-18 04:50:08.00,1.492V,0.012A,1.474V,0.029A,1.501V,0.000A,1.484V,0.000A,1.490V,0.000A,1.509V,0.009A,1.572V,0.095A,1.522V,0.000A
2024-06-18 04:50:09.00,1.564V,0.000A,1.513V,0.000A,1.560V,0.001A,1.538V,0.000A,1.539V,0.000A,1.558V,0.009A,1.591V,0.000A,1.541V,0.000A
2024-06-18 04:50:10.00,1.509V,0.000A,1.556V,0.000A,1.536V,0.000A,1.608V,0.000A,1.571V,0.000A,1.526V,0.000A,1.598V,0.000A,1.525V,0.000A
2024-06-18 04:50:11.00,1.484V,0.029A,1.502V,0.053A,1.463V,0.000A,1.542V,0.000A,1.459V,0.000A,1.490V,0.133A,1.540V,0.005A,1.437V,0.000A
2024-06-18 04:50:12.00,1.572V,0.000A,1.603V,0.000A,1.509V,0.000A,1.582V,0.000A,1.605V,0.000A,1.509V,0.000A,1.569V,0.000A,1.566V,0.000A
2024-06-18 04:50:13.00,1.546V,0.000A,1.601V,0.000A,1.506V,0.000A,1.567V,0.000A,1.600V,0.000A,1.497V,0.000A,1.562V,0.000A,1.536V,0.000A
2024-06-18 04:50:14.00,1.413V,0.000A,1.437V,0.000A,1.456V,0.050A,1.501V,0.098A,1.504V,0.062A,1.457V,0.000A,1.498V,0.000A,1.475V,0.000A
2024-06-18 04:50:15.00,1.480V,0.000A,1.564V,0.008A,1.522V,0.014A,1.487V,0.000A,1.531V,0.000A,1.466V,0.000A,1.533V,0.000A,1.504V,0.000A
2024-06-18 04:50:16.00,1.495V,0.000A,1.554V,0.000A,1.537V,0.000A,1.604V,0.000A,1.562V,0.000A,1.537V,0.000A,1.600V,0.000A,1.523V,0.000A
2024-06-18 04:50:17.00,1.567V,0.000A,1.548V,0.000A,1.604V,0.000A,1.562V,0.000A,1.546V,0.000A,1.603V,0.018A,1.550V,0.000A,1.562V,0.000A
2024-06-18 04:50:18.00,1.546V,0.000A,1.596V,0.000A,1.509V,0.000A,1.544V,0.000A,1.591V,0.000A,1.504V,0.000A,1.555V,0.000A,1.535V,0.000A
2024-06-18 04:50:19.00,1.525V,0.000A,1.523V,0.000A,1.502V,0.000A,1.543V,0.000A,1.542V,0.051A,1.507V,0.000A,1.552V,0.000A,1.517V,0.000A
2024-06-18 04:50:20.00,1.562V,0.000A,1.512V,0.000A,1.584V,0.009A,1.556V,0.000A,1.517V,0.000A,1.594V,0.000A,1.497V,0.000A,1.556V,0.000A
2024-06-18 04:50:21.00,1.537V,0.000A,1.604V,0.002A,1.529V,0.000A,1.553V,0.000A,1.604V,0.000A,1.500V,0.000A,1.579V,0.000A,1.553V,0.000A
2024-06-18 04:50:22.00,1.565V,0.000A,1.544V,0.000A,1.581V,0.000A,1.593V,0.000A,1.582V,0.000A,1.608V,0.000A,1.504V,0.000A,1.567V,0.000A
2024-06-18 04:50:23.00,1.588V,0.000A,1.550V,0.016A,1.592V,0.000A,1.571V,0.000A,1.550V,0.000A,1.501V,0.000A,1.561V,0.000A,1.539V,0.000A
2024-06-18 04:50:24.00,1.554V,0.000A,1.546V,0.000A,1.609V,0.000A,1.542V,0.000A,1.608V,0.000A,1.533V,0.000A,1.539V,0.000A,1.552V,0.000A
2024-06-18 04:50:25.00,1.542V,0.000A,1.522V,0.000A,1.554V,0.000A,1.528V,0.000A,1.542V,0.000A,1.551V,0.000A,1.570V,0.000A,1.600V,0.000A
2024-06-18 04:50:26.00,1.438V,0.000A,1.424V,0.285A,1.480V,0.028A,1.409V,0.000A,1.466V,0.000A,1.467V,0.000A,1.376V,0.116A,1.458V,0.000A
2024-06-18 04:50:27.00,1.518V,0.000A,1.516V,0.000A,1.454V,0.020A,1.514V,0.012A,1.477V,0.000A,1.514V,0.000A,1.496V,0.002A,1.571V,0.000A
2024-06-18 04:50:28.00,1.538V,0.120A,1.483V,0.052A,1.534V,0.000A,1.516V,0.000A,1.484V,0.000A,1.434V,0.017A,1.488V,0.063A,1.463V,0.000A
2024-06-18 04:50:29.00,1.523V,0.002A,1.514V,0.000A,1.510V,0.000A,1.576V,0.000A,1.558V,0.000A,1.570V,0.012A,1.591V,0.006A,1.542V,0.000A
2024-06-18 04:50:30.00,1.492V,0.004A,1.442V,0.007A,1.468V,0.000A,1.491V,0.000A,1.474V,0.000A,1.492V,0.182A,1.528V,0.074A,1.461V,0.000A
2024-06-18 04:50:31.00,1.498V,0.062A,1.438V,0.000A,1.475V,0.000A,1.460V,0.000A,1.467V,0.000A,1.494V,0.082A,1.504V,0.186A,1.451V,0.000A
2024-06-18 04:50:32.00,1.545V,0.000A,1.496V,0.020A,1.555V,0.101A,1.541V,0.002A,1.525V,0.000A,1.447V,0.008A,1.511V,0.000A,1.493V,0.000A
2024-06-18 04:50:33.00,1.372V,0.397A,1.372V,0.005A,1.423V,0.080A,1.362V,0.036A,1.381V,0.000A,1.401V,0.040A,1.392V,0.019A,1.394V,0.000A
2024-06-18 04:50:34.00,1.484V,0.068A,1.456V,0.000A,1.459V,0.067A,1.489V,0.000A,1.430V,0.000A,1.480V,0.053A,1.478V,0.098A,1.421V,0.000A
2024-06-18 04:50:35.00,1.501V,0.000A,1.511V,0.025A,1.467V,0.000A,1.521V,0.000A,1.469V,0.000A,1.523V,0.179A,1.529V,0.000A,1.442V,0.000A
2024-06-18 04:50:36.00,1.478V,0.000A,1.500V,0.016A,1.499V,0.053A,1.541V,0.000A,1.463V,0.000A,1.524V,0.067A,1.513V,0.000A,1.457V,0.000A
2024-06-18 04:50:37.00,1.557V,0.000A,1.560V,0.000A,1.550V,0.000A,1.565V,0.000A,1.543V,0.000A,1.582V,0.016A,1.600V,0.000A,1.509V,0.000A
2024-06-18 04:50:38.00,1.507V,0.000A,1.499V,0.000A,1.570V,0.000A,1.546V,0.000A,1.559V,0.000A,1.533V,0.000A,1.587V,0.000A,1.569V,0.000A
2024-06-18 04:50:39.00,1.484V,0.000A,1.468V,0.000A,1.538V,0.002A,1.504V,0.064A,1.498V,0.000A,1.439V,0.000A,1.542V,0.000A,1.538V,0.000A
2024-06-18 04:50:40.00,1.579V,0.000A,1.533V,0.000A,1.563V,0.015A,1.589V,0.000A,1.580V,0.000A,1.500V,0.000A,1.549V,0.000A,1.548V,0.000A
2024-06-18 04:50:41.00,1.467V,0.000A,1.523V,0.000A,1.455V,0.016A,1.518V,0.128A,1.402V,0.000A,1.479V,0.000A,1.505V,0.000A,1.549V,0.000A
2024-06-18 04:50:42.00,1.501V,0.000A,1.521V,0.005A,1.593V,0.020A,1.490V,0.000A,1.558V,0.067A,1.510V,0.000A,1.470V,0.000A,1.540V,0.000A
2024-06-18 04:50:43.00,1.572V,0.000A,1.501V,0.000A,1.542V,0.042A,1.569V,0.001A,1.509V,0.000A,1.480V,0.000A,1.518V,0.000A,1.529V,0.000A
2024-06-18 04:50:44.00,1.525V,0.000A,1.510V,0.000A,1.521V,0.000A,1.577V,0.036A,1.516V,0.000A,1.573V,0.001A,1.480V,0.000A,1.517V,0.015A
2024-06-18 04:50:45.00,1.578V,0.000A,1.584V,0.000A,1.488V,0.000A,1.564V,0.000A,1.492V,0.000A,1.542V,0.000A,1.531V,0.000A,1.575V,0.000A
2024-06-18 04:50:46.00,1.545V,0.000A,1.555V,0.000A,1.555V,0.000A,1.609V,0.000A,1.551V,0.000A,1.600V,0.001A,1.533V,0.000A,1.529V,0.000A
2024-06-18 04:50:47.00,1.509V,0.000A,1.506V,0.001A,1.504V,0.000A,1.500V,0.111A,1.468V,0.000A,1.527V,0.010A,1.540V,0.000A,1.476V,0.000A
2024-06-18 04:50:48.00,1.473V,0.000A,1.508V,0.000A,1.503V,0.000A,1.567V,0.090A,1.534V,0.000A,1.507V,0.004A,1.571V,0.000A,1.467V,0.001A
2024-06-18 04:50:49.00,1.536V,0.000A,1.513V,0.000A,1.570V,0.000A,1.546V,0.000A,1.518V,0.000A,1.572V,0.046A,1.490V,0.000A,1.541V,0.000A
2024-06-18 04:50:50.00,1.562V,0.000A,1.500V,0.040A,1.500V,0.000A,1.457V,0.000A,1.518V,0.119A,1.496V,0.000A,1.510V,0.000A,1.475V,0.009A
2024-06-18 04:50:51.00,1.523V,0.000A,1.562V,0.038A,1.554V,0.000A,1.517V,0.000A,1.567V,0.000A,1.565V,0.000A,1.498V,0.000A,1.535V,0.000A
2024-06-18 04:50:52.00,1.516V,0.000A,1.473V,0.000A,1.546V,0.000A,1.520V,0.000A,1.513V,0.000A,1.525V,0.004A,1.531V,0.000A,1.567V,0.000A
2024-06-18 04:50:53.00,1.514V,0.000A,1.473V,0.085A,1.473V,0.000A,1.516V,0.000A,1.434V,0.000A,1.479V,0.171A,1.455V,0.052A,1.522V,0.000A
2024-06-18 04:50:54.00,1.506V,0.000A,1.419V,0.000A,1.488V,0.009A,1.452V,0.004A,1.452V,0.102A,1.475V,0.024A,1.455V,0.000A,1.489V,0.121A
2024-06-18 04:50:55.00,1.519V,0.000A,1.531V,0.006A,1.596V,0.017A,1.517V,0.000A,1.575V,0.002A,1.527V,0.000A,1.500V,0.000A,1.553V,0.000A
2024-06-18 04:50:56.00,1.444V,0.000A,1.473V,0.140A,1.449V,0.000A,1.529V,0.000A,1.459V,0.000A,1.463V,0.016A,1.503V,0.179A,1.424V,0.000A
2024-06-18 04:50:57.00,1.509V,0.000A,1.459V,0.028A,1.466V,0.013A,1.538V,0.000A,1.491V,0.000A,1.470V,0.034A,1.509V,0.021A,1.419V,0.000A
2024-06-18 04:50:58.00,1.434V,0.000A,1.504V,0.002A,1.485V,0.072A,1.525V,0.000A,1.475V,0.000A,1.484V,0.145A,1.525V,0.000A,1.417V,0.000A
2024-06-18 04:50:59.00,1.508V,0.000A,1.496V,0.058A,1.558V,0.000A,1.456V,0.000A,1.529V,0.000A,1.558V,0.028A,1.452V,0.000A,1.512V,0.000A
2024-06-18 04:51:00.00,1.525V,0.000A,1.513V,0.000A,1.581V,0.000A,1.533V,0.000A,1.538V,0.000A,1.551V,0.000A,1.558V,0.000A,1.604V,0.000A
2024-06-18 04:51:01.00,1.567V,0.000A,1.567V,0.000A,1.533V,0.000A,1.538V,0.000A,1.546V,0.000A,1.594V,0.006A,1.545V,0.000A,1.517V,0.000A
2024-06-18 04:51:02.00,1.451V,0.181A,1.409V,0.008A,1.472V,0.056A,1.420V,0.000A,1.421V,0.000A,1.479V,0.045A,1.380V,0.158A,1.451V,0.000A
2024-06-18 04:51:03.00,1.554V,0.000A,1.574V,0.000A,1.514V,0.091A,1.417V,0.009A,1.567V,0.000A,1.502V,0.000A,1.527V,0.000A,1.567V,0.000A
2024-06-18 04:51:04.00,1.509V,0.000A,1.438V,0.007A,1.368V,0.000A,1.316V,0.000A,1.423V,0.000A,1.415V,0.074A,1.382V,0.184A,1.318V,0.000A
2024-06-18 04:51:05.00,1.377V,0.381A,1.449V,0.022A,1.438V,0.000A,1.451V,0.000A,1.416V,0.000A,1.474V,0.024A,1.434V,0.109A,1.449V,0.000A
2024-06-18 04:51:06.00,1.542V,0.096A,1.509V,0.015A,1.482V,0.002A,1.549V,0.000A,1.453V,0.000A,1.490V,0.000A,1.521V,0.000A,1.496V,0.000A
2024-06-18 04:51:07.00,1.474V,0.004A,1.526V,0.002A,1.489V,0.000A,1.566V,0.007A,1.500V,0.000A,1.514V,0.070A,1.569V,0.000A,1.467V,0.000A
2024-06-18 04:51:08.00,1.512V,0.325A,1.461V,0.000A,1.446V,0.030A,1.434V,0.000A,1.378V,0.000A,1.428V,0.000A,1.455V,0.270A,1.414V,0.000A
2024-06-18 04:51:09.00,1.539V,0.000A,1.546V,0.000A,1.603V,0.004A,1.516V,0.000A,1.580V,0.000A,1.552V,0.000A,1.528V,0.000A,1.546V,0.000A
2024-06-18 04:51:10.00,1.573V,0.000A,1.565V,0.000A,1.539V,0.000A,1.568V,0.000A,1.546V,0.000A,1.575V,0.016A,1.600V,0.000A,1.508V,0.000A
2024-06-18 04:51:11.00,1.550V,0.000A,1.545V,0.000A,1.546V,0.053A,1.596V,0.000A,1.529V,0.000A,1.573V,0.024A,1.542V,0.000A,1.500V,0.000A
2024-06-18 04:51:12.00,1.536V,0.006A,1.534V,0.018A,1.583V,0.000A,1.521V,0.000A,1.583V,0.000A,1.480V,0.000A,1.527V,0.004A,1.508V,0.000A
2024-06-18 04:51:13.00,1.502V,0.000A,1.570V,0.033A,1.485V,0.000A,1.535V,0.000A,1.571V,0.000A,1.484V,0.007A,1.522V,0.000A,1.502V,0.000A
2024-06-18 04:51:14.00,1.536V,0.000A,1.533V,0.000A,1.530V,0.001A,1.573V,0.000A,1.455V,0.003A,1.488V,0.024A,1.526V,0.000A,1.513V,0.000A
2024-06-18 04:51:15.00,1.504V,0.000A,1.524V,0.000A,1.546V,0.000A,1.577V,0.000A,1.496V,0.000A,1.544V,0.080A,1.528V,0.000A,1.499V,0.000A
2024-06-18 04:51:16.00,1.254V,0.000A,1.327V,0.000A,1.193V,0.058A,1.207V,0.021A,1.364V,0.493A,1.446V,0.000A,1.492V,0.000A,1.276V,0.081A
2024-06-18 04:51:17.00,1.529V,0.012A,1.469V,0.026A,1.435V,0.000A,1.504V,0.000A,1.421V,0.000A,1.485V,0.000A,1.476V,0.044A,1.498V,0.000A
2024-06-18 04:51:18.00,1.430V,0.049A,1.420V,0.045A,1.464V,0.059A,1.388V,0.000A,1.413V,0.000A,1.486V,0.114A,1.396V,0.006A,1.446V,0.000A
2024-06-18 04:51:19.00,1.465V,0.070A,1.404V,0.023A,1.455V,0.000A,1.455V,0.000A,1.488V,0.000A,1.408V,0.078A,1.434V,0.058A,1.488V,0.000A
2024-06-18 04:51:20.00,1.550V,0.000A,1.563V,0.000A,1.521V,0.000A,1.568V,0.000A,1.534V,0.000A,1.575V,0.022A,1.583V,0.000A,1.504V,0.000A
2024-06-18 04:51:21.00,1.554V,0.000A,1.551V,0.008A,1.588V,0.003A,1.485V,0.000A,1.525V,0.000A,1.580V,0.000A,1.491V,0.000A,1.545V,0.000A
2024-06-18 04:51:22.00,1.462V,0.000A,1.395V,0.000A,1.483V,0.344A,1.417V,0.016A,1.427V,0.000A,1.402V,0.000A,1.391V,0.000A,1.477V,0.178A
2024-06-18 04:51:23.00,1.409V,0.000A,1.438V,0.000A,1.454V,0.393A,1.490V,0.000A,1.431V,0.000A,1.409V,0.004A,1.494V,0.000A,1.416V,0.128A
2024-06-18 04:51:24.00,1.492V,0.000A,1.457V,0.000A,1.420V,0.000A,1.474V,0.070A,1.405V,0.263A,1.474V,0.000A,1.429V,0.000A,1.502V,0.022A
2024-06-18 04:51:25.00,1.507V,0.000A,1.451V,0.000A,1.480V,0.342A,1.455V,0.000A,1.415V,0.000A,1.464V,0.000A,1.472V,0.000A,1.493V,0.000A
2024-06-18 04:51:26.00,1.443V,0.000A,1.446V,0.000A,1.519V,0.026A,1.426V,0.037A,1.485V,0.124A,1.502V,0.010A,1.441V,0.000A,1.485V,0.005A
2024-06-18 04:51:27.00,1.529V,0.000A,1.538V,0.007A,1.578V,0.000A,1.501V,0.000A,1.525V,0.000A,1.580V,0.000A,1.487V,0.000A,1.551V,0.000A
2024-06-18 04:51:28.00,1.480V,0.000A,1.516V,0.000A,1.413V,0.327A,1.483V,0.000A,1.495V,0.000A,1.419V,0.000A,1.516V,0.000A,1.473V,0.053A
2024-06-18 04:51:29.00,1.506V,0.000A,1.513V,0.000A,1.565V,0.000A,1.542V,0.000A,1.565V,0.000A,1.534V,0.000A,1.596V,0.000A,1.556V,0.000A
2024-06-18 04:51:30.00,1.575V,0.000A,1.569V,0.000A,1.546V,0.000A,1.611V,0.000A,1.547V,0.000A,1.586V,0.025A,1.575V,0.000A,1.512V,0.000A
2024-06-18 04:51:31.00,1.547V,0.000A,1.496V,0.000A,1.554V,0.000A,1.524V,0.000A,1.521V,0.000A,1.537V,0.000A,1.566V,0.001A,1.578V,0.000A
2024-06-18 04:51:32.00,1.470V,0.003A,1.463V,0.003A,1.498V,0.005A,1.480V,0.054A,1.504V,0.000A,1.491V,0.026A,1.543V,0.023A,1.488V,0.000A
2024-06-18 04:51:33.00,1.392V,0.047A,1.445V,0.001A,1.432V,0.107A,1.453V,0.038A,1.439V,0.000A,1.413V,0.099A,1.488V,0.058A,1.380V,0.000A
2024-06-18 04:51:34.00,1.362V,0.256A,1.395V,0.000A,1.431V,0.000A,1.449V,0.000A,1.410V,0.065A,1.430V,0.000A,1.388V,0.175A,1.438V,0.047A
2024-06-18 04:51:35.00,1.403V,0.198A,1.383V,0.000A,1.401V,0.196A,1.366V,0.178A,1.410V,0.000A,1.365V,0.009A,1.374V,0.232A,1.380V,0.000A
2024-06-18 04:51:36.00,1.343V,0.182A,1.380V,0.000A,1.420V,0.231A,1.369V,0.029A,1.380V,0.000A,1.351V,0.000A,1.409V,0.171A,1.413V,0.000A
2024-06-18 04:51:37.00,1.475V,0.000A,1.538V,0.000A,1.444V,0.000A,1.488V,0.000A,1.509V,0.229A,1.435V,0.000A,1.516V,0.000A,1.467V,0.000A
2024-06-18 04:51:38.00,1.581V,0.000A,1.572V,0.000A,1.533V,0.000A,1.556V,0.000A,1.579V,0.000A,1.528V,0.000A,1.541V,0.000A,1.585V,0.000A
2024-06-18 04:51:39.00,1.537V,0.000A,1.535V,0.000A,1.560V,0.004A,1.581V,0.000A,1.522V,0.000A,1.565V,0.021A,1.544V,0.000A,1.516V,0.000A
2024-06-18 04:51:40.00,1.500V,0.000A,1.545V,0.000A,1.583V,0.000A,1.533V,0.000A,1.559V,0.000A,1.552V,0.016A,1.583V,0.000A,1.530V,0.000A
2024-06-18 04:51:41.00,1.513V,0.000A,1.533V,0.000A,1.525V,0.000A,1.569V,0.000A,1.500V,0.000A,1.543V,0.019A,1.550V,0.000A,1.467V,0.059A
2024-06-18 04:51:42.00,1.416V,0.000A,1.415V,0.000A,1.447V,0.146A,1.465V,0.291A,1.480V,0.116A,1.383V,0.000A,1.443V,0.000A,1.474V,0.000A
2024-06-18 04:51:43.00,1.536V,0.000A,1.446V,0.000A,1.529V,0.072A,1.543V,0.000A,1.519V,0.000A,1.492V,0.020A,1.558V,0.000A,1.480V,0.000A
2024-06-18 04:51:44.00,1.584V,0.000A,1.492V,0.000A,1.554V,0.004A,1.529V,0.000A,1.512V,0.000A,1.547V,0.000A,1.531V,0.000A,1.601V,0.000A
2024-06-18 04:51:45.00,1.521V,0.000A,1.488V,0.000A,1.543V,0.000A,1.519V,0.000A,1.519V,0.000A,1.527V,0.000A,1.576V,0.000A,1.543V,0.000A
2024-06-18 04:51:46.00,1.584V,0.000A,1.533V,0.000A,1.522V,0.024A,1.491V,0.000A,1.535V,0.000A,1.536V,0.000A,1.516V,0.000A,1.572V,0.000A
2024-06-18 04:51:47.00,1.508V,0.012A,1.439V,0.124A,1.429V,0.000A,1.489V,0.000A,1.401V,0.000A,1.450V,0.073A,1.472V,0.091A,1.445V,0.000A
2024-06-18 04:51:48.00,1.483V,0.008A,1.448V,0.000A,1.513V,0.000A,1.492V,0.000A,1.538V,0.000A,1.450V,0.015A,1.491V,0.019A,1.553V,0.000A
2024-06-18 04:51:49.00,1.514V,0.000A,1.546V,0.000A,1.444V,0.000A,1.500V,0.070A,1.507V,0.000A,1.507V,0.000A,1.510V,0.006A,1.465V,0.000A
2024-06-18 04:51:50.00,1.492V,0.000A,1.488V,0.003A,1.491V,0.000A,1.496V,0.000A,1.469V,0.078A,1.463V,0.000A,1.504V,0.016A,1.418V,0.000A
2024-06-18 04:51:51.00,1.526V,0.000A,1.442V,0.066A,1.365V,0.000A,1.401V,0.000A,1.460V,0.205A,1.421V,0.053A,1.442V,0.000A,1.412V,0.015A
2024-06-18 04:51:52.00,1.462V,0.000A,1.463V,0.140A,1.390V,0.000A,1.388V,0.000A,1.344V,0.045A,1.385V,0.365A,1.413V,0.000A,1.392V,0.000A
2024-06-18 04:51:53.00,1.481V,0.000A,1.449V,0.067A,1.514V,0.000A,1.412V,0.000A,1.426V,0.041A,1.437V,0.230A,1.488V,0.000A,1.403V,0.000A
2024-06-18 04:51:54.00,1.417V,0.000A,1.417V,0.001A,1.442V,0.002A,1.503V,0.002A,1.456V,0.180A,1.478V,0.001A,1.438V,0.000A,1.468V,0.063A
2024-06-18 04:51:55.00,1.580V,0.000A,1.537V,0.000A,1.599V,0.000A,1.501V,0.000A,1.533V,0.000A,1.525V,0.001A,1.600V,0.000A,1.498V,0.000A
2024-06-18 04:51:56.00,1.517V,0.000A,1.537V,0.000A,1.592V,0.000A,1.532V,0.000A,1.571V,0.000A,1.550V,0.008A,1.605V,0.000A,1.529V,0.000A
2024-06-18 04:51:57.00,1.585V,0.000A,1.560V,0.000A,1.559V,0.000A,1.583V,0.000A,1.520V,0.000A,1.564V,0.000A,1.567V,0.000A,1.555V,0.000A
2024-06-18 04:51:58.00,1.550V,0.000A,1.510V,0.000A,1.563V,0.000A,1.535V,0.000A,1.569V,0.000A,1.515V,0.000A,1.529V,0.000A,1.587V,0.000A
2024-06-18 04:51:59.00,1.557V,0.000A,1.504V,0.000A,1.531V,0.000A,1.567V,0.004A,1.555V,0.000A,1.535V,0.000A,1.533V,0.000A,1.585V,0.000A
2024-06-18 04:52:00.00,1.557V,0.000A,1.582V,0.000A,1.491V,0.000A,1.556V,0.000A,1.594V,0.000A,1.498V,0.000A,1.550V,0.000A,1.554V,0.000A
2024-06-18 04:52:01.00,1.596V,0.000A,1.585V,0.022A,1.584V,0.000A,1.498V,0.000A,1.554V,0.000A,1.505V,0.000A,1.571V,0.000A,1.530V,0.000A
2024-06-18 04:52:02.00,1.570V,0.000A,1.564V,0.007A,1.605V,0.000A,1.540V,0.000A,1.596V,0.000A,1.508V,0.000A,1.558V,0.000A,1.542V,0.000A
2024-06-18 04:52:03.00,1.570V,0.000A,1.533V,0.000A,1.560V,0.000A,1.540V,0.000A,1.543V,0.000A,1.562V,0.008A,1.600V,0.000A,1.520V,0.000A
2024-06-18 04:52:04.00,1.575V,0.000A,1.545V,0.000A,1.557V,0.000A,1.583V,0.000A,1.548V,0.000A,1.535V,0.000A,1.591V,0.000A,1.546V,0.000A
2024-06-18 04:52:05.00,1.539V,0.000A,1.609V,0.000A,1.504V,0.000A,1.561V,0.000A,1.609V,0.000A,1.510V,0.000A,1.566V,0.000A,1.538V,0.000A
2024-06-18 04:52:06.00,1.587V,0.000A,1.551V,0.000A,1.550V,0.000A,1.542V,0.000A,1.582V,0.000A,1.526V,0.000A,1.536V,0.000A,1.580V,0.000A
2024-06-18 04:52:07.00,1.557V,0.000A,1.534V,0.000A,1.585V,0.004A,1.579V,0.000A,1.557V,0.000A,1.606V,0.000A,1.504V,0.000A,1.574V,0.000A
2024-06-18 04:52:08.00,1.535V,0.000A,1.539V,0.000A,1.569V,0.000A,1.604V,0.000A,1.565V,0.000A,1.601V,0.000A,1.502V,0.000A,1.572V,0.000A
2024-06-18 04:52:09.00,1.510V,0.000A,1.513V,0.000A,1.562V,0.000A,1.545V,0.000A,1.567V,0.000A,1.525V,0.000A,1.567V,0.000A,1.603V,0.000A
2024-06-18 04:52:10.00,1.560V,0.000A,1.562V,0.000A,1.535V,0.000A,1.597V,0.000A,1.533V,0.000A,1.598V,0.008A,1.538V,0.000A,1.519V,0.000A
2024-06-18 04:52:11.00,1.567V,0.000A,1.505V,0.000A,1.571V,0.000A,1.546V,0.000A,1.542V,0.000A,1.575V,0.012A,1.614V,0.000A,1.562V,0.000A
2024-06-18 04:52:12.00,1.600V,0.000A,1.535V,0.000A,1.551V,0.000A,1.601V,0.000A,1.586V,0.000A,1.506V,0.000A,1.554V,0.000A,1.559V,0.000A
2024-06-18 04:52:13.00,1.575V,0.000A,1.545V,0.000A,1.554V,0.000A,1.533V,0.000A,1.541V,0.000A,1.600V,0.004A,1.538V,0.000A,1.535V,0.000A
2024-06-18 04:52:14.00,1.558V,0.000A,1.557V,0.000A,1.542V,0.000A,1.526V,0.000A,1.587V,0.000A,1.579V,0.002A,1.527V,0.000A,1.507V,0.000A
2024-06-18 04:52:15.00,1.575V,0.000A,1.534V,0.000A,1.567V,0.005A,1.597V,0.003A,1.504V,0.000A,1.538V,0.000A,1.559V,0.000A,1.534V,0.000A
2024-06-18 04:52:16.00,1.567V,0.000A,1.551V,0.000A,1.548V,0.000A,1.535V,0.000A,1.546V,0.000A,1.585V,0.028A,1.592V,0.000A,1.508V,0.000A
2024-06-18 04:52:17.00,1.598V,0.000A,1.594V,0.016A,1.600V,0.000A,1.512V,0.000A,1.504V,0.000A,1.567V,0.000A,1.543V,0.000A,1.550V,0.000A
2024-06-18 04:52:18.00,1.591V,0.000A,1.535V,0.000A,1.567V,0.000A,1.605V,0.000A,1.591V,0.000A,1.523V,0.000A,1.546V,0.000A,1.564V,0.000A
2024-06-18 04:52:19.00,1.529V,0.000A,1.546V,0.000A,1.535V,0.000A,1.581V,0.000A,1.585V,0.000A,1.575V,0.000A,1.487V,0.000A,1.542V,0.000A
2024-06-18 04:52:20.00,1.583V,0.000A,1.546V,0.000A,1.591V,0.000A,1.572V,0.000A,1.566V,0.000A,1.493V,0.000A,1.559V,0.000A,1.533V,0.000A
2024-06-18 04:52:21.00,1.587V,0.000A,1.556V,0.003A,1.604V,0.000A,1.572V,0.000A,1.507V,0.000A,1.518V,0.000A,1.553V,0.000A,1.529V,0.000A
2024-06-18 04:52:22.00,1.500V,0.000A,1.588V,0.000A,1.539V,0.000A,1.562V,0.000A,1.558V,0.000A,1.534V,0.000A,1.534V,0.000A,1.585V,0.000A
2024-06-18 04:52:23.00,1.596V,0.000A,1.557V,0.000A,1.546V,0.000A,1.600V,0.000A,1.591V,0.000A,1.534V,0.000A,1.519V,0.000A,1.564V,0.000A
2024-06-18 04:52:24.00,1.505V,0.000A,1.595V,0.004A,1.543V,0.000A,1.507V,0.000A,1.559V,0.000A,1.538V,0.000A,1.554V,0.000A,1.595V,0.000A
2024-06-18 04:52:25.00,1.526V,0.000A,1.603V,0.017A,1.589V,0.000A,1.515V,0.000A,1.562V,0.000A,1.549V,0.000A,1.538V,0.000A,1.562V,0.000A
2024-06-18 04:52:26.00,1.593V,0.000A,1.567V,0.000A,1.537V,0.000A,1.567V,0.000A,1.599V,0.000A,1.530V,0.000A,1.514V,0.000A,1.564V,0.000A
2024-06-18 04:52:27.00,1.550V,0.000A,1.529V,0.000A,1.507V,0.000A,1.531V,0.000A,1.579V,0.000A,1.596V,0.015A,1.598V,0.000A,1.572V,0.000A
2024-06-18 04:52:28.00,1.603V,0.000A,1.548V,0.000A,1.543V,0.000A,1.565V,0.000A,1.540V,0.000A,1.499V,0.000A,1.539V,0.000A,1.571V,0.000A
2024-06-18 04:52:29.00,1.530V,0.000A,1.579V,0.024A,1.551V,0.000A,1.512V,0.000A,1.540V,0.000A,1.516V,0.000A,1.536V,0.000A,1.577V,0.000A
2024-06-18 04:52:30.00,1.528V,0.000A,1.533V,0.001A,1.523V,0.000A,1.522V,0.000A,1.527V,0.000A,1.565V,0.050A,1.554V,0.000A,1.485V,0.000A
2024-06-18 04:52:31.00,1.517V,0.000A,1.538V,0.000A,1.525V,0.000A,1.554V,0.000A,1.565V,0.000A,1.579V,0.020A,1.513V,0.000A,1.508V,0.000A
2024-06-18 04:52:32.00,1.603V,0.000A,1.567V,0.000A,1.542V,0.000A,1.576V,0.000A,1.577V,0.000A,1.517V,0.000A,1.522V,0.000A,1.554V,0.000A
2024-06-18 04:52:33.00,1.542V,0.006A,1.538V,0.114A,1.561V,0.000A,1.468V,0.000A,1.542V,0.000A,1.453V,0.023A,1.517V,0.001A,1.495V,0.000A
2024-06-18 04:52:34.00,1.538V,0.000A,1.563V,0.000A,1.511V,0.000A,1.569V,0.000A,1.569V,0.000A,1.546V,0.000A,1.559V,0.000A,1.603V,0.000A
2024-06-18 04:52:35.00,1.547V,0.000A,1.526V,0.000A,1.563V,0.000A,1.597V,0.000A,1.598V,0.000A,1.527V,0.000A,1.504V,0.000A,1.547V,0.000A
2024-06-18 04:52:36.00,1.601V,0.000A,1.540V,0.000A,1.592V,0.004A,1.596V,0.000A,1.597V,0.000A,1.508V,0.000A,1.546V,0.000A,1.550V,0.000A
2024-06-18 04:52:37.00,1.517V,0.000A,1.587V,0.012A,1.600V,0.000A,1.534V,0.000A,1.529V,0.000A,1.562V,0.000A,1.545V,0.000A,1.542V,0.000A
2024-06-18 04:52:38.00,1.554V,0.000A,1.526V,0.002A,1.526V,0.000A,1.561V,0.000A,1.509V,0.000A,1.504V,0.000A,1.517V,0.000A,1.545V,0.000A
2024-06-18 04:52:39.00,1.488V,0.000A,1.579V,0.010A,1.509V,0.000A,1.490V,0.000A,1.544V,0.000A,1.535V,0.000A,1.526V,0.000A,1.578V,0.000A
2024-06-18 04:52:40.00,1.534V,0.000A,1.554V,0.012A,1.580V,0.000A,1.587V,0.000A,1.496V,0.000A,1.498V,0.020A,1.549V,0.000A,1.520V,0.000A
2024-06-18 04:52:41.00,1.559V,0.000A,1.567V,0.000A,1.529V,0.000A,1.561V,0.000A,1.591V,0.000A,1.568V,0.013A,1.521V,0.000A,1.510V,0.000A
2024-06-18 04:52:42.00,1.607V,0.000A,1.548V,0.000A,1.539V,0.000A,1.589V,0.000A,1.587V,0.000A,1.505V,0.000A,1.534V,0.000A,1.569V,0.000A
2024-06-18 04:52:43.00,1.540V,0.000A,1.555V,0.000A,1.510V,0.000A,1.527V,0.000A,1.545V,0.000A,1.583V,0.028A,1.603V,0.000A,1.589V,0.000A
2024-06-18 04:52:44.00,1.559V,0.000A,1.589V,0.004A,1.575V,0.000A,1.559V,0.000A,1.575V,0.000A,1.583V,0.006A,1.595V,0.000A,1.603V,0.000A
2024-06-18 04:52:45.00,1.589V,0.000A,1.546V,0.000A,1.563V,0.000A,1.565V,0.000A,1.608V,0.000A,1.576V,0.000A,1.527V,0.000A,1.512V,0.000A
2024-06-18 04:52:46.00,1.521V,0.000A,1.571V,0.040A,1.560V,0.014A,1.497V,0.000A,1.538V,0.000A,1.507V,0.000A,1.510V,0.000A,1.550V,0.000A
2024-06-18 04:52:47.00,1.571V,0.000A,1.558V,0.000A,1.513V,0.000A,1.560V,0.000A,1.542V,0.000A,1.558V,0.000A,1.594V,0.000A,1.598V,0.000A
2024-06-18 04:52:48.00,1.602V,0.000A,1.533V,0.000A,1.547V,0.000A,1.579V,0.000A,1.536V,0.000A,1.499V,0.000A,1.555V,0.000A,1.555V,0.000A
2024-06-18 04:52:49.00,1.513V,0.000A,1.543V,0.000A,1.467V,0.000A,1.501V,0.000A,1.513V,0.000A,1.517V,0.077A,1.529V,0.000A,1.580V,0.000A
2024-06-18 04:52:50.00,1.389V,0.106A,1.385V,0.017A,1.484V,0.150A,1.434V,0.049A,1.459V,0.000A,1.380V,0.243A,1.390V,0.000A,1.417V,0.000A
2024-06-18 04:52:51.00,1.550V,0.000A,1.500V,0.000A,1.525V,0.014A,1.562V,0.120A,1.470V,0.000A,1.486V,0.000A,1.525V,0.000A,1.521V,0.000A
2024-06-18 04:52:52.00,1.544V,0.000A,1.555V,0.000A,1.541V,0.000A,1.579V,0.004A,1.601V,0.000A,1.569V,0.000A,1.499V,0.000A,1.546V,0.000A
2024-06-18 04:52:53.00,1.533V,0.000A,1.489V,0.000A,1.508V,0.000A,1.541V,0.000A,1.581V,0.000A,1.583V,0.033A,1.571V,0.000A,1.513V,0.000A
2024-06-18 04:52:54.00,1.504V,0.000A,1.585V,0.028A,1.578V,0.000A,1.536V,0.000A,1.527V,0.000A,1.552V,0.000A,1.525V,0.000A,1.556V,0.000A
2024-06-18 04:52:55.00,1.542V,0.000A,1.517V,0.000A,1.502V,0.000A,1.550V,0.000A,1.535V,0.000A,1.556V,0.026A,1.585V,0.000A,1.566V,0.000A
2024-06-18 04:52:56.00,1.546V,0.000A,1.483V,0.000A,1.521V,0.001A,1.542V,0.000A,1.519V,0.000A,1.544V,0.034A,1.573V,0.000A,1.553V,0.000A
2024-06-18 04:52:57.00,1.501V,0.000A,1.561V,0.025A,1.578V,0.018A,1.574V,0.000A,1.492V,0.000A,1.529V,0.006A,1.532V,0.000A,1.518V,0.000A
2024-06-18 04:52:58.00,1.533V,0.000A,1.585V,0.029A,1.564V,0.000A,1.550V,0.000A,1.522V,0.000A,1.540V,0.013A,1.575V,0.000A,1.577V,0.000A
2024-06-18 04:52:59.00,1.526V,0.000A,1.544V,0.000A,1.566V,0.000A,1.588V,0.000A,1.531V,0.000A,1.555V,0.000A,1.569V,0.000A,1.550V,0.000A
2024-06-18 04:53:00.00,1.526V,0.000A,1.578V,0.000A,1.500V,0.000A,1.517V,0.000A,1.562V,0.000A,1.531V,0.000A,1.541V,0.000A,1.595V,0.000A
2024-06-18 04:53:01.00,1.606V,0.000A,1.537V,0.000A,1.577V,0.000A,1.571V,0.000A,1.569V,0.000A,1.508V,0.000A,1.542V,0.000A,1.562V,0.000A
2024-06-18 04:53:02.00,1.539V,0.000A,1.567V,0.000A,1.547V,0.000A,1.553V,0.000A,1.568V,0.000A,1.600V,0.004A,1.534V,0.000A,1.519V,0.000A
2024-06-18 04:53:03.00,1.523V,0.000A,1.554V,0.000A,1.484V,0.000A,1.522V,0.000A,1.528V,0.000A,1.514V,0.000A,1.550V,0.000A,1.594V,0.000A
2024-06-18 04:53:04.00,1.585V,0.000A,1.561V,0.012A,1.577V,0.000A,1.479V,0.000A,1.517V,0.000A,1.488V,0.000A,1.551V,0.000A,1.521V,0.000A
2024-06-18 04:53:05.00,1.533V,0.000A,1.531V,0.000A,1.550V,0.006A,1.602V,0.000A,1.581V,0.008A,1.554V,0.000A,1.490V,0.000A,1.550V,0.000A
2024-06-18 04:53:06.00,1.516V,0.000A,1.510V,0.000A,1.558V,0.000A,1.531V,0.000A,1.546V,0.000A,1.528V,0.000A,1.584V,0.000A,1.558V,0.000A
2024-06-18 04:53:07.00,1.497V,0.000A,1.528V,0.000A,1.553V,0.000A,1.546V,0.000A,1.565V,0.000A,1.525V,0.000A,1.593V,0.000A,1.546V,0.000A
2024-06-18 04:53:08.00,1.520V,0.000A,1.533V,0.018A,1.584V,0.000A,1.486V,0.000A,1.587V,0.000A,1.482V,0.000A,1.526V,0.000A,1.515V,0.000A
2024-06-18 04:53:09.00,1.574V,0.000A,1.582V,0.034A,1.532V,0.000A,1.475V,0.000A,1.492V,0.000A,1.518V,0.045A,1.519V,0.000A,1.535V,0.000A
2024-06-18 04:53:10.00,1.477V,0.000A,1.554V,0.039A,1.579V,0.000A,1.565V,0.000A,1.540V,0.000A,1.534V,0.005A,1.513V,0.000A,1.532V,0.000A
2024-06-18 04:53:11.00,1.578V,0.003A,1.527V,0.002A,1.565V,0.000A,1.577V,0.000A,1.534V,0.000A,1.489V,0.000A,1.524V,0.000A,1.529V,0.000A
2024-06-18 04:53:12.00,1.506V,0.000A,1.575V,0.033A,1.505V,0.000A,1.516V,0.000A,1.532V,0.000A,1.508V,0.004A,1.540V,0.003A,1.556V,0.000A
2024-06-18 04:53:13.00,1.504V,0.000A,1.558V,0.062A,1.571V,0.000A,1.504V,0.000A,1.480V,0.000A,1.533V,0.021A,1.506V,0.000A,1.518V,0.000A
2024-06-18 04:53:14.00,1.495V,0.000A,1.491V,0.000A,1.516V,0.000A,1.492V,0.000A,1.508V,0.000A,1.554V,0.132A,1.536V,0.000A,1.475V,0.000A
2024-06-18 04:53:15.00,1.586V,0.000A,1.538V,0.002A,1.466V,0.000A,1.529V,0.000A,1.459V,0.000A,1.547V,0.000A,1.517V,0.000A,1.558V,0.000A
2024-06-18 04:53:16.00,1.517V,0.000A,1.512V,0.000A,1.574V,0.000A,1.537V,0.000A,1.567V,0.000A,1.537V,0.000A,1.598V,0.000A,1.562V,0.000A
2024-06-18 04:53:17.00,1.539V,0.000A,1.548V,0.000A,1.554V,0.000A,1.532V,0.000A,1.545V,0.000A,1.567V,0.025A,1.599V,0.000A,1.500V,0.000A
2024-06-18 04:53:18.00,1.557V,0.000A,1.585V,0.011A,1.508V,0.000A,1.544V,0.005A,1.586V,0.000A,1.488V,0.000A,1.554V,0.000A,1.527V,0.000A
2024-06-18 04:53:19.00,1.558V,0.000A,1.575V,0.020A,1.581V,0.000A,1.498V,0.000A,1.603V,0.000A,1.494V,0.000A,1.554V,0.000A,1.521V,0.000A
2024-06-18 04:53:20.00,1.540V,0.000A,1.512V,0.000A,1.546V,0.000A,1.564V,0.000A,1.554V,0.000A,1.584V,0.011A,1.604V,0.000A,1.565V,0.000A
2024-06-18 04:53:21.00,1.546V,0.000A,1.547V,0.000A,1.506V,0.000A,1.562V,0.000A,1.558V,0.000A,1.530V,0.000A,1.579V,0.000A,1.596V,0.000A
2024-06-18 04:53:22.00,1.546V,0.000A,1.528V,0.000A,1.562V,0.000A,1.587V,0.000A,1.495V,0.000A,1.506V,0.000A,1.545V,0.000A,1.541V,0.000A
2024-06-18 04:53:23.00,1.566V,0.000A,1.539V,0.000A,1.592V,0.001A,1.568V,0.000A,1.587V,0.000A,1.500V,0.000A,1.525V,0.000A,1.538V,0.000A
2024-06-18 04:53:24.00,1.540V,0.000A,1.566V,0.000A,1.496V,0.000A,1.523V,0.000A,1.550V,0.000A,1.526V,0.000A,1.558V,0.000A,1.594V,0.000A
2024-06-18 04:53:25.00,1.465V,0.000A,1.531V,0.000A,1.441V,0.175A,1.474V,0.005A,1.445V,0.000A,1.473V,0.000A,1.477V,0.000A,1.471V,0.035A
2024-06-18 04:53:26.00,1.509V,0.000A,1.600V,0.000A,1.513V,0.000A,1.546V,0.000A,1.550V,0.000A,1.547V,0.000A,1.542V,0.000A,1.592V,0.000A
2024-06-18 04:53:27.00,1.452V,0.000A,1.499V,0.231A,1.421V,0.000A,1.371V,0.000A,1.391V,0.000A,1.485V,0.355A,1.413V,0.000A,1.447V,0.000A
2024-06-18 04:53:28.00,1.548V,0.000A,1.535V,0.000A,1.554V,0.000A,1.545V,0.000A,1.590V,0.000A,1.584V,0.021A,1.559V,0.000A,1.495V,0.000A
2024-06-18 04:53:29.00,1.509V,0.000A,1.588V,0.000A,1.507V,0.000A,1.552V,0.000A,1.569V,0.000A,1.540V,0.000A,1.549V,0.000A,1.597V,0.000A
2024-06-18 04:53:30.00,1.411V,0.004A,1.422V,0.056A,1.454V,0.000A,1.428V,0.000A,1.469V,0.000A,1.435V,0.124A,1.509V,0.059A,1.454V,0.000A
2024-06-18 04:53:31.00,1.500V,0.009A,1.500V,0.059A,1.399V,0.000A,1.473V,0.000A,1.413V,0.000A,1.455V,0.164A,1.456V,0.027A,1.452V,0.000A
2024-06-18 04:53:32.00,1.471V,0.000A,1.458V,0.003A,1.423V,0.000A,1.474V,0.000A,1.402V,0.000A,1.466V,0.144A,1.411V,0.071A,1.511V,0.000A
2024-06-18 04:53:33.00,1.596V,0.000A,1.595V,0.012A,1.546V,0.000A,1.510V,0.000A,1.515V,0.000A,1.528V,0.000A,1.553V,0.000A,1.552V,0.000A
2024-06-18 04:53:34.00,1.556V,0.000A,1.535V,0.000A,1.597V,0.000A,1.601V,0.000A,1.603V,0.000A,1.523V,0.000A,1.533V,0.000A,1.558V,0.000A
2024-06-18 04:53:35.00,1.509V,0.000A,1.546V,0.000A,1.494V,0.000A,1.543V,0.000A,1.547V,0.000A,1.529V,0.000A,1.534V,0.000A,1.596V,0.000A
2024-06-18 04:53:36.00,1.559V,0.000A,1.555V,0.000A,1.535V,0.000A,1.592V,0.000A,1.600V,0.000A,1.565V,0.000A,1.503V,0.000A,1.546V,0.000A
2024-06-18 04:53:37.00,1.523V,0.000A,1.569V,0.024A,1.550V,0.000A,1.527V,0.000A,1.528V,0.000A,1.533V,0.002A,1.529V,0.085A,1.569V,0.000A
2024-06-18 04:53:38.00,1.509V,0.013A,1.459V,0.000A,1.512V,0.008A,1.510V,0.000A,1.479V,0.000A,1.524V,0.172A,1.545V,0.000A,1.498V,0.000A
2024-06-18 04:53:39.00,1.488V,0.000A,1.463V,0.001A,1.513V,0.023A,1.497V,0.005A,1.504V,0.000A,1.537V,0.065A,1.546V,0.004A,1.488V,0.000A
2024-06-18 04:53:40.00,1.567V,0.000A,1.500V,0.012A,1.539V,0.001A,1.570V,0.000A,1.504V,0.000A,1.482V,0.000A,1.522V,0.000A,1.527V,0.000A
2024-06-18 04:53:41.00,1.567V,0.011A,1.477V,0.000A,1.513V,0.000A,1.554V,0.000A,1.540V,0.000A,1.455V,0.078A,1.481V,0.000A,1.508V,0.000A
2024-06-18 04:53:42.00,1.564V,0.000A,1.582V,0.024A,1.595V,0.000A,1.533V,0.000A,1.496V,0.000A,1.546V,0.000A,1.541V,0.000A,1.540V,0.000A
2024-06-18 04:53:43.00,1.558V,0.000A,1.523V,0.000A,1.531V,0.000A,1.573V,0.000A,1.584V,0.000A,1.549V,0.000A,1.488V,0.000A,1.554V,0.000A
2024-06-18 04:53:44.00,1.572V,0.000A,1.559V,0.000A,1.538V,0.000A,1.579V,0.000A,1.600V,0.000A,1.542V,0.000A,1.502V,0.000A,1.538V,0.000A
2024-06-18 04:53:45.00,1.502V,0.000A,1.591V,0.000A,1.540V,0.000A,1.503V,0.000A,1.547V,0.000A,1.536V,0.000A,1.532V,0.000A,1.577V,0.000A
2024-06-18 04:53:46.00,1.561V,0.000A,1.562V,0.000A,1.530V,0.000A,1.566V,0.000A,1.600V,0.000A,1.558V,0.000A,1.500V,0.000A,1.542V,0.000A
2024-06-18 04:53:47.00,1.512V,0.000A,1.599V,0.006A,1.533V,0.000A,1.515V,0.000A,1.521V,0.000A,1.565V,0.000A,1.537V,0.000A,1.571V,0.000A
2024-06-18 04:53:48.00,1.558V,0.000A,1.578V,0.000A,1.505V,0.000A,1.509V,0.000A,1.538V,0.000A,1.537V,0.000A,1.560V,0.000A,1.595V,0.000A
2024-06-18 04:53:49.00,1.510V,0.000A,1.576V,0.023A,1.522V,0.000A,1.487V,0.000A,1.548V,0.000A,1.520V,0.000A,1.522V,0.000A,1.579V,0.000A
2024-06-18 04:53:50.00,1.542V,0.000A,1.596V,0.013A,1.606V,0.000A,1.566V,0.000A,1.562V,0.000A,1.548V,0.000A,1.542V,0.000A,1.561V,0.000A
2024-06-18 04:53:51.00,1.556V,0.000A,1.501V,0.000A,1.567V,0.000A,1.605V,0.000A,1.543V,0.000A,1.558V,0.005A,1.598V,0.000A,1.559V,0.000A
2024-06-18 04:53:52.00,1.541V,0.000A,1.509V,0.000A,1.529V,0.000A,1.543V,0.000A,1.558V,0.000A,1.529V,0.000A,1.588V,0.000A,1.583V,0.000A
2024-06-18 04:53:53.00,1.548V,0.000A,1.546V,0.000A,1.500V,0.000A,1.512V,0.000A,1.566V,0.000A,1.552V,0.000A,1.471V,0.000A,1.507V,0.000A
2024-06-18 04:53:54.00,1.534V,0.000A,1.558V,0.000A,1.543V,0.000A,1.537V,0.000A,1.580V,0.000A,1.603V,0.012A,1.558V,0.000A,1.511V,0.000A
2024-06-18 04:53:55.00,1.517V,0.000A,1.509V,0.000A,1.510V,0.000A,1.540V,0.000A,1.560V,0.000A,1.583V,0.020A,1.587V,0.012A,1.572V,0.000A
2024-06-18 04:53:56.00,1.540V,0.000A,1.504V,0.000A,1.480V,0.000A,1.556V,0.000A,1.530V,0.000A,1.517V,0.000A,1.568V,0.000A,1.573V,0.000A
2024-06-18 04:53:57.00,1.385V,0.028A,1.438V,0.099A,1.383V,0.000A,1.417V,0.000A,1.447V,0.125A,1.446V,0.181A,1.375V,0.000A,1.396V,0.006A
2024-06-18 04:53:58.00,1.489V,0.000A,1.582V,0.012A,1.562V,0.000A,1.488V,0.000A,1.560V,0.000A,1.521V,0.000A,1.521V,0.000A,1.543V,0.003A
2024-06-18 04:53:59.00,1.532V,0.364A,1.460V,0.021A,1.506V,0.014A,1.481V,0.000A,1.431V,0.000A,1.416V,0.000A,1.474V,0.000A,1.451V,0.000A
2024-06-18 04:54:00.00,1.444V,0.395A,1.410V,0.321A,1.368V,0.000A,1.481V,0.000A,1.372V,0.000A,1.362V,0.000A,1.399V,0.000A,1.345V,0.000A
2024-06-18 04:54:01.00,1.432V,0.360A,1.475V,0.140A,1.387V,0.000A,1.439V,0.000A,1.483V,0.003A,1.375V,0.000A,1.462V,0.004A,1.412V,0.000A
2024-06-18 04:54:02.00,1.488V,0.000A,1.583V,0.033A,1.559V,0.000A,1.490V,0.000A,1.523V,0.000A,1.547V,0.000A,1.514V,0.000A,1.533V,0.000A
2024-06-18 04:54:03.00,1.539V,0.000A,1.493V,0.000A,1.538V,0.000A,1.499V,0.000A,1.509V,0.000A,1.538V,0.013A,1.582V,0.000A,1.512V,0.000A
2024-06-18 04:54:04.00,1.591V,0.000A,1.543V,0.016A,1.592V,0.003A,1.511V,0.000A,1.513V,0.000A,1.498V,0.000A,1.551V,0.000A,1.525V,0.000A
2024-06-18 04:54:05.00,1.496V,0.000A,1.570V,0.000A,1.499V,0.000A,1.558V,0.000A,1.545V,0.000A,1.542V,0.000A,1.529V,0.000A,1.587V,0.000A
2024-06-18 04:54:06.00,1.533V,0.000A,1.528V,0.000A,1.556V,0.000A,1.531V,0.000A,1.558V,0.000A,1.586V,0.008A,1.549V,0.000A,1.504V,0.000A
2024-06-18 04:54:07.00,1.589V,0.000A,1.557V,0.001A,1.605V,0.000A,1.555V,0.000A,1.569V,0.000A,1.492V,0.000A,1.558V,0.000A,1.537V,0.000A
2024-06-18 04:54:08.00,1.564V,0.000A,1.585V,0.012A,1.563V,0.000A,1.498V,0.000A,1.496V,0.000A,1.544V,0.000A,1.562V,0.000A,1.529V,0.000A
2024-06-18 04:54:09.00,1.537V,0.000A,1.504V,0.000A,1.501V,0.000A,1.545V,0.000A,1.522V,0.000A,1.535V,0.011A,1.579V,0.004A,1.563V,0.000A
2024-06-18 04:54:10.00,1.578V,0.000A,1.541V,0.000A,1.559V,0.000A,1.534V,0.000A,1.605V,0.000A,1.578V,0.001A,1.524V,0.000A,1.509V,0.000A
2024-06-18 04:54:11.00,1.523V,0.000A,1.577V,0.024A,1.519V,0.000A,1.549V,0.000A,1.485V,0.000A,1.544V,0.003A,1.513V,0.000A,1.546V,0.000A
2024-06-18 04:54:12.00,1.529V,0.000A,1.538V,0.000A,1.521V,0.000A,1.583V,0.000A,1.519V,0.000A,1.575V,0.045A,1.514V,0.000A,1.518V,0.000A
2024-06-18 04:54:13.00,1.516V,0.000A,1.540V,0.000A,1.560V,0.000A,1.546V,0.000A,1.544V,0.002A,1.570V,0.045A,1.568V,0.000A,1.484V,0.000A
2024-06-18 04:54:14.00,1.535V,0.000A,1.528V,0.000A,1.496V,0.000A,1.532V,0.000A,1.559V,0.000A,1.587V,0.015A,1.602V,0.000A,1.571V,0.000A
2024-06-18 04:54:15.00,1.583V,0.000A,1.538V,0.000A,1.583V,0.003A,1.600V,0.000A,1.600V,0.000A,1.520V,0.000A,1.531V,0.000A,1.558V,0.000A
2024-06-18 04:54:16.00,1.507V,0.000A,1.509V,0.037A,1.508V,0.000A,1.508V,0.000A,1.529V,0.000A,1.551V,0.100A,1.542V,0.000A,1.466V,0.000A
2024-06-18 04:54:17.00,1.544V,0.000A,1.557V,0.052A,1.574V,0.000A,1.517V,0.000A,1.482V,0.000A,1.544V,0.019A,1.536V,0.000A,1.512V,0.000A
2024-06-18 04:54:18.00,1.502V,0.000A,1.579V,0.012A,1.549V,0.000A,1.504V,0.000A,1.546V,0.000A,1.551V,0.000A,1.521V,0.000A,1.555V,0.000A
2024-06-18 04:54:19.00,1.554V,0.000A,1.514V,0.000A,1.557V,0.000A,1.530V,0.000A,1.529V,0.000A,1.571V,0.015A,1.602V,0.000A,1.515V,0.000A
2024-06-18 04:54:20.00,1.557V,0.000A,1.513V,0.000A,1.562V,0.000A,1.521V,0.000A,1.532V,0.000A,1.551V,0.008A,1.587V,0.000A,1.550V,0.000A
2024-06-18 04:54:21.00,1.454V,0.318A,1.506V,0.000A,1.550V,0.000A,1.559V,0.000A,1.468V,0.000A,1.583V,0.020A,1.598V,0.000A,1.546V,0.000A
2024-06-18 04:54:22.00,1.554V,0.000A,1.533V,0.000A,1.559V,0.000A,1.544V,0.000A,1.591V,0.000A,1.583V,0.004A,1.546V,0.000A,1.506V,0.000A
2024-06-18 04:54:23.00,1.536V,0.000A,1.560V,0.000A,1.598V,0.000A,1.603V,0.000A,1.513V,0.000A,1.557V,0.000A,1.554V,0.000A,1.525V,0.000A
2024-06-18 04:54:24.00,1.570V,0.000A,1.540V,0.000A,1.504V,0.000A,1.550V,0.000A,1.548V,0.000A,1.542V,0.000A,1.587V,0.000A,1.596V,0.000A
2024-06-18 04:54:25.00,1.530V,0.000A,1.559V,0.000A,1.535V,0.000A,1.536V,0.000A,1.559V,0.000A,1.592V,0.000A,1.533V,0.000A,1.500V,0.000A
2024-06-18 04:54:26.00,1.538V,0.000A,1.543V,0.000A,1.527V,0.000A,1.578V,0.000A,1.576V,0.000A,1.572V,0.000A,1.509V,0.000A,1.527V,0.000A
2024-06-18 04:54:27.00,1.585V,0.000A,1.550V,0.000A,1.543V,0.000A,1.530V,0.000A,1.567V,0.000A,1.511V,0.000A,1.496V,0.000A,1.525V,0.000A
2024-06-18 04:54:28.00,1.524V,0.000A,1.499V,0.023A,1.545V,0.053A,1.497V,0.000A,1.500V,0.001A,1.426V,0.000A,1.500V,0.000A,1.463V,0.000A
2024-06-18 04:54:29.00,1.521V,0.000A,1.508V,0.000A,1.514V,0.019A,1.551V,0.000A,1.568V,0.000A,1.559V,0.000A,1.463V,0.000A,1.529V,0.003A
2024-06-18 04:54:30.00,1.504V,0.000A,1.482V,0.000A,1.543V,0.000A,1.539V,0.000A,1.476V,0.012A,1.538V,0.020A,1.550V,0.000A,1.481V,0.000A
2024-06-18 04:54:31.00,1.600V,0.000A,1.554V,0.000A,1.537V,0.000A,1.559V,0.000A,1.538V,0.000A,1.506V,0.000A,1.543V,0.000A,1.566V,0.000A
2024-06-18 04:54:32.00,1.596V,0.000A,1.542V,0.000A,1.558V,0.000A,1.596V,0.000A,1.589V,0.000A,1.510V,0.000A,1.540V,0.000A,1.564V,0.000A
2024-06-18 04:54:33.00,1.601V,0.000A,1.542V,0.000A,1.556V,0.000A,1.595V,0.000A,1.579V,0.000A,1.516V,0.000A,1.519V,0.000A,1.567V,0.000A
2024-06-18 04:54:34.00,1.551V,0.000A,1.500V,0.000A,1.553V,0.000A,1.531V,0.000A,1.515V,0.000A,1.564V,0.008A,1.586V,0.000A,1.541V,0.000A
2024-06-18 04:54:35.00,1.555V,0.000A,1.523V,0.000A,1.491V,0.002A,1.550V,0.000A,1.533V,0.000A,1.523V,0.000A,1.583V,0.000A,1.573V,0.000A
2024-06-18 04:54:36.00,1.528V,0.000A,1.542V,0.000A,1.546V,0.000A,1.592V,0.000A,1.579V,0.000A,1.586V,0.000A,1.507V,0.000A,1.542V,0.000A
2024-06-18 04:54:37.00,1.546V,0.000A,1.564V,0.000A,1.539V,0.000A,1.547V,0.000A,1.596V,0.000A,1.587V,0.000A,1.507V,0.000A,1.526V,0.000A
2024-06-18 04:54:38.00,1.596V,0.000A,1.543V,0.000A,1.537V,0.000A,1.583V,0.000A,1.589V,0.000A,1.505V,0.000A,1.516V,0.000A,1.562V,0.000A
2024-06-18 04:54:39.00,1.537V,0.000A,1.504V,0.000A,1.548V,0.000A,1.565V,0.000A,1.557V,0.000A,1.592V,0.017A,1.602V,0.000A,1.542V,0.000A
2024-06-18 04:54:40.00,1.513V,0.000A,1.530V,0.012A,1.542V,0.043A,1.500V,0.005A,1.476V,0.004A,1.517V,0.000A,1.462V,0.000A,1.496V,0.138A
2024-06-18 04:54:41.00,1.472V,0.000A,1.457V,0.000A,1.499V,0.150A,1.521V,0.041A,1.527V,0.074A,1.453V,0.000A,1.461V,0.000A,1.471V,0.000A
2024-06-18 04:54:42.00,1.539V,0.000A,1.559V,0.000A,1.532V,0.000A,1.576V,0.000A,1.583V,0.000A,1.587V,0.000A,1.511V,0.000A,1.543V,0.000A
2024-06-18 04:54:43.00,1.571V,0.000A,1.596V,0.004A,1.552V,0.000A,1.506V,0.000A,1.552V,0.000A,1.533V,0.000A,1.572V,0.000A,1.600V,0.000A
2024-06-18 04:54:44.00,1.502V,0.000A,1.532V,0.000A,1.538V,0.000A,1.575V,0.000A,1.518V,0.000A,1.542V,0.000A,1.560V,0.000A,1.545V,0.000A
2024-06-18 04:54:45.00,1.521V,0.000A,1.595V,0.003A,1.540V,0.000A,1.505V,0.000A,1.554V,0.000A,1.535V,0.000A,1.521V,0.000A,1.562V,0.000A
2024-06-18 04:54:46.00,1.455V,0.000A,1.427V,0.002A,1.478V,0.208A,1.405V,0.057A,1.438V,0.065A,1.500V,0.030A,1.475V,0.000A,1.430V,0.000A
2024-06-18 04:54:47.00,1.531V,0.000A,1.509V,0.000A,1.549V,0.000A,1.535V,0.000A,1.559V,0.007A,1.587V,0.012A,1.556V,0.000A,1.511V,0.000A
2024-06-18 04:54:48.00,1.583V,0.000A,1.553V,0.000A,1.566V,0.000A,1.553V,0.000A,1.590V,0.000A,1.529V,0.000A,1.516V,0.000A,1.538V,0.000A
2024-06-18 04:54:49.00,1.569V,0.000A,1.524V,0.008A,1.566V,0.000A,1.581V,0.000A,1.507V,0.000A,1.538V,0.000A,1.544V,0.000A,1.515V,0.000A
2024-06-18 04:54:50.00,1.459V,0.000A,1.457V,0.000A,1.455V,0.352A,1.482V,0.020A,1.474V,0.000A,1.443V,0.000A,1.409V,0.000A,1.444V,0.000A
2024-06-18 04:54:51.00,1.598V,0.000A,1.593V,0.014A,1.601V,0.000A,1.555V,0.000A,1.594V,0.000A,1.525V,0.000A,1.529V,0.000A,1.562V,0.000A
2024-06-18 04:54:52.00,1.422V,0.000A,1.467V,0.000A,1.489V,0.101A,1.459V,0.013A,1.485V,0.080A,1.500V,0.004A,1.457V,0.000A,1.456V,0.031A
2024-06-18 04:54:53.00,1.458V,0.000A,1.496V,0.000A,1.434V,0.033A,1.440V,0.074A,1.477V,0.045A,1.448V,0.000A,1.482V,0.000A,1.509V,0.037A
2024-06-18 04:54:54.00,1.460V,0.000A,1.413V,0.000A,1.493V,0.079A,1.492V,0.054A,1.487V,0.068A,1.503V,0.017A,1.508V,0.000A,1.455V,0.000A
2024-06-18 04:54:55.00,1.476V,0.000A,1.497V,0.000A,1.513V,0.107A,1.559V,0.002A,1.533V,0.000A,1.571V,0.004A,1.493V,0.000A,1.479V,0.033A
2024-06-18 04:54:56.00,1.555V,0.000A,1.550V,0.000A,1.504V,0.000A,1.533V,0.000A,1.555V,0.000A,1.534V,0.000A,1.583V,0.000A,1.604V,0.000A
2024-06-18 04:54:57.00,1.556V,0.000A,1.600V,0.001A,1.547V,0.000A,1.508V,0.000A,1.534V,0.000A,1.559V,0.000A,1.575V,0.000A,1.594V,0.000A
2024-06-18 04:54:58.00,1.594V,0.000A,1.566V,0.008A,1.596V,0.000A,1.538V,0.000A,1.530V,0.000A,1.501V,0.000A,1.560V,0.000A,1.525V,0.000A
2024-06-18 04:54:59.00,1.585V,0.000A,1.535V,0.000A,1.526V,0.000A,1.563V,0.000A,1.525V,0.000A,1.503V,0.000A,1.541V,0.000A,1.563V,0.000A
2024-06-18 04:55:00.00,1.552V,0.000A,1.541V,0.000A,1.579V,0.000A,1.601V,0.000A,1.504V,0.000A,1.532V,0.000A,1.565V,0.000A,1.541V,0.000A
2024-06-18 04:55:01.00,1.543V,0.000A,1.554V,0.001A,1.569V,0.000A,1.599V,0.000A,1.554V,0.000A,1.552V,0.000A,1.540V,0.000A,1.546V,0.000A
2024-06-18 04:55:02.00,1.555V,0.000A,1.533V,0.000A,1.561V,0.000A,1.545V,0.000A,1.580V,0.000A,1.595V,0.007A,1.556V,0.000A,1.496V,0.000A
2024-06-18 04:55:03.00,1.559V,0.000A,1.589V,0.014A,1.583V,0.000A,1.565V,0.000A,1.544V,0.000A,1.541V,0.000A,1.550V,0.000A,1.569V,0.000A
2024-06-18 04:55:04.00,1.561V,0.000A,1.595V,0.014A,1.592V,0.002A,1.579V,0.000A,1.551V,0.000A,1.528V,0.000A,1.550V,0.000A,1.570V,0.000A
2024-06-18 04:55:05.00,1.543V,0.000A,1.509V,0.000A,1.528V,0.000A,1.560V,0.000A,1.549V,0.000A,1.583V,0.020A,1.602V,0.000A,1.554V,0.000A
2024-06-18 04:55:06.00,1.546V,0.000A,1.536V,0.000A,1.521V,0.000A,1.543V,0.000A,1.504V,0.000A,1.495V,0.000A,1.539V,0.000A,1.545V,0.000A
2024-06-18 04:55:07.00,1.613V,0.000A,1.552V,0.002A,1.597V,0.000A,1.595V,0.000A,1.549V,0.000A,1.510V,0.000A,1.566V,0.000A,1.547V,0.000A
2024-06-18 04:55:08.00,1.559V,0.000A,1.517V,0.000A,1.529V,0.000A,1.567V,0.000A,1.550V,0.000A,1.536V,0.000A,1.583V,0.000A,1.591V,0.000A
2024-06-18 04:55:09.00,1.540V,0.000A,1.525V,0.000A,1.536V,0.007A,1.593V,0.000A,1.589V,0.000A,1.556V,0.000A,1.488V,0.000A,1.552V,0.000A
2024-06-18 04:55:10.00,1.585V,0.000A,1.525V,0.000A,1.532V,0.000A,1.588V,0.004A,1.536V,0.000A,1.501V,0.000A,1.522V,0.000A,1.548V,0.000A
2024-06-18 04:55:11.00,1.525V,0.000A,1.532V,0.000A,1.562V,0.000A,1.521V,0.000A,1.552V,0.001A,1.589V,0.008A,1.563V,0.000A,1.500V,0.000A
2024-06-18 04:55:12.00,1.597V,0.000A,1.556V,0.000A,1.557V,0.000A,1.533V,0.000A,1.585V,0.000A,1.538V,0.000A,1.500V,0.000A,1.516V,0.000A
2024-06-18 04:55:13.00,1.591V,0.000A,1.537V,0.000A,1.550V,0.000A,1.590V,0.000A,1.538V,0.000A,1.512V,0.000A,1.557V,0.000A,1.555V,0.000A
2024-06-18 04:55:14.00,1.559V,0.000A,1.558V,0.000A,1.504V,0.000A,1.557V,0.000A,1.542V,0.000A,1.541V,0.000A,1.571V,0.000A,1.601V,0.000A
2024-06-18 04:55:15.00,1.509V,0.000A,1.596V,0.016A,1.604V,0.000A,1.570V,0.000A,1.562V,0.000A,1.542V,0.000A,1.542V,0.000A,1.562V,0.000A
2024-06-18 04:55:16.00,1.571V,0.000A,1.517V,0.000A,1.507V,0.000A,1.535V,0.000A,1.595V,0.000A,1.587V,0.012A,1.576V,0.000A,1.533V,0.000A
2024-06-18 04:55:17.00,1.516V,0.000A,1.549V,0.000A,1.577V,0.000A,1.598V,0.000A,1.546V,0.000A,1.557V,0.000A,1.560V,0.000A,1.536V,0.000A
2024-06-18 04:55:18.00,1.520V,0.000A,1.538V,0.000A,1.554V,0.000A,1.550V,0.000A,1.517V,0.000A,1.514V,0.000A,1.521V,0.000A,1.524V,0.000A
2024-06-18 04:55:19.00,1.535V,0.000A,1.538V,0.000A,1.536V,0.000A,1.553V,0.000A,1.551V,0.000A,1.556V,0.000A,1.559V,0.000A,1.550V,0.000A
2024-06-18 04:55:20.00,1.593V,0.000A,1.522V,0.000A,1.546V,0.000A,1.550V,0.000A,1.587V,0.000A,1.555V,0.000A,1.521V,0.000A,1.507V,0.000A
2024-06-18 04:55:21.00,1.537V,0.000A,1.575V,0.004A,1.547V,0.000A,1.524V,0.000A,1.554V,0.000A,1.587V,0.012A,1.600V,0.000A,1.597V,0.000A
2024-06-18 04:55:22.00,1.581V,0.000A,1.550V,0.000A,1.546V,0.000A,1.562V,0.000A,1.596V,0.000A,1.595V,0.011A,1.586V,0.000A,1.561V,0.000A
2024-06-18 04:55:23.00,1.525V,0.000A,1.554V,0.000A,1.560V,0.000A,1.556V,0.000A,1.534V,0.000A,1.524V,0.000A,1.542V,0.000A,1.550V,0.000A
2024-06-18 04:55:24.00,1.538V,0.000A,1.593V,0.011A,1.574V,0.000A,1.564V,0.000A,1.542V,0.000A,1.571V,0.007A,1.587V,0.000A,1.597V,0.000A
2024-06-18 04:55:25.00,1.528V,0.000A,1.541V,0.000A,1.548V,0.000A,1.563V,0.000A,1.567V,0.000A,1.564V,0.000A,1.550V,0.000A,1.539V,0.000A
2024-06-18 04:55:26.00,1.569V,0.000A,1.596V,0.012A,1.592V,0.000A,1.593V,0.000A,1.579V,0.000A,1.576V,0.007A,1.596V,0.000A,1.603V,0.000A
2024-06-18 04:55:27.00,1.563V,0.000A,1.568V,0.008A,1.587V,0.000A,1.590V,0.000A,1.558V,0.000A,1.556V,0.007A,1.569V,0.000A,1.555V,0.000A
2024-06-18 04:55:28.00,1.523V,0.000A,1.529V,0.000A,1.546V,0.000A,1.538V,0.000A,1.528V,0.000A,1.525V,0.000A,1.531V,0.000A,1.525V,0.000A
2024-06-18 04:55:29.00,1.579V,0.000A,1.571V,0.002A,1.544V,0.000A,1.518V,0.000A,1.583V,0.000A,1.580V,0.009A,1.582V,0.000A,1.580V,0.000A
2024-06-18 04:55:30.00,1.543V,0.000A,1.541V,0.000A,1.550V,0.000A,1.575V,0.000A,1.550V,0.000A,1.546V,0.000A,1.541V,0.000A,1.527V,0.000A
2024-06-18 04:55:31.00,1.573V,0.000A,1.544V,0.000A,1.556V,0.000A,1.555V,0.000A,1.521V,0.000A,1.504V,0.000A,1.515V,0.000A,1.530V,0.000A
2024-06-18 04:55:32.00,1.560V,0.000A,1.583V,0.009A,1.595V,0.000A,1.601V,0.000A,1.554V,0.000A,1.528V,0.000A,1.545V,0.000A,1.567V,0.000A
2024-06-18 04:55:33.00,1.583V,0.000A,1.538V,0.000A,1.517V,0.000A,1.529V,0.000A,1.591V,0.000A,1.588V,0.010A,1.600V,0.000A,1.575V,0.000A
2024-06-18 04:55:34.00,1.520V,0.000A,1.536V,0.000A,1.533V,0.000A,1.546V,0.000A,1.521V,0.000A,1.521V,0.000A,1.518V,0.000A,1.524V,0.000A
2024-06-18 04:55:35.00,1.523V,0.000A,1.529V,0.017A,1.558V,0.000A,1.544V,0.000A,1.522V,0.000A,1.500V,0.000A,1.496V,0.000A,1.526V,0.000A
2024-06-18 04:55:36.00,1.577V,0.000A,1.579V,0.013A,1.583V,0.004A,1.579V,0.000A,1.585V,0.000A,1.577V,0.019A,1.590V,0.000A,1.582V,0.000A
2024-06-18 04:55:37.00,1.590V,0.000A,1.521V,0.000A,1.509V,0.000A,1.506V,0.000A,1.564V,0.000A,1.556V,0.004A,1.531V,0.000A,1.516V,0.000A
2024-06-18 04:55:38.00,1.548V,0.000A,1.525V,0.000A,1.499V,0.000A,1.511V,0.000A,1.558V,0.000A,1.569V,0.021A,1.587V,0.000A,1.571V,0.000A
2024-06-18 04:55:39.00,1.587V,0.001A,1.530V,0.000A,1.553V,0.000A,1.553V,0.000A,1.584V,0.000A,1.532V,0.000A,1.504V,0.000A,1.515V,0.000A
2024-06-18 04:55:40.00,1.546V,0.000A,1.529V,0.000A,1.510V,0.000A,1.496V,0.000A,1.580V,0.000A,1.584V,0.025A,1.579V,0.000A,1.556V,0.000A
2024-06-18 04:55:41.00,1.507V,0.000A,1.541V,0.000A,1.549V,0.000A,1.543V,0.000A,1.506V,0.000A,1.506V,0.000A,1.514V,0.000A,1.530V,0.000A
2024-06-18 04:55:42.00,1.510V,0.000A,1.545V,0.000A,1.542V,0.000A,1.533V,0.000A,1.500V,0.000A,1.504V,0.000A,1.533V,0.000A,1.530V,0.000A
2024-06-18 04:55:43.00,1.535V,0.000A,1.584V,0.019A,1.563V,0.000A,1.548V,0.000A,1.533V,0.000A,1.534V,0.002A,1.562V,0.000A,1.585V,0.000A
2024-06-18 04:55:44.00,1.551V,0.000A,1.536V,0.000A,1.528V,0.000A,1.535V,0.000A,1.506V,0.000A,1.501V,0.000A,1.546V,0.000A,1.549V,0.000A
2024-06-18 04:55:45.00,1.511V,0.000A,1.506V,0.000A,1.512V,0.000A,1.506V,0.000A,1.522V,0.000A,1.509V,0.000A,1.511V,0.000A,1.512V,0.000A
2024-06-18 04:55:46.00,1.505V,0.000A,1.536V,0.000A,1.529V,0.000A,1.530V,0.000A,1.507V,0.000A,1.538V,0.000A,1.538V,0.000A,1.534V,0.000A
2024-06-18 04:55:47.00,1.591V,0.000A,1.534V,0.000A,1.539V,0.000A,1.546V,0.000A,1.558V,0.000A,1.517V,0.000A,1.493V,0.000A,1.503V,0.000A
2024-06-18 04:55:48.00,1.499V,0.000A,1.546V,0.000A,1.542V,0.000A,1.530V,0.000A,1.515V,0.000A,1.523V,0.000A,1.534V,0.000A,1.544V,0.000A
2024-06-18 04:55:49.00,1.596V,0.000A,1.537V,0.000A,1.559V,0.000A,1.563V,0.000A,1.606V,0.000A,1.553V,0.000A,1.516V,0.000A,1.510V,0.000A
2024-06-18 04:55:50.00,1.544V,0.000A,1.568V,0.001A,1.555V,0.000A,1.536V,0.000A,1.554V,0.000A,1.578V,0.010A,1.591V,0.000A,1.598V,0.000A
2024-06-18 04:55:51.00,1.520V,0.000A,1.518V,0.013A,1.522V,0.000A,1.545V,0.000A,1.529V,0.000A,1.533V,0.000A,1.538V,0.000A,1.525V,0.000A
2024-06-18 04:55:52.00,1.512V,0.000A,1.496V,0.000A,1.492V,0.000A,1.510V,0.000A,1.509V,0.000A,1.515V,0.002A,1.510V,0.009A,1.499V,0.000A
2024-06-18 04:55:53.00,1.543V,0.008A,1.481V,0.000A,1.483V,0.000A,1.480V,0.000A,1.504V,0.000A,1.509V,0.016A,1.491V,0.000A,1.483V,0.000A
2024-06-18 04:55:54.00,1.509V,0.000A,1.504V,0.000A,1.517V,0.000A,1.496V,0.000A,1.505V,0.000A,1.526V,0.013A,1.504V,0.000A,1.504V,0.000A
2024-06-18 04:55:55.00,1.554V,0.006A,1.477V,0.000A,1.480V,0.000A,1.479V,0.000A,1.549V,0.000A,1.560V,0.051A,1.556V,0.021A,1.543V,0.000A
2024-06-18 04:55:56.00,1.534V,0.004A,1.512V,0.005A,1.531V,0.000A,1.506V,0.000A,1.504V,0.000A,1.485V,0.000A,1.501V,0.000A,1.513V,0.000A
2024-06-18 04:55:57.00,1.534V,0.006A,1.496V,0.000A,1.478V,0.000A,1.477V,0.000A,1.544V,0.000A,1.505V,0.005A,1.516V,0.004A,1.483V,0.000A
2024-06-18 04:55:58.00,1.522V,0.000A,1.500V,0.000A,1.490V,0.000A,1.466V,0.000A,1.538V,0.000A,1.560V,0.051A,1.565V,0.024A,1.542V,0.000A
2024-06-18 04:55:59.00,1.491V,0.000A,1.501V,0.000A,1.514V,0.000A,1.488V,0.000A,1.473V,0.000A,1.484V,0.001A,1.511V,0.000A,1.528V,0.000A
2024-06-18 04:56:00.00,1.491V,0.000A,1.495V,0.000A,1.476V,0.000A,1.481V,0.000A,1.523V,0.000A,1.540V,0.030A,1.559V,0.034A,1.542V,0.000A
2024-06-18 04:56:01.00,1.589V,0.000A,1.507V,0.000A,1.546V,0.000A,1.556V,0.000A,1.596V,0.000A,1.580V,0.010A,1.558V,0.000A,1.513V,0.000A
2024-06-18 04:56:02.00,1.529V,0.000A,1.566V,0.014A,1.592V,0.000A,1.575V,0.001A,1.534V,0.000A,1.534V,0.000A,1.524V,0.000A,1.537V,0.000A
2024-06-18 04:56:03.00,1.475V,0.003A,1.499V,0.003A,1.455V,0.000A,1.494V,0.004A,1.445V,0.000A,1.440V,0.008A,1.468V,0.003A,1.496V,0.000A
2024-06-18 04:56:04.00,1.519V,0.004A,1.500V,0.000A,1.451V,0.000A,1.492V,0.002A,1.481V,0.000A,1.513V,0.018A,1.522V,0.017A,1.556V,0.000A
2024-06-18 04:56:05.00,1.551V,0.000A,1.584V,0.011A,1.546V,0.000A,1.496V,0.000A,1.531V,0.000A,1.518V,0.000A,1.546V,0.000A,1.576V,0.000A
2024-06-18 04:56:06.00,1.513V,0.000A,1.550V,0.000A,1.534V,0.000A,1.535V,0.000A,1.506V,0.000A,1.517V,0.000A,1.547V,0.000A,1.546V,0.000A
2024-06-18 04:56:07.00,1.473V,0.138A,1.466V,0.000A,1.517V,0.000A,1.503V,0.000A,1.531V,0.000A,1.550V,0.024A,1.571V,0.065A,1.493V,0.000A
2024-06-18 04:56:08.00,1.512V,0.000A,1.513V,0.000A,1.532V,0.001A,1.511V,0.000A,1.483V,0.000A,1.509V,0.000A,1.535V,0.000A,1.520V,0.000A
2024-06-18 04:56:09.00,1.550V,0.000A,1.516V,0.000A,1.547V,0.000A,1.550V,0.000A,1.579V,0.000A,1.580V,0.002A,1.533V,0.000A,1.492V,0.000A
2024-06-18 04:56:10.00,1.541V,0.000A,1.492V,0.000A,1.530V,0.000A,1.565V,0.000A,1.546V,0.000A,1.579V,0.016A,1.588V,0.000A,1.529V,0.000A
2024-06-18 04:56:11.00,1.476V,0.000A,1.513V,0.000A,1.546V,0.020A,1.559V,0.042A,1.486V,0.000A,1.510V,0.000A,1.526V,0.000A,1.484V,0.003A
2024-06-18 04:56:12.00,1.522V,0.000A,1.541V,0.000A,1.463V,0.000A,1.508V,0.103A,1.467V,0.000A,1.512V,0.000A,1.497V,0.000A,1.529V,0.036A
2024-06-18 04:56:13.00,1.540V,0.000A,1.568V,0.323A,1.500V,0.000A,1.447V,0.000A,1.477V,0.000A,1.451V,0.000A,1.461V,0.000A,1.444V,0.000A
2024-06-18 04:56:14.00,1.535V,0.000A,1.542V,0.000A,1.541V,0.000A,1.525V,0.000A,1.544V,0.000A,1.584V,0.022A,1.562V,0.000A,1.494V,0.000A
2024-06-18 04:56:15.00,1.537V,0.022A,1.522V,0.030A,1.560V,0.000A,1.461V,0.000A,1.538V,0.000A,1.483V,0.000A,1.486V,0.076A,1.493V,0.000A
2024-06-18 04:56:16.00,1.577V,0.000A,1.557V,0.000A,1.538V,0.000A,1.537V,0.000A,1.596V,0.000A,1.555V,0.000A,1.497V,0.000A,1.539V,0.000A
2024-06-18 04:56:17.00,1.499V,0.000A,1.579V,0.010A,1.589V,0.002A,1.559V,0.000A,1.547V,0.000A,1.545V,0.000A,1.530V,0.000A,1.547V,0.000A
2024-06-18 04:56:18.00,1.558V,0.000A,1.529V,0.000A,1.591V,0.007A,1.568V,0.000A,1.594V,0.000A,1.520V,0.000A,1.525V,0.000A,1.556V,0.000A
2024-06-18 04:56:19.00,1.533V,0.000A,1.529V,0.000A,1.501V,0.000A,1.553V,0.000A,1.544V,0.000A,1.566V,0.009A,1.591V,0.000A,1.578V,0.000A
2024-06-18 04:56:20.00,1.580V,0.000A,1.534V,0.000A,1.559V,0.000A,1.592V,0.000A,1.586V,0.000A,1.513V,0.000A,1.521V,0.000A,1.559V,0.000A
2024-06-18 04:56:21.00,1.596V,0.000A,1.551V,0.000A,1.532V,0.000A,1.564V,0.000A,1.564V,0.000A,1.505V,0.000A,1.519V,0.000A,1.562V,0.000A
2024-06-18 04:56:22.00,1.490V,0.000A,1.577V,0.008A,1.553V,0.000A,1.489V,0.000A,1.538V,0.000A,1.532V,0.000A,1.518V,0.000A,1.563V,0.000A
2024-06-18 04:56:23.00,1.544V,0.005A,1.514V,0.016A,1.571V,0.038A,1.493V,0.000A,1.543V,0.000A,1.470V,0.000A,1.504V,0.000A,1.511V,0.000A
2024-06-18 04:56:24.00,1.545V,0.000A,1.493V,0.000A,1.509V,0.000A,1.554V,0.000A,1.517V,0.000A,1.537V,0.005A,1.581V,0.000A,1.552V,0.000A
2024-06-18 04:56:25.00,1.549V,0.000A,1.494V,0.000A,1.511V,0.000A,1.543V,0.000A,1.530V,0.000A,1.533V,0.009A,1.587V,0.000A,1.546V,0.000A
2024-06-18 04:56:26.00,1.506V,0.000A,1.580V,0.018A,1.566V,0.000A,1.498V,0.000A,1.513V,0.000A,1.551V,0.000A,1.536V,0.000A,1.537V,0.000A
2024-06-18 04:56:27.00,1.541V,0.000A,1.504V,0.000A,1.558V,0.000A,1.530V,0.000A,1.569V,0.000A,1.574V,0.016A,1.571V,0.000A,1.502V,0.000A
2024-06-18 04:56:28.00,1.528V,0.000A,1.533V,0.000A,1.548V,0.001A,1.587V,0.000A,1.494V,0.000A,1.517V,0.000A,1.546V,0.000A,1.539V,0.000A
2024-06-18 04:56:29.00,1.531V,0.000A,1.502V,0.000A,1.550V,0.000A,1.521V,0.000A,1.531V,0.000A,1.539V,0.006A,1.581V,0.000A,1.529V,0.000A
2024-06-18 04:56:30.00,1.508V,0.000A,1.550V,0.000A,1.488V,0.000A,1.546V,0.000A,1.554V,0.000A,1.517V,0.000A,1.538V,0.000A,1.581V,0.000A
2024-06-18 04:56:31.00,1.512V,0.000A,1.542V,0.000A,1.523V,0.000A,1.511V,0.000A,1.497V,0.000A,1.488V,0.000A,1.504V,0.000A,1.527V,0.000A
2024-06-18 04:56:32.00,1.531V,0.000A,1.498V,0.000A,1.511V,0.000A,1.554V,0.000A,1.554V,0.000A,1.571V,0.017A,1.573V,0.000A,1.554V,0.000A
2024-06-18 04:56:33.00,1.509V,0.000A,1.572V,0.024A,1.570V,0.000A,1.521V,0.000A,1.531V,0.000A,1.526V,0.000A,1.500V,0.000A,1.536V,0.000A
2024-06-18 04:56:34.00,1.553V,0.004A,1.482V,0.000A,1.494V,0.000A,1.529V,0.000A,1.575V,0.000A,1.546V,0.004A,1.517V,0.000A,1.495V,0.000A
2024-06-18 04:56:35.00,1.533V,0.000A,1.514V,0.000A,1.567V,0.000A,1.549V,0.000A,1.546V,0.000A,1.549V,0.003A,1.597V,0.000A,1.531V,0.000A
2024-06-18 04:56:36.00,1.528V,0.003A,1.504V,0.082A,1.521V,0.000A,1.498V,0.000A,1.487V,0.000A,1.458V,0.089A,1.504V,0.000A,1.472V,0.000A
2024-06-18 04:56:37.00,1.495V,0.000A,1.571V,0.004A,1.596V,0.000A,1.590V,0.000A,1.542V,0.000A,1.550V,0.000A,1.533V,0.000A,1.538V,0.000A
2024-06-18 04:56:38.00,1.567V,0.000A,1.545V,0.000A,1.556V,0.000A,1.538V,0.000A,1.599V,0.000A,1.572V,0.002A,1.523V,0.000A,1.509V,0.000A
2024-06-18 04:56:39.00,1.550V,0.000A,1.546V,0.000A,1.509V,0.000A,1.528V,0.000A,1.501V,0.000A,1.542V,0.000A,1.521V,0.000A,1.570V,0.000A
2024-06-18 04:56:40.00,1.553V,0.000A,1.530V,0.000A,1.533V,0.000A,1.583V,0.000A,1.583V,0.000A,1.508V,0.000A,1.507V,0.000A,1.542V,0.000A
2024-06-18 04:56:41.00,1.568V,0.000A,1.576V,0.026A,1.569V,0.000A,1.496V,0.000A,1.503V,0.000A,1.525V,0.000A,1.529V,0.000A,1.542V,0.000A
2024-06-18 04:56:42.00,1.536V,0.000A,1.531V,0.000A,1.502V,0.000A,1.532V,0.000A,1.513V,0.000A,1.552V,0.005A,1.591V,0.000A,1.582V,0.000A
2024-06-18 04:56:43.00,1.551V,0.000A,1.509V,0.000A,1.479V,0.000A,1.540V,0.000A,1.545V,0.000A,1.521V,0.000A,1.554V,0.000A,1.575V,0.000A
2024-06-18 04:56:44.00,1.521V,0.000A,1.580V,0.000A,1.501V,0.000A,1.513V,0.000A,1.504V,0.000A,1.550V,0.000A,1.529V,0.000A,1.553V,0.000A
2024-06-18 04:56:45.00,1.556V,0.000A,1.494V,0.000A,1.542V,0.000A,1.518V,0.000A,1.520V,0.000A,1.532V,0.002A,1.584V,0.000A,1.554V,0.000A
2024-06-18 04:56:46.00,1.549V,0.000A,1.518V,0.000A,1.563V,0.000A,1.583V,0.000A,1.588V,0.000A,1.506V,0.000A,1.502V,0.000A,1.543V,0.000A
2024-06-18 04:56:47.00,1.561V,0.000A,1.583V,0.000A,1.503V,0.000A,1.549V,0.000A,1.510V,0.000A,1.558V,0.000A,1.534V,0.000A,1.569V,0.000A
2024-06-18 04:56:48.00,1.528V,0.000A,1.504V,0.022A,1.523V,0.000A,1.496V,0.000A,1.513V,0.000A,1.521V,0.050A,1.566V,0.000A,1.538V,0.000A
2024-06-18 04:56:49.00,1.556V,0.000A,1.558V,0.000A,1.533V,0.000A,1.555V,0.000A,1.527V,0.000A,1.580V,0.024A,1.567V,0.000A,1.496V,0.000A
2024-06-18 04:56:50.00,1.506V,0.000A,1.587V,0.001A,1.522V,0.000A,1.509V,0.000A,1.554V,0.000A,1.548V,0.000A,1.542V,0.000A,1.583V,0.000A
2024-06-18 04:56:51.00,1.546V,0.156A,1.522V,0.018A,1.505V,0.000A,1.443V,0.000A,1.451V,0.000A,1.489V,0.000A,1.504V,0.027A,1.481V,0.000A
2024-06-18 04:56:52.00,1.545V,0.000A,1.541V,0.000A,1.530V,0.000A,1.502V,0.000A,1.572V,0.000A,1.581V,0.013A,1.587V,0.000A,1.577V,0.000A
2024-06-18 04:56:53.00,1.567V,0.000A,1.591V,0.004A,1.540V,0.000A,1.504V,0.000A,1.541V,0.000A,1.529V,0.000A,1.557V,0.000A,1.584V,0.000A
2024-06-18 04:56:54.00,1.550V,0.000A,1.509V,0.000A,1.539V,0.000A,1.558V,0.000A,1.571V,0.000A,1.589V,0.012A,1.585V,0.000A,1.527V,0.000A
2024-06-18 04:56:55.00,1.508V,0.000A,1.483V,0.000A,1.542V,0.000A,1.536V,0.000A,1.525V,0.000A,1.545V,0.008A,1.585V,0.001A,1.545V,0.000A
2024-06-18 04:56:56.00,1.541V,0.000A,1.571V,0.012A,1.559V,0.000A,1.476V,0.000A,1.538V,0.000A,1.521V,0.000A,1.526V,0.000A,1.555V,0.000A
2024-06-18 04:56:57.00,1.579V,0.000A,1.505V,0.000A,1.530V,0.000A,1.569V,0.000A,1.538V,0.000A,1.484V,0.000A,1.479V,0.003A,1.547V,0.000A
2024-06-18 04:56:58.00,1.482V,0.000A,1.518V,0.001A,1.560V,0.000A,1.571V,0.000A,1.504V,0.000A,1.553V,0.000A,1.524V,0.042A,1.500V,0.000A
2024-06-18 04:56:59.00,1.587V,0.000A,1.557V,0.000A,1.550V,0.000A,1.546V,0.000A,1.546V,0.000A,1.500V,0.000A,1.507V,0.000A,1.542V,0.000A
2024-06-18 04:57:00.00,1.548V,0.000A,1.583V,0.008A,1.575V,0.000A,1.523V,0.000A,1.533V,0.000A,1.525V,0.000A,1.550V,0.000A,1.573V,0.000A
2024-06-18 04:57:01.00,1.457V,0.110A,1.504V,0.021A,1.450V,0.000A,1.434V,0.000A,1.474V,0.000A,1.494V,0.016A,1.553V,0.131A,1.528V,0.000A
2024-06-18 04:57:02.00,1.516V,0.042A,1.482V,0.000A,1.516V,0.000A,1.525V,0.000A,1.566V,0.000A,1.560V,0.012A,1.545V,0.004A,1.496V,0.000A
2024-06-18 04:57:03.00,1.468V,0.039A,1.515V,0.004A,1.546V,0.011A,1.540V,0.000A,1.473V,0.000A,1.485V,0.000A,1.475V,0.062A,1.475V,0.000A
2024-06-18 04:57:04.00,1.596V,0.000A,1.532V,0.000A,1.550V,0.000A,1.557V,0.000A,1.596V,0.000A,1.569V,0.000A,1.519V,0.000A,1.505V,0.000A
2024-06-18 04:57:05.00,1.579V,0.013A,1.515V,0.000A,1.533V,0.000A,1.567V,0.000A,1.538V,0.000A,1.487V,0.000A,1.515V,0.000A,1.546V,0.000A
2024-06-18 04:57:06.00,1.543V,0.000A,1.530V,0.000A,1.484V,0.000A,1.492V,0.000A,1.525V,0.000A,1.510V,0.000A,1.562V,0.009A,1.579V,0.000A
2024-06-18 04:57:07.00,1.535V,0.000A,1.543V,0.000A,1.539V,0.000A,1.595V,0.000A,1.588V,0.000A,1.581V,0.000A,1.502V,0.000A,1.558V,0.000A
2024-06-18 04:57:08.00,1.535V,0.000A,1.560V,0.000A,1.534V,0.000A,1.594V,0.000A,1.575V,0.000A,1.591V,0.004A,1.531V,0.000A,1.517V,0.000A
2024-06-18 04:57:09.00,1.530V,0.000A,1.540V,0.000A,1.543V,0.000A,1.593V,0.000A,1.579V,0.000A,1.583V,0.000A,1.500V,0.000A,1.558V,0.000A
2024-06-18 04:57:10.00,1.510V,0.000A,1.593V,0.003A,1.533V,0.000A,1.493V,0.000A,1.531V,0.000A,1.538V,0.000A,1.536V,0.000A,1.578V,0.000A
2024-06-18 04:57:11.00,1.518V,0.000A,1.546V,0.000A,1.521V,0.000A,1.525V,0.000A,1.536V,0.000A,1.582V,0.022A,1.527V,0.000A,1.488V,0.000A
2024-06-18 04:57:12.00,1.496V,0.000A,1.517V,0.000A,1.514V,0.001A,1.537V,0.021A,1.475V,0.000A,1.484V,0.000A,1.516V,0.000A,1.522V,0.000A
2024-06-18 04:57:13.00,1.409V,0.117A,1.477V,0.002A,1.413V,0.000A,1.453V,0.000A,1.479V,0.000A,1.414V,0.000A,1.504V,0.260A,1.415V,0.000A
2024-06-18 04:57:14.00,1.533V,0.000A,1.560V,0.000A,1.539V,0.000A,1.545V,0.000A,1.579V,0.000A,1.593V,0.004A,1.538V,0.000A,1.506V,0.000A
2024-06-18 04:57:15.00,1.521V,0.000A,1.572V,0.038A,1.535V,0.000A,1.479V,0.000A,1.526V,0.000A,1.499V,0.000A,1.522V,0.009A,1.554V,0.000A
2024-06-18 04:57:16.00,1.512V,0.000A,1.495V,0.000A,1.521V,0.000A,1.519V,0.000A,1.559V,0.007A,1.557V,0.018A,1.521V,0.000A,1.466V,0.000A
2024-06-18 04:57:17.00,1.571V,0.004A,1.533V,0.000A,1.521V,0.000A,1.507V,0.000A,1.520V,0.000A,1.488V,0.000A,1.497V,0.000A,1.504V,0.000A
2024-06-18 04:57:18.00,1.573V,0.000A,1.526V,0.002A,1.535V,0.000A,1.509V,0.000A,1.505V,0.000A,1.484V,0.000A,1.481V,0.003A,1.525V,0.000A
2024-06-18 04:57:19.00,1.537V,0.000A,1.547V,0.002A,1.555V,0.000A,1.577V,0.000A,1.518V,0.000A,1.517V,0.000A,1.513V,0.000A,1.517V,0.000A
2024-06-18 04:57:20.00,1.533V,0.000A,1.538V,0.004A,1.538V,0.000A,1.581V,0.000A,1.518V,0.000A,1.513V,0.000A,1.529V,0.000A,1.525V,0.000A
2024-06-18 04:57:21.00,1.461V,0.000A,1.557V,0.008A,1.487V,0.000A,1.503V,0.000A,1.537V,0.000A,1.515V,0.000A,1.519V,0.000A,1.555V,0.000A
2024-06-18 04:57:22.00,1.550V,0.000A,1.506V,0.000A,1.547V,0.000A,1.573V,0.000A,1.488V,0.000A,1.482V,0.000A,1.538V,0.001A,1.529V,0.000A
2024-06-18 04:57:23.00,1.522V,0.000A,1.535V,0.000A,1.475V,0.000A,1.525V,0.000A,1.531V,0.000A,1.504V,0.000A,1.546V,0.024A,1.579V,0.000A
2024-06-18 04:57:24.00,1.490V,0.000A,1.538V,0.038A,1.574V,0.000A,1.494V,0.000A,1.541V,0.000A,1.533V,0.000A,1.542V,0.020A,1.513V,0.000A
2024-06-18 04:57:25.00,1.527V,0.059A,1.437V,0.024A,1.441V,0.000A,1.478V,0.000A,1.500V,0.000A,1.425V,0.004A,1.441V,0.020A,1.495V,0.000A
2024-06-18 04:57:26.00,1.590V,0.000A,1.534V,0.000A,1.550V,0.000A,1.592V,0.000A,1.525V,0.000A,1.503V,0.000A,1.533V,0.000A,1.563V,0.000A
2024-06-18 04:57:27.00,1.494V,0.027A,1.518V,0.000A,1.494V,0.000A,1.500V,0.000A,1.523V,0.000A,1.555V,0.041A,1.499V,0.000A,1.465V,0.000A
2024-06-18 04:57:28.00,1.545V,0.062A,1.497V,0.000A,1.549V,0.004A,1.549V,0.000A,1.501V,0.000A,1.460V,0.000A,1.525V,0.009A,1.492V,0.000A
2024-06-18 04:57:29.00,1.491V,0.024A,1.527V,0.000A,1.462V,0.000A,1.472V,0.000A,1.518V,0.000A,1.490V,0.000A,1.510V,0.020A,1.557V,0.000A
2024-06-18 04:57:30.00,1.508V,0.054A,1.506V,0.000A,1.521V,0.000A,1.490V,0.000A,1.550V,0.000A,1.551V,0.009A,1.496V,0.002A,1.468V,0.000A
2024-06-18 04:57:31.00,1.558V,0.020A,1.546V,0.017A,1.554V,0.000A,1.480V,0.000A,1.463V,0.000A,1.512V,0.001A,1.497V,0.003A,1.505V,0.000A
2024-06-18 04:57:32.00,1.576V,0.063A,1.484V,0.000A,1.512V,0.000A,1.554V,0.000A,1.514V,0.000A,1.462V,0.000A,1.484V,0.001A,1.515V,0.000A
2024-06-18 04:57:33.00,1.519V,0.038A,1.445V,0.000A,1.510V,0.012A,1.486V,0.000A,1.496V,0.000A,1.485V,0.010A,1.527V,0.023A,1.523V,0.000A
2024-06-18 04:57:34.00,1.560V,0.000A,1.495V,0.000A,1.505V,0.000A,1.536V,0.000A,1.580V,0.000A,1.574V,0.005A,1.556V,0.000A,1.523V,0.000A
2024-06-18 04:57:35.00,1.509V,0.000A,1.468V,0.000A,1.500V,0.000A,1.486V,0.000A,1.536V,0.000A,1.537V,0.012A,1.559V,0.052A,1.449V,0.000A
2024-06-18 04:57:36.00,1.500V,0.016A,1.527V,0.015A,1.488V,0.000A,1.429V,0.000A,1.473V,0.000A,1.471V,0.000A,1.513V,0.117A,1.509V,0.000A
2024-06-18 04:57:37.00,1.506V,0.000A,1.519V,0.000A,1.558V,0.000A,1.583V,0.000A,1.492V,0.000A,1.527V,0.000A,1.543V,0.000A,1.520V,0.000A
2024-06-18 04:57:38.00,1.520V,0.022A,1.446V,0.000A,1.501V,0.000A,1.517V,0.000A,1.504V,0.000A,1.488V,0.023A,1.565V,0.066A,1.516V,0.000A
2024-06-18 04:57:39.00,1.496V,0.045A,1.488V,0.000A,1.462V,0.000A,1.498V,0.000A,1.538V,0.006A,1.500V,0.002A,1.477V,0.037A,1.477V,0.000A
2024-06-18 04:57:40.00,1.460V,0.001A,1.508V,0.000A,1.453V,0.000A,1.469V,0.000A,1.480V,0.000A,1.477V,0.000A,1.486V,0.133A,1.532V,0.000A
2024-06-18 04:57:41.00,1.495V,0.015A,1.512V,0.000A,1.480V,0.000A,1.500V,0.000A,1.517V,0.000A,1.546V,0.006A,1.468V,0.035A,1.446V,0.000A
2024-06-18 04:57:42.00,1.455V,0.000A,1.514V,0.021A,1.542V,0.006A,1.535V,0.000A,1.472V,0.000A,1.517V,0.000A,1.496V,0.028A,1.480V,0.000A
2024-06-18 04:57:43.00,1.468V,0.013A,1.538V,0.043A,1.509V,0.000A,1.446V,0.000A,1.494V,0.000A,1.479V,0.000A,1.477V,0.068A,1.527V,0.000A
2024-06-18 04:57:44.00,1.554V,0.053A,1.530V,0.038A,1.525V,0.000A,1.454V,0.000A,1.507V,0.000A,1.444V,0.000A,1.509V,0.060A,1.492V,0.000A
2024-06-18 04:57:45.00,1.463V,0.000A,1.428V,0.000A,1.494V,0.000A,1.484V,0.000A,1.484V,0.000A,1.498V,0.148A,1.465V,0.006A,1.524V,0.000A
2024-06-18 04:57:46.00,1.384V,0.268A,1.434V,0.016A,1.484V,0.000A,1.391V,0.000A,1.408V,0.000A,1.462V,0.020A,1.369V,0.193A,1.464V,0.000A
2024-06-18 04:57:47.00,1.414V,0.095A,1.488V,0.012A,1.411V,0.000A,1.455V,0.000A,1.501V,0.000A,1.421V,0.000A,1.487V,0.041A,1.462V,0.000A
2024-06-18 04:57:48.00,1.492V,0.111A,1.458V,0.000A,1.438V,0.000A,1.428V,0.000A,1.471V,0.000A,1.434V,0.023A,1.418V,0.153A,1.484V,0.000A
2024-06-18 04:57:49.00,1.407V,0.194A,1.398V,0.000A,1.434V,0.002A,1.430V,0.000A,1.459V,0.000A,1.384V,0.000A,1.435V,0.201A,1.478V,0.000A
2024-06-18 04:57:50.00,1.427V,0.041A,1.440V,0.000A,1.463V,0.012A,1.432V,0.000A,1.438V,0.000A,1.433V,0.072A,1.466V,0.168A,1.390V,0.000A
2024-06-18 04:57:51.00,1.510V,0.221A,1.438V,0.000A,1.473V,0.000A,1.434V,0.000A,1.480V,0.000A,1.431V,0.008A,1.438V,0.031A,1.497V,0.000A
2024-06-18 04:57:52.00,1.500V,0.165A,1.436V,0.016A,1.436V,0.000A,1.449V,0.000A,1.449V,0.000A,1.426V,0.037A,1.482V,0.140A,1.433V,0.000A
2024-06-18 04:57:53.00,1.501V,0.302A,1.434V,0.000A,1.493V,0.000A,1.410V,0.000A,1.404V,0.000A,1.450V,0.000A,1.453V,0.181A,1.401V,0.000A
2024-06-18 04:57:54.00,1.400V,0.116A,1.493V,0.003A,1.418V,0.000A,1.446V,0.000A,1.450V,0.000A,1.502V,0.035A,1.386V,0.132A,1.451V,0.000A
2024-06-18 04:57:55.00,1.470V,0.068A,1.547V,0.000A,1.526V,0.000A,1.499V,0.000A,1.553V,0.000A,1.435V,0.000A,1.546V,0.000A,1.537V,0.006A
2024-06-18 04:57:56.00,1.394V,0.099A,1.398V,0.000A,1.466V,0.000A,1.407V,0.000A,1.442V,0.000A,1.419V,0.025A,1.484V,0.299A,1.415V,0.000A
2024-06-18 04:57:57.00,1.436V,0.127A,1.434V,0.000A,1.380V,0.020A,1.340V,0.000A,1.376V,0.154A,1.351V,0.017A,1.397V,0.297A,1.401V,0.001A
2024-06-18 04:57:58.00,1.413V,0.088A,1.352V,0.000A,1.378V,0.008A,1.440V,0.000A,1.388V,0.045A,1.382V,0.000A,1.421V,0.372A,1.440V,0.001A
2024-06-18 04:57:59.00,1.503V,0.000A,1.574V,0.016A,1.497V,0.000A,1.553V,0.000A,1.521V,0.000A,1.573V,0.000A,1.480V,0.000A,1.526V,0.000A
2024-06-18 04:58:00.00,1.480V,0.033A,1.515V,0.000A,1.456V,0.000A,1.487V,0.000A,1.525V,0.000A,1.443V,0.000A,1.493V,0.035A,1.477V,0.000A
2024-06-18 04:58:01.00,1.518V,0.067A,1.524V,0.000A,1.426V,0.000A,1.495V,0.000A,1.494V,0.000A,1.440V,0.000A,1.502V,0.109A,1.485V,0.000A
2024-06-18 04:58:02.00,1.453V,0.000A,1.444V,0.000A,1.495V,0.002A,1.446V,0.000A,1.456V,0.000A,1.458V,0.000A,1.545V,0.191A,1.491V,0.000A
2024-06-18 04:58:03.00,1.486V,0.096A,1.442V,0.000A,1.488V,0.000A,1.494V,0.000A,1.546V,0.000A,1.430V,0.000A,1.479V,0.101A,1.531V,0.000A
2024-06-18 04:58:04.00,1.438V,0.017A,1.513V,0.000A,1.407V,0.000A,1.460V,0.000A,1.509V,0.016A,1.433V,0.000A,1.514V,0.103A,1.448V,0.000A
2024-06-18 04:58:05.00,1.517V,0.000A,1.486V,0.000A,1.532V,0.000A,1.563V,0.000A,1.573V,0.000A,1.489V,0.000A,1.515V,0.000A,1.575V,0.000A
2024-06-18 04:58:06.00,1.591V,0.000A,1.491V,0.000A,1.554V,0.000A,1.554V,0.000A,1.504V,0.000A,1.555V,0.000A,1.532V,0.000A,1.587V,0.000A
2024-06-18 04:58:07.00,1.504V,0.070A,1.440V,0.044A,1.475V,0.000A,1.424V,0.000A,1.430V,0.000A,1.421V,0.058A,1.499V,0.066A,1.455V,0.000A
2024-06-18 04:58:08.00,1.496V,0.103A,1.461V,0.032A,1.481V,0.000A,1.446V,0.000A,1.438V,0.000A,1.446V,0.064A,1.521V,0.050A,1.442V,0.000A
2024-06-18 04:58:09.00,1.227V,0.035A,1.409V,0.245A,1.349V,0.000A,1.431V,0.000A,1.321V,0.000A,1.382V,0.463A,1.316V,0.014A,1.405V,0.000A
2024-06-18 04:58:10.00,1.448V,0.070A,1.470V,0.000A,1.444V,0.002A,1.406V,0.000A,1.486V,0.000A,1.427V,0.020A,1.444V,0.159A,1.459V,0.000A
2024-06-18 04:58:11.00,1.553V,0.000A,1.583V,0.000A,1.492V,0.000A,1.521V,0.000A,1.529V,0.000A,1.575V,0.000A,1.511V,0.000A,1.518V,0.000A
2024-06-18 04:58:12.00,1.506V,0.000A,1.467V,0.000A,1.507V,0.000A,1.577V,0.000A,1.576V,0.000A,1.471V,0.016A,1.506V,0.000A,1.571V,0.000A
2024-06-18 04:58:13.00,1.564V,0.000A,1.521V,0.000A,1.493V,0.000A,1.564V,0.000A,1.477V,0.000A,1.513V,0.000A,1.547V,0.000A,1.509V,0.000A
2024-06-18 04:58:14.00,1.524V,0.000A,1.465V,0.000A,1.499V,0.000A,1.563V,0.000A,1.551V,0.000A,1.493V,0.000A,1.517V,0.000A,1.558V,0.000A
2024-06-18 04:58:15.00,1.512V,0.007A,1.510V,0.000A,1.492V,0.000A,1.555V,0.000A,1.530V,0.000A,1.509V,0.010A,1.492V,0.000A,1.530V,0.000A
2024-06-18 04:58:16.00,1.490V,0.011A,1.485V,0.000A,1.477V,0.000A,1.529V,0.000A,1.528V,0.000A,1.491V,0.000A,1.488V,0.000A,1.533V,0.000A
2024-06-18 04:58:17.00,1.487V,0.000A,1.455V,0.000A,1.482V,0.000A,1.521V,0.000A,1.547V,0.023A,1.442V,0.008A,1.496V,0.000A,1.514V,0.000A
2024-06-18 04:58:18.00,1.484V,0.010A,1.449V,0.000A,1.507V,0.000A,1.460V,0.000A,1.513V,0.000A,1.471V,0.037A,1.471V,0.000A,1.534V,0.000A
2024-06-18 04:58:19.00,1.492V,0.000A,1.554V,0.056A,1.479V,0.000A,1.521V,0.000A,1.494V,0.000A,1.543V,0.017A,1.455V,0.001A,1.504V,0.000A
2024-06-18 04:58:20.00,1.497V,0.000A,1.542V,0.055A,1.512V,0.000A,1.533V,0.000A,1.533V,0.000A,1.526V,0.029A,1.535V,0.000A,1.536V,0.000A
2024-06-18 04:58:21.00,1.493V,0.000A,1.506V,0.000A,1.570V,0.000A,1.502V,0.000A,1.511V,0.000A,1.546V,0.024A,1.562V,0.000A,1.501V,0.000A
2024-06-18 04:58:22.00,1.538V,0.000A,1.482V,0.000A,1.530V,0.000A,1.552V,0.000A,1.550V,0.000A,1.521V,0.000A,1.509V,0.000A,1.575V,0.000A
2024-06-18 04:58:23.00,1.454V,0.000A,1.507V,0.000A,1.432V,0.077A,1.435V,0.021A,1.478V,0.119A,1.444V,0.000A,1.457V,0.000A,1.488V,0.070A
2024-06-18 04:58:24.00,1.400V,0.000A,1.400V,0.000A,1.490V,0.479A,1.527V,0.000A,1.413V,0.000A,1.345V,0.000A,1.369V,0.000A,1.421V,0.000A
2024-06-18 04:58:25.00,1.499V,0.000A,1.504V,0.000A,1.488V,0.003A,1.424V,0.004A,1.441V,0.000A,1.463V,0.004A,1.488V,0.000A,1.446V,0.025A
2024-06-18 04:58:26.00,1.462V,0.000A,1.455V,0.000A,1.467V,0.046A,1.481V,0.066A,1.475V,0.097A,1.443V,0.000A,1.483V,0.000A,1.475V,0.075A
2024-06-18 04:58:27.00,1.462V,0.000A,1.438V,0.003A,1.448V,0.029A,1.517V,0.000A,1.525V,0.093A,1.434V,0.000A,1.471V,0.000A,1.527V,0.000A
2024-06-18 04:58:28.00,1.567V,0.000A,1.551V,0.012A,1.486V,0.008A,1.529V,0.000A,1.475V,0.000A,1.518V,0.025A,1.513V,0.000A,1.540V,0.000A
2024-06-18 04:58:29.00,1.513V,0.000A,1.479V,0.009A,1.520V,0.000A,1.559V,0.000A,1.549V,0.000A,1.479V,0.000A,1.523V,0.000A,1.553V,0.000A
2024-06-18 04:58:30.00,1.547V,0.000A,1.534V,0.000A,1.529V,0.000A,1.511V,0.000A,1.482V,0.000A,1.523V,0.000A,1.551V,0.016A,1.518V,0.000A
2024-06-18 04:58:31.00,1.553V,0.000A,1.510V,0.001A,1.494V,0.000A,1.565V,0.000A,1.460V,0.000A,1.517V,0.000A,1.549V,0.018A,1.516V,0.000A
2024-06-18 04:58:32.00,1.473V,0.000A,1.499V,0.003A,1.538V,0.004A,1.526V,0.000A,1.527V,0.000A,1.519V,0.027A,1.554V,0.000A,1.481V,0.000A
2024-06-18 04:58:33.00,1.580V,0.000A,1.524V,0.000A,1.511V,0.000A,1.568V,0.000A,1.484V,0.000A,1.519V,0.000A,1.565V,0.000A,1.547V,0.000A
2024-06-18 04:58:34.00,1.475V,0.260A,1.434V,0.000A,1.397V,0.000A,1.421V,0.000A,1.440V,0.000A,1.435V,0.000A,1.468V,0.173A,1.461V,0.000A
2024-06-18 04:58:35.00,1.572V,0.000A,1.546V,0.041A,1.487V,0.000A,1.475V,0.000A,1.455V,0.000A,1.531V,0.000A,1.479V,0.000A,1.537V,0.000A
2024-06-18 04:58:36.00,1.451V,0.000A,1.518V,0.008A,1.475V,0.000A,1.481V,0.024A,1.471V,0.005A,1.523V,0.014A,1.440V,0.000A,1.487V,0.000A
2024-06-18 04:58:37.00,1.433V,0.000A,1.409V,0.000A,1.434V,0.067A,1.460V,0.047A,1.513V,0.000A,1.430V,0.000A,1.419V,0.000A,1.499V,0.032A
2024-06-18 04:58:38.00,1.509V,0.000A,1.502V,0.000A,1.446V,0.000A,1.471V,0.048A,1.469V,0.005A,1.480V,0.015A,1.469V,0.000A,1.477V,0.000A
2024-06-18 04:58:39.00,1.474V,0.000A,1.429V,0.006A,1.463V,0.000A,1.530V,0.002A,1.518V,0.000A,1.441V,0.000A,1.475V,0.000A,1.519V,0.000A
2024-06-18 04:58:40.00,1.500V,0.000A,1.465V,0.000A,1.504V,0.000A,1.521V,0.000A,1.508V,0.000A,1.444V,0.025A,1.482V,0.000A,1.515V,0.000A
2024-06-18 04:58:41.00,1.513V,0.000A,1.529V,0.000A,1.524V,0.004A,1.539V,0.000A,1.541V,0.000A,1.521V,0.000A,1.506V,0.000A,1.545V,0.000A
2024-06-18 04:58:42.00,1.539V,0.000A,1.484V,0.000A,1.494V,0.000A,1.575V,0.000A,1.537V,0.000A,1.487V,0.003A,1.533V,0.000A,1.560V,0.000A
2024-06-18 04:58:43.00,1.484V,0.000A,1.554V,0.011A,1.463V,0.000A,1.525V,0.000A,1.509V,0.000A,1.558V,0.011A,1.471V,0.000A,1.519V,0.000A
2024-06-18 04:58:44.00,1.486V,0.000A,1.567V,0.000A,1.502V,0.000A,1.506V,0.000A,1.496V,0.000A,1.576V,0.000A,1.473V,0.000A,1.503V,0.000A
2024-06-18 04:58:45.00,1.509V,0.000A,1.468V,0.000A,1.504V,0.000A,1.560V,0.000A,1.544V,0.006A,1.467V,0.008A,1.522V,0.000A,1.538V,0.000A
2024-06-18 04:58:46.00,1.468V,0.000A,1.489V,0.053A,1.528V,0.000A,1.466V,0.000A,1.501V,0.000A,1.496V,0.140A,1.491V,0.000A,1.503V,0.000A
2024-06-18 04:58:47.00,1.558V,0.000A,1.485V,0.016A,1.514V,0.000A,1.554V,0.000A,1.473V,0.000A,1.529V,0.000A,1.517V,0.009A,1.569V,0.000A
2024-06-18 04:58:48.00,1.447V,0.000A,1.488V,0.000A,1.438V,0.039A,1.446V,0.008A,1.496V,0.151A,1.417V,0.000A,1.475V,0.000A,1.458V,0.093A
2024-06-18 04:58:49.00,1.465V,0.000A,1.450V,0.000A,1.478V,0.055A,1.463V,0.048A,1.476V,0.117A,1.435V,0.000A,1.467V,0.000A,1.467V,0.072A
2024-06-18 04:58:50.00,1.467V,0.000A,1.483V,0.000A,1.484V,0.037A,1.513V,0.000A,1.523V,0.004A,1.482V,0.000A,1.476V,0.000A,1.517V,0.000A
2024-06-18 04:58:51.00,1.519V,0.000A,1.518V,0.000A,1.438V,0.045A,1.474V,0.004A,1.461V,0.019A,1.469V,0.022A,1.475V,0.000A,1.490V,0.000A
2024-06-18 04:58:52.00,1.443V,0.000A,1.526V,0.000A,1.452V,0.042A,1.468V,0.013A,1.462V,0.029A,1.525V,0.000A,1.441V,0.000A,1.484V,0.001A
2024-06-18 04:58:53.00,1.463V,0.000A,1.540V,0.011A,1.492V,0.122A,1.509V,0.000A,1.493V,0.000A,1.553V,0.000A,1.445V,0.000A,1.507V,0.000A
2024-06-18 04:58:54.00,1.540V,0.000A,1.574V,0.000A,1.539V,0.000A,1.545V,0.000A,1.538V,0.000A,1.562V,0.000A,1.546V,0.000A,1.533V,0.000A
2024-06-18 04:58:55.00,1.519V,0.000A,1.539V,0.000A,1.556V,0.000A,1.519V,0.000A,1.573V,0.000A,1.537V,0.000A,1.525V,0.000A,1.572V,0.000A
2024-06-18 04:58:56.00,1.492V,0.000A,1.421V,0.020A,1.490V,0.000A,1.521V,0.000A,1.492V,0.000A,1.472V,0.019A,1.476V,0.001A,1.521V,0.000A
2024-06-18 04:58:57.00,1.464V,0.120A,1.422V,0.011A,1.431V,0.000A,1.463V,0.000A,1.436V,0.000A,1.438V,0.020A,1.423V,0.128A,1.459V,0.000A
2024-06-18 04:58:58.00,1.532V,0.000A,1.541V,0.000A,1.514V,0.065A,1.456V,0.000A,1.584V,0.000A,1.532V,0.000A,1.517V,0.000A,1.561V,0.000A
2024-06-18 04:58:59.00,1.478V,0.000A,1.565V,0.000A,1.501V,0.000A,1.482V,0.001A,1.496V,0.000A,1.553V,0.000A,1.474V,0.001A,1.481V,0.000A
2024-06-18 04:59:00.00,1.552V,0.000A,1.473V,0.024A,1.546V,0.000A,1.503V,0.000A,1.445V,0.000A,1.474V,0.004A,1.554V,0.000A,1.467V,0.000A
2024-06-18 04:59:01.00,1.485V,0.000A,1.459V,0.000A,1.451V,0.024A,1.463V,0.037A,1.493V,0.050A,1.441V,0.000A,1.477V,0.000A,1.457V,0.052A
2024-06-18 04:59:02.00,1.467V,0.000A,1.473V,0.000A,1.559V,0.000A,1.475V,0.004A,1.521V,0.000A,1.492V,0.000A,1.511V,0.000A,1.451V,0.059A
2024-06-18 04:59:03.00,1.480V,0.000A,1.487V,0.000A,1.504V,0.004A,1.501V,0.056A,1.472V,0.070A,1.502V,0.000A,1.479V,0.000A,1.468V,0.009A
2024-06-18 04:59:04.00,1.475V,0.000A,1.510V,0.000A,1.455V,0.036A,1.474V,0.160A,1.470V,0.000A,1.493V,0.008A,1.420V,0.000A,1.457V,0.000A
2024-06-18 04:59:05.00,1.513V,0.000A,1.476V,0.018A,1.473V,0.037A,1.495V,0.037A,1.426V,0.000A,1.458V,0.006A,1.512V,0.000A,1.478V,0.000A
2024-06-18 04:59:06.00,1.599V,0.000A,1.525V,0.000A,1.548V,0.000A,1.532V,0.000A,1.489V,0.000A,1.538V,0.000A,1.569V,0.000A,1.553V,0.000A
2024-06-18 04:59:07.00,1.533V,0.000A,1.487V,0.000A,1.549V,0.000A,1.540V,0.000A,1.579V,0.000A,1.521V,0.000A,1.523V,0.000A,1.593V,0.000A
2024-06-18 04:59:08.00,1.553V,0.000A,1.573V,0.000A,1.524V,0.000A,1.511V,0.000A,1.554V,0.000A,1.547V,0.000A,1.536V,0.000A,1.517V,0.000A
2024-06-18 04:59:09.00,1.554V,0.000A,1.464V,0.000A,1.519V,0.000A,1.416V,0.000A,1.476V,0.000A,1.476V,0.033A,1.528V,0.120A,1.438V,0.000A
2024-06-18 04:59:10.00,1.460V,0.000A,1.417V,0.031A,1.421V,0.000A,1.498V,0.000A,1.468V,0.000A,1.417V,0.090A,1.447V,0.092A,1.488V,0.000A
2024-06-18 04:59:11.00,1.467V,0.169A,1.403V,0.005A,1.459V,0.000A,1.401V,0.000A,1.441V,0.000A,1.421V,0.006A,1.477V,0.203A,1.397V,0.000A
2024-06-18 04:59:12.00,1.506V,0.000A,1.517V,0.000A,1.587V,0.000A,1.484V,0.000A,1.539V,0.000A,1.551V,0.016A,1.558V,0.000A,1.517V,0.000A
2024-06-18 04:59:13.00,1.538V,0.000A,1.567V,0.046A,1.471V,0.000A,1.517V,0.000A,1.550V,0.000A,1.553V,0.000A,1.547V,0.000A,1.500V,0.000A
2024-06-18 04:59:14.00,1.513V,0.055A,1.447V,0.002A,1.446V,0.000A,1.427V,0.000A,1.421V,0.000A,1.463V,0.116A,1.430V,0.000A,1.486V,0.000A
2024-06-18 04:59:15.00,1.413V,0.000A,1.372V,0.076A,1.439V,0.325A,1.376V,0.000A,1.432V,0.000A,1.368V,0.019A,1.359V,0.050A,1.349V,0.000A
2024-06-18 04:59:16.00,1.486V,0.000A,1.471V,0.023A,1.397V,0.000A,1.448V,0.000A,1.524V,0.000A,1.444V,0.041A,1.471V,0.000A,1.537V,0.000A
2024-06-18 04:59:17.00,1.360V,0.000A,1.382V,0.000A,1.418V,0.031A,1.468V,0.016A,1.413V,0.245A,1.472V,0.000A,1.392V,0.000A,1.409V,0.065A
2024-06-18 04:59:18.00,1.543V,0.000A,1.494V,0.000A,1.537V,0.000A,1.582V,0.000A,1.549V,0.000A,1.540V,0.000A,1.551V,0.000A,1.567V,0.000A
2024-06-18 04:59:19.00,1.587V,0.000A,1.517V,0.000A,1.588V,0.000A,1.480V,0.000A,1.492V,0.000A,1.519V,0.000A,1.581V,0.000A,1.494V,0.000A
2024-06-18 04:59:20.00,1.534V,0.000A,1.526V,0.000A,1.554V,0.000A,1.528V,0.000A,1.571V,0.000A,1.504V,0.000A,1.523V,0.000A,1.562V,0.000A
2024-06-18 04:59:21.00,1.539V,0.000A,1.562V,0.000A,1.507V,0.000A,1.511V,0.000A,1.556V,0.000A,1.517V,0.000A,1.554V,0.000A,1.533V,0.000A
2024-06-18 04:59:22.00,1.511V,0.000A,1.521V,0.000A,1.565V,0.004A,1.570V,0.000A,1.517V,0.000A,1.553V,0.030A,1.545V,0.000A,1.507V,0.000A
2024-06-18 04:59:23.00,1.543V,0.000A,1.546V,0.000A,1.534V,0.001A,1.590V,0.000A,1.543V,0.000A,1.504V,0.000A,1.580V,0.000A,1.486V,0.000A
2024-06-18 04:59:24.00,1.545V,0.000A,1.558V,0.015A,1.547V,0.000A,1.513V,0.000A,1.538V,0.000A,1.577V,0.000A,1.484V,0.000A,1.535V,0.000A
2024-06-18 04:59:25.00,1.528V,0.000A,1.430V,0.022A,1.509V,0.000A,1.380V,0.000A,1.431V,0.000A,1.431V,0.077A,1.540V,0.068A,1.413V,0.000A
2024-06-18 04:59:26.00,1.461V,0.024A,1.457V,0.000A,1.426V,0.000A,1.422V,0.003A,1.403V,0.004A,1.462V,0.000A,1.465V,0.101A,1.418V,0.000A
2024-06-18 04:59:27.00,1.440V,0.020A,1.349V,0.028A,1.387V,0.004A,1.365V,0.000A,1.372V,0.035A,1.384V,0.064A,1.406V,0.104A,1.428V,0.060A
2024-06-18 04:59:28.00,1.363V,0.026A,1.363V,0.004A,1.395V,0.033A,1.426V,0.000A,1.401V,0.045A,1.436V,0.000A,1.387V,0.120A,1.438V,0.003A
2024-06-18 04:59:29.00,1.482V,0.000A,1.545V,0.000A,1.550V,0.000A,1.544V,0.000A,1.548V,0.000A,1.533V,0.004A,1.587V,0.000A,1.482V,0.000A
2024-06-18 04:59:30.00,1.526V,0.000A,1.526V,0.001A,1.580V,0.000A,1.492V,0.000A,1.550V,0.000A,1.535V,0.016A,1.567V,0.000A,1.536V,0.000A
2024-06-18 04:59:31.00,1.488V,0.000A,1.538V,0.000A,1.547V,0.000A,1.585V,0.000A,1.550V,0.000A,1.534V,0.004A,1.590V,0.000A,1.494V,0.000A
2024-06-18 04:59:32.00,1.530V,0.000A,1.591V,0.000A,1.482V,0.000A,1.549V,0.000A,1.595V,0.000A,1.496V,0.000A,1.554V,0.000A,1.525V,0.000A
2024-06-18 04:59:33.00,1.550V,0.000A,1.532V,0.000A,1.591V,0.000A,1.484V,0.000A,1.529V,0.000A,1.583V,0.000A,1.487V,0.000A,1.549V,0.000A
2024-06-18 04:59:34.00,1.544V,0.000A,1.485V,0.000A,1.557V,0.000A,1.513V,0.000A,1.510V,0.000A,1.535V,0.000A,1.518V,0.000A,1.576V,0.000A
2024-06-18 04:59:35.00,1.579V,0.000A,1.492V,0.000A,1.528V,0.000A,1.564V,0.000A,1.505V,0.000A,1.556V,0.000A,1.532V,0.000A,1.581V,0.000A
2024-06-18 04:59:36.00,1.542V,0.000A,1.587V,0.000A,1.500V,0.000A,1.525V,0.000A,1.568V,0.000A,1.542V,0.000A,1.545V,0.000A,1.524V,0.000A
2024-06-18 04:59:37.00,1.568V,0.000A,1.525V,0.000A,1.507V,0.000A,1.583V,0.000A,1.511V,0.000A,1.521V,0.000A,1.580V,0.000A,1.525V,0.000A
2024-06-18 04:59:38.00,1.555V,0.000A,1.583V,0.001A,1.487V,0.000A,1.552V,0.000A,1.544V,0.000A,1.571V,0.000A,1.513V,0.000A,1.514V,0.000A
2024-06-18 04:59:39.00,1.525V,0.000A,1.584V,0.007A,1.514V,0.000A,1.553V,0.000A,1.588V,0.000A,1.498V,0.000A,1.546V,0.000A,1.523V,0.000A
2024-06-18 04:59:40.00,1.455V,0.000A,1.474V,0.078A,1.528V,0.000A,1.446V,0.000A,1.474V,0.000A,1.533V,0.171A,1.455V,0.000A,1.508V,0.000A
2024-06-18 04:59:41.00,1.467V,0.114A,1.399V,0.000A,1.426V,0.000A,1.459V,0.000A,1.433V,0.000A,1.434V,0.000A,1.413V,0.200A,1.480V,0.000A
2024-06-18 04:59:42.00,1.405V,0.178A,1.476V,0.000A,1.418V,0.000A,1.418V,0.000A,1.504V,0.000A,1.408V,0.000A,1.442V,0.074A,1.465V,0.000A
2024-06-18 04:59:43.00,1.438V,0.080A,1.494V,0.000A,1.420V,0.000A,1.421V,0.000A,1.430V,0.000A,1.496V,0.000A,1.417V,0.098A,1.408V,0.000A
2024-06-18 04:59:44.00,1.484V,0.106A,1.441V,0.000A,1.463V,0.000A,1.488V,0.000A,1.504V,0.000A,1.420V,0.008A,1.487V,0.032A,1.524V,0.000A
2024-06-18 04:59:45.00,1.505V,0.000A,1.517V,0.000A,1.553V,0.000A,1.511V,0.000A,1.509V,0.000A,1.550V,0.045A,1.544V,0.000A,1.481V,0.000A
2024-06-18 04:59:46.00,1.510V,0.000A,1.525V,0.000A,1.517V,0.000A,1.564V,0.000A,1.525V,0.000A,1.562V,0.000A,1.470V,0.000A,1.507V,0.000A
2024-06-18 04:59:47.00,1.433V,0.000A,1.438V,0.007A,1.514V,0.000A,1.448V,0.000A,1.474V,0.000A,1.462V,0.027A,1.511V,0.000A,1.479V,0.000A
2024-06-18 04:59:48.00,1.534V,0.000A,1.567V,0.000A,1.530V,0.000A,1.514V,0.000A,1.584V,0.000A,1.490V,0.000A,1.555V,0.000A,1.538V,0.000A
2024-06-18 04:59:49.00,1.539V,0.000A,1.491V,0.083A,1.473V,0.000A,1.475V,0.000A,1.540V,0.000A,1.535V,0.000A,1.473V,0.000A,1.475V,0.000A
2024-06-18 04:59:50.00,1.522V,0.000A,1.591V,0.000A,1.488V,0.000A,1.533V,0.000A,1.591V,0.000A,1.481V,0.000A,1.546V,0.000A,1.537V,0.000A
2024-06-18 04:59:51.00,1.470V,0.040A,1.473V,0.094A,1.412V,0.000A,1.435V,0.000A,1.441V,0.000A,1.430V,0.078A,1.442V,0.188A,1.435V,0.000A
2024-06-18 04:59:52.00,1.446V,0.059A,1.407V,0.045A,1.436V,0.000A,1.489V,0.000A,1.425V,0.020A,1.435V,0.000A,1.467V,0.105A,1.467V,0.000A
2024-06-18 04:59:53.00,1.437V,0.008A,1.504V,0.099A,1.410V,0.000A,1.439V,0.000A,1.480V,0.000A,1.474V,0.100A,1.441V,0.070A,1.461V,0.000A
2024-06-18 04:59:54.00,1.401V,0.061A,1.413V,0.010A,1.497V,0.017A,1.405V,0.031A,1.471V,0.000A,1.410V,0.003A,1.469V,0.123A,1.421V,0.000A
2024-06-18 04:59:55.00,1.525V,0.000A,1.492V,0.000A,1.521V,0.015A,1.567V,0.024A,1.526V,0.000A,1.536V,0.000A,1.544V,0.000A,1.538V,0.000A
2024-06-18 04:59:56.00,1.452V,0.135A,1.420V,0.025A,1.434V,0.000A,1.514V,0.000A,1.451V,0.000A,1.432V,0.001A,1.447V,0.098A,1.496V,0.000A
2024-06-18 04:59:57.00,1.423V,0.065A,1.433V,0.020A,1.451V,0.000A,1.498V,0.000A,1.451V,0.000A,1.513V,0.024A,1.480V,0.103A,1.450V,0.000A
2024-06-18 04:59:58.00,1.520V,0.000A,1.518V,0.000A,1.567V,0.000A,1.532V,0.000A,1.528V,0.001A,1.484V,0.000A,1.513V,0.000A,1.507V,0.000A
2024-06-18 04:59:59.00,1.431V,0.049A,1.432V,0.014A,1.482V,0.000A,1.421V,0.000A,1.455V,0.000A,1.388V,0.076A,1.439V,0.076A,1.443V,0.000A
2024-06-18 05:00:00.00,1.407V,0.049A,1.443V,0.000A,1.421V,0.000A,1.466V,0.000A,1.409V,0.000A,1.411V,0.161A,1.432V,0.066A,1.421V,0.000A
2024-06-18 05:00:01.00,1.542V,0.000A,1.459V,0.087A,1.470V,0.000A,1.497V,0.000A,1.531V,0.000A,1.558V,0.012A,1.488V,0.000A,1.505V,0.000A
2024-06-18 05:00:02.00,1.466V,0.000A,1.435V,0.077A,1.440V,0.000A,1.424V,0.000A,1.455V,0.000A,1.468V,0.125A,1.471V,0.012A,1.438V,0.000A
2024-06-18 05:00:03.00,1.388V,0.000A,1.423V,0.087A,1.405V,0.000A,1.392V,0.000A,1.417V,0.000A,1.425V,0.178A,1.481V,0.020A,1.443V,0.000A
2024-06-18 05:00:04.00,1.460V,0.001A,1.425V,0.073A,1.419V,0.000A,1.474V,0.000A,1.400V,0.000A,1.434V,0.094A,1.401V,0.064A,1.401V,0.000A
2024-06-18 05:00:05.00,1.396V,0.027A,1.445V,0.011A,1.479V,0.000A,1.435V,0.000A,1.422V,0.000A,1.444V,0.044A,1.440V,0.043A,1.464V,0.000A
2024-06-18 05:00:06.00,1.402V,0.035A,1.431V,0.075A,1.470V,0.000A,1.442V,0.000A,1.454V,0.000A,1.403V,0.056A,1.429V,0.060A,1.430V,0.000A
2024-06-18 05:00:07.00,1.420V,0.055A,1.394V,0.039A,1.401V,0.000A,1.401V,0.000A,1.405V,0.000A,1.438V,0.006A,1.389V,0.240A,1.424V,0.000A
2024-06-18 05:00:08.00,1.404V,0.108A,1.459V,0.005A,1.428V,0.000A,1.451V,0.000A,1.422V,0.000A,1.418V,0.014A,1.484V,0.147A,1.432V,0.000A
2024-06-18 05:00:09.00,1.451V,0.187A,1.381V,0.008A,1.386V,0.000A,1.398V,0.000A,1.395V,0.000A,1.425V,0.000A,1.433V,0.249A,1.397V,0.000A
2024-06-18 05:00:10.00,1.402V,0.180A,1.418V,0.000A,1.401V,0.000A,1.409V,0.000A,1.411V,0.000A,1.389V,0.000A,1.465V,0.258A,1.409V,0.000A
2024-06-18 05:00:11.00,1.418V,0.241A,1.411V,0.004A,1.438V,0.000A,1.407V,0.000A,1.399V,0.000A,1.432V,0.000A,1.370V,0.297A,1.420V,0.000A
2024-06-18 05:00:12.00,1.409V,0.106A,1.398V,0.000A,1.447V,0.000A,1.414V,0.000A,1.383V,0.000A,1.424V,0.000A,1.429V,0.347A,1.448V,0.000A
2024-06-18 05:00:13.00,1.428V,0.078A,1.422V,0.024A,1.409V,0.000A,1.390V,0.000A,1.405V,0.000A,1.407V,0.056A,1.451V,0.119A,1.394V,0.000A
2024-06-18 05:00:14.00,1.420V,0.000A,1.400V,0.160A,1.415V,0.000A,1.389V,0.000A,1.415V,0.000A,1.442V,0.107A,1.421V,0.045A,1.426V,0.000A
2024-06-18 05:00:15.00,1.386V,0.170A,1.436V,0.002A,1.414V,0.000A,1.404V,0.000A,1.407V,0.000A,1.395V,0.000A,1.398V,0.262A,1.396V,0.000A
2024-06-18 05:00:16.00,1.424V,0.190A,1.393V,0.005A,1.405V,0.000A,1.385V,0.000A,1.393V,0.000A,1.418V,0.002A,1.412V,0.210A,1.413V,0.000A
2024-06-18 05:00:17.00,1.409V,0.259A,1.373V,0.000A,1.431V,0.000A,1.400V,0.001A,1.430V,0.000A,1.400V,0.032A,1.394V,0.178A,1.385V,0.000A
2024-06-18 05:00:18.00,1.421V,0.029A,1.339V,0.213A,1.340V,0.000A,1.390V,0.000A,1.421V,0.000A,1.409V,0.138A,1.398V,0.000A,1.441V,0.000A
2024-06-18 05:00:19.00,1.451V,0.007A,1.426V,0.062A,1.412V,0.000A,1.446V,0.000A,1.432V,0.001A,1.380V,0.129A,1.437V,0.075A,1.396V,0.000A
2024-06-18 05:00:20.00,1.420V,0.076A,1.444V,0.057A,1.409V,0.000A,1.430V,0.000A,1.387V,0.000A,1.443V,0.004A,1.442V,0.192A,1.399V,0.000A
2024-06-18 05:00:21.00,1.432V,0.000A,1.417V,0.281A,1.369V,0.002A,1.354V,0.000A,1.372V,0.000A,1.425V,0.203A,1.375V,0.000A,1.358V,0.000A
2024-06-18 05:00:22.00,1.357V,0.000A,1.347V,0.207A,1.346V,0.011A,1.382V,0.000A,1.369V,0.000A,1.379V,0.337A,1.355V,0.000A,1.378V,0.000A
2024-06-18 05:00:23.00,1.408V,0.142A,1.399V,0.019A,1.378V,0.000A,1.413V,0.000A,1.408V,0.000A,1.403V,0.004A,1.372V,0.230A,1.426V,0.000A
2024-06-18 05:00:24.00,1.364V,0.033A,1.369V,0.041A,1.392V,0.000A,1.386V,0.000A,1.393V,0.000A,1.381V,0.004A,1.410V,0.354A,1.384V,0.000A
2024-06-18 05:00:25.00,1.447V,0.218A,1.435V,0.000A,1.395V,0.001A,1.392V,0.000A,1.387V,0.000A,1.417V,0.004A,1.430V,0.161A,1.394V,0.000A
2024-06-18 05:00:26.00,1.540V,0.000A,1.534V,0.003A,1.500V,0.004A,1.425V,0.000A,1.516V,0.002A,1.500V,0.000A,1.501V,0.000A,1.480V,0.000A
2024-06-18 05:00:27.00,1.513V,0.000A,1.508V,0.008A,1.513V,0.000A,1.505V,0.000A,1.488V,0.000A,1.534V,0.000A,1.504V,0.000A,1.531V,0.000A
2024-06-18 05:00:28.00,1.492V,0.000A,1.522V,0.000A,1.520V,0.000A,1.497V,0.000A,1.546V,0.000A,1.504V,0.000A,1.559V,0.000A,1.518V,0.000A
2024-06-18 05:00:29.00,1.468V,0.025A,1.462V,0.029A,1.427V,0.000A,1.409V,0.000A,1.428V,0.000A,1.447V,0.083A,1.463V,0.014A,1.414V,0.000A
2024-06-18 05:00:30.00,1.420V,0.022A,1.446V,0.015A,1.426V,0.000A,1.416V,0.000A,1.429V,0.000A,1.414V,0.035A,1.468V,0.034A,1.420V,0.000A
2024-06-18 05:00:31.00,1.465V,0.020A,1.413V,0.042A,1.457V,0.000A,1.415V,0.000A,1.405V,0.000A,1.413V,0.029A,1.486V,0.041A,1.417V,0.000A
2024-06-18 05:00:32.00,1.378V,0.000A,1.459V,0.000A,1.453V,0.000A,1.422V,0.000A,1.480V,0.000A,1.442V,0.091A,1.493V,0.010A,1.438V,0.000A
2024-06-18 05:00:33.00,1.417V,0.013A,1.448V,0.087A,1.409V,0.000A,1.429V,0.000A,1.455V,0.000A,1.416V,0.169A,1.412V,0.018A,1.454V,0.000A
2024-06-18 05:00:34.00,1.431V,0.025A,1.413V,0.052A,1.425V,0.008A,1.399V,0.000A,1.407V,0.000A,1.428V,0.114A,1.426V,0.038A,1.405V,0.000A
2024-06-18 05:00:35.00,1.504V,0.000A,1.505V,0.008A,1.492V,0.000A,1.529V,0.000A,1.554V,0.000A,1.514V,0.037A,1.503V,0.000A,1.539V,0.000A
2024-06-18 05:00:36.00,1.488V,0.005A,1.467V,0.053A,1.426V,0.000A,1.456V,0.000A,1.430V,0.000A,1.446V,0.046A,1.430V,0.071A,1.414V,0.000A
2024-06-18 05:00:37.00,1.406V,0.000A,1.425V,0.046A,1.433V,0.000A,1.446V,0.000A,1.472V,0.000A,1.435V,0.131A,1.409V,0.024A,1.462V,0.000A
2024-06-18 05:00:38.00,1.510V,0.000A,1.507V,0.001A,1.501V,0.000A,1.527V,0.000A,1.532V,0.000A,1.514V,0.008A,1.497V,0.000A,1.538V,0.000A
2024-06-18 05:00:39.00,1.513V,0.000A,1.501V,0.000A,1.549V,0.000A,1.513V,0.000A,1.555V,0.000A,1.506V,0.004A,1.509V,0.000A,1.523V,0.000A
2024-06-18 05:00:40.00,1.438V,0.200A,1.437V,0.002A,1.415V,0.000A,1.416V,0.000A,1.423V,0.000A,1.430V,0.023A,1.416V,0.167A,1.422V,0.000A
2024-06-18 05:00:41.00,1.459V,0.028A,1.464V,0.001A,1.396V,0.000A,1.405V,0.000A,1.396V,0.000A,1.409V,0.089A,1.420V,0.087A,1.406V,0.000A
2024-06-18 05:00:42.00,1.401V,0.045A,1.390V,0.008A,1.439V,0.000A,1.414V,0.000A,1.427V,0.000A,1.428V,0.029A,1.440V,0.136A,1.419V,0.000A
2024-06-18 05:00:43.00,1.411V,0.045A,1.421V,0.000A,1.418V,0.000A,1.392V,0.000A,1.392V,0.000A,1.421V,0.045A,1.443V,0.100A,1.411V,0.000A
2024-06-18 05:00:44.00,1.427V,0.249A,1.413V,0.000A,1.403V,0.004A,1.387V,0.000A,1.395V,0.000A,1.421V,0.001A,1.409V,0.142A,1.367V,0.000A
2024-06-18 05:00:45.00,1.526V,0.000A,1.524V,0.002A,1.500V,0.000A,1.541V,0.000A,1.485V,0.000A,1.525V,0.000A,1.503V,0.000A,1.479V,0.000A
2024-06-18 05:00:46.00,1.414V,0.127A,1.405V,0.000A,1.410V,0.000A,1.405V,0.000A,1.377V,0.000A,1.402V,0.000A,1.438V,0.162A,1.376V,0.000A
2024-06-18 05:00:47.00,1.451V,0.190A,1.407V,0.008A,1.399V,0.000A,1.445V,0.000A,1.417V,0.000A,1.393V,0.008A,1.410V,0.203A,1.420V,0.000A
2024-06-18 05:00:48.00,1.458V,0.275A,1.380V,0.001A,1.397V,0.000A,1.414V,0.000A,1.388V,0.000A,1.390V,0.002A,1.400V,0.240A,1.413V,0.000A
2024-06-18 05:00:49.00,1.405V,0.004A,1.434V,0.123A,1.383V,0.012A,1.418V,0.000A,1.427V,0.000A,1.424V,0.109A,1.372V,0.029A,1.430V,0.000A
2024-06-18 05:00:50.00,1.527V,0.000A,1.505V,0.000A,1.545V,0.000A,1.517V,0.000A,1.518V,0.000A,1.500V,0.000A,1.540V,0.000A,1.518V,0.000A
2024-06-18 05:00:51.00,1.401V,0.169A,1.399V,0.000A,1.401V,0.012A,1.378V,0.005A,1.366V,0.000A,1.389V,0.000A,1.412V,0.364A,1.370V,0.000A
2024-06-18 05:00:52.00,1.343V,0.183A,1.377V,0.020A,1.395V,0.000A,1.432V,0.000A,1.400V,0.000A,1.387V,0.008A,1.415V,0.238A,1.401V,0.000A
2024-06-18 05:00:53.00,1.513V,0.000A,1.508V,0.002A,1.517V,0.000A,1.539V,0.000A,1.536V,0.000A,1.512V,0.004A,1.517V,0.000A,1.530V,0.000A
2024-06-18 05:00:54.00,1.438V,0.273A,1.421V,0.000A,1.450V,0.000A,1.388V,0.000A,1.400V,0.000A,1.410V,0.000A,1.450V,0.144A,1.403V,0.000A
2024-06-18 05:00:55.00,1.442V,0.054A,1.411V,0.045A,1.406V,0.000A,1.441V,0.000A,1.430V,0.000A,1.431V,0.017A,1.451V,0.173A,1.439V,0.000A
2024-06-18 05:00:56.00,1.434V,0.058A,1.415V,0.062A,1.416V,0.000A,1.434V,0.000A,1.447V,0.000A,1.407V,0.017A,1.410V,0.208A,1.417V,0.000A
2024-06-18 05:00:57.00,1.413V,0.140A,1.423V,0.013A,1.444V,0.000A,1.429V,0.000A,1.420V,0.000A,1.443V,0.020A,1.410V,0.141A,1.402V,0.000A
2024-06-18 05:00:58.00,1.410V,0.070A,1.407V,0.054A,1.394V,0.000A,1.453V,0.000A,1.449V,0.000A,1.413V,0.035A,1.416V,0.103A,1.456V,0.000A
2024-06-18 05:00:59.00,1.441V,0.336A,1.360V,0.000A,1.393V,0.000A,1.387V,0.000A,1.388V,0.000A,1.362V,0.000A,1.356V,0.161A,1.384V,0.000A
2024-06-18 05:01:00.00,1.437V,0.319A,1.398V,0.000A,1.398V,0.000A,1.372V,0.000A,1.395V,0.000A,1.403V,0.000A,1.359V,0.224A,1.392V,0.000A
2024-06-18 05:01:01.00,1.439V,0.183A,1.433V,0.008A,1.392V,0.000A,1.398V,0.000A,1.421V,0.000A,1.409V,0.008A,1.428V,0.226A,1.416V,0.000A
2024-06-18 05:01:02.00,1.455V,0.000A,1.515V,0.000A,1.439V,0.000A,1.484V,0.000A,1.477V,0.000A,1.524V,0.003A,1.506V,0.116A,1.469V,0.000A
2024-06-18 05:01:03.00,1.412V,0.082A,1.399V,0.000A,1.381V,0.000A,1.395V,0.000A,1.363V,0.015A,1.393V,0.000A,1.401V,0.318A,1.385V,0.000A
2024-06-18 05:01:04.00,1.416V,0.134A,1.426V,0.002A,1.411V,0.000A,1.388V,0.000A,1.429V,0.000A,1.452V,0.000A,1.359V,0.244A,1.374V,0.000A
2024-06-18 05:01:05.00,1.420V,0.124A,1.409V,0.005A,1.437V,0.000A,1.399V,0.000A,1.416V,0.000A,1.409V,0.000A,1.435V,0.134A,1.415V,0.000A
2024-06-18 05:01:06.00,1.448V,0.017A,1.455V,0.053A,1.423V,0.003A,1.400V,0.000A,1.438V,0.000A,1.434V,0.013A,1.446V,0.039A,1.418V,0.000A
2024-06-18 05:01:07.00,1.442V,0.011A,1.409V,0.056A,1.415V,0.000A,1.444V,0.000A,1.394V,0.000A,1.431V,0.067A,1.446V,0.000A,1.430V,0.000A
2024-06-18 05:01:08.00,1.417V,0.004A,1.410V,0.029A,1.436V,0.000A,1.433V,0.000A,1.417V,0.000A,1.420V,0.072A,1.446V,0.033A,1.418V,0.000A
2024-06-18 05:01:09.00,1.451V,0.002A,1.440V,0.096A,1.445V,0.000A,1.438V,0.000A,1.428V,0.000A,1.489V,0.058A,1.443V,0.024A,1.417V,0.000A
2024-06-18 05:01:10.00,1.377V,0.239A,1.440V,0.001A,1.427V,0.000A,1.385V,0.000A,1.421V,0.000A,1.408V,0.033A,1.418V,0.130A,1.407V,0.000A
2024-06-18 05:01:11.00,1.399V,0.008A,1.405V,0.081A,1.386V,0.000A,1.380V,0.000A,1.402V,0.000A,1.446V,0.142A,1.400V,0.023A,1.400V,0.000A
2024-06-18 05:01:12.00,1.443V,0.013A,1.442V,0.027A,1.439V,0.000A,1.450V,0.000A,1.425V,0.005A,1.438V,0.051A,1.471V,0.004A,1.434V,0.000A
2024-06-18 05:01:13.00,1.397V,0.249A,1.411V,0.000A,1.402V,0.008A,1.365V,0.000A,1.379V,0.000A,1.368V,0.000A,1.373V,0.236A,1.396V,0.000A
2024-06-18 05:01:14.00,1.394V,0.126A,1.383V,0.000A,1.385V,0.000A,1.401V,0.000A,1.372V,0.004A,1.378V,0.013A,1.427V,0.277A,1.376V,0.000A
2024-06-18 05:01:15.00,1.439V,0.026A,1.444V,0.016A,1.430V,0.000A,1.421V,0.000A,1.410V,0.000A,1.394V,0.010A,1.438V,0.174A,1.410V,0.000A
2024-06-18 05:01:16.00,1.409V,0.071A,1.446V,0.004A,1.439V,0.000A,1.400V,0.000A,1.409V,0.000A,1.417V,0.044A,1.467V,0.095A,1.423V,0.000A
2024-06-18 05:01:17.00,1.484V,0.000A,1.484V,0.051A,1.455V,0.000A,1.447V,0.000A,1.457V,0.000A,1.445V,0.037A,1.482V,0.000A,1.496V,0.000A
2024-06-18 05:01:18.00,1.434V,0.016A,1.437V,0.037A,1.413V,0.000A,1.407V,0.000A,1.437V,0.000A,1.384V,0.106A,1.390V,0.058A,1.433V,0.000A
2024-06-18 05:01:19.00,1.403V,0.000A,1.434V,0.066A,1.435V,0.000A,1.414V,0.000A,1.437V,0.000A,1.434V,0.143A,1.401V,0.014A,1.405V,0.000A
2024-06-18 05:01:20.00,1.474V,0.032A,1.484V,0.034A,1.466V,0.000A,1.438V,0.000A,1.438V,0.000A,1.457V,0.001A,1.464V,0.000A,1.430V,0.000A
2024-06-18 05:01:21.00,1.453V,0.107A,1.410V,0.004A,1.408V,0.048A,1.381V,0.000A,1.449V,0.000A,1.436V,0.123A,1.402V,0.006A,1.358V,0.000A
2024-06-18 05:01:22.00,1.384V,0.153A,1.399V,0.018A,1.393V,0.000A,1.405V,0.000A,1.395V,0.000A,1.403V,0.106A,1.417V,0.000A,1.421V,0.000A
2024-06-18 05:01:23.00,1.458V,0.174A,1.416V,0.022A,1.397V,0.000A,1.421V,0.000A,1.418V,0.000A,1.405V,0.029A,1.433V,0.123A,1.448V,0.000A
2024-06-18 05:01:24.00,1.492V,0.000A,1.513V,0.000A,1.520V,0.000A,1.522V,0.000A,1.515V,0.000A,1.528V,0.000A,1.525V,0.000A,1.497V,0.000A
2024-06-18 05:01:25.00,1.438V,0.079A,1.420V,0.012A,1.407V,0.000A,1.424V,0.000A,1.414V,0.000A,1.429V,0.008A,1.446V,0.146A,1.420V,0.000A
2024-06-18 05:01:26.00,1.406V,0.086A,1.376V,0.012A,1.376V,0.000A,1.371V,0.000A,1.385V,0.070A,1.405V,0.018A,1.397V,0.113A,1.385V,0.000A
2024-06-18 05:01:27.00,1.505V,0.000A,1.517V,0.000A,1.522V,0.000A,1.502V,0.000A,1.521V,0.000A,1.513V,0.002A,1.496V,0.000A,1.500V,0.000A
2024-06-18 05:01:28.00,1.406V,0.109A,1.412V,0.025A,1.409V,0.000A,1.430V,0.000A,1.410V,0.000A,1.416V,0.007A,1.454V,0.117A,1.425V,0.000A
2024-06-18 05:01:29.00,1.439V,0.065A,1.431V,0.029A,1.402V,0.000A,1.400V,0.000A,1.431V,0.002A,1.393V,0.036A,1.414V,0.134A,1.413V,0.000A
2024-06-18 05:01:30.00,1.439V,0.365A,1.417V,0.000A,1.409V,0.000A,1.382V,0.000A,1.416V,0.000A,1.393V,0.002A,1.362V,0.121A,1.404V,0.000A
2024-06-18 05:01:31.00,1.446V,0.000A,1.440V,0.057A,1.409V,0.000A,1.426V,0.000A,1.431V,0.000A,1.442V,0.132A,1.392V,0.039A,1.437V,0.000A
2024-06-18 05:01:32.00,1.379V,0.290A,1.389V,0.000A,1.382V,0.000A,1.376V,0.000A,1.398V,0.000A,1.388V,0.004A,1.365V,0.220A,1.399V,0.000A
2024-06-18 05:01:33.00,1.401V,0.348A,1.378V,0.003A,1.391V,0.000A,1.397V,0.000A,1.389V,0.000A,1.408V,0.000A,1.434V,0.166A,1.377V,0.000A
2024-06-18 05:01:34.00,1.378V,0.334A,1.379V,0.004A,1.380V,0.000A,1.381V,0.000A,1.380V,0.000A,1.381V,0.003A,1.418V,0.158A,1.406V,0.000A
2024-06-18 05:01:35.00,1.486V,0.153A,1.413V,0.000A,1.418V,0.000A,1.463V,0.000A,1.413V,0.000A,1.430V,0.000A,1.485V,0.112A,1.442V,0.000A
2024-06-18 05:01:36.00,1.432V,0.069A,1.415V,0.022A,1.399V,0.000A,1.407V,0.000A,1.400V,0.000A,1.429V,0.001A,1.443V,0.174A,1.398V,0.000A
2024-06-18 05:01:37.00,1.369V,0.121A,1.403V,0.000A,1.416V,0.000A,1.393V,0.000A,1.417V,0.023A,1.384V,0.039A,1.356V,0.091A,1.371V,0.000A
2024-06-18 05:01:38.00,1.463V,0.060A,1.427V,0.024A,1.434V,0.002A,1.432V,0.000A,1.402V,0.000A,1.434V,0.051A,1.435V,0.066A,1.437V,0.000A
2024-06-18 05:01:39.00,1.417V,0.077A,1.404V,0.078A,1.430V,0.000A,1.423V,0.000A,1.421V,0.000A,1.459V,0.041A,1.425V,0.078A,1.410V,0.000A
2024-06-18 05:01:40.00,1.451V,0.062A,1.417V,0.039A,1.422V,0.000A,1.430V,0.000A,1.426V,0.000A,1.417V,0.071A,1.377V,0.090A,1.402V,0.000A
2024-06-18 05:01:41.00,1.525V,0.016A,1.455V,0.024A,1.405V,0.000A,1.428V,0.000A,1.462V,0.000A,1.461V,0.113A,1.434V,0.000A,1.463V,0.000A
2024-06-18 05:01:42.00,1.442V,0.112A,1.451V,0.024A,1.420V,0.000A,1.391V,0.000A,1.426V,0.000A,1.411V,0.051A,1.395V,0.102A,1.452V,0.000A
2024-06-18 05:01:43.00,1.446V,0.165A,1.430V,0.000A,1.434V,0.000A,1.432V,0.000A,1.428V,0.000A,1.417V,0.024A,1.447V,0.154A,1.425V,0.000A
2024-06-18 05:01:44.00,1.409V,0.198A,1.420V,0.000A,1.426V,0.000A,1.447V,0.000A,1.407V,0.000A,1.405V,0.007A,1.477V,0.090A,1.425V,0.000A
2024-06-18 05:01:45.00,1.387V,0.074A,1.403V,0.018A,1.395V,0.000A,1.402V,0.000A,1.398V,0.000A,1.430V,0.016A,1.451V,0.248A,1.402V,0.000A
2024-06-18 05:01:46.00,1.349V,0.000A,1.392V,0.464A,1.372V,0.000A,1.369V,0.000A,1.347V,0.000A,1.350V,0.256A,1.346V,0.003A,1.353V,0.000A
2024-06-18 05:01:47.00,1.396V,0.000A,1.399V,0.120A,1.383V,0.000A,1.408V,0.000A,1.397V,0.000A,1.409V,0.160A,1.400V,0.012A,1.406V,0.000A
2024-06-18 05:01:48.00,1.388V,0.000A,1.330V,0.209A,1.355V,0.000A,1.362V,0.000A,1.392V,0.000A,1.426V,0.366A,1.368V,0.000A,1.353V,0.000A
2024-06-18 05:01:49.00,1.391V,0.128A,1.421V,0.000A,1.423V,0.000A,1.411V,0.000A,1.430V,0.000A,1.403V,0.037A,1.438V,0.148A,1.397V,0.000A
2024-06-18 05:01:50.00,1.413V,0.016A,1.427V,0.018A,1.439V,0.000A,1.446V,0.000A,1.459V,0.000A,1.426V,0.034A,1.434V,0.099A,1.424V,0.000A
2024-06-18 05:01:51.00,1.421V,0.221A,1.374V,0.000A,1.395V,0.000A,1.400V,0.000A,1.414V,0.000A,1.392V,0.005A,1.425V,0.346A,1.401V,0.000A
2024-06-18 05:01:52.00,1.434V,0.264A,1.407V,0.000A,1.400V,0.000A,1.409V,0.000A,1.388V,0.000A,1.405V,0.005A,1.441V,0.193A,1.415V,0.000A
2024-06-18 05:01:53.00,1.368V,0.000A,1.357V,0.146A,1.355V,0.000A,1.380V,0.000A,1.344V,0.000A,1.390V,0.508A,1.352V,0.000A,1.371V,0.000A
2024-06-18 05:01:54.00,1.464V,0.197A,1.413V,0.000A,1.413V,0.009A,1.406V,0.000A,1.429V,0.000A,1.408V,0.000A,1.428V,0.198A,1.410V,0.000A
2024-06-18 05:01:55.00,1.446V,0.207A,1.422V,0.000A,1.417V,0.002A,1.421V,0.000A,1.368V,0.000A,1.410V,0.004A,1.394V,0.241A,1.421V,0.000A
2024-06-18 05:01:56.00,1.446V,0.125A,1.392V,0.016A,1.398V,0.000A,1.407V,0.000A,1.409V,0.000A,1.420V,0.009A,1.434V,0.200A,1.406V,0.000A
2024-06-18 05:01:57.00,1.410V,0.134A,1.423V,0.000A,1.443V,0.000A,1.431V,0.000A,1.418V,0.000A,1.404V,0.011A,1.470V,0.179A,1.424V,0.000A
2024-06-18 05:01:58.00,1.431V,0.103A,1.409V,0.033A,1.442V,0.000A,1.440V,0.000A,1.434V,0.000A,1.430V,0.009A,1.480V,0.045A,1.426V,0.000A
2024-06-18 05:01:59.00,1.332V,0.000A,1.359V,0.164A,1.351V,0.000A,1.360V,0.000A,1.343V,0.000A,1.334V,0.609A,1.328V,0.000A,1.349V,0.000A
2024-06-18 05:02:00.00,1.419V,0.194A,1.384V,0.002A,1.405V,0.000A,1.427V,0.000A,1.403V,0.000A,1.454V,0.057A,1.452V,0.027A,1.411V,0.000A
2024-06-18 05:02:01.00,1.359V,0.000A,1.390V,0.317A,1.370V,0.000A,1.378V,0.000A,1.339V,0.000A,1.386V,0.312A,1.356V,0.000A,1.363V,0.000A
2024-06-18 05:02:02.00,1.372V,0.208A,1.400V,0.000A,1.411V,0.000A,1.384V,0.000A,1.376V,0.000A,1.388V,0.000A,1.431V,0.226A,1.405V,0.000A
2024-06-18 05:02:03.00,1.405V,0.231A,1.368V,0.010A,1.379V,0.000A,1.384V,0.000A,1.405V,0.000A,1.400V,0.000A,1.344V,0.281A,1.388V,0.000A
2024-06-18 05:02:04.00,1.409V,0.271A,1.405V,0.000A,1.380V,0.000A,1.382V,0.000A,1.371V,0.000A,1.388V,0.000A,1.383V,0.235A,1.389V,0.000A
2024-06-18 05:02:05.00,1.372V,0.000A,1.398V,0.236A,1.367V,0.000A,1.361V,0.000A,1.354V,0.000A,1.403V,0.408A,1.379V,0.000A,1.377V,0.000A
2024-06-18 05:02:06.00,1.408V,0.091A,1.402V,0.013A,1.392V,0.000A,1.388V,0.000A,1.382V,0.000A,1.394V,0.228A,1.379V,0.003A,1.417V,0.000A
2024-06-18 05:02:07.00,1.429V,0.161A,1.434V,0.000A,1.422V,0.000A,1.431V,0.000A,1.387V,0.000A,1.413V,0.004A,1.451V,0.221A,1.424V,0.000A
2024-06-18 05:02:08.00,1.404V,0.169A,1.407V,0.000A,1.396V,0.000A,1.390V,0.000A,1.384V,0.000A,1.397V,0.000A,1.405V,0.331A,1.383V,0.000A
2024-06-18 05:02:09.00,1.518V,0.000A,1.504V,0.004A,1.518V,0.000A,1.521V,0.000A,1.533V,0.000A,1.522V,0.000A,1.525V,0.000A,1.494V,0.000A
2024-06-18 05:02:10.00,1.408V,0.002A,1.421V,0.098A,1.435V,0.000A,1.413V,0.000A,1.410V,0.000A,1.406V,0.239A,1.419V,0.014A,1.431V,0.000A
2024-06-18 05:02:11.00,1.358V,0.000A,1.357V,0.169A,1.355V,0.000A,1.362V,0.000A,1.351V,0.000A,1.360V,0.580A,1.343V,0.000A,1.347V,0.000A
2024-06-18 05:02:12.00,1.382V,0.269A,1.401V,0.000A,1.420V,0.000A,1.410V,0.000A,1.407V,0.000A,1.417V,0.003A,1.386V,0.096A,1.373V,0.000A
2024-06-18 05:02:13.00,1.377V,0.000A,1.379V,0.255A,1.388V,0.000A,1.387V,0.000A,1.362V,0.000A,1.413V,0.342A,1.388V,0.000A,1.384V,0.000A
2024-06-18 05:02:14.00,1.442V,0.000A,1.409V,0.197A,1.405V,0.000A,1.420V,0.000A,1.408V,0.000A,1.409V,0.116A,1.440V,0.042A,1.409V,0.000A
2024-06-18 05:02:15.00,1.387V,0.237A,1.402V,0.004A,1.403V,0.001A,1.419V,0.000A,1.384V,0.000A,1.399V,0.000A,1.426V,0.327A,1.416V,0.000A
2024-06-18 05:02:16.00,1.433V,0.000A,1.421V,0.078A,1.400V,0.000A,1.423V,0.000A,1.434V,0.000A,1.434V,0.154A,1.406V,0.024A,1.413V,0.000A
2024-06-18 05:02:17.00,1.373V,0.048A,1.405V,0.010A,1.375V,0.008A,1.380V,0.000A,1.369V,0.000A,1.384V,0.404A,1.376V,0.000A,1.393V,0.000A
2024-06-18 05:02:18.00,1.416V,0.209A,1.412V,0.012A,1.435V,0.003A,1.433V,0.000A,1.410V,0.000A,1.403V,0.005A,1.440V,0.211A,1.401V,0.000A
2024-06-18 05:02:19.00,1.425V,0.001A,1.385V,0.134A,1.424V,0.000A,1.413V,0.000A,1.421V,0.000A,1.434V,0.143A,1.415V,0.007A,1.413V,0.000A
2024-06-18 05:02:20.00,1.546V,0.000A,1.515V,0.000A,1.513V,0.000A,1.519V,0.000A,1.526V,0.000A,1.509V,0.046A,1.526V,0.000A,1.514V,0.000A
2024-06-18 05:02:21.00,1.503V,0.169A,1.444V,0.000A,1.466V,0.000A,1.459V,0.000A,1.451V,0.000A,1.474V,0.000A,1.476V,0.000A,1.446V,0.000A
2024-06-18 05:02:22.00,1.425V,0.000A,1.386V,0.173A,1.390V,0.000A,1.398V,0.000A,1.393V,0.000A,1.399V,0.262A,1.344V,0.007A,1.391V,0.000A
2024-06-18 05:02:23.00,1.426V,0.327A,1.375V,0.000A,1.401V,0.000A,1.377V,0.000A,1.408V,0.000A,1.388V,0.006A,1.397V,0.145A,1.383V,0.000A
2024-06-18 05:02:24.00,1.426V,0.348A,1.409V,0.003A,1.404V,0.000A,1.386V,0.000A,1.395V,0.000A,1.388V,0.000A,1.456V,0.153A,1.407V,0.000A
2024-06-18 05:02:25.00,1.449V,0.298A,1.388V,0.005A,1.401V,0.000A,1.396V,0.000A,1.403V,0.000A,1.416V,0.002A,1.451V,0.156A,1.409V,0.000A
2024-06-18 05:02:26.00,1.445V,0.004A,1.409V,0.078A,1.406V,0.001A,1.407V,0.000A,1.430V,0.000A,1.452V,0.122A,1.438V,0.025A,1.430V,0.000A
2024-06-18 05:02:27.00,1.447V,0.010A,1.459V,0.083A,1.426V,0.000A,1.430V,0.000A,1.426V,0.000A,1.440V,0.080A,1.410V,0.008A,1.431V,0.000A
2024-06-18 05:02:28.00,1.416V,0.007A,1.410V,0.001A,1.431V,0.004A,1.420V,0.000A,1.431V,0.000A,1.457V,0.111A,1.483V,0.027A,1.418V,0.000A
2024-06-18 05:02:29.00,1.356V,0.059A,1.334V,0.025A,1.351V,0.000A,1.352V,0.000A,1.414V,0.068A,1.378V,0.234A,1.352V,0.000A,1.348V,0.037A
2024-06-18 05:02:30.00,1.443V,0.088A,1.442V,0.002A,1.418V,0.000A,1.416V,0.000A,1.415V,0.000A,1.417V,0.032A,1.427V,0.118A,1.454V,0.000A
2024-06-18 05:02:31.00,1.430V,0.233A,1.410V,0.001A,1.385V,0.000A,1.357V,0.000A,1.410V,0.000A,1.398V,0.000A,1.415V,0.145A,1.392V,0.000A
2024-06-18 05:02:32.00,1.444V,0.307A,1.396V,0.000A,1.378V,0.000A,1.387V,0.000A,1.390V,0.000A,1.388V,0.008A,1.388V,0.214A,1.397V,0.000A
2024-06-18 05:02:33.00,1.417V,0.077A,1.421V,0.048A,1.422V,0.000A,1.388V,0.000A,1.387V,0.006A,1.405V,0.034A,1.435V,0.036A,1.419V,0.000A
2024-06-18 05:02:34.00,1.452V,0.174A,1.374V,0.000A,1.387V,0.000A,1.388V,0.000A,1.426V,0.003A,1.379V,0.008A,1.424V,0.214A,1.379V,0.000A
2024-06-18 05:02:35.00,1.422V,0.040A,1.446V,0.047A,1.426V,0.000A,1.430V,0.000A,1.413V,0.000A,1.424V,0.014A,1.430V,0.033A,1.430V,0.000A
2024-06-18 05:02:36.00,1.411V,0.025A,1.433V,0.045A,1.392V,0.000A,1.390V,0.000A,1.411V,0.000A,1.425V,0.085A,1.445V,0.040A,1.402V,0.000A
2024-06-18 05:02:37.00,1.419V,0.145A,1.420V,0.001A,1.432V,0.000A,1.413V,0.000A,1.416V,0.000A,1.406V,0.012A,1.431V,0.147A,1.429V,0.000A
2024-06-18 05:02:38.00,1.364V,0.000A,1.405V,0.266A,1.384V,0.000A,1.368V,0.000A,1.359V,0.000A,1.392V,0.346A,1.368V,0.000A,1.365V,0.000A
2024-06-18 05:02:39.00,1.449V,0.013A,1.459V,0.018A,1.422V,0.000A,1.433V,0.000A,1.441V,0.000A,1.432V,0.005A,1.476V,0.075A,1.440V,0.000A
2024-06-18 05:02:40.00,1.392V,0.011A,1.413V,0.055A,1.420V,0.000A,1.418V,0.000A,1.410V,0.000A,1.399V,0.153A,1.416V,0.021A,1.415V,0.000A
2024-06-18 05:02:41.00,1.415V,0.008A,1.432V,0.062A,1.417V,0.000A,1.439V,0.000A,1.421V,0.000A,1.434V,0.145A,1.459V,0.025A,1.431V,0.000A
2024-06-18 05:02:42.00,1.417V,0.000A,1.421V,0.052A,1.418V,0.000A,1.418V,0.000A,1.408V,0.000A,1.439V,0.159A,1.438V,0.013A,1.422V,0.000A
2024-06-18 05:02:43.00,1.380V,0.000A,1.380V,0.127A,1.372V,0.000A,1.376V,0.000A,1.368V,0.000A,1.403V,0.460A,1.388V,0.000A,1.367V,0.000A
2024-06-18 05:02:44.00,1.434V,0.161A,1.405V,0.004A,1.376V,0.000A,1.384V,0.000A,1.393V,0.004A,1.425V,0.015A,1.426V,0.172A,1.413V,0.000A
2024-06-18 05:02:45.00,1.390V,0.144A,1.385V,0.012A,1.403V,0.000A,1.384V,0.000A,1.374V,0.000A,1.380V,0.039A,1.430V,0.203A,1.405V,0.000A
2024-06-18 05:02:46.00,1.384V,0.000A,1.389V,0.265A,1.376V,0.006A,1.373V,0.000A,1.378V,0.000A,1.369V,0.257A,1.376V,0.000A,1.379V,0.000A
2024-06-18 05:02:47.00,1.433V,0.024A,1.418V,0.026A,1.420V,0.000A,1.442V,0.001A,1.432V,0.000A,1.450V,0.024A,1.465V,0.110A,1.428V,0.000A
2024-06-18 05:02:48.00,1.348V,0.000A,1.376V,0.299A,1.370V,0.000A,1.340V,0.000A,1.339V,0.000A,1.351V,0.457A,1.344V,0.000A,1.343V,0.000A
2024-06-18 05:02:49.00,1.422V,0.020A,1.401V,0.047A,1.409V,0.000A,1.411V,0.000A,1.412V,0.000A,1.419V,0.121A,1.413V,0.050A,1.411V,0.000A
2024-06-18 05:02:50.00,1.405V,0.008A,1.426V,0.098A,1.393V,0.000A,1.390V,0.000A,1.388V,0.000A,1.393V,0.166A,1.420V,0.030A,1.398V,0.000A
2024-06-18 05:02:51.00,1.401V,0.339A,1.382V,0.003A,1.375V,0.000A,1.344V,0.000A,1.372V,0.003A,1.375V,0.000A,1.420V,0.080A,1.372V,0.000A
2024-06-18 05:02:52.00,1.389V,0.132A,1.388V,0.000A,1.368V,0.000A,1.381V,0.000A,1.378V,0.000A,1.372V,0.010A,1.397V,0.308A,1.388V,0.000A
2024-06-18 05:02:53.00,1.403V,0.001A,1.401V,0.078A,1.406V,0.000A,1.401V,0.000A,1.388V,0.000A,1.416V,0.360A,1.380V,0.000A,1.401V,0.000A
2024-06-18 05:02:54.00,1.417V,0.000A,1.451V,0.101A,1.434V,0.000A,1.418V,0.000A,1.415V,0.000A,1.395V,0.145A,1.402V,0.004A,1.410V,0.000A
2024-06-18 05:02:55.00,1.410V,0.163A,1.411V,0.005A,1.383V,0.000A,1.401V,0.000A,1.391V,0.000A,1.382V,0.014A,1.413V,0.275A,1.393V,0.000A
2024-06-18 05:02:56.00,1.435V,0.165A,1.397V,0.014A,1.415V,0.000A,1.421V,0.000A,1.405V,0.000A,1.416V,0.001A,1.414V,0.217A,1.416V,0.000A
2024-06-18 05:02:57.00,1.401V,0.011A,1.400V,0.147A,1.400V,0.000A,1.394V,0.000A,1.419V,0.000A,1.420V,0.212A,1.401V,0.000A,1.397V,0.000A
2024-06-18 05:02:58.00,1.417V,0.024A,1.405V,0.068A,1.409V,0.000A,1.405V,0.000A,1.380V,0.000A,1.408V,0.296A,1.400V,0.000A,1.403V,0.000A
2024-06-18 05:02:59.00,1.434V,0.112A,1.443V,0.001A,1.418V,0.000A,1.427V,0.000A,1.434V,0.000A,1.409V,0.014A,1.444V,0.037A,1.437V,0.000A
2024-06-18 05:03:00.00,1.421V,0.008A,1.421V,0.148A,1.417V,0.000A,1.412V,0.000A,1.405V,0.000A,1.406V,0.182A,1.409V,0.001A,1.407V,0.000A
2024-06-18 05:03:01.00,1.426V,0.000A,1.396V,0.174A,1.409V,0.000A,1.394V,0.000A,1.393V,0.000A,1.459V,0.145A,1.361V,0.000A,1.413V,0.000A
2024-06-18 05:03:02.00,1.416V,0.004A,1.423V,0.082A,1.426V,0.002A,1.426V,0.000A,1.422V,0.000A,1.426V,0.072A,1.419V,0.017A,1.438V,0.000A
2024-06-18 05:03:03.00,1.444V,0.000A,1.430V,0.028A,1.414V,0.000A,1.426V,0.000A,1.404V,0.000A,1.465V,0.120A,1.431V,0.023A,1.434V,0.000A
2024-06-18 05:03:04.00,1.437V,0.002A,1.432V,0.053A,1.408V,0.000A,1.414V,0.000A,1.407V,0.000A,1.421V,0.047A,1.430V,0.017A,1.419V,0.000A
2024-06-18 05:03:05.00,1.435V,0.000A,1.435V,0.072A,1.420V,0.000A,1.400V,0.000A,1.414V,0.000A,1.434V,0.192A,1.436V,0.036A,1.415V,0.000A
2024-06-18 05:03:06.00,1.440V,0.224A,1.419V,0.003A,1.397V,0.000A,1.409V,0.000A,1.413V,0.000A,1.413V,0.020A,1.450V,0.109A,1.431V,0.000A
2024-06-18 05:03:07.00,1.378V,0.246A,1.393V,0.003A,1.409V,0.000A,1.390V,0.000A,1.375V,0.000A,1.388V,0.010A,1.402V,0.159A,1.398V,0.000A
2024-06-18 05:03:08.00,1.430V,0.236A,1.442V,0.008A,1.438V,0.000A,1.443V,0.000A,1.413V,0.000A,1.409V,0.000A,1.426V,0.108A,1.459V,0.000A
2024-06-18 05:03:09.00,1.473V,0.000A,1.455V,0.004A,1.490V,0.067A,1.451V,0.000A,1.453V,0.000A,1.475V,0.013A,1.474V,0.000A,1.463V,0.000A
2024-06-18 05:03:10.00,1.498V,0.000A,1.508V,0.022A,1.494V,0.000A,1.506V,0.000A,1.510V,0.000A,1.502V,0.007A,1.511V,0.002A,1.499V,0.000A
2024-06-18 05:03:11.00,1.496V,0.003A,1.506V,0.005A,1.482V,0.000A,1.481V,0.000A,1.493V,0.000A,1.496V,0.020A,1.486V,0.000A,1.484V,0.000A
2024-06-18 05:03:12.00,1.462V,0.000A,1.447V,0.003A,1.425V,0.000A,1.492V,0.000A,1.444V,0.000A,1.425V,0.001A,1.444V,0.000A,1.447V,0.000A
2024-06-18 05:03:13.00,1.438V,0.000A,1.404V,0.000A,1.421V,0.003A,1.397V,0.028A,1.423V,0.186A,1.401V,0.004A,1.412V,0.000A,1.428V,0.016A
2024-06-18 05:03:14.00,1.397V,0.000A,1.376V,0.000A,1.481V,0.434A,1.481V,0.000A,1.397V,0.000A,1.372V,0.000A,1.402V,0.000A,1.391V,0.004A
2024-06-18 05:03:15.00,1.500V,0.000A,1.378V,0.125A,1.347V,0.000A,1.357V,0.000A,1.452V,0.000A,1.348V,0.190A,1.356V,0.005A,1.331V,0.000A
2024-06-18 05:03:16.00,1.371V,0.009A,1.397V,0.098A,1.354V,0.015A,1.369V,0.014A,1.368V,0.000A,1.378V,0.338A,1.384V,0.000A,1.357V,0.000A
2024-06-18 05:03:17.00,1.423V,0.151A,1.378V,0.000A,1.390V,0.028A,1.390V,0.000A,1.381V,0.000A,1.399V,0.000A,1.426V,0.296A,1.393V,0.000A
2024-06-18 05:03:18.00,1.416V,0.152A,1.413V,0.007A,1.448V,0.000A,1.516V,0.000A,1.406V,0.000A,1.387V,0.008A,1.404V,0.281A,1.418V,0.000A
2024-06-18 05:03:19.00,1.440V,0.144A,1.410V,0.010A,1.414V,0.000A,1.408V,0.000A,1.407V,0.000A,1.390V,0.022A,1.401V,0.173A,1.409V,0.000A
2024-06-18 05:03:20.00,1.413V,0.074A,1.413V,0.034A,1.445V,0.000A,1.432V,0.000A,1.421V,0.000A,1.437V,0.013A,1.417V,0.040A,1.426V,0.000A
2024-06-18 05:03:21.00,1.364V,0.000A,1.366V,0.124A,1.378V,0.000A,1.359V,0.000A,1.365V,0.000A,1.419V,0.474A,1.376V,0.000A,1.382V,0.000A
2024-06-18 05:03:22.00,1.417V,0.115A,1.400V,0.000A,1.384V,0.078A,1.369V,0.000A,1.384V,0.000A,1.398V,0.004A,1.420V,0.155A,1.386V,0.000A
2024-06-18 05:03:23.00,1.399V,0.023A,1.418V,0.074A,1.410V,0.004A,1.347V,0.000A,1.407V,0.000A,1.435V,0.060A,1.415V,0.033A,1.417V,0.000A
2024-06-18 05:03:24.00,1.414V,0.082A,1.400V,0.019A,1.399V,0.000A,1.401V,0.000A,1.391V,0.000A,1.392V,0.012A,1.391V,0.206A,1.388V,0.000A
2024-06-18 05:03:25.00,1.430V,0.011A,1.420V,0.059A,1.413V,0.004A,1.412V,0.000A,1.431V,0.000A,1.416V,0.058A,1.426V,0.063A,1.418V,0.000A
2024-06-18 05:03:26.00,1.438V,0.171A,1.373V,0.008A,1.396V,0.000A,1.405V,0.000A,1.414V,0.000A,1.417V,0.095A,1.408V,0.036A,1.406V,0.000A
2024-06-18 05:03:27.00,1.381V,0.198A,1.367V,0.032A,1.410V,0.011A,1.392V,0.000A,1.382V,0.000A,1.399V,0.027A,1.381V,0.189A,1.393V,0.000A
2024-06-18 05:03:28.00,1.372V,0.000A,1.358V,0.306A,1.371V,0.001A,1.375V,0.000A,1.391V,0.000A,1.388V,0.242A,1.380V,0.000A,1.384V,0.000A
2024-06-18 05:03:29.00,1.409V,0.118A,1.400V,0.000A,1.391V,0.000A,1.398V,0.000A,1.403V,0.000A,1.405V,0.012A,1.440V,0.273A,1.414V,0.000A
2024-06-18 05:03:30.00,1.414V,0.000A,1.413V,0.173A,1.376V,0.000A,1.360V,0.000A,1.403V,0.000A,1.350V,0.290A,1.376V,0.000A,1.377V,0.000A
2024-06-18 05:03:31.00,1.368V,0.210A,1.366V,0.000A,1.369V,0.087A,1.376V,0.000A,1.374V,0.000A,1.394V,0.058A,1.357V,0.032A,1.362V,0.000A
2024-06-18 05:03:32.00,1.423V,0.026A,1.413V,0.096A,1.388V,0.002A,1.389V,0.000A,1.410V,0.000A,1.448V,0.091A,1.454V,0.062A,1.412V,0.000A
2024-06-18 05:03:33.00,1.359V,0.145A,1.368V,0.004A,1.376V,0.000A,1.372V,0.000A,1.355V,0.000A,1.382V,0.005A,1.414V,0.364A,1.371V,0.000A
2024-06-18 05:03:34.00,1.449V,0.017A,1.413V,0.024A,1.415V,0.000A,1.413V,0.000A,1.431V,0.000A,1.416V,0.058A,1.423V,0.067A,1.428V,0.000A
2024-06-18 05:03:35.00,1.344V,0.000A,1.337V,0.108A,1.336V,0.004A,1.325V,0.000A,1.322V,0.000A,1.405V,0.516A,1.340V,0.000A,1.334V,0.000A
2024-06-18 05:03:36.00,1.360V,0.169A,1.412V,0.044A,1.393V,0.008A,1.397V,0.000A,1.407V,0.000A,1.363V,0.035A,1.381V,0.086A,1.385V,0.000A
2024-06-18 05:03:37.00,1.380V,0.182A,1.359V,0.002A,1.378V,0.000A,1.373V,0.000A,1.370V,0.000A,1.359V,0.000A,1.430V,0.200A,1.364V,0.000A
2024-06-18 05:03:38.00,1.384V,0.000A,1.396V,0.186A,1.384V,0.000A,1.392V,0.000A,1.380V,0.000A,1.405V,0.284A,1.380V,0.000A,1.384V,0.000A
2024-06-18 05:03:39.00,1.348V,0.000A,1.342V,0.161A,1.336V,0.001A,1.328V,0.001A,1.336V,0.000A,1.312V,0.583A,1.328V,0.003A,1.336V,0.000A
2024-06-18 05:03:40.00,1.420V,0.202A,1.370V,0.023A,1.372V,0.030A,1.385V,0.000A,1.385V,0.000A,1.384V,0.002A,1.401V,0.154A,1.376V,0.000A
2024-06-18 05:03:41.00,1.379V,0.000A,1.393V,0.213A,1.379V,0.000A,1.406V,0.000A,1.359V,0.000A,1.394V,0.286A,1.370V,0.000A,1.378V,0.000A
2024-06-18 05:03:42.00,1.428V,0.132A,1.393V,0.000A,1.394V,0.000A,1.368V,0.000A,1.365V,0.000A,1.376V,0.000A,1.372V,0.346A,1.395V,0.000A
2024-06-18 05:03:43.00,1.427V,0.000A,1.413V,0.081A,1.404V,0.000A,1.417V,0.000A,1.408V,0.000A,1.448V,0.176A,1.417V,0.011A,1.409V,0.000A
2024-06-18 05:03:44.00,1.322V,0.000A,1.343V,0.104A,1.320V,0.000A,1.307V,0.006A,1.304V,0.000A,1.295V,0.612A,1.323V,0.000A,1.322V,0.000A
2024-06-18 05:03:45.00,1.400V,0.216A,1.394V,0.006A,1.388V,0.004A,1.374V,0.000A,1.385V,0.000A,1.380V,0.004A,1.424V,0.142A,1.391V,0.005A
2024-06-18 05:03:46.00,1.379V,0.000A,1.399V,0.328A,1.364V,0.000A,1.348V,0.000A,1.360V,0.000A,1.400V,0.210A,1.370V,0.000A,1.355V,0.000A
2024-06-18 05:03:47.00,1.394V,0.089A,1.400V,0.016A,1.387V,0.000A,1.393V,0.005A,1.394V,0.000A,1.402V,0.010A,1.401V,0.149A,1.404V,0.000A
2024-06-18 05:03:48.00,1.363V,0.000A,1.366V,0.307A,1.360V,0.000A,1.347V,0.000A,1.374V,0.000A,1.390V,0.401A,1.359V,0.000A,1.358V,0.000A
2024-06-18 05:03:49.00,1.338V,0.000A,1.327V,0.207A,1.352V,0.004A,1.344V,0.000A,1.351V,0.000A,1.398V,0.518A,1.343V,0.003A,1.344V,0.000A
2024-06-18 05:03:50.00,1.370V,0.301A,1.342V,0.002A,1.371V,0.020A,1.351V,0.000A,1.356V,0.000A,1.378V,0.000A,1.360V,0.134A,1.347V,0.004A
2024-06-18 05:03:51.00,1.361V,0.000A,1.351V,0.281A,1.371V,0.000A,1.511V,0.000A,1.386V,0.000A,1.385V,0.404A,1.370V,0.000A,1.366V,0.000A
2024-06-18 05:03:52.00,1.417V,0.000A,1.418V,0.090A,1.404V,0.000A,1.397V,0.000A,1.420V,0.000A,1.420V,0.125A,1.423V,0.000A,1.405V,0.000A
2024-06-18 05:03:53.00,1.415V,0.007A,1.417V,0.050A,1.398V,0.000A,1.411V,0.000A,1.408V,0.000A,1.419V,0.048A,1.376V,0.079A,1.407V,0.000A
2024-06-18 05:03:54.00,1.328V,0.287A,1.330V,0.000A,1.387V,0.000A,1.471V,0.000A,1.289V,0.000A,1.236V,0.000A,1.215V,0.508A,1.355V,0.000A
2024-06-18 05:03:55.00,1.471V,0.003A,1.446V,0.002A,1.460V,0.000A,1.454V,0.000A,1.450V,0.000A,1.469V,0.006A,1.432V,0.000A,1.463V,0.000A
2024-06-18 05:03:56.00,1.436V,0.000A,1.397V,0.102A,1.423V,0.000A,1.397V,0.000A,1.404V,0.000A,1.406V,0.036A,1.423V,0.005A,1.408V,0.000A
2024-06-18 05:03:57.00,1.446V,0.012A,1.463V,0.000A,1.470V,0.000A,1.438V,0.000A,1.470V,0.000A,1.451V,0.058A,1.483V,0.000A,1.454V,0.000A
2024-06-18 05:03:58.00,1.429V,0.000A,1.430V,0.001A,1.417V,0.109A,1.423V,0.066A,1.430V,0.029A,1.432V,0.006A,1.426V,0.000A,1.439V,0.001A
2024-06-18 05:03:59.00,1.500V,0.000A,1.500V,0.006A,1.512V,0.007A,1.476V,0.000A,1.480V,0.000A,1.482V,0.002A,1.480V,0.000A,1.497V,0.000A
2024-06-18 05:04:00.00,1.477V,0.000A,1.512V,0.008A,1.510V,0.009A,1.478V,0.000A,1.504V,0.000A,1.481V,0.003A,1.499V,0.000A,1.495V,0.000A
2024-06-18 05:04:01.00,1.418V,0.000A,1.431V,0.000A,1.431V,0.201A,1.415V,0.018A,1.417V,0.000A,1.422V,0.000A,1.405V,0.000A,1.408V,0.024A
2024-06-18 05:04:02.00,1.534V,0.000A,1.521V,0.003A,1.517V,0.000A,1.502V,0.000A,1.521V,0.000A,1.521V,0.005A,1.518V,0.000A,1.518V,0.000A
2024-06-18 05:04:03.00,1.492V,0.000A,1.479V,0.000A,1.463V,0.006A,1.478V,0.008A,1.492V,0.000A,1.477V,0.004A,1.492V,0.000A,1.479V,0.045A
2024-06-18 05:04:04.00,1.512V,0.000A,1.505V,0.004A,1.492V,0.001A,1.480V,0.011A,1.488V,0.000A,1.503V,0.002A,1.494V,0.000A,1.506V,0.000A
2024-06-18 05:04:05.00,1.463V,0.000A,1.453V,0.008A,1.458V,0.000A,1.471V,0.016A,1.478V,0.007A,1.442V,0.008A,1.473V,0.000A,1.449V,0.014A
2024-06-18 05:04:06.00,1.444V,0.000A,1.469V,0.004A,1.448V,0.016A,1.459V,0.021A,1.458V,0.016A,1.451V,0.004A,1.471V,0.000A,1.460V,0.000A
2024-06-18 05:04:07.00,1.376V,0.000A,1.463V,0.000A,1.478V,0.317A,1.485V,0.008A,1.361V,0.005A,1.362V,0.005A,1.354V,0.000A,1.390V,0.006A
2024-06-18 05:04:08.00,1.514V,0.000A,1.510V,0.003A,1.505V,0.000A,1.495V,0.000A,1.509V,0.000A,1.491V,0.000A,1.498V,0.000A,1.496V,0.000A
2024-06-18 05:04:09.00,1.500V,0.000A,1.513V,0.004A,1.502V,0.000A,1.509V,0.000A,1.501V,0.000A,1.502V,0.001A,1.502V,0.000A,1.502V,0.000A
2024-06-18 05:04:10.00,1.426V,0.008A,1.446V,0.082A,1.411V,0.000A,1.426V,0.000A,1.407V,0.000A,1.423V,0.117A,1.421V,0.037A,1.422V,0.000A
2024-06-18 05:04:11.00,1.496V,0.000A,1.506V,0.000A,1.509V,0.000A,1.420V,0.000A,1.499V,0.000A,1.498V,0.005A,1.497V,0.000A,1.501V,0.000A
2024-06-18 05:04:12.00,1.446V,0.008A,1.458V,0.016A,1.460V,0.000A,1.466V,0.000A,1.457V,0.000A,1.438V,0.087A,1.451V,0.022A,1.463V,0.000A
2024-06-18 05:04:13.00,1.497V,0.000A,1.501V,0.004A,1.482V,0.000A,1.491V,0.000A,1.492V,0.000A,1.488V,0.011A,1.509V,0.004A,1.479V,0.000A
2024-06-18 05:04:14.00,1.507V,0.000A,1.503V,0.003A,1.493V,0.000A,1.496V,0.000A,1.505V,0.000A,1.504V,0.005A,1.509V,0.000A,1.496V,0.000A
2024-06-18 05:04:15.00,1.492V,0.000A,1.500V,0.002A,1.503V,0.000A,1.505V,0.000A,1.494V,0.000A,1.488V,0.003A,1.501V,0.000A,1.498V,0.000A
2024-06-18 05:04:16.00,1.442V,0.000A,1.460V,0.001A,1.435V,0.020A,1.426V,0.004A,1.435V,0.087A,1.438V,0.004A,1.443V,0.000A,1.451V,0.035A
2024-06-18 05:04:17.00,1.439V,0.000A,1.436V,0.005A,1.438V,0.033A,1.446V,0.029A,1.421V,0.047A,1.435V,0.000A,1.441V,0.000A,1.436V,0.020A
2024-06-18 05:04:18.00,1.443V,0.000A,1.439V,0.000A,1.447V,0.000A,1.471V,0.087A,1.446V,0.060A,1.438V,0.005A,1.435V,0.000A,1.447V,0.006A
2024-06-18 05:04:19.00,1.513V,0.000A,1.519V,0.000A,1.519V,0.000A,1.517V,0.000A,1.515V,0.000A,1.516V,0.004A,1.516V,0.000A,1.506V,0.000A
2024-06-18 05:04:20.00,1.521V,0.000A,1.515V,0.000A,1.514V,0.000A,1.520V,0.001A,1.506V,0.000A,1.509V,0.000A,1.511V,0.000A,1.518V,0.000A
2024-06-18 05:04:21.00,1.522V,0.000A,1.504V,0.000A,1.519V,0.000A,1.499V,0.011A,1.515V,0.000A,1.487V,0.000A,1.498V,0.000A,1.506V,0.000A
2024-06-18 05:04:22.00,1.421V,0.000A,1.425V,0.000A,1.426V,0.045A,1.406V,0.033A,1.441V,0.045A,1.420V,0.007A,1.420V,0.000A,1.431V,0.007A
2024-06-18 05:04:23.00,1.420V,0.000A,1.451V,0.000A,1.463V,0.065A,1.449V,0.062A,1.459V,0.051A,1.440V,0.000A,1.440V,0.000A,1.438V,0.003A
2024-06-18 05:04:24.00,1.457V,0.000A,1.465V,0.004A,1.442V,0.034A,1.462V,0.055A,1.470V,0.033A,1.460V,0.002A,1.451V,0.000A,1.455V,0.003A
2024-06-18 05:04:25.00,1.454V,0.000A,1.458V,0.008A,1.446V,0.017A,1.469V,0.029A,1.459V,0.031A,1.463V,0.003A,1.462V,0.000A,1.465V,0.000A
2024-06-18 05:04:26.00,1.466V,0.000A,1.473V,0.003A,1.465V,0.015A,1.484V,0.051A,1.446V,0.040A,1.454V,0.004A,1.465V,0.000A,1.449V,0.000A
2024-06-18 05:04:27.00,1.501V,0.000A,1.522V,0.000A,1.526V,0.000A,1.517V,0.000A,1.513V,0.000A,1.510V,0.003A,1.520V,0.000A,1.514V,0.000A
2024-06-18 05:04:28.00,1.510V,0.000A,1.527V,0.000A,1.525V,0.000A,1.522V,0.000A,1.509V,0.000A,1.515V,0.000A,1.526V,0.000A,1.518V,0.000A
2024-06-18 05:04:29.00,1.531V,0.000A,1.516V,0.001A,1.512V,0.000A,1.521V,0.000A,1.524V,0.000A,1.494V,0.001A,1.501V,0.000A,1.501V,0.000A
2024-06-18 05:04:30.00,1.520V,0.000A,1.508V,0.001A,1.495V,0.003A,1.484V,0.000A,1.531V,0.000A,1.520V,0.003A,1.521V,0.000A,1.517V,0.000A
2024-06-18 05:04:31.00,1.499V,0.000A,1.519V,0.005A,1.508V,0.000A,1.520V,0.000A,1.504V,0.000A,1.498V,0.005A,1.512V,0.000A,1.513V,0.000A
2024-06-18 05:04:32.00,1.503V,0.000A,1.520V,0.000A,1.509V,0.000A,1.517V,0.000A,1.511V,0.000A,1.521V,0.005A,1.522V,0.000A,1.517V,0.000A
2024-06-18 05:04:33.00,1.517V,0.000A,1.521V,0.000A,1.517V,0.000A,1.519V,0.000A,1.512V,0.000A,1.500V,0.003A,1.515V,0.000A,1.518V,0.000A
2024-06-18 05:04:34.00,1.523V,0.000A,1.505V,0.007A,1.502V,0.000A,1.501V,0.000A,1.527V,0.000A,1.526V,0.006A,1.506V,0.000A,1.500V,0.000A
2024-06-18 05:04:35.00,1.497V,0.000A,1.521V,0.000A,1.534V,0.000A,1.519V,0.000A,1.509V,0.000A,1.520V,0.002A,1.519V,0.000A,1.512V,0.000A
2024-06-18 05:04:36.00,1.479V,0.000A,1.524V,0.000A,1.487V,0.000A,1.479V,0.000A,1.500V,0.000A,1.495V,0.000A,1.481V,0.000A,1.474V,0.012A
2024-06-18 05:04:37.00,1.535V,0.000A,1.523V,0.004A,1.521V,0.000A,1.525V,0.000A,1.538V,0.000A,1.511V,0.005A,1.504V,0.000A,1.509V,0.000A
2024-06-18 05:04:38.00,1.525V,0.000A,1.521V,0.000A,1.528V,0.000A,1.525V,0.000A,1.507V,0.000A,1.502V,0.000A,1.520V,0.000A,1.518V,0.000A
2024-06-18 05:04:39.00,1.537V,0.000A,1.513V,0.000A,1.530V,0.000A,1.526V,0.000A,1.508V,0.000A,1.493V,0.005A,1.510V,0.000A,1.505V,0.000A
2024-06-18 05:04:40.00,1.521V,0.000A,1.505V,0.008A,1.511V,0.000A,1.513V,0.000A,1.515V,0.000A,1.521V,0.002A,1.520V,0.000A,1.500V,0.000A
2024-06-18 05:04:41.00,1.521V,0.000A,1.525V,0.000A,1.512V,0.000A,1.522V,0.000A,1.530V,0.000A,1.503V,0.005A,1.500V,0.000A,1.510V,0.000A
2024-06-18 05:04:42.00,1.515V,0.000A,1.524V,0.000A,1.529V,0.000A,1.526V,0.000A,1.500V,0.000A,1.501V,0.004A,1.524V,0.000A,1.518V,0.000A
2024-06-18 05:04:43.00,1.512V,0.000A,1.533V,0.003A,1.533V,0.000A,1.506V,0.000A,1.504V,0.000A,1.518V,0.000A,1.521V,0.000A,1.525V,0.000A
2024-06-18 05:04:44.00,1.521V,0.000A,1.521V,0.000A,1.500V,0.000A,1.505V,0.000A,1.523V,0.000A,1.517V,0.000A,1.533V,0.000A,1.529V,0.000A
2024-06-18 05:04:45.00,1.537V,0.000A,1.527V,0.000A,1.529V,0.000A,1.536V,0.000A,1.536V,0.000A,1.522V,0.003A,1.505V,0.000A,1.514V,0.000A
2024-06-18 05:04:46.00,1.507V,0.000A,1.529V,0.002A,1.514V,0.000A,1.506V,0.000A,1.518V,0.000A,1.521V,0.000A,1.525V,0.000A,1.529V,0.000A
2024-06-18 05:04:47.00,1.521V,0.000A,1.509V,0.004A,1.522V,0.000A,1.528V,0.000A,1.525V,0.000A,1.532V,0.000A,1.534V,0.000A,1.507V,0.000A
2024-06-18 05:04:48.00,1.521V,0.000A,1.536V,0.001A,1.529V,0.000A,1.517V,0.000A,1.510V,0.000A,1.504V,0.005A,1.526V,0.000A,1.528V,0.000A
2024-06-18 05:04:49.00,1.534V,0.000A,1.538V,0.003A,1.529V,0.000A,1.507V,0.000A,1.510V,0.000A,1.502V,0.006A,1.523V,0.000A,1.526V,0.000A
2024-06-18 05:04:50.00,1.540V,0.000A,1.529V,0.000A,1.530V,0.000A,1.505V,0.000A,1.524V,0.000A,1.500V,0.004A,1.514V,0.000A,1.523V,0.000A
2024-06-18 05:04:51.00,1.513V,0.000A,1.512V,0.003A,1.514V,0.000A,1.529V,0.000A,1.525V,0.000A,1.528V,0.000A,1.538V,0.000A,1.513V,0.000A
2024-06-18 05:04:52.00,1.517V,0.000A,1.519V,0.006A,1.500V,0.000A,1.497V,0.000A,1.511V,0.000A,1.518V,0.000A,1.534V,0.000A,1.530V,0.000A
2024-06-18 05:04:53.00,1.538V,0.000A,1.535V,0.005A,1.519V,0.000A,1.503V,0.000A,1.515V,0.000A,1.504V,0.004A,1.525V,0.000A,1.528V,0.000A
2024-06-18 05:04:54.00,1.529V,0.000A,1.524V,0.000A,1.538V,0.000A,1.521V,0.000A,1.539V,0.000A,1.521V,0.002A,1.501V,0.000A,1.517V,0.000A
2024-06-18 05:04:55.00,1.528V,0.000A,1.521V,0.001A,1.497V,0.000A,1.507V,0.000A,1.524V,0.000A,1.500V,0.004A,1.508V,0.000A,1.528V,0.000A
2024-06-18 05:04:56.00,1.502V,0.000A,1.492V,0.005A,1.494V,0.000A,1.511V,0.000A,1.512V,0.000A,1.514V,0.000A,1.525V,0.000A,1.513V,0.000A
2024-06-18 05:04:57.00,1.533V,0.000A,1.512V,0.000A,1.494V,0.000A,1.507V,0.000A,1.513V,0.000A,1.492V,0.000A,1.517V,0.000A,1.532V,0.000A
2024-06-18 05:04:58.00,1.518V,0.000A,1.508V,0.000A,1.511V,0.000A,1.516V,0.000A,1.524V,0.000A,1.523V,0.004A,1.507V,0.000A,1.492V,0.000A
2024-06-18 05:04:59.00,1.517V,0.000A,1.509V,0.006A,1.500V,0.000A,1.513V,0.000A,1.523V,0.000A,1.526V,0.000A,1.540V,0.000A,1.527V,0.000A
2024-06-18 05:05:00.00,1.538V,0.000A,1.531V,0.000A,1.529V,0.000A,1.512V,0.000A,1.511V,0.000A,1.499V,0.000A,1.522V,0.000A,1.524V,0.000A
2024-06-18 05:05:01.00,1.504V,0.000A,1.504V,0.003A,1.521V,0.000A,1.528V,0.000A,1.518V,0.000A,1.524V,0.000A,1.538V,0.000A,1.515V,0.000A
2024-06-18 05:05:02.00,1.533V,0.000A,1.529V,0.000A,1.540V,0.000A,1.522V,0.000A,1.544V,0.000A,1.523V,0.003A,1.500V,0.000A,1.520V,0.000A
2024-06-18 05:05:03.00,1.526V,0.000A,1.527V,0.000A,1.536V,0.000A,1.540V,0.000A,1.541V,0.000A,1.537V,0.005A,1.516V,0.000A,1.509V,0.000A
2024-06-18 05:05:04.00,1.509V,0.000A,1.539V,0.003A,1.529V,0.000A,1.512V,0.000A,1.504V,0.000A,1.507V,0.003A,1.529V,0.000A,1.531V,0.000A
2024-06-18 05:05:05.00,1.533V,0.000A,1.528V,0.000A,1.528V,0.000A,1.538V,0.000A,1.531V,0.000A,1.515V,0.006A,1.509V,0.000A,1.519V,0.000A
2024-06-18 05:05:06.00,1.524V,0.000A,1.503V,0.008A,1.525V,0.000A,1.529V,0.000A,1.527V,0.000A,1.531V,0.000A,1.539V,0.000A,1.509V,0.000A
2024-06-18 05:05:07.00,1.529V,0.000A,1.538V,0.002A,1.519V,0.000A,1.509V,0.000A,1.517V,0.000A,1.501V,0.002A,1.521V,0.000A,1.535V,0.000A
2024-06-18 05:05:08.00,1.504V,0.000A,1.513V,0.004A,1.508V,0.000A,1.521V,0.000A,1.512V,0.000A,1.521V,0.000A,1.532V,0.000A,1.529V,0.000A
2024-06-18 05:05:09.00,1.538V,0.000A,1.504V,0.003A,1.515V,0.000A,1.541V,0.000A,1.509V,0.000A,1.511V,0.000A,1.535V,0.000A,1.525V,0.000A
2024-06-18 05:05:10.00,1.506V,0.000A,1.519V,0.000A,1.529V,0.000A,1.534V,0.000A,1.514V,0.000A,1.538V,0.000A,1.529V,0.000A,1.504V,0.000A
2024-06-18 05:05:11.00,1.526V,0.000A,1.500V,0.002A,1.520V,0.000A,1.532V,0.000A,1.496V,0.000A,1.523V,0.000A,1.534V,0.000A,1.521V,0.000A
2024-06-18 05:05:12.00,1.529V,0.000A,1.538V,0.005A,1.511V,0.000A,1.510V,0.000A,1.537V,0.000A,1.508V,0.008A,1.517V,0.000A,1.533V,0.000A
2024-06-18 05:05:13.00,1.521V,0.000A,1.525V,0.006A,1.496V,0.000A,1.517V,0.000A,1.546V,0.000A,1.521V,0.003A,1.504V,0.000A,1.538V,0.000A
2024-06-18 05:05:14.00,1.519V,0.000A,1.517V,0.002A,1.500V,0.000A,1.499V,0.000A,1.526V,0.000A,1.498V,0.012A,1.503V,0.000A,1.516V,0.000A
2024-06-18 05:05:15.00,1.543V,0.000A,1.490V,0.008A,1.489V,0.000A,1.523V,0.000A,1.512V,0.000A,1.502V,0.000A,1.535V,0.000A,1.526V,0.000A
2024-06-18 05:05:16.00,1.514V,0.000A,1.530V,0.000A,1.538V,0.000A,1.513V,0.000A,1.531V,0.000A,1.526V,0.001A,1.504V,0.000A,1.516V,0.000A
2024-06-18 05:05:17.00,1.527V,0.000A,1.506V,0.000A,1.529V,0.000A,1.535V,0.000A,1.509V,0.000A,1.522V,0.000A,1.542V,0.000A,1.511V,0.000A
2024-06-18 05:05:18.00,1.509V,0.000A,1.537V,0.001A,1.520V,0.000A,1.503V,0.000A,1.533V,0.000A,1.529V,0.003A,1.505V,0.000A,1.519V,0.000A
2024-06-18 05:05:19.00,1.523V,0.000A,1.517V,0.004A,1.507V,0.000A,1.545V,0.000A,1.536V,0.000A,1.517V,0.008A,1.512V,0.000A,1.542V,0.000A
2024-06-18 05:05:20.00,1.505V,0.000A,1.537V,0.002A,1.517V,0.000A,1.506V,0.000A,1.522V,0.000A,1.532V,0.005A,1.504V,0.000A,1.522V,0.000A
2024-06-18 05:05:21.00,1.521V,0.000A,1.527V,0.000A,1.550V,0.000A,1.515V,0.000A,1.507V,0.000A,1.523V,0.000A,1.524V,0.000A,1.506V,0.000A
2024-06-18 05:05:22.00,1.547V,0.000A,1.517V,0.005A,1.506V,0.000A,1.549V,0.000A,1.529V,0.000A,1.507V,0.000A,1.524V,0.000A,1.531V,0.000A
2024-06-18 05:05:23.00,1.544V,0.000A,1.504V,0.007A,1.505V,0.000A,1.532V,0.000A,1.516V,0.000A,1.501V,0.001A,1.533V,0.000A,1.533V,0.000A
2024-06-18 05:05:24.00,1.528V,0.000A,1.514V,0.000A,1.543V,0.000A,1.520V,0.000A,1.512V,0.000A,1.521V,0.000A,1.526V,0.000A,1.514V,0.000A
2024-06-18 05:05:25.00,1.544V,0.000A,1.504V,0.000A,1.536V,0.000A,1.509V,0.000A,1.513V,0.000A,1.505V,0.000A,1.546V,0.000A,1.514V,0.000A
2024-06-18 05:05:26.00,1.515V,0.000A,1.510V,0.004A,1.507V,0.000A,1.542V,0.000A,1.543V,0.000A,1.508V,0.002A,1.513V,0.000A,1.533V,0.000A
2024-06-18 05:05:27.00,1.505V,0.000A,1.527V,0.005A,1.507V,0.000A,1.527V,0.000A,1.536V,0.000A,1.521V,0.007A,1.508V,0.000A,1.543V,0.000A
2024-06-18 05:05:28.00,1.530V,0.000A,1.519V,0.007A,1.509V,0.000A,1.550V,0.000A,1.542V,0.000A,1.509V,0.006A,1.511V,0.000A,1.537V,0.000A
2024-06-18 05:05:29.00,1.506V,0.000A,1.542V,0.000A,1.522V,0.000A,1.497V,0.000A,1.528V,0.000A,1.532V,0.006A,1.511V,0.000A,1.513V,0.000A
2024-06-18 05:05:30.00,1.504V,0.000A,1.529V,0.004A,1.509V,0.000A,1.432V,0.000A,1.547V,0.000A,1.521V,0.007A,1.500V,0.000A,1.543V,0.000A
2024-06-18 05:05:31.00,1.438V,0.012A,1.419V,0.187A,1.448V,0.000A,1.426V,0.000A,1.414V,0.000A,1.457V,0.039A,1.458V,0.000A,1.423V,0.000A
2024-06-18 05:05:32.00,1.350V,0.017A,1.351V,0.049A,1.371V,0.116A,1.437V,0.041A,1.386V,0.076A,1.364V,0.086A,1.358V,0.012A,1.369V,0.037A
2024-06-18 05:05:33.00,1.539V,0.000A,1.506V,0.000A,1.529V,0.000A,1.529V,0.000A,1.524V,0.000A,1.502V,0.000A,1.538V,0.000A,1.525V,0.000A
2024-06-18 05:05:34.00,1.517V,0.000A,1.513V,0.000A,1.542V,0.000A,1.517V,0.000A,1.502V,0.000A,1.521V,0.000A,1.528V,0.000A,1.497V,0.000A
2024-06-18 05:05:35.00,1.525V,0.000A,1.518V,0.010A,1.515V,0.000A,1.545V,0.000A,1.521V,0.000A,1.513V,0.003A,1.536V,0.000A,1.533V,0.000A
2024-06-18 05:05:36.00,1.534V,0.000A,1.488V,0.001A,1.517V,0.004A,1.518V,0.006A,1.505V,0.000A,1.489V,0.000A,1.522V,0.000A,1.503V,0.000A
2024-06-18 05:05:37.00,1.489V,0.000A,1.532V,0.005A,1.508V,0.000A,1.500V,0.000A,1.529V,0.000A,1.525V,0.007A,1.499V,0.000A,1.511V,0.000A
2024-06-18 05:05:38.00,1.538V,0.000A,1.513V,0.005A,1.503V,0.000A,1.530V,0.000A,1.522V,0.000A,1.503V,0.004A,1.524V,0.000A,1.533V,0.000A
2024-06-18 05:05:39.00,1.470V,0.055A,1.383V,0.000A,1.450V,0.000A,1.431V,0.000A,1.434V,0.000A,1.430V,0.040A,1.475V,0.043A,1.443V,0.000A
2024-06-18 05:05:40.00,1.461V,0.000A,1.482V,0.102A,1.500V,0.000A,1.473V,0.000A,1.478V,0.000A,1.496V,0.004A,1.469V,0.000A,1.459V,0.000A
2024-06-18 05:05:41.00,1.421V,0.000A,1.477V,0.015A,1.504V,0.000A,1.517V,0.000A,1.463V,0.000A,1.447V,0.111A,1.451V,0.071A,1.430V,0.000A
2024-06-18 05:05:42.00,1.410V,0.020A,1.407V,0.116A,1.427V,0.000A,1.443V,0.000A,1.434V,0.000A,1.459V,0.043A,1.463V,0.019A,1.436V,0.000A
2024-06-18 05:05:43.00,1.368V,0.000A,1.373V,0.000A,1.352V,0.000A,1.369V,0.000A,1.334V,0.000A,1.421V,0.160A,1.466V,0.136A,1.468V,0.000A
2024-06-18 05:05:44.00,1.533V,0.000A,1.511V,0.001A,1.507V,0.000A,1.523V,0.000A,1.509V,0.000A,1.508V,0.000A,1.529V,0.000A,1.529V,0.000A
2024-06-18 05:05:45.00,1.438V,0.000A,1.428V,0.038A,1.439V,0.000A,1.459V,0.000A,1.451V,0.000A,1.445V,0.107A,1.434V,0.052A,1.440V,0.000A
2024-06-18 05:05:46.00,1.511V,0.000A,1.518V,0.008A,1.506V,0.000A,1.535V,0.000A,1.542V,0.000A,1.519V,0.009A,1.503V,0.000A,1.547V,0.000A
2024-06-18 05:05:47.00,1.504V,0.007A,1.510V,0.000A,1.526V,0.000A,1.523V,0.000A,1.508V,0.000A,1.533V,0.000A,1.513V,0.004A,1.502V,0.000A
2024-06-18 05:05:48.00,1.427V,0.008A,1.420V,0.114A,1.424V,0.000A,1.433V,0.001A,1.420V,0.000A,1.459V,0.041A,1.442V,0.047A,1.430V,0.000A
2024-06-18 05:05:49.00,1.506V,0.000A,1.533V,0.000A,1.527V,0.000A,1.500V,0.000A,1.530V,0.000A,1.519V,0.008A,1.502V,0.000A,1.510V,0.000A
2024-06-18 05:05:50.00,1.538V,0.000A,1.509V,0.004A,1.517V,0.000A,1.533V,0.000A,1.517V,0.000A,1.509V,0.000A,1.535V,0.000A,1.528V,0.000A
2024-06-18 05:05:51.00,1.503V,0.003A,1.466V,0.013A,1.462V,0.000A,1.531V,0.000A,1.489V,0.000A,1.454V,0.021A,1.503V,0.000A,1.496V,0.000A
2024-06-18 05:05:52.00,1.504V,0.000A,1.529V,0.003A,1.517V,0.000A,1.498V,0.000A,1.530V,0.000A,1.524V,0.004A,1.497V,0.000A,1.518V,0.000A
2024-06-18 05:05:53.00,1.525V,0.000A,1.476V,0.032A,1.499V,0.000A,1.519V,0.000A,1.489V,0.000A,1.491V,0.000A,1.527V,0.000A,1.510V,0.000A
2024-06-18 05:05:54.00,1.475V,0.002A,1.477V,0.000A,1.484V,0.000A,1.480V,0.000A,1.455V,0.000A,1.520V,0.009A,1.491V,0.012A,1.453V,0.000A
2024-06-18 05:05:55.00,1.511V,0.000A,1.500V,0.000A,1.530V,0.000A,1.519V,0.000A,1.496V,0.000A,1.513V,0.000A,1.527V,0.000A,1.497V,0.000A
2024-06-18 05:05:56.00,1.518V,0.000A,1.529V,0.000A,1.539V,0.000A,1.511V,0.000A,1.504V,0.000A,1.542V,0.000A,1.518V,0.000A,1.504V,0.000A
2024-06-18 05:05:57.00,1.508V,0.000A,1.509V,0.000A,1.525V,0.002A,1.493V,0.000A,1.492V,0.000A,1.528V,0.000A,1.507V,0.000A,1.498V,0.000A
2024-06-18 05:05:58.00,1.468V,0.000A,1.490V,0.008A,1.500V,0.000A,1.496V,0.000A,1.551V,0.001A,1.487V,0.000A,1.479V,0.000A,1.500V,0.000A
2024-06-18 05:05:59.00,1.494V,0.000A,1.500V,0.000A,1.480V,0.000A,1.517V,0.000A,1.513V,0.000A,1.501V,0.004A,1.484V,0.000A,1.514V,0.000A
2024-06-18 05:06:00.00,1.497V,0.000A,1.509V,0.003A,1.488V,0.000A,1.527V,0.000A,1.504V,0.000A,1.514V,0.001A,1.491V,0.000A,1.517V,0.000A
2024-06-18 05:06:01.00,1.496V,0.000A,1.496V,0.011A,1.491V,0.000A,1.536V,0.000A,1.533V,0.000A,1.508V,0.007A,1.486V,0.000A,1.533V,0.000A
2024-06-18 05:06:02.00,1.508V,0.000A,1.519V,0.004A,1.501V,0.000A,1.543V,0.000A,1.538V,0.000A,1.514V,0.004A,1.513V,0.000A,1.543V,0.000A
2024-06-18 05:06:03.00,1.547V,0.000A,1.509V,0.000A,1.533V,0.000A,1.528V,0.000A,1.525V,0.000A,1.504V,0.000A,1.536V,0.000A,1.521V,0.000A
2024-06-18 05:06:04.00,1.497V,0.000A,1.516V,0.003A,1.502V,0.000A,1.517V,0.000A,1.549V,0.000A,1.521V,0.005A,1.502V,0.000A,1.535V,0.000A
2024-06-18 05:06:05.00,1.535V,0.000A,1.498V,0.002A,1.510V,0.000A,1.540V,0.000A,1.504V,0.000A,1.504V,0.000A,1.532V,0.000A,1.521V,0.000A
2024-06-18 05:06:06.00,1.517V,0.000A,1.537V,0.012A,1.500V,0.000A,1.514V,0.000A,1.496V,0.000A,1.534V,0.000A,1.508V,0.000A,1.499V,0.000A
2024-06-18 05:06:07.00,1.527V,0.000A,1.503V,0.000A,1.521V,0.000A,1.507V,0.000A,1.500V,0.000A,1.492V,0.000A,1.522V,0.000A,1.494V,0.000A
2024-06-18 05:06:08.00,1.504V,0.000A,1.513V,0.000A,1.489V,0.000A,1.513V,0.000A,1.550V,0.000A,1.513V,0.006A,1.511V,0.000A,1.535V,0.000A
2024-06-18 05:06:09.00,1.530V,0.000A,1.492V,0.000A,1.542V,0.000A,1.521V,0.000A,1.509V,0.000A,1.489V,0.000A,1.540V,0.000A,1.503V,0.000A
2024-06-18 05:06:10.00,1.499V,0.000A,1.527V,0.006A,1.504V,0.000A,1.516V,0.000A,1.534V,0.000A,1.525V,0.002A,1.500V,0.000A,1.521V,0.000A
2024-06-18 05:06:11.00,1.530V,0.000A,1.529V,0.000A,1.514V,0.000A,1.491V,0.000A,1.507V,0.000A,1.503V,0.000A,1.521V,0.000A,1.492V,0.000A
2024-06-18 05:06:12.00,1.491V,0.000A,1.510V,0.000A,1.488V,0.000A,1.522V,0.000A,1.507V,0.000A,1.506V,0.001A,1.487V,0.000A,1.515V,0.000A
2024-06-18 05:06:13.00,1.514V,0.000A,1.522V,0.007A,1.500V,0.000A,1.546V,0.000A,1.505V,0.000A,1.529V,0.002A,1.504V,0.000A,1.542V,0.000A
2024-06-18 05:06:14.00,1.517V,0.000A,1.520V,0.003A,1.500V,0.000A,1.556V,0.000A,1.511V,0.000A,1.524V,0.004A,1.499V,0.000A,1.544V,0.000A
2024-06-18 05:06:15.00,1.521V,0.000A,1.500V,0.000A,1.516V,0.008A,1.470V,0.000A,1.483V,0.000A,1.470V,0.000A,1.513V,0.017A,1.473V,0.000A
2024-06-18 05:06:16.00,1.522V,0.000A,1.496V,0.000A,1.516V,0.000A,1.497V,0.000A,1.496V,0.000A,1.475V,0.000A,1.520V,0.002A,1.490V,0.000A
2024-06-18 05:06:17.00,1.513V,0.000A,1.515V,0.006A,1.500V,0.000A,1.542V,0.000A,1.541V,0.000A,1.505V,0.005A,1.498V,0.000A,1.546V,0.000A
2024-06-18 05:06:18.00,1.406V,0.031A,1.396V,0.066A,1.392V,0.011A,1.428V,0.001A,1.405V,0.000A,1.421V,0.109A,1.406V,0.018A,1.428V,0.000A
2024-06-18 05:06:19.00,1.413V,0.561A,1.420V,0.018A,1.418V,0.006A,1.387V,0.009A,1.305V,0.000A,1.274V,0.107A,1.291V,0.034A,1.402V,0.000A
2024-06-18 05:06:20.00,1.492V,0.000A,1.500V,0.000A,1.492V,0.000A,1.527V,0.000A,1.530V,0.000A,1.498V,0.006A,1.482V,0.000A,1.532V,0.000A
2024-06-18 05:06:21.00,1.538V,0.000A,1.510V,0.000A,1.525V,0.000A,1.509V,0.000A,1.517V,0.000A,1.500V,0.000A,1.530V,0.000A,1.500V,0.000A
2024-06-18 05:06:22.00,1.503V,0.000A,1.502V,0.007A,1.515V,0.000A,1.530V,0.000A,1.531V,0.000A,1.509V,0.011A,1.489V,0.000A,1.530V,0.000A
2024-06-18 05:06:23.00,1.508V,0.000A,1.498V,0.001A,1.493V,0.000A,1.540V,0.000A,1.535V,0.000A,1.512V,0.010A,1.486V,0.000A,1.545V,0.000A
2024-06-18 05:06:24.00,1.504V,0.000A,1.518V,0.002A,1.492V,0.000A,1.537V,0.000A,1.535V,0.000A,1.515V,0.008A,1.497V,0.000A,1.550V,0.000A
2024-06-18 05:06:25.00,1.538V,0.000A,1.550V,0.003A,1.509V,0.000A,1.538V,0.000A,1.510V,0.000A,1.525V,0.000A,1.519V,0.000A,1.489V,0.000A
2024-06-18 05:06:26.00,1.517V,0.000A,1.517V,0.004A,1.495V,0.000A,1.551V,0.000A,1.496V,0.000A,1.538V,0.006A,1.507V,0.000A,1.530V,0.000A
2024-06-18 05:06:27.00,1.521V,0.000A,1.519V,0.000A,1.521V,0.000A,1.496V,0.000A,1.521V,0.000A,1.496V,0.000A,1.546V,0.000A,1.517V,0.000A
2024-06-18 05:06:28.00,1.464V,0.000A,1.481V,0.067A,1.457V,0.002A,1.451V,0.000A,1.446V,0.000A,1.467V,0.000A,1.480V,0.063A,1.455V,0.000A
2024-06-18 05:06:29.00,1.519V,0.000A,1.525V,0.000A,1.508V,0.000A,1.408V,0.000A,1.508V,0.015A,1.483V,0.000A,1.536V,0.000A,1.513V,0.000A
2024-06-18 05:06:30.00,1.499V,0.000A,1.515V,0.000A,1.523V,0.000A,1.503V,0.000A,1.525V,0.000A,1.496V,0.000A,1.555V,0.000A,1.515V,0.000A
2024-06-18 05:06:31.00,1.504V,0.000A,1.513V,0.002A,1.498V,0.000A,1.538V,0.000A,1.486V,0.000A,1.536V,0.000A,1.500V,0.000A,1.493V,0.000A
2024-06-18 05:06:32.00,1.472V,0.000A,1.475V,0.008A,1.468V,0.010A,1.471V,0.000A,1.474V,0.000A,1.522V,0.005A,1.470V,0.000A,1.461V,0.045A
2024-06-18 05:06:33.00,1.433V,0.000A,1.424V,0.000A,1.442V,0.058A,1.459V,0.025A,1.467V,0.039A,1.413V,0.003A,1.426V,0.000A,1.455V,0.010A
2024-06-18 05:06:34.00,1.413V,0.000A,1.400V,0.000A,1.411V,0.235A,1.434V,0.033A,1.412V,0.004A,1.406V,0.001A,1.425V,0.000A,1.432V,0.067A
2024-06-18 05:06:35.00,1.546V,0.000A,1.535V,0.001A,1.512V,0.000A,1.525V,0.000A,1.506V,0.000A,1.538V,0.000A,1.517V,0.000A,1.504V,0.000A
2024-06-18 05:06:36.00,1.397V,0.044A,1.403V,0.003A,1.422V,0.046A,1.397V,0.030A,1.384V,0.000A,1.413V,0.030A,1.438V,0.060A,1.388V,0.000A
2024-06-18 05:06:37.00,1.516V,0.000A,1.497V,0.000A,1.504V,0.028A,1.477V,0.012A,1.482V,0.000A,1.486V,0.000A,1.499V,0.000A,1.475V,0.000A
2024-06-18 05:06:38.00,1.481V,0.000A,1.473V,0.055A,1.503V,0.021A,1.452V,0.000A,1.437V,0.000A,1.442V,0.006A,1.468V,0.000A,1.459V,0.000A
2024-06-18 05:06:39.00,1.467V,0.000A,1.504V,0.000A,1.508V,0.000A,1.484V,0.000A,1.486V,0.000A,1.507V,0.004A,1.496V,0.000A,1.492V,0.000A
2024-06-18 05:06:40.00,1.438V,0.031A,1.438V,0.051A,1.435V,0.000A,1.439V,0.000A,1.404V,0.000A,1.433V,0.110A,1.426V,0.013A,1.401V,0.000A
2024-06-18 05:06:41.00,1.401V,0.191A,1.363V,0.000A,1.378V,0.000A,1.364V,0.000A,1.385V,0.000A,1.415V,0.359A,1.363V,0.000A,1.359V,0.000A
2024-06-18 05:06:42.00,1.453V,0.012A,1.425V,0.126A,1.420V,0.000A,1.470V,0.000A,1.409V,0.000A,1.465V,0.024A,1.451V,0.041A,1.444V,0.000A
2024-06-18 05:06:43.00,1.431V,0.019A,1.470V,0.041A,1.422V,0.000A,1.426V,0.000A,1.446V,0.000A,1.438V,0.098A,1.413V,0.033A,1.445V,0.000A
2024-06-18 05:06:44.00,1.448V,0.024A,1.418V,0.042A,1.429V,0.000A,1.426V,0.000A,1.430V,0.000A,1.411V,0.062A,1.436V,0.029A,1.428V,0.000A
2024-06-18 05:06:45.00,1.444V,0.082A,1.411V,0.020A,1.399V,0.000A,1.416V,0.000A,1.426V,0.000A,1.426V,0.008A,1.391V,0.172A,1.434V,0.000A
2024-06-18 05:06:46.00,1.443V,0.074A,1.403V,0.062A,1.429V,0.000A,1.434V,0.000A,1.403V,0.000A,1.408V,0.018A,1.468V,0.086A,1.410V,0.000A
2024-06-18 05:06:47.00,1.286V,0.029A,1.261V,0.070A,1.271V,0.467A,1.251V,0.000A,1.259V,0.000A,1.280V,0.000A,1.289V,0.194A,1.237V,0.176A
2024-06-18 05:06:48.00,1.319V,0.017A,1.356V,0.516A,1.327V,0.085A,1.252V,0.000A,1.313V,0.000A,1.326V,0.103A,1.307V,0.000A,1.322V,0.063A
2024-06-18 05:06:49.00,1.368V,0.013A,1.341V,0.070A,1.337V,0.129A,1.370V,0.000A,1.343V,0.000A,1.373V,0.092A,1.331V,0.041A,1.322V,0.100A
2024-06-18 05:06:50.00,1.305V,0.000A,1.289V,0.036A,1.335V,0.248A,1.400V,0.000A,1.272V,0.000A,1.308V,0.344A,1.293V,0.038A,1.259V,0.241A
2024-06-18 05:06:51.00,1.385V,0.000A,1.383V,0.000A,1.387V,0.228A,1.366V,0.000A,1.351V,0.000A,1.359V,0.008A,1.363V,0.001A,1.417V,0.323A
2024-06-18 05:06:52.00,1.349V,0.000A,1.341V,0.000A,1.357V,0.319A,1.354V,0.000A,1.368V,0.000A,1.342V,0.001A,1.343V,0.000A,1.397V,0.378A
2024-06-18 05:06:53.00,1.364V,0.000A,1.392V,0.006A,1.384V,0.000A,1.413V,0.607A,1.372V,0.000A,1.368V,0.000A,1.387V,0.000A,1.379V,0.000A
2024-06-18 05:06:54.00,1.390V,0.000A,1.401V,0.000A,1.411V,0.174A,1.394V,0.156A,1.358V,0.008A,1.380V,0.004A,1.401V,0.000A,1.395V,0.000A
2024-06-18 05:06:55.00,1.314V,0.001A,1.329V,0.120A,1.349V,0.193A,1.323V,0.126A,1.321V,0.000A,1.331V,0.077A,1.325V,0.000A,1.323V,0.000A
2024-06-18 05:06:56.00,1.502V,0.000A,1.488V,0.004A,1.479V,0.000A,1.492V,0.000A,1.482V,0.000A,1.488V,0.002A,1.494V,0.000A,1.506V,0.000A
2024-06-18 05:06:57.00,1.509V,0.000A,1.514V,0.001A,1.506V,0.006A,1.493V,0.000A,1.500V,0.000A,1.488V,0.008A,1.499V,0.000A,1.515V,0.000A
2024-06-18 05:06:58.00,1.509V,0.000A,1.506V,0.004A,1.513V,0.000A,1.520V,0.000A,1.514V,0.000A,1.513V,0.001A,1.521V,0.000A,1.492V,0.000A
2024-06-18 05:06:59.00,1.484V,0.000A,1.504V,0.000A,1.524V,0.000A,1.513V,0.000A,1.523V,0.000A,1.518V,0.005A,1.500V,0.000A,1.500V,0.000A
2024-06-18 05:07:00.00,1.492V,0.000A,1.487V,0.000A,1.525V,0.006A,1.512V,0.000A,1.496V,0.000A,1.510V,0.000A,1.502V,0.000A,1.482V,0.000A
2024-06-18 05:07:01.00,1.389V,0.000A,1.358V,0.000A,1.416V,0.285A,1.386V,0.062A,1.388V,0.013A,1.402V,0.001A,1.379V,0.000A,1.411V,0.006A
2024-06-18 05:07:02.00,1.398V,0.000A,1.393V,0.001A,1.446V,0.100A,1.422V,0.008A,1.410V,0.001A,1.413V,0.000A,1.429V,0.000A,1.399V,0.004A
2024-06-18 05:07:03.00,1.421V,0.000A,1.428V,0.000A,1.434V,0.040A,1.431V,0.049A,1.421V,0.029A,1.426V,0.000A,1.399V,0.000A,1.403V,0.002A
2024-06-18 05:07:04.00,1.462V,0.000A,1.467V,0.002A,1.451V,0.033A,1.431V,0.045A,1.463V,0.012A,1.437V,0.001A,1.458V,0.000A,1.454V,0.000A
2024-06-18 05:07:05.00,1.467V,0.000A,1.454V,0.000A,1.465V,0.010A,1.467V,0.065A,1.468V,0.027A,1.440V,0.007A,1.439V,0.000A,1.444V,0.000A
2024-06-18 05:07:06.00,1.525V,0.000A,1.524V,0.000A,1.501V,0.000A,1.495V,0.000A,1.498V,0.000A,1.478V,0.004A,1.493V,0.000A,1.503V,0.000A
2024-06-18 05:07:07.00,1.525V,0.000A,1.506V,0.005A,1.492V,0.000A,1.513V,0.000A,1.502V,0.000A,1.513V,0.000A,1.521V,0.000A,1.530V,0.000A
2024-06-18 05:07:08.00,1.521V,0.000A,1.508V,0.004A,1.494V,0.000A,1.504V,0.000A,1.498V,0.000A,1.511V,0.000A,1.530V,0.000A,1.524V,0.000A
2024-06-18 05:07:09.00,1.508V,0.000A,1.529V,0.000A,1.525V,0.000A,1.510V,0.000A,1.524V,0.000A,1.506V,0.004A,1.484V,0.000A,1.501V,0.000A
2024-06-18 05:07:10.00,1.513V,0.000A,1.500V,0.008A,1.490V,0.000A,1.500V,0.000A,1.500V,0.000A,1.492V,0.000A,1.517V,0.000A,1.519V,0.000A
2024-06-18 05:07:11.00,1.513V,0.000A,1.493V,0.012A,1.491V,0.000A,1.521V,0.000A,1.488V,0.000A,1.489V,0.000A,1.522V,0.000A,1.519V,0.000A
2024-06-18 05:07:12.00,1.521V,0.000A,1.517V,0.000A,1.516V,0.000A,1.519V,0.000A,1.521V,0.000A,1.496V,0.008A,1.509V,0.000A,1.511V,0.000A
2024-06-18 05:07:13.00,1.519V,0.000A,1.531V,0.000A,1.531V,0.000A,1.516V,0.000A,1.496V,0.000A,1.501V,0.004A,1.508V,0.000A,1.519V,0.000A
2024-06-18 05:07:14.00,1.521V,0.000A,1.508V,0.000A,1.521V,0.000A,1.522V,0.000A,1.529V,0.000A,1.529V,0.005A,1.519V,0.000A,1.498V,0.000A
2024-06-18 05:07:15.00,1.507V,0.000A,1.499V,0.003A,1.493V,0.000A,1.507V,0.000A,1.517V,0.000A,1.520V,0.000A,1.526V,0.000A,1.517V,0.000A
2024-06-18 05:07:16.00,1.511V,0.000A,1.523V,0.001A,1.514V,0.000A,1.505V,0.000A,1.493V,0.000A,1.508V,0.001A,1.514V,0.000A,1.523V,0.000A
2024-06-18 05:07:17.00,1.508V,0.000A,1.530V,0.002A,1.513V,0.000A,1.497V,0.000A,1.495V,0.000A,1.509V,0.001A,1.521V,0.000A,1.528V,0.000A
2024-06-18 05:07:18.00,1.505V,0.000A,1.517V,0.000A,1.523V,0.000A,1.525V,0.000A,1.518V,0.000A,1.523V,0.002A,1.505V,0.000A,1.498V,0.000A
2024-06-18 05:07:19.00,1.528V,0.000A,1.521V,0.002A,1.490V,0.000A,1.509V,0.000A,1.496V,0.000A,1.499V,0.002A,1.518V,0.000A,1.524V,0.000A
2024-06-18 05:07:20.00,1.525V,0.000A,1.526V,0.000A,1.521V,0.000A,1.501V,0.000A,1.523V,0.000A,1.494V,0.000A,1.509V,0.000A,1.517V,0.000A
2024-06-18 05:07:21.00,1.521V,0.000A,1.500V,0.005A,1.505V,0.000A,1.514V,0.000A,1.500V,0.000A,1.500V,0.001A,1.529V,0.000A,1.521V,0.000A
2024-06-18 05:07:22.00,1.503V,0.000A,1.537V,0.000A,1.518V,0.001A,1.487V,0.000A,1.506V,0.000A,1.530V,0.000A,1.509V,0.000A,1.495V,0.000A
2024-06-18 05:07:23.00,1.496V,0.000A,1.523V,0.000A,1.533V,0.000A,1.529V,0.000A,1.518V,0.000A,1.536V,0.008A,1.521V,0.000A,1.504V,0.000A
2024-06-18 05:07:24.00,1.498V,0.000A,1.513V,0.000A,1.529V,0.000A,1.516V,0.000A,1.514V,0.000A,1.527V,0.000A,1.510V,0.000A,1.491V,0.000A
2024-06-18 05:07:25.00,1.494V,0.000A,1.525V,0.000A,1.499V,0.006A,1.496V,0.003A,1.506V,0.000A,1.515V,0.002A,1.507V,0.000A,1.494V,0.000A
2024-06-18 05:07:26.00,1.529V,0.000A,1.493V,0.000A,1.496V,0.002A,1.512V,0.000A,1.486V,0.000A,1.495V,0.000A,1.519V,0.000A,1.525V,0.000A
2024-06-18 05:07:27.00,1.479V,0.000A,1.533V,0.013A,1.500V,0.000A,1.505V,0.000A,1.460V,0.000A,1.463V,0.095A,1.441V,0.000A,1.533V,0.000A
2024-06-18 05:07:28.00,1.397V,0.000A,1.388V,0.178A,1.391V,0.000A,1.399V,0.000A,1.392V,0.000A,1.380V,0.348A,1.382V,0.000A,1.376V,0.000A
2024-06-18 05:07:29.00,1.516V,0.000A,1.481V,0.003A,1.492V,0.000A,1.526V,0.000A,1.499V,0.000A,1.503V,0.000A,1.525V,0.000A,1.509V,0.000A
2024-06-18 05:07:30.00,1.517V,0.000A,1.506V,0.008A,1.496V,0.000A,1.506V,0.000A,1.516V,0.000A,1.486V,0.018A,1.507V,0.000A,1.532V,0.000A
2024-06-18 05:07:31.00,1.416V,0.016A,1.411V,0.111A,1.440V,0.000A,1.445V,0.000A,1.430V,0.000A,1.430V,0.121A,1.442V,0.032A,1.410V,0.000A
2024-06-18 05:07:32.00,1.432V,0.001A,1.430V,0.058A,1.426V,0.000A,1.436V,0.000A,1.412V,0.000A,1.410V,0.152A,1.439V,0.045A,1.401V,0.000A
2024-06-18 05:07:33.00,1.442V,0.000A,1.446V,0.066A,1.410V,0.000A,1.402V,0.000A,1.433V,0.000A,1.438V,0.178A,1.441V,0.044A,1.415V,0.000A
2024-06-18 05:07:34.00,1.498V,0.000A,1.510V,0.005A,1.492V,0.000A,1.546V,0.000A,1.535V,0.000A,1.503V,0.011A,1.497V,0.000A,1.542V,0.000A
2024-06-18 05:07:35.00,1.486V,0.000A,1.497V,0.012A,1.510V,0.000A,1.515V,0.000A,1.542V,0.000A,1.503V,0.013A,1.498V,0.000A,1.533V,0.000A
2024-06-18 05:07:36.00,1.497V,0.000A,1.495V,0.001A,1.492V,0.000A,1.470V,0.000A,1.456V,0.000A,1.473V,0.005A,1.490V,0.000A,1.461V,0.000A
2024-06-18 05:07:37.00,1.523V,0.000A,1.496V,0.001A,1.518V,0.000A,1.518V,0.000A,1.521V,0.000A,1.488V,0.000A,1.527V,0.000A,1.513V,0.000A
2024-06-18 05:07:38.00,1.489V,0.000A,1.508V,0.011A,1.490V,0.000A,1.518V,0.000A,1.522V,0.000A,1.501V,0.008A,1.497V,0.000A,1.525V,0.000A
2024-06-18 05:07:39.00,1.421V,0.069A,1.426V,0.033A,1.426V,0.000A,1.438V,0.000A,1.401V,0.000A,1.430V,0.029A,1.431V,0.039A,1.428V,0.000A
2024-06-18 05:07:40.00,1.438V,0.148A,1.426V,0.000A,1.443V,0.000A,1.420V,0.000A,1.428V,0.000A,1.447V,0.032A,1.430V,0.086A,1.416V,0.000A
2024-06-18 05:07:41.00,1.497V,0.000A,1.501V,0.006A,1.507V,0.000A,1.524V,0.000A,1.538V,0.000A,1.500V,0.006A,1.500V,0.000A,1.525V,0.000A
2024-06-18 05:07:42.00,1.523V,0.000A,1.476V,0.000A,1.510V,0.000A,1.503V,0.000A,1.500V,0.000A,1.477V,0.004A,1.517V,0.000A,1.494V,0.000A
2024-06-18 05:07:43.00,1.524V,0.000A,1.482V,0.001A,1.532V,0.000A,1.508V,0.000A,1.509V,0.000A,1.492V,0.000A,1.534V,0.000A,1.509V,0.000A
2024-06-18 05:07:44.00,1.534V,0.000A,1.494V,0.000A,1.499V,0.000A,1.523V,0.000A,1.509V,0.000A,1.492V,0.005A,1.526V,0.000A,1.520V,0.000A
2024-06-18 05:07:45.00,1.529V,0.000A,1.496V,0.000A,1.521V,0.000A,1.500V,0.000A,1.510V,0.000A,1.492V,0.000A,1.533V,0.000A,1.507V,0.000A
2024-06-18 05:07:46.00,1.519V,0.000A,1.497V,0.008A,1.496V,0.000A,1.533V,0.000A,1.526V,0.000A,1.488V,0.005A,1.506V,0.000A,1.521V,0.000A
2024-06-18 05:07:47.00,1.495V,0.000A,1.506V,0.009A,1.494V,0.000A,1.527V,0.000A,1.514V,0.000A,1.509V,0.006A,1.499V,0.000A,1.527V,0.000A
2024-06-18 05:07:48.00,1.494V,0.032A,1.461V,0.020A,1.443V,0.000A,1.451V,0.000A,1.433V,0.000A,1.460V,0.040A,1.467V,0.003A,1.464V,0.000A
2024-06-18 05:07:49.00,1.491V,0.000A,1.532V,0.002A,1.504V,0.000A,1.528V,0.000A,1.505V,0.000A,1.521V,0.007A,1.488V,0.000A,1.500V,0.000A
2024-06-18 05:07:50.00,1.515V,0.000A,1.504V,0.000A,1.537V,0.000A,1.515V,0.000A,1.492V,0.000A,1.514V,0.000A,1.527V,0.000A,1.496V,0.000A
2024-06-18 05:07:51.00,1.535V,0.000A,1.493V,0.004A,1.520V,0.000A,1.525V,0.000A,1.523V,0.000A,1.486V,0.000A,1.533V,0.000A,1.518V,0.000A
2024-06-18 05:07:52.00,1.532V,0.000A,1.498V,0.000A,1.542V,0.000A,1.509V,0.000A,1.516V,0.000A,1.498V,0.000A,1.542V,0.000A,1.512V,0.000A
2024-06-18 05:07:53.00,1.500V,0.000A,1.474V,0.001A,1.492V,0.000A,1.500V,0.000A,1.490V,0.000A,1.467V,0.001A,1.499V,0.002A,1.492V,0.000A
2024-06-18 05:07:54.00,1.483V,0.000A,1.488V,0.000A,1.475V,0.002A,1.467V,0.000A,1.464V,0.000A,1.505V,0.003A,1.477V,0.016A,1.478V,0.000A
2024-06-18 05:07:55.00,1.496V,0.000A,1.485V,0.000A,1.520V,0.000A,1.479V,0.000A,1.503V,0.000A,1.474V,0.000A,1.522V,0.000A,1.493V,0.000A
2024-06-18 05:07:56.00,1.493V,0.000A,1.479V,0.003A,1.514V,0.000A,1.503V,0.000A,1.500V,0.000A,1.482V,0.002A,1.517V,0.000A,1.504V,0.000A
2024-06-18 05:07:57.00,1.517V,0.000A,1.529V,0.000A,1.497V,0.000A,1.488V,0.000A,1.484V,0.000A,1.514V,0.000A,1.493V,0.000A,1.486V,0.000A
2024-06-18 05:07:58.00,1.502V,0.000A,1.510V,0.000A,1.492V,0.000A,1.533V,0.000A,1.525V,0.000A,1.511V,0.006A,1.495V,0.000A,1.529V,0.000A
2024-06-18 05:07:59.00,1.491V,0.000A,1.504V,0.008A,1.496V,0.000A,1.545V,0.000A,1.534V,0.000A,1.504V,0.008A,1.499V,0.000A,1.539V,0.000A
2024-06-18 05:08:00.00,1.512V,0.000A,1.538V,0.003A,1.504V,0.000A,1.504V,0.000A,1.492V,0.000A,1.525V,0.000A,1.504V,0.000A,1.509V,0.000A
2024-06-18 05:08:01.00,1.478V,0.000A,1.485V,0.000A,1.519V,0.003A,1.485V,0.000A,1.500V,0.000A,1.469V,0.000A,1.531V,0.000A,1.477V,0.002A
2024-06-18 05:08:02.00,1.501V,0.000A,1.525V,0.003A,1.504V,0.000A,1.513V,0.000A,1.535V,0.000A,1.521V,0.008A,1.499V,0.000A,1.525V,0.000A
2024-06-18 05:08:03.00,1.508V,0.000A,1.525V,0.004A,1.500V,0.000A,1.511V,0.000A,1.486V,0.000A,1.542V,0.000A,1.512V,0.000A,1.512V,0.000A
2024-06-18 05:08:04.00,1.515V,0.000A,1.475V,0.000A,1.509V,0.000A,1.501V,0.000A,1.504V,0.000A,1.480V,0.000A,1.517V,0.000A,1.496V,0.000A
2024-06-18 05:08:05.00,1.475V,0.000A,1.463V,0.000A,1.485V,0.000A,1.478V,0.000A,1.495V,0.000A,1.472V,0.000A,1.511V,0.000A,1.487V,0.000A
2024-06-18 05:08:06.00,1.467V,0.000A,1.461V,0.000A,1.495V,0.000A,1.472V,0.000A,1.486V,0.000A,1.460V,0.000A,1.516V,0.000A,1.477V,0.000A
2024-06-18 05:08:07.00,1.502V,0.000A,1.484V,0.000A,1.485V,0.000A,1.465V,0.000A,1.471V,0.000A,1.473V,0.000A,1.482V,0.000A,1.463V,0.000A
2024-06-18 05:08:08.00,1.505V,0.000A,1.518V,0.000A,1.488V,0.000A,1.467V,0.000A,1.487V,0.000A,1.524V,0.000A,1.496V,0.000A,1.481V,0.000A
2024-06-18 05:08:09.00,1.559V,0.000A,1.559V,0.000A,1.533V,0.000A,1.526V,0.000A,1.534V,0.000A,1.515V,0.000A,1.554V,0.000A,1.520V,0.000A
2024-06-18 05:08:10.00,1.509V,0.000A,1.529V,0.004A,1.528V,0.000A,1.544V,0.000A,1.546V,0.000A,1.526V,0.010A,1.511V,0.000A,1.560V,0.000A
2024-06-18 05:08:11.00,1.508V,0.000A,1.509V,0.001A,1.542V,0.000A,1.529V,0.000A,1.542V,0.000A,1.504V,0.001A,1.529V,0.000A,1.522V,0.000A
2024-06-18 05:08:12.00,1.521V,0.000A,1.546V,0.000A,1.521V,0.000A,1.497V,0.000A,1.508V,0.000A,1.538V,0.005A,1.513V,0.000A,1.504V,0.000A
2024-06-18 05:08:13.00,1.531V,0.000A,1.513V,0.004A,1.485V,0.000A,1.550V,0.000A,1.503V,0.000A,1.554V,0.000A,1.519V,0.000A,1.519V,0.000A
2024-06-18 05:08:14.00,1.506V,0.000A,1.547V,0.000A,1.510V,0.000A,1.501V,0.000A,1.522V,0.000A,1.494V,0.000A,1.553V,0.000A,1.508V,0.000A
2024-06-18 05:08:15.00,1.514V,0.000A,1.526V,0.003A,1.506V,0.000A,1.522V,0.000A,1.490V,0.000A,1.533V,0.000A,1.505V,0.000A,1.485V,0.000A
2024-06-18 05:08:16.00,1.488V,0.000A,1.480V,0.005A,1.466V,0.000A,1.505V,0.000A,1.471V,0.000A,1.512V,0.004A,1.479V,0.000A,1.515V,0.000A
2024-06-18 05:08:17.00,1.477V,0.000A,1.465V,0.000A,1.496V,0.000A,1.471V,0.000A,1.495V,0.000A,1.463V,0.000A,1.508V,0.000A,1.482V,0.000A
2024-06-18 05:08:18.00,1.471V,0.000A,1.492V,0.003A,1.496V,0.000A,1.511V,0.000A,1.523V,0.000A,1.486V,0.006A,1.471V,0.000A,1.509V,0.000A
2024-06-18 05:08:19.00,1.544V,0.000A,1.494V,0.000A,1.541V,0.000A,1.510V,0.000A,1.528V,0.000A,1.500V,0.000A,1.551V,0.000A,1.521V,0.000A
2024-06-18 05:08:20.00,1.540V,0.000A,1.540V,0.000A,1.529V,0.000A,1.507V,0.000A,1.526V,0.000A,1.494V,0.000A,1.543V,0.000A,1.513V,0.000A
2024-06-18 05:08:21.00,1.524V,0.000A,1.549V,0.000A,1.518V,0.000A,1.506V,0.000A,1.513V,0.000A,1.491V,0.000A,1.534V,0.000A,1.500V,0.000A
2024-06-18 05:08:22.00,1.519V,0.000A,1.523V,0.009A,1.500V,0.000A,1.554V,0.000A,1.500V,0.000A,1.542V,0.004A,1.525V,0.000A,1.546V,0.000A
2024-06-18 05:08:23.00,1.529V,0.000A,1.510V,0.000A,1.554V,0.000A,1.520V,0.000A,1.542V,0.000A,1.509V,0.000A,1.562V,0.000A,1.529V,0.000A
2024-06-18 05:08:24.00,1.520V,0.000A,1.513V,0.002A,1.532V,0.000A,1.520V,0.000A,1.533V,0.000A,1.522V,0.007A,1.500V,0.000A,1.546V,0.000A
2024-06-18 05:08:25.00,1.528V,0.000A,1.531V,0.004A,1.528V,0.000A,1.539V,0.000A,1.498V,0.000A,1.546V,0.004A,1.521V,0.000A,1.570V,0.000A
2024-06-18 05:08:26.00,1.529V,0.000A,1.521V,0.003A,1.496V,0.000A,1.542V,0.000A,1.502V,0.000A,1.550V,0.004A,1.518V,0.000A,1.538V,0.000A
2024-06-18 05:08:27.00,1.539V,0.000A,1.514V,0.002A,1.528V,0.000A,1.513V,0.000A,1.499V,0.000A,1.549V,0.000A,1.518V,0.000A,1.554V,0.000A
2024-06-18 05:08:28.00,1.561V,0.000A,1.514V,0.005A,1.481V,0.000A,1.538V,0.000A,1.517V,0.000A,1.537V,0.000A,1.518V,0.000A,1.492V,0.000A
2024-06-18 05:08:29.00,1.558V,0.000A,1.525V,0.012A,1.488V,0.000A,1.552V,0.000A,1.512V,0.000A,1.538V,0.000A,1.510V,0.000A,1.499V,0.000A
2024-06-18 05:08:30.00,1.521V,0.000A,1.518V,0.000A,1.544V,0.000A,1.518V,0.000A,1.503V,0.000A,1.527V,0.004A,1.494V,0.000A,1.551V,0.000A
2024-06-18 05:08:31.00,1.530V,0.000A,1.516V,0.007A,1.505V,0.000A,1.519V,0.000A,1.504V,0.000A,1.549V,0.000A,1.512V,0.000A,1.541V,0.000A
2024-06-18 05:08:32.00,1.513V,0.000A,1.514V,0.005A,1.514V,0.000A,1.523V,0.000A,1.492V,0.000A,1.521V,0.012A,1.503V,0.000A,1.551V,0.000A
2024-06-18 05:08:33.00,1.517V,0.000A,1.497V,0.000A,1.546V,0.000A,1.515V,0.000A,1.525V,0.000A,1.503V,0.008A,1.492V,0.000A,1.517V,0.000A
2024-06-18 05:08:34.00,1.538V,0.000A,1.513V,0.000A,1.495V,0.000A,1.533V,0.000A,1.498V,0.000A,1.509V,0.000A,1.496V,0.000A,1.484V,0.000A
2024-06-18 05:08:35.00,1.513V,0.000A,1.506V,0.007A,1.488V,0.000A,1.523V,0.000A,1.507V,0.000A,1.519V,0.000A,1.512V,0.000A,1.509V,0.000A
2024-06-18 05:08:36.00,1.509V,0.000A,1.506V,0.000A,1.552V,0.000A,1.517V,0.000A,1.487V,0.000A,1.529V,0.012A,1.495V,0.000A,1.544V,0.000A
2024-06-18 05:08:37.00,1.474V,0.000A,1.523V,0.001A,1.489V,0.000A,1.506V,0.000A,1.488V,0.000A,1.476V,0.008A,1.513V,0.000A,1.475V,0.000A
2024-06-18 05:08:38.00,1.502V,0.000A,1.502V,0.000A,1.525V,0.000A,1.500V,0.000A,1.551V,0.000A,1.524V,0.000A,1.542V,0.000A,1.521V,0.000A
2024-06-18 05:08:39.00,1.531V,0.000A,1.564V,0.000A,1.522V,0.000A,1.571V,0.000A,1.559V,0.000A,1.521V,0.000A,1.554V,0.000A,1.514V,0.000A
2024-06-18 05:08:40.00,1.539V,0.000A,1.517V,0.004A,1.508V,0.000A,1.517V,0.000A,1.523V,0.000A,1.536V,0.000A,1.516V,0.000A,1.528V,0.000A
2024-06-18 05:08:41.00,1.508V,0.000A,1.553V,0.000A,1.524V,0.000A,1.566V,0.000A,1.493V,0.000A,1.514V,0.003A,1.549V,0.000A,1.520V,0.000A
2024-06-18 05:08:42.00,1.538V,0.000A,1.509V,0.000A,1.552V,0.000A,1.499V,0.000A,1.519V,0.000A,1.562V,0.000A,1.519V,0.000A,1.554V,0.000A
2024-06-18 05:08:43.00,1.520V,0.000A,1.492V,0.000A,1.548V,0.000A,1.501V,0.000A,1.484V,0.000A,1.519V,0.006A,1.491V,0.000A,1.532V,0.000A
2024-06-18 05:08:44.00,1.508V,0.000A,1.526V,0.000A,1.521V,0.000A,1.503V,0.000A,1.529V,0.000A,1.516V,0.003A,1.535V,0.000A,1.513V,0.000A
2024-06-18 05:08:45.00,1.540V,0.000A,1.504V,0.007A,1.500V,0.000A,1.501V,0.000A,1.519V,0.000A,1.524V,0.000A,1.506V,0.000A,1.519V,0.000A
2024-06-18 05:08:46.00,1.526V,0.000A,1.548V,0.000A,1.494V,0.000A,1.516V,0.000A,1.564V,0.000A,1.513V,0.000A,1.562V,0.000A,1.506V,0.000A
2024-06-18 05:08:47.00,1.488V,0.000A,1.517V,0.010A,1.482V,0.000A,1.523V,0.000A,1.534V,0.000A,1.471V,0.000A,1.510V,0.003A,1.480V,0.000A
2024-06-18 05:08:48.00,1.492V,0.000A,1.533V,0.010A,1.471V,0.000A,1.501V,0.000A,1.541V,0.000A,1.481V,0.000A,1.552V,0.001A,1.484V,0.000A
2024-06-18 05:08:49.00,1.463V,0.000A,1.534V,0.002A,1.475V,0.000A,1.533V,0.000A,1.550V,0.000A,1.496V,0.000A,1.542V,0.000A,1.492V,0.000A
2024-06-18 05:08:50.00,1.463V,0.000A,1.447V,0.023A,1.473V,0.000A,1.455V,0.000A,1.467V,0.000A,1.470V,0.081A,1.458V,0.000A,1.451V,0.000A
2024-06-18 05:08:51.00,1.503V,0.000A,1.497V,0.037A,1.445V,0.000A,1.502V,0.000A,1.472V,0.000A,1.488V,0.024A,1.468V,0.001A,1.446V,0.000A
2024-06-18 05:08:52.00,1.358V,0.000A,1.382V,0.257A,1.335V,0.000A,1.375V,0.000A,1.368V,0.000A,1.391V,0.555A,1.350V,0.000A,1.384V,0.000A
2024-06-18 05:08:53.00,1.500V,0.000A,1.492V,0.006A,1.493V,0.001A,1.512V,0.006A,1.500V,0.000A,1.496V,0.013A,1.484V,0.000A,1.537V,0.000A
2024-06-18 05:08:54.00,1.472V,0.060A,1.420V,0.020A,1.417V,0.008A,1.410V,0.000A,1.392V,0.000A,1.391V,0.003A,1.484V,0.170A,1.418V,0.000A
2024-06-18 05:08:55.00,1.450V,0.150A,1.434V,0.022A,1.405V,0.000A,1.446V,0.000A,1.441V,0.000A,1.442V,0.025A,1.413V,0.072A,1.443V,0.000A
2024-06-18 05:08:56.00,1.453V,0.175A,1.466V,0.012A,1.427V,0.000A,1.417V,0.000A,1.408V,0.000A,1.447V,0.020A,1.434V,0.087A,1.399V,0.000A
2024-06-18 05:08:57.00,1.513V,0.000A,1.503V,0.000A,1.500V,0.000A,1.492V,0.000A,1.513V,0.000A,1.475V,0.000A,1.531V,0.000A,1.495V,0.000A
2024-06-18 05:08:58.00,1.501V,0.000A,1.506V,0.000A,1.513V,0.000A,1.494V,0.000A,1.533V,0.000A,1.504V,0.000A,1.553V,0.000A,1.512V,0.000A
2024-06-18 05:08:59.00,1.546V,0.000A,1.534V,0.000A,1.509V,0.000A,1.490V,0.000A,1.496V,0.000A,1.493V,0.000A,1.506V,0.000A,1.487V,0.000A
2024-06-18 05:09:00.00,1.510V,0.000A,1.503V,0.009A,1.471V,0.000A,1.522V,0.000A,1.500V,0.000A,1.524V,0.003A,1.507V,0.000A,1.532V,0.000A
2024-06-18 05:09:01.00,1.484V,0.000A,1.520V,0.000A,1.527V,0.000A,1.500V,0.000A,1.526V,0.000A,1.492V,0.000A,1.546V,0.000A,1.516V,0.000A
2024-06-18 05:09:02.00,1.524V,0.000A,1.541V,0.000A,1.506V,0.007A,1.501V,0.000A,1.506V,0.000A,1.488V,0.000A,1.514V,0.000A,1.484V,0.000A
2024-06-18 05:09:03.00,1.506V,0.000A,1.516V,0.002A,1.493V,0.000A,1.536V,0.000A,1.558V,0.000A,1.509V,0.012A,1.504V,0.000A,1.540V,0.000A
2024-06-18 05:09:04.00,1.539V,0.000A,1.551V,0.000A,1.515V,0.000A,1.524V,0.000A,1.504V,0.000A,1.492V,0.000A,1.511V,0.000A,1.486V,0.000A
2024-06-18 05:09:05.00,1.499V,0.000A,1.513V,0.005A,1.476V,0.000A,1.538V,0.000A,1.535V,0.000A,1.506V,0.002A,1.486V,0.000A,1.529V,0.000A
2024-06-18 05:09:06.00,1.449V,0.029A,1.439V,0.009A,1.416V,0.000A,1.460V,0.000A,1.463V,0.000A,1.429V,0.120A,1.415V,0.000A,1.445V,0.000A
2024-06-18 05:09:07.00,1.418V,0.000A,1.407V,0.085A,1.421V,0.000A,1.391V,0.000A,1.431V,0.000A,1.400V,0.058A,1.425V,0.052A,1.404V,0.000A
2024-06-18 05:09:08.00,1.500V,0.000A,1.485V,0.004A,1.484V,0.000A,1.508V,0.000A,1.491V,0.000A,1.538V,0.000A,1.505V,0.000A,1.521V,0.000A
2024-06-18 05:09:09.00,1.500V,0.000A,1.472V,0.000A,1.529V,0.000A,1.496V,0.000A,1.518V,0.000A,1.509V,0.004A,1.482V,0.000A,1.506V,0.000A
2024-06-18 05:09:10.00,1.487V,0.000A,1.494V,0.000A,1.494V,0.000A,1.472V,0.000A,1.536V,0.000A,1.496V,0.000A,1.533V,0.000A,1.493V,0.000A
2024-06-18 05:09:11.00,1.512V,0.000A,1.532V,0.000A,1.506V,0.000A,1.506V,0.000A,1.521V,0.000A,1.472V,0.000A,1.533V,0.000A,1.484V,0.000A
2024-06-18 05:09:12.00,1.541V,0.000A,1.519V,0.016A,1.499V,0.000A,1.523V,0.000A,1.501V,0.000A,1.552V,0.000A,1.514V,0.000A,1.552V,0.000A
2024-06-18 05:09:13.00,1.494V,0.000A,1.558V,0.004A,1.510V,0.000A,1.562V,0.000A,1.521V,0.000A,1.489V,0.000A,1.547V,0.000A,1.509V,0.000A
2024-06-18 05:09:14.00,1.508V,0.000A,1.518V,0.000A,1.517V,0.000A,1.493V,0.000A,1.561V,0.000A,1.517V,0.000A,1.547V,0.000A,1.511V,0.000A
2024-06-18 05:09:15.00,1.554V,0.000A,1.517V,0.000A,1.558V,0.000A,1.521V,0.000A,1.506V,0.000A,1.546V,0.003A,1.510V,0.000A,1.550V,0.000A
2024-06-18 05:09:16.00,1.515V,0.000A,1.498V,0.000A,1.513V,0.000A,1.478V,0.000A,1.542V,0.000A,1.510V,0.011A,1.510V,0.000A,1.510V,0.000A
2024-06-18 05:09:17.00,1.491V,0.000A,1.554V,0.000A,1.517V,0.000A,1.562V,0.000A,1.544V,0.000A,1.488V,0.000A,1.543V,0.000A,1.500V,0.000A
2024-06-18 05:09:18.00,1.500V,0.000A,1.554V,0.000A,1.510V,0.000A,1.523V,0.000A,1.496V,0.000A,1.491V,0.000A,1.534V,0.000A,1.502V,0.000A
2024-06-18 05:09:19.00,1.480V,0.000A,1.547V,0.000A,1.502V,0.000A,1.497V,0.000A,1.533V,0.000A,1.476V,0.000A,1.544V,0.000A,1.513V,0.000A
2024-06-18 05:09:20.00,1.515V,0.000A,1.486V,0.000A,1.525V,0.000A,1.499V,0.000A,1.525V,0.000A,1.508V,0.000A,1.509V,0.000A,1.504V,0.000A
2024-06-18 05:09:21.00,1.535V,0.000A,1.544V,0.000A,1.525V,0.000A,1.500V,0.000A,1.513V,0.000A,1.501V,0.000A,1.546V,0.000A,1.503V,0.000A
2024-06-18 05:09:22.00,1.493V,0.000A,1.498V,0.010A,1.478V,0.000A,1.506V,0.000A,1.487V,0.000A,1.539V,0.000A,1.500V,0.000A,1.504V,0.000A
2024-06-18 05:09:23.00,1.501V,0.000A,1.500V,0.000A,1.559V,0.000A,1.518V,0.000A,1.565V,0.000A,1.509V,0.012A,1.522V,0.000A,1.515V,0.000A
2024-06-18 05:09:24.00,1.505V,0.000A,1.488V,0.000A,1.547V,0.000A,1.520V,0.000A,1.550V,0.000A,1.513V,0.004A,1.496V,0.000A,1.516V,0.000A
2024-06-18 05:09:25.00,1.512V,0.000A,1.493V,0.000A,1.541V,0.000A,1.502V,0.000A,1.539V,0.000A,1.496V,0.003A,1.510V,0.000A,1.504V,0.000A
2024-06-18 05:09:26.00,1.487V,0.000A,1.492V,0.000A,1.551V,0.000A,1.508V,0.000A,1.546V,0.000A,1.498V,0.004A,1.522V,0.000A,1.509V,0.000A
2024-06-18 05:09:27.00,1.550V,0.000A,1.543V,0.000A,1.497V,0.000A,1.514V,0.000A,1.514V,0.000A,1.527V,0.000A,1.509V,0.000A,1.485V,0.000A
2024-06-18 05:09:28.00,1.503V,0.000A,1.504V,0.000A,1.546V,0.000A,1.485V,0.000A,1.549V,0.000A,1.516V,0.004A,1.496V,0.000A,1.526V,0.000A
2024-06-18 05:09:29.00,1.513V,0.000A,1.521V,0.004A,1.491V,0.000A,1.553V,0.000A,1.495V,0.000A,1.535V,0.008A,1.513V,0.000A,1.549V,0.000A
2024-06-18 05:09:30.00,1.558V,0.000A,1.544V,0.000A,1.516V,0.000A,1.552V,0.000A,1.514V,0.000A,1.528V,0.000A,1.525V,0.000A,1.493V,0.000A
2024-06-18 05:09:31.00,1.543V,0.000A,1.554V,0.000A,1.509V,0.000A,1.523V,0.000A,1.529V,0.000A,1.528V,0.000A,1.520V,0.000A,1.499V,0.000A
2024-06-18 05:09:32.00,1.561V,0.000A,1.521V,0.001A,1.504V,0.000A,1.553V,0.000A,1.525V,0.000A,1.521V,0.000A,1.510V,0.000A,1.499V,0.000A
2024-06-18 05:09:33.00,1.500V,0.000A,1.512V,0.000A,1.515V,0.000A,1.492V,0.000A,1.533V,0.000A,1.501V,0.000A,1.553V,0.000A,1.514V,0.000A
2024-06-18 05:09:34.00,1.533V,0.000A,1.530V,0.005A,1.508V,0.000A,1.538V,0.000A,1.500V,0.000A,1.540V,0.000A,1.512V,0.000A,1.498V,0.000A
2024-06-18 05:09:35.00,1.517V,0.000A,1.488V,0.000A,1.549V,0.000A,1.513V,0.000A,1.503V,0.000A,1.513V,0.005A,1.479V,0.000A,1.522V,0.000A
2024-06-18 05:09:36.00,1.513V,0.000A,1.527V,0.000A,1.496V,0.003A,1.485V,0.000A,1.506V,0.000A,1.488V,0.000A,1.529V,0.000A,1.495V,0.000A
2024-06-18 05:09:37.00,1.539V,0.000A,1.504V,0.016A,1.484V,0.000A,1.521V,0.000A,1.511V,0.000A,1.504V,0.000A,1.499V,0.000A,1.492V,0.000A
2024-06-18 05:09:38.00,1.514V,0.000A,1.492V,0.000A,1.514V,0.000A,1.484V,0.000A,1.528V,0.000A,1.501V,0.016A,1.505V,0.000A,1.511V,0.000A
2024-06-18 05:09:39.00,1.506V,0.000A,1.535V,0.000A,1.512V,0.000A,1.544V,0.000A,1.493V,0.000A,1.502V,0.009A,1.520V,0.000A,1.514V,0.000A
2024-06-18 05:09:40.00,1.509V,0.000A,1.517V,0.000A,1.555V,0.000A,1.522V,0.000A,1.509V,0.000A,1.531V,0.000A,1.516V,0.000A,1.557V,0.000A
2024-06-18 05:09:41.00,1.558V,0.000A,1.508V,0.000A,1.559V,0.000A,1.513V,0.000A,1.515V,0.000A,1.547V,0.000A,1.509V,0.000A,1.553V,0.000A
2024-06-18 05:09:42.00,1.522V,0.000A,1.484V,0.000A,1.529V,0.000A,1.478V,0.000A,1.487V,0.000A,1.532V,0.019A,1.485V,0.000A,1.536V,0.000A
2024-06-18 05:09:43.00,1.560V,0.000A,1.494V,0.000A,1.538V,0.000A,1.491V,0.000A,1.525V,0.000A,1.556V,0.000A,1.516V,0.000A,1.551V,0.000A
2024-06-18 05:09:44.00,1.508V,0.000A,1.509V,0.013A,1.496V,0.000A,1.500V,0.000A,1.481V,0.000A,1.525V,0.005A,1.501V,0.000A,1.538V,0.000A
2024-06-18 05:09:45.00,1.553V,0.000A,1.508V,0.025A,1.511V,0.000A,1.500V,0.000A,1.503V,0.000A,1.550V,0.000A,1.525V,0.000A,1.532V,0.000A
2024-06-18 05:09:46.00,1.498V,0.000A,1.537V,0.000A,1.518V,0.000A,1.524V,0.000A,1.549V,0.000A,1.508V,0.000A,1.545V,0.000A,1.505V,0.000A
2024-06-18 05:09:47.00,1.529V,0.000A,1.508V,0.005A,1.516V,0.000A,1.496V,0.000A,1.502V,0.000A,1.549V,0.000A,1.515V,0.000A,1.539V,0.000A
2024-06-18 05:09:48.00,1.504V,0.000A,1.525V,0.011A,1.488V,0.000A,1.491V,0.000A,1.526V,0.000A,1.463V,0.041A,1.509V,0.000A,1.488V,0.000A
2024-06-18 05:09:49.00,1.560V,0.000A,1.519V,0.000A,1.544V,0.000A,1.517V,0.000A,1.518V,0.000A,1.555V,0.000A,1.520V,0.000A,1.549V,0.000A
2024-06-18 05:09:50.00,1.498V,0.000A,1.468V,0.000A,1.508V,0.000A,1.475V,0.000A,1.483V,0.000A,1.525V,0.000A,1.495V,0.000A,1.525V,0.000A
2024-06-18 05:09:51.00,1.511V,0.000A,1.565V,0.000A,1.519V,0.000A,1.570V,0.000A,1.527V,0.000A,1.521V,0.003A,1.552V,0.000A,1.525V,0.000A
2024-06-18 05:09:52.00,1.462V,0.000A,1.517V,0.020A,1.471V,0.000A,1.508V,0.000A,1.499V,0.000A,1.476V,0.118A,1.501V,0.000A,1.474V,0.000A
2024-06-18 05:09:53.00,1.521V,0.000A,1.512V,0.002A,1.487V,0.000A,1.501V,0.000A,1.551V,0.000A,1.488V,0.000A,1.520V,0.000A,1.481V,0.000A
2024-06-18 05:09:54.00,1.552V,0.000A,1.484V,0.000A,1.495V,0.000A,1.484V,0.000A,1.488V,0.000A,1.525V,0.038A,1.473V,0.000A,1.499V,0.000A
2024-06-18 05:09:55.00,1.455V,0.044A,1.426V,0.007A,1.459V,0.000A,1.416V,0.000A,1.436V,0.000A,1.471V,0.015A,1.435V,0.046A,1.453V,0.000A
2024-06-18 05:09:56.00,1.501V,0.000A,1.538V,0.004A,1.498V,0.000A,1.555V,0.000A,1.541V,0.000A,1.500V,0.000A,1.540V,0.000A,1.495V,0.000A
2024-06-18 05:09:57.00,1.501V,0.000A,1.488V,0.000A,1.544V,0.000A,1.467V,0.000A,1.508V,0.000A,1.504V,0.008A,1.482V,0.000A,1.513V,0.000A
2024-06-18 05:09:58.00,1.459V,0.002A,1.488V,0.000A,1.461V,0.000A,1.455V,0.000A,1.491V,0.000A,1.464V,0.016A,1.492V,0.005A,1.465V,0.000A
2024-06-18 05:09:59.00,1.533V,0.000A,1.471V,0.004A,1.455V,0.000A,1.492V,0.000A,1.492V,0.000A,1.493V,0.034A,1.466V,0.040A,1.463V,0.000A
2024-06-18 05:10:00.00,1.475V,0.000A,1.471V,0.024A,1.496V,0.000A,1.475V,0.000A,1.460V,0.000A,1.504V,0.000A,1.463V,0.012A,1.497V,0.000A
2024-06-18 05:10:01.00,1.490V,0.000A,1.452V,0.039A,1.421V,0.000A,1.464V,0.000A,1.451V,0.000A,1.494V,0.046A,1.454V,0.066A,1.436V,0.000A
2024-06-18 05:10:02.00,1.556V,0.000A,1.521V,0.000A,1.541V,0.000A,1.513V,0.000A,1.515V,0.000A,1.557V,0.000A,1.515V,0.000A,1.550V,0.000A
2024-06-18 05:10:03.00,1.476V,0.070A,1.467V,0.000A,1.513V,0.000A,1.458V,0.000A,1.430V,0.000A,1.488V,0.016A,1.443V,0.018A,1.461V,0.000A
2024-06-18 05:10:04.00,1.465V,0.000A,1.531V,0.006A,1.470V,0.000A,1.502V,0.000A,1.470V,0.000A,1.447V,0.008A,1.492V,0.000A,1.453V,0.000A
2024-06-18 05:10:05.00,1.457V,0.000A,1.513V,0.000A,1.492V,0.000A,1.508V,0.000A,1.508V,0.000A,1.461V,0.026A,1.513V,0.000A,1.480V,0.000A
2024-06-18 05:10:06.00,1.498V,0.000A,1.500V,0.081A,1.459V,0.000A,1.508V,0.000A,1.458V,0.000A,1.504V,0.007A,1.475V,0.000A,1.473V,0.000A
2024-06-18 05:10:07.00,1.517V,0.000A,1.493V,0.054A,1.459V,0.000A,1.490V,0.000A,1.501V,0.000A,1.496V,0.000A,1.490V,0.000A,1.481V,0.000A
2024-06-18 05:10:08.00,1.550V,0.000A,1.484V,0.040A,1.509V,0.000A,1.475V,0.000A,1.482V,0.000A,1.511V,0.017A,1.487V,0.000A,1.514V,0.000A
2024-06-18 05:10:09.00,1.488V,0.000A,1.509V,0.009A,1.471V,0.000A,1.507V,0.000A,1.496V,0.000A,1.491V,0.000A,1.508V,0.000A,1.483V,0.000A
2024-06-18 05:10:10.00,1.533V,0.000A,1.492V,0.000A,1.539V,0.000A,1.504V,0.000A,1.486V,0.000A,1.534V,0.000A,1.496V,0.000A,1.537V,0.000A
2024-06-18 05:10:11.00,1.462V,0.000A,1.531V,0.001A,1.488V,0.000A,1.480V,0.000A,1.506V,0.000A,1.464V,0.080A,1.523V,0.000A,1.475V,0.000A
2024-06-18 05:10:12.00,1.526V,0.000A,1.503V,0.000A,1.465V,0.000A,1.511V,0.000A,1.495V,0.000A,1.504V,0.000A,1.488V,0.000A,1.503V,0.000A
2024-06-18 05:10:13.00,1.513V,0.000A,1.484V,0.000A,1.544V,0.000A,1.494V,0.000A,1.501V,0.000A,1.503V,0.001A,1.481V,0.000A,1.513V,0.000A
2024-06-18 05:10:14.00,1.475V,0.000A,1.504V,0.012A,1.514V,0.000A,1.514V,0.000A,1.517V,0.000A,1.492V,0.000A,1.509V,0.000A,1.513V,0.000A
2024-06-18 05:10:15.00,1.498V,0.000A,1.520V,0.000A,1.487V,0.000A,1.528V,0.000A,1.501V,0.000A,1.482V,0.011A,1.500V,0.000A,1.492V,0.000A
2024-06-18 05:10:16.00,1.451V,0.000A,1.491V,0.010A,1.510V,0.000A,1.491V,0.000A,1.487V,0.014A,1.467V,0.000A,1.481V,0.000A,1.510V,0.000A
2024-06-18 05:10:17.00,1.479V,0.000A,1.500V,0.015A,1.484V,0.000A,1.496V,0.000A,1.519V,0.004A,1.465V,0.000A,1.509V,0.000A,1.479V,0.000A
2024-06-18 05:10:18.00,1.542V,0.000A,1.509V,0.004A,1.516V,0.000A,1.497V,0.000A,1.487V,0.000A,1.533V,0.006A,1.506V,0.000A,1.548V,0.000A
2024-06-18 05:10:19.00,1.486V,0.000A,1.511V,0.000A,1.482V,0.000A,1.500V,0.000A,1.517V,0.000A,1.480V,0.000A,1.525V,0.000A,1.486V,0.000A
2024-06-18 05:10:20.00,1.518V,0.000A,1.517V,0.000A,1.556V,0.000A,1.509V,0.000A,1.484V,0.000A,1.531V,0.002A,1.500V,0.000A,1.548V,0.000A
2024-06-18 05:10:21.00,1.524V,0.000A,1.563V,0.000A,1.513V,0.000A,1.550V,0.000A,1.561V,0.000A,1.517V,0.000A,1.566V,0.000A,1.517V,0.000A
2024-06-18 05:10:22.00,1.424V,0.002A,1.425V,0.045A,1.443V,0.001A,1.407V,0.000A,1.474V,0.000A,1.420V,0.125A,1.452V,0.007A,1.435V,0.000A
2024-06-18 05:10:23.00,1.514V,0.004A,1.492V,0.004A,1.537V,0.000A,1.496V,0.000A,1.488V,0.000A,1.535V,0.034A,1.473V,0.000A,1.527V,0.000A
2024-06-18 05:10:24.00,1.404V,0.111A,1.415V,0.067A,1.372V,0.000A,1.413V,0.000A,1.388V,0.000A,1.370V,0.087A,1.408V,0.093A,1.417V,0.000A
2024-06-18 05:10:25.00,1.502V,0.000A,1.525V,0.012A,1.490V,0.000A,1.543V,0.000A,1.513V,0.000A,1.480V,0.000A,1.515V,0.000A,1.482V,0.000A
2024-06-18 05:10:26.00,1.467V,0.000A,1.488V,0.000A,1.422V,0.000A,1.446V,0.000A,1.509V,0.000A,1.494V,0.024A,1.530V,0.000A,1.496V,0.000A
2024-06-18 05:10:27.00,1.507V,0.000A,1.515V,0.000A,1.546V,0.000A,1.517V,0.000A,1.496V,0.000A,1.515V,0.012A,1.482V,0.000A,1.549V,0.000A
2024-06-18 05:10:28.00,1.504V,0.000A,1.551V,0.000A,1.514V,0.000A,1.565V,0.000A,1.557V,0.000A,1.500V,0.000A,1.549V,0.000A,1.509V,0.000A
2024-06-18 05:10:29.00,1.552V,0.000A,1.506V,0.000A,1.561V,0.000A,1.518V,0.000A,1.509V,0.000A,1.546V,0.000A,1.505V,0.000A,1.550V,0.000A
2024-06-18 05:10:30.00,1.492V,0.000A,1.558V,0.000A,1.498V,0.000A,1.562V,0.000A,1.545V,0.000A,1.494V,0.000A,1.549V,0.000A,1.497V,0.000A
2024-06-18 05:10:31.00,1.510V,0.000A,1.538V,0.005A,1.509V,0.000A,1.550V,0.000A,1.554V,0.000A,1.505V,0.000A,1.545V,0.000A,1.491V,0.000A
2024-06-18 05:10:32.00,1.485V,0.000A,1.549V,0.000A,1.511V,0.000A,1.517V,0.000A,1.510V,0.000A,1.483V,0.000A,1.525V,0.000A,1.499V,0.000A
2024-06-18 05:10:33.00,1.421V,0.184A,1.410V,0.000A,1.392V,0.000A,1.384V,0.000A,1.422V,0.000A,1.395V,0.003A,1.484V,0.169A,1.418V,0.000A
2024-06-18 05:10:34.00,1.532V,0.000A,1.492V,0.000A,1.542V,0.000A,1.516V,0.000A,1.482V,0.000A,1.526V,0.016A,1.485V,0.000A,1.521V,0.000A
2024-06-18 05:10:35.00,1.475V,0.000A,1.514V,0.003A,1.456V,0.000A,1.514V,0.000A,1.510V,0.000A,1.459V,0.012A,1.504V,0.000A,1.458V,0.000A
2024-06-18 05:10:36.00,1.560V,0.000A,1.512V,0.000A,1.550V,0.000A,1.509V,0.000A,1.523V,0.000A,1.554V,0.000A,1.513V,0.000A,1.550V,0.000A
2024-06-18 05:10:37.00,1.484V,0.000A,1.537V,0.002A,1.492V,0.000A,1.537V,0.000A,1.542V,0.000A,1.494V,0.000A,1.530V,0.000A,1.478V,0.000A
2024-06-18 05:10:38.00,1.521V,0.000A,1.518V,0.000A,1.508V,0.000A,1.540V,0.000A,1.517V,0.000A,1.500V,0.014A,1.529V,0.000A,1.511V,0.000A
2024-06-18 05:10:39.00,1.555V,0.000A,1.511V,0.005A,1.543V,0.000A,1.505V,0.000A,1.513V,0.000A,1.558V,0.000A,1.510V,0.000A,1.540V,0.000A
2024-06-18 05:10:40.00,1.539V,0.000A,1.507V,0.000A,1.554V,0.000A,1.510V,0.000A,1.501V,0.000A,1.539V,0.005A,1.497V,0.000A,1.537V,0.000A
2024-06-18 05:10:41.00,1.517V,0.000A,1.501V,0.000A,1.538V,0.000A,1.500V,0.000A,1.484V,0.000A,1.498V,0.006A,1.504V,0.024A,1.533V,0.000A
2024-06-18 05:10:42.00,1.484V,0.000A,1.484V,0.000A,1.459V,0.075A,1.476V,0.000A,1.537V,0.000A,1.487V,0.000A,1.522V,0.000A,1.488V,0.000A
2024-06-18 05:10:43.00,1.560V,0.000A,1.508V,0.000A,1.545V,0.000A,1.483V,0.000A,1.517V,0.000A,1.557V,0.000A,1.521V,0.000A,1.556V,0.000A
2024-06-18 05:10:44.00,1.496V,0.000A,1.557V,0.000A,1.527V,0.000A,1.545V,0.000A,1.504V,0.000A,1.492V,0.008A,1.520V,0.000A,1.505V,0.000A
2024-06-18 05:10:45.00,1.415V,0.024A,1.389V,0.069A,1.409V,0.008A,1.392V,0.000A,1.464V,0.000A,1.381V,0.064A,1.455V,0.016A,1.401V,0.000A
2024-06-18 05:10:46.00,1.388V,0.211A,1.374V,0.000A,1.506V,0.000A,1.513V,0.000A,1.397V,0.004A,1.382V,0.004A,1.402V,0.194A,1.431V,0.000A
2024-06-18 05:10:47.00,1.486V,0.000A,1.469V,0.026A,1.442V,0.000A,1.474V,0.000A,1.482V,0.117A,1.455V,0.000A,1.469V,0.000A,1.456V,0.000A
2024-06-18 05:10:48.00,1.341V,0.000A,1.405V,0.235A,1.340V,0.000A,1.328V,0.000A,1.369V,0.000A,1.357V,0.443A,1.347V,0.000A,1.363V,0.000A
2024-06-18 05:10:49.00,1.513V,0.000A,1.526V,0.000A,1.514V,0.000A,1.517V,0.000A,1.520V,0.000A,1.510V,0.002A,1.512V,0.000A,1.510V,0.000A
2024-06-18 05:10:50.00,1.374V,0.000A,1.359V,0.172A,1.408V,0.007A,1.380V,0.000A,1.428V,0.000A,1.382V,0.356A,1.418V,0.000A,1.390V,0.000A
2024-06-18 05:10:51.00,1.366V,0.000A,1.401V,0.243A,1.363V,0.000A,1.402V,0.000A,1.388V,0.000A,1.359V,0.556A,1.359V,0.000A,1.409V,0.000A
2024-06-18 05:10:52.00,1.542V,0.000A,1.508V,0.011A,1.480V,0.000A,1.530V,0.000A,1.513V,0.000A,1.530V,0.000A,1.510V,0.000A,1.511V,0.000A
2024-06-18 05:10:53.00,1.499V,0.000A,1.496V,0.000A,1.539V,0.000A,1.505V,0.000A,1.554V,0.000A,1.501V,0.011A,1.529V,0.000A,1.503V,0.000A
2024-06-18 05:10:54.00,1.409V,0.000A,1.421V,0.033A,1.477V,0.000A,1.422V,0.000A,1.452V,0.000A,1.423V,0.165A,1.451V,0.000A,1.443V,0.000A
2024-06-18 05:10:55.00,1.451V,0.008A,1.477V,0.015A,1.430V,0.004A,1.412V,0.008A,1.425V,0.000A,1.431V,0.079A,1.446V,0.000A,1.430V,0.000A
2024-06-18 05:10:56.00,1.443V,0.008A,1.471V,0.000A,1.442V,0.012A,1.431V,0.018A,1.432V,0.000A,1.474V,0.053A,1.449V,0.000A,1.421V,0.000A
2024-06-18 05:10:57.00,1.489V,0.000A,1.500V,0.000A,1.533V,0.004A,1.496V,0.000A,1.546V,0.000A,1.509V,0.001A,1.513V,0.000A,1.522V,0.000A
2024-06-18 05:10:58.00,1.501V,0.008A,1.473V,0.012A,1.445V,0.000A,1.476V,0.000A,1.454V,0.000A,1.496V,0.005A,1.464V,0.004A,1.441V,0.000A
2024-06-18 05:10:59.00,1.492V,0.006A,1.503V,0.001A,1.430V,0.000A,1.448V,0.000A,1.455V,0.000A,1.476V,0.000A,1.442V,0.071A,1.433V,0.000A
2024-06-18 05:11:00.00,1.504V,0.000A,1.525V,0.000A,1.504V,0.000A,1.514V,0.000A,1.545V,0.000A,1.521V,0.008A,1.496V,0.000A,1.534V,0.000A
2024-06-18 05:11:01.00,1.540V,0.000A,1.540V,0.000A,1.507V,0.000A,1.522V,0.000A,1.500V,0.000A,1.521V,0.000A,1.506V,0.000A,1.488V,0.000A
2024-06-18 05:11:02.00,1.509V,0.000A,1.500V,0.000A,1.480V,0.000A,1.538V,0.000A,1.486V,0.000A,1.525V,0.000A,1.493V,0.000A,1.519V,0.000A
2024-06-18 05:11:03.00,1.474V,0.005A,1.467V,0.000A,1.483V,0.003A,1.483V,0.003A,1.479V,0.000A,1.469V,0.032A,1.444V,0.000A,1.507V,0.000A
2024-06-18 05:11:04.00,1.368V,0.615A,1.451V,0.020A,1.289V,0.000A,1.275V,0.000A,1.269V,0.000A,1.291V,0.000A,1.289V,0.158A,1.330V,0.000A
2024-06-18 05:11:05.00,1.513V,0.000A,1.515V,0.004A,1.488V,0.000A,1.546V,0.000A,1.505V,0.000A,1.521V,0.008A,1.506V,0.000A,1.524V,0.000A
2024-06-18 05:11:06.00,1.499V,0.000A,1.504V,0.000A,1.530V,0.000A,1.503V,0.000A,1.490V,0.000A,1.489V,0.000A,1.538V,0.010A,1.488V,0.000A
2024-06-18 05:11:07.00,1.466V,0.000A,1.477V,0.013A,1.522V,0.000A,1.485V,0.000A,1.513V,0.000A,1.476V,0.079A,1.476V,0.000A,1.490V,0.000A
2024-06-18 05:11:08.00,1.442V,0.001A,1.404V,0.242A,1.397V,0.000A,1.397V,0.000A,1.384V,0.000A,1.363V,0.280A,1.409V,0.000A,1.398V,0.000A
2024-06-18 05:11:09.00,1.376V,0.000A,1.392V,0.193A,1.372V,0.000A,1.413V,0.000A,1.403V,0.000A,1.411V,0.300A,1.382V,0.002A,1.383V,0.000A
2024-06-18 05:11:10.00,1.533V,0.000A,1.533V,0.000A,1.494V,0.000A,1.514V,0.000A,1.504V,0.000A,1.536V,0.000A,1.505V,0.000A,1.491V,0.000A
2024-06-18 05:11:11.00,1.511V,0.000A,1.524V,0.004A,1.504V,0.000A,1.540V,0.000A,1.497V,0.000A,1.536V,0.000A,1.506V,0.000A,1.502V,0.000A
2024-06-18 05:11:12.00,1.509V,0.000A,1.500V,0.019A,1.473V,0.000A,1.511V,0.000A,1.468V,0.000A,1.529V,0.018A,1.509V,0.000A,1.532V,0.000A
2024-06-18 05:11:13.00,1.480V,0.015A,1.504V,0.000A,1.471V,0.000A,1.461V,0.000A,1.448V,0.000A,1.454V,0.000A,1.469V,0.006A,1.457V,0.000A
2024-06-18 05:11:14.00,1.495V,0.000A,1.456V,0.000A,1.517V,0.000A,1.478V,0.000A,1.511V,0.000A,1.496V,0.003A,1.474V,0.000A,1.489V,0.000A
2024-06-18 05:11:15.00,1.497V,0.002A,1.488V,0.004A,1.500V,0.000A,1.473V,0.000A,1.463V,0.000A,1.524V,0.012A,1.467V,0.000A,1.526V,0.000A
2024-06-18 05:11:16.00,1.486V,0.000A,1.489V,0.004A,1.471V,0.000A,1.510V,0.003A,1.492V,0.000A,1.470V,0.027A,1.476V,0.000A,1.488V,0.000A
2024-06-18 05:11:17.00,1.539V,0.000A,1.488V,0.023A,1.494V,0.000A,1.488V,0.004A,1.483V,0.000A,1.527V,0.000A,1.501V,0.000A,1.517V,0.000A
2024-06-18 05:11:18.00,1.495V,0.000A,1.557V,0.000A,1.526V,0.000A,1.550V,0.000A,1.542V,0.000A,1.502V,0.000A,1.545V,0.000A,1.514V,0.000A
2024-06-18 05:11:19.00,1.517V,0.000A,1.510V,0.007A,1.470V,0.000A,1.535V,0.000A,1.494V,0.000A,1.534V,0.002A,1.498V,0.000A,1.513V,0.000A
2024-06-18 05:11:20.00,1.539V,0.000A,1.527V,0.000A,1.497V,0.000A,1.495V,0.000A,1.509V,0.000A,1.512V,0.000A,1.496V,0.000A,1.483V,0.000A
2024-06-18 05:11:21.00,1.498V,0.000A,1.486V,0.000A,1.504V,0.000A,1.484V,0.000A,1.488V,0.000A,1.498V,0.046A,1.487V,0.000A,1.509V,0.000A
2024-06-18 05:11:22.00,1.495V,0.000A,1.532V,0.000A,1.509V,0.000A,1.484V,0.000A,1.552V,0.000A,1.496V,0.000A,1.550V,0.000A,1.516V,0.000A
2024-06-18 05:11:23.00,1.486V,0.001A,1.455V,0.004A,1.478V,0.000A,1.456V,0.000A,1.500V,0.000A,1.475V,0.035A,1.485V,0.000A,1.474V,0.000A
2024-06-18 05:11:24.00,1.448V,0.000A,1.428V,0.170A,1.412V,0.000A,1.471V,0.000A,1.413V,0.000A,1.471V,0.051A,1.427V,0.002A,1.473V,0.000A
2024-06-18 05:11:25.00,1.417V,0.024A,1.409V,0.012A,1.431V,0.003A,1.409V,0.000A,1.467V,0.000A,1.402V,0.074A,1.489V,0.047A,1.430V,0.000A
2024-06-18 05:11:26.00,1.527V,0.000A,1.515V,0.004A,1.494V,0.000A,1.545V,0.000A,1.486V,0.000A,1.547V,0.000A,1.514V,0.000A,1.527V,0.000A
2024-06-18 05:11:27.00,1.427V,0.136A,1.426V,0.004A,1.423V,0.000A,1.403V,0.000A,1.409V,0.000A,1.424V,0.001A,1.469V,0.202A,1.407V,0.000A
2024-06-18 05:11:28.00,1.515V,0.000A,1.517V,0.000A,1.527V,0.000A,1.509V,0.000A,1.478V,0.000A,1.541V,0.002A,1.513V,0.000A,1.556V,0.000A
2024-06-18 05:11:29.00,1.507V,0.000A,1.500V,0.000A,1.549V,0.000A,1.521V,0.000A,1.493V,0.000A,1.519V,0.006A,1.498V,0.000A,1.550V,0.000A
2024-06-18 05:11:30.00,1.499V,0.000A,1.506V,0.000A,1.529V,0.000A,1.509V,0.000A,1.521V,0.000A,1.504V,0.007A,1.491V,0.000A,1.531V,0.000A
2024-06-18 05:11:31.00,1.494V,0.000A,1.527V,0.000A,1.494V,0.000A,1.488V,0.000A,1.483V,0.000A,1.469V,0.000A,1.506V,0.000A,1.472V,0.000A
2024-06-18 05:11:32.00,1.460V,0.000A,1.446V,0.087A,1.430V,0.000A,1.426V,0.000A,1.436V,0.000A,1.460V,0.045A,1.429V,0.000A,1.493V,0.000A
2024-06-18 05:11:33.00,1.541V,0.000A,1.512V,0.006A,1.497V,0.000A,1.513V,0.000A,1.513V,0.000A,1.556V,0.000A,1.511V,0.000A,1.531V,0.000A
2024-06-18 05:11:34.00,1.476V,0.000A,1.489V,0.000A,1.525V,0.000A,1.491V,0.012A,1.523V,0.000A,1.500V,0.007A,1.496V,0.000A,1.500V,0.000A
2024-06-18 05:11:35.00,1.396V,0.015A,1.392V,0.002A,1.375V,0.000A,1.411V,0.000A,1.411V,0.000A,1.386V,0.136A,1.416V,0.249A,1.407V,0.000A
2024-06-18 05:11:36.00,1.544V,0.000A,1.525V,0.000A,1.469V,0.000A,1.469V,0.000A,1.496V,0.000A,1.503V,0.007A,1.510V,0.000A,1.459V,0.000A
2024-06-18 05:11:37.00,1.447V,0.001A,1.433V,0.016A,1.458V,0.000A,1.414V,0.000A,1.442V,0.000A,1.422V,0.086A,1.452V,0.052A,1.426V,0.000A
2024-06-18 05:11:38.00,1.416V,0.053A,1.413V,0.087A,1.399V,0.000A,1.464V,0.000A,1.446V,0.000A,1.419V,0.100A,1.407V,0.070A,1.458V,0.000A
2024-06-18 05:11:39.00,1.427V,0.025A,1.407V,0.091A,1.408V,0.000A,1.471V,0.000A,1.459V,0.000A,1.420V,0.111A,1.398V,0.075A,1.459V,0.000A
2024-06-18 05:11:40.00,1.451V,0.040A,1.427V,0.009A,1.452V,0.000A,1.419V,0.000A,1.413V,0.000A,1.424V,0.024A,1.434V,0.056A,1.422V,0.000A
2024-06-18 05:11:41.00,1.442V,0.055A,1.437V,0.069A,1.424V,0.000A,1.425V,0.000A,1.445V,0.000A,1.427V,0.047A,1.420V,0.091A,1.438V,0.000A
2024-06-18 05:11:42.00,1.430V,0.074A,1.432V,0.034A,1.419V,0.000A,1.428V,0.000A,1.446V,0.000A,1.426V,0.030A,1.418V,0.111A,1.435V,0.000A
2024-06-18 05:11:43.00,1.426V,0.113A,1.459V,0.000A,1.432V,0.000A,1.414V,0.000A,1.426V,0.000A,1.458V,0.024A,1.409V,0.090A,1.426V,0.000A
2024-06-18 05:11:44.00,1.504V,0.000A,1.525V,0.012A,1.488V,0.000A,1.513V,0.000A,1.516V,0.000A,1.519V,0.001A,1.494V,0.000A,1.509V,0.000A
2024-06-18 05:11:45.00,1.507V,0.000A,1.519V,0.010A,1.500V,0.000A,1.512V,0.000A,1.542V,0.000A,1.513V,0.007A,1.509V,0.000A,1.514V,0.000A
2024-06-18 05:11:46.00,1.417V,0.001A,1.417V,0.005A,1.427V,0.000A,1.432V,0.000A,1.411V,0.000A,1.401V,0.206A,1.440V,0.087A,1.426V,0.000A
2024-06-18 05:11:47.00,1.424V,0.000A,1.420V,0.082A,1.405V,0.000A,1.418V,0.000A,1.383V,0.000A,1.392V,0.226A,1.427V,0.034A,1.419V,0.000A
2024-06-18 05:11:48.00,1.373V,0.165A,1.402V,0.019A,1.380V,0.000A,1.395V,0.000A,1.391V,0.004A,1.388V,0.020A,1.385V,0.236A,1.410V,0.000A
2024-06-18 05:11:49.00,1.423V,0.128A,1.399V,0.002A,1.383V,0.019A,1.381V,0.000A,1.399V,0.000A,1.393V,0.026A,1.388V,0.315A,1.400V,0.000A
2024-06-18 05:11:50.00,1.483V,0.012A,1.480V,0.000A,1.461V,0.000A,1.450V,0.000A,1.459V,0.000A,1.475V,0.000A,1.451V,0.077A,1.475V,0.000A
2024-06-18 05:11:51.00,1.516V,0.000A,1.504V,0.008A,1.496V,0.000A,1.537V,0.000A,1.518V,0.000A,1.498V,0.000A,1.520V,0.000A,1.525V,0.000A
2024-06-18 05:11:52.00,1.504V,0.000A,1.523V,0.000A,1.496V,0.000A,1.513V,0.000A,1.545V,0.000A,1.506V,0.009A,1.492V,0.000A,1.538V,0.000A
2024-06-18 05:11:53.00,1.547V,0.000A,1.548V,0.000A,1.510V,0.000A,1.515V,0.000A,1.512V,0.000A,1.533V,0.000A,1.514V,0.000A,1.496V,0.000A
2024-06-18 05:11:54.00,1.544V,0.000A,1.535V,0.000A,1.507V,0.000A,1.543V,0.000A,1.501V,0.000A,1.519V,0.000A,1.517V,0.000A,1.492V,0.000A
2024-06-18 05:11:55.00,1.492V,0.000A,1.486V,0.000A,1.533V,0.000A,1.496V,0.000A,1.528V,0.000A,1.495V,0.015A,1.485V,0.000A,1.514V,0.000A
2024-06-18 05:11:56.00,1.487V,0.000A,1.492V,0.000A,1.484V,0.000A,1.500V,0.000A,1.491V,0.000A,1.489V,0.014A,1.465V,0.000A,1.517V,0.000A
2024-06-18 05:11:57.00,1.490V,0.000A,1.482V,0.000A,1.537V,0.000A,1.499V,0.000A,1.488V,0.000A,1.491V,0.001A,1.467V,0.000A,1.513V,0.000A
2024-06-18 05:11:58.00,1.474V,0.000A,1.489V,0.000A,1.524V,0.000A,1.496V,0.000A,1.491V,0.000A,1.471V,0.000A,1.517V,0.000A,1.499V,0.000A
2024-06-18 05:11:59.00,1.469V,0.000A,1.470V,0.009A,1.483V,0.000A,1.510V,0.000A,1.510V,0.000A,1.473V,0.018A,1.487V,0.000A,1.497V,0.000A
2024-06-18 05:12:00.00,1.495V,0.000A,1.485V,0.000A,1.509V,0.000A,1.496V,0.000A,1.478V,0.000A,1.484V,0.003A,1.465V,0.000A,1.521V,0.000A
2024-06-18 05:12:01.00,1.492V,0.000A,1.457V,0.000A,1.506V,0.000A,1.463V,0.000A,1.477V,0.000A,1.466V,0.005A,1.498V,0.000A,1.480V,0.000A
2024-06-18 05:12:02.00,1.499V,0.029A,1.452V,0.006A,1.447V,0.000A,1.421V,0.000A,1.420V,0.000A,1.458V,0.083A,1.449V,0.001A,1.417V,0.000A
2024-06-18 05:12:03.00,1.485V,0.000A,1.524V,0.000A,1.484V,0.000A,1.460V,0.000A,1.480V,0.000A,1.520V,0.000A,1.484V,0.000A,1.472V,0.000A
2024-06-18 05:12:04.00,1.502V,0.000A,1.517V,0.004A,1.481V,0.000A,1.502V,0.000A,1.479V,0.000A,1.503V,0.000A,1.484V,0.000A,1.474V,0.000A
2024-06-18 05:12:05.00,1.482V,0.000A,1.463V,0.000A,1.507V,0.000A,1.478V,0.000A,1.480V,0.000A,1.446V,0.000A,1.509V,0.000A,1.471V,0.000A
2024-06-18 05:12:06.00,1.463V,0.000A,1.473V,0.002A,1.487V,0.000A,1.463V,0.007A,1.455V,0.000A,1.468V,0.001A,1.431V,0.000A,1.495V,0.000A
2024-06-18 05:12:07.00,1.502V,0.000A,1.456V,0.000A,1.500V,0.006A,1.458V,0.001A,1.478V,0.000A,1.451V,0.000A,1.504V,0.000A,1.460V,0.000A
2024-06-18 05:12:08.00,1.467V,0.000A,1.473V,0.000A,1.525V,0.000A,1.458V,0.000A,1.502V,0.000A,1.467V,0.000A,1.484V,0.000A,1.484V,0.000A
2024-06-18 05:12:09.00,1.456V,0.000A,1.459V,0.000A,1.523V,0.000A,1.478V,0.000A,1.522V,0.000A,1.467V,0.022A,1.499V,0.000A,1.469V,0.000A
2024-06-18 05:12:10.00,1.468V,0.000A,1.485V,0.011A,1.462V,0.000A,1.506V,0.000A,1.436V,0.000A,1.486V,0.012A,1.451V,0.000A,1.498V,0.000A
2024-06-18 05:12:11.00,1.438V,0.000A,1.454V,0.004A,1.452V,0.000A,1.496V,0.000A,1.471V,0.000A,1.456V,0.000A,1.436V,0.000A,1.486V,0.000A
2024-06-18 05:12:12.00,1.489V,0.000A,1.475V,0.017A,1.484V,0.000A,1.495V,0.000A,1.467V,0.000A,1.499V,0.014A,1.463V,0.000A,1.530V,0.000A
2024-06-18 05:12:13.00,1.484V,0.000A,1.492V,0.005A,1.443V,0.000A,1.504V,0.000A,1.463V,0.000A,1.483V,0.000A,1.455V,0.000A,1.492V,0.000A
2024-06-18 05:12:14.00,1.481V,0.000A,1.477V,0.001A,1.456V,0.012A,1.445V,0.000A,1.448V,0.000A,1.488V,0.000A,1.479V,0.000A,1.453V,0.000A
2024-06-18 05:12:15.00,1.489V,0.000A,1.462V,0.000A,1.498V,0.000A,1.491V,0.000A,1.467V,0.000A,1.461V,0.000A,1.491V,0.000A,1.459V,0.000A
2024-06-18 05:12:16.00,1.455V,0.000A,1.480V,0.000A,1.473V,0.000A,1.500V,0.000A,1.498V,0.000A,1.468V,0.000A,1.459V,0.000A,1.507V,0.000A
2024-06-18 05:12:17.00,1.445V,0.011A,1.416V,0.000A,1.445V,0.000A,1.417V,0.000A,1.437V,0.000A,1.408V,0.000A,1.468V,0.131A,1.413V,0.000A
2024-06-18 05:12:18.00,1.471V,0.000A,1.465V,0.000A,1.503V,0.000A,1.473V,0.000A,1.494V,0.000A,1.464V,0.000A,1.514V,0.000A,1.475V,0.000A
2024-06-18 05:12:19.00,1.485V,0.000A,1.468V,0.000A,1.489V,0.000A,1.467V,0.000A,1.482V,0.000A,1.451V,0.000A,1.510V,0.000A,1.475V,0.000A
2024-06-18 05:12:20.00,1.496V,0.000A,1.469V,0.000A,1.460V,0.000A,1.461V,0.000A,1.453V,0.000A,1.447V,0.000A,1.480V,0.013A,1.443V,0.000A
2024-06-18 05:12:21.00,1.471V,0.000A,1.434V,0.009A,1.462V,0.000A,1.483V,0.000A,1.471V,0.000A,1.446V,0.021A,1.468V,0.000A,1.453V,0.000A
2024-06-18 05:12:22.00,1.458V,0.000A,1.449V,0.001A,1.498V,0.001A,1.457V,0.000A,1.488V,0.000A,1.463V,0.024A,1.478V,0.000A,1.471V,0.000A
2024-06-18 05:12:23.00,1.484V,0.000A,1.468V,0.014A,1.460V,0.000A,1.441V,0.000A,1.434V,0.000A,1.480V,0.008A,1.459V,0.004A,1.439V,0.000A
2024-06-18 05:12:24.00,1.525V,0.000A,1.514V,0.000A,1.492V,0.000A,1.471V,0.000A,1.482V,0.000A,1.476V,0.000A,1.507V,0.000A,1.460V,0.000A
2024-06-18 05:12:25.00,1.430V,0.000A,1.381V,0.062A,1.401V,0.000A,1.417V,0.000A,1.407V,0.000A,1.380V,0.152A,1.424V,0.000A,1.397V,0.000A
2024-06-18 05:12:26.00,1.468V,0.000A,1.463V,0.000A,1.511V,0.000A,1.488V,0.000A,1.504V,0.000A,1.468V,0.000A,1.497V,0.000A,1.487V,0.000A
2024-06-18 05:12:27.00,1.488V,0.000A,1.499V,0.014A,1.468V,0.000A,1.488V,0.000A,1.472V,0.000A,1.489V,0.001A,1.478V,0.000A,1.463V,0.000A
2024-06-18 05:12:28.00,1.500V,0.000A,1.520V,0.000A,1.499V,0.000A,1.515V,0.000A,1.496V,0.000A,1.472V,0.000A,1.518V,0.000A,1.480V,0.000A
2024-06-18 05:12:29.00,1.433V,0.000A,1.439V,0.004A,1.436V,0.000A,1.426V,0.000A,1.442V,0.000A,1.403V,0.047A,1.463V,0.000A,1.426V,0.000A
2024-06-18 05:12:30.00,1.472V,0.000A,1.514V,0.000A,1.482V,0.000A,1.475V,0.000A,1.500V,0.000A,1.503V,0.004A,1.484V,0.000A,1.471V,0.000A
2024-06-18 05:12:31.00,1.509V,0.000A,1.481V,0.008A,1.463V,0.000A,1.511V,0.000A,1.490V,0.000A,1.462V,0.011A,1.483V,0.000A,1.510V,0.000A
2024-06-18 05:12:32.00,1.506V,0.000A,1.466V,0.001A,1.505V,0.000A,1.481V,0.000A,1.480V,0.000A,1.471V,0.007A,1.509V,0.000A,1.474V,0.000A
2024-06-18 05:12:33.00,1.472V,0.000A,1.488V,0.001A,1.474V,0.000A,1.500V,0.000A,1.509V,0.000A,1.490V,0.002A,1.473V,0.000A,1.512V,0.000A
2024-06-18 05:12:34.00,1.468V,0.074A,1.428V,0.020A,1.420V,0.000A,1.424V,0.000A,1.423V,0.000A,1.412V,0.023A,1.440V,0.048A,1.438V,0.000A
2024-06-18 05:12:35.00,1.463V,0.000A,1.484V,0.012A,1.451V,0.000A,1.467V,0.000A,1.491V,0.000A,1.470V,0.019A,1.461V,0.000A,1.479V,0.000A
2024-06-18 05:12:36.00,1.482V,0.004A,1.477V,0.000A,1.493V,0.000A,1.471V,0.000A,1.446V,0.000A,1.473V,0.000A,1.489V,0.000A,1.458V,0.000A
2024-06-18 05:12:37.00,1.488V,0.000A,1.452V,0.016A,1.460V,0.000A,1.488V,0.000A,1.474V,0.000A,1.447V,0.015A,1.471V,0.000A,1.484V,0.000A
2024-06-18 05:12:38.00,1.495V,0.000A,1.473V,0.005A,1.488V,0.000A,1.503V,0.000A,1.484V,0.000A,1.459V,0.016A,1.482V,0.000A,1.491V,0.000A
2024-06-18 05:12:39.00,1.520V,0.000A,1.476V,0.000A,1.517V,0.000A,1.481V,0.000A,1.489V,0.000A,1.472V,0.000A,1.513V,0.000A,1.488V,0.000A
2024-06-18 05:12:40.00,1.370V,0.053A,1.391V,0.001A,1.397V,0.000A,1.363V,0.000A,1.381V,0.000A,1.375V,0.117A,1.384V,0.270A,1.352V,0.000A
2024-06-18 05:12:41.00,1.509V,0.000A,1.480V,0.004A,1.495V,0.000A,1.513V,0.000A,1.483V,0.000A,1.480V,0.000A,1.511V,0.000A,1.505V,0.000A
2024-06-18 05:12:42.00,1.395V,0.140A,1.376V,0.000A,1.388V,0.000A,1.355V,0.000A,1.358V,0.000A,1.377V,0.000A,1.402V,0.252A,1.384V,0.000A
2024-06-18 05:12:43.00,1.324V,0.000A,1.330V,0.413A,1.313V,0.004A,1.325V,0.000A,1.317V,0.000A,1.350V,0.438A,1.324V,0.000A,1.318V,0.000A
2024-06-18 05:12:44.00,1.342V,0.000A,1.442V,0.119A,1.485V,0.000A,1.351V,0.000A,1.339V,0.000A,1.389V,0.445A,1.379V,0.000A,1.342V,0.000A
2024-06-18 05:12:45.00,1.400V,0.262A,1.359V,0.000A,1.342V,0.016A,1.371V,0.006A,1.345V,0.000A,1.354V,0.000A,1.373V,0.199A,1.350V,0.000A
2024-06-18 05:12:46.00,1.335V,0.171A,1.338V,0.000A,1.353V,0.024A,1.343V,0.043A,1.321V,0.000A,1.347V,0.000A,1.359V,0.244A,1.377V,0.000A
2024-06-18 05:12:47.00,1.360V,0.263A,1.372V,0.001A,1.368V,0.000A,1.357V,0.000A,1.380V,0.000A,1.379V,0.000A,1.395V,0.155A,1.377V,0.000A
2024-06-18 05:12:48.00,1.397V,0.294A,1.373V,0.000A,1.379V,0.000A,1.380V,0.000A,1.360V,0.000A,1.345V,0.000A,1.378V,0.236A,1.380V,0.000A
2024-06-18 05:12:49.00,1.368V,0.180A,1.333V,0.002A,1.355V,0.000A,1.368V,0.000A,1.369V,0.000A,1.369V,0.001A,1.316V,0.266A,1.334V,0.000A
2024-06-18 05:12:50.00,1.344V,0.016A,1.343V,0.059A,1.339V,0.000A,1.347V,0.000A,1.345V,0.165A,1.339V,0.058A,1.301V,0.047A,1.346V,0.016A
2024-06-18 05:12:51.00,1.462V,0.000A,1.452V,0.002A,1.465V,0.016A,1.465V,0.000A,1.460V,0.000A,1.474V,0.003A,1.470V,0.000A,1.451V,0.000A
2024-06-18 05:12:52.00,1.501V,0.000A,1.487V,0.000A,1.489V,0.000A,1.490V,0.000A,1.480V,0.000A,1.466V,0.000A,1.480V,0.000A,1.487V,0.000A
2024-06-18 05:12:53.00,1.374V,0.236A,1.384V,0.000A,1.384V,0.000A,1.381V,0.000A,1.356V,0.000A,1.368V,0.015A,1.401V,0.178A,1.378V,0.000A
2024-06-18 05:12:54.00,1.378V,0.162A,1.329V,0.004A,1.355V,0.000A,1.340V,0.000A,1.330V,0.000A,1.346V,0.041A,1.364V,0.083A,1.318V,0.000A
2024-06-18 05:12:55.00,1.342V,0.041A,1.371V,0.016A,1.392V,0.038A,1.384V,0.000A,1.356V,0.000A,1.382V,0.080A,1.359V,0.204A,1.373V,0.000A
2024-06-18 05:12:56.00,1.370V,0.135A,1.373V,0.001A,1.368V,0.008A,1.374V,0.000A,1.350V,0.000A,1.351V,0.013A,1.384V,0.327A,1.389V,0.000A
2024-06-18 05:12:57.00,1.398V,0.016A,1.387V,0.089A,1.400V,0.000A,1.384V,0.000A,1.386V,0.000A,1.388V,0.079A,1.391V,0.016A,1.383V,0.000A
2024-06-18 05:12:58.00,1.409V,0.000A,1.424V,0.095A,1.411V,0.002A,1.400V,0.000A,1.406V,0.000A,1.417V,0.024A,1.447V,0.239A,1.407V,0.000A
2024-06-18 05:12:59.00,1.409V,0.013A,1.426V,0.066A,1.380V,0.000A,1.392V,0.000A,1.387V,0.000A,1.385V,0.095A,1.388V,0.022A,1.368V,0.004A
2024-06-18 05:13:00.00,1.389V,0.040A,1.411V,0.030A,1.409V,0.000A,1.395V,0.000A,1.386V,0.000A,1.406V,0.087A,1.393V,0.001A,1.390V,0.000A
2024-06-18 05:13:01.00,1.475V,0.000A,1.454V,0.007A,1.473V,0.000A,1.471V,0.000A,1.476V,0.000A,1.468V,0.020A,1.452V,0.000A,1.459V,0.000A
2024-06-18 05:13:02.00,1.504V,0.000A,1.487V,0.001A,1.488V,0.000A,1.488V,0.000A,1.495V,0.000A,1.471V,0.000A,1.469V,0.000A,1.483V,0.000A
2024-06-18 05:13:03.00,1.482V,0.000A,1.465V,0.006A,1.459V,0.000A,1.451V,0.000A,1.479V,0.000A,1.484V,0.002A,1.488V,0.000A,1.489V,0.000A
2024-06-18 05:13:04.00,1.454V,0.000A,1.471V,0.007A,1.466V,0.000A,1.469V,0.000A,1.459V,0.000A,1.461V,0.000A,1.472V,0.000A,1.458V,0.000A
2024-06-18 05:13:05.00,1.468V,0.000A,1.457V,0.000A,1.463V,0.000A,1.431V,0.000A,1.458V,0.000A,1.455V,0.015A,1.434V,0.000A,1.451V,0.000A
2024-06-18 05:13:06.00,1.474V,0.000A,1.418V,0.023A,1.462V,0.010A,1.442V,0.000A,1.454V,0.000A,1.471V,0.000A,1.440V,0.001A,1.437V,0.000A
2024-06-18 05:13:07.00,1.489V,0.000A,1.483V,0.000A,1.492V,0.000A,1.498V,0.000A,1.493V,0.000A,1.488V,0.000A,1.471V,0.000A,1.482V,0.000A
2024-06-18 05:13:08.00,1.475V,0.000A,1.476V,0.004A,1.459V,0.000A,1.468V,0.000A,1.470V,0.000A,1.477V,0.000A,1.500V,0.000A,1.488V,0.000A
2024-06-18 05:13:09.00,1.413V,0.010A,1.388V,0.037A,1.376V,0.000A,1.402V,0.000A,1.395V,0.000A,1.397V,0.094A,1.397V,0.074A,1.405V,0.000A
2024-06-18 05:13:10.00,1.479V,0.000A,1.486V,0.004A,1.475V,0.000A,1.475V,0.000A,1.488V,0.000A,1.490V,0.000A,1.481V,0.000A,1.488V,0.000A
2024-06-18 05:13:11.00,1.450V,0.000A,1.458V,0.000A,1.440V,0.020A,1.448V,0.000A,1.419V,0.000A,1.451V,0.005A,1.467V,0.000A,1.452V,0.011A
2024-06-18 05:13:12.00,1.367V,0.097A,1.362V,0.027A,1.398V,0.000A,1.367V,0.000A,1.342V,0.000A,1.361V,0.306A,1.381V,0.000A,1.363V,0.000A
2024-06-18 05:13:13.00,1.410V,0.004A,1.392V,0.055A,1.384V,0.000A,1.380V,0.000A,1.385V,0.000A,1.433V,0.092A,1.424V,0.043A,1.398V,0.000A
2024-06-18 05:13:14.00,1.410V,0.003A,1.384V,0.031A,1.373V,0.000A,1.392V,0.000A,1.399V,0.000A,1.384V,0.116A,1.426V,0.041A,1.409V,0.000A
2024-06-18 05:13:15.00,1.394V,0.132A,1.395V,0.001A,1.401V,0.000A,1.383V,0.000A,1.383V,0.000A,1.372V,0.033A,1.380V,0.132A,1.396V,0.000A
2024-06-18 05:13:16.00,1.439V,0.000A,1.428V,0.022A,1.451V,0.000A,1.451V,0.000A,1.451V,0.000A,1.439V,0.058A,1.454V,0.000A,1.440V,0.000A
2024-06-18 05:13:17.00,1.471V,0.000A,1.466V,0.000A,1.466V,0.000A,1.476V,0.000A,1.471V,0.000A,1.455V,0.000A,1.455V,0.000A,1.455V,0.000A
2024-06-18 05:13:18.00,1.436V,0.000A,1.444V,0.014A,1.438V,0.000A,1.446V,0.000A,1.441V,0.000A,1.437V,0.033A,1.451V,0.000A,1.423V,0.000A
2024-06-18 05:13:19.00,1.460V,0.000A,1.477V,0.000A,1.488V,0.000A,1.497V,0.000A,1.460V,0.000A,1.475V,0.000A,1.487V,0.000A,1.480V,0.000A
2024-06-18 05:13:20.00,1.489V,0.000A,1.480V,0.000A,1.475V,0.000A,1.479V,0.000A,1.474V,0.000A,1.461V,0.005A,1.459V,0.000A,1.471V,0.000A
2024-06-18 05:13:21.00,1.484V,0.000A,1.485V,0.004A,1.463V,0.000A,1.457V,0.000A,1.462V,0.000A,1.467V,0.004A,1.475V,0.000A,1.490V,0.000A
2024-06-18 05:13:22.00,1.459V,0.000A,1.466V,0.000A,1.456V,0.000A,1.458V,0.000A,1.463V,0.000A,1.475V,0.000A,1.486V,0.000A,1.488V,0.000A
