Timestamp,ideal_time,AccX,AccY,AccZ,AsX,AsY,AsZ,AngX,AngY,AngZ
2024-06-18 04:31:33,04:31:33.00,0.4521849795124252,-0.1288938385534025,0.8764840039139322,-16.289386486977502,-19.727796896509027,3.7237571572909354,-11.32576,-28.60712,0.9046807015663084
2024-06-18 04:31:33,04:31:33.50,0.5721839663867501,-0.2584677350937733,0.7519227450143541,-6.246812159820535,5.532954659799438,-0.320788404808536,-18.42524,-32.705479999999994,2.1173134438162418
2024-06-18 04:31:34,04:31:34.00,0.49396013785447623,-0.2764447680506712,0.8077646314403601,9.339080853799643,28.798061358481814,-3.966470215684605,-14.988319999999998,-24.45524,0.7908070533563989
2024-06-18 04:31:34,04:31:34.50,0.25630664369265227,-0.1787005151684676,0.9387216642947859,15.460516013610668,30.30010682716147,-4.5081974750238905,-7.57016,-11.06608,-1.2766449314871045
2024-06-18 04:31:35,04:31:35.00,0.002992011314481652,-0.04255932412830804,0.9942159460816232,14.481416492462621,20.955609759937246,-5.559311795138085,-0.27568,1.10592,-3.75117975520546
2024-06-18 04:31:35,04:31:35.50,-0.17174177414924774,0.0719653674695076,0.9822712681817802,8.49060781310857,7.300381190951141,-5.214904403786291,4.79964,8.345040000000001,-6.436076698291032
2024-06-18 04:31:36,04:31:36.00,-0.22617622664698175,0.12661919764888363,0.9682419867774867,1.1746912845154,-4.1120914060319915,-4.765966374188792,6.62156,9.98244,-8.84414560077868
2024-06-18 04:31:37,04:31:36.50,-0.18695190870628134,0.11848584745160379,0.9772981035746033,-4.867716231560592,-10.220871101523835,-4.552399902337913,5.35704,7.56076,-11.122644389164137
2024-06-18 04:31:37,04:31:37.00,-0.10008830414923217,0.06478979006977414,0.9946028598005155,-7.535363018784341,-10.334216684521166,-4.710977235306652,2.22364,3.4501600000000003,-13.313102646341907
2024-06-18 04:31:38,04:31:37.50,-0.01714312308677874,-0.000890008497487924,1.0088312674801103,-2.3576754167161322,-4.545429805332819,-4.8673050445240875,-0.17875999999999997,0.41944000000000004,-15.739433446660712
2024-06-18 04:31:38,04:31:38.00,0.01902163757449737,-0.01747495945750061,1.0081143638225862,-5.216813260402213,-5.354078239738174,-1.2559851344340085,-1.69736,-1.76592,-17.20781640758857
2024-06-18 04:31:39,04:31:38.50,0.06923546248583315,-0.06876674556654377,0.993646129037177,-5.742431236901578,-5.639818631951273,-0.6014050476012773,-4.58296,-4.62944,-17.53144683394665
2024-06-18 04:31:39,04:31:39.00,0.10629680175426132,-0.1061386382890581,0.9772587620280517,3.844112728607058,3.582761656413934,-1.4346324484070567,-4.993,-5.109,-17.941955432117666
2024-06-18 04:31:40,04:31:39.50,0.06541068151710308,-0.0632270420120106,0.9913568764565998,6.2349270886444605,5.459455264571194,-1.5421831161738404,-2.2684800000000003,-2.73,-18.682064257374844
2024-06-18 04:31:40,04:31:40.00,0.04285443073630146,-0.037494183580007584,1.004376929306902,-4.244087405300982,-5.380619007395104,-0.11033178869031568,-3.08424,-3.89072,-19.048720277749513
2024-06-18 04:31:41,04:31:40.50,0.06947157159203468,-0.05877567608186621,0.9886785692794854,1.960223775584387,3.801521728673229,-0.8546464837819693,-2.95036,-3.5021199999999997,-19.114364447965603
2024-06-18 04:31:42,04:31:41.00,0.041902368791813915,-0.072390119164643,1.0093903552394778,-8.69616441131586,-5.392474117241997,-2.37969994898843,-5.94208,-3.9284,-20.037422712832303
2024-06-18 04:31:42,04:31:41.50,0.11920554111821746,-0.17366656960928675,0.9690412008234788,-4.668327621853249,-4.353942034528153,-0.8046207533808285,-10.507639999999999,-7.62532,-20.707754781882354
2024-06-18 04:31:43,04:31:42.00,0.1340371828457711,-0.18450768456749522,0.9624335220005291,10.024164940147761,7.379461187278948,-0.13739195742746377,-8.38016,-6.130839999999999,-20.832244202896746
2024-06-18 04:31:43,04:31:42.50,0.05726040108237818,-0.08933821168820051,0.9893935158358687,12.257195218285682,9.60503175104184,-0.5520339190981529,-3.1099599999999996,-2.07448,-20.930927690124285
2024-06-18 04:31:44,04:31:43.00,-0.030879322640955012,0.013635469530346065,0.9976761723063043,8.304520059051073,7.038761610666215,-0.939984358293502,1.6555199999999999,2.0650399999999998,-21.269766973876944
2024-06-18 04:31:44,04:31:43.50,-0.075204039855507,0.06262895262137466,0.9999544523744036,-6.080649844641269,-6.7006806213128245,-1.6109512998209599,1.8384399999999999,2.114,-21.810418722263247
2024-06-18 04:31:45,04:31:44.00,-0.018998308338034134,0.007406459325377151,1.000032469733683,-4.032140845003987,-2.885126786392488,-1.7719059975592877,-0.7220799999999999,-0.13704,-22.686280147521963
2024-06-18 04:31:45,04:31:44.50,-0.001785806250173728,-0.009860228646714047,1.0035460738930049,2.07125778522935,-0.5302338630721182,-2.1976708783672483,0.15388,-0.03664,-23.63731350104815
2024-06-18 04:31:46,04:31:45.00,1.5367561291886386e-05,0.00220083016284676,1.0005518968902376,0.7215028187095232,0.269601626345445,-0.016173067608350702,0.08028,-0.16064,-24.06174176921922
2024-06-18 04:31:46,04:31:45.50,-0.0016795669071661295,0.0029216901908005683,1.001083609970219,-0.5891362264205342,-0.8048131390861358,-0.3709966352686698,0.09519999999999999,-0.19072,-24.12216375149306
2024-06-18 04:31:47,04:31:46.00,-2.331668946444133e-05,3.458625788908996e-05,1.0000038634662676,0.3174323123015101,-0.09389046506591166,-0.052702907596987716,0.04928,-0.24416000000000002,-24.13423816638965
2024-06-18 04:31:47,04:31:46.50,-0.001800538768593076,0.002702465578202516,1.000022528177084,0.3164112588054175,-0.030193059661598718,0.00719125462617563,0.22928,-0.1284,-24.078499295246715
2024-06-18 04:31:48,04:31:47.00,-0.00359905737635766,0.005482736937310661,0.9999999960604845,0.011300244459814169,-0.1679723718887716,0.015732274356449832,0.30364,-0.0724,-24.011388281396343
2024-06-18 04:31:48,04:31:47.50,-0.002623876941609632,0.004127803778318244,1.0000000000006495,0.003879959310314372,0.006771096070146059,0.01299505987614398,0.29916,0.0144,-23.942034530613014
2024-06-18 04:31:49,04:31:48.00,-0.00018989013889955618,0.00038037428430066174,1.0000000000000007,0.4377849980471661,0.28856049997515604,0.0004576563651780202,0.32104,0.09936,-23.87838722030297
2024-06-18 04:31:49,04:31:48.50,-0.0002871444741621003,0.0008173189261302775,1.0000000000000009,0.6544082014921249,0.42298504178109153,-0.0028329104949300233,0.48188000000000003,0.2416,-23.819892915360644
2024-06-18 04:31:50,04:31:49.00,-0.001002675843202748,0.0020023217300016443,1.0000000000000009,0.30234909886217753,0.19233272869738957,0.01768627916085324,0.53564,0.30176,-23.753204421793228
2024-06-18 04:31:50,04:31:49.50,-0.001622279583068128,0.002950802786594896,1.0000000000000009,-0.018762151274573067,-0.01836106172169639,-0.007282438030779972,0.4106,0.2322,-23.688325914200128
2024-06-18 04:31:51,04:31:50.00,-0.0033259222998570843,0.005808536661236116,1.0000000000000009,-0.2518461007295606,-0.17375829535643866,-0.049251406901605226,0.28236,0.14452,-23.652771199277172
2024-06-18 04:31:51,04:31:50.50,-0.004811138458187268,0.006809840756644048,1.0000000000000009,-0.38488702945892583,-0.24680006565111703,0.07181227624347572,0.18276,0.09208,-23.57131699479307
2024-06-18 04:31:52,04:31:51.00,-0.004131094894828115,0.006671496461807848,1.0000000000000009,-0.5809819066471124,-0.38190316673789737,0.009304296018994773,0.061079999999999995,0.02088,-23.495833733636058
2024-06-18 04:31:53,04:31:51.50,-0.002354519583633556,0.004494135248130577,1.0000000000000009,-0.10573857530972292,-0.06990999994689086,0.014222062582880673,0.031560000000000005,-0.00040000000000000034,-23.42774706189207
2024-06-18 04:31:53,04:31:52.00,-0.00014522351108465714,0.0009251834465077074,1.0000000000000009,0.2001835527435066,0.12476475628451934,-0.031691709833305035,0.11436,0.05392,-23.376594256070398
2024-06-18 04:31:54,04:31:52.50,1.8777965716298133e-08,0.000169568779909243,1.0000000000000009,0.9364276873868562,0.5559871545522451,-0.007802335491516481,0.34387999999999996,0.1892,-23.31914237287066
2024-06-18 04:31:54,04:31:53.00,-0.0026790877676715658,0.004819148799052471,1.0002848120464862,0.7711485878479789,0.4946973569225762,0.007601790802120844,0.6705599999999999,0.4034,-23.264164403168984
2024-06-18 04:31:55,04:31:53.50,-0.004480659104294512,0.007240296450839844,0.9999951877098043,0.43011240557337205,0.2519059127596374,-0.012017142988216219,0.76896,0.46832,-23.20242525109042
2024-06-18 04:31:55,04:31:54.00,-0.00424019040527566,0.007000190458307172,1.0001218705195236,0.2020287494101279,0.07786261328354403,-0.03794153554344437,0.78188,0.47659999999999997,-23.13996201881434
2024-06-18 04:31:56,04:31:54.50,-0.0018503389405250881,0.003509022828953592,1.000118145886589,0.14887612587328422,0.06892592121603318,-0.20256843232040692,0.58128,0.33104,-23.183357259924527
2024-06-18 04:31:56,04:31:55.00,-0.000841620776029863,0.002373065341345116,0.9999999838354446,0.7573226217035592,0.4876990475315349,0.00693997468644148,0.68512,0.40148000000000006,-23.138528528790143
2024-06-18 04:31:57,04:31:55.50,-0.0032999788465169436,0.005548151609832096,1.0000000000021556,0.5439682270803062,0.3371119379032949,-0.0072324358682153925,0.7953600000000001,0.47868,-23.079919359191003
2024-06-18 04:31:57,04:31:56.00,-0.004007485085555672,0.0059999201424542,1.0000000000000004,0.3925508257983782,0.22024664728930318,0.0040052630761969,0.81132,0.48932000000000003,-23.016384010670365
2024-06-18 04:31:58,04:31:56.50,-0.004085136676585668,0.005763786764495984,1.0000775238091437,0.19908760408820872,0.16181463701823515,-0.1746422955116057,0.75336,0.46404,-22.948168546206436
2024-06-18 04:31:58,04:31:57.00,-0.004108950962507684,0.006910504003376387,1.0001226349907224,-0.12008825812837103,-0.10124174011683745,-5.533671358759284,0.56748,0.3926,-24.36671370057443
2024-06-18 04:31:59,04:31:57.50,-0.004700357610403648,0.006796392255746703,0.9999979959044185,-0.3877487830903636,-0.318988824208274,-1.5909792226257418,0.40332,0.2416,-26.20092612443362
2024-06-18 04:31:59,04:31:58.00,-0.0017421811053003617,0.004073968308386152,0.9999619269535341,0.5201095717820042,0.3322250857848691,-1.2336027729860242,0.47796,0.28428000000000003,-26.73240483446588
2024-06-18 04:32:00,04:31:58.50,-0.005047047729827052,0.006173410216553699,0.9999999183032018,-0.002409426527236656,-0.018211675441703722,-1.2573046996577943,0.44372,0.28008,-27.30693989271567
2024-06-18 04:32:00,04:31:59.00,-0.005364050850792413,0.005491292669898352,1.000329510759526,-0.7475117859905197,-0.6875225976836029,0.38492856363724826,0.30976,0.21227999999999997,-27.549141756614862
2024-06-18 04:32:01,04:31:59.50,0.005076089898919556,0.0029183178448347956,0.9991350708520386,-0.00716234840775368,-0.615577253528403,5.157982038013034,0.061399999999999996,-0.41468000000000005,-25.997269934899588
2024-06-18 04:32:01,04:32:00.00,0.004479715979353632,-0.002418529532798388,1.0004279897473065,1.0503468091369503,1.3796842170021322,3.803138520340101,0.27327999999999997,0.07692,-23.50611307422292
2024-06-18 04:32:02,04:32:00.50,-0.0026841691615564125,0.004425411933581796,1.0002670351691891,-0.2692575120552086,-0.23239378589954454,0.9160034969266516,0.2622,0.11648,-22.347073900953934
2024-06-18 04:32:02,04:32:01.00,-0.002108063326280784,0.00475322669399722,1.0000003935507509,0.3671904525154537,0.2796762535738435,0.038100721725429165,0.39183999999999997,0.21884,-22.16538054508512
2024-06-18 04:32:03,04:32:01.50,-0.004515489295099916,0.0075617076892347005,0.999999999960171,0.0031986911555455127,0.0003432711572192026,0.00900563854899776,0.43876,0.24996,-22.086295167994518
2024-06-18 04:32:03,04:32:02.00,-0.004000358418055928,0.0070003512362961685,1.0000000000000038,-4.5540693351280144e-07,-1.0451415217277284e-07,0.009861447061140408,0.44996,0.25416,-22.022389312383712
2024-06-18 04:32:04,04:32:02.50,-0.003999999965018664,0.006999999966099843,1.0000000000000009,6.327567076394942e-11,2.2229776312765582e-11,0.004792554279834688,0.44508000000000003,0.25204,-21.958600612853747
2024-06-18 04:32:04,04:32:03.00,-0.00378671251871964,0.006786712518719476,1.0000000000000009,-8.575339740856807e-15,-4.10687025346199e-15,-1.4267600066352779e-05,0.43616,0.24780000000000002,-21.89553746010865
2024-06-18 04:32:05,04:32:03.50,-0.0008135248881974755,0.00307388711632692,1.0000000000000009,0.1606322550877332,0.09500538821162635,-1.2988764785921183e-08,0.40524,0.21944,-21.834556625043025
2024-06-18 04:32:05,04:32:04.00,-0.0007458455794367308,0.002761060088714864,1.0000000000000009,0.7408554683156698,0.4745319891634555,-0.009588139072064638,0.54684,0.30036,-21.775342670519358
2024-06-18 04:32:06,04:32:04.50,-0.003912664295674384,0.006917088189572116,1.0000000000000009,0.4062377740106355,0.25394431113015653,0.00345299456101122,0.69892,0.40804,-21.71738189592291
2024-06-18 04:32:06,04:32:05.00,-0.004021256426970048,0.0070212557955767795,1.0000000000000009,0.3504312133127713,0.198898010396445,0.013492380389376089,0.72804,0.42416,-21.650081372077064
2024-06-18 04:32:07,04:32:05.50,-0.003999996290394108,0.00699999629048206,1.0000000000000009,0.19635886134404953,0.11473449043015263,0.007271539696544543,0.7342,0.42956000000000005,-21.584615917811085
2024-06-18 04:32:07,04:32:06.00,-0.004000000000610036,0.007000000000610029,1.0000000000000009,-0.000115598133253719,-7.420563348245307e-05,0.0009808954272339974,0.62804,0.36612,-21.522213332018918
2024-06-18 04:32:08,04:32:06.50,-0.003973342605254828,0.006973342605254836,1.0000000000000009,2.6067347372254522e-08,1.6304707008934512e-08,0.01189730655813957,0.54836,0.31768,-21.45708351155863
2024-06-18 04:32:08,04:32:07.00,-0.001690142267750372,0.004444736186655404,1.0000000000000009,0.0011947929533528607,0.0005973964760923867,0.011590332844437697,0.46712000000000004,0.26068,-21.390238802602397
2024-06-18 04:32:09,04:32:07.50,-0.0003043227050865835,0.002326545510002848,1.0000000000000009,0.3251492096357703,0.1823204369531191,-3.454102981696843e-05,0.43195999999999996,0.22408,-21.326383962405785
2024-06-18 04:32:09,04:32:08.00,-0.002059663989357744,0.0047556795857777966,1.0000000000000009,0.18887365266180467,0.11621905217218327,0.009848982388964643,0.48424,0.25608000000000003,-21.26288505970669
2024-06-18 04:32:10,04:32:08.50,-0.002192858350851696,0.00500001604038784,1.0000000000000009,0.0020626797779181873,0.0009832729561961425,0.0176950162913873,0.43920000000000003,0.22776,-21.195953506530586
2024-06-18 04:32:10,04:32:09.00,-0.002582359685017372,0.005582369675885832,1.0000000000000009,-0.03258654926243126,-0.026705787917793544,-0.0056080372349697006,0.38768,0.19576000000000002,-21.129763529565626
2024-06-18 04:32:11,04:32:09.50,-0.004276935759509288,0.00727693575886334,1.0000000000000009,-0.27683673244021,-0.21281609152484526,0.00894079170766868,0.30476,0.135,-21.071746850926093
2024-06-18 04:32:11,04:32:10.00,-0.004000374685864488,0.007000374685864468,1.0000000000000009,-0.25435383121990346,-0.21847820138726562,0.005694572923615629,0.23623999999999998,0.08424,-21.00486946754815
2024-06-18 04:32:12,04:32:10.50,-0.003999999951300984,0.006999999951300984,1.0000000000000009,-0.02182640061268416,-0.017802695824267818,0.00987490345989554,0.26216,0.10796,-20.93995769088913
2024-06-18 04:32:12,04:32:11.00,-0.0030491968514181162,0.005997021279894712,1.0000000000000009,3.1789529619296728e-06,2.6184689027483333e-06,0.009640114327398508,0.31212,0.1494,-20.873195999188884
2024-06-18 04:32:13,04:32:11.50,-0.0001914633388184866,0.0012951721992001536,1.0000000000000009,0.10636783349763831,0.051672430661267796,0.003969384596654471,0.27948,0.12444000000000001,-20.81077052573169
2024-06-18 04:32:13,04:32:12.00,-0.000497747345857642,0.0022051417564062682,1.0000000000000009,0.675669283283264,0.44979371023274,0.000869850947467864,0.42144,0.21468,-20.747035198715484
2024-06-18 04:32:14,04:32:12.50,-0.004063154994674119,0.007303943480031928,1.0000000000000009,0.07826698716158723,0.03379155580047532,0.0097958218205841,0.5194000000000001,0.29112,-20.683365784481722
2024-06-18 04:32:14,04:32:13.00,-0.003998437212879171,0.006998721067063288,1.0000000000000009,0.12237539289251925,0.061198223923963804,0.00751661314505222,0.5374800000000001,0.30635999999999997,-20.618684942433298
2024-06-18 04:32:15,04:32:13.50,-0.004000000256398676,0.0073285233746691325,1.0001692445278325,-0.8006471699844986,-0.5108304848781364,0.01642040711463357,0.42324000000000006,0.23512,-20.553927344158367
2024-06-18 04:32:16,04:32:14.00,0.00650789686649866,-0.00904334510633864,1.016819191440178,-9.075204670732601,-8.257532667992688,0.7296360146343958,-2.09616,-1.6219999999999999,-20.39431147238881
2024-06-18 04:32:16,04:32:14.50,0.09869400637179879,-0.10025628775037296,0.9793859352927988,-5.361923138956453,-9.344646022976322,1.12905046894276,-6.41832,-7.05928,-19.74928012003376
2024-06-18 04:32:17,04:32:15.00,0.15560877171916335,-0.11901784780190057,0.9684412202273002,8.042329654808851,3.5848615121061953,1.2852679310172908,-4.95592,-7.46936,-19.126940860185336
2024-06-18 04:32:17,04:32:15.50,0.11352163698729135,-0.046283799550884616,0.9872189832837297,9.270580291526663,7.663005248609034,1.6831562078190985,-1.0319200000000002,-4.92956,-18.304819813626224
2024-06-18 04:32:18,04:32:16.00,0.042016529421498985,0.02846603254228746,0.9956956346703572,5.692910997053457,7.934218501079039,1.288894775197682,2.3144,-1.2942799999999999,-17.46781224205923
2024-06-18 04:32:18,04:32:16.50,-0.02402862451649125,0.07149723916478291,0.9961104457629923,0.6475341233355374,5.0588572457256,1.7866012438385976,3.74908,1.74032,-16.6942184444443
2024-06-18 04:32:19,04:32:17.00,-0.04890354262398335,0.06186660711660228,1.0003132644971222,-7.7463321930777,-5.004731056586169,2.886292224142155,1.8363999999999998,1.34904,-15.421714710297213
2024-06-18 04:32:19,04:32:17.50,-0.006059751047533784,-0.0003145333436845238,1.0031607676863978,0.8097419837990856,-0.4545918799824837,1.2491344233537351,0.35124,0.1764,-14.211395206152897
2024-06-18 04:32:20,04:32:18.00,-0.003829142797964464,0.003841647628751844,1.0015544577169067,-1.306299810086691,-0.5676647818776349,0.8493831720817251,0.14916000000000001,0.11604,-13.769640389513402
2024-06-18 04:32:20,04:32:18.50,-0.0010682738255802706,0.0005925564681378934,1.0008476437777207,0.6277439348000792,0.18180007853067676,0.3268967570268827,0.35988,0.15444000000000002,-13.381282066079757
2024-06-18 04:32:21,04:32:19.00,-0.0014679125679981598,0.004731679333738612,0.9997970209178859,-0.33389868583591276,-0.2616270382001791,0.05259924735739697,0.26839999999999997,0.09344,-13.256526655266903
2024-06-18 04:32:21,04:32:19.50,0.00037720131722052727,0.0005625833851317262,1.0003737712100467,0.023708667513034826,0.015420061582969507,-0.023990892433625774,0.15836,0.01656,-13.1913012942258
2024-06-18 04:32:22,04:32:20.00,0.0006309706579947217,0.0006093893801935871,0.9999924181966396,0.04831542739002279,0.03642673200426145,0.014701660985576532,0.14048,0.0012,-13.127919153858208
2024-06-18 04:32:22,04:32:20.50,-4.0590438106800665e-07,0.001000515262565536,1.0000000007921677,0.07048775946115138,0.04849661036440768,0.004844305038081185,0.15248,0.0092,-13.063818363149151
2024-06-18 04:32:23,04:32:21.00,8.913126319633576e-11,0.001731881694960236,0.9999999999999304,-0.00032671822685424506,-0.0002780197637781531,0.0098962462792341,0.14512,0.0005200000000000001,-12.998699925333112
2024-06-18 04:32:23,04:32:21.50,-0.001381129339481862,0.004998939990590916,1.0000000000000009,4.993369943756726e-08,4.126734716145807e-08,-0.00016499873802555082,0.17684,0.01984,-12.935593360952085
2024-06-18 04:32:24,04:32:22.00,-0.0032903275087583163,0.007776173850287192,1.0000000000000009,-0.3881304342173481,-0.25423426849788716,0.0069306721497664845,0.18172,0.022799999999999997,-12.872848274900516
2024-06-18 04:32:24,04:32:22.50,-0.0011687961602145176,0.00454960203831716,1.0000000000000009,-0.7226745618560884,-0.4723820674074999,0.0274409853926325,-0.03096,-0.12188,-12.80428519433919
2024-06-18 04:32:25,04:32:23.00,0.0006102645998868854,0.0004960269325300242,1.00000076777548,-0.1855478757276432,-0.13103805573999597,0.01948644016674181,-0.11507999999999999,-0.17904,-12.726317837320973
2024-06-18 04:32:25,04:32:23.50,0.0001500074550956279,0.00100737614947498,0.9999992320823575,-0.1844880749148419,-0.12198609140391445,-0.00017809156934475424,-0.13564,-0.19676000000000002,-12.664743076114082
2024-06-18 04:32:26,04:32:24.00,-1.904894512804848e-08,0.0009999992375903121,1.000000000142188,-0.08597935557811631,-0.05975330030569028,1.6458972382446996e-08,-0.1206,-0.18808,-12.603756624480019
2024-06-18 04:32:26,04:32:24.50,2.400979224849516e-12,0.001694633789304372,0.9999999999999762,-5.970514486371252e-05,-4.622241823410796e-05,-1.0544403482355584e-12,-0.04003999999999999,-0.13119999999999998,-12.542756622638136
2024-06-18 04:32:27,04:32:25.00,-0.001544454754002298,0.004918935655947132,1.0000000000000009,7.4323751573586554e-09,5.767943911920749e-09,-1.0138018047164958e-16,0.06768,-0.05508,-12.481756622638377
2024-06-18 04:32:27,04:32:25.50,-0.003615077191158732,0.007615482699043448,1.0000000000000009,-0.09214544577942718,-0.05734923539837436,0.037018764445878934,0.18628,0.028759999999999997,-12.414328327450837
2024-06-18 04:32:28,04:32:26.00,-0.0033898166508081716,0.007671304929777412,1.0000000000000009,-0.33062539944982083,-0.2141978098278947,0.02133541423224637,0.18896000000000002,0.032639999999999995,-12.33736571514529
2024-06-18 04:32:28,04:32:26.50,-0.0012118158920104967,0.004712559591806176,1.0000000000000009,-0.236670193438457,-0.13373010357599147,0.0194526548836343,0.07808,-0.03884,-12.263330161965031
2024-06-18 04:32:29,04:32:27.00,0.0005265539481999872,0.00022188354721179834,1.0002814883680986,0.7324529717688888,0.46306875756946064,-0.04145223280355064,0.31156,0.1164,-12.21754767201132
2024-06-18 04:32:29,04:32:27.50,-5.389818391545333e-06,0.001005200117426092,0.9999985113848356,0.7249900166778351,0.4788771722033156,0.00024543911559495377,0.51516,0.24904,-12.158453563773797
2024-06-18 04:32:30,04:32:28.00,3.581642137842457e-10,0.000999999669560148,1.0000000002471066,0.3731426291107614,0.24881427959253555,0.00907171872722247,0.58248,0.29404,-12.09665135365137
2024-06-18 04:32:30,04:32:28.50,6.923574190563371e-15,0.0013285231572135918,0.9999999999999613,0.0002954564272552922,0.0001969629803643989,0.005782904874222483,0.40716,0.17592,-12.03085238842787
2024-06-18 04:32:31,04:32:29.00,-0.0006547266837558574,0.0037497656429920723,1.0000000000000009,-3.532189284435869e-08,-2.3546752766755492e-08,-0.00021469107252416003,0.31495999999999996,0.11535999999999999,-11.968130095946515
2024-06-18 04:32:31,04:32:29.50,-0.003143297260232972,0.006709519528213081,1.0000000000000009,-0.003364763752027244,-0.0022234975559506597,0.004873987157349508,0.3258,0.12648,-11.9058429500164
2024-06-18 04:32:32,04:32:30.00,-0.0036728132693325723,0.007672548958007808,1.0000000000000009,-0.3288388615337112,-0.21331543974919012,0.009062900692601636,0.29756,0.11012000000000001,-11.841803201650784
2024-06-18 04:32:32,04:32:30.50,-0.001290234680352368,0.00422236261230118,1.0000000000000009,-0.497410614607129,-0.3283675232292864,0.014292359259193312,0.098,-0.02328,-11.772619637126052
2024-06-18 04:32:33,04:32:31.00,1.072080767011454e-06,0.00079725944440211,1.0000000000000009,-0.05654631927341538,-0.04030737488040282,-0.011060800366728251,0.0366,-0.06663999999999999,-11.717181519588598
2024-06-18 04:32:33,04:32:31.50,-1.8712384787882687e-10,0.001000020659085104,1.0000000000000009,-0.036711948428357795,-0.0013863818301579685,0.014737813185724282,0.028759999999999997,-0.07468,-11.652184329100976
2024-06-18 04:32:34,04:32:32.00,3.0777414605011325e-14,0.000999999997773564,1.0000000000000009,-0.004327766045372881,2.1728057765543116e-07,0.011638701230364283,0.03396,-0.07084,-11.584111635867094
2024-06-18 04:32:34,04:32:32.50,-5.217557152339737e-05,0.00185726902385698,1.0000000000000009,2.73660104677166e-07,-3.294610686630657e-11,0.00991863137850051,0.06116,-0.05224,-11.517111958636724
2024-06-18 04:32:35,04:32:33.00,-0.001854932586410508,0.004721676433713876,1.0000000000000009,-1.6117229652213978e-11,4.8562606344265514e-15,0.012582620821487589,0.12875999999999999,-0.0046,-11.449239285993112
2024-06-18 04:32:35,04:32:33.50,-0.0038122327411129397,0.007570198653178,1.0000000000000009,-9.253655471683336e-16,-6.976891864740654e-19,0.0018912006614293473,0.24012,0.07396,-11.386128311362889
2024-06-18 04:32:36,04:32:34.00,-0.00325774937693416,0.0068505755161848,1.0000000000000009,5.746553117938274e-19,9.781040684520732e-23,0.005936229456062532,0.32108000000000003,0.13144,-11.322670356650798
2024-06-18 04:32:36,04:32:34.50,-0.0006104005189161946,0.0026072787463867955,1.0000521755715241,0.4137795234328225,0.2824918183543113,-0.002883357511413635,0.38476,0.17876,-11.25743779437243
2024-06-18 04:32:37,04:32:35.00,0.00018750946759373967,0.0007133736861993156,1.0001878431451088,0.6787075274615733,0.4515120650337632,-0.005113333505512382,0.53504,0.2772,-11.203274727174094
2024-06-18 04:32:37,04:32:35.50,-1.8674672363169606e-08,0.0009996278923114401,0.9999999812813872,0.6696774171431821,0.42752645673732687,3.0755803907828216e-06,0.63336,0.34299999999999997,-11.142196656954281
2024-06-18 04:32:38,04:32:36.00,1.9761688318379412e-12,0.001000000048174656,1.0000000000019822,0.04832264457199218,0.03163431865139707,0.005045743049108628,0.53372,0.27455999999999997,-11.080395026127862
2024-06-18 04:32:38,04:32:36.50,-1.8001211551570695e-16,0.00155685150048466,1.0000000000000007,-7.11363020524976e-06,-4.659445654988603e-06,0.024516471718394425,0.36044,0.1554,-11.011304922585788
2024-06-18 04:32:39,04:32:37.00,-0.0013266781661729285,0.004596668220876016,1.0000000000000009,1.020778691619856e-09,6.689505677424045e-10,0.00958471787476965,0.297,0.11376,-10.94185881885532
2024-06-18 04:32:39,04:32:37.50,-0.003752665488260144,0.0075157118918481,1.0000000000000009,-0.21415614988094184,-0.139319644901789,0.0030062689357101945,0.29484,0.11552,-10.878548336855424
2024-06-18 04:32:40,04:32:38.00,-0.00291636782918044,0.006385805827330068,1.0000000000000009,-0.7073647514167207,-0.4739647603978197,0.015470421063017886,0.11952,0.00012000000000000011,-10.811863970345453
2024-06-18 04:32:40,04:32:38.50,-0.0002443045540301682,0.001925928663352752,1.0002187486863507,-0.27384148993626156,-0.18762735183202695,-0.05853382895783709,-0.051399999999999994,-0.11724,-10.75726709897907
2024-06-18 04:32:41,04:32:39.00,1.6039026913026267e-08,0.000859028451619716,1.0000212550237526,-0.18032854780628807,-0.11282162728366718,-0.003981879301071408,-0.08224000000000001,-0.14135999999999999,-10.718467914862075
2024-06-18 04:32:41,04:32:39.50,-1.3831579858699875e-12,0.00100000544454524,0.999999996289288,-0.16068752592115484,-0.10715893072598316,0.01480045639921096,-0.09348000000000001,-0.15008,-10.653053604030124
2024-06-18 04:32:42,04:32:40.00,6.74493098718762e-17,0.0009999999999371401,1.000000000000611,0.0014586258130952318,0.0009724223765380588,0.0047294456635814195,-0.03952,-0.1154,-10.586436314287926
2024-06-18 04:32:42,04:32:40.50,-5.217557152339251e-05,0.0020569912696988602,1.0000000000000007,-1.6086773835999383e-07,-1.0724592396378629e-07,0.005291117262824511,0.02128,-0.07432,-10.52437556231825
2024-06-18 04:32:43,04:32:41.00,-0.002106830403776104,0.004642050159729492,1.0000000000000009,1.5867939421018855e-11,1.0578736639347001e-11,0.0065290306294965616,0.10792,-0.0126,-10.459091811053206
2024-06-18 04:32:43,04:32:41.50,-0.00400035367809442,0.007757643096630188,1.0000000000000009,-0.3449448592693682,-0.2285887748700663,0.03214066264426971,0.15768,0.02488,-10.3880041621409
2024-06-18 04:32:44,04:32:42.00,-0.002280735480532216,0.005230916014414944,1.0000000000000009,-0.748919814245119,-0.5159840953317968,0.012579477430805217,-0.013999999999999999,-0.09348000000000001,-10.316070405692319
2024-06-18 04:32:44,04:32:42.50,9.460497824851516e-08,0.0009527045124454938,1.0000000000000009,-0.1916259893147612,-0.12931239169010272,-0.12047031122894421,-0.10848000000000001,-0.16496,-10.289433451549957
2024-06-18 04:32:45,04:32:43.00,5.29096675954209e-10,0.000999694905562044,1.0000000000000009,-0.18295015528917558,-0.12283536820934166,0.011877439204258535,-0.12168,-0.176,-10.24983971062502
2024-06-18 04:32:45,04:32:43.50,-1.48678098412431e-13,0.001000000041524044,1.0000000000000009,-0.11539342975907252,-0.07692886847732083,0.005688861918573416,-0.11272,-0.16896,-10.183189249928228
2024-06-18 04:32:46,04:32:44.00,3.0819132229634525e-17,0.000999999999994452,1.0000000000000009,7.426418239121212e-05,4.950944855822213e-05,0.006949506258128349,-0.04212,-0.11944,-10.119796249232673
2024-06-18 04:32:46,04:32:44.50,-8.462226391583251e-05,0.001654726683755848,1.0000000000000009,-1.6307956416365612e-08,-1.0871970847407574e-08,0.0028167955779490267,0.01692,-0.07764,-10.055218649239317
2024-06-18 04:32:47,04:32:45.00,-0.0019038456826090998,0.004838024491307004,1.0000000000000009,3.0603357041798194e-12,2.0402239015406136e-12,0.004880065553213031,0.09772,-0.01936,-9.992005442616465
2024-06-18 04:32:47,04:32:45.50,-0.004376262574554708,0.008260833150313123,1.0000000000000009,-0.30352229583214313,-0.19916382038325595,0.0020569470219336076,0.1624,0.029759999999999998,-9.930671541299853
2024-06-18 04:32:48,04:32:46.00,-0.0028115678315889,0.0060376952052435765,1.0000000000000009,-0.7944225534684574,-0.5379972235965639,0.006736746204400664,-0.00884,-0.086,-9.867000361704132
2024-06-18 04:32:49,04:32:46.50,-5.909791157573363e-05,0.001288757748790108,1.0000000000000009,-0.20977065184276977,-0.1375149908180902,-0.10196536258179684,-0.12104000000000001,-0.16228,-9.83751210802685
2024-06-18 04:32:49,04:32:47.00,0.00015541567132198612,0.000999962715792452,1.0000000000000009,-0.1852852407175229,-0.12204445545160711,0.014909940410967236,-0.13724,-0.17768,-9.79151363916355
2024-06-18 04:32:50,04:32:47.50,-1.9409471640025907e-08,0.001000000004798172,1.0000000000000009,-0.10061469022906167,-0.06707646446617521,0.018967648736748347,-0.12356,-0.16856,-9.721976802703605
2024-06-18 04:32:50,04:32:48.00,2.394348264989042e-12,0.001121870275839236,1.0000000000000009,-6.457415301512975e-05,-4.3049446290702264e-05,0.005609554763431425,-0.046079999999999996,-0.11628,-9.65320853882612
2024-06-18 04:32:51,04:32:48.50,-0.0007318818011626384,0.0029874164755089683,1.0000000000000009,6.243427682280312e-09,4.162288244215022e-09,0.0020614731168062746,0.03408,-0.060039999999999996,-9.591511591999708
2024-06-18 04:32:51,04:32:49.00,-0.002739680926946304,0.005621939976673952,1.0000000000000009,-4.587814071385314e-13,-3.0585492198337805e-13,0.005936206065452303,0.13644,0.013000000000000001,-9.528050356097502
2024-06-18 04:32:52,04:32:49.50,-0.004535862190555124,0.008425703019306908,1.0000000000000009,-0.20685898803402908,-0.1470845563280302,0.006830459803694009,0.21804,0.07244,-9.464205790444254
2024-06-18 04:32:52,04:32:50.00,-0.002810172569477108,0.005798492823771456,1.0000000000000009,-0.6850580116058076,-0.47120268442651664,0.0070657124055498455,0.07532,-0.027840000000000004,-9.400004168622905
2024-06-18 04:32:53,04:32:50.50,-0.0001024169239984773,0.001082735967585424,1.0000000000000009,-0.09983562156469017,-0.07625580116799502,0.10125384568683417,-0.02456,-0.10464000000000001,-9.31879153890236
2024-06-18 04:32:53,04:32:51.00,1.4414118848850196e-08,0.00039387855275681006,1.0000000000000009,-0.04879645075381487,-0.02314032483296079,0.054163731244799646,-0.033760000000000005,-0.10792,-9.204202759580237
2024-06-18 04:32:54,04:32:51.50,-1.9795696512610433e-12,0.0007679870109989873,1.0000000000000009,-0.02827507629795435,-0.011877869652912236,0.006661677575981465,-0.022480000000000003,-0.10071999999999999,-9.13450275381537
2024-06-18 04:32:54,04:32:52.00,2.649886527760114e-16,0.001001821191962188,1.0000000000000009,-1.5853952092103235e-05,1.2365472966375814e-06,0.012739031972781137,0.012119999999999999,-0.07647999999999999,-9.069136544358305
2024-06-18 04:32:55,04:32:52.50,-0.00016198745214148456,0.002339786708531624,1.0000000000000009,2.2086879585183948e-09,-1.388961917463397e-10,0.0009320772438154648,0.0562,-0.04472,-9.004744520177312
2024-06-18 04:32:55,04:32:53.00,-0.001417810864115584,0.00433783481017168,1.0000000000000009,-3.0016521018035073e-13,1.4151498869654993e-14,0.014659220420466372,0.12292,0.0027600000000000003,-8.938998750179643
2024-06-18 04:32:56,04:32:53.50,-0.001999881764351988,0.004998048070356215,1.0000000000000009,3.9725958273103225e-17,-1.1872010004674627e-18,0.004854583544176828,0.19760000000000003,0.0556,-8.874143993249385
2024-06-18 04:32:56,04:32:54.00,-0.0008599283384887197,0.002607969268011048,1.0000000000000009,0.14325551448652382,0.10017594181614761,0.038318301002554137,0.24136,0.08744,-8.805411525211024
2024-06-18 04:32:57,04:32:54.50,0.00023929429831860883,0.0005928524890224519,1.0000000000000009,0.4648458456397517,0.3015289423334955,0.016287087399626844,0.34456000000000003,0.15788,-8.728539774515776
2024-06-18 04:32:57,04:32:55.00,0.0030904027071694358,-0.0034565553048443998,1.0169866700710468,-3.9618594271767744,-1.3539079140845651,2.6748305262027112,-0.50704,-0.12804,-8.257863756266708
2024-06-18 04:32:58,04:32:55.50,0.02099393529279898,-0.05081326852385955,1.0156739882147374,-6.311239969390035,-3.2519274699468186,5.792728565376198,-3.4566,-1.45952,-5.773025388806791
2024-06-18 04:32:58,04:32:56.00,0.052689361455542524,-0.1119604189846173,1.0025892744630103,-5.864232663504315,-4.066827215438991,6.475708862420554,-6.72856,-3.1136399999999997,-2.632147881238073
2024-06-18 04:32:59,04:32:56.50,0.0833147184051791,-0.16859737151068035,0.9848466190018789,-1.1356486038061595,-3.232249445961382,6.684424667055899,-9.0106,-4.58496,0.773176726220465
2024-06-18 04:32:59,04:32:57.00,0.10148944614647995,-0.16809460378074856,0.9539073674455296,9.952827953703006,0.7941901230434556,2.622388641041281,-7.1415999999999995,-5.18104,3.198674150841436
2024-06-18 04:33:00,04:32:57.50,0.08726638672512642,-0.08207237779615686,0.9833260914771875,11.150129848851645,3.884455640516255,1.0710110991386987,-2.44376,-4.14032,4.098828192481451
2024-06-18 04:33:00,04:32:58.00,0.05126473086361032,0.004164345591150016,0.9855608524371378,4.8697471228116305,-1.6173353306807063,-3.47801770719153,1.1239999999999999,-3.15992,4.0438116569623
2024-06-18 04:33:01,04:32:58.50,0.09597199828720827,0.025306684533813975,0.9832537609613772,-5.180052155042115,-7.613440618797366,-17.62164078549313,0.6198400000000001,-6.857,-2.4306762606571333
2024-06-18 04:33:01,04:32:59.00,0.138690428302588,0.006116471746343276,0.9966139175101197,-2.0284871955145345,2.9150775890805263,-9.263680366350057,0.14076,-7.0032000000000005,-8.575822907414869
2024-06-18 04:33:02,04:32:59.50,0.11009376597514971,-0.006508693634901977,0.988699546036265,-1.3157280525122876,6.915720988747102,-8.550141339192885,-0.23120000000000002,-4.79048,-12.703167007427973
2024-06-18 04:33:02,04:33:00.00,0.04968097495421975,-0.021325089155593988,0.999431511283175,-2.039876896963903,7.140691528976744,-12.066312250362037,-0.99292,-1.62124,-18.255647020067695
2024-06-18 04:33:03,04:33:00.50,-0.007856217360956073,-0.03691490733520165,0.9968120382006463,0.024557312755288,4.7114642031448515,-7.852666086463113,-1.6587199999999998,0.95976,-22.956398052221267
2024-06-18 04:33:03,04:33:01.00,-0.040428978490997046,-0.04186787694667732,0.9977085033121935,1.6962202758985592,1.834116228970487,-6.274035828175486,-1.53772,2.34156,-26.379997830266277
2024-06-18 04:33:04,04:33:01.50,-0.0518092108381783,-0.035047675142309824,0.9979390062495347,0.40384738863822744,-0.6216616550267894,-26.515762213653943,-1.40752,2.44572,-31.608933663639128
2024-06-18 04:33:04,04:33:02.00,-0.02000509512167284,-0.05851970403290372,1.0002818282144248,-6.998580558851322,-4.940979419861538,-75.51875835691845,-4.45788,-0.48364000000000007,-61.30883566795487
2024-06-18 04:33:05,04:33:02.50,0.07073123079892399,-0.0984426832857318,0.9930779169693471,-1.304759609863646,-2.287900808596096,-27.071744296630637,-5.548039999999999,-4.35288,-87.04548650972336
2024-06-18 04:33:05,04:33:03.00,0.10940929380252956,-0.09696281670062401,0.9840337409550686,3.554481872487817,0.9984980060646649,21.0607620566135,-4.78932,-4.8708800000000005,-90.36860494622807
2024-06-18 04:33:06,04:33:03.50,0.07302618749664802,-0.08653492582428697,0.9935530079909212,5.876050146127179,0.804828239831524,73.53327189140082,-4.37304,-2.6680399999999995,-63.18227494430868
2024-06-18 04:33:06,04:33:04.00,0.025786216745645976,-0.06418994225299661,1.0000204196336524,7.667917295273487,-0.8736247675626508,45.94929655110503,-2.05552,-1.1474,-30.28768125181949
2024-06-18 04:33:07,04:33:04.50,0.021974277504066633,-0.014176678994341036,0.9983368518332589,5.756376166292545,-0.5416649733229196,15.107828043449901,0.359,-1.23756,-17.215346843735247
2024-06-18 04:33:07,04:33:05.00,0.027710749231344593,0.02626989986660206,0.9977552121014412,3.5975911699095944,0.47429507640705354,7.535638597287517,2.2315199999999997,-1.35876,-11.941282411835095
2024-06-18 04:33:08,04:33:05.50,0.026794856808920783,0.04637696360188317,0.9967607751703009,0.5244379706067843,1.466278188511094,4.248418272348483,2.8698,-1.1006399999999998,-9.038898559359348
2024-06-18 04:33:08,04:33:06.00,0.018089260682859046,0.04202958311499828,0.9981399241907948,-1.6205380578684916,1.9466095542563844,3.6172497713225225,2.34072,-0.47336,-7.097157430301994
2024-06-18 04:33:09,04:33:06.50,0.0058937653743365605,0.019622329133163197,0.9990013364641908,-2.5795394606638973,1.4737186967699818,3.0742331505323484,1.08144,0.1118,-5.374788406722139
2024-06-18 04:33:09,04:33:07.00,-0.0016952243674455913,-0.008711760034981343,0.9998498207408467,-2.2002190040293907,0.6914826477399653,2.613839804253966,-0.2822,0.44992,-3.878155852349953
2024-06-18 04:33:10,04:33:07.50,-0.003318764037456812,-0.030375321414996367,1.000000019074329,-0.7810424687849857,0.23235863671893195,2.6864232206101057,-1.25932,0.54208,-2.4997880590070345
2024-06-18 04:33:10,04:33:08.00,-0.00230034126583366,-0.04031613512905001,1.0004540565719133,0.7823027823796146,0.04850191757487129,2.2835013486139273,-1.52856,0.49463999999999997,-1.245675700027908
2024-06-18 04:33:11,04:33:08.50,-0.0012249693240644162,-0.0298681971753472,1.008910806605446,6.0084492400921565,0.5019456878013862,3.094923854499084,-0.030600000000000002,0.47928,0.17912168166434586
2024-06-18 04:33:11,04:33:09.00,-0.0028454710183171954,0.011205496034081932,1.0041377331013022,-0.36257744520308305,-0.07663475171221083,3.163550874832274,0.6908799999999999,0.4894,1.837187964774089
2024-06-18 04:33:12,04:33:09.50,-0.0042129438691422,0.007722595113676643,1.0018399009385508,-0.011738959313612227,0.9216885879675573,1.0094276145639947,0.7088800000000001,0.57056,3.055832628503494
2024-06-18 04:33:13,04:33:10.00,-0.023781249717874497,0.008980238589490229,1.0120585412061647,4.776782732140824,9.691897496460877,0.5901722008722965,1.62044,3.3028000000000004,3.312560996916522
2024-06-18 04:33:13,04:33:10.50,-0.09507327151299164,0.043841260279241186,0.9963698100394462,0.7085318868386768,1.5201187604904456,1.4532387679362495,3.0106400000000004,5.76724,3.8230711380356337
2024-06-18 04:33:14,04:33:11.00,-0.09289527934000809,0.031155733421115817,0.9995490891036427,-5.772167714721998,-5.538038839444976,1.6916488653036956,1.2059199999999999,4.1388,4.87520216839914
2024-06-18 04:33:14,04:33:11.50,-0.03651328768583488,-0.02955415249829847,0.9922304384808798,-6.47951879105558,-6.053994000641308,-0.5487354807502631,-2.24892,1.39788,5.138396203508065
2024-06-18 04:33:15,04:33:12.00,0.028194866338785544,-0.0832667622413532,0.9916455285790106,-1.704163355971426,-5.423141947851937,10.255293167719099,-4.21184,-1.4450399999999999,5.883579591499634
2024-06-18 04:33:15,04:33:12.50,0.05019721170170091,-0.09746934940008128,0.9829354612820274,5.20756442419729,-0.9872464856831193,69.59161081508118,-4.39336,-1.4232,28.378550115629142
2024-06-18 04:33:16,04:33:13.00,0.009551493886981696,-0.07216823363788599,0.9988166601651534,5.984835072256801,0.6007459918191352,28.950999486209188,-2.39896,0.06628,53.8658023946702
2024-06-18 04:33:16,04:33:13.50,-0.0038724798353989122,-0.026785002114542943,0.9979922928875709,5.693260350596778,0.2284264811002479,12.716233038528134,-0.07196,0.54884,63.270222587464666
2024-06-18 04:33:17,04:33:14.00,-0.002458448809897284,0.01604518880398477,1.0038367417191791,2.603517565403369,2.2860208641049353,8.129935917308181,1.69,0.7294799999999999,68.1748114839678
2024-06-18 04:33:17,04:33:14.50,-0.026807241501044285,0.030804521563386342,0.9936370278116061,-0.6833800429451484,4.423654050017193,7.918521807596745,1.9210399999999999,2.48548,72.37386453635196
2024-06-18 04:33:18,04:33:15.00,-0.0647747783644375,0.01842684454776924,0.9988097373791957,-5.9244942541251335,5.982194031820644,7.378173155469214,0.60384,4.78344,76.1689389650633
2024-06-18 04:33:18,04:33:15.50,-0.10415923942191624,-0.04383378773370908,1.0017965958025428,-0.5518696135145695,2.8522782127386312,7.1918942540469075,-2.12264,6.483479999999999,79.83747315504614
2024-06-18 04:33:19,04:33:16.00,-0.13102140299041656,-0.031437846918979724,0.9910560819141765,2.524248379749491,1.358559440788203,5.845861157629876,-0.40948,7.81,83.21029009339489
2024-06-18 04:33:19,04:33:16.50,-0.14246346675591506,-0.01233493407839113,1.0048634599542667,1.0941569993591376,4.368632941636531,9.196138931371554,0.19192,8.84768,86.78319781282475
2024-06-18 04:33:20,04:33:17.00,-0.16859436574357495,0.007415537108034372,0.97428342510274,-1.644381956250656,-3.348302566176286,7.9280599697675775,0.57416,9.183,91.39112995606556
2024-06-18 04:33:20,04:33:17.50,-0.13211258501782638,-0.006885636656402112,0.9921657470679645,-3.3109715306295446,-4.1844584325342575,6.98188206048159,-0.47363999999999995,7.08544,95.20694363409976
2024-06-18 04:33:21,04:33:18.00,-0.08451594193885331,-0.02569730657292109,1.0006632103909974,3.7793607703965,-7.984339491588377,5.792860744260134,-0.13196,3.9356799999999996,98.22820543839799
2024-06-18 04:33:21,04:33:18.50,-0.013847044790656854,0.003732411440347772,0.9978664369910885,-2.8453630822296994,0.07378235606839681,5.678670831640591,0.10948000000000001,1.6222,101.16499278738078
2024-06-18 04:33:22,04:33:19.00,-0.022742351861521723,-0.028639210038703747,0.993036044357887,-2.831467954010131,0.8524428777725652,4.562621370744838,-1.6287200000000002,2.2938,103.97294196204402
2024-06-18 04:33:22,04:33:19.50,-0.02361546747762699,-0.05365709151190755,0.9954813685244364,0.36258233243398075,-1.2267755846658397,3.1805413358639623,-2.07,1.51408,105.8802089767885
2024-06-18 04:33:23,04:33:20.00,-0.011754061000143477,-0.05226869780201584,0.99080883383654,-0.42898996028655434,1.9111537676830006,1.007290699927261,-1.98472,1.13124,107.16322068825626
2024-06-18 04:33:23,04:33:20.50,-0.009353684562227516,-0.0744223889695306,0.9924194801598182,-4.675746418997264,-4.137890221811807,-1.6700622153152604,-4.54528,0.17764,106.6636432648286
2024-06-18 04:33:24,04:33:21.00,0.013539952006364875,-0.09934421168554146,1.0066115088660377,12.180937511512024,1.484034865515161,-14.2277634441169,-2.20768,0.016,104.87886245916101
2024-06-18 04:33:24,04:33:21.50,0.00092126891090278,0.005890180971433751,1.0077375838073923,0.9509737758005354,-0.863001662150161,-49.37090747650498,0.24783999999999998,0.12332000000000001,84.69507574987938
2024-06-18 04:33:25,04:33:22.00,0.007600262861851092,0.014101552572299845,1.000026386473004,0.11913457378560179,0.1837629337914003,-13.797697932470628,0.67928,-0.24528,70.53159712142646
2024-06-18 04:33:26,04:33:22.50,0.011139008866582227,-0.001499461398876809,1.0142854088390825,-3.515060980500138,-3.966495799229526,0.21267567927304343,-0.3772,-1.10524,67.68590198102355
2024-06-18 04:33:26,04:33:23.00,0.05013979506451313,-0.03411996092673388,0.9839244577529123,-1.496076847310601,-1.717046041332454,-1.4556299972156053,-1.94176,-2.88276,67.87986336754265
2024-06-18 04:33:27,04:33:23.50,0.048890701860765565,-0.03335306990028205,0.9966268045915433,1.9180334538264503,2.63512710964217,-2.7228124115569083,-1.05752,-1.8222800000000001,66.70544173335475
2024-06-18 04:33:28,04:33:24.00,0.028766859071579456,-0.03408199483629313,0.997633519140111,-1.3803307340105317,0.8167323578283459,0.033379911882013245,-1.9292799999999999,-1.3293199999999998,66.27783905000447
2024-06-18 04:33:29,04:33:24.50,0.0028730247738220117,-0.04481714978010731,1.005952091984916,2.558796332919197,4.381742572976576,-1.6632668133109842,-1.61132,0.8298399999999999,65.78980771150268
2024-06-18 04:33:29,04:33:25.00,-0.02424068333575302,-0.018695019554005137,1.0014374264714798,3.543886208516185,2.2370726549537863,-1.604726248706829,-0.06616,1.86508,64.97524389209565
2024-06-18 04:33:30,04:33:25.50,-0.10368388528730187,0.03410635180737142,0.9961813729139061,6.155680336019852,12.40873530879002,-1.0609556757095204,3.44668,8.511000000000001,64.21954010900109
2024-06-18 04:33:31,04:33:26.00,-0.20436702311410154,0.07799362590509407,0.9694061098164652,-1.7299311767433039,-4.965117373461206,-1.1027135458436512,4.174119999999999,10.21988,64.04567020622162
2024-06-18 04:33:32,04:33:26.50,-0.06534161013829806,0.024843721565267464,0.9949026613316359,-2.950041405261154,-10.085532675523915,-2.579055562181033,1.1736,2.1484,63.15026151558988
2024-06-18 04:33:33,04:33:27.00,0.044124552924199145,-0.005058440820594148,0.9996976970759509,2.041497888531728,2.762557399599864,-2.7432554996780767,0.6794,-0.93084,61.71603973528714
2024-06-18 04:33:33,04:33:27.50,0.009527193247141429,0.010400141397424963,1.003636924491614,0.1648920439841068,0.14036752541728828,0.3132959707244846,0.95512,-0.05164,61.305356555659465
2024-06-18 04:33:34,04:33:28.00,0.009384684346619983,0.00729901529705706,1.0005007488776447,-0.005911223603144275,0.003627917551901021,-0.4657166353956712,0.79864,-0.18188,61.3998315312055
2024-06-18 04:33:35,04:33:28.50,0.010460679172267734,0.00398210535883028,0.9998147914662341,0.6185697310954559,0.20412234825041556,-0.6968141235888231,0.77008,-0.25744,61.027030972067806
2024-06-18 04:33:36,04:33:29.00,0.011451270861685806,0.0045447426108411355,0.9999999961180105,0.42389735482429897,0.2878062907385472,0.011735591438552564,0.7802,-0.30308,60.97528828501147
2024-06-18 04:33:37,04:33:29.50,0.011999646968037427,0.00400035356697278,1.0000000000061293,0.001090348974266772,0.0007127845660250412,0.03590445457861333,0.56372,-0.47268,61.051548082489454
2024-06-18 04:33:38,04:33:30.00,0.012000000034142335,0.00399999996578776,0.9999999999999991,-4.085530510579354e-07,-2.7536992004104434e-07,0.011516696653378171,0.39612,-0.5982,61.120476861953
2024-06-18 04:33:38,04:33:30.50,0.011999999999997452,0.00400000000000246,1.0000000000000009,9.185861400498276e-11,6.235023716511113e-11,0.015363382306954342,0.327,-0.65008,61.191991734099105
2024-06-18 04:33:39,04:33:31.00,0.009235783173534623,0.012562330746560452,0.999984759303141,-0.02289914591757209,0.19424181123817075,2.5725448437105767,0.40328,-0.617,61.62322967590935
2024-06-18 04:33:40,04:33:31.50,0.0050243498280401755,-0.048752194145683506,0.9984621355210254,0.08702845886062109,0.12722904131557647,-0.07957736384248609,-0.41008,-0.41524,62.2942970704429
2024-06-18 04:33:41,04:33:32.00,0.011476777856031972,-0.024826718522926713,1.0011044458949392,1.0501870331591086,0.114991471545137,5.653293132596145,-0.92548,-0.4032,64.22914103372892
2024-06-18 04:33:41,04:33:32.50,0.010534239821517194,0.03521745293148673,0.9989807593971366,1.9815057467376525,0.32119113209523986,6.919890865345593,0.8298000000000001,-0.32232,67.46434078620771
2024-06-18 04:33:42,04:33:33.00,-0.016589006797278517,0.013209093093612964,0.9989479183557972,-1.9137387522488745,-0.42303880276723127,8.30461520963734,1.19716,0.026520000000000002,70.59288434222512
2024-06-18 04:33:43,04:33:33.50,0.009223432456500081,0.06356003084751276,1.0006737911149728,-1.5598197264692966,0.3950353757778414,1.3141544589038634,1.72696,-0.31808,74.29669324666962
2024-06-18 04:33:44,04:33:34.00,0.02925180312774077,-0.020188634063117678,0.995684570114162,1.3400917189945931,0.34823849917484934,-9.731267208981603,-0.19240000000000002,-0.74176,71.75804649577643
2024-06-18 04:33:45,04:33:34.50,-0.009345165129941536,-0.007313030009084772,1.0049477933660214,1.624322172632227,1.4368102177604496,-5.63818605173118,0.77152,-0.35,67.46786616747906
2024-06-18 04:33:45,04:33:35.00,0.01587845057484971,-0.001613426639795076,0.9983382461263243,0.1348006274984472,-1.2672316672400152,-7.555403753599822,0.39536,-0.39256,64.63106227971406
2024-06-18 04:33:46,04:33:35.50,-0.009873139954557332,0.009845940794451452,1.0011414698869148,-0.09880932955015755,-0.18096282959065135,-5.149525545249139,0.6386400000000001,-0.26872,60.74435473185609
2024-06-18 04:33:46,04:33:36.00,-0.0141156599059502,0.002520764910543508,1.0054501703133354,-1.3720184013216956,-1.1113509754115376,4.024572542415532,-0.27628,0.06028000000000001,60.518595434006144
2024-06-18 04:33:47,04:33:36.50,0.013958226902789053,0.049505068301124826,0.9971055229879134,0.5615078549175272,0.06878460359610068,1.6686773222126592,1.61784,-0.45439999999999997,63.46701257702905
2024-06-18 04:33:48,04:33:37.00,0.024585113909202917,-0.0014268705368744394,1.000265118798276,0.6510487792395966,0.10327188143770107,-4.66207302455163,0.97752,-0.67696,61.60273674249756
2024-06-18 04:33:49,04:33:37.50,0.014169870099615576,0.043962176074802406,0.9969700484370029,-1.1323169015474372,0.6856667427909574,-6.620883214798466,1.62776,-0.51988,59.6552231873581
2024-06-18 04:33:50,04:33:38.00,0.015374585389145004,0.015945262549457023,1.0006539167884683,0.1445733035162461,-0.07854759612805125,-8.202382264128483,1.3200399999999999,-0.6085200000000001,55.34065919923627
2024-06-18 04:33:50,04:33:38.50,0.005453479612622259,0.0027584680236015526,1.0013507308373357,-0.06700154350049954,-0.31024957706901546,-7.596230807416102,1.2044,-0.57644,51.6048561476154
2024-06-18 04:33:51,04:33:39.00,0.00723528901747406,-0.01919980406071855,0.9995635063311914,-2.9264785949809453,-0.46592649551037757,-4.4501726537258515,-0.3856,-1.01668,48.532440988765956
2024-06-18 04:33:51,04:33:39.50,0.007980695053624927,-0.025582280249478416,0.9986587742201207,0.31856892448033647,-0.7170465456785016,-2.968168269591518,-1.2971199999999998,-0.8362,46.903484840076224
2024-06-18 04:33:52,04:33:40.00,0.012147570706060335,-0.02013430348996432,0.9988349638576625,0.6920173581101582,0.5771669698902089,-3.3333028482374925,-0.9226000000000001,-0.94564,45.42727441925676
2024-06-18 04:33:52,04:33:40.50,0.014342965478309828,-0.012200225707665394,1.0009531921818178,1.0038607316401085,-0.3190208012329308,-3.050634301646055,-0.5720000000000001,-0.856,43.863327293493164
2024-06-18 04:33:53,04:33:41.00,0.010467155904969343,0.0019195855431354888,1.000747941465363,-0.408430936868922,0.0973233833897495,-2.7987626115409707,-0.2956,-0.80476,42.439272164861414
2024-06-18 04:33:53,04:33:41.50,0.0095763035810198,-0.004564743546928688,0.9992718693690942,-0.5046210359951295,0.4198559996458247,-3.3487026161235924,-0.47731999999999997,-0.60156,41.132613368054656
2024-06-18 04:33:54,04:33:42.00,-0.021826057932234768,-0.03652455922852003,0.9997613913041363,1.1622782433895447,-0.35306132671878776,-2.7906601824434163,-0.7284,-0.20024,38.45953372145531
2024-06-18 04:33:54,04:33:42.50,-0.0004044969351676799,-0.019666889766617582,0.9988481455296297,0.4058913501923859,0.33356357483983073,17.635213941784333,-0.61992,0.1564,42.91357946017573
2024-06-18 04:33:55,04:33:43.00,0.014171316253205857,-0.0069217003859773606,1.0027750819691272,-0.2731674262531804,0.6618151895186731,26.629452374267693,-0.63268,0.20036,54.51930262081361
2024-06-18 04:33:55,04:33:43.50,0.03257241664012731,0.017145865761596314,0.99806040170348,0.6611892520269609,0.4398071860753599,22.88172916191604,-0.54664,-0.35147999999999996,67.32557507011684
2024-06-18 04:33:56,04:33:44.00,0.04381221706147505,0.039307222448125075,0.9997968689203586,0.09646412521484471,0.47185357444224335,19.189883285330765,0.51596,-1.02652,77.61222999391127
2024-06-18 04:33:56,04:33:44.50,0.009395321708488464,0.023900323101032152,1.000292839845864,0.05633873755427672,0.02057186760414106,16.136031761290106,0.60584,-1.3891200000000001,86.6922037305702
2024-06-18 04:33:57,04:33:45.00,-0.013812395490305975,-0.009039143089693176,1.0003421878352086,0.6083177740319994,0.22609125057851895,8.342287059969644,0.46812,-0.57272,92.85107681961537
2024-06-18 04:33:57,04:33:45.50,0.0015133625144964646,0.0009147466304919535,1.0013713385577079,-0.4468156595135321,0.02630572499945446,4.938867919345996,0.27716,-0.2974,96.03463551865497
2024-06-18 04:33:58,04:33:46.00,0.003956826542471496,-0.0010002597200206153,0.9991406300701751,0.34369886166687,-0.06520976938499352,4.482169893391316,0.1004,-0.29047999999999996,98.38055798966856
2024-06-18 04:33:58,04:33:46.50,0.005084110867603028,0.0004988585952429727,1.0006316756204838,0.15291561209699633,0.03594409726245074,2.9044733470711783,0.18228000000000003,-0.28424,100.31035780749917
2024-06-18 04:33:59,04:33:47.00,0.01463952035757228,-0.00485148053243586,0.9997006311438383,0.011967068378803968,-0.15813889720147592,0.28567927953951927,0.045,-0.39848,101.27296846528918
2024-06-18 04:33:59,04:33:47.50,0.03851463599758954,0.022294616345023607,0.9992443781555419,0.28478306380583424,0.3033202418595456,1.7913891562384818,0.55464,-1.03736,101.69775447198778
2024-06-18 04:34:00,04:33:48.00,-0.013696942599931216,0.005736969051259084,1.0014328763812337,-0.1079123229901834,-0.19515124208718965,0.17385092011707023,0.5244,-0.68232,102.2993331418656
2024-06-18 04:34:00,04:33:48.50,-0.0015767428280280746,0.0033815424379831684,1.000308243041277,-0.31922160383547704,-0.09039903492123162,-0.7277731965847586,0.12272,-0.31708,102.17889529796089
2024-06-18 04:34:01,04:33:49.00,0.001358529147361133,0.0012821015641454943,1.0010757512160906,0.22659721509848216,0.4599130017140145,0.1041858899849264,0.12124,-0.09215999999999999,101.99191599698491
2024-06-18 04:34:01,04:33:49.50,0.0015714741789605582,-0.000847120351077852,0.9991604848729918,-0.9568015426974971,-0.37113709875807954,-1.0951151446110345,-0.17815999999999999,-0.18572,101.91693707863145
2024-06-18 04:34:02,04:33:50.00,-0.0222010846377863,-0.021087639666812496,0.9997629795040865,1.765040729241495,0.15680723370079389,6.5777939106189685,-0.13996,0.16676,102.90562531862743
2024-06-18 04:34:02,04:33:50.50,-0.004615765243459004,-0.02314595629326471,1.0031782506525533,-0.8252752939629172,0.04620652190626979,17.63743745435628,-0.38592,0.4702,109.14581055816625
2024-06-18 04:34:03,04:33:51.00,0.024852640829754403,-0.0018945163467208243,0.9993787740423984,2.7528538025037403,0.6355990038735791,20.595275133783034,-0.16896,0.349,119.52099626832697
2024-06-18 04:34:03,04:33:51.50,0.022455712110728405,0.03939164777292908,0.9986925025768789,0.24303873940979998,-1.0815330331816357,17.6053792609114,2.06712,-0.0924,128.95473605872002
2024-06-18 04:34:04,04:33:52.00,0.006525579418584904,0.00170147904847254,0.9995105923921617,-2.935205191778827,1.8788131906935575,11.593117384328828,1.2303199999999999,-0.27368,135.8281166305634
2024-06-18 04:34:04,04:33:52.50,0.017910291672800466,0.0009844578732692796,1.003083839014377,4.54798718255416,1.0421055813990947,20.354441418106802,0.8196799999999999,-0.50876,144.91586495257675
2024-06-18 04:34:05,04:33:53.00,0.02676165416730324,0.0626136567563414,0.9956248944338977,3.165808804419779,-1.7451420151190782,9.07577259892958,3.45632,-1.36244,151.6488391140221
2024-06-18 04:34:05,04:33:53.50,0.005489088499131361,0.05737442206007419,0.9961184972942774,-3.557295909033129,2.8737389265400646,8.054507137156184,3.3152,-0.68568,156.23131173799663
2024-06-18 04:34:06,04:33:54.00,0.006579618748098032,0.027956532580695935,1.0008034350282318,-1.9126505705451065,-1.2249108919871718,11.16243791289062,1.3332400000000002,-0.69844,161.12050013429987
2024-06-18 04:34:06,04:33:54.50,0.001893213139494116,-0.001908466157130824,1.001009759198963,-0.5794395414238204,-0.2162581228087841,5.539069565541375,0.65916,-0.56432,165.09197047409
2024-06-18 04:34:07,04:33:55.00,0.009903731484099655,0.0027738669711182664,1.0002750467333492,0.45129923491303464,0.009760294065540265,3.042633145203961,0.61828,-0.546,167.21647073585254
2024-06-18 04:34:08,04:33:55.50,0.011417080162255025,0.00351927418353624,0.9998789068616978,0.05327200184882191,0.031450586402467416,1.296158069877328,0.36312,-0.6177199999999999,168.35594375526844
2024-06-18 04:34:08,04:33:56.00,0.011103337260863079,0.00371005579975872,1.0003102736801963,-0.03753437018862998,0.002309206588728869,-0.11713814440932191,0.37544,-0.62392,168.64177851381856
2024-06-18 04:34:09,04:33:56.50,0.011090236250154968,0.005487472572916692,0.9997010860841278,0.07896654020512786,-0.019042527313312792,-0.41173781568459134,0.36948000000000003,-0.6507600000000001,168.55866037865184
2024-06-18 04:34:09,04:33:57.00,0.010265176119289636,0.005894000096971744,1.0000767838746847,0.26579515353562866,0.17231362082746007,-0.5027903166487241,0.44920000000000004,-0.5914,168.36000380468084
2024-06-18 04:34:10,04:33:57.50,0.0190445612826604,0.021048090071198254,1.0003088621304312,0.2459017199004083,0.07636876942568223,1.8008999473099978,0.62352,-0.60256,168.47740164835812
2024-06-18 04:34:10,04:33:58.00,0.03463704015917464,0.04987630541811435,0.9985348237352872,-0.15099673059566804,-0.4681349753505668,6.7191403233171005,1.6090799999999998,-1.20988,171.05897128039058
2024-06-18 04:34:11,04:33:58.50,-0.012190553251142792,-0.013053317458274321,1.0015114917912342,-1.0358418177389808,1.197371787834745,4.840021388458391,0.72652,-0.56512,173.9317094499532
2024-06-18 04:34:11,04:33:59.00,-0.00040588129716018803,-0.012755316694343998,0.9991884900704201,-0.7347484120396084,-0.7857054921641591,6.304081682178562,-0.42944000000000004,-0.32148000000000004,176.7767004358268
2024-06-18 04:34:12,04:33:59.50,0.00706479678054064,-0.026221348670739775,0.9992832126111729,0.9128187328744124,0.03937857788672289,2.6260829644909696,-0.51912,-0.4706,179.4290905879665
2024-06-18 04:34:12,04:34:00.00,0.007828274750613188,0.00439066261311486,1.0012286449158723,1.8245948566821155,0.2677727501560342,2.7180271394481936,0.19655999999999998,-0.37444000000000005,-107.5710216959831
2024-06-18 04:34:13,04:34:00.50,0.0056631351886903955,0.011097551913839881,1.0009475871503006,-0.9526806750493487,0.3058685446008395,2.1846374270293083,0.29760000000000003,-0.29456,-178.0816052366158
2024-06-18 04:34:13,04:34:01.00,0.0031738889598397556,-0.005580021658001078,0.9980772491289644,-0.06509387345961481,-0.7106161515420265,-49.07949953774518,-0.08259999999999999,-0.48556,72.0511409018391
2024-06-18 04:34:14,04:34:01.50,0.0027724518746047237,0.009713059721630876,1.0016768800869529,-0.8038605267411512,-0.6106099141080998,-71.0154901970193,0.22823999999999997,-0.66144,138.52556992789098
2024-06-18 04:34:14,04:34:02.00,-0.004616614560448909,0.014766335571786672,0.9991815441115993,-0.16962098291643826,-0.5136545322348026,-28.061371985812798,0.38439999999999996,-0.17288,113.83518150416735
2024-06-18 04:34:15,04:34:02.50,-0.005650697935717204,-2.7033047381632286e-05,1.0006057688875514,0.1355473921268337,-1.263055672911544,-32.85238177078094,0.24608,-0.43223999999999996,101.14881975083428
2024-06-18 04:34:15,04:34:03.00,0.006809194278534272,0.014006804155848292,1.0009381277006764,-1.3847271040927156,-0.1732049949531926,-19.524120890772934,0.062240000000000004,-0.5036,86.32152641115245
2024-06-18 04:34:16,04:34:03.50,0.005264434028539305,0.0009932299790967269,1.0001167625792602,-0.37390749107783366,-0.09026508274546075,-10.342405938998668,-0.04828,-0.46692,79.52670065668303
2024-06-18 04:34:16,04:34:04.00,0.004325600783431396,-0.00014765039055945133,0.9997247638253506,0.4699543955147216,0.017982464513569555,-5.640726337879942,0.08288000000000001,-0.43579999999999997,75.65024811526924
2024-06-18 04:34:17,04:34:04.50,0.005619675111596723,0.001977717117521678,1.000128941610544,-0.2756647245232964,-0.114551951024932,-5.936817257368834,-0.02116,-0.41259999999999997,73.39569533936104
2024-06-18 04:34:17,04:34:05.00,0.01627960910165035,0.04359753810001181,0.9995538234697647,0.1918265850972091,-0.22760453638766734,-11.70646330873163,0.82544,-0.489,68.29921190520689
2024-06-18 04:34:18,04:34:05.50,0.00438672358122222,0.016357997935191174,1.000015747136877,0.35785654723589894,0.14405089149629668,-10.20405474178709,1.19076,-0.36476,63.159017244176795
2024-06-18 04:34:18,04:34:06.00,0.006275258656466779,0.00325712124524638,1.0015172709848617,-0.11942584541610403,-0.04815389087277123,-6.3174260732899485,1.2319200000000001,-0.3856,58.90266467362335
2024-06-18 04:34:19,04:34:06.50,-0.0004072217167157054,-0.017114947231798253,1.0001002298629336,-1.2476809601015475,0.5782489879644388,-4.006650414588234,-0.15116,-0.1868,56.628701681843715
2024-06-18 04:34:19,04:34:07.00,-0.002390648667590336,-0.01313730342028184,0.9997556451639735,-0.47865714139944493,-0.15192725529455842,-3.867595752021686,-0.68556,-0.09228,54.71647493256032
2024-06-18 04:34:20,04:34:07.50,-0.0037773591889042357,-0.03513414039997051,1.000718017632667,-0.9091410655270898,-0.11029333647947295,-12.248518945305397,-1.1676,-0.11964000000000001,51.50400464608209
2024-06-18 04:34:20,04:34:08.00,-0.0062293228798226,-0.05783007169708485,0.9961233992203024,3.098658330013283,0.05777020054961542,-10.801700660121334,-1.5876,-0.14215999999999998,44.700496515108526
2024-06-18 04:34:21,04:34:08.50,0.001266970272031265,0.03827553877091382,1.0037884120505938,3.1580376960147047,-0.7479608643536273,-6.83384013989861,0.7364799999999999,-0.26792,40.49900272802858
2024-06-18 04:34:21,04:34:09.00,0.001053279496724521,0.04795235147766125,0.9973941426343447,-0.5348243835888193,0.15977321391008112,-2.914675003298258,1.87564,-0.21512,38.24560589894773
2024-06-18 04:34:22,04:34:09.50,-0.001401590329720366,0.03371082244838845,0.9984156216256662,-2.350599573540012,0.1209337185086895,-1.6216870127623961,1.25356,0.0432,37.23299000221912
2024-06-18 04:34:22,04:34:10.00,6.0890270406403996e-05,0.01755805551476178,1.0015954838714223,0.2892219230577824,-0.45391475272466103,-1.0677397851068093,1.02116,-0.17623999999999998,36.716908531591045
2024-06-18 04:34:23,04:34:10.50,0.0010419599445300439,0.01634751951496612,1.0000536695633833,-0.20511980764621338,0.15660671700262374,-1.1029155263494228,0.89764,-0.03448,36.1317314848939
2024-06-18 04:34:23,04:34:11.00,8.789641581915938e-05,0.01454330952793558,0.9999951934491526,-0.04451535338863004,0.05598099402695631,-0.2611987845418869,0.90264,-0.05044,35.89619723772981
2024-06-18 04:34:24,04:34:11.50,-5.578319514696456e-07,0.01299437652247618,1.000000000791556,0.00028593879966157433,-0.0001194486687432308,0.0010666258536822816,0.8474799999999999,-0.0262,35.91796998178964
2024-06-18 04:34:24,04:34:12.00,-0.00012187016386381039,0.012630566111439707,0.9999999999998757,-0.043513653014539556,0.041586884710956354,-0.04108160673057297,0.7857999999999999,0.00972,35.97848831520597
2024-06-18 04:34:25,04:34:12.50,-0.025773811826994782,-0.0184553442855769,1.0006030247056825,-0.15092153691417984,-0.16986436093682586,-2.412488414317666,0.31072,0.28756,34.85323176205157
2024-06-18 04:34:25,04:34:13.00,-0.0113872477016014,-0.0086732392376091,1.0014256029163828,0.36499868220902626,-0.16129379997201362,15.649938696634015,0.03032,0.5858,38.63013550220466
2024-06-18 04:34:26,04:34:13.50,0.001235757303850296,0.009577112362558276,0.9994973307231046,-0.1405896434455743,0.3210350802710096,17.50808494000675,-0.0068000000000000005,0.52416,47.3177932245542
2024-06-18 04:34:26,04:34:14.00,0.0033036142200613978,0.010227829747573951,1.0054854686067423,-5.214434464691072,0.9581681600225513,15.31914860814108,-0.7006,0.5406,55.88383641321865
2024-06-18 04:34:27,04:34:14.50,0.024484171676239366,-0.03317264103487338,0.9952571246368279,-3.5346040771992153,-0.4034455126586748,17.82375216135473,-3.0629199999999996,0.04136,63.78847577297743
2024-06-18 04:34:27,04:34:15.00,0.017234911527572658,-0.04272766808866425,0.9968539773984588,1.7919877861209212,-0.4415116569017274,3.866634919793205,-2.71036,-0.60084,69.88192492618313
2024-06-18 04:34:28,04:34:15.50,-0.005667093328689068,-0.021616107867927944,0.9959558796726398,6.36834062639982,-0.8108587516621236,0.5414551190339467,-0.63784,-0.48475999999999997,69.91390256219849
2024-06-18 04:34:28,04:34:16.00,-0.020414757541800034,-0.02138029581234664,1.006664554951215,1.1273746325619383,0.13851276022524814,0.27435464455155467,0.69808,-0.001120000000000002,70.83069756276572
2024-06-18 04:34:29,04:34:16.50,0.01103374818884476,-0.0017183218124967572,0.9993609581737251,0.23215612483284973,-0.47083860080914053,-13.792403380352301,0.29284,-0.09940000000000002,67.85373896201635
2024-06-18 04:34:29,04:34:17.00,-0.00978317495362106,0.00729899262837296,0.9997753145514036,0.639871791211996,-0.16514253691736652,-16.72169565338196,0.5184799999999999,-0.27848,59.68397723662601
2024-06-18 04:34:30,04:34:17.50,0.0012430616488247398,0.00275047778814262,1.0006838513482437,-0.6526790020808366,-0.9955546264362474,-26.833541403578224,0.25828,-0.24436,48.40490217899648
2024-06-18 04:34:30,04:34:18.00,-0.009282078711628144,-0.0006573890498899801,1.0003794032019317,0.022144236364271562,-0.3942418384044025,-24.07965281962126,0.25795999999999997,-0.1324,36.36154472317684
2024-06-18 04:34:31,04:34:18.50,-0.008160204259263561,0.010991487974991047,1.000125932103559,-0.16029246275202275,-0.5023885672452709,-21.107211199456916,0.1246,-0.27408,24.551613307505885
2024-06-18 04:34:32,04:34:19.00,0.004501074555802044,0.020980305898040005,0.9996058747391541,-0.11129557845917795,-0.4678282304211507,-13.333641253991638,0.44107999999999997,-0.06624,16.159787340446055
2024-06-18 04:34:32,04:34:19.50,-0.009743282604625291,-0.002198367047561592,1.000668887098765,0.1627365944396625,-0.18345214360075382,-9.038475489322769,0.39724000000000004,-0.135,11.017959345819778
2024-06-18 04:34:33,04:34:20.00,-0.0026387324136882555,0.009270436238017984,1.0003749525463232,0.5108184882527245,-0.024600593125947076,-5.300140479848555,0.58384,0.006239999999999999,6.662869786998393
2024-06-18 04:34:33,04:34:20.50,-0.0009486382695335439,0.03062679670988115,0.9997954182176891,-0.2531370312234708,-0.17232065688467305,-0.7799258944134615,0.91644,0.03948,6.502152922358164
2024-06-18 04:34:34,04:34:21.00,-0.0020143286779755664,-0.002432420893702312,1.000289561211107,0.21122309972693093,-0.11236434641917337,-5.807307603098293,0.6346,0.03896,4.418496799649881
2024-06-18 04:34:34,04:34:21.50,-0.005133639607476825,0.0017246619009622405,1.0004968937385115,-0.41658188993643885,-0.42085748614903745,-3.733599999210986,0.34271999999999997,0.06156,1.9223861942770717
2024-06-18 04:34:35,04:34:22.00,-0.002593431868302244,0.001948450619466352,0.9997716355116067,0.2817824704200958,0.09432344941433883,-2.2068979181546,0.28244,0.09147999999999999,0.6022870495116858
2024-06-18 04:34:35,04:34:22.50,-0.002792931219682584,0.004866378255092808,1.0003227318468972,0.2463442570859882,-0.18565193483448045,-1.4525726427287955,0.39783999999999997,0.04812,-0.2286761479975229
2024-06-18 04:34:36,04:34:23.00,-0.002219544713600312,0.006176093487420467,1.0002985384318328,0.1674318951279176,-0.2905218322375565,-1.2255106984200494,0.436,0.0048000000000000004,-0.8669687676964789
2024-06-18 04:34:36,04:34:23.50,-0.0005615661563555875,0.006919997952094944,1.0002205271595053,-0.1375141700747044,-0.1293330842170705,-0.6630213685488511,0.46496000000000004,-0.048760000000000005,-1.224545860886169
2024-06-18 04:34:37,04:34:24.00,0.0002187436924344515,0.003279832241121692,1.0003261475720506,-0.18788385565507681,-0.17414779725200918,-0.8437325073675312,0.26532,-0.11836,-1.5591749344931478
2024-06-18 04:34:37,04:34:24.50,2.125502713159445e-05,0.003228809826759708,1.0000004089845158,0.04507731752431176,-0.10403808668572805,0.0321484952309263,0.27564,-0.12996,-1.6952344318184125
2024-06-18 04:34:38,04:34:25.00,-0.0026673236796230927,0.00403131217301146,0.9999999999521307,0.4080804571171383,0.12800179042527202,-2.6022385695554413,0.3036,-0.09315999999999999,-1.946308012938096
2024-06-18 04:34:38,04:34:25.50,-0.001404603103188924,0.00799039219634454,1.0002430295017346,0.4307702819904014,0.1669196384341083,-3.07827503376558,0.61612,0.1598,-3.780717729857989
2024-06-18 04:34:39,04:34:26.00,-0.0018373444402288329,0.010371776076716532,0.9999969700437404,0.11156506926415867,-0.0007417760505844961,-1.3193374807629996,0.6487999999999999,0.11352000000000001,-4.744566353261047
2024-06-18 04:34:39,04:34:26.50,-0.003369686973552896,0.010102907151296237,1.000000000454598,0.039070963012348754,-0.081319180048655,-0.037256274679514374,0.64492,0.09824,-4.943648324738547
2024-06-18 04:34:40,04:34:27.00,-0.0044103630434180405,0.011067550396652364,0.9999999999999342,0.14666842932543608,-0.030402119092562345,-0.03400585268253085,0.70604,0.14064,-4.898185821648344
2024-06-18 04:34:40,04:34:27.50,-0.004706813503472504,0.011109963018983251,1.0000000000000009,0.05343954042781381,-0.05585905284862133,-0.011738067333881082,0.723,0.16571999999999998,-4.844228725273355
2024-06-18 04:34:41,04:34:28.00,-0.010329949854908631,0.005234618407893431,1.0000000000000009,-0.2849651038746835,0.02218848153840707,-2.7296158914715987,0.56404,0.26456,-5.37027415367362
2024-06-18 04:34:42,04:34:28.50,-0.011706335840508113,0.0021727002399320084,1.000192695336037,0.07516047080995471,-0.2385580577129738,-3.348702365848632,0.28764,0.40031999999999995,-6.966254879020799
2024-06-18 04:34:42,04:34:29.00,-0.006394532230688216,0.006289490174143656,1.0006964539377128,-0.10739006986498602,0.042673394579686136,-2.8426450046487886,0.39552,0.42884,-8.440331749878796
2024-06-18 04:34:43,04:34:29.50,-0.006616075553673676,0.002465309267905167,0.9997642986748458,0.009644838130765736,-0.11358459624883853,-2.932185691725485,0.19324000000000002,0.38176000000000004,-9.864304840768943
2024-06-18 04:34:43,04:34:30.00,-0.006840210306415736,0.000366568762224724,1.0008119087537684,-0.4207069687215992,0.228842909532022,-1.2895721690194009,0.1704,0.38628,-10.94863181010404
2024-06-18 04:34:44,04:34:30.50,0.006190104517930392,0.0188116317820634,1.0001335098206232,0.38686954104004234,-0.29656381700407686,1.0836656569950054,0.3166,0.24404,-10.64878255493843
2024-06-18 04:34:44,04:34:31.00,0.034580063839327616,0.04090034439160057,0.9993195636985329,-0.4815689757940503,0.007351751448865404,1.5741205598269763,1.09348,-0.53284,-10.052472629254346
2024-06-18 04:34:45,04:34:31.50,-0.02287115301270474,-0.0030176582004578954,1.0008769526974566,0.18249851464938666,0.6720444751731601,-1.898682116856972,0.8615600000000001,0.08192,-9.984321739105063
2024-06-18 04:34:45,04:34:32.00,-0.011776530441577613,0.004308138185694648,0.9993662431729544,0.013240058459322914,-0.664791888975882,-1.9932585529484748,0.5928,0.30920000000000003,-11.063670568896814
2024-06-18 04:34:46,04:34:32.50,-0.004669552053109836,0.002294963661911504,1.0008320517451046,-0.19312378787592657,-0.11552038814728485,-1.1160374068966519,0.3104,0.22508,-11.740574550571989
2024-06-18 04:34:46,04:34:33.00,-0.004012409044912372,0.003267542916454616,1.0007797042658921,0.07367148915016189,-0.006690708502506206,-1.2983685403049479,0.36392,0.23815999999999998,-12.20450893120714
2024-06-18 04:34:47,04:34:33.50,-0.00380236082387492,0.004603345334031884,1.0000753310068295,0.15629754074532584,0.04256526182189268,-1.0523807370433158,0.34548,0.23912,-12.840894224308206
2024-06-18 04:34:47,04:34:34.00,-0.0036688256299577436,0.0052878570174278,1.0001513061560423,0.05033268484892023,0.00029110659822537496,-0.11028482438902847,0.35728000000000004,0.24316,-13.027902249214945
2024-06-18 04:34:48,04:34:34.50,-0.00347626977865606,0.0055685165020131645,0.99999998073177,0.003118304049087439,-1.4688616687343993e-05,0.0005010333689668358,0.34672,0.24072,-12.97285893706284
2024-06-18 04:34:48,04:34:35.00,-0.00299935276700546,0.006603336280212912,1.0000000000024365,0.002517945521894228,5.052998437715901e-06,-0.017252654765615428,0.36119999999999997,0.21960000000000002,-12.91428826489288
2024-06-18 04:34:49,04:34:35.50,-0.0030000000958527516,0.0070039199679734765,1.0000000000000004,-3.1913953115417344e-05,-6.737882286351852e-10,0.009656157293602282,0.37584,0.20164,-12.858762866843918
2024-06-18 04:34:49,04:34:36.00,-0.0029999999999861123,0.006760283889045529,1.0000000000000009,4.983902167220561e-09,8.729808904577861e-14,0.024447213963007784,0.38420000000000004,0.18932,-12.786433572644052
2024-06-18 04:34:50,04:34:36.50,-0.003,0.006999715958579976,1.0000000000000009,-7.534644273102734e-13,-1.0933772041545798e-17,0.017296820631205724,0.38896000000000003,0.1822,-12.714124817769282
2024-06-18 04:34:50,04:34:37.00,-0.003,0.006947824467461419,1.0000000000000009,1.1076921993991315e-16,1.312049295337085e-21,-0.0047556146726260295,0.3922,0.17708,-12.650778657750978
2024-06-18 04:34:51,04:34:37.50,-0.003,0.006812156854886556,1.0000000000000009,-1.5874980209076824e-20,-1.4841161120364027e-25,-0.024501655062326915,0.39404000000000006,0.17443999999999998,-12.602346011424139
2024-06-18 04:34:51,04:34:38.00,-0.003,0.006879146500610695,1.0000000000000009,2.220188847859193e-24,1.530264774263563e-29,-1.0375197163373943e-05,0.39644000000000007,0.17299999999999996,-12.5434565617157
2024-06-18 04:34:52,04:34:38.50,-0.003,0.007000872353290084,1.0000000000000009,-3.0294169511416015e-28,-1.3189412754789213e-33,0.007411973606540837,0.397,0.17299999999999996,-12.480134796702568
2024-06-18 04:34:52,04:34:39.00,-0.003,0.006765010830216436,1.0000000000000009,4.02695315775841e-32,6.415460001176605e-38,-0.040727100404116874,0.39676,0.17299999999999996,-12.42286183159883
2024-06-18 04:34:53,04:34:39.50,-0.003,0.006812174260734828,1.0000000000000009,0.025541790162399717,-0.01268190042763472,-0.27736837356170235,0.40148000000000006,0.17123999999999998,-12.385360435010705
2024-06-18 04:34:53,04:34:40.00,0.001044184985070716,0.004933898715729883,0.9999924617076836,-0.14139699724176677,-0.21365629117192508,-6.328013581602522,0.29752,0.048760000000000005,-14.364217740483475
2024-06-18 04:34:54,04:34:40.50,-0.003439195992140256,0.0075922764232601555,1.0002699580860286,-0.021065868185400308,0.04259208698555676,-2.0036414540086245,0.37704,0.06816,-16.12335876519227
2024-06-18 04:34:54,04:34:41.00,-0.0035798216861290875,0.005328761525668671,0.99981756285119,-0.006839481215138312,-0.033443139709976324,-0.8921129134183247,0.34728000000000003,0.12364000000000001,-16.785941597790618
2024-06-18 04:34:55,04:34:41.50,-0.002694985263137308,0.005758404656356631,1.0000000173568102,-0.0002794982626174885,-1.075688352153164e-05,-0.0024931708671828835,0.33728,0.14803999999999998,-16.887832070967008
2024-06-18 04:34:55,04:34:42.00,-0.002000342052651368,0.005999633367091652,0.9999999999982898,5.4752201397112234e-08,1.2076237667526403e-09,0.01068830647859531,0.33972,0.14012,-16.819416554754458
2024-06-18 04:34:56,04:34:42.50,-0.0019999999543545122,0.0060000000470258885,1.0000000000000009,-9.67980192608771e-12,-1.229247833882439e-13,0.004656886954710615,0.34391999999999995,0.13536,-16.755432283608073
2024-06-18 04:34:56,04:34:43.00,-0.002000000000005872,0.00599999999999414,1.000000000000001,1.606019177193772e-15,1.0290272633476803e-17,0.016749770577858522,0.34775999999999996,0.1332,-16.68953165641538
2024-06-18 04:34:57,04:34:43.50,-0.00199999999999998,0.006,1.000000000000001,-2.5471413175902015e-19,-4.308110656323436e-22,0.0027700474817286902,0.35015999999999997,0.13228,-16.623538331788225
2024-06-18 04:34:57,04:34:44.00,-0.002,0.006,1.000000000000001,3.9001047249675634e-23,-8.341969260215131e-26,0.014425931372115713,0.35159999999999997,0.13176,-16.55920255737067
2024-06-18 04:34:58,04:34:44.50,-0.002,0.006,1.000000000000001,-5.7980478668013895e-27,3.1644134318896047e-29,0.007597857863338831,0.35235999999999995,0.131,-16.491994357637065
2024-06-18 04:34:58,04:34:45.00,-0.002,0.006,1.000000000000001,8.395890667841277e-31,-7.135193987363217e-33,-6.418895333151153e-05,0.353,0.131,-16.42951690174038
2024-06-18 04:34:59,04:34:45.50,-0.002,0.006,1.000000000000001,-1.1860905071676167e-34,1.3557201974721811e-36,1.0017455696904264e-08,0.353,0.13132000000000002,-16.36851662265716
2024-06-18 04:34:59,04:34:46.00,-0.002,0.006,1.000000000000001,1.6351676447534615e-38,-2.354504124476976e-40,0.015808689303918384,0.35275999999999996,0.13152,-16.30519658608845
2024-06-18 04:35:00,04:34:46.50,-0.002,0.006,1.000000000000001,-2.1978324454389262e-42,3.8592571889623196e-44,0.013451440274286382,0.35312,0.131,-16.23385653893112
2024-06-18 04:35:01,04:34:47.00,-0.002,0.006,1.000000000000001,2.873362048722861e-46,-6.064652686510226e-48,0.009437370573769133,0.353,0.131,-16.16889681716758
2024-06-18 04:35:01,04:34:47.50,-0.002,0.006,1.000000000000001,-3.638031267977983e-50,9.216223237018282e-52,0.015357197801171108,0.35351999999999995,0.131,-16.10120419290264
2024-06-18 04:35:02,04:34:48.00,-0.002,0.006,1.000000000000001,4.4274338978206666e-54,-1.3611302158152709e-55,0.012498656549924351,0.35348,0.1312,-16.032296821053208
2024-06-18 04:35:02,04:34:48.50,-0.002,0.006,1.000000000000001,-5.109651823824903e-58,1.9590645569356146e-59,0.011232845079239684,0.35412,0.1312,-15.967415616650735
2024-06-18 04:35:03,04:34:49.00,-0.002,0.006,1.000000000000001,5.445673983804943e-62,-2.751332894223604e-63,0.013457078193946148,0.35391999999999996,0.131,-15.897971297830752
2024-06-18 04:35:03,04:34:49.50,-0.002,0.006,1.000000000000001,-5.032487906440347e-66,3.770361491659816e-67,0.013358965375307688,0.3542,0.131,-15.831590241128408
2024-06-18 04:35:04,04:34:50.00,-0.002,0.006,1.000000000000001,3.223239350335763e-70,-5.035303641532028e-71,0.0005429432101654467,0.354,0.13172,-15.767033579154486
2024-06-18 04:35:04,04:34:50.50,-0.002,0.006,1.000000000000001,9.82063119199058e-75,6.5353494895067845e-75,0.009735887524846481,0.354,0.13164,-15.702188772261943
2024-06-18 04:35:05,04:34:51.00,-0.002,0.006,1.000000000000001,-9.08234492036242e-78,-8.202727242211756e-79,0.012111033111069766,0.35448,0.131,-15.635792352015283
2024-06-18 04:35:06,04:34:51.50,-0.002,0.006,1.000000000000001,2.326444954856954e-81,9.87070653905473e-83,-0.007425564055320057,0.35448,0.13144,-15.57574685512746
2024-06-18 04:35:06,04:34:52.00,-0.002,0.006,1.000000000000001,-4.6639964153838767e-85,-1.1210318446807983e-86,0.013823180018392141,0.35372,0.131,-15.512555125383514
2024-06-18 04:35:07,04:34:52.50,-0.001626742206716528,0.00165954618453016,1.000121870275841,-0.186532316258789,-0.09706235205991248,-12.909228412800694,0.28292,0.1118,-16.608051909834828
2024-06-18 04:35:07,04:34:53.00,-0.005182374342342664,0.005649258711256721,0.9999706255713948,-0.9133051115051845,-0.8134197940362584,-45.72309653476675,-0.1166,-0.08836000000000001,-35.56339907354652
2024-06-18 04:35:08,04:34:53.50,0.018165940786655576,0.03827204220701015,0.9996662690081253,1.1398485471329944,-0.2814380792782599,-6.545992765269846,0.8072,-0.36119999999999997,-47.125731943449495
2024-06-18 04:35:08,04:34:54.00,-0.0039483285791433,-0.007163307920797776,1.0013179513266044,-1.6041745211506109,-0.24100806476616563,-1.728089619826969,0.36848,-0.57716,-48.280610048755996
2024-06-18 04:35:09,04:34:54.50,0.013383629065964036,0.009339266925757097,0.9981997020176636,0.6885855017734963,-0.2308257997420051,-7.869889622158887,0.24764,-0.44171999999999995,-51.07203283074353
2024-06-18 04:35:09,04:34:55.00,-0.009818026807172819,-0.029321294441182005,1.0016684136442167,-0.3369025212842835,-0.012821303320764605,-2.245403343496493,-0.05148,-0.38032,-53.163017485409526
2024-06-18 04:35:10,04:34:55.50,-0.0009573960490720602,-0.015034850958038743,1.0013771761428247,1.542457160999012,-0.35960575309534626,8.142328865237413,-0.3924,-0.029679999999999998,-51.73791283350994
2024-06-18 04:35:10,04:34:56.00,0.013619155403835882,0.01725177731338676,0.9974622460667415,-0.10641361621711468,1.0492803303977647,6.7563804152772216,0.33696,-0.20803999999999997,-47.556928478014946
2024-06-18 04:35:11,04:34:56.50,0.005212782061136436,0.00758831352245146,1.0009809853778835,-1.0328581829784682,-0.3040106610069739,2.8121593491722354,-0.00312,-0.28624,-45.044277542380684
2024-06-18 04:35:11,04:34:57.00,0.00629722868219068,-1.9931077793702184e-05,0.9997943303973661,-0.08173832769534256,0.014368760579756836,0.08056241613234848,-0.01544,-0.33968,-44.51576132257556
2024-06-18 04:35:12,04:34:57.50,0.005731532554866848,1.3934600452340662e-07,1.0000004302256391,3.3389524560918196e-05,-1.7286670402926535e-05,0.00523342315843742,-0.03088,-0.3414,-44.45276372858646
2024-06-18 04:35:13,04:34:58.00,0.005879745516910027,-3.25032657846724e-11,0.9999999999456989,-2.3402613384098124e-09,2.999058380477247e-09,0.016267699973198643,-0.03488,-0.34356000000000003,-44.385137897145654
2024-06-18 04:35:14,04:34:58.50,0.005961591948512248,6.270522425654586e-15,1.0000000000000073,-9.188493449605839e-15,-4.912166537265435e-13,0.005672960949892947,-0.036559999999999995,-0.34556,-44.31881308506864
2024-06-18 04:35:15,04:34:59.00,0.005758630773354549,-1.0988486721003122e-18,1.0000000000000009,4.870766369742731e-17,7.714949514406191e-17,0.014253252721020276,-0.037759999999999995,-0.34607999999999994,-44.252426833203174
2024-06-18 04:35:15,04:34:59.50,0.005894407957184477,1.8122879260352972e-22,1.0000000000000009,-1.3334027620598233e-20,-1.1718715110174462e-20,0.014133467686012808,-0.0372,-0.347,-44.18536568884605
2024-06-18 04:35:16,04:35:00.00,0.008159341636421465,0.012596623491560124,1.0000000000000009,0.15879462481247908,0.02111589470591877,-0.9112184557098084,0.13140000000000002,-0.33652,-44.261472133804375
2024-06-18 04:35:16,04:35:00.50,0.006211245411745092,0.02340607915789103,0.9999303197420194,-0.22253510488503556,-0.4954440550152319,-3.584126169565689,0.67084,-0.47275999999999996,-45.333411379166485
2024-06-18 04:35:17,04:35:01.00,0.009626020000360445,0.0043396355526193085,0.9998182127455039,-0.17274351481614034,-0.3536518397483247,-5.065737311845783,0.6826000000000001,-0.66672,-47.51987863444319
2024-06-18 04:35:17,04:35:01.50,0.009675653756208364,-0.020249060837791846,1.000514774852814,-0.7772537240786537,0.11186109207859332,-2.0221571841117334,-0.30056,-0.6955199999999999,-49.46939576037925
2024-06-18 04:35:18,04:35:02.00,0.01273541616047165,0.019651595120328432,1.0007845084247449,2.6763141694121826,-0.3876515071116164,-43.901154618233306,0.58412,-0.70532,-58.72011111686213
2024-06-18 04:35:18,04:35:02.50,0.01975808890011508,0.03228153701236798,0.9968438729167783,-1.5517025586681295,-0.9271406905211214,-35.516220992727945,1.39056,-0.76208,-82.86647412594219
2024-06-18 04:35:19,04:35:03.00,0.013791839706036837,0.031478203385278715,1.0011716398015937,-0.26513060508707914,1.517275849025892,47.25814696681432,1.3481200000000002,-0.7784,-79.44354970461158
2024-06-18 04:35:19,04:35:03.50,-0.014394012136310417,-0.019116508181836234,1.0002001287242352,-0.0865367613184101,-0.026354113181020968,29.629402136104446,0.37132,-0.23692,-56.27835158943571
2024-06-18 04:35:20,04:35:04.00,-0.00037320540203823256,-0.009752009433225321,1.0001550389964668,-0.04561541824769955,0.15869549091413096,12.35636531532594,-0.12624000000000002,0.05772,-47.232029983863974
2024-06-18 04:35:20,04:35:04.50,-0.005833713595836696,-0.03315722694835084,0.9999898266536961,0.7614700471761122,0.03706015729419756,8.899715873945,-0.25064,0.12332000000000001,-42.34291933543465
2024-06-18 04:35:21,04:35:05.00,0.009571849603929173,0.014391876400066611,1.0005120355225352,-0.20894652966062707,0.25850490790456276,10.323296613553532,-0.25948,0.08732,-37.04933245568151
2024-06-18 04:35:21,04:35:05.50,-0.006938657616686095,-0.021590127051348898,1.0008178317817056,-0.5270622866163883,-0.4174428099335307,-15.55064037997741,-0.35856,-0.008320000000000001,-36.84592356214003
2024-06-18 04:35:22,04:35:06.00,-0.006351259278454324,-0.014015124658423209,0.9996393028039898,0.18411864431757297,-0.2946826373806594,-32.13868826654863,-0.8441199999999999,-0.10296,-49.12273601898937
2024-06-18 04:35:22,04:35:06.50,-0.012436308373673533,0.005794439091480964,1.0009594704697213,-0.8676079057601229,-0.601790266054245,-36.46245047485847,-0.7598,-0.28864,-68.98119010665411
2024-06-18 04:35:23,04:35:07.00,-0.002887670429199908,0.013174008468679936,0.9999485711265259,1.0511927346938095,-0.707019583133078,-18.214195408963775,-0.09472,-0.23852,-81.79356314947815
2024-06-18 04:35:23,04:35:07.50,0.007995325792388297,0.02835790983549726,0.9996610303799673,-0.6522681502250465,-0.05571508090406429,-16.95491575629523,0.78208,-0.35972000000000004,-89.17630634272884
2024-06-18 04:35:24,04:35:08.00,-0.001976782790955732,0.010300208850427223,1.0005123313350746,-0.6588991078703659,-0.7981303981962808,-35.07672857196835,0.31616,-0.31184,-104.30480710157269
2024-06-18 04:35:24,04:35:08.50,0.0006269277892212441,0.010717596401793556,1.000983370447207,-0.6569409513939649,0.20380289180332573,-31.735519214677748,0.56076,-0.3348,-118.43982611272449
2024-06-18 04:35:25,04:35:09.00,-0.009720044891431336,0.012333919504814715,0.99899585762047,0.4633327464296972,-1.0925403343492526,-12.23929727428285,0.56504,-0.35924,-133.4702268037495
2024-06-18 04:35:25,04:35:09.50,0.013003988516185123,-0.002134435995338036,1.0000503249208834,-0.5535127252737964,-0.061658055915953566,15.541285521505658,0.52136,-0.29464,-130.0884785255184
2024-06-18 04:35:26,04:35:10.00,0.019349228830385163,0.010737809754114565,1.0015562236675841,0.8713906428667036,0.8391306626542071,23.055155469817826,0.1648,-0.47812,-118.73650808875185
2024-06-18 04:35:26,04:35:10.50,0.0106438153462568,0.025569206060174855,0.9993990828817876,0.5848836209873416,0.10679413279164254,13.999437565856663,1.0757599999999998,-0.5001599999999999,-110.14289661472449
2024-06-18 04:35:27,04:35:11.00,0.01862121375202076,0.03903910754039914,0.9984835132416111,-0.9196324517314208,-0.2665711913436188,6.756785152261134,1.23636,-0.7700400000000001,-105.0854556512634
2024-06-18 04:35:27,04:35:11.50,0.009736736054652027,0.003286464983682144,1.0004527421192195,-0.07795995086697921,0.4194798574911507,-1.6872795232071436,0.7729600000000001,-0.64404,-103.11650967517349
2024-06-18 04:35:28,04:35:12.00,0.008342872836807768,0.0009673211332773871,0.9999317343512735,0.17140163491998223,0.04758078956252491,1.2227439693036786,0.61912,-0.66104,-104.22801098169464
2024-06-18 04:35:28,04:35:12.50,0.014367984456518622,0.026812904043653413,1.0002460751752387,-0.9222884678686363,-0.06241679288300836,1.7816171724479202,0.73688,-0.7193999999999999,-103.20804127951986
2024-06-18 04:35:29,04:35:13.00,0.012814412488216916,-0.0071417892734204754,0.9992041654874382,1.7138291069555953,-0.006263816351258616,0.8740187981304838,0.16352,-0.62292,-102.24117410676456
2024-06-18 04:35:30,04:35:13.50,0.013476394238895868,0.043718697931899565,1.0003926341895721,-0.46195359185855894,-0.014424967142628935,-1.299816753524978,1.2558799999999999,-0.80632,-102.31319253423098
2024-06-18 04:35:30,04:35:14.00,0.011317606382956149,0.021458279475083164,1.0005242417237863,0.11683464753735776,0.5059514586859045,-0.36063785280764143,1.4497200000000001,-0.57116,-103.01726507919447
2024-06-18 04:35:31,04:35:14.50,0.005447641247865224,0.016806985161356494,1.0009481496078958,1.0368649595943922,-0.2477457581009751,1.7525374376455023,1.46744,-0.57024,-102.41965982209162
2024-06-18 04:35:31,04:35:15.00,-0.000777608333307084,-0.018933729148550894,0.999627782893379,-2.635757062256468,0.27211440966166084,2.937888242775395,0.14912,-0.38539999999999996,-101.21980639474718
2024-06-18 04:35:32,04:35:15.50,0.0032953540716097202,-0.018829022904834666,0.9993027897707001,-0.33274557259683557,-0.6089797105237351,3.3355671463805616,-0.66956,-0.35704,-99.47159567652051
2024-06-18 04:35:32,04:35:16.00,0.009934697573973016,-0.027534280994330227,0.999640529606263,1.1096136212333036,0.04683863552509283,2.635238338692852,-0.95116,-0.57824,-97.9961447991423
2024-06-18 04:35:33,04:35:16.50,0.007711845250766144,-0.005593008324269596,1.001324840133292,0.6561368828465085,0.4626634581854445,-0.6757664889244499,-0.42747999999999997,-0.40399999999999997,-97.60928600350513
2024-06-18 04:35:33,04:35:17.00,0.008730536932916628,0.008365576945030793,1.0003217396084845,-0.3744589608519499,-0.24937912300147783,1.0833222737521588,-0.1624,-0.4428,-97.27242555272124
2024-06-18 04:35:34,04:35:17.50,0.00919339043298848,0.001836928671891196,0.9998753738339738,-0.011251089631667915,-0.06814451273903524,0.09438687322900764,-0.055119999999999995,-0.52228,-96.92209959501912
2024-06-18 04:35:34,04:35:18.00,0.009036513126636624,0.002016082266353504,1.0002396183515818,0.003267343430752012,-0.01617126404473825,-0.061441883707800876,0.02452,-0.5217200000000001,-96.86054670816749
2024-06-18 04:35:35,04:35:18.50,0.008319604011393825,0.001946999499580824,1.0000003141179412,0.010115407043633532,0.031419801087222324,-0.2403598858565862,0.0808,-0.50576,-96.88854458963934
2024-06-18 04:35:35,04:35:19.00,0.008203836267834445,0.002397202894772868,0.9999999999730588,-0.0003580838721460248,-0.0001309839493807854,0.0356472592509936,0.10407999999999999,-0.50156,-96.86978139314762
2024-06-18 04:35:36,04:35:19.50,0.009006346765016757,0.0030526532800446036,1.0000000000000018,-2.5887464426999715e-07,2.1507788722043073e-09,0.013810614601132172,0.13956,-0.514,-96.7995260238322
2024-06-18 04:35:36,04:35:20.00,0.008999999143995147,0.002999991946359472,1.0000000000000009,5.3353020071828565e-11,1.9866659706004733e-12,0.009892444568259004,0.1654,-0.52588,-96.73450426329984
2024-06-18 04:35:37,04:35:20.50,0.009000000000112309,0.0030000000011961557,1.0000000000000009,-9.698330547420226e-15,-5.936749373445164e-16,0.0046839489177987045,0.18280000000000002,-0.53232,-96.66900844769607
2024-06-18 04:35:37,04:35:21.00,0.008999999999999968,0.00299999999999978,1.0000000000000009,1.638757150688186e-18,1.255472012962168e-19,0.015054423932678498,0.19344,-0.5364800000000001,-96.6034969619234
2024-06-18 04:35:38,04:35:21.50,0.009,0.003,1.0000000000000009,-2.6343271788778534e-22,-2.3127132979977384e-23,0.009366484352133156,0.2,-0.5390400000000001,-96.53588268502175
2024-06-18 04:35:38,04:35:22.00,0.009,0.003,1.0000000000000009,4.0774548052684556e-26,3.941021435180968e-27,0.014780035149139871,0.20372,-0.54056,-96.46819623898982
2024-06-18 04:35:39,04:35:22.50,0.009,0.003,1.0000000000000009,-6.118192806617918e-30,-6.3739556669701865e-31,-0.0001549068685156112,0.20564,-0.54144,-96.4043537925168
2024-06-18 04:35:39,04:35:23.00,0.009,0.003,1.0000000000000009,8.934423402149142e-34,9.913200435021416e-35,0.006927996222348184,0.207,-0.54152,-96.34170573964471
2024-06-18 04:35:40,04:35:23.50,0.009,0.003,1.0000000000000009,-1.2723772739428336e-37,-1.493520087912731e-38,0.005945642310552466,0.20792,-0.54164,-96.27739058588358
2024-06-18 04:35:40,04:35:24.00,0.009,0.003,1.0000000000000009,1.7683762516818385e-41,2.1889479369957447e-42,0.01170829654872653,0.20855999999999997,-0.542,-96.21166741334302
2024-06-18 04:35:41,04:35:24.50,0.009,0.003,1.0000000000000009,-2.397268273758456e-45,-3.1280876769892054e-46,0.014491671825544547,0.20828,-0.542,-96.14506154221395
2024-06-18 04:35:41,04:35:25.00,0.009,0.003,1.0000000000000009,3.1640170483051303e-49,4.362359639687226e-50,0.01299405159301854,0.209,-0.54204,-96.07740121976926
2024-06-18 04:35:42,04:35:25.50,0.009,0.003,1.0000000000000009,-4.0511754468192753e-53,-5.934871298354647e-54,0.0016126066786767087,0.20904,-0.543,-96.01151953059718
2024-06-18 04:35:42,04:35:26.00,0.009,0.003,1.0000000000000009,5.0005415464102414e-57,7.863817254638229e-58,-2.4381552428044243e-07,0.21,-0.54216,-95.95051662091427
2024-06-18 04:35:43,04:35:26.50,0.009,0.003,1.0000000000000009,-5.885030182366908e-61,-1.011466045989709e-61,3.584695937149364e-11,0.21,-0.54276,-95.88951662263844
2024-06-18 04:35:43,04:35:27.00,0.009,0.003,1.0000000000000009,6.466803620244019e-65,1.2555682483330625e-65,0.010956891456109247,0.21,-0.543,-95.82660026232296
2024-06-18 04:35:44,04:35:27.50,0.009,0.003,1.0000000000000009,-6.336572850792309e-69,-1.488951400515347e-69,0.02248353397629485,0.21,-0.54256,-95.7561075761149
2024-06-18 04:35:44,04:35:28.00,0.009,0.003,1.0000000000000009,4.827753474110633e-73,1.655081796420724e-73,0.016555828330100008,0.21,-0.5429600000000001,-95.68552563779377
2024-06-18 04:35:45,04:35:28.50,0.009,0.003,1.0000000000000009,-8.97986911980886e-78,-1.6557429430005748e-77,0.013501283586426828,0.21,-0.543,-95.61608052172896
2024-06-18 04:35:45,04:35:29.00,0.009,0.003,1.0000000000000009,-7.030296620447421e-81,1.3299107289867065e-81,0.004811120448367633,0.21,-0.5430800000000001,-95.55130856114229
2024-06-18 04:35:46,04:35:29.50,0.009,0.003,1.0000000000000009,2.1278597953457275e-84,-4.2449725475383596e-86,0.0002364667967925185,0.21,-0.543,-95.48935253867107
2024-06-18 04:35:46,04:35:30.00,0.009,0.003,1.0000000000000009,-4.5177033415181446e-88,-1.4451628199327808e-89,0.019516244941369207,0.21,-0.543,-95.42212190199994
2024-06-18 04:35:47,04:35:30.50,0.009,0.003,1.0000000000000009,8.338710542662578e-92,4.847250262555962e-93,0.004687340984305725,0.21,-0.543,-95.35649253543735
2024-06-18 04:35:47,04:35:31.00,0.009,0.003,1.0000000000000009,-1.422752671617861e-95,-1.0599642613901266e-96,0.009384208739932365,0.21,-0.543,-95.29237169292017
2024-06-18 04:35:48,04:35:31.50,0.009,0.003,1.0000000000000009,2.3031286304390223e-99,1.9851112485673866e-100,0.010321755340964984,0.20956,-0.543,-95.2254833478999
2024-06-18 04:35:48,04:35:32.00,0.009,0.003,1.0000000000000009,-3.5844907261311006e-103,-3.4176101601910256e-104,0.00974889595337576,0.20972,-0.543,-95.16029831270993
2024-06-18 04:35:49,04:35:32.50,0.009,0.003,1.0000000000000009,5.4035692266372656e-107,5.5677545772109855e-108,0.009549600303975869,0.21,-0.54204,-95.09324110433643
2024-06-18 04:35:49,04:35:33.00,0.009,0.003,1.0000000000000009,-7.92380339731868e-111,-8.708526327453076e-112,0.010890909661953874,0.21,-0.542,-95.02832351922514
2024-06-18 04:35:50,04:35:33.50,0.009,0.003,1.0000000000000009,1.1329020116892233e-114,1.3182615349406546e-115,0.013798585334906112,0.21,-0.542,-94.95972322643561
2024-06-18 04:35:51,04:35:34.00,0.009,0.003,1.0000000000000009,-1.5806937798884957e-118,-1.9402492599270128e-119,0.0184181192298431,0.20919999999999997,-0.542,-94.89147896946633
2024-06-18 04:35:51,04:35:34.50,0.009,0.003,1.0000000000000009,2.1515861528395608e-122,2.783676674582633e-123,0.013685765481576144,0.209,-0.542,-94.82226616035652
2024-06-18 04:35:52,04:35:35.00,0.009,0.003,1.0000000000000009,-2.852480571219403e-126,-3.8972183338223905e-127,0.0066515529450643165,0.20968,-0.5424800000000001,-94.755484763643
2024-06-18 04:35:52,04:35:35.50,0.009,0.003,1.0000000000000009,3.671303694065682e-130,5.3235090563731e-131,0.00986211581283332,0.21,-0.543,-94.6916241131984
2024-06-18 04:35:53,04:35:36.00,0.009,0.003,1.0000000000000009,-4.560942742674702e-134,-7.084847560291659e-135,0.00484356967862551,0.21,-0.5426000000000001,-94.62703598183822
2024-06-18 04:35:53,04:35:36.50,0.009,0.003,1.0000000000000009,5.414483405038322e-138,9.159017014807065e-139,-6.379896488466192e-05,0.21,-0.54256,-94.56459690885606
2024-06-18 04:35:54,04:35:37.00,0.009,0.003,1.0000000000000009,-6.028185787058319e-142,-1.1440390019894503e-142,9.963566985442462e-09,0.20995999999999998,-0.543,-94.50359662265613
2024-06-18 04:35:54,04:35:37.50,0.009,0.003,1.0000000000000009,6.04759062969954e-146,1.3679694124677526e-146,0.01815268538430345,0.20944,-0.5437200000000001,-94.43889775450411
2024-06-18 04:35:55,04:35:38.00,0.009,0.003,1.0000000000000009,-4.891000716955488e-150,-1.5393589459301715e-150,0.020964750758009045,0.21,-0.544,-94.3679552890995
2024-06-18 04:35:55,04:35:38.50,0.009,0.003,1.0000000000000009,1.6434566061033306e-154,1.57325707403845e-154,0.01944811256706797,0.20983999999999997,-0.5434800000000001,-94.2947237068803
2024-06-18 04:35:56,04:35:39.00,0.009,0.003,1.0000000000000009,5.086535143917132e-158,-1.3292769976461035e-158,0.01478933803134581,0.21,-0.54356,-94.2258364243948
2024-06-18 04:35:56,04:35:39.50,0.009,0.003,1.0000000000000009,-1.7355431569158391e-161,5.854295302435908e-163,0.00493963165487146,0.20916,-0.543,-94.161293110852
2024-06-18 04:35:57,04:35:40.00,0.009,0.003,1.0000000000000009,3.8124920488410495e-165,9.97362826273998e-167,0.009535216738310535,0.209,-0.543,-94.0954756001481
2024-06-18 04:35:57,04:35:40.50,0.009,0.003,1.0000000000000009,-7.155695819669538e-169,-3.9221225063160674e-170,1.0265738264552116e-05,0.20892,-0.54204,-94.03267749829534
2024-06-18 04:35:58,04:35:41.00,0.009,0.003,1.0000000000000009,1.2335854101345304e-172,8.915842692036214e-174,0.004886190715474279,0.209,-0.542,-93.97048042809311
2024-06-18 04:35:58,04:35:41.50,0.009,0.003,1.0000000000000009,-2.0115645041233834e-176,-1.7003627625554107e-177,0.004873044401631353,0.209,-0.542,-93.90626164567462
2024-06-18 04:35:59,04:35:42.00,0.009,0.003,1.0000000000000009,3.148570755412711e-180,2.9596023212575165e-181,7.6416379928463e-07,0.20980000000000001,-0.542,-93.84479657464404
2024-06-18 04:35:59,04:35:42.50,0.009,0.003,1.0000000000000009,-4.769057106363167e-184,-4.858510896181983e-185,0.015068787928384775,0.21,-0.542,-93.77962682060725
2024-06-18 04:36:00,04:35:43.00,0.009,0.003,1.0000000000000009,7.022963509437837e-188,7.6438884788373e-189,-0.00305264311470396,0.20939999999999998,-0.542,-93.71291612404124
2024-06-18 04:36:00,04:35:43.50,0.00908462226391583,0.002746133208252476,1.0000000000000009,0.02347693549476152,-0.008130551201287434,-0.7425488775078486,0.21012,-0.5443600000000001,-93.73707061953631
2024-06-18 04:36:01,04:35:44.00,-0.000686089352767696,0.020700375546415527,1.0011121503304188,0.6685631219135462,1.073354361739398,38.356862917952476,0.5252,-0.3404,-85.74414071422247
2024-06-18 04:36:01,04:35:44.50,0.0035597921954752796,-0.00150735762929666,1.0003748130796348,-0.5505241319560605,-0.10658142398850981,36.43427106577034,0.53992,-0.11016,-63.56221137743453
2024-06-18 04:36:02,04:35:45.00,0.010076452038123865,-0.010949487407432547,0.9993109891935468,0.4553992587540062,-0.41015494069322594,13.053916179370168,-0.02712,-0.36676000000000003,-52.529785612158705
2024-06-18 04:36:02,04:35:45.50,0.0108282377305384,-0.0016376324450462693,1.000137547029066,1.4716301926431115,2.096080923700373,56.827881242578506,0.36019999999999996,-0.10936,-37.378651354099496
2024-06-18 04:36:03,04:35:46.00,-0.002047882788897276,0.003403805629871744,1.0013854678706933,-1.265979986176767,0.7799608046242839,56.374393836385416,0.31484,0.19568000000000002,-3.9495161827919962
2024-06-18 04:36:03,04:35:46.50,0.00885959441131997,-0.025401948371897295,0.9984841562712041,-0.9813829272000865,-0.431461483247812,5.640557192026051,-0.8096,0.15683999999999998,10.650578324011008
2024-06-18 04:36:04,04:35:47.00,-0.00400707047135466,-0.0005918640797527802,1.00380696458704,3.922116021447032,-0.04621714699827814,-18.93065558279716,0.31088,-0.11036,3.4798372157062953
2024-06-18 04:36:04,04:35:47.50,0.0001837476829318363,0.018487819925361738,0.9957285534719964,-1.6646117660146151,-0.20495139854789307,-8.266163052235697,0.48432000000000003,-0.032600000000000004,-1.8468582232701178
2024-06-18 04:36:05,04:35:48.00,0.004399440327465652,0.002396435607988786,0.9992589636381493,0.08071065966182242,0.086312336725918,-6.226638465740305,0.08907999999999999,-0.25192,-5.516748974274037
2024-06-18 04:36:05,04:35:48.50,0.001310535174808813,0.007563205252648312,1.0018198195070667,0.6215294168823955,-0.04532292112009019,-3.1283049063075374,0.5954,-0.08688000000000001,-7.582661982097265
2024-06-18 04:36:06,04:35:49.00,0.0005818639299178114,0.008911564158826551,1.0006265086072752,-0.17059108311163063,0.07957084288530428,-2.707856407606116,0.46759999999999996,-0.0654,-9.065466432238896
2024-06-18 04:36:06,04:35:49.50,0.00017203024050169643,0.006692350268624841,0.9998421235699998,-0.7023593198390986,-0.32336908781315926,-1.155358310863559,0.27628,-0.13916,-9.980019782600932
2024-06-18 04:36:07,04:35:50.00,0.00217581364684342,0.0020604594668865318,0.9999919418517298,0.16791319835497975,0.08194397719038746,-0.054676096898604844,0.20388,-0.16956,-10.124428362461526
2024-06-18 04:36:07,04:35:50.50,0.002000032693572664,0.0045458384912661284,1.0000000009923018,0.028139937659337966,0.015424220241220287,0.005028875970763045,0.26039999999999996,-0.136,-10.063137145652522
2024-06-18 04:36:08,04:35:51.00,0.002165678017355168,0.004512174817945024,0.9999999999998841,-0.5094406401390144,-0.29671793953099296,0.1835990304966439,0.14664,-0.22224,-9.97301929012986
2024-06-18 04:36:08,04:35:51.50,0.004716084344404608,0.0018625952138872951,0.9998435483641104,0.37802621635495937,0.24605640569398304,3.392679074455905,0.0634,-0.28156,-9.473442104895122
2024-06-18 04:36:09,04:35:52.00,-0.009318340639765244,0.023717002345238165,1.0012335926541278,-0.30520471923137643,0.043708911204290525,25.763990696249735,0.4928,0.019,-1.9573127948992743
2024-06-18 04:36:09,04:35:52.50,0.0016332345900024559,0.007967021168164556,1.0008777776786701,-0.2787150620335803,-0.03664728634994957,36.99437441239587,0.53864,-0.05572,14.319053888329874
2024-06-18 04:36:10,04:35:53.00,-0.005851071108097819,-0.009433767418560977,0.9997486250363081,2.200486427912831,0.892010024807473,29.867907510800023,0.8621599999999999,0.155,31.858212733943915
2024-06-18 04:36:10,04:35:53.50,0.007939088181389112,-0.017442574390592058,0.999469008763224,-0.13604650372924515,-0.012646272562650905,-6.38822527872151,0.26188,0.010839999999999999,39.245166330916504
2024-06-18 04:36:11,04:35:54.00,-0.0008113951116134685,0.009090012737017468,1.0007827999083458,0.7206039199818135,-0.22169625985375532,-11.83216027392137,0.4508,-0.1794,31.750258759084176
2024-06-18 04:36:11,04:35:54.50,-0.000499694744135643,0.01443673667996324,1.000334398291514,-0.12475657848563719,-0.17780635138127854,-8.00806230124967,0.5894400000000001,-0.08248,27.306499714861783
2024-06-18 04:36:12,04:35:55.00,0.00022548600539445984,0.014318105611277696,1.0000433840973855,-0.11355312653693765,-0.22056947192613033,-7.606444696360142,0.66964,-0.11928000000000001,23.469479047880615
2024-06-18 04:36:12,04:35:55.50,0.00039068843318855294,0.013084524980630032,1.0000356338470588,-0.14303033575982738,-0.21726712314188806,-6.474276460538881,0.61464,-0.1636,19.98714441968544
2024-06-18 04:36:13,04:35:56.00,0.0014647986600096641,0.012343650535092737,0.9999510647375165,-0.048994232455115076,-0.05358988487590197,-4.658445085050585,0.6502,-0.20096,17.250922493736503
2024-06-18 04:36:14,04:35:56.50,0.001215591600461992,0.012604745763958041,1.0000187605986859,-0.08925711056295699,-0.022400501656859965,-2.3532596078591657,0.65652,-0.15884,15.61433516230665
2024-06-18 04:36:15,04:35:57.00,0.00132646157109862,0.011805142294980918,1.0004124792825764,-0.05759626041933655,-0.0013838725603434637,-0.9759703106710738,0.65776,-0.13992000000000002,14.870142787577162
2024-06-18 04:36:16,04:35:57.50,0.001313176198040076,0.011893279891440187,1.0000089285316531,0.019402051054351534,-0.00014894164245968987,0.03309071251298393,0.6738,-0.13032,14.744222069003985
2024-06-18 04:36:16,04:35:58.00,0.0010003740354633279,0.01300005255627401,0.9999999982085089,6.426436111427771e-06,5.029085044325034e-08,0.045494557516098835,0.70912,-0.11380000000000001,14.832506429776272
2024-06-18 04:36:17,04:35:58.50,0.000999999951185384,0.0129999999570755,1.0000000000003215,-8.998961641542429e-10,-1.1016908865090258e-11,0.012217262041344048,0.72812,-0.10824,14.911572191388743
2024-06-18 04:36:18,04:35:59.00,0.0010000000000061201,0.013000000000010828,1.0000000000000007,1.2294888836791755e-13,2.0650289138261262e-15,5.002933770634554e-06,0.73956,-0.10468,14.973822532609274
2024-06-18 04:36:19,04:35:59.50,0.000999999999999968,0.012999999999999987,1.0000000000000009,-1.6366416529553705e-17,-3.5570639302692805e-19,-9.496623712584669e-11,0.74408,-0.10311999999999999,15.034823377472062
2024-06-18 04:36:19,04:36:00.00,0.001,0.013000000000000001,1.0000000000000009,2.1163258330686447e-21,5.797081373676113e-23,0.019772634388544576,0.74576,-0.10215999999999999,15.101180041383532
2024-06-18 04:36:20,04:36:00.50,0.001,0.013000000000000001,1.0000000000000009,-2.6442926877879012e-25,-9.069804262627555e-27,0.00971244020658752,0.74696,-0.10235999999999999,15.168879674600499
2024-06-18 04:36:20,04:36:01.00,0.001,0.013000000000000001,1.0000000000000009,3.163175769965978e-29,1.3732766580334996e-30,0.009539760561802753,0.74832,-0.102,15.23564155028749
2024-06-18 04:36:21,04:36:01.50,0.001,0.013000000000000001,1.0000000000000009,-3.56162329673706e-33,-2.0216470394257074e-34,0.004895233410549772,0.7484000000000001,-0.10167999999999999,15.300416283752613
2024-06-18 04:36:21,04:36:02.00,0.001,0.013000000000000001,1.0000000000000009,3.6438062022982506e-37,2.9010278957278283e-38,0.005045674950229839,0.7487600000000001,-0.10144,15.36258502050206
2024-06-18 04:36:22,04:36:02.50,0.001,0.013000000000000001,1.0000000000000009,-3.0859681880734737e-41,-4.062296341320735e-42,0.004703292048931742,0.7490000000000001,-0.102,15.426617645867735
2024-06-18 04:36:22,04:36:03.00,0.001,0.013000000000000001,1.0000000000000009,1.376002796379602e-45,5.550105267321835e-46,0.014887247086905817,0.74896,-0.102,15.491647981151322
2024-06-18 04:36:23,04:36:03.50,0.001,0.013000000000000001,1.0000000000000009,2.268507948362694e-49,-7.388008867617737e-50,0.009811842670261948,0.7478400000000001,-0.10183999999999999,15.558407968019615
2024-06-18 04:36:23,04:36:04.00,0.001,0.013170066735328924,1.0000000000000009,-9.008542500642856e-53,9.553293629661585e-54,0.07980231310492654,0.7461199999999999,-0.10132,15.645857874406465
2024-06-18 04:36:24,04:36:04.50,0.001,0.012699904902987155,1.0000000000000009,0.04484189453797167,0.009768672983523687,0.04137585362822982,0.75984,-0.09808,15.743912199548632
2024-06-18 04:36:24,04:36:05.00,0.001,0.013539947302627493,1.0000000000000009,-0.023997033672816838,-2.4880246984583462e-06,0.07509854189064964,0.76156,-0.09656,15.822225123839525
2024-06-18 04:36:25,04:36:05.50,0.000878129724160113,0.013349986888416708,1.0000000000000009,-0.02935339643412287,-6.185853317935277e-06,0.08433032648868499,0.7536799999999999,-0.10664,15.932322295184925
2024-06-18 04:36:25,04:36:06.00,0.0008818541134387696,0.01365002837999664,1.0000000000000009,-0.006127438621634526,8.946189023843309e-10,0.00946429764913015,0.7558,-0.1016,16.011262889330588
2024-06-18 04:36:26,04:36:06.50,0.0010000161645557879,0.013693887751560696,1.0000000000000009,-4.026460578244059e-06,-1.2622969645452955e-13,0.009865662312192812,0.7683200000000001,-0.09964,16.075238560096185
2024-06-18 04:36:26,04:36:07.00,0.000999999997844896,0.013864145730757595,1.0000000000000009,6.512821556212368e-10,1.738085122668566e-17,-0.00010513634149296115,0.77596,-0.09768,16.138923503499548
2024-06-18 04:36:27,04:36:07.50,0.001000000000000248,0.013759985907033971,1.0000000000000009,-1.0130005728645749e-13,-2.3330992219561885e-21,0.004943819971549695,0.7808800000000001,-0.09720000000000001,16.200923673055783
2024-06-18 04:36:27,04:36:08.00,0.001,0.013853444567238488,1.0000000000000009,-0.11704560538029955,-0.016526171789198893,0.0742796489652468,0.7485599999999999,-0.09884,16.28016486607632
2024-06-18 04:36:28,04:36:08.50,0.0008696073535598628,0.013090282623983436,1.0000000000000009,-0.0927364036293695,-0.004445912988999304,0.2188333265760817,0.76008,-0.08635999999999999,16.408903260607705
2024-06-18 04:36:28,04:36:09.00,0.001460385180674552,0.013563393786462178,0.9997594227850796,0.0006057089415797409,0.008613757106133912,0.053794825597836354,0.7290399999999999,-0.10324,16.542066983564325
2024-06-18 04:36:29,04:36:09.50,0.001065404250800244,0.012765116245896031,1.0000005773293499,-0.013714917437453275,0.00015834851817663173,0.06326616082603041,0.72808,-0.11152000000000001,16.638722355040677
2024-06-18 04:36:29,04:36:10.00,0.0008445838078674797,0.013524430635926721,0.9999999998855515,-0.025939602550859964,-2.0848773881574045e-08,-0.00031778617867144507,0.72316,-0.10491999999999999,16.71235915406102
2024-06-18 04:36:30,04:36:10.50,0.00100001940949172,0.012995378325811683,1.0000000000000209,3.082658712559917e-05,2.661873477520344e-12,0.00755128032737938,0.7414799999999999,-0.10283999999999999,16.77582887406373
2024-06-18 04:36:30,04:36:11.00,0.00047461073619894733,0.013243901109249157,1.000000000000001,-6.53192732593803e-09,-3.273985656110682e-16,-0.17980909108741933,0.75508,-0.09428,16.790952122962988
2024-06-18 04:36:31,04:36:11.50,0.001402994336509964,0.012996098995650452,1.000000000000001,1.2044524373022042e-12,3.8344198352062146e-20,-0.013130896902080615,0.7624,-0.09684000000000001,16.803975128426437
2024-06-18 04:36:31,04:36:12.00,0.0007584946416992881,0.013570104530865936,1.000000000000001,-2.0537559791928317e-16,-4.182198345938546e-24,0.0006216177707794551,0.76292,-0.09692,16.86257712500941
2024-06-18 04:36:32,04:36:12.50,0.001003900394147576,0.013149914615300748,1.000000000000001,-0.0060466732018217,-0.005248599871041803,0.0152668364130137,0.76656,-0.09188,16.93038823628041
2024-06-18 04:36:32,04:36:13.00,-0.002561170933222976,0.011710459391871833,1.0126802331696698,2.0575228192175055,7.23387811894506,-0.8539157121392245,0.9673999999999999,1.22292,16.91193235226325
2024-06-18 04:36:33,04:36:13.50,-0.076142417686323,0.03624927283455764,0.9896055393067322,2.6158357079412986,6.014664731131549,-2.8848798168297556,2.59096,5.32084,15.801490343696296
2024-06-18 04:36:33,04:36:14.00,-0.12339276899352054,0.040035424882647976,1.00358486864894,-7.673676407424823,0.9348620738821302,-1.416401483136459,0.91708,6.74336,14.800871585662039
2024-06-18 04:36:34,04:36:14.50,-0.1127528274327355,-0.03230140997628972,0.9865198523693285,-6.348664610353364,-7.117042676850448,0.4453878823464168,-2.73888,4.8334,14.740147435894883
2024-06-18 04:36:34,04:36:15.00,-0.05496338788254273,-0.08138645062516846,1.0034221996748243,-1.3716890471802403,2.295079113742212,0.9608796851168393,-4.536519999999999,3.52852,15.186236377949932
2024-06-18 04:36:35,04:36:15.50,-0.09146328323714123,-0.0826690862599866,1.0152422628463154,2.493118596640227,0.978059288137528,1.3551715505184736,-3.7625599999999997,5.624,15.639353075054665
2024-06-18 04:36:35,04:36:16.00,-0.08258390854292223,-0.06003823931848534,0.9908541544988677,3.9556620716051416,-7.474973007564432,2.8102969934553097,-2.52988,3.26528,16.942347454184365
2024-06-18 04:36:36,04:36:16.50,-0.02212462809574067,-0.014805790428265169,0.9857416072878871,5.289372538446872,-5.950770010618061,-1.0572640351360825,0.010679999999999997,0.35264,17.74456681047539
2024-06-18 04:36:36,04:36:17.00,0.00494103330089248,-0.027302759823023087,1.0091431906179178,-10.970341240122425,9.863638803204202,1.726470474325668,-3.16368,1.6998,17.018091926892716
2024-06-18 04:36:37,04:36:17.50,-0.07918459571567704,-0.05899581133218189,0.9953651918772003,5.821724056596172,1.0765169160786223,7.449976920876617,-2.54316,4.49444,20.020906478273204
2024-06-18 04:36:37,04:36:18.00,-0.08604250848268098,0.002974819783660388,0.9891703182497134,0.2873965155844104,-5.596453120546352,12.340190021790828,-0.47668,3.4008800000000003,24.864646943707452
2024-06-18 04:36:38,04:36:18.50,-0.03586477607781404,-0.03162588732229753,0.9777063805145011,-5.591219524492321,-3.4301041509986927,14.155041029291331,-1.9084800000000002,1.4557200000000001,31.778805841583665
2024-06-18 04:36:38,04:36:19.00,-0.0039591890280103485,-0.07601768298395904,1.0059848524480035,-0.7271188414800505,-4.09174696537425,16.095454435728808,-4.07772,0.22387999999999997,39.32622962741475
2024-06-18 04:36:39,04:36:19.50,0.025540937145005164,-0.07763041310228794,0.9936858909485131,-2.7756975953876775,-0.49218567966797555,18.371557913918792,-4.58796,-0.93888,47.91646215770503
2024-06-18 04:36:39,04:36:20.00,0.010505897339403348,-0.10101853526851907,0.9937557154782769,-2.9939608481103495,5.206159418989132,23.388376357635693,-6.063680000000001,1.4190399999999999,58.43341651391048
2024-06-18 04:36:40,04:36:20.50,-0.0482217105694335,-0.14186685622653525,0.9920036228199153,0.3220842651119885,-4.53043742137778,20.494099692076972,-6.80072,2.5287200000000003,70.29402229565487
2024-06-18 04:36:40,04:36:21.00,-0.02609718903437069,-0.13383773067002772,0.9950007637964313,-1.5303057551402444,1.808129200345477,11.108687979361903,-7.141520000000001,2.44148,77.69165936421965
2024-06-18 04:36:41,04:36:21.50,-0.048212915428782054,-0.1370295532667339,0.9840907486414312,-4.296011374057176,4.79637448289115,11.858347731156707,-8.36828,4.39076,83.15806750484245
2024-06-18 04:36:41,04:36:22.00,-0.13096950919108052,-0.1719016663276177,0.9721876917229793,-6.325093889021855,9.05301014098575,19.541116802048055,-10.670720000000001,9.865879999999999,91.08281959310663
2024-06-18 04:36:42,04:36:22.50,-0.19222572129048285,-0.19732003627542047,0.99609350655254,9.516240213025625,-9.513408949276716,9.566220046602018,-8.473239999999999,9.3764,100.16100902514737
2024-06-18 04:36:42,04:36:23.00,-0.13489863331170895,-0.06432550605067075,0.9658179472457071,6.688033455171621,-0.17377711840544324,-7.585474775701864,-3.67692,8.382200000000001,98.72217113915836
2024-06-18 04:36:43,04:36:23.50,-0.12253512569778247,-0.046986138963078815,1.0017434379606747,-6.442237226898859,-6.777245058127688,3.917996830037861,-5.61356,5.43928,97.49842502222626
2024-06-18 04:36:43,04:36:24.00,-0.10752083768358194,-0.09220427742997676,1.0449871724445856,-4.8489471325835,4.188546541132678,-0.3859359179313915,-5.8212,6.26672,99.5044656344497
2024-06-18 04:36:44,04:36:24.50,-0.13459956165988152,-0.17623116091203797,1.0086290775919593,-4.549979863106274,-6.085529137349493,7.738407045321611,-9.66952,4.9158800000000005,100.62911974214266
2024-06-18 04:36:44,04:36:25.00,-0.17190897996273918,-0.09899056990870755,0.931501209491659,25.023035337377834,6.442999393667867,14.230475641874309,-1.0728,9.33568,107.19141977195973
2024-06-18 04:36:45,04:36:25.50,-0.05055847447791786,0.0586177817257964,0.9294882641369118,-13.204720030144676,-13.977752455375724,3.569833872141763,-0.19219999999999998,5.4546,111.48815921530982
2024-06-18 04:36:45,04:36:26.00,-0.03199248588758185,-0.026935687043493476,0.997460969349325,3.9512111969111094,-2.564750882612399,-7.366190871474244,-0.60856,1.7964799999999999,110.91315855352126
2024-06-18 04:36:46,04:36:26.50,0.011049109255908544,-0.04095066741396765,1.0043637399225458,1.4731725234657127,-0.128789826854393,-12.464541435582992,-1.16536,0.08839999999999999,103.94012589292731
2024-06-18 04:36:46,04:36:27.00,0.019552787921993667,-0.002797983508676072,1.0234418805378913,-3.4731070608960355,1.9652014690590809,0.9313554130298329,-0.78712,0.023600000000000003,102.51938621819147
2024-06-18 04:36:47,04:36:27.50,0.0019155586943371923,0.001755804600914333,0.995009525719964,6.782913276618498,-2.1197104514428413,-0.43094633286576345,0.36292,0.01676000000000001,103.12635008719941
2024-06-18 04:36:47,04:36:28.00,0.009923312400278777,0.0314515876056052,0.9976755509465947,2.225995769582772,-0.5138219361673353,1.6248091636716122,2.71832,-1.18772,102.91151499172943
2024-06-18 04:36:48,04:36:28.50,0.01006305940068612,0.05630155992469138,0.9993029611865316,-0.9301173324261015,0.7415972201496136,-0.045108503957384485,2.48332,-0.64244,103.49812014964681
2024-06-18 04:36:49,04:36:29.00,-0.001658631207448644,0.03826904414685599,0.9991189649506805,-1.9535291765094942,1.461780405780734,-0.05873984457893914,1.61012,0.27132,103.51896766449468
2024-06-18 04:36:49,04:36:29.50,0.01564112814499673,0.033906663061399535,1.0047448200209643,2.702125859205385,-4.579989224989933,-1.6276007409211053,2.39264,-1.06944,103.17555873315216
2024-06-18 04:36:50,04:36:30.00,0.002312871486289565,0.05099604939081365,0.9927596679795962,-3.301909018149968,4.328363771462149,-1.2353974939587467,1.84396,-0.017,102.30823023871831
2024-06-18 04:36:50,04:36:30.50,-0.0085117671496667,0.0229469176761792,1.0010362846268182,-0.05508457082822252,0.02420481735375679,-0.030241458936461293,1.5097200000000002,0.41144,102.24386259457955
2024-06-18 04:36:51,04:36:31.00,-0.006729387981638597,0.024158355072477846,0.9999999344101639,0.023580263894014256,0.009179372858839525,-0.029559117711769,1.4855200000000002,0.3906,102.29291332247467
2024-06-18 04:36:51,04:36:31.50,-0.006579371444815973,0.025073618767178257,1.0000000000074554,-0.0003526874181909213,-0.017727900846956426,-0.019399300726009438,1.47904,0.39299999999999996,102.34635818226168
2024-06-18 04:36:52,04:36:32.00,-0.00713836819329042,0.02585231394481199,1.0,0.004518795258330804,-0.03638286091119931,-0.06501935714304823,1.4688400000000001,0.3876,102.39666110508777
2024-06-18 04:36:52,04:36:32.50,-0.0029843860901602997,0.02792155712356932,1.0014597323413583,-1.7856304484470495,0.09489552873285971,0.29395249655799516,1.2114,0.3674,102.49402453865603
2024-06-18 04:36:53,04:36:33.00,-0.005515700071568599,-0.006836385038220641,1.0167270150270686,-21.990081990266194,1.0173445323036727,-2.7347841310422103,-4.38204,0.55308,102.12944877088505
2024-06-18 04:36:53,04:36:33.50,-0.016342000818722578,-0.22975804226764598,0.9596120160919933,-18.445875122368,1.5355190075288347,-3.2089384871875235,-15.12308,0.97824,100.33906426975521
2024-06-18 04:36:54,04:36:34.00,-0.008236861525836737,-0.3649051101803375,0.9301839500064104,-9.624509365008763,0.4864616343816376,-0.24958112179664693,-21.075039999999998,1.0073999999999999,99.8328984738051
2024-06-18 04:36:54,04:36:34.50,-0.018318825135143553,-0.44143674827410423,0.8967780663193955,-5.877634902340415,0.18213527308640998,0.076883431371981,-25.62312,1.0951600000000001,99.69977445258323
2024-06-18 04:36:55,04:36:35.00,-0.016298042637983318,-0.4832462195643072,0.8803761579033923,-6.205662875046202,0.15713136108017697,0.17756911174820555,-28.64736,1.13792,99.88680674351393
2024-06-18 04:36:55,04:36:35.50,-0.0175270319625831,-0.5364033321240766,0.8458977198682728,-3.3752038696492024,0.14897511296430913,-0.03552040526437627,-31.64076,1.1734,99.9758397338311
2024-06-18 04:36:56,04:36:36.00,-0.01851773793902816,-0.5580904747320428,0.8346815709893647,-1.6450041909788111,0.06566153539421907,-0.0006892467199777408,-33.23136,1.15696,100.01362287953997
2024-06-18 04:36:56,04:36:36.50,-0.018176255938288935,-0.5701241559462505,0.827912885492009,-2.9845143584175617,0.07899911658061459,0.03954477797148968,-34.55232,1.15356,100.09646957501174
2024-06-18 04:36:57,04:36:37.00,-0.018754463051425755,-0.5941476854543216,0.8094712721413742,-1.6562640657469532,0.05575821770756992,0.0063036818283536585,-35.96284,1.16184,100.16526463502754
2024-06-18 04:36:57,04:36:37.50,-0.01968956628840782,-0.6071070704941087,0.8023019853332483,-4.525433973550353,0.027022717223938494,0.2274740500206606,-37.6154,1.18956,100.26929342948368
2024-06-18 04:36:58,04:36:38.00,-0.02028162992087933,-0.640009631558494,0.77395594127319,-0.610068800289173,-0.020931931115218513,0.06290730671837168,-38.983760000000004,1.21272,100.42144739741747
2024-06-18 04:36:58,04:36:38.50,-0.02032530660466221,-0.639756319571991,0.7784069120788821,-6.807750623798893,-0.03908229548624104,0.38548185218409503,-40.564,1.23324,100.55268335060373
2024-06-18 04:36:59,04:36:39.00,-0.022326872478488108,-0.6977974394774138,0.7234583110409002,-5.7305326775794505,0.2068483085446904,0.03571395732751022,-44.135079999999995,1.3397999999999999,100.76479406965449
2024-06-18 04:36:59,04:36:39.50,-0.02206188984406591,-0.7329364114844167,0.6906296810308475,-8.739534738937884,0.2592139858546856,0.14598467166909976,-47.77972,1.4274,100.85537316416712
2024-06-18 04:37:00,04:36:40.00,-0.026126297865679993,-0.7804468377198398,0.6359461015249024,7.575298545291795,-0.36864675901849125,0.014421573836162532,-47.96884,1.4362000000000001,100.986289609494
2024-06-18 04:37:00,04:36:40.50,-0.023073335478710537,-0.7226036737007305,0.703910627745194,-1.6148838719813758,0.08563197077330917,-0.008063980972228433,-46.571400000000004,1.38208,101.01756382435524
2024-06-18 04:37:01,04:36:41.00,-0.024185569923210262,-0.7493151379621643,0.6726572531584587,0.35184259935843015,0.016860074758516242,-0.03085102137891783,-47.50456,1.3998,101.07322223738156
2024-06-18 04:37:01,04:36:41.50,-0.02375279791032357,-0.7373890800054554,0.68651917935482,3.0921581114563,-0.07784940231323788,-0.0309506057959868,-46.50916,1.3498400000000002,101.12572263552623
2024-06-18 04:37:02,04:36:42.00,-0.022904213384195217,-0.7153887622638073,0.7092336009485508,-1.1514870229126126,0.05572194443172081,-0.017836921823662352,-45.74264,1.3359200000000002,101.16498612825602
2024-06-18 04:37:02,04:36:42.50,-0.02376065506037087,-0.7356290888584427,0.6880438702493155,-9.002414232925549,0.27091467231399946,0.11595573939261238,-48.6606,1.42856,101.25581614217883
2024-06-18 04:37:03,04:36:43.00,-0.02556014751969154,-0.7915877931457962,0.6242678262358535,0.04776819118519576,0.0061824381655325,-0.0070349066446248635,-50.77504,1.4778,101.35827456398836
2024-06-18 04:37:03,04:36:43.50,-0.025457709846054905,-0.7761053815407366,0.6433828226318581,2.553642636495252,-0.05775448193109209,-0.076925822008426,-49.67108,1.44548,101.38790266305777
2024-06-18 04:37:04,04:36:44.00,-0.02337964848740409,-0.7706616056606476,0.6491956172636243,3.6110955024201594,-0.13488792379055714,0.005378215718479993,-48.9478,1.39836,101.43425435557472
2024-06-18 04:37:04,04:36:44.50,-0.02404435907815121,-0.7447358255817655,0.6806316102801792,-6.415941797853357,0.20614893519462058,0.06156211376403076,-49.43072,1.43956,101.4972273832559
2024-06-18 04:37:05,04:36:45.00,-0.026438380148942356,-0.7926374447728801,0.6228983329498942,2.418160795933285,-0.08059880481866638,-0.004097373643347532,-50.712880000000006,1.47004,101.61052537501077
2024-06-18 04:37:05,04:36:45.50,-0.024402647429379337,-0.7527871979191932,0.6621573897676301,21.35558103306727,-0.6765222249853728,-0.3134788465042464,-44.6308,1.27708,101.57343088502608
2024-06-18 04:37:06,04:36:46.00,-0.019617603323014453,-0.5883127692737932,0.8014562050686765,28.705101018727515,-0.5049203495867769,-1.2640638628877312,-32.6522,0.8737999999999999,101.37535111728619
2024-06-18 04:37:06,04:36:46.50,-0.016882627585690983,-0.3446488370976809,0.9337952793568174,26.74801129351204,0.3120413663764719,-4.21940566237047,-18.5876,0.42003999999999997,99.6539031570145
2024-06-18 04:37:07,04:36:47.00,-0.007464342160840371,-0.12009836311448335,0.9958953098425368,18.69371936016379,-0.8066165517144147,1.5872685124661183,-6.71448,0.16388000000000003,99.54290743249312
2024-06-18 04:37:07,04:36:47.50,-0.010023615870089968,0.007623497417001695,1.0083014353604147,2.5446843472378227,0.18787317515139856,1.1067230834764061,-1.9697200000000001,0.43811999999999995,99.95447003745345
2024-06-18 04:37:08,04:36:48.00,-0.012079710032383733,0.023937089618252097,1.0011935944116754,0.07766957934865469,0.02235585504594157,1.4559192761459203,-0.36944000000000005,0.63476,101.0868072926688
2024-06-18 04:37:08,04:36:48.50,-0.00864126702625008,0.025643916649905542,1.0000207305607534,-0.010379207379309188,0.02052944264697392,0.03405321294048278,0.32292000000000004,0.6707599999999999,101.21215631262345
2024-06-18 04:37:09,04:36:49.00,-0.010227747890613344,0.02453546766660478,0.9999999963505453,0.0031968088568489,0.0011868309059050947,0.01829528275400008,0.7620399999999999,0.65372,101.27453826843944
2024-06-18 04:37:09,04:36:49.50,-0.009406232996246483,0.02428715211379408,1.0000000000006044,-9.505882778154154e-05,-1.5697647058303112e-07,0.010344223992913197,1.02116,0.63464,101.33335565396749
2024-06-18 04:37:10,04:36:50.00,-0.010100990504755415,0.024529833954394457,1.0000000000000007,0.0001125761289471153,2.0148940072720548e-11,0.00038051462137373424,1.1765999999999999,0.61944,101.39554863698628
2024-06-18 04:37:10,04:36:50.50,-0.01044603615858216,0.023865602006012093,1.0000000000000009,0.0030356280634263556,5.554695738876989e-05,0.002933414739963903,1.26612,0.6132799999999999,101.45615314877963
2024-06-18 04:37:11,04:36:51.00,-0.01123098700217641,0.0239741380273437,1.0000000000000009,-0.0031432518387121446,-7.464218218067531e-05,0.010262345462033624,1.3214,0.61248,101.52911801279647
2024-06-18 04:37:11,04:36:51.50,-0.010534026562150588,0.024494015771897536,1.0000000000000009,-4.9385026504313e-06,1.9098388798894927e-05,0.007284403903312675,1.3562800000000002,0.6127199999999999,101.59646883980517
2024-06-18 04:37:12,04:36:52.00,-0.010243599681219694,0.024260005297343887,1.0000000000000009,6.78762420025887e-10,-3.1645107988661104e-09,0.008097882258782989,1.3768799999999999,0.60492,101.65690831422782
2024-06-18 04:37:12,04:36:52.50,-0.010327644565903344,0.024369729863861597,1.0000000000000009,-9.09365666885193e-14,5.013925263987415e-13,0.012947930004050156,1.3890799999999999,0.60168,101.72332920617939
2024-06-18 04:37:13,04:36:53.00,-0.010048924097157696,0.02411421263578581,1.0000000000000009,1.1845257613790926e-17,-7.670977043138087e-17,-0.015891759375904348,1.3956,0.60224,101.78557143861445
2024-06-18 04:37:13,04:36:53.50,-0.010363057781392604,0.024367224230144365,1.0000000000000009,-0.000484834882045288,0.001979248235938908,0.02860174959412898,1.40184,0.59976,101.84430674654327
2024-06-18 04:37:14,04:36:54.00,-0.010762128882142,0.024206406734157117,1.0000000000000009,0.0029220042905388614,0.00046082712244139965,0.020641658738598256,1.40856,0.60344,101.92248939744272
2024-06-18 04:37:14,04:36:54.50,-0.010117880988473736,0.02422565199204664,1.0000000000000009,0.01901309602504048,-0.0024692481859953535,-0.045208595540478666,1.41496,0.6048399999999999,101.97731687915103
2024-06-18 04:37:15,04:36:55.00,-0.010373900115681284,0.024527148966996166,1.0000000000000009,-0.006688646204550825,0.002465658729142106,0.025231094992284882,1.4228,0.59732,102.03281911698676
2024-06-18 04:37:15,04:36:55.50,-0.010242723958740816,0.02504449043925665,1.0000000000000009,0.022134539619007354,-0.007632888538957323,-0.04050117002937162,1.43252,0.5962,102.08852828409272
2024-06-18 04:37:16,04:36:56.00,-0.009715574266220968,0.02459708460819988,1.0000000000000009,0.023017713891073703,-0.014654026748314257,-0.027520409859503374,1.44052,0.58768,102.12581502598987
2024-06-18 04:37:17,04:36:56.50,-0.011182967029612807,0.0244726018336735,1.0000000000000009,0.008486343995973233,0.0025715696955364194,0.008370023407445555,1.44472,0.5872799999999999,102.19392810576716
2024-06-18 04:37:17,04:36:57.00,-0.01025764473878642,0.02443117510982189,1.0000000000000009,-0.004949923248869933,0.014832210041443486,0.039673636924476674,1.4406800000000002,0.59192,102.26738612084002
2024-06-18 04:37:18,04:36:57.50,-0.00973427765394528,0.024283477791375435,1.0000000000000009,-1.0287503568159193e-05,6.65068769169046e-06,0.060680327303300856,1.43396,0.59396,102.35282419064015
2024-06-18 04:37:18,04:36:58.00,-0.010262695998923621,0.024472332064587612,1.0000000000000009,-0.0050701476283650845,0.002547268859145303,-0.0017406042291982424,1.4174799999999999,0.59444,102.4188216827838
2024-06-18 04:37:19,04:36:58.50,-0.010156500867022316,0.02402273739804661,1.0000000000000009,-0.0022441666240080676,-0.00010728368633798842,-0.0007911151256455545,1.4134799999999998,0.60608,102.48502944551493
2024-06-18 04:37:19,04:36:59.00,-0.009986942708197128,0.024232544796037824,1.0000000000000009,-5.692432708118983e-06,1.3789975825320512e-08,0.030357996668048674,1.40844,0.6088,102.553760509686
2024-06-18 04:37:20,04:36:59.50,-0.011030982604103323,0.024327397089042267,1.0000000000000009,-0.0011110368767405607,-0.00033215983481534733,-0.010872524578571437,1.41052,0.61088,102.61330105732341
2024-06-18 04:37:20,04:37:00.00,-0.009700492433582088,0.023908877761274677,1.0000000000000009,-0.02898963219405556,0.018508905538732006,0.027596864390195926,1.4019599999999999,0.5981599999999999,102.68827725616735
2024-06-18 04:37:21,04:37:00.50,-0.009816669314319128,0.02532012289039641,1.0000000000000009,-0.014111671953800668,0.008879146283788336,0.01391653505469443,1.4028,0.6015999999999999,102.74992188203338
2024-06-18 04:37:21,04:37:01.00,-0.010183199039461768,0.023760094473071654,1.0000000000000009,0.0002923746524789068,-0.00021590694736980807,-0.016095973696924087,1.39808,0.60156,102.80817063631676
2024-06-18 04:37:22,04:37:01.50,-0.010615993403206585,0.024471952177793875,1.0000000000000009,-0.0024431287233671597,1.495784697590183e-08,-0.004997063683005187,1.3998,0.60324,102.86792008088396
2024-06-18 04:37:22,04:37:02.00,-0.01061257843958353,0.02345122331244236,1.0000000000000009,-0.00730670790013962,1.0797506635906688e-13,0.0014695426765224833,1.3964400000000001,0.60532,102.92870169948674
2024-06-18 04:37:23,04:37:02.50,-0.010618802899393287,0.024562341584756956,1.0000000000000009,-1.0197725572385622e-05,-3.2498120412901827e-16,0.0177851787177658,1.39788,0.6059599999999999,103.00103689774784
2024-06-18 04:37:23,04:37:03.00,-0.010373209338505591,0.024313888827854062,1.0000000000000009,1.4238728099920186e-09,8.804516802620152e-20,-0.006619894733410989,1.40076,0.60432,103.06661712271757
2024-06-18 04:37:24,04:37:03.50,-0.010199977368003791,0.024407165905459736,1.0000000000000009,0.01621096423430132,-0.014169520568969246,-0.008854838072487476,1.41184,0.59552,103.12761699300958
2024-06-18 04:37:24,04:37:04.00,-0.01108821133786147,0.024033233294660894,1.0000000000000009,0.026252816625188878,-0.0028194745592063997,-0.028011877140482446,1.42192,0.59136,103.18525568229478
2024-06-18 04:37:25,04:37:04.50,-0.010075492350073007,0.024701026900743793,1.0000000000000009,0.010022255987815532,-0.013378210038015348,0.01026533764442654,1.4287200000000002,0.594,103.22528271938123
2024-06-18 04:37:25,04:37:05.00,-0.009881708503089344,0.024636134784542164,1.0000000000000009,0.0038194751524086917,-0.0038896115220105206,0.02302278753820973,1.43276,0.58588,103.2942820120055
2024-06-18 04:37:26,04:37:05.50,-0.010340425853140855,0.024393605865917226,1.0000000000000009,0.002254763636833055,9.683052748496031e-05,-0.021822022362841337,1.42632,0.58392,103.3552674391861
2024-06-18 04:37:26,04:37:06.00,-0.010714297376784252,0.024093728900750525,1.0000000000000009,-2.756687579991113e-07,-1.3841213916650696e-08,-0.018368754922266424,1.42428,0.58612,103.40733094013324
2024-06-18 04:37:27,04:37:06.50,-0.010621516822076104,0.02451820033062175,1.0000000000000009,3.201998398880944e-11,1.9307848165407384e-12,-0.012450501735608015,1.42672,0.58616,103.46423924840349
2024-06-18 04:37:27,04:37:07.00,-0.010083733029318791,0.024118498603112198,1.0000000000000009,-3.447665465614733e-15,-2.6275165473824863e-16,0.0038044107925460646,1.4218000000000002,0.58824,103.52136802193996
2024-06-18 04:37:28,04:37:07.50,-0.010308015671871552,0.02442483848343557,1.0000000000000009,3.2510277418940336e-19,3.4825770561798524e-20,0.014784317607006827,1.41996,0.59124,103.58901015776641
2024-06-18 04:37:28,04:37:08.00,-0.010456115289688499,0.02428565081365399,1.0000000000000009,-2.2208626416813517e-23,-4.480976780647674e-24,-0.007068855004687844,1.41624,0.5968399999999999,103.64526768211397
2024-06-18 04:37:29,04:37:08.50,-0.010534649959399824,0.02442587109205571,1.0000000000000009,-2.497708375535707e-28,5.5648306175695175e-28,0.003110657482435192,1.41636,0.59688,103.70719028018863
2024-06-18 04:37:29,04:37:09.00,-0.010461836296322913,0.024222229602474513,1.0000000000000009,5.07336781302028e-31,-6.603085331271047e-32,0.009506906243217253,1.4152799999999999,0.60004,103.77114593442839
2024-06-18 04:37:30,04:37:09.50,-0.010060271260531878,0.024052758766971726,1.0000000000000009,-1.358479428929195e-34,7.346267824651224e-36,-0.0062454017328249,1.4138399999999998,0.6,103.83247242065603
2024-06-18 04:37:30,04:37:10.00,-0.010494456780595024,0.02465027733254185,1.0000000000000009,2.768823969286534e-38,-7.360630044618822e-40,0.008375865845871307,1.41388,0.59884,103.89635518768522
2024-06-18 04:37:31,04:37:10.50,-0.010585035573725404,0.02437501546244046,1.0000000000000009,-5.003457318160291e-42,5.934668338860671e-44,0.005573231902198031,1.4124,0.6008,103.96146428067756
2024-06-18 04:37:31,04:37:11.00,-0.010261272909343415,0.024448558623099782,1.0000000000000009,8.422362526617319e-46,-1.949625248795477e-48,0.02448606468322851,1.41328,0.60124,104.02788283958789
2024-06-18 04:37:32,04:37:11.50,-0.010280858188842522,0.024019490276296816,1.0000000000000009,-1.3501566465425242e-49,-6.2954619936040526e-52,0.00016318573092736767,1.4121199999999998,0.59876,104.09646530913707
2024-06-18 04:37:32,04:37:12.00,-0.010520712224879396,0.024442767773802096,1.0000000000000009,2.0851922836561735e-53,2.1313796288745604e-55,0.009050404975551728,1.41352,0.59856,104.15949438768894
2024-06-18 04:37:33,04:37:12.50,-0.010527378171597088,0.02384095129329568,1.0000000000000009,-3.122952014442823e-57,-4.672404937729248e-59,0.026531214669021256,1.4125999999999999,0.59912,104.22818703401539
2024-06-18 04:37:33,04:37:13.00,-0.010604136297146197,0.024485894482268185,1.0000000000000009,4.552751481110201e-61,8.761029564056813e-63,0.013312642076367988,1.41356,0.60292,104.29992692143159
2024-06-18 04:37:34,04:37:13.50,-0.010329791379346795,0.024422426525900452,1.0000000000000009,-6.473294182122828e-65,-1.5094239694036094e-66,0.02283586680129544,1.41404,0.5985199999999999,104.36884953302831
2024-06-18 04:37:34,04:37:14.00,-0.010306918560980975,0.024136488492130473,1.0000000000000009,8.982298212208689e-69,2.4603255962006748e-70,-0.0009590645500224156,1.4137199999999999,0.59956,104.43421485908215
2024-06-18 04:37:35,04:37:14.50,-0.010270753565750324,0.024149763808027094,1.0000000000000009,-1.2156231289710542e-72,-3.849730305251233e-74,0.016611934945294754,1.41392,0.60032,104.50153083508691
2024-06-18 04:37:35,04:37:15.00,-0.010731434389171292,0.02408145099696233,1.0000000000000009,1.6014539783182603e-76,5.829501140950523e-78,0.011016817221375153,1.4137199999999999,0.60004,104.57021372424403
2024-06-18 04:37:36,04:37:15.50,-0.010575994165755751,0.024443433176747555,1.0000000000000009,-2.0460362038874936e-80,-8.582522092647552e-82,0.016305206880037417,1.41356,0.6017199999999999,104.63550178831245
2024-06-18 04:37:37,04:37:16.00,-0.010398087504340792,0.024301247278227373,1.0000000000000009,2.518657426090584e-84,1.2316727594315613e-85,-0.005469131655710812,1.4142,0.5996,104.7018117313917
2024-06-18 04:37:37,04:37:16.50,-0.010467636069410044,0.02422478431804484,1.0000000000000009,-2.953202330977283e-88,-1.7248377243582973e-89,0.005105466935381509,1.41316,0.6009599999999999,104.76089732069465
2024-06-18 04:37:38,04:37:17.00,-0.010896732667704806,0.024171535438267316,1.0000000000000009,3.226791588098138e-92,2.356742289009303e-93,-0.00847607747690898,1.41292,0.6043999999999999,104.81832362982311
2024-06-18 04:37:39,04:37:17.50,-0.009485850516657084,0.024543604091016337,1.0000000000000009,0.000484834882045288,-0.000425800045842288,0.02390684380298989,1.41512,0.59888,104.88663526374025
2024-06-18 04:37:39,04:37:18.00,-0.010398339797593179,0.023887067309272956,1.0000000000000009,0.017964352821666044,-0.0063076911412836755,-0.011505270602864333,1.42,0.59404,104.94790173673353
2024-06-18 04:37:40,04:37:18.50,-0.010283171962784417,0.024496989227624475,1.0000000000000009,0.005559578607788706,0.0019089727221074453,0.011943936671586143,1.4261599999999999,0.5918399999999999,105.0119560592493
2024-06-18 04:37:40,04:37:19.00,-0.011289946991215091,0.023684557504705755,1.0000000000000009,0.028442041840428534,-0.02439340049250652,0.007088989514080979,1.43464,0.59,105.09071886329107
2024-06-18 04:37:41,04:37:19.50,-0.009906173598219836,0.02474616105233431,1.0000000000000009,0.0037638008126818596,0.00236344642682801,0.021763429101969135,1.43536,0.59444,105.15066796915795
2024-06-18 04:37:41,04:37:20.00,-0.0093887227341556,0.024513637519517247,1.0000000000000009,0.009560474722741425,-0.0022115400987357354,0.02964202808638051,1.4377600000000001,0.59036,105.21752517313435
2024-06-18 04:37:42,04:37:20.50,-0.010149681134185556,0.02583972452947495,1.0000000000000009,0.01464685161131613,-0.0024891304984821405,0.0020510552815990167,1.4434399999999998,0.59,105.28253073494534
2024-06-18 04:37:42,04:37:21.00,-0.010349017358751147,0.023342848324800995,1.0000000000000009,0.01151035965346716,0.0013917291558973378,-0.03485424159499342,1.4380000000000002,0.59028,105.33306650215496
2024-06-18 04:37:43,04:37:21.50,-0.010921883395219103,0.025000222203403283,1.0000000000000009,0.006526243555693037,0.0008835465436665621,-0.0035082295998364204,1.44796,0.59144,105.39493172080797
2024-06-18 04:37:43,04:37:22.00,-0.010090280247281204,0.024095151904864637,1.0000000000000009,0.004024790117703497,-1.3259101058159874e-07,0.0070614852081671,1.4418,0.59004,105.45512112494265
2024-06-18 04:37:44,04:37:22.50,-0.009954778998823893,0.024962373859885135,1.0000000000000009,0.0024332906531090008,1.9364354914602615e-11,0.01763303202296799,1.44496,0.58744,105.51825115690444
2024-06-18 04:37:44,04:37:23.00,-0.009870401278464369,0.023885748196768877,1.0000000000000009,0.0016725515805448609,-2.7580087103366088e-15,0.027373944393021828,1.4409999999999998,0.586,105.59205383589446
2024-06-18 04:37:45,04:37:23.50,-0.010633252073673976,0.02470723213842847,1.0000000000000009,0.008018591101371214,-0.005155390099303659,0.007851988540624051,1.44632,0.59156,105.66007454755429
2024-06-18 04:37:45,04:37:24.00,-0.010993145094539115,0.023316888794175917,1.0001267547273875,0.036577190907257535,-0.0002745201084226444,-0.02940817335591086,1.4484000000000001,0.5970799999999999,105.72407215162619
2024-06-18 04:37:46,04:37:24.50,-0.010191117327200207,0.025081470485457894,0.999993244620085,0.05250006544867439,-0.03999292167686326,-0.04835573652841681,1.4716,0.5806,105.75467213609342
2024-06-18 04:37:47,04:37:25.00,-0.010559366545510032,0.024444269244995338,1.000000000652577,-0.011719269436857811,-0.0017235647992221547,0.12099450555688573,1.46476,0.56692,105.85995931427293
2024-06-18 04:37:48,04:37:25.50,-0.009953800467690344,0.025073732134574093,0.9999999999999528,0.011861589357162527,-0.00343773806958948,0.031633532689139626,1.4612800000000001,0.57836,105.93684951466632
2024-06-18 04:37:48,04:37:26.00,-0.010423272023451615,0.0241820002941385,1.0000000000000009,0.013685154062065037,-0.01082601203684367,0.02853174004335611,1.46036,0.5738399999999999,106.01600964379206
2024-06-18 04:37:49,04:37:26.50,-0.009885745943720452,0.025184707735364856,1.0000000000000009,0.008417411841856036,-0.012646558504307057,0.004281005616934347,1.46316,0.56184,106.08871582184135
2024-06-18 04:37:49,04:37:27.00,-0.009343415703620931,0.024861282228093442,1.0000000000000009,0.01277270848018301,-0.008900394207853516,0.02681939886555051,1.46744,0.55664,106.15392466169955
2024-06-18 04:37:50,04:37:27.50,-0.009799508538349752,0.02501340792857876,1.0000000000000009,0.01706171082671525,-0.0003536274369393554,-0.012130020324718396,1.4756399999999998,0.55328,106.21573044003024
2024-06-18 04:37:50,04:37:28.00,-0.009166651647212724,0.02526392147762311,1.0000000000000009,0.0044299723679291966,-0.003637457700367596,0.02694670873622615,1.48024,0.538,106.28335318778238
2024-06-18 04:37:51,04:37:28.50,-0.00952953487910146,0.02519193713402823,1.0000000000000009,0.015840397553949368,-0.013156377428877033,0.05189830323040926,1.4862,0.52852,106.36500200153621
2024-06-18 04:37:51,04:37:29.00,-0.008955107978868096,0.02567017101752349,1.0000000000000009,0.0006980047317771212,-0.008502172046120783,0.018083427634160366,1.49244,0.52536,106.44055365313861
2024-06-18 04:37:52,04:37:29.50,-0.009388245110789773,0.025310609637585153,0.9997600230998804,0.009795592871168735,-0.06652880715736181,0.014811293488015265,1.49684,0.505,106.5116331588145
2024-06-18 04:37:52,04:37:30.00,-0.008550947934689843,0.025355495952950776,0.9999999769225628,0.0172552034829495,-0.004139807198294132,0.0035937468251657713,1.49716,0.49296,106.59055574381085
2024-06-18 04:37:53,04:37:30.50,-0.009055313331837884,0.025117740610905184,0.9999999999775514,0.02210403012471559,-0.021020272024162096,-0.015688561226427918,1.49596,0.498,106.63118823763124
2024-06-18 04:37:53,04:37:31.00,-0.007542481995491341,0.026367864360790277,1.0000000000000073,0.003451786836217784,-0.0035622653023958638,-0.02130815531501573,1.5066,0.48571999999999993,106.68605485736211
2024-06-18 04:37:54,04:37:31.50,-0.008665462359478517,0.025082408448589718,1.000000000000001,0.024736872515058076,-0.013470573042486325,0.018011822271195025,1.505,0.4814,106.74725938933938
2024-06-18 04:37:55,04:37:32.00,-0.008354079038832996,0.02572762228483985,1.000000000000001,0.00444305452415803,-0.004550795114964793,-0.01580551419356062,1.51152,0.47948,106.80993037135782
2024-06-18 04:37:55,04:37:32.50,-0.007804432702216868,0.025959976126105126,1.000000000000001,0.007556668802396503,-0.004872818312819683,0.06263604120744647,1.5151999999999999,0.46892,106.88127332933635
2024-06-18 04:37:56,04:37:33.00,-0.008475355320077968,0.02593434993829509,0.999760109441113,0.006314282392645396,-0.0006524192643120033,0.017397367282948165,1.5164,0.46440000000000003,106.96504693319739
2024-06-18 04:37:56,04:37:33.50,-0.009060321812510737,0.025511954952337566,0.999999890541801,-0.05025406256036754,0.0952887828575479,-0.1485241809706978,1.506,0.49091999999999997,107.01455981201286
2024-06-18 04:37:57,04:37:34.00,-0.0067777117510930416,0.02619872078983863,0.9997601094582025,0.001378598349164344,-0.0014572650744576366,-0.05093911341395087,1.48116,0.52096,106.99251403212355
2024-06-18 04:37:57,04:37:34.50,-0.00941489720270494,0.025617703368046824,0.9999998905417985,0.009326830462737985,-0.007192825936711976,-0.04264365684591888,1.48512,0.51396,107.03713716496287
2024-06-18 04:37:58,04:37:35.00,-0.009989167239473393,0.024831095456019914,1.0000000000170899,-0.0009932575823953242,-0.013435898576951748,-0.013656691120925237,1.47872,0.5142,107.08925396149614
2024-06-18 04:37:58,04:37:35.50,-0.0085207368346753,0.024692306688357344,0.9999999999999981,0.0197629152180319,0.008111445991405473,0.01915288692475934,1.47284,0.51176,107.15374346628724
2024-06-18 04:37:59,04:37:36.00,-0.00837756084593938,0.025547655914993132,1.000000000000001,0.02438560813873653,0.01423094582160678,-0.018977014909539777,1.4827199999999998,0.51308,107.20615087711562
2024-06-18 04:37:59,04:37:36.50,0.018181500120416024,-0.018215209022891587,1.0129727283355787,-11.369165781129636,5.2208017826671345,4.979337295533696,-0.6082000000000001,1.08236,108.0947790566372
2024-06-18 04:38:00,04:37:37.00,-0.004339719616368944,-0.07685996569867244,1.001119138356235,9.058403941956009,10.434024363374778,10.637467898263091,-3.2575600000000002,4.52684,112.45345541828716
2024-06-18 04:38:00,04:37:37.50,-0.12159085383706288,-0.024133787498529468,0.952451192646631,-12.463483706416257,-7.925693881524037,-23.009491566959376,-4.55004,3.16096,112.04801689229122
2024-06-18 04:38:01,04:37:38.00,-0.05682301948138209,-0.11266809037905355,0.9697392522009914,-10.038153324979675,-12.582298255962728,-10.621322295129401,-9.026720000000001,-1.30572,99.02237406442762
2024-06-18 04:38:01,04:37:38.50,0.0550246847426299,-0.15200266786640715,1.0147900539458257,13.377209300352359,0.4123088820721686,9.001191426346157,-6.4329600000000005,-2.0929599999999997,100.58130738224513
2024-06-18 04:38:02,04:37:39.00,0.0697350082652305,-0.1141007316055092,0.992128786522092,9.660807619037417,3.3577512135392227,2.9123722118092945,-3.7666000000000004,-1.8386000000000002,103.84043356226968
2024-06-18 04:38:02,04:37:39.50,0.03263363715780358,-0.007178515409496895,1.0328286578402084,3.328410798914009,-0.30343546010802186,9.11579913586507,0.07060000000000001,-1.4221199999999998,107.01205096265907
2024-06-18 04:38:03,04:37:40.00,0.035872079916789694,-0.006097949431394161,0.9939481793323316,-1.2476152275179206,3.1612644244157555,7.368230697277784,-0.56088,-1.20176,111.25489621636693
2024-06-18 04:38:03,04:37:40.50,0.015738216159558286,-0.012870190853310917,1.0018069035441188,-2.279430593105989,0.013840921134475792,7.602818973536381,-1.36464,-0.36156,114.90390737629967
2024-06-18 04:38:04,04:37:41.00,0.020139790050966805,-0.024965976239714634,1.0069197096393636,0.29907973143360705,-4.067263844010868,7.181628662428608,-1.7796399999999999,-2.07776,118.73167869578052
2024-06-18 04:38:04,04:37:41.50,0.0410171208801939,-0.024362353406013105,0.992559119130055,1.97595467655127,2.167957102623227,7.536284516410205,-1.0793599999999999,-1.58044,122.41935983305581
2024-06-18 04:38:05,04:37:42.00,0.02796965106681967,-0.008780550689023992,0.9984837788417238,1.3824805864784813,0.04153119396210941,7.353456407923442,-0.38992,-1.3974000000000002,126.21176940361701
2024-06-18 04:38:05,04:37:42.50,0.03236273190961728,0.00344069966939128,1.0058624631938626,2.180105154823584,0.43581050821519357,8.042228988573385,0.36328000000000005,-1.65664,130.09972085234136
2024-06-18 04:38:06,04:37:43.00,0.02240876363090536,0.017910711732261265,0.9985041003533989,2.4605769367066164,1.0763047337094012,7.985141893809357,1.41544,-1.0708799999999998,134.20278516591495
2024-06-18 04:38:06,04:37:43.50,0.01035220784074263,0.03776551784203979,0.994897393515076,1.1587107862334616,1.7797761805733754,7.484729810491882,2.18368,-0.55492,138.10558874178926
2024-06-18 04:38:07,04:37:44.00,0.0076886560682056,0.04410982859941661,1.0034409362657977,1.3117013247395064,0.8487700344693075,7.242690277921346,2.8448399999999996,-0.18760000000000002,141.85519723483213
2024-06-18 04:38:07,04:37:44.50,-0.005550821492476084,0.04741933165350324,0.9967649621149652,-2.2493365273374426,1.0600144573805335,6.719523122379777,2.23768,0.21116,145.41914637945297
2024-06-18 04:38:08,04:37:45.00,-0.008745078032563443,0.04132131420519942,1.0007359335730326,1.2213965010701053,1.2403376625547553,6.574147718625084,2.53748,0.6748000000000001,148.80451168043703
2024-06-18 04:38:08,04:37:45.50,-0.016301346772657724,0.04070140944732057,0.994932437344681,-2.1125661275747247,0.7631599442002667,5.921419990102191,1.85616,0.9725199999999999,151.97402065736532
2024-06-18 04:38:09,04:37:46.00,-0.01699278956151532,0.03806237010846684,1.0084878154843446,1.3104511062395319,1.1963326113744737,5.668871588001865,2.49176,1.30408,154.91952434697137
2024-06-18 04:38:09,04:37:46.50,-0.02606877596575796,0.038949236876550046,0.9900678660657006,0.13832310996434002,-0.30279142920635116,5.189956568725493,2.229,1.30832,157.75843394873246
2024-06-18 04:38:10,04:37:47.00,-0.028326752026990663,0.04451758212934261,1.004529135563172,0.2784736789267584,0.8069973219260782,4.969178047752347,2.58428,1.63268,160.24243745974331
2024-06-18 04:38:10,04:37:47.50,-0.024777583588551356,0.04276069152221765,0.9958463551174092,-1.337852522091733,-0.7336680767785657,4.937345609665433,2.63152,1.29728,162.84196022005747
2024-06-18 04:38:11,04:37:48.00,-0.022752642857025412,0.04011554867613331,0.9992214576754747,0.8814102879589235,-0.13855929821225804,4.946712686580215,2.3066400000000002,1.07732,165.30504214251104
2024-06-18 04:38:11,04:37:48.50,-0.01410396956307868,0.03200813893514532,1.0000928146875523,-2.069915447348809,-0.39863015525540907,4.639921149091026,1.90388,0.8956000000000001,167.85750996528867
2024-06-18 04:38:12,04:37:49.00,-0.007942684905962196,0.029523980241436414,0.9992041905722379,-0.17631171540986298,0.20758397575503978,3.835121555168831,1.52308,0.65952,169.98220246110841
2024-06-18 04:38:13,04:37:49.50,-0.006540827745126384,0.023135588468168843,0.9980581465717228,-0.3623068398498812,-0.19269478295229045,4.08002576520711,1.3259999999999998,0.39384,172.02167914362767
2024-06-18 04:38:13,04:37:50.00,-0.006202129562387995,0.020473770537186513,1.000528526585618,-0.049773635902896574,0.47067851967161917,3.702491771571539,1.237,0.60736,174.0446712274062
2024-06-18 04:38:14,04:37:50.50,-0.006537493426576396,0.021127260045945995,0.9998223992655204,0.7163106674524253,0.11468904748781608,3.7581926723378185,1.48024,0.60932,175.94654389075177
2024-06-18 04:38:14,04:37:51.00,-0.01567242165558016,0.025418939848041576,1.0006195043034258,0.6021938057679738,0.64043255172867,3.094268392863477,1.63052,0.6870400000000001,177.73873269704757
2024-06-18 04:38:15,04:37:51.50,-0.014162473898308946,0.03202828401290677,0.9959126093402071,0.1543659941415403,-0.5765866537977657,3.490201616584539,1.89356,0.7,107.43455784343446
2024-06-18 04:38:15,04:37:52.00,-0.01189526809885454,0.03524924427205142,1.0022405589488184,0.992749874502494,-0.29770317564245996,3.3374468750085957,2.26276,0.50272,-178.80547901186014
2024-06-18 04:38:16,04:37:52.50,-0.004890605968458764,0.03663196499839827,0.9988845593003823,-0.9322541350342405,-0.33253015745338105,3.4154240589269786,2.05856,0.28284,-177.05277336227536
2024-06-18 04:38:16,04:37:53.00,0.0008133864826602726,0.03862400604419786,0.9979209834244971,0.2548177993800846,0.09705133522839424,2.936345536168625,2.05096,0.11507999999999999,-175.39293761347554
2024-06-18 04:38:17,04:37:53.50,0.0012285361290525181,0.032022037528448045,0.9998473721157702,-1.1622439471538508,0.33136212815194277,2.9932453805245802,1.69684,0.034080000000000006,-173.87238207235944
2024-06-18 04:38:17,04:37:54.00,-0.00016986399728911178,0.02665862948189611,0.9999399268267556,-0.02636968484904329,0.5782999770864081,2.799132777042281,1.57512,0.22091999999999998,-172.3582858893849
2024-06-18 04:38:18,04:37:54.50,-0.004907285189398836,0.022332782715686828,0.9945986026211513,-0.27208569937848553,0.6706131299299731,1.993965313890635,1.42008,0.35592,-171.07737809813494
2024-06-18 04:38:18,04:37:55.00,-0.021346707289496322,0.014904307218098052,0.9940368929644755,-3.8075044322297114,4.453111782225168,2.8915165951050517,0.26780000000000004,1.9025999999999998,-169.82285891981425
2024-06-18 04:38:19,04:37:55.50,-0.057599825353648965,-0.020811262086732694,1.0030301704912183,-2.3296742286530963,1.4357916243293618,1.8849213488277903,-1.18228,3.22632,-168.487789693563
2024-06-18 04:38:19,04:37:56.00,-0.06502821763331965,-0.03711783766002018,1.000230072974453,-0.06816100025512721,-1.190522600931889,-0.22961020006803612,-1.84028,3.25928,-168.04398506517643
2024-06-18 04:38:20,04:37:56.50,-0.052941455746338836,-0.03487835619220021,1.00355369108543,0.7749834558094437,0.22742617367034934,-1.3100969562552638,-1.63736,3.04908,-168.4391835555215
2024-06-18 04:38:20,04:37:57.00,-0.05538000884076277,-0.02693987595587192,1.0045278727962816,0.9594480421456626,0.8123950725400849,-1.1477451895470254,-1.3874000000000002,3.35816,-169.04640678586068
2024-06-18 04:38:21,04:37:57.50,-0.06186869303081857,-0.0185904629494835,1.0033817726295704,-0.020916324501061227,0.8871196807501184,0.0678155479633377,-1.1377599999999999,3.73124,-169.22942876445526
2024-06-18 04:38:21,04:37:58.00,-0.069643600409692,-0.02014979129170321,1.0024754591626783,-0.08813799396546756,-0.09868147443266155,1.0714748578087139,-1.18832,3.9052800000000003,-168.90125228625263
2024-06-18 04:38:22,04:37:58.50,-0.06517849751656558,-0.02285437572525558,1.0008520790043631,0.056672453850666236,-0.5104639974666291,2.038182300075442,-1.1547999999999998,3.67948,-168.00284171347855
2024-06-18 04:38:22,04:37:59.00,-0.06964031251494221,-0.020689666162915087,0.9968064579231085,0.317075052288312,0.01627732522080461,1.2755502758218047,-1.0589199999999999,3.7207600000000003,-167.05974925686198
2024-06-18 04:38:23,04:37:59.50,-0.06773840151585019,-0.017640680244684306,0.9965046248464765,0.1810034645818003,0.04658865978778829,-0.24686414129986559,-0.9664,3.83644,-166.7674880091844
2024-06-18 04:38:23,04:38:00.00,-0.06887107202561198,-0.013853968076684889,0.9995221574204226,0.4293573841512012,-0.09542099234343938,-0.5808980498144006,-0.7833199999999999,3.8750400000000003,-166.97480470110133
2024-06-18 04:38:24,04:38:00.50,-0.0648461499560822,-0.012133377245086136,0.999440757015966,0.22579792481987146,-0.23719180672054294,-0.4189556101632021,-0.6530800000000001,3.73168,-167.1680235120131
2024-06-18 04:38:24,04:38:01.00,-0.05800646135998066,-0.005583360445996064,0.9943401835630469,1.9168616471474795,-1.3672831661716367,0.2464350753838887,-0.11744,3.2344799999999996,-167.35735987726122
2024-06-18 04:38:25,04:38:01.50,-0.07327826320454686,0.002803773448855448,0.9824381331272086,-3.2136554690492143,5.575950635686135,3.6573759945080013,-0.24795999999999999,4.4869200000000005,-165.50175480557317
2024-06-18 04:38:25,04:38:02.00,-0.10322596006029969,-0.031291824806518556,0.9996629275364356,-5.497426743878106,1.4184828093715007,-10.332153392437045,-2.9586400000000004,6.211,-166.866849546269
2024-06-18 04:38:26,04:38:02.50,-0.11373437866871068,-0.08440983608575055,0.9949516984260852,-4.185181585041397,-0.9371336520729193,3.6226868324124757,-5.221559999999999,6.41848,-169.4184080460282
2024-06-18 04:38:26,04:38:03.00,-0.09756101769773552,-0.11713322294931981,0.9922647473082494,-0.0743800697461953,-4.6776038783676395,-0.22047337623399613,-6.1612,4.231120000000001,-168.13939178248648
2024-06-18 04:38:27,04:38:03.50,-0.09246353510651134,-0.12106080803283685,0.9916618674785518,-0.8769483582563754,3.2850192757500123,5.983132356851334,-6.49616,5.515280000000001,-166.76948249257077
2024-06-18 04:38:27,04:38:04.00,-0.10114974291761537,-0.1372866372596456,0.992516447841731,-2.4514841575882382,-0.08455346800820822,3.999901158925503,-7.53304,6.16868,-164.361330558217
2024-06-18 04:38:28,04:38:04.50,-0.06449284535997997,-0.11649689756859898,0.9907290786992625,1.7329279762145609,-5.0075687268089295,6.08545981106849,-7.42496,4.70024,-161.4007127941895
2024-06-18 04:38:28,04:38:05.00,-0.020307373075193674,-0.04814291690468796,0.9956924687321645,14.311164569843532,-6.599190576744555,-13.627968091563277,-1.96464,0.66948,-163.28488642170282
2024-06-18 04:38:29,04:38:05.50,0.0097676267185261,0.01503890830907239,1.006519192128084,7.35543488739581,1.319931020016759,-6.590725812419648,3.14388,-0.2084,-169.21685573010853
2024-06-18 04:38:29,04:38:06.00,-0.04583228659862486,0.06643297282622129,0.9996827560827293,0.4299971606250977,9.969592259483141,6.525684561649975,3.53588,3.50988,-168.14031840672214
2024-06-18 04:38:30,04:38:06.50,-0.08889238396104901,0.07425520429388299,1.0023125635437196,0.5119665526530831,0.15330991055908277,5.220368821128107,4.5354399999999995,5.234360000000001,-165.25104420072833
2024-06-18 04:38:30,04:38:07.00,-0.09599499143812089,0.12393784253406005,0.9706244493239795,1.7365872954706865,1.1763976803045926,29.921624724292244,6.41148,4.3882,-156.1963827097091
2024-06-18 04:38:31,04:38:07.50,-0.07691296525285099,0.08663023615832838,0.9898978505474321,-11.8671827403527,1.378199699711544,4.735813178140577,4.04368,4.78676,-147.63737317641622
2024-06-18 04:38:31,04:38:08.00,-0.05370063239971319,0.006558838057539772,1.003430629699479,-2.445991993044947,-9.958512540279308,-2.4011666486353005,0.05596,1.42096,-147.22229276656674
2024-06-18 04:38:32,04:38:08.50,0.0088910956474558,-0.03484045833401546,1.006001118015923,0.9337399528605629,-0.06878299800335147,-9.416578504881123,0.70012,-0.07452,-150.05256160689265
2024-06-18 04:38:32,04:38:09.00,0.012201434197929788,0.02006282557917647,1.0011671154609159,0.12971304631047384,0.09952547031856561,5.967255379888842,0.8476,-0.5172,-151.40190945520038
2024-06-18 04:38:33,04:38:09.50,-0.003195945316808696,-0.00876683828553014,1.0040150971616664,1.1857430751180746,3.503910388253779,-38.806046917007095,0.69348,0.58784,-156.88055977279149
2024-06-18 04:38:34,04:38:10.00,-0.02080978428889573,0.03131061923321191,0.995478137751329,0.21089321294338334,-2.855607411356441,-10.727154408375677,1.07224,-0.038239999999999996,-173.63058792200354
2024-06-18 04:38:35,04:38:10.50,0.004033612791182817,0.014001059770687272,1.0003011673164048,-0.009800091017338404,0.03350160119660822,1.8939972114734815,1.0866799999999999,-0.23748000000000002,-173.54814300415728
2024-06-18 04:38:35,04:38:11.00,0.006595445078586636,0.012504113070892515,0.9999683424376387,-0.004992333498132112,0.011355651685881938,0.7552609084930537,0.9094800000000001,-0.29872,-172.82459484148802
2024-06-18 04:38:36,04:38:11.50,0.006774741547080476,0.011485436962240532,0.9999934675987032,0.003329735304470348,0.003090760795200188,0.3297979764656047,0.8122799999999999,-0.35204,-172.61962187963272
2024-06-18 04:38:37,04:38:12.00,0.0073138678762638965,0.010559169422361393,1.0000000007391923,0.034667276434190125,0.012447931917204452,1.6124736357909761,0.738,-0.39236000000000004,-172.03941111309325
2024-06-18 04:38:37,04:38:12.50,0.00950854968299474,0.020244781989168802,1.0001937007113988,0.0700719595148311,0.13659213543302273,0.9132707278946606,0.8338800000000001,-0.40456000000000003,-171.10409606335645
2024-06-18 04:38:38,04:38:13.00,0.0010115856876092744,0.00365841165166974,0.9998721925434099,-0.012365979377425942,-0.08725738751023834,-0.7552470123681353,0.76288,-0.30808,-171.48809126981212
2024-06-18 04:38:38,04:38:13.50,0.00670169501921808,0.011308654653284116,1.0004140781655422,-0.035918472385009344,0.017981378962795808,1.3071896703203567,0.6584400000000001,-0.34488,-171.02686454283688
2024-06-18 04:38:39,04:38:14.00,0.005050127746061081,0.01198918574323548,1.0000000285865902,0.004827965302117708,0.006289022649515944,0.3556537979993425,0.66328,-0.34531999999999996,-170.5206544631337
2024-06-18 04:38:39,04:38:14.50,0.005960033930648632,0.010743416873958724,0.9999999999929835,0.005530644048870268,0.00018387806329500254,0.041794243982347955,0.66964,-0.34879999999999994,-170.4055638784781
2024-06-18 04:38:40,04:38:15.00,0.006000006342602092,0.01076675477467835,1.000000000000002,0.00945683282656961,0.004025386454630651,0.08125290562915645,0.66092,-0.35572,-170.31858955628925
2024-06-18 04:38:40,04:38:15.50,0.006965457082185512,0.009295073552720644,1.0000000000000009,0.00018376890552262827,0.021244788817449973,1.3227188250884172,0.62544,-0.3654,-169.9987207703678
2024-06-18 04:38:41,04:38:16.00,0.006580235158983092,0.009265851747695708,1.000026088850132,-0.031534221286747884,0.0438582723795658,2.9742974028879297,0.5832799999999999,-0.37648000000000004,-168.7414889223718
2024-06-18 04:38:41,04:38:16.50,0.0059737348678130684,0.00994472792123798,0.9998328518191986,0.01753760010994494,0.03492302167203431,2.650113375123161,0.56584,-0.37044,-167.2596183334386
2024-06-18 04:38:42,04:38:17.00,0.005880469949292868,0.00969242183040518,1.000349042017457,0.046079175634804174,0.02554054915589465,2.322274899234132,0.5886,-0.36056,-165.9552629501687
2024-06-18 04:38:42,04:38:17.50,0.005765801012351044,0.009959753521614444,1.0000798439956955,0.0353890213574471,0.1849501302624199,1.874751483897307,0.59956,-0.31123999999999996,-164.86758131579904
2024-06-18 04:38:43,04:38:18.00,0.005070561327582997,0.00996863840199436,1.000070457662245,0.00600790730131935,-0.06344646268968036,1.8297661432919199,0.5940799999999999,-0.335,-163.81473274188295
2024-06-18 04:38:43,04:38:18.50,0.00519770315779298,0.010631686223778686,1.0001235433583633,-0.004547967112777136,0.06659976243943615,0.23306062604088904,0.60128,-0.32884,-163.25895265822902
2024-06-18 04:38:44,04:38:19.00,0.004577898770756168,0.008946208959336536,0.9997421832371128,0.019605090182653807,-0.008071890308973359,0.3140532267573652,0.59444,-0.2624,-163.13567710147905
2024-06-18 04:38:44,04:38:19.50,0.005599633688511224,0.009087275280141468,1.0000992253090548,0.03229157637580511,-0.03393847189495457,0.532704527690033,0.5773199999999999,-0.33652,-162.89483564242582
2024-06-18 04:38:45,04:38:20.00,0.00576905328200984,0.008993459447851316,1.000347913000291,0.03132186632637138,0.4754379320390749,1.5494113135648953,0.57056,-0.23312000000000002,-162.283309163085
2024-06-18 04:38:45,04:38:20.50,0.001698162276983584,0.008926923240330337,0.9999007105334634,0.06934523772246359,0.3174714741453628,2.2913930687166957,0.56472,-0.0848,-161.21384018386357
2024-06-18 04:38:46,04:38:21.00,0.002317922397909016,0.012224659377642763,0.9996687652471168,0.16554988429271997,-0.9894738941391088,0.7565661781846517,0.6755599999999999,-0.382,-160.3189764102876
2024-06-18 04:38:46,04:38:21.50,0.008092764561904744,0.010335756586448563,0.9997194198701921,-0.019072221080137116,0.0330996847542077,-0.10832838731531243,0.66912,-0.43064,-160.1738632121831
2024-06-18 04:38:47,04:38:22.00,0.007000442551922856,0.010777314756762878,0.9999999550913837,-0.004381301421380414,-0.00865302985730252,-0.6680208880983168,0.636,-0.43723999999999996,-160.31976853700635
2024-06-18 04:38:48,04:38:22.50,0.0070846222135915035,0.010150209982231533,1.0000000000083016,-0.0002874735507703355,-0.009827828946872676,-0.8677636687484607,0.62932,-0.44728,-160.65792673737843
2024-06-18 04:38:48,04:38:23.00,0.008988467946530188,0.010809801338957876,0.9999999999999993,-0.17208089615106148,-0.14631160018376713,-1.513467862382663,0.59656,-0.49816000000000005,-161.17386579538567
2024-06-18 04:38:49,04:38:23.50,0.011054693413878651,0.0093282032173831,1.0000521755715241,0.12854647913424322,0.03949437908944098,-1.4686999968711216,0.5735199999999999,-0.5876399999999999,-161.91064423637803
2024-06-18 04:38:49,04:38:24.00,0.00719223735873008,0.010139866875682533,1.0023058054622127,-1.50262857560802,0.9586179330059672,-1.3201165380460973,0.429,-0.34348,-162.53809379965006
2024-06-18 04:38:50,04:38:24.50,0.005688664643563556,-0.012330431298280797,1.0226057507440816,-4.255186949609571,-2.3968736576373093,0.9946913473863048,-1.3349600000000001,-0.62964,-162.58593360531606
2024-06-18 04:38:50,04:38:25.00,0.01946198460999281,-0.04695547954958216,0.9798148328057572,-0.9747811015306743,-0.1902661117187433,0.22600163609393903,-2.58356,-1.33752,-162.1337310209623
2024-06-18 04:38:51,04:38:25.50,0.02048241347280567,-0.05187564861073184,0.9985804132050531,-0.5795933720763425,0.3709741574338593,0.756095566939465,-2.7637599999999996,-0.99248,-161.98050311554832
2024-06-18 04:38:51,04:38:26.00,0.018465636190291224,-0.0547355554886018,0.9934307388867011,1.3784258952001103,0.38624922696476743,1.1456271509568383,-2.87464,-1.04776,-161.22980751229403
2024-06-18 04:38:52,04:38:26.50,0.011510387256356856,-0.04003023741001961,0.9975330944718757,1.6783257902848303,3.682966379985744,-0.40124687166017753,-1.96028,-0.0708,-161.02143440059646
2024-06-18 04:38:52,04:38:27.00,-0.04144072620244476,-0.015835627135950225,1.0069078321135208,7.37428101126428,11.832441566960977,-2.0022879186552864,0.16143999999999997,4.324479999999999,-161.60409851797297
2024-06-18 04:38:53,04:38:27.50,-0.12524679161457702,0.0398209062938069,0.9850869430155165,3.724414961965284,2.026915747512256,-2.1597136392699996,2.7116000000000002,7.013999999999999,-162.64461039957206
2024-06-18 04:38:53,04:38:28.00,-0.1540494999049865,0.052482462420029324,1.0021605123136623,-1.8320070829438846,8.0475418852847,3.084658106548044,2.5344800000000003,9.49864,-162.51644581840216
2024-06-18 04:38:54,04:38:28.50,-0.21194152419251933,0.06124771285542292,0.9675839529735876,1.7235443325724942,-2.584629031002929,-0.07182066090973122,3.43704,10.96792,-161.06903306895293
2024-06-18 04:38:54,04:38:29.00,-0.19700447697258178,0.07050964572266576,0.9920120411982144,7.568869372612886,3.4744821108247566,-3.6578532846111607,4.947559999999999,11.35868,-162.3794233841441
2024-06-18 04:38:55,04:38:29.50,-0.225540920867511,0.1436586531760731,0.9578413705769924,10.071443404139533,-2.7714109783173826,-2.9994437622538483,9.91588,12.18392,-163.92766541508573
2024-06-18 04:38:55,04:38:30.00,-0.18100804908555632,0.27521849542172466,0.946121156417716,11.75357447977678,-10.065950997779264,0.78444959218929,15.560799999999999,9.01072,-164.40090791820884
2024-06-18 04:38:56,04:38:30.50,-0.11322174836339659,0.3026966455776314,0.9538384427587867,-5.943143954148644,-8.094937848354219,-0.407363314568253,16.76296,5.04376,-164.32044421776834
2024-06-18 04:38:56,04:38:31.00,-0.04365316811264533,0.218669474167413,0.9676347914256166,-15.659520018585297,-5.381349363998368,5.78911164630925,10.144879999999999,2.2135599999999998,-164.00216590426794
2024-06-18 04:38:57,04:38:31.50,0.018122812586173667,0.16005253469413064,0.9845093473679976,-0.1838215809268214,-0.3862197385891823,58.104368691528805,8.26148,-2.063,-144.9014243178933
2024-06-18 04:38:57,04:38:32.00,0.05570678560817102,0.07809988444649779,0.9919461232003826,-5.529427000065467,2.24577344629013,25.578976413169215,4.82784,-3.28712,-125.19973183796087
2024-06-18 04:38:58,04:38:32.50,0.04639066774821247,0.027484729068583236,0.9958849957542415,-0.7335628600793673,7.557656654669899,43.44798619291184,2.51192,-1.8016800000000002,-107.9581224405161
2024-06-18 04:38:58,04:38:33.00,-0.012377117405341588,-0.020548794828107567,0.9980610242987501,-3.094148297322186,5.3554595467770705,26.01563834417854,0.13424000000000003,1.10528,-90.22064161880483
2024-06-18 04:38:59,04:38:33.50,-0.01637113727141184,0.02742154752175696,0.9988127528760498,8.499704928212877,-4.160629003883,19.345776082620848,2.20924,0.64932,-79.32839261756573
2024-06-18 04:38:59,04:38:34.00,-0.009127093284203488,0.06130204856614592,1.003753639540727,3.7731552433593247,-3.1438848834406925,14.688883008706343,5.10688,-1.47576,-70.89187360240737
2024-06-18 04:39:00,04:38:34.50,0.03336829167171052,0.05649019208084528,0.9955413520018334,-4.9629007012853785,1.1882959568040832,13.391639686376163,3.49968,-1.5440800000000001,-63.88131696855834
2024-06-18 04:39:00,04:38:35.00,0.03312870434558509,0.025260567191400664,0.997271418381967,-4.997239413778493,1.316496488129815,10.642227437732995,0.52524,-1.54016,-57.797461714852105
2024-06-18 04:39:01,04:38:35.50,0.018479881609973346,-0.021971554087552213,0.9977034592162992,-1.3792481986885143,3.1331440299465925,8.504024799143249,-0.99696,-0.39288000000000006,-53.03824946973217
2024-06-18 04:39:01,04:38:36.00,-0.008700696215893656,-0.030220010671429955,0.9987957840321902,1.3839896005218337,2.7065701876126114,8.156286483334773,-1.10328,0.9718000000000001,-48.854654070784406
2024-06-18 04:39:02,04:38:36.50,-0.03099043542898938,-0.015221562115360836,0.9996111082961581,2.490724730836153,1.7628783705693416,6.546181769194902,-0.14623999999999998,2.0908,-44.90065423431851
2024-06-18 04:39:02,04:38:37.00,-0.03908028243095551,0.043911087092640855,0.9988413767336692,7.710776864914729,-1.2651856420965049,3.759086075885636,3.0814,1.92988,-42.563165798116295
2024-06-18 04:39:03,04:38:37.50,-0.032479832427314115,0.07177564206014621,0.998127419336119,1.0781606101612882,-0.6968673904497595,4.610432760508855,4.54896,1.50368,-40.32227331965806
2024-06-18 04:39:03,04:38:38.00,-0.02021445927109041,0.08910686255385317,0.9958309602919699,-1.0001781965721515,0.019764168666965183,4.019701232767051,4.5524000000000004,1.18876,-38.23556825588166
2024-06-18 04:39:04,04:38:38.50,-0.019791322842956476,0.06431157448110653,0.9980696609497897,-2.381641145121006,-0.8116940266678867,-4.563120778099298,3.60456,1.05004,-37.991783026728626
2024-06-18 04:39:04,04:38:39.00,-0.011663753730762848,0.048089353752427205,0.9991618711750127,-3.383921787854553,-0.4315387159375833,-4.033375925276941,2.1422399999999997,0.77224,-40.48085329247526
2024-06-18 04:39:05,04:38:39.50,-0.009701967229934683,0.018652054690382086,1.000798628811313,-1.6832379791621983,-1.011047221761908,-2.6533101281905207,0.85976,0.57268,-42.06252277686161
2024-06-18 04:39:05,04:38:40.00,0.0054133480146429,0.008523672967467947,1.0092345741336302,0.33384076098620497,-1.269649246030341,-2.0121734846145536,0.59948,-0.52756,-43.05054322764311
2024-06-18 04:39:06,04:38:40.50,0.00900248447546094,0.010987208260892995,0.9991950466165299,-0.6139817034922787,-0.23812981135004374,-0.43723366478261577,0.6146,-0.3874,-43.73827454264749
2024-06-18 04:39:06,04:38:41.00,0.015141621465496231,0.006042358195627612,1.0003611844530296,-0.4314283438548804,-0.5093134497249722,0.1754216294296212,0.34147999999999995,-0.8519599999999999,-43.56339778441773
2024-06-18 04:39:07,04:38:41.50,0.02538585909358273,0.022910950272201084,0.998398131095045,-0.34716220109391527,-0.03785124276681251,-22.313291253159903,0.54308,-0.97596,-47.101109443424356
2024-06-18 04:39:07,04:38:42.00,0.012451096168436896,-0.02402190619599422,1.0046068801122632,-1.828917005804409,-0.398015238391481,-8.01357884149725,-0.33764000000000005,-1.07948,-57.71244025853459
2024-06-18 04:39:08,04:38:42.50,0.013593099838929128,-0.008884111127188664,0.9960661512074219,1.9336244727271934,2.3845516164131078,-2.807425211020547,-0.11720000000000001,-0.51196,-59.33802540843813
2024-06-18 04:39:08,04:38:43.00,-0.002715188181779644,0.005533587818141767,0.9999592776721472,-0.5021934776792085,-0.8411416001613397,-1.1749867773338454,0.20236,-0.0444,-60.32644766344372
2024-06-18 04:39:09,04:38:43.50,0.00920257813719744,-0.02644607431553083,0.9994674706015688,0.9648949418943089,-1.7195714838168654,0.17090638927751428,-0.37384,-0.8420399999999999,-60.41117761667388
2024-06-18 04:39:09,04:38:44.00,0.014192767041344112,0.019922561044107407,1.0018894976993253,-0.24750603197585522,1.8424755224504077,1.543975951234724,0.15656,-0.5515599999999999,-59.99217957563029
2024-06-18 04:39:10,04:38:44.50,0.004119295632636772,0.0006231667220818442,0.9986149230147007,-1.2255518633296534,-1.2811485141672636,11.658187358147451,0.048479999999999995,-0.52924,-57.413236686408766
2024-06-18 04:39:10,04:38:45.00,0.0163202674499326,0.009111362073076312,1.0014959993213868,0.8475865926764324,-0.008417481923212549,15.42366861876728,0.13336,-0.9400799999999999,-49.321711210216115
2024-06-18 04:39:11,04:38:45.50,0.018450133391221583,0.018993422917475834,1.0004410710906888,0.8281603418207644,0.7838732429015615,11.09001029238147,0.50652,-0.78228,-42.50625143942986
2024-06-18 04:39:11,04:38:46.00,0.008725472173528613,0.000685191695144972,0.9992755214114425,-0.9322459543155942,-0.88587292886644,1.1473803449705378,0.44464,-0.85708,-39.77562974354064
2024-06-18 04:39:12,04:38:46.50,0.02195034958875859,-0.0009437827871317638,0.999755387179524,0.8790972241271391,0.7764182567847768,1.9408713567709364,0.14664,-0.9173600000000001,-39.38991115270337
2024-06-18 04:39:12,04:38:47.00,0.013392608869330826,0.005922388817640189,0.999953900533558,-0.6234931227904632,-0.7733107381885985,16.04874762889148,0.389,-1.01672,-33.79179711872092
2024-06-18 04:39:13,04:38:47.50,0.017582210891074194,-0.011587234047439337,1.000001206231378,0.08084785484087814,-0.11490257197998378,5.818129801918709,-0.26448,-1.0846,-28.77804771826777
2024-06-18 04:39:13,04:38:48.00,0.021871751695996932,-0.001302645254905312,1.0000445998062135,1.0595297142543907,1.0104865725716305,2.9443789655289625,0.0006800000000000006,-0.8880800000000001,-26.890055907566577
2024-06-18 04:39:14,04:38:48.50,0.01572405371999053,0.0013950959928300585,0.9998817222640095,-0.2619529045013975,-0.2983195477332115,12.831673157287305,0.06952,-0.91488,-22.776464076811486
2024-06-18 04:39:14,04:38:49.00,0.015548537171578085,0.006298932602593826,0.9990590567181699,-0.33256156116239344,-0.1054491185725415,9.671873284588358,0.19408,-0.86676,-16.91426047563301
2024-06-18 04:39:15,04:38:49.50,0.006968539211658076,-0.015088445667423829,1.0010262640288832,0.8725712456934478,0.6856767167793789,1.686364013936485,-0.15572,-0.5307999999999999,-13.90368384326153
2024-06-18 04:39:15,04:38:50.00,0.009004952509470875,-0.01086954432755277,1.0001586320632574,-0.4752113836328131,-0.4131150326761404,-6.273715960722042,-0.29812,-0.6775199999999999,-14.504931847830852
2024-06-18 04:39:16,04:38:50.50,0.012069927600643375,-0.011691084170690275,0.9999470687390708,1.0503429862566407,0.4511381718359799,-4.531427231594026,-0.49408,-0.49852,-18.172668285451753
2024-06-18 04:39:16,04:38:51.00,0.013792063929148056,0.023882922650204107,0.9995130580915277,-0.30021420695384393,0.5419968986608219,4.12224358955726,0.23296,-0.53368,-18.69914244291697
2024-06-18 04:39:17,04:38:51.50,0.009116908651310568,0.00066860525806052,1.0003786308660094,-1.164260582041179,-0.9851616463867194,-3.5459456217190435,0.02764,-0.6852800000000001,-16.805188614916094
2024-06-18 04:39:18,04:38:52.00,0.02044491288703172,0.002876523122278604,1.0001365246453533,0.5993723304913751,0.2342531051601248,7.4355649373422565,-0.15052,-0.90412,-17.638171097908597
2024-06-18 04:39:18,04:38:52.50,0.013017037014524571,0.003295128441329348,1.0007159325816963,0.950108438637108,1.0336203991365722,10.056116025699742,0.49972,-0.61776,-12.581185697625749
2024-06-18 04:39:19,04:38:53.00,-0.0017793986550867918,0.0051738967997662045,0.9995170412480759,0.07982920000740897,-0.1539393682902278,14.428771300796937,0.41624,-0.43912,-6.357029832529438
2024-06-18 04:39:19,04:38:53.50,0.010948765011488145,-0.00266802479408848,1.000879172989067,-0.44047821673430904,-0.39852082949537115,2.932053798752087,0.26456,-0.45696,-1.1751245293661565
2024-06-18 04:39:20,04:38:54.00,0.006709457223636628,0.018341797160480244,1.0002282183812563,1.9912563071173823,1.622637337806777,15.71657747764988,0.6849599999999999,-0.23764,2.8403249842773692
2024-06-18 04:39:20,04:38:54.50,5.8139183009400244e-05,-0.010013055017323368,1.0001908905727466,-2.036407068317559,-1.2259900757390194,12.358756403997665,0.21624,-0.26032,9.70138071497795
2024-06-18 04:39:21,04:38:55.00,0.0051294151613477034,0.006959344862879252,1.0002763799983567,-0.8243407079469938,0.42139960814519617,25.248326610467576,0.010639999999999997,-0.30364,20.814523784529033
2024-06-18 04:39:21,04:38:55.50,0.010369356282829282,-0.008450126210121279,1.00024567904565,1.985265236752329,0.39953923709975947,11.639882290529464,-0.23476,-0.16664,29.241103198927675
2024-06-18 04:39:22,04:38:56.00,0.000905244306128712,-0.015424518943559833,1.001151864122174,-1.7374425348419364,0.15800935536847183,8.549205384842109,-0.34436,-0.17012,34.22983332048382
2024-06-18 04:39:22,04:38:56.50,0.007737383327464392,0.020243977798808682,0.998587331403852,0.9673146997702519,-0.05111700948621289,3.019628900768081,-0.0033599999999999984,-0.16056,36.94602088827789
2024-06-18 04:39:23,04:38:57.00,-0.0027321853737896245,-0.027645628243179166,1.0009935881687206,0.18440353137651855,0.27774186531657225,0.9301538840932853,-0.17623999999999998,-0.01932,38.3960720195083
2024-06-18 04:39:23,04:38:57.50,-0.00019984513757828403,-0.01702618356000384,1.0000590410126833,0.571400336640284,0.4298303788892269,-4.272236510354564,-0.24536000000000002,0.17980000000000002,37.129311705283605
2024-06-18 04:39:24,04:38:58.00,-0.0046185418045385515,0.00200991692181698,1.0000427350862957,0.32862586932524546,-1.2292334307435908,-8.838730224679505,-0.18356000000000003,-0.05224,34.51844021447662
2024-06-18 04:39:24,04:38:58.50,0.019015484750847432,0.03292810020076405,0.9997489915920481,-0.9057832517281598,-0.7945830434995532,-56.18555412054019,0.45868000000000003,-0.66408,18.063991274925154
2024-06-18 04:39:25,04:38:59.00,0.015073483763201561,-0.016621702483426853,1.0008031926130672,0.18511284552343923,-0.6336949902168982,-30.15544193814331,0.26632,-0.9027200000000001,-4.897048203620613
2024-06-18 04:39:25,04:38:59.50,0.006546878674915927,-0.0036892663824531187,1.0009351271371196,-0.7172953950508534,0.6812932378164277,-15.72521112895642,-0.0019199999999999994,-0.6704399999999999,-15.668799017847343
2024-06-18 04:39:26,04:39:00.00,0.006292880155587612,0.001537069397133344,0.9982379836926369,0.3099893177840088,-0.687964352866643,-11.734379220922666,-0.02044,-0.59996,-22.125020131155576
2024-06-18 04:39:26,04:39:00.50,0.011236184694461976,0.0049609461361315435,1.0014772164432193,0.22410191035406724,-0.1535152628633818,-8.915155984133195,0.28764,-0.76012,-27.220487577961972
2024-06-18 04:39:27,04:39:01.00,0.010177012569408178,0.00755083682358484,1.0001386548411924,-0.2958018035154584,-0.37867512111380647,-6.652078141182017,0.2674,-0.8308,-30.98995486386295
2024-06-18 04:39:27,04:39:01.50,0.011041717025968652,0.0050255433303973565,0.9998026495751803,-0.0902038717450193,-0.09731025792141662,-5.879112543599246,0.27472,-0.81524,-34.0089149102582
2024-06-18 04:39:28,04:39:02.00,0.010693183686669987,0.005567685703334208,0.9999652618046204,0.22151124405748748,0.04483770318557609,-4.65010024265527,0.38688,-0.7088,-36.61332004561248
2024-06-18 04:39:28,04:39:02.50,0.009731738245113199,0.00679904841249466,0.99994485751176,-0.14620698116213024,-0.0522817425337638,-2.7173149524760745,0.39452,-0.6712,-38.35858839741409
2024-06-18 04:39:29,04:39:03.00,0.010005231433354704,0.00651397330227742,1.0000056351506017,-0.03966010726813984,0.0010766651559634807,-1.3104390982652852,0.36776,-0.6435200000000001,-39.25444152295245
2024-06-18 04:39:29,04:39:03.50,0.008985316802689573,0.007733379461674624,0.9999999992264873,-0.04272947593524631,-0.026770992905852754,-0.8350421500791448,0.36732,-0.61484,-39.721034954428525
2024-06-18 04:39:30,04:39:04.00,0.009253668728189257,0.007551110078404441,1.0000000000001041,-0.00946666647493222,-0.005516359217112105,-0.08565887625730241,0.39988,-0.5952,-39.87541800916679
2024-06-18 04:39:30,04:39:04.50,0.008878602226040904,0.006999044891532252,1.000000000000001,-2.701893858268771e-06,4.472466098337909e-06,0.00997358998505589,0.41244,-0.56948,-39.81726721974627
2024-06-18 04:39:31,04:39:05.00,0.008992570139331756,0.0070000001382686606,1.000000000000001,8.763733952629293e-10,-6.522073793133326e-10,0.016197119121727256,0.41547999999999996,-0.5490400000000001,-39.75028021001013
2024-06-18 04:39:31,04:39:05.50,0.009000001340875724,0.006999999999980436,1.000000000000001,-1.8988274841705484e-13,9.276001027642286e-14,0.005773943572904026,0.41184,-0.53728,-39.68321443434557
2024-06-18 04:39:32,04:39:06.00,0.008999999999774437,0.007000000000000001,1.000000000000001,3.5402974013652556e-17,-1.2874978754770056e-17,0.008858951001819939,0.4094,-0.52996,-39.61907635321895
2024-06-18 04:39:32,04:39:06.50,0.008796505903621195,0.007000000000000001,1.000000000000001,-6.0783649585972735e-21,1.742961492337772e-21,0.040318704513370884,0.40684,-0.52508,-39.54689244741518
2024-06-18 04:39:33,04:39:07.00,0.008443846070677677,0.006753301229533432,1.000000000000001,9.883370933968601e-25,-2.2969250920322036e-25,0.07821457593119582,0.40252000000000004,-0.5198,-39.4462872423608
2024-06-18 04:39:33,04:39:07.50,0.008269803604732364,0.0069969062755713485,1.000000000000001,-1.5435438241614003e-28,2.935714511998567e-29,0.005531659979798247,0.40428000000000003,-0.51876,-39.36727419396012
2024-06-18 04:39:34,04:39:08.00,0.008239690306824667,0.006376417101082884,1.000000000000001,2.3336357132822514e-32,-3.615599956851762e-33,0.02328473125819871,0.39964,-0.5148,-39.304094113866924
2024-06-18 04:39:34,04:39:08.50,0.008000314104430197,0.006503175300730336,1.000000000000001,-3.4308988302853494e-36,4.242211490578193e-37,0.024400598509149236,0.39584,-0.51308,-39.23075496070072
2024-06-18 04:39:35,04:39:09.00,0.008436161680331655,0.006688393606902609,1.000000000000001,4.9172164912004325e-40,-4.63994456160066e-41,0.01928649420566095,0.39436,-0.51252,-39.15775772647643
2024-06-18 04:39:35,04:39:09.50,0.008045594609896725,0.006522169909202849,1.000000000000001,-6.877222874604768e-44,4.507667157221084e-45,-4.910507696318836e-05,0.39328,-0.51112,-39.093357529415606
2024-06-18 04:39:36,04:39:10.00,0.00811820772700164,0.00699779126925808,1.000000000000001,9.384256072249054e-48,-3.3561602557036267e-49,0.016615251372073897,0.3934,-0.511,-39.02749538772366
2024-06-18 04:39:36,04:39:10.50,0.00845022882857448,0.006072015871077692,1.000000000000001,-1.2474884477882561e-51,4.2189031656335554e-54,0.05275824234032003,0.39148000000000005,-0.5114,-38.95605423057922
2024-06-18 04:39:37,04:39:11.00,0.008309768342436996,0.006450182265312628,1.000000000000001,1.610592882899435e-55,5.448863109591456e-57,0.1279694058558283,0.38952,-0.51236,-38.836832806460514
2024-06-18 04:39:37,04:39:11.50,0.00828824420670206,0.00683950495715556,1.000000000000001,-2.0085451049860625e-59,-1.5951456070037984e-60,-0.019211715023803425,0.39532000000000006,-0.5062,-38.75819177813697
2024-06-18 04:39:38,04:39:12.00,0.007991793558613208,0.006920130628776988,1.000000000000001,2.3966031596733724e-63,3.351457496372554e-64,-0.08957086220400808,0.39556,-0.50408,-38.71104644566613
2024-06-18 04:39:38,04:39:12.50,0.008527892354840545,0.006310132799678228,1.000000000000001,-2.688475256320463e-67,-6.153343607295239e-68,-0.051905466756910074,0.39764000000000005,-0.5058400000000001,-38.7070183674111
2024-06-18 04:39:39,04:39:13.00,0.008478640454106576,0.0064099960504566955,1.000000000000001,2.7329681675471233e-71,1.0463877211457345e-71,0.01926808300814724,0.39108000000000004,-0.50756,-38.6447696226212
2024-06-18 04:39:39,04:39:13.50,0.008113285154813951,0.00699988274268246,1.000000000000001,-2.280752787915406e-75,-1.6898325772755346e-75,0.02056168464408314,0.39280000000000004,-0.50872,-38.572495418977205
2024-06-18 04:39:40,04:39:14.00,0.008264551043565528,0.006998154720489448,1.000000000000001,9.382036549439716e-80,2.6250573958744778e-79,0.024663237972585003,0.39399999999999996,-0.50928,-38.50288632173365
2024-06-18 04:39:40,04:39:14.50,0.008823482238951193,0.006481973129661256,1.000000000000001,1.8951359230092455e-83,-3.950994838356285e-83,0.09963343672468536,0.39244,-0.5118,-38.403434610485284
2024-06-18 04:39:41,04:39:15.00,0.008154136240346936,0.00675804997612556,1.000000000000001,-7.109029286097138e-87,5.785578706011513e-87,-0.051181752202687524,0.39368000000000003,-0.50624,-38.3384745646495
2024-06-18 04:39:41,04:39:15.50,0.008357920360702408,0.006071992752096153,1.000000000000001,1.5988056294470684e-90,-8.260918665197964e-91,0.009066114411574929,0.39411999999999997,-0.5086400000000001,-38.2849633448754
2024-06-18 04:39:42,04:39:16.00,0.008000093187077183,0.00599998937602518,1.000000000000001,-3.0341708834128966e-94,1.151098231171188e-94,0.002484095236518884,0.391,-0.50688,-38.219213743370645
2024-06-18 04:39:42,04:39:16.50,0.008243259241284856,0.006479867460535348,1.000000000000001,5.2657273877860555e-98,-1.5646932847119863e-98,-0.0533708047300847,0.39168,-0.50476,-38.17840624231944
2024-06-18 04:39:43,04:39:17.00,0.008074906644593488,0.005998287263553016,1.000000000000001,-0.000597396479152972,-0.001626101079446568,-0.0032157306281734867,0.38552,-0.50692,-38.12046583684881
2024-06-18 04:39:43,04:39:17.50,0.010790784442651455,0.011137063852307812,0.9997557207020933,0.26830756844768217,-0.0504519809751604,0.26757842597050535,0.51436,-0.53336,-38.117139105249656
2024-06-18 04:39:44,04:39:18.00,0.006435277528708268,0.00479271613663056,1.0004841815744465,0.052834318864774785,0.018170389561942283,0.33061187888114424,0.52936,-0.54,-37.729830271618894
2024-06-18 04:39:44,04:39:18.50,0.008705652897077625,0.009421213346923044,1.0000000977407415,-0.0185364110282895,-0.016035629043946096,-0.0068829257533272155,0.51948,-0.51732,-37.64475643129159
2024-06-18 04:39:45,04:39:19.00,0.008798310435726231,0.009203866184824777,0.999999999982718,-0.03740587053189076,-0.011009829452507178,-0.12275588720111964,0.50148,-0.5336,-37.61749146633033
2024-06-18 04:39:45,04:39:19.50,0.008921637375807655,0.00931646797189606,1.0000000000000036,-0.010831460739251094,-8.685658736214401e-05,-0.14818640977998618,0.50244,-0.53188,-37.643430387850685
2024-06-18 04:39:46,04:39:20.00,0.009000011457535356,0.009000037901876385,1.0000000000000009,-1.0749982595601013e-05,7.576869432579448e-09,0.019261653484252864,0.507,-0.53924,-37.59210229539428
2024-06-18 04:39:46,04:39:20.50,0.008999999998366336,0.008999999992935256,1.0000000000000009,1.448913129803199e-09,-3.8929396234226974e-13,0.006092985925088036,0.50788,-0.5383600000000001,-37.528634059533736
2024-06-18 04:39:47,04:39:21.00,0.009000000000000195,0.009000000000001151,1.0000000000000009,-1.900131430149886e-13,-4.1422014612697205e-17,0.008790821402373018,0.50832,-0.53708,-37.462864513016626
2024-06-18 04:39:47,04:39:21.50,0.009,0.008999999999999996,1.0000000000000009,2.4146686762613862e-17,1.917188324508244e-20,0.00331648927420995,0.50856,-0.5367200000000001,-37.39947373266774
2024-06-18 04:39:48,04:39:22.00,0.009,0.008270155613033571,1.0000000000000009,-2.9524322678702686e-21,-4.502770962357507e-24,0.005194926058929468,0.5057200000000001,-0.53644,-37.33785480357344
2024-06-18 04:39:48,04:39:22.50,0.009,0.008729848739275172,1.0000000000000009,3.4297567111309423e-25,8.712793811804397e-28,0.07181888345218977,0.50332,-0.5368400000000001,-37.24927303407146
2024-06-18 04:39:49,04:39:23.00,0.009,0.008429934608542952,1.0000000000000009,-3.693566009926811e-29,-1.5294973591311919e-31,-0.002759893347388916,0.5075999999999999,-0.5355200000000001,-37.1813278650507
2024-06-18 04:39:49,04:39:23.50,0.009,0.008000221029779025,1.0000000000000009,3.484126840641112e-33,2.525538399361126e-35,0.010217545348963424,0.50308,-0.536,-37.114502985247924
2024-06-18 04:39:50,04:39:24.00,0.008853815182344108,0.008245406053808768,1.0000000000000009,-2.3826579007182447e-37,-3.991089152706144e-39,-0.08031137605065707,0.50056,-0.53384,-37.05676566719783
2024-06-18 04:39:50,04:39:24.50,0.008986182449352979,0.008274590202865511,1.0000000000000009,-2.6057844698955425e-42,6.093117175764141e-43,-0.2994141203447738,0.5022800000000001,-0.5299200000000001,-37.11017305737511
2024-06-18 04:39:51,04:39:25.00,0.009000002368687464,0.00802481584060986,1.0000000000000009,5.4224727945248475e-45,-9.035187305778625e-47,-0.1708914449103602,0.4996,-0.53288,-37.16489433614808
2024-06-18 04:39:51,04:39:25.50,0.00899999999961523,0.008175193487152293,1.0000000000000009,-1.4532163977925757e-48,1.305282723845512e-50,0.04272893664562954,0.49811999999999995,-0.53612,-37.14498401714222
2024-06-18 04:39:52,04:39:26.00,0.008773303200829656,0.008530188494173047,1.0000000000000009,2.9628416647115928e-52,-1.8398071724453974e-54,0.07336034741864655,0.49884,-0.53584,-37.03277366995075
2024-06-18 04:39:53,04:39:26.50,0.008866684493937009,0.0087124812804458,1.0000000000000009,-5.354957654618129e-56,2.5305716956405477e-58,0.03045388274655304,0.50464,-0.53228,-36.96502881698723
2024-06-18 04:39:53,04:39:27.00,0.009000012306511184,0.008731839309432492,1.0000000000000009,9.0150249597173e-60,-3.393016845674574e-62,0.052673665200338844,0.50348,-0.53276,-36.8666448034232
2024-06-18 04:39:54,04:39:27.50,0.0089999999987219,0.008632711070865912,1.0000000000000009,-1.4452787885248596e-63,4.42367665387738e-66,-0.013497403269305496,0.5054,-0.52908,-36.800276191055474
2024-06-18 04:39:54,04:39:28.00,0.009000000000000072,0.008072784969034128,1.0000000000000009,2.232240771497775e-67,-5.5824797314561484e-70,-0.09403101568212559,0.50388,-0.52768,-36.77230981367415
2024-06-18 04:39:55,04:39:28.50,0.009,0.008193689974259889,1.0000000000000009,-3.3433639061797682e-71,6.765073281506865e-74,-0.04719068481342431,0.4988,-0.52968,-36.73964867220443
2024-06-18 04:39:55,04:39:29.00,0.009,0.008046306486619309,1.0000000000000009,4.874313189004714e-75,-7.760936962895586e-78,-0.002942802081830992,0.49752,-0.52968,-36.69727915958893
2024-06-18 04:39:56,04:39:29.50,0.009,0.00799999280236579,1.0000000000000009,-6.930825298907104e-79,8.191745139378278e-82,0.09041094834863626,0.49584000000000006,-0.53036,-36.61518780701303
2024-06-18 04:39:56,04:39:30.00,0.009,0.008009793385987965,1.0000000000000009,9.617610660965853e-83,-7.422950279185549e-86,0.12198984496452474,0.49248,-0.53076,-36.49653540077742
2024-06-18 04:39:57,04:39:30.50,0.008806299288525336,0.008756546214713027,1.0000000000000009,-1.3016667231729883e-86,4.440018238199957e-90,0.07853659572923205,0.49732,-0.5289200000000001,-36.37974473073587
2024-06-18 04:39:57,04:39:31.00,0.00895369351492436,0.007993659545459575,1.0000000000000009,1.7148995219086609e-90,2.3206021746581143e-94,0.020466132675089784,0.4976,-0.527,-36.30273721767447
2024-06-18 04:39:58,04:39:31.50,0.009000007197633908,0.008218749541385083,1.0000000000000009,-2.191113696884472e-94,-1.5196392847457528e-97,0.06895167465913038,0.49467999999999995,-0.52808,-36.2216079565826
2024-06-18 04:39:58,04:39:32.00,0.008515561693044672,0.008266092560121363,1.0000000000000009,2.6974601590812394e-98,3.7589463396239614e-101,-0.17644565663705397,0.49556,-0.5246,-36.17313684744451
2024-06-18 04:39:59,04:39:32.50,0.009004438942137668,0.007995158070285892,1.0000000000000009,-3.163195677238299e-102,-7.432956087290744e-105,-0.10786714825765467,0.49244,-0.52488,-36.20355274290504
2024-06-18 04:39:59,04:39:33.00,0.008999999363644812,0.008000000683224548,1.0000000000000009,3.4568138464952144e-106,1.3210798288559143e-108,0.026223465326063213,0.48792,-0.52864,-36.15685193801819
2024-06-18 04:40:00,04:39:33.50,0.00900000000008898,0.007999999999905876,1.0000000000000009,-3.352944816322025e-110,-2.199656057112452e-112,0.30744584992023133,0.48356,-0.5331600000000001,-36.019439330204285
2024-06-18 04:40:00,04:39:34.00,0.00849646328899926,0.008,1.0000000000000009,2.4856153067270406e-114,3.497912229531282e-116,0.13035870582003517,0.48308,-0.5292800000000001,-35.81471692194463
2024-06-18 04:40:01,04:39:34.50,0.008983533681466836,0.008503536711000651,1.0000000000000009,-2.8384111528756067e-119,-5.367417600611226e-120,0.004597758730359646,0.48460000000000003,-0.5248,-35.74398785404793
2024-06-18 04:40:01,04:39:35.00,0.008857633775753099,0.008016466318533071,1.0000000000000009,-4.1149014100150777e-122,7.994253763676734e-124,-0.04210772865873601,0.48424,-0.52508,-35.684075176897295
2024-06-18 04:40:02,04:39:35.50,0.008542725518852821,0.007999996969950247,1.0000000000000009,1.1977738226775693e-125,-1.1595807223939084e-127,-0.22814499988090747,0.4804,-0.5220400000000001,-35.699571297280656
2024-06-18 04:40:02,04:39:36.00,0.008999643688268904,0.008000000000515957,1.0000000000000009,-2.5119456765102592e-129,1.6408258119311236e-131,-0.22285838762077514,0.47692,-0.52324,-35.75656503036721
2024-06-18 04:40:03,04:39:36.50,0.009000000046664713,0.007999999999999891,1.0000000000000009,4.607646306259518e-133,-2.2658190455869805e-135,-0.1843867841207026,0.4735599999999999,-0.5268,-35.79248690769705
2024-06-18 04:40:03,04:39:37.00,0.008999999999994035,0.008,1.0000000000000009,-7.830731052924707e-137,3.0508493620545012e-139,0.026519093951025013,0.4732,-0.5308,-35.77266824217685
2024-06-18 04:40:04,04:39:37.50,0.009,0.008,1.0000000000000009,1.2640601736850916e-140,-3.9964245978942144e-143,-0.08865434281390051,0.47519999999999996,-0.52988,-35.72233613006494
2024-06-18 04:40:04,04:39:38.00,0.009,0.00776028400239444,1.0000000000000009,-1.9629846111076518e-144,5.071826447750386e-147,0.006501689399695739,0.46952,-0.5301600000000001,-35.692244606740935
2024-06-18 04:40:05,04:39:38.50,0.008837574836200679,0.008239431956231344,1.0000000000000009,2.9536659236121002e-148,-6.190817048609629e-151,0.040490584650359,0.47735999999999995,-0.53144,-35.60359446343756
2024-06-18 04:40:05,04:39:39.00,0.009002425194789068,0.008000284080358924,1.0000000000000009,-4.324057412688043e-152,7.174693311519373e-155,0.001639116479484217,0.47204,-0.53056,-35.53938992365697
2024-06-18 04:40:06,04:39:39.50,0.008671476811824851,0.007999999961009883,1.0000000000000009,6.172611602157229e-156,-7.697686227499245e-159,-0.0692059670710004,0.46784,-0.53012,-35.47992975270039
2024-06-18 04:40:07,04:39:40.00,0.008808503316242416,0.008000000000005168,1.0000000000000009,-8.599037198094836e-160,7.208326165844901e-163,-0.22086536977213642,0.46716,-0.52532,-35.514311486946944
2024-06-18 04:40:07,04:39:40.50,0.009000019843164292,0.007514517844075764,1.0000000000000009,1.1685820416578408e-163,-4.818941160780234e-167,-0.07887059077179132,0.45984,-0.52864,-35.53647575910741
2024-06-18 04:40:08,04:39:41.00,0.008999999997778188,0.0080054825255262,1.0000000000000009,-1.546518139754461e-167,-8.45865034526161e-172,0.023702132533655596,0.45380000000000004,-0.5312,-35.475577564727956
2024-06-18 04:40:08,04:39:41.50,0.009000000000000195,0.007915377366487656,1.0000000000000009,1.9863832200962512e-171,1.185170380995728e-174,0.09333132057051968,0.45268,-0.532,-35.383879979388375
2024-06-18 04:40:09,04:39:42.00,0.009,0.0076047934197723075,1.0000000000000009,-2.461486635913215e-175,-3.121741345946283e-178,0.10997338538201604,0.45039999999999997,-0.53188,-35.26745509329666
2024-06-18 04:40:09,04:39:42.50,0.008760190560558764,0.007759251603875797,1.0000000000000009,2.9122229032428894e-179,6.324547414415625e-182,0.06882930733219048,0.45512,-0.53012,-35.16616018999239
2024-06-18 04:40:10,04:39:43.00,0.008999809411706272,0.008000577354694071,1.0000000000000009,-3.225843721232186e-183,-1.1392008304332031e-185,-0.05164514762659962,0.45612,-0.52848,-35.09204755804507
2024-06-18 04:40:10,04:39:43.50,0.00900000002773877,0.007999999885547553,1.0000000000000009,3.207061164762868e-187,1.913600284819335e-189,-0.15488492452381045,0.45664,-0.52656,-35.08652291658613
2024-06-18 04:40:11,04:39:44.00,0.00899999999999602,0.007511858750537687,1.0000000000000009,-2.536374893906095e-191,-3.062901692655679e-193,-0.04390574449555319,0.45304,-0.52808,-35.089499176349584
2024-06-18 04:40:11,04:39:44.50,0.009,0.007598184859569587,1.0000000000000009,7.124204404422595e-196,4.724564566048645e-197,0.06201423661040383,0.44848,-0.53036,-35.01987889250647
2024-06-18 04:40:12,04:39:45.00,0.00887812972416011,0.007121986621586812,1.0000000000000009,3.025807846863338e-199,-7.068476037893045e-201,0.1534893326953188,0.44612,-0.5324,-34.895695152877074
2024-06-18 04:40:12,04:39:45.50,0.008801859814357292,0.008007970647303277,1.0000000000000009,-9.801061074357304e-203,1.0294916014185384e-204,0.048448567583876764,0.45204,-0.52836,-34.788772459813806
2024-06-18 04:40:13,04:39:46.00,0.009000010462154744,0.00799999912093606,1.0000000000000009,2.1227748358332027e-206,-1.4624538845066474e-208,0.016567478091994808,0.45272,-0.5278,-34.70843265807227
2024-06-18 04:40:13,04:39:46.50,0.00899999999932772,0.00800000000008668,1.0000000000000009,-3.957102926180229e-210,2.0274588191016506e-212,0.015153507840011007,0.45312,-0.5274800000000001,-34.642770720633386
2024-06-18 04:40:14,04:39:47.00,0.008999999999999944,0.007999999999999972,1.0000000000000009,6.793202611770151e-214,-2.741265836468721e-216,0.006118514446189231,0.45336,-0.52796,-34.57394626456645
2024-06-18 04:40:14,04:39:47.50,0.0087999457688938,0.008,1.0000000000000009,-1.1044796018539339e-217,3.607530521872238e-220,-0.14049593792345624,0.45539999999999997,-0.5258,-34.54428447432469
2024-06-18 04:40:15,04:39:48.00,0.009000054263860285,0.007838012547858488,1.0000000000000009,1.724821805400188e-221,-4.603340874250225e-224,-0.16200526188333197,0.45496000000000003,-0.52536,-34.578806790525036
2024-06-18 04:40:15,04:39:48.50,0.008999999967237757,0.007680179945373392,1.0000000000000009,-2.6075671264587597e-225,5.657911277954351e-228,0.009389069078535196,0.44908000000000003,-0.5302,-34.54084159887562
2024-06-18 04:40:16,04:39:49.00,0.009000000000007963,0.007071978063067585,1.0000000000000009,3.83345247306828e-229,-6.620018338220486e-232,0.2507445917124496,0.44532000000000005,-0.53332,-34.42535318169787
2024-06-18 04:40:16,04:39:49.50,0.008999999999999987,0.007689868192884957,1.0000000000000009,-5.493922548702149e-233,7.209665688458865e-236,0.32798182476928867,0.44412,-0.534,-34.19891863655072
2024-06-18 04:40:17,04:39:50.00,0.008549807133154633,0.007999961243639789,1.0000000000000009,7.683474199573333e-237,-6.948192769424885e-240,0.16466455808238295,0.4532,-0.5279200000000001,-34.00728994636036
2024-06-18 04:40:17,04:39:50.50,0.008690231651664325,0.008000000007176789,1.0000000000000009,-1.0483953780760631e-240,5.0596765234051694e-244,-0.005492592336354828,0.45992000000000005,-0.52276,-33.92135418226132
2024-06-18 04:40:18,04:39:51.00,0.008999961208002612,0.00799999999999874,1.0000000000000009,1.3936085559850553e-244,-3.351934908445627e-249,0.018269654200590776,0.45936,-0.5233599999999999,-33.85981746678107
2024-06-18 04:40:18,04:39:51.50,0.009000000007179501,0.008,1.0000000000000009,-1.7991440623140907e-248,-9.049351610147918e-252,-0.012980474368574463,0.45899999999999996,-0.52376,-33.79027533973185
2024-06-18 04:40:19,04:39:52.00,0.00899999999999874,0.008,1.0000000000000009,2.24353174958989e-252,2.5770987472291877e-255,-0.057498053451929515,0.45836,-0.52436,-33.756527498099146
2024-06-18 04:40:19,04:39:52.50,0.009,0.007796505903621188,1.0000000000000009,-2.6767487569288476e-256,-5.366010472421184e-259,0.04327783978605537,0.45564,-0.52712,-33.70070627590526
2024-06-18 04:40:20,04:39:53.00,0.009,0.00752979687932408,1.0000000000000009,3.0023397241191643e-260,9.806512770706175e-263,0.1673164723304524,0.45280000000000004,-0.52896,-33.58704962051152
2024-06-18 04:40:20,04:39:53.50,0.008990206615095846,0.007953690018622233,1.0000000000000009,-3.051325634188747e-264,-1.662718455728301e-266,0.21907945742639806,0.45256,-0.52856,-33.417837058471534
2024-06-18 04:40:21,04:39:54.00,0.0082853657700029,0.007754601118421528,1.0000000000000009,2.5450719889343545e-268,2.6794770046322294e-270,0.042281517608776784,0.45576,-0.52364,-33.292230096941886
2024-06-18 04:40:21,04:39:54.50,0.009004428248201447,0.007076974713025752,1.0000000000000009,-1.0437173441687447e-272,-4.155475187133308e-274,0.0023383589457601182,0.45216,-0.52296,-33.22610422173272
2024-06-18 04:40:22,04:39:55.00,0.008999999366611252,0.006998591129789316,1.0000000000000009,-2.123688812633429e-276,6.245630312994418e-278,0.006935906918701784,0.44920000000000004,-0.5232800000000001,-33.16412742838298
2024-06-18 04:40:22,04:39:55.50,0.009000000000088368,0.007769826866253652,1.0000000000000009,7.951320575978812e-280,-9.134149930864913e-282,0.04952490950034288,0.44768,-0.5244800000000001,-33.08793905148974
2024-06-18 04:40:23,04:39:56.00,0.008999999999999972,0.007448935392531424,1.0000000000000009,-1.7874435381182496e-283,1.3026616977082653e-285,8.357987664606826e-05,0.44728,-0.5241600000000001,-33.0138883769404
2024-06-18 04:40:23,04:39:56.50,0.009,0.007764410921875864,1.0000000000000009,3.391468652446626e-287,-1.813015566623644e-289,0.017529008827971794,0.44656,-0.524,-32.94845309352012
2024-06-18 04:40:24,04:39:57.00,0.009,0.00727733730529612,1.0000000000000009,-5.8850871679105494e-291,2.4614007229532702e-293,0.03645200349931466,0.44516,-0.5245200000000001,-32.87954595392458
2024-06-18 04:40:24,04:39:57.50,0.009,0.007019493198129584,1.0000000000000009,9.64061140871962e-295,-3.253925639592195e-297,0.24810796352535433,0.44228,-0.5272,-32.74213066137406
2024-06-18 04:40:25,04:39:58.00,0.008282348905841128,0.007717647610033328,1.0000000000000009,-1.514304720436145e-298,4.174159685132409e-301,0.0806665224863435,0.44368,-0.5233599999999999,-32.58622523834119
2024-06-18 04:40:25,04:39:58.50,0.008762661158168712,0.007002349809920119,1.0000000000000009,2.3003845200804503e-302,-5.16446360932179e-305,-0.024945075904137262,0.446,-0.52408,-32.521737938221065
2024-06-18 04:40:26,04:39:59.00,0.008869811473509725,0.007522654909727584,1.0000000000000009,-3.396304066484533e-306,6.097308649901843e-309,-0.07466868182849812,0.44692,-0.52624,-32.48009455357169
2024-06-18 04:40:27,04:39:59.50,0.009005179039899341,0.006997343780727028,1.0000000000000009,4.88680685953576e-310,-6.7325164057e-313,-0.01278832615077306,0.44132,-0.5241600000000001,-32.452040915964005
2024-06-18 04:40:27,04:40:00.00,0.008999999422522787,0.007000000406108748,1.0000000000000009,-6.8610760093e-314,6.655178e-317,0.025118550131844893,0.43988,-0.52264,-32.38731830880616
2024-06-18 04:40:28,04:40:00.50,0.00897334260531302,0.007026657394684685,1.0000000000000009,9.39943e-318,-5.19e-321,0.18191152540682265,0.43363999999999997,-0.5242800000000001,-32.26945281274333
2024-06-18 04:40:29,04:40:01.00,0.008483109715046792,0.00774328900718918,1.0000000000000009,-1.255e-321,5e-324,0.10800916186626643,0.44152,-0.5216000000000001,-32.12862846402446
2024-06-18 04:40:29,04:40:01.50,0.00865502148230408,0.0079998936181528,1.0000000000000009,-1e-323,5e-324,-0.032122933060207796,0.45344,-0.51868,-32.05420627549288
2024-06-18 04:40:30,04:40:02.00,0.008808506356970263,0.0077584187539518875,1.0000000000000009,-1e-323,5e-324,2.3165731924556925e-05,0.4558,-0.519,-32.010290667863316
2024-06-18 04:40:30,04:40:02.50,0.008482090994328484,0.008001581521142944,1.0000000000000009,-1e-323,5e-324,-0.025787492371717704,0.45620000000000005,-0.51924,-31.948429221742472
2024-06-18 04:40:31,04:40:03.00,0.008710763376296927,0.007760283743823928,1.0000000000000009,-1e-323,5e-324,0.022728713018408904,0.45596000000000003,-0.52024,-31.884377469007035
2024-06-18 04:40:32,04:40:03.50,0.008685600828550548,0.007999715958666392,1.0000000000000009,-1e-323,5e-324,-0.01591989652096979,0.4572,-0.51868,-31.83306197845593
2024-06-18 04:40:32,04:40:04.00,0.009001564869578545,0.008000000038984788,1.0000000000000009,-1e-323,5e-324,0.06543375772910501,0.45804,-0.522,-31.75282513973993
2024-06-18 04:40:33,04:40:04.50,0.008720373459936648,0.00799999999999474,1.0000000000000009,-1e-323,5e-324,0.00729273897712249,0.45976,-0.52124,-31.675501641335646
2024-06-18 04:40:33,04:40:05.00,0.008712461659232947,0.00747734418657116,1.0000000000000009,-1e-323,5e-324,0.09402827459424773,0.45788000000000006,-0.52308,-31.58250888022748
2024-06-18 04:40:34,04:40:05.50,0.008564115123335436,0.008002656219477293,1.0000000000000009,-1e-323,5e-324,-0.10291729136503042,0.46224000000000004,-0.51896,-31.526862746155437
2024-06-18 04:40:34,04:40:06.00,0.008327157414704417,0.007760367033954596,1.0000000000000009,-1e-323,5e-324,-0.28517362901941967,0.46248000000000006,-0.5172,-31.554107565773933
2024-06-18 04:40:35,04:40:06.50,0.00899589098485892,0.007999632512778344,1.0000000000000009,-1e-323,5e-324,-0.2992754980664657,0.46356,-0.51708,-31.667446121514686
2024-06-18 04:40:35,04:40:07.00,0.009000001129832815,0.008000000047224232,1.0000000000000009,-1e-323,5e-324,-0.011765534190040425,0.46124000000000004,-0.5240400000000001,-31.671364598873
2024-06-18 04:40:36,04:40:07.50,0.0089999999997675,0.007999999999994097,1.0000000000000009,-1e-323,5e-324,0.022496639705958422,0.46424,-0.525,-31.60617185185758
2024-06-18 04:40:36,04:40:08.00,0.008558249091511537,0.008,1.0000000000000009,-1e-323,5e-324,-0.13562677292176165,0.46548,-0.52268,-31.568205773522415
2024-06-18 04:40:37,04:40:08.50,0.009214726348354131,0.008,1.0000000000000009,-1e-323,5e-324,0.1391375788685869,0.46576,-0.5279200000000001,-31.50806206631307
2024-06-18 04:40:37,04:40:09.00,0.00858730442124894,0.008,1.0000000000000009,-1e-323,5e-324,0.005106220358871673,0.46848,-0.52456,-31.414217720188763
2024-06-18 04:40:38,04:40:09.50,0.008541338856086407,0.008,1.0000000000000009,-1e-323,5e-324,-0.05219978569440909,0.4682,-0.5228,-31.35710627050292
2024-06-18 04:40:38,04:40:10.00,0.008951720130737872,0.008,1.0000000000000009,-1e-323,5e-324,-0.15957656682391214,0.46736000000000005,-0.5209199999999999,-31.355341319498706
2024-06-18 04:40:39,04:40:10.50,0.008786650857537643,0.0077551624635185,1.0000000000000009,-1e-323,5e-324,-0.1021673600064519,0.46568000000000004,-0.5219600000000001,-31.369417673515237
2024-06-18 04:40:39,04:40:11.00,0.00900001029492312,0.008004838219001643,1.0000000000000009,-1e-323,5e-324,-0.00585637517566274,0.46484000000000003,-0.52496,-31.328746438851987
2024-06-18 04:40:40,04:40:11.50,0.008999999999600107,0.00799999931738578,1.0000000000000009,-1e-323,5e-324,0.016295169281135963,0.46744,-0.52488,-31.263641721956088
2024-06-18 04:40:40,04:40:12.00,0.008999999999999867,0.008000000000093937,1.0000000000000009,-1e-323,5e-324,0.050630753014166786,0.46863999999999995,-0.52544,-31.181199584359288
2024-06-18 04:40:41,04:40:12.50,0.009,0.007999999999999972,1.0000000000000009,-1e-323,5e-324,0.009624943391728496,0.46984000000000004,-0.52436,-31.10645555060016
2024-06-18 04:40:41,04:40:13.00,0.009,0.008,1.0000000000000009,-1e-323,5e-324,-0.004250099139138736,0.47031999999999996,-0.52372,-31.044929586570046
2024-06-18 04:40:42,04:40:13.50,0.009,0.008,1.0000000000000009,-1e-323,5e-324,-0.02768604722859719,0.47107999999999994,-0.523,-30.992098928125856
2024-06-18 04:40:42,04:40:14.00,0.009,0.008,1.0000000000000009,-1e-323,5e-324,-0.029456527155760893,0.469,-0.52356,-30.945119776064047
2024-06-18 04:40:43,04:40:14.50,0.009,0.008,1.0000000000000009,-1e-323,5e-324,0.01788117892416123,0.468,-0.524,-30.887830389811608
2024-06-18 04:40:43,04:40:15.00,0.009,0.008,1.0000000000000009,-1e-323,5e-324,0.00688627678274358,0.4686,-0.524,-30.820273364169083
2024-06-18 04:40:44,04:40:15.50,0.008990206615095846,0.007990206615095849,1.0000000000000009,-1e-323,5e-324,-0.025653226162016072,0.46952,-0.52288,-30.75870538670767
2024-06-18 04:40:44,04:40:16.00,0.008769804075874332,0.007769804075874333,1.0000000000000009,-1e-323,5e-324,-0.1692032966181474,0.46504000000000006,-0.5191600000000001,-30.763175404269578
2024-06-18 04:40:45,04:40:16.50,0.008519539073391608,0.0079999893060639,1.0000000000000009,-1e-323,5e-324,-0.052108425570273086,0.4694,-0.5236,-30.73975136075558
2024-06-18 04:40:45,04:40:17.00,0.008960443943231365,0.008000000002966405,1.0000000000000009,-1e-323,5e-324,0.05158695344507303,0.46748000000000006,-0.5258,-30.689219874497862
2024-06-18 04:40:46,04:40:17.50,0.008760405523982663,0.007999999999999348,1.0000000000000009,-1e-323,5e-324,-0.08919934107541111,0.46684000000000003,-0.523,-30.62670086869579
2024-06-18 04:40:46,04:40:18.00,0.009591552934950067,0.009808003561475652,0.9999466852105108,0.16890828265691774,-0.020904841588859302,-0.9185413273518408,0.5002,-0.5280400000000001,-30.702415203231762
2024-06-18 04:40:47,04:40:18.50,0.011376032630944841,0.021453742308997863,1.0011683558343818,-1.077511121219458,-0.3788385725505522,-0.8595322675490468,0.71796,-0.75348,-31.241244021392276
2024-06-18 04:40:47,04:40:19.00,0.010732111689630888,-0.0069182716608618645,0.9986160605603521,-0.06294536027249531,0.14192439846587646,-1.117775100987384,0.0048000000000000004,-0.6556400000000001,-31.65243649706401
2024-06-18 04:40:48,04:40:19.50,0.010197330451040052,-0.001710649402984984,1.0000772089111234,1.0524864553049456,-0.022918432464653245,-1.3197777317645085,0.2816,-0.63408,-32.19135511582747
2024-06-18 04:40:48,04:40:20.00,0.011329864990110216,0.002729918656232952,1.0001055606074514,-0.03486029291740792,-0.05023183176543523,-1.9457022805347821,0.3454,-0.68916,-32.71593357493781
2024-06-18 04:40:49,04:40:20.50,0.009771760881056355,0.010379025987350552,1.000213078247033,-0.12949723933366677,0.014731668143030887,-4.172047494851759,0.26839999999999997,-0.66604,-34.5929234410395
2024-06-18 04:40:50,04:40:21.00,0.009666547437002689,0.008532432289500451,0.9998844205407456,-0.5580969905305563,0.406388194555767,-4.690995143719949,0.44072,-0.62044,-36.65082260761286
2024-06-18 04:40:51,04:40:21.50,0.006112270626681991,0.010955596267267107,1.0001389233439242,0.18013718862082978,0.05831695762808664,-3.97489093994457,0.28608,-0.48332,-38.781894222547905
2024-06-18 04:40:52,04:40:22.00,0.005830620637330012,0.008790298102674808,1.000093792325117,-0.4088941678477424,-0.3826845337840836,-1.3543176971989894,0.40863999999999995,-0.5477599999999999,-40.17688957442149
2024-06-18 04:40:52,04:40:22.50,0.010093933206332036,0.01562554336209289,1.0002280403390384,-0.30309286027620475,0.2062285749389049,-6.797925313187851,0.5379200000000001,-0.50468,-42.06855450412571
2024-06-18 04:40:53,04:40:23.00,0.0049179650282161315,-0.0016854551747788001,0.9997635956940424,0.46704175684429644,-0.09028251291075336,-3.0666881861217856,0.3872,-0.47468000000000005,-44.461186267058835
2024-06-18 04:40:53,04:40:23.50,0.007090115126821023,-0.0276596417254901,1.00062087122283,0.03770056904713088,-0.31891751966859516,-4.1158871430350485,-0.04272,-0.5696800000000001,-45.854412890249975
2024-06-18 04:40:54,04:40:24.00,0.005573670417156547,0.024160467904721553,1.0000172013072552,-0.10414135102149209,-0.09565294980149872,-4.914561049638486,0.12683999999999998,-0.5386,-48.411422344555476
2024-06-18 04:40:54,04:40:24.50,0.008682383305691876,0.013133632051856968,1.000068316328191,0.09525724484557216,0.0007206906774795184,-4.335491768223672,0.40399999999999997,-0.599,-50.57810786618967
2024-06-18 04:40:55,04:40:25.00,0.007783530162025344,0.031158485893970186,1.0000171851112136,-0.7565517050066873,-0.35678160911766965,-5.885160146641803,0.8706400000000001,-0.5952,-52.98595662603856
2024-06-18 04:40:55,04:40:25.50,0.01013977209815791,-0.002980111955353544,0.9995073909150328,0.39321412022200397,0.1170114925695324,-3.9336537167064556,0.5209600000000001,-0.60252,-55.50281995305422
2024-06-18 04:40:56,04:40:26.00,0.010203473275285972,0.004799013770964392,1.0002530011886825,-0.145329963544326,-0.20885840277139617,-2.0627110917577447,0.43172,-0.6384799999999999,-56.97268989323357
2024-06-18 04:40:56,04:40:26.50,0.010516203444173554,0.006378471978485416,1.000239998260305,-0.016075361124666072,0.017030123125685886,-0.83066645993684,0.39020000000000005,-0.64656,-57.49848563696497
2024-06-18 04:40:57,04:40:27.00,0.01000030249451808,0.0069996577146321515,1.0000003140797158,-0.02557062314816339,-0.0058387596160510155,-0.5270344573926043,0.38532000000000005,-0.62924,-57.825476063063064
2024-06-18 04:40:57,04:40:27.50,0.009977431482654104,0.00629734614485138,0.9999902065881575,0.02385380950632594,-0.007650874101717167,-0.20997828094076557,0.39472,-0.6200399999999999,-57.868744234022024
2024-06-18 04:40:58,04:40:28.00,0.009500431120595131,0.006839047269429108,1.0000623630363141,0.24718695056126502,0.2759637145349012,14.842121621203784,0.41863999999999996,-0.5418,-54.180141069535736
2024-06-18 04:40:59,04:40:28.50,0.012456165910433343,0.008534564044234376,1.0006497911368801,0.6298676033744904,0.16562143185935124,18.359729419349986,0.49683999999999995,-0.56152,-47.307043975845296
2024-06-18 04:40:59,04:40:29.00,0.006576145036348447,0.009728205329478571,0.9987945071324159,-0.13659204391152188,0.9922391967524143,17.4950087487138,0.65348,-0.34887999999999997,-36.060513318478414
2024-06-18 04:41:00,04:40:29.50,0.006760479240356892,0.00408192877055728,1.0006045397638774,-0.04373523359630431,0.01986353514028338,9.736986340410038,0.37912,-0.3328,-29.617331704178746
2024-06-18 04:41:00,04:40:30.00,0.006712428983938712,0.002878364430905468,1.0008009311636001,-0.23929475360302843,0.3073437573396944,11.779969356766458,0.23944,-0.30508,-24.279667547754663
2024-06-18 04:41:01,04:40:30.50,0.0025057268897076203,0.0008757979481785913,0.9990078236621305,0.5336909946441434,0.40843731050273563,5.709944391981655,0.2444,-0.07188,-19.83085426910449
2024-06-18 04:41:01,04:40:31.00,0.002446189854241979,0.004717236604489388,1.0000279941654235,-0.42643875352126315,-0.8583752009514298,2.7221546908765606,0.24816,-0.31244,-17.74136558191561
2024-06-18 04:41:02,04:40:31.50,0.009944990924088211,0.0007382394702504448,1.0001770256935498,-0.014737379480684676,-0.024220491154215335,0.12351806532053064,0.12236000000000001,-0.50196,-17.07561575224855
2024-06-18 04:41:02,04:40:32.00,0.012150801272059813,0.00814745281420127,0.9999781609177871,0.018302549573228383,0.021722862067043727,-3.709480600980789,0.16396,-0.54468,-17.86380815527575
2024-06-18 04:41:03,04:40:32.50,0.006003779859506389,-0.0026237269980670815,1.000224143790397,0.14961570820464282,0.021451134797101187,-1.0705151795165322,0.22104,-0.5341600000000001,-19.251768910865763
2024-06-18 04:41:03,04:40:33.00,0.011018641570546252,0.013574625517726667,0.9996238568949206,-0.26010175963232823,-0.05236003659466162,-0.8618235046720366,0.34256,-0.5658,-19.521018313444994
2024-06-18 04:41:04,04:40:33.50,0.008491042663001745,-0.0020332214781921404,1.0000013878977716,0.6678320231820194,0.44025537699490824,-0.7687653119417222,0.11316000000000001,-0.47731999999999997,-19.896790519259582
2024-06-18 04:41:04,04:40:34.00,0.0060144261655554875,0.011143460257947374,1.0002190453937165,-0.9460989956133536,-0.3759210017165202,-1.6587741342741202,0.37020000000000003,-0.523,-20.408412536957854
2024-06-18 04:41:05,04:40:34.50,0.00635438186482004,-0.011712754832016241,0.9995804205510932,0.48611839332777346,-0.2682251524375452,-1.299099614232151,0.02552,-0.57116,-21.1323878275871
2024-06-18 04:41:05,04:40:35.00,0.006572059318112253,-0.016458759536308407,1.0005255305127354,0.0025660461635335706,0.06654478569039446,2.771234921264087,-0.43595999999999996,-0.44868,-20.75905866532144
2024-06-18 04:41:06,04:40:35.50,0.010952544743282668,0.008851879620414525,1.0002072560168822,0.010718793140098269,0.0732619210278688,2.5721386317838846,-0.07339999999999999,-0.5738,-19.13506327003881
2024-06-18 04:41:06,04:40:36.00,0.008698423301694931,0.016036669299447994,1.00000501696698,-0.01682586340460678,-0.0036502837475648376,-0.937881210037614,0.18132,-0.57384,-18.599956357553875
2024-06-18 04:41:07,04:40:36.50,0.011013530858644031,0.00351087061563782,1.0012755723824107,-0.646859899052668,-0.25040353148078076,-1.7991188037450396,0.41572000000000003,-0.6684,-19.469758308836628
2024-06-18 04:41:07,04:40:37.00,0.00179299069235228,-0.031525956994118066,0.9982438045105353,-0.2980751683478479,0.09345064070961888,-1.2119445279972267,-0.47859999999999997,-0.54424,-20.168014503678638
2024-06-18 04:41:08,04:40:37.50,0.014706330074187549,0.0020800675697769284,0.9999866666657538,1.309089182748159,-0.23969946128641326,2.2704758575598953,-0.23156,-0.61972,-19.76266393169176
2024-06-18 04:41:08,04:40:38.00,0.011638182896144449,0.0006553538713843399,0.9997281878991093,-0.26856422752381853,0.18543861391435407,-1.4507107918835005,0.08464,-0.64288,-19.08672878769321
2024-06-18 04:41:09,04:40:38.50,0.010175669102025936,-0.0011595943917168403,1.0004889301642264,0.1925251443551272,0.0337461994805164,-4.145387812548581,-0.15512,-0.6459600000000001,-21.05996171959623
2024-06-18 04:41:09,04:40:39.00,0.010953549101243541,0.014853416785425264,0.9999968365493445,-0.2139189338898793,-0.06449016910877353,-1.843745044461051,0.212,-0.6822400000000001,-22.325797588746326
2024-06-18 04:41:10,04:40:39.50,0.009537262911803856,0.007176302224254296,0.9997560996238322,-0.09170763914361071,-0.06939251046439537,-3.72773513042064,0.36284,-0.67408,-23.244266104016443
2024-06-18 04:41:10,04:40:40.00,0.011057624390905501,0.01269854307102387,1.0002007671084823,-0.30881683983537167,-0.24901709215487472,-16.34313889254635,0.4482,-0.6459199999999999,-29.31316616246165
2024-06-18 04:41:11,04:40:40.50,0.012566780621206324,-0.0011042290531307405,0.999647539525152,-0.07531650574109411,-0.1364264388278161,-6.850739466050875,0.31236,-0.75444,-34.602221550972985
2024-06-18 04:41:11,04:40:41.00,0.010921263881762195,-0.025342688004009496,1.0009221307070364,0.15309286459920327,-0.2245040391918598,-3.0988722788527445,-0.34759999999999996,-0.7912,-36.88300789949323
2024-06-18 04:41:12,04:40:41.50,0.011782468338740524,0.016213594542030255,0.998942309729715,-0.6660273197609665,0.08950797202849509,0.07809174737054292,-0.08407999999999999,-0.70572,-37.52686607943761
2024-06-18 04:41:12,04:40:42.00,0.012597905773796601,0.01712079314080776,1.0002103068877917,0.994355144121447,-0.3566130342913686,1.1655375401097083,0.43088,-0.9042,-37.1484901402174
2024-06-18 04:41:13,04:40:42.50,0.015198471126117876,0.000500690005005092,1.0003377102077204,-0.7047745202027454,0.47739840465320943,-0.01004994033574836,0.22440000000000002,-0.6964,-36.68848583501647
2024-06-18 04:41:14,04:40:43.00,0.010200914281376063,-0.0167733390680722,1.0003133060543616,-0.0014404924636966187,-0.29497787213290505,0.04694854703336064,-0.0674,-0.7835599999999999,-36.57355715945396
2024-06-18 04:41:14,04:40:43.50,0.01336917652120922,0.004751079902639752,1.0001891058402397,0.17676937923527408,0.06480471448086565,-0.592816688877316,-0.18291999999999997,-0.7443599999999999,-36.694715199706486
2024-06-18 04:41:15,04:40:44.00,0.012322526002893956,0.00046290377513422186,0.9997815847456656,-0.0562194112973615,-0.2585149338215252,-0.6381691673156076,-0.059640000000000006,-0.78684,-36.91914397925549
2024-06-18 04:41:15,04:40:44.50,0.016322892955046405,0.0060866357029181264,1.000019143525034,0.4436809132608201,0.04586846615388273,2.6259576483656044,0.07444,-0.8222400000000001,-36.87413372723377
2024-06-18 04:41:16,04:40:45.00,0.012330792325533215,0.0023340584705540913,0.9997389963536041,-0.9625073293147806,0.20605224829417182,2.94111103079087,0.11112,-0.74264,-34.76365139882314
2024-06-18 04:41:16,04:40:45.50,0.008463104604874679,-0.036942950277460675,0.9994120044683986,0.9749807808776265,-0.2574435236622794,1.3225928802783948,-0.48112,-0.6994,-33.78853110663
2024-06-18 04:41:17,04:40:46.00,0.014674651923384003,0.013241098512469872,1.0001041056558777,0.7047298774665621,0.22681116773864257,1.1055137712837726,0.049879999999999994,-0.7014400000000001,-33.093055834782675
2024-06-18 04:41:17,04:40:46.50,0.011247677961148924,0.010973044756692736,0.9997186538878243,-0.2468863341368926,-0.010529720213263734,0.4866054321493838,0.30984,-0.6506400000000001,-32.68222296237329
2024-06-18 04:41:18,04:40:47.00,0.01154354186486922,0.0065818497895740805,0.9996288800713525,-0.6218659162300709,-0.25915780667443244,0.3864420279550834,0.15596,-0.7316400000000001,-32.40025125901096
2024-06-18 04:41:18,04:40:47.50,0.014456199122012911,0.0006832591879968566,1.0001973634421117,0.0191697439021044,-0.012698977775676466,-0.007539048478024655,0.031200000000000002,-0.8171200000000001,-32.21565752826039
2024-06-18 04:41:19,04:40:48.00,0.014509358954208865,0.0005435193681396858,0.999781243996628,0.4334328892528017,0.06331596847526766,-0.12404689775947048,0.19048,-0.8002000000000001,-32.235050464826514
2024-06-18 04:41:19,04:40:48.50,0.013343913974346533,0.004445231049331172,0.999978744976137,0.21956331595028167,-0.0165435489908018,-0.6244508818567486,0.3556,-0.77968,-32.31216538627599
2024-06-18 04:41:20,04:40:49.00,0.013462303404624216,0.004259319565243944,0.9997656397084148,-0.19908567171288186,-0.06618238359739487,-0.8342607024666006,0.23124,-0.82044,-32.67847604039009
2024-06-18 04:41:20,04:40:49.50,0.013783370320687096,0.005876199729153085,1.0000035880669507,0.23303157623603926,0.08724452100492743,-0.3838542758945637,0.38780000000000003,-0.7784,-32.92460971036781
2024-06-18 04:41:21,04:40:50.00,0.012720978975496764,0.006521028939656124,0.9999507682773945,-0.22310908565689538,-0.08768846289645317,-0.06145014563122972,0.32472,-0.80116,-32.963443628628234
2024-06-18 04:41:21,04:40:50.50,0.013729841301465652,0.00260065250902214,1.0000000076584983,-0.3292217290752762,-0.016259449829972867,0.009521666070985934,0.15608,-0.831,-32.90043894775596
2024-06-18 04:41:22,04:40:51.00,0.013999995649509425,3.4015337276125335e-05,0.9999999999988465,-0.06848591258876607,-8.062955476406366e-08,0.004881893478826569,0.04184,-0.83844,-32.836146526740734
2024-06-18 04:41:22,04:40:51.50,0.01429163456251057,0.00022524231779114852,0.9999804132301929,0.18135042533160595,0.0010591966463906028,-0.33653682787107697,0.03488,-0.8419199999999999,-32.78894821950023
2024-06-18 04:41:23,04:40:52.00,0.01769981840402385,0.02483655630144824,1.000172791266107,-1.8980871843324139,0.1866902736296954,-2.3299574577135025,0.23608,-0.89132,-33.648909057934844
2024-06-18 04:41:23,04:40:52.50,0.010909228187557785,-0.02679315102892358,0.9996341427307707,-1.433598962034316,0.11576538522809923,-0.5381425230072708,-1.08728,-0.7172799999999999,-34.15056797148572
2024-06-18 04:41:24,04:40:53.00,0.012847943490322852,-0.012154737150481527,0.9972568839428578,3.046966602029871,-0.23249808125414706,-2.1266359970609012,-0.6142,-0.69556,-34.67914654680335
2024-06-18 04:41:24,04:40:53.50,0.01131024812745023,-0.01617112501305107,1.00316399627338,-2.744205968800352,0.3110331381853993,0.05399690904214526,-0.81476,-0.68364,-35.27185989547787
2024-06-18 04:41:25,04:40:54.00,0.013472826495412983,-0.038426885125353284,0.9964495934292689,1.4843167371935593,-0.25353896121502795,-1.6821415670503268,-1.36344,-0.73524,-35.29294686666616
2024-06-18 04:41:25,04:40:54.50,0.009055666788548756,0.00543494093518262,1.0029425774253895,0.5631541104821,1.141412478762996,-6.535094958226199,-0.42508,-0.3664,-37.46700031855226
2024-06-18 04:41:26,04:40:55.00,0.006918993941452012,0.01787805639499108,0.9979418430283227,-0.9343521135312466,-1.4883426106466453,-5.55481879430209,0.25348,-0.8116800000000001,-40.70045651158644
2024-06-18 04:41:26,04:40:55.50,0.010051352806555452,-0.005754896926285816,1.0015233576070353,-1.0300510170975372,0.38574019258990466,-2.6186208223967276,-0.5694,-0.6305999999999999,-42.55843191360562
2024-06-18 04:41:27,04:40:56.00,0.0096071117082497,-0.008950035078015348,0.9990883825563341,0.45018518240560484,-0.4650367081339576,-1.7895494339521734,-0.498,-0.6827599999999999,-43.54609481628362
2024-06-18 04:41:27,04:40:56.50,0.01384313467791112,-0.00431287909165878,1.0004856560671525,-0.24002479557621142,-0.01938557695437144,-0.7770768598182809,-0.37532000000000004,-0.82592,-44.14466672553805
2024-06-18 04:41:28,04:40:57.00,0.013711830902161075,-0.002470407783251744,1.0000003624787117,-0.06420732162055791,-0.0915968662935554,-0.06459301662799391,-0.40892,-0.81768,-44.25035779787068
2024-06-18 04:41:28,04:40:57.50,0.015140281618896308,-0.0008621380134652245,0.999999999964481,-0.09269012379766121,-0.0627190192785325,0.01611274197149881,-0.28664,-0.8789199999999999,-44.18938166876609
2024-06-18 04:41:29,04:40:58.00,0.015309729535586845,-0.000930221023080488,1.0000000000000033,-0.2820619295516639,0.04993608570706086,0.017489567343339153,-0.30744,-0.8713200000000001,-44.118650425544644
2024-06-18 04:41:29,04:40:58.50,0.014590081504969089,-0.002337952019014252,1.0000000000000009,-0.210575612422394,0.026224192994286757,0.020400839466543304,-0.35048,-0.8436400000000001,-44.04641781765386
2024-06-18 04:41:30,04:40:59.00,0.014000117242959853,-0.002999893349871692,1.0000000000000009,0.0013176055414934787,1.688225596417667e-05,0.013402411026048904,-0.30567999999999995,-0.8374799999999999,-43.979141242049344
2024-06-18 04:41:30,04:40:59.50,0.014649934201765559,-0.0023500657967145,1.0000000000000009,-1.8048805776752876e-07,-2.195104418979705e-09,0.019892214400036537,-0.254,-0.8402799999999999,-43.90981754696177
2024-06-18 04:41:31,04:41:00.00,0.015409863121508908,-0.0011900177983134128,1.0000000000000009,-0.12216409811522219,0.057802022498439964,0.015330732008127875,-0.22196000000000002,-0.8438,-43.84065516060745
2024-06-18 04:41:31,04:41:00.50,0.015550002801650045,-0.0009202247523421,1.0000000000000009,-0.20874171983378176,0.09887638631614176,0.019317548825835428,-0.2574,-0.81592,-43.76968720879627
2024-06-18 04:41:32,04:41:01.00,0.015450047946359775,-0.0005900542778021822,1.0000000000000009,-0.1590535643365599,0.07400656472813222,0.022000838866676264,-0.25444,-0.81352,-43.698179314154885
2024-06-18 04:41:32,04:41:01.50,0.015999832002739824,-0.0006419721596520335,1.0000000000000009,-0.22760068439878925,0.10992410603323105,0.005013739362769539,-0.27192,-0.80116,-43.631263197530345
2024-06-18 04:41:33,04:41:02.00,0.015350065812366729,-0.001007986112964476,1.0000000000000009,-0.1559235479239792,0.07417693715612632,0.009301438253526717,-0.29131999999999997,-0.7873600000000001,-43.56418556059608
2024-06-18 04:41:33,04:41:02.50,0.015000094172704424,-0.0018898237730717322,1.0000000000000009,-3.6384170257180495e-05,1.3982316354356513e-05,0.004991378718553708,-0.23124,-0.8198399999999999,-43.50165513072275
2024-06-18 04:41:34,04:41:03.00,0.014999999984978984,-0.002000015285610732,1.0000000000000009,-1.1983703607606641e-09,9.523903937298409e-10,-0.00011117695990750772,-0.19324000000000002,-0.83976,-43.43911563245583
2024-06-18 04:41:34,04:41:03.50,0.01512187027584213,-0.0013500658035952321,1.0000000000000009,1.0501422104584125e-12,-5.400461925407318e-13,1.6184213319150897e-08,-0.1664,-0.8539999999999999,-43.378116622853696
2024-06-18 04:41:35,04:41:04.00,0.015358036445448538,-0.001000094172703244,1.0000000000000009,-2.677542951555744e-16,1.3106595844361667e-16,0.008902300494987003,-0.1332,-0.87304,-43.315909848514174
2024-06-18 04:41:35,04:41:04.50,0.015873054037026376,-0.0004719360664824646,1.0000000000000009,5.358321391111433e-20,-2.571620597283296e-20,0.023782294451272768,-0.10552,-0.8883200000000001,-43.24574693013967
2024-06-18 04:41:36,04:41:05.00,0.015976876015577422,-0.0003581306181538826,1.0000000000000009,-9.587066539967285e-24,4.550580624785133e-24,0.011394622617162146,-0.08616,-0.89908,-43.17554092057972
2024-06-18 04:41:36,04:41:05.50,0.016000003263208985,-9.327862252845314e-08,1.0000000000000009,1.6033437266306288e-27,-7.554687274862991e-28,-0.00015923939742591605,-0.07203999999999999,-0.9072,-43.112153503582086
2024-06-18 04:41:37,04:41:06.00,0.0158781297237107,-0.000889824738291762,1.0000000000000009,-2.5580081911283615e-31,1.1987197043555338e-31,0.01492823346761877,-0.0664,-0.9106400000000001,-43.04807537360629
2024-06-18 04:41:37,04:41:06.50,0.014870159084375176,-0.0020117103145622438,1.0000000000000009,3.935534716216517e-35,-1.8361252391305554e-35,0.0094680226852491,-0.08156000000000001,-0.90208,-42.97886824813133
2024-06-18 04:41:38,04:41:07.00,0.013992030239274488,-0.0030079859232129157,1.0000000000000009,-5.8749247023364526e-39,2.730534400831489e-39,0.005098306069319738,-0.11616,-0.8808799999999999,-42.91625591661426
2024-06-18 04:41:38,04:41:07.50,0.014849821843736448,-0.002028307878268808,1.0000000000000009,8.539325979966936e-43,-3.955129417335197e-43,0.019594429646907805,-0.13396,-0.86976,-42.848744911500006
2024-06-18 04:41:39,04:41:08.00,0.015744833772970653,-0.0005038690365266579,1.0000000000000009,-0.1573212442117823,0.07654392258678688,0.014551025493789704,-0.15424,-0.8593999999999999,-42.77872225632118
2024-06-18 04:41:39,04:41:08.50,0.01538189381016174,-0.0009235207713342119,1.0000000000000009,-0.08238462559356691,0.03552251251746083,0.014598800889791763,-0.18032,-0.84548,-42.71187073984899
2024-06-18 04:41:40,04:41:09.00,0.016003131613843643,-0.0006047925152971808,1.0000000000000009,-0.0652770279192915,0.03432631203382215,0.009816406527741765,-0.17456,-0.8484,-42.64304847964156
2024-06-18 04:41:40,04:41:09.50,0.015999999911514698,-0.00023463011803928722,1.0000000000000009,-1.7105012060087568e-05,7.254057127092483e-06,0.004848579980814993,-0.1286,-0.87484,-42.57973355494842
2024-06-18 04:41:41,04:41:10.00,0.015150179035199027,-0.0016152105819191359,1.0000000000000009,2.737122820800319e-09,-1.1953855703477518e-09,0.0029294188425528873,-0.11120000000000001,-0.88504,-42.516653829057574
2024-06-18 04:41:41,04:41:10.50,0.014999980925707292,-0.0016713049983775841,1.0000000000000009,-4.221184919045313e-13,1.8861684729931208e-13,0.01314863288836918,-0.1148,-0.88268,-42.45102468618722
2024-06-18 04:41:42,04:41:11.00,0.015000000002404588,-0.00184850388892314,1.0000000000000009,6.314262170891574e-17,-2.875968934935825e-17,0.012797578724487634,-0.11504000000000002,-0.88212,-42.3847572502251
2024-06-18 04:41:42,04:41:11.50,0.01499999999999968,-0.001150198331297156,1.0000000000000009,-9.194985178506249e-21,4.2599741957926944e-21,0.019845658326460784,-0.11280000000000001,-0.88312,-42.31262733351081
2024-06-18 04:41:43,04:41:12.00,0.015084622263915833,-0.000915358659351244,1.0000000000000009,-0.001082231361198268,0.000597396479152972,-0.00010508759837918646,-0.10032,-0.89,-42.24839643409912
2024-06-18 04:41:43,04:41:12.50,0.016005218105544547,-0.0005648863167003451,1.0000000000000009,-0.030901830514635006,0.014041951371663317,0.004875819041728426,-0.09876,-0.8913599999999999,-42.1856158024446
2024-06-18 04:41:44,04:41:13.00,0.01599999966720213,-0.00047843810527665315,1.0000000000000009,-0.03144810783622876,0.009746507606163883,0.013718959293795279,-0.09820000000000001,-0.89244,-42.119798162230154
2024-06-18 04:41:44,04:41:13.50,0.015999999999989387,-0.0005563707957155569,1.0000000000000009,-7.829933488947124e-06,1.414642678446866e-05,0.0009253888592235412,-0.08872,-0.8980800000000001,-42.055623863777186
2024-06-18 04:41:45,04:41:14.00,0.01591537773608414,-0.000323609628804419,1.0000000000000009,-3.547018075931883e-10,-1.88400837301734e-09,-1.5133150252544902e-07,-0.07484,-0.90628,-41.99463662344878
2024-06-18 04:41:45,04:41:14.50,0.014994781894455377,-0.001811138059058236,1.0000000000000009,2.528550321329683e-13,2.437524113249959e-13,0.0024543699541077113,-0.08800000000000001,-0.898,-41.93308738733904
2024-06-18 04:41:46,04:41:15.00,0.01500000033279778,-0.0020000193995675,1.0000000000000009,-6.316550712375719e-17,-3.0476511086393204e-17,0.014914558376993198,-0.10888,-0.88488,-41.86872543420045
2024-06-18 04:41:46,04:41:15.50,0.015052175571533932,-0.001671476840624796,1.0000000000000009,1.253979767499524e-20,3.648888250787854e-21,0.01768471955841508,-0.11520000000000001,-0.8812000000000001,-41.79937793317279
2024-06-18 04:41:47,04:41:16.00,0.015997663562553697,-0.0004760270854075476,1.0000000000000009,-2.2336626669733766e-24,-4.1138010703476294e-25,0.020374615383285725,-0.09644,-0.8926000000000001,-41.72757520208471
2024-06-18 04:41:47,04:41:16.50,0.015717061086955954,-0.0007154918372324012,1.0000000000000009,3.724617338418197e-28,4.217979117527254e-29,0.015347105717852326,-0.08295999999999999,-0.90056,-41.65708776681588
2024-06-18 04:41:48,04:41:17.00,0.015653225873777057,-0.0008071441704313237,1.0000000000000009,-5.929399317684889e-32,-3.590079960048067e-33,0.004864892181345247,-0.07215999999999999,-0.90616,-41.59113550407648
2024-06-18 04:41:48,04:41:17.50,0.015339507419726776,-0.001000020029747756,1.0000000000000009,9.106482711494049e-36,1.6423289616943855e-37,0.009765168149484216,-0.07275999999999999,-0.9057200000000001,-41.52664442432902
2024-06-18 04:41:49,04:41:18.00,0.015000366533053793,-0.0012871646017699882,1.0000000000000009,-1.3573563976510082e-39,2.523797292142628e-41,0.009762104989382576,-0.08188000000000001,-0.90096,-41.4618590059965
2024-06-18 04:41:49,04:41:18.50,0.014999999952403092,-0.0015228120345639402,1.0000000000000009,1.9702377160825185e-43,-1.0242199264316882e-44,0.02018733382801523,-0.09376,-0.89412,-41.392310469677426
2024-06-18 04:41:50,04:41:19.00,0.015000000000005932,-0.001907682286789912,1.0000000000000009,-2.789779119352373e-47,2.3441944267083638e-48,0.006645857897910565,-0.09992000000000001,-0.89048,-41.32391249609697
2024-06-18 04:41:50,04:41:19.50,0.015,-0.001002341977949892,1.0000000000000009,3.855003581163629e-51,-4.4844836253303015e-52,0.028865283398451576,-0.10108,-0.89,-41.25548346806045
2024-06-18 04:41:51,04:41:20.00,0.011988841088059792,0.0030973237548398563,1.0000000000000009,-0.19556572216757218,0.09970345770735889,-3.256823388856626,-0.061799999999999994,-0.86124,-41.66012722054199
2024-06-18 04:41:51,04:41:20.50,0.016069490704779265,-0.005205466867136552,0.9995022460344097,-0.06868614651142739,-0.012079643301539052,-2.4088673922939496,-0.15316000000000002,-0.7906399999999999,-43.500070960759714
2024-06-18 04:41:52,04:41:21.00,0.004556608584909772,0.011518576501388204,1.000681294505351,-0.469504667630427,0.14517882774829421,-2.5908612193952423,-0.06116,-0.7442,-44.546042148615044
2024-06-18 04:41:53,04:41:21.50,0.019408531876038592,-0.013526898609204543,0.999512925779466,-0.20907870619286836,0.10641086991989605,-2.3794339903632062,-0.3428,-0.62876,-45.78363708416505
2024-06-18 04:41:53,04:41:22.00,0.014763548467868063,-0.0081040524147444,0.9999835306507252,0.6716832091897327,-0.3518551122919439,-1.553062578904499,-0.26336,-0.83584,-46.71205156436925
2024-06-18 04:41:54,04:41:22.50,0.016995908462232583,-0.0022181705839715315,1.0000660423688672,0.08457285937922046,-0.13642394853321027,-0.9144515448565528,-0.11135999999999999,-0.9870399999999999,-47.24865851043809
2024-06-18 04:41:54,04:41:23.00,0.018736794128998317,8.530382332514101e-06,0.9997343237105767,-0.048821027654083096,-0.006753106309948428,0.008758117146969589,-0.10583999999999999,-1.0327199999999999,-47.384997704426475
2024-06-18 04:41:55,04:41:23.50,0.018482735774902642,-1.2237021643506817e-09,0.9999996369040938,0.0007602956739891042,-0.00026137430636427166,-0.0002935817851377237,-0.08836000000000001,-1.0493599999999998,-47.31038773121144
2024-06-18 04:41:55,04:41:24.00,0.017507467727175877,1.7130049245249953e-13,1.0000000000465201,-9.409767750797552e-08,2.9370450915117818e-08,0.01888615161390717,-0.062,-1.03276,-47.239916697541894
2024-06-18 04:41:56,04:41:24.50,0.017771886721502386,-2.339629767773234e-17,0.999999999999995,0.0017921894485732072,-0.0023256016989388296,-0.04861417537969615,-0.03696,-1.02648,-47.178181468335175
2024-06-18 04:41:56,04:41:25.00,0.017870211809133885,0.016052545529035105,0.9998137140201006,-0.564827799700472,0.646365288778665,2.345878191499922,0.19344,-0.93612,-46.68365967839766
2024-06-18 04:41:57,04:41:25.50,0.011175634884307832,-0.016293048989999413,0.9997972787774302,-0.4323293957065411,0.047345761495892674,2.3168887828400058,-0.37560000000000004,-0.6814,-45.2417549724295
2024-06-18 04:41:57,04:41:26.00,0.011786789268953523,0.005358267138593276,0.999464170359487,1.1569220519495724,-0.10601517162870051,1.7889590819490035,-0.06428,-0.73268,-44.215832930076516
2024-06-18 04:41:58,04:41:26.50,0.006946265885767629,-0.019080270820723708,1.000937168370881,-1.3773377051821587,0.4448796946161279,-0.20484491707424507,-0.35752,-0.49088,-43.6764688759339
2024-06-18 04:41:58,04:41:27.00,0.009835660762236055,-0.022173835445603855,0.9997072930005747,1.9349380048323142,-0.6545532475851847,1.2571394699444758,-0.6629600000000001,-0.6394,-43.51241720400452
2024-06-18 04:41:59,04:41:27.50,0.014253308325798448,0.010400142583276,0.9992709363740605,0.5542867746597367,-0.13438994188494097,1.759439146342568,0.2278,-0.7315200000000001,-42.63049291831696
2024-06-18 04:41:59,04:41:28.00,0.018496187967411936,-0.005855880364556162,1.0000296897300303,-1.1973109377447702,-0.1275631040051189,-1.1520387390348348,-0.07112,-0.9203199999999999,-42.09662818172368
2024-06-18 04:42:00,04:41:28.50,0.01609675737264649,0.0008577973706213281,1.0000963257231499,0.18704120787619638,0.17644635578054732,-5.4317055815570585,-0.36939999999999995,-0.95884,-44.12049267453031
2024-06-18 04:42:00,04:41:29.00,0.0145859152343534,0.005768367164138228,0.9995967020098095,-0.4835550763244477,-0.26717274565586374,-4.003931993990275,-0.03268,-0.9059999999999999,-46.3280091072501
2024-06-18 04:42:01,04:41:29.50,0.018254575020290528,0.029633785905101365,1.0003891984114295,-0.5918122212832877,0.057359806206082095,-1.141513580258085,0.41356000000000004,-0.9101600000000001,-47.559473972648675
2024-06-18 04:42:01,04:41:30.00,0.012277028140503307,-0.015782281490988134,0.999220753134917,-0.3217290741046158,0.3241760192601799,-1.0213967965098538,-0.25708000000000003,-0.7045999999999999,-48.045966774517964
2024-06-18 04:42:02,04:41:30.50,0.012834208516663377,-0.008823335038508639,0.9995026523981239,0.9555092216837567,-0.3735812433972795,-0.501463361896704,-0.16176000000000001,-0.80916,-48.36016802319172
2024-06-18 04:42:02,04:41:31.00,0.015235503529355033,-0.001509228173249695,1.0004140891107263,-0.08783165136289306,0.02870624070288037,-0.08485381499868336,-0.03368,-0.8887999999999999,-48.47068290226815
2024-06-18 04:42:03,04:41:31.50,0.015311946260424312,-0.00179941967828374,1.0000000285863009,0.23950755744189817,-0.08102185007379804,0.5224876220764063,-0.05264,-0.903,-48.22926303192065
2024-06-18 04:42:03,04:41:32.00,0.015931571060017993,0.00046256690249489184,0.9999999999929835,-0.005359655923201656,-0.0054163164490977226,-0.062344900149186165,0.01772,-0.937,-48.07841956032075
2024-06-18 04:42:04,04:41:32.50,0.016840363133119648,0.000951814970354484,1.000000000000002,-2.3491913857458673e-05,5.5525418983965415e-08,0.016118224753863694,0.03168,-0.95056,-48.02594609709238
2024-06-18 04:42:04,04:41:33.00,0.01700594013253787,7.2023039392416e-05,1.0000000000000009,1.3652263296503241e-09,1.013789497856706e-11,0.010115249711109801,0.04088,-0.96352,-47.95973152504883
2024-06-18 04:42:05,04:41:33.50,0.016999999233218863,-1.0602614906085705e-08,1.0000000000000009,8.45230845791555e-14,-3.908186508317138e-15,0.0042048858083715964,0.04479999999999999,-0.9717999999999999,-47.89397612459986
2024-06-18 04:42:05,04:41:34.00,0.01700000000009556,1.5214377486059167e-12,1.0000000000000009,-5.038020915744579e-17,8.844774410337039e-19,0.004224249350000973,0.04716,-0.9765999999999999,-47.832786554112644
2024-06-18 04:42:06,04:41:34.50,0.01699999999999997,-2.1304365873219498e-16,1.0000000000000009,1.2312261175597328e-20,-1.6833916107179003e-22,0.015381206895325017,0.04872,-0.97944,-47.76435184868835
2024-06-18 04:42:06,04:41:35.00,0.017,1.845272083732546e-06,1.0000000000000009,-0.00011256159710768,0.00033768479132304804,0.00939832142004057,0.049960000000000004,-0.9816400000000001,-47.70013855462659
2024-06-18 04:42:07,04:41:35.50,0.01707256386869406,5.7665204224131554e-05,1.0010180565149431,-1.581228379543531,0.4003211274119663,0.41911802800760056,-0.184,-0.9104399999999999,-47.609716930991034
2024-06-18 04:42:07,04:41:36.00,0.014613826206752747,-0.027657909632631875,1.020972174863452,-5.731948306837861,-0.359025654991147,6.761611913352986,-2.4720400000000002,-0.78996,-45.72308821387218
2024-06-18 04:42:08,04:41:36.50,0.01261916153552836,-0.06657277534597497,0.9794309766938654,-0.3441302896478857,1.5413700692388639,5.10514594156555,-3.61984,-0.46844,-42.61030371844324
2024-06-18 04:42:08,04:41:37.00,2.2714387416072015e-05,-0.07717223686202321,1.0188421776921706,-2.1968323815139734,-1.4454810605264592,8.236277527055085,-4.46668,-0.06604,-39.20736910545347
2024-06-18 04:42:09,04:41:37.50,0.005075399905895668,-0.0876037610547675,0.9786337637298231,3.263083468812393,-1.0829266131461972,6.047158766131556,-4.2811200000000005,-0.51976,-35.56117139773751
2024-06-18 04:42:09,04:41:38.00,0.024352560808224323,-0.061771112699200936,1.0058372314716026,2.126543201295801,-5.4867805796999765,8.316245947365093,-3.0456,-2.15212,-31.850265786471436
2024-06-18 04:42:10,04:41:38.50,0.05618646885244958,-0.0406783653941174,0.986651530628383,4.216845687570765,0.4587278974951577,5.037118955266031,-1.7915199999999998,-3.03916,-28.4468221277925
2024-06-18 04:42:10,04:41:39.00,0.044842314044754854,-0.00584189514681538,0.993805187220183,3.9755589144620775,4.534520604084285,4.853875138710746,0.19436,-1.59412,-26.049666034504217
2024-06-18 04:42:11,04:41:39.50,0.009424032833372273,0.01449394344840245,1.0192998780596212,-2.5391863520786804,0.9290202414017592,10.697572740933037,0.34048,-0.3468,-22.323216632948412
2024-06-18 04:42:11,04:41:40.00,0.007514861452360544,-0.013725806364210948,0.9890505452329179,-4.427771043349459,-1.8166466427359642,10.09172665870115,-1.75692,-0.93696,-16.544662593758428
2024-06-18 04:42:12,04:41:40.50,0.018307424482441756,-0.05131232082590535,0.9979318769950964,-2.1125207010976594,6.2393556879808285,9.354031432359227,-3.1083600000000002,0.10915999999999998,-11.84762307824749
2024-06-18 04:42:12,04:41:41.00,-0.057350600943895096,-0.05495285670099528,0.9991214089937194,5.733597302458418,7.481656956223593,7.864827413998814,-1.74392,4.63936,-7.312444500047217
2024-06-18 04:42:13,04:41:41.50,-0.1063351801276851,-0.003040885327401052,0.9869912480969214,4.771940224166797,-1.5372687944708177,6.300363842443517,0.68572,5.33852,-3.8654576674893537
2024-06-18 04:42:13,04:41:42.00,-0.08421244519033547,0.04050583351162217,0.9958742830761306,0.9613987339208024,-6.988494450982422,8.341271495563978,2.4530000000000003,3.3813999999999997,-0.47043751439204085
2024-06-18 04:42:14,04:41:42.50,-0.010096793499475292,0.03959823955122185,1.0048009333153587,-4.3110701901890085,-9.443933354648811,11.934957192367422,1.15456,-1.08636,5.356628181328949
2024-06-18 04:42:14,04:41:43.00,0.0640996196914718,0.005662658094507624,0.9892917484225755,-1.484577386990276,-1.7862342757897474,8.257009316708265,0.012960000000000003,-3.42008,10.160277106151863
2024-06-18 04:42:15,04:41:43.50,0.07438409196688814,-0.012541016345958875,0.9928980844012827,0.006872800647810764,2.6301953450205144,7.237688097250376,-0.56404,-3.26748,14.055660370718183
2024-06-18 04:42:15,04:41:44.00,0.045479376889615925,-0.016403351041830296,0.9949911552021525,1.1864050366708034,5.121828108866059,6.8087225128549,-0.49992,-1.48636,17.613555853636523
2024-06-18 04:42:16,04:41:44.50,-0.000591605992632148,-0.008010228411749868,0.9985080565032072,1.4474060566625722,4.899862703478044,6.249290637735455,-0.02016,0.7964,20.96993488530139
2024-06-18 04:42:16,04:41:45.00,-0.04053759727157652,0.003998081426814457,0.9975000065480417,0.8338417586885727,2.5481165568510535,5.540678488793709,0.5009600000000001,2.50488,23.916571348762005
2024-06-18 04:42:17,04:41:45.50,-0.058915713044750975,0.011975794921679083,0.9979686841557159,0.011983924080397916,0.005916578098052696,5.492452291480302,0.7662399999999999,3.05856,26.741652590826597
2024-06-18 04:42:17,04:41:46.00,-0.053525576755150676,0.012906905069436625,0.997482775668131,-0.6954082486675202,-1.8974896347941423,5.499755359762396,0.69048,2.56988,29.548594575811215
2024-06-18 04:42:18,04:41:46.50,-0.035304914104457887,0.0070793937212002955,0.9989237551823248,-1.075026836413837,-2.1744255662810117,5.409378767353834,0.33216,1.61212,32.35092634255393
2024-06-18 04:42:18,04:41:47.00,-0.01619582506828613,-0.002297994828098443,0.9986047924514975,-1.1201714358233692,-1.3256279211708197,5.286289711179168,-0.19027999999999998,0.7982,35.07714532717387
2024-06-18 04:42:19,04:41:47.50,-0.005984363732705956,-0.011844343881405667,0.9992396382583416,-0.653706827473464,0.008809064142126954,5.104421290792441,-0.63396,0.51556,37.74441838683416
2024-06-18 04:42:19,04:41:48.00,-0.007978239206975643,-0.018080017982415156,0.9993696249240405,-0.10629246752283315,0.7484950815739854,4.646945290691471,-0.87492,0.71988,40.23649872426127
2024-06-18 04:42:20,04:41:48.50,-0.015146868143529068,-0.018671920008755304,1.0000004057876066,0.2592760778267627,0.7007552666159266,4.36305162663497,-0.8568399999999999,1.07688,42.53443964347096
2024-06-18 04:42:20,04:41:49.00,-0.02088591416367279,-0.015881804000382683,0.99999999991089,0.3714770857965689,0.30101405537091475,3.9975129373434815,-0.73448,1.29456,44.7077839356902
2024-06-18 04:42:21,04:41:49.50,-0.023616393203713462,-0.012124540547943208,1.001262966385921,0.3427128382756437,0.05513226764735791,3.6862531356168207,-0.54236,1.39412,46.64800467049056
2024-06-18 04:42:21,04:41:50.00,-0.009640791694777452,-0.007455027736635972,1.0085878315723251,0.9842300643342952,-3.2078265360021363,3.305870902297441,-0.29724,0.58296,48.52971862490553
2024-06-18 04:42:22,04:41:50.50,-0.008120460096608663,-0.0008196075284889249,1.0071850714696369,-0.11169240797512484,0.33325149997850745,3.3496606040018992,0.0798,0.06708,50.27670224068379
2024-06-18 04:42:22,04:41:51.00,-0.00527987145390016,-0.004382357099420251,1.0010101282037471,0.13148374597457593,0.06717598090377526,0.9065009576042784,-0.06348,0.12628,51.555571064536245
2024-06-18 04:42:23,04:41:51.50,-0.015028735440746567,-0.0110029976066804,0.9999007412231943,0.1035161349190556,0.12213390028434132,4.0859639589675245,-0.26184,0.55896,52.15221528112937
2024-06-18 04:42:23,04:41:52.00,0.0066573516796904,0.0034414589362778557,1.000148767925582,0.14770620028838757,0.12404075351915568,6.497227243698208,-0.03512,0.20736000000000002,55.41166725919143
2024-06-18 04:42:24,04:41:52.50,0.009193056172298092,-0.0043166849348482885,1.0002348206239473,0.3676633677478876,0.258649666814807,2.395045635292467,-0.037720000000000004,0.00808,57.72442817999152
2024-06-18 04:42:24,04:41:53.00,-0.006531796775719644,0.0069127419646355355,1.0002263231963042,0.760532596121419,0.3022272288973095,1.624527381786777,0.36832,0.18616,58.66339178771123
2024-06-18 04:42:25,04:41:53.50,-0.00246346458413248,0.005120823838926628,1.0000033504826662,-0.295415721350697,-0.08733219907853519,0.940148002951558,0.41456000000000004,0.24672,59.398231954374936
2024-06-18 04:42:25,04:41:54.00,-0.005230164974945448,0.008493715675953277,0.9999999989164615,0.10823692968378797,-0.06825127972135352,0.7947983964831653,0.40308,0.1338,59.86731489894899
2024-06-18 04:42:26,04:41:54.50,-0.007470629766665368,0.007574227493470732,1.000047950783565,0.6826573223633763,0.24502385827047607,0.18235867460921412,0.63576,0.33984000000000003,60.137927781368575
2024-06-18 04:42:26,04:41:55.00,0.004313998033224331,0.006809280258426051,1.0004103142121707,-0.8570185665913711,-0.5964166606054174,-2.4123942324819008,0.42368,0.11336,59.71535768985595
2024-06-18 04:42:27,04:41:55.50,-0.008287970573943844,0.0029952529789946925,0.9991546289318101,0.4984873384919576,0.33687094024697956,-2.0599010160792837,0.22707999999999998,0.10332000000000001,58.53794860553726
2024-06-18 04:42:27,04:41:56.00,-0.008280572520572555,0.007928523408382548,0.9999967729414362,0.39857545765555635,0.013790152501953706,-1.7287983599075023,0.63644,0.35628,57.693740562583834
2024-06-18 04:42:28,04:41:56.50,-0.006600143585417147,0.009601481356241871,0.999990330556149,-0.18849821645654405,-0.12703470046147086,-1.2978727733822515,0.5436,0.34192,56.969196636193246
2024-06-18 04:42:28,04:41:57.00,-0.004232845982480508,0.007185313706582132,1.0000000025756304,-0.04829662688402299,-0.04510147474653334,-0.3387479990996527,0.45536,0.28956,56.623390583739074
2024-06-18 04:42:29,04:41:57.50,-0.00399998568088762,0.00599767732733766,0.9999999999994764,-0.059485726515226746,-0.045493908903265476,0.0006971244336702192,0.4292,0.26136000000000004,56.641411307679775
2024-06-18 04:42:29,04:41:58.00,-0.002916351336687852,0.0040723355932510965,1.0000000000000009,-0.31611510916354996,-0.12066492852404626,0.005161845426802287,0.25116,0.18304,56.70261699150407
2024-06-18 04:42:30,04:41:58.50,-0.001810615281589148,0.0008726460340586009,1.0000000000000009,0.18760205457275475,0.02204171597540382,0.014358877849117919,0.22912,0.16324000000000002,56.77246011061473
2024-06-18 04:42:30,04:41:59.00,-0.002452996165087112,0.002168137200298604,1.0000000000000009,0.015397994471730368,-0.021873758164761878,0.02531798933159287,0.19976,0.14859999999999998,56.83877248135293
2024-06-18 04:42:31,04:41:59.50,-0.0020003571912819602,0.00176750765549088,1.0000000000000009,0.007477860449778579,-0.012306059114835318,0.018651660657470967,0.19643999999999998,0.14443999999999999,56.91331178915633
2024-06-18 04:42:31,04:42:00.00,-0.0019999999531755117,0.001475593148829496,1.0000000000000009,0.06680000884163101,0.00015505626925541846,0.00493337503918708,0.18272,0.13764,56.97849238598574
2024-06-18 04:42:32,04:42:00.50,-0.0020000000000059003,0.0014800006323734119,1.0000000000000009,-4.441296154292883e-05,4.61043280253479e-09,0.00480486373407415,0.16143999999999997,0.13768,57.042662711607846
2024-06-18 04:42:32,04:42:01.00,-0.0019999999999999723,0.0015193819434671802,1.0000000000000009,9.393900279507984e-09,-4.337536341017907e-12,0.01075830904135785,0.13948,0.1366,57.10576397876401
2024-06-18 04:42:33,04:42:01.50,-0.002,0.0017650239552217,1.0000000000000009,-1.7306137045540905e-12,1.1126328657571668e-15,0.0038534371979599843,0.12748,0.13628,57.17321952790785
2024-06-18 04:42:34,04:42:02.00,-0.002,0.001509770435988176,1.0000000000000009,2.9492521965336936e-16,-2.231787772585535e-19,0.019045931321795256,0.1232,0.13760000000000003,57.238695392196014
2024-06-18 04:42:34,04:42:02.50,-0.002,0.001743572899093872,1.0000000000000009,-4.770126333595667e-20,3.998200037622093e-23,0.010222960789246904,0.11752000000000001,0.13724,57.308859031532826
2024-06-18 04:42:35,04:42:03.00,-0.002,0.00125643452695096,1.0000000000000009,7.419055677694486e-24,-6.692226335396004e-27,1.0638267759830354e-05,0.11432,0.13636,57.370962982461805
2024-06-18 04:42:35,04:42:03.50,-0.001973342605254968,0.001027053594340524,1.0000000000000009,0.01321796629472683,0.000407177087288892,0.05691492300117704,0.11332,0.13664,57.43733844630066
2024-06-18 04:42:36,04:42:04.00,-0.004652260910652032,0.01888453974355795,1.0002258193112874,0.32558857543536,0.1731068172919743,-1.0395095299061226,0.57216,0.26080000000000003,57.256282517502356
2024-06-18 04:42:36,04:42:04.50,-0.002267045685750568,-0.012563470714590304,1.0010215386465173,-1.0159045224270906,-0.27461467654244087,-2.0258194683291,-0.10408,0.08824,56.6322284474413
2024-06-18 04:42:37,04:42:05.00,-0.00092717197292436,0.01221794394208992,0.9996598264887822,0.9686940937886896,0.021091187070266873,-1.941026277520421,0.56588,0.18764,55.49467336395791
2024-06-18 04:42:37,04:42:05.50,-0.0019705894829461722,-0.009053871112197123,1.0007777335139738,-0.9732076363166626,-0.2878279367433703,-0.967246195094311,-0.2274,-0.03424,54.91360775146842
2024-06-18 04:42:38,04:42:06.00,0.000547188699221652,0.0076687584916762,0.9992904669181902,-0.2743594076745026,-0.06348735721699678,-0.7256660669890147,0.17919999999999997,0.039200000000000006,54.59401535892175
2024-06-18 04:42:38,04:42:06.50,-0.001897146512096808,-0.013078530024703067,1.0007373707634222,-1.1206474544727545,0.13286023158249363,-0.2508936032791815,-0.7415999999999999,0.049640000000000004,54.41669314233272
2024-06-18 04:42:39,04:42:07.00,-0.0012502524203265636,-0.01766127080572177,0.999227601212501,0.650538314578872,-0.054773190724485624,-0.24221294674927585,-0.79704,0.077,54.382931490455434
2024-06-18 04:42:39,04:42:07.50,-0.0005795591103087937,-0.011274665551770355,1.0005113664209142,0.6263008546596112,-0.06898242358484198,-0.569997083647452,-0.45148000000000005,-0.00848,54.19510409819357
2024-06-18 04:42:40,04:42:08.00,0.0005192942552486332,-0.005217802568888256,0.9999153625569623,0.20439783690054594,-0.02396525083493899,-0.3478223445213741,-0.36512,-0.03484,54.05015011891504
2024-06-18 04:42:40,04:42:08.50,0.0007569054537999928,-0.00298764730702354,0.9999929132381399,-0.003499101890948076,-0.0008547124036705146,-0.057040741230106606,-0.29675999999999997,-0.0558,53.98971458714414
2024-06-18 04:42:41,04:42:09.00,-6.340489631373286e-06,-0.003000001679737296,1.0000000009294325,4.811886477642819e-07,1.350393306715981e-07,-6.673807134531482e-07,-0.25612,-0.061399999999999996,54.047803082719966
2024-06-18 04:42:41,04:42:09.50,8.550378405698309e-10,-0.002999999999777508,0.9999999999998824,-6.450436225255517e-11,-2.061241665522669e-11,0.010608467350335143,-0.2328,-0.06052,54.10982531836579
2024-06-18 04:42:42,04:42:10.00,-1.1219689774904907e-13,-0.0029999999999999923,1.0000000000000009,8.407768574429429e-15,3.056027781002297e-15,0.020749225694937326,-0.21984,-0.05928,54.18068430280735
2024-06-18 04:42:42,04:42:10.50,1.4267748070808184e-17,-0.003,1.0000000000000009,-1.0607127483055607e-18,-4.414291046979112e-19,0.007682783708344576,-0.2116,-0.0588,54.249934136722906
2024-06-18 04:42:43,04:42:11.00,-1.7460601335415026e-21,-0.003,1.0000000000000009,1.2849304613612554e-22,6.221096111672513e-23,-4.7645039996854943e-07,-0.20708,-0.05836,54.311323429117074
2024-06-18 04:42:43,04:42:11.50,2.0308207076652816e-25,-0.003,1.0000000000000009,-1.4732932169337284e-26,-8.555598548403291e-27,0.017258195748691477,-0.20488,-0.05872,54.37643537359446
2024-06-18 04:42:44,04:42:12.00,-2.191224445175417e-29,-0.003,1.0000000000000009,1.5537214728530144e-30,1.1469659889068906e-30,0.014449061523063508,-0.204,-0.059,54.44693635900417
2024-06-18 04:42:44,04:42:12.50,2.0746613412862223e-33,-0.003,1.0000000000000009,-1.405374721653659e-34,-1.4951061721862335e-34,0.013784102797502817,-0.20312000000000002,-0.05788,54.5127802912481
2024-06-18 04:42:45,04:42:13.00,-1.434853745657633e-37,-0.003,1.0000000000000009,8.351141937526258e-39,1.886361184078165e-38,0.006932991434830322,-0.20200000000000004,-0.05748,54.57923975588392
2024-06-18 04:42:45,04:42:13.50,-1.1056234173449497e-42,-0.003,1.0000000000000009,4.546364011185056e-43,-2.285350713820877e-42,0.01344594390477788,-0.20200000000000004,-0.05800000000000001,54.64785420528671
2024-06-18 04:42:46,04:42:14.00,3.1368141714491817e-45,-0.003,1.0000000000000009,-2.9086462150324164e-46,2.6207643605442093e-46,0.014942575284719001,-0.20200000000000004,-0.05800000000000001,54.71364311687558
2024-06-18 04:42:46,04:42:14.50,-8.485870695212479e-49,-0.003,1.0000000000000009,7.174123739586045e-50,-2.764514401086783e-50,0.004587168540810895,-0.20200000000000004,-0.058280000000000005,54.77983883510426
2024-06-18 04:42:47,04:42:15.00,1.735945454203289e-52,-0.003,1.0000000000000009,-1.4169684719422058e-53,2.5018356955837025e-54,-3.9941427283354227e-08,-0.20044,-0.05756,54.842022451353905
2024-06-18 04:42:47,04:42:15.50,-3.143141494164226e-56,-0.003,1.0000000000000009,2.5167757042176188e-57,-1.4894377717455049e-58,0.00489429624778939,-0.20096,-0.05800000000000001,54.903418626862205
2024-06-18 04:42:48,04:42:16.00,5.297608487793599e-60,-0.003,1.0000000000000009,-4.18872067188895e-61,-8.016401641671301e-63,0.019829268033468225,-0.201,-0.05800000000000001,54.97243900326836
2024-06-18 04:42:48,04:42:16.50,-8.500280430363362e-64,-0.003,1.0000000000000009,6.658782266340492e-65,5.162054830665619e-66,0.014303497742711209,-0.20092000000000002,-0.0584,55.04285453962618
2024-06-18 04:42:49,04:42:17.00,1.313760263130154e-67,-0.003,1.0000000000000009,-1.0214979967709378e-68,-1.274240270458569e-69,0.012469826909527488,-0.19876000000000002,-0.056720000000000007,55.108568838391506
2024-06-18 04:42:49,04:42:17.50,0.00023989055888737096,-0.003,1.0000000000000009,1.5210792870715177e-72,2.5175875216176803e-73,0.009675950223826408,-0.19872,-0.0568,55.17454196249299
2024-06-18 04:42:50,04:42:18.00,1.0945819934834206e-07,-0.003,1.0000000000000009,-2.2058969894550497e-76,-4.472482780487996e-77,0.011824595146640263,-0.1996,-0.057,55.23980010670028
2024-06-18 04:42:50,04:42:18.50,-1.708932262186706e-11,-0.003,1.0000000000000009,3.1207611034333776e-80,7.4445556769976245e-81,0.017270221652059797,-0.2002,-0.057,55.31187525095641
2024-06-18 04:42:51,04:42:19.00,2.5829988136186404e-15,-0.003,1.0000000000000009,-4.308600674666669e-84,-1.1835643213982784e-84,1.2345948677454457e-05,-0.20004000000000002,-0.05664,55.375162469854644
2024-06-18 04:42:51,04:42:19.50,-3.796620743442203e-19,-0.003,1.0000000000000009,5.800153076516447e-88,1.8157943063620943e-88,-0.014935090891363266,-0.19976000000000002,-0.0568,55.43331404814976
2024-06-18 04:42:52,04:42:20.00,5.440180200575356e-23,-0.0027524359654383162,1.0000000000000009,-7.596036488557012e-92,-2.704012407872449e-92,0.010102944207109022,-0.19684000000000001,-0.05524,55.490733041491296
2024-06-18 04:42:52,04:42:20.50,0.00023989055888737096,-0.003007564824436596,1.0000000000000009,9.637341458995347e-96,3.9216366348387e-96,0.003602329628337098,-0.19592,-0.05496,55.556228651290965
2024-06-18 04:42:53,04:42:21.00,0.00024000001708672045,-0.002999999210055,1.0000000000000009,-1.1759388541744216e-99,-5.548389782581214e-100,0.013435729934276015,-0.198,-0.05684,55.623460314752194
2024-06-18 04:42:53,04:42:21.50,1.0944111002572022e-07,-0.0030000000000699363,1.0000000000000009,1.3621420009222204e-103,7.660678504606944e-104,0.007546265460531471,-0.19396000000000002,-0.05376,55.68780043473994
2024-06-18 04:42:54,04:42:22.00,-1.708673962305343e-11,-0.002878129724160088,1.0000000000000009,-1.4602716497284892e-107,-1.0313272698602114e-107,0.004636851954963248,-0.19155999999999998,-0.052000000000000005,55.75232526897067
2024-06-18 04:42:54,04:42:22.50,2.5826191515443016e-15,-0.002113899636054868,1.0000000000000009,0.04988836589325308,0.02796029365764701,0.0045552271572004855,-0.16695999999999997,-0.03576,55.81466009410263
2024-06-18 04:42:55,04:42:23.00,0.00023980943944117245,-0.003007971518844428,1.0000000000000009,0.18615270657406657,0.12208019283666516,0.007287512724369747,-0.10352,0.0047599999999999995,55.87828311924084
2024-06-18 04:42:55,04:42:23.50,1.9058829369147984e-07,-0.002999999120853728,1.0000000000000009,0.15590322035806187,0.1022375288169955,0.008891571837710695,-0.05904,0.03304,55.944284182767376
2024-06-18 04:42:56,04:42:24.00,0.00023980941170235334,-0.002915377736170832,1.0000000000000009,-0.0015444869397832565,-0.0009581355287347062,0.008545816234175989,-0.09451999999999999,0.0096,56.010965129345365
2024-06-18 04:42:56,04:42:24.50,1.90588297629303e-07,-0.0015897764191271,1.0000000000000009,-0.14155691755508037,-0.08987415516946955,0.0112959340320018,-0.14624,-0.02292,56.075084832498575
2024-06-18 04:42:57,04:42:25.00,0.0004803866266233092,-0.0030946365002505437,1.0000000000000009,-0.014785984618852239,0.002034426208912052,-0.0015275660065895117,-0.19951999999999998,-0.057999999999999996,56.13880157649103
2024-06-18 04:42:57,04:42:25.50,-3.86741051719057e-07,-0.0030002093746961077,1.0000000000000009,-0.007238731886215507,-1.5082374215447974e-07,0.002274601634914728,-0.21464,-0.06852,56.20003201969922
2024-06-18 04:42:58,04:42:26.00,0.00024390098001857166,-0.002999999969837648,1.0000000000000009,0.000101843778376694,1.7241811510538124e-12,0.00039302743664571183,-0.21536000000000002,-0.0692,56.26211760401492
2024-06-18 04:42:58,04:42:26.50,-3.901004397182883e-06,-0.0026714768427796797,1.0000000000000009,-1.5606147972504416e-08,2.496346532717025e-15,0.009533252864365734,-0.20424,-0.06108,56.32724603471681
2024-06-18 04:42:59,04:42:27.00,0.0005253893724325889,-0.00289018279225662,1.0000000000000009,0.1260607499733703,0.06278791200021037,0.007489446682587356,-0.15856,-0.03172,56.39126654146161
2024-06-18 04:42:59,04:42:27.50,0.0002361916431160401,-0.00299834009260596,1.0000000000000009,0.15185143235003565,0.0720092890385587,0.017247507384334556,-0.10475999999999999,0.00048,56.459730937641694
2024-06-18 04:43:00,04:42:28.00,-1.581163013494426e-06,-0.0030000002724046397,1.0000000000000009,0.03928675554523803,0.016482534091838336,0.019529700092656248,-0.09896,0.00132,56.52873857555997
2024-06-18 04:43:00,04:42:28.50,0.006154998351234251,0.004143062940695056,1.0000846222639166,0.8987821416296896,0.7633699507522471,-0.26176416225147237,0.03276,0.041639999999999996,56.51880674270606
2024-06-18 04:43:01,04:42:29.00,-0.005915220455370696,0.00541462803605656,1.0004110103360826,-1.5303521113739214,-0.5243034268263751,0.8632499125495717,0.27899999999999997,0.011960000000000002,56.86420335182441
2024-06-18 04:43:01,04:42:29.50,-0.006596266733053404,-0.0015422725374012844,0.9997696525538167,1.4046458472139407,0.4779940072605746,5.73684735621122,0.025599999999999998,0.38695999999999997,58.66548389656281
2024-06-18 04:43:02,04:42:30.00,0.0012903577518566522,0.013545454237695608,1.0017877586915467,0.34752246759401223,-0.3075775696649857,4.405626322942742,0.29804,0.1568,60.980078036604084
2024-06-18 04:43:02,04:42:30.50,-0.012377830686331788,-0.01680125309303764,1.0000389011336503,-1.646977422511723,-0.29902341279985367,3.334021664659369,0.06252,0.06628,63.154536136900994
2024-06-18 04:43:03,04:42:31.00,-0.0057629512096388676,-0.04741337606548637,1.000540775185617,1.8830618771940637,0.6295070043330939,13.246417641957239,-0.8222,0.51008,67.02427971580761
2024-06-18 04:43:03,04:42:31.50,0.0197239668779461,0.034894129119998805,0.9982804370505061,-0.502179793080893,0.2855208266776398,13.52219839288873,-0.0798,0.2316,73.92499911661898
2024-06-18 04:43:04,04:42:32.00,-0.0011244223886328962,0.004904288942193216,1.000265166518304,0.3574264452915417,0.07954429019380184,8.4232228725013,0.18236,-0.24752,80.04641715133903
2024-06-18 04:43:04,04:42:32.50,-0.03207206615405132,0.01661747775163854,1.0013303513089735,0.3816160356066905,0.15151653925134037,16.74196985654331,0.66596,0.52388,86.0547967367876
2024-06-18 04:43:05,04:42:33.00,0.010026704777575324,0.004279657936730621,0.9996470626075342,-0.2041127157582201,-0.19017657159631937,13.156450788446467,1.00928,0.38452,93.51959984233959
2024-06-18 04:43:05,04:42:33.50,0.022941983059791705,0.005219092228212472,1.0000445533218398,0.8834127266562501,0.25324650105693364,4.347847606604702,0.39488,-0.30124,98.2842254006447
2024-06-18 04:43:06,04:42:34.00,-0.0009221496393081438,0.049722764747581125,0.999043032315986,0.4282594688976741,-0.15418136194571574,-5.3716980227592765,1.37052,-0.14076,97.34684696288639
2024-06-18 04:43:06,04:42:34.50,-0.008589109454941892,0.041089195372549216,1.0018459307182703,-4.066855738777506,0.12171697230990432,4.9213207847605105,1.19256,-0.14304,97.64931641049333
2024-06-18 04:43:07,04:42:35.00,-0.011017706567638902,-0.0364051883646588,0.9978573176821023,-0.8357580001091323,-0.10506054702111978,6.754042649335606,-0.5783200000000001,0.18664000000000003,100.59612493242143
2024-06-18 04:43:07,04:42:35.50,0.00010114263796349602,-0.03816649474795301,0.9974630312292798,2.0334408009069067,-0.10899707081876965,-14.318269647206046,-0.95028,0.010439999999999998,101.45577467572666
2024-06-18 04:43:08,04:42:36.00,-0.00261149740587303,-0.0014260564919494362,1.002816586360115,0.26060297553693856,-0.5529532121415563,-15.71131577514932,-0.21472000000000002,-0.11436,89.77090717986079
2024-06-18 04:43:08,04:42:36.50,0.0004513341516203757,-0.006294046545173809,0.9995628124694181,0.316868246921177,-0.08772218409380417,-35.43049979297092,-0.20052,-0.2162,79.30497506811813
2024-06-18 04:43:09,04:42:37.00,-0.0005900328857558316,0.005505614250371056,1.0086394428585543,-4.79454402358367,-1.198557217878387,-18.36077857514012,-0.81136,-0.44736,64.49991085476233
2024-06-18 04:43:09,04:42:37.50,0.01732082460658077,-0.05676745870482706,1.019593270628933,-11.249559893788081,-3.3080298418652716,-11.155684983974481,-5.0976799999999995,-1.6987200000000002,57.598230405986506
2024-06-18 04:43:10,04:42:38.00,0.056094137348781686,-0.14933234581427446,0.9936869310011105,-9.45402362992835,-3.4241071359677937,-8.862319115287882,-9.76296,-3.80692,52.82891340988496
2024-06-18 04:43:10,04:42:38.50,0.09750818512393236,-0.21523728677535395,0.9613043741543705,-0.8324472230210279,-1.7732980186332674,-6.867657958017636,-11.98164,-5.782240000000001,48.79626127821321
2024-06-18 04:43:11,04:42:39.00,0.12043564718494715,-0.19048393417287982,0.9606673968044602,8.61638695038101,4.405712967683033,-2.626199652656772,-9.078479999999999,-5.95452,46.62092379640523
2024-06-18 04:43:11,04:42:39.50,0.07284699970008046,-0.13115197366658063,0.9946888062284829,5.977159140867702,5.390027501805383,0.37982921367640027,-6.6864,-3.1044,46.22302242678357
2024-06-18 04:43:12,04:42:40.00,0.03450225451777625,-0.06324890311149584,0.9842716502535052,11.583826481701015,0.9948910078785704,0.7745702265977055,-1.95172,-2.10624,46.632435158895724
2024-06-18 04:43:12,04:42:40.50,0.023858571163668102,0.025961224239562607,1.0196234768811843,2.7549134456496756,0.175122584229789,-0.3263086766452822,1.2926,-1.74476,46.79741623991474
2024-06-18 04:43:13,04:42:41.00,0.02304185334199431,0.04915858297859813,0.9820488078856006,-2.0376389672180557,-0.04921325259171818,0.6201524881531049,1.75748,-1.6258000000000001,46.86895036628223
2024-06-18 04:43:14,04:42:41.50,0.016347837500357912,0.01959086302479452,0.982542097820648,-4.617266406290188,3.554178504173423,-0.1932406236296564,-0.07884000000000001,-0.48028,47.09709017816317
2024-06-18 04:43:14,04:42:42.00,-0.006668469678288936,-0.007925111660479656,0.9949276886243723,-0.022938218552274212,-0.5428122772437867,0.387452840591976,-0.63744,0.11884,47.22848618097071
2024-06-18 04:43:15,04:42:42.50,-0.008457463463937555,-0.0223148398339536,1.0172367692446929,1.7781188882197205,3.0525524209126553,-4.670268923051071,-0.8126000000000001,0.8126399999999999,46.50281626798762
2024-06-18 04:43:15,04:42:43.00,-0.03143156283067418,0.009720964252904087,0.9933093929390231,4.499080936216333,1.0230938182456062,-8.533636504057219,1.40428,1.7936400000000001,42.99844004928617
2024-06-18 04:43:16,04:42:43.50,-0.03854460555439423,0.02977026129567387,0.9961573603553433,-2.4182481825322095,-1.8044866713773149,-11.03357955000373,1.05292,1.6672,38.100859983029025
2024-06-18 04:43:16,04:42:44.00,-0.030357552076834174,0.017396620074935226,0.9991072808255921,1.4793076435256771,1.1343175999901216,-12.925620002659503,1.03852,1.74428,32.18064175924973
2024-06-18 04:43:17,04:42:44.50,-0.0466589599472623,0.026662412343460753,1.0009556420081467,1.9743823761736081,0.562553823268902,-14.824737457652724,1.71184,2.7222399999999998,25.22867069320604
2024-06-18 04:43:17,04:42:45.00,-0.05110548479484613,0.04228215908500955,0.99690693642294,1.6712140658106671,-2.0980571258049183,-16.5470803529714,2.4248000000000003,2.34936,17.428491951936287
2024-06-18 04:43:18,04:42:45.50,-0.048469681380543604,0.042640071126019315,0.9978902243380916,-2.300850361767202,0.6648518113314108,-15.90963492669054,1.75504,2.7774,9.268161521246405
2024-06-18 04:43:18,04:42:46.00,-0.055371291176074526,0.018707459417166117,0.9999734444154258,-0.2851716785626605,-1.776131670207762,-15.19105843099803,0.85616,2.6582,1.6443482579926476
2024-06-18 04:43:19,04:42:46.50,-0.0423594112463975,0.013202433235581243,0.999639793639593,1.7822659541668184,-1.6605076503464682,-15.73972368076292,1.02736,2.12936,-6.0993260802046185
2024-06-18 04:43:19,04:42:47.00,-0.02934707613801832,0.025820933423395243,0.9969172168143798,-0.3037701732169618,-1.554464238268085,-12.270644385502553,1.24124,1.3937199999999998,-13.094627516842202
2024-06-18 04:43:20,04:42:47.50,-0.02673406215107012,0.022453338797734305,1.006972229934077,2.401349319627021,2.1401150599429695,-10.570715461083944,1.5290000000000001,1.9359600000000001,-18.64569725538654
2024-06-18 04:43:20,04:42:48.00,-0.039960603155406865,0.03934133370950995,0.990224332683983,-1.896181978792676,-3.5707653802335653,-7.321201861820194,1.7617599999999998,1.6424,-23.16053960759794
2024-06-18 04:43:21,04:42:48.50,-0.012337632402001843,0.013837005820102768,1.0006991404567125,-3.9659123697946397,0.4542325835031164,-5.075514694778307,0.036559999999999995,0.8076000000000001,-26.019636479556016
2024-06-18 04:43:21,04:42:49.00,-0.023756854714128365,-0.015061216522373683,0.9996293737938095,-0.8700292900685642,3.2852163365931504,-4.102164013222342,-1.02884,2.08744,-28.182037788365292
2024-06-18 04:43:22,04:42:49.50,-0.03915065556536622,-0.021454803405674357,1.0065190615312862,-0.7657269287596761,-4.2361811053893375,-5.121359397457284,-1.21276,1.4696799999999999,-30.554859413568824
2024-06-18 04:43:22,04:42:50.00,-0.010019741179716848,-0.029137746311137133,1.0044750116836996,0.25093042017790723,-2.087837004994372,-5.67061383738057,-1.402,0.24956,-33.144364851999875
2024-06-18 04:43:23,04:42:50.50,0.011467814521351417,-0.022319720138652466,0.9906156603096151,4.718409141370658,-0.5342478621871313,-3.002440210833996,-0.31476,-0.7950400000000001,-35.3577563070632
2024-06-18 04:43:23,04:42:51.00,0.010759062485122692,0.01478533834462756,0.998457112538325,-4.060471766033071,4.486805145733646,-0.7994731394927933,0.12968,0.16515999999999997,-36.17318827037939
2024-06-18 04:43:24,04:42:51.50,-0.048581286346420983,-0.044774003968007105,0.993808277160247,-14.764902748907984,15.930384322177744,0.23368216040477433,-5.09628,5.309880000000001,-36.19277668695613
2024-06-18 04:43:24,04:42:52.00,-0.20123557760341118,-0.18607032848967606,0.9518523402710626,-15.666739308134565,16.939410671570407,0.7843451993173386,-13.01096,14.267840000000001,-35.846195902645334
2024-06-18 04:43:25,04:42:52.50,-0.3050698946743923,-0.28373181636181594,0.9164265721665211,4.268347205804812,-3.6419526590228366,0.8317982206682646,-14.96372,15.612839999999998,-35.33093155611951
2024-06-18 04:43:25,04:42:53.00,-0.2893917415073887,-0.2553597800933496,0.9244286568203074,2.1825463396184936,0.4535681177790363,0.91305136010538,-14.10096,16.294439999999998,-34.831203352674585
2024-06-18 04:43:26,04:42:53.50,-0.27438183949178435,-0.21809440240169842,0.9414295753100622,8.11473643548961,-10.035596989528411,1.55656047231833,-11.29548,13.89944,-34.17840801136571
2024-06-18 04:43:26,04:42:54.00,-0.18903639045497095,-0.14390611621750002,0.9766928694113077,6.628459082516693,-9.823157368863782,1.0811745282109804,-7.4248,9.269160000000001,-33.397640234793
2024-06-18 04:43:27,04:42:54.50,-0.11759741636031869,-0.08969172525815951,0.9991110029330437,2.2343644783836654,-0.9112646582206699,0.14958824188464173,-5.45856,7.07084,-33.05452787734173
2024-06-18 04:43:27,04:42:55.00,-0.1210143814718208,-0.07706049599880543,0.9961183608556111,-1.7778114023353715,3.7047785476095343,0.16474860851288878,-5.20748,8.0162,-33.027319933538216
2024-06-18 04:43:28,04:42:55.50,-0.14235393440251648,-0.09225149256214772,0.9926204539853472,-0.7542712947609868,-2.036703201933223,1.662502692203214,-5.72856,8.09464,-32.442809068360305
2024-06-18 04:43:28,04:42:56.00,-0.12516355500963924,-0.09115037941590932,0.9894165315878389,1.9760652315324532,-3.5965147856686044,1.5843801633246852,-4.98924,6.58544,-31.52199271735926
2024-06-18 04:43:29,04:42:56.50,-0.09419262008626368,-0.07153931836068034,0.993257615808526,2.3064650506485442,-2.826900788250524,1.1182189139355247,-3.86724,5.1613999999999995,-30.764779688669645
2024-06-18 04:43:29,04:42:57.00,-0.07227801350415318,-0.04890821406828133,0.9949628553160675,2.132354656791276,-1.6709355396816545,-0.29083878692870235,-2.6716800000000003,4.0864,-30.49110018589813
2024-06-18 04:43:30,04:42:57.50,-0.047662436677449016,0.002434236961541128,0.9962989850633747,5.845620084096665,-2.045538672637121,-3.710821340275796,-0.72752,3.10204,-31.3182452888273
2024-06-18 04:43:30,04:42:58.00,-0.04630019387827768,0.030892127562614377,1.0041573377065764,3.1492061185189404,1.4585671694585927,-6.5677292066743505,2.6122,2.75072,-34.32213126966938
2024-06-18 04:43:31,04:42:58.50,-0.0666711817962109,0.028983090334334233,0.9981518586240186,-3.4205154824806385,4.09301343204752,-3.930835731926008,1.31264,4.60444,-36.437543322239215
2024-06-18 04:43:31,04:42:59.00,-0.08807004777948821,0.02809616159559871,0.9957149519930849,0.6863948436067144,-1.0801868840607929,1.1001567705341715,1.13012,4.896240000000001,-37.49070803845354
2024-06-18 04:43:32,04:42:59.50,-0.05849089995195361,-0.013730703905142796,0.9930688833512801,-6.942908793521333,-4.674852297640965,-0.891478413941933,-1.05708,3.5273200000000005,-37.00380758244088
2024-06-18 04:43:32,04:43:00.00,-0.05668646663169152,-0.06253522984953379,1.0033771023293925,-4.3323970604177475,0.860095711563569,-6.300268712000482,-3.95544,2.0234,-38.71923414853877
2024-06-18 04:43:33,04:43:00.50,-0.0987937554668175,-0.09768498668370701,0.9879842702238341,-2.197571263127168,7.165861377873549,7.046404167373058,-5.59884,5.64448,-39.291105077307336
2024-06-18 04:43:33,04:43:01.00,-0.1373558530830269,-0.1090557610667217,0.9923897684342314,-1.9627001511362565,0.7174726206465213,2.19530925511838,-6.137519999999999,7.71728,-35.80623732413612
2024-06-18 04:43:34,04:43:01.50,-0.10885006571479425,-0.12416281575173095,0.9889529009313297,-3.639220917420247,-4.112481821516777,2.4213070544982536,-7.70236,6.70972,-35.1492523445336
2024-06-18 04:43:34,04:43:02.00,-0.0401800833476073,-0.15650513438994004,0.9812969514823382,-1.3158984090212411,-8.23253683436129,-9.164241662844354,-9.1258,2.6763600000000003,-36.15732557002743
2024-06-18 04:43:35,04:43:02.50,0.037321742177556995,-0.15485042773608454,0.9926521023104149,4.699997697102476,-8.282581090867387,-4.723203663781658,-7.7094,-2.9718400000000003,-40.664707450661105
2024-06-18 04:43:35,04:43:03.00,0.07120333356334413,-0.11273677425408878,0.989594890592902,3.4296139791354876,4.882884717491172,1.0446538202034612,-6.24836,-3.53932,-40.790724578283765
2024-06-18 04:43:36,04:43:03.50,-0.004602166996288284,-0.07345559255110841,0.996692845975034,4.180268143149227,11.261650513816036,0.6837087441407135,-4.09312,1.6565199999999998,-40.470964036949084
2024-06-18 04:43:36,04:43:04.00,-0.08521020757954519,-0.04141958065549899,0.9940858853178917,2.358650684781806,4.549685048501899,-11.772774046463935,-2.5456,5.06932,-41.36712529376714
2024-06-18 04:43:37,04:43:04.50,-0.11747941813828915,-0.040368533207244754,0.994978421254279,2.9337643869466574,2.3026776121929395,-22.795540136733454,-2.52888,6.12844,-53.04703403430643
2024-06-18 04:43:37,04:43:05.00,-0.12428972946056298,-0.010890655207571251,0.9913949635182532,6.870304678260063,-1.9496271153223188,23.101326724321325,0.58308,6.4879999999999995,-53.76435382770112
2024-06-18 04:43:38,04:43:05.50,-0.09364337751696833,0.10528943553148357,0.9844281199609868,2.0658620898254405,1.2792993359833693,44.67679875011449,5.125800000000001,4.74408,-32.41040866076372
2024-06-18 04:43:38,04:43:06.00,-0.08731470605197016,0.10871225174813352,0.993952686631977,-4.593135721769033,3.0014868879476833,-2.297574260770426,4.83988,5.695080000000001,-23.23426862934157
2024-06-18 04:43:39,04:43:06.50,-0.09783947130573266,0.07304450894736819,0.9976265848330768,-2.9652943261271245,-0.941030883554188,2.5816446339561776,3.47604,5.75092,-25.082561047643026
2024-06-18 04:43:39,04:43:07.00,-0.11662471292400868,0.03525603548275593,0.9903940852171877,-5.942153673480238,4.346202057317679,53.188545135399885,2.69652,6.23004,-10.524068146940067
2024-06-18 04:43:40,04:43:07.50,-0.14672532426122462,0.01592828913727236,0.9850049841073354,-10.575678097943978,1.807616529140903,38.31187208293549,1.14352,7.333279999999999,16.192941648972987
2024-06-18 04:43:40,04:43:08.00,-0.1226726436040027,-0.036560913434636126,0.996717906257587,-5.260287251401833,-4.1251264040370925,-16.89892936404153,-2.86608,6.65552,21.219327177790657
2024-06-18 04:43:41,04:43:08.50,-0.03805442388572343,-0.08352567415886723,0.993631633853741,-0.013049818506088417,-5.5487040507459575,-42.184448808395366,-4.43884,1.93684,1.8432237624630192
2024-06-18 04:43:41,04:43:09.00,0.02487896223539193,-0.09932025591957937,0.9937039699586385,1.0942910287843404,0.33462470720742327,26.790927547761356,-5.06872,0.37744,-2.0170761561873705
2024-06-18 04:43:42,04:43:09.50,-0.09225446736000159,-0.07498652953746049,1.0012513754426837,4.767492517447117,10.097336136712252,46.594427494046506,-1.859,5.94452,20.22387347132725
2024-06-18 04:43:42,04:43:10.00,-0.13188422431910657,-0.04733811232276125,0.9858604554895521,-5.328303924186879,-3.0364364527895042,24.36197771123906,-2.11284,6.9462,38.565011419523586
2024-06-18 04:43:43,04:43:10.50,-0.06619337646190164,0.015920844310433006,1.0029032591290492,7.891326719735821,-9.01199325619276,-10.935286488187161,-0.10583999999999999,3.43436,39.68637146224274
2024-06-18 04:43:43,04:43:11.00,-0.033009174070216314,0.0033354370811728277,1.0086127846623862,0.2764469988672497,1.293039896864955,-1.875262627173189,1.4896,1.9268,36.15349676307334
2024-06-18 04:43:44,04:43:11.50,-0.032623608725754344,0.009559678437866405,1.000486429995482,-4.209146703998262,4.6557117977540186,3.7876749981786433,-0.16355999999999998,3.3336,37.37588466142886
2024-06-18 04:43:44,04:43:12.00,-0.08127254843231978,-0.010428661556708097,1.001283598752438,-0.6780408644001293,1.8543328907908165,0.029707963499058413,-0.8752800000000001,4.86832,38.22497608556942
2024-06-18 04:43:45,04:43:12.50,-0.09390806455663057,-0.030678759810719197,0.9972321245504391,0.5837467963890219,-0.0029218281801256475,-9.66260963705929,-1.28692,5.1444399999999995,35.44322277730338
2024-06-18 04:43:46,04:43:13.00,-0.08139835250065935,-0.012310635072439844,0.9976651782501891,1.0399369571894446,-2.6921991108877994,0.3593463193786043,-0.82112,4.27144,33.30104420573757
2024-06-18 04:43:46,04:43:13.50,-0.061661132063031115,-0.005072799034981131,0.9902150701088083,-0.023148612419125348,-3.5849396082565335,-5.303737929650342,-0.57556,2.9422800000000002,32.647047558820795
2024-06-18 04:43:47,04:43:14.00,-0.03580750891725262,-0.005907920735446182,1.0033508332999412,0.10309494100159292,1.3635791666631576,-10.255805811540917,-0.73312,2.5326400000000002,28.724789976956508
2024-06-18 04:43:47,04:43:14.50,-0.0585744243420879,-0.017227341301624108,0.9900301115968255,-4.723752622094404,-0.839599320405579,3.6618769724640057,-1.16264,3.11884,25.139486041864792
2024-06-18 04:43:48,04:43:15.00,-0.029275240617578163,-0.05011119428673872,1.0055088981103293,3.589554140351969,-6.148384611321477,11.471795621640554,-2.49736,0.97736,31.386147294380763
2024-06-18 04:43:48,04:43:15.50,0.02363557393543225,0.005414003224386328,1.0022965469812164,3.406914169658869,-3.0795977971692974,-2.5249029843255553,0.22707999999999998,-1.4644,33.94151072920259
2024-06-18 04:43:49,04:43:16.00,0.04574121942646152,0.030569291086254974,1.0016761661807154,-1.0286248251607006,1.5145041435588453,1.2710291714610171,1.35672,-1.9447999999999999,32.16885771882106
2024-06-18 04:43:49,04:43:16.50,-0.013815788475956561,-0.032452511123484545,0.997482614705627,-4.770467239485871,4.9330532287512945,2.2319399159467603,-2.7543599999999997,1.9376,34.40976911900371
2024-06-18 04:43:50,04:43:17.00,-0.06449288130269512,-0.10568032906400647,0.9929263256060343,-0.675979321558198,1.0458889955270454,3.5543619281912977,-4.9579200000000005,3.98096,35.11550069755488
2024-06-18 04:43:51,04:43:17.50,-0.07169114895877807,-0.09139775807597429,0.99651829429416,0.5008209679521872,-0.7675114985158251,7.633924972676704,-4.84616,3.84204,36.76670278692119
2024-06-18 04:43:52,04:43:18.00,-0.06418608763885261,-0.05451461575650189,0.9945490946564726,4.5175600380357315,-0.665272670019234,5.9525073233536805,-2.804,3.57168,41.7428085744976
2024-06-18 04:43:52,04:43:18.50,-0.062228075418543354,-0.01842448314578325,0.9946306031369713,-1.5704913838245207,1.2078039547194401,3.9677527051501027,-1.8444399999999999,3.89156,44.26907174046286
2024-06-18 04:43:53,04:43:19.00,-0.0833790198191787,-0.03452920731099738,0.9988142345676486,-1.5582241446966896,2.6263890215734955,1.3641105194564167,-2.2828399999999998,5.06452,45.708355570012856
2024-06-18 04:43:53,04:43:19.50,-0.10923848113701007,-0.035515214097546405,0.9957373494999463,0.9855151789577725,-1.7103037208092826,-2.9746199075781914,-2.38476,5.387440000000001,45.50197713330842
2024-06-18 04:43:54,04:43:20.00,-0.07011954949739843,-0.04788344734839231,1.0000502657288126,1.0065886344884019,-1.6341877410382737,-1.1189385848793416,-1.8825200000000002,4.29024,43.71458519548663
2024-06-18 04:43:54,04:43:20.50,-0.06762475996203508,-0.0264896200599482,0.9963005012032746,0.2644113213436455,-0.294696863281481,4.199199885645263,-1.69464,3.8689999999999998,45.54367746141059
2024-06-18 04:43:55,04:43:21.00,-0.07741002295661006,-0.008303041295728928,0.9993178886394092,-0.2577031019200106,1.1586413646094174,19.693423028441945,-0.98968,4.34516,51.176822352148434
2024-06-18 04:43:55,04:43:21.50,-0.07365620360094773,-0.02808683164827222,0.9985956736657421,-0.06309186543849225,0.2373329621321386,0.510497723591817,-0.89236,4.6844,56.31671344446413
2024-06-18 04:43:56,04:43:22.00,-0.0819870915296096,-0.0003007010984149358,0.9973876766603391,-0.048595123623072965,0.8758258261676832,18.965337894870544,-0.4736,4.88856,60.42114104758428
2024-06-18 04:43:56,04:43:22.50,-0.08937344701142308,-0.01588312685530565,0.9949951734694737,-0.05667251630733989,1.0494805483039373,3.6702572866317085,-0.15812,5.39732,67.42860266140377
2024-06-18 04:43:57,04:43:23.00,-0.11630923937479802,0.027663070722484872,0.9965904751456539,0.11540818024566184,2.446384828743527,27.73601674823444,1.0944,6.42904,75.04259343795906
2024-06-18 04:43:57,04:43:23.50,-0.1103877297347882,0.00889617789889096,0.9975744405930485,0.2456601972621073,0.630918494387704,6.088930669061407,1.4190399999999999,6.7658000000000005,83.74455426566432
2024-06-18 04:43:58,04:43:24.00,-0.1368072776554175,0.06745372161584777,0.9915934183404993,0.08168930541984004,0.48544033849593776,31.99018261625714,3.49212,7.142,92.94384263883852
2024-06-18 04:43:58,04:43:24.50,-0.08071794522117742,0.05716201883005024,0.995153647188079,-8.663516250684898,-19.192382635118715,6.945184170798033,2.36808,1.4853999999999998,102.89508108064311
2024-06-18 04:43:59,04:43:25.00,0.06724144178723981,-0.012582980375939617,0.9864761433651181,-5.7865112556471265,-2.583410153528949,16.701300846843015,-1.94088,-3.7607999999999997,109.72301491765691
2024-06-18 04:43:59,04:43:25.50,0.0721274641137875,-0.0816362268405271,0.9953833452180583,-3.873691346324431,7.372119775490787,23.67121275164814,-4.23676,-1.6715600000000002,118.46685312112626
2024-06-18 04:44:00,04:43:26.00,-0.00226367949162075,-0.12062636962661846,0.9938269854029911,3.8034845155722827,-1.855153532087316,17.462409530314105,-4.9478800000000005,0.060439999999999994,128.42596325522993
2024-06-18 04:44:00,04:43:26.50,0.0012061073909038452,-0.07933131849247964,0.9956797124747068,7.161789958330973,0.032922664506568514,12.756122752321376,-2.65008,0.007280000000000002,137.47599851210802
2024-06-18 04:44:01,04:43:27.00,0.0023199410365330937,-0.0296942218006642,1.001646891013656,2.889015343007385,-0.7427748925806028,17.51711138335138,-0.68628,0.1618,145.2682099861724
2024-06-18 04:44:01,04:43:27.50,0.006273443526406064,-0.011195111215194245,1.002687294641592,-0.06605977766011806,0.6806615078257784,1.8037197441358248,-0.6348400000000001,-0.13432,149.62933832596144
2024-06-18 04:44:02,04:43:28.00,-0.0009076433601916957,-0.002395130669924288,0.9989349829446472,0.90519649223985,-0.06654855165075914,-1.5147184286029658,-0.293,-0.04564,149.27942835412298
2024-06-18 04:44:02,04:43:28.50,0.0026080653641004747,0.009720628341259231,1.0008176766514612,-0.12873168409784377,-0.21908165799601093,0.6616999853209604,0.08388,-0.16688,149.26433550821014
2024-06-18 04:44:03,04:43:29.00,0.0016111044456736164,0.011060206313514384,1.0001503503092022,-0.044009221372368915,0.5910168122794414,-0.021908537207122523,0.2772,0.013040000000000001,149.46790167262182
2024-06-18 04:44:04,04:43:29.50,-0.003286552309142864,0.010073095681953557,0.9993003057743292,-0.03537846149988985,-0.24656375479678544,-0.06847947416354669,0.39092,0.11964000000000001,149.47062453527252
2024-06-18 04:44:04,04:43:30.00,0.0017222016165489358,0.010007353389339774,1.0005472537590046,-0.17093632326112992,-0.6506473811202178,0.35790923699096716,0.44336,-0.2148,149.6378215762375
2024-06-18 04:44:05,04:43:30.50,-0.002142276144069988,0.012540244773527331,1.0134027719070318,0.6687901097547637,11.861755080767484,-1.8497622002199716,0.75016,1.8643200000000002,149.26601718604917
2024-06-18 04:44:05,04:43:31.00,-0.1361413590679291,0.015567612113816265,0.9979096558695776,4.62141824508669,23.597561872712795,-1.6316430710534966,1.6582,11.891399999999999,148.5117899002613
2024-06-18 04:44:06,04:43:31.50,-0.32084921800011407,0.055751204348732104,0.9323509818001529,2.8483546403423783,-0.1349487869156699,-1.3448522486884704,3.9741199999999997,17.5074,147.6595575863018
2024-06-18 04:44:06,04:43:32.00,-0.28016129236781456,0.0485170705368222,0.9458606699912119,-10.621679886717388,-17.199587977930268,-1.3350486272849298,0.8718,12.23104,147.25972132537186
2024-06-18 04:44:07,04:43:32.50,-0.13630792245717627,-0.043732121019958894,0.9885492474057651,-8.748874656787565,-11.914370148911232,-1.77933194278867,-3.7861200000000004,5.97692,146.45668234375697
2024-06-18 04:44:07,04:43:33.00,-0.04610043345973164,-0.10363431363427081,1.0029693982064845,7.555923358824396,2.0328870501828384,-0.4442669357469578,-4.30728,3.6212,145.8551107536572
2024-06-18 04:44:08,04:43:33.50,-0.10168791833894299,-0.013586617751649727,1.0136259853056644,16.00931101137607,17.725659096937076,-1.6777217610547799,2.41016,9.464,145.60546647630605
2024-06-18 04:44:08,04:43:34.00,-0.24407156518500286,0.11261742014547077,0.9688556143249911,6.603862465011542,6.3348218814695825,-1.7566151848398348,7.2614,14.69256,144.70824970747236
2024-06-18 04:44:09,04:43:34.50,-0.2825175099585676,0.14789744310169112,0.9532522744674908,-5.092677003955273,-5.919139765967408,-2.068746899435185,7.0038800000000005,14.3758,143.91766051193864
2024-06-18 04:44:09,04:43:35.00,-0.21984880780648935,0.0912965103391557,0.9488311082597288,-14.307781133457928,-18.757421529189266,0.004609158735849795,2.6529599999999998,9.16872,143.1752287377181
2024-06-18 04:44:10,04:43:35.50,-0.03981844261055867,-0.057605116475623025,0.9823425035977253,-18.699102580342856,-15.051552303084982,1.6017534815270453,-6.06524,0.5692400000000001,143.8441537700071
2024-06-18 04:44:10,04:43:36.00,0.06275504245107141,-0.1914966850143084,0.9648329406156662,0.8362430669334102,5.888853136856223,0.8371368792554147,-10.03668,-1.23672,144.49621831583403
2024-06-18 04:44:11,04:43:36.50,0.0014996608720385838,-0.17293856610144454,1.0197777431887778,9.247781216397723,7.423032529228124,0.42115101159746393,-7.51864,1.8952,144.9356543954916
2024-06-18 04:44:11,04:43:37.00,-0.06519708757425352,-0.07482206741935415,1.0161705742335208,12.18683005737586,3.2334272566879934,0.5616558637717884,-1.89304,4.2646,145.06555699552283
2024-06-18 04:44:12,04:43:37.50,-0.09075567206926602,0.01066520059056918,0.9887243467946613,0.8553363907589643,-3.2911785221246332,1.8465805822854804,0.57428,4.08616,145.9079535467358
2024-06-18 04:44:12,04:43:38.00,-0.04578392096721983,0.003780202725483448,0.9709151899330173,-7.777299143748838,-3.8346862302246016,1.0467507590536638,-1.7094399999999998,1.9609999999999999,146.5410431835312
2024-06-18 04:44:13,04:43:38.50,-0.03616071951277353,-0.047918324367681696,0.9910183630076133,-0.12496600828712244,6.630939008581299,2.9857221086641403,-2.78916,3.59692,147.80677754014488
2024-06-18 04:44:13,04:43:39.00,-0.09051128151003063,-0.048390360225107454,0.9968135108965549,-0.2943532906330289,2.2718967274430444,0.38262066697747343,-2.7943599999999997,5.50544,148.68967875644785
2024-06-18 04:44:14,04:43:39.50,-0.10264228178326058,-0.055703378250411675,0.9970000185027744,-1.5153701877802677,-1.805769973096257,-2.796130677054634,-3.3994799999999996,5.32668,148.21156718246607
2024-06-18 04:44:14,04:43:40.00,-0.08476701788832317,-0.06937971598980931,0.9977270634165918,0.252639829375994,-1.0098259771370182,-4.8617952391539525,-3.9886,4.45416,146.2597706366443
2024-06-18 04:44:15,04:43:40.50,-0.0789916310974062,-0.06021868364725348,0.9983893312154497,4.7784807190367005,1.8803546775101057,-5.73096927856827,-2.68148,4.83504,143.5257743041325
2024-06-18 04:44:15,04:43:41.00,-0.09288104735197004,-0.024302881295603034,1.001684283464378,1.9699172217701064,0.44814182289602167,-5.527565474258857,-1.3309199999999999,5.29344,140.8348629445149
2024-06-18 04:44:16,04:43:41.50,-0.09412710845091646,-0.0051556442754096396,1.000508182059483,0.753961093329819,-1.161904417393603,-1.2633871526886775,-0.8728400000000001,4.93504,138.7426386435547
2024-06-18 04:44:17,04:43:42.00,-0.0710914028985423,-0.011230105276943124,1.000271456804882,-1.1528609171963213,-0.6930771440487262,-2.8444830614827454,-0.7712,4.03468,138.3353743396118
2024-06-18 04:44:17,04:43:42.50,-0.06541102279114483,-0.031100484088563928,0.9970599039863238,-1.6626252588156885,-0.1330357027032197,-1.2894895525604708,-2.10352,3.7576799999999997,137.2760117823153
2024-06-18 04:44:18,04:43:43.00,-0.06511474098509452,-0.04229821681396546,0.9959398875312259,0.5266554766149426,0.3773200676504453,-2.0098016741104443,-2.3275200000000003,3.82696,136.5345486443127
2024-06-18 04:44:18,04:43:43.50,-0.06780540458834505,-0.03549498040259581,0.9969499276957927,1.5761187974607962,-0.26288349610864115,-2.537410957822713,-1.81524,3.78432,135.43653270935008
2024-06-18 04:44:19,04:43:44.00,-0.06497618978990768,-0.02389183087415914,0.9984796713140633,0.9333913192152399,-0.14056720391313024,-2.262331280903497,-1.2919200000000002,3.6699200000000003,134.2520656439341
2024-06-18 04:44:19,04:43:44.50,-0.06423657402085654,-0.01844908345033102,0.9992999145886003,-0.016568558240546805,0.1018835135240926,-1.6646968877803352,-1.16764,3.6781200000000003,133.3811794797284
2024-06-18 04:44:20,04:43:45.00,-0.06460161902286979,-0.01974291453187509,0.9998780277648784,-0.3739995853754067,0.17036534676657314,-1.354361350631156,-1.29328,3.71852,132.6933270598205
2024-06-18 04:44:20,04:43:45.50,-0.06663305945164469,-0.02502247103803656,0.998992029350715,-0.4644872325363518,0.47590625644700857,-1.043610768350167,-1.52628,3.91096,132.11794712727533
2024-06-18 04:44:21,04:43:46.00,-0.07377314527168478,-0.03995386749512,0.9974970012637595,-3.040103822674719,0.28493791826945924,0.5165778203311048,-2.3282,4.03624,131.94121704658883
2024-06-18 04:44:22,04:43:46.50,-0.11138689272486114,-0.07148319825190261,0.9931970012934107,-3.7678707866945125,2.625267527851287,8.021599304982812,-4.47512,5.76864,134.88103491274978
2024-06-18 04:44:22,04:43:47.00,-0.10456609324908608,-0.07952990234334587,0.9956017844899898,-1.0820047224421228,-0.2262148688160125,-0.19570576170332493,-4.965199999999999,6.28664,136.36142664148574
2024-06-18 04:44:23,04:43:47.50,-0.07157859526701663,-0.08748249860509588,0.9917755419368706,2.6190222622892723,-2.389879497936567,2.6701891059310117,-4.5380400000000005,4.9394,137.129317369223
2024-06-18 04:44:23,04:43:48.00,-0.08277962003951328,-0.012729440310227123,0.9911358092452666,7.769468878332151,1.2276908376677858,-7.052949101631929,-1.256,4.49084,136.49913598638565
2024-06-18 04:44:24,04:43:48.50,-0.09677392025229695,0.03075605100088896,1.0026225660452928,5.021631212578133,3.991161691581438,-5.795461779369744,1.94428,6.32716,132.56336807275747
2024-06-18 04:44:24,04:43:49.00,-0.11000340691897689,0.0008614718614176841,0.999541098028801,-2.8400885245229635,-3.773708649022418,-3.413292651960837,1.23716,5.95496,130.2807334154465
2024-06-18 04:44:25,04:43:49.50,-0.09470008083107057,-0.008262370566712184,0.9941752757776281,-5.59078381980632,-3.054490541591029,12.291424226975224,-1.0406,4.5136,133.29383545917136
2024-06-18 04:44:25,04:43:50.00,-0.05380291144424071,-0.03861260143340878,0.9995178141764538,-0.2879480678896223,-3.3322901577714994,5.045888399885716,-2.062,3.0002,137.2621561559279
2024-06-18 04:44:26,04:43:50.50,-0.029579515070760107,-0.04117052810689004,0.9939450804493434,0.35712196103419286,-1.846044574219607,35.17570916145989,-1.8024799999999999,1.88,146.3653169173559
2024-06-18 04:44:26,04:43:51.00,-0.026369008764199058,-0.02245372661615177,0.9991995341840152,-0.13004525533098157,-0.06939339834733399,36.350905061970956,-1.15608,1.9983199999999999,166.79608316168577
2024-06-18 04:44:27,04:43:51.50,-0.031253807964039815,-0.019412653736098656,0.9997574333555187,-1.5407410016279801,1.585286140434514,9.284388219147345,-1.3302,2.35596,177.76792880920294
2024-06-18 04:44:27,04:43:52.00,-0.04747819393994614,-0.03014702246861605,1.0004405763239446,-0.9256516403648107,2.14807025491118,-2.13695705710987,-1.9680799999999998,3.24384,178.8287535376283
2024-06-18 04:44:28,04:43:52.50,-0.0648955926940819,-0.03885174986006278,0.9983387570728388,0.786704717607638,1.5235363408604266,-5.3786775266403355,-2.03672,3.8901600000000003,176.82541741834328
2024-06-18 04:44:28,04:43:53.00,-0.07695799552594332,-0.03356038033776388,0.9973235700237811,1.5537703602550925,1.2545913968981461,-6.616460784220299,-1.6818799999999998,4.5196,173.81837327751495
2024-06-18 04:44:29,04:43:53.50,-0.08547956393987854,-0.023701728244800074,0.9991415262368192,0.9095012851371957,0.09800543540592631,-6.238955581564674,-1.35264,4.7427600000000005,170.62064173245832
2024-06-18 04:44:29,04:43:54.00,-0.08401863157941553,-0.019466701010463903,0.9993462514907492,1.5157017730304363,1.1442956423635844,-4.968094254830903,-1.10464,4.79112,167.89887437572293
2024-06-18 04:44:30,04:43:54.50,-0.11116694479606348,-0.0014055107461618719,0.991349474556578,2.962529226671303,2.2644402255612333,-3.3307874921024108,0.5379200000000001,6.73464,165.7367977264391
2024-06-18 04:44:30,04:43:55.00,-0.10726849738766615,0.00501056223214874,0.9881698523530984,-7.849330332651589,-2.501165119665609,-2.5541803025072842,-1.40768,5.28048,164.41407859256637
2024-06-18 04:44:31,04:43:55.50,-0.0923759697106515,-0.06547615390251772,0.987072488678659,-2.0358203002748323,-3.1744225867248987,1.336607287526595,-4.10752,4.92704,164.37548087656631
2024-06-18 04:44:31,04:43:56.00,-0.06908901632849605,-0.07403257858797067,1.0279288246947638,1.9937769629153095,-1.2199041894104197,2.4733970655466115,-3.59,3.8436399999999997,165.16909909777695
2024-06-18 04:44:32,04:43:56.50,-0.05786893705042503,-0.05466882604540009,1.014142817171691,3.1457258879219534,-0.926669908839786,6.129532727342482,-2.25376,3.2966800000000003,167.29159954718364
2024-06-18 04:44:32,04:43:57.00,-0.045920873675703515,-0.020251544633498847,0.9620674192795459,0.17670967458520026,-3.5554303962918175,6.489141617170938,-1.07148,2.14432,171.06466960908563
2024-06-18 04:44:33,04:43:57.50,-0.023658996167599297,-0.027398238471140625,0.9826413064043106,-1.8827497413471073,4.969023154044217,0.026666562105750274,-2.18564,2.42772,172.61544639764216
2024-06-18 04:44:33,04:43:58.00,-0.07455799824041882,-0.032064109535980836,0.9980786359981144,2.213776401323393,4.427249863898161,-1.953510863632249,-1.57,5.02984,171.974491833112
2024-06-18 04:44:34,04:43:58.50,-0.10333263058548586,-0.016678783149649826,1.0002111030417582,1.6274024750247913,-0.34373800727632525,-1.0061087904891897,-0.7232,5.61472,171.3114766838005
2024-06-18 04:44:34,04:43:59.00,-0.09585377026441583,-0.006199614254921936,1.0154053207246547,-0.8470325282900956,-3.3746163265409166,-0.6023222969885392,-0.68112,4.72316,170.94549975201
2024-06-18 04:44:35,04:43:59.50,-0.06712746933490214,-0.014977079333047687,1.0112478286144293,-0.8153752557279881,-1.5819236422540723,-0.128994580287926,-1.05256,3.49884,170.91202715406718
2024-06-18 04:44:35,04:44:00.00,-0.05604218679207694,-0.022064591950172064,1.006014667719274,-0.45905595089660767,0.6237869781867856,-0.05950504331891135,-1.34508,3.47384,170.86438445669387
2024-06-18 04:44:36,04:44:00.50,-0.06387783966086164,-0.0255268859027622,1.0054424124887964,0.0922394282324362,1.2910236061927605,1.3955133051763073,-1.3777199999999998,3.92428,171.2350455129704
2024-06-18 04:44:36,04:44:01.00,-0.07248905522780433,-0.023751017521653903,1.0011771182708764,0.7639842071698943,-0.6234020353866224,2.1477674813504053,-1.17176,4.03832,172.2611441622631
2024-06-18 04:44:37,04:44:01.50,-0.059402354178126435,-0.012236138587339065,0.9802842796597879,2.69713012933571,-6.74155944411051,2.7121857523353956,-0.24636,2.3194399999999997,173.4606294863444
2024-06-18 04:44:37,04:44:02.00,-0.002744251612247772,0.01003655085539976,0.9729248293045685,-1.2402762337026532,0.1359954215533766,3.756851840069315,0.19632000000000002,0.27484,175.1337733937151
2024-06-18 04:44:38,04:44:02.50,-0.02058556303706756,-0.004376494797441876,1.0104956935210059,-2.9121396045844192,5.560781164786107,5.1622810702871185,-0.8438,2.4710400000000003,177.54319097291628
2024-06-18 04:44:38,04:44:03.00,-0.06914366387450128,-0.029183703089358307,0.9874270155253541,-2.9861209729538603,4.922695976626885,2.0638818821621685,-2.1272,4.7256,179.48864958031845
2024-06-18 04:44:39,04:44:03.50,-0.10677037541541007,-0.05242693452607188,0.9960110447991286,-0.4290222517828367,0.5108617171851724,-0.1984353217653022,-2.85104,5.94676,179.9435357266515
2024-06-18 04:44:39,04:44:04.00,-0.10335942382074505,-0.05245149970436845,0.9960171627962662,1.2934472551364933,-2.4990969527558247,-1.2429570346496825,-2.70988,5.2032799999999995,179.58013045609667
2024-06-18 04:44:40,04:44:04.50,-0.07791538493998516,-0.04142706312073525,0.9973108568318529,1.7697411458585695,-2.9435596273375,-1.671141527466417,-1.95796,3.97624,178.8972856249854
2024-06-18 04:44:40,04:44:05.00,-0.0617054431196503,-0.02586449301437075,1.0009331563691353,0.8659649957308033,1.5504014579821737,-1.889104112490757,-1.4931999999999999,3.8362,178.06178015163633
2024-06-18 04:44:41,04:44:05.50,-0.07431615739598993,-0.022527975386745024,1.0012964037468817,-0.48345007292660497,1.194549058348985,-2.3523203594488584,-1.47608,4.4873199999999995,177.03897223140189
2024-06-18 04:44:41,04:44:06.00,-0.10204308152830745,-0.04720208817450331,0.9990256666280921,-4.591799688638237,2.333146822576328,0.42699861628134417,-2.7112,5.29052,176.33549365962932
2024-06-18 04:44:42,04:44:06.50,-0.13494490141242832,-0.09527552540490927,0.9947336957060972,-6.743405481861015,3.733814663537317,5.61516757501362,-6.010120000000001,7.8236799999999995,178.43213060228192
2024-06-18 04:44:42,04:44:07.00,-0.10816966842795966,-0.11959750576496646,0.9954570150856753,-0.22820951376231108,-4.288233099860578,2.077937452383221,-7.11332,6.858,-136.30810844118685
2024-06-18 04:44:43,04:44:07.50,-0.10743865882132318,-0.0801766193342007,0.9847806192888621,7.593117406720478,-0.1301254679769004,-8.343685299159544,-4.86172,5.39308,20.881676582550945
2024-06-18 04:44:43,04:44:08.00,-0.11451702148130063,-0.015576415559644332,0.9931275825839085,6.884348275389567,4.10611992619578,-9.360003531526923,-1.0663200000000002,7.07116,173.7813516365624
2024-06-18 04:44:44,04:44:08.50,-0.1400799608927275,0.023399905464599868,0.99925556595975,5.10885337157356,1.9913514756526838,-2.145844864867125,1.6890399999999999,8.32588,171.44600085634963
2024-06-18 04:44:44,04:44:09.00,-0.15004413308842698,0.04462162363634206,0.9898255862299947,-2.044599866132616,-2.376410434261379,-1.0921096774090555,2.17952,8.11464,170.70970675421492
2024-06-18 04:44:45,04:44:09.50,-0.11826385161200827,0.0070353056729771804,0.9881143373630934,-9.006244006245204,-7.180196867770061,-1.109846210099804,-0.75532,5.7667600000000006,170.39711227153563
2024-06-18 04:44:45,04:44:10.00,-0.03105446137996413,-0.10795015022422115,0.9896043238053882,-5.129653317976364,-8.163630420395007,-5.128133702815664,-5.42976,1.21068,168.7197676574837
2024-06-18 04:44:46,04:44:10.50,0.015118807787786124,-0.07058602242921248,0.9860081362945852,6.4230306305691,0.1154480455332737,5.377868763472867,-3.9002800000000004,-0.25712,168.80542993265698
2024-06-18 04:44:46,04:44:11.00,0.00404075240608438,-0.041850918236901145,1.0043463538964608,0.021566162666410062,3.534581962251956,4.171463010148456,-2.6634,0.8345199999999999,171.59348748107158
2024-06-18 04:44:47,04:44:11.50,-0.03271580632419415,-0.041408578130361716,1.0009751669531999,0.8580100338613942,3.021567094715969,-1.3785253437681038,-2.29096,2.21776,172.20825473366895
2024-06-18 04:44:47,04:44:12.00,-0.05465878791344915,-0.06435263722832445,1.0068738013722838,-0.1545206652579564,1.90079938936022,-2.0615849981942596,-2.5262000000000002,3.46896,171.3072929125705
2024-06-18 04:44:48,04:44:12.50,-0.07288480036378293,-0.06723023743810586,1.0004157013444248,5.498017654528223,-0.37351243886757957,-2.9776284211284603,-1.995,3.92976,170.10172297304965
2024-06-18 04:44:48,04:44:13.00,-0.062206758165486986,-0.00937269647072698,1.0007084853643686,3.4498882989901984,-2.3825145049399925,-4.138446002530599,-0.18092,3.07968,168.61065920210444
2024-06-18 04:44:49,04:44:13.50,-0.07113360712226084,0.07920514875843318,0.9909778400578957,2.8265218451930267,4.119880948611379,2.1946892326576157,2.76816,3.9764799999999996,167.6472644536208
2024-06-18 04:44:49,04:44:14.00,-0.07352148394076984,0.01883512402000101,0.997649414400643,-12.9579739231289,-5.0101454371857645,1.3691710147434,-0.35676,3.96,169.19745383023616
2024-06-18 04:44:50,04:44:14.50,-0.030074512993884715,-0.06918542738242646,0.9911450657968375,0.9253053637349907,-0.44210295060842225,-0.8794242198945509,-3.30716,1.7991599999999999,169.0971817619119
2024-06-18 04:44:50,04:44:15.00,-0.03637672526924114,-0.05547215752252593,0.9969357789303909,2.8694016021852717,1.0236772121828046,-1.2875904148991923,-2.31564,2.53184,168.63827634569054
2024-06-18 04:44:51,04:44:15.50,-0.038986891813146476,-0.024168568832325023,1.0007191401892137,0.7243885683794771,-0.9252893534577511,-1.3677572115112846,-1.3606,2.1008,168.03490608931173
2024-06-18 04:44:51,04:44:16.00,-0.030888477034873435,0.00013560830201486018,0.9979386489802532,2.017781327472032,0.7790671423536302,4.28480764505398,-0.938,2.1614400000000002,168.393847474749
2024-06-18 04:44:52,04:44:16.50,-0.04038025048524095,-0.0015650616210390559,1.0037680011287131,-5.662706625810155,1.2947663695181615,-0.47474080388977163,-0.7316400000000001,2.47112,169.75121435458811
2024-06-18 04:44:52,04:44:17.00,-0.03744741081312914,-0.10663732619201373,0.9937875512881388,-8.757292452634248,-0.2697021199826114,-5.486304000598302,-5.528199999999999,2.7721199999999997,168.84424330501992
2024-06-18 04:44:53,04:44:17.50,-0.03419780650190688,-0.17362463264638156,0.9919419480241299,-2.011798713664678,-1.682394373903002,-6.5949989629770815,-9.200520000000001,1.36884,164.88486786748516
2024-06-18 04:44:53,04:44:18.00,-0.012653889988065804,-0.1575501808284087,0.982358955767404,10.016393890279431,-1.6449509842335701,-0.3601401552434145,-6.917039999999999,0.29103999999999997,163.78146713881677
2024-06-18 04:44:54,04:44:18.50,-0.011767387454869301,-0.06358199361650287,0.993846391590522,4.740155844660803,2.9421347130189055,-0.3279998618679088,-3.4186,0.96796,163.62674624788832
2024-06-18 04:44:54,04:44:19.00,-0.05738658538908561,0.00628251475119464,1.0026344721472658,6.914201614308958,5.5571466167494465,-3.126848853385141,-0.38468,3.19504,163.09436576579031
2024-06-18 04:44:55,04:44:19.50,-0.06991873556835085,0.0343109147795072,0.9930852653661176,-1.9695048910677826,-1.2939131415165193,1.232447658161285,1.5310400000000002,4.51232,162.3282154069564
2024-06-18 04:44:55,04:44:20.00,-0.06157947956399603,0.011049398227457416,1.003388659704817,-5.468209402081039,-2.357804363593776,-1.3222134084559207,-0.7388800000000001,2.7642399999999996,162.6153921750043
2024-06-18 04:44:56,04:44:20.50,-0.0501212112361832,-0.034013171997376565,1.0026465487695635,-1.296519882073512,0.5486158061419762,-1.979682749893044,-2.13336,3.0087599999999997,161.7056779114215
2024-06-18 04:44:56,04:44:21.00,-0.08375823966135128,-0.01306054632116938,0.9971870041918995,4.947311371032078,1.5222477470204316,-4.780992908888717,-0.78372,3.55332,160.06090142417852
2024-06-18 04:44:57,04:44:21.50,-0.11388794892018721,0.03121410104061266,0.9960621089833781,1.769004011156923,6.322169470727915,8.032917495522854,1.84168,6.0424,160.9011177019517
2024-06-18 04:44:57,04:44:22.00,-0.14061489356056783,0.03974428464395424,0.9923421577950506,-2.6285350699410723,-2.0114933213683184,4.272017164910421,1.96536,7.31432,164.54673682306236
2024-06-18 04:44:58,04:44:22.50,-0.06652345898277658,0.010392304779555373,0.9960084103138204,-3.227434354631078,-9.138008961767941,-0.6465907868178461,0.19635999999999998,3.43876,165.1938276761189
2024-06-18 04:44:58,04:44:23.00,-0.040410240629902276,-0.014545709294177528,0.9955665174100571,-2.530820308330382,5.215759340379513,0.15719432315837484,-1.20952,2.97608,164.86266081120658
2024-06-18 04:44:59,04:44:23.50,-0.07709019204252661,-0.03198246023433623,1.0021358329709238,0.08779824857856613,1.0230669877806733,-4.155966139123981,-1.49356,5.44832,163.9447754712065
2024-06-18 04:44:59,04:44:24.00,-0.04487024323337759,-0.05991750273225096,0.9946880619071221,-2.61907485633797,-7.839693515452894,-1.468343848136805,-2.49096,1.9018000000000002,162.64083399045398
2024-06-18 04:45:00,04:44:24.50,0.005499357255349221,-0.07170370247292326,1.0009341258333095,0.5621994605947305,3.498203479792394,-5.05158107387189,-4.0946,0.31472,161.24314704046228
2024-06-18 04:45:01,04:44:25.00,-0.052959862153373526,-0.05802818596750881,0.9931104201008389,2.308269999901686,7.04856587039634,-1.9890962428803496,-2.6660000000000004,4.00408,159.27419706819083
2024-06-18 04:45:01,04:44:25.50,-0.10320673731114972,-0.03675290823532341,0.9979833649249272,0.33008822715279323,0.4297539474156673,0.3098520366685926,-2.1940399999999998,5.469919999999999,158.96908095111954
2024-06-18 04:45:02,04:44:26.00,-0.10644129369180683,-0.08015506628411352,0.9956063323384977,-8.553344587902847,0.8128312429188695,11.640382900343354,-4.4242799999999995,5.74116,162.8320736455594
2024-06-18 04:45:02,04:44:26.50,-0.1108350712149857,-0.13737336377395765,0.9886103884209615,0.8681122233199209,-3.6757121357424314,-4.446395079414374,-7.153160000000001,5.525,164.14777036609496
2024-06-18 04:45:03,04:44:27.00,-0.0726671815016317,-0.0887778087685998,0.9872289091187945,11.74569659534627,-3.220141515464469,-3.724460437396725,-3.4592,3.3788400000000003,161.79842184579581
2024-06-18 04:45:03,04:44:27.50,-0.04698315684766282,0.04367330922504168,1.0008867545680011,8.097707177697592,0.03510450466253982,-1.9537162828780297,1.89996,2.84476,160.69741839952667
2024-06-18 04:45:04,04:44:28.00,-0.05467840565715083,0.08409225003959421,0.9949368546468935,-3.5150006748542717,1.186702844763279,-2.4547516019478004,3.04728,3.37868,159.490965736988
2024-06-18 04:45:04,04:44:28.50,-0.061273952704300944,0.040481431101924426,1.0012191522483578,-5.664669713605026,0.21766891929224472,-0.9463228731254161,0.8386,3.45864,158.7356561069298
2024-06-18 04:45:05,04:44:29.00,-0.06096216056348618,-0.009368441259103556,0.9956175913103555,-2.044371232677989,-0.7221769575570854,-0.6083790350199171,-0.7025199999999999,3.44984,158.52652445743715
2024-06-18 04:45:05,04:44:29.50,-0.058618090290534185,-0.02228401675460707,0.9978248623553095,1.0000821089703271,0.27497963982873636,-0.6613202460788675,-0.8741599999999999,3.27524,158.18491262966052
2024-06-18 04:45:06,04:44:30.00,-0.06345155657542993,-0.010817022676781127,0.9978385501531681,1.286086620124434,2.101611682444208,1.5555484627215082,-0.29308,4.0728,158.41239763041537
2024-06-18 04:45:06,04:44:30.50,-0.08102878644387877,-0.0007750489339861588,0.9991113581061244,0.27297994792253716,0.5910225555790286,0.5325743287054079,-0.04168,4.58876,159.51348259740607
2024-06-18 04:45:07,04:44:31.00,-0.09128931324471502,0.043431637385852706,0.9946934604305759,5.722307888845095,1.867940582603552,-6.485275715153117,1.8784,5.3122799999999994,156.6591485077126
2024-06-18 04:45:07,04:44:31.50,-0.10566768790521065,0.05877584019696947,1.0009896536845222,-1.0870315527739152,-1.5230795718528134,0.83967052903266,2.9291199999999997,5.5521199999999995,156.4068556292863
2024-06-18 04:45:08,04:44:32.00,-0.0867195382703167,0.028545876679001513,0.9938147187849247,-4.08309451570068,-2.5908613318848053,0.014796623020088972,1.82756,4.54528,156.60294619168238
2024-06-18 04:45:08,04:44:32.50,-0.06446267926161822,-0.018212783452315407,0.9968095373281908,1.4253540746928544,0.6883362904567474,0.12019708167155826,0.14232,3.9154,156.74625828219735
2024-06-18 04:45:09,04:44:33.00,-0.0715420760788697,0.006072887240895452,0.998566587964301,0.35697933481920274,-0.3953480194510711,-1.199941570690939,0.83328,4.33756,156.52402711976774
2024-06-18 04:45:09,04:44:33.50,-0.07245025494216648,-0.0028406385000217882,0.9632757722183402,-10.541908304907425,5.654707371510719,-3.8807310155588017,-1.7680799999999999,5.03676,155.39893167611228
2024-06-18 04:45:10,04:44:34.00,-0.12433393677048889,-0.11764550671926534,1.0007026203127984,-12.415959226418217,3.9553579568857247,-5.037507537205528,-8.61224,7.7377199999999995,153.1782607315323
2024-06-18 04:45:10,04:44:34.50,-0.13980855965483643,-0.16390248556340417,0.9775617297543397,7.904428749517681,-2.101896757749847,-0.2152047290469817,-9.013160000000001,7.27856,151.60549849665347
2024-06-18 04:45:11,04:44:35.00,-0.12407964020094014,-0.1181622019764223,0.9988424785714979,12.120655395837845,-2.0134462567389506,0.779705941322636,-3.33152,6.83176,152.04534548406406
2024-06-18 04:45:11,04:44:35.50,-0.10195505557663243,-0.01764615685956399,1.0040486469317236,6.06296495738437,-4.886440089755599,0.21373858601346754,0.10059999999999998,4.81572,152.50302082340647
2024-06-18 04:45:12,04:44:36.00,-0.0631605289282445,0.02633516509821508,1.0070466455278022,-2.6621591618755773,-1.8096940564635744,-1.9451594685550804,0.51692,3.3362,152.05566125053218
2024-06-18 04:45:12,04:44:36.50,-0.05492503143781735,-0.006191954273241376,1.005105294356498,-6.614682766870136,1.7614963556242265,-1.6792498295697231,-1.8476400000000002,3.6869600000000005,151.0905107844542
2024-06-18 04:45:13,04:44:37.00,-0.06512946508959766,-0.06058655989442582,0.9991437090541564,-2.7479626304791025,0.2336974380519476,-1.2285198767907821,-3.90408,3.9023199999999996,150.46442709052332
2024-06-18 04:45:13,04:44:37.50,-0.06579348859929317,-0.07784362751148931,0.9916115254608355,1.5490077405536715,-0.9494303491455427,-0.7663096503019655,-4.03848,3.6781599999999997,150.03206727589705
2024-06-18 04:45:14,04:44:38.00,-0.05696161084720199,-0.05536266070706259,0.9943891229550097,4.495394402005002,-1.3613775077451455,-0.7792874045219801,-2.4844,3.0395999999999996,149.7376564261298
2024-06-18 04:45:14,04:44:38.50,-0.048912397281193114,-0.017432807618208458,0.9975647953284635,2.378217945825094,1.4740753606008405,-0.5912657217220197,-0.77776,3.0439999999999996,149.36150175142686
2024-06-18 04:45:15,04:44:39.00,-0.07183928207961325,0.031832439115627637,0.9959040444810586,4.452747672086701,2.7316708490256842,2.934190803383469,1.17216,4.27088,150.66592693310903
2024-06-18 04:45:15,04:44:39.50,-0.08832783167730252,0.014372122269448189,1.0011629676695657,-4.192300363802077,0.4619002056522059,-1.3478390457569338,1.18836,4.9952,150.58061151450246
2024-06-18 04:45:16,04:44:40.00,-0.12619459853011483,-0.039398971734148136,0.9915320596404962,-9.875233379317185,3.4614782853136377,4.047252217592607,-3.20724,6.87048,151.09038741622612
2024-06-18 04:45:16,04:44:40.50,-0.09360865118264117,-0.09296042334430771,0.992821948303855,-3.8131696503211474,-5.156459397792629,7.046935863207487,-6.08788,5.5646,153.86507594074428
2024-06-18 04:45:17,04:44:41.00,-0.07488007493122766,-0.0993740504659428,0.9760723898762717,1.5489609494724355,-2.7946159365138983,36.37464897115953,-4.63032,4.93096,164.7626193053789
2024-06-18 04:45:17,04:44:41.50,-0.07097398169194809,-0.06782732988374866,0.9919225139598532,-1.6234627952133187,-3.2327758606089714,20.652732559824393,-4.1832,4.10976,-35.38341789948809
2024-06-18 04:45:18,04:44:42.00,-0.055602558817186384,-0.06802074533915162,0.9992024124894033,-0.03956300781324563,-2.254220389114096,-1.807548888641019,-4.0766,3.08756,-174.69969096601585
2024-06-18 04:45:18,04:44:42.50,-0.029768752933908384,-0.07717773094016155,1.0030953899181076,-0.6167520933733358,-2.1462733305117,-35.870746627661816,-4.60696,0.9987600000000001,88.85569011013351
2024-06-18 04:45:19,04:44:43.00,0.006228839973271243,-0.07516253687284125,1.0022296616669866,3.219463393222161,1.9331119763835076,-45.094069425305285,-3.81844,-0.50884,154.19309803571784
2024-06-18 04:45:19,04:44:43.50,-2.1520998125115905e-05,-0.03760783692157052,0.9995148911059126,4.819922051070179,4.3659432304058186,-45.54319394770859,-1.5954400000000002,0.33,131.61400516926685
2024-06-18 04:45:20,04:44:44.00,-0.031667521473707286,-0.0003156392826984121,0.9910409976057418,3.8151684034040643,1.6639695105105219,-34.524952036978625,0.17764000000000002,1.47568,110.41592690261348
2024-06-18 04:45:20,04:44:44.50,-0.06129688558712479,0.015391027207886033,0.9959047793631949,-0.3816923788119202,3.35878446918363,-12.521925798413625,0.54216,3.3362,100.12935140142578
2024-06-18 04:45:21,04:44:45.00,-0.08577167882402362,-0.010985587326064528,1.0037464858788987,-5.685516992980381,0.8371135689602245,-50.175141656243724,-2.43072,4.30024,84.88053995748236
2024-06-18 04:45:21,04:44:45.50,-0.06519056425346942,-0.08277388163000285,0.9957218549781703,1.524506896747345,-1.2992410755716854,-55.51912993266052,-4.65704,2.35232,57.77664767345127
2024-06-18 04:45:22,04:44:46.00,-0.022974582928380123,-0.08585411263082328,0.9962480999412503,2.325892501614684,2.5276993257584217,-54.1452688893956,-4.37816,0.9146,30.252122509636646
2024-06-18 04:45:23,04:44:46.50,-0.006522862722473199,-0.07048042448798877,1.0159026867425403,-0.6702648506590032,6.214923281617969,-21.711440740865456,-4.39336,0.96636,10.594528064549955
2024-06-18 04:45:23,04:44:47.00,-0.0577825537364523,-0.07503749753584321,1.0136730844188235,3.63680078137711,3.971389445322137,-6.2822189465793965,-3.5664800000000003,3.69212,4.853439193041144
2024-06-18 04:45:24,04:44:47.50,-0.08515024560505212,-0.04448169615562307,0.96908669843149,3.9078996460577247,-0.9495056991277676,-0.8505888666818651,-2.00988,4.0746,3.3246019388025023
2024-06-18 04:45:24,04:44:48.00,-0.08926211005615681,-0.004294799761246428,1.0191211891017193,6.153955050565479,6.798868056513132,0.3647305988658945,0.54304,5.9576400000000005,3.3874486749214636
2024-06-18 04:45:25,04:44:48.50,-0.14182394853911195,0.04331940998424716,0.9955580430597395,1.5714089764350714,0.5166682520233112,1.434192967857814,2.43696,7.7532000000000005,3.7678310582188783
2024-06-18 04:45:25,04:44:49.00,-0.11846294621659219,0.03920558443163753,0.9998339533334183,-10.438591055959671,-13.894892293252997,5.887091806632584,-0.04471999999999999,3.9667200000000005,5.739289773671925
2024-06-18 04:45:26,04:44:49.50,0.0029443876076071683,-0.046180003062331894,0.9618881972372609,-7.419228931762798,-9.039637065576372,5.498896789957711,-3.82712,-1.22716,8.89983586264979
2024-06-18 04:45:26,04:44:50.00,0.04860205721945213,-0.09251073738763665,1.0206971768620432,3.543480158602209,7.466220819363866,6.357328517842587,-4.2702,-0.54004,11.652088385819201
2024-06-18 04:45:27,04:44:50.50,-0.009544147386238357,-0.06193517477882229,0.9787753071704848,3.0291823905144613,-0.49459168614790683,5.4064025135391365,-2.74824,0.86208,14.891325494539746
2024-06-18 04:45:27,04:44:51.00,-0.010794922802293801,-0.038036297717199234,1.0010067120099564,0.9027269894685362,1.0801789980125924,3.7284484462618934,-2.05668,0.86616,17.01912483480821
2024-06-18 04:45:28,04:44:51.50,-0.010494013441668388,-0.031233035940570666,0.9804051661175457,1.9865296578255314,2.066243346994033,16.877638582086657,-1.50944,1.20204,20.9430065131671
2024-06-18 04:45:28,04:44:52.00,-0.046145118400424366,-0.01267053139853922,1.0028997841173217,-0.6949311598708928,2.592591743279887,42.62756956297098,-0.41692,3.0297199999999997,37.22735705179901
2024-06-18 04:45:29,04:44:52.50,-0.0560963738557303,0.002224066577959504,1.0031424354533158,-0.6246437580074259,-0.4871670020411213,47.17860894796403,0.36676000000000003,3.1943200000000003,60.14702527377023
2024-06-18 04:45:29,04:44:53.00,-0.04187726409917596,0.010732561304125436,1.001410143790146,-3.370137607771869,-0.4923864403673088,49.49111621904213,0.50676,2.52172,84.30301288976294
2024-06-18 04:45:30,04:44:53.50,-0.0347607058253168,-0.002183127875102556,1.002825942626972,-3.1250661541542404,1.7054635823612072,52.195123035990626,-0.1318,2.6962,109.8606569170942
2024-06-18 04:45:30,04:44:54.00,-0.047568990509308684,-0.014636121712180459,1.0020087409001794,-4.010054569371676,0.2074854314062535,48.115790673554685,-0.8084399999999999,3.13572,135.90750105028278
2024-06-18 04:45:31,04:44:54.50,-0.052525039725433986,-0.035424722895147184,0.9988022021738524,-4.934874983122489,0.11920668699387785,20.386017780632436,-2.2285999999999997,3.2116000000000002,153.18694102344855
2024-06-18 04:45:31,04:44:55.00,-0.06542474758883712,-0.07535192315556062,1.00021747500481,-3.407515584363097,0.6501101250005534,4.383753371813861,-4.48436,4.0624,158.33722536596727
2024-06-18 04:45:32,04:44:55.50,-0.0557964386601075,-0.09105628163842054,0.9722625071601233,1.7232807787085551,-7.047191515216228,4.235492204755481,-4.55656,2.01684,160.05578433296904
2024-06-18 04:45:32,04:44:56.00,-0.00903497799414252,-0.06158757361582201,0.9952489301124099,6.437272774758612,1.3659139844059371,7.4298048653813735,-2.29576,1.18604,163.11082561036764
2024-06-18 04:45:33,04:44:56.50,-0.024706693019717407,-0.016880085028019062,1.0027751162472622,1.1305644465492524,0.23366243671043269,4.555829550570619,-0.7783599999999999,1.65192,166.6277800996842
2024-06-18 04:45:33,04:44:57.00,-0.04103857645361721,0.028654472913487085,1.0039181094468794,5.201688061147697,4.6891980458811915,-12.36680474807445,0.76068,2.7882800000000003,164.95195724395805
2024-06-18 04:45:34,04:44:57.50,-0.07271858716303382,0.032650996240917315,1.007931582892377,2.3012188679688217,2.3138533612366725,-9.240384784226869,2.7618,4.8798,158.4824300270657
2024-06-18 04:45:34,04:44:58.00,-0.10278310061750445,0.06163454610181726,0.9997330707249027,1.7662319925430157,-0.42944577518473337,-0.03373216234772494,2.80308,4.91232,156.54993966642883
2024-06-18 04:45:35,04:44:58.50,-0.09271603382527895,0.060692338453056605,1.0024369699579112,-0.44630061064186577,-1.8060602142612239,0.8437917356657719,4.04068,5.02548,156.87650206979458
2024-06-18 04:45:35,04:44:59.00,-0.07238989852405918,0.04441423220612692,0.9998667328637609,-6.642968450989685,-1.3270083259620906,2.173294817010982,1.5785200000000001,3.8904,157.8715063244151
2024-06-18 04:45:36,04:44:59.50,-0.07098236493828683,0.013916444448572199,0.9953391894129989,1.0057178589019287,0.22388380175811876,-6.070707570759452,0.02128,3.7668,157.54566669762124
2024-06-18 04:45:36,04:45:00.00,-0.06482252768514636,0.015914443537229424,0.998162034087926,2.444644257172622,-0.18641395927391258,-3.770883556775681,2.13452,4.25808,154.28649129806374
2024-06-18 04:45:37,04:45:00.50,-0.07369118629533584,0.04885910405930061,0.9955224381509926,4.229785067395894,-0.09625313046841512,-1.8393148831167465,2.43216,3.53852,153.0281962384036
2024-06-18 04:45:37,04:45:01.00,-0.08582049800754482,0.10293247358112335,1.001025531907328,5.5654257170092425,5.4400324842143,3.2741672879149437,6.30988,5.646319999999999,153.39466852887878
2024-06-18 04:45:38,04:45:01.50,-0.12094136121521126,0.12066778325370113,0.986934209149466,-5.451585778074745,1.2126334053093926,0.5307469399097677,5.973920000000001,6.914199999999999,155.1525107936778
2024-06-18 04:45:38,04:45:02.00,-0.12110203802445786,0.0553206838832498,0.9863586150712965,-12.076572444510386,-0.7658340829902027,-3.6102472518808018,1.30528,6.74492,153.83982310332735
2024-06-18 04:45:39,04:45:02.50,-0.11226606497306556,-0.05952208104391958,0.9812720371258795,-13.590583000789163,-0.22039038783696746,-3.266189141281995,-5.0884,6.448919999999999,152.18743006677104
2024-06-18 04:45:39,04:45:03.00,-0.07442368552132424,-0.23437951208218652,0.9666455025570805,-14.91275566486945,-9.024369246162756,2.7498881804914648,-12.9716,3.8988,151.41421543361398
2024-06-18 04:45:40,04:45:03.50,-0.012570130131270412,-0.3536099620038977,0.935265682607463,-4.85273856524149,-5.566948229844895,-0.8635458099160728,-18.70828,0.53928,153.64591340442516
2024-06-18 04:45:40,04:45:04.00,0.040723095995291524,-0.3525532335663104,0.9371587428399386,5.830252977526981,-1.6076934648522194,-2.269261960276875,-18.628320000000002,-1.95436,151.6086659829263
2024-06-18 04:45:41,04:45:04.50,0.041304888655352805,-0.2821358235452259,0.9586622310960764,10.03126643322742,4.868650397925915,-1.043604045070416,-14.816399999999998,-1.17348,151.47352359788755
2024-06-18 04:45:42,04:45:05.00,-0.00406589391784264,-0.1932334017890048,0.9835509960562027,9.487176322578646,3.7205998668522087,-4.837652582075972,-10.09248,0.47664,149.69058376551897
2024-06-18 04:45:42,04:45:05.50,-0.037058678061074456,-0.11660275886911568,0.9986653001682626,4.250940427797075,2.6535386464910475,-1.1462099667314545,-6.77,1.9264,148.22487127041407
2024-06-18 04:45:43,04:45:06.00,-0.058290449706585735,-0.08461283599290273,1.0008798303512842,-1.1666903032954212,0.9200996152691187,0.5059409081301669,-5.996320000000001,2.99632,148.35365767103477
2024-06-18 04:45:43,04:45:06.50,-0.06597445776176006,-0.09448933323021237,0.9970542587217602,-1.002689193040434,1.3201217474926414,-1.395056583525732,-6.29348,3.6716,148.2392604397538
2024-06-18 04:45:44,04:45:07.00,-0.07713225427577694,-0.09373736972718166,0.992481139662661,3.202444787227973,0.33468527530107667,-3.037678202171575,-5.397519999999999,4.20252,147.02723082879035
2024-06-18 04:45:44,04:45:07.50,-0.07697352668510245,-0.05877811883047438,0.9891262365446483,5.728625578115149,-2.9511511358761653,-1.931274434748107,-2.96948,3.5146800000000002,145.8895061618728
2024-06-18 04:45:45,04:45:08.00,-0.04927197836229449,-0.011144357247197288,0.9964747721577473,4.913483510229803,-2.2595384345901497,-0.8453710077449139,-0.40372,2.32748,145.25394188138165
2024-06-18 04:45:45,04:45:08.50,-0.056173794758660266,0.07399291838237237,0.9976390903875277,9.64893904161258,2.8922418791711326,-4.460676271806388,3.94048,3.1006,143.95464650273914
2024-06-18 04:45:46,04:45:09.00,-0.07636777957080398,0.1549640671679582,0.9844256569117601,9.014808868666856,2.0436931587139826,2.713765544938742,8.67464,4.322559999999999,142.83607124765894
2024-06-18 04:45:46,04:45:09.50,-0.09604776143771375,0.26412469827520413,0.9761770251026699,6.579954213118551,2.8391608723878123,6.350950662083391,14.27636,5.2035599999999995,146.17011562801144
2024-06-18 04:45:47,04:45:10.00,-0.10077537798489201,0.2851437967945929,0.9614480829593848,-3.0716970450048176,0.3198135711965813,1.3002715180281534,15.32828,5.33912,148.34875537092046
2024-06-18 04:45:47,04:45:10.50,-0.1023009284288971,0.23168585601103064,0.9610957496688255,-11.053079630055533,1.8982632299984552,-4.313484562470422,11.53596,6.40076,147.17498882432227
2024-06-18 04:45:48,04:45:11.00,-0.09980684020217037,0.07439463660606678,0.9843498598565985,-17.62782726758792,-3.060699755369732,-2.315395786375359,3.74524,6.015280000000001,145.5570988376438
2024-06-18 04:45:48,04:45:11.50,-0.10542452604364339,-0.07975331098606414,0.9818031522609313,-16.723809851553195,-0.24426527560268144,3.0551508652349653,-5.150040000000001,5.00028,146.11760365480652
2024-06-18 04:45:49,04:45:12.00,-0.0742281470294404,-0.2024785107566945,0.9748458307594925,-5.052276335227386,-2.9465634890096863,4.4780374851851255,-11.04904,5.1568,147.70551557329173
2024-06-18 04:45:49,04:45:12.50,-0.025729537673918657,-0.15943472470681397,0.9750337640290142,15.44942497964328,-7.97626544958629,-8.401160667135338,-7.43388,1.05016,147.04947021821945
2024-06-18 04:45:50,04:45:13.00,0.022742876689285846,-0.07143679792159492,1.006035234215503,8.661283415917806,1.6362248351918345,-12.49620992261113,-1.48584,-0.65776,141.59115004172
2024-06-18 04:45:50,04:45:13.50,0.004464788912264964,-0.021423516180836294,1.0000849373654042,-0.6850358411847307,2.054189152658269,25.15703182940414,-1.06448,0.34184,143.04367984968866
2024-06-18 04:45:51,04:45:14.00,-0.02611833255307746,-0.009449712805542356,1.0113600609540083,-1.124376765145794,4.865811652451701,35.26688587734648,-0.91224,2.27296,161.64131308116993
2024-06-18 04:45:51,04:45:14.50,-0.07001388217001824,0.012666833608134169,1.0050547421270195,4.264718627983549,2.9617465433502748,-4.9116174397965935,-0.15023999999999998,4.34584,169.16543556525798
2024-06-18 04:45:52,04:45:15.00,-0.10137735346592464,0.08328625263475481,1.0007826061641074,12.389767886868853,4.508684002695238,-2.593807459258737,5.64892,6.23196,165.74633628352905
2024-06-18 04:45:52,04:45:15.50,-0.13011377981893094,0.16406043646762838,0.987682239766527,7.145865636327304,0.20699851637425226,1.2747043238782674,10.10136,7.212759999999999,165.60583737641562
2024-06-18 04:45:53,04:45:16.00,-0.13242298199233085,0.20470376599885412,0.9768336868149169,-2.1938929005291934,-1.5910130297431104,-1.8439219468714683,11.29564,6.92256,165.86667855695086
2024-06-18 04:45:53,04:45:16.50,-0.10898431573095854,0.11558882717291251,0.965716343235353,-20.9849926724777,-2.711545690819416,-3.543898070731851,4.54056,5.93232,164.2158107798781
2024-06-18 04:45:54,04:45:17.00,-0.09347167315116751,-0.0708623717045427,0.9739506492424662,-22.66021622056578,0.04965770692237246,-4.081689127174981,-7.16528,5.270840000000001,162.48175067250943
2024-06-18 04:45:54,04:45:17.50,-0.08841702175896064,-0.2286904070804806,0.9657342734810306,0.863794382579596,0.7232233047707674,-4.50471426421332,-11.876759999999999,5.19868,160.3810190548589
2024-06-18 04:45:55,04:45:18.00,-0.09100092036631599,-0.17168022385662757,0.9743954906802647,15.670401311370533,2.4734552799567737,-8.615934928019627,-7.6151599999999995,5.32464,156.88165053783732
2024-06-18 04:45:55,04:45:18.50,-0.12410901343194122,-0.036370549068232734,1.0034296439824792,10.044067786357589,6.317467787083736,3.2958909790592594,-1.04832,7.6772,155.72812281530568
2024-06-18 04:45:56,04:45:19.00,-0.1667664251010171,0.02463345787949072,1.0006266173854486,-0.35123499166979555,0.13821144601602484,6.223748511590119,1.3134800000000002,9.29176,158.56277013359747
2024-06-18 04:45:56,04:45:19.50,-0.1294753428675902,-0.038783931097054136,0.9962820006677906,-10.637028489894998,-8.65278661850598,12.294151521637106,-1.6865999999999999,6.37268,163.2311117294993
2024-06-18 04:45:57,04:45:20.00,-0.0704871385581488,-0.10612207695677872,0.9979339612464488,-8.688516365319733,-4.760519918546439,0.1462445847295575,-7.44432,3.2894799999999997,166.21095203653707
2024-06-18 04:45:57,04:45:20.50,-0.03713062869244931,-0.1353852771622711,0.9940166738886087,0.8609003700592969,0.9971986045758497,-2.0056885314767685,-7.8193600000000005,2.55548,166.21282970955758
2024-06-18 04:45:58,04:45:21.00,-0.027016097366550754,-0.1781022330510918,0.9824299925839602,-7.587555509738029,0.8909681643003664,-3.9010327039747477,-10.14204,2.49148,164.40702820001673
2024-06-18 04:45:58,04:45:21.50,-0.034500343609360405,-0.23447376661167105,0.9844168515004914,-9.962500140341865,-0.23417130537202804,-3.4181668268389838,-14.9386,2.0286,162.63390178886016
2024-06-18 04:45:59,04:45:22.00,-0.028579353132614407,-0.297257354898058,0.9547145928092031,3.1217489527507034,1.3368145950503563,-4.091108220370871,-16.46072,1.6978,160.7942798524984
2024-06-18 04:45:59,04:45:22.50,-0.040962192405402505,-0.2191393615901721,0.957964865247098,18.13305467525694,3.2211379588668363,-3.11545172363793,-10.84436,2.3890000000000002,159.03226716411294
2024-06-18 04:46:00,04:45:23.00,-0.06633284720626158,-0.06255738633000614,0.9900136892655134,17.683858629647997,1.045857948561302,5.639735014651271,-1.02008,3.9940800000000003,158.9278994164896
2024-06-18 04:46:00,04:45:23.50,-0.053193731624214396,0.02895214473977263,0.9967838408899243,-2.8670688712952583,-3.813447066284843,-3.1582550286448123,0.93524,2.50632,160.91618432524433
2024-06-18 04:46:01,04:45:24.00,-0.0327287017284259,0.006183146611071464,1.0140810222627552,-9.183136917314608,-2.1179864529532044,-5.31139633221199,-1.9694,1.48388,158.36709627857593
2024-06-18 04:46:01,04:45:24.50,-0.017302889866693306,-0.06776046350463737,1.0087156461785864,-7.521253961667899,-0.1895343533525284,-3.7097309495365263,-5.7697199999999995,1.24416,155.96910643139728
2024-06-18 04:46:02,04:45:25.00,-0.017373872966730586,-0.12394027670742856,0.9931505963786473,-1.9581070364522517,1.7871340313408133,-1.7103066795329025,-7.40856,1.5452000000000001,154.82623802228372
2024-06-18 04:46:02,04:45:25.50,-0.030804281540596987,-0.13511446373056502,0.9827111195896775,0.8261391831379525,3.4238514068409667,-0.09994535747088219,-7.56504,2.6977999999999995,154.3973782676137
2024-06-18 04:46:03,04:45:26.00,-0.06197420800063776,-0.1229488914640339,0.9845407440856953,3.973706803569278,2.9400366465095917,1.1942986155136817,-6.27596,4.13592,154.83274279404068
2024-06-18 04:46:03,04:45:26.50,-0.08628504452281406,-0.08804022169203898,0.9908570444345268,3.6125913675683368,0.7157273536107998,0.22580238541843375,-4.45316,4.93068,155.41581155492142
2024-06-18 04:46:04,04:45:27.00,-0.09683713892868998,-0.06021666407368554,0.9974866444492788,1.302962247484208,0.5099241720419885,-1.9094020943087109,-3.56192,5.28876,155.00863971793163
2024-06-18 04:46:05,04:45:27.50,-0.11562757242533417,-0.006079402397994219,1.0008454653794023,9.27712981405253,-0.05986535782185665,-4.985426452182331,-0.35284,5.73716,153.13349038768348
2024-06-18 04:46:05,04:45:28.00,-0.11296119842874591,0.10326325788538818,0.988187008347766,14.802549461986892,0.6280367757174352,2.609295337990874,6.36784,5.71736,152.80104338550288
2024-06-18 04:46:06,04:45:28.50,-0.11877192754472954,0.1947691485084346,0.9799265301237132,-0.9756926600486803,2.02441857784752,-0.11935463043683196,9.965119999999999,7.06616,153.21940140846817
2024-06-18 04:46:06,04:45:29.00,-0.12893847080097556,0.1661882611935918,0.9795548338872285,-6.3477870975455986,-1.045346810986544,0.5783830403471851,8.171520000000001,6.96696,153.7474221689488
2024-06-18 04:46:07,04:45:29.50,-0.11882183326609917,0.10057156459658433,0.9838014957138794,-7.169013513438113,0.4436032148359589,-3.0581539051282407,4.83836,6.98564,153.06164513571548
2024-06-18 04:46:07,04:45:30.00,-0.1212873524480731,0.030982477438975645,0.9883862183102008,-7.000355906611957,0.2192536234820225,-2.268493213887796,1.30896,7.292039999999999,151.62220306694186
2024-06-18 04:46:08,04:45:30.50,-0.11210616437970045,-0.03328796367192582,0.9881105790916008,-5.646274218397488,-2.6179562018939566,-1.7413413193952851,-2.0697200000000002,6.311240000000001,150.84998638675384
2024-06-18 04:46:08,04:45:31.00,-0.0859621544881468,-0.08656193235260712,0.9870810740158008,-3.3601939029385957,-1.8572374453559635,-1.1975786550415786,-4.512,5.02132,150.05127348930023
2024-06-18 04:46:09,04:45:31.50,-0.05476013653667231,-0.14264142755835552,0.9906838990328828,0.5790636918701209,-3.3337873864912746,-1.672217776196932,-5.99856,3.40888,149.4490201257421
2024-06-18 04:46:09,04:45:32.00,-0.0549007492149204,-0.11231562790792265,0.9915538776495086,7.637223909110764,0.43115136732992887,1.445936679477381,-4.55852,2.38564,149.4696717517418
2024-06-18 04:46:10,04:45:32.50,-0.02661279494016394,-0.03761789837546869,1.003411597409794,10.314010651619096,-1.060065195498346,14.940771081736129,-0.06344,2.40604,151.9110459080265
2024-06-18 04:46:10,04:45:33.00,-0.02023696360979097,0.05305019730364432,1.0043216150372698,1.9845013873590127,0.6005201986048675,41.92329668631132,2.9046,1.1168,168.5553942751323
2024-06-18 04:46:11,04:45:33.50,-0.021905369487934135,0.07395999541929016,1.0094227410688623,-3.0252868593035895,6.9769723255135325,15.103159667484986,2.89248,2.5623199999999997,-147.6609832833146
2024-06-18 04:46:11,04:45:34.00,-0.06167342226986793,0.0481139353058267,1.0041806725214506,-1.9759558898147123,2.534295846779484,-0.6394163259437196,1.88396,4.1602,-173.8131014309961
2024-06-18 04:46:12,04:45:34.50,-0.08138914526666062,0.03175174407152311,0.9964449951313135,-0.7968912947107536,0.1827535735952015,-5.392903995571186,1.4718,4.55208,-175.47343049036897
2024-06-18 04:46:12,04:45:35.00,-0.08431294958718501,0.02033975626830055,0.9918962998247705,-0.7961212904498969,-0.5753729255506067,-7.090480651775729,0.9473999999999999,4.41824,-135.4693723965751
2024-06-18 04:46:13,04:45:35.50,-0.08888354262997827,0.001484709023185248,0.9913368703139713,-2.575199507174894,-0.14974504620182397,-2.894495577480687,0.25072,4.32496,178.53276499819563
2024-06-18 04:46:13,04:45:36.00,-0.12070972373336925,-0.016303293907538766,0.9909914981660731,-3.152639759848497,3.212294698325089,5.280132048914692,-0.87832,5.90144,35.64597110141945
2024-06-18 04:46:14,04:45:36.50,-0.11602570019449361,-0.05944548173911877,0.9965222929229068,-5.697638025042489,-2.113511303027372,1.1697502861799416,-3.05716,5.85776,-178.85720916442122
2024-06-18 04:46:14,04:45:37.00,-0.06012669494890443,-0.09862888239796608,0.9950625126708214,-3.95657335613759,-6.08293674161028,1.8026819809879442,-5.831079999999999,3.36596,-177.03809513034477
2024-06-18 04:46:15,04:45:37.50,-0.027290402836195316,-0.11720238677178856,0.9890966993220885,2.3497197312509304,-0.7673372501063145,0.06977729559245638,-6.29564,1.7275999999999998,-178.12908023364068
2024-06-18 04:46:15,04:45:38.00,-0.037607702686811614,-0.08924192446834024,0.9928503521244655,5.361988178016614,2.89961539630255,-8.386741531777268,-4.15348,2.25604,-77.76211849397318
2024-06-18 04:46:16,04:45:38.50,-0.04301088230099555,-0.046483452820112625,0.9975141560446932,4.115124231468759,0.6102507814496748,-2.7468142723231623,-2.15464,2.82024,177.54795048661737
2024-06-18 04:46:16,04:45:39.00,-0.057595946124350685,-0.011498678570941128,0.9990009056457403,3.8851496725688537,0.5991152201863055,-0.09308524852907261,-0.25232,3.01964,177.39710030267872
2024-06-18 04:46:17,04:45:39.50,-0.09129919544067051,0.016572934941728866,0.9997097894973007,-1.9711577671825433,4.689052415720707,-1.883867335837547,0.12747999999999998,5.138920000000001,176.939664955801
2024-06-18 04:46:17,04:45:40.00,-0.09295833818709928,-0.0027546654479137477,1.0013742645461283,-0.8475719161546579,-0.7567103144319567,0.5185770502369759,-0.58692,5.6096,176.43936497745005
2024-06-18 04:46:18,04:45:40.50,-0.09139413420547444,-0.01195486154126038,0.9949311820734995,-0.8237572551698266,-2.545761175026702,26.077587489248934,-0.31528,4.76548,8.30763724429542
2024-06-18 04:46:18,04:45:41.00,-0.07219952082600137,0.00790714162133072,0.9810481021109494,0.10697587802619582,0.8337073384137278,32.23387013491974,0.65936,4.30272,-160.51980333522727
2024-06-18 04:46:19,04:45:41.50,-0.08122814310030448,0.016415880751680302,1.0006706390945566,-3.564682764132253,1.568282945016825,1.3577134006258218,0.5472400000000001,5.0334,-151.95808308156032
2024-06-18 04:46:19,04:45:42.00,-0.08611515813008724,-0.028079541197251832,1.000783482431812,-8.071683574859383,-2.189880605756692,-23.74661351697036,-3.28652,4.42384,-160.07199290757495
2024-06-18 04:46:20,04:45:42.50,-0.03714849358680381,-0.09959219380002622,0.9887933189065046,-3.3209526429985674,-8.872639820498447,-6.416168843421136,-6.0850800000000005,0.69368,-167.26881400609489
2024-06-18 04:46:20,04:45:43.00,0.000920456474807472,-0.11336922239544578,1.0283932578491726,8.744213720126025,9.798197367088937,1.327341042947425,-4.5748,2.1859200000000003,-167.9501368325028
2024-06-18 04:46:21,04:45:43.50,-0.07221552244557808,-0.029399035741990702,0.9986968239864515,9.350789470564692,3.241263823450302,2.690519229351442,-0.14276,4.67396,-166.78402426808628
2024-06-18 04:46:21,04:45:44.00,-0.09398378249866267,0.04296324443199486,0.992399377827278,5.411714570605908,3.4026855977633814,1.444164996929274,3.0297199999999997,5.41212,-165.67838364242976
2024-06-18 04:46:22,04:45:44.50,-0.13181790649681904,0.0864818209732486,0.9736765185530929,-2.4656712593523,-2.06541015513299,0.5281980689487427,4.23592,7.079199999999999,-165.22919236425628
2024-06-18 04:46:22,04:45:45.00,-0.09776242385092626,0.06542814392562551,0.980494930103385,-4.288283747688401,-5.001803558234388,-0.6752076856138599,2.04964,4.5476,-165.10794824244633
2024-06-18 04:46:23,04:45:45.50,-0.0728852933337077,0.06572854919583483,0.998376297600991,0.23475078605236102,2.0757660407659495,-2.554001909770354,2.54732,4.43028,-166.0260467580156
2024-06-18 04:46:23,04:45:46.00,-0.09158741290441066,0.04862985312011941,0.9996588514360651,2.1379787670811554,4.383313333753771,-0.36795397360101584,3.08992,6.1143600000000005,-166.58469694363504
2024-06-18 04:46:24,04:45:46.50,-0.1305743783449766,0.0610924346223666,0.9956985042054001,1.4945038915791313,2.3902583105634374,-2.7960485922825935,4.01948,7.78296,-167.31349021472386
2024-06-18 04:46:24,04:45:47.00,-0.14732229249841533,0.054613663186747964,0.9911093091706301,-4.248924273509232,1.1860180211889806,-2.087314627033271,2.67712,8.44504,-168.564684381337
2024-06-18 04:46:25,04:45:47.50,-0.1594162644434015,0.008713298577082704,0.9872584936376834,-6.385332706000785,1.3582209804290013,-0.479184841145984,-0.14816,9.22876,-169.0490256286646
2024-06-18 04:46:25,04:45:48.00,-0.17027300906325152,-0.0485275610086617,0.9852326554699696,-5.009542618863348,-0.5893399585425199,-1.5392821042839029,-3.1298000000000004,9.51156,-169.4243569206919
2024-06-18 04:46:26,04:45:48.50,-0.15094306559046658,-0.0900265440140406,0.9833116973980836,-0.7984933941643204,-5.362405618873637,-2.5053463365516193,-4.75688,7.82664,-170.41953373648252
2024-06-18 04:46:26,04:45:49.00,-0.10003589600733315,-0.09134006647248612,0.9907799813056697,3.758962294055334,-5.06459187805175,-2.7788497184791248,-4.1792,5.19548,-171.8355132299725
2024-06-18 04:46:27,04:45:49.50,-0.05392650497739348,-0.06441395737479164,1.0001644192014159,7.728179317557363,-3.1181996972802226,0.49570833672390846,-1.9004400000000001,3.05192,-172.29029127149693
2024-06-18 04:46:27,04:45:50.00,-0.03998519836516246,-0.0013355329139416961,1.0104986149504915,5.632159210119999,-2.0558272244717366,-1.7982574958448965,1.5124799999999998,2.28428,-172.26274173834247
2024-06-18 04:46:28,04:45:50.50,-0.013229278301368053,0.029090697616687988,1.0078969029020348,-2.1135599733755943,-3.9817181921900495,-2.954203914865011,1.28016,0.25236000000000003,-173.86075042028784
2024-06-18 04:46:28,04:45:51.00,0.030458289521420844,-0.016145391788992453,0.9947736957044572,-7.523610020979447,-2.3427732249860322,9.214120790458225,-1.25508,-1.35216,-171.05466593634472
2024-06-18 04:46:29,04:45:51.50,0.028295288404991865,-0.04001828551273486,0.9947913578628373,-3.96948111194168,4.364654069705057,-3.1410231195391383,-4.23012,-0.86324,-170.56967088635236
2024-06-18 04:46:29,04:45:52.00,0.011745042725330192,-0.05697982594018318,0.9876308132198105,2.1128621366533937,3.2470143207960978,-10.705454296708275,-3.3651600000000004,0.6404000000000001,-173.26902320723497
2024-06-18 04:46:30,04:45:52.50,-0.015449372819380157,-0.04049020066553724,0.9947413783004234,4.338627734789198,0.4911334309275076,-9.997913756126747,-1.8176400000000001,0.81636,-35.41278144729903
2024-06-18 04:46:30,04:45:53.00,-0.02545465217784501,-0.018325857634619202,0.9992748800279004,-0.6099541803679803,0.6442448288656232,-5.929835089369659,-1.1134,1.13244,177.12090960789487
2024-06-18 04:46:31,04:45:53.50,-0.03279947477825933,-0.03681287481619991,1.002751260133337,-3.9278219278335156,-0.20054620169685605,-7.608276493842275,-2.72232,1.3915199999999999,173.7783992460678
2024-06-18 04:46:31,04:45:54.00,-0.038800671857796586,-0.08397416286785372,1.0044762660864843,-5.507757173037203,-2.4249503061337174,10.683874142647538,-4.62944,1.16756,173.26536321044455
2024-06-18 04:46:32,04:45:54.50,-0.007401076484585365,-0.159489111129374,0.9984445237265405,-13.389172386925292,-3.337856644844946,15.268792031422763,-10.411959999999999,0.62948,-91.514213727316
2024-06-18 04:46:32,04:45:55.00,0.002252368043386788,-0.24941147033082328,0.9775573827667516,-5.800830491305668,-0.4381512099967637,1.4030922993391841,-14.93428,0.2016,-174.12714942191647
2024-06-18 04:46:33,04:45:55.50,-0.001438478603094992,-0.27473394210573254,0.9577572214672281,6.758906696673507,3.761884687639989,-2.7960607133000366,-14.28816,0.8370000000000001,-174.90663248672317
2024-06-18 04:46:33,04:45:56.00,-0.03381500668446497,-0.19835596507289557,0.9678684258822267,12.07522372318551,3.1970211267515714,-1.013848898670994,-9.544880000000001,2.30344,-175.75079937670526
2024-06-18 04:46:34,04:45:56.50,-0.05756712896270079,-0.09678262309869268,0.990377844028854,9.247229195966739,0.3739783424392354,0.08529026772036322,-4.57116,3.0266800000000003,-175.9605085879382
2024-06-18 04:46:34,04:45:57.00,-0.0662486879425578,-0.01860737974788045,0.9993665229556243,4.0720048397453565,0.6689030876875389,-2.021654114492458,-1.58896,3.38016,-176.12130799347273
2024-06-18 04:46:35,04:45:57.50,-0.08495404351742454,0.043222479108796286,0.9934366997752617,3.5840451311856403,2.5127890056340414,18.337812915313084,1.6144,4.5238,-173.93577154975827
2024-06-18 04:46:35,04:45:58.00,-0.1192846892056292,0.07374828914518504,0.9851635149960758,4.282694094194853,5.218014521772873,14.249857204648656,4.47696,6.33792,-161.92519816476823
2024-06-18 04:46:36,04:45:58.50,-0.13849054088052237,0.09856693292860001,0.9915346454098565,-3.293349833015824,1.5983794944754828,-3.6637787218726614,5.04024,8.223880000000001,-161.3190327833469
2024-06-18 04:46:36,04:45:59.00,-0.12701858490320833,0.05989980841165903,0.9914375942134157,-6.169133685145754,-5.07833243275168,0.19773741588404675,2.13612,7.12344,-162.40627716696997
2024-06-18 04:46:37,04:45:59.50,-0.0810583048510611,0.013486044391461624,0.994408808777858,-2.781531503325299,-6.561896491349618,-6.440358379103158,0.47964,3.40544,-162.7741682053801
2024-06-18 04:46:37,04:46:00.00,-0.030915891035886305,-0.008505448062353736,1.009719385256889,-3.6391208578037926,4.712354000436108,1.8419507276286882,-1.06688,3.53528,-164.91013827495942
2024-06-18 04:46:38,04:46:00.50,-0.07063336193889952,-0.03736417619186154,1.023085361115613,0.07976587985527822,2.9008553674180813,5.111184196540392,-1.7477600000000002,5.0542,-162.93661070965246
2024-06-18 04:46:38,04:46:01.00,-0.0948182168127519,-0.02986476790034282,0.9619861199253293,2.752261633008965,-5.3465921889320205,6.355903323292929,-0.91836,4.31456,-159.7081077782736
2024-06-18 04:46:39,04:46:01.50,-0.07882338105649199,0.009322800648298818,1.011449661620634,5.534330141349001,7.395750889271354,4.183397220783366,1.59768,5.72392,-157.13094757454556
2024-06-18 04:46:40,04:46:02.00,-0.11618363785492652,0.044627573606980754,0.9705669284147206,-0.5719252374218642,-3.1699697925603902,1.24685396664711,2.45872,5.91848,-155.6915627140373
2024-06-18 04:46:40,04:46:02.50,-0.10841886665634899,0.04036257311998234,1.0236565612848711,0.4297812241109177,8.151854043033907,-2.171478341293883,2.18716,7.435599999999999,-155.79527551261776
2024-06-18 04:46:41,04:46:03.00,-0.1739553757199964,0.04002820144298194,0.9820827869196475,-0.2640444023209226,-0.9621240032102688,-3.212173057855738,2.20328,9.79068,-157.50159744814025
2024-06-18 04:46:41,04:46:03.50,-0.13169361346671155,0.02649712005386337,0.9858963274728856,-3.7406456106108594,-10.654138255732708,-0.024161565419374274,0.82316,5.29044,-158.0054019752091
2024-06-18 04:46:42,04:46:04.00,-0.07992709213960242,0.004313684526992756,1.005076522175016,-0.9907174111321444,2.2543043035675603,-1.6370989972206202,0.24963999999999997,5.56448,-158.4256358628221
2024-06-18 04:46:42,04:46:04.50,-0.07089204921916017,-0.014324117424638296,0.9912064505778498,-1.9239512088321484,-3.125516358037662,-0.5855231208833164,-1.16356,3.5722000000000005,-158.85408754955262
2024-06-18 04:46:43,04:46:05.00,-0.068076528136858,-0.02177245479249704,0.9966596999399776,-1.2157009740896336,-0.24990710801659952,0.032009655857332654,-1.15604,4.35032,-159.06516465033627
2024-06-18 04:46:43,04:46:05.50,-0.0659257907065964,-0.029824616354586643,1.0087331691698853,4.141953591980343,6.616532394512579,-0.4138281833727662,-1.0276399999999999,4.87948,-158.93044084660215
2024-06-18 04:46:44,04:46:06.00,-0.10351050751437561,-0.006958699329471464,0.9792126395530362,-1.2334535131100988,-3.9090511873857157,0.19679718205967892,-0.65108,5.11608,-158.92504931253438
2024-06-18 04:46:44,04:46:06.50,-0.08624226824218229,-0.00846055028194442,1.0047803310233707,-0.33032777084788423,-0.3057409562967455,-0.22765534876918145,-0.51156,5.08228,-158.94052400812035
2024-06-18 04:46:45,04:46:07.00,-0.07836430734906082,-0.015976662325935736,1.004201648498577,1.2028044975112626,3.3621597538186756,-1.0307648209762417,-0.87652,4.99124,-159.11089036755206
2024-06-18 04:46:45,04:46:07.50,-0.08837853614874014,-0.012715444584411992,0.9863052506111926,-1.9580970111598526,-4.570184609658639,0.033708249488915425,-1.03272,4.06984,-159.36074776068295
2024-06-18 04:46:46,04:46:08.00,-0.05214015351180249,-0.029675405743157305,0.9952735103874066,-1.3827411070952942,-1.00026757943603,0.4055259347126472,-1.8738,2.7366800000000002,-159.06080085318183
2024-06-18 04:46:46,04:46:08.50,-0.07227684012516462,-0.025800232544921385,0.9963985046285709,1.017436808941998,1.2974205944051724,-0.8533857452995123,-1.03824,4.69476,-159.34851733070352
2024-06-18 04:46:47,04:46:09.00,-0.08375964939135029,-0.024557320306408795,1.0103943233347719,0.29560240919770797,4.2545399781125335,-0.016008500643400217,-1.2854400000000001,5.2530399999999995,-159.49976074491818
2024-06-18 04:46:47,04:46:09.50,-0.08463498052251558,-0.03040821805429866,0.9716413458015676,-3.5390356322051453,-10.067419493575438,0.8246066387942783,-2.34064,2.9575599999999995,-158.9742424468695
2024-06-18 04:46:48,04:46:10.00,-0.014293263764231625,-0.081474271104113,0.9977964749503684,-7.034192599269859,-2.044001128134131,3.227079380817553,-4.36688,0.687,-157.81425077197608
2024-06-18 04:46:48,04:46:10.50,-0.0071447604109148195,-0.17080449689022012,0.9983134587576729,-11.782814154153018,3.555013933218323,-1.3125167763627599,-11.00892,1.32156,-157.63599973053542
2024-06-18 04:46:49,04:46:11.00,-0.03134025542420945,-0.18301405851485217,1.0003555848414358,7.588764610239293,2.9442195366021844,-0.01693342106531871,-10.08316,2.5350800000000002,-157.85285031047957
2024-06-18 04:46:49,04:46:11.50,-0.06526493081194579,-0.13648130460183694,0.9639132172773127,7.66400804905835,-6.234387809987205,2.801120062844692,-6.309,1.6306,-156.9223060994619
2024-06-18 04:46:50,04:46:12.00,-0.020376947277581346,-0.05917010144145494,0.9948982955320484,6.365156661231496,6.735035021263258,1.812492302198618,-2.90316,2.71832,-155.7282236136352
2024-06-18 04:46:50,04:46:12.50,-0.08962375484498279,-0.028270309565978192,1.006549564130283,-3.6402224898955864,8.678156651020863,-1.1553015133908255,-2.70748,6.46228,-155.4948782347493
2024-06-18 04:46:51,04:46:13.00,-0.16265441659887053,-0.07238685115934258,0.9961959253996798,-6.273734975907621,4.417644664362154,-2.1181829954178255,-5.530320000000001,9.492280000000001,-156.41397508992654
2024-06-18 04:46:51,04:46:13.50,-0.17520429150386532,-0.12920357340390418,0.9816595345618953,-2.6417703455401664,-4.803811655790244,-0.3088847431647451,-7.73016,9.07608,-157.0891665984177
2024-06-18 04:46:52,04:46:14.00,-0.1036154770878997,-0.12306540837791534,0.9984207865424557,13.820157596782222,-2.480277377390766,0.4881671539050552,-4.56964,6.3493200000000005,-156.57809918556913
2024-06-18 04:46:52,04:46:14.50,-0.11462957823248188,0.008628902965007432,0.9993845848842544,15.526523465536224,4.382615596053718,-4.827768766189978,2.6411200000000004,7.8065999999999995,-157.72268878383795
2024-06-18 04:46:53,04:46:15.00,-0.14894869679473316,0.11868656042623338,0.9638114357987675,2.575461891411807,-3.596017639355839,-5.268806215169864,6.22292,7.543279999999999,-160.31504638449562
2024-06-18 04:46:53,04:46:15.50,-0.14043574998052266,0.1366980953012129,0.9997617255023828,0.5239553602969357,0.06971978022293851,-5.797905626538429,7.21432,8.15196,-163.12934293985347
2024-06-18 04:46:54,04:46:16.00,-0.13491320579259447,0.11586869304806777,0.97005906779046,-11.118743254376731,-7.672325504317556,1.066554120268448,4.29372,5.92232,-164.43336426767473
2024-06-18 04:46:54,04:46:16.50,-0.0836435532793338,0.02159360590711223,1.0140767378154434,-4.55257123515751,1.1129527468735636,4.253371673088224,0.6348400000000001,5.2334000000000005,-162.7919982727615
2024-06-18 04:46:55,04:46:17.00,-0.0699413527079796,0.010809448411519929,0.9707727933435872,-0.6208579018856886,-15.623311912700958,8.122462838587554,-0.008719999999999999,1.4006,-159.39660935095122
2024-06-18 04:46:55,04:46:17.50,0.07342774012123268,0.023983899970591374,0.9809109642124662,-1.6415143641216863,-8.040956325149297,-7.9303034397016265,0.7842,-4.95224,-159.4238573887329
2024-06-18 04:46:56,04:46:18.00,0.12343285274188544,-0.014198188677646334,0.9886590334659344,-4.609464542691769,6.782276191285205,-3.3218544144591293,-1.17488,-4.71596,-162.4983576371413
2024-06-18 04:46:56,04:46:18.50,0.06461902444938221,-0.08958269400179698,0.9969810642403195,-3.004036869442806,5.861430046455308,-4.075319638527857,-3.5850799999999996,-2.10264,-164.07835559768205
2024-06-18 04:46:57,04:46:19.00,0.0180788001300949,-0.03349403991333959,0.999458030336867,11.63760596449115,4.38150088754748,5.744523859219217,-1.15532,-0.12236000000000001,-164.02072017079388
2024-06-18 04:46:57,04:46:19.50,-0.023363207169940288,0.05986037431280213,1.0098595749825572,7.782983260362759,2.2320837943902583,3.241073029023193,4.36744,1.2231999999999998,-160.84988738219238
2024-06-18 04:46:58,04:46:20.00,-0.0478574799641419,0.1099064395042951,0.9998603894318879,0.26805892098273815,2.8197517833882757,0.21759017156180327,5.79228,2.63428,-160.32718018997215
2024-06-18 04:46:58,04:46:20.50,-0.06769286518403449,0.09729635513517262,0.9964373931216288,-5.133007685908849,-1.4573457968465895,0.12962660488477937,4.50496,3.0297199999999997,-159.99879390942206
2024-06-18 04:46:59,04:46:21.00,-0.0638847993730877,0.051829184153094524,0.9943614717001674,-3.702213861670825,1.1403655779768638,-1.609640232781633,2.3954,3.17856,-160.4743428650387
2024-06-18 04:46:59,04:46:21.50,-0.07735408266863393,0.01515460370744574,0.9964139005771301,-2.157962913499784,5.361892971922203,-2.4029864997082386,0.88532,5.17232,-161.32053786410083
2024-06-18 04:47:00,04:46:22.00,-0.12278446990007616,-0.0024570505037281682,0.995630734566452,0.33418202972801825,4.1826705886420745,-2.089239277179967,0.31448,7.5716399999999995,-162.54934205293773
2024-06-18 04:47:00,04:46:22.50,-0.153312972219493,-0.0024669257949468198,0.9942397784089033,0.6229818633253439,0.08521153157857922,-1.6318760682767346,0.27548,8.433679999999999,-163.3805517045962
2024-06-18 04:47:01,04:46:23.00,-0.14950563253211185,-0.0009496037651391809,0.9936353660752304,-0.026954104988216224,-2.848935009811048,-0.6690063577194622,0.1628,7.93164,-163.8153744471175
2024-06-18 04:47:01,04:46:23.50,-0.11475142611356517,-0.011583429081026844,0.99737184508884,-3.587793010175011,-6.050353465494246,-0.9443718034908786,-0.7834399999999999,5.573200000000001,-164.1923388604069
2024-06-18 04:47:02,04:46:24.00,-0.047211750201587736,-0.13081503518157356,0.9940192296259718,-13.129430559618903,-4.134040977284066,-3.3833688630971235,-6.6164,2.989,-164.8284694594703
2024-06-18 04:47:03,04:46:24.50,-0.007293537225187852,-0.20220647013758328,0.9811344120183156,-4.749806422351094,-3.160795676307028,-3.3211748619417008,-11.47128,0.5934,-167.22741573446135
2024-06-18 04:47:03,04:46:25.00,0.0180344412315535,-0.2214721967847932,0.9735495485413614,1.0403799777949065,-4.100435840573414,-1.8319783386502908,-12.154639999999999,-1.5585200000000001,-167.94834503482548
2024-06-18 04:47:04,04:46:25.50,0.04619231067462641,-0.19383333779277673,0.9760531545909815,3.040027966750368,0.6117134978488675,-2.391455477121065,-10.973840000000001,-2.492,-169.16503380330607
2024-06-18 04:47:04,04:46:26.00,0.03486131909437966,-0.15808303629035034,0.9833462787304319,3.555740022422102,4.263312029458944,0.1421947063379246,-9.214360000000001,-1.24648,-169.6195945683237
2024-06-18 04:47:05,04:46:26.50,-0.008366451042263691,-0.11895959575597152,0.9904757291482739,5.263271618570817,4.005891661515224,1.3450927265000479,-6.63348,0.8665600000000001,-169.0539389699312
2024-06-18 04:47:05,04:46:27.00,-0.087150342587825,-0.08382202541277714,0.9963464947657442,0.8478853203078371,7.927789113058481,5.807630951543265,-5.10132,4.43668,-167.531620350783
2024-06-18 04:47:06,04:46:27.50,-0.1363505841004413,-0.06116462327908717,0.9936984112869135,1.7644933838165557,2.635972586206791,4.578473119550587,-3.82496,7.626760000000001,-164.44862824286648
2024-06-18 04:47:06,04:46:28.00,-0.13599200944955053,-0.05292801960057634,0.9874040111699776,4.974102016475397,-2.0353597902101948,4.375784461069877,-1.95056,7.68236,-162.33164031874276
2024-06-18 04:47:07,04:46:28.50,-0.1135681357661914,0.007077932658931644,0.9910657462262072,3.5772937265027047,-2.0945020529228335,1.4185076875909306,0.51204,6.44972,-160.52503476652348
2024-06-18 04:47:07,04:46:29.00,-0.08902899792142703,0.030852634108684905,0.9989233609333209,-4.891917094685628,-1.5459308947912884,-5.970239346479952,0.08815999999999999,5.67192,-161.4002178224202
2024-06-18 04:47:08,04:46:29.50,-0.036412252254788315,-0.002076801338737504,1.0022059052409267,-4.491001579322493,-8.304313692089965,-11.585667908435102,-2.1238,2.4092,-166.10009858064691
2024-06-18 04:47:08,04:46:30.00,-0.02202819416896423,0.03885944571457866,0.9992723563587689,8.72339012911975,1.9215388160238012,-6.645680988607545,0.8994800000000001,0.51492,-170.89333240556186
2024-06-18 04:47:09,04:46:30.50,-0.0734810513124263,-0.005542239742714967,0.9959067812022593,-10.165722668492712,10.804643660014289,2.1191206861527125,0.62384,5.5196000000000005,-172.37032638486733
2024-06-18 04:47:09,04:46:31.00,-0.12775827350201177,-0.04874852637288188,0.9956669412518838,-6.291388451033235,2.895536898975509,2.089288158957892,-5.54468,7.75788,-169.8084434541469
2024-06-18 04:47:10,04:46:31.50,-0.1553739214481267,-0.07638164629239054,0.987390468726952,7.2741385125590785,3.8096995213565474,-6.39099228386361,-3.5357600000000002,9.90368,-172.07105583934324
2024-06-18 04:47:10,04:46:32.00,-0.14700484210961431,-0.014308990097850964,0.992353694919756,13.872597987597937,-6.804690966332847,-0.02589571175188711,1.7328800000000002,7.8034,-173.3060826576449
2024-06-18 04:47:11,04:46:32.50,-0.12336999535272856,0.10189892897969256,0.9997797008292189,13.808139194365141,-2.372431585840856,1.211515161617992,8.0442,5.94244,-172.93614880884965
2024-06-18 04:47:11,04:46:33.00,-0.10348971158170585,0.21101537919875643,0.9872019818083114,5.301715024871633,-2.2808658885334925,1.605854930273631,12.47948,5.10828,-171.90748157287607
2024-06-18 04:47:12,04:46:33.50,-0.07712481889722637,0.22888615594445824,0.9707557364761916,-9.2580289979407,-2.122241575387796,-2.858977032972602,11.0222,4.1923200000000005,-172.14100117285153
2024-06-18 04:47:12,04:46:34.00,-0.06386653811111723,0.13613984964708842,0.9784973849137799,-13.512519666576166,2.194833442400212,-1.471093234473861,5.5404,4.459239999999999,-173.60466919621206
2024-06-18 04:47:13,04:46:34.50,-0.08526876142500134,0.006010542080879112,0.9813253963349508,-19.086228406865963,4.224598048926001,-0.9629783386073398,-2.17512,5.72868,-173.83130438648396
2024-06-18 04:47:13,04:46:35.00,-0.12355190003345226,-0.16671426109532358,0.9620406550392233,-17.529772716711086,3.002694143685523,-1.2044872137091482,-11.33096,7.5565999999999995,-174.4341339046298
2024-06-18 04:47:14,04:46:35.50,-0.1304075412287349,-0.3047772914977039,0.9366305611498115,-5.104003464342111,-4.500711417507776,-1.3962830528120191,-17.03604,6.70352,-174.86141682124654
2024-06-18 04:47:14,04:46:36.00,-0.08692450636918339,-0.3213051454514942,0.9468469430329192,12.751861148642195,-2.710014189073769,-4.165265568377305,-15.27308,4.6604,-176.40126075047465
2024-06-18 04:47:15,04:46:36.50,-0.06267306720292794,-0.19566240828778084,0.9900041254154225,18.728480208103964,-0.32733397695878963,-1.9957186561799904,-7.88972,3.9545999999999997,-177.93121982911984
2024-06-18 04:47:15,04:46:37.00,-0.05920930654759031,-0.0398954359695485,1.0163284493373883,13.499319645689717,0.16690226951326298,0.014370043868012706,-0.6592,3.52764,-178.21468005927446
2024-06-18 04:47:16,04:46:37.50,-0.07194800334127428,0.058984631454671546,0.9867888951165564,2.1017370951769125,1.6114838308040544,-1.4149577637737192,3.35724,4.5828,-178.32632921801732
2024-06-18 04:47:16,04:46:38.00,-0.06837414165255522,-0.02951679180905622,0.9984731388321635,-15.23579948591402,-4.724079737508433,2.626083489537402,-2.213,3.1113999999999997,-178.23285777950878
2024-06-18 04:47:17,04:46:38.50,-0.024446328979592914,-0.1119613404054024,0.9990220019851495,-5.708100819979012,-3.636063944265351,4.593261845381856,-7.0589200000000005,1.20624,-176.11750937894277
2024-06-18 04:47:17,04:46:39.00,0.0044033955675968515,-0.13357776463898363,0.9958125202582749,-0.4103054076297235,1.4282725892104677,-1.5912255283574996,-7.9103200000000005,0.54116,-175.43703202802593
2024-06-18 04:47:18,04:46:39.50,-0.025600520689411533,-0.1389357127895101,1.0037144537756564,-7.018180875215104,1.7254823313576357,1.4199202270138471,-9.4764,2.13892,-175.34315449521648
2024-06-18 04:47:18,04:46:40.00,-0.016946164484932996,-0.20239943431670457,0.9823470177121298,-7.335658068491735,-6.367750636649899,-3.048326658048138,-13.416559999999999,-0.5024000000000001,-176.04849453020807
2024-06-18 04:47:19,04:46:40.50,0.05878702877493242,-0.2337448271042101,0.9593642168640854,0.36190566457301243,-14.18675093480744,-4.510806922727405,-13.67712,-4.75636,-177.07803385033807
2024-06-18 04:47:19,04:46:41.00,0.1982371919217848,-0.20950670713065153,0.9486998100883376,3.836070830193833,-10.741434367043812,-5.813417916418726,-11.97652,-12.634120000000001,93.05547746225606
2024-06-18 04:47:20,04:46:41.50,0.25907381581970584,-0.18080926931068078,0.9427114976859504,1.7853705612882658,5.3814202595413425,0.500181570487336,-10.56112,-13.275599999999999,178.4570295236971
2024-06-18 04:47:20,04:46:42.00,0.2087888197435178,-0.1762615662981568,0.9575048249596482,-4.015664624301299,4.296802716496232,-0.2696055261036985,-11.22588,-11.12212,178.94071468047102
2024-06-18 04:47:21,04:46:42.50,0.11098145255432619,-0.2423490901296661,0.9646991981825938,-13.54195738166376,12.217111474740987,8.298768716728125,-15.88992,-6.23996,-6.836705397106475
2024-06-18 04:47:21,04:46:43.00,0.08216503539024046,-0.3426497601004707,0.9502341370848777,-1.2627577086726771,-1.8181028194055109,-4.369901119318364,-19.58392,-3.3637200000000003,-177.43430655972554
2024-06-18 04:47:22,04:46:43.50,0.10570436708958977,-0.33047860946368246,0.9348690888439234,3.209213048346056,-10.513060980601933,-1.2653559737083326,-18.35752,-9.00796,107.13464327018872
2024-06-18 04:47:22,04:46:44.00,0.13222748023542813,-0.3355213241708625,0.9363761014183372,-2.383747820704031,8.857140474311182,5.568641358581208,-19.884159999999998,-6.39332,-177.97913954294256
2024-06-18 04:47:23,04:46:44.50,0.13638095030342787,-0.32778783250920035,0.9329893423616941,3.830497738827909,-3.8963748525796364,-10.444251245337558,-18.69652,-7.17472,-49.703477937899876
2024-06-18 04:47:23,04:46:45.00,0.13285414816316204,-0.27881229612237635,0.9403889896891735,4.650219750530985,1.955950288529014,-4.444839166931797,-15.43244,-9.378160000000001,175.63496442037209
2024-06-18 04:47:24,04:46:45.50,0.10779582267926882,-0.2642437721178253,0.9597723710616208,-3.0392844340737497,8.660278238331026,13.211086602777138,-16.85668,-3.72328,6.764478766905381
2024-06-18 04:47:24,04:46:46.00,0.06746691898685361,-0.23778719677597263,0.9546931045784135,9.8113991732946,-4.13086840241923,-12.810540812370895,-14.369000000000002,-5.333200000000001,35.3269336906642
2024-06-18 04:47:25,04:46:46.50,0.05035480225708576,-0.13271638773092984,0.98304836140869,20.033214866970923,17.72515461808726,-5.491052475505695,-4.92464,-1.05312,174.22109294609353
2024-06-18 04:47:25,04:46:47.00,-0.09973589570037183,0.04773562123340202,1.0214111151371192,33.399004905623684,34.18158348163045,2.9959750544889823,8.1456,11.3918,174.15150333628316
2024-06-18 04:47:26,04:46:47.50,-0.3781857765276084,0.3076183803029804,0.8722609464565738,24.607425622073976,18.455899176411208,1.6037789736605266,23.01888,23.172399999999996,175.31973287474193
2024-06-18 04:47:26,04:46:48.00,-0.503800570423267,0.48059432552553516,0.7361912212775819,-4.866008048002487,-9.925618912379935,3.9677181831896386,28.26228,24.421280000000003,176.99237838591597
2024-06-18 04:47:27,04:46:48.50,-0.4105440560163982,0.43910614806780124,0.822316173458976,-12.016519496807243,-6.363144242267023,-0.025820769629962114,23.953000000000003,21.63404,177.8785286259055
2024-06-18 04:47:27,04:46:49.00,-0.35327643476964105,0.36508865700265275,0.8710495363613117,-4.11286264705723,-4.548150018502633,-0.45746440069078004,21.298000000000002,19.71152,177.90804768894782
2024-06-18 04:47:28,04:46:49.50,-0.26299832345605645,0.28570532835853896,0.8799854300106008,-26.687918024141098,-25.832871923361573,-3.2089652700241316,13.871559999999999,12.58712,177.13846678573174
2024-06-18 04:47:28,04:46:50.00,-0.030770538164490654,0.0707128363680284,0.9660888028602521,-19.130486757248562,-17.40886964595741,2.1922380811741986,1.32968,1.5906399999999998,176.3852192542876
2024-06-18 04:47:29,04:46:50.50,0.036894828319065945,-0.1210416764434737,0.9827548776451532,-6.581655742257484,6.795121213714838,-4.99810644762755,-4.915,-0.32452,176.29703384533335
2024-06-18 04:47:29,04:46:51.00,-0.011718726832351652,-0.13509619361729658,0.9877390147653994,4.275072349578171,7.157090423487054,-5.583819663019088,-5.57096,2.6368400000000003,173.3176681711657
2024-06-18 04:47:30,04:46:51.50,-0.06333572158519832,-0.09496103641123688,1.0293911373449616,10.42025263124795,3.014921274602242,-1.8872419264306937,-2.897,4.137919999999999,171.66334684444936
2024-06-18 04:47:30,04:46:52.00,-0.07964129507671186,-0.01409209113552026,1.0222766418464906,-3.724840079232442,-4.507447023259943,2.084538539407241,-1.30188,3.4669600000000003,171.75334551207513
2024-06-18 04:47:31,04:46:52.50,-0.042290633951929786,-0.04923091827001181,1.002711640595234,-6.575740363578484,-2.2055812708898745,0.5720808834147991,-4.30168,2.04192,172.63411377912607
2024-06-18 04:47:31,04:46:53.00,-0.013323229645811093,-0.09597817732032157,0.9863284095294739,2.653950271192515,2.0328820620706365,0.28791012997042714,-4.94116,1.2616,172.83416406945187
2024-06-18 04:47:32,04:46:53.50,-0.05988274364698678,-0.060606308198951665,1.006824486089391,8.960882144059587,9.855450676002844,-1.8277938131454916,-1.6601599999999999,5.49784,172.49080209010637
2024-06-18 04:47:32,04:46:54.00,-0.10930567562080862,-0.0017155191480641332,0.9742312916390361,-0.7405867554935742,-5.624208066576085,1.3014670000060682,-0.41936,4.92548,172.37147510043167
2024-06-18 04:47:33,04:46:54.50,-0.06210022106614316,0.010112484010823429,1.0061260027483696,3.08974322399693,-4.9910251376307135,2.259414692563856,0.87384,2.54648,173.4551421137686
2024-06-18 04:47:33,04:46:55.00,-0.01824080190915643,0.02431793017045812,0.9960977122043745,-4.2402766959009375,-7.303159547322365,1.2025290689484713,0.31568,-0.12664,174.43075982819036
2024-06-18 04:47:34,04:46:55.50,0.027675893476565593,-0.019400596150788787,0.9871289299356328,-7.835443416127056,0.1619170783549105,-1.5382994514372168,-2.67228,-1.1772799999999999,174.33234652265452
2024-06-18 04:47:34,04:46:56.00,0.016737140561549596,-0.08395264404926409,0.9916633570034753,-1.1512434927766426,0.10269541768407699,-1.8190267993915858,-4.664359999999999,-0.4456,173.4076264369097
2024-06-18 04:47:35,04:46:56.50,-0.006769519191693458,-0.09840376386336917,1.016874961050006,1.0084735265653442,23.084227530430695,-1.4772214005637863,-5.2194,4.33444,172.74666956074813
2024-06-18 04:47:35,04:46:57.00,-0.16925847443477388,-0.07764897531882677,0.9732215592508993,5.7318135483493435,1.7665657015714444,0.557989724133525,-3.01808,9.41592,172.53610016261158
2024-06-18 04:47:36,04:46:57.50,-0.18912271002899358,-0.02317935988179829,0.9852648973953467,4.363930318744552,-8.29157970014976,-1.0020976291202026,-0.78204,8.77596,172.5113035281639
2024-06-18 04:47:36,04:46:58.00,-0.10553643086405459,0.003885410513731312,0.9887655793037099,-2.6032485786519395,-6.153109972786807,-1.6459796230514465,-0.60864,4.51704,171.9732552913727
2024-06-18 04:47:37,04:46:58.50,-0.0593197551652572,-0.023651819035896002,0.9992596681492776,-3.325107755262647,-4.315849486668977,-1.8414846658168946,-2.1838800000000003,3.0574,171.02696770131607
2024-06-18 04:47:38,04:46:59.00,-0.044962876171702165,-0.047446447230656164,1.0136330573538541,1.4578913704923528,11.15974278856443,-1.411905504283514,-2.4881200000000003,4.63356,170.3215598231422
2024-06-18 04:47:38,04:46:59.50,-0.11557853697703852,-0.03834658619027112,0.9705158063917112,-1.135317147340976,-2.256031067710928,-1.4442273735937947,-2.34736,6.238479999999999,169.88110235830018
2024-06-18 04:47:39,04:47:00.00,-0.09386514382119925,-0.048471993967363465,0.9918242137911073,-1.2607393093162407,-3.4153059510618506,-4.0536791562203085,-3.0986399999999996,4.69128,168.2956120561893
2024-06-18 04:47:39,04:47:00.50,-0.06170279152819327,-0.06254054400333288,0.9994131956206839,-0.4598372837563641,-4.359987649461672,-1.0793261012870194,-3.62516,2.8948,166.96539127152414
2024-06-18 04:47:40,04:47:01.00,-0.03272123362913529,-0.060349153758625734,1.0210462369994238,1.371175200619244,5.301430716372653,2.318300243869074,-3.05384,3.0528399999999998,167.42150938353075
2024-06-18 04:47:40,04:47:01.50,-0.0773576803615989,-0.058348689276304266,1.0162311209419927,-3.4292118160220615,0.9150994879536392,3.4728452964802834,-3.9252800000000003,4.71144,169.06713793219117
2024-06-18 04:47:41,04:47:02.00,-0.08119535081916818,-0.0800647794808735,0.9740182787263827,2.9773816416095222,-1.002454328183102,3.9920069937539693,-4.02208,4.2188,171.10710798674685
2024-06-18 04:47:41,04:47:02.50,-0.10218390837667737,-0.02983926508119074,1.009069256994332,11.96341531631773,11.0357735359043,-3.059387500552395,0.20643999999999998,7.79156,171.57338285304755
2024-06-18 04:47:42,04:47:03.00,-0.18103532943286346,0.05050959148463177,0.9793787968566722,2.1021199909752655,-4.983057990936706,-3.3172895379173486,3.00884,9.05812,169.36871811218268
2024-06-18 04:47:42,04:47:03.50,-0.13650185428771844,0.06157187554863453,0.9931189932296083,-3.602500739088458,0.7527382087764607,0.9639325103120684,2.40008,7.49336,169.2871176519749
2024-06-18 04:47:43,04:47:04.00,-0.14810479449660816,0.027098465343747314,0.9906919584842988,-3.725255207358082,-4.35235634028408,0.32208055646322514,0.87456,7.744879999999999,169.3392068960394
2024-06-18 04:47:43,04:47:04.50,-0.09232208668544135,-0.0018554007035162321,0.9901191325436497,-0.7104306296668781,-4.344528738503476,2.4892258979152873,-0.36284,4.438759999999999,170.542238935345
2024-06-18 04:47:44,04:47:05.00,-0.07825429801930577,-0.002990575991102372,1.0043102940484556,-0.02966124115797614,2.1226756555321793,-2.3375214701657465,-0.06832,5.35296,170.43677137376028
2024-06-18 04:47:44,04:47:05.50,-0.07374360161608275,-0.010257228776377771,0.985584335350559,-2.368695060712055,-7.1517060749465,1.423235664857064,-0.97556,3.14384,170.19057153747772
2024-06-18 04:47:45,04:47:06.00,-0.016152701932298816,-0.02532136003824938,0.9947560289961546,-1.351616541636642,-3.2141549547322508,0.7814958001511507,-1.63628,0.7317199999999999,171.01946302695055
2024-06-18 04:47:45,04:47:06.50,-0.000908821783813956,-0.007638634818864232,0.9946146461366644,4.613507892836859,2.4959173919883586,4.892968637895162,-0.94808,0.75888,172.27622972828578
2024-06-18 04:47:46,04:47:07.00,-0.036463131239826634,0.04865931066043709,1.003440428536398,4.957766268839823,6.340508572112186,-4.572288936503852,2.8124399999999996,3.1878800000000003,172.39043465547843
2024-06-18 04:47:46,04:47:07.50,-0.08444743323087328,0.06095027551888853,0.9989647211721895,-4.823423897469672,4.249393153997347,-2.6120512763586743,2.43464,5.47228,170.7508280921087
2024-06-18 04:47:47,04:47:08.00,-0.1250348177614172,-0.007819170425394172,0.9895721567149498,-11.449981972093092,5.467852373929051,-1.8998910668039861,-1.9846000000000001,7.86424,169.61694218759283
2024-06-18 04:47:47,04:47:08.50,-0.15859641929847157,-0.1497229711330187,0.9743126936279453,-12.435522500864915,-2.79564545623587,-1.5222846820403544,-8.47996,8.85648,168.92310363665263
2024-06-18 04:47:48,04:47:09.00,-0.11487605499151604,-0.23363299916262217,0.9562483989626612,-1.430059018150731,-12.692167157884699,28.76086507526358,-11.570039999999999,5.214160000000001,102.6093583759774
2024-06-18 04:47:48,04:47:09.50,-0.08124004469118891,-0.2224119641694096,0.9762826366580509,0.6266419180824515,-9.387254218342182,17.793765534435583,-11.54656,3.07728,-170.8734964736378
2024-06-18 04:47:49,04:47:10.00,-0.01583877599964933,-0.1854164733775882,0.9838683246568805,6.911569723562788,-1.061433289356835,7.038708462318001,-9.43304,2.2515199999999997,-166.25900298497763
2024-06-18 04:47:49,04:47:10.50,-0.018428200370552927,-0.08108373045063169,0.9933570221325719,11.616073096953269,-1.4907842211152107,-2.2531209902091014,-4.6127199999999995,1.2788,-163.95442534628353
2024-06-18 04:47:50,04:47:11.00,-0.020802829576468646,0.020832890511154414,1.0069869989097662,8.929666452789856,3.058210081662361,-14.702898628643458,1.11284,1.7419200000000001,-169.29362586320988
2024-06-18 04:47:50,04:47:11.50,-0.05324092485191548,0.08241123260937405,1.002596725297623,5.115165152622166,5.4260888827412055,-6.320824659602452,4.38228,3.99656,-174.93734146511736
2024-06-18 04:47:51,04:47:12.00,-0.11441614030359747,0.10486373391994107,0.9950751089491168,-2.3277630757114323,5.18103737331713,0.837077121679441,5.11464,6.561559999999999,-175.74881050526855
2024-06-18 04:47:51,04:47:12.50,-0.16054831778971804,0.06821721488491128,0.9852736355885925,-8.741580756019808,4.0692854438720705,-0.6032564090449622,2.41648,8.94248,-175.44560778459095
2024-06-18 04:47:52,04:47:13.00,-0.17315222013626425,-0.04888372653991319,0.9803229263083787,-13.287556375027114,-3.0741870238153814,-1.913368736437766,-3.3998000000000004,9.598239999999999,-176.13502080319515
2024-06-18 04:47:52,04:47:13.50,-0.12517882648283143,-0.1980653266263636,0.9735189087132496,-13.210304766090866,-14.046229545230215,0.70089466753636,-10.681880000000001,4.62236,-176.13237840052523
2024-06-18 04:47:53,04:47:14.00,-0.007760129829676468,-0.2783331979773862,0.9634555398342122,-2.1217320250480043,-5.625831002173438,-1.4109003114410883,-15.14056,0.07548,-176.69390289661044
2024-06-18 04:47:53,04:47:14.50,0.0327189667560324,-0.26527492866885816,0.9658344734060033,4.712118640096233,1.5141481896904332,2.3514781504143683,-14.19336,-0.45832,-176.30131740996447
2024-06-18 04:47:54,04:47:15.00,0.01051856450657866,-0.21310968877040234,0.9770364012455888,7.662354881572354,2.8834645337169245,0.30204096331456987,-11.338199999999999,0.47916000000000003,-175.18922239355427
2024-06-18 04:47:54,04:47:15.50,-0.015991590165092873,-0.1399755924068147,0.9874886521069043,7.669876494791478,1.545978923831127,-2.280806269483271,-7.4406799999999995,1.063,-175.90317900057448
2024-06-18 04:47:55,04:47:16.00,-0.03165637758150156,-0.0743837539561806,0.9955730987512049,5.223511965486771,0.7455169584413551,-3.485997238897982,-4.32672,1.5687200000000001,-177.22988223160806
2024-06-18 04:47:55,04:47:16.50,-0.0442273002370704,-0.032005599564701954,0.996614030878428,3.296362110615992,1.8898403597909839,-3.42143789300903,-2.22452,2.3678399999999997,-179.06134649895958
2024-06-18 04:47:56,04:47:17.00,-0.06148338750267673,0.0005496600948015278,0.9990283544152782,4.346396650906313,0.9015793670021379,-1.4649162368062927,-0.03799999999999999,3.2695999999999996,107.79094638075085
2024-06-18 04:47:56,04:47:17.50,-0.0659108311636198,0.04194675398876189,0.9960750884713562,6.003485964846586,-1.370486559884037,-0.1471130003098827,2.64228,3.2073199999999997,179.58618930596845
2024-06-18 04:47:57,04:47:18.00,-0.06538584751522813,0.10124801911539738,0.986877252503644,9.223422742678096,0.14307891673422252,1.8395730182448915,6.58212,3.1146,35.92911165754309
2024-06-18 04:47:57,04:47:18.50,-0.06862368198909238,0.1901825350020006,0.9722056243518585,5.217266307344335,4.2956075193960555,1.51399394025501,10.591680000000002,4.3796800000000005,-179.00587192617536
2024-06-18 04:47:58,04:47:19.00,-0.1035052541676844,0.25558086235980726,0.9828405592014724,-3.0179615038361947,7.523326178964872,0.3323694601807328,11.57808,7.21948,-178.7848288753003
2024-06-18 04:47:58,04:47:19.50,-0.13035244725089043,0.2507964744211264,0.955951896341909,-1.9890329785452032,-9.289328638729241,3.1973847947692273,12.260119999999999,5.55168,-176.9362868940253
2024-06-18 04:47:59,04:47:20.00,-0.051418277601893374,0.20243573572774762,0.9792447045237644,-5.585417436574135,-5.651756597501543,-1.5337877054254676,10.46524,2.2484800000000003,-177.21195578532516
2024-06-18 04:47:59,04:47:20.50,-0.015478214911920325,0.14726078646223198,0.9883928747273301,-4.275856181903368,1.700227677434193,-2.1488552126106684,8.29288,1.6322,-177.8967756064437
2024-06-18 04:48:00,04:47:21.00,-0.03462948026288414,0.10377670135150831,0.9958859062480678,-2.0102880269353967,2.1896482576146057,-0.20812318864987095,6.48932,2.71252,-178.64968165255377
2024-06-18 04:48:00,04:47:21.50,-0.051791799394285555,0.08255131809748768,0.9992361310212184,-0.15727322691395534,0.9627646311045717,1.6684545479947552,5.6536800000000005,3.05532,-178.03338290500022
2024-06-18 04:48:01,04:47:22.00,-0.06910148923821965,0.03987409597810645,0.9999507284617516,-7.904141659012381,2.6279363050345603,-0.7151491922245831,3.1426800000000004,4.01604,-177.73938073595335
2024-06-18 04:48:01,04:47:22.50,-0.0863442903951575,-0.02601608395826287,0.9984846836065354,-7.225178104306102,-2.5259681852862523,-1.0635492085994545,-1.84876,4.158,-178.1473469351439
2024-06-18 04:48:02,04:47:23.00,-0.06055770614510693,-0.07084064667872433,0.9963862150063146,-1.49610912544356,-1.5624510185064409,-0.7124637542424,-3.7045999999999997,3.0513600000000003,-178.57534527539133
2024-06-18 04:48:02,04:47:23.50,-0.049593744038757645,-0.07904152516635062,0.9966065078047844,0.5416341201987221,0.8633553401201624,-0.45694293016477777,-4.04756,3.05164,-178.81112159684068
2024-06-18 04:48:03,04:47:24.00,-0.05778762193833293,-0.07157265009041285,0.9965161182112361,1.1780447953205206,0.8757139276284716,0.35228590544601196,-3.7236000000000002,3.48096,-178.76134536147302
2024-06-18 04:48:03,04:47:24.50,-0.06398723480376817,-0.05973302860848312,0.9962779644804262,1.2946623989837094,-0.2183935793253262,1.334702629857545,-3.1850799999999997,3.6126400000000003,-178.30179911106475
2024-06-18 04:48:04,04:47:25.00,-0.061609780524031744,-0.04934077020180961,1.0010739847703904,0.30631494580543345,-0.9555497824170878,-16.264631172558865,-2.8369999999999997,3.1050799999999996,-50.417346668409884
2024-06-18 04:48:04,04:47:25.50,-0.052158906237921826,-0.05223900379694678,0.9940368769955584,2.350215271170037,2.014981056614835,-23.682930235016315,-3.20864,3.00264,166.76982246673896
2024-06-18 04:48:05,04:47:26.00,-0.06396749847135298,-0.029229109236786406,1.0013655584357326,2.4123595083229517,1.8970777861075545,-7.868518028526975,-1.64468,3.7267200000000003,160.55867888550492
2024-06-18 04:48:05,04:47:26.50,-0.07767508812681025,-0.03301955142336736,0.9965256096379913,0.43765019284545886,-0.3081779139069702,-38.08940647597804,-2.21928,3.8442399999999997,149.09243399496637
2024-06-18 04:48:06,04:47:27.00,-0.061067768880663946,-0.050417695446645185,0.9974463086317917,0.5498376123604817,0.33309366310894484,-45.43867464369629,-3.21296,2.82876,127.74275048358054
2024-06-18 04:48:06,04:47:27.50,-0.052410009685562316,-0.056134828640518976,0.9975928138367675,1.9827419014467886,1.0499584948050467,-48.08956300400399,-3.36112,2.3280000000000003,104.44272634714615
2024-06-18 04:48:07,04:47:28.00,-0.04323084728504181,-0.054308634011383486,0.9959075883500114,4.410479903770369,0.8513781862038549,-44.461533796006925,-2.79376,1.75548,80.26382610155501
2024-06-18 04:48:07,04:47:28.50,-0.03603582908960256,-0.013879502475296568,1.0012464379318038,3.2147495229432352,-1.188955046302844,-15.115759190580862,-0.71476,1.46672,65.67209791502002
2024-06-18 04:48:08,04:47:29.00,-0.023084299436796747,-0.0016785771487481788,1.0003969131994197,-0.29370433964458903,-1.8861125454286047,-12.43097641403835,-0.5864,0.7226,60.13289099921622
2024-06-18 04:48:08,04:47:29.50,-0.002672844688702124,-0.012227781508055155,1.0033668769588564,0.29567969038190234,0.3330961363939933,-9.02083359216565,-0.38844,0.2208,54.86779926005981
2024-06-18 04:48:09,04:47:30.00,-0.01448741234527236,0.000873723481681904,0.9974723364302952,0.3833766207886343,-0.06218642346112295,-18.728626125960872,-0.37172,0.6726800000000001,46.58040613795248
2024-06-18 04:48:09,04:47:30.50,-0.007734786618968187,0.0008150900970006705,0.9998171720459016,-0.0031277073370577168,-1.356343620654303,-4.956748585932807,-0.20248000000000002,0.08008000000000001,41.83862359236563
2024-06-18 04:48:10,04:47:31.00,0.002335655803954818,-0.003303108022083256,1.0007812314504994,-0.12346661964345752,0.09846891234571437,-3.634422755171854,-0.1932,-0.03444,39.723082305345336
2024-06-18 04:48:10,04:47:31.50,-0.0002453372058949524,-0.003623934715930364,1.0000150030512858,0.0022119684534596556,-0.014655140840793663,-0.43140344739397846,-0.2302,-0.041280000000000004,38.86088764384951
2024-06-18 04:48:11,04:47:32.00,-0.00201594092681406,-0.0017518591849188638,0.9999923249913003,-0.05499335513109336,0.005107951042550912,-0.019407964972504615,-0.21936,0.0126,38.86975432572877
2024-06-18 04:48:11,04:47:32.50,-0.001878127966107468,-0.002003714973580632,0.9996420036239241,0.12533208592846917,-0.042199990861558005,-0.047932518141394986,-0.15704,0.040519999999999994,38.919004339398306
2024-06-18 04:48:12,04:47:33.00,-0.001553520639934732,-0.0008739921418801738,1.0001180133508523,0.018276080610369866,-0.003426858610388364,0.005935791463185687,-0.1182,0.056159999999999995,38.97342052765774
2024-06-18 04:48:13,04:47:33.50,-0.0014863699720413482,-0.0008380295744544711,0.9999140014401514,-0.00283985199727496,0.007393565550585239,0.0037542927441778285,-0.10288,0.07304000000000001,39.03782784144025
2024-06-18 04:48:13,04:47:34.00,-0.0014320785109127,-0.0006340013390104124,1.0001259996388752,0.01000659908159781,-0.0086632621090145,0.00045579827062086853,-0.08932000000000001,0.08052,39.10064894394027
2024-06-18 04:48:14,04:47:34.50,-0.001080072730531316,-0.0007581719768852489,1.000001828023001,-0.012184369419157171,-0.0004044542127674522,0.011903615365873527,-0.07536,0.07919999999999999,39.16326389934614
2024-06-18 04:48:14,04:47:35.00,-0.0015691449405410521,-0.000649142231458036,1.000112211439652,-0.0003008763505080868,-0.00382559602134102,0.020887187902485824,-0.08039999999999999,0.09708,39.23389560282576
2024-06-18 04:48:15,04:47:35.50,-0.0017531195743036802,-0.00011084727450304831,1.0008666826881847,-0.6293017536691115,0.252037121004789,-0.004209000723965403,-0.16219999999999998,0.13772,39.30882269367289
2024-06-18 04:48:15,04:47:36.00,-0.008071212966189248,-0.019208914923284005,1.0085983026220355,-9.179358155865643,2.6911706649644533,-5.210380847008323,-2.6629199999999997,0.76288,38.529757354847895
2024-06-18 04:48:16,04:47:36.50,-0.026200013565358515,-0.09329634146128171,0.9839213524282654,1.95095540769586,2.5771736490207555,-9.145775317936328,-4.705439999999999,1.7876400000000001,34.092311767387166
2024-06-18 04:48:16,04:47:37.00,-0.04555368059763921,-0.06671750602775325,0.9975279363129462,5.730234505358112,2.5203382035261317,-3.896147702367685,-2.46004,2.9776,30.830834531709066
2024-06-18 04:48:17,04:47:37.50,-0.05227714767739394,-0.05299252780472993,0.9964619283330962,0.22542765283110186,-4.522684132201045,8.92770844469009,-1.9022,2.1144,32.96315455044693
2024-06-18 04:48:17,04:47:38.00,-0.015884301697929284,-0.008338517024422511,1.0004186735310086,2.531345760150182,-2.4118986322013747,-1.8229465070287423,-1.3359200000000002,0.54848,35.09240388367195
2024-06-18 04:48:18,04:47:38.50,0.022226782265250673,0.0036151006631183853,1.0035140540000942,-0.44275076716247336,-0.505525162854241,-4.634255418000756,-0.15172,-0.231,32.910731072285195
2024-06-18 04:48:18,04:47:39.00,0.0027661042230141507,-0.005229761677378868,1.0006975206328195,-0.6174643901746113,-0.24546597505755594,-0.7094550890867953,-0.28044,-0.51956,31.398994698786524
2024-06-18 04:48:19,04:47:39.50,-0.0043182878729234545,-0.03224106548034491,1.010750313953805,-10.936633426576657,2.0289868383315546,-2.9269288674592944,-3.33036,0.16856,30.864306863182946
2024-06-18 04:48:19,04:47:40.00,-0.014833293597760993,-0.1450614335686854,0.9981369031785284,-23.431910666734712,3.4635118893540238,1.187695978121586,-12.19348,1.55596,30.16564843474945
2024-06-18 04:48:20,04:47:40.50,-0.029545894967423852,-0.3353385724645171,0.9321278971642734,-5.6688068671900105,1.2994880653907257,0.9314559426765883,-19.07696,2.35352,31.88185633759133
2024-06-18 04:48:20,04:47:41.00,-0.08334821628894185,-0.32848096437236074,0.935924067174097,15.738035067204185,10.029908278568227,-9.176358520111407,-16.35372,4.78348,28.413925080889374
2024-06-18 04:48:21,04:47:41.50,-0.08676239797457795,-0.12696148516735767,0.9753406249050321,20.910798358173846,-6.386377159703581,10.044736841030359,-5.54088,4.86636,29.234129875770392
2024-06-18 04:48:21,04:47:42.00,-0.07002373060736651,0.0062722546780153874,1.0209007476432597,10.471306431543233,3.5177865076534487,9.513930683100503,0.95332,3.80228,33.99387484134418
2024-06-18 04:48:22,04:47:42.50,-0.13171780748945516,0.09887542510395111,0.9899261742238769,5.627572680112147,9.642091019717311,15.696790461389565,6.23192,8.3572,40.97424608940738
2024-06-18 04:48:22,04:47:43.00,-0.17415254633842545,0.135340502095782,0.9662722454928501,-7.833241858838411,-2.9625078373698077,8.560333035603412,5.8879600000000005,8.52844,46.855101718156185
2024-06-18 04:48:23,04:47:43.50,-0.15167451006047528,0.057906732685800516,0.9813965094514081,-7.837921035489792,-0.9368200898703769,1.6688091136298118,3.1445600000000002,7.607200000000001,49.41754703205207
2024-06-18 04:48:23,04:47:44.00,-0.1563519717674604,-0.020548131084059968,0.9934388144065879,-2.5656245691144637,4.1286995286799115,-2.9243605659497907,-1.21152,9.8778,49.50959615944969
2024-06-18 04:48:24,04:47:44.50,-0.1858669597264192,-0.027077839198932415,0.9773095342837859,-0.7298499129491941,-4.790422327195446,-2.091938708817688,-0.29828,9.770199999999999,47.616326924742154
2024-06-18 04:48:25,04:47:45.00,-0.15899525905900846,-0.057521224893209794,0.9869000266514537,-5.988326910628107,-2.5105065717233264,4.695284355409226,-3.591,8.183200000000001,48.97719734386646
2024-06-18 04:48:25,04:47:45.50,-0.14787220777476254,-0.06773996021134286,0.9871124144800402,-0.2096679312171151,2.5193706970464125,-7.320016467538489,-4.15336,8.89244,47.84074431102308
2024-06-18 04:48:26,04:47:46.00,-0.1157406265196467,-0.1171582408954925,0.9885358650371496,-4.410944151975466,-5.619130184077005,15.092773062302559,-6.2736,7.63856,48.11320650338442
2024-06-18 04:48:26,04:47:46.50,-0.09575289979343894,-0.10836066940574392,0.9852939325326343,0.2848454438601246,-8.001397010661712,43.3228590456796,-5.3092,5.32952,64.82583250738244
2024-06-18 04:48:27,04:47:47.00,-0.06153567596119282,-0.07963438050690808,0.9937839600371946,-0.9251748385057104,-4.011674782577578,47.052492172738,-3.8867200000000004,4.15092,87.74568383574646
2024-06-18 04:48:27,04:47:47.50,-0.05491199387269206,-0.03314260367806139,0.998885136013922,2.9520207015523687,-1.5054286372584298,47.63150412203367,-1.58392,4.09868,111.8378182156778
2024-06-18 04:48:28,04:47:48.00,-0.07011162553203953,-0.02384029157295932,1.0170125579269789,-4.71458278831091,3.5057616278934747,43.172006251108016,-1.0293599999999998,5.02492,134.12709541477653
2024-06-18 04:48:28,04:47:48.50,-0.08792028451815505,-0.029617380392652652,0.9942533638880127,-3.921776563561477,-2.9780836123316,49.502488005221664,-1.4562,4.98072,157.04183637759988
2024-06-18 04:48:29,04:47:49.00,-0.06933145216885601,-0.030967919370185545,0.9924717890863206,-2.8683634533374915,-4.711610632048031,57.50833693233277,-1.18104,3.62656,-46.11462074538083
2024-06-18 04:48:29,04:47:49.50,-0.06260536568165624,0.00018470595406708812,0.986441493632379,3.8740923292976537,1.2640386741235496,21.817132998820433,0.4878,3.2504399999999998,-153.7115935037582
2024-06-18 04:48:30,04:47:50.00,-0.06600622993757452,0.040307726678582755,1.0045991007617199,3.676574694164687,5.242394987399004,-5.639578447050579,2.50224,5.23096,-151.72551267942944
2024-06-18 04:48:30,04:47:50.50,-0.10928830064902018,0.053259960310320216,1.0016020592095902,-0.840464897036701,4.329912366683547,-9.799777770162454,2.58956,7.41352,-155.98348101154122
2024-06-18 04:48:31,04:47:51.00,-0.11874352387614248,-0.013337757724671759,0.9954271346233315,-2.9055625435763703,1.0369538809826364,-6.01343702250743,0.31232,7.86744,-160.23528611319935
2024-06-18 04:48:31,04:47:51.50,-0.1357683306791828,0.02362017900157404,0.9857696272487975,4.6799596530922365,-4.256387443097756,6.645125579801934,1.23528,7.1148,-159.02142343440633
2024-06-18 04:48:32,04:47:52.00,-0.10027557108736765,0.048074771768629704,0.9968826698567015,1.3173970722129413,-5.130057168972144,0.3262427454487147,2.8527199999999997,4.80196,-157.58552630050386
2024-06-18 04:48:32,04:47:52.50,-0.02441939757075521,0.05885310741754111,1.0010409059676588,2.9964765316394346,-8.41801389828765,3.8674704689652946,4.2568,0.741,-156.17929064307071
2024-06-18 04:48:33,04:47:53.00,0.008691336711723672,0.08391572160289512,0.9958322789915981,-2.1579534065077177,-1.5364303614724084,0.31699206545118314,4.06384,-0.8639199999999999,-156.2906937284753
2024-06-18 04:48:33,04:47:53.50,-0.012537925132096908,0.053922662191923564,0.9956258538685964,-4.348628154501738,6.773508934842767,2.6533720773486995,2.31272,0.8336399999999999,-154.62575668563267
2024-06-18 04:48:34,04:47:54.00,-0.06849342654371489,0.0028237902586122237,0.9993913892478187,-4.638695962932229,3.070523080960983,-0.5251780402966466,-0.09299999999999999,4.1566399999999994,-153.98624912098452
2024-06-18 04:48:34,04:47:54.50,-0.048109417977311,-0.016650324317175905,0.9987166593630387,1.4864400262747133,-2.259602899864388,-0.7472269833539714,-0.5964,3.07944,-154.4752264821023
2024-06-18 04:48:35,04:47:55.00,-0.04711696405884704,-0.008299722694395259,1.014129431309728,9.11779834348478,8.584743402948726,2.433662563521481,1.72656,4.58972,-154.16673296607445
2024-06-18 04:48:35,04:47:55.50,-0.13588453473164533,0.08333788114016157,0.9948904842860362,11.967421424233791,11.420152320941327,4.646120249133451,6.97828,9.37896,-152.11498086444885
2024-06-18 04:48:36,04:47:56.00,-0.2272592099759102,0.19172040509038665,0.9590323957563476,6.405853647739502,7.460659302132996,5.876095078348542,11.890920000000001,13.42568,-149.39757719452084
2024-06-18 04:48:36,04:47:56.50,-0.26664802844027014,0.2444347021541835,0.9236314525217421,-9.6153832592927,-11.65965672807543,6.9444693487779885,12.44628,12.49936,-146.08437511550548
2024-06-18 04:48:37,04:47:57.00,-0.12827884596564,0.13769666001133904,0.9835790335960843,-21.01766278530541,-11.253369269667942,2.9227203349480497,4.091600000000001,5.1506799999999995,-143.19430463006242
2024-06-18 04:48:37,04:47:57.50,-0.03420101268129409,-0.012678869042873887,0.9849348696600636,-9.070237402968921,-5.9265482546046,1.1786111117847928,-1.60624,2.43492,-142.68362098907826
2024-06-18 04:48:38,04:47:58.00,0.02442737903584929,-0.10944574789080144,0.9847101282382964,-10.507642169388369,-8.671180093980814,6.523340120419862,-6.72408,-2.21976,-140.39058077726236
2024-06-18 04:48:38,04:47:58.50,0.07285022217465507,-0.19245316215943617,0.9796409621374095,-1.1073008470879755,7.006562379424171,3.6180771238744374,-10.15956,-2.16204,-137.7343314159662
2024-06-18 04:48:39,04:47:59.00,0.03705868995428456,-0.14453905919038282,0.9789218589937776,13.692670854240319,-3.3467092511847665,-2.597570253022019,-6.76164,-1.01892,-137.639637093517
2024-06-18 04:48:39,04:47:59.50,0.04058341361531317,-0.07809075608107914,1.005256592945103,0.2456776710678099,-0.5667069506751348,-5.501099465058561,-2.94488,-3.43608,-138.96405548479999
2024-06-18 04:48:40,04:48:00.00,0.07875793132012482,-0.10734503528861009,0.9893362447018939,-7.311132176677848,-1.4021118895602729,-6.076611459543267,-6.579199999999999,-3.46628,-142.76917692948894
2024-06-18 04:48:40,04:48:00.50,0.07713294861303523,-0.1578557563767117,0.9914565303217807,-6.671978382532578,-3.294391720356094,-1.1294717907597436,-9.62292,-5.416079999999999,-144.02443324162942
2024-06-18 04:48:41,04:48:01.00,0.08112543682069452,-0.20413113868243848,0.9808794477633935,-4.119639670211387,2.003806747843983,8.771182371087889,-12.240319999999999,-4.51224,-142.54149959567144
2024-06-18 04:48:41,04:48:01.50,0.07197724167071887,-0.25385951956942027,0.9706072448183692,-2.2332650267343315,4.3530606747288525,-6.536452251489734,-14.17864,-3.2416,-141.4665358353053
2024-06-18 04:48:42,04:48:02.00,0.02880193516818535,-0.2535400805439225,0.969551115253843,-0.47845786576237115,7.24303232707372,-1.5115623692277946,-14.69232,-1.01356,-143.63884568874914
2024-06-18 04:48:42,04:48:02.50,-0.046771255184177365,-0.2237057331273441,0.9707922218752424,4.649713400402746,6.327836088139103,9.438920750042337,-12.563920000000001,3.3138,-141.37175570300911
2024-06-18 04:48:43,04:48:03.00,-0.08917388536114627,-0.20488964666654325,0.9752420641601195,4.917002918559637,0.5099051387672422,-2.562510069505476,-11.33908,4.61408,-139.73418239243634
2024-06-18 04:48:43,04:48:03.50,-0.0960568929037083,-0.1265813108619543,0.986928998496258,10.80201434951659,-1.6188083350470053,0.25850306270386647,-6.013999999999999,4.74512,-140.1754255630835
2024-06-18 04:48:44,04:48:04.00,-0.07267698122007568,-0.04819788781964905,0.9934960057204644,4.433783549474172,-6.4633947158674765,-7.5570382455393545,-3.58804,2.2737600000000002,-142.7033422270887
2024-06-18 04:48:44,04:48:04.50,-0.028216744510447044,0.0037421831374464475,0.9972933933853682,6.294752126713271,-2.488384921128689,5.797591466851347,0.19544,0.76144,-143.40734536348566
2024-06-18 04:48:45,04:48:05.00,-0.022273008856387725,0.05651410040086497,0.9955745785831489,4.3710551092998005,5.904700472672101,7.538951976597644,3.01536,2.04672,-138.62420270823463
2024-06-18 04:48:45,04:48:05.50,-0.05980740981238314,0.06567858405230964,1.0001995396483896,-4.597235934592471,5.4468698738326955,2.0840368155217903,3.0362400000000003,4.565799999999999,-136.28169107022214
2024-06-18 04:48:46,04:48:06.00,-0.06983064249064758,0.02000491758909742,0.9981925420702583,-6.235358561786536,-1.657320294145222,3.588562704471002,0.08744,4.7374,-135.1182560623227
2024-06-18 04:48:46,04:48:06.50,-0.06631137440912944,-0.023022594188309337,1.0021988390947816,-1.9464983748483327,5.27936331366176,2.8254349214132053,-1.3701599999999998,4.6434,-133.20915949513403
2024-06-18 04:48:47,04:48:07.00,-0.13439983525199017,-0.02437716826047262,1.0101698836766921,7.950890487549345,9.01494252875822,-2.1663504807578953,0.09892,9.20444,-132.9410082310102
2024-06-18 04:48:47,04:48:07.50,-0.20445628664230203,0.04411267271788746,0.9758505037369748,6.036294975970504,-1.5845459908445882,-2.532281013182105,3.5736000000000003,10.890640000000001,-134.43633076678088
2024-06-18 04:48:48,04:48:08.00,-0.18235506800736306,0.07220077110558087,0.9820671786726095,-4.513105238685898,-3.7374186905070967,-0.24176432197246325,3.1212400000000002,9.23028,-134.99831615187412
2024-06-18 04:48:48,04:48:08.50,-0.14347302277167068,0.02641085640001975,0.987486676114758,-5.489523946540804,-9.055409716663128,3.5230755636125592,0.60808,6.4508399999999995,-133.95189564659466
2024-06-18 04:48:49,04:48:09.00,-0.062256141530965994,-0.013151248647660381,1.007568969194005,-0.7030464654804324,-1.050271275972844,2.5322588923760088,-0.70408,3.5216000000000003,-132.3583490076899
2024-06-18 04:48:49,04:48:09.50,-0.07185955061984091,-0.011386639905431093,0.9897590205823475,0.36702113256846064,1.2092692813977637,4.960787477418794,-0.10996,4.97856,-130.54060419763857
2024-06-18 04:48:50,04:48:10.00,-0.07834551641436897,-0.007757247821440431,1.0194913064733735,-2.8546037411525433,-1.7833208072694566,5.193691617711018,-0.92184,4.30408,-128.00593607451003
2024-06-18 04:48:50,04:48:10.50,-0.056350111778072864,-0.02644287011030583,0.978213032568759,-0.4020532391162015,-3.9424546573092885,5.148018830844972,-1.4444,2.59968,-125.06848723850518
2024-06-18 04:48:51,04:48:11.00,-0.03118493099046933,-0.02725473913187475,0.9935964800872248,1.6502747861073854,0.4346990430271304,1.8320014911529519,-1.1493200000000001,2.19684,-123.32034757490119
2024-06-18 04:48:51,04:48:11.50,-0.034718106089751274,-0.010488851119001963,0.9988416273703216,1.6723724659043855,4.017835790706138,0.40924441245800997,-0.32304,2.7494799999999997,-122.81022814434552
2024-06-18 04:48:52,04:48:12.00,-0.0745226172317773,0.002328652253219083,0.9954297063243723,0.9237717586512,2.739960629978675,1.3792690619282164,0.29024,4.90644,-122.32667666598613
2024-06-18 04:48:52,04:48:12.50,-0.09027182718676055,0.01153629149017957,0.9938601972829385,-0.01333737682111013,-2.7069053156961256,1.8400432857314584,0.58192,4.48604,-121.42184959804665
2024-06-18 04:48:53,04:48:13.00,-0.060366680219967266,0.010195118140424779,0.9965726874896369,-2.0006775146151208,-3.9181077710710497,0.9050128452200541,0.22532,2.8062400000000003,-120.62104026197404
2024-06-18 04:48:53,04:48:13.50,-0.02920686636264743,-0.01079311832073536,0.996721738868916,-3.455346611811414,-2.056556810049728,-0.21428399229811987,-1.26444,1.5283600000000002,-120.46555193192555
2024-06-18 04:48:54,04:48:14.00,-0.011815165514851435,-0.03911420079441035,0.9975208678420064,-1.7936139480309776,-0.17796103056275173,-0.06736449923386617,-2.41704,0.9104399999999999,-120.46387857576312
2024-06-18 04:48:54,04:48:14.50,-0.013949821251369477,-0.05213693419079303,0.9965729498839331,0.5714804000950305,1.5433374438395056,-0.6371276356090229,-2.7030399999999997,1.25696,-120.59326394644509
2024-06-18 04:48:55,04:48:15.00,-0.028686626043303156,-0.04405238572178093,0.9984280818651079,1.4386088200018516,1.891717576327428,-0.26463491541915235,-2.19208,2.0177199999999997,-120.76034212680348
2024-06-18 04:48:56,04:48:15.50,-0.04872376343958271,-0.031402930400428304,1.0013965462096828,1.3188162930441123,5.060159421789888,-0.6137182934822532,-1.5757599999999998,3.5322000000000005,-120.89617253831823
2024-06-18 04:48:56,04:48:16.00,-0.09692834610711032,-0.024054152647567245,1.003164396840794,-0.7861208693270586,3.6510864504726417,-0.7033452919553794,-1.60888,5.90556,-121.21650571496166
2024-06-18 04:48:57,04:48:16.50,-0.11391066690363451,-0.029387612426614966,0.990531315500525,0.030001616699283674,-2.692218816689821,-0.09095487113631466,-1.6264,5.65012,-121.31863927914075
2024-06-18 04:48:57,04:48:17.00,-0.09119947059925063,-0.03157527815831693,0.9957919742315835,-0.828214712975689,-2.6611072746980193,-0.12435706474111961,-2.04948,4.72564,-121.27009197514286
2024-06-18 04:48:58,04:48:17.50,-0.06550517919781573,-0.06204416969766387,0.9928853165337227,-4.965094255939026,-4.493888092370993,-2.2615279264996646,-3.3657600000000003,2.2584,-122.05834965645609
2024-06-18 04:48:58,04:48:18.00,-0.04778257556091545,-0.1001235835181925,0.9966610574400704,-10.236756322819005,8.11383958487213,4.3150268344688065,-7.66456,4.635,-121.21280497081227
2024-06-18 04:48:59,04:48:18.50,-0.11716226390776771,-0.19453381311267315,0.9800719923780398,-7.03559365784854,4.3108372637341414,10.972479301427343,-11.81324,8.22584,-117.83847431830893
2024-06-18 04:48:59,04:48:19.00,-0.12527282567063158,-0.21722602116453069,0.9603985634814568,-0.23783682758970087,-5.171912306222148,-16.880916284307492,-13.02668,6.08192,-117.88945770304392
2024-06-18 04:49:00,04:48:19.50,-0.06508022206004442,-0.22121931373165143,0.9731176771419353,10.638592475290327,-0.210340358307589,-17.55143224751935,-10.5908,3.00904,-127.97112149995696
2024-06-18 04:49:00,04:48:20.00,-0.049396998275630245,-0.13643897503501276,0.9966774272379557,12.532749005084383,-4.078169498545908,-2.312399984891995,-5.65008,1.57776,-133.3811208515356
2024-06-18 04:49:01,04:48:20.50,-0.028384004944279232,-0.01749670637209672,1.010392519251289,5.724908864903735,-1.4235186885648523,19.100857687773274,-0.95908,0.69848,-127.79001535584541
2024-06-18 04:49:01,04:48:21.00,-0.000994744820840012,0.022407553286654,1.0032995794782187,0.7077940483399539,3.0515146162545386,13.477667854077357,0.60968,1.14036,-119.69292186166848
2024-06-18 04:49:02,04:48:21.50,-0.037974120785052974,0.017350341709762,1.005997474985634,-1.5910075012563534,11.544113077699924,13.041780189137274,0.21824,4.76976,-112.77406505047693
2024-06-18 04:49:02,04:48:22.00,-0.13398462358768892,0.028956342652055368,0.9905292058854508,5.766557331851889,8.837008988560193,11.831920804888464,2.73572,9.23108,-106.52325873963848
2024-06-18 04:49:03,04:48:22.50,-0.18859281139091003,0.07684709582513163,0.9783525750851557,1.241008830819109,2.972117836446472,3.3008303704284354,5.0176799999999995,11.373,-102.7928333704312
2024-06-18 04:49:03,04:48:23.00,-0.1874510839123165,0.07334943440140768,0.9845917707884481,-11.212087085120578,-11.853517611275459,3.2187408461962694,2.1207599999999998,8.1988,-101.23641685836414
2024-06-18 04:49:04,04:48:23.50,-0.10105865750250727,-0.007717682905602124,0.9846094009888572,-2.153049630068295,0.5291630976564838,0.45777234928571503,-0.53452,5.821280000000001,-100.17967836400081
2024-06-18 04:49:04,04:48:24.00,-0.12683539983819864,-0.005615157231189368,0.995255721213641,7.24775777010834,2.5697458988931396,3.3358323871166893,1.40092,8.28856,-99.47137046111582
2024-06-18 04:49:05,04:48:24.50,-0.09729548921471602,0.03756463171989076,1.017109735044584,-3.7606932926853442,-12.008821064649926,5.5936172830922235,1.3193199999999998,3.1310000000000002,-97.0798116549585
2024-06-18 04:49:05,04:48:25.00,-0.031948288779769816,0.020196176066050207,0.9824518549696643,2.264382585705192,3.436519691174199,6.073982380587398,1.4845599999999999,2.87704,-93.86634451767186
2024-06-18 04:49:06,04:48:25.50,-0.07655887295679326,0.05262019876371864,1.0115824119149608,6.812646684320616,11.016173268626442,2.401439793110323,4.1895999999999995,6.64048,-91.68489856489485
2024-06-18 04:49:06,04:48:26.00,-0.14672155148042165,0.0980220196517874,0.9696945527712363,-2.718836732794823,-4.768505720574323,4.278576341974365,5.03704,7.241280000000001,-90.16860645592149
2024-06-18 04:49:07,04:48:26.50,-0.09359024306648797,0.07723134404524805,0.9904069567700243,-6.619243215691231,-8.226208366994944,3.2602226828066336,3.1891599999999998,3.71096,-88.02395341459525
2024-06-18 04:49:07,04:48:27.00,-0.031880753352350785,-0.005031418001424311,1.0144822727807958,-13.683496192894072,1.3531086227542704,0.9026586341909791,-2.69208,2.48076,-86.93897285649666
2024-06-18 04:49:08,04:48:27.50,-0.04231443097676653,-0.09780303839884351,0.9801250543414131,0.27214970094719254,0.68473133791159,-1.379814256654735,-4.84696,2.90716,-87.06210358709963
2024-06-18 04:49:08,04:48:28.00,-0.05017514074041622,-0.062402004628818,1.0023624095894328,13.949505920964123,4.597577279848331,-1.86402989979028,-0.763,3.7656,-87.9321340891674
2024-06-18 04:49:09,04:48:28.50,-0.08582694736065177,0.03708096346072046,0.9845711195613768,3.943455976112735,-1.629396142433044,-0.18133424057414388,2.61952,4.49692,-88.40756199198603
2024-06-18 04:49:09,04:48:29.00,-0.0735392116853321,0.06377668730660219,0.9943360841180651,-2.1172527776884804,0.3645876182378964,0.6589019923645032,2.81692,4.10916,-88.12101796496032
2024-06-18 04:49:10,04:48:29.50,-0.08020656771108829,0.035096909129936835,0.9952282243105985,-6.80933189922635,-1.451863468686141,0.19415681643993798,0.606,4.42028,-87.82974896471713
2024-06-18 04:49:10,04:48:30.00,-0.05544646362255298,-0.018709752326162395,0.9979232225977508,-5.3625475992008385,-1.7448321627841517,0.2750787172695898,-1.82464,2.79716,-87.70900171986248
2024-06-18 04:49:11,04:48:30.50,-0.0486778193048262,-0.06292080728868324,0.9943038545695068,-2.321833411370549,-0.8820784629128009,0.5041117237727124,-3.6547199999999997,2.96156,-87.42785257244766
2024-06-18 04:49:11,04:48:31.00,-0.0360777652190582,-0.08260715838003986,0.9947146557115037,-0.7987350369111614,-1.4913317865505258,0.2336502887055966,-4.5728,1.86756,-87.18222319547365
2024-06-18 04:49:12,04:48:31.50,-0.03083409556338331,-0.08608680555437846,0.998045961243432,3.7365115378683846,7.3547972518398215,0.04511895580597331,-4.11128,3.0366000000000004,-87.0636438799283
2024-06-18 04:49:12,04:48:32.00,-0.11373647711349757,-0.034161567984394875,1.0126244917124951,12.195071840614299,10.279508541639602,-1.5968568161730172,0.27432,8.29992,-87.33958018705388
2024-06-18 04:49:13,04:48:32.50,-0.17208209338825295,0.04463969538963438,0.9836785299823777,-7.400822639558343,-7.592768396602721,1.6157986572104326,1.14904,7.92352,-87.49919819901153
2024-06-18 04:49:13,04:48:33.00,-0.10307244795852073,-0.020268520246259535,0.9881238743228827,-6.092753229371588,-9.609274190299532,0.010369269737315397,-2.63948,3.9380399999999995,-86.7747649632341
2024-06-18 04:49:14,04:48:33.50,-0.026989309883247346,-0.08311877001437425,0.9972778402733887,-1.3082597210025484,-0.8460400813193841,-0.6470587837073853,-5.040760000000001,1.73256,-86.97777290957616
2024-06-18 04:49:14,04:48:34.00,-0.03147655720285651,-0.06865812155609731,0.9970995897173465,3.831808528732414,7.2152363876514345,-0.02297231284975942,-2.82656,3.55988,-87.02998268481306
2024-06-18 04:49:15,04:48:34.50,-0.06882157563255852,-0.03374933730528653,0.9951876707588848,2.262346971238021,-6.0771745396717725,0.7702058608209696,-1.5199600000000002,2.76452,-86.77925497040874
2024-06-18 04:49:16,04:48:35.00,-0.034951783518682895,-0.031063877920624913,0.9933790089898915,-5.976614963476956,0.10323744370630489,1.1524264046952373,-3.0820800000000004,2.23908,-86.24350993895537
2024-06-18 04:49:16,04:48:35.50,-0.03866925561932629,-0.07639230177411495,1.0171030082348487,4.98753118850102,7.181228259519801,-0.7524479357782439,-3.5581600000000004,3.43044,-85.97002236907394
2024-06-18 04:49:17,04:48:36.00,-0.09820144631780714,-0.031035625971190747,0.9917548856831211,2.458745645678003,-1.1562596367442044,0.9016731704842299,-1.09772,5.449,-86.1704006943915
2024-06-18 04:49:17,04:48:36.50,-0.09799858741772546,-0.00837193872534538,1.0023379722613917,3.069213911227206,5.2376075624649765,-0.24776609662226742,-0.21988,6.10612,-85.6766174571422
2024-06-18 04:49:18,04:48:37.00,-0.12583765480200504,0.0147091223860375,0.9825141713234453,-0.25972721893066913,-3.4504429547449202,0.547434424385613,0.6149600000000001,6.31224,-85.66744704009463
2024-06-18 04:49:18,04:48:37.50,-0.10789231980135988,0.014394215597523708,0.9934540448111878,-4.4893465636301295,-4.6412611592115525,0.9545987500974839,0.03644,5.50508,-85.37134703661921
2024-06-18 04:49:19,04:48:38.00,-0.04922030655971866,-0.023502802605667523,0.9948620132926896,-0.20350596187595862,-8.181893157482065,1.3327312895530499,-1.4909999999999999,1.4064400000000001,-84.48080275292367
2024-06-18 04:49:19,04:48:38.50,0.00652478341750116,-0.03200882451303797,0.9921392432853311,-3.686658161643491,3.346546515604389,0.7694498341681897,-2.51456,0.6878,-83.95791818851745
2024-06-18 04:49:20,04:48:39.00,-0.02567688477846597,-0.050152181363048005,0.9952850772832141,3.24287936443607,2.8967027045618754,0.7733762466088578,-2.0699199999999998,2.25652,-83.59353331490158
2024-06-18 04:49:20,04:48:39.50,-0.07868483800478636,-0.02472943529719362,1.0177597993771041,3.203457947232203,12.410412209612634,-1.5369240923737724,-0.84856,6.71548,-83.55394949968992
2024-06-18 04:49:21,04:48:40.00,-0.19164932048949523,0.017196625959772432,0.9893463394695837,3.626915617079139,1.1522160429744672,-2.515182505139477,1.54084,10.50452,-84.705423110365
2024-06-18 04:49:22,04:48:40.50,-0.17025274535930215,0.03719089093656426,0.9732040216795811,-5.194984816590405,-11.082488956015563,1.019593125561743,0.99192,7.29332,-85.21620777594524
2024-06-18 04:49:22,04:48:41.00,-0.0021226419098091596,-0.07878981095670301,0.986729778406337,-13.234288001185867,-8.761520469074703,1.2513847455686387,-6.81952,-0.80964,-84.188879666104
2024-06-18 04:49:23,04:48:41.50,0.06029777347091116,-0.19254213187517144,0.9794413868654346,-0.6660165205836651,2.5987712976719965,-0.05467561946039909,-10.468319999999999,-2.11156,-83.943035093459
2024-06-18 04:49:23,04:48:42.00,0.03343969865681915,-0.1811859292276295,0.9739944361604205,8.161688280891225,3.411127557986953,0.5997261856114596,-8.41408,-0.8033199999999999,-83.75030461413921
2024-06-18 04:49:24,04:48:42.50,-0.004579263543401792,-0.10765916963813355,0.9887182588076453,9.502945988081283,7.694676299806505,-0.8657195980046771,-4.63364,1.5898400000000001,-83.7841931767016
2024-06-18 04:49:24,04:48:43.00,-0.05546247843464946,-0.01989223004223721,1.0198888798401355,7.280924736863032,-3.820494030037977,-1.0597520868874817,-0.1436,1.8718000000000001,-84.05312883199493
2024-06-18 04:49:25,04:48:43.50,-0.050594493659920116,0.02388545448629482,1.0147357016640441,0.19668712996282817,11.376772258232407,2.7656185528329886,0.7836,4.80168,-83.88059797865324
2024-06-18 04:49:25,04:48:44.00,-0.1260325041371841,0.019558142375873836,1.0032819566588609,-9.35788594869545,-2.8091651438250334,9.768704021345236,-0.7894,6.3872,-80.67449933951448
2024-06-18 04:49:26,04:48:44.50,-0.0993214367744751,-0.052755603109725484,0.9734175868630015,-6.932239424615799,-7.272974020134379,11.91618804874921,-4.17044,4.12152,-74.91123131260683
2024-06-18 04:49:26,04:48:45.00,-0.010949183270824316,-0.10917788600111641,0.9791694240819419,-8.823703164784606,-7.15217806304728,1.4571249313180235,-6.8717999999999995,0.66728,-70.24749659872334
2024-06-18 04:49:27,04:48:45.50,0.014108267657407596,-0.18219051720668197,0.9935011962153927,-6.098153344313136,1.2074874693702156,-15.110066311599951,-11.883320000000001,-1.87908,-74.3986793315684
2024-06-18 04:49:27,04:48:46.00,0.02741825887830401,-0.19911079515604876,0.9860657732463052,14.28708386736134,11.955403567774932,-34.911003436282904,-8.022680000000001,0.10760000000000002,-87.39824358939516
2024-06-18 04:49:28,04:48:46.50,-0.038956908187631284,-0.08295296656358932,0.9916209133408158,9.196868844966444,7.453336147647304,-37.789585031434214,-3.23888,2.8786,-106.19410423110943
2024-06-18 04:49:28,04:48:47.00,-0.06725384503872771,-0.02313876242125706,0.9851556889666001,1.1888236552588263,-5.660607002334289,-15.553918792668691,-2.12864,1.98284,-119.9997230649848
2024-06-18 04:49:29,04:48:47.50,-0.023110600577395488,-0.01910072510063825,0.9994176265173299,1.6840023497773549,-1.527277081384549,1.1244252179434786,-1.3977600000000001,0.74872,-122.70946877007566
2024-06-18 04:49:29,04:48:48.00,-0.01613573414056809,-0.004764938318045132,1.0069544913013082,-1.2916746565758102,-0.9660316444785628,0.824663586140109,-1.0187599999999999,0.46872,-121.82390622144702
2024-06-18 04:49:30,04:48:48.50,-0.004079631362257164,-0.0205549507961142,1.0039689734610675,0.18574712952998668,-0.7268786738903961,1.5437633864099276,-1.34,0.19391999999999998,-121.2106920158567
2024-06-18 04:49:30,04:48:49.00,0.0005364237179904293,-0.012636392240986187,1.0009915309431423,0.9502752524296543,-0.08022816965089948,2.5166671960352396,-0.6907599999999999,0.04907999999999999,-120.08625553379348
2024-06-18 04:49:31,04:48:49.50,0.0006125535868683014,-0.006743848666945316,1.0003830026630944,0.03167587766774264,0.2976909365210959,3.0439276902892,-0.51728,0.10959999999999999,-118.60083125842694
2024-06-18 04:49:31,04:48:50.00,-0.002131065070123208,-0.005016425008908733,1.000609497058624,0.2546907345340401,1.308802037744148,3.0428314374106105,-0.39520000000000005,0.44043999999999994,-116.98801423226361
2024-06-18 04:49:32,04:48:50.50,-0.01610175012005026,-0.0009614021055366168,1.0008418856400692,0.6823952012205479,2.863426503148231,1.6477030342307208,-0.03396,1.4159199999999998,-115.6968645490607
2024-06-18 04:49:33,04:48:51.00,-0.04469334710612993,0.004227134145570488,0.9998656868683944,0.7124496395793349,3.974595453481422,0.27694564442772607,0.33968000000000004,3.1108,-115.19081678123766
2024-06-18 04:49:33,04:48:51.50,-0.08071643391140595,0.00784677846940504,0.9988597870591924,-0.27834898482985987,4.193699090380051,-1.1572629540481238,0.36692,5.05368,-115.40900195510169
2024-06-18 04:49:34,04:48:52.00,-0.11893241949878758,0.002680319829705388,0.995373255407534,-1.1839704401055504,3.164307972333266,-0.7641238518335983,-0.024480000000000005,6.987279999999999,-115.89378465474802
2024-06-18 04:49:34,04:48:52.50,-0.1407037613529775,-0.009375524038431676,0.9926058977291121,-1.4884472170325407,-0.6984546583034468,0.5500837024803878,-0.7145999999999999,7.55544,-115.89477361797299
2024-06-18 04:49:35,04:48:53.00,-0.13001368101150543,-0.022453309001294573,0.9925393699883328,-1.6574276295893606,-2.5542190604892467,1.4494766373064965,-1.43112,6.784479999999999,-115.23684480521985
2024-06-18 04:49:35,04:48:53.50,-0.10873765392805027,-0.03445924937572465,0.9929146677984286,-0.9898776672333794,-1.5267901871286111,1.3983813023385934,-2.00692,5.96944,-114.4629327577823
2024-06-18 04:49:36,04:48:54.00,-0.09629728210015927,-0.04005745701293101,0.9941789020671906,0.049659226167236586,-0.8603815191474345,1.0215138992442336,-2.15312,5.48008,-113.82294425781491
2024-06-18 04:49:36,04:48:54.50,-0.08913958539876415,-0.03744885682694392,0.995695969852637,0.3297741788022883,-0.4296038264666504,0.8005529048828219,-2.0442,5.1443200000000004,-113.3315457811352
2024-06-18 04:49:37,04:48:55.00,-0.08610639537152809,-0.0345351024215787,0.9970896686313035,-0.15551449570717338,-0.30794679818607235,1.043819553367446,-1.9731200000000002,4.98216,-112.77939207660354
2024-06-18 04:49:37,04:48:55.50,-0.08365955246970758,-0.03542007813415196,0.9980052177981175,-0.23521026100948147,-0.198792632480883,1.0460340937179367,-2.07112,4.8428,-112.19553490784917
2024-06-18 04:49:38,04:48:56.00,-0.08116561300578332,-0.03774820317322362,0.997671476509964,-0.2815658782414172,-0.4698077439627145,0.3673372015287681,-2.1790000000000003,4.64228,-111.73756030292472
2024-06-18 04:49:38,04:48:56.50,-0.0780104605197539,-0.039001071789872215,0.9961488619340622,0.0754298682784095,-0.32134009920756107,-0.30038119873194735,-2.246,4.4214400000000005,-111.72875768900855
2024-06-18 04:49:39,04:48:57.00,-0.07452918263221184,-0.03720692955419146,0.9968098015649253,0.577864500478282,-0.37550534654469836,-0.20954262172008542,-2.0365200000000003,4.23484,-111.76379602426458
2024-06-18 04:49:39,04:48:57.50,-0.07120195695236935,-0.03239081891604006,0.9978098400412077,0.4215228808016363,-0.19332887023208792,0.16297065928852164,-1.79684,4.07612,-111.80675701320106
2024-06-18 04:49:40,04:48:58.00,-0.06978609897750021,-0.03339874293382155,0.9979130777245975,-1.5914184099580118,-0.721912625361237,-0.4940874348876412,-2.11172,3.83868,-111.64862200234546
2024-06-18 04:49:40,04:48:58.50,-0.06295949272134244,-0.04324096424797117,0.9983248506412672,-0.8122690682941802,0.5321369451954454,-0.24430710999565453,-2.7769999999999997,3.77024,-111.92949050103918
2024-06-18 04:49:41,04:48:59.00,-0.06819462053451711,-0.049997645003064,0.9980542676907237,0.5515557296195306,0.8265521592088757,0.10259922567595098,-2.70812,4.15832,-111.85211394640235
2024-06-18 04:49:41,04:48:59.50,-0.07912674890903296,-0.04598359183694403,0.9967082932616453,-0.05737340223165065,-0.3342406569211671,4.264908364407549,-2.4198,4.21084,-111.3332038127508
2024-06-18 04:49:42,04:49:00.00,-0.10906147131019461,-0.037153545475062055,0.9932442776948488,0.828983872936663,2.4749111536730273,1.0021822229993524,-2.3122,5.60316,-109.10806063827769
2024-06-18 04:49:42,04:49:00.50,-0.10508463889136468,-0.028414939974515337,0.9987703744501608,0.34099835025000486,-0.4003410819491392,-2.0692242182161578,-1.87952,5.88224,-109.58603419267791
2024-06-18 04:49:43,04:49:01.00,-0.09948843462953665,-0.02647512298002273,0.9972587116950532,0.862982518172532,0.5357709271568702,-0.5563371618492856,-1.51648,6.06388,-110.16282397297243
2024-06-18 04:49:43,04:49:01.50,-0.0704963463906937,-0.03102370665191581,0.998882446140295,0.6467190285572787,-2.1283892186549425,0.7087156882413066,-1.2860399999999998,4.87068,-109.81641794816305
2024-06-18 04:49:44,04:49:02.00,-0.07425462323925001,-0.030566775435186225,0.996141050527304,-1.109838784580149,1.2542255163169196,-9.812379101783158,-2.0242400000000003,4.5096,-113.17149779713203
2024-06-18 04:49:44,04:49:02.50,-0.0543219623011481,-0.03001264837420935,0.9935651605305965,2.300726923639466,-4.286909329721452,43.61506909818261,-0.50276,3.5591199999999996,-104.1683362700656
2024-06-18 04:49:45,04:49:03.00,-0.0546953169149455,0.009250410815312004,1.0018354122957271,-4.776963695427354,-0.07468271450882356,45.42113023500587,-0.41856000000000004,2.6167200000000004,-81.55446085074509
2024-06-18 04:49:45,04:49:03.50,-0.04131637091712171,-0.020004506152861815,0.9966152444327864,-6.128619912709784,-0.9597284893991275,45.839764119417914,-1.98732,2.8227999999999995,-56.70940252220366
2024-06-18 04:49:46,04:49:04.00,-0.04714704789882737,-0.06736191752407585,0.9915612301253897,-4.628161732909793,1.3837859888768416,-13.313797670824833,-4.3208,2.93212,-48.433415680017525
2024-06-18 04:49:46,04:49:04.50,-0.038523324868604505,-0.10344446679913595,0.9959327612020004,-0.7783100549590768,0.398080847139684,-36.43543603528769,-5.95276,1.7504400000000002,-62.724781143552455
2024-06-18 04:49:47,04:49:05.00,-0.014574900658017635,-0.1187698421639833,0.9932507130958309,1.0159568137131805,3.490327556048121,-40.350060501392214,-6.50908,0.71576,-82.1476537165361
2024-06-18 04:49:47,04:49:05.50,-0.01385359097829712,-0.1045840737722439,0.9960247973730993,5.734617570311328,3.654738249538145,-42.686453453362844,-5.1112,0.6923999999999999,-102.90321718182635
2024-06-18 04:49:48,04:49:06.00,-0.011693191533635522,-0.054531717789711616,0.9994471169142176,8.790678738490497,-0.33771030399243057,-25.851150246424023,-1.69684,0.10328,-121.16264990598476
2024-06-18 04:49:48,04:49:06.50,0.012320945359058692,-0.008489444811885823,1.008538919899728,-0.20148109556468913,-0.2950716289642497,-0.5155062806058229,-0.28815999999999997,-0.42324,-126.7678620124023
2024-06-18 04:49:49,04:49:07.00,0.0019414953873104859,-0.005439728986408181,1.0132645828998392,-3.233172415712159,1.7885886569420426,2.519830799625048,-0.89364,-0.23608,-125.66940337089135
2024-06-18 04:49:49,04:49:07.50,-0.03833789064047091,-0.023606598952609893,0.9984792904497409,-10.317115769073064,2.280787191485216,-2.0515022629795383,-4.4694,1.71988,-125.12239105959601
2024-06-18 04:49:50,04:49:08.00,-0.03572671972650912,-0.11201755737565948,1.0003827773772493,-3.8853484530462437,0.24385684672069097,-5.237588049916955,-7.40268,1.60968,-127.24810633083736
2024-06-18 04:49:50,04:49:08.50,-0.04864031448786739,-0.11608905126742773,1.0103931893502653,12.805593775221464,6.710103956287753,-1.8960851870777775,-4.1026,3.76608,-129.1433167554681
2024-06-18 04:49:51,04:49:09.00,-0.09393836817690232,-0.007329699883381276,0.9841473119827688,10.40212258958719,-2.425385487027439,4.79255668569859,1.51068,4.68684,-128.29854884356945
2024-06-18 04:49:51,04:49:09.50,-0.06431273788327163,0.062210937238004346,0.965970496000113,-5.017058239460957,-1.1567470562994324,1.302300797674315,2.23524,3.17364,-126.21348423734842
2024-06-18 04:49:52,04:49:10.00,-0.0656130691521291,0.007404876974719528,0.9911201540131362,-6.816923487914093,5.346435525919552,-3.322603171508523,-0.95604,4.66156,-126.83024290503162
2024-06-18 04:49:52,04:49:10.50,-0.10764206699877293,-0.049541191087839956,1.021019542546721,2.067987904080784,5.251222564198791,-5.083520915972787,-2.3237200000000002,6.946960000000001,-129.11858202956768
2024-06-18 04:49:53,04:49:11.00,-0.14689715794042624,-0.02446148313667873,0.9617149718126289,2.8783478744481705,-6.353517970682166,-1.024665904066371,-0.50988,7.05596,-130.7284563059675
2024-06-18 04:49:53,04:49:11.50,-0.09147772672652214,-0.03394776692712851,0.9877575298000097,-6.841139500172954,-0.22784571431874653,12.284888216357258,-1.63004,5.1272,-126.65247942524643
2024-06-18 04:49:54,04:49:12.00,-0.0957446045857549,-0.0672647129432584,0.9994303863877029,-8.230899871778076,1.0118078915904152,-2.021935741846215,-6.38824,5.8261199999999995,-124.69817321930539
2024-06-18 04:49:54,04:49:12.50,-0.09854989649159819,-0.11985406212964808,0.9927603023189256,3.7150599814811978,-0.9344337886967528,-3.368750576236103,-6.2748,5.41144,-126.27899928381399
2024-06-18 04:49:55,04:49:13.00,-0.08482238671342061,-0.08888962380067236,0.997232480359453,7.1897175303587195,-0.4966118634059039,-2.971677311290529,-3.6858,4.81116,-127.79967799130172
2024-06-18 04:49:55,04:49:13.50,-0.10767713244593123,-0.04171824803487685,0.999627740249832,3.1055700476313,0.5120009716863647,5.909720418894376,-1.62508,5.17024,-127.65261375869242
2024-06-18 04:49:56,04:49:14.00,-0.09859211322421846,-0.011554422448476931,1.0036470656991228,-0.2677713740377953,0.5795303001965874,5.077698251962293,-0.6522,5.681760000000001,-123.50823201209646
2024-06-18 04:49:56,04:49:14.50,-0.10042850064555271,-0.019882184970240472,1.0029346612218162,-5.5257328903749725,2.674420190557683,-0.9835597729783601,-2.2625200000000003,6.40648,-123.1146559456032
2024-06-18 04:49:57,04:49:15.00,-0.1215920660103461,-0.06812527969723989,0.9975265629387892,-5.9206003977223,2.4511661833524725,-0.7311275661732332,-5.06224,7.54568,-123.41878813894915
2024-06-18 04:49:57,04:49:15.50,-0.1369974097162016,-0.12130139878788372,0.9866450407102724,-4.52620589361706,0.8899290050823199,-1.2423723232089428,-7.48604,8.14468,-123.94256723591893
2024-06-18 04:49:58,04:49:16.00,-0.13746403033827995,-0.1576171849351019,0.9760513676188655,-0.9969045666699269,-4.152089475145047,0.4751797168901756,-8.87656,7.16432,-124.08905952644331
2024-06-18 04:49:58,04:49:16.50,-0.09446975354536347,-0.15506644872742406,0.9787109820799255,4.995776902116667,-4.5446125587614885,2.200496015622368,-7.917280000000001,4.92964,-123.250328671374
2024-06-18 04:49:59,04:49:17.00,-0.061781960574883436,-0.10429031129555545,0.9910021333530454,5.980769689714237,-4.009547841098294,0.26872689402735017,-5.0046,3.1817200000000003,-122.64280874646634
2024-06-18 04:49:59,04:49:17.50,0.008420072760284548,-0.03795892982520774,0.9969013633141414,8.79736798765475,-4.933112413823108,15.726436360485778,-1.4046399999999999,0.32248,-120.02591301307785
2024-06-18 04:50:00,04:49:18.00,0.01453031431916934,0.03107115345889985,0.9979436052574777,4.924347003436859,3.223810957774579,22.185258580333702,1.96032,-0.28772000000000003,-107.5094921350405
2024-06-18 04:50:00,04:49:18.50,-0.021477467160026617,0.053310374018179105,0.9985037972948838,-0.9074947571404897,4.705734360203954,-25.987300380444584,2.57164,2.30828,-108.66575214748441
2024-06-18 04:50:01,04:49:19.00,-0.06661536957832898,0.03850133034108323,0.9994955976108558,-1.8081147912450515,-1.5001136382998137,-42.242014446503624,0.9612,3.24092,-127.12896314339548
2024-06-18 04:50:01,04:49:19.50,-0.062178477353139944,-4.582723955877187e-05,0.9984683032936745,-1.1995737844184098,-3.35707338204341,-45.24594077834163,-0.6964,2.38424,-149.05012906467394
2024-06-18 04:50:02,04:49:20.00,-0.027162248877295018,-0.01532327397067494,0.9995398369409336,3.0939651398801313,-2.5091142055868754,-32.11098912406531,-0.6325999999999999,0.83992,-168.83240342565855
2024-06-18 04:50:02,04:49:20.50,-0.011870355769338613,0.00024123241325337596,0.9972604503342352,1.1719816431202006,-0.0752983611877005,-35.76155291829916,0.16404,0.57292,102.24436379933313
2024-06-18 04:50:03,04:49:21.00,-0.009121680668360454,0.014047768385933003,0.9855874320429286,2.2978186834047643,0.9044693848832892,-17.96989110999235,0.6200399999999999,0.46724000000000004,160.59560725726828
2024-06-18 04:50:04,04:49:21.50,-0.026835024627168726,0.06194326992145758,0.9985741427454862,5.891742866690804,3.9780555313005137,10.197825258178762,3.97688,2.2828,160.2959962900572
2024-06-18 04:50:04,04:49:22.00,-0.06222343090847516,0.0717564549488,0.9990499089076029,-4.2240281534010515,0.02510666434340409,1.423694719667369,3.6592000000000002,2.92024,162.95551780586723
2024-06-18 04:50:05,04:49:22.50,-0.05655765278623468,0.04076674075296735,1.0018016348885537,-4.569770227681407,1.5938011131866117,-0.8077874044944262,1.46828,3.32348,163.07816736677944
2024-06-18 04:50:05,04:49:23.00,-0.06645133044040753,0.00804787490866982,1.0067587753734357,1.3416153505982678,-1.9743533050338586,0.6947211536104173,0.94784,3.3206,162.96598137452887
2024-06-18 04:50:06,04:49:23.50,-0.05430563969618213,0.016085423029375327,1.0033993784912423,-2.4972124395463084,1.9927059518828094,0.0016713319654021231,0.591,3.39956,163.35980528896437
2024-06-18 04:50:06,04:49:24.00,-0.07008727777159292,-0.006685176143459128,0.9991496654955236,-2.0366056268090436,0.9906949363781439,-0.8769150722130717,-0.6200399999999999,4.18736,163.12148697488092
2024-06-18 04:50:07,04:49:24.50,-0.07508264991892255,-0.02426636762700961,0.9982768405731403,-1.0966412915665764,-0.6353369086626659,-1.3574374854070652,-1.4120400000000002,4.1490800000000005,162.62942815964465
2024-06-18 04:50:07,04:49:25.00,-0.06792689413952724,-0.027300497227497944,0.9974718079003168,0.8908307885410168,-0.8538301466912337,-3.5451418805945383,-1.53232,3.7344799999999996,161.50810053545862
2024-06-18 04:50:08,04:49:25.50,-0.06260881265363293,-0.018834840520610786,0.9974867489771895,2.557935525256765,-0.5883673990887492,3.6590557955559673,-0.64952,3.3706,161.35318604195763
2024-06-18 04:50:08,04:49:26.00,-0.059183337271503406,0.009297186444153555,1.0003804180836264,2.1944463316583867,-0.18677328067883972,-2.9299208740233404,0.877,3.40512,161.52260332394937
2024-06-18 04:50:09,04:49:26.50,-0.05725309911913627,0.008526295184713224,1.002868330412105,-2.1933997403380014,0.6729417802486389,0.2567060790018986,0.242,3.3764800000000004,161.18276772508347
2024-06-18 04:50:09,04:49:27.00,-0.062129714734398434,-0.009887545595610829,1.000484577644279,-3.1953326729148546,0.21161626411511703,0.022714786788309908,-1.11368,3.6682,161.33661736129375
2024-06-18 04:50:10,04:49:27.50,-0.061579157201033435,-0.03616572100723489,0.9985399385498169,-1.7513404911621213,-0.27680888940152804,0.0929929956605464,-2.2616,3.5074799999999997,161.42145762343955
2024-06-18 04:50:10,04:49:28.00,-0.07070049535389812,-0.05602721399339834,0.9939051922713708,-0.3493476304138384,0.5897346578946927,-4.142623085727683,-2.99808,3.75848,160.86784182041046
2024-06-18 04:50:11,04:49:28.50,-0.06066747397215066,-0.05730900045537567,0.9970130528627916,0.5707416269761435,-1.33442790164682,0.013293028363952093,-3.21024,3.8700400000000004,159.3172106624184
2024-06-18 04:50:12,04:49:29.00,-0.050073445275388956,-0.05445040158510758,0.9972223091350011,-0.28978437915925587,-0.836783870765906,1.6342034608031135,-3.2796800000000004,2.89344,160.0767560516527
2024-06-18 04:50:12,04:49:29.50,-0.056307201151944014,-0.050421091521139105,0.9997674308082722,1.0556218897884424,1.7699351669082697,-0.4925617279293434,-2.86448,3.4848000000000003,160.3445626207501
2024-06-18 04:50:13,04:49:30.00,-0.06964258135212037,-0.04051317882609192,0.9992725445863578,1.6026157343478764,0.5334929206326613,-0.5540969979496904,-2.14648,4.0007600000000005,160.0783589250176
2024-06-18 04:50:13,04:49:30.50,-0.0725947994913044,-0.02885647579370794,1.0174139103524455,-0.7785271452434259,-0.06655877097615176,0.4343065337425462,-1.9086400000000001,4.04224,160.09852285205096
2024-06-18 04:50:14,04:49:31.00,-0.06979317627754063,-0.03771729892673656,1.014227360054097,-0.7407571014873322,-1.273608794867963,2.431091189409753,-2.3199199999999998,3.7202800000000003,160.84337774806806
2024-06-18 04:50:14,04:49:31.50,-0.06120230984882058,-0.04086991090002424,0.9875572670739885,1.5061479500890211,-3.4136250501307264,1.9548481106585416,-2.01476,2.95008,162.20546742628744
2024-06-18 04:50:15,04:49:32.00,-0.025802999506881627,-0.0401904334815426,0.9601102651005995,-5.924693690514241,-3.1253153535254903,-0.9232716876630593,-3.2628,0.9620000000000001,162.45137479135133
2024-06-18 04:50:15,04:49:32.50,-0.023650067695909018,-0.07528862753844422,0.9830283646772162,1.2728926501680597,9.297243484540024,1.0228102265297998,-4.12192,3.24764,162.50292924264895
2024-06-18 04:50:16,04:49:33.00,-0.09096619644683739,-0.06916239935211703,1.0013931676495098,0.8127116422756717,1.9107081412715303,-1.317816027654967,-3.67284,5.38432,162.58026130981406
2024-06-18 04:50:16,04:49:33.50,-0.10119371607471818,-0.06315204549229328,0.9963683697497128,1.429444427541658,-1.1081023757114057,-2.963995616818055,-3.4362,5.26504,161.44102054944216
2024-06-18 04:50:17,04:49:34.00,-0.08919236936354821,-0.04582173528252765,1.0011579096898406,2.8334356542987598,-1.4095963209715918,9.426381782615483,-2.14032,4.79892,161.5049578497566
2024-06-18 04:50:17,04:49:34.50,-0.08236452096062932,-0.0232037650234614,1.0020717948804294,-3.263654993631664,-0.8631385695305955,37.47943747041344,-1.37108,4.66108,74.6446734202482
2024-06-18 04:50:18,04:49:35.00,-0.08045807996950215,-0.026651813395504993,1.0034792420748635,-3.105423060753439,0.806015470958227,9.174981229277913,-1.919,4.763,-170.7020359821829
2024-06-18 04:50:18,04:49:35.50,-0.08128161010974208,-0.06447364900103493,0.9978312135116326,-3.8595702553850177,-0.1431700508077531,-37.27448675483235,-4.739920000000001,4.311719999999999,6.911015168565725
2024-06-18 04:50:19,04:49:36.00,-0.0573590803529183,-0.09402458151765554,1.001040081540062,5.568564893271026,1.479485116181414,-20.06400926005189,-4.72768,3.34448,164.10505509891468
2024-06-18 04:50:19,04:49:36.50,-0.0576124408225661,-0.05060853584451151,0.9998503751324247,6.604647744403803,0.580100383217327,-3.406778863041345,-1.874,3.3758,159.26946500313883
2024-06-18 04:50:20,04:49:37.00,-0.06647494316639915,-0.0005283746369961201,1.0001104915624381,1.9792782280242167,1.1230433328369518,0.5618986214907045,0.0003199999999999981,3.8873599999999997,158.85609376170873
2024-06-18 04:50:20,04:49:37.50,-0.07345135977026118,0.010497018098716594,0.9979052250167235,-1.7244234961755822,-0.18201393511170202,2.7118853270456156,-0.012159999999999999,4.06268,159.81410944382142
2024-06-18 04:50:21,04:49:38.00,-0.07077051661871084,-0.0032004407249713917,0.9969947825208487,-1.7521411272629215,-0.1836788567923449,3.5379058735412734,-0.62444,4.00744,161.48636741681486
2024-06-18 04:50:21,04:49:38.50,-0.06842334130432577,-0.015028910171039536,0.9960167504918442,-0.39366264982754956,0.02095439213681767,3.262857500105099,-0.91952,3.97144,163.28528539759992
2024-06-18 04:50:22,04:49:39.00,-0.06976088854274633,-0.014716281012807144,0.9946160092046477,0.5260054078292212,0.268182144698441,2.427217680077869,-0.7072799999999999,4.10996,164.74456939726184
2024-06-18 04:50:22,04:49:39.50,-0.07237560769013511,-0.019647086994906974,0.9945789558883986,-1.1732317754711448,-0.5956302055577166,15.880392588071077,-0.6873600000000001,4.04952,167.74151363988082
2024-06-18 04:50:23,04:49:40.00,-0.0664439529167621,-0.00828342195871036,0.9956426782416427,-2.5594646735179505,0.42543411016338406,37.25237015682541,-0.73004,4.18156,-75.37052841458082
2024-06-18 04:50:23,04:49:40.50,-0.07183769026448197,-0.00874289021098974,0.9961410871888904,-0.3179325827564829,-0.21648439061310293,7.257275441375438,-0.72384,4.3000799999999995,-164.28923829474348
2024-06-18 04:50:24,04:49:41.00,-0.05630814878002357,0.04466472888248735,0.9991466382084662,8.354537115995765,-2.870616833997218,-13.832141236093968,2.23956,3.23564,-167.93967056156634
2024-06-18 04:50:24,04:49:41.50,-0.046072277665741394,0.04456331308322106,1.0041379024787522,2.291940338617576,-1.1375840827911547,-6.930925302512841,4.222919999999999,2.52784,-173.63503456328743
2024-06-18 04:50:25,04:49:42.00,-0.03884134527110222,0.07383535553851789,0.9956049544591135,-0.13592674026556553,3.752407948388842,33.99081408445419,3.95148,2.49536,-167.16332490058645
2024-06-18 04:50:25,04:49:42.50,-0.06450547493284703,0.12456275014064058,0.9978790395826939,6.60900003192716,3.5329789206000313,20.33395710386061,7.42412,3.81804,-149.82255391018836
2024-06-18 04:50:26,04:49:43.00,-0.06700489246915617,0.14304026186994429,0.9952321683340215,-1.013651811828065,-1.8946823856172759,1.5970790387177471,8.66084,3.1893200000000004,-147.63398203184303
2024-06-18 04:50:26,04:49:43.50,-0.052582345992337444,0.14484497013419437,0.986776752407655,-3.9464910468007117,6.443843988650753,39.94874519677007,8.30508,3.0724,-136.32250034537972
2024-06-18 04:50:27,04:49:44.00,-0.06377051572635349,0.08212090848065466,0.9894670150429333,-15.781216665149211,4.092276475169128,26.76963521396958,3.1102,3.7375599999999998,-118.18609047327585
2024-06-18 04:50:27,04:49:44.50,-0.0933612934091974,-0.02337174089131587,0.9885073390977133,-6.144227481385141,2.851270675012135,-10.700157014425768,-2.0462000000000002,5.01088,-115.65701437197427
2024-06-18 04:50:28,04:49:45.00,-0.09060786994983801,-0.08696611042471192,0.990598162244091,-2.885178409904512,0.33505869523029247,-0.15351306071223758,-4.3395600000000005,6.032920000000001,-118.55468919654035
2024-06-18 04:50:28,04:49:45.50,-0.06419346873030697,-0.09862919637562262,0.9902748408330918,-0.4459637763139577,-5.737658561684249,2.911017928716837,-5.05924,3.7283600000000003,-117.28010421727437
2024-06-18 04:50:29,04:49:46.00,-0.024061684216155323,-0.10117072044275034,0.9934136484346849,-1.316228594742911,-4.854949880346914,-20.94012763488488,-5.89048,0.50904,-120.54260548193258
2024-06-18 04:50:29,04:49:46.50,-0.010243617539693802,-0.09386440118429845,0.9864497567523633,0.705736470831733,11.393211603327199,-27.271847176892003,-5.5894,1.33728,-135.25480481948455
2024-06-18 04:50:30,04:49:47.00,-0.07869025541854222,-0.11285431693523913,0.9991663730979713,-3.1686976228743227,8.934333980560854,5.604431808475784,-6.71312,6.55688,-139.7023940895441
2024-06-18 04:50:31,04:49:47.50,-0.1260608688249233,-0.08839562770109406,0.9844804520671676,8.105893233920371,-3.379160002356894,2.418482681368174,-4.90268,6.959879999999999,-136.8507903874305
2024-06-18 04:50:31,04:49:48.00,-0.12283231122027911,0.004291244112011808,1.0015152991596175,9.856686632805205,-0.9545906096766291,-3.070113037751162,0.67148,6.0662,-137.35896118367342
2024-06-18 04:50:32,04:49:48.50,-0.11261717031901157,0.06312700018979397,1.0046643720678878,6.9360234825686495,1.2954775973956145,-2.070590490453073,4.45852,6.6238,-138.46504835863576
2024-06-18 04:50:32,04:49:49.00,-0.0886970459747873,0.10713654462641004,1.0010132702064565,6.136562710820332,-5.308414133881031,-0.9636888700189888,7.247240000000001,5.19924,-139.1662837008597
2024-06-18 04:50:33,04:49:49.50,-0.10671329498705501,0.16370222988727737,0.9913856028214123,2.3138081153689445,-0.24682439535665504,5.250901073766559,9.085280000000001,3.94832,-139.1915391500261
2024-06-18 04:50:33,04:49:50.00,-0.08862313365005223,0.1808553442573252,0.9815219089740016,-5.474717152227615,5.828906825978634,19.20181167888203,9.46988,5.162319999999999,-131.4268036832972
2024-06-18 04:50:34,04:49:50.50,-0.07890141454943303,0.12335075465003666,0.9775734451211225,-11.946912426501406,-2.1139119888059437,2.602314920594124,5.24332,4.88708,-125.86703143406619
2024-06-18 04:50:34,04:49:51.00,-0.04827554461798719,0.024606935536276797,0.989085389258326,-10.894563155104986,-2.4307427967951667,-6.65054642618698,-0.15028,2.83788,-127.35434073052627
2024-06-18 04:50:35,04:49:51.50,-0.03190420989050493,-0.08045764185616204,0.9869868325381284,-10.756647624609341,-1.344005456091335,-1.675959265698298,-5.51072,1.8852000000000002,-129.6680231580923
2024-06-18 04:50:35,04:49:52.00,-0.024584718691199568,-0.1797419013716918,0.9755698474652938,-8.440164684972906,0.9878135326604763,1.549559643318269,-10.56732,1.7819200000000002,-129.2960690671766
2024-06-18 04:50:36,04:49:52.50,-0.048138822986018216,-0.2454115555344684,0.9486613501318664,2.0753198080027837,7.340994931860192,-8.375234210473506,-12.685319999999999,3.7972,-130.47519022194425
2024-06-18 04:50:36,04:49:53.00,-0.08925209394114182,-0.2184019842539859,0.9691136419645038,14.92578068727882,3.0264114927597494,-11.477841291738436,-9.17092,5.00008,-136.27026769052202
2024-06-18 04:50:37,04:49:53.50,-0.09821256653270821,-0.10773868145796202,1.0079355931550202,11.176439951416988,-0.659446694908926,-4.507176215517009,-3.923,4.8924,-140.05809897581065
2024-06-18 04:50:37,04:49:54.00,-0.08233667974891237,-0.008609427641305473,1.0218212766706456,-2.4243338815594386,-4.0775113596075,-0.5080616639969174,-2.01672,3.7136,-141.14269747502988
2024-06-18 04:50:38,04:49:54.50,-0.054233009842762046,-0.013057587469191173,0.9884779597836015,3.899930659714185,-3.03884987250722,0.33850833784441753,-0.55416,2.62968,-140.86817280028185
2024-06-18 04:50:39,04:49:55.00,-0.04285577354217019,0.006146936188273564,1.015198260265466,-4.529578532343523,7.3321453274219675,-2.0982990602386224,-1.17444,4.03176,-141.46429798661123
2024-06-18 04:50:39,04:49:55.50,-0.10453219023467514,-0.042396535527525314,0.9861947787664919,-3.5493620364362486,-3.536492464379842,1.2111533034817683,-3.2560000000000002,5.1882399999999995,-141.6767025872146
2024-06-18 04:50:40,04:49:56.00,-0.04281218092790631,-0.05334784181228609,0.999621100496902,4.725835739251347,-0.30944674774095854,2.9916107532709315,-1.75368,2.39628,-140.35677581465293
2024-06-18 04:50:41,04:49:56.50,-0.07487541060168372,0.027178879811721308,1.008007020154248,-3.5275878855378453,9.258522355443729,-0.0015918243782962716,0.42619999999999997,6.16068,-139.66638075341248
2024-06-18 04:50:41,04:49:57.00,-0.1178840649607234,-0.01812708435790424,0.9967448874896787,-11.03037426904549,-6.616895320605818,2.6099384252588926,-3.26388,5.12756,-138.92072782795915
2024-06-18 04:50:42,04:49:57.50,-0.06979420952407658,-0.1058576190260124,1.002063089369387,-3.5616274474472736,-3.7018432947380666,1.7887274176246484,-6.35236,3.30876,-137.6463529838367
2024-06-18 04:50:42,04:49:58.00,-0.0319674893495066,-0.1314318893649327,0.9581123941305918,-1.3760183198808107,-4.035739269224916,-0.17692772571654744,-7.05504,1.45172,-136.97509984499155
2024-06-18 04:50:43,04:49:58.50,-0.01648980698345182,-0.15197085034986968,0.975427656479024,2.0261815056062664,8.203514027344841,-0.3928277615125408,-7.8648,2.6737200000000003,-137.7214219406029
2024-06-18 04:50:43,04:49:59.00,-0.08505211055311715,-0.10050654504046302,1.0055239252887744,6.792910177641221,5.6920255901507755,3.476431550286143,-5.09448,5.86008,-136.42446771547796
2024-06-18 04:50:44,04:49:59.50,-0.1458737786047762,-0.03540458388068199,1.0116251147547204,9.86838989880049,4.701446326720553,-0.6654868865544604,-0.39872,8.77412,-135.77454198692226
2024-06-18 04:50:44,04:50:00.00,-0.14644902419657166,0.01949932743004389,0.974639724648125,-3.9951350214128785,-10.03665489517844,0.9203872401860829,-0.17976,5.824,-135.4929327174142
2024-06-18 04:50:45,04:50:00.50,-0.04762357374231331,-0.027032616165586842,0.9969311774750237,-3.2156368503135706,-2.4737299781494206,-0.5406758221781474,-2.2976,2.62424,-135.44819477976478
2024-06-18 04:50:46,04:50:01.00,-0.023130663658141946,-0.05163751760961478,1.0086604558208978,5.715657875284803,4.753707334936812,-2.250477990468456,-1.841,2.34924,-135.94835247026438
2024-06-18 04:50:47,04:50:01.50,-0.11491713507960892,0.04202373350178608,1.0043063339510043,6.333733747456834,8.598116624156795,-2.3799468311188874,3.49864,8.05752,-137.40344454708128
2024-06-18 04:50:47,04:50:02.00,-0.19531300150450628,0.08507809850873345,0.9839223797409713,-2.786112773683733,-0.2585955191639178,-1.0077887445439935,3.8706400000000003,10.435519999999999,-138.01390404649038
2024-06-18 04:50:48,04:50:02.50,-0.14893413278868126,0.026687767140086537,0.9632764977892427,-12.617450186262571,-16.620276149326315,2.0142695160057666,-0.42891999999999997,5.33572,-137.81210399250915
2024-06-18 04:50:49,04:50:03.00,0.006387039191539492,-0.11671124545690857,0.9826417189545689,-16.704711493796687,-9.87507048565246,-1.710305462183069,-8.47884,-1.6054400000000002,-137.5639644722612
2024-06-18 04:50:49,04:50:03.50,0.08749797160094445,-0.235840418752671,0.9641130229820143,-5.820482442267731,-3.412969035292038,0.39341853540373806,-13.84136,-4.36616,-137.8699192118894
2024-06-18 04:50:50,04:50:04.00,0.1108307609149587,-0.24955706790549345,0.9769034468987019,14.124847654403254,12.363743591296448,0.1621081705851057,-11.70036,-3.3798399999999997,-137.62117669225182
2024-06-18 04:50:50,04:50:04.50,-0.03374188234536957,-0.10515057026578274,1.0033298180715144,24.2659934934806,20.688225163367157,-1.6950913624263466,-1.34864,5.5986,-138.08579553550243
2024-06-18 04:50:51,04:50:05.00,-0.19825651959181997,0.07392573074218324,0.9733334402709979,6.299201269980403,3.9710550873237622,2.1419643175644887,4.9775599999999995,10.75072,-137.82292765617524
2024-06-18 04:50:51,04:50:05.50,-0.2131184928256352,0.12055808213970186,0.9686322875242328,-4.787668232695816,-7.4491666896392505,12.833678690527883,5.50044,9.621,-134.99264279576596
2024-06-18 04:50:52,04:50:06.00,-0.12131174298514243,0.0927123106654253,0.9771157623239659,-12.243073198384238,-9.411964046810427,23.71670610185234,3.13776,4.74508,-123.71612078723916
2024-06-18 04:50:52,04:50:06.50,-0.05623510288025766,-0.02093262640746661,0.9939707924718759,-13.758058934214288,-1.6836488924987338,-7.699726760937749,-3.0843599999999998,2.55004,-121.06909352275096
2024-06-18 04:50:53,04:50:07.00,-0.023017505754547366,-0.13902165686395435,0.993644442757425,-8.468100801724933,0.0975098704328063,2.0223231588544355,-8.27508,2.3262,-122.29483787333709
2024-06-18 04:50:53,04:50:07.50,-0.013484100975562076,-0.18192312492650445,1.0172898044903642,3.481722551862197,2.7833897834286154,1.1840863767577856,-9.3722,2.31128,-120.94175606923855
2024-06-18 04:50:54,04:50:08.00,-0.051430856554853105,-0.13045297671516148,0.988589207172703,10.094291106774648,2.503006014968521,-3.294650618242023,-5.889959999999999,3.4586,-121.80494528798506
2024-06-18 04:50:54,04:50:08.50,-0.05621766676249654,-0.0425886601370383,0.9952591389261329,9.396747879211938,0.25244256433322354,-2.92042495374225,-1.2434399999999999,3.72784,-122.9964727801395
2024-06-18 04:50:55,04:50:09.00,-0.07085919506021363,0.008817578172512872,0.9944506176460157,-1.9823003827300636,0.5879190780958404,-29.747266627036993,-0.34824,3.9327199999999998,-130.30339062847054
2024-06-18 04:50:55,04:50:09.50,-0.07912412795222408,-0.048852654652440784,0.9727415489744421,-3.42613492157742,-1.075547803337264,-21.144257800868886,-3.09716,3.59856,-146.22757423783054
2024-06-18 04:50:56,04:50:10.00,-0.06628613279498172,-0.08089726892107191,0.9949682144638142,0.5022178118298273,-1.6636266346491002,8.567363840455055,-4.19624,3.3188400000000002,-146.8096377208216
2024-06-18 04:50:56,04:50:10.50,-0.05725199912118354,-0.05772027136167565,1.0003661042685705,3.5355853758027718,-0.3587372872489584,1.8140745297715952,-2.68644,3.19516,-144.00586380750568
2024-06-18 04:50:57,04:50:11.00,-0.05384834509459092,-0.029458985363894886,1.0162399855196633,-1.1466628006719752,-0.29367126246595926,-0.8876017055262946,-2.18596,2.9122000000000003,-144.06820597265352
2024-06-18 04:50:57,04:50:11.50,-0.054308485585875726,-0.051183534838369855,0.9894163414530616,-5.9695731067481015,0.008069620562459816,-0.4138473399105332,-4.3524,3.02072,-144.4236686258292
2024-06-18 04:50:58,04:50:12.00,-0.04843948016077576,-0.06934610713211316,0.9751399136511931,7.315815566265865,1.8444595047580667,2.7458107188023457,-3.18596,3.53044,-143.76207752025928
2024-06-18 04:50:58,04:50:12.50,-0.06652344324199806,2.1395441131479426e-05,0.9905779087079298,3.323870848118677,0.7315236365317879,0.2743986633578778,0.05192,3.9871600000000003,-142.66600380780397
2024-06-18 04:50:59,04:50:13.00,-0.07493065988382289,0.011824061819523148,1.0035994329478322,-3.1294159791538583,-0.9396171639128145,-0.9342258122520594,-0.43056,4.08996,-143.1036695170854
2024-06-18 04:50:59,04:50:13.50,-0.054769778618544915,-0.006822138334556504,1.0037343587549294,-2.529687775920937,-4.600656926300258,1.6594311319506192,-1.3162,2.5093199999999998,-142.59264950423784
2024-06-18 04:51:00,04:50:14.00,-0.022563850844810003,-0.013816058389529732,1.0003939117965777,3.1407808363721386,-1.2091197030610221,-3.644083820920768,-0.79636,1.02544,-143.16088936083736
2024-06-18 04:51:00,04:50:14.50,-0.020994957717826807,-0.016120152595381784,1.0023896245027637,1.357229287056701,4.744043085879646,-8.566030676692641,0.19632000000000002,2.29676,-145.6438876445945
2024-06-18 04:51:01,04:50:15.00,-0.05799525394897441,-0.008359007168901448,1.0044863538216224,-1.8430357824454868,0.989761560107254,-12.025083598243604,-0.7660800000000001,3.46632,-151.55000079827286
2024-06-18 04:51:01,04:50:15.50,-0.08522074165121687,0.01312304925858676,1.0005390357090354,6.270483043131184,2.035547471548487,5.5866208739314995,0.39660000000000006,4.28284,-152.26800673275412
2024-06-18 04:51:02,04:50:16.00,-0.09558838415877885,0.08133731949566618,1.0005048044386877,11.203321787404201,-0.035661014882195065,-1.1957888475873626,5.92092,5.14924,-151.64453829935056
2024-06-18 04:51:02,04:50:16.50,-0.08864111602079384,0.1562435660949197,0.9963308736743874,5.807604173709463,-2.134026137405171,-4.5096292217647855,9.7508,4.91928,-152.48800057402613
2024-06-18 04:51:03,04:50:17.00,-0.06001030596979866,0.1395647872478366,0.9692594619574892,-12.704223088874365,-5.158255927289628,-17.127458397680105,6.90172,3.4864800000000002,-158.47830761224995
2024-06-18 04:51:03,04:50:17.50,-0.022596252957978825,0.03187661937572958,0.9852693357559794,-10.950865145555296,-5.262554467789122,-2.4771470341401063,0.08012000000000001,1.53576,-163.5674331783637
2024-06-18 04:51:04,04:50:18.00,0.006116744429120739,-0.05853236992098273,1.0030635957068486,-6.367360266988848,-5.171267097878553,-1.2058432733146858,-3.93404,-1.9250399999999999,-164.19935177741826
2024-06-18 04:51:05,04:50:18.50,-0.011112232673817618,-0.038198729231261566,1.0005371745812834,13.558761985810307,15.54726671734337,2.6086911017337324,-0.8982000000000001,2.459,-163.98436518953858
2024-06-18 04:51:05,04:50:19.00,-0.12546769400392813,0.0514109037661656,1.0063310586994647,3.7159215085127095,6.18389117293683,14.436326502653033,4.20676,7.623959999999999,-160.34344929760658
2024-06-18 04:51:06,04:50:19.50,-0.1367204449687534,0.040426426652581345,0.994015313218098,-11.487111976630882,-2.5517038950037874,32.82545519483096,2.38924,7.02136,-146.41917310054382
2024-06-18 04:51:06,04:50:20.00,-0.08784663226678209,0.0006452473370432521,0.99871355774159,-6.254107230353498,-5.834335694187891,1.3831233879213878,-1.202,4.3968,-137.3841999791693
2024-06-18 04:51:07,04:50:20.50,-0.04203051159988371,-0.01815958999402114,0.9961355401090353,3.6915547403930704,-1.7644909045254265,-6.655338145902616,-0.77252,2.02344,-140.45588090749234
2024-06-18 04:51:07,04:50:21.00,-0.06523516135508939,0.009415395071257075,0.9970649650227208,-0.2734871318368007,8.786891472802786,8.900129713007455,0.43892000000000003,4.78296,-140.03462288550395
2024-06-18 04:51:08,04:50:21.50,-0.13880473786377762,-0.008753157030510156,0.9924182312501811,-5.489415174987686,6.580469658806315,11.571238852247477,-0.8572,8.58996,-133.65541297957398
2024-06-18 04:51:08,04:50:22.00,-0.17798861499950466,-0.060752035063206186,0.9838225761862518,-7.614358368304506,0.5774968570706253,-1.8809153064839368,-4.11716,10.201,-131.5984133284539
2024-06-18 04:51:09,04:50:22.50,-0.14740927713024898,-0.15344099062000802,0.9804231503299387,-6.54274951218308,-8.957652171891013,-2.553090877281931,-8.2414,7.50556,-132.90222917527072
2024-06-18 04:51:09,04:50:23.00,-0.07628401330194229,-0.2300835355717186,0.9735939722893481,-2.9629949709484746,-5.06611016207162,-0.0827490366679282,-11.4738,3.64232,-133.57250918068573
2024-06-18 04:51:10,04:50:23.50,-0.045120139763860756,-0.19510915415287933,0.9777189169394914,5.8094668362462585,1.3785147874549841,3.2552801496842876,-10.884839999999999,3.5194799999999997,-132.60127039671315
2024-06-18 04:51:10,04:50:24.00,-0.06332719692942297,-0.12099512089198373,1.0018038613445246,17.431781595331337,5.371094315484901,2.014162286860641,-4.43536,4.85644,-130.97542368325398
2024-06-18 04:51:11,04:50:24.50,-0.10170606876353983,0.011697511023805592,1.010624882189449,2.7956086949639762,-2.9751195533206385,1.5124873874928164,0.21276,5.35984,-130.23822368545152
2024-06-18 04:51:11,04:50:25.00,-0.08127501897264361,0.025131689709386555,0.9647160971757401,-5.885677896477039,-3.386636932202234,-2.0391256017116177,-0.29072,3.81844,-130.03230475932043
2024-06-18 04:51:12,04:50:25.50,-0.05449480616194936,-0.05829211731070551,0.9959327722368073,-10.78340946684803,-0.6610365885095582,-1.6010928926468782,-4.7805599999999995,3.12324,-131.45996975295435
2024-06-18 04:51:12,04:50:26.00,-0.02851579587496555,-0.1431266904985157,0.9927243565301331,-7.404373057295848,-3.2892819176888572,-2.0400038610241915,-8.93552,2.01716,-131.89830320421362
2024-06-18 04:51:13,04:50:26.50,0.0052003014695017405,-0.19600640036438782,0.9811188398217655,-1.2032067051955873,-0.767813955872212,-3.2188545642835122,-11.218720000000001,-0.14996,-133.5781302792895
2024-06-18 04:51:13,04:50:27.00,-0.03861753939028442,-0.1717213084049164,0.9806517182821637,6.607106438057056,6.981852171652151,5.40156557310745,-8.94124,2.40816,-132.97507751422836
2024-06-18 04:51:14,04:50:27.50,-0.09190815493164381,-0.13690768617049057,0.9921383385588045,2.0159406089705,6.194829574675267,3.9181379048151386,-7.2598400000000005,6.25876,-129.79710231801366
2024-06-18 04:51:14,04:50:28.00,-0.12831436389462644,-0.10278127687715528,1.004923460033264,3.6964934139023433,-2.8152806926068,-2.0774996416850273,-5.64104,6.48968,-129.86120697954465
2024-06-18 04:51:15,04:50:28.50,-0.10734897043647341,-0.08330865080717306,0.9785624615903662,-1.3491491071406676,-7.923969636430518,-0.32849007255457885,-5.70816,4.72524,-130.3313559486148
2024-06-18 04:51:15,04:50:29.00,-0.00916632731275326,-0.07698712894603861,0.9880826555129814,3.6939283084042627,-8.143361908766819,0.44794822075296264,-4.14436,-0.8157599999999999,-130.37604972343553
2024-06-18 04:51:16,04:50:29.50,0.039118086796084965,-0.06151843584457687,1.0226184407711216,-4.840890822531324,0.5975706022824387,-1.3180456779563727,-4.71524,-1.4191999999999998,-130.12618196756202
2024-06-18 04:51:16,04:50:30.00,0.011844086028930586,-0.10702358843923998,0.9937910293076048,4.042773116248797,12.715647237439496,-0.04811828592234954,-4.414359999999999,2.1611599999999997,-130.69176371005494
2024-06-18 04:51:17,04:50:30.50,-0.08537790320569365,-0.08307285574130566,0.9876582511851073,-1.4752793489706466,4.126173053199387,1.0031699589556011,-4.51764,5.39304,-130.39690141496976
2024-06-18 04:51:17,04:50:31.00,-0.1140706519127954,-0.09480719271654386,0.9717763770580067,0.9414603200362501,-2.758341232428754,0.7036776176001454,-5.79312,5.6077200000000005,-129.83043530417802
2024-06-18 04:51:18,04:50:31.50,-0.08732002700784751,-0.045205710483631624,0.9892789979941002,11.163641428721643,-2.9342753600707696,1.2280885695081318,-1.01304,4.2764,-129.28486228965764
2024-06-18 04:51:18,04:50:32.00,-0.06899561021169116,0.027656437554195314,1.0077098122684094,3.239790436647492,-1.4357413524208154,-0.4255331982337879,1.68916,3.4313599999999997,-128.9619669847264
2024-06-18 04:51:19,04:50:32.50,-0.0628778413703888,0.05356369874285992,0.9977309565298468,-2.886236200703102,0.4236823257181011,-0.4320730106957678,2.0116,3.6684,-129.3024350432251
2024-06-18 04:51:19,04:50:33.00,-0.060515986899066794,0.0504659356902754,0.9962821917664901,-2.2072820273803564,-0.9500673740055557,-0.5592794674039425,0.6727200000000001,3.58332,-129.2975672963633
2024-06-18 04:51:20,04:50:33.50,-0.05804934405658932,0.05766561967232807,0.9905730138373745,6.01418814669043,2.9466636680305758,1.0348540358180522,3.5442,4.2078,-129.4001832800681
2024-06-18 04:51:20,04:50:34.00,-0.06410651020220832,0.0710818660858752,1.0013624515335557,-7.496734268918796,-6.223345243099799,5.153390365326868,2.68848,2.73444,-127.67423330206235
2024-06-18 04:51:21,04:50:34.50,-0.012651593253940347,0.02187124147433052,1.0106734682453977,0.8117916391949344,-1.0710311827206096,3.803537349345679,1.3525200000000002,0.85856,-125.03628013147693
2024-06-18 04:51:21,04:50:35.00,-0.00788561629596932,0.017641538272421587,0.9962687219150946,-0.5556848795258778,-0.8000614253993225,3.947509734997732,1.49964,0.7315999999999999,-123.27632600310282
2024-06-18 04:51:22,04:50:35.50,-0.00298640531864284,0.0233656750162196,1.0012366836559432,-1.2351052752506757,-0.42493477404935937,1.284297063322911,0.81204,0.16132000000000002,-121.72305460098818
2024-06-18 04:51:22,04:50:36.00,0.0006532244601347044,0.0007832867512529026,0.9998097895565676,-0.44856663042291556,-0.06348962617443421,0.013606336846314843,0.5181600000000001,0.06968,-121.55803097350223
2024-06-18 04:51:23,04:50:36.50,0.0003839914925478251,-0.002988589516983722,1.0006398041634983,-1.0326362247631766,-0.7002445152925119,0.021334084549518052,0.10908,-0.018559999999999997,-121.44344221133308
2024-06-18 04:51:23,04:50:37.00,-0.010109834966925276,-0.03341864005456129,1.0241867645539522,-3.948115657959489,15.882735930016167,-4.604384185334357,-2.31584,3.1848,-122.54273604518123
2024-06-18 04:51:24,04:50:37.50,-0.14497331660321816,-0.04932213939249585,0.9928071009900044,3.867958711446489,10.315998659760478,-2.7127015904795484,-1.6454,9.987119999999999,-124.58683594960432
2024-06-18 04:51:24,04:50:38.00,-0.20879204886053962,-0.022061288900691176,0.9458676481237451,0.1178724896999304,-9.96600239843489,-1.3975963549943327,-1.14516,9.350159999999999,-125.29832938127115
2024-06-18 04:51:25,04:50:38.50,-0.11797649112738268,-0.02510154631864259,0.9833190291799645,-0.28763572975948515,-4.815909681664275,-1.051332667252438,-1.6547999999999998,5.778200000000001,-125.9309214812356
2024-06-18 04:51:25,04:50:39.00,-0.08607105717893987,-0.03438370713289254,1.0317088071726703,-1.638860745708272,0.3825372615003604,-0.11963193284379042,-2.35552,5.07024,-126.20064062278982
2024-06-18 04:51:26,04:50:39.50,-0.09709106615949711,-0.03465764970325316,1.0058067048631876,3.496072362402476,2.6290004885271765,3.3897946870209705,-1.19844,6.272279999999999,-125.2482832308545
2024-06-18 04:51:26,04:50:40.00,-0.11654331613472477,-0.005584895489676695,0.9622645901720419,-1.0660287734480973,-3.0545903892387374,2.038128229086288,-0.43996,6.1222,-123.63635458902517
2024-06-18 04:51:27,04:50:40.50,-0.08573908810372582,-0.019921206236440316,0.9997800562750119,-2.2901611204256476,0.9912562019116558,0.3360505193406587,-1.7060400000000002,5.145560000000001,-123.15399611304235
2024-06-18 04:51:27,04:50:41.00,-0.10616565308934126,-0.033067876863439254,1.003710816198076,0.9142318675486132,1.4587038620567572,0.08104052341067612,-1.6250399999999998,6.50816,-122.87610472330037
2024-06-18 04:51:28,04:50:41.50,-0.09995354630852578,-0.026646253616203996,0.9710897766726512,-1.5193741123392628,-6.562021013709921,-0.9140437562238591,-1.8346,4.5474,-123.10925786167907
2024-06-18 04:51:28,04:50:42.00,-0.058964263726593164,-0.0285797551070124,0.9917565136980876,2.4266640784265627,2.96019314996813,1.477722828349543,-1.3909200000000002,4.2258,-123.02325570726511
2024-06-18 04:51:29,04:50:42.50,-0.08133167587790167,-0.01546563395325195,1.0064320220562495,-1.915714173043611,0.011818047714604454,0.9457813052304672,-1.31284,4.68068,-122.12263794186543
2024-06-18 04:51:29,04:50:43.00,-0.08814707466095571,-0.028221444210364294,1.0076059504475572,2.250457292551326,2.5567250750397257,-0.6201299650630586,-1.14048,5.43672,-122.08045998688767
2024-06-18 04:51:30,04:50:43.50,-0.10134597401857418,-0.008239308165344784,0.9832384957427242,2.296226529394948,-1.4397073797301645,-1.6423096326249464,-0.2236,5.483160000000001,-122.55635050965397
2024-06-18 04:51:30,04:50:44.00,-0.091569980803453,0.029943708692642925,0.994121638870045,4.167355641028547,-1.843193845078718,-6.4261150665294045,1.39928,4.85324,-124.73666995971787
2024-06-18 04:51:31,04:50:44.50,-0.0763787857153886,0.06164320257907244,1.0011386463313185,4.824978279760658,-1.4935976089660459,-0.748648619711526,3.8692,4.12664,-126.46421341829384
2024-06-18 04:51:31,04:50:45.00,-0.05780263289170736,0.09242323837116671,1.0052131618267788,-1.784449952673123,-2.418190340295865,0.3618414257415122,4.16444,2.9642,-126.43306980373981
2024-06-18 04:51:32,04:50:45.50,-0.04444642654099587,0.08666575746293546,1.0044409901673823,4.618715778491089,2.219494632811988,1.2845484929366315,5.5148,3.1888400000000003,-125.8903025620197
2024-06-18 04:51:32,04:50:46.00,-0.06965717729732673,0.14330313878640583,0.9950964949752894,9.557571609707942,3.4276712091648074,0.652120613722021,9.41624,4.39252,-125.29372012394134
2024-06-18 04:51:33,04:50:46.50,-0.10166424882106238,0.19950864875306085,0.9624192312412755,-3.654262655643207,2.2445226293144596,-1.0415318175090136,11.076400000000001,5.8326400000000005,-125.17761416973266
2024-06-18 04:51:33,04:50:47.00,-0.14259980745518855,0.12460609755970538,0.9703560950039156,-19.115468497291786,4.343761217767377,-4.413385803500383,4.02812,8.19576,-126.89117071207471
2024-06-18 04:51:34,04:50:47.50,-0.15515080963515449,-0.020436029512648172,0.9919363579960812,-5.714736264386542,-7.287101616483165,1.5408245624089851,-1.63612,7.732559999999999,-127.43907587575976
2024-06-18 04:51:34,04:50:48.00,-0.08156883562152911,-0.06431937782802058,0.9994191105369268,-0.38863543692169933,-4.122993291508359,-1.1105050024449161,-2.50356,3.99492,-126.63021227291777
2024-06-18 04:51:35,04:50:48.50,-0.07011319513549306,-0.04021027116046902,1.0038251967151117,10.117073147091086,10.42302383066618,-3.5610533262112005,-0.25148,6.71764,-128.57171473482177
2024-06-18 04:51:35,04:50:49.00,-0.1655880304132004,0.03844772552570453,0.9962655412051521,7.128188550159766,9.58728977824632,-5.420537990071761,3.06864,11.307640000000001,-130.49517453199508
2024-06-18 04:51:36,04:50:49.50,-0.2524261948063015,0.08974615394983428,0.9693900762375116,5.353990057347253,9.573028010888741,-0.6483575776897632,5.743199999999999,15.84696,-132.08247492903834
2024-06-18 04:51:36,04:50:50.00,-0.3145165248672817,0.09378337394541625,0.9394595239067773,-13.147254044052742,-10.536729145126627,2.364136622082963,4.46236,16.15676,-131.42355559596078
2024-06-18 04:51:37,04:50:50.50,-0.15567869674206627,-0.07160415214379592,0.9605238118797693,-32.60572186474097,-31.43880393232564,-1.017027850217135,-8.90752,3.87252,-130.86440232860312
2024-06-18 04:51:38,04:50:51.00,0.09286623903397175,-0.3044873276106275,0.9510327114372032,-9.415040284010301,-8.13659227337626,-1.1614812970543322,-18.21048,-5.355119999999999,-131.68415638171027
2024-06-18 04:51:38,04:50:51.50,0.1154117176578347,-0.3330655142214151,0.9256996399225693,14.626568280906946,13.431154855440928,-3.0072653605674953,-15.854800000000001,-2.89392,-132.21894236297175
2024-06-18 04:51:39,04:50:52.00,0.015591378723517194,-0.2048037365797102,0.9679991875608228,13.412097810957244,4.1620234165374645,-5.388407492217551,-9.530560000000001,-0.07136,-134.64823831325623
2024-06-18 04:51:39,04:50:52.50,-0.003246232558711848,-0.0770455459053583,1.0152724714985855,11.604133572136114,-0.5414141800900231,-2.508819098439151,-2.6839600000000003,-0.10215999999999999,-136.7540357348358
2024-06-18 04:51:40,04:50:53.00,-0.004833546724043831,-0.003984708705892284,1.0032990747834172,-0.40388868196557565,-0.054071133822764496,1.092839631296164,-1.7651599999999998,-0.00504,-136.72655794082664
2024-06-18 04:51:40,04:50:53.50,-0.006033916774428287,0.00167399637005664,1.000358230863046,1.2518857106505752,0.011245174570698185,0.641912397787953,-0.5364,0.156,-136.13415835028658
2024-06-18 04:51:41,04:50:54.00,-0.006166696275646524,0.012350420235789588,1.0003965162125135,0.32387726759409796,0.046442915567198685,0.06735502843481667,0.03,0.26632,-135.9830474517931
2024-06-18 04:51:41,04:50:54.50,-0.006359176264140456,0.013700700281257422,1.0002821547032414,0.020677334839646497,-0.00031729573191262793,0.02180054809226288,0.36604,0.3174,-135.90129236467604
2024-06-18 04:51:42,04:50:55.00,-0.007878703791169023,0.01569569302373932,1.0079809546089284,-5.917595248957888,1.9807278332197413,0.774828927321067,-0.1956,0.61832,-135.6877528250092
2024-06-18 04:51:42,04:50:55.50,-0.04060039322604461,-0.06197870044956881,1.0165038458861217,-13.275015619245373,7.484503652878578,3.673927941842262,-6.024,3.66432,-134.45651136852825
2024-06-18 04:51:43,04:50:56.00,-0.088060911739588,-0.16285690745380144,0.9479821968079611,-4.507514600492005,-3.4849288180940037,4.843890386054096,-9.25272,4.37,-132.38317340081784
2024-06-18 04:51:43,04:50:56.50,-0.06665754781530586,-0.20389338093811368,0.9689170511235414,-0.8120279795139185,-5.936245616915445,5.777244523663188,-11.16316,2.87056,-129.363059424358
2024-06-18 04:51:44,04:50:57.00,-0.016460334240849833,-0.15729232325804088,0.9880739933633872,21.599517711688367,-1.558845580451653,-0.021494698592958546,-5.11644,1.24752,-127.86181225600926
2024-06-18 04:51:44,04:50:57.50,-0.013466761450412429,-0.004570095470558881,1.0240922985327048,-2.4255188036833912,2.976518081661751,-2.722894764977674,-1.3952799999999999,1.17544,-128.6487805615168
2024-06-18 04:51:45,04:50:58.00,-0.055036431347690894,-0.03184156720853717,1.0057110603888233,-4.628472491162162,7.833926043985682,-0.8212530056928291,-3.24096,4.54152,-129.6509288673422
2024-06-18 04:51:45,04:50:58.50,-0.11311333354095274,-0.07023147881475095,1.0049312157507826,-0.2445472922560117,1.7049832943106125,1.2087072560587029,-4.08908,6.46308,-129.40422158818512
2024-06-18 04:51:46,04:50:59.00,-0.1207778530456867,-0.06735698601436642,0.9611340790081667,1.1977764260112023,-4.330158068325554,4.134021132309898,-3.3024400000000003,5.93924,-128.15228364442584
2024-06-18 04:51:46,04:50:59.50,-0.047186618445998293,-0.05155142388063757,0.97937388777975,-0.9441938628963115,-5.4880661290348245,-1.2461588258835743,-3.84336,2.81016,-126.95998294218055
2024-06-18 04:51:47,04:51:00.00,-0.030389346941692544,-0.0527920149024805,1.0012048049094753,0.9339667893983713,-0.4258217658297352,-2.21993342035627,-3.0326400000000002,1.95356,-128.13008386596806
2024-06-18 04:51:47,04:51:00.50,-0.050645279959292154,-0.05864348731345404,1.0042383057427926,2.845491467484129,-2.2784108092471755,-1.3460573362930421,-2.6586399999999997,1.46064,-128.7696163558557
2024-06-18 04:51:48,04:51:01.00,-0.025267760957143115,-0.046045499528948916,1.0100772171192085,4.055759745358168,-0.8004205781686557,2.95029546741369,-0.61176,0.92864,-128.150185442308
2024-06-18 04:51:48,04:51:01.50,-0.007651356463973044,-0.004342379322742712,0.9998307581805732,0.3779554497487889,-0.2339500077135419,0.9450575437998526,-0.37304000000000004,0.73496,-127.23727297473368
2024-06-18 04:51:49,04:51:02.00,-0.008660170666551404,0.006419410393476223,1.0105623813372884,-7.920274918925659,1.7157039707194257,-3.084984133884224,-1.9221199999999998,0.90968,-127.46476828676961
2024-06-18 04:51:49,04:51:02.50,-0.03930837818435332,-0.0578803806059152,1.0123947408984508,-8.557049114358911,7.304432618366468,-4.057860665990023,-5.734719999999999,3.2732799999999997,-129.8286328904103
2024-06-18 04:51:50,04:51:03.00,-0.08955786624863162,-0.15523070290752583,0.980427288456401,-3.427967155086942,2.1883549294022466,8.68475148978164,-8.24964,5.53816,-128.58846183840168
2024-06-18 04:51:50,04:51:03.50,-0.11813522018621357,-0.17502125352018827,0.9641648390856742,0.12143770126434682,1.804745300281423,8.605066439687084,-9.10352,7.230600000000001,-123.53899082030695
2024-06-18 04:51:51,04:51:04.00,-0.12580325382236177,-0.15263505346017298,0.9900331643655202,1.320683945973566,-5.0890486576680996,3.930891970027426,-8.336359999999999,6.603759999999999,-120.38920600690477
2024-06-18 04:51:51,04:51:04.50,-0.10291541515682061,-0.14400677979021478,0.9893719699391015,1.7163457289659327,-0.4531997920573322,-0.9703486237060736,-7.71824,5.27864,-120.0110922715424
2024-06-18 04:51:52,04:51:05.00,-0.13173493367268216,-0.12177929295754243,0.9861315852197865,1.75700200335224,2.6528815640483248,3.898396610763592,-6.85496,7.08744,-119.08108917774751
2024-06-18 04:51:52,04:51:05.50,-0.12138467232683708,-0.10397475350720091,0.9942765316598815,3.798329783499669,-2.7435610214654687,1.8265045496712538,-5.30508,6.8628,-117.40081667361703
2024-06-18 04:51:53,04:51:06.00,-0.09695147457603151,-0.06015461195646548,0.9933132291103458,4.066409485316708,-1.9112125235386646,-0.1911755997814686,-3.2625599999999997,5.554679999999999,-117.15447515206507
2024-06-18 04:51:53,04:51:06.50,-0.07380627297808366,-0.008083212803407527,1.0094944420515128,5.403521460747177,-0.4729068891085074,-1.8427427455256418,-0.74408,4.82272,-117.44654645246226
2024-06-18 04:51:54,04:51:07.00,-0.06850263535005358,0.05096732796571298,0.9776903849543522,6.621124229357559,-3.5659151587036786,-0.5286354915138515,2.87564,3.88404,-118.36510184076062
2024-06-18 04:51:54,04:51:07.50,-0.03431532789519459,0.07985888706522716,0.9722710012804651,-4.310790350678139,-4.818373921737082,3.178885770764521,3.3786,1.129,-117.38919706955369
2024-06-18 04:51:55,04:51:08.00,-0.009096512947636907,0.03747227021364531,0.9950089283381471,-1.4526228440641133,5.815736487881065,4.373644453232366,1.7981200000000002,1.7697200000000002,-115.52136330099349
2024-06-18 04:51:55,04:51:08.50,-0.06144648732341298,0.035179288252509565,0.9977203475401797,1.340408413213144,4.647915618601362,4.324494798375668,2.53632,4.37904,-113.0833221166292
2024-06-18 04:51:56,04:51:09.00,-0.09106105415191504,0.03984294123735467,0.9980497764029198,-2.1580813725643693,-2.2855372501492015,1.3837777117061218,2.0640799999999997,4.582,-111.60579020382627
2024-06-18 04:51:56,04:51:09.50,-0.06691969888794752,0.02273483968320998,1.0009077079325877,-1.7934945051343263,-1.798572986390922,-1.051230414306167,1.07904,3.3468,-111.53273560467166
2024-06-18 04:51:57,04:51:10.00,-0.060708110223833975,0.006204649857222441,1.0012118779350963,-1.3937642520457165,3.237425823273126,-1.8000584426396042,0.2662,4.077319999999999,-112.26547985143048
2024-06-18 04:51:57,04:51:10.50,-0.08858251933035033,-0.003542295549997308,1.002015894754682,0.5347740265489123,1.5109969860985413,-1.7554222784020022,0.00364,5.26116,-113.10812631139635
2024-06-18 04:51:58,04:51:11.00,-0.10134212447637399,-0.0002686046620617282,1.0012321300130036,0.3523301840277294,0.2085960708418609,-1.138367658236303,0.13216,5.6077200000000005,-113.83346523879419
2024-06-18 04:51:58,04:51:11.50,-0.10110627436409757,-0.00014910450300192508,1.0010406332625035,-1.1363382672144804,-0.5248934082158361,1.0866082211843662,-0.1324,5.553719999999999,-113.75390062733548
2024-06-18 04:51:59,04:51:12.00,-0.09495111169119283,-0.011523811655892004,0.9999876955470514,-1.096056177696784,-1.476299408248124,2.324697554911726,-0.69564,5.09228,-112.75761234959047
2024-06-18 04:51:59,04:51:12.50,-0.08337660359988694,-0.01767815718214559,0.998593494028955,-0.21712487132743902,-0.2477340047634715,1.4405999364516493,-0.9318,4.74744,-111.68557045521148
2024-06-18 04:52:00,04:51:13.00,-0.08225857760184124,-0.019905388082276772,0.9967257129289909,0.12427509839209805,0.13799692981262507,-0.38799855065726335,-0.94512,4.7814,-111.36660669249768
2024-06-18 04:52:00,04:51:13.50,-0.08352081169980467,-0.014539307985413584,0.9948443449790435,1.293351642071451,-0.23257128551263961,-0.31735413440013555,-0.67136,4.76488,-111.62402255943735
2024-06-18 04:52:01,04:51:14.00,-0.08088659823830761,-0.002736572138870707,0.9963987725987014,0.7216696416652806,-0.7573566316643336,-0.16232643247418618,-0.09455999999999999,4.49928,-111.62132484602708
2024-06-18 04:52:01,04:51:14.50,-0.07363209318067264,-0.0003690942869173307,0.9963696047669234,-0.5346828752817693,-0.853627540100818,-0.8569471228768389,-0.1956,4.08536,-111.78929077767697
2024-06-18 04:52:02,04:51:15.00,-0.06801146431474203,-0.003442847586032236,0.9970004057901349,-0.6631094492315313,0.00041491538222002686,-0.5047089090209881,-0.44195999999999996,3.967,-112.14080834791348
2024-06-18 04:52:02,04:51:15.50,-0.0663467312518415,-0.010797004258235791,0.9979716911514932,-0.6901467152129804,-0.02332741084657914,-0.2358690717751735,-0.7574,3.88224,-112.22873718019815
2024-06-18 04:52:03,04:51:16.00,-0.06822453768713037,-0.017226242081147824,0.9983133559248565,-0.6017911799974243,0.4586379124160693,-0.10354457470722077,-1.0855199999999998,4.0258,-112.25312145123372
2024-06-18 04:52:03,04:51:16.50,-0.07021967964678688,-0.02260057082619079,0.9964695632655858,-0.16942061756399515,-0.19608750130313596,-0.26295101174897123,-1.2860399999999998,4.04592,-112.25711445845369
2024-06-18 04:52:04,04:51:17.00,-0.0690865357337578,-0.022001550635840493,0.9978552108918605,0.5140269259865629,-0.2256024831996357,-0.4354161929410447,-1.17496,3.9144,-112.41856108646732
2024-06-18 04:52:04,04:51:17.50,-0.06679433864474334,-0.018704498328348126,0.9981692632440072,-0.27809139837991936,0.23472131913413935,-0.16634081851952384,-1.10996,3.8810000000000002,-112.47637589761018
2024-06-18 04:52:05,04:51:18.00,-0.07031968424959055,-0.02096241319712868,1.0007756349095258,-0.6030996799512244,0.24971700062817814,-0.03093954015089079,-1.3695599999999999,4.05548,-112.48278144855834
2024-06-18 04:52:05,04:51:18.50,-0.07193840074064746,-0.027959545359914833,0.9986236815308502,-0.7947120462731949,-0.037790451721334814,0.24786764475159423,-1.723,4.11716,-112.36505275105557
2024-06-18 04:52:06,04:51:19.00,-0.0723065118184115,-0.034405051590258834,0.998062744600404,-0.326927834606048,-0.09276547540729022,0.19391381525021092,-1.97656,4.0850800000000005,-112.17826318004278
2024-06-18 04:52:06,04:51:19.50,-0.07022975451116781,-0.03604089921785418,0.9977640528967339,0.2921938020845937,-0.13170456536555367,0.8545918566060267,-1.99064,4.02276,-111.88725556373349
2024-06-18 04:52:07,04:51:20.00,-0.07043509491890737,-0.03408649111683541,0.9972745177101449,0.22367950052469682,0.09673628991796936,1.1858609836553002,-1.82188,4.02324,-111.2805007404462
2024-06-18 04:52:07,04:51:20.50,-0.07057036850944268,-0.02924004334136476,0.9979347270533157,0.17061292852965157,0.03232257141127419,0.8701970804787245,-1.6894399999999998,4.064080000000001,-110.69060886550999
2024-06-18 04:52:08,04:51:21.00,-0.0719829853841892,-0.030120522513108195,0.999730435294175,-0.7599330083005826,0.29097483177132466,0.6467097231762172,-1.83752,4.1874,-110.26011992590759
2024-06-18 04:52:08,04:51:21.50,-0.07449175297945461,-0.03650912594958729,0.9971293941874413,-0.6004676748523837,-0.018746304653289147,0.400946288875358,-2.19572,4.26468,-109.9358801987765
2024-06-18 04:52:09,04:51:22.00,-0.0739945169566977,-0.040577466388773964,0.9972473089173328,-0.009192795745281243,0.04655903562350065,0.1332801473962541,-2.28748,4.2338,-109.7428821871908
2024-06-18 04:52:09,04:51:22.50,-0.07486199635858538,-0.040085563312465086,0.9978970456517215,0.17968024609556685,0.12384367625224629,-0.09777748755771945,-2.22764,4.33244,-109.68995262200417
2024-06-18 04:52:10,04:51:23.00,-0.07599768318395178,-0.038903280867414194,0.998191232522307,-0.10212536032742646,0.04986207888668295,0.30788804796351615,-2.26324,4.32908,-109.55907585421663
2024-06-18 04:52:10,04:51:23.50,-0.07600000090059306,-0.039661710702264624,0.9958102349388628,0.003662219485532056,-0.09860168805635772,0.10926881013853708,-2.2533600000000003,4.3712,-109.41745142002445
2024-06-18 04:52:11,04:51:24.00,-0.07680982041724133,-0.037189839994566244,0.9971377948626217,0.2967170942887979,0.22943454952281492,0.07249747636811411,-2.13892,4.3946,-109.27562527735951
2024-06-18 04:52:11,04:51:24.50,-0.07780984003883804,-0.03666063970861356,0.9957265375335845,0.17228828044956615,-0.05342602945046944,-0.22092542997827036,-2.08504,4.4882,-109.27290725839522
2024-06-18 04:52:12,04:51:25.00,-0.07737773962784279,-0.03304067958847524,0.9982758717126997,0.2965982849546381,-0.28058195696556143,-0.669926784193317,-1.89544,4.3296,-109.41680135118709
2024-06-18 04:52:12,04:51:25.50,-0.07466258633205061,-0.03052914061740156,0.9965292213686024,-0.23963078098445575,-0.022375626232265074,0.017021857525524597,-1.8774000000000002,4.2984,-109.59179435844686
2024-06-18 04:52:13,04:51:26.00,-0.0743923514784023,-0.03268794021057382,0.9985229750961995,-0.24392270354983375,-0.34310369596061646,0.09261642003553212,-2.0506,4.19928,-109.36541304634231
2024-06-18 04:52:13,04:51:26.50,-0.07382274705813655,-0.01886831604902848,0.997239699431416,3.0249546056222902,-0.22528039150814536,-1.9964596013466238,-1.1536,4.0124,-109.88526068369787
2024-06-18 04:52:14,04:51:27.00,-0.07204289757022503,0.0054389224228959965,0.9989193541999357,4.233813372715458,0.11386958555308295,-0.13287327821609868,0.89708,4.1734,-110.44706795969736
2024-06-18 04:52:15,04:51:27.50,-0.06833747570243581,0.02121323427412542,1.0003629323359677,-0.9294788874487186,-0.6055743329143988,1.1740392149411005,1.3518000000000001,3.9114,-110.04393293815905
2024-06-18 04:52:15,04:51:28.00,-0.0648065871935983,0.011192569168346475,0.9995350113237674,-5.057675251728558,0.28054934202241466,2.012064262190642,-0.22920000000000001,3.7992000000000004,-109.16164630400336
2024-06-18 04:52:16,04:51:28.50,-0.06966109724302931,-0.032090458809505715,0.9984128420919699,-4.480816321320007,0.7643039240823681,1.782237311489669,-2.45948,4.17924,-108.08760247535014
2024-06-18 04:52:16,04:51:29.00,-0.07428070173873152,-0.06603888340126393,0.9953838221304866,-1.1929042661676599,-0.01192551688530261,1.055101729015932,-3.68196,4.2567200000000005,-107.32992201601742
2024-06-18 04:52:17,04:51:29.50,-0.07374441508040541,-0.07259968164688269,0.9922713164285297,1.2233399887704532,-0.44162238019390115,-0.013113745372774478,-3.6074399999999995,4.1739999999999995,-107.01314003607173
2024-06-18 04:52:17,04:51:30.00,-0.0702006660060886,-0.05714625233168932,0.9953041905200567,2.4984736245063033,-0.32906243598387763,-0.705179826458806,-2.64752,3.9467200000000005,-107.17635887154462
2024-06-18 04:52:18,04:51:30.50,-0.06775422602892962,-0.03531248507393228,0.9980348347932552,1.091229261479561,0.4197244824791433,-0.5408708087325165,-1.84588,4.05532,-107.4169684436597
2024-06-18 04:52:18,04:51:31.00,-0.07306746609655498,-0.029572943993071577,1.0007068348946075,-1.0395615452739049,0.990677476209817,0.03836467266792852,-2.0131200000000002,4.41336,-107.55119160647007
2024-06-18 04:52:19,04:51:31.50,-0.08157893969794708,-0.040198269518254,0.9986741187110372,-1.252063714161844,0.09792409850834315,0.8640983651503579,-2.53228,4.65248,-107.19862910703421
2024-06-18 04:52:19,04:51:32.00,-0.08142723860867353,-0.04905391190878343,0.9965162469454149,-0.2675913448148091,-0.2992931812940902,0.5094220822100585,-2.84056,4.5362,-106.76195441601045
2024-06-18 04:52:20,04:51:32.50,-0.07848253257182006,-0.050452666182880794,0.9960164638325938,0.24558699391966002,-0.21976463224949896,0.13323800631397376,-2.79208,4.4683600000000006,-106.56963708747224
2024-06-18 04:52:20,04:51:33.00,-0.07747015752226027,-0.04677267169441599,0.9965301910761355,0.6899032335307271,0.03072714141039695,-0.23934622856206977,-2.60076,4.42556,-106.54113156791736
2024-06-18 04:52:21,04:51:33.50,-0.0777701807352092,-0.04038960967930635,0.9975820155623955,0.5112188600211443,0.025474163194242436,0.08513726394462169,-2.25732,4.4719999999999995,-106.55221532268364
2024-06-18 04:52:21,04:51:34.00,-0.07794783775407149,-0.03723016924752308,0.9992369420534026,-0.2308183844055467,-0.19300157580433022,0.46206810960963735,-2.22804,4.4024,-106.31967335034253
2024-06-18 04:52:22,04:51:34.50,-0.07619251601908474,-0.0378619820781468,0.9979033834148962,-0.15950117601472596,-0.11784285735969359,0.4199412953637631,-2.26088,4.35956,-106.02445912073011
2024-06-18 04:52:22,04:51:35.00,-0.0754773236623994,-0.040337697708208865,0.9964746486768747,-0.04977664829235792,0.05487459062950127,0.2240925791854664,-2.3366,4.31824,-105.81302811463618
2024-06-18 04:52:23,04:51:35.50,-0.07605483179339133,-0.03928040139376944,0.9974731368718704,0.4031512964043084,0.1940432255138187,-0.018359797232940935,-2.18644,4.4106,-105.7092841110173
2024-06-18 04:52:23,04:51:36.00,-0.0775677675762847,-0.035239281873044155,0.996708901697772,0.27026040765922693,-0.15790146074161462,0.17604460564276994,-2.01952,4.39732,-105.61641370276757
2024-06-18 04:52:24,04:51:36.50,-0.07686139290818783,-0.033001263605769264,0.9983780172769084,-0.0963982411414299,-0.04941091253703399,0.2216313504841888,-1.9629599999999998,4.37212,-105.44030756160313
2024-06-18 04:52:24,04:51:37.00,-0.07510003573697334,-0.033485481440453005,0.997657328000564,-0.0008334197947334709,-0.33676482720496126,0.2623951309316536,-1.96036,4.262,-105.28928037012174
2024-06-18 04:52:25,04:51:37.50,-0.07277598170418496,-0.032581372053506995,0.997296504751342,0.09747376272694216,-0.14488771434455144,0.41061902785868887,-1.92512,4.15704,-105.03046748675816
2024-06-18 04:52:25,04:51:38.00,-0.07074101955696538,-0.031563569582728004,0.9977073753961462,-0.009474866016469637,-0.3110602403721388,0.1404813149084848,-1.8544,4.00452,-104.80407381111316
2024-06-18 04:52:26,04:51:38.50,-0.0680583023722247,-0.031720019589669926,0.9981870671765704,-0.05863755185120977,-0.04139947717790138,-0.22566304301340354,-1.90768,3.95428,-104.79127152799849
2024-06-18 04:52:26,04:51:39.00,-0.06760477502789437,-0.030539884052413084,0.998614176762495,0.32245878064014866,-0.019291669735026943,-0.09047617624086682,-1.7543199999999999,3.9379199999999996,-104.82005923309302
2024-06-18 04:52:27,04:51:39.50,-0.06799982882115514,-0.0294747632174999,0.9983898168128832,-0.15490583294302204,0.02365348192457661,0.006587565613771611,-1.73252,3.92072,-104.78246787857911
2024-06-18 04:52:27,04:51:40.00,-0.06861001155066694,-0.029155568631847005,0.9986101830646171,0.1674563182633154,0.0701000511415244,0.06690636051197864,-1.73452,3.9392,-104.7037505813779
2024-06-18 04:52:28,04:51:40.50,-0.06940035754670573,-0.028999980567578625,0.9990397940602713,-0.020437329742744308,-0.02956452000165939,0.1510312653486417,-1.6705599999999998,3.95828,-104.57480997586968
2024-06-18 04:52:28,04:51:41.00,-0.06728891100310858,-0.020259270311482586,0.9983868595688284,1.5079163165747227,-0.1734603674888434,-0.24379241105404398,-1.4043199999999998,3.87668,-104.57173170562544
2024-06-18 04:52:29,04:51:41.50,-0.06731177014207704,0.011364489388199055,0.9973364641582603,5.358650933834228,0.2664197697204516,0.8411848631483906,1.01396,3.93988,-104.27991059433349
2024-06-18 04:52:29,04:51:42.00,-0.06964302006292954,0.04741851735208703,0.9995488055699998,2.5741113360048526,-0.754465784450303,0.10373835284098944,2.87248,3.82692,-104.00999753599977
2024-06-18 04:52:30,04:51:42.50,-0.06173454625296487,0.06744988722981325,0.9986384716585723,0.964554065816616,-0.7773644693688496,0.26452922717981747,3.65668,3.3901999999999997,-103.90150820209736
2024-06-18 04:52:30,04:51:43.00,-0.058745228201526715,0.06966401513393403,0.9978371137433508,-1.9214664638025694,0.88899899495205,0.4399925804587453,3.5912399999999995,3.61692,-103.63550195105576
2024-06-18 04:52:31,04:51:43.50,-0.06606738911399121,0.041586934807173105,0.9969849654199837,-7.432849926376765,0.2212853301113263,-0.0003192688569635793,1.2122,4.00764,-103.42854542612328
2024-06-18 04:52:31,04:51:44.00,-0.06309603474347973,-0.049587317580043457,0.9949577158869072,-8.070916175354983,-2.2851759898885975,0.09427987728235789,-3.2292,3.3217200000000005,-103.40090186555943
2024-06-18 04:52:32,04:51:44.50,-0.04323472890563397,-0.09845418525962106,0.9917228286864311,-0.5759309481579158,-0.045504443173207426,-0.23553000037512425,-5.012,2.6938400000000002,-103.30686364147887
2024-06-18 04:52:32,04:51:45.00,-0.02123417833398237,-0.08883071467761917,0.9909901838842573,2.8213296377003525,-2.195084792091143,-0.11966957075309644,-4.395320000000001,1.7306,-103.60256569690438
2024-06-18 04:52:33,04:51:45.50,-0.04054870252782512,-0.07595099067109232,0.9993283595425637,0.032309268804121695,3.450759850981081,-0.9781167253493409,-4.10024,2.2672399999999997,-103.60267302128506
2024-06-18 04:52:33,04:51:46.00,-0.06242295588814362,-0.07083892714838874,0.9951671714802742,0.5300740556429497,3.996220736189669,-0.6600910632630571,-3.94416,4.091480000000001,-104.01543951489057
2024-06-18 04:52:34,04:51:46.50,-0.09788513649247012,-0.06542839946814923,0.9950135390835314,0.2606330316384372,2.691581296771265,0.7464989561635166,-3.76884,5.86296,-103.91823652233798
2024-06-18 04:52:34,04:51:47.00,-0.11894046226981944,-0.06638246606147065,0.9962704551096186,-0.4152252513141768,-0.30556929505853275,-0.49208479744576317,-3.8272000000000004,6.427960000000001,-103.36349801613368
2024-06-18 04:52:35,04:51:47.50,-0.1082316809699114,-0.06683649574300275,0.9949839443169357,1.319449583451768,-2.3618078882607834,-7.013465341060319,-3.9050800000000003,5.510560000000001,-105.7933918855407
2024-06-18 04:52:35,04:51:48.00,-0.085384016421451,-0.05852629752401832,0.9966430937775058,1.964398438028712,-1.1129657149378054,-1.9485174587625878,-3.10084,4.69924,-107.95621346300419
2024-06-18 04:52:36,04:51:48.50,-0.07619529904816995,-0.04192925599104894,0.9977486360554088,0.3925913882558646,-0.5792583761644483,0.8087950160261408,-2.5263999999999998,4.28576,-108.00883505881521
2024-06-18 04:52:36,04:51:49.00,-0.07368763049457135,-0.04323288769351825,0.997638210367843,-1.3288891763655772,0.7461046380987524,-7.7195800351481525,-2.90596,4.303640000000001,-108.99292753231633
2024-06-18 04:52:37,04:51:49.50,-0.07961543120391978,-0.053305748163275574,0.9970140107610308,0.9110611320443449,0.8676610401546927,-8.735494678661968,-3.2354399999999996,4.615559999999999,-114.21448205792953
2024-06-18 04:52:37,04:51:50.00,-0.08326194862498029,-0.056936116886228294,0.9948800331424414,-0.6958485759803601,-0.46064778495189723,4.084497437534175,-3.12012,4.47252,-115.48474884039611
2024-06-18 04:52:38,04:51:50.50,-0.09721049098761211,-0.07112486601545974,0.9934638360272454,-3.511993129800791,1.756953771827134,8.036524450730724,-4.3834,5.5392399999999995,-111.26390731946898
2024-06-18 04:52:38,04:51:51.00,-0.1007250021376721,-0.08762754563887293,0.9940726383726293,-0.14861637678744272,-0.09539719228158887,0.4296960598663068,-4.84384,5.85336,-109.24510793765059
2024-06-18 04:52:39,04:51:51.50,-0.0992905234563767,-0.09051222412446729,0.9939269952215389,-0.6915478961547561,-0.46056949776441447,-1.4514598811085369,-5.18332,5.69084,-109.79831416812372
2024-06-18 04:52:39,04:51:52.00,-0.08994308080727574,-0.09852502613472705,0.9930484627936503,-0.9679340100620596,-2.2728632920104954,-0.6900005875370867,-5.79028,4.80724,-110.20103591167188
2024-06-18 04:52:40,04:51:52.50,-0.07129905742764463,-0.09578088169792599,0.9918141802785823,3.7645967729998464,-1.1905433821232365,0.5839752194283357,-4.98308,4.0446,-110.19955358011016
2024-06-18 04:52:41,04:51:53.00,-0.05899916073904442,-0.058605161523094244,0.9945019766750185,5.131133603741748,-2.004771711923176,0.46111926966684963,-2.63408,3.19756,-109.84441773713814
2024-06-18 04:52:41,04:51:53.50,-0.040128176451899186,-0.008036880515833627,0.9977997181558161,4.912780529587275,-1.6758680475352437,-0.13492194244967073,-0.11248000000000001,2.21016,-109.63823235326903
2024-06-18 04:52:42,04:51:54.00,-0.02495694510663474,0.03221852116731962,1.0006541027091729,0.38588514610507985,1.0946696311633672,-0.06778961308685058,1.21592,2.13452,-109.75761510989717
2024-06-18 04:52:42,04:51:54.50,-0.03731692215704243,0.03187774475920004,0.9997868798238093,-3.3293795941019892,1.8167935063802412,0.13698736759521135,0.7534000000000001,2.66344,-109.45862531117189
2024-06-18 04:52:43,04:51:55.00,-0.0572567185328878,-0.004640079670103132,0.998230555534865,-3.0203389956512066,2.327795427291253,-7.120353208288083,-0.8672,3.76776,-111.41092030208898
2024-06-18 04:52:43,04:51:55.50,-0.07583928272019805,-0.0295234226907464,0.9977221495850876,-0.6771175333735847,0.7112003406312365,-3.218486281556003,-1.72184,4.36548,-114.05828047163574
2024-06-18 04:52:44,04:51:56.00,-0.07890259377402305,-0.0359920354106968,0.9958048028029025,0.9008275571998563,-0.8024168312159944,0.973468416901903,-1.66464,4.22832,-114.40460595124577
2024-06-18 04:52:44,04:51:56.50,-0.07327476375506417,-0.027129268429970987,0.9970353666546363,0.4075723558574137,-1.0004213843963974,0.6983573285831511,-1.41812,3.8667200000000004,-113.52743445452668
2024-06-18 04:52:45,04:51:57.00,-0.06759773386592807,-0.025824638985530616,0.998423509601034,0.09101791715648848,0.1153317753623953,-10.648923914378479,-1.57652,3.64736,-115.35401398726249
2024-06-18 04:52:45,04:51:57.50,-0.06505768331091068,-0.0350784543408107,0.9991658342452381,-0.43267644284857354,-0.19266761676457617,-32.33010495968845,-2.4949600000000003,3.40548,-127.91810431099798
2024-06-18 04:52:46,04:51:58.00,-0.05105338588838851,-0.042249113228735265,0.9843892082512842,2.5908900781478077,0.2627591519793481,-8.04235834881422,-2.2329999999999997,2.90504,-137.8788981945249
2024-06-18 04:52:46,04:51:58.50,-0.0547326837857824,-0.03483702613810636,0.9954905927829035,-1.9362848196672513,0.06125655777179552,17.784096871574945,-1.98472,3.33612,-136.39017765538782
2024-06-18 04:52:47,04:51:59.00,-0.05949575904798549,-0.03630118391138889,1.0032104988519412,-3.1495743817395603,-2.29044283079625,22.680722690618673,-2.73048,3.0808,-123.13924584658933
2024-06-18 04:52:47,04:51:59.50,-0.049070375706218854,-0.05977103778478151,1.0011956596591811,-0.9033618823515854,1.980695346490668,2.674656222346817,-3.263,3.3037599999999996,-117.424069378933
2024-06-18 04:52:48,04:52:00.00,-0.06798267092339941,-0.06504310949409774,1.0022694361019058,-0.04969279316957857,2.399584076800492,-3.6153885848670826,-3.6606,4.3174,-117.95274408999114
2024-06-18 04:52:48,04:52:00.50,-0.08550105616186077,-0.0623253894903676,1.000673925913543,2.115571068290835,0.8595955914317018,-5.778128050626067,-3.33548,4.8943200000000004,-120.40433383614916
2024-06-18 04:52:49,04:52:01.00,-0.08278053164267404,-0.03337303016702888,0.9991112993475484,5.596874615852955,-0.9522277692630331,-2.7839670610567935,-1.64916,4.79204,-122.56338348187988
2024-06-18 04:52:49,04:52:01.50,-0.07098263585679374,0.05732255126019426,0.9959726091804773,10.801943901473898,-1.43009808435851,-3.603160259080046,3.4382,3.7543599999999997,-124.15797780625655
2024-06-18 04:52:50,04:52:02.00,-0.06309625806860514,0.1333775878006849,1.0010899644881341,13.77189463495211,-0.11660940744521714,26.876667144510293,9.5952,2.68872,-119.92277680121416
2024-06-18 04:52:50,04:52:02.50,-0.03855128003915083,0.22738500249383709,0.9867998292123709,1.3689078955147445,2.000609174901981,17.4305663212075,13.28404,1.19428,-105.11962192244131
2024-06-18 04:52:51,04:52:03.00,-0.02455686166126557,0.18305769207077957,0.9822744839057617,-19.3116005404276,1.4290242512778963,0.700203184923849,7.92432,1.57188,-102.0364306165734
2024-06-18 04:52:51,04:52:03.50,-0.02591112980928898,0.028748430203007883,0.9918479279788844,-17.292594297914388,2.1853195309300952,-3.947317939760318,-1.10072,2.62736,-103.10844741036267
2024-06-18 04:52:52,04:52:04.00,-0.03701197696526554,-0.10078564298173256,0.9844677602765174,-4.393844043844215,2.0798828158566605,-3.4912113250973897,-5.53208,3.09616,-104.98280460709896
2024-06-18 04:52:52,04:52:04.50,-0.050658896359527944,-0.11121059537874455,0.9794056027164695,3.113269832364475,4.837625194170704,-4.272577384699146,-5.57776,4.09168,-107.04776167761698
2024-06-18 04:52:53,04:52:05.00,-0.09350666086695168,-0.09800406321634882,0.9862981860471843,1.7341040987755871,3.4524069890025135,-0.5860435392306085,-4.76168,6.02016,-107.99756653573202
2024-06-18 04:52:53,04:52:05.50,-0.11735860758335895,-0.08739803059771394,0.9905327218716081,0.5000490888128905,-1.0103840485936117,-0.06922351818709405,-4.6048,6.232559999999999,-108.0261865588813
2024-06-18 04:52:54,04:52:06.00,-0.10485055137336617,-0.07765343954745955,0.9952846647486436,2.9657321199749536,-2.9339792692826556,0.20012307553956293,-3.9393200000000004,5.32772,-107.99779718732847
2024-06-18 04:52:54,04:52:06.50,-0.07753486156073126,-0.04722690028271558,1.0003345991788906,3.176599947441387,-3.1919854634859575,0.6679595586114349,-2.37576,3.77752,-107.68334582164442
2024-06-18 04:52:55,04:52:07.00,-0.052263266995248595,-0.022393654541730732,1.0025113599438351,1.6598761444270127,-1.1382986412724854,0.342678485601483,-1.32752,2.83476,-107.3074569800418
2024-06-18 04:52:55,04:52:07.50,-0.0488865595820678,-0.007475930312248176,1.0031932436774187,1.434170795137133,2.4658662512674776,0.06337533835357782,-0.4188,3.41024,-107.24795213221118
2024-06-18 04:52:56,04:52:08.00,-0.07202754695124185,0.004312680556590956,1.0000152980579329,1.2894861724095825,1.691576874944025,0.21818789342635853,0.33336,4.36692,-107.05261889965591
2024-06-18 04:52:56,04:52:08.50,-0.08391570577727317,0.015380384223309292,0.9984678851768212,0.8692936760862515,-0.11630172679283823,0.4638843681589801,0.93096,4.68128,-106.83545030213276
2024-06-18 04:52:57,04:52:09.00,-0.08159921483682117,0.021960724575291603,0.9977465758160718,0.1371700399058818,-0.6325674876948127,-0.16279031876549815,1.14636,4.46336,-106.6762323157583
2024-06-18 04:52:57,04:52:09.50,-0.07677225879509895,0.022289228785523096,0.995336487223163,-0.07173004488705385,-0.052301546478434,-0.426546839221484,1.18896,4.39608,-106.8063002837977
2024-06-18 04:52:58,04:52:10.00,-0.07620390319842833,0.019046989889241958,0.9969714910270576,-1.3658804401951485,0.04870827399840657,-0.11706805753898517,0.8786799999999999,4.39628,-106.86278635688475
2024-06-18 04:52:58,04:52:10.50,-0.08360369187909487,-0.03786645758712576,0.9979962851154721,-8.676032094415453,-0.014671539502205353,0.2497926875298262,-1.78692,4.4092,-106.87394558636072
2024-06-18 04:52:59,04:52:11.00,-0.07227794520287778,-0.10030481724893024,0.9909103954593088,-4.404562982276293,-1.496545614317415,13.732667037394673,-6.2988,4.44656,-104.34562583160783
2024-06-18 04:52:59,04:52:11.50,-0.08280876338619642,-0.08861270628136424,0.9825328314599828,-2.393610667566176,-1.3061019062134438,23.31829578070826,-5.4534,5.10144,-92.03486998730901
2024-06-18 04:53:00,04:52:12.00,-0.0716464001191335,-0.10367300224322924,0.9872128337844035,-3.3543674858141275,-3.3159629436632176,2.385465087905031,-6.77992,3.728,-87.25190167850931
2024-06-18 04:53:00,04:52:12.50,-0.04714144171169435,-0.12888089339080383,0.9915290356855786,1.3445938165711702,-0.713788302594909,0.144110635314541,-6.9683600000000006,3.01324,-86.64721403924926
2024-06-18 04:53:01,04:52:13.00,-0.03953583666635441,-0.11239032745275784,0.9960967366109348,4.695499119685273,-0.46619267096461575,-1.139032685596269,-5.547960000000001,2.35632,-86.8739052028931
2024-06-18 04:53:01,04:52:13.50,-0.04771661702460662,-0.06940042198418506,1.0004706148680307,3.427274714435126,3.9114408382890233,-2.369176731814742,-3.57024,3.37708,-87.66297225391132
2024-06-18 04:53:02,04:52:14.00,-0.08582749420742351,-0.07068895903636027,1.001846387016718,-2.9576467884750577,5.369994498638802,-20.079083113485314,-4.28944,5.3548,-92.01411309174651
2024-06-18 04:53:02,04:52:14.50,-0.10798233152233604,-0.08887364466211035,0.9982892878084,1.0680441657903332,1.608754054422013,-17.091960176148643,-5.81104,5.94088,-103.35373919260157
2024-06-18 04:53:03,04:52:15.00,-0.10774726194671681,-0.0944839088258368,0.9939992471153128,3.453813256889689,-1.504180812433936,-3.350503158717041,-4.87492,5.559,-107.99781760451562
2024-06-18 04:53:03,04:52:15.50,-0.09587927875932262,-0.06321286657898365,0.9971982156538042,4.169752741034525,-3.294010218569889,-2.187185279049774,-3.03744,4.43044,-108.90818549328746
2024-06-18 04:53:04,04:52:16.00,-0.06926349080261365,-0.031407921325141384,0.9994044886030581,1.1777108871270157,-0.520302804113003,1.2400263578526254,-1.88452,3.80968,-109.1068254569374
2024-06-18 04:53:04,04:52:16.50,-0.06627084435899881,-0.02022785083180321,0.9981747267644039,1.2154353125672872,1.5788664377413277,2.657797026355159,-1.2407599999999999,4.20176,-108.0458718299232
2024-06-18 04:53:05,04:52:17.00,-0.0793983197378901,-0.009974917838955476,0.9986238311839297,-0.2945754612043944,0.7960981315337808,3.63214596551878,-0.7714799999999999,4.774,-106.31569441625335
2024-06-18 04:53:05,04:52:17.50,-0.08502074204661257,-0.012365674368580458,0.9970825066122824,-1.4401531737874442,0.19008417519188306,4.146502215070523,-1.01408,4.90864,-104.402168852612
2024-06-18 04:53:06,04:52:18.00,-0.08364300016666873,-0.02004263033829764,0.9957338815740919,-1.0275376599177712,-1.1601918294614135,4.38693679869945,-1.38956,4.6548,-102.09881106854759
2024-06-18 04:53:06,04:52:18.50,-0.07603846880927101,-0.027458923650201205,0.9985494942901844,-0.5545406063301369,0.21013159943798917,3.1923539240212127,-1.60832,4.47192,-100.14595590277075
2024-06-18 04:53:07,04:52:19.00,-0.08412803660603703,-0.033904162115849734,0.996077112932116,-1.3166420420444436,0.019187771522184413,5.332235005858975,-1.87972,4.64568,-98.15679610964777
2024-06-18 04:53:07,04:52:19.50,-0.096848883615065,-0.042113374989890956,0.9915342393115273,-0.5269488500976857,0.9187457363928125,5.052234904384048,-2.28184,5.375119999999999,-95.19788230423111
2024-06-18 04:53:08,04:52:20.00,-0.09054117805211705,-0.04585361287483772,0.9943475564670174,-0.9895666886077058,-0.8416037618512866,0.16327339396546592,-2.5408,5.20728,-93.83765732546073
2024-06-18 04:53:08,04:52:20.50,-0.08169333952044663,-0.06075792647292455,0.9953576906498579,-3.2718690090975606,-0.7600527771168573,-1.0367099094223926,-3.9155200000000003,4.7062,-94.22315747370091
2024-06-18 04:53:09,04:52:21.00,-0.07622502431417315,-0.08441556826545166,0.9967797427035592,-1.4761899743535574,0.41115659005696015,-0.14442372372825432,-4.99136,4.57604,-94.43410812428337
2024-06-18 04:53:09,04:52:21.50,-0.08120693945032499,-0.09616620587427929,0.9952940548659955,-0.8218695834394939,1.8485533151656441,0.21899482236977214,-5.5416,5.07752,-94.29862840372108
2024-06-18 04:53:10,04:52:22.00,-0.09768455615467486,-0.10261519681530956,0.9920685084697414,-0.27266158345851815,0.743993077132711,-0.5008711599337459,-5.8372,5.74336,-94.27877685353432
2024-06-18 04:53:10,04:52:22.50,-0.09821513009710983,-0.0997015137995456,0.9905037424382108,1.4751520364255424,-1.998708114504013,-0.7138401440542484,-5.552720000000001,5.2461199999999995,-94.58546714907814
2024-06-18 04:53:11,04:52:23.00,-0.07546691302678905,-0.0811311474011929,0.9943898182044252,2.836077806770477,-2.1362859774750946,0.46416910818922763,-4.4017599999999995,4.2068,-94.67529110682885
2024-06-18 04:53:11,04:52:23.50,-0.045481558647934454,-0.0526166401999593,0.995845911097399,4.395056302856209,-2.856500628811876,0.5285620005557458,-2.56232,2.7201999999999997,-93.78424174645711
2024-06-18 04:53:12,04:52:24.00,-0.024091987485254582,0.027459645522729715,0.9967172789663864,9.800742908606562,-3.836007485874296,-4.121732290230507,1.5624,1.06488,-95.6070015776527
2024-06-18 04:53:12,04:52:24.50,5.0438470502471924e-05,0.08954667807288541,1.00224865370038,3.8325118334212522,-0.9332680190274059,-0.5818672090235695,4.97452,-0.012960000000000001,-96.21322784247863
2024-06-18 04:53:13,04:52:25.00,0.004216171848324473,0.1151899207569725,0.9980987538130459,0.5834963687390085,-0.8158001346711817,-17.412366768771566,6.1018,0.034879999999999994,-98.8109196451793
2024-06-18 04:53:13,04:52:25.50,0.004232978786381551,0.11460597382032453,0.9951233883348732,-0.7356562527669973,-0.3876561733967651,-6.0418417146661,6.14312,0.25256,-109.412764918526
2024-06-18 04:53:14,04:52:26.00,-0.015375546748622898,0.08833912140395249,0.993434550256342,-6.798749738534309,3.8083071781745463,14.48502180377032,4.35088,0.94364,-102.5429701227475
2024-06-18 04:53:14,04:52:26.50,-0.0320198321830969,0.029190847820369303,0.9903057431331453,-9.100784707440289,0.8604233323367875,-13.549818553174157,0.28967999999999994,1.7238,-104.6072966091053
2024-06-18 04:53:15,04:52:27.00,-0.05028161793076038,-0.08738925410843879,0.9915744302264681,-9.475221744274252,6.100500127608635,-5.119585784464005,-5.07444,3.6116,-108.76949649370343
2024-06-18 04:53:15,04:52:27.50,-0.09761804766687542,-0.1474260036709629,0.9789814289676532,-0.4660295624181197,3.3879132284176507,-2.240869887445775,-7.5758,5.958279999999999,-110.48055334868434
2024-06-18 04:53:16,04:52:28.00,-0.11566832723298287,-0.13805273433942233,0.9847622844425286,4.8485279099446394,-2.254792722545254,-0.10128239598217935,-6.62056,5.82764,-110.9974756686219
2024-06-18 04:53:17,04:52:28.50,-0.09232621128298782,-0.0821063336169022,0.9936931634565327,7.195301327202331,-3.5598018074514948,6.683550458653976,-3.7045600000000003,4.65376,-109.5595373206906
2024-06-18 04:53:17,04:52:29.00,-0.07147839438309476,-0.00951813693800058,1.0025059992273873,5.736631452229951,0.10445674208406831,6.555051842825488,-0.09448000000000001,4.11844,-105.49561053454339
2024-06-18 04:53:18,04:52:29.50,-0.07579436658752604,0.03625063747574671,1.0044143468327422,0.9925314713143512,1.968080886601449,1.063877113377567,1.6022800000000001,4.68016,-103.7720720605528
2024-06-18 04:53:18,04:52:30.00,-0.09435266938588283,0.022844309744733945,1.003180248457927,-3.2162855480828774,1.338715959552581,1.9612994379863513,0.9277200000000001,5.55288,-103.07207960908734
2024-06-18 04:53:19,04:52:30.50,-0.10211037609609107,-0.0014501927627024042,0.997218564333475,-4.673890575827933,-0.8412047616446947,1.4867547457329058,-0.88908,5.583679999999999,-102.02118211250705
2024-06-18 04:53:19,04:52:31.00,-0.09027209651458463,-0.03623174636410971,0.9950906930135487,-2.497069250601934,-1.8041405090575975,0.1037840734332748,-2.43292,4.8726400000000005,-101.60649838212649
2024-06-18 04:53:20,04:52:31.50,-0.0750064259357962,-0.05465517148864927,0.9926148382858567,-0.18860794229811517,-0.9418235048656267,-0.23794351908745995,-3.0227999999999997,4.25036,-101.630795419109
2024-06-18 04:53:20,04:52:32.00,-0.06689929363555865,-0.052236076015987766,0.9945226984412895,1.3165856216111476,-0.14411166799461822,-0.16053559807301704,-2.66544,3.94776,-101.67734557751024
2024-06-18 04:53:21,04:52:32.50,-0.06814347451606233,-0.041702276216434575,0.9973810165765994,0.5288259459976397,1.2054571117810255,0.027958162357130174,-2.30364,4.23752,-101.64295036380939
2024-06-18 04:53:21,04:52:33.00,-0.07894446530841168,-0.03800017376644074,0.9979997550120295,-0.1761310950310239,0.5739254367505217,0.2982446212041353,-2.27704,4.6360399999999995,-101.52418631874201
2024-06-18 04:53:22,04:52:33.50,-0.08251644255343493,-0.04014132176844694,0.9988098204520894,-0.6852388096330643,-0.12353396419734246,0.9704184576341269,-2.45428,4.693280000000001,-101.1267008563187
2024-06-18 04:53:22,04:52:34.00,-0.08224178876239545,-0.04628708596165441,0.9983777396300247,-0.5965736675204216,0.02869457590698163,0.983748743310139,-2.71164,4.685,-100.5444413445874
2024-06-18 04:53:23,04:52:34.50,-0.08257038759505546,-0.049569936001320015,0.9970026008552422,0.000499867668108862,0.1329901984917141,0.3790748565041931,-2.8476,4.7442,-100.11703087118516
2024-06-18 04:53:23,04:52:35.00,-0.08383621335342353,-0.05018727657165332,0.9969478234888993,0.09862945090238032,0.05845301173596374,-0.6002469765226706,-2.8207600000000004,4.82168,-100.14390828482448
2024-06-18 04:53:24,04:52:35.50,-0.0849583871016116,-0.04777965467687949,0.995277138284126,0.2150226389602868,-0.018021135411482102,-0.8549460282858174,-2.75676,4.832,-100.48138016645485
2024-06-18 04:53:24,04:52:36.00,-0.08504807979738326,-0.04449017527652254,1.0034708269308856,3.6047985318066385,4.439258846829487,-1.22089074150313,-2.12256,5.4786,-100.88471638952025
2024-06-18 04:53:25,04:52:36.50,-0.12546799507169445,-0.010193749428892347,0.9913912561904837,0.6879336775284959,-3.573449572759623,1.0649601155631587,-0.50184,6.5826,-101.11634625307315
2024-06-18 04:53:25,04:52:37.00,-0.08279518972320556,-0.013158804989357896,0.9734984994473227,-3.240621430434235,-4.090817468586444,1.0680066737856153,-1.48496,3.8697199999999996,-100.24027501731962
2024-06-18 04:53:26,04:52:37.50,-0.05347002806304904,-0.0408359208027921,0.9994981560983957,-2.5773012375001376,-0.18864269190683874,0.11728799628350718,-2.76816,3.34508,-99.92721800773346
2024-06-18 04:53:26,04:52:38.00,-0.05361382079370846,-0.06269045693930422,0.9991226806783488,-1.5194794441130537,-0.1317291188398584,-0.7748099698376484,-3.7119600000000004,3.20736,-100.0005719830825
2024-06-18 04:53:27,04:52:38.50,-0.07561180188499385,-0.10856885292872714,0.9970782396744342,-7.6838138703609555,6.079649707401746,-5.646697550550108,-5.95092,4.180400000000001,-102.8931498694247
2024-06-18 04:53:27,04:52:39.00,-0.12382405165796445,-0.19335181678034397,0.9929587244209653,-8.588542000753609,4.050822356964657,6.909751007538586,-11.41916,8.24112,-100.87795486264828
2024-06-18 04:53:28,04:52:39.50,-0.11055694297397699,-0.18484367576624694,0.9762619737785079,6.879085365649996,-9.50865316682916,5.642148206195075,-10.22192,5.81412,-97.62636659940004
2024-06-18 04:53:28,04:52:40.00,-0.06233501156455414,-0.11748565700186563,0.9836564992921362,10.688798675951114,-3.3405566597949963,-0.6804151957006745,-5.313759999999999,3.0842,-96.53562706227576
2024-06-18 04:53:29,04:52:40.50,-0.045128177612381026,-0.030413142540488675,0.9997178129961942,7.404983680021036,0.6893923414478696,-5.1033971884522416,-1.12804,2.7477199999999997,-97.92226757394118
2024-06-18 04:53:29,04:52:41.00,-0.07767946248161185,0.013556461415099893,0.9999880328565917,1.5811590555430013,2.1991940591004124,-13.027825506430075,0.75476,3.80728,-103.65567469104091
2024-06-18 04:53:30,04:52:41.50,-0.10382115563058508,0.019956869901553455,1.0026885303556992,-6.15125702643791,3.546866585160869,4.034957236577324,-0.6404000000000001,6.04132,-104.76768799232605
2024-06-18 04:53:30,04:52:42.00,-0.11245713672048546,-0.0348377525965982,0.9978552756714492,-4.048034116140136,-2.278019319576551,1.3501974225668834,-2.7171600000000002,5.91468,-103.2388390109557
2024-06-18 04:53:31,04:52:42.50,-0.08927573555136917,-0.06761875492691624,0.9921650795047448,-3.223470856045882,-1.7454629421592776,-0.1915677537853147,-4.27716,4.91048,-102.94888683231373
2024-06-18 04:53:31,04:52:43.00,-0.07263414929298614,-0.10036569127485276,0.9940638007358857,-3.835878966532149,-2.042250483601021,0.1954076914060333,-6.140879999999999,4.1148,-102.97884705143808
2024-06-18 04:53:32,04:52:43.50,-0.04630233195249832,-0.12307733533531703,0.9863092802832739,0.9303600313152346,-3.0801955186219168,1.6336881530268876,-6.6610000000000005,2.72928,-102.63672718248596
2024-06-18 04:53:32,04:52:44.00,0.007481912300414784,-0.09158455806700419,0.9893575586425984,9.72117499335057,-3.678405141366716,3.661050076712527,-3.8368400000000005,0.38612,-100.81215090948527
2024-06-18 04:53:33,04:52:44.50,0.00947530504757766,-0.005844065528940012,0.9972849428948564,8.915530147899451,-0.19919487159898389,-0.265391016051513,0.83608,-0.4426,-100.0416808022248
2024-06-18 04:53:33,04:52:45.00,0.00546930639065006,0.062099878663912846,1.0003173491579767,2.2830511849118804,1.154227558971911,-1.2578215968423532,3.32644,-0.23192000000000002,-100.45241303788015
2024-06-18 04:53:34,04:52:45.50,-0.01786843057655468,0.07226264120789866,1.0000843267776445,-2.9824706342888563,5.729282283515825,-1.3977470305382347,3.0963600000000002,1.8547200000000001,-101.0602537048869
2024-06-18 04:53:34,04:52:46.00,-0.06465815480403664,0.04321179572548656,1.0019274134983798,-3.6479466732311336,2.6462210571391513,-1.8400838499344851,1.6826400000000001,3.8506799999999997,-101.71589079123586
2024-06-18 04:53:35,04:52:46.50,-0.08754209402635343,-0.004063400061405192,0.9960246537793194,-4.128712489129102,0.5671936022289209,-21.68874968132677,-0.9714400000000001,4.7456,-107.68440699579435
2024-06-18 04:53:35,04:52:47.00,-0.08490059461784975,-0.036618763104990654,0.9958372468890769,1.931155131473568,-1.431151592240809,-10.391843802025482,-1.77504,4.26344,-116.23987519283888
2024-06-18 04:53:36,04:52:47.50,-0.06463062989067206,-0.02461969094259979,0.9952347388968914,2.1697320680810823,-2.5888233758728973,11.2111810272702,-0.6662,3.23108,-115.94786183386859
2024-06-18 04:53:36,04:52:48.00,-0.05315529119081439,-0.004129982881055872,0.9996723737928118,-1.0785137643633975,1.8417294660545682,5.390078229293216,-0.53856,3.28308,-110.35979393253717
2024-06-18 04:53:37,04:52:48.50,-0.061204924597978445,0.02255244183224201,0.9961328273721685,5.903716074113842,0.1800351719328747,-9.896848911388062,0.85952,3.80428,-112.37780891303645
2024-06-18 04:53:37,04:52:49.00,-0.0702899099082692,0.05956186650568922,1.0015618742531698,7.122703730038281,1.1430429455676665,1.4838133911371898,4.40912,4.1256,-115.20447954353097
2024-06-18 04:53:38,04:52:49.50,-0.07835096391398613,0.12113162906465316,0.9992980111676149,6.213961776172381,-0.3173394217219226,14.7489991763172,8.10956,3.8108400000000002,-109.01929685775121
2024-06-18 04:53:38,04:52:50.00,-0.05893736439428654,0.17302729420418042,0.9937513166151025,1.9359016065188996,-2.8498639680807454,-3.8777935188054675,9.97788,2.6752,-107.16847332600464
2024-06-18 04:53:39,04:52:50.50,-0.04682693781060105,0.16978988668657774,0.9820359535266197,-9.729324545678004,1.296834839765432,-3.0015093724298727,7.81488,3.1516,-109.03552212694495
2024-06-18 04:53:39,04:52:51.00,-0.0450480645851228,0.07438488128939523,0.9820443468312499,-14.102970431301587,-3.4335853994972054,-1.9373328478916598,1.8466399999999998,2.2218,-110.33737187465826
2024-06-18 04:53:40,04:52:51.50,-0.006515687346249128,-0.04071035210192276,0.9891487997212645,-6.836545404031184,-1.7364520635270029,-0.11942960797537508,-2.80572,0.64776,-110.66720266033384
2024-06-18 04:53:40,04:52:52.00,-0.006824474485643813,-0.10156614266658977,0.9925429011400827,-3.8858104642797837,4.113396861169728,0.5469895489532824,-5.576079999999999,1.40404,-110.40321840842779
2024-06-18 04:53:41,04:52:52.50,-0.053977512203624095,-0.12488227056418699,0.9828605833579905,1.3787102865089862,8.661143215896105,16.986828913432156,-6.01236,4.72032,-106.70722702753638
2024-06-18 04:53:41,04:52:53.00,-0.15616695537447978,-0.1361259106898168,0.9818631379401284,-2.5650221875162855,2.127501599272148,6.473220285136836,-6.583200000000001,8.416,-99.25087408514615
2024-06-18 04:53:42,04:52:53.50,-0.16858966078656754,-0.1507800375875045,0.981067720585185,-3.4228813187264224,-0.10303223214129849,-9.43382572435908,-8.69668,8.74312,-100.65799769991527
2024-06-18 04:53:42,04:52:54.00,-0.1473332342629012,-0.1780108113310193,0.9839752463831496,0.9216266283228901,-2.6330203475570215,-2.991995333100178,-10.05568,7.85712,-104.05348251447235
2024-06-18 04:53:43,04:52:54.50,-0.1111950617664127,-0.1425845436323916,0.98905449913623,7.487015530707648,-6.06616330856746,-1.5948589775296023,-7.48188,5.392519999999999,-104.88354006522324
2024-06-18 04:53:44,04:52:55.00,-0.06359604897219706,-0.07876838692497957,0.9979333852974395,7.095815852315671,-2.3060025523787986,-1.003054046047855,-3.8091199999999996,3.44752,-105.50717402904334
2024-06-18 04:53:44,04:52:55.50,-0.04845892211928468,-0.019931342507850624,1.002203344097229,3.030409295099775,1.2823752659669028,-1.1284157386094744,-1.35316,3.29996,-105.91537096525951
2024-06-18 04:53:45,04:52:56.00,-0.06408643886405145,-0.001180312615596229,1.0011876594034272,-0.6454226406076305,1.7403950564889765,-1.3251880310702178,-0.78116,4.0472399999999995,-106.50295372701275
2024-06-18 04:53:45,04:52:56.50,-0.07683970094435481,-0.011311100007599653,0.9988363345497059,-1.77473599792922,0.006485234841509722,-1.3105654646171954,-1.30768,4.3384,-107.08506301175571
2024-06-18 04:53:46,04:52:57.00,-0.07545544270402227,-0.026455999125033065,0.9952322807832448,-0.62002540168231,-1.0092704253762304,-0.4635809235477019,-1.73964,4.05828,-107.5310248753174
2024-06-18 04:53:46,04:52:57.50,-0.0687436331508546,-0.031150072808758297,0.9947643707029138,0.22553907040604282,-2.2555066260113104,-4.477641512757151,-1.82208,3.2977999999999996,-108.5820217750551
2024-06-18 04:53:47,04:52:58.00,-0.04306408919795965,-0.030972269022126356,0.9965232608047507,-0.1440985642139875,-2.030537190967139,-1.0510192372878204,-1.83644,2.1666399999999997,-110.26336436854595
2024-06-18 04:53:47,04:52:58.50,-0.02643469535241858,-0.031948629816001856,0.9977626947691263,-0.4385270910576628,-0.40179674077467753,1.6928824862990053,-1.98624,1.71172,-109.6872344863944
2024-06-18 04:53:48,04:52:59.00,-0.025438760068516184,-0.038014018580352985,0.9991001074222047,-1.441321977283982,1.3056449464279283,2.3245887910412417,-2.44632,1.90536,-108.75232132732636
2024-06-18 04:53:48,04:52:59.50,-0.03858580563580251,-0.053432521708248595,0.9984802452948586,-1.508342687945293,0.1769864959602964,6.778213133721672,-3.0732,2.31176,-106.46870954622229
2024-06-18 04:53:49,04:53:00.00,-0.03787620957138642,-0.06144814928156854,0.9934893502098896,1.4815086043052568,-2.152464378578175,10.498331852732049,-3.15868,1.97692,-101.80945136423084
2024-06-18 04:53:49,04:53:00.50,-0.04008455719395273,-0.03526458968786763,0.985113471937222,1.7930618990421485,8.016487238996072,0.9786389251986084,-1.9120400000000002,3.9507999999999996,-98.68314067424964
2024-06-18 04:53:50,04:53:01.00,-0.09789135553436994,-0.027767437820745353,0.999407102205228,-0.9275029659757195,0.17781134287947226,-2.2962550190776394,-1.92972,5.48328,-99.30372095564701
2024-06-18 04:53:50,04:53:01.50,-0.09658402884120497,-0.03747408939103633,0.9990832406416112,0.5023144528649414,-0.1107825911721846,-1.5387838562190945,-2.09072,5.19904,-100.2735679873129
2024-06-18 04:53:51,04:53:02.00,-0.09842692608239849,-0.03416729298873229,1.0013354259558742,0.8891401424900358,0.13078347116657854,0.13195729204633186,-1.7781200000000001,5.51192,-100.52805916125767
2024-06-18 04:53:51,04:53:02.50,-0.09823660585022784,-0.02475973886446269,1.0006301976900012,0.32097124674619487,-0.28772878311757866,-0.06044039754921579,-1.44708,5.45788,-100.36305423933877
2024-06-18 04:53:52,04:53:03.00,-0.09462782148423839,-0.024927196712974387,0.9990066196813513,-0.12355308856351116,-0.3660590326820735,2.6843269551244653,-1.35084,5.355320000000001,-100.36020396659563
2024-06-18 04:53:52,04:53:03.50,-0.08915242536299477,-0.027188962402327,0.9907987583265725,-3.183310640578339,-1.3933427097981985,42.06998946586399,-1.39636,5.0996,-89.07081173357595
2024-06-18 04:53:53,04:53:04.00,-0.07895933804392684,-0.020771695827578825,0.9904702967455046,-5.106753112648664,-5.848427948787723,32.571801322372224,-1.81668,3.55252,-68.18801242371471
2024-06-18 04:53:53,04:53:04.50,-0.033045210600165846,-0.05503359511863606,0.9921952597796779,-2.7862036823669496,-0.8119044436783471,6.550935889174152,-3.32008,2.37628,-59.14191645266277
2024-06-18 04:53:54,04:53:05.00,-0.03625455128715464,-0.07584235267195717,0.996283150540092,0.0755858855349481,4.291602794603336,-11.617391985430597,-3.7743599999999997,3.29172,-59.583660590354796
2024-06-18 04:53:54,04:53:05.50,-0.06322790639658668,-0.08684298561179181,1.0012552415422455,0.445797940209534,3.003101676103514,-29.296770482733656,-5.24672,3.77712,-72.26641104972056
2024-06-18 04:53:55,04:53:06.00,-0.07125196787193278,-0.07364879628525156,1.0006382606202076,9.43171589060346,1.769161507924064,-8.438008930447905,-2.70172,4.12056,-81.09080850703896
2024-06-18 04:53:55,04:53:06.50,-0.09190101614750912,-0.019956493099147536,1.0007036850005542,1.9785896301587196,1.4235528728954452,-35.18623412100097,-1.12428,4.86904,-91.31286774044825
2024-06-18 04:53:56,04:53:07.00,-0.0981026225846827,-0.0186214173153127,1.003483710478654,1.851501651717649,-0.5410768805690562,-18.45004328162855,-1.49856,4.97396,-106.04165250651224
2024-06-18 04:53:56,04:53:07.50,-0.08747204130938355,-0.03547313328046649,0.9982481308513909,-4.69860516120063,-3.3236264463141536,11.404267641428708,-2.168,4.15452,-108.26947387535459
2024-06-18 04:53:57,04:53:08.00,-0.0733346360862323,-0.10120940524380233,0.9996438138723234,-12.697485561754814,2.8167358377395497,12.81704480313958,-7.4434000000000005,4.87588,-99.79829400408707
2024-06-18 04:53:57,04:53:08.50,-0.09475895962628553,-0.14006312163113224,0.9905244576095437,4.132630686977783,2.658383620673218,2.654273122478876,-7.90984,6.3442,-96.09454115050534
2024-06-18 04:53:58,04:53:09.00,-0.12481953547167123,-0.09566537603277547,0.9847911565713141,12.611434682057354,0.3362634247455031,-0.25650438832842776,-3.37236,6.988239999999999,-96.11880024898628
2024-06-18 04:53:58,04:53:09.50,-0.15122927251617363,0.036105685839069035,0.9831602210871783,5.599412419871926,1.722223420467893,45.81251484217964,2.88308,7.55888,-85.45648981506314
2024-06-18 04:53:59,04:53:10.00,-0.12472026979476496,0.11822587762317856,0.9884922906353139,-0.27382033840552206,2.128460887892791,57.5074425953033,7.22856,6.11764,-57.71099155575096
2024-06-18 04:53:59,04:53:10.50,-0.06675654156870368,0.11069956969821342,0.9945520521906271,-4.957744832517308,1.2471567151396383,33.86306740809155,7.146240000000001,4.3398,-34.06479323917394
2024-06-18 04:54:00,04:53:11.00,-0.019328052828305332,0.08248568780104444,0.9916908632300203,-10.39857099072968,-2.829400736414323,-24.451452399486676,3.53984,2.5311600000000003,-29.825055752898344
2024-06-18 04:54:00,04:53:11.50,-0.014792137427481908,-0.019770394662720812,0.9946147261849879,-4.805529999379454,0.3925882840299563,-65.87028464281191,-1.38136,1.2338,-55.72696679938573
2024-06-18 04:54:01,04:53:12.00,-0.03675507874171333,-0.06411218854562788,0.9951486600572895,2.1626890406920403,6.349991513372546,-61.22144343406826,-2.9092399999999996,1.8338400000000001,-89.55307280627463
2024-06-18 04:54:01,04:53:12.50,-0.06873805123329953,-0.03775607759340911,0.9973180899098039,5.713214441281687,1.4047542102641877,-19.90268326638359,-1.35652,3.4600400000000002,-109.40750813743813
2024-06-18 04:54:02,04:53:13.00,-0.06694537975454297,-0.00029714912844389996,1.0000836766032664,0.07756026807549776,-1.172887669772834,2.1016957133558263,-0.34124000000000004,3.22476,-112.49043799365049
2024-06-18 04:54:02,04:53:13.50,-0.05639672369294597,-0.0021214380887176042,1.0034665929621078,-2.595857116934756,-0.6042699876342111,8.6124300407124,-0.8560800000000001,3.1068000000000002,-109.2452672810513
2024-06-18 04:54:03,04:53:14.00,-0.049121635514662323,-0.020420934990338417,1.0032793448632957,-1.8716426294163597,0.13970584716736328,8.795954605704573,-1.57064,2.9636,-104.71941162156389
2024-06-18 04:54:03,04:53:14.50,-0.054908196382330555,-0.028345573452895626,0.9995806926731166,-0.032393212484250554,1.7844168903135158,7.311510738221918,-1.65124,3.59128,-100.57697887137552
2024-06-18 04:54:04,04:53:15.00,-0.07264805573458727,-0.02351062687957341,0.9977799143034152,1.2161760602450693,1.4032239473224235,4.749638158903528,-1.07712,4.424440000000001,-97.52967774822766
2024-06-18 04:54:04,04:53:15.50,-0.08389200787754847,-0.011610396811007952,0.9960790408445129,0.6121608457744117,-0.33044516975011023,2.6134410819166214,-0.5182,4.64984,-95.67106936560408
2024-06-18 04:54:05,04:53:16.00,-0.07918725917759824,-0.004771320928688384,0.9982166077343109,-0.27051559650005264,-1.0290063944712577,1.302193465636571,-0.41288,4.2806,-94.6997855236434
2024-06-18 04:54:05,04:53:16.50,-0.07035293875155527,-0.009939453802302965,0.9992174152231218,-1.3292605191606084,-0.11627033520410807,-0.4614100412606647,-0.82348,4.03272,-94.41766445655634
2024-06-18 04:54:06,04:53:17.00,-0.0702686527578878,-0.020881959435172206,0.9969359152008184,-0.8934465240867543,-0.11412036775025274,-0.6191995840887442,-1.3651200000000001,4.0305599999999995,-94.64693034220694
2024-06-18 04:54:07,04:53:17.50,-0.06869519350895717,-0.02991915564999177,0.995855172990731,-0.6792619983900602,0.014573911288536601,-1.4125938578783788,-1.79244,3.9539600000000004,-95.11542298110662
2024-06-18 04:54:07,04:53:18.00,-0.06794816585212769,-0.034973173569577305,0.9975064454316025,0.12788494323660388,-0.09865478847961091,-1.2748970290502835,-1.94876,3.94316,-95.75625977208777
2024-06-18 04:54:08,04:53:18.50,-0.06681148246176566,-0.03389586464336054,0.9972819994001406,0.2288664510164159,-0.10188654696971375,-0.915678254300832,-1.9015199999999999,3.81508,-96.23583632809834
2024-06-18 04:54:08,04:53:19.00,-0.0667528474161359,-0.0369314544128092,0.9987153013303129,-1.0447395661647692,-0.017056286372784307,-1.69194114391879,-2.09644,3.8075599999999996,-96.78584497389302
2024-06-18 04:54:09,04:53:19.50,-0.06660648900737502,-0.06584892290482787,0.9956175267399034,-4.503322336669704,-0.14796572077494544,-0.9566541325661321,-4.01784,3.77216,-97.50074992015735
2024-06-18 04:54:09,04:53:20.00,-0.0640466351704897,-0.07843044255364841,0.996283140642052,0.2909256935070886,0.39946950193654296,-0.8038745880573273,-4.89884,3.74036,-97.7764029594825
2024-06-18 04:54:10,04:53:20.50,-0.06618510531573578,-0.07124231893969568,0.9960020032127972,4.298033889895458,-0.0922790443319062,-0.5084975971380139,-3.39132,3.80332,-98.09488966203885
2024-06-18 04:54:10,04:53:21.00,-0.06614250706188045,-0.034456011159507874,0.9982419199673325,3.1177087546114786,-0.2928240089253503,-0.03262497964855178,-1.6065200000000002,3.69936,-98.11240098925768
2024-06-18 04:54:11,04:53:21.50,-0.07264304419022158,-0.016353895435445843,0.9988224632227908,-0.9976804258908334,-0.1045618493288282,1.3388895079968828,-1.17372,3.6708800000000004,-97.8715628282287
2024-06-18 04:54:11,04:53:22.00,-0.07221003698860168,-0.030131320173676594,0.9984807768713378,-2.907837270567741,0.28360798353223915,1.3974966026537414,-2.32864,4.0922,-96.92465138613663
2024-06-18 04:54:12,04:53:22.50,-0.06828525947217699,-0.04719208777585562,0.9987205854335502,-0.3931852522890443,0.2415716673143625,-0.5933163785116556,-2.84504,4.04748,-96.6348408689477
2024-06-18 04:54:12,04:53:23.00,-0.07010377147454182,-0.0518525805821075,0.9991630524546514,-0.22798919673096255,0.967159898642652,-0.6240403590554479,-2.9810399999999997,4.36152,-97.03010224306641
2024-06-18 04:54:13,04:53:23.50,-0.07061568232029558,-0.05080149108302412,0.997577735399955,1.086443570098685,0.6807022620829885,-0.45547926676704925,-2.8310000000000004,4.58336,-97.17548422308612
2024-06-18 04:54:13,04:53:24.00,-0.07717451599499513,-0.03808879730538148,0.9962373661303691,3.048950972223618,-0.5700267348451112,-1.3603167290182887,-1.70804,4.34012,-97.58471842069439
2024-06-18 04:54:14,04:53:24.50,-0.0759088961335569,-0.01423056469101434,0.9969305427789259,1.4767921360371303,-0.12682516289530654,-1.0711756824841714,-0.69204,4.22568,-98.1545971542846
2024-06-18 04:54:14,04:53:25.00,-0.07332147059257925,-0.004978139898591652,0.9980052372908389,-0.6779327118272669,-0.7562979894554924,0.05910563230602433,-0.57052,4.02316,-98.35619752183686
2024-06-18 04:54:15,04:53:25.50,-0.06759804488376883,-0.013684937946244308,0.9981116568175462,-1.7240361143977356,-0.5418372450739717,1.1913031170709858,-1.2014,3.7338,-97.9704000540624
2024-06-18 04:54:15,04:53:26.00,-0.06634004265679472,-0.0536721126578028,0.9957579146999482,-3.9741500954660802,0.5357342931548318,0.854224489632498,-3.2105200000000003,3.82744,-97.4873163805312
2024-06-18 04:54:16,04:53:26.50,-0.06590196266498519,-0.0822586238478905,0.9965473666342937,0.20725908576651045,-0.5700165219114851,2.7241620554813886,-5.16356,3.927,-96.24085662693942
2024-06-18 04:54:17,04:53:27.00,-0.08701339076987667,-0.06835614527775756,0.994367754116713,2.2777520431966134,2.0056899555888577,-2.193038725901493,-3.36572,4.8208,-96.48146108316848
2024-06-18 04:54:18,04:53:27.50,-0.08482779200690717,-0.043420784964983146,1.0006742338580057,1.617744077195442,-2.3946405196065346,2.715639705552525,-2.4516,5.204160000000001,-95.79698410033139
2024-06-18 04:54:18,04:53:28.00,-0.08603930330635016,-0.036964709915616185,0.9964794663321406,-2.5657193949924717,-0.012450401793065754,-2.859629434601442,-2.55,4.18788,-96.64685014658814
2024-06-18 04:54:19,04:53:28.50,-0.054806061801114324,-0.05300275082401325,0.9995860600372919,-0.43982063989123654,-1.0741671825215615,1.1281831669124285,-3.3004000000000002,3.93528,-96.20280542400086
2024-06-18 04:54:19,04:53:29.00,-0.08080189973587219,-0.06742197055136442,0.9939940615091867,-3.296799724990571,2.59580094678684,2.483677428831479,-4.30332,4.6344,-95.83553318943413
2024-06-18 04:54:20,04:53:29.50,-0.0753509348857848,-0.09044679258244936,0.9955991344293069,-1.3495094766986253,-2.0817897955794074,-0.475849110981482,-5.16624,4.33608,-94.43575049695761
2024-06-18 04:54:20,04:53:30.00,-0.05763145114546066,-0.09197606299708135,0.9910973343245806,1.6646743323752902,-2.3731285069530923,0.3875495089428172,-5.18764,3.1781200000000003,-94.74857813760772
2024-06-18 04:54:21,04:53:30.50,-0.0515885436697352,-0.08600817566412498,0.9946334805158668,1.6230548939497427,0.4017920215265929,-2.5425618759900157,-4.19508,2.62024,-95.96016674985235
2024-06-18 04:54:21,04:53:31.00,-0.04838585046862212,-0.06059676735703183,0.9969097057049062,0.8037932035154001,1.3137801268982034,-0.07652797510191,-3.91844,3.299,-95.06802893436307
2024-06-18 04:54:22,04:53:31.50,-0.061398798166669204,-0.055296560066458625,0.998700056389267,3.0665342669881257,0.6671247335629402,-6.687455367358186,-2.87896,3.6383199999999998,-98.11190168403151
2024-06-18 04:54:22,04:53:32.00,-0.05930217286274784,-0.030520506993896065,0.9980117333818744,3.4705065077475132,-1.1900862570606032,0.6768476684722846,-1.3249600000000001,3.18372,-99.12644223843203
2024-06-18 04:54:23,04:53:32.50,-0.051344891761342444,0.002313362165345648,0.997570300357618,2.871175607376551,-1.0658405464787675,2.6763278215080395,0.32856,2.66384,-98.03685326895584
2024-06-18 04:54:23,04:53:33.00,-0.04553261817495443,0.026272272801393277,0.9984915547154184,1.1176884141716064,0.6067915636711715,2.6524143303727032,1.3998,2.63916,-96.62262831822825
2024-06-18 04:54:24,04:53:33.50,-0.05214518549974313,0.034549401668893524,0.999927855319952,-0.9603108907172111,1.5121644352562418,2.327355164390178,1.5488,3.23268,-95.315574483443
2024-06-18 04:54:24,04:53:34.00,-0.06532230086717547,0.024456849763555603,0.9998380231436051,-1.7491242951894566,0.9441323658681638,1.8487254049903408,0.9876,3.81372,-94.22757225772318
2024-06-18 04:54:25,04:53:34.50,-0.07116371656805696,0.010412217492339225,0.9991956405249627,-0.9574782826633392,-0.13534789078122564,1.567231246434283,0.46216,3.9506,-93.295348725225
2024-06-18 04:54:26,04:53:35.00,-0.07016917258025787,0.0014875025110003904,0.9991067193655286,-0.5200475743697018,0.18146089160908951,1.1372248478745908,0.08224000000000001,4.02052,-92.5727594007967
2024-06-18 04:54:26,04:53:35.50,-0.07162048603178917,-0.004102933212905064,0.9979999474439173,-0.5018080075389387,-0.13405913937563826,0.31286970578550805,-0.2842,4.0774,-92.14337661548574
2024-06-18 04:54:27,04:53:36.00,-0.06917396912378937,-0.009726461220973332,1.0039708529703963,-0.49336771069878566,-0.26584120204235817,0.09024906393140814,-0.66168,3.91324,-92.01615728426631
2024-06-18 04:54:28,04:53:36.50,-0.06564305336883182,-0.01898775705726696,1.0126157964730194,-0.2308006727986981,-0.46902611730761845,1.1598155197376407,-1.10996,3.6248,-91.69767061596264
2024-06-18 04:54:29,04:53:37.00,-0.06104331819569509,-0.00714839183599676,0.9667218736007279,2.215721442728951,2.0914501859778767,0.5514340045205178,0.056960000000000004,3.93084,-91.08234489542619
2024-06-18 04:54:30,04:53:37.50,-0.0893380736172731,0.007225560575599313,0.9932218070530239,-2.702699898800816,2.016434409618671,-0.0005693045498973803,-0.13948,5.34888,-90.94081306121339
2024-06-18 04:54:30,04:53:38.00,-0.11298236074712331,-0.00942687210591746,1.0242775618238626,4.1260865160151425,6.001054241691992,-1.2428316008282634,0.12796,7.35584,-91.09080136067358
2024-06-18 04:54:31,04:53:38.50,-0.13884386036656476,0.016951604606171657,0.9669610736954982,-3.184970747273975,-10.184026390882774,-0.5333948262995597,0.47436,5.92288,-91.62879477684055
2024-06-18 04:54:31,04:53:39.00,-0.05689298443841093,-0.015666826310281035,0.9932234264886495,-5.15318779789726,-3.7651049966938586,-0.37221896548394534,-1.81084,2.7968400000000004,-91.78203010811264
2024-06-18 04:54:32,04:53:39.50,-0.029614126214850437,-0.05879622977286537,0.9996734635833606,-3.334590113540967,-0.4141415419592982,-0.03314534070461004,-3.72476,2.04048,-91.78149073335062
2024-06-18 04:54:32,04:53:40.00,-0.027944679988561393,-0.08350001596438222,0.9979874896276528,0.5157685696498987,1.5069942331140933,0.05314984980886876,-4.440799999999999,2.15144,-91.73926597632695
2024-06-18 04:54:33,04:53:40.50,-0.04615052913070729,-0.07066644679280866,0.9988876228832964,4.570532546951206,3.1544731999382862,0.5700409031772067,-3.06308,3.2992000000000004,-91.54024419675893
2024-06-18 04:54:33,04:53:41.00,-0.07349867776125964,-0.03264133941343173,1.003467820440922,2.478702163876708,1.5156955116837239,1.5652311353767132,-1.48108,4.338480000000001,-90.91026595021711
2024-06-18 04:54:34,04:53:41.50,-0.08350619570387194,-0.012299882297779124,1.0030270690301573,-0.2286246827093866,-0.2964976010809595,1.1406167205028215,-1.00012,4.58116,-90.14251659554473
2024-06-18 04:54:34,04:53:42.00,-0.08045573574429665,-0.014530895195863935,1.0042969395315453,-0.5127404040555597,-0.755859181865535,-0.47178342683830626,-1.13944,4.31868,-89.89638356778022
2024-06-18 04:54:35,04:53:42.50,-0.07335214343551504,-0.019483826374144805,1.0025113956381737,-0.3977914764638754,-0.369540816768339,-0.5480243324750372,-1.2872,4.11108,-90.15620601460978
2024-06-18 04:54:35,04:53:43.00,-0.07077144210845054,-0.023207296032491723,0.9997998281961903,-0.16280160585613174,0.06141368411838423,-0.2765147552318014,-1.42476,4.07592,-90.30952751956842
2024-06-18 04:54:36,04:53:43.50,-0.07198801922598518,-0.022754114424352857,0.9972603287258326,0.6930064921899307,0.021001431503483377,0.5910924407810502,-1.2084000000000001,4.11616,-90.18896194572304
2024-06-18 04:54:36,04:53:44.00,-0.07223960316293282,-0.017356167089119388,0.9957661622368815,0.2410766702783533,-0.15540885983201155,1.0657917055875414,-0.96648,4.10128,-89.66171489645474
2024-06-18 04:54:37,04:53:44.50,-0.07061172339671824,-0.015056357850763716,0.9962395906181902,-0.4543738943277891,-0.1341291398024354,0.976644829973074,-0.98628,4.03604,-89.0795332930288
2024-06-18 04:54:37,04:53:45.00,-0.06996899087923153,-0.019137082443488124,0.9974864013417922,-0.7623328782349443,0.08967728455015746,0.8820809918663016,-1.27364,4.0382,-88.56488296704354
2024-06-18 04:54:38,04:53:45.50,-0.07000979826657529,-0.024349602939991347,0.99699365519018,-0.21763945474861274,-0.024796883754109267,0.908203630896084,-1.4467599999999998,4.04308,-88.0501386393276
2024-06-18 04:54:38,04:53:46.00,-0.07116353440672783,-0.025302419594430043,0.9970000008570312,0.2042011878608257,0.14314399909378375,0.7249612641296368,-1.39296,4.11136,-87.58507877689452
2024-06-18 04:54:39,04:53:46.50,-0.07199655975289079,-0.022574029462569062,0.9972034940962667,0.09280842053085,-0.09272893254598133,0.6132291291131606,-1.31288,4.12504,-87.18760614028744
2024-06-18 04:54:39,04:53:47.00,-0.08717761137407781,-0.01920842428139239,1.0080740430217041,3.0388586070287125,9.760859263301075,-0.515368727207913,-0.66464,6.6688,-87.04359340905597
2024-06-18 04:54:40,04:53:47.50,-0.1417729899570379,-0.0009530618506797721,1.0140216717380972,-2.8826897502152558,-8.057398222082409,1.7597320032995034,-0.51516,6.347799999999999,-86.86938746528631
2024-06-18 04:54:40,04:53:48.00,-0.08118079235785089,-0.022250728559599343,1.000718651759224,-1.1516810421474948,-7.728906695141901,3.5486887473961093,-1.6114,3.17344,-85.412722916642
2024-06-18 04:54:41,04:53:48.50,-0.005673519873601432,-0.015930290101778658,0.9401414741459316,2.632528170832034,-0.7098292661104455,3.8012173186864344,-0.30224,0.41176,-83.33528985490435
2024-06-18 04:54:41,04:53:49.00,-0.03416858672354743,-0.013343061540284064,1.0053710527192408,-5.038516686906457,9.311906737141072,3.067349333918612,-1.74888,4.05968,-81.65525120163315
2024-06-18 04:54:42,04:53:49.50,-0.09754389668879845,-0.052568624238375834,0.9959437613429629,-1.7446672865998636,1.0260419786983348,1.769256878764657,-3.0654399999999997,5.5696,-80.29200470691814
2024-06-18 04:54:42,04:53:50.00,-0.09987147041435142,-0.0655683503972361,0.9961551926797777,-0.8654708531249473,-2.632761576566275,0.04606270029185261,-3.67268,5.17288,-79.84545674594959
2024-06-18 04:54:43,04:53:50.50,-0.07678231237824142,-0.06894387166952627,0.9979091242469192,2.276222837154344,-1.6823830030384637,-0.7283956775926516,-3.49688,4.0006,-80.00530177504568
2024-06-18 04:54:43,04:53:51.00,-0.06582575305241671,-0.044115196061322276,1.002602913606035,3.5447971918657064,0.1975171582883347,0.136287213788296,-1.8772399999999998,3.95388,-80.15868513588163
2024-06-18 04:54:44,04:53:51.50,-0.06939352380055644,-0.014772800446972916,1.0028711207416723,0.9743192530155659,0.08029818673813212,0.7080559796887076,-0.86068,4.0197199999999995,-79.79269683408967
2024-06-18 04:54:44,04:53:52.00,-0.06869759669508306,-0.009735756016373753,1.0032423334087115,-0.8084981037823485,-0.28961801687550465,-0.2754187774511475,-0.9452799999999999,3.82536,-79.62513113446128
2024-06-18 04:54:45,04:53:52.50,-0.06614067184562117,-0.017726514006114816,1.0021604431409654,-1.2142207971201433,-0.07566893132623154,-0.017992361027881324,-1.324,3.83408,-79.68346832621467
2024-06-18 04:54:45,04:53:53.00,-0.06582532049058366,-0.026394532141194298,0.9874019011970485,-0.17581544466628196,-1.0410351392474408,-0.536877692006795,-1.57236,3.59772,-79.67546070133359
2024-06-18 04:54:46,04:53:53.50,-0.06941941446007872,-0.02054063374674118,1.0002110577563679,2.1520799220398046,2.844118470332108,-1.1162427096724585,-0.8079999999999999,4.5226,-80.17288255387844
2024-06-18 04:54:46,04:53:54.00,-0.0968298365464544,-0.002339167355178384,1.0044676678702302,2.4908758363903662,3.9988518558963904,-1.5562463705667529,0.24375999999999998,6.189679999999999,-80.76965897905986
2024-06-18 04:54:47,04:53:54.50,-0.10820031115199552,0.004524869124372409,0.9850664889768389,-2.710140597334134,-3.851650310321073,-0.5276734319401967,-0.43335999999999997,5.332999999999999,-81.19663017789631
2024-06-18 04:54:47,04:53:55.00,-0.0738289779886237,-0.01821091043830439,0.9840018328265357,-3.124468891913449,-3.6113191368899855,0.35012436437601857,-1.6456,3.60584,-81.09893816168625
2024-06-18 04:54:48,04:53:55.50,-0.05297235045076913,-0.04372578245577391,0.9966778369560098,-1.7264738665139165,0.4200447758062974,0.23694079201887047,-2.7247199999999996,3.32632,-80.94556910681901
2024-06-18 04:54:48,04:53:56.00,-0.053513694946205274,-0.056563795910652456,0.9986577129734477,-0.21320766088513302,-1.147981978912802,0.3925584104655028,-3.12056,3.05696,-80.71529686643606
2024-06-18 04:54:49,04:53:56.50,-0.045504952526631774,-0.059343874391670326,1.0007324851287902,1.1568779731351941,5.5656181490511365,0.24379709451634693,-3.14072,3.58284,-80.49734472211436
2024-06-18 04:54:49,04:53:57.00,-0.10174982578854407,-0.03852183923688984,0.9939228235073552,4.861045766804556,1.5139542751888384,0.7893405736997008,-1.12888,6.07252,-80.2042640722801
2024-06-18 04:54:50,04:53:57.50,-0.11270194890010565,0.00011456121526082004,1.0017804179936105,1.1404302144700782,-1.3382580654659737,0.35877545386080345,0.022600000000000002,5.97344,-79.85090718352271
2024-06-18 04:54:50,04:53:58.00,-0.08821057080985456,-0.0015068303489173321,0.9857348567038503,-4.627007032637998,-4.889857293924075,0.9613960629931829,-1.09396,4.06928,-79.44464600174564
2024-06-18 04:54:51,04:53:58.50,-0.04691717645842485,-0.03763038208449843,1.0001628902381179,-2.680836934039675,-2.879391418438501,0.7796202175845274,-2.69224,2.39096,-78.90463634438724
2024-06-18 04:54:51,04:53:59.00,-0.054368781415784946,-0.05724986656637537,1.023030791399997,-0.5488560724569134,9.216198067894805,0.3475023966927438,-3.18908,5.09988,-78.62318553647654
2024-06-18 04:54:52,04:53:59.50,-0.09888847335905261,-0.05981177585962032,1.0134804484189974,1.8751147043318537,-4.96447971012015,0.21224008243467737,-2.886,4.4852,-78.39640255535699
2024-06-18 04:54:52,04:54:00.00,-0.062168008338300614,-0.0417435743156837,1.010882863675723,1.4208180848115108,-2.580752950579747,0.9625966511147844,-2.0563599999999997,2.9550799999999997,-78.05369884003483
2024-06-18 04:54:53,04:54:00.50,-0.04265855930188869,-0.031235132406974984,1.0082294579737752,0.4429079676151808,-0.11456925777652556,1.5400120311699905,-1.7932,2.57688,-77.36222818975976
2024-06-18 04:54:53,04:54:01.00,-0.04408842608663556,-0.025489532525708875,0.9994747938419697,0.6937212214914505,-1.2508991569061805,2.196609947624425,-1.39664,2.47044,-76.38775106011003
2024-06-18 04:54:54,04:54:01.50,-0.01490481461220479,-0.009130557167434992,0.9420096506474777,2.038169665633291,-5.0239171554215485,2.2025007933066725,-0.3028,0.026520000000000005,-75.05590265066485
2024-06-18 04:54:54,04:54:02.00,-0.0038700040098838483,-0.007710599717778082,0.9993273628967149,-3.3353485055118126,7.708423588695012,0.5204292383205548,-1.18544,1.75472,-74.41586970365383
2024-06-18 04:54:55,04:54:02.50,-0.06614807170080192,-0.03540710904226732,0.9950321491879731,-2.4586890489152626,7.697613107639122,-0.21072193568253222,-2.37828,5.116960000000001,-74.34987802461112
2024-06-18 04:54:55,04:54:03.00,-0.12564752749841765,-0.058523438462722455,0.996633245236946,-2.147519895028602,0.49988039529548106,-0.34825623396023625,-3.6134399999999998,6.899,-74.35730515592145
2024-06-18 04:54:56,04:54:03.50,-0.125905319661116,-0.07635826915468329,0.9904514730503865,-0.835285104096255,-2.1430419030898116,-0.7393517198120364,-4.36604,6.42408,-74.62309420770082
2024-06-18 04:54:56,04:54:04.00,-0.10292753376970135,-0.07796341687279168,0.9942451139985746,3.752627294564801,-2.4332828420881643,-1.395344761510523,-3.74604,5.356559999999999,-75.03462664362623
2024-06-18 04:54:57,04:54:04.50,-0.0822377064128813,-0.041723281120262155,0.99976904673761,4.29581307557064,-1.9801379334722853,-1.1424215902684713,-1.6547200000000002,4.35444,-75.73683130720423
2024-06-18 04:54:57,04:54:05.00,-0.06787544927742052,-0.007255049257941916,1.002792161362394,0.5753637522461895,-0.3512773159156628,-0.04030322916039936,-0.69328,3.8738799999999998,-75.9128332961263
2024-06-18 04:54:58,04:54:05.50,-0.06657821442097343,-0.00767676585427216,1.0017720419212919,-2.0186360398091376,0.7023164823306983,0.028435008258135715,-1.04064,4.04872,-75.81570019438296
2024-06-18 04:54:58,04:54:06.00,-0.07141345290644749,-0.02430182942374419,1.0010602368522046,-1.1430323932962465,0.4303416600400995,-0.3843610116051889,-1.726,4.18784,-75.84757535881484
2024-06-18 04:54:59,04:54:06.50,-0.07419879928403118,-0.032524995129245476,0.9972471453336169,0.11510508721196917,-0.37182972485388777,0.17387387094163273,-1.80532,4.2366,-75.90654814964034
2024-06-18 04:54:59,04:54:07.00,-0.07201413454762885,-0.031601795715307655,0.9967024617605721,0.4614220680444926,-0.291277947716865,0.6395336469640798,-1.71064,4.08144,-75.57937573239782
2024-06-18 04:55:00,04:54:07.50,-0.06763055497616158,-0.026198308934473582,0.9972252027505626,0.5407203431645962,-0.39002046679843794,0.8800793276632336,-1.50364,3.8554000000000004,-75.17059100337922
2024-06-18 04:55:01,04:54:08.00,-0.06614646889837465,-0.023206141524250018,0.9988042949436724,-0.7697650262389222,0.22892148138526708,0.25360693998408285,-1.41412,3.86568,-74.62025799724348
2024-06-18 04:55:01,04:54:08.50,-0.07238220178991371,-0.03895484830830302,0.994193465549821,-1.6804923999790484,1.6124098052468614,-29.340718111425193,-2.737,4.13504,-80.55718176582782
2024-06-18 04:55:02,04:54:09.00,-0.06828973421461088,-0.060105774496649556,0.9997469589175134,2.3768805218316893,0.017764447402274345,-31.00336887721197,-3.5654399999999997,3.4086399999999997,-98.33358532586064
2024-06-18 04:55:02,04:54:09.50,-0.05956357260283045,-0.05294832367025123,0.9948700916432093,3.5698825235643414,-0.23858372499489383,-7.257998898724177,-2.44104,3.3416,-107.35661969022652
2024-06-18 04:55:03,04:54:10.00,-0.052357320669842264,-0.02820927486696562,0.9990475326463121,-0.5464301752975875,-0.45696178581160096,1.4316911516843729,-1.7846000000000002,2.6824,-108.07615310157827
2024-06-18 04:55:03,04:54:10.50,-0.053060068392707285,-0.03338060172754162,0.99871550047855,-0.9567902327813137,1.4729347167597897,4.646324473852507,-2.30696,3.43168,-106.43418492540113
2024-06-18 04:55:04,04:54:11.00,-0.06604051085718965,-0.03674881028637419,0.9997605853626258,0.13166411131757388,-0.6484348324983854,6.789936047017886,-2.1138,3.64596,-103.40919853269233
2024-06-18 04:55:04,04:54:11.50,-0.060615380042753714,-0.028238034743885965,0.9979617709519598,0.6602086836691023,-1.055834764132339,6.012516641471585,-1.58296,3.31576,-100.0209724763517
2024-06-18 04:55:05,04:54:12.00,-0.052268113688939716,-0.022291573231470463,0.9987134186930963,-0.35380074618197616,-0.394991812857054,4.4341890421493755,-1.4798,2.94868,-97.36200190423664
2024-06-18 04:55:05,04:54:12.50,-0.04932432394515162,-0.02591015277215468,0.9985275187249529,-0.8923634152214147,-0.33405049876122095,1.8815231532127612,-1.61584,2.9161599999999996,-95.74487244640763
2024-06-18 04:55:06,04:54:13.00,-0.045754021106383574,-0.029911095011048553,0.9908752021087496,1.6755423372219622,0.2749573021091462,-0.5507128094032143,-1.45836,2.70472,-95.39898421867586
2024-06-18 04:55:06,04:54:13.50,-0.05848276275671412,-0.01674863786613697,0.987068622563042,-0.8781247541908717,4.443978821133909,-1.878297651264126,-1.25176,4.20324,-95.9930644823232
2024-06-18 04:55:07,04:54:14.00,-0.08945578776661897,-0.02648417080408775,0.9990111806118943,-1.2016624644962048,0.21067209182508467,-1.4721526333800343,-1.81244,5.00504,-96.8306480255571
2024-06-18 04:55:07,04:54:14.50,-0.08794227932468797,-0.038709533652924503,0.9984222726412653,-0.23206367492900987,-1.9173761452001088,-1.2665521026118622,-2.20428,4.57024,-97.43016752789606
2024-06-18 04:55:08,04:54:15.00,-0.06955410570849131,-0.04041248802703767,1.0012607087046943,0.3149651797814508,-1.34668406881725,-1.1900064568401363,-2.19272,3.74484,-97.98584789613602
2024-06-18 04:55:08,04:54:15.50,-0.06036730464069255,-0.03846747138061387,1.0044033526493132,-0.015125846110427912,-0.1454857625044987,-1.4544092677380898,-2.20328,3.4523200000000003,-98.59912455456838
2024-06-18 04:55:09,04:54:16.00,-0.05844964941460006,-0.03877018114383131,1.0034536715110667,0.09120628571061858,0.6285025013776554,-0.8309837967798372,-2.19712,3.51168,-99.07102848303683
2024-06-18 04:55:09,04:54:16.50,-0.06486295220251058,-0.038256844054597304,1.0022062496191126,0.007977747284306202,0.5473617286885439,-1.098453139476081,-2.19008,3.83532,-99.52091355648867
2024-06-18 04:55:10,04:54:17.00,-0.06823234064876163,-0.04007021179950544,1.0018078994543245,-0.5585066805266565,-0.21700337735730532,-0.48024066952785505,-2.39512,3.82608,-99.86570779403661
2024-06-18 04:55:10,04:54:17.50,-0.06610567470879483,-0.04507332811761584,0.9999428836969894,-0.23819861470499762,-0.4443017568482554,-0.49459786022149416,-2.6071999999999997,3.68824,-100.00645153812779
2024-06-18 04:55:11,04:54:18.00,-0.06283214471179584,-0.045633849032241824,0.9974296519480415,0.9788064177285536,0.2045946826622345,-0.318315344892039,-2.45416,3.6109199999999997,-100.18176717792966
2024-06-18 04:55:11,04:54:18.50,-0.06471519095565817,-0.03642906409128963,0.9960030412797919,1.0783705418370215,-0.03202877885200369,0.12475812650306314,-1.89444,3.7004,-100.16618165155356
2024-06-18 04:55:12,04:54:19.00,-0.06301238833335603,-0.026517614217495312,0.997270851798409,0.3727528357420928,-0.4711670073124119,0.43694898980993135,-1.5756799999999997,3.53012,-99.95767776756598
2024-06-18 04:55:12,04:54:19.50,-0.06171326987956496,-0.024753807332054446,0.9982608890693312,-0.54454230681395,0.04716817351094486,0.222036060534416,-1.62904,3.5405599999999997,-99.70794832964417
2024-06-18 04:55:13,04:54:20.00,-0.06028927416747805,-0.029705256546989172,0.9975118662088042,-0.5983557218136152,-0.04272114262736041,-0.15342571715610215,-1.85508,3.46024,-99.64042669193591
2024-06-18 04:55:13,04:54:20.50,-0.061524024809389476,-0.034481079613556946,0.9973846076873464,-0.05080448846136214,0.2834633352563911,0.15851018206068468,-2.01488,3.58688,-99.59233808078798
2024-06-18 04:55:14,04:54:21.00,-0.062484191184862876,-0.03401455447181146,0.9958616782313564,0.2587609257365768,0.11668874318907572,0.22662257419515033,-1.8946399999999999,3.61732,-99.42774470061003
2024-06-18 04:55:14,04:54:21.50,-0.06497870590331849,-0.031050485646315046,0.9981200204575323,0.2726822906393425,0.2887626259725018,0.33546083134476057,-1.76392,3.78936,-99.21089742838329
2024-06-18 04:55:15,04:54:22.00,-0.066945089236448,-0.0285608788211534,0.9975467874302246,-0.2750106225994844,0.324113295387526,0.22744042034531753,-1.75312,3.8714,-99.02746219859141
2024-06-18 04:55:15,04:54:22.50,-0.07148451049218225,-0.0318880926482532,0.9985942611585474,-0.5367333776283723,0.22927729452673565,0.5964871351259576,-1.93568,4.1114,-98.73324786076873
2024-06-18 04:55:16,04:54:23.00,-0.07278604468380742,-0.03589891968610552,0.998887438809393,-0.19218875005447278,-0.13905243694804204,-0.12050380543267107,-2.1399600000000003,4.10812,-98.5347319818202
2024-06-18 04:55:16,04:54:23.50,-0.07175366398100116,-0.03647020435160783,0.9978529231035224,0.21625163903200448,0.06194452319934165,-0.658019186741523,-2.02588,4.0946,-98.70029063671277
2024-06-18 04:55:17,04:54:24.00,-0.07083645575458904,-0.03480663520815112,0.9976946029197487,0.4207042308649375,-0.42204828166503944,-0.4794735855517019,-1.9344,3.9550400000000003,-98.95073022719772
2024-06-18 04:55:17,04:54:24.50,-0.06999180159297548,-0.03134068238791023,0.9980391488821287,0.2226118446002755,0.2773449019737064,-0.19433503251608608,-1.80996,4.0728800000000005,-99.04338484747488
2024-06-18 04:55:18,04:54:25.00,-0.07050534521597292,-0.03003995130879766,0.9981936944682448,-0.10885305393587254,0.21848836522896867,0.26471052509591564,-1.7812799999999998,4.0474,-98.9867250110335
2024-06-18 04:55:18,04:54:25.50,-0.07297580888510828,-0.02975329488786,0.9984867059679775,-0.14207622565616662,0.031779970264237366,0.2443057226109717,-1.7708000000000002,4.21244,-98.73033619848347
2024-06-18 04:55:19,04:54:26.00,-0.07373015329907522,-0.030006699661447183,0.9987196850294189,0.2691602337792593,0.04610445772218194,-0.27187199833991427,-1.7331999999999999,4.19436,-98.71115897167427
2024-06-18 04:55:19,04:54:26.50,-0.07450953967858384,-0.03024669788034254,0.9978364205282234,-0.22679115874971728,0.13713736736158638,-0.5955656733533089,-1.8062399999999998,4.24964,-98.86191995899993
2024-06-18 04:55:20,04:54:27.00,-0.07509722621201784,-0.031131526721757355,0.9974781862892457,0.07803313148596944,-0.11778497031986483,-0.4956416345747588,-1.7482,4.29488,-99.11120318613538
2024-06-18 04:55:20,04:54:27.50,-0.07567093432086835,-0.03041609286806834,0.9967193181015941,0.40921062078125575,0.2812594761006711,0.04508143184194722,-1.71492,4.32956,-99.16305911978186
2024-06-18 04:55:21,04:54:28.00,-0.07626190249215935,-0.027376132555873706,0.9973522972301775,-0.07501184977187184,-0.28922244330239755,0.16435779032615472,-1.6144399999999999,4.32024,-99.03717964854057
2024-06-18 04:55:21,04:54:28.50,-0.07386985495292299,-0.02517192381028285,0.9982723032839788,0.20056831603494035,-0.11086826836125445,0.6047467875771524,-1.47788,4.21256,-98.7697003155351
2024-06-18 04:55:22,04:54:29.00,-0.07330097505923343,-0.02623047364520524,0.997691475838351,-0.5040784192838587,-0.07512007380740349,0.5353622917372745,-1.63352,4.19384,-98.39427383853089
2024-06-18 04:55:22,04:54:29.50,-0.07355343164058355,-0.028619652819757757,0.9976917910561498,-0.07986227245981432,0.28605684004039406,0.14919305945066202,-1.6956,4.29484,-98.18360825510784
2024-06-18 04:55:23,04:54:30.00,-0.07477387749446135,-0.030417457054078265,0.9996178241811959,-0.19783847223200393,-0.18944755928608237,-0.08200600428644426,-1.8089199999999999,4.218039999999999,-98.09883150246502
2024-06-18 04:55:23,04:54:30.50,-0.0746783442837714,-0.030311848283311425,0.9987363030450314,0.05095700947498474,-0.09173449573677386,-0.33688860071172577,-1.74732,4.25444,-98.15660239598557
2024-06-18 04:55:24,04:54:31.00,-0.07204415781553364,-0.030766035462986157,0.9973242965408476,0.23529213840413798,-0.40505972446969596,-0.1028040978164479,-1.73696,4.07104,-98.22483431898635
2024-06-18 04:55:24,04:54:31.50,-0.06977641059924167,-0.030402114318674286,0.9974316148592942,-0.34467358234429996,-0.059422234055583355,0.33220571553003425,-1.80304,3.99156,-98.09290921000793
2024-06-18 04:55:25,04:54:32.00,-0.06796043245600472,-0.03034994953951012,0.998336178773507,0.21747076541878252,-0.28221950936694995,0.44646806190658295,-1.7378399999999998,3.88312,-97.79296016558918
2024-06-18 04:55:25,04:54:32.50,-0.06657599447688345,-0.02942814941879879,0.9971740051370408,0.11582842194380874,0.17226059741871702,-0.17910653185521805,-1.7105199999999998,3.8744,-97.67154221083848
2024-06-18 04:55:26,04:54:33.00,-0.06839180452840898,-0.025880559971306737,0.9980679458708189,0.5139695079963834,0.29065822391495216,-1.0239444094834376,-1.4574,3.9822,-97.93800614916219
2024-06-18 04:55:26,04:54:33.50,-0.07194948114743668,-0.02334249570728188,0.9989077102982321,-0.09540223467683666,0.5928049838382801,-1.2293214384872457,-1.4490399999999999,4.21732,-98.4953072085647
2024-06-18 04:55:27,04:54:34.00,-0.07750500885183331,-0.021220359265353417,0.9974023535178046,0.10066722657399285,0.22349852664350597,1.7545308828973887,-1.36596,4.40716,-98.32348731468677
2024-06-18 04:55:27,04:54:34.50,-0.08248919821934139,-0.017632278198674273,0.9975936901055001,0.4390759334920068,0.46542570360304064,1.6242512405815643,-1.09888,4.69172,-97.2493905358468
2024-06-18 04:55:28,04:54:35.00,-0.08498209267356628,-0.015793601114052834,0.9991340557277658,-0.1477397404857168,-0.17443740936419488,-0.41268477990338254,-0.92184,4.8316,-96.92028551790962
2024-06-18 04:55:28,04:54:35.50,-0.07767163851891329,-0.02295376199433757,0.9987600915226631,-0.4032547863571612,-1.58076551385455,-1.2807381767557504,-1.20444,4.23376,-97.36835938746015
2024-06-18 04:55:29,04:54:36.00,-0.06477824112269878,-0.02783776324580368,0.9975534081645739,-0.7721780150498246,-1.0124733522303462,-0.9952363238372525,-1.71592,3.63072,-97.88397220227205
2024-06-18 04:55:29,04:54:36.50,-0.05870094824584063,-0.03217129013471694,0.9986390448060285,-0.1587209049279199,0.11241538589998738,-0.06874993126401571,-1.7882,3.43088,-98.10351179694837
2024-06-18 04:55:30,04:54:37.00,-0.058839998803862675,-0.033100831182591745,0.9979995933249078,-0.15532646072726788,0.13256153895546652,0.17405239342952894,-1.95788,3.46268,-97.95838790735338
2024-06-18 04:55:30,04:54:37.50,-0.0618542370114789,-0.03488633476740336,0.9971101753359626,0.007156195985010716,0.6169759123929122,0.06422504291819031,-1.9718,3.68652,-97.84385473362028
2024-06-18 04:55:31,04:54:38.00,-0.06625447453517089,-0.031232933075184762,0.9984998209930338,0.4579777947075812,0.34866474883010573,-0.1928146760397734,-1.7874,3.85848,-97.78338997774681
2024-06-18 04:55:31,04:54:38.50,-0.07247423998525043,-0.03138086534628445,0.9985117025240815,-0.6973850583420079,1.3419229173216178,-0.5209778239804715,-1.9294,4.32952,-97.95281515162274
2024-06-18 04:55:32,04:54:39.00,-0.08167243242269334,-0.03593122012539111,0.9982801914881283,-0.31773858838045005,-0.16289288366398696,-0.3940287563366146,-2.17232,4.56,-98.1062102055538
2024-06-18 04:55:32,04:54:39.50,-0.08077039958181059,-0.03986603372401031,0.9968201674820856,0.09984115370103722,-0.285598131872799,-0.023707657632924664,-2.2371600000000003,4.4775599999999995,-98.16174567772313
2024-06-18 04:55:33,04:54:40.00,-0.07680272947807065,-0.037679445860958574,0.9978579240934005,0.391892633260205,-0.5036112806612875,-0.04016297767138318,-2.0884,4.29436,-98.1049010828655
2024-06-18 04:55:33,04:54:40.50,-0.07271047295762478,-0.032308351289519074,0.9976305838643937,0.6225101074283031,-0.2472146003852886,-0.2947949065454589,-1.78772,4.1116399999999995,-98.10808039319876
2024-06-18 04:55:34,04:54:41.00,-0.07050859456970661,-0.02861454358274879,0.9978494151471011,0.04397429675442936,-0.406389431900416,-0.49759099621855135,-1.72888,3.971,-98.28613408151567
2024-06-18 04:55:34,04:54:41.50,-0.06745571463333719,-0.024283813988672236,0.9978781488875683,0.37224428576781327,0.2910959735840271,3.897522349623298,-1.489,3.9408800000000004,-97.79731333476761
2024-06-18 04:55:35,04:54:42.00,-0.07463803583688323,-0.007077385980223484,0.9974833339440355,1.5578359040514314,1.1561598907826258,0.9407432551916577,-0.6241599999999999,4.4520800000000005,-95.65736536099544
2024-06-18 04:55:35,04:54:42.50,-0.08279945587276204,-0.001460308862044196,0.9998982020874173,-0.016605791929258283,0.415956645655309,-1.5499737921237366,-0.23812,4.82428,-96.27218098230207
2024-06-18 04:55:36,04:54:43.00,-0.0837521941037903,-0.003185862251405852,0.9980502980754595,-0.28390325750377093,-0.9885779569990975,-0.0705037180448214,-0.32528,4.62808,-96.55465125413244
2024-06-18 04:55:36,04:54:43.50,-0.07606932529846779,-0.008619160023890005,0.9977681506127669,-0.7749198207414988,-0.823064118334257,0.10888035193698614,-0.5908,4.16492,-96.41816407382521
2024-06-18 04:55:37,04:54:44.00,-0.06813703527855776,-0.017212942625872415,0.997402001934404,-1.3904336608773924,-0.3638307367056275,-0.5235135984109672,-1.1890399999999999,3.9048399999999996,-96.4774322085149
2024-06-18 04:55:38,04:54:44.50,-0.06773411566128382,-0.031067783553808542,0.996939992138296,-1.5685667322080221,0.7903817308727037,-0.2561391443299675,-1.9338400000000002,4.084,-96.63620781927555
2024-06-18 04:55:38,04:54:45.00,-0.07253479374836985,-0.0472987058471383,0.9967298939884958,-2.0422822744790965,0.5687546948245267,-0.257545311903155,-2.90928,4.29624,-96.68547070848501
2024-06-18 04:55:39,04:54:45.50,-0.08073487976287282,-0.06337187903372224,0.9969962900484632,-0.40642812700539177,1.0313848599141795,-0.6717846293826029,-3.51716,4.75716,-96.87865259631904
2024-06-18 04:55:39,04:54:46.00,-0.08639122607763311,-0.06552225164157781,0.9952013722574263,1.5088971632490746,-0.19614821575513058,-0.43138524803833633,-3.3314800000000004,4.8508,-97.0797457932901
2024-06-18 04:55:40,04:54:46.50,-0.08526226684957665,-0.050536601433934104,0.9966425273605257,2.2911390876734483,-0.00886325559606469,-0.5317636799579779,-2.45148,4.82568,-97.27191886897351
2024-06-18 04:55:40,04:54:47.00,-0.08438784170445567,-0.030418018153086444,0.9976139933742577,1.6500297600807527,-0.3107882811520772,-0.4189733445513265,-1.5558,4.729839999999999,-97.46031895611677
2024-06-18 04:55:41,04:54:47.50,-0.07940498205517703,-0.01708838016955814,0.9992456060890906,1.0751316452188946,-0.7786514486154195,-0.33106243534858265,-1.01512,4.36684,-97.55284399573594
2024-06-18 04:55:41,04:54:48.00,-0.07343989121300461,-0.007599570473750416,0.9996899271953756,0.3860813546539264,-0.5310574310115121,-0.4385755943496549,-0.60856,4.10868,-97.68810128337836
2024-06-18 04:55:42,04:54:48.50,-0.06935628459007066,-0.006436819627901936,0.9995831796558764,-0.9328444840670335,-0.21896280091788037,-0.5048008542507662,-0.71044,4.044560000000001,-97.89213622384564
2024-06-18 04:55:42,04:54:49.00,-0.06601275853896973,-0.018319656140096473,0.9969511143904548,-2.12859915623525,-0.3151275663281091,-0.1626345145359083,-1.54148,3.8427999999999995,-97.96723735843266
2024-06-18 04:55:43,04:54:49.50,-0.06314159965072455,-0.04396897903336259,0.9958712282641394,-1.548625849639285,0.004558286436654659,-0.251711500399338,-2.7725999999999997,3.7685199999999996,-97.99914036688443
2024-06-18 04:55:43,04:54:50.00,-0.06524759958778484,-0.059216429560452095,0.9955890483105289,-0.21800995542268184,0.8730377132539117,-0.7686855885267506,-3.353,3.9556400000000003,-98.21014567265152
2024-06-18 04:55:44,04:54:50.50,-0.07339862256319969,-0.059736100089222005,0.9969340156281773,0.6657842147011366,0.8238904660638666,-0.6912760020825232,-3.21392,4.33112,-98.55399488750889
2024-06-18 04:55:44,04:54:51.00,-0.0799349647025331,-0.053879247091750085,0.9971337622069797,1.4890145664267684,0.2830488916338617,-0.11610767427592149,-2.77964,4.5458,-98.6781795275183
2024-06-18 04:55:45,04:54:51.50,-0.08269378868288353,-0.03814778483875856,0.9993377194330009,2.4488233603795377,-0.30973589324493433,-0.13475433116124905,-1.84404,4.57636,-98.64896407370756
2024-06-18 04:55:46,04:54:52.00,-0.07995836705078269,-0.017351420119317486,1.0001618808126458,2.067964817099789,-0.5743258351728898,-0.37878372181567926,-0.7436400000000001,4.38564,-98.72266085442942
2024-06-18 04:55:46,04:54:52.50,-0.07471090829215576,-0.000632911975868838,0.9999560413555869,0.35414288244863285,-0.691423823994256,-0.7891017848648465,-0.18460000000000001,4.1142,-98.95433715282597
2024-06-18 04:55:47,04:54:53.00,-0.0662496851932221,-0.0015414304297881839,0.9987040431407255,-2.2885058973215435,-1.346004113838406,-0.07730973405275778,-0.65996,3.5973200000000003,-99.1467945462636
2024-06-18 04:55:47,04:54:53.50,-0.053591898324637385,-0.022890368254446233,0.996936416018771,-2.8124436196497884,-1.3687940065063509,0.00988718545189919,-1.8881199999999998,2.94068,-99.0381974379853
2024-06-18 04:55:48,04:54:54.00,-0.04214682432130317,-0.04534524007425178,0.9964101996782947,-1.2444550524210631,-0.5621392717151988,-0.2433836705219947,-2.71124,2.4166,-99.05316405704966
2024-06-18 04:55:48,04:54:54.50,-0.04119391351851776,-0.056456327052559284,0.9966342120257498,-0.4453850523465026,1.4684820414308635,-0.4629283839748236,-3.1412400000000003,2.76328,-99.19322318640312
2024-06-18 04:55:49,04:54:55.00,-0.051819204580687526,-0.07196301384572142,0.9967960896435257,-0.07437411308997345,0.553030476928583,-0.29365960573569494,-3.6573200000000003,3.0968400000000003,-99.34015879767158
2024-06-18 04:55:49,04:54:55.50,-0.05851893790884507,-0.06054916986266695,0.9962219827593068,2.041819538954917,0.8512139931028908,0.017009851951677434,-3.0326400000000002,3.46468,-99.30244830116202
2024-06-18 04:55:50,04:54:56.00,-0.0679803614258016,-0.04548492371719271,0.9988873187508323,0.652185967757112,1.6505009949238016,-1.1866998572668692,-2.57444,4.08364,-99.50451045287278
2024-06-18 04:55:50,04:54:56.50,-0.08124511918085736,-0.03912536693826826,0.9984410927226577,0.017898463444072702,0.7131047117143345,-0.6046887759582322,-2.41088,4.673,-100.02429071950623
2024-06-18 04:55:51,04:54:57.00,-0.08556225426514405,-0.05505380379661171,0.9978870932981071,-2.732013162689821,-0.38629794024666625,-0.22207803776174007,-3.08972,4.68664,-100.08812063131751
2024-06-18 04:55:51,04:54:57.50,-0.07962791724250959,-0.09090208707905907,0.9953504672365213,-4.091048859264213,-1.2334049764471087,-0.7269061777612262,-5.38832,4.32188,-100.2776221496353
2024-06-18 04:55:52,04:54:58.00,-0.06667153932181388,-0.11203906430310871,0.9923882204555206,0.2505801768244995,-1.9443272938218892,-0.5067427952030997,-6.1481200000000005,3.56952,-100.55296036252975
2024-06-18 04:55:52,04:54:58.50,-0.04379843952665222,-0.10143513092378063,0.9948423002843546,4.153298829933867,-4.319452926885647,-0.10491276759453701,-5.22836,1.8869200000000002,-100.62816607774285
2024-06-18 04:55:53,04:54:59.00,-0.009121279057911049,-0.049632610186463734,0.995152212118817,7.934739568126723,-2.0070011120904887,-0.46281389382630045,-1.8366,0.38368,-100.63578222339729
2024-06-18 04:55:53,04:54:59.50,-0.001309059643567824,0.01584778601122784,0.9982279538202492,3.6147325354942854,3.0391915873081445,-1.2589643424353003,0.8162,0.7486799999999999,-101.05812040380606
2024-06-18 04:55:54,04:55:00.00,-0.03612521362749664,0.046274873061730525,0.9990702460385696,-0.4462983104306619,5.760687706542914,-0.6045003741519765,1.8808799999999999,3.0432,-101.487004639784
2024-06-18 04:55:54,04:55:00.50,-0.08345480101552322,0.033061651696835115,0.9991707870521956,-4.722711229540419,2.810234609430272,-0.8898188898497422,0.63276,5.0283999999999995,-101.71859180614601
2024-06-18 04:55:55,04:55:01.00,-0.1000604446589704,-0.008605794839417815,0.998295207999364,-3.15200906386342,-2.177366941533664,-0.7333004449569652,-1.1636,5.05712,-102.16488275901013
2024-06-18 04:55:55,04:55:01.50,-0.07773408921238953,-0.03123092075421154,0.9964283688352809,1.1703027865239515,-2.9194572422560934,-0.6499295190743749,-1.4194399999999998,3.84524,-102.38558682122755
2024-06-18 04:55:56,04:55:02.00,-0.054153413614377144,-0.01676969982457464,0.9969492020457011,3.3485750461066726,-1.714386407409293,-0.30911678792002645,-0.32095999999999997,2.90356,-102.62516377683886
2024-06-18 04:55:56,04:55:02.50,-0.040865257909666886,0.01618753772386048,0.9986602391469,2.635283036328468,-0.06823003015589785,-0.405018881429098,1.17548,2.4164,-102.70029744389268
2024-06-18 04:55:57,04:55:03.00,-0.048249204053805596,0.032732904023510756,0.9996682847932545,-1.451049454992429,3.4829355447795054,-0.5867864161982012,1.36996,3.4076400000000002,-102.86449530144658
2024-06-18 04:55:57,04:55:03.50,-0.07781603852582253,0.016912291342165556,0.9986680592683715,-3.0456045000764327,1.51172647288834,-0.9330617690676783,0.25348,4.6226400000000005,-103.22211948271278
2024-06-18 04:55:58,04:55:04.00,-0.08481606484619889,-0.011898312036889869,0.9971302962667643,-2.0862071257163883,-1.45507027610928,-0.6857060809773755,-1.0813599999999999,4.5018400000000005,-103.56657074347187
2024-06-18 04:55:58,04:55:04.50,-0.07188570609826857,-0.025158935648626275,0.9961142079729737,1.2391217991497943,-0.2145703964222023,0.6246772744429836,-1.13196,4.0832,-103.49297580275848
2024-06-18 04:55:59,04:55:05.00,-0.07095728645858145,-0.012834826656973114,0.9998074487457217,0.35154513324408737,0.40314973961056894,-0.16307990087266291,-0.6601600000000001,4.1718,-103.31697902570255
2024-06-18 04:55:59,04:55:05.50,-0.07550587721146201,-0.015946802398549776,0.9996560373643661,-2.4691589741205764,0.5994703975135359,-0.21222301211349506,-1.3739599999999998,4.4284,-103.31543196863619
2024-06-18 04:56:00,04:55:06.00,-0.07935486323470928,-0.02957411836703488,0.9981284126715935,-0.9386875762760585,-0.853125641836,-2.5022118239051765,-2.20112,4.28604,-103.89783302652314
2024-06-18 04:56:00,04:55:06.50,-0.07504961959936116,-0.02517832940441139,0.9984636530455824,1.041898171992837,0.6315095268634385,-1.916059332600868,-1.6621199999999998,4.29808,-105.12648520478366
2024-06-18 04:56:01,04:55:07.00,-0.08017040196323738,-0.027664858802186783,0.9963641095041378,0.017046623896103567,0.6182286399579945,-0.7286568489336968,-1.5673599999999999,4.667680000000001,-105.62232003868537
2024-06-18 04:56:01,04:55:07.50,-0.07895752379280295,-0.025918732571063655,0.9966530830753213,-0.1610457541472006,-4.680324162727846,-6.285241549543525,-1.73328,3.6468000000000003,-106.95706029059042
2024-06-18 04:56:02,04:55:08.00,-0.03698221509119986,-0.012342807321375573,0.9982453617017231,4.688069925557227,-1.0267874715383236,5.52477964479546,-0.34607999999999994,2.119,-108.13057676705492
2024-06-18 04:56:02,04:55:08.50,-0.032805770680766295,0.02384179315033267,1.0019319507059263,1.1762400004142572,2.234855160035681,4.390027239482241,1.3056,2.49492,-104.58926957384068
2024-06-18 04:56:03,04:55:09.00,-0.04765845007177459,0.044405134843238034,0.9988924323665332,0.631292078991504,0.2598972862271354,3.4650778935844646,2.0994800000000002,2.9838799999999996,-102.84830953944835
2024-06-18 04:56:03,04:55:09.50,-0.04753302319835846,0.032853523037199385,1.0006389269138753,-0.6094485182378516,-1.4300193980467848,-0.7408123634430909,1.8508799999999999,2.36716,-101.89979982247254
2024-06-18 04:56:04,04:55:10.00,-0.040865117478404336,0.006809381198159952,1.0002453753374525,-3.395463383888351,-0.8682811596097746,-0.8169737694040079,0.8784399999999999,2.1343199999999998,-102.5817880444285
2024-06-18 04:56:04,04:55:10.50,-0.030105525713614623,-0.032103877693290886,0.9966398617495416,-1.303496638244201,-1.5334694384152785,-1.0694316244476847,-1.27428,1.4030799999999999,-102.85881079898732
2024-06-18 04:56:05,04:55:11.00,-0.01823428682915793,-0.022790011156776497,0.9970991372596859,0.15321510579845923,2.689342643677518,-1.7888991897112803,-1.12664,1.5230000000000001,-103.5152434359654
2024-06-18 04:56:05,04:55:11.50,-0.05786449046714806,-0.06200455152672075,0.9696176255974869,-18.699142374693547,7.563965604476204,-4.334848142295216,-6.30736,4.59028,-104.72449948907159
2024-06-18 04:56:06,04:55:12.00,-0.11475713098223786,-0.21067896258627225,0.9769702385305227,-5.326428364126034,8.035631485786455,-4.399433138670779,-12.69448,7.554919999999999,-107.47266272764797
2024-06-18 04:56:06,04:55:12.50,-0.18326569219622157,-0.20916968943247458,0.9669831697736772,12.395510839096064,4.900549236904799,0.3308893776266302,-10.511199999999999,10.03344,-108.32201660737226
2024-06-18 04:56:07,04:55:13.00,-0.2261751240200419,-0.09339709036463621,0.9877785126869096,16.536753150195732,4.2367867207432415,4.932426547847352,-2.13964,13.51068,-106.66772590234312
2024-06-18 04:56:07,04:55:13.50,-0.21873354524640676,0.013663232231528369,0.9866631179536156,4.851457317755785,-13.230262044186444,2.5832444497648313,1.91052,10.09728,-104.49744413476004
2024-06-18 04:56:08,04:55:14.00,-0.10848858952515725,0.05171750673442323,1.000322981533282,-4.642272612284809,-11.337894784948631,-1.6191386306812938,1.43204,4.16352,-104.39862241864681
2024-06-18 04:56:08,04:55:14.50,-0.028455664449903658,0.011841264765400827,1.0012873715963821,-4.71259997556817,-0.022642674264189387,-0.44677904751118835,-0.5808800000000001,2.33052,-105.02293463960346
2024-06-18 04:56:09,04:55:15.00,-0.022820354029398998,-0.015631037504028764,0.9783468698332457,0.053116131562852005,0.807785465365249,0.04434717966534103,-1.01312,1.9252799999999999,-104.94372575558243
2024-06-18 04:56:09,04:55:15.50,-0.06269259965465747,-0.013876901105634172,1.0183440782053794,2.4828531905140725,11.54675208593079,-0.36501040590387795,-0.35764,5.9868,-105.0312002194148
2024-06-18 04:56:10,04:55:16.00,-0.12760385735637436,-0.009964162556672537,0.9759927080839121,-7.230720336793548,-3.685837110036627,0.6171430361339155,-1.8786,6.37572,-104.77855106224938
2024-06-18 04:56:10,04:55:16.50,-0.11297622347073703,-0.055473833172911845,1.0151838631857384,3.258821272197796,3.4537261608953878,-1.5724716416329698,-2.5808400000000002,6.88572,-104.90335728930694
2024-06-18 04:56:11,04:55:17.00,-0.1405997053139824,-0.02395704224832448,0.9982474097720558,6.522764485290356,1.1029510251133265,-1.7404457756535683,-0.09368,8.0612,-105.87741021422997
2024-06-18 04:56:11,04:55:17.50,-0.1496549397187437,0.028339897388234038,0.9939247675103136,2.8983163329797788,-0.3574355957810928,0.0831872191100558,1.88812,8.12976,-106.22030764117801
2024-06-18 04:56:12,04:55:18.00,-0.1436026286848509,0.04909839079439499,0.9848761143218668,1.0503285092497479,-6.251278895650846,0.6361938882642915,2.6691599999999998,7.07304,-105.8909879581482
2024-06-18 04:56:12,04:55:18.50,-0.0651625777833669,0.05214052377759038,0.9686526081059452,-9.314956609107618,-10.785063982753373,4.242919081999197,1.35192,2.00952,-104.95036387206092
2024-06-18 04:56:13,04:55:19.00,-0.03922033877161186,-0.08905652280633208,0.9955921343367514,-17.221849410743406,8.078318535111197,14.420578153709252,-6.66716,3.29312,-99.08441598383266
2024-06-18 04:56:13,04:55:19.50,-0.04320333753599944,-0.17551561541916894,0.9856236397377225,0.19618403523126382,-7.917054500110705,6.284679628711325,-9.67384,3.08088,-94.35702662428432
2024-06-18 04:56:14,04:55:20.00,0.001604403304251564,-0.14747446633959968,0.9817278296800764,6.80247440034886,-2.5132923584432065,2.024643437460099,-7.30716,0.03352,-92.4034897801785
2024-06-18 04:56:14,04:55:20.50,0.007663322879244217,-0.0724003113029758,0.9916510913712038,6.383216669232367,2.24985190339963,-7.9570885989112705,-4.11728,0.1198,-93.2123782936759
2024-06-18 04:56:15,04:55:21.00,-0.03100415821284616,-0.013434033092614633,1.0065400431533877,7.702190413823334,7.434295153632179,-13.39138744527192,-0.42192,2.6225599999999996,-99.56896609051886
2024-06-18 04:56:15,04:55:21.50,-0.07145563760484502,0.006823361621442857,1.0074003835989187,-0.09045142241247944,-0.7148256821900988,-6.426668489336582,0.85312,4.020160000000001,-104.37615935867888
2024-06-18 04:56:16,04:55:22.00,-0.060332342639571525,-0.004731088229521096,1.0022521170273533,-6.807428227234384,-5.227187063624704,-3.1893991990665147,-1.43272,2.20552,-106.5244498625475
2024-06-18 04:56:16,04:55:22.50,-0.02640116596153987,-0.06013215809844651,1.0020265814867295,-2.876302855362646,1.5795753497520888,-1.4806864217039806,-3.82436,1.75764,-107.67147604594196
2024-06-18 04:56:17,04:55:23.00,-0.041212504983021994,-0.0714907492465167,0.9969188699497306,2.701928710980082,2.3338259635490313,1.58488900154892,-3.5364,2.85732,-107.51802436268736
2024-06-18 04:56:17,04:55:23.50,-0.05929306402913043,-0.04594052031038938,0.9976659603773526,3.509987565975294,-0.23786213597305952,1.7710840973132296,-1.9021199999999998,3.26768,-106.47535883570704
2024-06-18 04:56:18,04:55:24.00,-0.05693224109732952,-0.02435973933978273,0.9990037408422074,-0.16740118816665162,-1.1478243058007143,1.8378276958726534,-1.3468799999999999,2.891,-105.63436355569156
2024-06-18 04:56:18,04:55:24.50,-0.04756371970055536,-0.025496308817407207,0.9995978948077535,-2.6415166673534958,0.5638920511700128,1.2091843575906538,-2.11636,2.8544400000000003,-104.77292649301887
2024-06-18 04:56:19,04:55:25.00,-0.05363885557228312,-0.05092739625295719,0.9884643306151442,-2.0700963234943313,0.7821577433231977,10.387310059950687,-3.0126,3.3172800000000002,-102.36064647613485
2024-06-18 04:56:19,04:55:25.50,-0.06583008961276454,-0.05737316681523623,0.9869317927738436,-0.9126325262887397,0.2572891319645833,11.953035167097653,-3.4117599999999997,4.0349200000000005,-95.57305709687643
2024-06-18 04:56:20,04:55:26.00,-0.06899779236235438,-0.05634263017047164,0.9984440581531944,0.8481834070662713,-1.672854506500261,2.586504730038877,-3.10176,3.66608,-92.16923457018451
2024-06-18 04:56:20,04:55:26.50,-0.052066796110194054,-0.039627028124936764,0.9992107394219774,3.6092429612861876,-2.254694638039725,-4.563006016769276,-1.85752,2.6174399999999998,-92.90151634369845
2024-06-18 04:56:21,04:55:27.00,-0.0381005151209295,-0.012458357546419212,1.0034384601550337,1.2223605907970259,0.9954852519803348,-2.0818432242806733,-0.7368399999999999,2.39248,-94.64819785975511
2024-06-18 04:56:21,04:55:27.50,-0.05151671282586176,-0.0026148256267942887,1.0032281308558024,-0.37666333136942,3.7842863926171577,0.36727751966880506,-0.65904,3.63716,-95.00092188979659
2024-06-18 04:56:22,04:55:28.00,-0.0856112914054659,0.007771829688801341,1.0035242090158112,3.691600072346806,0.9351035216826544,0.5046604369405213,0.59848,4.79176,-94.49678568437375
2024-06-18 04:56:22,04:55:28.50,-0.08756174098477791,0.03396030907259609,1.0021759866419702,2.139447994640783,-2.1415204155327294,-0.058691795122443546,2.17928,4.45984,-94.44661120866894
2024-06-18 04:56:23,04:55:29.00,-0.06601606419611344,0.04413671808741684,0.9998703775049946,-0.8992255594844191,-2.809611861569769,0.2768012895195636,2.2794399999999997,3.2137599999999997,-94.33180680629657
2024-06-18 04:56:23,04:55:29.50,-0.04465854128293438,0.03235933654490304,0.9987521396973824,-1.553680264615154,0.15403022658878454,0.1850142731940267,1.6020400000000001,2.675,-94.09220986928604
2024-06-18 04:56:24,04:55:30.00,-0.05186974661869836,0.018116899465127477,0.9976184293811788,-1.4462684833009094,3.107044176702981,-0.020468605720599074,0.95864,3.57588,-94.04963123342608
2024-06-18 04:56:25,04:55:30.50,-0.07798113969765484,0.004530211425076683,0.9963962434428975,-1.5551247450594419,1.373794724990577,0.17436437106295558,0.1542,4.68048,-93.89784109865577
2024-06-18 04:56:25,04:55:31.00,-0.08709657383158013,-0.01000188010565528,0.993651782451292,-1.223816688081405,-0.4218393344375454,-0.6319294116929992,-0.62544,4.7854,-93.96126464914623
2024-06-18 04:56:26,04:55:31.50,-0.08287252946547277,-0.01883075280943038,0.9968017444793356,-0.23725123777087678,-0.2719339347546574,-1.104665454573407,-0.9184399999999999,4.70884,-94.38308571987292
2024-06-18 04:56:26,04:55:32.00,-0.07753511519514601,-0.02142132491353159,0.9975639553738976,-0.24694205614922296,-1.0598739570109394,-0.4141929407349471,-1.133,4.28284,-94.69153646924119
2024-06-18 04:56:27,04:55:32.50,-0.06956130161379763,-0.02324366977872584,0.9991697247542346,0.16129996402828925,-0.42487522935590116,0.008160999888514408,-1.1898,4.002079999999999,-94.75234670378572
2024-06-18 04:56:27,04:55:33.00,-0.06587099767002084,-0.02260470080914819,0.9993956722578626,-0.15523176762330082,-0.0037829566424965578,0.07991256822266446,-1.31204,3.8777999999999997,-94.63178754109889
2024-06-18 04:56:28,04:55:33.50,-0.0681422783581701,-0.022665781175446466,0.9977476448106419,0.21248519901608412,0.3195863947020021,-0.5171640454698624,-1.25452,4.00448,-94.68045157299686
2024-06-18 04:56:28,04:55:34.00,-0.06880286198794835,-0.021912234654169947,0.9986517941819453,0.07451922854772919,-0.05800147402115266,-0.9527773848295508,-1.26012,3.94956,-94.98934587141873
2024-06-18 04:56:29,04:55:34.50,-0.06688699198143759,-0.02083647700888769,0.9993130698892455,0.135533288959341,-0.4864763332422343,-0.43347632842203204,-1.19876,3.8010800000000002,-95.29973059821543
2024-06-18 04:56:29,04:55:35.00,-0.06288723405637037,-0.020443839727420508,0.9987366871829682,-0.30966713599138884,-0.31100768786968813,-0.49282125862100207,-1.24448,3.5839999999999996,-95.41704584966539
2024-06-18 04:56:30,04:55:35.50,-0.061687324175980204,-0.023999584944142813,0.9967106201019993,-0.8394588803647858,0.45712479537817446,-0.9031273721328167,-1.5981999999999998,3.6332799999999996,-95.77442907989317
2024-06-18 04:56:30,04:55:36.00,-0.06626644868397535,-0.03281996722031611,0.9985986205338593,-0.6408527021182067,0.6192408042580071,-0.26643933369265904,-1.96032,3.95108,-95.99988902700217
2024-06-18 04:56:31,04:55:36.50,-0.070668859888509,-0.03765131817295396,0.9981477561115443,-0.4378752921216261,-0.013405005063311024,0.5782146973821163,-2.21236,4.02368,-95.82564206103535
2024-06-18 04:56:31,04:55:37.00,-0.0705521263463285,-0.04735576422274459,0.9989337520712778,-0.9759778990492599,-0.3640524267662901,-0.13667312491146386,-2.5384800000000003,3.92984,-95.65695542649287
2024-06-18 04:56:32,04:55:37.50,-0.06554975281012934,-0.06331336723258105,0.9975919111298487,-2.390266949892308,-0.8292774105728096,0.06763187457314265,-3.7631599999999996,3.6250799999999996,-95.60797603433167
2024-06-18 04:56:32,04:55:38.00,-0.06007698782019709,-0.08297076019488206,0.9932914685272286,-1.379487262989521,-0.4521728016436153,0.08015866984503503,-4.61128,3.3474399999999997,-95.51762317850597
2024-06-18 04:56:33,04:55:38.50,-0.0505243193504863,-0.10751166036167105,0.9917892994930194,-2.0972670633628328,-0.5240696196975817,-2.2265634192391635,-5.96528,2.9970799999999995,-95.9614346730775
2024-06-18 04:56:33,04:55:39.00,-0.04579481456959839,-0.11436830712867672,0.9918351212315517,0.3367318859640966,-0.18570087209849437,-0.9947423377965166,-6.3738,2.7244,-96.86716504206004
2024-06-18 04:56:34,04:55:39.50,-0.03888749961422318,-0.11048471338485921,0.9954996495881963,-0.5836834182432491,-1.8926763540949292,0.5202107085926979,-6.490399999999999,2.03268,-96.75633882155819
2024-06-18 04:56:34,04:55:40.00,-0.023264388689260528,-0.11028889590885438,0.9949955836646569,-0.6364360373724851,-1.0903884931928103,-1.21781628373337,-6.65784,1.25468,-96.88197361847654
2024-06-18 04:56:35,04:55:40.50,-0.02198550559240016,-0.10404853714768182,0.9954768799488282,0.7706338779610645,1.7806917255845867,-3.3536361830549573,-6.56352,1.32628,-97.7665549316161
2024-06-18 04:56:35,04:55:41.00,-0.06799179340358577,-0.1132540989291385,0.9908050035378959,-3.1594923246756754,6.457520397455911,3.43279823770334,-6.62548,3.7353199999999998,-98.8015514165727
2024-06-18 04:56:36,04:55:41.50,-0.11305362583376038,-0.14867108050603445,0.9917231447400703,-4.787079469233611,4.958700952305743,5.676138745968583,-8.976759999999999,7.4656,-95.09016606411541
2024-06-18 04:56:36,04:55:42.00,-0.12557590663987242,-0.1682640621227764,0.9806818988036187,1.9390242994675677,-2.8280757487891073,2.3160389179060514,-9.51492,7.4108,-93.53821493131954
2024-06-18 04:56:37,04:55:42.50,-0.11007529205286976,-0.1330317350237236,0.9828091913190166,8.181507093298837,-2.8424402857144213,-0.6180095056389444,-6.33748,5.87096,-92.83693280217035
2024-06-18 04:56:37,04:55:43.00,-0.09183405744853676,-0.06088314475275911,0.991699564494063,7.3122224357355465,-1.346198723412084,-3.4579683623104467,-2.73524,4.94924,-93.97853693053871
2024-06-18 04:56:38,04:55:43.50,-0.08324718268796275,0.000526207366617276,0.9953436586445212,5.7028991212378655,-0.12210738578103378,-2.8677692603320595,0.2778,4.68252,-95.54407437999333
2024-06-18 04:56:38,04:55:44.00,-0.08539433926103052,0.034596587989930885,0.9999158589791278,-0.5587316754525576,-0.14524800381908448,-2.052207833411295,1.57824,4.85496,-96.76396991060896
2024-06-18 04:56:39,04:55:44.50,-0.08045701424887577,0.015552892006270115,0.99975428344864,-6.281104376021264,-1.8663850022747759,-1.120206170384337,-0.47120000000000006,4.2010000000000005,-97.43944513606864
2024-06-18 04:56:39,04:55:45.00,-0.06515348863396876,-0.03583365360599337,0.9998549815184028,-4.242364149745484,-0.3666799631229425,-0.8457878921946471,-2.85868,3.7538,-97.8527730675255
2024-06-18 04:56:40,04:55:45.50,-0.062380357837839295,-0.07017148219940926,0.9940056981479134,-2.243126682287456,0.4217655802408142,-0.4295462563972277,-4.181,3.73204,-98.12360115731094
2024-06-18 04:56:40,04:55:46.00,-0.06644909732070893,-0.09086188445486584,0.9922027418588937,-1.323940098034241,0.7572483151067003,-0.5984497273939257,-5.230359999999999,4.0130799999999995,-98.27570754148205
2024-06-18 04:56:41,04:55:46.50,-0.07069503016095964,-0.09538651593329658,0.9912617990330298,1.6237240958967243,-0.4556791453234334,-0.306786392969735,-5.0694,3.9756,-98.48098600469697
2024-06-18 04:56:41,04:55:47.00,-0.06445524350008529,-0.07139993829117602,0.9969384162259349,2.7537954724506397,-0.810299664065806,0.10477534734709014,-3.6106,3.5112799999999997,-98.46783233694956
2024-06-18 04:56:42,04:55:47.50,-0.051403943272984115,-0.03584064174737114,0.9999429246569251,1.8406003744552237,-0.8385995169012597,-0.48541105412155694,-1.95008,2.72604,-98.42686064391273
2024-06-18 04:56:43,04:55:48.00,-0.0459868912990692,-0.011166797163356968,1.0001441209500321,1.129175813063882,1.4849888843815453,-0.7231815641405531,-0.67648,2.9794400000000003,-98.7277900733622
2024-06-18 04:56:44,04:55:48.50,-0.06985266860765044,-0.0016082655833412308,0.9977032107724526,-0.8210387037729022,1.0261677465605539,-0.6115188162633405,-0.4546,4.134600000000001,-98.98446983722754
2024-06-18 04:56:45,04:55:49.00,-0.07878803110843152,-0.026741765588533715,0.9981483792819636,-2.5875805416247677,-0.2043157354456713,-0.2175346625787399,-2.04344,4.38588,-99.14914296603152
2024-06-18 04:56:45,04:55:49.50,-0.07304851265386433,-0.05363810514883789,0.998017767644161,-0.985110683885545,-0.4193469626786224,-0.39642981068704863,-3.08612,4.06608,-99.23371438692199
2024-06-18 04:56:46,04:55:50.00,-0.0704476022864999,-0.06193091065135721,0.9970038941853023,0.037038951765020395,0.24369755738604035,-0.5044354526893963,-3.4036399999999998,4.17688,-99.40313300558358
2024-06-18 04:56:46,04:55:50.50,-0.06968226416623807,-0.05913330173547591,0.9967520752085952,1.3991717182013224,-0.28699890512185433,-0.2960454483834162,-3.0562400000000003,4.0764,-99.52757442702661
2024-06-18 04:56:47,04:55:51.00,-0.07439882424157314,-0.03178320953038047,0.9975213038832572,4.605586512468478,1.0533228988818963,-2.1822208383255126,-1.51312,4.20564,-100.09056478245131
2024-06-18 04:56:47,04:55:51.50,-0.08514133712100293,0.0035999510939462077,0.9949865484939986,4.315455483018518,0.42876823761676797,0.19460332636888672,0.7798,4.76448,-100.87026017876933
2024-06-18 04:56:48,04:55:52.00,-0.10394067318717885,0.014889239828705792,0.9965832510150436,-3.576962415138342,2.342550099648321,7.5261886831422045,0.7171599999999999,5.5936,-98.33550324939435
2024-06-18 04:56:48,04:55:52.50,-0.10893906171407823,0.0013878854380767161,1.0000126058346899,-2.76975024152498,0.9903945543722528,3.4526052851165163,-0.75192,6.698239999999999,-95.53741284431291
2024-06-18 04:56:49,04:55:53.00,-0.09556568054947537,-0.005460730632125368,0.9971649676137753,1.384102027554987,-4.187870272487664,0.6910919510439499,-0.41232,5.15268,-94.53757738445479
2024-06-18 04:56:49,04:55:53.50,-0.0686385683432076,0.005890726544435387,0.9972481579362832,1.893156316226747,-1.8833216121802945,-0.8511263387330561,0.5481199999999999,3.7119599999999995,-94.60472948420276
2024-06-18 04:56:50,04:55:54.00,-0.07190416701538918,0.043831837499555375,0.9948231535430697,3.8600863914708485,1.8947658304657677,-7.366445648780419,2.05524,3.9514,-96.62955857632603
2024-06-18 04:56:50,04:55:54.50,-0.09560494574733433,0.0728330343960545,0.9941472973010179,0.3572821348663455,5.055453018504148,-2.6804882178962868,3.48464,6.2814,-99.45684618260366
2024-06-18 04:56:51,04:55:55.00,-0.1220659196562573,0.0391748038543138,0.9941952712188339,-5.720055908010534,1.261349544706648,0.9551786066519073,1.95404,7.6113599999999995,-99.35554261106556
2024-06-18 04:56:51,04:55:55.50,-0.12102720800570545,-0.020312374267734596,0.9925872190388635,-3.8712204987529697,-4.781468139327547,-0.7975768546378457,-1.00188,6.1612800000000005,-99.24578215033614
2024-06-18 04:56:52,04:55:56.00,-0.07834300234656216,-0.042873024977786486,0.9950422242439428,0.8701719386417621,-5.187042323182375,-2.3363967030179738,-1.8258,3.64252,-100.03387372986148
2024-06-18 04:56:53,04:55:56.50,-0.04221166420393599,-0.021160682706822434,0.997195345825584,3.937606940686154,-0.8920420774121633,1.3133801914416525,-0.56292,2.38836,-100.53885041776992
2024-06-18 04:56:53,04:55:57.00,-0.042961186684081554,0.018625922998658624,0.9999963598455669,3.544427278355771,1.9873842233082808,3.823348936623087,1.4088800000000001,2.88356,-98.75862130599937
2024-06-18 04:56:54,04:55:57.50,-0.049327841962079,0.03143013870420341,1.001051403302884,-1.2947938209608356,-0.2395063968470802,0.6366360794110622,1.7845600000000001,3.14288,-97.6546419072981
2024-06-18 04:56:54,04:55:58.00,-0.04580832003785542,0.01570683621499082,1.0014839202557928,-4.342656653018627,-1.372295980677738,-0.48600828552724545,0.16308,2.37504,-97.56112826579889
2024-06-18 04:56:55,04:55:58.50,-0.043950349725353145,-0.0119238891927405,0.999513500204822,-1.8125715936590814,1.5790604485642468,2.3618740174288404,-1.22392,2.64776,-97.39149476179524
2024-06-18 04:56:55,04:55:59.00,-0.05474678367481625,-0.02897313153436496,0.9969671980220697,1.3594019630198404,1.2336798975104135,1.1252008760680363,-0.96968,3.54704,-96.05538095557036
2024-06-18 04:56:56,04:55:59.50,-0.059687270357091045,-0.015757816434812312,0.998172803467879,1.067945797028213,-1.7196244213090077,0.23370383061763123,-0.52472,3.09588,-95.7654981829317
2024-06-18 04:56:56,04:56:00.00,-0.058220542693149406,0.01648084980221736,0.997924227953626,3.3112428145567,0.8328699615727628,-0.018167734280495767,0.71872,2.98616,-95.47968820158906
2024-06-18 04:56:57,04:56:00.50,-0.05311750543730484,0.013444135825858607,1.0021032567443136,-1.3938322963092367,0.7751659233052582,1.6184913687250246,1.06316,3.53632,-95.52050351689797
2024-06-18 04:56:57,04:56:01.00,-0.0648929163027512,0.014253030035003389,0.9990229165200928,-2.5676302884183575,0.08567658813397491,-0.16039636044869685,0.13592,3.70308,-94.56666197124919
2024-06-18 04:56:58,04:56:01.50,-0.06053750185400394,-0.011166150708060242,0.9993939271359813,-2.0712510328686586,-0.3077702989702323,0.37579393923324433,-0.9308799999999999,3.46712,-94.42243037940015
2024-06-18 04:56:58,04:56:02.00,-0.05809583199471906,-0.03486922909948113,0.9996355606098463,-0.9094923807406005,-0.41150000798076347,-2.4413082244420115,-1.8418,3.26044,-95.53470699631767
2024-06-18 04:56:59,04:56:02.50,-0.06153443087182432,-0.03478003647406055,0.9962442060483936,0.7232521192576092,0.5819444270365688,0.35316679272855955,-1.8744,3.4528000000000003,-95.5806793503468
2024-06-18 04:56:59,04:56:03.00,-0.062112063912053886,-0.025804561346959232,0.9975474809709419,1.844248260979794,0.24510411969139909,2.0167570901057292,-1.14876,3.67648,-94.72463242956907
2024-06-18 04:57:00,04:56:03.50,-0.06242061848491522,-0.00897077946673008,1.0003151610275425,2.084764464270199,-0.8945797980138279,-2.4365800131145914,-0.24944,3.4495999999999998,-95.15344487076909
2024-06-18 04:57:00,04:56:04.00,-0.06031824787266985,0.003182401319758632,1.0008643364023495,-0.48568249581310785,1.2361060327136604,3.505063063009613,0.27808,3.5507999999999997,-94.39801757879391
2024-06-18 04:57:01,04:56:04.50,-0.07593772861004588,0.00441188923005068,0.9985282698049083,-0.43680936504223566,1.1715191855928466,-5.255184016631019,-0.32292000000000004,4.2176800000000005,-95.17171583098185
2024-06-18 04:57:01,04:56:05.00,-0.07570790460854177,-0.022455699646436927,0.9979980365205782,-2.3952004783021943,0.27155478723352483,-1.6452448936868524,-1.1299599999999999,4.67104,-96.76054325993223
2024-06-18 04:57:02,04:56:05.50,-0.0874371722849519,-0.020447062518383935,0.9973006781991108,0.2558473391609678,0.04926433912403985,2.0733385665190114,-1.15292,4.89476,-96.37224775339956
2024-06-18 04:57:02,04:56:06.00,-0.09607235500527722,-0.006032652173525008,0.9950947352362882,2.6716117681530664,0.3881913936046497,1.72355499698292,-0.81132,4.79632,-95.31618122203628
2024-06-18 04:57:03,04:56:06.50,-0.09243003092763408,0.009825955008094462,1.0009211586858842,1.371569062623433,2.127328718101651,-1.3737828176207072,1.08924,6.07788,-95.4505079678319
2024-06-18 04:57:03,04:56:07.00,-0.09444459540325653,-0.009358782025603056,0.995090692415385,-5.205251569725291,-2.6493043951799122,0.13065080061816314,-0.94928,5.29724,-95.58643025696333
2024-06-18 04:57:04,04:56:07.50,-0.08043108657217812,-0.03855614653888648,0.9932658239858009,-2.643748666887941,-2.2176978132900187,-1.440296190567685,-3.01916,3.98084,-95.72127762382023
2024-06-18 04:57:04,04:56:08.00,-0.06985315587213821,-0.04220275772273394,0.9957866481973829,2.3786611608842563,2.5889753010183365,-2.0363398260942027,-2.1966,4.4756,-96.80305672651848
2024-06-18 04:57:05,04:56:08.50,-0.08519332754998392,-0.03985361522897313,0.9972557715243531,-0.7572848840556055,1.7668938137256212,-0.02792837953867217,-2.08796,5.47204,-97.15850692769591
2024-06-18 04:57:05,04:56:09.00,-0.09555932141502917,-0.04721789458731924,0.994771777318014,-0.7793784112117269,-1.4968694964483193,3.2933642453828753,-2.81564,5.19048,-96.00176777373424
2024-06-18 04:57:06,04:56:09.50,-0.08560308408115533,-0.03894313177002639,0.9971802617710788,1.4698789877030254,-0.108702174369054,-2.7148856185060932,-2.14604,4.83932,-96.12831968616439
2024-06-18 04:57:07,04:56:10.00,-0.08413902559150985,-0.03399830597368545,0.997824161952624,1.0208887805546332,-0.3401964933423652,-0.2934113864494222,-1.7772,4.8278,-96.74708765655156
2024-06-18 04:57:07,04:56:10.50,-0.07729584502785908,-0.042260099521425225,0.9982726118724997,-0.472626768832556,-2.6154289039206757,-1.2094480428900805,-1.94684,4.01328,-96.9836084721395
2024-06-18 04:57:08,04:56:11.00,-0.05440863748515546,-0.0408331854214927,0.9973584717045223,-1.1137690143861552,-1.7703104156586595,-1.7147732655035344,-2.485,2.9306400000000004,-97.75737950750006
2024-06-18 04:57:08,04:56:11.50,-0.04116620004603616,-0.049805171970331,0.996734442388268,-0.7624403718651358,-0.38236182095507004,-0.9801508272773889,-3.00572,2.39616,-98.36605679366758
2024-06-18 04:57:09,04:56:12.00,-0.03921107359272518,-0.05547794313481067,0.9984391712971932,-0.33864127664018473,0.3285917654704875,-1.1733321777926546,-3.3251600000000003,2.37572,-98.751121224229
2024-06-18 04:57:09,04:56:12.50,-0.04868116431088087,-0.05790823901830483,0.9982352605608683,-0.04190020793660433,1.3110109492461561,-1.1396767389254914,-3.3950799999999997,3.0345600000000004,-99.41181741933352
2024-06-18 04:57:10,04:56:13.00,-0.05959220144699407,-0.04794060608390789,0.9976146036332143,2.265171188340328,0.6640094424318616,5.3221139061447325,-2.72784,3.56608,-98.4203197735401
2024-06-18 04:57:10,04:56:13.50,-0.06378391333150088,-0.020511508355014405,1.0000075268733755,3.739678826924849,-1.3232024162225446,3.4840358655277193,-0.82568,3.46964,-95.70947856871739
2024-06-18 04:57:11,04:56:14.00,-0.045692821523766296,0.01558247291394529,1.0026695596153536,4.1291006391849425,-2.38724474051872,0.6927195526264462,1.19228,2.38144,-94.80158557944227
2024-06-18 04:57:11,04:56:14.50,-0.03589136099924361,0.043639923409367835,1.0013421802452447,0.8740381264753379,1.3711834858144203,-0.08233441721482251,2.57324,2.24056,-94.63208990176805
2024-06-18 04:57:12,04:56:15.00,-0.053700397026811356,0.00645273695555848,0.9978782909889626,-10.188922451409757,1.025605102696747,-6.744694277861567,-0.16575999999999996,3.16636,-95.74356726584661
2024-06-18 04:57:12,04:56:15.50,-0.03417660123370258,-0.10729047243950625,0.9935964892121609,-11.582291961177814,-3.7783209862786684,-5.700934453521635,-6.98552,1.62108,-99.48438361581402
2024-06-18 04:57:13,04:56:16.00,-0.032663881280752885,-0.15297493852353822,0.988664908330911,-4.081484086683268,1.2831203559421676,5.527175177529176,-9.75428,1.7424799999999998,-100.7701735939194
2024-06-18 04:57:14,04:56:16.50,-0.03959022715951807,-0.21137914944283914,0.9768918580972773,-4.433608310653323,2.5068920147002496,0.6468145567653045,-12.42868,2.6508,-96.86402824218236
2024-06-18 04:57:14,04:56:17.00,-0.07243295320256699,-0.21278529989537975,0.9736399765506514,5.436401930346128,4.449984471809069,-1.4361087659393303,-11.177999999999999,4.65972,-98.29833237148638
2024-06-18 04:57:15,04:56:17.50,-0.10076804390226844,-0.1817838681923983,0.9785574171693568,3.725315027271407,0.5606241670776309,1.9488042910737016,-9.551359999999999,5.6258799999999995,-97.57151468900119
2024-06-18 04:57:15,04:56:18.00,-0.1029255472383241,-0.14288275980052692,0.9908422011512773,4.07576873553779,-2.1886545098967374,1.2159316223030145,-7.67696,5.40296,-96.76575424779014
2024-06-18 04:57:16,04:56:18.50,-0.0806401644513507,-0.10340308091328615,0.9956904894458729,3.850293417494263,-3.313974141155592,-0.22326220083478782,-5.65568,4.06184,-96.42590654238595
2024-06-18 04:57:16,04:56:19.00,-0.05320621946388598,-0.06617305186595943,0.9988033107523102,2.7656106400725236,-1.2149945141987175,-0.4809949685329191,-3.971,3.03812,-96.6341177250999
2024-06-18 04:57:17,04:56:19.50,-0.04499539988337013,-0.04424084302616147,0.9976743732456334,1.2377513892974554,-0.404543087372292,-0.6095559860452634,-2.83412,2.61104,-96.81459691461635
2024-06-18 04:57:17,04:56:20.00,-0.040685433450205075,-0.031703898340844076,0.9958336284487673,1.8707213042207196,-0.702100176710793,-1.0428125473005445,-1.97144,2.28736,-97.18760732801043
2024-06-18 04:57:18,04:56:20.50,-0.035237912294837324,-0.010736484364255384,0.9968365515702273,3.996714614045485,-1.178643706460104,-0.4281918136426264,-0.32128,1.8166399999999998,-97.50876544549405
2024-06-18 04:57:18,04:56:21.00,-0.02474222867452502,0.02226731110928168,0.9953334353475227,1.8334247958413823,0.6373991800766694,0.6041371716254382,1.22148,1.63712,-97.39020277767072
2024-06-18 04:57:19,04:56:21.50,-0.03407137395380613,0.036941066546254245,0.9980902714891755,-0.04019741357479292,2.1315686242859595,0.9785817872740065,1.7640799999999999,2.46828,-96.86868231315675
2024-06-18 04:57:19,04:56:22.00,-0.05363674509516635,0.034845600434918494,0.9998591300686478,-1.5551063101397637,2.327977073259154,-1.0389805000496155,1.58696,3.5410000000000004,-96.80031008303577
2024-06-18 04:57:20,04:56:22.50,-0.07679498529730185,0.010795747820254699,0.9975975599762025,-5.731445695772685,3.016047718950748,-1.5478169490058988,-0.23772,5.01632,-97.5188418058281
2024-06-18 04:57:20,04:56:23.00,-0.09916191644703347,-0.04450103016814605,0.997783271182339,-6.978976286576677,-0.27002246966213433,-0.613117877269143,-3.42556,5.61872,-97.9334966297843
2024-06-18 04:57:21,04:56:23.50,-0.08934380742074532,-0.10394933349666262,0.9945251095030442,-3.890337921271772,-2.2746327385881555,-1.0798798855389986,-6.15904,4.68796,-98.29977577025439
2024-06-18 04:57:21,04:56:24.00,-0.07126995499856943,-0.12902300578653278,0.988935998788924,1.1039599047661752,-0.1971915213947861,-0.9632328151850512,-6.76408,4.2028,-98.8023660875528
2024-06-18 04:57:22,04:56:24.50,-0.07082444639325669,-0.11280919836505902,0.9902470493664559,4.339556285079698,0.2977996569229808,-0.04252979363040357,-5.5136400000000005,4.15548,-98.95089822939688
2024-06-18 04:57:22,04:56:25.00,-0.07776080897632066,-0.07443141051817734,0.996308857328796,4.700886514110593,0.2572636324084144,-0.0396175486177475,-3.49144,4.42248,-98.88237812571738
2024-06-18 04:57:23,04:56:25.50,-0.07677299172668796,-0.031671878984371196,0.9981922186417721,4.804412645978989,-0.8837589449826954,-0.297714373498369,-1.2675999999999998,4.16872,-98.9138330677365
2024-06-18 04:57:23,04:56:26.00,-0.07296649572069232,0.010775592772948988,1.0014800906169843,2.6808136346222398,1.7619736224545937,-0.024498936511764838,0.53596,4.49024,-98.85234784036895
2024-06-18 04:57:24,04:56:26.50,-0.10211594485233932,0.05225286012950759,0.9984865640578989,2.3348826331297174,1.9495837418029947,-7.169580346563026,1.8435599999999999,5.6226,-100.30103978475319
2024-06-18 04:57:24,04:56:27.00,-0.1252894259321731,0.07755633888136752,0.9883779635016998,2.593878557357084,1.753288156515361,0.02066680779731694,4.23228,7.1940800000000005,-102.72764368332089
2024-06-18 04:57:25,04:56:27.50,-0.13229769219569365,0.04758486190042291,0.987560350955053,-7.53170315913461,-2.1074869039552495,9.82391765275491,2.25372,6.162319999999999,-99.885703629126
2024-06-18 04:57:25,04:56:28.00,-0.11546764688043169,0.022308316143725623,0.9967574230496687,-1.2853961150278501,0.5601678804645349,2.997198541016256,0.75568,6.61616,-96.11488587615686
2024-06-18 04:57:26,04:56:28.50,-0.09154071711309078,0.001323400258568392,0.9981344298194655,-2.2604824489485513,-1.33431338301588,-2.536475959409727,0.05491999999999999,6.1984,-96.50394104399709
2024-06-18 04:57:26,04:56:29.00,-0.07692871034417802,-0.01799111366755955,0.9951476874769176,2.290525545466497,-3.262420390348609,0.24070297462934168,-0.5614399999999999,4.28796,-97.2979962298042
2024-06-18 04:57:27,04:56:29.50,-0.060193583254276616,0.03463730699453228,0.9990747050116445,6.868350011239495,-0.08396285423296498,-1.5177903346570552,2.5748,3.6332,-97.16496891844335
2024-06-18 04:57:27,04:56:30.00,-0.060381805128284435,0.07843501034118959,0.9997404638953582,3.7479322742634817,1.0061293627388068,0.18477948985845416,4.96064,3.786,-97.5312126908178
2024-06-18 04:57:28,04:56:30.50,-0.07307010759382813,0.09601603239704153,0.9944099713505561,-1.8989871392236453,1.6126737923658547,0.11530606102053782,5.1278,4.39656,-97.40967657882442
2024-06-18 04:57:28,04:56:31.00,-0.09123028763459583,0.06829795538314232,0.9927376478216456,-7.444833800497389,1.5226021463483121,0.9465622294121485,2.73248,5.26444,-96.97203726916729
2024-06-18 04:57:29,04:56:31.50,-0.102575049220574,-0.0022266625869672724,0.9925233848884861,-7.52929366394484,0.9280089093839637,-0.7115905475609992,-0.9612,5.8591999999999995,-96.86136490891631
2024-06-18 04:57:29,04:56:32.00,-0.10476914997061765,-0.06435575419595957,0.9904292774126084,-4.09298404089631,0.0824468750470134,-0.8815438245310682,-3.75712,6.0398000000000005,-97.29228935808145
2024-06-18 04:57:30,04:56:32.50,-0.10896037238387211,-0.10038065804186026,0.9889443470836778,-2.868160524701157,1.3289051640906846,0.8937454087960071,-5.551760000000001,6.48968,-97.18137126980639
2024-06-18 04:57:30,04:56:33.00,-0.12175617952080187,-0.12244815483713481,0.9847241612342308,-1.095498684323018,-0.010160332071168439,0.4303663578691893,-6.70864,6.89112,-96.71550925657012
2024-06-18 04:57:31,04:56:33.50,-0.11781352093348238,-0.13015072719639917,0.986030419225121,1.430014259797356,-1.5153375400045719,-0.9876780777330576,-6.85952,6.5014,-96.86619696679827
2024-06-18 04:57:31,04:56:34.00,-0.10365446397713839,-0.11234269588147465,0.9925515970680345,5.074334098423595,-1.6206223432009994,-0.9242491314210346,-5.366319999999999,5.7644,-97.29512933548509
2024-06-18 04:57:32,04:56:34.50,-0.08631916385326056,-0.06191031215182125,0.9996002118629242,8.12828658822423,-2.126055843808118,-0.3398858425148823,-2.26108,4.78168,-97.56451572745114
2024-06-18 04:57:32,04:56:35.00,-0.07199868736064428,0.01069871491736202,1.0044456271319882,6.977236673361599,-0.9357829855926465,0.9396457512876506,1.4031200000000001,4.14072,-97.39507298514648
2024-06-18 04:57:33,04:56:35.50,-0.06473053045279116,0.06750902658277114,0.9994407301256963,1.854079669073085,-0.6338850184754331,0.5436538982874761,3.5458,3.66368,-96.87434167740858
2024-06-18 04:57:33,04:56:36.00,-0.05216714219881627,0.06586190911477378,0.998231838876367,-4.313849893178585,-1.984413924368917,-0.08091604331396646,2.86176,2.98928,-96.66383197864543
2024-06-18 04:57:34,04:56:36.50,-0.028065551775609685,0.012956339927341555,0.9957455495804601,-5.663565133774783,-3.4897173774119903,-2.552828164366903,0.14012,1.31124,-97.28753986885262
2024-06-18 04:57:34,04:56:37.00,-0.004024340331321191,-0.027056752479083613,0.993991498798747,-4.248542318410793,-0.7791827689864117,-1.357220947469207,-2.15364,0.31824,-98.40691915549341
2024-06-18 04:57:35,04:56:37.50,0.007595886100701605,-0.08554478130984335,0.9916871335068373,-8.395925757958034,0.1239439928707041,4.743239347394553,-5.11616,0.20803999999999997,-96.79560815285595
2024-06-18 04:57:35,04:56:38.00,0.00714326917765444,-0.15817960457155833,0.9897542328831059,-5.8529132037874225,0.3133495719300538,-2.536549805726418,-9.47728,-0.16908,-96.85220314306999
2024-06-18 04:57:36,04:56:38.50,-0.000834327085787617,-0.17960473104386673,0.9810713109439823,5.831744715876531,2.025224224999342,-0.09535037264610692,-9.02536,0.41312,-97.31868167065281
2024-06-18 04:57:36,04:56:39.00,-0.02188364247494111,-0.1174101403692152,0.9915867999209982,8.5929863201838,1.938489438365246,0.2311097932186754,-5.347759999999999,1.3923599999999998,-97.22015202516317
2024-06-18 04:57:37,04:56:39.50,-0.04870366096347809,-0.016979264146302978,0.9984031016380193,8.634197671227513,2.4280997163659843,0.05779686558567659,-0.99568,2.582,-97.14597684775417
2024-06-18 04:57:37,04:56:40.00,-0.05751712996513846,0.01842136265652463,0.9970040934352677,-1.5810222390727189,0.010235569773240196,3.522829601828743,0.89984,3.2676,-95.61909165130179
2024-06-18 04:57:38,04:56:40.50,-0.05931487081645802,-0.00533885847552934,1.0055024655990243,-7.175286901981402,0.1640432396792302,-3.0481998417930134,-1.8400800000000002,3.2710000000000004,-95.92247022293635
2024-06-18 04:57:38,04:56:41.00,-0.05735239111478916,-0.06478577868960426,1.0013791576943172,-6.276807292272149,-1.4007709683436433,-2.4021540960822567,-4.85048,2.89372,-97.28736719967347
2024-06-18 04:57:39,04:56:41.50,-0.041489213050025626,-0.11483431850801247,0.9962993817655621,-4.977500425083496,-1.688874958017476,-0.7601861855020472,-7.33316,2.08864,-98.09168598290972
2024-06-18 04:57:39,04:56:42.00,-0.027525609583215663,-0.15419032170100372,0.9904209791173498,-1.0905266594718683,0.8624559973316505,-0.3451041767180497,-8.79984,1.858,-98.16637398952732
2024-06-18 04:57:40,04:56:42.50,-0.03706991620378905,-0.15101882062867297,0.9845972633742776,6.745134753756934,2.196130324381005,0.37345582435908087,-7.304919999999999,2.68452,-98.11944316676505
2024-06-18 04:57:40,04:56:43.00,-0.05579077691846107,-0.08296136032738863,0.9906892620685314,8.949384653736304,-0.2257920176006553,0.7229103386348786,-3.37484,3.0086,-97.81233679609414
2024-06-18 04:57:41,04:56:43.50,-0.05160851002202693,-0.007950090863937095,0.996598641359717,5.574336950285353,-2.604148901345302,0.26453464042979324,-0.016880000000000006,2.28412,-97.4282670207505
2024-06-18 04:57:41,04:56:44.00,-0.030268952992137964,0.029242127926773973,1.000806885451678,-1.2347890626304834,-0.8941047177473724,-0.27537879105747914,0.81688,1.5622,-97.40788529155961
2024-06-18 04:57:42,04:56:44.50,-0.029573757663594113,0.009882177989703306,1.0005294183755713,-5.737128163168036,2.424406843419998,-1.5426569394402958,-0.86368,2.27744,-97.74292273115596
2024-06-18 04:57:42,04:56:45.00,-0.04969855707739451,-0.0396669670716427,1.0001424534592365,-4.202761091520349,1.3303268152838439,-0.8871563885897906,-3.04816,3.1671199999999997,-98.46738496971096
2024-06-18 04:57:43,04:56:45.50,-0.06051686612236014,-0.0709976080184949,0.9956713241754924,-0.37691234644367183,0.23557502630525046,0.40600671248033904,-3.90456,3.5112,-98.46369122366131
2024-06-18 04:57:43,04:56:46.00,-0.060974043896409216,-0.06815302336271993,0.9950068176120098,2.24569837187087,-0.08815189904643571,1.0083390298493493,-3.3924000000000003,3.48488,-97.9970083899687
2024-06-18 04:57:44,04:56:46.50,-0.061313950868356705,-0.04508683625479113,0.9958518653276213,2.9448213579078755,0.8213715408109903,0.6035193448129573,-2.12696,3.70684,-97.44056881323047
2024-06-18 04:57:44,04:56:47.00,-0.07533693494973083,-0.016167780696297165,0.997780137311183,1.330905345291098,2.063712588368464,-1.7741369049007785,-1.20312,4.4455599999999995,-97.6279815075776
2024-06-18 04:57:45,04:56:47.50,-0.10637544258331869,0.048941333577910855,0.9953043402241112,9.87557123208103,2.9318343962158333,-4.225965140444203,2.18084,5.82348,-99.26364502172073
2024-06-18 04:57:45,04:56:48.00,-0.1455100584588274,0.11897469930236645,0.99270440474246,3.8800784727414674,4.411153760925883,5.36470131548631,6.5663599999999995,8.14884,-98.94989742085357
2024-06-18 04:57:46,04:56:48.50,-0.16494284031675677,0.13708971850423815,0.9865449141592232,1.2212222166985434,0.993470183938794,3.4792451655732903,8.00508,8.954039999999999,-96.272031331537
2024-06-18 04:57:46,04:56:49.00,-0.16868381906722119,0.13930518468091255,0.980804723852032,-4.00080826130397,-0.04943520547433369,-0.07642311966293666,7.64408,9.43248,-95.56323863393183
2024-06-18 04:57:47,04:56:49.50,-0.16707197863827514,0.030772535005731298,0.978216392879165,-20.667354729200557,0.04714073112622839,-1.4075888526255145,0.12640000000000004,9.30848,-96.18074513132959
2024-06-18 04:57:47,04:56:50.00,-0.15419386865521179,-0.11951103520819537,0.979055960380081,-9.485999535833091,-6.934504105795062,2.2233738902001274,-7.39684,8.12368,-95.66126352412739
2024-06-18 04:57:48,04:56:50.50,-0.07716158416957479,-0.1610007115217976,0.9761881283566908,4.99168947979942,-10.106139631035994,-1.2941914395327794,-7.75968,3.2353199999999998,-95.30726423083843
2024-06-18 04:57:48,04:56:51.00,0.01079859374430544,-0.10059823249850246,0.9845821457812077,5.614542331095938,-3.224167648848564,-4.926319194124337,-5.08944,0.029040000000000007,-96.78295258955741
2024-06-18 04:57:49,04:56:51.50,0.05847590471630486,-0.09201295042202422,0.9913095321326978,2.7560555942376896,0.6835626559896641,4.2660432557374035,-3.9586799999999998,-1.06992,-98.37808846640878
2024-06-18 04:57:49,04:56:52.00,0.06726732752333954,-0.06498845814016323,0.9997504800913133,-0.4921964425349277,-7.16301237562405,-4.4721241619548415,-3.59656,-3.79852,-96.72297200081805
2024-06-18 04:57:50,04:56:52.50,0.09114323434652796,-0.05556295831383609,1.0058329221773632,0.15260922928555734,1.3422846146434921,-2.693753290510668,-3.5456,-5.55504,-98.67567426415938
2024-06-18 04:57:51,04:56:53.00,0.027964909703015607,-0.014869226409107941,0.9991496114482801,6.29540983037956,11.96144067584107,2.0841741857269933,-1.5817599999999998,-0.92676,-99.35593137787703
2024-06-18 04:57:51,04:56:53.50,-0.06751926389793357,0.054421962200964256,1.0009363233912956,7.764392854627136,9.862946699201895,3.2555336151267693,3.30636,4.710640000000001,-97.31481916819675
2024-06-18 04:57:52,04:56:54.00,-0.14009454384489428,0.09904071300617191,0.9913807471463159,-0.9808763601007802,3.5881314898079397,0.08938111069362958,4.97248,7.73312,-96.3927450625442
2024-06-18 04:57:52,04:56:54.50,-0.1611908847119596,0.07430570605229653,0.9843566716887017,-2.4567005618109725,0.19751685926912835,-2.9847229004396754,3.7744799999999996,8.79884,-97.09380408782324
2024-06-18 04:57:53,04:56:55.00,-0.15715488347961692,0.04750378373820431,0.9895461677967496,-1.1616631168179579,1.2762011063445646,-3.072406109770004,2.7895999999999996,9.24488,-98.90420717302632
2024-06-18 04:57:53,04:56:55.50,-0.17130222215538324,0.02529228247145764,0.985212784752742,-6.390663394404635,2.923971513945349,1.556809290756135,0.84968,10.3476,-99.07114498362795
2024-06-18 04:57:54,04:56:56.00,-0.1980729942500288,-0.04212702665411702,0.9749497818426345,-11.892784379185793,0.9570509290797695,1.1174656472832074,-3.8403199999999997,11.27624,-98.07796907948861
2024-06-18 04:57:54,04:56:56.50,-0.19923305124705723,-0.14662167911623253,0.9649513918229821,-9.926667533023739,-4.7302666551772266,-0.9110471944701638,-9.40604,10.371479999999998,-98.02997211999944
2024-06-18 04:57:55,04:56:57.00,-0.14346147199655263,-0.22558314029734894,0.9597841315086122,-0.1576233877951254,-7.166612702676796,-3.0797058137248086,-11.88388,7.29544,-99.04103838555018
2024-06-18 04:57:55,04:56:57.50,-0.06378237566271566,-0.24517914576767072,0.9735079739903815,9.552264487848822,-5.0992961110300845,-6.328753997578729,-10.58904,3.6765600000000003,-101.3864552673894
2024-06-18 04:57:56,04:56:58.00,-0.011517417877226353,-0.14551093406702492,0.988548736125329,10.964533627462725,-3.7154346132223406,1.6125267119022306,-5.596760000000001,1.4540799999999998,-102.9390225330461
2024-06-18 04:57:56,04:56:58.50,0.013576221209473492,-0.08503564530589092,1.0054153922755413,-6.766851139472933,-1.9445721944953647,-0.5599799417130565,-5.91068,-0.57404,-102.22198284246736
2024-06-18 04:57:57,04:56:59.00,0.020509891210833714,-0.14414654959408352,1.0075040289915704,-13.923137591081057,2.459585570395037,1.1827774157490043,-11.17136,-0.30668,-101.7790213168969
2024-06-18 04:57:57,04:56:59.50,-0.013070413469894984,-0.23948764217840776,0.9745239074439612,-0.5283831628206017,7.368639080213104,-2.7480391828198565,-14.140160000000002,1.97476,-102.18490776024501
2024-06-18 04:57:58,04:57:00.00,-0.07292403411387328,-0.20946515845779407,0.9580459002608893,15.420248728246253,0.9732573866039127,-2.79433230125224,-9.64128,3.68668,-103.74364609422986
2024-06-18 04:57:58,04:57:00.50,-0.07636637965508015,-0.050375639642967075,0.9885069669099638,18.648029450077004,-2.16479642026249,0.6528587504335173,-1.1739199999999999,3.1079199999999996,-104.10322407695479
2024-06-18 04:57:59,04:57:01.00,-0.06202052733221079,0.10192464690080957,0.9924411289993985,8.886797421680589,-1.57053951030584,3.7188045193789496,5.85328,2.7748000000000004,-103.0463741416696
2024-06-18 04:57:59,04:57:01.50,-0.033973106410233746,0.16246548142256745,0.9879068325385412,0.08503827931282217,1.6789455146563952,10.100292414837492,8.3868,2.37844,-99.66671582415937
2024-06-18 04:58:00,04:57:02.00,-0.028298192325859364,0.12276406816481511,0.9939576329648366,-13.085521125186828,1.2536326181393198,-0.25262629200788156,4.69004,2.4460800000000003,-96.45862347411241
2024-06-18 04:58:00,04:57:02.50,-0.040576894250826355,0.014560003819737922,1.0039551588106277,-12.288337061884476,-0.5834294818004813,-4.19644620129619,-1.18824,2.26356,-97.94859515964737
2024-06-18 04:58:01,04:57:03.00,-0.039058101307609144,-0.0865537876494332,0.9960857205119441,-4.538480373458726,1.219144421184038,-3.7823406127432992,-5.21236,2.32648,-99.963056835537
2024-06-18 04:58:01,04:57:03.50,-0.04837288055822909,-0.1057577844796824,0.9870197283496354,7.3748511727245205,0.31432707676672006,-1.560481356793629,-4.2226,2.62488,-101.26100954169593
2024-06-18 04:58:02,04:57:04.00,-0.04762194398237309,-0.02491211375339916,0.9906210700679136,10.363313353767952,-0.31941750161784355,2.1900215058790504,0.26644,2.40588,-101.07810556803594
2024-06-18 04:58:02,04:57:04.50,-0.04024980944018731,0.057117402858898096,0.9963037287504304,2.8268556896828163,-2.0360967670811467,4.954675512631451,3.18644,1.8537199999999998,-98.97662462290411
2024-06-18 04:58:03,04:57:05.00,-0.018781905812552003,0.07134534731762007,1.0024777418674502,-3.650917195752137,1.347232467768409,0.09491936119871447,2.96908,1.5048400000000002,-97.47780224060344
2024-06-18 04:58:03,04:57:05.50,-0.04374601995303702,0.028155703934459583,1.002843102318473,-8.670536611201019,5.061984128527474,-3.5489937216665544,-0.08732,3.46848,-98.56863017707019
2024-06-18 04:58:04,04:57:06.00,-0.08576351319590991,-0.05085667930705474,1.001698287220304,-6.802486982901492,1.9774882888210197,-2.106189707226072,-3.7358,5.01608,-99.97123261555481
2024-06-18 04:58:04,04:57:06.50,-0.09631195339616205,-0.11130319136472594,0.9939225337932931,-3.801387708791932,-0.689542764742884,-2.011460783265437,-6.441280000000001,5.14052,-100.90249240662945
2024-06-18 04:58:05,04:57:07.00,-0.10828025653260154,-0.11961502559986442,0.9875537069807969,3.253308684285682,2.5635692494099267,0.5794512378618755,-6.40976,5.689080000000001,-101.87320397277811
2024-06-18 04:58:05,04:57:07.50,-0.16223777527800096,-0.09889737347008082,0.9821110497307357,2.840374867811399,4.36036707199668,12.90446333480814,-4.715199999999999,8.94528,-96.63968750142183
2024-06-18 04:58:06,04:57:08.00,-0.1505138713267974,-0.03211461343230795,0.9905680215300536,12.105079735518718,-4.055741030239261,0.5978271143838739,-0.18956000000000003,8.999400000000001,-94.15843822629977
2024-06-18 04:58:06,04:57:08.50,-0.09996851387880269,0.11468921748774093,0.9849604400278428,14.02281113373779,-8.461704391016386,-2.0572822638910604,6.7358400000000005,4.97112,-94.75919855800313
2024-06-18 04:58:07,04:57:09.00,-0.06293105088818146,0.1917917921211284,0.9869866947324465,-6.123347041997623,-0.8065693978471657,-1.6384261085209122,8.738,3.19952,-95.45348885629032
2024-06-18 04:58:07,04:57:09.50,-0.0631177866729113,0.1108129278542844,0.9846841087296654,-12.514646155906963,7.10553458399961,-2.006010082385913,4.04976,5.25832,-96.32643321317866
2024-06-18 04:58:08,04:57:10.00,-0.121755501235729,0.002449166880093568,0.9925482557451721,-2.3871162319995793,4.700628741392771,-0.4379674758368754,0.56244,7.90336,-96.93247878765885
2024-06-18 04:58:08,04:57:10.50,-0.1743703001627337,-0.09107584022887537,0.9862592445156382,-9.083729553163813,0.20482624779649222,5.031299185541047,-3.9994799999999997,8.9778,-96.33658945641957
2024-06-18 04:58:09,04:57:11.00,-0.1503926647745807,-0.11911508092680892,0.9839772304619605,2.41307985904787,-7.547440533021887,0.07562886611781103,-6.16144,6.852,-93.97134142558173
2024-06-18 04:58:10,04:57:11.50,-0.027938206096422325,-0.04826351708668388,0.9940665967558902,1.8837602968714027,-3.8952347582255875,-6.392707344622038,-3.6601999999999997,1.63596,-95.82870137995579
2024-06-18 04:58:11,04:57:12.00,0.02466313294315982,-0.08873222913608124,0.996524227525538,-0.7221687577485421,-0.23501505826628072,-5.253443028493957,-4.2858,0.08592000000000001,-98.85167700466556
2024-06-18 04:58:11,04:57:12.50,0.0033417241650982644,-0.07430451012211252,0.9941171705594783,3.320158663387536,2.650470432608662,-22.29406858786321,-3.45084,0.26464,-103.97098217113795
2024-06-18 04:58:12,04:57:13.00,-0.007214200189722476,-0.04479328462195504,1.0003432119363576,2.973257400160215,0.10383554790422642,-43.06815400670292,-2.22408,-0.10904,-122.00268314445357
2024-06-18 04:58:12,04:57:13.50,-0.00644236791744546,-0.011472319620462383,1.0014099926990314,3.5232377832465085,0.1853754759935821,-45.46021691530496,-0.39336,-0.35963999999999996,-144.32572620509427
2024-06-18 04:58:13,04:57:14.00,-0.0242337397616885,0.015769311990997608,1.0004600374306114,1.7628302006996135,2.773595809342042,-46.21839827500572,0.7014400000000001,1.1401999999999999,-167.1078240294479
2024-06-18 04:58:13,04:57:14.50,-0.05791584692482629,0.01585077987756879,0.9995882763530158,0.7797649079511987,0.4667052123084985,-50.04587726119449,0.56352,2.58188,154.53989053475797
2024-06-18 04:58:14,04:57:15.00,-0.06924679004723862,-0.00013588230656804397,0.9986422325468982,1.1376180429058698,-1.142232885644958,-53.500483369400946,-0.2796,2.84304,143.05179597044824
2024-06-18 04:58:14,04:57:15.50,-0.06018127336121291,-0.016223356919655003,0.9989159088368743,1.3708408732567663,-0.4078290397642577,-56.408313990729866,-1.0780800000000001,2.58032,115.55312889691955
2024-06-18 04:58:15,04:57:16.00,-0.049004032210282454,-0.02651262267323582,0.9973899708489601,1.26272683468003,-0.7494374628863996,-58.275881738846216,-1.59632,1.9318,86.89567434259926
2024-06-18 04:58:15,04:57:16.50,-0.03291110035157782,-0.03181657675698581,1.001159606540467,1.3093582472936902,0.12157424559451371,-59.07305536206418,-1.9679200000000001,1.14784,57.57573664331789
2024-06-18 04:58:16,04:57:17.00,-0.025299574949464224,-0.025733576538297283,1.000224235561757,2.473289519705066,1.2919142290793786,-60.219908497409286,-1.42808,1.00556,27.845707928630482
2024-06-18 04:58:16,04:57:17.50,-0.03486172897242658,-0.016696760405839797,1.0019149778218175,1.8587468150374014,2.1288305544381134,-61.80758920395922,-1.169,1.5392,-2.582394980450041
2024-06-18 04:58:17,04:57:18.00,-0.05132879740520098,-0.015875431797259046,1.0005006940210137,1.946848717116468,2.842904026674184,-63.458768927843806,-1.25888,2.50628,-33.92261857955613
2024-06-18 04:58:17,04:57:18.50,-0.06904263990933393,-0.027843431126787586,0.9980561634676746,2.2429931456177057,1.5467407121291126,-64.66647409534136,-2.02892,3.0812,-65.90782243513408
2024-06-18 04:58:18,04:57:19.00,-0.06619840867380695,-0.041103367210084986,0.9970727257558071,4.248979749349175,0.6668995875282369,-56.42833061575464,-2.34756,2.66704,-97.29100931603553
2024-06-18 04:58:18,04:57:19.50,-0.06260200534359478,-0.02503198734850798,0.9902384190470205,4.069560640884702,-0.5151875281879504,-17.61278878895274,-0.879,2.5983199999999997,-116.14029073110622
2024-06-18 04:58:19,04:57:20.00,-0.0483301201367167,-0.0011614391364260536,0.9892111606318171,-1.7566243367942591,-0.6302241322250763,18.57733339179926,-0.82,2.50004,-114.09843332454959
2024-06-18 04:58:19,04:57:20.50,-0.046637357381796335,-0.012502262473369647,0.9940825709868766,-1.1262636631659855,2.1039176518070257,27.115491259805207,-0.8893599999999999,3.1222399999999997,-102.09258620648468
2024-06-18 04:58:20,04:57:21.00,-0.06419338087698315,-0.008517652713589908,1.002333060257633,-2.955096342935513,0.3214054143307182,32.48643395415899,-0.7014,3.94204,-87.13876242202022
2024-06-18 04:58:20,04:57:21.50,-0.06285879396268866,-0.019724456777829125,1.0027701052533644,-4.207250231091764,0.6001131628629163,38.41574821046063,-1.5173599999999998,4.05252,-69.21437120706936
2024-06-18 04:58:21,04:57:22.00,-0.0825699327677932,-0.03196567844530723,1.0010165074866173,-2.792844196102524,2.309356759437362,40.68483130765509,-1.52592,5.50308,-49.32320151962172
2024-06-18 04:58:21,04:57:22.50,-0.10559388092007563,-0.021745306368531617,0.999763473988979,-1.7308084672687238,-0.2577074685822944,43.028769279128056,-0.6531199999999999,6.13108,-28.104607065350155
2024-06-18 04:58:22,04:57:23.00,-0.10312324158793976,-0.000557939452446592,1.012396246288787,-2.7161099415027685,-0.7783824525677886,27.31655743367609,0.02948,5.90184,-9.9841889439945
2024-06-18 04:58:22,04:57:23.50,-0.09380075720037453,-0.0021913012340887056,1.0111934265026032,-1.5323962607192627,-0.50662465856602,16.07358837753241,-0.17956,5.477,0.3977810001740826
2024-06-18 04:58:23,04:57:24.00,-0.08825865236145111,0.0014206599637125162,1.0086829204736079,0.5935053591406622,-0.5327453752023612,12.246960495380682,0.37548000000000004,5.09256,7.350264539795841
2024-06-18 04:58:23,04:57:24.50,-0.08250791866102324,0.009994568489965949,0.9885816477346262,-0.7377101522786534,-2.8232186422318954,8.770878773648654,0.74224,4.33692,12.651560568375409
2024-06-18 04:58:24,04:57:25.00,-0.041998922766862234,-0.004802217383367695,0.9622971941624301,-6.468498543913415,-8.305558251949392,4.360635251481039,-1.04924,1.19372,15.96920737856372
2024-06-18 04:58:24,04:57:25.50,0.021947976556826565,-0.05699374991404075,0.9894491758857069,-4.916293544906793,-0.24266063251104186,12.430992156920272,-3.90224,-0.56808,19.522989821029785
2024-06-18 04:58:25,04:57:26.00,0.0053552212078675065,-0.09479397149382544,1.0332416494381027,5.739090075434249,6.2406012202958525,10.389954036171485,-3.96032,1.1994,26.37847836181475
2024-06-18 04:58:25,04:57:26.50,-0.05706870494407092,-0.0319859366661982,1.0131931961394323,8.406278537138972,5.174225891600147,4.5510406419775205,0.023440000000000003,4.44168,29.669512542531677
2024-06-18 04:58:26,04:57:27.00,-0.0931495317671756,0.03360953372537448,0.9832147348210722,-2.1171923681344698,-8.17336847085425,-0.5029528467940417,1.3189199999999999,3.65144,31.02575403139885
2024-06-18 04:58:26,04:57:27.50,-0.01108422782287911,0.007789439441824856,0.9610267676805853,-2.5048818773334838,-2.8407895879991423,-4.383336324318064,-0.33844,-0.04852,29.487196799994123
2024-06-18 04:58:27,04:57:28.00,-0.014597512445123095,0.00014173256068172332,1.0205902621498635,1.0010339756340325,4.574965945719355,-4.512315751672129,0.0968,2.03916,27.177304793914335
2024-06-18 04:58:27,04:57:28.50,-0.030247385861920124,0.0005292472160392516,0.9840066323095751,-0.5325286976174436,-3.432053952020203,-1.513972332133288,-0.21963999999999997,0.9418000000000001,25.77376408652184
2024-06-18 04:58:28,04:57:29.00,-0.01759454202369018,-0.0020538215086366427,0.9956314794345549,0.45469223755311616,6.332840212250268,1.8905372349082752,-0.011280000000000002,2.1944,25.65293485567247
2024-06-18 04:58:28,04:57:29.50,-0.08088947107952142,0.008877845436267708,0.9974618853368797,2.095574981442799,8.243905687195891,34.80494675816792,1.5075200000000002,5.81044,34.46098358954192
2024-06-18 04:58:29,04:57:30.00,-0.12688634040385705,0.060984837766523754,0.9962881737221028,0.7569568908563628,1.604893604058676,46.966934057106776,4.46556,6.7994,56.07120101626892
2024-06-18 04:58:29,04:57:30.50,-0.09072835186194539,0.11489179080693945,0.9932976488307667,-2.435393344892215,-1.1434354327572587,48.5892774250429,6.59388,4.35712,80.22022770819817
2024-06-18 04:58:30,04:57:31.00,-0.029635584580651943,0.10560075725513128,0.9968574101468068,-7.978076143143454,1.048542138281086,50.630332177026006,4.97804,1.71396,104.99610842655653
2024-06-18 04:58:30,04:57:31.50,-0.00453776991375164,0.03549625756493003,0.9986150380002812,-7.698945024440214,3.5470051589670457,53.89473040955366,1.39812,1.1955200000000001,131.14237260769724
2024-06-18 04:58:31,04:57:32.00,-0.03031971781457191,-0.025015801764167785,0.9978396328651671,-4.889056865272616,2.7408246337628346,57.50139141421527,-0.93024,2.56976,159.16043268856797
2024-06-18 04:58:31,04:57:32.50,-0.05831736871394781,-0.04415366745373001,0.9985712234766686,-4.3736277922169675,-1.358456678157748,59.566292364120365,-1.91964,3.4906400000000004,-99.41290830274058
2024-06-18 04:58:32,04:57:33.00,-0.06328832663304519,-0.04976787440323613,0.9994835800872807,-5.167092370038128,-1.9842284573814186,60.32319932256154,-2.7012,3.7793200000000002,-141.4508495161446
2024-06-18 04:58:32,04:57:33.50,-0.0685740124190816,-0.058179488236665564,0.9906895083072058,-3.841253238085599,-3.2952035176387877,54.02612124331778,-3.20192,3.93628,-111.50336639730119
2024-06-18 04:58:33,04:57:34.00,-0.06144896859444219,-0.06462814224594587,0.9890545793068223,-2.4303755666479714,-3.3386708217460863,15.343784741325782,-3.14044,3.3346,-93.99576286588419
2024-06-18 04:58:34,04:57:34.50,0.0002487727197193357,-0.13649971227864857,1.0045129839171307,-11.052130175864349,-10.263300741207033,-11.770551377379554,-8.15124,-0.99068,-94.68165905464521
2024-06-18 04:58:34,04:57:35.00,0.07462016440636518,-0.1737023746872647,0.9889135915701178,2.9636676397423463,-0.38544381488937857,-9.128840939077982,-9.37036,-4.3294,-100.42135713867155
2024-06-18 04:58:35,04:57:35.50,0.04927597447848213,-0.09636491193948866,0.9882978269980378,11.905052703775246,10.039567603903823,-3.5570386661919633,-4.40668,-1.48184,-103.77590301786287
2024-06-18 04:58:35,04:57:36.00,-0.026210390042643514,-0.018596680647913134,0.9968341319656155,2.8380118330091983,5.657825984247609,33.35373162963024,-0.732,2.45648,-96.24711014024628
2024-06-18 04:58:36,04:57:36.50,-0.054230558908464975,0.028435805753151272,1.0197456028633782,4.508717172942401,8.244386219887161,16.80866449283759,1.65736,4.03832,-82.02102174588552
2024-06-18 04:58:36,04:57:37.00,-0.14477542115751535,0.06411642891301139,1.0056369365551823,-1.6869218610077745,4.112362267516863,1.830316260869099,2.9176800000000003,9.06396,-78.2192326254611
2024-06-18 04:58:37,04:57:37.50,-0.15440592256003582,0.04450265083405441,0.9995409231329505,-3.4690129322210863,-11.087448638823089,1.8814521347103073,1.4798,5.87184,-77.42185390766191
2024-06-18 04:58:37,04:57:38.00,-0.038576478284730216,0.013904300546573727,0.956402969200646,-0.7162849140771406,-11.120427676980892,5.353124232726721,1.02988,0.27988,-75.72340031989066
2024-06-18 04:58:38,04:57:38.50,0.021723656701362046,0.0011933524937150816,0.9876687304967959,-1.5887030374799536,9.681092655657276,23.639609772797762,0.0544,1.29652,-69.43071079954478
2024-06-18 04:58:38,04:57:39.00,-0.047125800352391466,-0.001874035423299676,1.0109961941065737,-1.2911631458465118,0.11108622178600083,47.998772060869904,0.31028,2.9854000000000003,-50.22911205460666
2024-06-18 04:58:39,04:57:39.50,-0.038065673178729366,0.0058508534547545964,1.0002228174831886,-1.7855242013658892,-1.7496536311427229,51.12388190551335,0.57952,2.01872,-24.87173617465614
2024-06-18 04:58:39,04:57:40.00,-0.0236280351397109,0.00344450679506422,0.9893020059643548,-2.4737367821918967,1.4979569970678273,28.18136490107843,-0.008559999999999998,1.8085200000000001,-3.6614101311739855
2024-06-18 04:58:40,04:57:40.50,-0.03929305805443113,-0.03465159948903644,0.9976471587250088,-6.530588115476422,2.0087128647361707,-15.560068337932844,-2.6746,2.4778800000000003,-1.1435216795141556
2024-06-18 04:58:40,04:57:41.00,-0.045243499876008765,-0.07895134941420806,0.9961601755157833,1.0791260853220752,3.19988522514554,-28.667109694981193,-4.3246,2.9188799999999997,-13.284311315563224
2024-06-18 04:58:41,04:57:41.50,-0.04997536844594268,-0.08312391124737414,0.9952540537299482,0.5777117866651136,1.8658482217239538,-34.09308790226981,-4.731599999999999,2.7108,-29.102193631566603
2024-06-18 04:58:41,04:57:42.00,-0.04881006902419552,-0.09307988506268464,0.9968138742770344,1.642549783185777,3.2614486166646177,-37.602914154197826,-5.1662,2.61236,-46.97317198804445
2024-06-18 04:58:42,04:57:42.50,-0.05323794806383546,-0.0924744805365414,0.9982196081557498,3.28102853075954,4.0649532149388845,-41.41325049435733,-4.9450400000000005,2.81716,-66.76110395051124
2024-06-18 04:58:42,04:57:43.00,-0.05963665720444473,-0.07436464851979414,0.9992365418695256,6.7636818774098355,1.537987755970421,-44.64448704083761,-3.50676,2.6039600000000003,-88.19015336114835
2024-06-18 04:58:43,04:57:43.50,-0.0593645288911735,-0.03704913632677474,0.9982426034690753,3.454828775660242,1.545266362248063,-48.65307329316211,-2.1812799999999997,2.63024,-111.52533920425356
2024-06-18 04:58:43,04:57:44.00,-0.06203630640160045,-0.03282715214930978,0.9999076479040356,1.5566360519112152,0.5251243643557132,-51.989516905925996,-2.41892,2.52572,-136.69204200028216
2024-06-18 04:58:44,04:57:44.50,-0.052936542256645056,-0.03970067782328192,0.9975954928026856,1.2254394962421333,0.6414728204724962,-54.26235422614641,-2.67408,2.104,-163.30134572405305
2024-06-18 04:58:44,04:57:45.00,-0.042381401561491686,-0.05368885638362198,0.998229677023737,-0.009920554815086665,0.6641217009541062,-55.52715727113547,-3.4862,1.49136,126.09963174682794
2024-06-18 04:58:45,04:57:45.50,-0.026022575253944132,-0.06405470913664088,0.9973276312353957,1.0510538008641026,1.569667354010622,-56.2072692563061,-3.7083999999999997,0.65704,141.44181121276523
2024-06-18 04:58:45,04:57:46.00,-0.01709879117735816,-0.05274421603991322,0.9851973731341253,6.460035002067972,5.873453579032213,-42.18570490204527,-2.4058,1.3741999999999999,115.48965526305781
2024-06-18 04:58:46,04:57:46.50,-0.059110614855674176,0.003096610527089144,0.9966758968702776,7.565246248750133,1.2789334781065846,-4.336210139339752,1.42152,2.8432,103.42462123961408
2024-06-18 04:58:46,04:57:47.00,-0.06085140920752202,0.05047033981799618,1.001501131162331,-2.513922128601892,-1.1825134219046836,31.95575539692215,2.38984,2.50732,112.46583446091921
2024-06-18 04:58:47,04:57:47.50,-0.03426971650779414,0.030834238152554035,1.0064522367525852,-6.622707558944396,2.6927448012538324,37.32003205851799,0.62736,2.51776,130.93714852727877
2024-06-18 04:58:47,04:57:48.00,-0.05383113397702308,-0.005616446585346609,1.0192478651546784,-3.534742086273084,3.4474673233763644,13.775065619100223,-0.90156,3.92556,144.32666548751646
2024-06-18 04:58:48,04:57:48.50,-0.075422516427507,-0.025086825993580874,1.0141669311004893,1.3736521936801562,0.3538407589187771,0.9065560534837992,-1.07036,4.50052,146.99712454958947
2024-06-18 04:58:48,04:57:49.00,-0.08097046482243876,-0.009235351166332348,1.0094289193879553,3.8352541305913155,-1.3559534587770372,-3.794798919854914,0.23048000000000002,4.21652,146.15154870284664
2024-06-18 04:58:49,04:57:49.50,-0.06828484134560746,0.020494627100928312,1.0069707318795245,2.4975943363675266,-3.037657660408735,-4.565618041296506,1.56408,3.21048,143.99824568269327
2024-06-18 04:58:49,04:57:50.00,-0.043101137653959114,0.030735559057886257,0.9795882907898995,-4.7745530197245305,-4.800802531957129,-4.750161753649429,0.82504,1.59068,141.83071887066117
2024-06-18 04:58:50,04:57:50.50,0.002470437838485728,-0.009448908987706511,0.9551785938852645,-0.9610276153296675,-0.5933984832700139,-3.98195630355782,-0.76764,-0.08524000000000001,139.5297415370873
2024-06-18 04:58:50,04:57:51.00,-0.010186862005903645,-0.01517364743064899,1.020482539721955,1.0105943184275672,4.836146113510022,-2.508019472223207,-0.47352000000000005,1.88412,137.94007972932127
2024-06-18 04:58:51,04:57:51.50,-0.03186902901280367,-0.0025202809648847795,0.9944064885663871,1.7830851284745035,-4.00308250990176,-0.3493874810893957,0.11344,0.9042,137.41188723415652
2024-06-18 04:58:51,04:57:52.00,-0.010823582351175696,0.007878637150792352,0.9979089122811321,-0.27321714989196105,2.9755005407535062,0.8502660838652658,0.40915999999999997,1.25956,137.69319935832547
2024-06-18 04:58:52,04:57:52.50,-0.033420007697116096,0.006436111294682688,1.0029649035038002,-0.8339347977799793,-0.39932236818281447,1.747657441688559,0.14176,1.81084,138.33759580166293
2024-06-18 04:58:52,04:57:53.00,-0.027563442669609736,-0.0007246128293900959,0.9868452712942687,-0.9308604107197155,-0.08912262447099455,1.2948306898142727,-0.2094,1.48496,139.22881915474738
2024-06-18 04:58:53,04:57:53.50,-0.031986587277778915,-0.012612250264239868,1.0014201150738045,-3.3859630190983747,3.286268049061291,-0.4699291686227746,-1.296,2.42332,139.47287007536664
2024-06-18 04:58:53,04:57:54.00,-0.067120399145048,-0.039263062224116865,0.9971975529837735,0.7783762760347933,4.480864487113577,-0.7848823605060796,-1.88412,4.47604,139.15337750843605
2024-06-18 04:58:54,04:57:54.50,-0.09621121471711104,-0.032320486222984356,0.9986226349639301,0.7914122689663747,-1.5683324281726039,-0.3315101121489088,-1.571,4.992319999999999,138.9554309023842
2024-06-18 04:58:54,04:57:55.00,-0.07674719866662898,-0.026706330666911762,0.9956534533594799,0.5897726678177571,-3.566248890853706,0.11002619639447547,-1.38728,3.60864,138.96085268241583
2024-06-18 04:58:55,04:57:55.50,-0.052272739190736564,-0.016649461390509292,1.0008073168731273,0.8800964674864986,0.8890758845776549,0.3913578996296119,-0.8957599999999999,3.1614,139.16366593839052
2024-06-18 04:58:55,04:57:56.00,-0.06592154396093922,-0.019619771901361813,1.002463134600526,-2.181793488804973,1.542286019138616,2.4055504900162683,-1.22524,3.93832,139.7343155012279
2024-06-18 04:58:56,04:57:56.50,-0.10908212851522753,-0.03761856480572977,0.9983190896620378,-2.343642891196989,3.918777725649587,3.2218640044393863,-2.4966399999999997,5.87692,141.35308910668445
2024-06-18 04:58:57,04:57:57.00,-0.08300869434608131,-0.0772365770067689,0.9984148317455319,-5.587042596267993,-2.9113006545787123,-3.4637207468840603,-4.1627600000000005,5.52236,141.85740452817436
2024-06-18 04:58:57,04:57:57.50,-0.07330467780773675,-0.13944354441750556,0.9944477655147744,-10.753099938141647,-4.482023181820421,1.3342176291872527,-9.70552,3.33624,140.69893297864596
2024-06-18 04:58:58,04:57:58.00,-0.0419118594097298,-0.18477453765258203,0.973602740727961,3.561402655342219,1.1912232284868813,5.703092057026923,-10.50112,2.9988799999999998,142.49047771908698
2024-06-18 04:58:58,04:57:58.50,-0.06748863315253671,-0.12532692420154032,0.9768141407372294,17.249833841341687,0.5351542752016982,29.51625493176396,-3.67096,4.37476,150.30091147621744
2024-06-18 04:58:59,04:57:59.00,-0.07071021934657015,0.03408099111588899,1.0029032537587281,4.885178510718184,-1.1999980135382249,47.75478291471229,2.60968,3.85048,128.0514720382647
2024-06-18 04:58:59,04:57:59.50,-0.03774509135401361,0.08193505035234187,1.0058154155504753,-3.2289981899715223,3.331654462492726,52.331663113786874,3.89972,2.7294400000000003,-163.52480385326413
2024-06-18 04:59:00,04:58:00.00,-0.03218676232918178,0.05924050594400889,0.9997693768262476,-7.073897693040155,4.845803498462811,53.92070951357924,2.5282400000000003,2.90844,-136.79396724367837
2024-06-18 04:59:00,04:58:00.50,-0.04912103355680401,0.01141562639676548,1.0044448500394652,-4.772974655225555,2.7855645242449656,53.231170419026405,0.8395199999999999,3.6050799999999996,-109.88503779496574
2024-06-18 04:59:01,04:58:01.00,-0.06153605926819528,-0.00010983851235241389,1.0082830928192223,-2.0804155624286604,-0.0901193174004033,46.233601349153496,0.7796,3.6430000000000002,-84.31517995125698
2024-06-18 04:59:01,04:58:01.50,-0.05908681029215521,0.005548538903520805,0.9791700836704531,-2.647852216990012,1.0388389377850467,27.711132719809292,0.36091999999999996,3.48068,-66.15133043514359
2024-06-18 04:59:02,04:58:02.00,-0.08422793708338902,0.011467950828914872,1.017364646781294,7.110486161901937,7.67726601108447,14.779303651150503,2.40836,6.154159999999999,-55.67579271634203
2024-06-18 04:59:02,04:58:02.50,-0.1311388783813454,0.08078197186491992,0.9939522005267146,-1.1089726604058094,-10.211838018074184,9.845039821000865,4.63152,5.4402800000000004,-50.043340667556684
2024-06-18 04:59:03,04:58:03.00,-0.0186493948646759,0.05041431256287148,0.9698918142886741,-9.9306068559472,-4.6851263591753955,9.836676710692226,0.8642799999999999,0.05212,-45.05293961266118
2024-06-18 04:59:03,04:58:03.50,-0.0045059494034112,-0.016649258083118,1.001071851910856,2.1733758218639325,6.04129064058383,11.174621404214374,-0.022399999999999993,2.1264000000000003,-39.74978134327946
2024-06-18 04:59:04,04:58:04.00,-0.03587099164053049,0.0025565471628630483,1.0035427946941922,0.9362661958585796,-5.144033125380156,12.772252724047078,0.72124,1.08812,-33.683158470699865
2024-06-18 04:59:04,04:58:04.50,0.0071406505707109925,0.014858471716161024,0.9947708415022362,0.9730852925845521,1.4999868724212582,14.902153123444698,1.12408,0.023240000000000004,-26.711807908644687
2024-06-18 04:59:05,04:58:05.00,-0.008465798303250383,0.017073779086791266,1.0013746677187507,-2.6937322267983403,1.1634147108915014,14.309912370744087,0.65184,0.8084,-19.136868193108352
2024-06-18 04:59:05,04:58:05.50,-0.012729308641143064,-0.009207703432091131,0.9854867584926934,-3.91824447999614,1.1444719620567667,8.48648185464976,-0.9676,1.08304,-13.347805727202081
2024-06-18 04:59:06,04:58:06.00,-0.031054715113625724,-0.04603164625012351,1.0040500065132045,-3.5579469031324775,2.890200754253601,6.083315489582149,-2.78092,2.44176,-9.759005229939449
2024-06-18 04:59:06,04:58:06.50,-0.0476979271611594,-0.07343880390502665,0.999003817454731,-1.2214879775318337,-1.1658379104684824,3.2709978473888928,-3.8448,2.50968,-7.368872634209579
2024-06-18 04:59:07,04:58:07.00,-0.04184423672065555,-0.0767804590402097,0.9961390817569412,-1.8257603589089073,-1.3459633402961029,0.4554245626663755,-4.44768,2.12676,-6.468261560187741
2024-06-18 04:59:07,04:58:07.50,-0.03179300904486615,-0.09900451472239985,0.9994425584637127,-2.610484482165379,0.2160366384068919,-0.5138735372892397,-6.1085199999999995,1.8288,-6.3312489242299606
2024-06-18 04:59:08,04:58:08.00,-0.03138300920196721,-0.1279462306322781,0.9952852759727109,2.7191375425762327,1.0488896761696982,-24.593534066296876,-6.09724,1.58564,-11.393841245847959
2024-06-18 04:59:08,04:58:08.50,-0.015787903025009004,-0.08942896664244036,0.9960738317067562,7.094306982418301,1.034192646876659,-28.157104848041897,-4.1257600000000005,0.6905199999999999,-27.225173678752686
2024-06-18 04:59:09,04:58:09.00,-0.03487199206748376,-0.03276161876696259,0.9986377733821473,3.7329085278061687,6.048344665918434,3.9272453741763966,-1.51864,2.40856,-32.92149666986282
2024-06-18 04:59:09,04:58:09.50,-0.09256500865679407,0.006304067244013472,1.0024995616088592,-0.19283618187005253,4.207849619309161,14.382144066413616,-0.27824000000000004,5.1538,-25.914348257177107
2024-06-18 04:59:10,04:58:10.00,-0.12140280798394862,-0.00448217585344096,1.0001958068728083,-1.7905752303899503,0.9290690911441479,-0.05306877925416627,-0.1978,6.85016,-23.379745963962336
2024-06-18 04:59:10,04:58:10.50,-0.0791522672718911,-0.027665721316418646,0.998632961984372,-4.657321400807313,-5.437429454834408,-0.11386206676562238,-2.1788,5.1413199999999994,-23.402752743168513
2024-06-18 04:59:11,04:58:11.00,-0.042315984406974844,-0.06741082219012678,0.9950283454045454,-4.517051621878334,-2.250513386166379,-3.7527595364121438,-5.10152,2.17056,-24.323904713534603
2024-06-18 04:59:11,04:58:11.50,-0.04701003673097406,-0.08688644307957302,0.9920684354832846,4.439364285729114,2.657680372672203,-15.058468464687152,-4.2936000000000005,2.8572800000000003,-29.115428498565713
2024-06-18 04:59:12,04:58:12.00,-0.061175472103277714,-0.06606594789149119,0.9939192870530472,2.712035848948624,-2.096758039349026,8.151724053510295,-2.31548,2.79596,-31.919156221944963
2024-06-18 04:59:12,04:58:12.50,-0.03401247009556651,-0.01242685964813584,1.000159818715322,3.0032864648271245,-2.8874291120917004,7.55409438477195,-1.3383600000000002,1.77708,-26.604387129375773
2024-06-18 04:59:13,04:58:13.00,-0.008233078444751489,0.05151233901469634,0.9964296202026875,6.207113510745984,-2.037648099973854,-1.1810024301545083,1.75552,0.46192,-24.25959905802911
2024-06-18 04:59:13,04:58:13.50,0.007309966974598772,0.08310718204799278,1.003126774143729,-1.1706367758415765,-0.507231411083365,-7.237876937764807,3.8612,-0.0864,-27.379018589484662
2024-06-18 04:59:14,04:58:14.00,0.004488810402786584,0.05791859844161758,0.9951004436215856,-5.154944450721224,2.485579865489038,-0.19661348960946287,2.275,0.35812,-29.26451495045128
2024-06-18 04:59:14,04:58:14.50,-0.021642630812242346,-0.006624158779445563,0.9942470892436674,-8.27207018812574,-0.9251932436920967,-25.47305933902858,-1.3128,0.9098,-33.25619445485905
2024-06-18 04:59:15,04:58:15.00,0.028621779436396405,-0.09411927341417747,0.9851474280845396,-9.040950446875245,-3.6803057456310126,-19.861233434263738,-5.731319999999999,-1.8062799999999999,-48.671104979919285
2024-06-18 04:59:15,04:58:15.50,0.05466975784219688,-0.16163424185487504,0.9950233063936151,1.4850978945094808,3.330029001279405,-17.14280998795274,-7.76756,-2.50576,-54.34948250186097
2024-06-18 04:59:16,04:58:16.00,0.05209254164201557,-0.138256706387842,0.9682965748905328,5.785086977055813,6.712709868292763,-10.072644283099908,-6.22028,-1.8519999999999999,-63.42922010842755
2024-06-18 04:59:16,04:58:16.50,-0.029801136489451648,-0.06275065302425137,1.028600914912099,16.015775500890808,9.819261921072059,-6.332750207645793,-0.55228,2.7322800000000003,-65.92731192565522
2024-06-18 04:59:17,04:58:17.00,-0.10433405472065964,0.06084964996898114,0.9750119978927029,8.257563076315277,0.9394356311088152,-9.704551046881043,5.00256,4.97492,-71.09558581312608
2024-06-18 04:59:18,04:58:17.50,-0.12469015413418191,0.10268716414016384,0.9870156065508355,-5.924794904894941,-1.680308946090709,-4.271475012775545,4.03856,5.938479999999999,-74.08744387883779
2024-06-18 04:59:18,04:58:18.00,-0.11666713103917244,0.06688903900601352,0.9954750346575162,-5.573803864841819,-0.9825540943790204,4.216423613255181,1.8256799999999997,5.429880000000001,-73.9523290362276
2024-06-18 04:59:19,04:58:18.50,-0.10061902255530686,0.004744112855887188,0.9989520352837569,-4.154513078454583,0.40631167840636534,3.9773669112996832,0.08176,5.90968,-71.73581773184122
2024-06-18 04:59:19,04:58:19.00,-0.10032152041749492,-0.023266776779541285,0.996800023969791,-2.4200516131286114,-1.8648552595242671,3.6441763922855164,-1.34572,5.37244,-69.68144627674201
2024-06-18 04:59:20,04:58:19.50,-0.08583213954244873,-0.0380112747420088,0.9962062916744352,-0.42883490648174527,-1.0235217029314152,1.5191111233179826,-1.8989600000000002,4.81492,-68.35889919253847
2024-06-18 04:59:20,04:58:20.00,-0.07826974583717884,-0.03822446636718643,0.9987897336515862,0.07710025940592494,0.25496729941847646,0.054953489635768245,-1.99764,4.67516,-67.96117539246858
2024-06-18 04:59:21,04:58:20.50,-0.08006982642545543,-0.03738394018142888,0.9995538605980144,-0.8009986823976922,0.13650307311882076,-0.3869482687237643,-2.282,4.76448,-68.0035376445995
2024-06-18 04:59:21,04:58:21.00,-0.08116386916611462,-0.045818118733654926,1.0005913101540806,-1.182555878630052,-0.10201941033223325,-1.1490047372529562,-2.8399599999999996,4.6446,-68.3377817623744
2024-06-18 04:59:22,04:58:21.50,-0.07836296478526623,-0.05460238278136016,0.9980541757281353,-0.09298490740649495,-0.43304905097043495,-1.1653419450125195,-3.1670800000000003,4.3908,-68.88047006066182
2024-06-18 04:59:22,04:58:22.00,-0.07551731022393746,-0.05239758032912125,0.9989454865932395,0.932570565915282,0.10858142663736103,-0.7201249719759568,-2.8994400000000002,4.39108,-69.25386123580486
2024-06-18 04:59:23,04:58:22.50,-0.07628985468940506,-0.044696486401985806,0.9969419491290828,0.8002584802787365,-0.19980654458261113,-1.5729754245402914,-2.51752,4.28628,-69.75265758195312
2024-06-18 04:59:23,04:58:23.00,-0.07523123484537943,-0.03789846236178057,0.9969101519231777,0.8144174498714983,-0.2713314388510391,-2.459263900595798,-2.09656,4.21544,-70.71834301480123
2024-06-18 04:59:24,04:58:23.50,-0.07062231658709224,-0.035052325591221824,0.9989478993195183,-0.17279807601630498,-0.35705258798174583,-3.362686991638625,-2.17156,3.9311599999999998,-72.12026894262232
2024-06-18 04:59:24,04:58:24.00,-0.06829179537226354,-0.039414558987959404,0.997673813811517,-0.467525737262457,-0.14676387930166018,-3.2064299734624546,-2.3919200000000003,3.8982799999999997,-73.81640132314142
2024-06-18 04:59:25,04:58:24.50,-0.07188223601839765,-0.06919383118297874,0.9947078440524263,-5.993620431472765,0.7591462098987695,3.985092288640583,-3.9054,3.96108,-73.16545702676481
2024-06-18 04:59:25,04:58:25.00,-0.07745983373951183,-0.14032022961630747,0.9916015973364953,-9.927354301312684,1.1561914451789645,-2.2295097316055967,-8.90072,4.64236,-72.9283139648283
2024-06-18 04:59:26,04:58:25.50,-0.07748245119614987,-0.21444557913390952,0.9850544665611833,-7.349081554889603,0.8753272493583192,-1.4294266629522658,-13.41232,4.7314,-74.11005984465095
2024-06-18 04:59:26,04:58:26.00,-0.06662023872236539,-0.23917958792437463,0.9757307273029058,15.160014179322264,-11.316282479060712,2.979657177558364,-10.711279999999999,2.3287199999999997,-73.32600506747613
2024-06-18 04:59:27,04:58:26.50,0.017686406161835623,-0.07873212657275153,0.9634052035670071,15.008513552113806,0.25091099200753997,-0.8403179174826272,-2.0478,-0.10116,-72.64160810404971
2024-06-18 04:59:27,04:58:27.00,-0.005574168095586491,0.01732502289687647,1.009213725364866,-0.6304620607681223,4.060283552345488,-3.3555638525351323,-0.62964,1.80204,-73.79228085287312
2024-06-18 04:59:28,04:58:27.50,-0.026178629928721095,0.027835939023131938,0.9937660809639636,3.125384759776232,-3.491460057084619,-1.4102092856314987,0.7279599999999999,0.69604,-74.98383051587447
2024-06-18 04:59:28,04:58:28.00,-0.017754747734489457,0.06193520278418819,0.9916756568319642,1.4013510619994014,8.556741497157255,1.6381701818632077,2.5975200000000003,2.19912,-74.9446329024968
2024-06-18 04:59:29,04:58:28.50,-0.08380777790257776,0.07523936275626167,0.9959706096602647,2.4189846200051512,3.6888298775509143,5.4624667393816715,4.1885200000000005,5.07392,-72.90809625227706
2024-06-18 04:59:29,04:58:29.00,-0.11184046496426665,0.08858267330699704,0.9912446998845791,-0.6627452949871272,0.27665801563085346,4.871592583699512,4.82024,5.8848400000000005,-70.1168468673254
2024-06-18 04:59:30,04:58:29.50,-0.09940756374122564,0.07898447393371957,0.994192963345553,-4.5521297333746595,-3.6827942102603175,1.7004010345375764,3.762,4.79212,-68.42300974679094
2024-06-18 04:59:30,04:58:30.00,-0.06840917695148306,0.03688719154634844,0.9990052617821852,-5.217624211851984,-2.4247018774374967,-0.6796367600888993,1.38,3.41212,-68.2099088845366
2024-06-18 04:59:31,04:58:30.50,-0.05030544607587202,-0.006054208242649855,1.0001855286758379,-2.058532490531613,0.9178973986164789,-1.1813412568416282,-0.32944,3.15568,-68.69234684055529
2024-06-18 04:59:31,04:58:31.00,-0.060743122868442356,-0.02353393335284421,0.9981461305509385,0.06815521164571958,1.9150329265495345,-0.5073749179500381,-0.90388,3.9236400000000002,-69.04939013606257
2024-06-18 04:59:32,04:58:31.50,-0.07773394515135601,-0.022045677817532704,0.9989478158489478,0.08720177429993207,1.4348810031963246,-0.01634462908728279,-0.9837599999999999,4.67592,-69.0987045083044
2024-06-18 04:59:32,04:58:32.00,-0.08989599610463567,-0.024339874305744233,1.000359884068883,-1.5464709458918084,0.9790432679991286,0.36162632207854556,-1.50276,5.23048,-68.9499444964568
2024-06-18 04:59:33,04:58:32.50,-0.0953911439743297,-0.039489233067897526,0.9996462470801252,-1.484727948433121,-0.5282262894869888,0.34155495366638955,-2.36444,5.3222000000000005,-68.69721224147953
2024-06-18 04:59:33,04:58:33.00,-0.09226472193045639,-0.051408340468912836,0.9972243911228422,-0.3893202945576287,-0.7190393034589184,0.5526485718826404,-2.7946,5.03088,-68.43672017769808
2024-06-18 04:59:34,04:58:33.50,-0.08355723305616591,-0.05230004806221682,0.997327829642964,0.5350622581128656,-0.8061597359321534,0.9795255506823011,-2.7905599999999997,4.6926,-67.96602814073235
2024-06-18 04:59:34,04:58:34.00,-0.07925059903842134,-0.044457228458077695,0.9968300301421796,1.397909554636604,-0.32613839435241126,1.2978555197298687,-2.27292,4.47344,-67.37082737754848
2024-06-18 04:59:35,04:58:34.50,-0.07576437842376577,-0.03203951825459422,0.9961559801340453,0.7589787093519879,-0.4031672710880715,0.8236846382258497,-1.7082400000000002,4.33976,-66.70918667141046
2024-06-18 04:59:35,04:58:35.00,-0.07426821813411132,-0.025925100944843633,0.9983457960140685,0.13053077156628798,0.10350190632176538,0.14983073187555374,-1.52124,4.25832,-66.44554413952963
2024-06-18 04:59:36,04:58:35.50,-0.0731623462400391,-0.025890038113483626,0.9974662283156209,-0.24455961979262125,-0.28531855910092485,0.027065927163890363,-1.66572,4.2052,-66.35136228779191
2024-06-18 04:59:36,04:58:36.00,-0.07327193696570143,-0.027623772229384853,0.9987176301075802,-0.7589783776013553,0.47114979378682137,-0.11012076884615694,-1.7304400000000002,4.32392,-66.29979255192231
2024-06-18 04:59:37,04:58:36.50,-0.07400783829394599,-0.03045357838673056,0.9961584325801469,0.6134385352176188,-0.5379982544250888,-0.4486971397279574,-1.79392,4.10592,-66.369679460606
2024-06-18 04:59:37,04:58:37.00,-0.07022243680884965,-0.0281684193078176,0.9964680032411211,0.5659282219946759,-0.433376967719261,-0.7723169818089154,-1.48444,4.02236,-66.65165306127014
2024-06-18 04:59:38,04:58:37.50,-0.06451752910558783,-0.015969853111817957,0.997577930374248,0.27225377687432534,-0.511472542327201,-3.0860494183696643,-1.20292,3.59584,-67.3135246789888
2024-06-18 04:59:38,04:58:38.00,-0.06118184038999788,-0.01951464166490131,0.9981738348849462,-0.20232802342860048,0.33607755597304645,-4.1527825395142965,-1.3371600000000001,3.57384,-69.41434957876153
2024-06-18 04:59:39,04:58:38.50,-0.06891667980444105,-0.015318431291849684,0.999760169518626,2.3816800459937353,1.3085350214003315,0.45181343039594907,-0.72712,4.06636,-70.66014177162793
2024-06-18 04:59:39,04:58:39.00,-0.08459034096466754,-0.009142856429634865,0.9978923785711971,-1.421046522886582,1.008765012766262,0.9192555162026079,-0.20375999999999997,4.70928,-69.4041686812379
2024-06-18 04:59:40,04:58:39.50,-0.10138462126114402,-0.02004841747417734,0.9939848930327128,-5.590348922361355,1.6161830048389796,11.697162168373431,-2.74668,6.29044,-66.60209293235603
2024-06-18 04:59:40,04:58:40.00,-0.08778103123790933,-0.020093932239142465,0.9972044848913733,7.840967208076455,-4.815740976239674,1.5372200375423972,-0.6227199999999999,4.24392,-62.53823532321732
2024-06-18 04:59:41,04:58:40.50,-0.07246985241781694,0.044255010297450735,1.0046211000272027,2.853761333372513,1.4906928906684902,-4.9523456788532165,2.8139600000000002,4.29064,-64.16588973962112
2024-06-18 04:59:41,04:58:41.00,-0.07584069166970026,0.0423372787250263,0.9945596259715747,-8.459489429481764,-1.943744747314999,0.014442774953889206,0.8271600000000001,4.113,-65.18970508041119
2024-06-18 04:59:42,04:58:41.50,-0.06802791964417558,-0.04602211576489659,0.991068152688699,-9.084077579195869,0.8238976274550738,1.6647803775364591,-3.906,3.96724,-64.65195494236474
2024-06-18 04:59:43,04:58:42.00,-0.07762689890540815,-0.11517876661671787,0.9931278872682939,1.1422197362044948,2.178059364405448,-0.2533928842822353,-5.4192,4.9572,-63.96947056434617
2024-06-18 04:59:43,04:58:42.50,-0.08930151719432035,-0.09745254875582589,0.9920723812164555,3.6258965609326093,0.21219943966936278,-1.4692149375465908,-4.36508,5.10916,-64.67193479725219
2024-06-18 04:59:44,04:58:43.00,-0.09045783928824934,-0.06777292447926066,0.9945198186205981,2.4583375485213703,0.2886798721117816,0.5869192329326656,-3.30892,5.25408,-64.8929294455891
2024-06-18 04:59:44,04:58:43.50,-0.07975734124964502,-0.08054212896358127,0.9989950413893374,0.292003216910054,-2.884139362929667,-2.189206331683618,-3.38944,4.6819999999999995,-64.9382413633947
2024-06-18 04:59:45,04:58:44.00,-0.06085857772968681,-0.05476994553328076,0.9988340695887926,3.399271360085396,-1.4482588700613848,-4.146979851981424,-2.4203200000000002,3.6327999999999996,-66.63077066318135
2024-06-18 04:59:45,04:58:44.50,-0.05068580677492801,-0.017159167731474273,0.999704578610419,1.7855602044566397,-0.16106681883944113,4.151436337128615,-1.36828,3.08804,-67.04155894812426
2024-06-18 04:59:46,04:58:45.00,-0.05211927922245576,-0.0020199839679035138,0.9977272701748607,-0.9011833145731701,-0.2506603735617868,7.632352854899823,-0.59048,3.06312,-63.318708552934496
2024-06-18 04:59:46,04:58:45.50,-0.04155589773310161,-0.02047676993552427,0.9996291969110759,-2.0294989841282858,-1.2539464481696556,2.60702572826,-1.52392,2.42748,-60.65349351798318
2024-06-18 04:59:47,04:58:46.00,-0.03690851558283652,-0.021174957598798963,0.9985073439005473,1.5654793581866833,0.8045654303381023,0.15778180186464522,-1.00516,2.2286799999999998,-60.43508257111059
2024-06-18 04:59:47,04:58:46.50,-0.04025080529900005,0.008886586801343088,0.9982072384655357,1.1556733909317871,-0.1486107030601872,4.0214157645351385,-0.006200000000000002,2.5608400000000002,-58.7440271651211
2024-06-18 04:59:48,04:58:47.00,-0.0459673136434284,-0.015640559794241827,1.0030583133219193,-3.6607259813184356,0.8302374480107073,-1.1586282242757675,-1.1554,2.67048,-57.813695353800746
2024-06-18 04:59:48,04:58:47.50,-0.050340466974354105,-8.689017885486372e-05,0.9952638943562886,-0.6276689174587621,1.9353061525904862,-3.507514508156955,-1.17652,3.1137200000000003,-59.78256912124289
2024-06-18 04:59:49,04:58:48.00,-0.06644639351885478,-0.03252788425925448,1.000860863825908,-2.075964067622336,0.7315509761330364,-0.593393493444446,-2.14012,3.81852,-60.430226930088466
2024-06-18 04:59:49,04:58:48.50,-0.074674237184958,-0.056296532002589654,0.9939822523419789,-4.408713372319637,1.7746199261978632,0.5217598795626093,-3.7173199999999995,4.51912,-60.32482905513627
2024-06-18 04:59:50,04:58:49.00,-0.09136985270606073,-0.12255628243139811,0.9933895522134324,-0.1601880702823685,1.3087945680519875,1.4681320643159848,-5.583200000000001,5.33336,-59.58242198111342
2024-06-18 04:59:50,04:58:49.50,-0.08637637912095682,-0.14643569862445652,0.9858404793242533,-2.9808702224257355,-2.9558688490478513,-7.026290004695867,-6.82944,4.63908,-61.161539149766206
2024-06-18 04:59:51,04:58:50.00,-0.06651042972359983,-0.15526485186765082,0.9935383553364187,-1.3471998748604657,-1.3533443561831375,-0.7449334504398861,-8.83972,3.3398000000000003,-63.43708852440377
2024-06-18 04:59:51,04:58:50.50,-0.047552740191370936,-0.15528135256382047,0.9868689713862789,5.600579223423833,-4.246945471125001,2.5516988405173833,-7.748920000000001,2.1419200000000003,-62.3584491717731
2024-06-18 04:59:52,04:58:51.00,-0.025266520395575448,-0.08712456878991601,0.9897715641308946,7.289950307358515,1.0644495027947574,0.5891347434612568,-4.32852,1.6134,-61.4974136688469
2024-06-18 04:59:52,04:58:51.50,-0.04333424718005637,-0.017547373034052946,0.9994241850506779,6.650669419274947,3.8429833650150043,0.17264652308392597,-0.80188,3.18372,-61.386309418927006
2024-06-18 04:59:53,04:58:52.00,-0.06959187994729608,0.04630382951585966,0.9979981060393893,3.2718005579164515,-2.092338868054709,0.028249399040713438,2.0476,3.2477199999999997,-61.26971364874996
2024-06-18 04:59:53,04:58:52.50,-0.049260219051317354,0.07115581669141288,0.9969091656395012,0.28672085857423524,-1.1813070088623592,0.6627889232384038,3.2637599999999996,2.4668,-61.079190551521215
2024-06-18 04:59:54,04:58:53.00,-0.040511843498303196,0.07167629997815525,0.9993632450454705,-2.6908090992304805,1.8218240323038828,0.9680648865616122,2.87144,2.63504,-60.47855966002782
2024-06-18 04:59:54,04:58:53.50,-0.04933974968941967,0.05494190884245859,1.0000762483818995,-0.5042672055297862,-0.8403032073093908,0.33577264145589325,2.2246,2.62152,-60.17425396463477
2024-06-18 04:59:55,04:58:54.00,-0.04839125976566813,0.0671297696952793,0.9960173479309343,-1.4315977218643625,-0.7871532745811346,-4.69101641153473,2.8451999999999997,1.77672,-60.65646667359149
2024-06-18 04:59:55,04:58:54.50,-0.08042322627752715,0.0463855599245405,0.9933896055662585,-5.002241128549004,6.858911858035929,2.5110528545053317,1.59708,4.291119999999999,-61.52637800741582
2024-06-18 04:59:56,04:58:55.00,-0.10460737026498076,-0.001498436039537472,0.9990521742274038,-2.7370791940845938,-4.901977908306882,0.09609011338990504,-0.16624,4.55016,-61.12305469841529
2024-06-18 04:59:56,04:58:55.50,-0.06352473925437323,-0.024342419793892532,0.9949934116981426,-1.3598727134312545,-0.37700441652296524,0.6933873740938471,-0.96488,3.42864,-60.491476728594044
2024-06-18 04:59:57,04:58:56.00,-0.05611843197369768,-0.03989815625762344,0.9990489770564627,-0.2918999996220538,-0.2831659702074325,-0.6281638397585848,-1.75376,3.49276,-60.63750607519035
2024-06-18 04:59:57,04:58:56.50,-0.04252958424950216,-0.05004089157013318,0.9996536983172808,2.6777803808056238,-1.2593009772793144,1.173193760460378,-1.6566800000000002,3.13936,-60.5639173133011
2024-06-18 04:59:58,04:58:57.00,-0.055634732221471646,-0.022973052770383702,0.9997204488178891,0.0068973938907500275,2.28576794250957,-0.24949017781353802,-1.02848,3.693,-60.042120135712004
2024-06-18 04:59:58,04:58:57.50,-0.010684115542439716,-0.035347420596975265,0.9972161687899679,-0.5614479195076664,-5.455930901350355,3.649980786772091,-1.89648,1.7903200000000001,-59.2014488003079
2024-06-18 04:59:59,04:58:58.00,0.019215333047577464,-0.021309995032165262,1.0040243845042285,1.8522281452412224,1.1588485002406517,-5.399823856056586,-1.23144,-0.30892,-59.64988415902112
2024-06-18 04:59:59,04:58:58.50,-0.014887443069266698,-0.01828836382079043,0.9974656819744034,-1.7750022638208145,4.540458140366187,-1.0944089911758816,-1.4252,1.85188,-61.2689623606216
2024-06-18 05:00:00,04:58:59.00,-0.0559859244768252,-0.03750075078479307,0.9973929663510717,-3.450929662994249,3.487093048947731,-0.11537628246909531,-2.6631600000000004,3.32004,-61.46297420928419
2024-06-18 05:00:00,04:58:59.50,-0.10810766265363249,-0.07145290151292462,0.9968909188232279,-2.7549288884235774,6.140075513325372,0.22948917721912543,-4.148759999999999,6.0266399999999996,-61.240707580949746
2024-06-18 05:00:01,04:59:00.00,-0.2026376408586435,-0.11010274916856419,0.9766391569880771,-2.7421794968974944,4.67029880607195,8.614888593578375,-5.89544,10.32688,-59.14842490622994
2024-06-18 05:00:01,04:59:00.50,-0.19835480278359482,-0.09861346734525235,0.978876858683235,3.764933852044024,-10.986416132135746,4.734590763575329,-4.6274,8.8056,-55.202732523641934
2024-06-18 05:00:02,04:59:01.00,-0.1052937405300686,-0.07015618840042412,0.989304161093968,-0.12165385646656646,-3.2691568210498154,0.8688182959563708,-4.10792,5.67756,-54.1955180939833
2024-06-18 05:00:02,04:59:01.50,-0.08450009458751516,-0.060496704098030485,0.9958587086768423,0.833506178401008,0.8678682042113733,0.7985169953839041,-3.6596800000000003,5.635879999999999,-53.67012164140685
2024-06-18 05:00:03,04:59:02.00,-0.07655203470567863,-0.05629464264426044,0.9952911738160074,0.10603662190364092,-2.31406405976723,0.3639244359309497,-3.4736000000000002,4.79756,-53.47389258593969
2024-06-18 05:00:03,04:59:02.50,-0.03338990739512964,-0.0004900812712594321,0.9963576518315006,5.665154486014778,-2.1978594298048746,-0.4648601932364441,-1.28728,2.8040800000000004,-52.78924900111156
2024-06-18 05:00:04,04:59:03.00,-0.043040500730691184,0.037057630028911326,1.0055307692869961,-0.5395637838225988,4.16331261278231,-7.630225833524841,0.7077199999999999,3.31392,-55.4678791864234
2024-06-18 05:00:04,04:59:03.50,-0.07116162861000168,0.01963431061125358,1.0011544454190162,1.3662380606582731,-1.8990478119625411,-3.083134026236978,0.9557599999999999,3.7843999999999998,-58.116589206489294
2024-06-18 05:00:05,04:59:04.00,-0.05532150611443562,0.023892540285003615,0.9965447958071698,-1.3572178390270477,-0.8234840301321391,0.9676549478818047,1.1129600000000002,2.9018,-58.55426076566077
2024-06-18 05:00:05,04:59:04.50,-0.058956586355605654,-0.0034803549800294918,0.995571496482979,-5.612351751947093,3.3532383469761133,2.6674747825114475,-0.66616,3.9526,-57.3118136592072
2024-06-18 05:00:06,04:59:05.00,-0.08539032569729103,-0.13689949788166555,0.991192557704928,-9.609088554860529,-0.26524113370024244,-3.1155037592331776,-6.1478,4.6932,-57.08099658211231
2024-06-18 05:00:07,04:59:05.50,-0.07323082088286123,-0.17211941503908373,0.9884710276724157,2.6452718736269203,-0.10110274312000249,-4.375771213116411,-8.20196,3.93736,-59.546085799087976
2024-06-18 05:00:07,04:59:06.00,-0.0761552727015001,-0.13769947863874218,0.9870524579498006,4.572023544760934,0.13567670164967255,2.627831807369698,-6.669160000000001,4.17564,-59.69199571478969
2024-06-18 05:00:08,04:59:06.50,-0.07556331310059326,-0.08593578734120712,0.9918529480235904,4.001364053885876,-1.4744513093204994,1.1742165363311272,-4.71044,3.92904,-58.487857701999374
2024-06-18 05:00:08,04:59:07.00,-0.044405173180883925,0.018117099750971956,0.9968227165129855,12.4383435941575,-1.6932802914115863,3.3435538476558757,-0.20259999999999997,3.1845999999999997,-58.04779290636982
2024-06-18 05:00:09,04:59:07.50,-0.09707431870584776,0.11285042522910066,0.9995811897452378,-0.033546924408013684,8.137218024446359,5.148241924264248,4.76176,4.90364,-54.80215556365755
2024-06-18 05:00:09,04:59:08.00,-0.13856882469793036,0.08801154661345517,0.9849518275795416,-8.813530126820648,-0.267961659831585,0.22559171439540418,2.753,7.7305600000000005,-53.78755549901129
2024-06-18 05:00:10,04:59:08.50,-0.1256540254946903,0.0031652456430883488,0.9900948078522808,-3.214304501025104,-2.0379938399593436,-1.635624763703992,-0.3796,6.62788,-54.16788559115064
2024-06-18 05:00:10,04:59:09.00,-0.1026482335183479,-0.016941960720199142,0.9975890266259697,0.8591524779055032,0.020632860185085592,-1.9779007380294311,-0.32764000000000004,6.36744,-54.9958422391698
2024-06-18 05:00:11,04:59:09.50,-0.06689969432654372,-0.05604868125113518,0.9972300291837327,-5.274694677809294,-5.370315096448049,-3.385427984461373,-2.08392,4.82376,-55.95266656826525
2024-06-18 05:00:11,04:59:10.00,-0.0029504401665129674,-0.13052969007125748,0.9969859330554605,-5.019358743311879,-6.7756499221476085,-8.731500725992225,-6.67216,-0.30112,-59.44884842309096
2024-06-18 05:00:12,04:59:10.50,0.019386538840864168,-0.13563646345313995,0.9876322471269543,6.8373294694887985,6.093261273820153,1.7906687636255674,-5.827319999999999,0.60136,-61.27701547278547
2024-06-18 05:00:12,04:59:11.00,-0.028497028135230373,-0.06975819005848076,0.9952104401746876,4.08873672117304,1.2348475989760723,5.6259010264381155,-3.28596,1.8801599999999998,-58.873787677798504
2024-06-18 05:00:13,04:59:11.50,-0.058947808480935615,-0.03326281605139388,0.9992860948894389,1.7188776430879946,3.2597654098960147,3.899147048471501,-2.08008,3.1792399999999996,-56.490877471438374
2024-06-18 05:00:13,04:59:12.00,-0.12333255605964044,0.001131894565809724,0.9993459545988026,2.3732383190684203,6.617444026282691,5.540571151584022,-0.70116,6.5202800000000005,-54.25360558984053
2024-06-18 05:00:14,04:59:12.50,-0.14759380631842756,0.03269848587800057,0.989062533802008,-3.5800294128859655,-6.424943132813473,3.1225441574257258,0.17312000000000002,6.90768,-51.647191823728164
2024-06-18 05:00:14,04:59:13.00,-0.03961541353946511,0.025750957446295974,0.9957365195304644,2.7898371447590438,-7.281044260224583,-2.9023476260650174,0.21272,2.54932,-51.50487180840608
2024-06-18 05:00:15,04:59:13.50,-0.04288147554232934,0.05758098979791011,0.9965033368124496,-2.276481906026416,9.614012071623048,-1.062074383833459,1.74072,3.71112,-52.785423517379634
2024-06-18 05:00:15,04:59:14.00,-0.10923619435788633,0.029471710631309336,1.001764653962109,1.7296472200715827,-0.5944368743210537,-1.2523810522605507,1.6739199999999999,6.08532,-53.0990767336401
2024-06-18 05:00:16,04:59:14.50,-0.08758471528737528,0.033994412992071094,0.9924894254287524,-0.48999912104852167,-4.293272477370782,-3.0314194977787303,1.98848,4.07148,-54.29875725025613
2024-06-18 05:00:16,04:59:15.00,-0.05769988362258631,0.015830334648155947,0.9983952482768536,-4.413334777853212,3.265310976919306,-0.6785673290174726,0.48536,4.22468,-55.22853910427473
2024-06-18 05:00:17,04:59:15.50,-0.08772287793816794,-0.028579661416858086,0.9959009096066844,-4.076136566697578,1.969443815282598,2.539226407447065,-1.75032,5.57104,-54.668188459263476
2024-06-18 05:00:17,04:59:16.00,-0.09680563937161207,-0.06832928662117328,0.9954937998151163,-4.21992945711935,-3.056871066318191,1.5908884636681215,-3.87144,5.03892,-53.4088306279101
2024-06-18 05:00:18,04:59:16.50,-0.027419017240423636,-0.10924990760300325,0.9937564426552379,-0.7088528165945246,-6.137254671938494,1.3525633704957525,-5.17524,2.2611600000000003,-52.66249597331105
2024-06-18 05:00:18,04:59:17.00,-0.007614006751642868,-0.13682001473364683,0.9930759502234635,0.3866395367575366,2.6012886925413863,0.8406259118878269,-6.28424,1.25688,-52.06432260614437
2024-06-18 05:00:19,04:59:17.50,-0.05057097171299341,-0.12043699259423186,0.9915428652173313,0.8417166614210118,6.878361724435464,-1.5138075573662035,-6.1022,3.8945999999999996,-52.23830112196287
2024-06-18 05:00:19,04:59:18.00,-0.11619926902795959,-0.1511762424433291,0.9860704343281292,-1.4593768409964119,3.325115871929959,-2.4267083068204114,-7.47616,6.250159999999999,-53.1262077448798
2024-06-18 05:00:20,04:59:18.50,-0.157227736609823,-0.1462964747775092,0.9824204837094098,2.0940749181435567,0.22251654720703232,1.8850388910776235,-7.88832,7.643479999999999,-53.37045908724204
2024-06-18 05:00:20,04:59:19.00,-0.1490786842702377,-0.09897646968952829,0.9852277780807779,6.824688467621446,-4.402194626892913,4.313844238968054,-5.4358,6.646,-51.50001873949687
2024-06-18 05:00:21,04:59:19.50,-0.124359584317688,-0.030398834342362818,0.9928258525314922,5.6649072076673574,-1.9887385128170394,3.739571684190031,-2.21116,5.8555600000000005,-49.63629719715661
2024-06-18 05:00:21,04:59:20.00,-0.09422077468197071,0.02112640588837178,0.9919105084157329,1.4717460906644364,-2.87401230139413,6.15150894531514,0.2316,5.35668,-46.84382727539095
2024-06-18 05:00:22,04:59:20.50,-0.05503141395661486,0.05715525399621955,0.9991104589906916,1.7209834324407947,-0.5320429850816042,1.285688759861217,1.8965199999999998,3.78476,-44.944264429067786
2024-06-18 05:00:22,04:59:21.00,-0.01695936826984963,0.11046717865935307,0.9966373370785243,1.803947727469714,-3.1578028270702783,-5.66579766842145,3.6118799999999998,2.26036,-45.50599616003468
2024-06-18 05:00:23,04:59:21.50,-0.05011953484691971,0.10419536759667279,0.9956541999125915,-6.2630329409241075,6.793168614925281,5.724607565492622,3.5474,3.17776,-46.44277779435489
2024-06-18 05:00:23,04:59:22.00,-0.08676866880201312,0.04233013792919157,0.9942721304755163,-2.898342503908611,0.7464255545940671,8.964993134716781,2.1068000000000002,4.731,-42.25284446212521
2024-06-18 05:00:24,04:59:22.50,-0.09645136030222907,0.014775116496475416,0.9975486633613186,-2.643638288940467,3.439086626804082,5.6564278939886865,0.8713599999999999,5.648759999999999,-38.089218410400896
2024-06-18 05:00:24,04:59:23.00,-0.12602982165274348,-0.006734204633415472,0.9929707735347728,-2.3624462270684567,-3.4805488695893585,-16.28357768117343,-0.73336,5.96688,-40.77952786619488
2024-06-18 05:00:25,04:59:23.50,-0.07558128413966143,-0.03504039432059254,0.9968190603493823,0.25136937586102326,-1.6116324420895587,-13.104892105217905,-1.8843200000000002,4.1994,-49.187200578394474
2024-06-18 05:00:25,04:59:24.00,-0.05625732444347993,-0.04622782088044325,0.9979941667025769,-1.2331295307786267,-0.16625126528453163,-1.1238803891549698,-2.3796,4.03,-52.205094743722555
2024-06-18 05:00:26,04:59:24.50,-0.04368649352800466,-0.07774624847901816,0.9988890687575948,-2.9843364632954708,-1.8597057544053572,-0.6194089722984497,-3.7612400000000004,2.6982,-52.02256655439877
2024-06-18 05:00:26,04:59:25.00,-0.04312690695189546,-0.1143291132123418,0.9934488056494172,3.0231993907136645,0.3250026364120997,-3.4068319713931006,-4.80144,2.49504,-53.40487065770675
2024-06-18 05:00:27,04:59:25.50,-0.042355425988552506,-0.07530768895770415,0.9802175481445754,0.4888927140462396,-0.6050638389078621,-1.886722248244463,-3.73232,2.27076,-54.51097546428804
2024-06-18 05:00:27,04:59:26.00,-0.04233942773921097,-0.0838259313295313,0.9955065855416079,-4.624181741001085,4.146276585203245,-1.0127984478619423,-5.798920000000001,3.07644,-55.25591746317091
2024-06-18 05:00:28,04:59:26.50,-0.07991995561585347,-0.10490316993764223,0.9958113907949331,2.3525808990486325,1.662168292165842,0.5206883406953564,-5.72428,4.7472,-55.3626646881309
2024-06-18 05:00:28,04:59:27.00,-0.08423227288497472,-0.05459920284595916,0.993443383140724,7.751719062738862,-2.7318729371648054,12.876135790096942,-2.99292,4.47924,-52.35144767299526
2024-06-18 05:00:29,04:59:27.50,-0.06706309826244002,0.029485484508534693,1.0053867606398883,5.039559036696033,-2.054376915591074,6.537685461410186,1.60652,3.2921199999999997,-46.51870329639539
2024-06-18 05:00:29,04:59:28.00,-0.05610388968181449,0.0597001637874555,1.0024311401553834,1.9766010373953657,0.5374586899080239,1.223236090830231,3.2037999999999998,3.10944,-44.77619578429768
2024-06-18 05:00:30,04:59:28.50,-0.06774970736352721,0.07335176312268057,1.0004513729366555,1.284958868020579,2.316035973724169,-0.058992884865122885,4.2184800000000005,4.0541599999999995,-44.51467897911831
2024-06-18 05:00:30,04:59:29.00,-0.08778859973069242,0.07806330482870742,0.997921487710316,0.3248722176468417,1.8751105381666893,-0.46433932454938526,4.4106,5.116479999999999,-44.64290238447641
2024-06-18 05:00:31,04:59:29.50,-0.10245220223157787,0.07734067516551506,0.9961121465463597,-0.26827314702439997,0.37594457862396247,0.03365982088149007,4.6539600000000005,5.65336,-44.70947325193431
2024-06-18 05:00:31,04:59:30.00,-0.10321401648682578,0.021575383178863775,0.9999588012847798,-10.28135886028345,-1.4836998156501198,1.7487661879566798,1.09208,5.56504,-43.99183615637582
2024-06-18 05:00:32,04:59:30.50,-0.08378245535287711,-0.09508034610718745,0.9848449003478449,-14.332872622508335,-3.9372555938113267,-8.237168410432055,-5.84544,4.15524,-46.71031142168786
2024-06-18 05:00:32,04:59:31.00,-0.04196038745492348,-0.19674593322229786,0.9881598375831879,-2.8164599004557926,-4.458540003070246,4.605331076680322,-10.58648,2.13524,-46.354754514946784
2024-06-18 05:00:33,04:59:31.50,-0.011000033768084252,-0.1735267600962452,0.9732776699683572,13.35483553797061,1.5287410582944865,2.53376406096664,-7.49428,1.51044,-44.73253237164093
2024-06-18 05:00:33,04:59:32.00,-0.040097260924509756,-0.03176070711388226,0.9860397038897669,13.840084894069916,5.016578479124256,2.1783958379029786,-0.43019999999999997,3.4085199999999998,-43.368516301356834
2024-06-18 05:00:34,04:59:32.50,-0.08479197384904266,0.06380416332386993,0.9977639459882884,-4.913337824946555,2.7868541996359664,-2.0942630321845543,1.5835599999999999,5.1324000000000005,-43.20883697110216
2024-06-18 05:00:34,04:59:33.00,-0.1088593715859429,0.009741084014277977,1.010175211665863,-18.308612666211665,1.598924811018531,-3.366335436594385,-4.56228,5.72448,-44.583856339642224
2024-06-18 05:00:35,04:59:33.50,-0.1388048198382755,-0.13756293779956233,0.9823656084752338,-9.137361417612874,2.9521996916751663,-4.759022378062119,-9.76356,6.332960000000001,-47.28862119593581
2024-06-18 05:00:35,04:59:34.00,-0.1529682834232426,-0.2102435161826003,0.966222897231075,3.79537129807621,0.8243132055079327,4.021725152176955,-10.364960000000002,8.40944,-46.706876347912214
2024-06-18 05:00:36,04:59:34.50,-0.14004652164464274,-0.17626868906407123,0.9751228339935146,5.279298220662804,-8.28218526619761,0.04224078991869476,-7.779399999999999,6.97408,-45.71354246874336
2024-06-18 05:00:36,04:59:35.00,-0.07003346427559298,-0.1380828127288756,0.9855624113894857,0.2443637387548978,-5.493364734710338,0.9845312510633772,-6.9465200000000005,4.0758,-45.474809577796194
2024-06-18 05:00:37,04:59:35.50,-0.02396449996926096,-0.13269719791074566,0.9911250010044028,1.2396115118818118,-2.1908796130545607,0.6828415064489772,-7.2062,2.3616,-44.90481050960454
2024-06-18 05:00:37,04:59:36.00,0.004675820441649572,-0.1214327403113645,0.9929421385938376,5.464903183340562,-1.1592086877756187,2.43104657597996,-6.18648,1.4384800000000002,-44.368144145333034
2024-06-18 05:00:38,04:59:36.50,0.008728091095089372,-0.06287979230911359,0.9958010114632624,7.996561998111686,-0.8483200476641735,-3.297481042401964,-2.74164,0.12176000000000001,-43.910693018373706
2024-06-18 05:00:38,04:59:37.00,-0.0031530062147196204,0.01601396891777428,1.003090003538218,2.618348512791369,3.4079821876762044,-0.6654999183982341,0.19888000000000003,1.20616,-45.34735278335042
2024-06-18 05:00:39,04:59:37.50,-0.008971428807960112,0.03160577962419262,0.9989796462360832,2.6476844163949234,1.0060266278279335,-2.706214741249276,0.88208,1.3330000000000002,-46.22065541529601
2024-06-18 05:00:39,04:59:38.00,-0.05102078290718788,0.09934029540299673,1.0007661050775518,5.405154097452659,2.728432620258759,-1.5395451359572914,4.8144,2.44308,-46.66004055259386
2024-06-18 05:00:40,04:59:38.50,-0.044229432429414836,0.07064646176091384,0.9954339470418856,-10.384421853926245,-5.5726898710529555,-5.760660950931181,3.00656,1.99904,-48.5804833420629
2024-06-18 05:00:40,04:59:39.00,0.02109604232651041,-0.016674539282754232,0.9907850456861651,-1.0028620590726114,-3.209432579210692,6.100611703559369,-0.66648,-0.7802800000000001,-49.10012173069578
2024-06-18 05:00:41,04:59:39.50,0.015879623876101808,-0.043293006183156596,1.0040338233443487,-4.6228866426031665,4.547237453139925,1.3386873071317031,-2.1618399999999998,-0.46084,-46.23838169682229
2024-06-18 05:00:41,04:59:40.00,-0.021791954575133256,-0.05704572082221171,0.9948077721546251,2.4359538619799395,2.307562059819056,2.691724058064794,-2.5923599999999998,2.0914,-45.56937196597123
2024-06-18 05:00:42,04:59:40.50,-0.025403333826265247,-0.04479933378082447,1.0024241512068317,-0.15404020376506647,-1.6177855139282937,-0.7865868508185424,-2.3634399999999998,0.9625199999999999,-45.066027183646
2024-06-18 05:00:42,04:59:41.00,-0.027859394086636485,-0.0405746432689133,0.998080450889789,0.5553650325987285,3.924461542348514,-0.274110416195632,-2.19788,2.1922,-45.26461257406312
2024-06-18 05:00:43,04:59:41.50,-0.07215828607185698,-0.02676115904431547,0.9940127908281609,1.41102599478646,5.396520676447417,-0.24869612386653672,-1.60792,4.4128,-45.09966609529002
2024-06-18 05:00:43,04:59:42.00,-0.16222406988518456,0.011151396901318162,0.9884358260942203,4.107479968178138,8.431732493883901,-0.2123893049723197,-0.35948,8.575520000000001,-45.992533555397074
2024-06-18 05:00:44,04:59:42.50,-0.22750424348106685,0.0628021925316061,0.985334531129545,1.9147428108684834,8.200260052749321,8.230366941958218,3.30876,13.54492,-43.23313142876265
2024-06-18 05:00:44,04:59:43.00,-0.26142294544001615,0.06116517259972209,0.9658853645427717,-5.81823097581735,-11.422353492732755,2.553369792649331,2.69304,12.158199999999999,-40.256327714883994
2024-06-18 05:00:45,04:59:43.50,-0.11624548377453468,-0.04833175064549554,0.989996001079851,-10.543432227005738,-14.742879371896763,-2.355687437293117,-2.23676,5.09224,-40.01853385437394
2024-06-18 05:00:45,04:59:44.00,0.014880144453622991,-0.09954044705513981,0.9919542128058544,0.6148569405879155,-1.0088731433783227,-5.580836356549303,-4.86012,1.09992,-42.47161378966159
2024-06-18 05:00:46,04:59:44.50,-0.04280877144925524,-0.06873268621779538,0.9973422588742984,6.0948855994373705,8.763398920394415,3.626636397605438,-3.3062400000000003,3.28404,-43.78444867923118
2024-06-18 05:00:46,04:59:45.00,-0.11308383751998799,-0.002521826845958788,0.9911460741965615,0.43172838371013555,4.527431432290552,4.963818660199267,-0.059,7.35924,-40.25762521272391
2024-06-18 05:00:47,04:59:45.50,-0.0857272950716414,-0.07542559868070567,0.9984586725626289,-11.677127840398414,-9.37030572063009,-5.38952934064506,-5.69576,3.74524,-40.37274506371666
2024-06-18 05:00:47,04:59:46.00,-0.09466932384349892,-0.0627615979901574,0.9958131188525114,5.893738682079164,11.872428923459882,-1.3525256169102946,-4.26548,6.25504,-42.61405485269655
2024-06-18 05:00:48,04:59:46.50,-0.10560739286527594,-0.1319808552656745,0.9875891628709342,-7.418802328335046,-6.391649554640342,-1.3278774698467348,-6.324439999999999,6.629,-42.94957998167755
2024-06-18 05:00:48,04:59:47.00,-0.1003665179951147,-0.18584579190214356,0.9952140755566856,-9.440541528422255,-4.35105513419897,6.853990143859903,-10.962560000000002,3.7187599999999996,-41.631347097047474
2024-06-18 05:00:49,04:59:47.50,-0.07938120479333421,-0.22722868719744063,0.9693361509433643,10.694374261955101,-0.29901885948370854,12.322738025037088,-10.816399999999998,5.14116,-36.37332389989523
2024-06-18 05:00:50,04:59:48.00,-0.03209922979830559,-0.053344333079719676,0.984570471897196,18.17925387943952,-9.674074290131344,-2.5453672104568414,-1.34376,2.55096,-33.60546226757791
2024-06-18 05:00:50,04:59:48.50,-0.008235975659196844,0.09059103339251587,0.9976058271387455,9.81371646814327,4.38362262501199,7.878443576511436,4.57896,0.9428,-33.73774714514529
2024-06-18 05:00:51,04:59:49.00,-0.06304679446986132,0.18454941199365418,0.9920087236356158,2.8205552031898247,7.786770483578403,-7.2804192073632,8.32228,4.33872,-31.455845364854227
2024-06-18 05:00:51,04:59:49.50,-0.10235713235395279,0.16483407794620797,0.9814078521787938,-12.54408520794739,-8.199162417025764,-10.502087186066976,5.829400000000001,3.9082799999999995,-37.46105361411591
2024-06-18 05:00:52,04:59:50.00,-0.039869968732809145,0.038206399366923945,0.9882857536611412,-7.765290873623805,-1.3976705199489219,-4.849332172112892,1.15848,1.6250399999999998,-40.71159543460205
2024-06-18 05:00:52,04:59:50.50,-0.021644702882900817,-0.026918180105920526,1.0033092752190211,-0.3633193990613752,0.9685807532079117,-2.3461288262391786,-0.42604,2.20232,-42.484305349107466
2024-06-18 05:00:53,04:59:51.00,-0.027288066604882037,-0.06346748074858041,0.996038863827517,0.21554068715195782,-0.6185158949336091,-13.744139508172621,-1.48316,2.65832,-46.11360175034716
2024-06-18 05:00:53,04:59:51.50,-0.02299436497479388,-0.042250225260609536,0.9990930351916865,1.140485533076009,0.8721522421032029,-23.042495490732687,-2.05292,2.40708,-55.526893535760934
2024-06-18 05:00:54,04:59:52.00,-0.04659815936649683,0.022561760139785832,0.9990524724299946,5.63482205275441,5.484280434525523,-1.5165264149380342,0.34315999999999997,3.36572,-62.583289961208266
2024-06-18 05:00:54,04:59:52.50,-0.09620637277749694,0.030357821635765832,0.9998220794713676,-3.3933068471122847,1.4536207914657115,2.6417517954756375,0.8372799999999999,5.49312,-61.05768999103615
2024-06-18 05:00:55,04:59:53.00,-0.0715404538478384,-0.03646265687908264,0.9971337795453654,-8.150682599809063,-4.670378210293573,-2.0060205724214697,-2.09308,3.81016,-60.81557532378801
2024-06-18 05:00:55,04:59:53.50,-0.033190237798528636,-0.15769998201216637,0.9890674015705843,-7.718279367496481,-0.8842454171336392,-2.2723440473235907,-7.72404,2.5002,-61.90351938208781
2024-06-18 05:00:56,04:59:54.00,-0.035461936560079,-0.18029303222265647,0.9899800954079848,4.960889621590234,-2.685990608434801,3.855116289597894,-8.47676,1.7483199999999999,-62.02740750179562
2024-06-18 05:00:56,04:59:54.50,-0.010448754488544735,-0.1123898050445395,0.985862433279747,7.385522287163201,-1.5757555746928569,3.3009660080527654,-5.13424,0.74328,-59.30489556221792
2024-06-18 05:00:57,04:59:55.00,-0.0023409176849666204,-0.0508904481320486,0.9988800738456269,1.647359710144403,2.1140792440854215,-0.5334819274455317,-3.4560000000000004,1.0088,-58.85180427181205
2024-06-18 05:00:57,04:59:55.50,-0.03131976208979563,-0.031486957949906635,0.9986260045710462,2.6054596152874847,3.7619636042310822,-1.8426986358417088,-2.0625999999999998,2.34116,-59.49472492181583
2024-06-18 05:00:58,04:59:56.00,-0.06792806221194975,0.0033579391804669685,0.9987343774222801,5.7331566552392665,2.830282166525651,-2.174428790332346,0.11012000000000001,3.9863999999999997,-60.27068110866256
2024-06-18 05:00:58,04:59:56.50,-0.1221767076219614,0.11839784238164765,0.9890527196669994,6.771055708340205,4.340686469427181,-4.211006575689212,4.627,6.301559999999999,-62.07916117605405
2024-06-18 05:00:59,04:59:57.00,-0.1481255391771295,0.13187930067225287,0.9879677759171729,-7.3402465027073935,-1.9446672200509807,-1.9193985221805745,4.92904,8.16956,-63.5208569552174
2024-06-18 05:00:59,04:59:57.50,-0.10784519915933069,0.048703167853579456,0.9855206405805602,-5.369865271687071,-5.844747133456228,0.8059731002974253,1.4962799999999998,5.372319999999999,-63.742243511393305
2024-06-18 05:01:00,04:59:58.00,-0.06639255482274244,0.006865979925180644,1.0009964218216971,-1.8103975069573732,1.4540294151671243,0.9357989962337322,0.69364,4.80408,-63.19105999574051
2024-06-18 05:01:00,04:59:58.50,-0.07476865363051476,-0.01741711384551702,0.9944549385946799,-4.594802764444626,1.141533870739197,2.8504849909112404,-1.3166,4.96096,-62.09478829200607
2024-06-18 05:01:01,04:59:59.00,-0.09407328718178856,-0.06555273813690729,0.9910190940639015,-5.810375277264246,3.539704666491874,2.4099071778670913,-4.073040000000001,6.0602800000000006,-60.53891643000955
2024-06-18 05:01:01,04:59:59.50,-0.10634742887949439,-0.1582153957551962,0.9900756743010878,-1.8505368626733545,-0.9716780365085872,4.048491629170472,-6.93536,6.98864,-59.0428612581186
2024-06-18 05:01:02,05:00:00.00,-0.10774049644180533,-0.13730757065967678,0.9837833225327297,4.172730845074751,-3.197700243956468,1.091516458666937,-5.9347199999999996,6.06736,-57.5471817891319
2024-06-18 05:01:02,05:00:00.50,-0.05632276255287274,-0.13488140931651865,0.9964973649756464,-2.8897262410879154,-5.377970168199814,-10.121958614360253,-7.34064,2.94556,-59.84420108596514
2024-06-18 05:01:03,05:00:01.00,-0.021577414846096776,-0.15353794379427999,0.9973512952360005,-5.04208666186487,-3.112890075259523,-2.096233171486011,-9.50728,0.8124800000000001,-63.39117444622181
2024-06-18 05:01:03,05:00:01.50,0.002044480310805436,-0.1811515072860719,0.9816241347044306,7.347310781594864,0.6000273597649266,3.4330757710202278,-9.0726,0.34832,-62.45805591277748
2024-06-18 05:01:04,05:00:02.00,-0.010595847199854135,-0.0932485145428191,0.9842602625197862,8.925948421966554,1.489895684668798,2.9447493540232337,-4.15212,1.12676,-60.77663587090268
2024-06-18 05:01:04,05:00:02.50,-0.027027019341515395,-0.025810876543081392,1.0013479779820504,1.3776489239885041,3.347374917686884,-0.19365007931507158,-2.18844,2.17064,-60.04844272606572
2024-06-18 05:01:05,05:00:03.00,-0.05857873724446981,-0.0096357067678173,0.9994678659904611,1.5030821812034003,2.2044107661971672,-1.7638273176155284,-1.13284,3.8862,-60.51784008057462
2024-06-18 05:01:05,05:00:03.50,-0.11321319806094979,0.04347999694395998,0.9981459973143412,3.1372974303920675,3.5615538964595355,5.366305430720611,1.0292000000000001,5.517759999999999,-60.19510758697489
2024-06-18 05:01:06,05:00:04.00,-0.13598211674911437,0.04073723479837439,0.9948027474115141,-3.179697396010174,-1.8360775671500664,0.9591051543015142,1.38792,7.268440000000001,-57.701585054649975
2024-06-18 05:01:06,05:00:04.50,-0.08807328579864045,0.0075498401084971405,0.989630316381257,-4.184066575703374,-5.482323060285954,-1.7335568465701048,-0.61808,4.12768,-58.117133547210166
2024-06-18 05:01:07,05:00:05.00,-0.0527527666209459,-0.020859430729661507,1.0017901309759252,-1.0580952595788191,1.9845066262840136,1.543149076040992,-1.4201599999999999,4.07032,-58.19863099067416
2024-06-18 05:01:07,05:00:05.50,-0.0653463765219525,-0.0352754923379647,0.9972019764288105,-3.364423705841276,-0.6579624655900399,0.5539974734265134,-2.40364,4.002,-57.39124051850272
2024-06-18 05:01:08,05:00:06.00,-0.05244460695578803,-0.06772486811696395,0.9972622722075895,-1.429706234241226,-1.7762570580245398,0.023663473032077248,-3.9048399999999996,3.03924,-57.43938317295013
2024-06-18 05:01:08,05:00:06.50,-0.005723943080379332,-0.05659424795939604,0.995212382213223,8.101212348442031,-1.6525287684203607,5.3603371381081795,-2.27264,1.5924,-55.86283853790236
2024-06-18 05:01:09,05:00:07.00,-0.005761147553288972,0.06058927481890716,1.0033370162162587,8.435390268833363,0.09242365016433064,-8.967337730520233,3.1757600000000004,1.04816,-56.42387855183124
2024-06-18 05:01:09,05:00:07.50,-0.047842821344547176,0.0941140950183682,0.9979067658992637,-1.6284869768241175,5.277090954916357,-9.44448013534438,4.2976,3.02692,-61.6760258650176
2024-06-18 05:01:10,05:00:08.00,-0.08606003254019753,0.05538799013408325,0.9887772522237245,-8.404922886991564,1.6650463079689184,0.8076074039648367,1.75964,4.96196,-63.50593279769058
2024-06-18 05:01:10,05:00:08.50,-0.09924338063768827,-0.030046831760054543,0.9951298447832323,-8.502830454255127,0.28078534685178486,3.1510860610347806,-2.53708,5.698200000000001,-62.3498604654262
2024-06-18 05:01:11,05:00:09.00,-0.059770923046673335,-0.1012735218477406,0.9945472338517114,-0.5537730313025372,-6.241392727870383,2.705494398724487,-4.58188,3.4078,-60.731860401984065
2024-06-18 05:01:11,05:00:09.50,-0.03674212252411315,-0.12626239659811664,0.9934575858068732,0.2627198119830704,3.2201942834911836,1.985690827079927,-5.27668,2.85284,-59.36600530155624
2024-06-18 05:01:12,05:00:10.00,-0.10250746984564063,-0.10129453632861064,0.9937132824156663,4.2477472097569,6.886368456050703,-2.9351755411004503,-4.92432,5.63432,-59.66438065650556
2024-06-18 05:01:12,05:00:10.50,-0.20033086966840627,-0.02617787224704932,0.9844695908095619,6.371527901026951,8.380579514985815,0.5616206185088299,-1.59436,10.884400000000001,-60.43048887046549
2024-06-18 05:01:13,05:00:11.00,-0.2100731195627546,0.012107051181744804,0.9821051056192657,0.4524264091322774,-10.287793682441794,1.1494963436343462,-0.009080000000000001,9.946,-59.56668194087819
2024-06-18 05:01:13,05:00:11.50,-0.07218765694832326,-0.02004665651479792,0.9935833712001956,-5.032340833053135,-13.345832943172468,-1.957325458085743,-0.63904,3.4726799999999995,-59.8858634374021
2024-06-18 05:01:14,05:00:12.00,0.017020338831950664,-0.10684460891507036,0.9994848222181705,-7.076676039500958,-0.14234782882831112,-8.710214472827875,-5.85572,-0.2506,-62.18812108207459
2024-06-18 05:01:14,05:00:12.50,-0.018785554557581397,-0.1385327570258936,0.9853008442647371,3.2632531262138587,6.97801122253931,0.051738200831944886,-6.16788,2.00784,-65.50680420143588
2024-06-18 05:01:15,05:00:13.00,-0.06075977812162391,-0.08143116396449981,0.9949199870508196,5.363703465166636,-1.6195971378766212,9.06895602084667,-4.12992,3.2055200000000004,-62.288123789262244
2024-06-18 05:01:15,05:00:13.50,-0.042050240873779884,-0.030821661485410327,1.000031586265355,2.4544826014565504,1.224679564969233,5.234491101998956,-1.97476,3.1018399999999997,-58.24468602423791
2024-06-18 05:01:16,05:00:14.00,-0.05681238307468415,-0.00040611354186499997,1.0001558891131466,2.580774885476145,0.6941782814502129,0.4734041519415914,-0.34832,3.56208,-57.05571942484527
2024-06-18 05:01:16,05:00:14.50,-0.07715487619644139,0.053115376418208585,0.9983440398890842,0.9114405499762896,0.49683822912661246,1.2842371023427774,1.4262000000000001,3.9724,-56.92428151410902
2024-06-18 05:01:17,05:00:15.00,-0.10083075771820468,0.054116293585782946,0.9932218167828425,-1.4916265443035355,1.241158250078632,-2.3214403652439812,1.14056,5.66004,-56.85228647187982
2024-06-18 05:01:18,05:00:15.50,-0.0849860770906072,0.02380002538192071,0.9971250553306876,-5.007731387029304,-3.8503052694062205,-0.9413413329455923,0.16,4.5496,-57.63636844805289
2024-06-18 05:01:18,05:00:16.00,-0.05832242636034447,-0.013861950298471884,0.9970194839781196,-1.6929466665129969,2.584333556530295,-0.18416057696118363,-1.1754,4.275,-57.793174089501406
2024-06-18 05:01:19,05:00:16.50,-0.07698093778867024,-0.057382699364138506,0.9983682316197663,-4.302939497652445,-1.1471557191879511,1.2643717362513354,-3.18292,4.57076,-57.59620016165451
2024-06-18 05:01:19,05:00:17.00,-0.05421557132033632,-0.0858720238553876,0.9938641996343099,1.4981080188103595,-2.0303531399972026,5.2526566137531,-3.94164,3.61272,-55.888937620131074
2024-06-18 05:01:20,05:00:17.50,-0.015670386005361484,-0.013011167872186345,0.9962027142478567,10.07210694602706,-1.0655841739079812,-1.8143509481927347,-0.6556000000000001,2.03152,-54.502712723326816
2024-06-18 05:01:20,05:00:18.00,-0.03998480356014931,0.07499713971187617,1.0071039890893507,6.270265051660922,2.0476577027725646,-11.416054952429693,4.0576,2.80164,-58.156000641014224
2024-06-18 05:01:21,05:00:18.50,-0.048900195929371365,0.09628422440219685,0.9909890006005524,-5.196330244216927,-4.371785790099268,-5.178418452338069,3.9775599999999995,2.22792,-62.778902313393445
2024-06-18 05:01:21,05:00:19.00,-0.003728819701807156,0.018659061593076388,0.9861864070804676,-11.730113398887948,1.0945733249544438,-8.747631291619701,-0.44024,0.50304,-65.75763719628097
2024-06-18 05:01:22,05:00:19.50,-0.058632000957599295,-0.08127515213625655,0.9864879245661742,0.5670869677070537,16.60304520970232,-9.590563742081255,-3.60512,6.4771600000000005,-70.63447130977548
2024-06-18 05:01:22,05:00:20.00,-0.18313027176039934,-0.07201812261394569,0.9872914592399892,1.6030929765893347,2.967782313931284,-1.4619118179617963,-3.2319600000000004,9.8626,-73.22546271771628
2024-06-18 05:01:23,05:00:20.50,-0.21616437723948656,-0.05790116955706847,0.9826483113478091,0.07534194001628226,0.18775033756346426,2.1543821213681924,-3.116,11.15552,-72.56490372685874
2024-06-18 05:01:23,05:00:21.00,-0.21275875551280143,-0.05850062735254195,0.9809798911177154,-1.1538047238375202,-0.5353228453325894,0.4162683653633621,-3.48756,11.52776,-71.8134363568665
2024-06-18 05:01:24,05:00:21.50,-0.18013947517564655,-0.0799418264096914,0.9851232638520635,-0.05184259425410088,-7.842864181663266,-2.1595999048509693,-3.84808,9.37016,-72.17204161138065
2024-06-18 05:01:24,05:00:22.00,-0.10927678132410547,-0.13243366237168858,0.9915949094020275,-2.0052898757083604,-8.53867371993246,-0.9007204188963531,-5.2226,5.33948,-73.11903797659191
2024-06-18 05:01:25,05:00:22.50,-0.039171211021596306,-0.14569861300249484,0.9937690331445956,-6.993241827134475,-4.2395403753547205,0.007544551983090688,-8.6936,2.18276,-73.39776735475182
2024-06-18 05:01:25,05:00:23.00,-0.0067753091912860115,-0.19680524763303853,0.9943077110725947,-12.958722981660896,-0.2644966579345981,0.6112243824721729,-13.35732,1.20576,-72.66321666789344
2024-06-18 05:01:26,05:00:23.50,-0.007862148361072943,-0.2908398851165978,0.964843718436052,-3.547893109120996,3.441555720118002,-1.1141831578532153,-17.725640000000002,1.6718799999999998,-73.22012588670556
2024-06-18 05:01:26,05:00:24.00,-0.03625932691513164,-0.2444699788953182,0.9438377093946109,27.455279265329946,0.5678309966744335,0.2556689623290549,-10.5582,2.1295599999999997,-73.1165282837932
2024-06-18 05:01:27,05:00:24.50,-0.050637728097929734,-0.00111315569967584,0.9935064424614317,21.496854584217985,1.9155633326570651,6.745623831190219,2.8999200000000003,2.9745600000000003,-71.94567451371094
2024-06-18 05:01:27,05:00:25.00,-0.050028745342052455,0.10563828288242445,0.9901579817434333,-4.452955266206661,-4.663972644867825,-4.620860469030503,4.78964,2.21388,-70.59676550008108
2024-06-18 05:01:28,05:00:25.50,-0.01791006305523624,0.06691629801106988,1.0073692397926473,-8.216698575665932,-0.9469242895219364,-2.122934441914912,1.75872,0.7977200000000001,-72.42887887945591
2024-06-18 05:01:28,05:00:26.00,-0.015568278235559684,0.002080409777776888,1.006026975290353,-8.940213768777776,0.038857172718616516,-1.727923584439173,-1.8722,1.1495600000000001,-73.36282374772706
2024-06-18 05:01:29,05:00:26.50,-0.02127973185751405,-0.03834683417295498,1.0034142337358813,0.741590858604238,1.6325829894491373,-7.307778719189331,-3.53112,1.13268,-75.00279291686644
2024-06-18 05:01:29,05:00:27.00,-0.05580444474259755,0.026143597225555516,0.9883747908940907,13.836299484790056,8.107295168269358,-8.4336122552623,1.9877600000000002,3.98344,-80.80048782556955
2024-06-18 05:01:30,05:00:27.50,-0.12622032414273285,0.07539859952196853,0.9895186001839281,-7.518137507146807,5.155894774783974,11.833364898263175,4.06876,7.4522,-79.0940911399835
2024-06-18 05:01:30,05:00:28.00,-0.14704227817401958,-0.014988822587128662,0.992678256076502,-9.794595816717106,-3.644259824112889,9.467244454048684,-1.30976,7.24808,-72.43808677623657
2024-06-18 05:01:31,05:00:28.50,-0.10558346592216307,-0.07325816010474326,0.9913003936875228,-2.97701319880062,-2.636864385953246,-2.252076542450544,-4.2400400000000005,5.656359999999999,-70.93200544764107
2024-06-18 05:01:31,05:00:29.00,-0.07649483158789239,-0.027695761079910227,0.9975422654257288,7.670290676334884,-0.3594053350870835,-7.868925258409263,-1.7987600000000001,4.83256,-73.7207686455748
2024-06-18 05:01:32,05:00:29.50,-0.07067807594624595,0.013132280325787195,0.9983393809472949,7.173192658313399,1.3886593657083655,-4.935151926863629,1.4913999999999998,4.84352,-76.99262586373085
2024-06-18 05:01:32,05:00:30.00,-0.07917991862540798,0.05748615918181768,0.9984576789355013,0.42094679463794193,-1.6233276023441996,-1.5269638129883754,3.2796,4.518,-78.55440801706119
2024-06-18 05:01:33,05:00:30.50,-0.06942549817024096,0.04208792431984342,0.9941657924347236,-5.774010743192407,-2.03229309213581,1.7693916400876477,1.41052,3.62704,-78.31651014050543
2024-06-18 05:01:33,05:00:31.00,-0.054027758413909804,-0.008368608036174145,0.9958140329797931,-5.731659383544527,0.3330052801342852,2.4436120655628915,-1.0920400000000001,3.12136,-77.14026562862044
2024-06-18 05:01:34,05:00:31.50,-0.07449730318765695,-0.0627521952680876,0.9941687377208336,-3.8637503569238523,8.120156336131405,2.7838441310084017,-3.6006799999999997,5.72188,-75.70884517079182
2024-06-18 05:01:34,05:00:32.00,-0.14304010694726887,-0.10318936561524611,0.9862465308802922,-2.1652985116058443,3.2911935257338576,2.019133148296509,-5.35044,8.55872,-74.40935278304595
2024-06-18 05:01:35,05:00:32.50,-0.12897487213163225,-0.15814898219206866,0.9832652172298527,-1.7208154043206807,-7.926891827762387,-1.2067054316931507,-6.93588,6.79028,-74.14079451091875
2024-06-18 05:01:35,05:00:33.00,-0.06148476826218256,-0.18000747351621985,0.9867803529814263,-1.981953875004492,-9.747959339615,-2.4237511783954044,-9.07344,2.14932,-75.38268775374043
2024-06-18 05:01:36,05:00:33.50,0.0077411711024413,-0.18073552763209377,0.9969547577044218,-6.955847191676056,0.1850934001637186,4.743284156712054,-11.4544,0.24795999999999999,-74.4027039130519
2024-06-18 05:01:36,05:00:34.00,-0.01398109661815789,-0.22639200306893212,0.9815853717033061,-0.9112028755227354,8.0416172910417,0.5116010041923417,-13.62764,2.8241199999999997,-72.74945971635516
2024-06-18 05:01:37,05:00:34.50,-0.07491267049679902,-0.1967178080832376,0.9643571447223322,17.570049409350908,-0.49861383658611763,-3.0662041385962198,-8.58112,3.90504,-73.92393417233747
2024-06-18 05:01:37,05:00:35.00,-0.06719066561034064,-0.052552260442945406,0.991726942871106,12.147188960758523,-3.875473809645629,2.188299681107384,-1.41072,2.6282799999999997,-73.880930264955
2024-06-18 05:01:38,05:00:35.50,-0.03910168060636302,0.047071733263613816,0.9964347638867059,5.0327402267777925,-0.9574359785643611,0.5695627400666613,2.3894800000000003,1.94324,-72.87588460167576
2024-06-18 05:01:38,05:00:36.00,-0.029926148803731883,0.09346208852563763,0.9925981892695517,3.75765496445645,-0.6558364537221855,-1.3784702160259517,4.88772,1.64004,-73.18032278183034
2024-06-18 05:01:39,05:00:36.50,-0.03617257474969812,0.12072626067498156,0.9960100684017666,-3.1936093226865485,3.8607253566614843,-1.4655557661164218,5.38732,2.7439999999999998,-73.87400276782756
2024-06-18 05:01:39,05:00:37.00,-0.06734732528031535,0.0860706358793547,0.9972136877842641,-7.402208188823961,2.0878774179346102,0.013703014649529244,2.9972399999999997,4.27256,-74.18107231353468
2024-06-18 05:01:40,05:00:37.50,-0.08048011272630547,0.02531021861622373,1.0002332977776731,-1.6809492042414595,-1.322370088489086,-0.693943950774052,1.0564799999999999,4.38072,-74.23146144308971
2024-06-18 05:01:40,05:00:38.00,-0.062088745426402504,0.05695960383927434,0.9986345671451654,9.407284178375793,-3.9166631984064035,-1.9167471533747007,3.60372,2.89168,-74.68808062436486
2024-06-18 05:01:41,05:00:38.50,-0.03814181409366973,0.18340767506857147,0.9820892804158176,8.532336059451367,1.5615254821189182,0.6972915073682424,9.78748,2.45472,-74.7988800009582
2024-06-18 05:01:42,05:00:39.00,-0.06234173601515619,0.1956536793054057,0.9775654319828654,-10.709392995239828,4.106125162713274,0.1455221056468871,8.86392,4.02084,-74.83106376870191
2024-06-18 05:01:42,05:00:39.50,-0.09895927478612421,0.07798969417859808,0.9889373595070756,-15.190680255389601,2.3038451989677857,-2.0112769666340284,2.23912,5.83448,-75.25515087531036
2024-06-18 05:01:43,05:00:40.00,-0.10660458915127795,-0.052874520067092215,0.9892030372630423,-5.509020161147708,0.5740456625013567,-2.0314219317195277,-2.8329199999999997,6.14952,-76.2178129940009
2024-06-18 05:01:43,05:00:40.50,-0.1118296065478974,-0.10214694180824523,0.9879243217889622,-1.471300894030838,2.1914245477134204,-1.0517906108531556,-4.76116,6.82708,-76.74941237499779
2024-06-18 05:01:44,05:00:41.00,-0.13363611061110764,-0.1098934573198517,0.9899646653147406,2.1194163594644038,2.9443896194629695,-1.0566717369217782,-5.04896,8.095320000000001,-77.43254451634469
2024-06-18 05:01:44,05:00:41.50,-0.14345151162115075,-0.11648597194210357,0.9904095939141893,-2.5564005804452723,-2.7795563688268965,-1.039472950108517,-5.61212,7.97112,-77.76232087577645
2024-06-18 05:01:45,05:00:42.00,-0.06441802670543999,-0.17839393629353745,0.9840993648671715,-2.501827225180214,-14.102919813050937,-2.5211303620781598,-8.4968,2.4608,-78.57700279100591
2024-06-18 05:01:45,05:00:42.50,0.023897528126497168,-0.18026691678163115,0.9919687391043636,1.371780303112323,-2.446520853547242,0.005484810631948624,-9.23524,-1.53304,-79.36071042959956
2024-06-18 05:01:46,05:00:43.00,-0.041729755020606184,-0.1483462141479369,0.9859844607006533,-0.37371560386668407,11.298633321506843,5.319111825524731,-8.868360000000001,2.18228,-78.46913475446
2024-06-18 05:01:46,05:00:43.50,-0.10818509011205008,-0.13773388696934233,0.9879544257807475,5.286964313268706,1.923190763094892,7.265816602774191,-7.48708,6.62088,-74.12217605268313
2024-06-18 05:01:47,05:00:44.00,-0.10717077487631423,-0.08362871877211547,0.9855235994397256,6.059079023704282,-7.134194660560024,2.1907440589955547,-3.95104,4.67212,-72.03270021537831
2024-06-18 05:01:47,05:00:44.50,-0.047245780808188344,-0.02948403476409377,0.9953880121304263,3.7680044319104966,-1.5186824409884359,0.6528575462985009,-1.7143199999999998,2.81656,-71.41179929166431
2024-06-18 05:01:48,05:00:45.00,-0.030668435412093634,-0.01082048389930792,1.0007228324016813,1.6520143023425893,-0.6024955215040887,1.6276094007476458,-0.6743600000000001,2.55432,-70.94725217472082
2024-06-18 05:01:48,05:00:45.50,0.027679231426679572,0.04538711374532811,0.9929591057887539,3.4605602769139034,-7.978694679528563,-10.624596680942691,1.78312,-0.90444,-72.98627083788283
2024-06-18 05:01:49,05:00:46.00,0.05394130668259617,0.05370552923576637,0.9994405372733379,-1.6208812690949452,1.1158494715860565,-3.1526435264548467,2.11432,-2.68596,-76.83593064272114
2024-06-18 05:01:49,05:00:46.50,0.03536692599501154,0.04896365000641452,0.9999354798797688,0.2444152425830913,2.586665947842978,-0.1221738029235895,1.93404,-1.68792,-77.09295284789513
2024-06-18 05:01:50,05:00:47.00,-0.02528802793948301,0.11592983206753121,0.9995158598890005,7.622447188240404,7.842603194009225,4.03757757876808,5.609439999999999,0.8316,-75.96496675406314
2024-06-18 05:01:50,05:00:47.50,-0.11730233484453231,0.14541835198805736,0.9885660610821425,1.8037167710316107,10.557274772010349,-0.2410987421358808,8.355,7.16244,-74.8802804916288
2024-06-18 05:01:51,05:00:48.00,-0.17971628155844127,0.09439422374951871,0.9765885376966523,-11.977805643393218,-4.357436728863877,-6.586267615642952,3.14988,8.91892,-76.67971089324251
2024-06-18 05:01:51,05:00:48.50,-0.07258953522373013,-0.06037772296290936,0.9902400163932049,-5.28097403932769,-2.835910194549291,-1.9330153644300316,-3.67288,4.29364,-79.16519014595391
2024-06-18 05:01:52,05:00:49.00,-0.08606678156567472,-0.20328517051946876,0.9848226748587201,-8.327270126564704,4.502545958629369,12.024567597809487,-9.9404,6.451359999999999,-76.5137332533162
2024-06-18 05:01:53,05:00:49.50,-0.12045514076009008,-0.2538092324553575,0.9696744516506856,-0.2755854164993076,-4.699214208606528,0.4387653484042559,-13.2486,6.980320000000001,-72.22559199739345
2024-06-18 05:01:53,05:00:50.00,-0.03923347580782075,-0.19136433010382903,0.9729384194617281,15.239417478570944,-10.148784069104552,-5.1857161667070235,-8.88908,1.90276,-74.24427464861422
2024-06-18 05:01:54,05:00:50.50,0.027087519809377833,-0.053260490679624815,0.9950039325637463,8.404534296250059,-0.796068774602805,-5.617235432383441,-2.9599200000000003,-1.13192,-76.69889702515783
2024-06-18 05:01:55,05:00:51.00,0.006708706256809824,0.013401493703091051,0.9977516976123192,5.631230983508695,5.794374837885118,-7.465658418000703,0.18204,0.5945199999999999,-80.23790504669348
2024-06-18 05:01:55,05:00:51.50,-0.044656071497985825,0.14771302824091925,0.9921388176858976,9.91318726089406,4.1101795991683145,2.091696697546362,6.71948,2.6180000000000003,-81.26222792587579
2024-06-18 05:01:56,05:00:52.00,-0.13978566475212506,0.1748839285136484,0.9868305707443672,-3.373435276034586,10.726348728742666,2.9658158818301046,8.1192,7.54384,-79.65600743541272
2024-06-18 05:01:56,05:00:52.50,-0.1948868735470593,0.11385506342745909,0.9722564656383937,-10.741679468900049,-4.284416937254375,1.1520374486525116,4.89652,9.48776,-78.69324811141254
2024-06-18 05:01:57,05:00:53.00,-0.13057406231299665,0.0024684844010451,0.9849556710189649,-10.28296701554038,-8.627630661985815,-3.5268179452510107,-0.8291200000000001,5.717759999999999,-79.40697642026478
2024-06-18 05:01:57,05:00:53.50,-0.059434373897407175,-0.0750053023485758,0.9958173738007534,-4.935099760704613,1.0563172550487925,-3.272595999079486,-4.6014,4.45132,-81.09341407939223
2024-06-18 05:01:58,05:00:54.00,-0.07106764264676207,-0.12833065127413978,0.9909729371783369,-1.552323329309158,1.314861771840965,0.4031246040521802,-6.20476,4.82424,-81.94862457605107
2024-06-18 05:01:58,05:00:54.50,-0.07887539737363007,-0.1647469722196103,0.9860515369603944,-0.21808094297408107,-0.2789931961940374,7.101538394058495,-7.34312,4.90296,-79.88372944656717
2024-06-18 05:01:59,05:00:55.00,-0.07535112043817206,-0.1819133969216643,0.9879963946005631,-1.5934801598503008,-1.4279672612392145,11.013719199516363,-8.81856,5.21952,-75.08401003883563
2024-06-18 05:01:59,05:00:55.50,-0.05197449172467272,-0.14654113142372235,0.984512831181342,7.789262514967139,-5.509362141683601,4.130521668883336,-7.06788,3.44156,-70.59435581846351
2024-06-18 05:02:00,05:00:56.00,0.009538274532294461,-0.046635388443643656,0.9933383173532304,11.468620834890094,-5.559440005485028,-10.016588940940625,-2.05548,-0.05751999999999999,-72.55095318938537
2024-06-18 05:02:00,05:00:56.50,0.040488523465530356,0.06910031350565965,0.9966402642277583,3.8390153599513948,0.7097931904403018,-12.878907561969584,2.21388,-1.42444,-78.42541170641988
2024-06-18 05:02:01,05:00:57.00,0.009054845567791571,0.1740078566771628,0.9939315798805071,8.868105989616268,3.4258488687799513,1.9108249188927093,7.7454,-0.42232,-81.80748998439046
2024-06-18 05:02:01,05:00:57.50,-0.06328501541344284,0.1897088917714001,0.9893075616466088,-3.9176662912014075,10.003179959637484,1.3320706440416512,9.1412,3.4148,-79.52675408294846
2024-06-18 05:02:02,05:00:58.00,-0.15706289187844769,0.10700849523196798,0.9739280759215342,-13.390865101831965,3.6705385423622108,-6.300103403523537,3.67132,8.3752,-81.40291203596564
2024-06-18 05:02:02,05:00:58.50,-0.13205713954516973,-0.07293795652338594,0.9834853407908732,-8.411794291912948,-1.2080532374841748,-1.0266110401145783,-5.1092,7.2363599999999995,-83.25809306939571
2024-06-18 05:02:03,05:00:59.00,-0.12967645204851383,-0.16889664544935562,0.9784261026320153,0.9445416835333313,2.3108635596348743,-3.2244400549209358,-8.60352,8.237680000000001,-84.28795593698729
2024-06-18 05:02:04,05:00:59.50,-0.1535880711506762,-0.20674318206579204,0.9794676961865949,-0.08684942966022346,-0.0034706272077526814,7.930116580325507,-8.97688,9.148719999999999,-83.42000744412468
2024-06-18 05:02:05,05:01:00.00,-0.14815563269805837,-0.21383786016679637,0.9826505398366078,-9.530082633756951,-4.512356721984311,2.369716159011415,-12.75184,8.772359999999999,-79.705247973356
2024-06-18 05:02:05,05:01:00.50,-0.08451035565693886,-0.25219427704601627,0.967163968979915,4.66974505855142,-11.488022872705596,-2.8294217086831126,-14.5442,3.9335199999999997,-80.29459708248064
2024-06-18 05:02:06,05:01:01.00,0.04166248465908385,-0.13584816537371436,0.966974214304337,23.491669005868985,-8.242939781024559,-6.641456772011447,-5.0168,-1.8928,-82.33185852813378
2024-06-18 05:02:06,05:01:01.50,0.06371513598185262,0.04271323160184763,0.9909360315900672,6.3360627718914735,4.567352736427634,-9.505820640866007,1.85656,-2.4382800000000002,-86.92301511294446
2024-06-18 05:02:07,05:01:02.00,0.016545652554576754,0.1228203490366532,0.9924448984117522,5.138654941252159,5.462392934337047,-0.7719648679756542,4.8442,0.27716,-89.66733414456692
2024-06-18 05:02:07,05:01:02.50,-0.08607342901246129,0.1932412724352497,0.9920742562043803,2.4181254244847814,9.17181107591909,5.361151690517602,9.063279999999999,3.884,-87.78101494796027
2024-06-18 05:02:08,05:01:03.00,-0.15131627513087367,0.17470615768429953,0.9794652387339071,-7.162022997503137,3.418560635424927,-0.171910170118849,8.34104,8.270199999999999,-86.22058036901208
2024-06-18 05:02:08,05:01:03.50,-0.13067053792696026,0.05654458450004797,0.977302040430724,-16.16593809030595,-12.369793545548992,-6.304789273367865,1.5715999999999999,5.5301599999999995,-87.71936669542293
2024-06-18 05:02:09,05:01:04.00,-0.010676744710932376,-0.06949182470435872,0.994584818190141,-3.6186189077823987,-2.4155859283785217,-0.02678728451635628,-3.5316,1.3282800000000001,-90.14129325281564
2024-06-18 05:02:09,05:01:04.50,-0.05296968039138447,-0.09946988438637919,0.9957844914921068,-0.6867574706459972,10.637253267559768,3.035731563677437,-4.2902,4.5796,-88.90535860764385
2024-06-18 05:02:10,05:01:05.00,-0.11707251358865674,-0.11439110776147274,0.9931262537544329,-1.8549806394616248,-0.17771764371801244,3.963989112580973,-5.71944,6.75812,-86.76365473444979
2024-06-18 05:02:10,05:01:05.50,-0.0943100079165485,-0.1359152751545591,0.9858362491551645,-0.2785987905796269,-6.8580563122994604,2.300670847785989,-6.950360000000001,4.63192,-85.46059594710364
2024-06-18 05:02:11,05:01:06.00,-0.04010038499132787,-0.12460962727982398,0.9918567426937069,5.772423735146748,-1.6881475337258258,7.351563099613076,-5.32968,3.1338,-82.86091581591882
2024-06-18 05:02:11,05:01:06.50,-0.011425119974313445,-0.055258510476760385,0.9955835904399243,4.280034545569722,-3.277067724013822,-4.391179551979942,-3.01112,1.38816,-81.62100642174897
2024-06-18 05:02:12,05:01:07.00,0.0389560633824119,0.0005973020173716041,0.9999268876682876,3.1256131187306875,-5.033162698559998,-12.797867183907565,-0.7632800000000001,-1.8070000000000002,-86.29952974682759
2024-06-18 05:02:12,05:01:07.50,0.043091897038044565,0.04298774707603311,0.9948336770114394,2.7689839988448015,3.29983690059899,-8.529689093850179,1.23696,-1.94444,-92.52602437342394
2024-06-18 05:02:13,05:01:08.00,0.0014797360446718879,0.12353679815712296,0.9966806717907175,8.528972030282292,7.564786881644099,7.345695253862527,5.6956,0.7125999999999999,-92.11513051291064
2024-06-18 05:02:13,05:01:08.50,-0.10657624315615895,0.17428517475844807,0.98812421792952,2.655468246207164,9.675272260781934,3.569330985354983,9.482000000000001,5.34896,-88.7530287371273
2024-06-18 05:02:14,05:01:09.00,-0.18865181195711606,0.1517588997151301,0.9783002474952046,-10.856154485001937,6.6519394564134515,-5.653059667866206,6.93548,10.295319999999998,-89.3295126706464
2024-06-18 05:02:14,05:01:09.50,-0.21079792789904708,0.03227359990857309,0.9689673379375524,-11.688978234702114,-7.484619616389329,-4.060906977015002,0.21256,10.509,-92.02877983898394
2024-06-18 05:02:15,05:01:10.00,-0.1331915974090861,-0.10424125340113406,0.9818189852999645,-11.863968237743098,-9.538047152311952,-1.3930339296142202,-5.677720000000001,5.75288,-93.45977850763215
2024-06-18 05:02:15,05:01:10.50,-0.05511663003938581,-0.19652249224746174,0.9813588162360655,-2.065504907921395,-0.39821753280926914,3.3370831297509715,-10.03344,4.16268,-92.52870341759159
2024-06-18 05:02:16,05:01:11.00,-0.06050846251573095,-0.22979572954326252,0.9780889587758139,0.04651074548995782,0.3228852117029678,6.6833417756364835,-10.76888,4.33392,-90.48580158373517
2024-06-18 05:02:17,05:01:11.50,-0.03306338583048917,-0.20697922345530678,0.9730038866622738,6.5081984337973084,-2.6925595126716915,3.5401942598261567,-10.13684,3.63152,-86.68097803751829
2024-06-18 05:02:17,05:01:12.00,0.002606684144180388,-0.10542221742996576,0.993013014826716,6.248150980394812,-5.637897080694785,-7.403406985100691,-6.294239999999999,0.27196000000000004,-88.29880967918524
2024-06-18 05:02:18,05:01:12.50,0.021107807283594116,-0.06718787544362582,1.002431436599081,1.7830434578691392,-0.11156300823261464,-9.575222693578276,-4.51112,-1.53404,-92.66812068568807
2024-06-18 05:02:18,05:01:13.00,0.02059598823702229,-0.005308117459676536,0.998575454256989,8.76135156944269,3.1937672559363772,-1.1585857659426284,-1.12256,-0.58348,-95.98118295884628
2024-06-18 05:02:19,05:01:13.50,-0.02475774520507418,0.10005066287170493,1.0012597910507406,5.213507337152073,3.478596810264518,8.60964726548709,4.13524,0.7552,-92.94023609863076
2024-06-18 05:02:19,05:01:14.00,-0.08935671307730153,0.03610766433661366,0.9954760117689263,-11.027540867945667,7.901409898278409,-0.36483840971102993,1.8026399999999998,5.10264,-90.22995558285264
2024-06-18 05:02:20,05:01:14.50,-0.12179002113318388,-0.09232928201644394,0.9776269050191262,-2.978797270822757,-4.89661266373654,-2.684538593591189,-5.4358,5.62596,-92.00694966140922
2024-06-18 05:02:21,05:01:15.00,-0.06142980885253906,-0.060477104262885745,0.984812824833588,6.0803546496757885,8.419290537156755,1.0372000662132128,-3.11396,4.97492,-92.55067829650505
2024-06-18 05:02:21,05:01:15.50,-0.17960301528354616,-0.016545725743440223,0.9970197741433096,1.7576963180255984,13.057165493699607,-0.7296941980363292,0.015080000000000017,10.993360000000001,-91.95918975548297
2024-06-18 05:02:22,05:01:16.00,-0.26611362678113754,-0.05313504128427369,0.9804941183403205,-8.034018733128796,6.321996201375408,2.856285332704525,-3.78292,15.94252,-91.21746897342274
2024-06-18 05:02:22,05:01:16.50,-0.29815186196174315,-0.039027454952961727,0.9637693171548358,3.904671193543416,-3.730835337290424,-4.452339908133076,-3.81072,15.7742,-91.3164756887592
2024-06-18 05:02:23,05:01:17.00,-0.25199591714018527,-0.0035681956603216404,0.9726088952239559,7.790510942229012,-6.176519536533084,-10.481611344593734,-0.6619200000000001,13.41532,-95.69486492829536
2024-06-18 05:02:23,05:01:17.50,-0.1902135658857829,0.02315882276342436,0.9861912286006903,4.530352351776089,-7.726553368557926,-4.554964191934181,2.0034,10.11144,-99.45226382305158
2024-06-18 05:02:24,05:01:18.00,-0.11691996965881828,0.03328493404103752,0.9876194192649215,-5.108926171028148,-9.504351168974031,-1.2544167333354157,0.9598,5.629639999999999,-100.66744910780925
2024-06-18 05:02:24,05:01:18.50,-0.04114605507254261,-0.022878626267513802,0.9880608202617293,-10.776715428738797,-5.316584284504439,0.7728356915468355,-3.08928,2.40988,-100.81155719572853
2024-06-18 05:02:25,05:01:19.00,0.003133990460934544,-0.13697239311471412,0.983462212760632,-8.344312563071007,-4.726227164048805,7.170790186591657,-8.11664,-0.22168,-98.62298595328241
2024-06-18 05:02:25,05:01:19.50,0.019505690838485717,-0.200211904434291,0.9780202714460227,3.540381453699418,0.9870923157138681,8.927709974800003,-9.19688,-0.29024,-94.36507875696834
2024-06-18 05:02:26,05:01:20.00,-0.0023500608321660958,-0.16331793989515095,0.9898642589015885,7.760392475324356,1.3954821864437579,3.344661819980424,-7.2732,0.47252000000000005,-90.71852295498452
2024-06-18 05:02:26,05:01:20.50,-0.01774369951950878,-0.08330215942381605,1.0007432735321944,5.687645461609501,2.6807779872982365,-3.6448397930925127,-4.0451999999999995,1.5005199999999999,-91.53701423923103
2024-06-18 05:02:27,05:01:21.00,-0.024952643318989498,-0.05250816536362152,1.0054920100670275,4.921142742242118,0.6870738125022581,2.815541030356344,-1.9852,2.2016400000000003,-91.70404404774173
2024-06-18 05:02:27,05:01:21.50,-0.028227958496898298,0.008710278214907092,1.0049362165671019,4.375018085713465,-0.8859116790370466,0.29579250145432423,0.67364,1.5441200000000002,-90.2668831160231
2024-06-18 05:02:28,05:01:22.00,-0.043923971549399345,-0.009189245968609884,0.9986117227378268,-11.542534954594903,2.3457704405728963,-4.562580735374105,-1.58244,2.53392,-92.81077139251444
2024-06-18 05:02:28,05:01:22.50,-0.0490235685784476,-0.11198737671044252,1.006406423960557,-16.637515318479117,-0.5645898456224812,5.9992343929995,-9.12928,2.87,-91.17338961837096
2024-06-18 05:02:29,05:01:23.00,-0.03765506517826629,-0.19766722713255055,0.983255340174894,3.2970592742561786,-2.693826797475535,1.9039691883322503,-12.046959999999999,2.2342400000000002,-89.06870054584533
2024-06-18 05:02:29,05:01:23.50,-0.02578675842154071,-0.06874641126186068,0.9786779675700424,17.36190978541002,-0.44394236798426306,-6.937501111535688,-2.80876,1.12512,-90.45135409931174
2024-06-18 05:02:30,05:01:24.00,-0.044164656061661006,0.008734747021877936,0.9959649315930069,1.433473059746384,3.5478730195812584,-6.105689869160915,-0.14612,2.4692,-93.93729362688327
2024-06-18 05:02:30,05:01:24.50,-0.07379917644620043,0.0009594603546602678,0.9935181497403051,-2.2010496936626054,4.086702084899529,0.47525252305177146,-0.37692,4.5766,-94.90403701874001
2024-06-18 05:02:31,05:01:25.00,-0.12096095364397794,-0.02347262040382199,1.0001561472801426,1.114805449034141,4.139537066792472,-1.8728616320772429,-0.9056400000000001,6.8355999999999995,-95.23346723586917
2024-06-18 05:02:31,05:01:25.50,-0.1428790773994329,-0.007870706524785864,0.9970819631170268,4.303150928792737,-2.0699000947795003,-2.646989278641085,0.5488000000000001,7.471839999999999,-96.30465667900236
2024-06-18 05:02:32,05:01:26.00,-0.10545000066971617,0.00681338981159866,0.9936994281608155,-2.1634414543140803,-7.053162621875192,-3.1869215328747127,0.56424,5.148440000000001,-97.65046817803375
2024-06-18 05:02:32,05:01:26.50,-0.02936682967694487,-0.05679874800733787,0.99512838637704,-3.3926354372917675,-6.273020944809658,9.717867272010162,-1.7820799999999999,1.3574799999999998,-96.16171148842218
2024-06-18 05:02:33,05:01:27.00,0.00016765796950245603,-0.09006748818076088,1.0001723886963594,-9.472016561269987,-0.09644609364143023,-0.9306643156734696,-5.79848,0.35688000000000003,-93.84059697767084
2024-06-18 05:02:33,05:01:27.50,0.025429150381128696,-0.13884956932730416,0.9961278104133305,-0.12911535225379767,-0.6801574978700877,-0.4805929776927311,-8.20152,-0.19047999999999998,-93.87456026679072
2024-06-18 05:02:34,05:01:28.00,0.019444038144011414,-0.10260066963293517,0.9847312388012271,14.699948092340332,2.6590504014588565,-3.5628665976782803,-3.51368,-0.40856000000000003,-95.05055214344203
2024-06-18 05:02:34,05:01:28.50,-0.036804456543182686,-0.005347198113640528,0.9952867068200406,2.130629072333021,5.003198468757264,2.1436412229201136,-0.086,1.85148,-95.39516542720995
2024-06-18 05:02:35,05:01:29.00,-0.0669202692485565,0.01769306405817287,1.0023727114014067,0.06546388143830267,1.9100365006746443,0.8645900589499703,0.46548,3.80248,-94.32310079368465
2024-06-18 05:02:35,05:01:29.50,-0.08197005695619908,0.030391175617723344,0.9959387643235764,4.084287605393601,-0.21204206876843393,0.3328745507850783,1.72324,4.24632,-94.10899730856072
2024-06-18 05:02:36,05:01:30.00,-0.07640067778377775,0.07129532648898736,0.9949649273339183,3.4523730285661873,-0.5577574089325811,-0.055589404761007266,4.12396,4.1150400000000005,-94.00072412449612
2024-06-18 05:02:36,05:01:30.50,-0.06436172450339284,0.0945938547081036,0.9974081152092872,-4.473683193147263,-2.0121482960987205,-1.5924512267779565,3.7391199999999998,3.6414,-94.1446643801757
2024-06-18 05:02:37,05:01:31.00,-0.020305081923485648,0.09738631690966226,0.9995871427615404,1.7973326507864238,-4.321342006492372,-2.7670920129066605,3.3355200000000003,1.6025999999999998,-95.67392078588959
2024-06-18 05:02:37,05:01:31.50,0.002560168627983229,0.14958348066593405,0.9937336805632,3.382958085178042,-1.5484516781845878,5.454172973925376,7.60712,-0.45771999999999996,-94.629881309355
2024-06-18 05:02:38,05:01:32.00,0.0013801306173608998,0.12083191410577733,0.9861914783208375,-9.75789280187538,0.9853132399776053,4.251646017624527,4.75476,-0.23076,-92.07951677497755
2024-06-18 05:02:38,05:01:32.50,-0.02218288593047456,0.023141473381552004,0.994544078973294,-6.891295529866657,3.7310061201599365,-3.968026493304385,1.07452,1.03544,-91.54718851207322
2024-06-18 05:02:39,05:01:33.00,-0.0886638238906566,-0.047263483119936806,0.9943529032935625,-6.918521950924881,14.001488651857244,-3.408471778440309,-2.6674399999999996,6.22068,-94.09011274089666
2024-06-18 05:02:39,05:01:33.50,-0.19140472858730598,-0.1686406190755621,0.9765336858153937,-8.36078057757997,5.313178232006888,1.5846019884559686,-7.84228,11.088119999999998,-94.30544753417522
2024-06-18 05:02:40,05:01:34.00,-0.20169546297023924,-0.20572262692110452,0.9661448335578544,-0.16740717477226003,-8.285488470112288,0.271882534198422,-10.43084,9.70872,-93.559607358735
2024-06-18 05:02:40,05:01:34.50,-0.12733941460812295,-0.19242657191115392,0.9741432112266045,5.058406153336777,-7.49277129487772,-1.9182132662849616,-9.55076,5.95208,-94.06605671850807
2024-06-18 05:02:41,05:01:35.00,-0.06163031748311366,-0.13745950937901588,0.9854187448738483,6.730501455832913,-4.2394495555643115,0.3208978346810337,-6.76604,3.2618,-94.38170020388388
2024-06-18 05:02:41,05:01:35.50,-0.02478807982587429,-0.07789617814354377,0.9957354847291258,3.5305242205405785,-1.5216530516536764,1.124106785267339,-4.4834,1.80988,-93.8720982323424
2024-06-18 05:02:42,05:01:36.00,-0.02123311038310124,-0.0583718413997639,0.9994554213940015,0.3938007311896582,1.5977006572078247,0.9677413143391892,-3.46476,1.91272,-93.55402804698164
2024-06-18 05:02:43,05:01:36.50,-0.020549664494486305,-0.06694707285559416,0.9961189240484347,1.1471826821076703,-1.0955870574832982,2.648430907286796,-3.42676,1.9654800000000001,-91.93844774044977
2024-06-18 05:02:43,05:01:37.00,0.04407475119124421,-0.007536611499258847,0.9999432703561805,5.359192862397967,-6.798562838182097,-7.724775696727643,-1.21732,-1.82488,-93.51804277934195
2024-06-18 05:02:44,05:01:37.50,0.047685367055874686,0.026380560816751716,0.9968587015150705,-0.8313394969881149,5.0510203596614955,-4.0251507584255295,0.34872,-1.9024,-96.69716959815509
2024-06-18 05:02:44,05:01:38.00,-0.011877991744115196,0.016764265144986676,0.9976826750746415,0.5721349404053215,6.132205829310152,-2.8358967602729965,0.6914,1.15776,-98.07826770242042
2024-06-18 05:02:45,05:01:38.50,-0.06720187156785681,0.04849574882768719,0.9930698966258912,5.21651594951194,6.7754212410801244,0.8661287813769775,2.0684,4.45364,-99.11710437339792
2024-06-18 05:02:45,05:01:39.00,-0.1279563345653619,0.12600797776588807,0.9909162011214607,6.139809972363391,0.7780998510030372,6.319210540326555,6.8988,6.22984,-96.50119424539929
2024-06-18 05:02:46,05:01:39.50,-0.12783828125051566,0.16182555060831272,0.9901773726810709,-0.7538507565813348,-2.3657399979939084,2.8507271072416325,8.51588,5.835840000000001,-94.27506064997326
2024-06-18 05:02:46,05:01:40.00,-0.10398878286865215,0.1337188048683476,0.9854679209758578,-8.647176729717666,-4.3204701528535905,-0.6294772176131275,5.92192,4.67356,-93.32957648359202
2024-06-18 05:02:47,05:01:40.50,-0.09564792826577319,0.04577476424534457,0.992448403260295,-10.719070324936446,3.7122290387662753,-4.244787647100627,1.37116,4.71492,-95.00436107034356
2024-06-18 05:02:47,05:01:41.00,-0.13201135540445053,-0.08345094483929642,0.9827728550521049,-11.705256191506102,6.826614856037055,-1.641173671961858,-5.02836,8.88232,-96.37124492503148
2024-06-18 05:02:48,05:01:41.50,-0.16277064766901142,-0.23872745975149495,0.9684390119090487,-6.660348968463207,-5.382072803794215,6.014777953181405,-11.128800000000002,8.47648,-95.20860855146302
2024-06-18 05:02:48,05:01:42.00,-0.10739445410209286,-0.19981479652182105,0.9727014221682069,9.568637030956928,-6.568802051646019,-2.9407667587107613,-9.392999999999999,5.2128,-93.91052780624183
2024-06-18 05:02:49,05:01:42.50,-0.05094797430732314,-0.12191766296831257,0.9924226405869615,4.702673038346142,-2.8131105752917818,-4.616528814205711,-6.72764,2.7236400000000005,-96.42880064904487
2024-06-18 05:02:49,05:01:43.00,-0.030344948536859113,-0.07149098055475,0.9947862033402268,5.289544598693825,-0.6093317394612575,-1.090164652709379,-4.06004,2.0102,-97.57747875030711
2024-06-18 05:02:50,05:01:43.50,-0.022958017712762374,-0.04339698591380009,0.9992846389698806,-1.9758483349141724,-0.13214640135650035,1.9462409922248207,-3.11644,1.59028,-97.49292264960617
2024-06-18 05:02:50,05:01:44.00,-0.013046379213505509,-0.0988984469638197,0.9971253542794707,-2.7922684101235573,-1.4577354527060198,10.483369301253926,-5.445679999999999,1.50788,-94.28150286450635
2024-06-18 05:02:51,05:01:44.50,0.043182227110913844,-0.0747102633429477,0.9967612007074267,3.011135522748638,-4.521956784677833,-6.5435226824276205,-4.29036,-1.22616,-91.85965193048676
2024-06-18 05:02:51,05:01:45.00,0.035684645230251714,-0.044784173310644694,0.9949801768150526,2.5208549701826954,6.33570908206497,-12.115831832971178,-2.654,-1.17096,-98.08874506404771
2024-06-18 05:02:52,05:01:45.50,-0.026254512004062047,-0.0220081303856832,0.9993280987101527,2.7530799248841533,4.280545503079222,-4.750397799520729,-1.2728,1.66836,-101.89787797758441
2024-06-18 05:02:52,05:01:46.00,-0.06947132647496264,-0.009239097219008317,0.997689952946154,2.033547796047003,1.4387545088684133,-6.684353041746406,-0.34171999999999997,2.99704,-104.55799748492433
2024-06-18 05:02:53,05:01:46.50,-0.07937154625466528,0.10752575721094691,0.9944362582364505,13.692590538259049,3.075497764374129,7.303129608211518,5.18008,4.54336,-105.47165014545475
2024-06-18 05:02:53,05:01:47.00,-0.10935368681446762,0.18311348018578574,0.9866429653041032,0.9118909164887712,2.839736875232005,9.367755904656953,9.55772,5.46936,-99.44031450120494
2024-06-18 05:02:54,05:01:47.50,-0.1441086797724872,0.16132790624415044,0.9802226934465185,-11.974419323636901,2.001462765419106,0.47909204284216883,6.988440000000001,6.9526,-97.60240763351607
2024-06-18 05:02:54,05:01:48.00,-0.1538522293233408,0.039119657895787106,0.980547365316783,-11.610332230273627,-2.4471851440775514,-0.794160671395863,1.06964,7.4901599999999995,-97.37748259151738
2024-06-18 05:02:55,05:01:48.50,-0.11559967985306045,-0.05682378624197246,0.9893684013770319,-6.632694283538293,-0.17929494885684466,-3.0832622104195657,-3.3820799999999998,6.6776,-98.72364242311022
2024-06-18 05:02:55,05:01:49.00,-0.10900758997179655,-0.11062226678555391,0.9877744174241934,-2.5428693187652596,3.6512967015460425,-2.3752882866549223,-5.922680000000001,7.48804,-99.82618212272004
2024-06-18 05:02:56,05:01:49.50,-0.13576617530119117,-0.13214085948650245,0.9830114667488802,1.460334493786377,2.074706396271935,-1.788920924246419,-6.57576,8.420119999999999,-100.9419198157024
2024-06-18 05:02:56,05:01:50.00,-0.14203745373718515,-0.17619970329897375,0.9851887668533261,-2.0900880351658118,-1.7813608772031118,4.892165911227931,-7.19928,7.964600000000001,-100.57307406247135
2024-06-18 05:02:57,05:01:50.50,-0.12035973927629316,-0.18690759888045821,0.9842979768489627,-6.730959177451448,-4.904733501793082,5.36865953998269,-10.44912,6.68872,-96.76482578647199
2024-06-18 05:02:57,05:01:51.00,-0.08097804331052288,-0.22623049094264897,0.9763660967070337,1.0999140304208286,-7.634453809742171,0.20874538093719783,-12.62952,3.60416,-95.99988930323372
2024-06-18 05:02:58,05:01:51.50,-0.017681707702313428,-0.16937392051515698,0.9690494926119273,16.325617759731198,-1.952362365010619,0.759040436574519,-7.033239999999999,1.3572,-95.44658173285612
2024-06-18 05:02:58,05:01:52.00,-0.018334409209406023,-0.03389144846121829,0.9994942955997691,7.319845550507939,4.799193321943194,-1.5252215826595488,-1.8341999999999998,2.3806,-95.76361809894156
2024-06-18 05:02:59,05:01:52.50,-0.03049644741000451,0.05105422986891096,0.9985294880056608,6.212339063010234,-3.078509222755146,-5.024176583300774,1.7534800000000001,2.25208,-97.03271487988988
2024-06-18 05:02:59,05:01:53.00,-0.0116801289024806,0.14493161582251038,0.994387636098541,4.313004268179032,-2.0485922457457577,-0.29966490143013713,5.946560000000001,0.3528,-99.0937529277467
2024-06-18 05:03:00,05:01:53.50,-0.012252696622888432,0.14016760225555686,0.9921137303828772,-5.423425235486072,1.5291156459491992,1.579974112496584,5.775,0.49228,-97.92205409230229
2024-06-18 05:03:00,05:01:54.00,-0.031624289328894294,0.08583498672504923,0.993816974095544,-3.664157425692653,4.306240266883453,-2.4942207112350863,4.22388,2.225,-98.34146767006756
2024-06-18 05:03:01,05:01:54.50,-0.0727763106191383,0.045633103351390245,0.9917173308493495,-2.9393622844227316,3.5726161706247597,-1.2155362481351826,2.4916400000000003,4.31128,-99.33251885956382
2024-06-18 05:03:01,05:01:55.00,-0.15186348187486837,-0.018800477920632486,0.9928965396339587,-9.995824402314925,8.641610359813248,-2.0040362350789387,-1.24836,7.45948,-100.00613843087793
2024-06-18 05:03:02,05:01:55.50,-0.2222343694075132,-0.09761429340355272,0.9796712705175383,-4.488682703366258,6.211137734039544,2.804422976339857,-5.33924,13.091679999999998,-99.69175188683495
2024-06-18 05:03:02,05:01:56.00,-0.23203661783243024,-0.12512134117643303,0.9696033657793741,0.351870481369899,-13.260815969128252,-0.5204433599486251,-6.155119999999999,10.462,-98.96687055822115
2024-06-18 05:03:03,05:01:56.50,-0.11188073433970379,-0.11468660973456636,0.9824837327433769,1.2638932733409343,-8.810489847385444,-0.0840492278116693,-6.20636,5.07456,-99.20259260442766
2024-06-18 05:03:03,05:01:57.00,-0.04568394072672983,-0.10075950581655505,0.9957440421830721,2.017481999019959,-1.481522021129227,-0.09208085493303743,-5.23268,3.1976400000000003,-99.19542905886308
2024-06-18 05:03:04,05:01:57.50,-0.03216251444156216,-0.08116622324337967,0.994066544743891,1.7847934599324962,-0.7884808841524255,0.3302048913852733,-4.517440000000001,2.354,-99.00589709452676
2024-06-18 05:03:04,05:01:58.00,-0.020442776913985217,-0.06883767952923693,0.9981306847130271,-0.29374805660028014,-1.7477318525123349,-0.2912877415911888,-4.172,1.4474,-98.96766009438424
2024-06-18 05:03:05,05:01:58.50,0.0009349608799715842,-0.008644364656530951,0.9974517711380506,9.530277276775683,1.708012308795908,-5.512646685029873,-1.25352,0.9937600000000001,-99.94072544087366
2024-06-18 05:03:05,05:01:59.00,-0.013015417355888409,0.05863872577992554,1.0037681379415666,4.346722863494915,0.19070303681148779,-6.847707815633653,3.02948,1.4042400000000002,-103.6563956458138
2024-06-18 05:03:06,05:01:59.50,-0.016191814611313075,0.08009976525695812,0.9950165474588611,-2.635179114163999,-1.0397857213845085,-3.4219572050691305,3.4068799999999997,0.8370399999999999,-106.08692171100316
2024-06-18 05:03:06,05:02:00.00,-0.013873156163708484,0.04010584263684363,0.9977987307284792,-4.317243324116293,4.093862850335121,0.6959736550233508,1.6976,1.7202000000000002,-106.6051496824978
2024-06-18 05:03:07,05:02:00.50,-0.06290831001757369,0.00031430079759278804,0.997124661124292,-3.659759717849512,4.572327184570116,1.6124281228910693,-0.17536000000000002,3.9295999999999998,-105.84556221312461
2024-06-18 05:03:07,05:02:01.00,-0.10059672891245888,-0.036999635896112326,0.9963463119243829,-2.9441716043285187,2.5622049627947145,2.366597460091855,-1.8331600000000001,5.74868,-104.76568428990815
2024-06-18 05:03:08,05:02:01.50,-0.0991791920083524,-0.11598962858523615,0.9882252345032221,-6.708373870319488,-7.214223332022311,-16.212355103777316,-5.614159999999999,4.316,-106.47916543802235
2024-06-18 05:03:08,05:02:02.00,-0.00918181630702396,-0.14078363254611856,0.9734024659236181,0.8753215818474966,-0.3159819760486732,-41.166194919241015,-7.6616,-0.27356,-122.8620055923479
2024-06-18 05:03:09,05:02:02.50,0.016759656033887224,-0.11218788604223627,0.9903161145844753,6.794592340940694,5.989254570447168,-25.285701658897686,-5.3732,-0.29163999999999995,-141.34935680750962
2024-06-18 05:03:10,05:02:03.00,-0.030721270668406398,-0.053870823950457725,1.0009612866731548,5.076612699672518,3.400178082155952,23.4971177048527,-1.97328,2.0190799999999998,-140.49534668641246
2024-06-18 05:03:10,05:02:03.50,-0.05110508064620165,-0.00945828611596608,1.0068920304038724,-0.601062655307381,-2.860713178731136,40.37136956176887,-0.87092,2.03484,-123.43393056459134
2024-06-18 05:03:11,05:02:04.00,-0.03230633365449101,-0.008027063221816599,0.9965046699979332,-5.033260544123072,4.048038012118996,31.568925958573896,-1.47584,2.72416,-103.09512214186427
2024-06-18 05:03:11,05:02:04.50,-0.07066641675528618,-0.053326464078648834,0.9933442886035934,-5.591467899695539,3.5468107258238475,-25.093585451431345,-4.4274000000000004,4.56272,-102.56422627988137
2024-06-18 05:03:12,05:02:05.00,-0.06941312222192353,-0.10115572495379692,0.9982962505126792,-1.8490909014367407,-0.7789810385260428,-38.20419840487921,-6.465199999999999,3.0816399999999997,-119.90271525959777
2024-06-18 05:03:12,05:02:05.50,-0.04496557876071896,-0.12802474906156264,1.0232188478366941,7.238153938386269,4.65258276019517,-18.975537875448648,-6.25756,2.7108,-134.7437881707456
2024-06-18 05:03:13,05:02:06.00,-0.07058327456656922,-0.05991585908895064,1.009360329350688,9.375784566317213,3.573578190602922,-4.605796771234479,-1.83872,4.301839999999999,-139.84428992145976
2024-06-18 05:03:13,05:02:06.50,-0.09365422936354963,0.009029874320739597,0.9847004118412606,1.5004441443143741,-3.5575414217846277,0.18315779473972016,0.28528000000000003,4.4062,-140.73027342573906
2024-06-18 05:03:14,05:02:07.00,-0.05054184463301836,0.00459795316019374,0.9855322331465168,-4.875075671950097,0.1587919960871435,1.921822512580726,-1.08968,2.6848,-139.91463163463663
2024-06-18 05:03:14,05:02:07.50,-0.07213211610712011,-0.026125230138039378,0.9952992245883044,-2.8357118848378673,1.7432174822427948,4.183087067175444,-1.8906,4.832,-138.3955217014072
2024-06-18 05:03:15,05:02:08.00,-0.08716077135593682,-0.09023711699430825,0.9803530888585743,-8.213747252569304,0.6542228562322304,16.947724531637274,-4.82108,4.45752,-132.59084186808704
2024-06-18 05:03:15,05:02:08.50,-0.10605280927005578,-0.15231227352915438,0.9874527431059849,-7.410677591676673,5.6117931171574575,2.655136523656205,-9.07512,7.56604,-127.33409864983733
2024-06-18 05:03:16,05:02:09.00,-0.14241782065604988,-0.19016349956158604,0.9760163038026994,3.9897815989204513,-1.6892285464137382,-3.621787051749529,-10.12896,7.7494000000000005,-128.28254331686665
2024-06-18 05:03:16,05:02:09.50,-0.0724870569265067,-0.11982124939177569,0.9825626476931453,11.58541981052103,-13.505099724788895,-9.956490115595376,-5.65052,3.0739199999999998,-131.22220449234695
2024-06-18 05:03:17,05:02:10.00,0.0259170528819364,-0.03359717190465679,1.0013068074074518,5.1661053696969965,-5.762414890260276,-6.260173196052558,-1.61876,-2.34012,-136.06627480815584
2024-06-18 05:03:17,05:02:10.50,0.027548138326301944,0.03262395639275936,1.0043832004087971,3.0119626561561126,6.73728724082773,-1.3593195861148968,0.66436,-0.96736,-137.91923991246688
2024-06-18 05:03:18,05:02:11.00,-0.012324520464992472,0.0361324007609925,1.0002221211693632,-1.0089293813564506,4.339896972699016,1.8525741028036449,1.14928,1.3517599999999999,-136.7231355039353
2024-06-18 05:03:18,05:02:11.50,-0.08584400397618527,0.09245299738717033,0.9957743777421565,7.577544121191515,10.909890784792388,-0.02732268356093783,4.2858,5.7161599999999995,-137.38537274598832
2024-06-18 05:03:19,05:02:12.00,-0.16152590124499316,0.12951321924427026,0.9899047756978068,5.405155338397277,2.647171308192372,5.006370195657758,8.12764,8.723279999999999,-135.2448185114673
2024-06-18 05:03:19,05:02:12.50,-0.17440846057118967,0.15833167840510548,0.978138270966538,0.20751371394130552,-1.2069149109274016,0.3595047222282514,9.78128,8.9224,-133.84410549687263
2024-06-18 05:03:20,05:02:13.00,-0.1727090212648664,0.10373364772930513,0.976899533486428,-11.048439680985602,-2.060725580204895,-3.680318026369394,5.18692,8.567960000000001,-135.30219512496026
2024-06-18 05:03:20,05:02:13.50,-0.14325333362562997,-0.01691051023738368,0.9887497336705857,-14.612084530264564,-0.9408217808789291,5.21588781112963,-1.06016,8.267999999999999,-134.84312385105105
2024-06-18 05:03:21,05:02:14.00,-0.1143125035534374,-0.163765061386598,0.9887784482743353,-20.525096616091336,-4.517155022413213,4.86704441431445,-10.863199999999999,7.51736,-131.0614714498843
2024-06-18 05:03:21,05:02:14.50,-0.010375362786294508,-0.24663866671094126,0.9597905165672697,3.617116340452028,-13.505461978285009,-12.5913053543224,-13.974,0.07119999999999999,-133.28451234678818
2024-06-18 05:03:22,05:02:15.00,0.07316341723867963,-0.18797220093758263,0.9661105724621217,15.43300871551154,1.6957701755387553,-8.863583542814574,-8.229239999999999,-3.5972399999999998,-139.406828473255
2024-06-18 05:03:22,05:02:15.50,0.044798694854753525,-0.04119349773581467,0.9925620468086414,12.609487032703996,5.919677433667266,0.2281495480377234,-1.55392,-1.23536,-141.49108574493556
2024-06-18 05:03:23,05:02:16.00,-0.009001033969257452,0.11067294576688141,1.0033021687381203,8.740479695915692,-1.2674246142232521,5.712778798473343,4.739920000000001,-1.09216,-139.09545796505833
2024-06-18 05:03:23,05:02:16.50,-0.035397032200764074,0.14871281799229297,1.0009331551607645,4.345101603989924,9.495910560678226,-1.2029590109866248,8.230360000000001,2.27644,-138.1459375119382
2024-06-18 05:03:24,05:02:17.00,-0.1237905837207448,0.16103847710193958,0.9886235370611764,-2.284290974315095,7.094207024674478,-0.9752170096533546,8.85552,7.0005999999999995,-138.65436512080953
2024-06-18 05:03:24,05:02:17.50,-0.16364693861526078,0.09124377009323065,0.9795692783457473,-12.02827078267513,-0.3868617291659531,-4.053283808966848,4.34288,8.7338,-140.15334816532857
2024-06-18 05:03:25,05:02:18.00,-0.1448290124900929,-0.052434183523776795,0.9847297796769361,-14.555625745202942,-3.3412998060896064,2.5267351939531166,-3.02476,7.6273599999999995,-140.71577903256755
2024-06-18 05:03:25,05:02:18.50,-0.08294731427696979,-0.1844946413693109,0.9876520064437778,-15.553855548950702,-4.809267194274608,1.5509564572833108,-11.197239999999999,5.97452,-138.39268459165405
2024-06-18 05:03:26,05:02:19.00,-0.014759230443856937,-0.25501585409925787,0.9640954062569196,2.403605844754682,-8.872550796690518,-5.8216564066841245,-14.10156,0.51984,-140.53316640207723
2024-06-18 05:03:26,05:02:19.50,0.051245277873232735,-0.1906469823855345,0.9649312772930583,14.83379611064511,2.1149282162918412,-7.189809523886748,-9.02944,-1.78888,-143.22058685874197
2024-06-18 05:03:27,05:02:20.00,0.010216859825443202,-0.018098593803374217,0.9923608158533054,17.96194039401546,5.83192686312481,-0.17950062794474364,-0.28388,0.39444,-145.7919328977715
2024-06-18 05:03:27,05:02:20.50,-0.03473756022106704,0.14073181086075506,0.9966874626134153,10.169264869186508,-0.2046620852946915,5.08102671789828,7.040080000000001,1.08896,-143.69889276260741
2024-06-18 05:03:28,05:02:21.00,-0.07530863634398673,0.20421647522137373,0.9900606137843763,2.9523985895063767,8.813042715648837,-1.878531925380913,10.912439999999998,4.01068,-142.89051049233544
2024-06-18 05:03:28,05:02:21.50,-0.1753905760726915,0.18172031956825851,0.9728202547621551,-9.16949785804129,7.412578979069228,-3.990354839674422,9.18904,9.44144,-144.4096906619516
2024-06-18 05:03:29,05:02:22.00,-0.21130174982499472,0.06661438643633827,0.9724509710103303,-18.712471712506446,1.0306778527338838,-4.053844732517745,0.78836,11.74908,-146.43621711829917
2024-06-18 05:03:30,05:02:22.50,-0.1917397747004466,-0.19344918919649678,0.9595529649860133,-14.60425717547334,-5.512642446291934,0.6815010796081523,-11.3232,10.21316,-147.8732362117373
2024-06-18 05:03:30,05:02:23.00,-0.05380288201554339,-0.3261288862879735,0.9422518736121228,5.318387627231094,-11.509144206661544,2.2920201065541543,-16.4444,2.78012,-145.8032957491729
2024-06-18 05:03:31,05:02:23.50,0.10439946463229662,-0.12391804639624533,0.9758763685232669,16.21436648205839,-4.631492261900802,-10.051172003890658,-5.664159999999999,-5.538679999999999,-148.15176871921886
2024-06-18 05:03:32,05:02:24.00,0.0666836372233571,0.10459478110161964,0.9985652845468299,8.234763190983047,6.70375590113092,1.5405745771394705,5.1704,-2.96952,-150.91143358282403
2024-06-18 05:03:33,05:02:24.50,-0.10587724068351693,0.15652226319602186,0.984915400795084,-3.9380441278929004,11.755468550817115,-4.756947667895879,7.91156,5.7697199999999995,-150.76986735194305
2024-06-18 05:03:34,05:02:25.00,-0.19974201321364904,-0.0428099183997409,0.9813014726559973,-20.499980498103945,0.9087193272675498,1.703708442486341,-4.15916,10.98248,-152.46094919648968
2024-06-18 05:03:34,05:02:25.50,-0.17639021293958934,-0.2556478077573684,0.9589876709282581,-7.997419125221729,-6.128822591041197,1.831914348086341,-14.52192,9.51676,-150.21599791844895
2024-06-18 05:03:35,05:02:26.00,-0.04756899709941662,-0.18824292902570947,0.9566612055953609,21.18835328926242,-7.613329987842361,-9.044138507467858,-8.2516,2.853,-152.29100314043617
2024-06-18 05:03:36,05:02:26.50,-0.008686658049670696,0.0777852199640563,0.9886956535367539,18.4139653812772,0.32121031917663473,-2.174110515043753,4.985519999999999,0.83584,-156.24422092611496
2024-06-18 05:03:36,05:02:27.00,-0.07851963300894932,0.22368554769452875,0.9856225058485034,-1.4438874003873434,7.451230103334873,-3.7179220772951878,11.1394,4.18232,-156.62566986410226
2024-06-18 05:03:37,05:02:27.50,-0.16583860926383778,0.16141260012755637,0.9822713652499382,-10.034832913246193,4.169474849386742,-2.7654890153219314,7.53672,9.5508,-158.39713810926955
2024-06-18 05:03:38,05:02:28.00,-0.18951103194194946,0.009476803874033829,0.9817191702085648,-17.51147162197736,-0.5459872586327772,3.15127360675221,0.22872,10.22208,-158.54182414258415
2024-06-18 05:03:38,05:02:28.50,-0.1716693671530917,-0.13837081258774714,0.9792731985504756,-13.259963773850162,-5.640917807985605,3.082656149537824,-7.77432,9.14868,-156.36667014729258
2024-06-18 05:03:39,05:02:29.00,-0.08906016069134436,-0.21637909524847096,0.9663610262780427,1.0973285552462002,-12.513683819286575,5.447963738299149,-10.8432,4.23864,-154.5168630349466
2024-06-18 05:03:39,05:02:29.50,0.031190413717664196,-0.1604620700594969,0.9701492645634356,6.7345628996843905,-5.0213681699426465,-2.2079664531123755,-8.53672,-0.02008,-152.86085041789755
2024-06-18 05:03:40,05:02:30.00,0.05926452193788382,-0.0770797810667372,0.9865335122595357,4.140103626331518,0.4618402115992479,-15.720317286821343,-5.25264,-2.61656,-158.20262851766105
2024-06-18 05:03:40,05:02:30.50,0.04101552499216221,-0.0363428877556805,1.0006886001241084,3.615163197598707,0.992184089086964,-4.3054170484906455,-3.1430000000000002,-2.17944,-163.47021088598652
2024-06-18 05:03:41,05:02:31.00,0.03355154159654779,0.03815026574634033,1.0105008038397696,12.416279133478543,-0.8206953982872,4.8547665256914465,2.2302,-2.7126799999999998,-162.4606917512543
2024-06-18 05:03:41,05:02:31.50,-0.034368990914449754,0.11323155555806112,1.0033554748608016,8.696594474696255,13.336898029886822,-1.3092951982858057,7.72996,1.5712799999999998,-161.56149653940977
2024-06-18 05:03:42,05:02:32.00,-0.1405885866659698,0.13576950989725117,0.9892118129822179,-9.055020109405891,12.204176226208011,-4.954246178114596,6.54836,9.0602,-163.0714506741351
2024-06-18 05:03:42,05:02:32.50,-0.22482995615049395,-0.0015003060477226837,0.9778919120308642,-20.09679242935837,3.1461056257660873,-1.142238867990584,-1.70928,12.67036,-164.8973567315565
2024-06-18 05:03:43,05:02:33.00,-0.2357343760302934,-0.20249852547415131,0.965171859540558,-17.355286845449534,-4.82441551205471,4.753548114172064,-11.60224,12.52476,-163.79249791814615
2024-06-18 05:03:43,05:02:33.50,-0.16404602653642172,-0.2896926958687595,0.941164745336047,3.039987681174965,-15.368644395788394,4.240069287145378,-14.779480000000001,7.5632399999999995,-161.15237240959672
2024-06-18 05:03:44,05:02:34.00,-0.014225362610600145,-0.19159055223130697,0.953522691622712,18.016042758207377,-9.685625470340018,-3.312297218794949,-8.68464,1.5668,-160.9232154203282
2024-06-18 05:03:44,05:02:34.50,0.06123452073195262,-0.01789544723015136,0.9855651457418076,7.001725808995321,-2.746713681873098,-12.513951965851447,-1.96956,-2.691,-165.03093344203054
2024-06-18 05:03:45,05:02:35.00,0.042779563784589095,0.011520913327703079,1.0001592911349126,-3.488923540576132,3.355335039819244,-6.977776253353449,-1.15468,-1.96012,-170.12714710110933
2024-06-18 05:03:45,05:02:35.50,0.029090938304400186,0.010922117316515316,1.0041143467184022,0.09608100727634024,-3.595562131081567,1.7974388914748547,-1.59748,-2.44572,-171.31225269876109
2024-06-18 05:03:46,05:02:36.00,0.04354196573072302,0.05290410375031666,1.008827374787491,13.270156687801073,2.1516162422224516,5.78416388237704,3.727,-2.81508,-169.0031094482489
2024-06-18 05:03:46,05:02:36.50,-0.00365022464055198,0.1263867781392898,0.9975453643360559,6.2194310042647025,8.54881888602531,-4.0313075712441595,8.0626,0.62596,-167.8743847807219
2024-06-18 05:03:47,05:02:37.00,-0.11354368055334044,0.16134532096432555,0.9901336498344571,1.0497828856113407,8.72903159118957,-5.410304516152296,9.59092,6.05856,-170.9705210542942
2024-06-18 05:03:47,05:02:37.50,-0.1736737367008765,0.11262158472968531,0.9807107522617258,-13.784359993433673,2.327757514499331,-2.1790218767276945,5.3365599999999995,9.1916,-172.87974281237183
2024-06-18 05:03:48,05:02:38.00,-0.18092659250752058,-0.06399498944195342,0.983671835214651,-19.480177062240738,-0.29419434548887236,6.396767829466821,-4.08596,9.96224,-171.54418729733788
2024-06-18 05:03:48,05:02:38.50,-0.16319390778560597,-0.1868644616883963,0.9743068011335843,-8.807892892752399,-3.3232274312459125,0.8038729328427422,-10.62756,9.247720000000001,-169.46561868275032
2024-06-18 05:03:49,05:02:39.00,-0.11638866294947828,-0.2351260295457109,0.9641211967774775,2.2785636749003313,-5.895888600794291,1.7327759270580578,-12.21876,6.43524,-169.40172715989965
2024-06-18 05:03:49,05:02:39.50,-0.044235070254690506,-0.17376730502803459,0.9681416433288248,7.914570688082316,-5.675019132056406,-3.8826410928480266,-9.37092,3.63572,-169.00669527599567
2024-06-18 05:03:50,05:02:40.00,0.011952409447285399,-0.09083208406943427,0.9846449159484882,3.9985529088699896,-4.4503761354605835,-9.865452226181224,-6.056520000000001,-0.70036,-172.97863255850174
2024-06-18 05:03:50,05:02:40.50,0.023730572571917893,-0.07044962117619595,0.9956138672389758,-1.4724138783791028,1.9832926734691358,-3.5421599067766123,-5.28848,-0.96644,-176.47200780359674
2024-06-18 05:03:51,05:02:41.00,-0.005293919747721472,-0.05320401732839069,1.0103558983369525,-1.9672115476448042,-8.364603245899476,7.00399442175153,-5.2832799999999995,-2.34652,-175.71415533956838
2024-06-18 05:03:51,05:02:41.50,0.07114879522451054,-0.06537744219185383,0.9940904770817255,2.3302734618089858,2.2997646854460183,-13.106406014404206,-4.25952,-3.80416,-176.97308678211476
2024-06-18 05:03:52,05:02:42.00,0.04786673197998257,-0.047513564816487344,0.9977883834568657,8.665892493829821,6.887695837171606,3.8692468482553424,-1.0182,-1.33388,-136.0528828032457
2024-06-18 05:03:52,05:02:42.50,-0.0291368312023992,0.016104974359202096,1.0024814602546166,4.116838453970703,6.757315295051623,3.0689662618025038,1.66472,1.70516,-176.76725433366764
2024-06-18 05:03:53,05:02:43.00,-0.11649014501492112,0.035842384852096947,1.0013426980468092,1.2075670531858178,9.189301037095976,-1.9637473304446675,2.57796,6.64036,-176.9324469811598
2024-06-18 05:03:53,05:02:43.50,-0.14448788171863394,0.002609993666705168,0.9969783978915646,-4.798480982480032,0.494604902207974,4.2483017088585004,0.70048,8.51664,-176.6207496526606
2024-06-18 05:03:54,05:02:44.00,-0.15306528668306132,-0.012717514999270808,0.9957457737452867,-3.120944023552062,-2.689988987865378,5.435822903332886,-0.72604,7.83652,-172.61821003641919
2024-06-18 05:03:54,05:02:44.50,-0.12096719630900071,-0.03459914013245824,0.9780916556010478,-1.0724911011472265,-3.321672300697732,-24.658489749341403,-2.391,6.16636,-76.41284144946825
2024-06-18 05:03:55,05:02:45.00,-0.08708725854901274,-0.05152466133709628,0.984777240011222,0.11838350659245801,0.4509233364141667,-15.90464357320659,-3.4482799999999996,5.07764,170.17106989951455
2024-06-18 05:03:55,05:02:45.50,-0.0959936222773046,-0.07443211678124616,0.9870441901770297,-3.089364185995379,2.204838338178013,-16.27841642951708,-4.9239999999999995,5.65796,164.69819142071745
2024-06-18 05:03:56,05:02:46.00,-0.08229114802787471,-0.10656298805301773,0.9862145709788693,1.824579721045737,0.7870006355146036,-37.26135716222644,-6.61052,4.39104,149.3301278881527
2024-06-18 05:03:56,05:02:46.50,-0.06843388588133008,-0.0982397144186386,1.0030633807434526,11.362953380282722,-3.7152314499366685,-25.003342635100626,-3.86164,2.78604,135.0552019293597
2024-06-18 05:03:57,05:02:47.00,-0.00483130923894186,-0.0025815277225518848,1.020610992856577,2.0931874420604455,-1.0058268726983144,-8.1529109102809,-0.59396,-0.010120000000000004,124.90363723033987
2024-06-18 05:03:57,05:02:47.50,-0.04019522558820144,-0.002772623735036453,1.0219765765401632,-2.690610483581687,7.4840125617918485,0.5192672449666998,-0.87908,3.71512,124.77717709439393
2024-06-18 05:03:58,05:02:48.00,-0.08563039046783644,-0.03352955766112991,0.9725985732533645,-2.966264023980931,-1.6633436258924335,-3.4153907873464764,-2.52188,4.1371199999999995,123.937087456815
2024-06-18 05:03:59,05:02:48.50,-0.07996476337363809,-0.05235163215253711,1.0061344625848805,3.4062915054054077,4.498589173420039,-7.587797436264605,-2.4302,5.22724,121.51999408036845
2024-06-18 05:03:59,05:02:49.00,-0.09862121691551883,-0.03236270708574243,0.9825170480266882,0.7954747718801053,-1.3151623921169886,-6.038870679446192,-1.98184,4.99676,117.63095129893003
2024-06-18 05:04:00,05:02:49.50,-0.10476217380231806,-0.01694741813335708,0.9946453157639397,2.3381857641310457,-1.5057480939888688,-3.5195087410333614,-0.5682,5.775,115.32904488335149
2024-06-18 05:04:00,05:02:50.00,-0.07698247912621449,-0.014606251683083583,1.007309799813313,-1.3754186258432035,1.100566912352404,-1.6950076917807155,-1.47788,4.38616,114.33780781246048
2024-06-18 05:04:01,05:02:50.50,-0.1064868154033694,-0.018969361077871404,1.013061241366045,0.9462333810353534,2.915727972367864,-4.8319772545325375,-0.77684,6.73808,112.69140304939062
2024-06-18 05:04:01,05:02:51.00,-0.10205273786948232,-0.03296312479764041,1.0085936207815585,-6.548121298671645,-8.44751375025259,-7.693504574752658,-3.26984,3.93284,109.89288643778636
2024-06-18 05:04:02,05:02:51.50,-0.03451163142511481,-0.08460191860611424,1.0026227166126467,-0.656752060596513,-3.4698779940857047,-11.24032606592657,-4.89152,1.26332,104.96181750805763
2024-06-18 05:04:02,05:02:52.00,0.007359099191515469,-0.08368697238918837,0.9501270739417487,0.7028932601510877,-4.50871266502919,-8.738548518766915,-4.51672,-0.93092,99.61263950453974
2024-06-18 05:04:03,05:02:52.50,0.04143640252434668,-0.07955439166917165,0.9743972535008641,1.893562573208243,6.199043003004598,-0.30062644471676897,-4.51004,-0.9943599999999999,97.57767716705766
2024-06-18 05:04:03,05:02:53.00,-0.012708796564944684,-0.054190259908714934,0.9979639840603198,1.9166722232694917,2.526765092349496,5.52718102322778,-2.94308,1.40636,99.31668967366664
2024-06-18 05:04:04,05:02:53.50,-0.03822891195134745,-0.04863458663559036,1.025823033129158,1.1003149350420907,4.790828095572363,-6.423511629202394,-2.74856,2.7110000000000003,99.86944804090689
2024-06-18 05:04:04,05:02:54.00,-0.0890669405408027,-0.03316643171136858,1.0074192780599678,5.548704934320759,4.910356879444335,-16.232910963326564,-1.1082,5.35428,93.44064093367771
2024-06-18 05:04:05,05:02:54.50,-0.11830344818266957,-0.00477467249337102,1.0075624868274664,-2.4552085295164927,-5.848962446540466,-17.154654852390617,-1.12768,5.267759999999999,84.88648050597831
2024-06-18 05:04:05,05:02:55.00,-0.05686729635003458,-0.04764334937924239,1.0008789781880378,-2.143573611000494,-6.286011316902122,-16.52850139016135,-3.50608,1.55072,76.63744258901228
2024-06-18 05:04:06,05:02:55.50,-0.001849241408231084,-0.04389660151542816,0.9545934585528885,8.875449445211506,0.4130413001670907,-15.076179151292045,-0.87408,0.20652,68.60813761576914
2024-06-18 05:04:06,05:02:56.00,-0.013607579556870777,0.013692084544689502,0.9962790136294168,-4.101273204843303,4.410305909021962,-6.738390453610631,-0.5061599999999999,1.7763200000000001,63.23438657442342
2024-06-18 05:04:07,05:02:56.50,-0.06422730270954376,-0.015322055110564304,1.0210022060875912,4.17264619502023,7.894321630090145,-3.8766589449609112,-0.32872,4.66464,60.93336151054543
2024-06-18 05:04:07,05:02:57.00,-0.10074149739799917,0.008660721238127967,0.9805775206267099,-4.369819092347921,-10.304887946712636,-0.9626549369733602,-0.25364,3.76636,59.83917714987689
2024-06-18 05:04:08,05:02:57.50,-0.01993384877572366,-0.05009632123326062,0.991355292688245,-9.823429509535151,-1.4083034236300096,-9.185347667283573,-4.026,0.60396,57.91416604526458
2024-06-18 05:04:08,05:02:58.00,-0.005382629087504888,-0.14766432070670601,0.9931627158329203,-7.381071806788526,2.2965768200142356,-3.4087846904550725,-9.06148,1.15172,53.820004330076856
2024-06-18 05:04:09,05:02:58.50,-0.026465071954076796,-0.1560270055114839,0.9872489790976264,-0.8106713253947379,3.4963163468956253,0.7245033268447142,-9.77108,2.35412,53.58301370245031
2024-06-18 05:04:09,05:02:59.00,-0.05604234392578886,-0.17614861599413933,0.9833227363176067,2.374992623735074,0.8876095690297885,2.7445003920092876,-9.4358,3.3944400000000003,54.59320929906776
2024-06-18 05:04:10,05:02:59.50,-0.05915910733069464,-0.10738215966369069,0.9879378961427951,16.07481631888315,-2.7621948143895207,3.656459438493006,-4.50108,2.94312,56.38666108172285
2024-06-18 05:04:10,05:03:00.00,-0.041149736102633144,0.023920061523126958,1.011044059047051,11.206236264841445,-2.758790966423393,0.19211188337458587,2.73868,1.57508,57.45621502952189
2024-06-18 05:04:11,05:03:00.50,-0.02905075202956678,0.06363128079796682,1.0064679198334567,1.457109036527693,0.3152803056013291,1.5154713823741082,4.57372,1.4883199999999999,57.686461478196094
2024-06-18 05:04:11,05:03:01.00,-0.033484275176539444,0.06907149326985795,0.9933929096143005,-4.805112764108644,1.292599447778118,-24.80838216603849,3.1997199999999997,2.12308,54.4308218409514
2024-06-18 05:04:12,05:03:01.50,-0.05282973162228949,0.034898684489837614,0.9890704498820416,-0.42477287222028215,-4.367393091145157,-41.2396350944152,1.06452,2.29508,33.98218032310532
2024-06-18 05:04:12,05:03:02.00,-0.02690896756759935,0.021879261328257526,0.9909200325925653,-2.448796318428096,0.9215464456759297,1.5510619206451752,0.6581199999999999,1.6214,23.48507738773153
2024-06-18 05:04:13,05:03:02.50,-0.03961235277520807,-0.007345429197918512,1.0018705607692366,-3.465880152911128,0.9748680104191761,28.76056525953667,-0.63684,2.3984,33.00534841722702
2024-06-18 05:04:13,05:03:03.00,-0.04468141224384558,-0.019322482969112584,1.0010648765728751,-0.7813099674540751,-0.31772499051465575,38.309207255612066,-0.75928,2.6331599999999997,50.384048086987875
2024-06-18 05:04:14,05:03:03.50,-0.043752889630733156,-0.01225395888828665,1.0012763312114348,-3.026491831199284,0.3844644802105968,42.27005294599598,-0.73012,2.88608,70.65932338061239
2024-06-18 05:04:14,05:03:04.00,-0.05223186647763061,-0.029094168383917172,1.0016204882186042,-5.48505494055066,2.7941631410591175,43.59028641344068,-1.9545599999999999,3.93028,92.58870257020747
2024-06-18 05:04:15,05:03:04.50,-0.08326224989235934,-0.05492887273957726,1.010558208508535,-5.405327867077229,-0.44558383985666183,31.034331381764602,-3.32104,5.13204,111.14211235390525
2024-06-18 05:04:15,05:03:05.00,-0.09162889323271992,-0.08042007486905785,1.0082578319781774,-4.531828997645977,-2.372490923042578,24.35374416372473,-4.75476,5.05268,125.00300982862973
2024-06-18 05:04:16,05:03:05.50,-0.08308952480074006,-0.09531652490390968,1.001462540909355,1.0021168765747805,-3.2149995802610976,21.02144029970195,-4.60652,4.54356,136.2611728300736
2024-06-18 05:04:16,05:03:06.00,-0.07169602378902754,-0.06521186105964581,1.0030121308817217,4.431886645075417,-2.0686585717873864,17.608097170988607,-2.53704,4.01676,145.94928063922924
2024-06-18 05:04:17,05:03:06.50,-0.059542672934747645,-0.01856273169324303,1.0037523587601265,3.3319067652864955,-1.5844006384384701,15.488958355593182,-0.33555999999999997,3.32432,154.19428605593066
2024-06-18 05:04:17,05:03:07.00,-0.04271640870665252,0.01576114856299008,0.9676746916556018,1.8051938931887053,-1.987345922258064,11.787124119941113,1.02892,2.29032,161.3394223337199
2024-06-18 05:04:18,05:03:07.50,-0.033561653040023426,0.04497910708688543,1.0075278864567272,0.8169873865078863,-0.3506609151495371,6.203127117107132,2.5674799999999998,2.26404,165.33365363960868
2024-06-18 05:04:18,05:03:08.00,-0.01608664828254572,0.027552110309859643,0.9616046464353508,-6.099055883312648,3.6441124127726194,6.554150457747821,0.2874,1.75268,168.9121862285888
2024-06-18 05:04:19,05:03:08.50,-0.06445595692256033,-0.008409276611686431,1.0088636689263932,-0.7599798619019065,5.100858580382433,2.8362102677231333,-0.5503199999999999,4.59576,171.3039913394683
2024-06-18 05:04:19,05:03:09.00,-0.10028554563630053,-0.02213861448086047,0.9942901659596916,-0.5540092545632109,0.45627197067319303,-0.2036317400015859,-1.13124,5.59904,171.87793863365437
2024-06-18 05:04:20,05:03:09.50,-0.09532151401575463,-0.016212112232984584,0.9904872340018283,2.0293220329750596,-2.749319034204214,-1.353438374443282,-0.5180400000000001,4.86128,171.50227577550424
2024-06-18 05:04:20,05:03:10.00,-0.07187828832610425,-0.006245826560196832,1.0008060166382138,-0.5326353857992866,-2.280566892099571,-2.2221629445206164,-0.5032800000000001,3.7768,170.663214486381
2024-06-18 05:04:21,05:03:10.50,-0.052353942630206325,-0.015611049855346719,1.0210859795345264,-2.587832141466302,-0.47046927126591803,-2.283142765608958,-1.3966,3.029,169.4925810178185
2024-06-18 05:04:21,05:03:11.00,-0.05100529058096219,-0.03244032432729937,1.019777268995862,1.897651138624609,0.1356799420000615,-1.9968108196355319,-1.44692,2.99336,168.55715090654041
2024-06-18 05:04:22,05:03:11.50,-0.05272423261367675,-0.015695626476308115,1.0108128427448086,3.159280946795272,-0.5273533471367494,-1.2831624251732379,-0.21431999999999998,2.96084,167.80225613727325
2024-06-18 05:04:23,05:03:12.00,-0.030511439482204264,0.015287550925544853,0.9644459677118569,0.657306217754789,-7.432098109561054,-0.7699348760597198,0.8420799999999999,0.41408,167.36922563654736
2024-06-18 05:04:23,05:03:12.50,0.00876854496452733,0.007938188762853527,0.988988817290493,-2.4629744767814485,5.759751183676903,-1.5266185273097854,-0.13132,0.74544,166.84923320769136
2024-06-18 05:04:24,05:03:13.00,-0.03171682280641152,-0.0014873366886376613,1.0160975365925822,2.076207150248325,-2.261566307792975,-2.6440516217788934,0.2664,1.55928,165.8766120293398
2024-06-18 05:04:24,05:03:13.50,-0.00554022157183374,0.012179963509743527,0.9892069188086406,-0.5107394441834814,-1.136004455282041,-2.7873153546828346,0.5048400000000001,-0.02748,164.52024627509917
2024-06-18 05:04:25,05:03:14.00,-0.017614163497203482,0.003824732581104049,1.0023751971086472,-1.473123248487278,5.289995584558957,-1.9441847365013538,-0.01368,2.11816,163.39190697878072
2024-06-18 05:04:25,05:03:14.50,-0.043351170270424205,-0.005580219633081948,0.9996929971182492,0.34002895038967695,-4.006353305783917,-1.0445568385511914,-0.34296,1.536,162.75004504428236
2024-06-18 05:04:26,05:03:15.00,-0.0210061306923623,-0.00207987497024396,0.9981160527239265,0.8294720624765606,2.7618036160533204,-1.1113348996500736,0.15048,1.56724,162.26807901034815
2024-06-18 05:04:26,05:03:15.50,-0.04765594408905463,0.00322419622662734,0.9876622222940707,-1.329418147157346,4.30561831466813,-1.1384111720597805,-0.1374,3.3545999999999996,161.77394198529896
2024-06-18 05:04:27,05:03:16.00,-0.09272242439650105,-0.017334393484947416,1.0002103902788766,-3.221402464466316,5.546643983843256,-1.7043589015376892,-1.48608,6.03872,161.1138849424383
2024-06-18 05:04:27,05:03:16.50,-0.12783652161407605,-0.04131281275225031,0.9939186181827759,-0.7915280009381277,-1.5406640531842397,-2.0290885099883362,-2.36164,6.757079999999999,160.2168366958139
2024-06-18 05:04:28,05:03:17.00,-0.10657022503462961,-0.05401434583480895,0.9937746773931171,-0.5258360753421827,-5.4128951144713096,-1.0394665040887572,-3.01764,4.8852,159.50958345121745
2024-06-18 05:04:28,05:03:17.50,-0.06389764874304427,-0.048795485076100445,1.0001732596911126,3.1808991836525884,-0.15871830274509569,-0.029120685888594892,-2.14524,3.6960800000000003,159.3070834846554
2024-06-18 05:04:29,05:03:18.00,-0.06879561945757405,-0.02289739316199635,0.9996141162117751,1.8222833560241825,1.8267566776027377,0.6460072539671594,-1.05056,4.4002,159.57202715298206
2024-06-18 05:04:29,05:03:18.50,-0.08347121219850397,-0.00986192102902459,1.0011438826585755,-0.9531013163334002,0.6659281132524218,0.07746271688429122,-0.87428,4.8556799999999996,159.8336689728087
2024-06-18 05:04:30,05:03:19.00,-0.08909917908286819,-0.01885661241924778,0.9998160894602789,-1.3675737508871497,0.3185197885193619,-0.42681726339961834,-1.48864,5.09916,159.79986809141323
2024-06-18 05:04:30,05:03:19.50,-0.09285174750034556,-0.03327029069572893,0.9989499149781732,-0.39603027150929504,-0.017975576013351032,-0.7437132019874543,-1.93696,5.21236,159.5628186976638
2024-06-18 05:04:31,05:03:20.00,-0.0887787026218227,-0.03381214779175507,0.9990424381075629,0.9157821149424915,-0.7895012650583285,-1.4434209148309214,-1.7130400000000001,4.9676800000000005,159.05651498104228
2024-06-18 05:04:31,05:03:20.50,-0.08238052639360123,-0.025912496117430753,0.9960604139910074,0.923792004814781,-0.5781854166976337,-1.3126465198534902,-1.40508,4.58972,158.41577894564165
2024-06-18 05:04:32,05:03:21.00,-0.07585491379298276,-0.020369066365432138,0.9977716706993356,-0.3434595995167566,-0.6404866694198601,-1.1103517902368543,-1.2728,4.264480000000001,157.86773421803258
2024-06-18 05:04:32,05:03:21.50,-0.0721775606339512,-0.02207177640497005,0.9963127159539734,-0.10202965037948505,-0.45346933278168033,-1.0543505101856658,-1.40352,4.102799999999999,157.36757927154486
2024-06-18 05:04:33,05:03:22.00,-0.06535193274628634,-0.026189359668252275,0.9971247689830363,0.0042206251577039874,-1.320744648338426,-0.22069219916510568,-1.52748,3.54752,157.13548096006275
2024-06-18 05:04:33,05:03:22.50,-0.053176004109501296,-0.02434901121965592,0.9980425501133571,0.1671522078858368,-1.2160139991436882,0.04654519599315022,-1.40052,2.94832,157.15288902802385
2024-06-18 05:04:34,05:03:23.00,-0.04405836824231149,-0.019814754700280122,0.9976574468007459,0.5143245039492959,-0.40341059986124767,0.09667922998408467,-1.1328799999999999,2.53872,157.27616177935263
2024-06-18 05:04:34,05:03:23.50,-0.04192058795015278,-0.020947594324444582,0.9996863835520103,-1.1181647159501191,1.016208056643747,-0.33389032027387777,-1.46048,2.6611200000000004,157.2666850008169
2024-06-18 05:04:35,05:03:24.00,-0.0522426742039879,-0.02884075397597512,0.9994221274681461,-0.8503211453805973,1.1539043209453477,-0.29736541332634386,-1.85072,3.21208,157.15186279717355
2024-06-18 05:04:35,05:03:24.50,-0.06136096608536281,-0.03676020332211566,0.9941800821782592,1.2762359605317242,-4.962581054636003,-0.41251630956609076,-1.83756,2.78196,157.08009880752067
2024-06-18 05:04:36,05:03:25.00,-0.020551498711757946,-0.026823605626586363,0.9873296050308258,-1.368849551583759,6.795331108743548,-1.1574126720336089,-1.8386799999999999,2.24028,156.74480915515358
2024-06-18 05:04:36,05:03:25.50,-0.09108904286754382,-0.03867355253362416,0.9980433219904576,-0.5177216815666253,4.839816249650946,-1.150323185453528,-2.34572,6.030399999999999,156.14932529635033
2024-06-18 05:04:37,05:03:26.00,-0.12102641244696778,-0.043168485251324676,0.9960393098942061,1.0568831174804716,-1.5506426539043565,-0.7251330161882759,-2.24268,6.23052,155.79313880092465
2024-06-18 05:04:37,05:03:26.50,-0.09813651665248833,-0.034997651945559496,0.9957601861335468,-0.3045648772587155,-4.221999874771225,-0.2929724274160912,-1.9643199999999998,4.72504,155.60122869821564
2024-06-18 05:04:38,05:03:27.00,-0.06862491443819077,-0.038657390820155936,1.0024429411637186,-1.333334415780002,0.8510227098705664,-0.12098277133033598,-2.5712400000000004,4.12256,155.54574597437147
2024-06-18 05:04:38,05:03:27.50,-0.07907050006086398,-0.05175451107398578,1.0015163426212224,-0.43954563825114007,1.345485409455443,-0.39014000146243644,-3.02048,4.81552,155.51210388339518
2024-06-18 05:04:39,05:03:28.00,-0.08663917989108741,-0.05141321244779586,0.9999803472152002,1.2430233133779598,-0.2835450142656133,-1.1707470506044677,-2.69472,4.91932,155.22299930334535
2024-06-18 05:04:39,05:03:28.50,-0.08234544017334182,-0.04255972242767938,0.998943377100027,0.7840838624388806,-0.6150022469073333,-2.3989096578376037,-2.34288,4.5618799999999995,154.296104676493
2024-06-18 05:04:40,05:03:29.00,-0.07729176165181083,-0.03824591648563002,0.99914068064731,-0.24030846565065717,-0.15073409914576183,-1.9279442220718392,-2.3298,4.399719999999999,153.28123968802586
2024-06-18 05:04:40,05:03:29.50,-0.07560090987186571,-0.04071690734011429,0.9989043507982267,-0.023037433073547643,0.0060076029754096314,-1.6883535567752204,-2.4241200000000003,4.31808,152.43948033404715
2024-06-18 05:04:41,05:03:30.00,-0.07533575434408474,-0.04409285574344625,0.9978455045645264,0.019817857711756183,-0.32972908259575584,-1.222473863838203,-2.51212,4.2336,151.76640106107232
2024-06-18 05:04:41,05:03:30.50,-0.07247085941511512,-0.04256497948062398,0.9961514420788999,0.4619761979227222,-0.48033174662462413,-0.2500524260476728,-2.37716,4.0308,151.46211361229695
2024-06-18 05:04:42,05:03:31.00,-0.066505811528629,-0.03966256715560296,0.9972351744502684,0.03129070546567424,-0.5810761756541059,-0.009411626779398911,-2.33724,3.72952,151.4778725890667
2024-06-18 05:04:42,05:03:31.50,-0.0630498474659663,-0.03905250912806417,0.9985703458854107,-0.1272872939120982,0.23841781124544933,0.06865377742500497,-2.26804,3.69796,151.5822619709512
2024-06-18 05:04:43,05:03:32.00,-0.06529768415773197,-0.0392278368529644,0.9962171805176776,0.14456554223519377,0.19879887230717488,-0.1427357279844479,-2.2884800000000003,3.78292,151.63002508475236
2024-06-18 05:04:43,05:03:32.50,-0.06729968093080338,-0.038999987530893204,0.9982100064003215,-0.041561394646070504,-0.03824550850878695,-0.13242066143233766,-2.26036,3.89268,151.59146203210764
2024-06-18 05:04:44,05:03:33.00,-0.06609865192747107,-0.035862877261751976,0.9955719713789732,0.755993739420046,-0.18020927274531978,-0.07382256019234562,-1.996,3.7604,151.62908482016545
2024-06-18 05:04:44,05:03:33.50,-0.06363945353858086,-0.03138423956930836,0.9982858575137074,-0.0280490915943668,0.1306697040906298,-0.75433694802797,-1.8939599999999999,3.66704,151.48498089184048
2024-06-18 05:04:45,05:03:34.00,-0.0680460295661698,-0.03058079624222871,0.9981974043448119,0.15866124808231136,0.6340467079499786,-1.1547630487052363,-1.7890799999999998,4.045,151.04816298291888
2024-06-18 05:04:45,05:03:34.50,-0.07137166427061295,-0.033256566973092906,0.9968149975859903,0.026000101081730204,-0.5046224729685388,-0.9843274364789386,-1.9158000000000002,3.85024,150.5551821362236
2024-06-18 05:04:46,05:03:35.00,-0.06499351602109708,-0.03227331349446329,0.9982249504587988,-0.3512872586012824,-0.47593682730033315,-0.9630309106786479,-1.91972,3.72356,150.13667633886936
2024-06-18 05:04:46,05:03:35.50,-0.06405947815958914,-0.03268444229210647,0.9967750990554181,0.7189257293289546,0.60908170338369,-0.9087483359150422,-1.81344,3.76788,149.7048686235978
2024-06-18 05:04:47,05:03:36.00,-0.0663307355518953,-0.03101026513557445,0.9987418019549525,-0.2886396616590756,0.23410721633414078,-0.5404162744059936,-1.89588,3.8760399999999997,149.42352287006312
2024-06-18 05:04:47,05:03:36.50,-0.0723653876480581,-0.032849399991077013,0.9979955679008566,-0.7863073776532754,0.660689608880227,-0.687558192426376,-2.0082,4.18532,149.2025134158985
2024-06-18 05:04:48,05:03:37.00,-0.07601133662799875,-0.0384180997846177,0.9979733432391771,0.04845265647631855,0.17596349197556096,-0.755268372638224,-2.2359199999999997,4.38372,148.89504049981474
2024-06-18 05:04:48,05:03:37.50,-0.07751055180088672,-0.04021029387353377,0.9972720198998344,0.12856626243585687,-0.2306274808128795,-0.9341026738837519,-2.3108,4.27052,148.52793607134151
2024-06-18 05:04:49,05:03:38.00,-0.07452214324113507,-0.039564906789060765,0.9982444208225069,-0.2549245951360999,-0.2157268276551743,-0.8801213820697543,-2.28172,4.20964,148.1325858973727
2024-06-18 05:04:50,05:03:38.50,-0.07476671694997082,-0.04120407373124046,0.9984698067536136,0.332730501966425,-0.254773257909689,-1.178591447902008,-2.3372,4.1696,147.6951810431748
2024-06-18 05:04:50,05:03:39.00,-0.06963425677587448,-0.040787117501818855,0.997029716117674,0.060860422015407104,-0.5807515160280091,-1.0147700045747836,-2.3012799999999998,3.87716,147.15708532586675
2024-06-18 05:04:51,05:03:39.50,-0.06442644642318439,-0.037173662397206986,0.9988911931419144,1.0618544516691777,-0.4188753095575734,-0.6051911620953105,-2.00756,3.66652,146.84936521284502
2024-06-18 05:04:51,05:03:40.00,-0.06038072920803751,-0.029385060244783826,0.9970463994777837,0.04580612520745781,-0.2054777093535783,-0.602565754405233,-1.74148,3.4149599999999998,146.63416331346764
2024-06-18 05:04:52,05:03:40.50,-0.06063402398952664,-0.03011325001587685,0.9997194828058831,-0.8723254617513299,0.631274124857306,-0.9624423267807157,-2.01504,3.61476,146.2840710135112
2024-06-18 05:04:52,05:03:41.00,-0.06474329628544945,-0.03817224051993261,0.9975834309950836,-0.14311589091633758,0.007189460526182479,-1.0104747575703288,-2.22076,3.74824,145.84423350810164
2024-06-18 05:04:53,05:03:41.50,-0.06270105940177322,-0.039136517263953986,0.9976540343401943,0.7109958997214783,-0.7300945491202612,-1.1430538242212562,-2.1297200000000003,3.42084,145.36083198238643
2024-06-18 05:04:53,05:03:42.00,-0.05860975767264517,-0.031720069453404755,0.9980731068849472,0.6216638468375737,0.2449876347871111,-1.0798706202538104,-1.76308,3.4092399999999996,144.85078203376213
2024-06-18 05:04:54,05:03:42.50,-0.06247512717585987,-0.029610277184662262,0.9994125130587425,-0.4784771714149324,1.016191449728779,-0.6310984715619941,-1.8444399999999999,3.73744,144.52320470247426
2024-06-18 05:04:54,05:03:43.00,-0.06832531330371693,-0.035391734828870966,0.9990762263664631,-0.7869565738193917,-0.31693513511794635,-0.41714187285874454,-2.174,3.8268,144.2666136297049
2024-06-18 05:04:55,05:03:43.50,-0.06628629506733918,-0.04086248824707825,0.9970663216070096,0.3885185138384951,-0.4630291146567511,-0.3142794545430537,-2.2868399999999998,3.67252,144.23646955250214
2024-06-18 05:04:55,05:03:44.00,-0.06086684424850003,-0.034601308777524105,0.9983379318158165,1.123354240638892,-0.3203821914409122,-0.8573159159008601,-1.8154400000000002,3.43876,143.9738716024302
2024-06-18 05:04:56,05:03:44.50,-0.060254106707075546,-0.02665271417484671,0.9984297938785196,0.06725155908079757,0.38324332286743934,-1.1891479368630808,-1.63768,3.52852,143.49698776907107
2024-06-18 05:04:56,05:03:45.00,-0.0626594780168645,-0.027433663186772695,0.999218270952441,-0.7034785144475698,0.31797534742695055,-1.4064151439779469,-1.7406800000000002,3.61452,142.92489700819806
2024-06-18 05:04:57,05:03:45.50,-0.06482394777030358,-0.03448159245657199,0.9975276913979246,-0.0861701400738583,-0.0779593203537816,-1.4981710846063478,-2.04524,3.7017599999999997,142.22476255900182
2024-06-18 05:04:57,05:03:46.00,-0.06487588310584812,-0.03700137067014417,0.9984541596272168,-0.20853912436758404,0.5252656942702709,-1.0157035014908595,-2.13436,3.7699200000000004,141.65706652048618
2024-06-18 05:04:58,05:03:46.50,-0.06926532735964706,-0.03780604130978941,0.9980001374465968,0.1916228854872963,-0.15041631325284896,-0.5146126288742394,-2.13748,3.8985199999999995,141.3365544060459
2024-06-18 05:04:58,05:03:47.00,-0.06808216949089628,-0.03782985630994129,0.9981180202875521,0.13015610973324282,-0.31995659627233397,0.16737568076740866,-2.10608,3.8456400000000004,141.3514914231103
2024-06-18 05:04:59,05:03:47.50,-0.06373865239787337,-0.03392065282035873,0.9980520303069634,0.3514751406160033,-0.312913231360901,-0.4510579905527621,-1.9325999999999999,3.56076,141.353049351918
2024-06-18 05:04:59,05:03:48.00,-0.062417900857190664,-0.03146039879914446,0.9986380286043997,0.007436356643138861,0.6844790388531244,-0.9058247185520593,-1.88116,3.76876,141.04267434078372
2024-06-18 05:05:00,05:03:48.50,-0.06971639409927989,-0.031373276823266905,0.9975933997425428,-0.1755105241400284,0.7064868318262327,-1.1642977217716963,-1.91324,4.07796,140.57728544346614
2024-06-18 05:05:00,05:03:49.00,-0.07439731603029986,-0.03553076074707106,0.9994068822327705,-0.5201829306822564,0.2216744990262855,-0.9739053413104896,-2.1762,4.28268,140.11579985005173
2024-06-18 05:05:01,05:03:49.50,-0.07628503981070606,-0.04100465058075537,0.9979625520075877,-0.03287655242834587,-0.43455500355810217,-0.9566841798861064,-2.28008,4.19468,139.69845833677584
2024-06-18 05:05:01,05:03:50.00,-0.07048952674042894,-0.039732440630792246,0.9980207904231659,0.591444368574017,-1.0057927588576465,-1.0148205050351888,-2.23692,3.84552,139.26548498828154
2024-06-18 05:05:02,05:03:50.50,-0.061589595094449445,-0.03496768080340407,0.9980082973269678,0.7895125085767651,-1.205301241557029,-1.2827949620236652,-1.86916,3.32148,138.75130899206013
2024-06-18 05:05:02,05:03:51.00,-0.05207999778676911,-0.027673683378334563,0.9986100105977832,0.2206919097373132,0.16644387120146026,-1.068713871574558,-1.6168799999999999,3.06,138.2077326044538
2024-06-18 05:05:03,05:03:51.50,-0.05498602669671504,-0.03034752679170832,0.998105004914285,-1.2473588281640158,0.6693843568619444,-0.6096957692924131,-2.02588,3.3051600000000003,137.850389455788
2024-06-18 05:05:03,05:03:52.00,-0.06055537774692588,-0.03923487220194047,0.9980049838295321,-0.4919304806223802,0.7160436285789034,-0.8282111683890377,-2.35616,3.59984,137.57233432319418
2024-06-18 05:05:04,05:03:52.50,-0.0664428545244942,-0.042446104228587335,0.9972603633346963,0.6736370382421866,0.6416408959864759,-0.7931166340108662,-2.3125999999999998,3.89424,137.21716328640105
2024-06-18 05:05:04,05:03:53.00,-0.07247376696535021,-0.03733861289061888,0.9981877394659331,0.48820107519740924,0.3303850701809124,-0.8061973194170254,-2.07044,4.19016,136.8809775040173
2024-06-18 05:05:05,05:03:53.50,-0.0745250608103242,-0.032312650761667734,0.9981215209018017,0.15526890914656907,-0.05083926872887064,-0.8860255768814957,-1.8457999999999999,4.13612,136.5222205324186
2024-06-18 05:05:05,05:03:54.00,-0.07547406714625955,-0.03409218547649014,0.998390204601308,-0.5400715971611567,0.5951452443273557,-0.907115944335294,-2.1284799999999997,4.422680000000001,136.11536363868555
2024-06-18 05:05:06,05:03:54.50,-0.08091811743241387,-0.040255130135599206,0.9973030613546547,-0.3527964090032697,-0.08292984209245256,-0.6714043542425313,-2.3582400000000003,4.52036,135.80876024370312
2024-06-18 05:05:06,05:03:55.00,-0.07769445820263474,-0.04048998042345092,0.9971677542321822,0.7383307507624178,-0.9696033352665637,-0.6523193731107559,-2.21292,4.21928,135.5409689771302
2024-06-18 05:05:07,05:03:55.50,-0.06824192124320366,-0.03591587523704919,0.9980594071902961,0.5101226229899932,-1.0790220470845489,-0.9911744795713343,-1.97328,3.74528,135.19082683152033
2024-06-18 05:05:07,05:03:56.00,-0.06060880031559807,-0.028608789804992606,0.9985898313849462,0.26682442351393076,0.3476364274692632,-1.1805453759738267,-1.70768,3.55416,134.69760356034865
2024-06-18 05:05:08,05:03:56.50,-0.06425768502778989,-0.03134183091339791,0.9980001172577155,-0.8931203714206366,0.4670828035335107,-0.858692807712067,-2.03328,3.79072,134.23105422865646
2024-06-18 05:05:08,05:03:57.00,-0.06706758548688799,-0.038428629695252695,0.9976821200005649,-0.26192946109643983,0.02951656599983299,-0.625155940871826,-2.23996,3.87096,133.9283615426073
2024-06-18 05:05:09,05:03:57.50,-0.06776165598969754,-0.0411997602040734,0.9985977637400419,0.3971865976835848,-0.07258189066754656,-0.5293531953459968,-2.24548,3.85676,133.71302609266243
2024-06-18 05:05:09,05:03:58.00,-0.06685233295685751,-0.03683086607321342,0.9982400931593942,0.4714089103748773,-0.3982255943097606,-0.7918402019453714,-2.0364400000000002,3.7035199999999997,133.45096099224057
2024-06-18 05:05:10,05:03:58.50,-0.06253240635502376,-0.03244650211198591,0.9980000230849889,0.09368760706430738,0.23455332730491926,-0.998314582808654,-1.91088,3.67004,133.0515592661144
2024-06-18 05:05:10,05:03:59.00,-0.06649342469404264,-0.03342752006403785,0.9986880335377176,-0.5954357952662575,0.6242653590453501,-1.0693731698184141,-2.0908,3.9082,132.57062512399776
2024-06-18 05:05:11,05:03:59.50,-0.06905230116069877,-0.03893141094519395,0.9974238881553015,-0.06618736457113239,-0.6833915156183052,-0.5256035676578942,-2.25832,3.86808,132.25177729004463
2024-06-18 05:05:11,05:04:00.00,-0.06433620404702615,-0.03893991632039874,0.9989041208063187,0.28429029181651194,-0.08953968223380575,-0.6901262169501641,-2.20184,3.63536,132.04580757378352
2024-06-18 05:05:12,05:04:00.50,-0.06321430017566353,-0.03677833248694011,0.9974140329387918,0.04715714192098476,-0.05644941519772159,-0.5824384765867001,-2.0918799999999997,3.67264,131.7843098093702
2024-06-18 05:05:12,05:04:01.00,-0.0632178414010215,-0.036130238781885114,0.9976499324143756,0.17329214232704004,0.001968627693506171,-1.1593108716318097,-2.0840799999999997,3.5830399999999996,131.37581481160444
2024-06-18 05:05:13,05:04:01.50,-0.06796367377905148,-0.03704385760920478,0.9979159078490479,-0.5975340828046207,0.540525219777386,0.6152808757925419,-2.2524,3.80692,131.25338338591004
2024-06-18 05:05:13,05:04:02.00,-0.07922969165015419,-0.040437367190846486,0.9960363624049345,-0.23991424294968428,2.090407130688226,-1.2213737461827332,-2.34464,4.6348,131.29020986276126
2024-06-18 05:05:14,05:04:02.50,-0.08520796948122493,-0.04318586494046599,0.997719549448331,0.6093724312007772,-0.7930425774352621,-0.9787577180094899,-2.4294,4.872319999999999,130.71412312292105
2024-06-18 05:05:14,05:04:03.00,-0.07430033226305827,-0.03800306914205156,0.9984994779648475,0.40478871312276765,-0.9968964454602168,-0.916777329652134,-2.05252,4.21352,130.3142512082786
2024-06-18 05:05:15,05:04:03.50,-0.082076672496486,-0.04220045320694379,0.9970759902984776,-1.4794817858675184,1.4999035312593092,0.3147784176831611,-2.6672000000000002,4.46788,130.23264673792707
2024-06-18 05:05:15,05:04:04.00,-0.07357290310546376,-0.04935496528985401,0.9991895127701009,0.169808237136223,-2.9262374107221945,1.1549253746488177,-2.85356,4.20928,130.66030794767113
2024-06-18 05:05:16,05:04:04.50,-0.05484640522322912,-0.04471219454830137,0.996564435133658,1.4427255543145892,-1.409987444384564,-1.781552010084066,-2.1612,2.87972,130.872418162121
2024-06-18 05:05:16,05:04:05.00,-0.04783276591598511,-0.032324648607009926,0.9984559577310017,0.493688309857889,0.6451161203648241,-2.5459334504761175,-2.04892,2.9672,129.35083087112054
2024-06-18 05:05:17,05:04:05.50,-0.04832076705469271,-0.028531211053711706,0.9972452375627234,0.04819749770389614,-0.13825822312162944,-0.7764774866742721,-1.7648,2.86644,128.7394028667902
2024-06-18 05:05:17,05:04:06.00,-0.04946601966643704,-0.02788166894551074,0.9993173752382092,0.02519588590698515,0.9789159089190297,-1.0090443174470112,-1.73156,3.0446,128.41951081495813
2024-06-18 05:05:18,05:04:06.50,-0.05890608244703789,-0.031328351525430856,0.9984036874804054,-0.5628987963550524,1.0581151933652868,-1.3476257652121575,-1.9006,3.52108,127.86582045774608
2024-06-18 05:05:18,05:04:07.00,-0.06890852579820012,-0.03494307220811568,0.998141292578748,0.08391548672446861,1.36118179010086,-1.6087181028450752,-2.03996,4.07952,127.18093346959354
2024-06-18 05:05:19,05:04:07.50,-0.08019305169021056,-0.03637467045596253,0.9972300067670674,-0.024091991619827335,0.79075327137565,-1.5710265930358378,-2.1052400000000002,4.63268,126.41703130069887
2024-06-18 05:05:19,05:04:08.00,-0.08612176645321515,-0.03724098269518361,0.9982457764876859,0.1330286418223699,-0.09782951818711887,-1.3468045187090802,-2.09968,4.77288,125.7577905859866
2024-06-18 05:05:20,05:04:08.50,-0.08306590435772719,-0.036389411056203254,0.9972342236394377,0.14402263673462398,-0.9744907807590141,-0.7479447545602281,-2.11304,4.4781200000000005,125.30752665246436
2024-06-18 05:05:20,05:04:09.00,-0.07486256047133562,-0.036765370329314304,0.997916485427907,-0.04147181209728571,-0.5649747789705999,-0.4247162164925047,-2.09028,4.17876,125.06881950392278
2024-06-18 05:05:21,05:04:09.50,-0.07023062595141963,-0.03525313236502862,0.9975242624181234,0.5957778830762033,-0.6188031033071747,-0.16482215097498976,-1.95796,3.93132,124.99923790682149
2024-06-18 05:05:21,05:04:10.00,-0.06384197873940935,-0.0318138039005363,0.9983299136951649,0.21882980781844644,-0.6881065697661151,-0.2638780816899585,-1.79704,3.5580399999999996,124.94846132168811
2024-06-18 05:05:22,05:04:10.50,-0.05767435037550183,-0.028400395094303862,0.9990882587649395,0.027507513986561635,-0.23155324259343618,-0.20516066385741777,-1.63768,3.3009199999999996,124.91110781955396
2024-06-18 05:05:22,05:04:11.00,-0.058160787298208325,-0.030059130934381537,0.997817774315123,-0.6677061487253194,0.5966511910872352,-0.36226573737351553,-1.9489600000000002,3.4788799999999998,124.83627217793914
2024-06-18 05:05:23,05:04:11.50,-0.06238753195000196,-0.035958689090237736,0.9975669030880013,-0.3177151551177067,0.2216556185080994,-1.0676546251490964,-2.089,3.6286,124.55236919749989
2024-06-18 05:05:23,05:04:12.00,-0.06541510470922685,-0.03706764169355795,0.9975161192108373,0.6593677483836557,0.8053420849579648,-1.6918474550726421,-2.0958,3.85764,123.86590537577773
2024-06-18 05:05:24,05:04:12.50,-0.07334355995871301,-0.034182346967572094,0.9987631271106564,-0.1024806049016118,0.9890635428354447,-1.4852100171480251,-1.9702799999999998,4.30868,123.13341855146126
2024-06-18 05:05:24,05:04:13.00,-0.08032627843271323,-0.035138324727423134,0.9980545312608069,0.0036736056536297522,-0.1969261818616528,-0.9225131058220584,-2.06208,4.46912,122.59246034167163
2024-06-18 05:05:25,05:04:13.50,-0.07680936890997397,-0.03743343713349115,0.9980990350805186,-0.2277910779226875,-0.712497869741854,-0.5248729438608886,-2.17048,4.22352,122.3144334750298
2024-06-18 05:05:25,05:04:14.00,-0.07065807471004076,-0.03980723895745182,0.9983788730590877,-0.07686314137732687,-0.6711793480136226,-0.7971198094741433,-2.2782,3.88884,122.04435502664369
2024-06-18 05:05:26,05:04:14.50,-0.06393828330969445,-0.03937351577926301,0.9973801145512892,0.5655199891983974,-0.9568495078462982,-0.696535855590611,-2.1527600000000002,3.5328399999999998,121.7450375520559
2024-06-18 05:05:27,05:04:15.00,-0.05506585242369142,-0.03311561954241955,0.99781731950156,0.6611930511852312,-0.7276631578895305,-1.4832578372371878,-1.86468,3.04184,121.26497453016609
2024-06-18 05:05:27,05:04:15.50,-0.05010720080884498,-0.02714801644705235,0.9981925013124021,0.26930857500298977,0.6885906633745976,-1.8404651944473647,-1.64268,3.0655599999999996,120.48414361881946
2024-06-18 05:05:28,05:04:16.00,-0.058087869086961695,-0.02771357783492205,0.9987576248625369,-0.6767199641602515,1.5478778559926434,-1.4071975024830214,-1.79804,3.6049599999999997,119.69340194676519
2024-06-18 05:05:28,05:04:16.50,-0.07163341367168606,-0.034762113592037486,0.9975718695709381,-0.6539799727387112,1.1524678204963164,-0.8553108956804238,-2.1376,4.25188,119.19832305590926
2024-06-18 05:05:29,05:04:17.00,-0.07943765049565671,-0.04106718327473335,0.9979433338568677,0.14912741431020093,-0.19516454255904986,-0.3210709029078268,-2.3112,4.41808,118.95467238577254
2024-06-18 05:05:29,05:04:17.50,-0.07592204598963753,-0.033318989922857235,0.997214451959455,2.3565102270696685,-0.5121315283007208,-1.3381549150200653,-1.81192,4.21588,118.88514919171467
2024-06-18 05:05:30,05:04:18.00,-0.06145134946082125,0.03293892145009153,0.9985058842192417,3.0437990307130054,-0.903133829630571,-0.8817635301064698,1.10956,3.6839999999999997,117.93441009037394
2024-06-18 05:05:30,05:04:18.50,-0.07581229413213333,-0.028710058043629968,1.001174327106465,-6.687977678119259,1.8776956420573752,-6.050758680866876,-1.48944,4.15476,117.36853167044912
2024-06-18 05:05:31,05:04:19.00,-0.09588109126483214,-0.12735502491444223,0.990913852944808,-8.883959599297262,2.316843161461562,2.9509027390713287,-6.6626,5.82432,115.17418110931965
2024-06-18 05:05:31,05:04:19.50,-0.09137612657115975,-0.15565847737075886,0.9843696390009279,4.183297539880145,-4.284175356778678,1.9405858275938732,-7.41852,4.47456,117.12372742111666
2024-06-18 05:05:32,05:04:20.00,-0.06420703593046402,-0.03180524660510404,0.9798696440067823,9.87524518863561,0.6082009237712267,5.294446508417643,-2.42444,4.1682,118.75307054693407
2024-06-18 05:05:32,05:04:20.50,-0.08036579720115027,0.001551435665427017,1.003604506268088,-3.567658250144187,2.071932226924341,2.9044567025517525,-1.28584,5.0616,121.327356086366
2024-06-18 05:05:33,05:04:21.00,-0.08609169669490394,-0.02572215688567113,1.0003142447692297,-9.551322622030115,-3.4891170881991025,2.4448884904523958,-3.91704,4.3711199999999995,122.2798320274373
2024-06-18 05:05:33,05:04:21.50,-0.058984787440199804,-0.1203629585833072,0.9927807401131775,-1.8779309793280399,-1.4824225364288255,-2.3405633584874073,-6.63608,3.11776,122.79204696432451
2024-06-18 05:05:34,05:04:22.00,-0.04324000532903594,-0.12419102387862074,0.9940498559892632,5.790294366344572,-0.6557867290385131,-3.415150998145452,-5.4698400000000005,2.49216,121.00198698357165
2024-06-18 05:05:34,05:04:22.50,-0.0376814228541162,-0.06729857857807817,0.9984277806492312,7.8199819175857135,-0.47042697356342644,-5.86141615087768,-2.7100400000000002,2.16892,119.38123930950024
2024-06-18 05:05:35,05:04:23.00,-0.031086418032294606,0.020178589817302632,1.0021747075893084,10.209238853624699,1.4821570652764007,-8.948261247043911,2.26508,2.0063999999999997,114.46156460828654
2024-06-18 05:05:35,05:04:23.50,-0.05505131805863478,0.07442747125240526,1.0027787956572864,0.855842793368098,2.1621200512412466,0.5015943076922117,3.9804000000000004,3.35912,112.9147415634129
2024-06-18 05:05:36,05:04:24.00,-0.07050266767983011,0.08165620460461157,0.9992109786337564,-2.8828425655115946,-0.025706043916343083,0.8621333487117966,3.99164,3.7812,113.70965167024463
2024-06-18 05:05:36,05:04:24.50,-0.0688564499470746,0.0646064367739812,0.9957110187959897,-2.3126103800945383,-0.6771910449050138,-1.5749864846146446,2.14936,3.87036,113.69773415760676
2024-06-18 05:05:37,05:04:25.00,-0.05214828716957579,0.05587629613557791,0.9992387499811162,2.16087729460309,-2.441931920322077,-4.5123875471482515,3.7866000000000004,2.60184,111.75546666491286
2024-06-18 05:05:37,05:04:25.50,-0.044814461763289695,0.07381270622085172,0.9916991539963348,3.480616870591612,1.8344267709205837,-2.0309681841989002,3.81676,3.17156,110.19363360107567
2024-06-18 05:05:38,05:04:26.00,-0.07455878720896478,0.05470694541470327,0.9989438922868721,-6.1613077199355395,3.856345206842676,0.5647961859462296,3.4853199999999998,4.58624,110.03509668143097
2024-06-18 05:05:38,05:04:26.50,-0.09646203909988767,0.021844983166421902,0.9917771286819916,-5.676943836140956,0.41472145116901105,3.8767190083606193,0.50288,5.51424,111.5129587336976
2024-06-18 05:05:39,05:04:27.00,-0.09890598469617434,-0.054441908176884365,0.9949017468361333,-8.822022567788371,-0.8472224556638186,-11.581072938585852,-3.4558400000000002,5.1666,110.21570698740942
2024-06-18 05:05:39,05:04:27.50,-0.07562402435292984,-0.1361006735206259,0.9895170888053698,-5.620829436802272,-4.6065687541435265,-3.000565616226098,-8.233319999999999,3.50264,105.5917980174181
2024-06-18 05:05:40,05:04:28.00,-0.03780322222451769,-0.145199853790613,0.9858335339165162,3.3578465453739574,-0.7147460452262351,2.4263067031829366,-7.5700400000000005,2.1265199999999997,105.13396931668575
2024-06-18 05:05:40,05:04:28.50,-0.06478356096206088,-0.1316125319510513,0.9911379674288306,2.5253813881881593,5.455673772890737,12.130206076867621,-6.75428,4.71184,109.6240881921326
2024-06-18 05:05:41,05:04:29.00,-0.10401683612280006,-0.08829450313869555,0.991883545771039,4.943010779665468,1.53650211251053,-6.0884874225695125,-4.450559999999999,5.760840000000001,111.9090578535206
2024-06-18 05:05:41,05:04:29.50,-0.12585323134725587,-0.05542903470639619,0.9963665892532635,0.7757436312837332,1.0604936349161098,-6.361585494117347,-3.6137599999999996,6.85268,107.38064098835231
2024-06-18 05:05:42,05:04:30.00,-0.09762012774240074,-0.05422507611332243,0.9939868943261405,0.449549224741878,-7.954041344706016,3.0248237977365835,-3.36308,5.01028,107.09067094280921
2024-06-18 05:05:42,05:04:30.50,-0.01718109864392708,-0.04247870659800723,0.9954227890512942,1.870751596466529,-8.383393543021297,0.9114089474422284,-2.32472,0.03567999999999999,108.57789745783542
2024-06-18 05:05:43,05:04:31.00,0.005612826644359492,-0.03652431200223011,0.9950307809563406,-0.7489745935879486,4.32147857392064,-6.090609127417757,-2.13912,-0.15612,106.02888518405267
2024-06-18 05:05:43,05:04:31.50,0.002562575241228776,-0.030302186880573644,1.0050036033660166,-1.126528467426472,2.0659400097729925,4.153837602939331,-2.5032,1.54984,106.71719800546244
2024-06-18 05:05:44,05:04:32.00,-0.04239998360886348,-0.04894756703663426,0.9949073906254553,-0.6001147630709487,2.685961191246094,-5.6060681207092316,-2.8813999999999997,1.93836,106.51375395790704
2024-06-18 05:05:44,05:04:32.50,-0.0751504553817879,-0.056628927644343505,1.0013107293617083,-4.086819519765639,6.184100600407297,-0.9466471212083125,-3.99156,4.9854,104.59115655546208
2024-06-18 05:05:45,05:04:33.00,-0.09288181245071532,-0.0984855556136628,0.9956661646750586,-3.6214869512144405,-0.340772812740422,1.6349493291072952,-6.14492,5.9348,104.84424843931221
2024-06-18 05:05:45,05:04:33.50,-0.09037379874062085,-0.11350257378811478,0.9870663811585365,3.7972593477327217,-3.544906239722074,0.623309444548256,-5.46564,4.49,105.86452155628383
2024-06-18 05:05:46,05:04:34.00,-0.05630491649511424,-0.0719748408673459,0.9938315293588595,5.581979340892097,-4.732586934909212,0.2513422383933694,-3.286,2.5639600000000002,105.95868087416503
2024-06-18 05:05:46,05:04:34.50,0.015242240371867704,-0.019538531591276814,0.9981671297760264,4.72664974951537,-7.100714395271671,-7.922910850242712,-0.98384,-0.63864,103.70473155005683
2024-06-18 05:05:47,05:04:35.00,0.028449786043645422,0.010305808723214764,1.006417305821415,1.1040892011447396,0.13124823901956006,-2.8396438069012344,0.61652,-2.49172,101.26883637469051
2024-06-18 05:05:47,05:04:35.50,0.015727645448003712,0.047312918438412205,0.998054588332125,3.318226228537634,6.340754630580023,4.8529796086628805,1.6641599999999999,0.09680000000000001,101.77895153957962
2024-06-18 05:05:48,05:04:36.00,-0.032195676825473335,0.09096077777540744,0.999535963634591,3.213640751810153,1.354307082744457,-0.9382779268398709,4.71264,1.79708,103.14144743581342
2024-06-18 05:05:48,05:04:36.50,-0.03192232124860006,0.08652072126985122,0.9963225115600792,-6.950544848272966,-1.6234392348191133,-3.622922723354755,3.62612,1.53644,101.86093362726857
2024-06-18 05:05:49,05:04:37.00,-0.032910579224013914,-0.03496481117074856,0.9944687332399446,-11.304887969745243,3.528163597309202,0.07867801574556037,-2.34992,2.1852,100.94282325582806
2024-06-18 05:05:49,05:04:37.50,-0.06065260995364911,-0.09335986118141766,0.9857746064053259,0.7125371933767803,3.244368390382812,-0.07770596473748904,-4.12352,4.072,101.1796010431289
2024-06-18 05:05:50,05:04:38.00,-0.08804539101202521,-0.08207799842113207,0.9951649117581204,2.681588094333833,2.0395813866776082,-0.2993788131007028,-3.8705200000000004,5.182519999999999,101.05996471859302
2024-06-18 05:05:50,05:04:38.50,-0.10626554637311711,-0.05686597936535667,0.9947497516031711,2.176390079513071,0.6893968974997324,-0.15369334544502233,-2.65792,5.96336,101.09882754858754
2024-06-18 05:05:51,05:04:39.00,-0.114527921508192,-0.055372300036384006,0.9936495849057897,-2.369572051339843,3.0284117070101506,-29.164273306389582,-3.8374,6.518,95.38502138553439
2024-06-18 05:05:51,05:04:39.50,-0.12330081283164446,-0.09092312540838522,0.9980482158201105,3.686334960761524,1.6275085879954085,-26.088516882173103,-5.35648,6.55396,78.65947191073505
2024-06-18 05:05:52,05:04:40.00,-0.11320920898187359,-0.07908503018036457,0.9808068275411721,4.522820429715491,-3.4936003661055497,13.06122534461503,-3.33992,5.79936,74.86591388578275
2024-06-18 05:05:52,05:04:40.50,-0.08855476059753074,-0.032750129762243174,0.9951878888440122,-1.6236858487935188,-1.2512698929263204,36.84176243483005,-1.81564,5.1024,89.34667928766578
2024-06-18 05:05:53,05:04:41.00,-0.09120167568371446,-0.02017330324160969,0.9900342023972273,-2.397912100125023,3.2173703906099167,28.487928547142033,-1.2832,6.22332,107.20465706508628
2024-06-18 05:05:53,05:04:41.50,-0.11928049575926664,-0.016632492106404252,0.9941063339917696,-1.7711472202840963,0.4836604562937758,5.231523973664499,-1.47108,7.09376,115.23181743154862
2024-06-18 05:05:54,05:04:42.00,-0.11581935294625766,-0.031206868541283336,0.9904385920919752,-1.5952744931963212,-1.8737025905045703,10.999444934547729,-1.7174,6.567480000000001,118.6192414492714
2024-06-18 05:05:54,05:04:42.50,-0.0982559606980024,-0.030315911770204828,0.9871555056728097,-0.6908098840622849,-1.8153801826185996,21.541967428222826,-1.50648,5.72636,125.89291262690267
2024-06-18 05:05:55,05:04:43.00,-0.09200638478006816,-0.023043567435717824,1.0029973208939893,-2.4096269186433266,-1.626119891132869,10.291460724433957,-1.54292,5.166119999999999,135.42058352948283
2024-06-18 05:05:55,05:04:43.50,-0.07140124359988131,-0.03778232829822227,1.0011991720946645,-1.164258012695674,-2.359926600057218,9.76810178097861,-2.2868,4.09384,138.568562929759
2024-06-18 05:05:56,05:04:44.00,-0.06114176215263137,-0.03978042460227104,1.0026510582698864,0.7032874234246884,0.5404047124987572,14.681175535487585,-1.7012,3.8784000000000005,146.61124094825647
2024-06-18 05:05:56,05:04:44.50,-0.06986872730484783,-0.028658039278695792,1.0043897282559662,0.10796535846262621,1.076272052588714,3.995179646868732,-1.40556,4.35572,150.87281887833913
2024-06-18 05:05:57,05:04:45.00,-0.0800981836154403,-0.024994990137003077,1.0036307372133173,-0.3646336882769497,1.1274863254613716,-0.9903275487833864,-1.53472,4.85556,151.51914887232414
2024-06-18 05:05:57,05:04:45.50,-0.08768637908272021,-0.0290468964528782,1.0016184648198552,-0.10315353598227979,-0.022039817031323638,-2.6373176501181996,-1.7475999999999998,4.98868,150.50970548806671
2024-06-18 05:05:58,05:04:46.00,-0.08605032763038954,-0.0281611411874147,0.9993416741541524,1.5375270320655843,-0.39763095904539647,-2.7663021929178644,-1.47244,4.830760000000001,149.22295517437536
2024-06-18 05:05:58,05:04:46.50,-0.08292860961374311,-0.013208385027270524,0.9983500746073602,2.660252911212293,-0.685343152946074,-2.345657402637398,-0.44939999999999997,4.568639999999999,147.96391028777336
2024-06-18 05:05:59,05:04:47.00,-0.07721876915018214,0.007709196458843164,0.9982401574384607,1.1184464269398364,-0.5130201148142158,-1.65939457421432,0.44844,4.31196,147.06426175976245
2024-06-18 05:05:59,05:04:47.50,-0.07235273877287818,0.012546974071553212,0.9986418779340299,-1.0706523335371425,-0.4906454963657159,-1.5295318642346212,0.34840000000000004,4.06052,146.31287820600662
2024-06-18 05:06:00,05:04:48.00,-0.06950453031207399,8.841243968887996e-05,0.9979480946394448,-1.4474425326943676,0.1691340217137311,-1.0272707715561353,-0.31184,4.04592,145.74126961290034
2024-06-18 05:06:00,05:04:48.50,-0.07081987037418529,-0.0114924220005901,0.9964264204242481,-0.3557292935995329,0.019099700380768227,-1.0834651031469216,-0.70744,4.1094,145.29937298216603
2024-06-18 05:06:01,05:04:49.00,-0.07058210213860347,-0.0153695303957443,0.9944742368024201,0.3290601237898313,-0.5308589729254702,-0.9869894437043847,-0.74076,3.9220800000000002,144.83090686348586
2024-06-18 05:06:01,05:04:49.50,-0.06452912612170138,-0.01122498408330564,0.9954116757075628,0.8432862939654245,-0.9686294003829486,-0.6251627605663657,-0.48664,3.57256,144.47141361213187
2024-06-18 05:06:02,05:04:50.00,-0.056159477771906594,-0.002758473254258752,0.9976177456957461,0.5546206446655136,-0.5587848437920651,-0.060667478551208104,-0.13044,3.14684,144.37946991258355
2024-06-18 05:06:03,05:04:50.50,-0.053855662291288686,-0.0009364361615838934,0.9986898506235827,-1.3015911436094754,1.3329826094007506,0.288436321592633,-0.33716,3.38556,144.50926608257132
2024-06-18 05:06:03,05:04:51.00,-0.06805563606740034,-0.013986887465711998,0.9989981159756964,-1.7369732508290534,1.8165808585797982,1.2416456179903694,-1.10528,4.24176,144.78025931317106
2024-06-18 05:06:04,05:04:51.50,-0.07925595177090465,-0.02800643523339159,0.9971090398455658,-1.4145589042256475,-0.8845554339363447,14.231220221190904,-1.5060399999999998,4.40296,149.11280041782965
2024-06-18 05:06:04,05:04:52.00,-0.07493534288600678,-0.033951897962329974,0.9994493921237304,-2.037073783705191,-0.47216039465975884,4.987133588192932,-2.11972,4.1876,154.19382328229898
2024-06-18 05:06:05,05:04:52.50,-0.07400731047928102,-0.04608591809001626,0.9975942200803876,0.2407703232218823,0.7005335334685546,-1.4795077376628445,-2.48696,4.37408,154.85417896304537
2024-06-18 05:06:05,05:04:53.00,-0.07920389125957433,-0.0309990807520853,0.9979712264834043,1.967932113719292,-0.38679899569741744,-2.8643114136413943,-1.47656,4.42288,153.5664748367488
2024-06-18 05:06:06,05:04:53.50,-0.07333396241903838,-0.013175429147708804,1.0000078075099994,0.38330861127537447,-0.3137444687097698,-1.4463619578696914,-0.8668,4.09816,152.59661143553558
2024-06-18 05:06:07,05:04:54.00,-0.0718892788203476,-0.015108945729397884,0.9988570094646712,-0.537176403417704,0.005244995096935518,-0.5440672338225878,-1.08224,4.12548,152.17479553989668
2024-06-18 05:06:08,05:04:54.50,-0.06931314108402624,-0.020428580211686212,0.9961836487282028,-0.006084834389465228,-0.3706537723718688,-0.14120087903864909,-1.1622,3.91084,152.0967260122624
2024-06-18 05:06:08,05:04:55.00,-0.06638766220346466,-0.02011010600768876,0.9974560932693051,0.04464766634563626,0.05847545035643176,0.030745218770104984,-1.16364,3.83956,152.1306674390284
2024-06-18 05:06:09,05:04:55.50,-0.07026893731943307,-0.021005099472785203,0.9979102090023197,-0.2044510379569237,0.23679009732893033,0.15085098112872558,-1.26136,4.07892,152.23625614448576
2024-06-18 05:06:10,05:04:56.00,-0.07112213730997553,-0.02327251885689841,0.9984904614119771,-0.18356467855102196,-0.2758959258040261,0.17113025349545855,-1.39884,4.00532,152.3898891739674
2024-06-18 05:06:11,05:04:56.50,-0.06798877617284886,-0.025659400736617287,0.9988946942529157,0.014390585972654819,0.00039256506253777524,0.4715021708707248,-1.47844,3.91384,152.5866542890205
2024-06-18 05:06:11,05:04:57.00,-0.06954714897519851,-0.025849433886056827,0.9989875868458412,-0.21148932595350067,0.1121359970343323,0.7113470903130324,-1.5339599999999998,4.01712,152.981275632302
2024-06-18 05:06:12,05:04:57.50,-0.07039236113758378,-0.028462244894397273,0.9980006162950816,-0.12726026285673034,-0.025613573577547948,0.8260544843412613,-1.6338,4.06804,153.3825229563241
2024-06-18 05:06:13,05:04:58.00,-0.07084999211444534,-0.029569951608516956,0.9973452732454479,-0.2943239196678988,0.029753489452815866,0.7446778461095265,-1.70252,4.0708,153.91562190843086
2024-06-18 05:06:13,05:04:58.50,-0.07161010574756861,-0.03084955656776713,0.9971733904364334,0.0661686535003986,0.06697301802986946,-0.08332873324565958,-1.77424,4.09432,154.10608943567433
2024-06-18 05:06:14,05:04:59.00,-0.07208437556573362,-0.030150198146324216,0.9980859587353721,0.05707839665280283,-0.06628551926566298,-0.05498888010492862,-1.73696,4.1415999999999995,154.11530315610943
2024-06-18 05:06:14,05:04:59.50,-0.06720981878865473,-0.03360308068998665,0.9963306645034363,0.37989211704557924,-1.97185097201128,16.203656088945625,-1.5246799999999998,3.75468,156.29125894593554
2024-06-18 05:06:15,05:05:00.00,-0.057633307063801216,-0.017908767617061186,0.981980745181281,-2.046726974587594,1.4921417625487228,33.93317208770006,-1.11816,3.7314800000000004,172.14870335095114
2024-06-18 05:06:15,05:05:00.50,-0.0750098769458945,-0.01869883039700487,0.999517318525836,-1.2328779917513215,1.0914153076777653,16.41506364186473,-1.20692,4.683,-162.3081227304821
2024-06-18 05:06:16,05:05:01.00,-0.07900825947632872,-0.019840341117790802,0.999465334585566,-2.664948707826081,-0.7197296887501627,46.02680359620156,-0.79128,4.76316,-160.6407362947673
2024-06-18 05:06:16,05:05:01.50,-0.07419349417022969,-0.014818547289907868,1.0026339293641735,-3.635127067860065,-1.331171756833203,43.5938020375192,-0.7728,4.2762,-137.06312657558627
2024-06-18 05:06:17,05:05:02.00,-0.07367345662962796,-0.014014412668999308,1.003370144109372,-0.843217262978782,0.13114092634944974,12.087092478100173,-0.91136,4.374359999999999,-122.08744237385085
2024-06-18 05:06:17,05:05:02.50,-0.060933547562277465,0.0288951333223412,0.9979822012201067,8.377427658895133,-0.9497561605768082,-8.618132318547696,1.45712,3.78396,-124.2761623680358
2024-06-18 05:06:18,05:05:03.00,-0.05714416673095547,0.07724353895832282,1.0049364312927787,8.60592576999767,-1.512211658794113,-2.153463016988379,6.12312,3.2604,-126.29389554186906
2024-06-18 05:06:18,05:05:03.50,-0.057004922164278084,0.09609859422271695,1.0026139947002426,-2.930556459235778,0.9974058934512169,-0.6464048163348547,6.075120000000001,3.23084,-126.95830885302863
2024-06-18 05:06:19,05:05:04.00,-0.06919799336978733,0.04208568770234266,0.9913714089182062,-11.535957819232495,0.5151384517790298,14.260718615329019,1.7736,3.5364,-122.9282280096464
2024-06-18 05:06:19,05:05:04.50,-0.05344373784218234,-0.003622034215499599,1.0004463849736114,-7.101027042167444,-0.2884483059065658,3.320153113785081,-2.0319599999999998,3.39212,-118.31980786112644
2024-06-18 05:06:20,05:05:05.00,-0.052250819145865234,-0.06274480481300182,0.9953430243457414,-2.4507199482520914,0.8504614758659175,-2.691186849764613,-3.8914,3.4273599999999997,-118.47515030235596
2024-06-18 05:06:20,05:05:05.50,-0.061522373798987263,-0.08173932538444735,0.9927782226811341,1.503369448188247,1.6492502013009531,-5.158654945857168,-4.17408,3.8506,-120.53267480656821
2024-06-18 05:06:21,05:05:06.00,-0.07449811298998502,-0.06584190088064565,0.996126850276835,3.471180153208973,0.8911129037247372,-4.030091872790959,-3.14288,4.31944,-122.90450387362124
2024-06-18 05:06:21,05:05:06.50,-0.07817271907154749,-0.0376421772466591,0.9990152180079783,2.6179391377169385,-0.787653336872002,-1.2880734688081537,-1.80308,4.22532,-124.1529098169482
2024-06-18 05:06:22,05:05:07.00,-0.07186412548799861,-0.018642312569076856,0.9999831818235401,0.6538173376239094,-0.8103131745327872,-0.08835322987742565,-1.12788,3.8518399999999997,-124.35467026816106
2024-06-18 05:06:22,05:05:07.50,-0.06441147693302633,-0.015322915213567368,0.9987475235728556,-0.564821426217398,-0.488309045018277,0.49851818213511473,-1.12216,3.617,-124.16379414275183
2024-06-18 05:06:23,05:05:08.00,-0.05972491126205986,-0.021303857561572853,0.9989359753778386,-0.6982690806189451,-0.11851833992890931,0.5694489346099236,-1.3936,3.45484,-123.7907121953021
2024-06-18 05:06:23,05:05:08.50,-0.06047041801756423,-0.025985654466793625,0.9979901697336386,-0.11338135388442466,0.20030366955284998,0.5849000988907945,-1.54704,3.5141199999999997,-123.49960686125995
2024-06-18 05:06:24,05:05:09.00,-0.062014832614845104,-0.02544566237176451,0.9970168173564512,0.5657179747951724,0.09226644151884918,0.8673213935100027,-1.36524,3.59944,-123.0442441047602
2024-06-18 05:06:24,05:05:09.50,-0.0634946916269714,-0.019735155046541743,0.9977029306224786,0.6010800559623103,0.06158790708690485,0.6940194779266612,-1.0444,3.65416,-122.57914921548236
2024-06-18 05:06:25,05:05:10.00,-0.06451465147577744,-0.013533408528673027,0.9977450685353874,0.2019310142738901,0.024423085622772206,0.2199637910671732,-0.81628,3.6989199999999998,-122.2957988766464
2024-06-18 05:06:25,05:05:10.50,-0.06569921049281559,-0.011039446241711852,0.9978818355773135,-0.5408491989642794,-0.1429307335049005,0.042181539017152214,-0.87292,3.6824,-122.18118187101214
2024-06-18 05:06:26,05:05:11.00,-0.06474037375273924,-0.014678552549797773,0.998000002225786,-1.0124133410731115,-0.14697078798793106,0.016679500767756837,-1.22916,3.64148,-122.13527966744996
2024-06-18 05:06:26,05:05:11.50,-0.05770171785311454,0.00445657695804358,0.9961058735905639,2.863793474137852,-1.3203765609996294,-3.506457392224641,-0.6900799999999999,3.26524,-122.88486021259963
2024-06-18 05:06:27,05:05:12.00,-0.05529282711236262,0.0016705387359347962,1.0008472512733955,1.5058003877558281,-0.12213768813512836,-1.4520349498577403,0.8922800000000001,2.8813600000000004,-124.09375536970052
2024-06-18 05:06:27,05:05:12.50,-0.05629280794834592,0.01613312495724346,1.0009866013190583,-2.347861441133676,0.9188991633157005,0.46928555050726517,0.36991999999999997,3.2936,-124.56480912853117
2024-06-18 05:06:28,05:05:13.00,-0.06797662261620402,-0.05636719793765176,0.9954503011747655,-12.90804591497419,0.8248910234545577,6.232919889827392,-3.67524,3.7582799999999996,-121.49792851533469
2024-06-18 05:06:28,05:05:13.50,-0.06375771767661736,-0.13254383558529,0.9985742370740034,-9.336642251905445,0.10594467970331271,-4.157411904123432,-9.76812,3.6929199999999995,-122.00182178810887
2024-06-18 05:06:29,05:05:14.00,-0.06380079139582855,-0.1670332192127424,0.9845905059613327,4.4543056217624954,0.6899565618910317,-2.0456118010939726,-9.43532,3.6208,-123.62794697721282
2024-06-18 05:06:29,05:05:14.50,-0.07092928424757575,-0.12474144565918216,0.9850166875555586,10.230674176189883,0.7890258836773991,-0.3919553434902406,-5.6294,4.08204,-124.01478597353902
2024-06-18 05:06:30,05:05:15.00,-0.0878898658929822,-0.02577862288188141,1.0071932260735295,12.491743548052703,5.151230206412026,4.045962855196051,0.27392000000000005,5.6851199999999995,-123.33504142392385
2024-06-18 05:06:30,05:05:15.50,-0.11597901247844183,0.07023308768201178,0.9697618096471978,-0.11999776039861267,-4.211384503659913,4.788734981301428,2.99,5.56044,-120.49896929348623
2024-06-18 05:06:31,05:05:16.00,-0.07910994524880927,0.06585535507550712,0.9960037710225896,-5.141309736907131,-4.009483290360845,0.41320811237445804,2.06648,3.7284800000000002,-119.26519384448724
2024-06-18 05:06:31,05:05:16.50,-0.04273516164950571,0.020731784634095213,1.0176923534124873,-6.913844572149893,-1.4544288163252705,-1.8143936144728425,-0.43516,2.242,-119.63992393654058
2024-06-18 05:06:32,05:05:17.00,-0.04193973411197976,-0.03422489116146861,1.0216083177400206,-3.872268513634239,3.621226806916698,-1.4592937881894033,-2.8514,3.281,-120.48732462122771
2024-06-18 05:06:32,05:05:17.50,-0.07157859305010125,-0.056150633747771225,1.0070014552312716,3.395383185890389,0.5300373867938504,-0.9827363816289261,-2.59916,4.06184,-121.03428295703047
2024-06-18 05:06:33,05:05:18.00,-0.06012662887293464,-0.02323747182233706,0.9525584516548636,-0.05639929971199592,-7.573199071957563,-0.8295270922888495,-1.2498,2.06524,-121.38339919027224
2024-06-18 05:06:34,05:05:18.50,-0.007369118059937728,-0.03759610733822158,0.9647797068054805,-0.9322331983876933,6.195329655050467,-0.5484115408594716,-2.70452,1.5734800000000002,-121.64744402479553
2024-06-18 05:06:34,05:05:19.00,-0.08352987204679149,-0.028783588980699704,1.002064651589786,2.376837232442873,7.780524158408665,-0.3156522672646299,-1.4364,5.923039999999999,-121.85996857378277
2024-06-18 05:06:35,05:05:19.50,-0.13721225634909284,-0.012388848357652424,1.0014041118405923,-0.7823106160388567,0.17170593877767013,0.7537550774706996,-1.16168,7.42532,-121.69762144445252
2024-06-18 05:06:35,05:05:20.00,-0.12898696423690828,0.02971744869076452,1.0006841602883692,5.942435984737674,-4.410897665111389,5.925005298552017,0.8416,6.217759999999999,-119.37957020933986
2024-06-18 05:06:36,05:05:20.50,-0.09116736169364302,0.0888505203545548,1.0054916382186405,11.15140720716407,-4.181741422882754,0.28967634608721843,5.936,4.41856,-118.29295371184706
2024-06-18 05:06:36,05:05:21.00,-0.06280966475297517,0.1366344540082235,1.0047481145509936,0.7744416396040208,-2.797255301913554,-0.15780519170004184,8.87284,2.92204,-118.2155467364209
2024-06-18 05:06:37,05:05:21.50,-0.043962580340350395,0.12282543228215972,0.995891110179824,-14.965968017817847,0.009297023247440745,-0.36750157145960555,4.1714400000000005,2.5531200000000003,-118.35829603041904
2024-06-18 05:06:37,05:05:22.00,-0.04339022660135697,-0.0059976828975881035,0.9951360196457005,-14.659067682753403,1.5770998787000559,14.031031763517879,-2.5892399999999998,3.0887200000000004,-115.13362075006047
2024-06-18 05:06:38,05:05:22.50,-0.059903218922757774,-0.1056549930870442,0.987387075281532,-4.123413573891891,-1.3423341057976885,7.832183146480512,-6.401079999999999,3.5657200000000002,-108.7206109055239
2024-06-18 05:06:38,05:05:23.00,-0.053108326120390854,-0.11615505664839545,0.9755665203518954,3.898642140654896,0.310737527858095,32.06735432075729,-5.0680000000000005,3.7593599999999996,-100.77580612912163
2024-06-18 05:06:39,05:05:23.50,-0.08500743134458398,-0.07260810632314113,0.9850828200450582,-2.1147674622856294,-0.13701295202431546,27.758966667448995,-4.1358,5.1744,-82.75085899601967
2024-06-18 05:06:39,05:05:24.00,-0.08246420356822677,-0.03557865269587621,0.9952548058304235,4.101280680349793,-4.515821205165986,-5.71142959931006,-3.3735199999999996,4.15228,-78.70086891391007
2024-06-18 05:06:40,05:05:24.50,-0.03446241881194951,0.012620887274185968,1.0093720775964843,7.682317864022412,-4.3182105279400655,-3.336360702271436,1.0684399999999998,1.43036,-80.9251961984263
2024-06-18 05:06:40,05:05:25.00,-0.009184565237285296,0.06371072444505668,1.0012821991147647,3.9336088672165492,3.0510545591151153,26.64624339542281,3.81128,1.11836,-77.31003803116728
2024-06-18 05:06:41,05:05:25.50,-0.042888462856837714,0.07809801909564563,0.9934350903340942,-4.9060807195821665,5.205530062558511,36.021712957273564,3.99264,1.9040799999999998,-56.80881001104715
2024-06-18 05:06:41,05:05:26.00,-0.06650827710174653,0.051129334416175426,1.0001813093361482,-4.627249549314698,5.342049328016824,-0.3974869604603723,1.5922800000000001,4.1498,-49.78086475675523
2024-06-18 05:06:42,05:05:26.50,-0.1016244831050563,0.016229979243804232,0.9993131703189511,-2.410039769632856,3.756986441914465,-3.155490722589761,0.294,6.2116,-51.25641962784138
2024-06-18 05:06:42,05:05:27.00,-0.12212200311070742,-0.0073482301566342445,0.9961359242460827,-0.035223614447387364,-4.221523127942462,-1.5888149216965775,-0.23548000000000002,5.89236,-52.26652418160575
2024-06-18 05:06:43,05:05:27.50,-0.0832788362840374,-0.010826054262784983,0.9989826809417791,0.22861072756874593,-6.461404976344461,-0.3766445465528848,-0.44576,3.5058800000000003,-52.71129125864587
2024-06-18 05:06:43,05:05:28.00,-0.02987222508596362,-0.0063694221684451,0.9991187052453553,-0.46713771560175,-2.2015238431326303,-1.100140465452565,-0.58704,1.68476,-52.93753285871501
2024-06-18 05:06:44,05:05:28.50,-0.012662011814154583,-0.007419924488676503,1.001384024943101,2.0901441741134437,-1.682187915056121,-0.8227695249216306,-0.13764,0.69608,-53.44961890186138
2024-06-18 05:06:44,05:05:29.00,-0.0026391170672837123,-0.00767007895636766,1.0042771348843726,-2.7210941229034398,2.0818735952098453,-0.05579263406683875,0.07436,0.5892000000000001,-53.41348049392137
2024-06-18 05:06:45,05:05:29.50,-0.013540036374533293,-0.08632526411241175,0.9996547911015695,-8.75554872763755,-1.4894414941509964,-0.4262002821721788,-4.42328,0.65512,-53.59915306325731
2024-06-18 05:06:45,05:05:30.00,-0.006979774454035852,-0.1335693478461624,0.9944305472730592,-7.879282391450826,-0.7422720607057768,2.801325115398811,-8.56028,0.25956,-52.912748312126666
2024-06-18 05:06:46,05:05:30.50,0.009049995418502392,-0.17487604099066836,0.9840121352806054,-1.7071422742449687,-0.7235724955193622,-2.0269583554697976,-10.67988,-0.2846,-52.667783082757985
2024-06-18 05:06:46,05:05:31.00,-0.002233178077143396,-0.16242009663231236,0.9782364631083982,0.8545411509469464,3.7898199785396782,-5.792662071654798,-10.0738,0.13104,-53.91527753729888
2024-06-18 05:06:47,05:05:31.50,-0.024381945208856493,-0.1258015089566606,0.9776974097598692,13.66922497761223,-3.570776723603598,-1.838291892468085,-6.723920000000001,0.29188,-56.75958725841212
2024-06-18 05:06:47,05:05:32.00,0.007275922184560286,0.0010181289922367679,1.0149527016427535,4.458630305234502,-0.018948790912736154,4.245791348719716,-0.5576,-0.44048000000000004,-55.74762309093898
2024-06-18 05:06:48,05:05:32.50,-0.006076872819804252,0.019833793477380828,1.0018868462523463,-1.2421169997689532,1.2302416354615016,23.27481086922039,-0.18992,-0.0984,-49.9507734278732
2024-06-18 05:06:48,05:05:33.00,0.02868151309911503,0.002749576793933896,0.9991858078114549,0.013581183803457044,0.16251656957853478,14.210704259954355,-0.16712,0.03568,-37.997474791862594
2024-06-18 05:06:49,05:05:33.50,0.018421936715716913,0.02133654111045094,0.9995593456743517,-0.42020082013635707,-0.39448169100258357,-14.471617662456476,0.207,-0.81352,-39.30213096269155
2024-06-18 05:06:49,05:05:34.00,-0.003787138695163228,-0.0021543315137540387,0.9998295845536453,-0.1283148213153734,-0.5234485797294021,-12.583659901874432,0.16436,-0.7456400000000001,-46.730765580439396
2024-06-18 05:06:50,05:05:34.50,0.00918675768653816,0.004141245954622576,1.0001590550614532,-0.12321415063405528,-0.46837817795271514,-1.9029875326526247,0.014639999999999997,-0.6216,-49.30842724093707
2024-06-18 05:06:50,05:05:35.00,0.006347757758044515,0.003438388997857061,0.9995795996079962,0.10927557907096175,-0.5684852627703192,-7.763317818180867,0.37288000000000004,-0.9319200000000001,-52.82558597912057
2024-06-18 05:06:51,05:05:35.50,0.009282322835125277,0.012541057710244767,0.9997844529833929,-0.27911105341649783,-0.2102959140027132,0.04621084296082688,0.25992,-0.76988,-53.88524454375565
2024-06-18 05:06:51,05:05:36.00,0.012957223778888187,0.013006028295605052,0.9999548717047746,-0.277188496158152,-0.07772911821440744,0.014182468491436643,0.34024,-0.7999600000000001,-53.81494091600034
2024-06-18 05:06:52,05:05:36.50,0.012812154862551267,0.012999998550916372,0.9998121552210232,-0.2767795818650778,-0.09226130097220071,0.014780052969485265,0.38484,-0.81924,-53.74556611029931
2024-06-18 05:06:52,05:05:37.00,0.011804205362135905,0.01185173950549224,1.0086930212360778,-4.8242934937509006,4.309461421828491,-0.18264059094809407,-0.28008000000000005,-0.20271999999999998,-53.675228385646875
2024-06-18 05:06:53,05:05:37.50,-0.07199450005192005,-0.03978893596080877,1.00742924649036,-5.330688213756262,24.856925725459938,0.0653469888682379,-3.33912,7.82436,-53.7638462918008
2024-06-18 05:06:53,05:05:38.00,-0.27517337085883015,-0.07139195627318559,0.9626248994169775,4.678862193505812,16.370466288398063,7.122360539185527,-2.9768,18.06956,-52.25547556612823
2024-06-18 05:06:54,05:05:38.50,-0.39351939459595137,-0.0005569869471516603,0.9263678408221597,1.8312329893920083,-0.3379230173463176,15.64815133080963,1.43816,21.14284,-46.47232001120311
2024-06-18 05:06:54,05:05:39.00,-0.3872784106318339,0.056684857005041084,0.9356454596087542,-16.411026077512894,-8.32926452573624,42.15184385732941,2.76832,19.18036,-31.932275998677916
2024-06-18 05:06:55,05:05:39.50,-0.2648699293192879,0.008754687215095563,0.9646928468734239,-20.509168249377986,-11.723539208958064,32.41447019274893,-1.14528,13.53196,-11.549338454710648
2024-06-18 05:06:55,05:05:40.00,-0.1453530510262927,-0.07073656335964928,0.9575737435360533,-7.459536991137941,-8.620099658384694,17.337250797605765,-4.739,9.02772,0.14900996550498097
2024-06-18 05:06:56,05:05:40.50,-0.0933338244363684,-0.11127444860950206,0.9708553668070321,-3.94307329162575,-5.855035046638282,16.454365284491626,-6.56208,5.553039999999999,8.346693817659895
2024-06-18 05:06:56,05:05:41.00,-0.08512303563454995,-0.11964859839211994,0.9944049183305181,1.2716325479917374,2.720885370185594,10.183244475296682,-6.269400000000001,6.2866800000000005,15.378920107458951
2024-06-18 05:06:57,05:05:41.50,-0.09878041824822249,-0.10255500209628093,0.9859515946025275,1.5373817196172386,-5.992768695957397,1.3739183551545922,-5.5422400000000005,5.05988,18.519622866464726
2024-06-18 05:06:57,05:05:42.00,-0.06015161670681704,-0.04155472828814554,0.996091340562296,8.220962426895106,0.3206050835144727,-14.55572056136959,-2.57428,3.54048,14.340687190650945
2024-06-18 05:06:58,05:05:42.50,-0.05605921109095373,-0.023226375641629417,1.005497085920468,3.35980788157886,-0.1612122829680773,-9.466094482612977,-0.50528,3.2568400000000004,8.44656350125014
2024-06-18 05:06:58,05:05:43.00,-0.06601055538354134,0.012242422513241584,1.0026487048375876,1.153816444956095,4.169341943475687,-6.376873945443756,0.38036000000000003,4.47824,4.481393272459583
2024-06-18 05:06:59,05:05:43.50,-0.10649965523206094,0.012909099298009527,0.9979205538737755,-1.6317814331472982,1.4001525436950844,-11.41813208424427,-0.13828,6.0395199999999996,1.0683603206890135
2024-06-18 05:06:59,05:05:44.00,-0.10957245731226394,-0.008259152948826636,0.9861068651998467,-0.21320432907674136,-4.921207578620993,-22.67256009309387,-1.28416,4.95648,-8.784463189779416
2024-06-18 05:07:00,05:05:44.50,-0.06928178583150878,-0.016523009785640388,0.9937026257718344,0.4496254868917072,-1.6376602129956135,-9.058853608414019,-1.4472,3.54372,-16.504961312799242
2024-06-18 05:07:00,05:05:45.00,-0.04466475270614359,-0.015338199069331777,1.008623008872932,-2.4923634326086663,3.8199296144627026,-8.449041201963919,-1.9325999999999999,2.71108,-20.150654897373286
2024-06-18 05:07:01,05:05:45.50,-0.1130554137209767,-0.02758937157085945,1.0177667728683983,6.282071261754497,8.41101011441397,-3.011729800606419,-0.14868,8.14836,-23.651085477226776
2024-06-18 05:07:01,05:05:46.00,-0.15556747956170108,0.0052057807088106926,1.0019083543891973,-6.411573837198987,-7.978295263199626,5.094709697407327,-1.21876,6.59,-22.538107858902787
2024-06-18 05:07:02,05:05:46.50,-0.08934338194023979,-0.03792769548344921,1.0057284308611256,-2.8204865135596786,-5.147418644448325,6.185207280944577,-2.90792,4.03552,-19.59874820889088
2024-06-18 05:07:02,05:05:47.00,-0.04992158371293989,-0.04730617831328071,1.0048251006533848,1.2254549079088637,-0.7255514435837456,6.936579914365041,-2.5586,3.06948,-16.25794962116592
2024-06-18 05:07:03,05:05:47.50,-0.0511570581076014,-0.028236455413762712,1.0042166370212469,1.8259934245384957,-0.10375780276026551,7.166539336715204,-1.56728,3.017,-12.637318404838354
2024-06-18 05:07:03,05:05:48.00,-0.04063988291044411,-0.004867323188713404,0.9705791421683528,3.9718403068678327,-6.619925774046761,7.24430939644936,0.15756,1.4534399999999998,-8.936764791608113
2024-06-18 05:07:04,05:05:48.50,0.005765136386279064,0.025845470460819406,0.9688210955701458,-2.751960099195019,2.942841587624556,4.696949155531902,0.49944000000000005,0.26352,-5.885895050195129
2024-06-18 05:07:04,05:05:49.00,-0.026194773519899447,0.005679115275459132,1.0184897902648993,-1.4198732011070048,1.5871849875694353,3.570281143824186,-0.31732,1.97496,-3.8122057481765665
2024-06-18 05:07:05,05:05:49.50,-0.021853007411597347,-0.003352922665519852,0.9935292253607599,0.22190689882034376,-2.9420839125168374,3.59838080785191,-0.22416,0.7564,-1.9676112390331035
2024-06-18 05:07:05,05:05:50.00,-0.015607546459908148,0.0033016627563614283,0.9851512250640492,-3.094395344911256,8.051341790719762,2.9902495220102,-0.6681999999999999,2.22344,-0.2202277864393286
2024-06-18 05:07:06,05:05:50.50,-0.09031012072539793,-0.033554483420579435,1.0005199452596831,-5.76868661076272,6.29117482659959,3.198218648094736,-2.87912,6.1616800000000005,1.2797473534507853
2024-06-18 05:07:06,05:05:51.00,-0.13417573970757038,-0.07105890636209324,0.9908089759018136,-1.3655066867893066,-1.3643429683537598,2.427533839620138,-4.24672,6.87952,2.854961858806438
2024-06-18 05:07:07,05:05:51.50,-0.1164396214223171,-0.07509105759716056,0.9937755774693539,0.9985099466302069,-5.099901730650039,0.19186328371629013,-4.06632,5.517720000000001,3.5486282398403777
2024-06-18 05:07:07,05:05:52.00,-0.0702318448675188,-0.06366228072419583,0.9966319373965449,1.316655935406623,-4.890592134752756,-0.9736651542179362,-3.4654399999999996,3.06852,3.3695549295133436
2024-06-18 05:07:08,05:05:52.50,-0.043609319161119924,-0.040942325463742574,1.0004961906135674,2.940417206569638,3.8070524924826383,-1.8157347846141878,-2.31724,3.2756,2.6901706208431135
2024-06-18 05:07:08,05:05:53.00,-0.07816129320451817,-0.02192640700475713,1.00177628542811,-0.35793145798612214,2.762122523698725,-2.070089585073855,-1.71012,4.91024,1.7695905781183927
2024-06-18 05:07:09,05:05:53.50,-0.0989535822258961,-0.022799390914732372,1.0007625134066267,-1.051563715120284,-0.0015323224173837513,-1.7485590246819747,-1.98904,5.39204,0.8298084714659226
2024-06-18 05:07:09,05:05:54.00,-0.09587872782436413,-0.0316548914005812,0.9988395466467349,-0.9827544505457482,-1.3228739444030984,-0.7338544894316259,-2.3758,5.034479999999999,0.3225228642869298
2024-06-18 05:07:10,05:05:54.50,-0.08348746240281685,-0.03775510268874957,0.9990821319052218,-0.24801963418947587,-0.979587590470583,-0.5819615926472137,-2.43928,4.5461599999999995,0.05701515298945229
2024-06-18 05:07:10,05:05:55.00,-0.07792096065282228,-0.034946348095454806,0.9975325152836705,0.2940143295108194,-0.4731325404547961,-1.045232134175916,-2.28784,4.30184,-0.2737222037131281
2024-06-18 05:07:11,05:05:55.50,-0.07594026626125581,-0.03182247099770509,0.9945721659813322,0.3473783428854392,-0.10140884937413507,-1.547576010683027,-2.01612,4.22692,-0.8457217754049838
2024-06-18 05:07:11,05:05:56.00,-0.07240056096082284,-0.028108726576865296,0.9975058636554346,-0.2698939697483509,-0.409571557831193,-1.856939199784014,-2.0056,3.99272,-1.6613542796014615
2024-06-18 05:07:12,05:05:56.50,-0.07301991670902902,-0.0253504571712267,0.9969838604159682,0.0695568645564089,0.19168793881141272,-1.8349790897181373,-1.8454400000000002,4.09536,-2.5524914350247077
2024-06-18 05:07:12,05:05:57.00,-0.0740974418683499,-0.027201224430875554,0.9976017395521966,-0.5703184276498671,-0.1297785832331013,-1.3295417793178688,-1.9728800000000002,4.16548,-3.2879059239322093
2024-06-18 05:07:13,05:05:57.50,-0.0724526920789116,-0.030263248523474628,0.9995325750027702,-0.8630990591514229,-0.3025890748909537,-0.722282813392071,-2.24704,3.95716,-3.722768887769717
2024-06-18 05:07:13,05:05:58.00,-0.07139006814997305,-0.03304850206934413,0.9953259966451232,-0.04094351468513555,-0.28087882187653923,-0.9883877518242062,-2.1448400000000003,4.00488,-4.087080180653511
2024-06-18 05:07:14,05:05:58.50,-0.06787862866804607,-0.03389441120819646,0.997999082761832,-0.4203376713507497,-0.7311650720647929,-0.8917800746123703,-2.2872,3.7072,-4.473046954937685
2024-06-18 05:07:14,05:05:59.00,-0.06225380061399657,-0.031492191273175936,0.9981389487625709,0.6802964072713844,-0.3804229062864487,-1.0799341177476145,-2.0445599999999997,3.4034000000000004,-4.891372140063304
2024-06-18 05:07:15,05:05:59.50,-0.05804836458251647,-0.026702526124865997,0.998459581958421,-0.5589759736032517,-0.9689004989457789,-1.2770120774569163,-1.90564,3.1718399999999995,-5.466694588632975
2024-06-18 05:07:16,05:06:00.00,-0.052702676825618446,-0.02637511025821918,0.9996098591515634,0.17565707763570174,-0.4034539746429828,-1.57064561212206,-1.7968799999999998,2.8192000000000004,-6.101460643619447
2024-06-18 05:07:16,05:06:00.50,-0.05131104213581657,-0.026052921681770102,0.9982551839723438,-0.6487913964388079,0.3439115676793982,-1.3653269472996035,-2.00704,2.8653199999999996,-6.769708747415533
2024-06-18 05:07:17,05:06:01.00,-0.05026749232552655,-0.02966086030540437,0.9993801749814061,-1.1096243836010458,-0.21723988505868658,-1.0240651355852566,-2.0899199999999998,2.94752,-7.31940107122324
2024-06-18 05:07:17,05:06:01.50,-0.05224196951309147,-0.03417361450210174,0.9992385300814395,0.1826104825848306,0.15249018946938966,-1.2054600413274719,-2.32348,2.77644,-7.79465768251768
2024-06-18 05:07:18,05:06:02.00,-0.05511976726810767,-0.03472836252153717,0.998150369840427,-0.8825882075091752,1.0205992470123901,-0.6890271490393866,-2.29356,3.353,-8.244678055761872
2024-06-18 05:07:18,05:06:02.50,-0.059619000556066615,-0.03375542997920629,0.9981293183202833,0.9853799374248576,-1.8719453176384684,-0.6573840245817537,-2.10892,2.9336399999999996,-8.472294097063468
2024-06-18 05:07:19,05:06:03.00,-0.05004623570141703,-0.026005654987489,0.9989483456471929,-0.37544414785524416,1.1651518279369495,-1.601482015686763,-1.87104,2.98332,-8.963033756571729
2024-06-18 05:07:19,05:06:03.50,-0.05744541421682185,-0.029348115372832297,0.9995293637209582,-1.175319280812477,0.15759585469079476,-1.6650067829187167,-2.19624,3.25932,-9.744080946048207
2024-06-18 05:07:20,05:06:04.00,-0.06295972829975227,-0.03627415181249694,0.9969575456668605,-0.17634478429181935,0.23282936266534057,-0.9638699440487479,-2.43076,3.43692,-10.395624319067533
2024-06-18 05:07:20,05:06:04.50,-0.06222057075472222,-0.03588541948723705,0.9990569481092376,0.1716407484489937,-0.6058868946921943,-0.07549095066268893,-2.21916,3.4299199999999996,-10.551545092435145
2024-06-18 05:07:21,05:06:05.00,-0.05648920595787514,-0.029290925376359737,0.9992523791792087,0.7004171224826696,-1.269515889985663,-0.5146123015347456,-1.8430000000000002,2.84688,-10.595658644417153
2024-06-18 05:07:21,05:06:05.50,-0.04189144363646717,-0.014929886667131164,0.9832581904163717,1.1446281640204037,1.001034213094835,-1.484050678558686,-1.08304,2.53668,-11.082175111341815
2024-06-18 05:07:22,05:06:06.00,-0.07321297167110916,-0.021158128723160922,1.0005270075337855,-5.546606811148682,7.128262154713399,-1.031250456332791,-2.4634,5.39164,-11.673614749293757
2024-06-18 05:07:22,05:06:06.50,-0.12092867300137668,-0.058130289594928664,0.9928566862959183,-1.0176159276532788,-0.8146122217665486,-0.45549090738986514,-3.75224,6.3727599999999995,-11.930488514353634
2024-06-18 05:07:23,05:06:07.00,-0.10828917538049902,-0.06454170778742366,0.9938696046252642,1.2510087501426046,-3.987092541836116,-0.8081284068730119,-3.4766399999999997,5.29316,-12.18860794948868
2024-06-18 05:07:23,05:06:07.50,-0.07684909720667663,-0.048899020416136106,0.9997652356823872,0.6385476400332419,-1.475805910721182,-0.8444375424363829,-2.98128,4.00056,-12.579325056412227
2024-06-18 05:07:24,05:06:08.00,-0.06919200262353475,-0.04233692211403521,1.001229772189553,-0.38136733622278657,0.43588823160113377,-0.6045616367242934,-2.83952,4.0634,-12.868940205808803
2024-06-18 05:07:24,05:06:08.50,-0.07343907564717168,-0.04539252878423817,1.0025800171750274,-0.50451787027307,0.40664552592371045,0.12500332186381663,-2.96476,4.2104,-12.9286445239674
2024-06-18 05:07:25,05:06:09.00,-0.0773430495120596,-0.04617997085352349,1.0008548415323384,-0.3726372203656823,0.10838028630103913,-0.7694856388330662,-3.0184800000000003,4.374680000000001,-12.992845552476906
2024-06-18 05:07:25,05:06:09.50,-0.0771823068801543,-0.04643400441827454,1.0014634277262335,-0.25149639816186076,-0.48741788862762225,-0.7685736007229792,-3.0004399999999998,4.25208,-13.334807193980769
2024-06-18 05:07:26,05:06:10.00,-0.07441049294310889,-0.048320957934595586,0.9975149272261692,-0.08883133676701503,-0.3913564063984918,-1.0320738013657655,-3.05796,4.07564,-13.689261567129131
2024-06-18 05:07:26,05:06:10.50,-0.07607284923166766,-0.058010174121196564,0.9940059059090051,-1.9442432191165893,0.4228407351129564,-4.714123942848328,-3.42252,4.04256,-14.951009822575863
2024-06-18 05:07:27,05:06:11.00,-0.07822094108719899,-0.09774747364625042,0.9934718718637842,-5.380260216804137,-0.3191928029245766,-0.4215219124457952,-6.1777999999999995,4.31368,-16.53580367003863
2024-06-18 05:07:27,05:06:11.50,-0.08170460631518582,-0.11257381787194161,0.9913590322666491,-1.3720075264881069,1.1754044089813378,-6.402440079895412,-6.8598799999999995,4.0988,-18.221449826017135
2024-06-18 05:07:28,05:06:12.00,-0.10473235783621092,-0.1423765752960987,0.9899548987683724,-3.991809591585199,2.9692526697795905,12.550404075940616,-8.84,6.42516,-16.23515172866385
2024-06-18 05:07:28,05:06:12.50,-0.08750432761223997,-0.12667039652824658,0.9871972224942924,8.17373073702032,-9.49555563248092,8.127975172918786,-6.4340399999999995,4.9508,-10.90797826164214
2024-06-18 05:07:29,05:06:13.00,-0.029195119335993756,-0.02183368227286748,0.9884525727134763,11.685815398709233,-6.930081989774221,1.3960274203840906,-0.64152,0.21088,-8.636860267352876
2024-06-18 05:07:29,05:06:13.50,0.019255387626245932,0.053416683320193475,1.0000439633475995,0.7153053168316497,2.3413890643589084,-1.0889055637130824,2.19776,-0.07119999999999999,-8.428003948056537
2024-06-18 05:07:30,05:06:14.00,-0.03180897550572823,0.05088673780607581,0.9961824713044167,-3.835628740259218,6.387855638448765,-15.170018391094635,1.79532,2.40304,-12.045539599481076
2024-06-18 05:07:30,05:06:14.50,-0.0972672178803906,0.002285126799629772,1.0014357186175031,-7.357720677253873,4.104197312341599,-3.591173141238015,-1.7124000000000001,5.5138,-17.819929772399796
2024-06-18 05:07:31,05:06:15.00,-0.10702253216426025,-0.05588450245838942,0.9944912110292673,-3.6572538812249036,-5.150669455805571,3.08654444181823,-3.5010000000000003,4.93412,-17.208372906009046
2024-06-18 05:07:31,05:06:15.50,-0.06071528882136345,-0.07897714001957026,0.9928356413827308,-0.5928222416807245,-5.183426927847395,0.832403875776965,-4.47816,2.5328,-16.14302611510194
2024-06-18 05:07:32,05:06:16.00,-0.01772287165349991,-0.07779141003948123,0.9958005642162765,0.0822771753989144,-0.6304979653283989,0.8977728970680352,-4.50728,1.33416,-15.70909943926589
2024-06-18 05:07:32,05:06:16.50,-0.021029976322703967,-0.07460731650366076,0.9981638589925954,-1.0080230578739249,1.1159272967832752,0.20583660819013644,-4.71692,1.5922,-15.283643936253045
2024-06-18 05:07:33,05:06:17.00,-0.027944298069074714,-0.07726300016140861,0.9975451458990778,-0.013120553203962104,-0.25038589949562473,0.08209248404180886,-4.6432400000000005,1.68768,-15.268996661014889
2024-06-18 05:07:33,05:06:17.50,-0.004869187855648441,-0.06633259848378167,0.9985639378429153,3.9301470318758454,-2.6703017148209756,3.440226774774212,-3.76072,0.7509999999999999,-14.48261769275126
2024-06-18 05:07:34,05:06:18.00,0.0038344031313672054,-0.02037919010045332,0.9976494931991404,5.642915818038009,1.4061331916284272,2.0635500304312586,-0.7515999999999999,0.07868,-12.667065761790218
2024-06-18 05:07:34,05:06:18.50,-0.01957593678017132,0.0197279354867047,1.0016671125472154,0.8007354370665734,4.173663396897089,-1.1712750590186523,0.6957599999999999,1.72032,-12.516021016311065
2024-06-18 05:07:35,05:06:19.00,-0.06349164992695235,0.029626900077589845,0.9983415640195424,-0.24806901195702374,5.140102284479076,-2.683244958434681,1.0634000000000001,4.07376,-13.425599244616715
2024-06-18 05:07:35,05:06:19.50,-0.11021132078807687,0.015781671421407364,0.9950500857408762,-3.649834843087145,2.8883767900965553,-5.710527112782797,-0.025320000000000006,6.1941999999999995,-15.282146227099288
2024-06-18 05:07:36,05:06:20.00,-0.14031886648208014,-0.04222783744355198,0.993100674462118,-4.205262190724343,0.3610304124963906,-3.6059901831673034,-2.43368,7.24264,-18.274004342018873
2024-06-18 05:07:36,05:06:20.50,-0.13363791994924892,-0.06568461095928033,0.9904375344322085,-1.027053986155469,-3.199112881899099,0.6506606649718972,-4.0572,6.74744,-18.439215522788498
2024-06-18 05:07:37,05:06:21.00,-0.09152931614138449,-0.036990125616067814,0.9946622707295697,3.370014635781318,-3.3306202678695906,1.9494696137529814,-2.54696,4.913279999999999,-17.777791803017973
2024-06-18 05:07:37,05:06:21.50,-0.09769715433864891,-0.023896522376865303,0.993698394973671,0.4195300864627626,3.032679293529116,-3.639798177933268,-1.45644,5.40752,-18.09893049658604
2024-06-18 05:07:38,05:06:22.00,-0.10593237088989493,-0.016815205685500916,1.0014922102067165,-2.5970000455936137,-1.551340040329731,2.477180057746022,-2.30576,6.38788,-18.522876453313874
2024-06-18 05:07:38,05:06:22.50,-0.07743050995227713,-0.010149106539286783,0.9909891443707388,3.0402301363295225,-5.224181410163054,-2.993487508373535,-1.5506,3.72792,-17.350164543782572
2024-06-18 05:07:39,05:06:23.00,-0.04623329246096443,0.03795884709113311,1.0042035152099356,4.931312744959849,0.2746962351523348,-7.2805964655155,1.7641200000000001,2.94024,-21.225889630793745
2024-06-18 05:07:39,05:06:23.50,-0.05574007142759159,0.0629272229164028,1.00111721056299,-0.15343236298086022,-2.169888519454068,-4.209497758188294,2.86432,2.72952,-23.876416728128547
2024-06-18 05:07:40,05:06:24.00,-0.02514377697346407,0.016229808695773545,0.994895484378585,-10.224716671813031,-3.213290247481967,-2.6737475593677775,-0.012600000000000033,1.20152,-25.329657956974373
2024-06-18 05:07:40,05:06:24.50,-0.011871388182408819,-0.07192053949747793,0.9948866189869,-3.05058545459069,4.819436722809027,-1.8013366916203848,-3.9043600000000005,1.6418000000000001,-26.594483237751078
2024-06-18 05:07:41,05:06:25.00,-0.05753793047658704,-0.0806994351260427,0.9943740404567017,2.286597993055584,3.6972628921234936,1.3936185017467255,-3.70144,3.9618400000000005,-26.556014576908098
2024-06-18 05:07:41,05:06:25.50,-0.08832025854839452,-0.05049209588630694,0.9971946453489298,1.7625212062494326,0.8067136740797473,0.8633237123180381,-2.80552,4.79572,-25.649976405860322
2024-06-18 05:07:42,05:06:26.00,-0.09966720367593104,-0.05366611599312199,0.9955067251227073,-2.639435269622887,1.444496858471164,-31.31868535965917,-3.94048,5.193200000000001,-32.410484334860854
2024-06-18 05:07:42,05:06:26.50,-0.09081317438969931,-0.07705199199543286,0.9978658631103356,4.026066783750777,-0.38780713555962615,-24.297226986577968,-4.5984,4.34408,-48.39023814956187
2024-06-18 05:07:43,05:06:27.00,-0.07619674613292977,-0.05893131917947482,0.9955920301133486,3.508657194442399,-1.620698179447748,-6.893041174700208,-2.9133999999999998,3.67204,-55.456699074665785
2024-06-18 05:07:43,05:06:27.50,-0.06158000897453483,-0.03201090258090549,0.9992657440907687,-0.7735895506356685,-1.1993510875461284,0.04799280219102078,-2.4572,3.0504000000000002,-56.83874253807563
2024-06-18 05:07:44,05:06:28.00,-0.054368898495785974,-0.036643986312362986,0.9975943972083876,-1.0063640642589113,-0.05963626986148635,4.267328399957058,-2.7448,3.13512,-55.63145366776321
2024-06-18 05:07:44,05:06:28.50,-0.052414053575866405,-0.03699167630027069,0.9975536410738147,0.274538127499542,-1.3610340724014827,7.003996565163038,-2.38884,2.7398399999999996,-52.62694793960623
2024-06-18 05:07:45,05:06:29.00,-0.043755733552212836,-0.018058599686337787,0.9996955130520528,1.9733394080770608,0.8366196429521452,11.554363378463062,-1.4965600000000001,2.87424,-48.48330234231434
2024-06-18 05:07:45,05:06:29.50,-0.04600763474064017,0.015187632069432744,0.9992740648827351,1.2003503878866468,-2.6619652406980516,7.29794070011573,0.48384,2.302,-42.59809078892128
2024-06-18 05:07:46,05:06:30.00,-0.04215910074191763,-0.0017354049751325041,0.9991957059146273,-3.8877143930716227,3.0809327052301128,0.6562324337621335,-0.62912,2.7126799999999998,-40.53428992238938
2024-06-18 05:07:46,05:06:30.50,-0.05882807084772455,-0.03895020993655474,0.9956001669670392,-3.539112420776782,-0.03149728880155444,-31.87102761854856,-3.04412,3.05216,-48.400006706364984
2024-06-18 05:07:47,05:06:31.00,-0.049864673096346325,-0.056765871556153105,1.0011740292906002,4.642263065633315,2.426341708948208,-20.59861764890751,-2.9188799999999997,2.91424,-63.02836642077835
2024-06-18 05:07:47,05:06:31.50,-0.057045980198320426,0.014477888995533135,0.9964484933807343,6.12964840063931,-2.5914398023916783,9.198441946822475,0.49872,2.59508,-64.8674049109352
2024-06-18 05:07:48,05:06:32.00,-0.0410903180184992,0.029620778267842818,1.0020811291633749,-7.3770027056535215,0.13629844743827849,8.483589216704786,0.4006,2.12428,-60.07560602778604
2024-06-18 05:07:48,05:06:32.50,-0.040361594358127695,-0.04445581491956568,0.9960115678958098,-4.420801092791569,0.22837019590644744,7.85628218931624,-2.95668,2.42792,-55.98259900100722
2024-06-18 05:07:49,05:06:33.00,-0.0485924561567222,-0.06340781748212244,0.9967697629561664,-0.5235573603023066,1.8826718313214994,0.5988334541491843,-3.70988,3.11656,-53.76036776151064
2024-06-18 05:07:49,05:06:33.50,-0.06578486554469817,-0.06581843813407875,0.9993844109183394,1.4652669171132273,1.0006054123528356,-1.29784194572996,-3.30836,3.81844,-53.91115701438388
2024-06-18 05:07:50,05:06:34.00,-0.06392906534214857,-0.05252400608880509,0.9845249678665823,-0.3126406701920642,-5.788199269101979,-2.6739056875671707,-3.2976,2.4326,-54.985150756700804
2024-06-18 05:07:50,05:06:34.50,-0.040405296877580064,-0.05614630978736481,0.9956280310095892,-3.667661936856766,10.587034531231318,-1.7981744781439857,-4.1586,4.1476,-56.107988125328085
2024-06-18 05:07:51,05:06:35.00,-0.11650724890222032,-0.08495022963979906,0.9914752700149131,-0.42268627914833945,0.9815466333353571,-0.8196152159113318,-5.15212,6.61868,-56.607693102488994
2024-06-18 05:07:51,05:06:35.50,-0.1188806844718317,-0.08388100723111053,0.9928491130184501,1.5773399111080844,-3.3022353928911095,-0.539894175607154,-4.67844,5.83192,-56.88892548086474
2024-06-18 05:07:52,05:06:36.00,-0.0905496554094013,-0.06626220814997147,0.9997654019103809,1.0346142975004726,-1.8514588190690153,-0.5940761342828853,-3.93764,4.7224,-57.067444836084704
2024-06-18 05:07:52,05:06:36.50,-0.07351771369420967,-0.05623454187619365,1.000221876090007,0.22861010078048552,-1.1260772762861844,2.4391079580734116,-3.44508,4.18736,-56.8325346705353
2024-06-18 05:07:53,05:06:37.00,-0.0534924407187835,-0.06233216629643552,0.99963413341059,-3.909793691474344,-2.2423500109197705,-2.5404193652174247,-4.4512,2.99492,-56.312136316376765
2024-06-18 05:07:54,05:06:37.50,-0.05507901280077504,-0.08057714979414923,0.999343965063386,0.06787283768290811,1.0260923647950118,-0.60801234455626,-5.00596,3.0444,-57.659844758816
2024-06-18 05:07:54,05:06:38.00,-0.057818408634132464,-0.08026129445913549,0.9982083425605598,0.2194907041463804,1.001089167868352,0.5122975495605087,-4.7154,3.52128,-57.16298647332006
2024-06-18 05:07:55,05:06:38.50,-0.07024899627949276,-0.0716454353746114,0.9970218231634818,0.46405046668393324,0.047489552111826185,0.7494839421682198,-4.27528,3.82976,-56.88389354201772
2024-06-18 05:07:55,05:06:39.00,-0.07347590618770045,-0.06330812839150193,0.9970520530766883,-0.04247142319729387,-0.1837280774110048,0.9227496366409647,-4.01576,3.98108,-56.35165904492016
2024-06-18 05:07:56,05:06:39.50,-0.0717634117742471,-0.058897106937684365,0.9972662958836542,0.43284433656509935,-0.044849549279558476,0.5975887520556714,-3.6578,3.9636400000000003,-55.89714129352374
2024-06-18 05:07:56,05:06:40.00,-0.07367031544461089,-0.05241157551085032,0.9964941001781428,0.1529282865547989,0.15215110854474959,0.41871968646013813,-3.37204,4.14932,-55.6132799272074
2024-06-18 05:07:57,05:06:40.50,-0.07623584705164724,-0.04338759443345634,0.9966522635622524,0.8879745593291882,-0.1730705499137773,0.5738777430667319,-2.79736,4.1736,-55.32773057186589
2024-06-18 05:07:57,05:06:41.00,-0.07475086882890246,-0.03428472432818237,0.9956182486467126,0.22237652487399295,-0.36260532565550707,0.733818488919813,-2.34512,4.13028,-54.8916655440896
2024-06-18 05:07:58,05:06:41.50,-0.07443679961014842,-0.027321252072078694,0.9960725073889591,0.7095876614589482,0.1219917107231774,0.5437260815112195,-1.899,4.2421999999999995,-54.53395781527894
2024-06-18 05:07:58,05:06:42.00,-0.07438916662458353,-0.020530737867575713,0.9974267650512074,0.14347624383816204,-0.12005890073768948,0.5628774754076508,-1.44756,4.14384,-54.184940962889165
2024-06-18 05:07:59,05:06:42.50,-0.07317587463066243,-0.01894255970999627,0.9980663200073704,-0.5046210195940873,-0.5690796282241339,0.26178900010093226,-1.4798,4.08164,-53.91988848387483
2024-06-18 05:07:59,05:06:43.00,-0.07337868190478652,-0.021519734650330725,0.9983372640871825,-0.9324012333032712,-0.48481670980622665,0.4203937884932919,-1.69472,3.94408,-53.69277523971322
2024-06-18 05:08:00,05:06:43.50,-0.06822608352325332,-0.019525433915742532,0.9987797501117786,0.05449297523071368,-0.59267652226446,0.1363618574007373,-1.55188,3.75664,-53.49831289916087
2024-06-18 05:08:00,05:06:44.00,-0.0543762290560824,-0.020998702336371192,0.9806971539573898,-2.527078443569224,-2.71114354510187,-0.24766605996714217,-2.0492,2.5984800000000003,-53.378101353507084
2024-06-18 05:08:01,05:06:44.50,-0.05351466852379502,-0.03393714497685891,0.995881185836722,0.99607802265096,6.592451794673111,-0.48983573020883797,-2.07132,4.28428,-53.64746409725815
2024-06-18 05:08:01,05:06:45.00,-0.09980376972674745,-0.026241046551783196,0.9996381116843658,0.013413551875952928,0.6110220380194251,-0.08438990196517031,-1.72964,5.66848,-53.6570743345807
2024-06-18 05:08:02,05:06:45.50,-0.1033106439328896,-0.026241573750804797,0.9955305289602367,-1.2553592479914142,-2.2280136400691113,-0.7241177893253703,-2.01056,5.25168,-53.83496992664748
2024-06-18 05:08:02,05:06:46.00,-0.08199036131701838,-0.0386589888109546,1.0008095299432491,-1.0928633927037905,-1.5091819962088113,-0.46557101217732005,-2.6406,4.333600000000001,-54.03792789405056
2024-06-18 05:08:03,05:06:46.50,-0.06993633601110233,-0.03760604971852977,1.0038570275183842,1.71723771326076,-1.286700021876185,1.0976654645707014,-2.07368,3.7714,-54.03089203497971
2024-06-18 05:08:03,05:06:47.00,-0.06270667062393691,-0.017738835686224096,1.0033763517953778,0.9864943007541759,0.21865602766213524,3.988448013844522,-1.17016,3.66376,-52.440378769389724
2024-06-18 05:08:04,05:06:47.50,-0.06576967131946901,-0.00817742179507666,1.0014961610933821,-0.32343276800047605,0.4608285273987381,2.4144198716165617,-0.82092,3.88276,-50.74851689540962
2024-06-18 05:08:04,05:06:48.00,-0.06872687132240396,-0.008847325000387776,1.0022496495216155,-1.7711907553948034,-0.5394126455776233,1.5606806088926897,-1.18364,3.8152,-49.760184497456095
2024-06-18 05:08:05,05:06:48.50,-0.06378076121346794,-0.02210494590529691,1.001086372330868,-1.5939299730349914,-0.3005704254512136,1.1332942355981184,-1.7702,3.6035199999999996,-48.992200804859934
2024-06-18 05:08:05,05:06:49.00,-0.06427047871090032,-0.03145971089919588,0.9985928212253318,-0.33472021192057505,0.16313864384708487,0.18375601349987775,-2.0794,3.64072,-48.62518133491267
2024-06-18 05:08:06,05:06:49.50,-0.06597135441347839,-0.031618762849114586,0.9955898495852677,0.23311343921665595,-0.05371466207157222,-0.1544002517902443,-1.9483199999999998,3.75028,-48.60242550414607
2024-06-18 05:08:06,05:06:50.00,-0.06680464779623581,-0.026792668436922965,0.9959558545863406,0.1085699041524451,0.04363703437594738,-0.1561645865395044,-1.72176,3.75908,-48.60462612723465
2024-06-18 05:08:07,05:06:50.50,-0.06709088104902389,-0.02415066253680366,0.9967107924817692,-0.39619641274816664,-0.05999715734637969,-0.2776611041151923,-1.7443199999999999,3.7357600000000004,-48.64450100545675
2024-06-18 05:08:08,05:06:51.00,-0.06754496869453959,-0.0261452799758629,0.997445694294085,-0.509104351820891,-0.3036526704710692,-0.45226528113082054,-1.88884,3.7284800000000002,-48.7769216373835
2024-06-18 05:08:08,05:06:51.50,-0.06623094664870587,-0.02910949249889383,0.9976049529045169,-0.38086643650390195,-0.2968159399686296,-0.14599053760559733,-2.03404,3.6737200000000003,-48.898531710566466
2024-06-18 05:08:09,05:06:52.00,-0.06425715503788472,-0.029634065051965846,0.9973296322711817,-0.3740945130738168,-0.1690422846353451,0.129710979606801,-2.06028,3.5968,-48.80439394722171
2024-06-18 05:08:10,05:06:52.50,-0.06487582574230082,-0.031672493192459995,0.9986036095522463,-0.45313496496990346,0.20647486351820127,0.7017778159212902,-2.15864,3.68284,-48.57036727326617
2024-06-18 05:08:10,05:06:53.00,-0.06734121127916728,-0.03387213223947526,0.9989013775061268,-0.6522982632336278,0.08840298568287105,0.6152464129409481,-2.30884,3.82132,-48.13475837174231
2024-06-18 05:08:11,05:06:53.50,-0.0690003391045018,-0.03571282029006748,0.9978098488960725,-0.3412847461274571,-0.10075992324744183,0.7268774242514614,-2.30564,3.82828,-47.722170542986525
2024-06-18 05:08:11,05:06:54.00,-0.06842567128649672,-0.03518817863018051,0.9980521946510769,0.00713320528471924,-0.20640363487881408,0.4693201282351922,-2.30364,3.82984,-47.40875956149846
2024-06-18 05:08:12,05:06:54.50,-0.06751730413154527,-0.03405148246085477,0.998710498956501,-0.5687643750599031,-0.032292425924387406,0.2614662508396238,-2.30704,3.7826,-47.12345188887213
2024-06-18 05:08:12,05:06:55.00,-0.06799657070565042,-0.03366991384854927,0.9979973250619102,-0.29227709308018957,-0.33917907854962515,0.09062866320243353,-2.2999199999999997,3.76368,-46.98788475845186
2024-06-18 05:08:13,05:06:55.50,-0.0666200762149331,-0.034618323990413646,0.9993277496738533,-0.5064937344678395,-0.1479074857398443,0.08710734481926624,-2.37376,3.75884,-46.890792865565956
2024-06-18 05:08:13,05:06:56.00,-0.06557112310966719,-0.03737732514532963,0.9971385499105971,-0.48403706244547384,-0.17925410552593057,0.3377300594277804,-2.4806,3.63596,-46.73089274265285
2024-06-18 05:08:14,05:06:56.50,-0.06518991448172946,-0.03752032414553232,0.999024361620329,-0.22313353499082286,-0.007081915788192497,0.31171256134913483,-2.46924,3.7144,-46.50033391096336
2024-06-18 05:08:14,05:06:57.00,-0.06565005098234314,-0.038073633951448686,0.9962173598409493,-0.08152033418464227,0.007650132042672456,0.5236800663515322,-2.4309600000000002,3.6948000000000003,-46.22951593598402
2024-06-18 05:08:15,05:06:57.50,-0.06684959040543481,-0.03508935447115609,0.9992138545260965,-0.12325724887045875,0.05468605940261988,0.45200555285996047,-2.32256,3.76628,-45.9070890306211
2024-06-18 05:08:15,05:06:58.00,-0.06837522933186092,-0.034154135418544604,0.9970769976347761,-0.14848192978335614,-0.2556619397186677,0.5633074651885892,-2.23548,3.82748,-45.62426973702135
2024-06-18 05:08:16,05:06:58.50,-0.06750095322114955,-0.031206617020392128,0.9982450282887563,-0.11244919555633977,-0.20200795286888362,0.6096760966716711,-2.13352,3.7268,-45.24187282385349
2024-06-18 05:08:16,05:06:59.00,-0.06661771209194779,-0.031543290397574926,0.9982359082410142,-0.8987609353178607,0.06620164263425647,1.319597510834089,-2.23544,3.77576,-44.74040486221807
2024-06-18 05:08:17,05:06:59.50,-0.06801289543978926,-0.03368842742007926,0.9991910338453102,-0.423798345632906,-0.342099144551295,1.1858261621288098,-2.28524,3.7798399999999996,-43.999246011667886
2024-06-18 05:08:18,05:07:00.00,-0.06477442896735948,-0.03273890144794918,0.9984888061502892,-0.1229136580207249,-0.4383105409683894,0.9269410380846655,-2.18036,3.57808,-43.40719514533947
2024-06-18 05:08:18,05:07:00.50,-0.05975419435342996,-0.03171754076218424,0.9979905573368905,-0.28163354233938126,-0.38962794485083535,0.2574158668911533,-2.1242,3.30872,-43.057950762708764
2024-06-18 05:08:19,05:07:01.00,-0.05880120572078174,-0.031239548141599377,0.9977698040301395,-0.045581308563406274,0.1609852620632603,-0.35989526662020327,-2.0916,3.31864,-43.005983181268654
2024-06-18 05:08:20,05:07:01.50,-0.0595269967497096,-0.028498974922081675,0.9985110850066864,0.005090996570774169,0.18590092521064913,-0.43233882543148394,-1.92696,3.44236,-43.23463908383622
2024-06-18 05:08:20,05:07:02.00,-0.06296245101938004,-0.025010887233493345,0.9990053980216507,0.0808909839557825,0.05407546852849317,0.0989279386869079,-1.77104,3.5210399999999997,-43.2037871780157
2024-06-18 05:08:21,05:07:02.50,-0.0655290469174667,-0.02431882174908138,0.9992533388918174,-1.4806458235084328,0.7296282374278288,0.12945495547777558,-1.9718,3.79576,-43.08749060946213
2024-06-18 05:08:21,05:07:03.00,-0.07197014040259027,-0.03453218027754633,0.9987546013469556,-1.2565804128663591,-0.053533346570761975,0.12372186325994683,-2.46584,3.9984800000000003,-42.9614940351886
2024-06-18 05:08:22,05:07:03.50,-0.07165596124984594,-0.04225186288114205,0.996722202030972,-0.21759127964098965,-0.5551596415149845,0.2282277870034298,-2.69928,3.89956,-42.82764226775242
2024-06-18 05:08:22,05:07:04.00,-0.06673528219682039,-0.04019899375237666,0.9977533476096189,0.3203719780334161,-0.2114938070674891,0.40737817767748724,-2.45036,3.71096,-42.60096088268437
2024-06-18 05:08:23,05:07:04.50,-0.06666969641157636,-0.03508062419704734,0.9977836442957912,0.07209251237438877,-0.24029780345052792,1.0584204540622386,-2.23428,3.71368,-42.1682734515423
2024-06-18 05:08:23,05:07:05.00,-0.06590134542995442,-0.031055285471854478,0.9987560580297754,-0.4091250304263909,0.22026802604789825,0.699231345313639,-2.17512,3.79616,-41.63377038677136
2024-06-18 05:08:24,05:07:05.50,-0.06930151167695024,-0.03274081903085427,0.997987104568065,-0.3076033812673764,-0.07811344508605601,0.18690138036621431,-2.23404,3.8739600000000003,-41.37221803286254
2024-06-18 05:08:25,05:07:06.00,-0.06954050837188629,-0.033422284520723114,0.9981938787054174,-0.47356001051243574,-0.05882366297658745,0.11642841307984911,-2.2746,3.87548,-41.25632439451175
2024-06-18 05:08:26,05:07:06.50,-0.06898660881930191,-0.0353514903026697,0.9983197854314919,-0.5301493452387569,-0.19191293302770673,0.29097063159396147,-2.407,3.84068,-41.08236051453778
2024-06-18 05:08:26,05:07:07.00,-0.06895472184218918,-0.037535279816264096,0.9982766897661648,-0.15329982644005605,-0.201775737996695,0.6119228640489114,-2.42212,3.83268,-40.78992562041149
2024-06-18 05:08:27,05:07:07.50,-0.06601663859999174,-0.0353272559637496,0.9979715563323124,-0.14951172940747873,-0.30943986097078496,0.7250818584061901,-2.32524,3.66452,-40.37661604531418
2024-06-18 05:08:28,05:07:08.00,-0.06346115675637128,-0.03224204631524031,0.9983911279790213,-0.12703389648851876,-0.21943059526337677,0.9151670770514032,-2.16728,3.57428,-39.94575317181546
2024-06-18 05:08:29,05:07:08.50,-0.0637762184063878,-0.030718017841568773,0.9976346007156708,-0.44830768379338204,0.009037193021958212,0.8014739895568468,-2.171,3.61732,-39.40498361455863
2024-06-18 05:08:29,05:07:09.00,-0.06537077316565337,-0.03200598429099442,0.9984915144382082,-0.29809815215584407,0.1743797946476247,0.49578378661657857,-2.16932,3.7396800000000003,-39.05472801679187
2024-06-18 05:08:30,05:07:09.50,-0.06836158919332413,-0.030373312247832133,0.9985521395779903,-0.0184857048803498,-0.16813909362071178,-0.11161742654147151,-2.0726,3.79452,-38.88803696046764
2024-06-18 05:08:31,05:07:10.00,-0.06930484282400157,-0.015143804708705792,0.9984197946616737,0.8621165602350768,-0.015654877384888983,0.55196047396229,-1.11176,3.865,-38.7101509980875
2024-06-18 05:08:32,05:07:10.50,-0.06887341776989751,-0.005218511933130832,0.9984703961649468,-0.9252072038331685,-0.1615635703594048,0.24133672647543786,-0.8601599999999999,3.85576,-38.473513505573
2024-06-18 05:08:33,05:07:11.00,-0.06539933386606046,-0.01857256598015116,0.9983123993084074,-1.0480938613091224,-0.25966612814990087,0.698215742446978,-1.51756,3.66812,-38.16245790788544
2024-06-18 05:08:33,05:07:11.50,-0.06740733011316614,-0.02708974082335346,0.9977209025125885,-0.3855216264433377,0.24372873674297715,0.16037821566341748,-1.8090000000000002,3.83952,-37.87930783625935
2024-06-18 05:08:34,05:07:12.00,-0.07018986062762353,-0.028248109833024296,0.9982106193468173,-0.33390227494200664,0.20112176418609354,0.2073773584912755,-1.8789600000000002,3.9838799999999996,-37.755932387766734
2024-06-18 05:08:35,05:07:12.50,-0.07743756842676199,-0.0313659184346444,0.9988356562464773,-0.69215035188998,0.29204860683622635,0.34860732104714176,-2.12744,4.33912,-37.54845290462957
2024-06-18 05:08:36,05:07:13.00,-0.07994642398470175,-0.03403946793856687,0.9984782488054523,-0.22921759025693536,-0.432205617882146,0.5336350725895431,-2.19668,4.33284,-37.24628341591729
2024-06-18 05:08:36,05:07:13.50,-0.0748054205396379,-0.033924546196777115,0.9976341685524155,-0.2824693842902687,-1.2087092838207427,0.34525541829872863,-2.2176,3.98692,-36.99304931752575
2024-06-18 05:08:37,05:07:14.00,-0.050186528178847015,-0.02272745152214307,0.9971071941682704,2.091165702725773,-2.919078053459148,1.2352866156080706,-1.6230000000000002,2.8922399999999997,-36.595552043426515
2024-06-18 05:08:37,05:07:14.50,-0.025183702175214786,-0.0058068400977094705,1.0023889232170529,-1.2845957814005713,-2.515812063211941,0.9376256844987039,-0.6307200000000001,1.0642,-35.86370278016007
2024-06-18 05:08:38,05:07:15.00,-0.03384924842555877,-0.03848721529544644,0.9973375884791362,-4.5473145155361845,3.3894476043366506,0.44750737787096745,-2.8719599999999996,2.07084,-35.50526721677911
2024-06-18 05:08:38,05:07:15.50,-0.05635390761432723,-0.06647683186006038,0.9942603785125699,-1.7569918689135904,2.1408707503664535,1.7056159954291035,-4.11092,3.3919200000000003,-34.969229927465065
2024-06-18 05:08:39,05:07:16.00,-0.07493479813652565,-0.06661204336265801,0.9962456532491731,2.8790342902147206,1.1348196585741956,2.7786219799836096,-3.42884,4.29376,-33.720258588089195
2024-06-18 05:08:39,05:07:16.50,-0.08662095741983052,-0.039684170900244745,0.9975905778110307,1.219201994031315,0.24595208688656062,2.765910174906083,-2.2693600000000003,4.7768,-32.24485381593928
2024-06-18 05:08:40,05:07:17.00,-0.08964978785291677,-0.02437728434301538,0.9987525567162066,-0.8792077593010507,-0.056275866431298525,2.0493628889091595,-1.9818,4.9548000000000005,-30.957467682385776
2024-06-18 05:08:40,05:07:17.50,-0.08705580925124941,-0.03046616823691852,0.9987934122546055,-1.1098523089121002,-1.3911040734968023,1.0848942428767636,-2.29244,4.61452,-30.120422997560137
2024-06-18 05:08:41,05:07:18.00,-0.0762712161840824,-0.03396568998425662,0.9963135610005484,-0.24584583111288097,-1.1433926999292314,-0.6847511539504058,-2.37536,4.09344,-29.92501069654919
2024-06-18 05:08:41,05:07:18.50,-0.0657357420962911,-0.03400000555515567,0.9979766330860597,-0.13356840609319667,-0.9854888098211383,-2.0255419366880374,-2.30052,3.56504,-30.649344744166875
2024-06-18 05:08:42,05:07:19.00,-0.05983232330350851,-0.03299935744956058,0.9977478454817478,0.2868851611350173,-0.17057693826747133,-1.8182921079162704,-2.17012,3.32716,-31.56418413391162
2024-06-18 05:08:42,05:07:19.50,-0.05829469393528949,-0.027579302346948668,0.998215654319999,0.45755548082983055,0.293870848403941,-1.2351201436763555,-1.8228,3.3564800000000004,-32.28938276657724
2024-06-18 05:08:43,05:07:20.00,-0.06325191027339538,-0.0238193517529905,0.9984826916404395,-0.5898956836948694,0.9670019748824344,-0.15652749707749014,-1.77428,3.69728,-32.568522296186146
2024-06-18 05:08:43,05:07:20.50,-0.07313533535605792,-0.024554369403513784,0.9979658171865734,-0.817054730717108,0.5809781317549587,-0.44979546336496623,-1.93472,4.16324,-32.5447850901688
2024-06-18 05:08:44,05:07:21.00,-0.0802852737116878,-0.030934993063880353,0.9975576613240003,-0.5963486294886874,0.5429050118991533,-1.2582093785915118,-2.22396,4.4956,-32.98949260837868
2024-06-18 05:08:44,05:07:21.50,-0.0880804004398093,-0.026743304710077638,0.9979835794870598,0.21169375124063197,0.5145070234726667,-0.9744233378111291,-1.9680000000000002,4.782920000000001,-33.51268037804983
2024-06-18 05:08:45,05:07:22.00,-0.09227183415631117,-0.026818251363351447,0.997496466317708,-0.7237728513858528,0.03767237800199692,-0.002789499652346654,-2.0168,5.17244,-33.70451822542158
2024-06-18 05:08:45,05:07:22.50,-0.08870619957731675,-0.03290557145114905,0.9969265424112518,-0.7422372125800575,-1.4045198123579343,0.6831673927463129,-2.24156,4.76144,-33.42526630744442
2024-06-18 05:08:46,05:07:23.00,-0.07723162475520896,-0.03702468933512845,0.9965008505282897,-0.5609833564169431,-0.9281366942412346,0.6493061511405916,-2.38544,4.25492,-33.04306390070296
2024-06-18 05:08:46,05:07:23.50,-0.06577901185071305,-0.04259663256296795,0.9961161743428378,-0.12001276333308947,-1.0052083047556524,0.9554599674001474,-2.45192,3.84836,-32.55380382562359
2024-06-18 05:08:47,05:07:24.00,-0.046313498022521014,-0.05396976496586891,0.9970909430299015,-2.279021902963031,-1.745431078048509,-0.1768197780112293,-3.0585199999999997,3.01328,-32.019547997401325
2024-06-18 05:08:47,05:07:24.50,-0.036002103968538215,-0.06773099179937876,0.9994362255459515,-2.046524706703897,-1.1417874240464885,-5.081403192291643,-4.561599999999999,1.66008,-33.58667192746764
2024-06-18 05:08:48,05:07:25.00,-0.035119076147170906,-0.07331759385089015,0.9963306543887469,2.3929392560942717,1.2470148015075293,8.96993477614993,-3.8917200000000003,2.3894800000000003,-33.88070074904422
2024-06-18 05:08:48,05:07:25.50,-0.05984304316580483,-0.046485243491636054,1.0003173004573749,-0.7209419588490971,3.1825118821010756,2.5956776006440787,-3.1614,3.46692,-28.88132171025797
2024-06-18 05:08:49,05:07:26.00,-0.09905378645619718,-0.0873546229159415,0.9939621726986583,-6.379341876337406,2.955248820949029,-4.108338420725448,-5.4502,5.46564,-30.2590611875968
2024-06-18 05:08:49,05:07:26.50,-0.10639387468270137,-0.12314649333799986,0.9948485378542539,-1.5515059229794739,-1.3186640140249954,0.1429947348875413,-7.42928,5.6310400000000005,-30.837934432961955
2024-06-18 05:08:50,05:07:27.00,-0.08866621868314346,-0.11733996502233918,0.9886794879769328,5.550623559948325,-4.915360085185375,3.3936621976922594,-5.9566,4.22072,-29.972469021812195
2024-06-18 05:08:50,05:07:27.50,-0.045615058041581814,-0.05290823015587627,0.9922994640179911,8.16526696469252,-5.349321318063919,1.1434462202144657,-2.0782399999999996,1.80456,-28.54953644581738
2024-06-18 05:08:51,05:07:28.00,-0.040157125275432366,0.007098387225122915,0.9955709614516602,3.1932248921055195,6.573330284220242,3.051857146401156,0.47272,2.77512,-27.676889765166575
2024-06-18 05:08:52,05:07:28.50,-0.0808674628317731,0.041139834736365344,0.9999680871262565,-2.990680184047627,0.893502218405377,1.9162015825785594,0.69072,4.78316,-26.201710281594792
2024-06-18 05:08:52,05:07:29.00,-0.0723992739821881,0.01474812656822186,0.9978594973301491,-2.277831698240787,-1.769408162646149,0.5244784735468241,-0.12452,3.61404,-25.50761737557486
2024-06-18 05:08:53,05:07:29.50,-0.04497848330728631,0.023877416144197722,1.0006391280218603,2.5169461393839496,-0.6840964892233203,1.733180372006009,0.23416,3.1324400000000003,-25.150964335775928
2024-06-18 05:08:53,05:07:30.00,-0.034767753354779996,0.06469522094319004,0.9988642763883834,0.7061120121910498,-1.3889388509752985,2.202228058320313,2.04284,1.37148,-23.806830609744676
2024-06-18 05:08:54,05:07:30.50,-0.055224552093950115,0.09293996202071993,0.9929146961965054,-2.998522727260217,3.168835407850647,-7.6893939316991995,2.6791199999999997,2.08444,-25.414092670700157
2024-06-18 05:08:54,05:07:31.00,-0.07626670077291825,0.032544932733560045,0.9985719431120981,-4.946433912426671,-1.8047234603792481,-4.013355196145717,1.00372,2.44596,-28.20574387843882
2024-06-18 05:08:55,05:07:31.50,-0.061635753039356506,-0.014525669050291528,1.0004653502576482,-0.4131627209182433,-0.7644061844189952,-3.4409499818564666,-0.08352,2.6923200000000005,-30.113367989704393
2024-06-18 05:08:55,05:07:32.00,-0.04626348952254276,-0.012566864747113654,0.9992386465670795,-0.3745834054298926,-0.6679097709605883,-1.629993890877253,-0.23664000000000002,2.56036,-31.14654091875478
2024-06-18 05:08:56,05:07:32.50,-0.03778699291682747,-0.02972766305209359,0.9970335445821132,-5.509099861909849,0.6438243904855508,-1.3917760827088443,-2.28736,2.4108,-31.74799301321767
2024-06-18 05:08:56,05:07:33.00,-0.038608107893129844,-0.1232270202521216,0.9945760312297732,-4.992904091214554,0.5043551688281063,-5.027055813458841,-6.0072,2.6131200000000003,-33.452068379181725
2024-06-18 05:08:57,05:07:33.50,-0.05130387939697709,-0.11340293732179475,0.9927056548972172,3.8620528283507976,0.4461511318893692,-0.7574411175124256,-5.41304,2.97544,-34.98256449782231
2024-06-18 05:08:58,05:07:34.00,-0.06241031157811139,-0.053646062388418826,0.9978389227267168,1.9822566441103537,1.5638355595792888,3.1902538503384767,-3.092,3.65332,-34.187934522339134
2024-06-18 05:08:58,05:07:34.50,-0.08511956484459787,-0.03616323356698047,0.9989555447753383,-1.3862800147021457,1.7179429126256096,5.174053623694821,-2.88928,4.97596,-31.861496888220277
2024-06-18 05:08:59,05:07:35.00,-0.10363109028773825,-0.04030784302462532,0.9971261526657128,-0.508123496779216,-0.4425836999652057,4.7092659931522824,-2.7566800000000002,5.6257600000000005,-29.36401132988889
2024-06-18 05:09:00,05:07:35.50,-0.0855816717962929,-0.027837542576668404,0.9958574216635627,0.2962739094002312,-2.0963971160829953,3.513308336628745,-1.9546000000000001,4.42172,-27.11549873021388
2024-06-18 05:09:00,05:07:36.00,-0.0627806587015118,-0.01814230288857069,0.997069817202959,-0.202109986053981,-0.7874496929094704,0.5590288012578112,-1.48056,3.52276,-26.118368284712584
2024-06-18 05:09:01,05:07:36.50,-0.050218280837456344,-0.026278990952322702,0.9901977319579734,-0.5681408944104368,0.4545339872253342,12.68766822157075,-1.5327199999999999,3.22148,-24.039497927826687
2024-06-18 05:09:02,05:07:37.00,-0.07643734651367277,-0.01847798562496436,0.9916911897447092,-4.696869702250831,4.673337177416681,11.955146101029545,-2.3691999999999998,5.1772,-15.759191117779315
2024-06-18 05:09:02,05:07:37.50,-0.10171992305187016,-0.058323736921851804,0.9970453096009451,-4.376595146505035,-2.437646139190436,0.16400048843323256,-4.12972,5.324120000000001,-13.286866034000857
2024-06-18 05:09:03,05:07:38.00,-0.07757398482295513,-0.0907378641162009,0.9954261127423553,-1.7476769710208615,-2.840541101824344,-2.3497141087515545,-5.5467200000000005,3.87036,-13.987448694906641
2024-06-18 05:09:03,05:07:38.50,-0.05455925188422262,-0.09502115583111587,0.9963253032781545,3.48225903499535,-0.5167662503228719,-2.4680643513386493,-4.90144,3.0816399999999997,-15.191161860680829
2024-06-18 05:09:04,05:07:39.00,-0.056916669522684836,-0.05808617384243162,0.9997974028581399,5.138664834777154,2.747600903120634,-1.3826962495931117,-2.7338400000000003,3.7124400000000004,-16.119442796240264
2024-06-18 05:09:04,05:07:39.50,-0.07998111906272239,-0.01310760909649834,1.0025857418014292,2.344762958005501,1.1132835712292768,-0.4837798436978702,-0.87592,4.63316,-16.466872329910707
2024-06-18 05:09:05,05:07:40.00,-0.09004043347111454,0.00449586119302732,1.0032028140545315,-1.4765678890904272,0.07325963740500366,0.05070671046691197,-0.61248,4.90584,-16.503713875043488
2024-06-18 05:09:05,05:07:40.50,-0.09084588440737112,-0.008301830124724248,1.0022971166148122,-2.3982702573198322,-0.5604306287704037,-0.09063429057742592,-1.3733199999999999,4.90168,-16.4697833059501
2024-06-18 05:09:06,05:07:41.00,-0.08082725608338967,-0.007205993823926283,0.9965988376775755,3.1204993756234605,-1.2404891958583906,1.1829665629367825,-0.99268,4.47476,-16.343115396538447
2024-06-18 05:09:06,05:07:41.50,-0.08075375866742586,0.0011828979622447917,0.9970399172263739,1.292281858534528,-0.3115741594453473,1.7552884115695964,0.76796,4.2694,-15.137105577817367
2024-06-18 05:09:07,05:07:42.00,-0.07809069265429491,-0.029016741417855218,0.9924877681285952,-9.341464483153866,-1.0937167611663952,-6.206614833288436,-2.05792,4.1314400000000004,-16.950977220302917
2024-06-18 05:09:07,05:07:42.50,-0.059670740391507604,-0.05951032955913632,1.0008856369168404,-5.095148507163001,-1.9376365351184943,1.3244991138206053,-5.483,3.22588,-17.876179853253912
2024-06-18 05:09:08,05:07:43.00,-0.023082381916660687,-0.07686691908568281,0.9909433324156999,5.593626334661273,-2.798949027931661,5.847600715542055,-4.07664,1.6983199999999998,-15.582435373019582
2024-06-18 05:09:08,05:07:43.50,-0.04358505568083542,-0.04667694280874243,1.0001265532297432,1.9042261959194062,2.7766296694038783,2.4079648515856733,-2.32764,2.4654,-13.209346902064201
2024-06-18 05:09:09,05:07:44.00,-0.06608481629833655,-0.03794390690056472,0.9969988987320147,-1.2422416489057406,3.34954870684152,-23.713921049066084,-2.82112,3.92704,-17.654398000834032
2024-06-18 05:09:09,05:07:44.50,-0.08037648949901076,-0.046683059175449154,0.9986217068011664,2.7093903277198184,-0.11575696326050394,-22.008104738928036,-3.03916,3.938,-31.213186896044395
2024-06-18 05:09:10,05:07:45.00,-0.07322093407065393,-0.03742067680353904,0.9989026748167882,1.9629123647017501,-0.6592117455792813,-4.856289872020648,-2.0117599999999998,3.72372,-37.3345125190701
2024-06-18 05:09:10,05:07:45.50,-0.06572428687148779,-0.02054141578728574,1.000310632046928,-0.5025401959342255,-0.5718402555221069,1.6648021939338884,-1.6935200000000001,3.44904,-37.68319684930313
2024-06-18 05:09:11,05:07:46.00,-0.06572213886519902,-0.021836946900145086,0.9975248325255457,-0.8004366105458816,1.2097361980841417,4.579467773948208,-1.8011599999999999,3.8779200000000005,-36.006090903946465
2024-06-18 05:09:11,05:07:46.50,-0.07587020789674688,-0.02311819173169762,0.9963901425540633,-0.5064947976536579,0.4046338263280665,5.380213859066861,-1.69396,4.40384,-33.30674395489751
2024-06-18 05:09:12,05:07:47.00,-0.08177317492707487,-0.01954977821982725,0.9966101830162422,0.3400130315103768,-0.2294330948536109,4.081407008154322,-1.33656,4.5154000000000005,-30.903142613014115
2024-06-18 05:09:12,05:07:47.50,-0.07754936963507388,-0.013182442339684384,0.996511687211186,-0.32063572388157574,-0.7918617139398388,3.6775180646275625,-1.0978400000000001,4.24836,-28.905318194459287
2024-06-18 05:09:13,05:07:48.00,-0.07049242332684312,-0.012214945211021844,0.9981746168234905,-1.0312438571292761,-1.0824147336369612,2.574011539331885,-1.1552,3.88464,-27.272162663581497
2024-06-18 05:09:13,05:07:48.50,-0.0630302103498956,-0.016275435591988165,0.997332562717803,-0.346813052632269,-0.6974523255102499,1.4911919216680403,-1.24684,3.46704,-26.23127967429273
2024-06-18 05:09:14,05:07:49.00,-0.05717861235719521,-0.018141658059422725,0.9987492279325291,-0.7739877092904572,0.37378861449153,0.9269738934438078,-1.42308,3.40456,-25.593568623277037
2024-06-18 05:09:14,05:07:49.50,-0.06399750487531382,-0.020898106944657668,0.9979336040554871,-0.4048401513791664,0.8143193514684732,0.315309053956615,-1.47144,3.7886399999999996,-25.202054431880953
2024-06-18 05:09:15,05:07:50.00,-0.07389472541961538,-0.024999259145317004,0.9976576217031861,-0.9875286436473061,0.9350739518146826,-0.0258160024321262,-1.87532,4.31808,-25.074196054546377
2024-06-18 05:09:16,05:07:50.50,-0.08659351938961518,-0.03518980058637516,0.9988530550704208,-0.5778074650327477,-0.04327782850252113,0.005354300614850542,-2.36088,4.7888,-25.11933987614294
2024-06-18 05:09:16,05:07:51.00,-0.08118950615220567,-0.035247911634467374,0.997597462780913,0.0571861780425906,-1.2024204473490123,-0.34572887110001327,-2.24768,4.3282,-25.046216993911983
2024-06-18 05:09:17,05:07:51.50,-0.06735532746059382,-0.014974445143944939,0.9972943609281419,2.2095133106193674,-0.722170651616609,-0.25414919962865434,-1.12356,3.77512,-25.16852292864744
2024-06-18 05:09:18,05:07:52.00,-0.060726691819853025,0.006866750918898041,0.9998182705326205,-0.2698826422307114,-0.3721225579050471,0.47040686750451177,-0.0604,3.32944,-25.047060865956965
2024-06-18 05:09:19,05:07:52.50,-0.05850043223040388,-0.012349080597670791,0.9986624017530662,-3.1339646067725524,-0.30324357390762274,0.43325330180897453,-1.2773999999999999,3.15904,-24.733087562804545
2024-06-18 05:09:19,05:07:53.00,-0.056408809026078456,-0.04557712000699521,0.9967675414907028,-0.9167831531837607,0.0037586098114369528,1.550334451219471,-2.76216,3.2182799999999996,-24.230011721129696
2024-06-18 05:09:20,05:07:53.50,-0.06052542070592265,-0.041444569343860795,0.9977210582986413,0.7776060316542691,1.007077102807324,1.2315885346221338,-2.37916,3.62824,-23.40907283349161
2024-06-18 05:09:21,05:07:54.00,-0.07555236879161388,-0.03661124051024431,0.9973542183021037,-2.4885046225010945,1.064278765656166,-10.602647895296913,-2.7749599999999996,4.40464,-24.085970590344477
2024-06-18 05:09:21,05:07:54.50,-0.07264502875540041,-0.0779220131815788,0.993800041516678,-0.40562695065655857,0.023914389402781747,-42.29040997534973,-5.2177999999999995,3.15612,-39.684577088460564
2024-06-18 05:09:22,05:07:55.00,-0.045214355347350556,-0.08757663496284557,0.9834352510253381,1.5316416454888242,0.6284796507316109,-14.911005311589339,-5.10872,2.25128,-54.255056139637425
2024-06-18 05:09:22,05:07:55.50,-0.05486037533995911,-0.07196597860296979,0.9967026708458628,3.2827246261122833,3.6670827603276326,-1.3633128467220632,-3.889,3.49068,-57.47805478818278
2024-06-18 05:09:23,05:07:56.00,-0.07776638936328972,-0.04317418642289396,0.9994851078939742,1.8449321955495412,-1.6029033242507587,3.6455106860602076,-2.52184,3.86304,-56.60062372549272
2024-06-18 05:09:24,05:07:56.50,-0.06298630134132276,-0.028132499022715578,1.0017420250587539,-2.3095626509129916,-1.0535438862189133,5.873484325839474,-2.49548,3.23868,-54.05611910651057
2024-06-18 05:09:24,05:07:57.00,-0.062446666079125066,-0.040939470577189635,1.0033470598060723,-1.4667979227176509,0.6887916813058665,6.406519937499018,-3.011,3.74308,-50.87260574467922
2024-06-18 05:09:25,05:07:57.50,-0.06892082142820889,-0.0446609686829635,1.0019891822010185,0.07866180162561856,-0.3119246298558751,5.702155008995887,-2.80572,3.81996,-47.67866176768163
2024-06-18 05:09:25,05:07:58.00,-0.06693480430982147,-0.038529882888705805,1.0003849810556567,0.25476425622143306,-0.4952112055698734,1.7561142709594844,-2.41828,3.72024,-45.76702859254904
2024-06-18 05:09:26,05:07:58.50,-0.06499454778725208,-0.032706140368028803,1.0006357456465713,0.15773790213041614,0.026787441537881776,0.5060563769050846,-2.1362,3.69564,-45.28683760071506
2024-06-18 05:09:26,05:07:59.00,-0.0645118591470639,-0.028534290922217154,0.9999995938566636,-0.46355695186765933,-0.10929890995116529,0.04675886519007559,-2.03608,3.66088,-45.07227301833438
2024-06-18 05:09:27,05:07:59.50,-0.06557447472308695,-0.03185325025750709,0.9999066050791667,-0.6274324428283182,-0.12782021468234428,-0.5390244476265935,-2.2398,3.6580399999999997,-45.11708853107994
2024-06-18 05:09:27,05:08:00.00,-0.06376777235508244,-0.035955876070601085,0.9968136324327758,-0.3156833449348706,-0.49801871850107526,-2.149455223815531,-2.39756,3.46988,-45.7264026052975
2024-06-18 05:09:28,05:08:00.50,-0.06053087943805455,-0.03553409276864787,0.9960004024799187,0.036541538708012605,-0.20396651728592932,-1.8188331975690755,-2.3432399999999998,3.3311599999999997,-46.793215072471405
2024-06-18 05:09:28,05:08:01.00,-0.05872391045355289,-0.03302072297594354,0.9960266573453579,-0.03478638026780425,-0.36468748650266647,-0.5661476852001376,-2.20204,3.21128,-47.27278781352668
2024-06-18 05:09:29,05:08:01.50,-0.057012386428128226,-0.03129238335436358,0.997228585647178,-0.3466252918462178,-0.0027225476560902074,0.4683950497614671,-2.163,3.20288,-47.21815568018268
2024-06-18 05:09:29,05:08:02.00,-0.05804131915483407,-0.03302507469219025,0.9972687879675101,-0.7732132616120141,0.08664043682941054,1.1636068838865743,-2.26652,3.23672,-46.736126762306085
2024-06-18 05:09:30,05:08:02.50,-0.05974066181281627,-0.03602952074358835,0.996758275497879,-0.6714786481900791,0.14337789984406582,1.4427876025666868,-2.46816,3.39468,-45.998168620855864
2024-06-18 05:09:30,05:08:03.00,-0.0641259434174397,-0.040329540881295915,0.9981849535313421,-1.0938334365330296,0.8155149915647444,1.4776778140079452,-2.6811599999999998,3.72468,-45.209709111025795
2024-06-18 05:09:31,05:08:03.50,-0.07173558874044784,-0.04453271607745817,0.9970997880558846,-0.5283769098800646,0.2015688590350115,1.1262787998291655,-2.93488,4.0360000000000005,-44.44319905217373
2024-06-18 05:09:31,05:08:04.00,-0.07315974949663966,-0.04590324949877741,0.9984256173460726,0.2045653174081113,-0.709235992071342,0.2992389809983842,-2.85012,3.95452,-44.07558547597767
2024-06-18 05:09:32,05:08:04.50,-0.06871285788827092,-0.03922013748922498,0.9973309997174724,0.596470904302874,-0.2874801248487184,0.0688684740511139,-2.42012,3.78508,-43.955185114132966
2024-06-18 05:09:32,05:08:05.00,-0.06635178014969358,-0.027244584639489942,0.9989858522837585,0.8545143032664297,-0.014009089774399195,2.608970891009037,-1.84644,3.77044,-43.25646547078133
2024-06-18 05:09:33,05:08:05.50,-0.06940006519360498,-0.018055766894901737,0.9992871672726023,0.10746264084392547,0.3858787625637335,2.6914659210479077,-1.31296,3.97544,-41.73979590213916
2024-06-18 05:09:33,05:08:06.00,-0.0738739816470639,-0.016734383920035355,1.000237664872902,-1.1706719677291786,0.022368837357123906,1.2588549448364568,-1.4736799999999999,4.15832,-40.70665994388687
2024-06-18 05:09:34,05:08:06.50,-0.07340394697364545,-0.02286264163973633,0.9994748177642758,-0.5628117064558642,-0.8580445414420899,0.4221987169213465,-1.6922,3.9309600000000002,-40.30051102909984
2024-06-18 05:09:34,05:08:07.00,-0.06490315561851086,-0.022275106198690872,0.9976204279670913,0.1152906634329697,-0.8104365067929503,0.8594428974581434,-1.5615999999999999,3.57636,-39.92838477402946
2024-06-18 05:09:35,05:08:07.50,-0.060850987618717677,-0.013844750906826719,0.9978100651699978,0.6093929351238698,-0.31161386751571324,0.7633994342221232,-1.13548,3.3782,-39.40105029629775
2024-06-18 05:09:35,05:08:08.00,-0.05686207072877077,-0.00320211999461578,0.9987576644327083,0.8531170463184676,-0.3417403929612229,0.4624035526417524,-0.48196,3.16472,-39.06625862120048
2024-06-18 05:09:36,05:08:08.50,-0.057896515824670286,0.002187893390418248,0.9993822808939433,-0.8254630086915763,0.21326876503762116,0.38997967099500996,-0.34596000000000005,3.2868,-38.80360868251178
2024-06-18 05:09:36,05:08:09.00,-0.06014411444253504,-0.0031014479338746185,0.9987767884578599,-1.4223123479881414,0.18729371782984333,0.3349544780545875,-0.73848,3.37632,-38.5587447520061
2024-06-18 05:09:37,05:08:09.50,-0.06209108184134517,-0.014857637760755464,0.9977186433602465,-1.9247087968029286,0.19220348771692763,0.7514170219673545,-1.3928800000000001,3.49816,-38.22632659403976
2024-06-18 05:09:37,05:08:10.00,-0.06535958617533257,-0.02994298107327535,0.9972387029659082,-1.5015770199468819,0.22246660991711462,0.4038802631008675,-2.06596,3.65164,-37.86649335347053
2024-06-18 05:09:38,05:08:10.50,-0.06888686891941882,-0.04234859026878882,0.9969960993262061,-1.2982222301336055,0.5413667381890106,0.49093762636105637,-2.68908,3.9594,-37.6064798353388
2024-06-18 05:09:39,05:08:11.00,-0.0749740229363889,-0.04931808530073144,0.9970000001110373,-0.4344198828292663,0.3694295693673555,0.5330013363741165,-2.99488,4.23252,-37.2596205590859
2024-06-18 05:09:39,05:08:11.50,-0.07887547804537935,-0.04950209805465294,0.9959533129311005,0.02927771806379653,0.06204657311787294,0.39356151447256643,-2.99932,4.40584,-36.96903303072896
2024-06-18 05:09:40,05:08:12.00,-0.08246621483411808,-0.04446434611862778,0.9984665201365034,0.2280961142373691,0.20681630367352327,0.359701068418417,-2.76036,4.59096,-36.71628142723467
2024-06-18 05:09:40,05:08:12.50,-0.08360985855404209,-0.039626755281459834,0.9971442501022604,0.5896350490797535,-0.2836624354791328,0.3164027491742012,-2.4606,4.60488,-36.50462492490348
2024-06-18 05:09:41,05:08:13.00,-0.08351944185458798,-0.03184605360398039,0.9989774485498704,0.3039421188217515,-0.2259256065030992,0.20933882879231777,-2.05892,4.63924,-36.32798291521388
2024-06-18 05:09:41,05:08:13.50,-0.08119549761305658,-0.0254229815177452,0.9978202060926276,0.3120549884473278,-0.685538279884345,0.4357172370441114,-1.7228,4.38328,-36.09428634153172
2024-06-18 05:09:42,05:08:14.00,-0.0738397310964425,-0.023324650762664143,0.9984066232907286,-0.8276434779873942,-1.0931199735799153,0.6667278792180739,-1.6921199999999998,3.99368,-35.74317855904123
2024-06-18 05:09:42,05:08:14.50,-0.06717289837814776,-0.03560978914251886,0.9965931177638836,-1.7884882504203632,-0.9577631258734194,0.907585899111553,-2.39032,3.6012,-35.2959433612355
2024-06-18 05:09:43,05:08:15.00,-0.060436017096986025,-0.045468050144042454,0.9976389278254315,-1.6832224128437305,0.22703152993359954,0.5080692603312328,-3.0602,3.5030799999999997,-34.863481214944954
2024-06-18 05:09:43,05:08:15.50,-0.06252244974868368,-0.061623254695276686,0.996102094989545,-1.4567888945876715,0.8024052921571355,0.0018568315627296849,-3.72424,3.77016,-34.70050257016492
2024-06-18 05:09:44,05:08:16.00,-0.06909434663286096,-0.07885705835459554,0.9961776394804542,-1.6886361580686198,0.0893554565316002,-0.6408429595541933,-4.64436,3.9572000000000003,-34.78666153097719
2024-06-18 05:09:44,05:08:16.50,-0.06849991139127595,-0.08245554379861283,0.9952121300778043,0.15077309702955397,-0.7800494798133428,-0.11983222805653992,-4.8678,3.7480399999999996,-34.98408929294501
2024-06-18 05:09:45,05:08:17.00,-0.06403084183398139,-0.07546113402043625,0.9972057357612937,0.4739366042257361,-0.3899420918540741,1.3008843277693196,-4.55024,3.49776,-34.570925524149274
2024-06-18 05:09:45,05:08:17.50,-0.06199221120651848,-0.0653817649110757,0.997265840022594,0.24672061778588905,-0.23364097116834442,0.8646305549279378,-4.12092,3.48976,-33.919396378906384
2024-06-18 05:09:46,05:08:18.00,-0.06305989236403275,-0.058043396952670176,0.9985240208663829,0.912592114684952,0.0780253829415025,0.3997436497951719,-3.56916,3.5304,-33.57160989175938
2024-06-18 05:09:46,05:08:18.50,-0.06220042907376372,-0.04619417916539648,0.9972359754277862,1.5467158977481739,-1.3199805715245687,-0.03553095112692942,-2.84584,3.2715199999999998,-33.4451384192558
2024-06-18 05:09:47,05:08:19.00,-0.0497221828380525,-0.025065777807008926,0.9993457844331703,2.440736292430052,-2.098708934802594,0.7375326106306691,-1.50316,2.38848,-33.2247262224858
2024-06-18 05:09:47,05:08:19.50,-0.03996046050724996,0.00015205520580968595,0.9998342143710908,0.49240728523439903,0.8243759361854983,0.9585371275075754,-0.57624,2.20336,-32.69608960234356
2024-06-18 05:09:48,05:08:20.00,-0.07287978585898086,-0.008684371814498952,0.9979861990595655,-2.3664721273888585,4.914168835915428,3.2614958108785843,-0.9791200000000001,4.3236,-31.739258280511628
2024-06-18 05:09:48,05:08:20.50,-0.0850259257773474,-0.0122350073030612,0.9971831152403889,-0.6322310432197726,-3.6530573509323268,2.264112587038746,-1.34856,4.45432,-29.99254426070795
2024-06-18 05:09:49,05:08:21.00,-0.03880562379377378,-0.0032004668297754,0.9985827330922877,-0.8235156372026663,-3.378806715626465,-0.12588835591692155,-1.05084,2.08224,-29.387689293665115
2024-06-18 05:09:49,05:08:21.50,-0.025468376089384598,-0.03313182618839576,0.997887438102985,-1.9485282661996386,1.241842885102275,-2.4611045756500904,-2.0532399999999997,2.01288,-30.290247151753064
2024-06-18 05:09:50,05:08:22.00,-0.0391162580735359,-0.025657063132810833,1.0001164158664089,1.977833621598501,-0.014197993950052706,0.5687368833944484,-1.60612,2.16484,-30.546403547199326
2024-06-18 05:09:51,05:08:22.50,-0.07372822012586841,-0.011470360913885015,0.9977268016748206,-2.066829239873819,5.1527763131588635,1.0058414302017276,-1.14268,4.50072,-30.420773478417342
2024-06-18 05:09:52,05:08:23.00,-0.14187843494440147,-0.04627245093956299,0.992870949151514,-0.3857265016951162,-4.231574502660817,3.900525796280569,-2.72236,7.239160000000001,-28.63405381590141
2024-06-18 05:09:52,05:08:23.50,-0.07859168129364753,-0.013182692207575987,0.9954499758682267,2.3201188530906824,-7.033334611215113,2.933659775112322,-1.23824,3.6011599999999997,-26.993557904948688
2024-06-18 05:09:53,05:08:24.00,-0.044097474474540085,-0.003618268356294872,0.9990115334900527,-1.5531156307914151,3.1906225772344015,-0.772266692275758,-1.04728,3.1913600000000004,-26.32348063666583
2024-06-18 05:09:53,05:08:24.50,-0.07347233537738813,-0.021822547153703072,0.996990783068477,-2.49042437180976,1.8053822433174898,-1.865527238501993,-2.0984,4.33216,-27.080156626761465
2024-06-18 05:09:54,05:08:25.00,-0.11056894799131546,-0.04776793726183812,0.9924660178950826,-1.3233198848078045,2.550780252708604,-4.5680161994178805,-3.05536,5.569,-28.754083204251593
2024-06-18 05:09:54,05:08:25.50,-0.13909704332599848,-0.05284135268970675,0.9951307476431498,-0.9930253370452614,0.8020597170410255,1.3069615026122063,-3.38,7.42984,-29.372096932707013
2024-06-18 05:09:55,05:08:26.00,-0.12099067353106426,-0.06499004476288034,0.992929464470836,0.07894754231410665,-5.235805655951382,0.5966398599037273,-3.56908,6.0664,-28.792045715418713
2024-06-18 05:09:56,05:08:26.50,-0.04062739202348977,-0.044514833509457195,0.9952356573016198,3.5631239637794336,-5.808730337126437,-0.6745829209712685,-2.00784,1.69964,-28.72991688694301
2024-06-18 05:09:57,05:08:27.00,0.004249168410051356,-0.006167674021491004,1.0018131135708424,0.5968615035822676,-0.7389189601853711,-0.2243280429415336,-0.64248,0.33416,-28.98601417194487
2024-06-18 05:09:57,05:08:27.50,0.035443062497951615,-0.006346054155249972,0.9968677181172341,-0.687620656840645,-1.039081476963469,2.1311926557204144,-0.7862,-1.33768,-28.386918623926473
2024-06-18 05:09:58,05:08:28.00,0.02841050085465979,-0.017401744941563064,1.0012863244110832,-1.8670202708178645,2.154923505784315,-4.789456504189245,-1.53768,-1.78848,-28.66564250807809
2024-06-18 05:09:59,05:08:28.50,4.626260062991772e-06,-0.031384394979055874,0.9961734870132424,-1.0651877175344615,1.660220179258509,5.197299363957367,-2.23316,0.43188000000000004,-28.695281692575247
2024-06-18 05:09:59,05:08:29.00,-0.03862646493088878,-0.05060571400065437,0.9950001768182075,-1.1315023393952564,1.8650536361976038,1.379002452525511,-3.3335199999999996,2.72464,-26.79736822798884
2024-06-18 05:10:00,05:08:29.50,-0.06702377283456987,-0.04903690466843488,0.9998619198353665,1.672494505927118,1.3574119788457326,-1.7678527482763473,-2.647,3.42004,-27.87085898640081
2024-06-18 05:10:01,05:08:30.00,-0.08065206854111531,-0.021423068170411237,0.9981224875008472,0.3006109998881815,1.9134554893249887,4.254318698201811,-1.57748,4.3375200000000005,-26.13115921569864
2024-06-18 05:10:01,05:08:30.50,-0.10186752515074826,-0.03160636635551653,0.9950003672698358,-2.9131164161607903,2.541063409117757,1.9826284795309403,-2.46404,6.3319600000000005,-24.598529218325126
2024-06-18 05:10:02,05:08:31.00,-0.14831664015031146,-0.049877888600122586,0.9938084981878106,-2.2204067801643204,1.8972073096335011,-2.3390606696506584,-3.37148,7.4182,-25.050580755753355
2024-06-18 05:10:02,05:08:31.50,-0.18026117129337582,-0.04169518565376068,0.9876428647921984,0.9150199188769796,4.2842144838313,1.9513661369540196,-3.47436,9.85252,-24.9954446970744
2024-06-18 05:10:03,05:08:32.00,-0.15016762428264308,-0.048745517626592016,0.9871747152063185,1.152503146631945,-10.294822051041496,1.6908468098982314,-2.44624,7.56668,-23.87485803797358
2024-06-18 05:10:04,05:08:32.50,-0.03578146793474045,0.017824023296295514,0.9991124298330466,3.498007405421575,-6.114728792025893,1.1382792911476283,0.5562,1.58488,-22.913642469964316
2024-06-18 05:10:04,05:08:33.00,-0.001896493836453996,0.02154940530198503,0.9983051108011384,-3.0153167763438904,1.1436710934860814,-0.032525109454932845,0.32564,0.77852,-23.068649725610243
2024-06-18 05:10:05,05:08:33.50,-0.014054476040810025,-0.020683676683292216,0.9972777149050153,-3.584952707022867,0.6863060761650617,2.372872966313392,-1.91856,0.9740800000000001,-22.167910044991356
2024-06-18 05:10:06,05:08:34.00,-0.047631380905031745,-0.06496834900267376,0.9948813996483031,-1.614915235550914,4.012572310101868,1.8554050076488207,-3.8676800000000005,3.3536799999999998,-21.070911919113772
2024-06-18 05:10:07,05:08:34.50,-0.10708995809659147,-0.07512547883332694,0.9919434529277558,1.6664628738827798,1.4462873665365361,0.6595366596012713,-3.8662,6.0212,-20.29862369144116
2024-06-18 05:10:08,05:08:35.00,-0.11460596652006502,-0.03957650517901995,1.0002887052285816,4.574777947991965,-2.194562626164055,1.4172034359263963,-1.21692,5.6558,-19.97332241854441
2024-06-18 05:10:08,05:08:35.50,-0.09732307511799843,0.010663636274683972,0.9990973231841963,1.2803074906649403,-0.30491267181677023,2.0650159524079883,0.6006,5.36172,-18.79019095438751
2024-06-18 05:10:09,05:08:36.00,-0.09372320233480494,0.02506583145627936,0.9982262644268687,-2.4386400008030003,0.34134387898337937,1.4157170876500842,0.39116,5.4236,-17.911887404398268
2024-06-18 05:10:09,05:08:36.50,-0.09452327994035609,0.0046494695716548,0.9958309237194576,-4.533333182113185,-0.3403822189236439,0.373423819886888,-0.93384,5.41264,-17.300467358548012
2024-06-18 05:10:10,05:08:37.00,-0.08571393017462206,-0.036511035072082094,0.9928664473681763,-3.265761689358529,-1.4114331003472966,-13.34864054116534,-3.0854000000000004,4.64592,-20.501408389320833
2024-06-18 05:10:10,05:08:37.50,-0.07144876818090352,-0.05500521495097576,0.995413533310141,1.8134145546609832,-0.2807997182539896,-4.744320987562608,-3.1708800000000004,4.0602,-25.744054323951374
2024-06-18 05:10:11,05:08:38.00,-0.06743060878567976,-0.04403794540906019,0.9950364130826209,1.2296398151991144,-0.5061891509656025,-8.282050461510991,-2.61764,3.6336,-28.079917643053147
2024-06-18 05:10:11,05:08:38.50,-0.06546742495801233,-0.04205983505699544,0.9934038431190167,0.19440254403724633,0.35442885956938014,-25.394871233735422,-2.98608,3.57924,-36.46919299598292
2024-06-18 05:10:12,05:08:39.00,-0.0617719193160208,-0.03072809741204225,0.9862946675615422,2.158080357758065,2.6764657237546094,-9.898287061427618,-1.90752,3.69024,-46.34305279435115
2024-06-18 05:10:12,05:08:39.50,-0.09077260192670895,-0.027927348338905613,0.998796735092428,-1.947720774352568,2.0637783205267217,1.498996844996672,-2.40204,5.243239999999999,-47.64510048668921
2024-06-18 05:10:13,05:08:40.00,-0.1047837798794825,-0.040664773508093645,0.9973083821896277,-1.5648076330880203,-1.6087232819253228,4.696355558632963,-2.7566,5.44388,-45.85043745248273
2024-06-18 05:10:13,05:08:40.50,-0.08689594196747395,-0.04754805648886827,1.0009951361598997,-1.6195481590698548,-3.0632709926898913,5.327366160446311,-3.21888,4.35696,-43.21150812767357
2024-06-18 05:10:14,05:08:41.00,-0.0657374551460759,-0.05339879249927277,1.0033948715074572,-0.5872537750641821,-1.5661540525821127,4.882247998923065,-3.32652,3.5239999999999996,-40.55221011700528
2024-06-18 05:10:14,05:08:41.50,-0.0582178619647892,-0.05335618559654187,1.002968737325722,0.15485445726641786,0.6220873024296069,2.4624234100877036,-3.22956,3.5086,-38.58795796041077
2024-06-18 05:10:15,05:08:42.00,-0.06346267621925669,-0.055739506451500824,1.0006381153369146,-0.8353609402459697,1.0516533912792663,-1.4486493895233652,-3.23036,3.89096,-38.29244079577991
2024-06-18 05:10:15,05:08:42.50,-0.07122749689884961,-0.0706470303390707,0.9960848095762384,-3.205120779954528,0.004385715291337755,-1.1545142539858173,-4.57576,4.09584,-39.11784746873331
2024-06-18 05:10:16,05:08:43.00,-0.070775745254833,-0.0913539362276567,0.9957600068826171,-2.722910726866129,-0.5262217469778592,0.06418431644938577,-5.88592,3.8227999999999995,-39.312185220749804
2024-06-18 05:10:16,05:08:43.50,-0.0684644349047551,-0.09649458847633084,0.9945859981980649,1.116721952029735,-0.10634449759715615,1.410520665860368,-5.89644,3.85724,-38.85060451346704
2024-06-18 05:10:17,05:08:44.00,-0.06912775858258852,-0.07988811843634477,0.9931204045373184,4.4573014064992575,-0.6406199928195562,1.417504568122736,-4.07136,3.7735199999999995,-37.98539889472739
2024-06-18 05:10:17,05:08:44.50,-0.06417567924783146,-0.0465375746240598,0.9969052139700202,0.9722776871152093,-0.69283622787949,0.019737412788274747,-2.7760000000000002,3.46568,-37.57427238460196
2024-06-18 05:10:18,05:08:45.00,-0.059272285409295904,-0.040449477668986794,0.9994777934990816,-1.8871643713942547,-0.7079043512052954,-0.42031069950877264,-2.94748,3.21252,-37.69300481276535
2024-06-18 05:10:18,05:08:45.50,-0.05227010838801628,-0.06693749079126746,0.9987439171119421,-3.8469515713779265,0.0074362954558080795,0.2774768759057407,-4.635400000000001,2.9969200000000003,-37.645728022346304
2024-06-18 05:10:19,05:08:46.00,-0.06065538645118596,-0.06157941529967879,0.9975923400784232,2.4203664741413355,0.6395848268329206,-0.1811388185637092,-4.07796,3.3106400000000002,-37.58028187674041
2024-06-18 05:10:19,05:08:46.50,-0.06440028772996612,-0.04032036043493089,0.9936093031964921,5.669146469408565,0.025714372175228165,0.5491767094250488,-1.8185200000000001,3.61892,-37.39292194666874
2024-06-18 05:10:20,05:08:47.00,-0.06660633320512273,0.007165429239452816,0.9970457472290155,2.377131534655595,-0.12281801862252849,0.5833412542437296,0.38204,3.59892,-37.07898116092432
2024-06-18 05:10:20,05:08:47.50,-0.06266348444280063,0.025007460066117437,0.9966237744602344,-1.010355204137652,-1.1068523849367107,1.4632626113278655,0.71616,3.28776,-36.48870158366972
2024-06-18 05:10:21,05:08:48.00,-0.058272998240173346,0.013439717322909876,0.9995253552067476,-3.479388283164842,0.8160491686656237,0.8171573024884536,-0.22056,3.21064,-35.753557817246545
2024-06-18 05:10:21,05:08:48.50,-0.062012273876618104,0.01963867398368848,0.9946509404663837,3.483634373419508,0.5506441844570494,4.167573051734814,0.17464,3.70976,-34.59485695303522
2024-06-18 05:10:22,05:08:49.00,-0.07408573412053636,0.012029480106631454,1.0039209217600824,-3.7031146856235613,1.0473551690960736,1.5091954751377958,0.8190000000000001,3.99104,-33.116762366169034
2024-06-18 05:10:22,05:08:49.50,-0.07643652277283046,-0.008204109920014047,0.9938663905673997,-2.757813978951778,-1.4787030353499961,-0.36272811403130306,-0.97648,4.0136,-32.47647161516015
2024-06-18 05:10:23,05:08:50.00,-0.05700806608228394,0.008000511153208408,0.9985450861504919,3.53187874350879,-1.6925367443102326,1.021838677915233,0.04971999999999999,3.01112,-32.59723387238215
2024-06-18 05:10:23,05:08:50.50,-0.05699497518108746,-0.013344964861905754,1.001591583191749,-2.3728438274608594,0.6656601010218698,2.4245510717823016,-0.45287999999999995,3.1825600000000005,-31.502725968567216
2024-06-18 05:10:24,05:08:51.00,-0.06167107607536927,0.002140922098711436,0.9986951351132941,-2.0996808439943795,0.4049754158271432,1.1915948067168183,-0.33751999999999993,3.3106,-30.750214552853844
2024-06-18 05:10:24,05:08:51.50,-0.08538528416760091,-0.05495904543169832,0.9997907483660505,-4.835777160473662,3.2505427404088083,-4.536296654289132,-3.3364800000000003,4.72768,-31.50342723100725
2024-06-18 05:10:25,05:08:52.00,-0.0857452266130232,-0.07067910059926996,0.9969533114952415,-1.2290925208572019,-0.4962850235327828,3.3067227690116607,-4.53632,5.25356,-31.780354746815593
2024-06-18 05:10:26,05:08:52.50,-0.052449772567868,-0.07210176111624937,0.9871937674457587,2.20876989210035,-6.190394456961803,-0.6406079049555785,-4.03308,3.0476799999999997,-30.748887754361558
2024-06-18 05:10:26,05:08:53.00,-0.08371473971727487,-0.077972529840564,0.9989131835004313,-4.108740648493227,7.460101410501981,-3.5305170059732065,-4.21492,3.8739999999999997,-33.0693146720827
2024-06-18 05:10:27,05:08:53.50,-0.0955965056882971,-0.07498416382179983,0.9991107077963278,-0.529509457133531,-0.3465324924487325,13.85926654617874,-5.34008,6.69112,-28.978732522662934
2024-06-18 05:10:27,05:08:54.00,-0.10644834158447361,-0.07801431793955703,0.9914353275740254,3.374346156832855,-6.713473527955198,-4.8564016642679215,-3.90072,4.11384,-26.132252469254464
2024-06-18 05:10:28,05:08:54.50,-0.033439243690734234,-0.031096613421517087,0.999358336424708,2.942719230728834,-2.727891018560308,-3.022145003292613,-2.12892,2.08664,-28.90703480074764
2024-06-18 05:10:28,05:08:55.00,-0.0399757439789626,-0.022779632099063495,0.9964408993919964,-2.1155271287898874,2.854690167894507,-0.003636967105930218,-1.77148,2.2094,-29.907750638955932
2024-06-18 05:10:29,05:08:55.50,-0.044461531593853756,-0.017346301005715367,1.0010293175960863,-0.6279410704644125,-0.3406846735650295,5.662334547970147,-2.1362,3.27264,-27.992129867015215
2024-06-18 05:10:29,05:08:56.00,-0.061106473601085336,-0.04111011455278305,0.9938746112900034,-0.6903715656754613,0.6116723415690406,-7.049989194336782,-2.2994399999999997,2.65476,-27.98856695180673
2024-06-18 05:10:30,05:08:56.50,-0.05188668921723244,-0.030477690537772786,1.0026180323673448,-0.7972834984772958,1.3147001454510214,3.2677433072989994,-2.65056,3.91228,-29.226173791970442
2024-06-18 05:10:30,05:08:57.00,-0.08232743933325537,-0.04201212442588727,0.9930119106610219,0.3223036417072676,0.8533322070826861,-0.40125967412544616,-2.34864,3.6255599999999997,-28.534725966154372
2024-06-18 05:10:31,05:08:57.50,-0.07554553663634317,-0.02167580940581141,1.0035793596055986,0.33484531997953154,0.550612995256644,4.945399777992469,-1.8108000000000002,5.11536,-27.250476448093806
2024-06-18 05:10:31,05:08:58.00,-0.08456169234959647,-0.027815553879320706,0.9935338341899103,-0.32134445049134036,-2.4269622988120902,-2.9104418861860877,-1.61484,3.63332,-26.026739626460696
2024-06-18 05:10:32,05:08:58.50,-0.06540779744468656,-0.02259271691816857,1.0043816371011804,-2.500566937486827,1.0537553505972734,1.8844400526990461,-2.3161199999999997,4.43616,-27.002875879708686
2024-06-18 05:10:32,05:08:59.00,-0.0739030914504386,-0.03009785874104264,0.994568009728582,1.6277258045077698,-1.5115104746902468,7.219375340865624,-2.05608,3.3204000000000002,-24.44660160656822
2024-06-18 05:10:33,05:08:59.50,-0.08785845433571175,0.012251378245536104,0.999688362158051,1.1309437950233256,1.9075675593700923,-8.794956221948425,-0.28116,4.94372,-24.848113786409975
2024-06-18 05:10:33,05:09:00.00,-0.07231247447042918,0.004634722063612099,0.9952130701005493,-0.9055857933328261,-5.601947259196343,-5.656302703066851,-0.79184,3.41372,-28.74035095518897
2024-06-18 05:10:34,05:09:00.50,0.00021773325694313998,-0.043631330391011316,0.9997469445166388,-2.9475098626562497,-5.2351627443375355,-4.574060416281844,-2.03604,0.36432000000000003,-31.009654719341647
2024-06-18 05:10:34,05:09:01.00,0.0215216834768854,-0.04718221346141495,0.9955474213848632,1.8302934956898431,1.222832320952249,-2.0067238707976025,-2.09464,-0.7517199999999999,-32.66215715760499
2024-06-18 05:10:35,05:09:01.50,0.0030001541637249916,-0.020748840556611737,0.9999245576478438,2.6035659144972225,3.2906333794926645,3.1404513190073113,-1.19888,0.4316,-32.73585935581399
2024-06-18 05:10:35,05:09:02.00,-0.016077568285650372,0.05477421216330624,0.998690844123066,5.293742678619197,0.6969149930967918,11.666086651115092,2.38128,1.32048,-27.923732159390415
2024-06-18 05:10:36,05:09:02.50,-0.03356483629266425,0.012368954962887011,1.00704057250676,-11.010021968568774,2.1002684368994977,2.15555319439792,-0.3144,1.72176,-24.577418572213865
2024-06-18 05:10:36,05:09:03.00,-0.051501193229240745,-0.027277677039285086,0.9894555811649235,1.1606294903250676,3.8930951259850217,0.8673360622599984,-2.359,3.56532,-24.44910863709249
2024-06-18 05:10:37,05:09:03.50,-0.08255899989497216,-0.028511400433953372,1.0014835233038577,-4.422965844503956,1.318063478333397,4.489273234728282,-1.79484,4.48736,-22.619104762187963
2024-06-18 05:10:37,05:09:04.00,-0.102141735043344,-0.07340840026415166,0.9908012182022986,-0.5348847247604721,0.9422711996680059,4.872019576294455,-3.73992,5.63384,-20.195384564439294
2024-06-18 05:10:38,05:09:04.50,-0.1090512627069503,-0.07415955006947,0.9943228447804866,-0.7435461790246833,-1.191733824972427,3.6633507866378237,-3.98072,5.737760000000001,-17.918300658327794
2024-06-18 05:10:38,05:09:05.00,-0.10234131063273715,-0.057281006517478784,0.9957570854474638,2.6819948979567183,-0.43278083942473744,0.8731121262392959,-2.98032,5.603400000000001,-16.774109345487965
2024-06-18 05:10:39,05:09:05.50,-0.08574007956665293,-0.009905417845749175,0.9952388020081344,3.8563817894389785,-2.4647658007673696,-7.456303288675932,-1.66048,4.85848,-17.916734327725816
2024-06-18 05:10:39,05:09:06.00,-0.08300759894202216,-0.005111327658923069,1.0037756360008738,-1.7880086969622662,0.8141646014331494,-1.0141060407277247,-0.42747999999999997,4.43072,-20.727073634465736
2024-06-18 05:10:40,05:09:06.50,-0.08646155797026026,-0.019808744393270433,0.9948481645902305,-1.0803773325683914,-0.8461278139043289,0.3765971964386043,-1.49364,4.755520000000001,-20.61547461541163
2024-06-18 05:10:40,05:09:07.00,-0.07382617638902345,-0.033433339928831886,0.9981338387715434,-2.8905913646854775,-2.5836444160115413,1.1000190905549454,-2.42876,3.764,-20.158900772037427
2024-06-18 05:10:41,05:09:07.50,-0.05013580813376169,-0.04864497063515503,0.9836959173460054,0.9500334165488192,-0.07899549324403314,-10.57781608110021,-3.0021199999999997,2.77908,-22.542008222889745
2024-06-18 05:10:41,05:09:08.00,-0.0631523772691687,-0.038663466970026115,0.9959477118666239,-1.6203165342396273,5.190798945277041,-0.20863985102162774,-2.8749599999999997,4.57408,-25.789239186676873
2024-06-18 05:10:42,05:09:08.50,-0.1010201589492915,-0.0507668274626409,0.9949123903558234,0.2891117200542663,-0.9448599350597664,-4.834212938363045,-3.16832,5.2310799999999995,-26.37005434444927
2024-06-18 05:10:42,05:09:09.00,-0.07639648013303266,-0.037801506218426505,0.9970048176461962,1.475389853088858,-2.200263759028376,-1.0524317342491964,-2.198,3.84868,-27.955125452354455
2024-06-18 05:10:43,05:09:09.50,-0.05552414199690532,-0.02099616103910354,1.0017571839398873,-0.1619597042744536,-0.8244957541111322,1.9047229139765198,-1.64508,2.97596,-27.535695472959947
2024-06-18 05:10:44,05:09:10.00,-0.05506599577485594,-0.02353495492981704,1.0042486874526926,-2.225313145017804,1.661861971173262,2.758892179072775,-2.13024,3.53784,-26.188627981200234
2024-06-18 05:10:44,05:09:10.50,-0.06832647456115047,-0.039115803306143435,1.0043587058968644,-1.017472952450658,0.45825453684858886,5.146280547033755,-2.5850799999999996,4.02832,-24.559601226847533
2024-06-18 05:10:45,05:09:11.00,-0.039551193442461635,-0.03808676373505724,0.9949738061711451,-0.719870096165462,-3.952615492959717,1.68459367722225,-2.60048,2.80372,-21.778891551532205
2024-06-18 05:10:45,05:09:11.50,-0.040104814187761226,-0.039014455590154117,1.0038245526343377,0.6483402539043375,-2.4716976122115817,-4.668802990577344,-2.29064,0.9937600000000001,-23.089528907786598
2024-06-18 05:10:46,05:09:12.00,-0.018136391346316023,-0.06383530781142055,1.0002934879538685,-6.49663705214093,-1.02129554389202,3.5068152815403835,-3.76788,0.9669599999999999,-23.318746119421252
2024-06-18 05:10:46,05:09:12.50,-0.002597709184259776,-0.14030189430187248,0.9991054568900322,-12.83918170542406,1.5137233315321237,-6.807606271093452,-9.73416,0.41428,-24.14441297218754
2024-06-18 05:10:47,05:09:13.00,-0.04128600083941052,-0.18540289103361343,0.9850843228859907,2.312724555308481,5.140814283521861,2.1740247967535207,-10.98416,2.36136,-26.6390556452676
2024-06-18 05:10:47,05:09:13.50,-0.0990063482830195,-0.21561535112352936,0.9770888748151136,-4.671115087830021,4.918262577763673,14.028006418897082,-11.47804,5.7073599999999995,-20.35166683846985
2024-06-18 05:10:48,05:09:14.00,-0.13963966517730853,-0.2194053101544643,0.9756098181214614,1.9318341358473337,2.233361559091121,4.765438457087196,-12.59852,8.56264,-16.22050426490478
2024-06-18 05:10:48,05:09:14.50,-0.13089098293126297,-0.10457108670937992,0.9781450041771156,22.967172360541785,-6.080032545229269,4.091547344523603,-4.20224,7.10332,-13.883435344848678
2024-06-18 05:10:49,05:09:15.00,-0.09708957259813143,0.06769327537127949,0.980700153271996,15.274049043297365,-6.538537449046958,1.6797758514069283,5.29764,4.4579200000000005,-12.474425177646578
2024-06-18 05:10:49,05:09:15.50,-0.06178903495217506,0.16042694766881002,0.9812789034140356,-3.2504497981838427,-0.40221641910973766,-3.544801264049921,8.087,2.8072000000000004,-12.999173094556552
2024-06-18 05:10:50,05:09:16.00,-0.08461577539891676,0.1042775860514031,0.9947236112585766,-11.8305919553835,5.342118115838463,0.26654839975340744,3.4086000000000003,5.537920000000001,-13.889376197695439
2024-06-18 05:10:50,05:09:16.50,-0.10571611852996046,0.018797246725257528,0.9991901644353075,-5.57319305547155,-1.5316809628497798,2.903807920659988,0.08972,5.74564,-12.885336417944531
2024-06-18 05:10:51,05:09:17.00,-0.07204298394584929,0.004514739774856408,0.992250148559731,3.9447390712814046,-5.260931892155188,2.478377882095473,0.27740000000000004,3.94788,-11.44700147315832
2024-06-18 05:10:51,05:09:17.50,-0.016442703519117557,0.07442246388379799,0.9940493129584425,4.811981277916073,-2.8057604715561615,2.5666356781604382,3.7996800000000004,1.01624,-9.971111189621432
2024-06-18 05:10:52,05:09:18.00,-0.026071753105374844,0.0921440665843618,0.9913168346437297,-0.6735580460544961,4.806249462703771,-6.514363288092979,4.47184,2.1702,-10.345212860447583
2024-06-18 05:10:52,05:09:18.50,-0.09912412361386526,0.061576008248759306,0.9952969750197187,-9.123064796879026,5.210858376839225,-6.979953583420863,2.08812,5.1934000000000005,-15.606219017496503
2024-06-18 05:10:53,05:09:19.00,-0.10276192357865475,-0.007145223093484212,1.0055326711842774,-9.572526650483132,-2.092544870252745,4.341412334821645,-2.5188,5.727,-14.799376972095775
2024-06-18 05:10:53,05:09:19.50,-0.0901080320469476,-0.07906292536285113,0.9909869403332491,-3.899325527810621,-4.859907998901462,-1.8621900076871907,-5.090680000000001,3.7744,-13.641183403052429
2024-06-18 05:10:54,05:09:20.00,-0.0248523186345855,-0.06668689444417412,0.9887838540898376,9.68328744608046,-4.403771130256038,-6.137153541518689,-3.10268,1.20048,-17.398293909601005
2024-06-18 05:10:54,05:09:20.50,-0.011146865860806527,0.01060787463966648,1.0048452480361048,10.197437834400736,-1.2268028936662432,-0.6266848438974434,2.10872,0.26788,-17.830166203923383
2024-06-18 05:10:55,05:09:21.00,-0.000281243727923276,0.0949865361062787,1.0075246622432406,9.691475435471782,-0.5499128094637526,1.029287049770417,6.79468,-0.21744,-17.945590420090717
2024-06-18 05:10:55,05:09:21.50,-0.006949527457368456,0.16157836107945056,0.99775789118524,2.3305846761890914,2.5736351510380024,1.494041816596247,9.25132,0.46248,-16.94194791183412
2024-06-18 05:10:56,05:09:22.00,-0.034063520731958216,0.1746795738924947,0.986171283180729,-5.793442897675916,5.122088828761739,1.6639102163922177,8.58156,2.57952,-16.351208501686543
2024-06-18 05:10:56,05:09:22.50,-0.07310056893301498,0.08520004030147162,0.9819329898897413,-17.9727098194048,-0.9622362161021516,0.8477868645909784,2.43424,3.7774,-15.234462471755462
2024-06-18 05:10:57,05:09:23.00,-0.043830581734602705,-0.04672806031590003,0.9863506103698984,-8.389143685530357,-4.219794912633871,-0.26863416213649033,-3.9262400000000004,1.946,-15.240795293589203
2024-06-18 05:10:57,05:09:23.50,-0.022058818709041174,-0.10308621105379427,0.9906912599349041,-0.18131925007032954,4.573990366604973,0.26221231341315654,-5.489879999999999,2.39304,-15.431481454714326
2024-06-18 05:10:58,05:09:24.00,-0.06630668348787414,-0.04806714800538945,0.9973227714909422,5.0136566010791945,5.898645856092329,3.729276173010166,-2.786,4.90908,-13.913553968156263
2024-06-18 05:10:58,05:09:24.50,-0.11961741567696516,-0.04233008223364783,0.9960690355258102,-2.4218548359523187,3.0932183067227617,1.4775932249595576,-2.98784,7.152200000000001,-12.713082447547153
2024-06-18 05:10:59,05:09:25.00,-0.1432169799692786,-0.061353373513970036,0.9903708674965058,-3.3216127368559496,-2.1798785712253728,0.5595202726411607,-4.14664,7.30996,-12.211976743748949
2024-06-18 05:10:59,05:09:25.50,-0.11716208595971421,-0.09310159723444109,0.9870112914619503,-5.202967445008743,-4.465752812554394,0.5361210620098701,-6.25068,5.81736,-11.82324457749236
2024-06-18 05:11:00,05:09:26.00,-0.08216517147525398,-0.1689001878405937,0.9853175970013165,-3.9705049712052527,-0.8490451390266481,-0.39182676185134113,-9.21272,4.70964,-11.761710470764534
2024-06-18 05:11:00,05:09:26.50,-0.07347882266899923,-0.16858035740048613,0.986514540248828,5.8583964159823445,-1.334501136481511,0.26797598703388736,-8.3234,4.03628,-11.835874508113493
2024-06-18 05:11:01,05:09:27.00,-0.06495686016301616,-0.10362592495067192,0.9957521331362584,8.226067831806523,-1.1843842426334614,1.287246850570222,-4.81992,3.5194799999999997,-11.28017037634583
2024-06-18 05:11:01,05:09:27.50,-0.06051579147566684,-0.0324551674152993,1.0012940358799762,3.690746888087866,-0.04246496605237718,1.1772029400996724,-1.9753200000000002,3.31944,-10.615408113052451
2024-06-18 05:11:02,05:09:28.00,-0.06711801589541025,0.015085698318842291,1.0017499410380855,2.518503811964892,0.818674521920751,2.8241262080264944,-0.31479999999999997,3.7363599999999995,-9.439444090743754
2024-06-18 05:11:02,05:09:28.50,-0.07161370579720393,0.04866777803572044,0.9989105143414037,3.6488893521953774,-0.5038956732702123,-0.5124309369347313,2.30216,3.88252,-8.946616758476017
2024-06-18 05:11:03,05:09:29.00,-0.06778010295908732,0.06895102468692536,0.9978744741541974,-1.5491180496889176,0.5213839753752947,0.20352124414190137,2.93976,3.96016,-8.957277290788278
2024-06-18 05:11:03,05:09:29.50,-0.07154686353071645,0.03292772213134776,0.9946452806346109,-7.653709780039319,0.7051100755116728,0.47594452655303043,0.91876,4.41536,-8.696781342469945
2024-06-18 05:11:04,05:09:30.00,-0.05583888694390395,-0.0665254240574991,0.9891950185532669,-11.52098891301744,-5.436553174296265,3.9467016341684387,-4.090520000000001,3.0619600000000005,-6.71873589053009
2024-06-18 05:11:04,05:09:30.50,-0.004611880037848736,-0.15181733943552747,0.9929069982732694,-6.871041699724129,-5.097081747270755,-8.65644281883643,-9.5602,-0.6476000000000001,-9.0685942874448
2024-06-18 05:11:05,05:09:31.00,0.011741887238950357,-0.14083982522036328,0.9844214950303269,8.584571657317632,5.462847758213559,-2.6919848671176463,-7.32504,-0.16835999999999998,-11.646036934378285
2024-06-18 05:11:05,05:09:31.50,-0.0334102960434812,-0.07729613407892036,0.9903345494893027,6.578563117352633,7.144951599660102,8.82023088528402,-3.5277600000000002,3.26212,-10.571759389617723
2024-06-18 05:11:06,05:09:32.00,-0.09524901905979624,-0.0532056879507468,0.9979079375006624,-3.1955286257994184,1.9720562709209404,4.379655803993784,-3.39032,5.393759999999999,-5.917494198519875
2024-06-18 05:11:06,05:09:32.50,-0.08779467428862286,-0.018137550876417222,0.9966791622423635,1.3620618704137815,-4.738538261007229,0.8345753556025406,-3.0557999999999996,4.547680000000001,-5.221891115377093
2024-06-18 05:11:07,05:09:33.00,-0.02590991324367092,0.02775403128306047,1.006435770357371,5.915404087681961,-7.961312899871366,3.556693670499669,0.7223999999999999,0.60628,-3.7193609474056735
2024-06-18 05:11:07,05:09:33.50,-0.03986868620702186,-0.008972838564124836,1.0020471211484028,-9.15542038686861,6.119909795814021,-1.0823276838326132,-0.61364,1.3332,-3.5158055176679657
2024-06-18 05:11:08,05:09:34.00,-0.0938467221803655,-0.09894677176603135,0.9964804753835114,-13.243288154354738,8.190610048888868,4.060567560347716,-7.16408,6.1966,-2.2680432061996667
2024-06-18 05:11:08,05:09:34.50,-0.14031741756921268,-0.1930295021209506,0.9840969087828055,-4.537477736469442,0.31716744846455663,1.5004690510025747,-11.049079999999998,7.8990800000000005,-0.968099227569441
2024-06-18 05:11:09,05:09:35.00,-0.12328504887897457,-0.18639452400301443,0.9680841822337517,12.50671686432148,-6.12568593939583,2.4828575343946433,-8.886560000000001,6.551799999999999,-0.12204666590780888
2024-06-18 05:11:09,05:09:35.50,-0.0536666079978426,-0.017755596250409962,0.9868992417178625,13.685783894534675,-11.891487018055548,1.4982801519754978,-0.52748,1.42232,1.3860604725766204
2024-06-18 05:11:10,05:09:36.00,0.027573009329223224,0.06941745191097133,0.9976175827745266,3.900840865512361,1.2720022032934346,-3.3428061505136117,2.7132400000000003,-0.39128,0.9007704714992743
2024-06-18 05:11:10,05:09:36.50,-0.003634445963713704,0.09551382887911844,0.9981741025921231,-1.8854465040096269,4.623182679182677,-8.393796366503082,4.57272,1.16872,-2.3595721716653886
2024-06-18 05:11:11,05:09:37.00,-0.05113793554713742,0.056135149844381546,0.997314750419975,-5.427307611870035,5.138045363445635,-6.668772372831968,2.0144800000000003,3.69236,-6.057457151264051
2024-06-18 05:11:11,05:09:37.50,-0.0982415042050831,0.0033739248802273037,0.9941927648361469,-5.85346072558607,2.5931614931479436,-1.974299832069182,-0.8049599999999999,5.689679999999999,-8.439446349857663
2024-06-18 05:11:12,05:09:38.00,-0.11382081034065637,-0.02979025712897054,0.9926102833467232,-0.5517707336867241,-1.2968795650754499,12.035709328460982,-1.49668,5.88972,-5.08586004126727
2024-06-18 05:11:12,05:09:38.50,-0.10559337611975594,-0.021863956026249232,0.9951174427283425,0.5889848827275266,-2.682779901544324,2.5452676160116656,-1.2266,5.39636,-1.3244426477291495
2024-06-18 05:11:13,05:09:39.00,-0.07721195450784164,-0.00995790280596708,0.9972136892540768,-0.2466541455439023,-3.6244331566159524,14.312190973773562,-0.5442,3.76908,3.110518324734481
2024-06-18 05:11:13,05:09:39.50,-0.051229997446901446,-0.008469757971407697,0.9976256335873204,-2.4933160384507356,-1.3065262327445089,3.9150634687544095,-1.18472,2.8270800000000005,7.461861793745106
2024-06-18 05:11:14,05:09:40.00,-0.05066899516570435,-0.022061587247216782,0.9871828834016975,-2.6262243764057533,4.502097383814113,-1.1853132950943523,-2.24428,3.90856,8.262649322929342
2024-06-18 05:11:14,05:09:40.50,-0.07302732988782626,-0.010413929371384023,0.9998592518933626,7.087490767487204,-3.145084279545242,1.6383477489330363,-0.24051999999999998,3.83312,8.139928392827061
2024-06-18 05:11:15,05:09:41.00,-0.046028583305907346,0.03748494191573107,1.0072344180477497,4.556418023111918,-2.3730949078670753,0.16775544204765333,2.71992,2.13852,8.644120230036272
2024-06-18 05:11:15,05:09:41.50,-0.03757695343591737,0.06765283089901421,1.0045787738915022,-0.7808104201188258,2.421504664227899,0.8644270399362146,3.34648,2.53008,8.889025464061058
2024-06-18 05:11:16,05:09:42.00,-0.0628017800691899,0.062415104969752215,1.0011604353783188,-2.512520863980671,3.754388798138438,2.0005382255640134,2.7104399999999997,4.092,9.703261977610616
2024-06-18 05:11:16,05:09:42.50,-0.09545326666845501,0.04347686805477827,0.9978105740799137,-1.5447600251368923,2.063375149742366,1.7088101268762514,2.08036,5.4808,10.737758925727022
2024-06-18 05:11:17,05:09:43.00,-0.10973089018899591,0.032849055816272836,0.9958780448392477,-1.5366013104902458,-0.06504212921642022,1.2334891482753514,1.5782800000000001,5.938759999999999,11.579831557336384
2024-06-18 05:11:17,05:09:43.50,-0.11158288062563497,0.006424170560352224,0.9929165330829026,-5.3416943730567,-1.1287533935475604,-0.3708826112326263,-0.16451999999999997,5.82436,11.8443850167951
2024-06-18 05:11:18,05:09:44.00,-0.08979189449470994,-0.02061957175469307,0.9919036659373777,-1.9509934700751925,-2.9161589186077244,0.436221986099359,-2.47596,4.95364,11.605227283184183
2024-06-18 05:11:18,05:09:44.50,-0.05778169911320637,-0.014443682172576659,1.0011771487476009,3.5391658408653752,-3.4582882693458634,2.794223598148977,0.08216,2.6973199999999995,12.873966305967054
2024-06-18 05:11:19,05:09:45.00,-0.05856422351046794,-0.021277211301344603,0.9988278193392177,-4.6193371649259305,3.589295512192346,1.116819802459331,-1.56256,3.8322000000000003,13.761134476138011
2024-06-18 05:11:19,05:09:45.50,-0.08615442482546422,-0.05651431674028475,0.9955234042475961,-4.916207534526126,1.4195939603770638,-0.33404909976567765,-3.86808,4.9368,14.084440385355315
2024-06-18 05:11:20,05:09:46.00,-0.08909578145047568,-0.08656769649494007,0.9918064655908738,-2.234130224859506,-1.6067925712906048,1.1747448336258544,-5.47924,4.87812,14.227365760687617
2024-06-18 05:11:21,05:09:46.50,-0.07700779774802664,-0.09834473009764563,0.9922364466527581,0.7910426542643796,-1.9567352918410585,-0.2525508532480973,-5.455839999999999,3.908,14.76531258828491
2024-06-18 05:11:21,05:09:47.00,-0.08789001467004354,-0.13099040176445959,0.9913519924571907,-6.38087128610671,4.117089632116414,4.497418441785143,-7.256119999999999,5.0674,15.384412550977363
2024-06-18 05:11:22,05:09:47.50,-0.09342851882300472,-0.14207786726839125,0.9898684344676366,-1.9545496806195288,-1.341472155676529,3.445325754668984,-9.388679999999999,5.98968,17.795522629125923
2024-06-18 05:11:22,05:09:48.00,-0.06928614345687209,-0.11381823356294575,0.9861478954071434,6.800947140175087,-6.816337885142704,-0.5964861312547793,-7.00096,3.5569599999999997,18.815362768758927
2024-06-18 05:11:23,05:09:48.50,-0.021421285125599557,-0.04263327550638762,0.9989482071172036,8.306849543388541,-5.6179632309107355,-7.859659103502358,-2.15748,0.04963999999999999,16.267098008422618
2024-06-18 05:11:23,05:09:49.00,0.007090746714674232,-0.01474370468614402,1.0016461845289613,0.5234133488213992,4.068705002496734,-4.968168282809597,-0.58668,0.235,13.177071664643815
2024-06-18 05:11:24,05:09:49.50,-0.04504078406542843,-0.0160556136091058,0.9991631033479831,-5.197151145860387,8.152772467465539,0.4973751038469571,-1.7954400000000001,3.3944400000000003,11.972877807775987
2024-06-18 05:11:24,05:09:50.00,-0.14180971226486844,-0.05156908397872157,0.9941579929020947,-4.297752541462991,7.436849801194321,9.721524387081478,-4.037,8.36644,15.113160677507688
2024-06-18 05:11:25,05:09:50.50,-0.17549658721742734,-0.08049974541227628,0.9897926153395434,-1.3134817294294598,-2.931488077575898,1.7149122274685897,-4.498,8.89296,18.016498677711624
2024-06-18 05:11:25,05:09:51.00,-0.14223936723920994,-0.07889384014676684,0.9873126867193288,-1.1212131386782567,-2.372033146519527,0.5416481339856799,-4.9435199999999995,7.86148,18.37312391855183
2024-06-18 05:11:26,05:09:51.50,-0.09207210149212117,-0.08550840687535391,0.9913868480318365,-1.3483257670929802,-5.804925259143451,3.047100763183461,-5.40692,5.38692,19.431576807172053
2024-06-18 05:11:26,05:09:52.00,-0.06586423856145424,-0.08361175083275545,0.9901045859441123,2.8521163339845135,-4.446543675436955,-2.7525834939476166,-4.78928,2.95204,20.071027287939234
2024-06-18 05:11:27,05:09:52.50,-0.035209848349337575,-0.047661109869354866,0.9973844536703905,2.6239235180078855,-1.0922736872423044,-3.8793263661871795,-2.91856,2.11952,17.63728484239105
2024-06-18 05:11:27,05:09:53.00,-0.010079500006869937,-0.02956202514953189,0.9991217556001483,1.322347639316003,-2.821905953163774,0.6775848171078329,-2.00584,0.47652,17.096720545912973
2024-06-18 05:11:28,05:09:53.50,0.00040067002289649085,-0.014123096112548993,0.9997631238662515,1.168230007478651,1.6921479771196233,1.5179283239227388,-1.21356,0.35112000000000004,17.82151459993132
2024-06-18 05:11:28,05:09:54.00,-0.019804625907756338,-0.005260844553768672,0.9988495815850404,-0.8927839876038606,4.163532809852508,0.9962525947972434,-0.9044,1.87208,18.541439942846957
2024-06-18 05:11:29,05:09:54.50,-0.058909869989695274,-0.008550795282635531,0.9982419901099315,-1.2575432566820286,3.4331728513360047,0.32311167785974604,-1.20888,3.71344,18.92023318789531
2024-06-18 05:11:29,05:09:55.00,-0.07128116331500395,0.00348880800741238,0.9957770916795414,3.0068415844093637,-2.2023809724383248,2.769377829676433,-0.62208,4.11592,19.43097232181565
2024-06-18 05:11:30,05:09:55.50,-0.05836887754714,0.01881511917049957,1.0060674460315737,3.3697803491132032,-5.51825293172337,0.40107219296792207,2.08908,1.46036,20.77744686064958
2024-06-18 05:11:30,05:09:56.00,-0.025062839227795154,0.03868161526195259,0.9996681315724234,-2.2807799381297973,2.8658769776175244,-2.347976094239678,1.7366,1.85856,20.14482590856544
2024-06-18 05:11:31,05:09:56.50,-0.05245995478060236,-0.0058896643327666365,0.9982893190022805,-9.430891341788227,3.619849499501141,0.42404180636989397,-1.17656,3.7118400000000005,19.479542197265715
2024-06-18 05:11:31,05:09:57.00,-0.0747306401497716,-0.09469025155906988,0.9963557262448558,-9.102345148897259,-0.2056581572735084,-0.7343991080729202,-6.6838,4.075,19.770052281571694
2024-06-18 05:11:32,05:09:57.50,-0.06116295899220672,-0.08961757334312484,0.9884066189383511,6.249082875510035,-2.4987923618408514,-4.485871026365096,-6.3174,3.22824,17.174418830169785
2024-06-18 05:11:32,05:09:58.00,-0.04932851871507814,-0.07022812816364056,1.0033223332443328,5.7177194459234855,-2.968717808581393,6.618688115259582,-2.08732,1.78252,19.441530673972988
2024-06-18 05:11:33,05:09:58.50,-0.030255060413641746,-0.021417732551456226,0.9988411760041683,0.4516556346903758,0.5010987297390184,2.883638129032784,-1.38484,1.6322,21.663337257698604
2024-06-18 05:11:33,05:09:59.00,-0.028094490996017952,0.005867394742923796,0.9987546029379615,2.4519398850681147,2.269164050711318,2.9879615069414776,-0.76676,2.75356,22.73534182778143
2024-06-18 05:11:34,05:09:59.50,-0.0489364265734852,0.031724976512221226,1.008292872552461,3.2669544985076184,-1.4482717674870509,3.693600487817262,2.3380799999999997,1.88316,24.95229313962051
2024-06-18 05:11:34,05:10:00.00,-0.04979699166100275,0.02396250923418942,0.9972408409428339,-6.217646280915545,3.774355073431892,-4.357781671328522,0.6537999999999999,3.28988,25.260857669666017
2024-06-18 05:11:35,05:10:00.50,-0.05852491011812737,-0.026214334925761792,0.9917283216122705,-4.654491125087021,3.1922832390431175,-10.264497384428363,-2.8026400000000002,4.61228,20.041119032510878
2024-06-18 05:11:35,05:10:01.00,-0.11767094751755708,-0.06480930924668982,0.993609629742936,0.41749311320655225,0.7699931743455134,1.8840659285311272,-3.2357600000000004,5.57832,18.695982432546305
2024-06-18 05:11:36,05:10:01.50,-0.1523861215822006,-0.045436496182766656,0.9859100702933938,-1.142093834865141,4.449192622214019,12.615743614602797,-2.7244,7.77304,23.094770151280272
2024-06-18 05:11:36,05:10:02.00,-0.1734039442529908,-0.04665147353292192,0.9924133449524555,-2.160227950418192,0.0047138914238967185,5.247997559029041,-2.8585200000000004,9.6432,27.856609608235384
2024-06-18 05:11:37,05:10:02.50,-0.16256490587932906,-0.06461818237390907,0.9901041617851566,-4.177252065464006,-3.5238035392191813,-2.422797760597427,-4.627,8.52332,27.946789921766086
2024-06-18 05:11:37,05:10:03.00,-0.12766933772158004,-0.09200973494643526,0.987251468613001,-2.0674928962209065,-2.270351005635646,-0.8135599286301951,-5.99112,7.20944,27.15353591974411
2024-06-18 05:11:38,05:10:03.50,-0.10257173896938315,-0.10909291821301036,0.9917117165885801,-2.0773007306844447,-4.955516285685597,1.2165373518921425,-6.703200000000001,5.32208,27.358905076727364
2024-06-18 05:11:38,05:10:04.00,-0.057556916628292744,-0.11865303110585648,0.9875284345170765,0.6772029257804442,-4.424601804432234,0.38709332502762445,-6.80292,3.04424,27.88571024358463
2024-06-18 05:11:39,05:10:04.50,-0.02351235807450228,-0.10333155262556729,0.9910881874712187,3.1337268382825063,-1.578252767323101,0.5189766842880124,-5.804639999999999,1.56776,28.188751436268078
2024-06-18 05:11:39,05:10:05.00,-0.01031171603907882,-0.0722672927600741,0.9969046982993148,2.3838510946752516,-0.972242674336859,-0.031303586974338604,-4.20832,0.8759600000000001,28.375639396035627
2024-06-18 05:11:40,05:10:05.50,-0.004846216450913668,-0.04854164973497409,0.9992193939118452,1.3292278851693726,1.3863120134330964,-0.6129148291849819,-3.1744,0.76052,28.231741782567
2024-06-18 05:11:40,05:10:06.00,-0.023562965040222227,-0.03441250257558241,1.0012039027863349,1.1740600408263442,3.826914602751953,0.3306706006140718,-2.30444,2.0324,28.12214165534902
2024-06-18 05:11:41,05:10:06.50,-0.05958772507454057,-0.016565412027009133,1.00119562143887,2.393496057573701,3.4608483755382635,0.7859381461080212,-1.04592,3.858,28.65773482075068
2024-06-18 05:11:41,05:10:07.00,-0.08969167320306738,0.000417318907975912,0.9985647868115696,0.645501058666708,1.761648937227422,0.7657342453982232,-0.36888,5.11432,28.978918240284646
2024-06-18 05:11:42,05:10:07.50,-0.100989633195252,0.014974499450079792,0.9966783489898557,0.5695395862808073,-0.46639452332484455,1.1576097603866646,0.42056,5.37552,29.614019314876362
2024-06-18 05:11:42,05:10:08.00,-0.09487650107321682,0.015918436454129836,0.9968036518750182,-1.3797030099580367,-2.68134076612539,-0.34371920855287164,0.29047999999999996,4.821000000000001,29.86337747096803
2024-06-18 05:11:43,05:10:08.50,-0.05556639669689136,0.00156410192357334,0.9989638375692033,-2.2458895221607293,-4.618105290296206,-0.1655365128005531,-0.42912,3.06012,29.704121744020394
2024-06-18 05:11:43,05:10:09.00,-0.009523182296615673,-0.021452458212469785,0.9968082914604701,-2.1115859661020675,-4.098795501374897,1.1723441226025875,-1.59364,0.30196,30.007442670186496
2024-06-18 05:11:44,05:10:09.50,0.007828157029557019,-0.021950071319197077,0.9959876393605547,0.9843348524683683,2.123916501722221,3.065947249882772,-1.4199199999999998,0.16899999999999998,31.480346962910467
2024-06-18 05:11:44,05:10:10.00,-0.022939761821639232,-0.01738801811815164,0.9976795211326186,0.6312181200931483,4.126986269650785,-0.3680786080600301,-1.0196800000000001,1.8283600000000002,31.9836695793202
2024-06-18 05:11:45,05:10:10.50,-0.05026177491624861,-0.004582217597355312,1.0003224237533623,2.7230380054913876,0.4526844187531927,-2.206111679406249,-0.15336,3.2364800000000002,31.900433402421413
2024-06-18 05:11:45,05:10:11.00,-0.037639835188796565,0.009834956130641623,0.9995725943970142,2.1352415163390805,-2.5208172285763886,0.6273298615182062,0.87488,1.99088,30.262186128280582
2024-06-18 05:11:46,05:10:11.50,-0.04079330285208848,0.03386748826986694,1.004670384334112,-7.103245825781169,1.2351471299043906,-0.0628250950614957,0.1484,1.45184,31.696163190194262
2024-06-18 05:11:46,05:10:12.00,-0.06702527381660589,-0.042776057432506,0.9976794859894776,-9.792951180499779,5.0855030765080125,2.243844347070004,-3.79,4.208600000000001,30.86170790826928
2024-06-18 05:11:47,05:10:12.50,-0.1098670279034013,-0.15506975267422807,0.991211316893816,-15.15390900573252,0.30713267342538325,5.020060779439863,-10.85248,6.06296,34.16442972260458
2024-06-18 05:11:47,05:10:13.00,-0.09247437262666267,-0.23136269885147828,0.9702752081644584,-0.2566129391909256,0.27996602320691627,-4.069232643698916,-13.0754,5.56976,34.020460983590354
2024-06-18 05:11:48,05:10:13.50,-0.07321923276515509,-0.23453723886100117,0.9663800039667895,6.595718323191161,-1.8157885969552066,-3.3420539383811594,-12.0362,4.24508,31.92463558084713
2024-06-18 05:11:48,05:10:14.00,-0.07385667438568835,-0.16853799470787323,0.9841433829888282,10.774561011108307,-1.4512591209704677,1.8589790776018376,-7.74568,3.7456400000000003,31.96075843569442
2024-06-18 05:11:49,05:10:14.50,-0.07739865471796455,-0.05010080021916266,0.9964808356748993,11.581899114861699,-1.9395975512207053,-0.11042414608667375,-2.21752,3.03876,32.48220760241124
2024-06-18 05:11:49,05:10:15.00,-0.060346910690311416,0.0509588785140398,0.9974545745510095,5.6106923564027715,-2.138353313595963,3.473074691094989,2.54796,2.7704000000000004,32.90088286005907
2024-06-18 05:11:50,05:10:15.50,-0.019795942569175884,0.06774227249842696,0.9951704795598338,-3.619186238745345,0.3537352077681159,3.170239828393067,2.6801999999999997,1.71976,35.66705624177063
2024-06-18 05:11:50,05:10:16.00,-0.06235985340935873,0.07132638452288943,1.0004233889912044,-1.8901125669095657,6.444353285812458,-4.616476556077516,2.27264,3.99596,34.674815398168064
2024-06-18 05:11:51,05:10:16.50,-0.10624794125513556,0.04442381534331354,0.9881342644352761,-0.7336300252045698,0.7689187697221256,-1.1040600133266922,1.99376,5.6304,33.23354755938579
2024-06-18 05:11:51,05:10:17.00,-0.10875484073697292,0.0375502952519466,0.9938883564928941,-1.177413461638789,-1.2666840928421226,1.2622045792335728,1.66248,5.49652,33.330021708077716
2024-06-18 05:11:52,05:10:17.50,-0.09433724484209231,0.02804288474993806,0.9934255672617957,-2.0447660183309533,-1.305965233746152,3.6770280482398983,1.30304,4.95084,34.72037604241847
2024-06-18 05:11:52,05:10:18.00,-0.08380942175339802,0.02003578998937799,0.9956551576669205,-2.0175023147392945,-0.25216389747257983,4.147852945376079,0.66836,4.734,36.76698267735781
2024-06-18 05:11:53,05:10:18.50,-0.0799900175886253,0.00861664597545634,1.0004617520200794,-8.836161056040208,-0.7939400256354929,7.263955383981584,-1.92072,4.33868,39.905365663905584
2024-06-18 05:11:53,05:10:19.00,-0.07652293366963224,-0.05759720560272042,0.9948070925748504,0.7096679511320266,0.20948326396538836,-0.3868785015615087,-2.8226,4.3684,41.59330867471012
2024-06-18 05:11:54,05:10:19.50,-0.07670361987479621,-0.05502943898911574,0.9957569394919819,4.676311569082531,0.13810306461396032,-1.7696879087951214,-1.8481200000000002,4.46056,40.94357163709088
2024-06-18 05:11:54,05:10:20.00,-0.07974981453035512,-0.0079112162816529,0.9987969142146974,5.002874173540775,0.6369192349808542,-1.3052987416032054,0.40543999999999997,4.64532,40.21935316115544
2024-06-18 05:11:55,05:10:20.50,-0.08979819346372539,0.03003389636403431,0.9997596786885761,-0.8757186080797486,1.9277969237476464,-0.14488109350269807,1.22824,5.334239999999999,39.90783716576055
2024-06-18 05:11:56,05:10:21.00,-0.10691101895047157,0.019020958288412593,1.0001904865335696,-3.912352637095878,1.0392917597763272,1.4565164589256625,0.0254,6.1402,40.301313216262685
2024-06-18 05:11:56,05:10:21.50,-0.11397826568938464,-0.011723700611785648,0.996929459091289,-3.235270665817804,-1.058147284483734,1.6774306840950275,-1.3572,6.124840000000001,41.26456355951058
2024-06-18 05:11:57,05:10:22.00,-0.10283645285399594,-0.03324620877381741,0.9946108825685446,-0.8314885680288054,-1.5956557156212026,1.1815715840275525,-2.1565600000000003,5.527200000000001,41.95401238858677
2024-06-18 05:11:57,05:10:22.50,-0.09003823239154478,-0.03317655837934442,0.9933914403494478,0.4192997069747617,-2.012136372589736,2.2661599521437488,-1.8894399999999998,4.76512,42.81764780636808
2024-06-18 05:11:58,05:10:23.00,-0.07224171983788394,-0.021550064182227106,0.9970907627973543,-0.9424027755447922,-2.03595576936463,2.186893604354843,-1.91536,3.8037599999999996,44.28901520719536
2024-06-18 05:11:58,05:10:23.50,-0.04819784201782028,0.016820020563976055,0.9959302093497727,8.277913279273351,-1.538031001066795,2.4752398655556993,0.55324,3.06,45.73041955600645
2024-06-18 05:11:59,05:10:24.00,-0.048241034161852464,0.04961176694550228,1.0049790612903289,1.9113340310556988,0.3211487760252558,-1.0039218179388782,3.59352,2.58736,45.72877068580845
2024-06-18 05:11:59,05:10:24.50,-0.05450526296263049,0.07832444319720964,0.9942572132279682,-0.5479226226299244,1.715109585474495,0.410387414108304,3.5888799999999996,3.4407200000000002,45.58790203825469
2024-06-18 05:12:00,05:10:25.00,-0.06850648595353005,0.04048390606764807,1.0009404678405212,-6.472490958257809,0.4349505438203143,0.30505671831606224,1.77364,3.8680000000000003,45.869847083443055
2024-06-18 05:12:00,05:10:25.50,-0.07006550891160765,-0.008326589568029764,0.9942552039774448,-7.84200317733724,-0.9252197753568417,-1.3922180891216152,-1.6136,3.7661599999999997,46.06219791444372
2024-06-18 05:12:01,05:10:26.00,-0.05845068795225679,-0.0786203853979349,0.9926701026446765,-5.211251925642846,-0.8393729732387419,-29.269700331909767,-5.41476,2.70776,38.602036617005886
2024-06-18 05:12:01,05:10:26.50,-0.026984337123156187,-0.11427648616343639,0.9921420963852801,1.3051241450091158,0.5178333023320483,-25.506416579567652,-6.521,1.19564,23.35788041808098
2024-06-18 05:12:02,05:10:27.00,-0.02247653344519489,-0.09132061814581624,0.9959689241930121,5.023900376793652,4.449394326913388,-12.453159817272732,-4.57092,1.838,15.478229503083185
2024-06-18 05:12:02,05:10:27.50,-0.05536167784460025,-0.055802795237503554,0.9844035389787174,1.545616980612338,5.523575577105111,-33.682895601139414,-3.51488,3.45924,3.1618134586200846
2024-06-18 05:12:03,05:10:28.00,-0.0896402368552092,-0.0658387639768714,0.9970434803771684,-0.4518927522442058,1.244672984616722,-22.72733887551271,-4.73804,4.47144,-11.567463144507661
2024-06-18 05:12:03,05:10:28.50,-0.08560358106594979,-0.07209583268814816,0.9975874194771585,3.6385672658650874,-1.5656773790742884,-5.946467058404738,-4.01512,4.10964,-18.142364070920628
2024-06-18 05:12:04,05:10:29.00,-0.06680076584539889,-0.03697867771659873,1.0014482569906107,2.5268205495890212,-2.928334151031773,2.725572243968861,-2.306,3.02188,-18.635702972766488
2024-06-18 05:12:04,05:10:29.50,-0.0481108219170541,-0.009515330874068808,1.0032720360605498,0.8137573253365248,-0.1869021768987316,10.371414595525744,-1.23104,2.6479200000000005,-14.82959892982647
2024-06-18 05:12:05,05:10:30.00,-0.05101692261888423,0.008078507874301583,1.0037313016491922,2.8744110078239062,-0.07810706012513063,3.0744164356929087,0.30548000000000003,2.82068,-11.346893901476829
2024-06-18 05:12:05,05:10:30.50,-0.047554127478697035,0.030530582416926598,1.0032096394459147,0.49024864229486903,-0.1298440951123629,0.5646400441450521,1.3728,2.6694799999999996,-10.506318921895906
2024-06-18 05:12:06,05:10:31.00,-0.04665969044721724,0.03250981613449264,1.000069051109377,-1.6545120555202306,-1.931559432877329,-20.00780229652223,0.9534,2.39804,-14.782315425514932
2024-06-18 05:12:06,05:10:31.50,-0.03408824047694457,0.01235500032425091,1.0005946320412213,-1.1338394183248375,0.9731404335598826,-4.800837699904484,0.20236,2.07696,-22.660574518480434
2024-06-18 05:12:07,05:10:32.00,-0.04878010128851393,0.005754793688004804,0.9973343502554336,-0.6303149049193749,1.4346104180966301,5.167535398733633,0.07992,2.97168,-21.357542884170524
2024-06-18 05:12:07,05:10:32.50,-0.06174372565948069,0.000984737236861944,0.9966680417337961,-2.1768584854981303,0.5097309337433049,2.314907570172716,-0.39864,3.4112400000000003,-19.27761719551465
2024-06-18 05:12:08,05:10:33.00,-0.06490541486148768,-0.016022687405247153,0.9959189697924387,-2.639594710370836,-0.07799151763832739,-0.5241529224935273,-1.56428,3.54488,-18.992828205523118
2024-06-18 05:12:08,05:10:33.50,-0.06241922131433993,-0.03958478009785827,0.9970672232919802,-1.5233147499385356,-0.5361950177128348,0.11292107407501828,-2.6368400000000003,3.3257600000000003,-19.036211671497206
2024-06-18 05:12:09,05:10:34.00,-0.05865977704747519,-0.048458407252187516,0.9974134467752428,0.1809496790565063,-0.08547020259790936,0.7793138975352346,-2.85132,3.30952,-18.724208883961413
2024-06-18 05:12:10,05:10:34.50,-0.05455174052475668,-0.041444384478002354,1.0005543889448107,0.08485114195469431,-0.6359604931083538,-9.535380911245229,-2.6370799999999996,2.81316,-21.298467102168956
2024-06-18 05:12:11,05:10:35.00,-0.05295314390209439,-0.04322146907121566,0.9888821774692579,-0.5475849241655139,1.5190002385750838,-9.981818433534805,-2.8252800000000002,3.16572,-26.201172675360294
2024-06-18 05:12:11,05:10:35.50,-0.06516039764621515,-0.07205106351219154,0.9917201909316214,-5.237982948922548,0.4158853510441755,-2.7325444553876697,-5.33456,3.64896,-28.94367069500864
2024-06-18 05:12:12,05:10:36.00,-0.06710880902922634,-0.10994852925223085,0.9944645733656091,2.63441352144099,-1.1764293443365397,1.4511268815566094,-5.85804,3.4848000000000003,-29.146938902400276
2024-06-18 05:12:13,05:10:36.50,-0.05123500897638533,-0.050799748525007536,1.0025505672171644,3.61846442373141,-1.5553700865832878,1.7035322262773047,-2.5983199999999997,2.52528,-28.127426491318776
2024-06-18 05:12:14,05:10:37.00,-0.042010092817235306,-0.01158884884806056,1.00463327213263,0.9501516328706704,0.24321628347248342,0.10208800510163663,-1.14596,2.34044,-27.683390792544074
2024-06-18 05:12:14,05:10:37.50,-0.04890839163904267,-0.0007661359827683351,1.0042228059649292,-1.1893719639587181,0.29643499689075475,0.19820449356538955,-0.7322799999999999,2.7439999999999998,-27.602296588716513
2024-06-18 05:12:15,05:10:38.00,-0.05195884984091238,-0.013900827257830902,1.0007336238520357,-2.3858466489844554,-0.05456190072995896,0.5362382503227058,-1.47888,2.84176,-27.28156626382609
2024-06-18 05:12:15,05:10:38.50,-0.05077719059152752,-0.045744045010082945,0.9991505357389302,-3.12032554163705,-0.2107734275907939,0.7121213137642297,-2.8962,2.8533999999999997,-26.945329966096452
2024-06-18 05:12:16,05:10:39.00,-0.04327941541030575,-0.07651460933441011,0.9943786850869466,-4.299996471116222,-1.2113253696661446,-0.4949603603756351,-4.50112,2.53176,-26.682015965193436
2024-06-18 05:12:16,05:10:39.50,-0.01590532346290545,-0.1355033448466753,0.9885170508747086,-7.487189101468805,-2.9456407955124564,-5.3334301940860245,-8.33932,0.69876,-28.3066982116253
2024-06-18 05:12:17,05:10:40.00,0.00043852938999311197,-0.16989972050013474,0.9882035663868214,-2.078233836226646,-1.312155523797679,-0.07822660516530842,-10.19556,-0.19984000000000002,-29.674209654673486
2024-06-18 05:12:17,05:10:40.50,-0.006425873987687288,-0.15095978065185206,0.9857603813227823,5.394499582689564,2.5367017196739847,-1.091072188061569,-8.78228,0.22556,-29.753536596123812
2024-06-18 05:12:18,05:10:41.00,-0.025094097608420126,-0.10579012198718182,0.9905660567864782,6.486568918093161,2.035218116278637,2.8070576836982117,-5.38224,1.60296,-29.33717098534232
2024-06-18 05:12:18,05:10:41.50,-0.04995149304027038,-0.05612420399832442,0.9974683364071864,1.2829979282731225,4.175644404647609,2.791036066649879,-3.56044,3.24608,-27.737734057022102
2024-06-18 05:12:19,05:10:42.00,-0.08768479524866306,-0.04983270117235811,0.9974927699807707,-3.849381721319568,3.7234813956837174,1.6136075645557408,-4.072559999999999,5.39072,-26.522457281517454
2024-06-18 05:12:19,05:10:42.50,-0.11589990572759666,-0.08658946191598943,0.9948447393638511,-3.9314452437232967,-0.6909131635502271,-0.3299624591975138,-5.87096,6.132999999999999,-26.213371618637765
2024-06-18 05:12:20,05:10:43.00,-0.10345937711945051,-0.12533388927682684,0.9903740969415803,-4.393277723358671,-3.6499794673652404,-0.27758240325372,-7.70548,5.00364,-26.364738911829278
2024-06-18 05:12:20,05:10:43.50,-0.07086566078485854,-0.15441382134070025,0.9897984470311131,-3.572458773244066,-2.7733138596612035,-0.25189799795438966,-9.62808,3.56972,-26.428298700592983
2024-06-18 05:12:21,05:10:44.00,-0.04984785678618466,-0.16859547429289812,0.9840395482170412,2.538786392587151,0.8630991000247819,0.5530299668146064,-9.50364,3.23804,-26.32664515705507
2024-06-18 05:12:21,05:10:44.50,-0.06055498532734881,-0.1322316446248761,0.9831685105080993,8.325977293526565,0.47094905987496444,1.4540014215269543,-6.578239999999999,3.73,-25.661362413019912
2024-06-18 05:12:22,05:10:45.00,-0.06246711474013795,-0.04362254156895315,0.9941758330928174,10.623056301206027,-2.5506032731988295,0.38221228854502143,-1.7905600000000002,3.0218000000000003,-25.19782618434046
2024-06-18 05:12:22,05:10:45.50,-0.044130645993242686,0.05397191509391334,0.9974828631103065,6.495878990314036,-2.506280417301332,-0.480989113991587,3.09924,1.8422399999999999,-25.06287468501677
2024-06-18 05:12:23,05:10:46.00,-0.03438551941449374,0.06995815567107827,0.9973567348389283,-4.644801901856883,3.0620440673373537,0.004083022557111344,2.8,2.39796,-25.167209336480845
2024-06-18 05:12:23,05:10:46.50,-0.05743098721881906,0.05378479775115132,1.0013620595550956,-6.749682512652063,2.5541288529963815,3.604996780329074,0.84592,3.8059600000000002,-24.78288080562404
2024-06-18 05:12:24,05:10:47.00,-0.08800737607711079,-0.009363077293316997,0.9971077229361659,-6.189534870425795,2.6738530101975972,-6.334837379787436,-2.19916,4.70576,-24.03960945145475
2024-06-18 05:12:24,05:10:47.50,-0.12802511449515075,-0.08129139246504621,0.9922398032777348,-9.094791130537992,3.1213464547030445,1.8389822274430525,-5.60448,6.648479999999999,-26.955990053518452
2024-06-18 05:12:25,05:10:48.00,-0.1434120631866182,-0.15126099985553954,0.9862857461560176,-4.566287951279552,0.485948200962561,5.352666909356817,-8.84868,8.192,-23.68925638403113
2024-06-18 05:12:25,05:10:48.50,-0.11748849940487725,-0.1498032814169999,0.9751165656871764,8.662533723303008,-4.315478238358113,4.143428452017706,-7.21972,7.08736,-21.697716430271935
2024-06-18 05:12:26,05:10:49.00,-0.09111510501622616,-0.05557995547195084,0.9905240846713248,12.55522025484531,-6.001608057963604,1.0011803814614018,-1.44388,4.41652,-20.05536945867412
2024-06-18 05:12:26,05:10:49.50,-0.051931072480634735,0.04342544695811221,0.9955174101803028,6.099619619200443,-4.722509587661303,-3.886584365185276,2.9127199999999998,1.99444,-20.750574186753003
2024-06-18 05:12:27,05:10:50.00,-0.03738653834746723,0.07333576298613428,0.9971669367191426,-3.6488664655923326,4.286671616657755,-4.288769075219696,3.01484,2.70324,-23.18279937728852
2024-06-18 05:12:27,05:10:50.50,-0.058988998004769956,0.06242620156710989,1.0029588895737873,-5.26561096116121,2.580316429906936,-0.6787680189413169,1.4143999999999999,4.93568,-24.18118671356527
2024-06-18 05:12:28,05:10:51.00,-0.08724775885323374,0.004296072829382468,0.9963379121362185,-5.3872283268087635,0.4142079824487791,-0.7007602906289907,-0.4654,5.4324,-24.369941760949388
2024-06-18 05:12:28,05:10:51.50,-0.088579218534298,-0.07020727339417171,0.9953744022538419,-8.69104178785321,-2.040315910713856,-1.1448157410848523,-4.552440000000001,4.8469999999999995,-24.93813268143263
2024-06-18 05:12:29,05:10:52.00,-0.06707744546904007,-0.094283174696601,0.9961966349056733,-1.4433005296862924,-0.25071825569376294,1.3955131119259858,-6.35792,4.18164,-24.66683999493845
2024-06-18 05:12:30,05:10:52.50,-0.05935905736583111,-0.12062002036626168,0.9874821112936778,0.9211385421514794,-0.30333527456046694,-3.930192930211058,-6.48236,3.8319600000000005,-25.29743780429777
2024-06-18 05:12:30,05:10:53.00,-0.09085342874026966,-0.1141043723157885,0.9919348478056818,-0.7988617743345436,2.581106418353107,8.018951000130052,-5.85296,4.57432,-24.40747786459786
2024-06-18 05:12:31,05:10:53.50,-0.11450477642971146,-0.112879845097533,0.9926795322795157,1.1917637900628526,2.0323789697277497,3.309175892907396,-6.6164,6.8156799999999995,-21.117833249991474
2024-06-18 05:12:31,05:10:54.00,-0.0976275756569225,-0.0664177102253662,0.9949163317251276,8.500567558004372,-3.6581883969553486,0.32362125856593166,-3.1576400000000002,5.615360000000001,-19.829020514488022
2024-06-18 05:12:32,05:10:54.50,-0.09354920544013438,-0.002792302986754348,0.9921854856871495,6.035165172574642,-1.772991582990852,-7.881849780308555,0.23768,4.494800000000001,-22.80193409327328
2024-06-18 05:12:32,05:10:55.00,-0.06662797572959818,0.05291692372306576,0.9981418955208077,2.431410871630111,-1.5046839903121543,-0.8742499922167406,2.24028,3.93764,-24.320455269053465
2024-06-18 05:12:33,05:10:55.50,-0.05868845339002392,0.07608692123976908,0.997146358175919,1.2427899095484571,-0.47227462915836327,0.011929132620772638,3.5444,3.3186,-24.521548509052842
2024-06-18 05:12:33,05:10:56.00,-0.05973607528994025,0.09683270756242067,0.9962999278914925,0.4490192474875009,-0.6386295192399283,2.500107764797159,4.38396,2.99308,-23.586816781110624
2024-06-18 05:12:34,05:10:56.50,-0.07085808270947334,0.1251461531745365,0.9914191049144674,2.2807954789542197,2.947452273731961,-1.9853802692851428,6.0565999999999995,4.06356,-23.576838238807746
2024-06-18 05:12:34,05:10:57.00,-0.0837710012668056,0.11782657581047942,0.9928738149637374,2.2436238896765768,0.6698547747516149,0.5463792500574666,7.4324,4.91852,-23.861330179425487
2024-06-18 05:12:35,05:10:57.50,-0.09106990235219216,0.12829655372195434,0.9852209503802893,-4.2735765367957805,-0.0818287765313514,0.4373599270705315,6.695359999999999,4.961,-23.524774239139038
2024-06-18 05:12:35,05:10:58.00,-0.08958050912020088,0.08378971510705734,0.9909287863428792,-8.697556433760274,-0.2548745267205972,0.4854212483938361,3.3674,5.0328,-23.22152917058466
2024-06-18 05:12:36,05:10:58.50,-0.08464116628320324,0.014473146089771047,0.9958517626737796,-7.625212460150312,-0.9865762909751221,0.18754264894850084,-0.26192,4.66916,-23.018264724766894
2024-06-18 05:12:36,05:10:59.00,-0.07526015036212709,-0.048196446155193924,0.9927942060399905,-4.464143004571429,-0.5688528370381976,0.09864526523980728,-3.13416,4.30096,-22.880930828901175
2024-06-18 05:12:37,05:10:59.50,-0.06285127719124577,-0.0741104011187689,0.9939093681020704,0.38189348634815823,-1.809185575991573,1.2445146922480803,-3.9294,3.70052,-22.53609513784311
2024-06-18 05:12:37,05:11:00.00,-0.02221125624215068,-0.05331840295035261,1.000179872497148,5.503873462433277,-7.505784067217999,1.690515748135151,-2.2974799999999997,1.02408,-21.618011587540774
2024-06-18 05:12:38,05:11:00.50,0.0040213610702224175,-0.034157272486268264,1.0094015822914384,0.2886166907014005,-2.3705497454524007,1.6408309275314554,-1.15512,-1.46788,-20.907612918515937
2024-06-18 05:12:38,05:11:01.00,-0.002639805267320996,-0.006859487603769092,0.9976750882253388,2.6399733794679725,6.19504828868651,2.379185694458706,-0.5548000000000001,0.48344000000000004,-19.610738002526258
2024-06-18 05:12:39,05:11:01.50,-0.03040054583728531,-0.022707746660129452,1.0026714594363946,-6.825991806658753,4.8363984363614385,-1.868863028292503,-1.6449200000000002,3.2174400000000003,-18.705462986829335
2024-06-18 05:12:39,05:11:02.00,-0.04296735456918574,-0.10781234556225265,0.9884782486578153,-12.351573186072839,-4.226602154745718,-9.822526559753298,-7.45588,2.25272,-22.862139668908526
2024-06-18 05:12:40,05:11:02.50,-0.019611293867312425,-0.2170505415501363,0.9875154227961846,-9.05608611265285,-3.6676749531092203,2.3351184799555065,-12.96588,-0.11344000000000001,-24.80599408007697
2024-06-18 05:12:40,05:11:03.00,-0.01648657288794221,-0.22210152180675,0.9708735638187211,6.68136291879331,3.884769701439077,5.262675665269114,-13.11484,1.53016,-21.975803969023573
2024-06-18 05:12:41,05:11:03.50,-0.05276008097655673,-0.13820082320640092,0.9823117655542124,16.026088732981748,2.7059682198149515,1.5162757878518687,-5.851839999999999,3.40104,-20.39381013501661
2024-06-18 05:12:41,05:11:04.00,-0.06088446736154163,-0.026111840365450268,0.9970160862440934,5.457393508409414,-2.515390426958134,1.1597637879220348,-0.43608,3.11928,-19.554050084338975
2024-06-18 05:12:42,05:11:04.50,-0.03668705329260951,-0.018237024256952897,1.0043992201942538,-10.195952032410215,-2.385474075113316,-5.56194728311712,-3.2532,1.2704,-21.202837481101746
2024-06-18 05:12:42,05:11:05.00,-0.08704649326871468,-0.1067868967064702,1.002476019009996,-10.152383928216702,3.0992347616572835,1.751893876016066,-7.82692,3.68812,-21.200200146465548
2024-06-18 05:12:43,05:11:05.50,-0.08226831048665396,-0.17977558366775792,0.9898937110509087,-2.5377429057014327,5.196587732179836,8.117222227539617,-10.6614,5.44468,-19.510325525744303
2024-06-18 05:12:43,05:11:06.00,-0.12357141135339045,-0.13661200503031126,0.9706903915325996,20.951761589349157,-0.5262616787007969,9.458945772765366,-4.71928,7.74876,-14.200970822345996
2024-06-18 05:12:44,05:11:06.50,-0.11204359596588938,0.056010975148364374,0.9752699206359468,17.13440585645767,-6.473574846709596,2.5964580601034366,5.3131200000000005,5.33532,-11.55747101881416
2024-06-18 05:12:44,05:11:07.00,-0.058204566310775786,0.2542708475648821,0.9751446323600714,6.54776709108285,-1.8843027369087448,-13.335768688257094,11.27872,3.67192,-14.39380405670211
2024-06-18 05:12:45,05:11:07.50,-0.08385830371553375,0.2993785328519383,0.9636064978426393,5.162219367981444,3.9628095402748444,5.061957125246093,15.28216,4.7206,-16.726372926267562
2024-06-18 05:12:45,05:11:08.00,-0.09634100765753578,0.30373660432029437,0.9565243580281808,-7.171401513624735,-5.365646888308041,1.596761845894431,16.05632,3.64044,-13.71546894821229
2024-06-18 05:12:46,05:11:08.50,-0.05949277475590503,0.20896273229291037,0.9622053899041078,-23.114633251952714,0.44721602056040993,-7.66966167609554,7.68764,3.19,-16.284565330176452
2024-06-18 05:12:46,05:11:09.00,-0.07121417234878434,0.015079068385853343,0.9888837901623098,-15.103678385013119,2.2818450162175843,-2.4332049591171883,-0.93656,4.63068,-18.72801751380489
2024-06-18 05:12:47,05:11:09.50,-0.0876708915500489,-0.11049021949358438,0.984047167955355,-9.478999226013347,2.2741511421344534,1.0876344883957385,-6.51416,5.35804,-18.83907538085255
2024-06-18 05:12:47,05:11:10.00,-0.11110954640717356,-0.18114242352748672,0.9737692843160362,-2.734774807093612,1.2219661648120923,2.8102269663914576,-9.6754,6.524360000000001,-17.735076331421936
2024-06-18 05:12:48,05:11:10.50,-0.12218970034778788,-0.20314610646447945,0.9715541906433323,-1.3411040101118248,0.15029097978946415,2.3840727193189433,-10.962919999999999,7.00188,-16.268774729260766
2024-06-18 05:12:48,05:11:11.00,-0.08712342672897325,-0.23474062551179184,0.9774223464308038,3.9916796841033295,-8.736827637862028,1.8279239557745783,-10.6158,5.01748,-15.12247214794565
2024-06-18 05:12:49,05:11:11.50,-0.013703866992111544,-0.2219414519957711,0.9909028105064874,-0.20310031160330105,-9.859434408440864,-5.409669458187122,-11.043759999999999,-0.8095600000000001,-16.198064018501167
2024-06-18 05:12:49,05:11:12.00,0.013997036204696391,-0.22808711543971438,0.9880655764271817,-12.223644033145124,1.5874836772931824,3.1247638670390865,-14.692359999999999,-1.53036,-16.952398094791285
2024-06-18 05:12:50,05:11:12.50,-0.006494973690585112,-0.31702607000877947,0.9659758402650752,-13.464021995210238,8.729008565461971,4.928646969079631,-20.87884,1.98176,-14.369006273579553
2024-06-18 05:12:50,05:11:13.00,-0.09994052579423221,-0.3682288153120495,0.9179945849888727,14.49150832687835,3.0456926392480295,10.79379622076225,-20.12556,6.44552,-10.648064031152531
2024-06-18 05:12:51,05:11:13.50,-0.09660823968804534,-0.15708041692050398,0.9581083015363077,35.55021442096435,-7.238602528318358,8.213750634589916,-4.54064,5.32428,-5.4173659475251945
2024-06-18 05:12:51,05:11:14.00,-0.0737399756587013,0.11030902130470505,0.9903132624818204,14.538704652039353,-1.53283416950998,3.5073167258271782,6.8016,3.88512,-2.511292066500299
2024-06-18 05:12:52,05:11:14.50,-0.05710065196081025,0.20647708481878196,0.9766353990035722,-5.437142117889039,-2.5437138113811284,-0.5030105171725864,8.950800000000001,2.7910000000000004,-1.6984603979401536
2024-06-18 05:12:52,05:11:15.00,-0.06232951096622533,0.1885209811986555,0.9877351164463206,-4.633632517306324,1.6771027664640283,-15.12273997520884,6.95076,3.35464,-5.761149508619818
2024-06-18 05:12:53,05:11:15.50,-0.0828687332801455,0.1434611086989463,0.9890798299694135,-2.1563468862195254,2.470480201319532,-5.841547239893247,6.6506,5.37312,-11.531194543497822
2024-06-18 05:12:53,05:11:16.00,-0.09944080887744691,0.10787309451286718,0.985873470743033,-6.869051456773078,-4.936555077465574,-0.7253316228645325,4.76304,4.83304,-12.556237201984752
2024-06-18 05:12:54,05:11:16.50,0.002621918208534567,-0.009843335931746753,0.9883839505009897,-12.333006221915205,-10.169029075242785,1.3363853355320288,-0.40428,0.005560000000000027,-12.035962492490965
2024-06-18 05:12:54,05:11:17.00,0.04562693616194658,-0.11422614881677998,0.9904387868317805,-9.423903865522608,1.5432935527045024,-3.7825018097258085,-6.670800000000001,-1.89836,-12.874304441343552
2024-06-18 05:12:55,05:11:17.50,0.02503830969727377,-0.16802621958531533,0.9867432183187212,0.3212612896022283,6.596744894469442,0.8146171106627196,-8.714,-0.24895999999999996,-13.738980489625183
2024-06-18 05:12:55,05:11:18.00,-0.048785359685535185,-0.15052292022359823,0.9884655231053204,4.571827267792694,5.227562644696537,2.456038865744974,-7.14924,3.0537599999999996,-12.417667415953686
2024-06-18 05:12:56,05:11:18.50,-0.115598380725956,-0.13395202754805924,0.9934679022838945,-1.541330203667747,2.66956128144963,4.383738015513277,-7.5374,5.293200000000001,-11.049014634115695
2024-06-18 05:12:56,05:11:19.00,-0.14279256710791294,-0.12045766859099422,0.9936209288849176,0.4394193378955164,3.904425928849081,6.600551386699928,-7.290360000000001,7.9200800000000005,-7.803678246251024
2024-06-18 05:12:57,05:11:19.50,-0.18016407314415456,-0.10233586914619482,0.9871295995120201,4.937777243482179,-0.03461152366976073,5.630055305180117,-5.55208,9.50148,-5.214328596674702
2024-06-18 05:12:57,05:11:20.00,-0.15192287302816831,-0.0036036090277051314,0.9810830499078032,15.59547116213999,-8.534320688641078,4.275300619493945,0.51208,7.776320000000001,-1.7643759710190554
2024-06-18 05:12:58,05:11:20.50,-0.03856759080043437,0.2093672816659844,0.973678205732236,12.28698553500816,-12.106381148955824,0.3655769002922127,10.28252,1.4778399999999998,-1.4891965337589355
2024-06-18 05:12:58,05:11:21.00,0.013308173346597445,0.24185434333683978,0.9743093880432953,-8.33303796441209,0.2366352506287292,-4.758756814198532,10.71856,-0.82616,-1.963167843512911
2024-06-18 05:12:59,05:11:21.50,0.0069523240427154685,0.1429657411102739,0.9882342819885553,-14.97040308545701,2.3185339415444424,-5.208423054257674,5.1968000000000005,0.5064,-4.998645403114383
2024-06-18 05:12:59,05:11:22.00,-0.017050421552084367,0.012680089269008427,0.9934888748845648,-10.888107056945849,2.6283217499039644,0.5876422679788164,-0.68072,1.4845599999999999,-5.87906843489906
2024-06-18 05:13:00,05:11:22.50,-0.04407293400000432,-0.0927380793240125,0.989826046928457,-5.520391008902767,4.586623823530854,-1.0110751147083976,-4.3877999999999995,3.0768,-5.523100711297713
2024-06-18 05:13:00,05:11:23.00,-0.09903630234065122,-0.14836494314458898,0.9780228854641324,1.50548522243777,6.051481593106079,-4.926401318556044,-6.73024,5.91252,-7.375453358743941
2024-06-18 05:13:01,05:11:23.50,-0.13609494389384566,-0.10837775868161705,0.988295429376536,6.179431745854281,-0.8400542653436499,-0.7387003573665478,-4.90708,6.90492,-8.45707143322834
2024-06-18 05:13:01,05:11:24.00,-0.12703025505151896,-0.05455923841215823,0.993557112018553,3.960856231827745,-2.98751076527544,3.017749585398815,-2.7002800000000002,6.104,-8.069524017427128
2024-06-18 05:13:02,05:11:24.50,-0.1049194187828195,-0.01514137624242278,0.9993255334598093,-1.160712481194556,-1.6577810515738494,8.95847539312265,-1.5008000000000001,5.337000000000001,-5.281192389893339
2024-06-18 05:13:02,05:11:25.00,-0.13038141848482757,-0.04483521787765666,1.0022973758822047,-7.870411488811855,6.138483365427353,11.523164636686916,-3.74604,7.782,0.5923566808754276
2024-06-18 05:13:03,05:11:25.50,-0.12246482910283579,-0.06906815123622934,0.9953013283365837,-4.165127885666846,-4.316291373061167,4.105509200708289,-5.57868,7.4786,4.804628316543261
2024-06-18 05:13:03,05:11:26.00,-0.09819800659427257,-0.08752922042777712,0.9879166785067832,2.4378520475215035,-5.363937856742317,-6.166683974025887,-5.28192,4.612,4.451527851851932
2024-06-18 05:13:04,05:11:26.50,-0.06106181416606781,-0.04616452047002257,0.9935188460473603,7.249999459543491,1.7327201940448904,-8.575237462082367,-2.60428,3.72444,-0.3524976689165923
2024-06-18 05:13:04,05:11:27.00,-0.07931157292799752,0.010937604096322584,0.9998175132914708,8.000867342481868,3.575422622362641,-1.1763456525441385,1.3163999999999998,5.3064,-2.4811447670921676
2024-06-18 05:13:05,05:11:27.50,-0.1054110817591594,0.07669720110067929,0.9989840113184458,6.574252446667481,-1.516416627754103,2.7889424437972496,4.97028,5.50736,-1.7265358107151443
2024-06-18 05:13:06,05:11:28.00,-0.08654758110227417,0.13471400360459224,0.9934085707820391,2.0158652601810236,-4.663242630989503,1.9044336289653925,7.30836,3.92352,-0.40385268563237453
2024-06-18 05:13:06,05:11:28.50,-0.041497650015150184,0.11964774788431921,0.9921921313041405,-8.717978955947917,-3.7880446481014705,-0.8010410635812444,5.46544,1.8672399999999998,-0.015877972880796523
2024-06-18 05:13:07,05:11:29.00,-0.020369959752950768,0.042406985252439716,0.9945295682653652,-11.607495189780554,1.0416826596427973,-3.353009154032062,0.33976,1.6470799999999999,-1.1358912290460912
2024-06-18 05:13:07,05:11:29.50,-0.025851933670715272,-0.045366528791576426,0.9926345034023618,-5.875230557118941,1.2069626891061895,-1.7148973977409017,-3.46396,2.03836,-2.5686874729185885
2024-06-18 05:13:08,05:11:30.00,-0.04542339039190907,-0.0943517916975354,0.9908944263773829,-3.783068129391288,1.7563925104296378,3.620044468020437,-5.3726,2.75252,-1.9213871897492951
2024-06-18 05:13:08,05:11:30.50,-0.09114096338537497,-0.13232660573071234,0.9874234485469165,-1.9377875167940612,5.79912531853351,4.582692977187281,-7.275639999999999,5.38756,-0.26944200243659977
2024-06-18 05:13:09,05:11:31.00,-0.13147902229259834,-0.12590432053831713,0.9891565097567862,0.44921350892123546,-0.3624686559538412,6.1958935406735955,-6.93576,7.3032,3.695420530458671
2024-06-18 05:13:09,05:11:31.50,-0.10236387672927359,-0.11466548046166604,0.990545159319459,-1.0309357172917206,-7.456972370678663,2.049395163895458,-6.874,4.99148,4.937547431096345
2024-06-18 05:13:10,05:11:32.00,-0.028046922703656708,-0.11074111471854736,0.9895554344803784,2.492455288814741,-5.895753828540507,3.9641592018715484,-6.3783199999999995,1.52072,6.9127594710270515
2024-06-18 05:13:10,05:11:32.50,0.008940876520933087,-0.08914715011314764,0.9951694560554466,0.22980829774826916,-4.742686549555484,-10.150651076879674,-5.18516,-1.00508,6.771439210526283
2024-06-18 05:13:11,05:11:33.00,0.04953020015992245,-0.07017155649102845,0.9947328280475881,3.4087060902926907,2.656607272110751,-31.41429268845345,-4.037800000000001,-2.8355599999999996,-6.112351268690295
2024-06-18 05:13:11,05:11:33.50,0.013631469704723074,-0.014370072915714181,0.9877811617734497,2.220202281302277,10.540641836254778,-4.684582891954148,-1.3862800000000002,0.8697199999999999,-14.869477322529251
2024-06-18 05:13:12,05:11:34.00,-0.07578632261032009,-0.009179780403929024,0.9999843453153834,-2.3044087429884677,3.0156873939164757,8.555761686346374,-1.3063999999999998,3.94832,-13.6085097949408
2024-06-18 05:13:12,05:11:34.50,-0.1284711928458061,-0.028276200314669174,0.999017897094502,-4.112035223553717,4.470957076244447,2.242276540761736,-2.52628,6.54028,-9.95481891066686
2024-06-18 05:13:13,05:11:35.00,-0.14311526942279637,-0.06903681013951288,0.9979298822420636,-5.523003253762412,-0.36861103262833805,-0.2060735406636515,-4.87744,7.5706,-9.725273537046863
2024-06-18 05:13:13,05:11:35.50,-0.13551006137168298,-0.10917375446145136,0.9900732886453436,-3.760674276389329,-1.3651832904589531,0.38004974687411847,-6.84716,7.236000000000001,-9.586552412333136
2024-06-18 05:13:14,05:11:36.00,-0.09890497031961816,-0.1339084101472162,0.9863186774796994,-1.2657453201837456,-4.552224972267881,3.1594962170198704,-8.00292,5.88424,-8.77588094493425
2024-06-18 05:13:14,05:11:36.50,-0.06854564379973853,-0.08654383939210675,0.9839637157559517,9.082669735677577,-2.5085310550333535,-8.862273395024262,-5.16496,3.28344,-9.947391845787076
2024-06-18 05:13:15,05:11:37.00,-0.05032506169040223,-0.014198595561997596,1.0024332560282736,6.69196445339642,-0.17191159541428636,-3.8276749061195456,0.13576,3.4810399999999997,-13.397446952929359
2024-06-18 05:13:15,05:11:37.50,-0.030216030457911994,0.04611184987070069,1.0029474569549206,4.700772392195716,-4.641288508024405,2.985774952634332,2.86068,1.1550799999999999,-13.610093052980512
2024-06-18 05:13:16,05:11:38.00,-0.006651553106719712,0.08766216483178978,1.0018151737433891,0.44195346735990365,0.9898543428731424,3.2608330137665797,4.67772,0.28248,-11.294068864857035
2024-06-18 05:13:17,05:11:38.50,-0.04174928419404274,0.05630651491987035,0.9964268656025798,-6.625863140188158,2.407373747664669,0.9222805177436295,1.7944399999999998,2.6063599999999996,-10.55654342552005
2024-06-18 05:13:17,05:11:39.00,-0.051590499342955586,0.026996260280271057,0.995545745272251,-0.1615659761799212,-1.3040128537503894,0.519556566202994,0.42247999999999997,2.7574799999999997,-10.221815723551645
2024-06-18 05:13:18,05:11:39.50,-0.04623993297217324,0.029652699577022518,0.9976031696593111,1.6028275477232836,-0.49272759164131585,1.4332644184203147,1.9547999999999999,2.24888,-9.529194928947904
2024-06-18 05:13:18,05:11:40.00,-0.0485910328868625,0.014042402051114648,0.9976089859151931,-3.114029939655509,1.9181798773735719,1.5654654075106638,0.77476,2.96792,-8.723994302785933
2024-06-18 05:13:19,05:11:40.50,-0.06233948186661888,-0.0056950284904970835,0.998108993415972,-4.355022785883831,0.20060411334374076,1.2744168831681288,-0.99976,3.47264,-7.8950382227919
2024-06-18 05:13:19,05:11:41.00,-0.061530355172418706,-0.034784290557057236,0.9983864975788679,-2.676202608343675,-0.8798501577247346,0.3747571889530164,-2.53572,3.2456,-7.4734269289864725
2024-06-18 05:13:20,05:11:41.50,-0.055119368599752014,-0.05544151473366699,0.997882009399177,-1.283539006091455,0.05636332270914962,-0.2304635514855816,-3.3876800000000005,3.08916,-7.377872413484023
2024-06-18 05:13:20,05:11:42.00,-0.05817642586496006,-0.06053613752184221,0.9978020380021291,0.03920073915379904,1.0367131762760078,-0.1824676926085033,-3.51916,3.4605200000000003,-7.470985272776
2024-06-18 05:13:21,05:11:42.50,-0.06786957812882577,-0.05691632616576196,0.9975379702555496,0.21100460596595214,0.6521739249190089,0.07838825307653159,-3.3876800000000005,3.9032400000000003,-7.379973843710355
2024-06-18 05:13:21,05:11:43.00,-0.07467687072439473,-0.05297630828200047,0.998717998527503,-0.4897751755684102,0.42178853493674373,-0.41426499129729444,-3.35108,4.17188,-7.395894895370008
2024-06-18 05:13:22,05:11:43.50,-0.07738566152374371,-0.05441789132571352,0.9965622648075011,-0.3217674219590028,-0.36899749119419206,-0.5498595739269166,-3.4828,4.21832,-7.607313928780246
2024-06-18 05:13:22,05:11:44.00,-0.07365479349818524,-0.053852301813359975,0.9962017965267311,0.35567842896576535,-1.0120439975539204,-0.7747109534803375,-3.30776,3.89608,-7.876463378809981
2024-06-18 05:13:23,05:11:44.50,-0.06543516009427114,-0.04603117640413669,0.9969280974005872,0.6583027025351956,-0.8019146112292382,-0.2993422620912671,-2.87628,3.484,-8.116438644495164
2024-06-18 05:13:23,05:11:45.00,-0.06058042691805829,-0.03801088462726619,0.9980580568005756,-0.02508124360409019,0.18042221463510127,0.017021737138663555,-2.53432,3.45376,-8.108712306906659
2024-06-18 05:13:24,05:11:45.50,-0.06539124406233764,-0.03819390182867294,0.9975439130758638,-1.1136479940348716,0.8669304561434888,0.14799912001486662,-2.7157600000000004,3.79284,-7.980651316354081
2024-06-18 05:13:24,05:11:46.00,-0.07229888518682433,-0.04480097138595684,0.997844049009618,-1.0420809758986025,0.4103695936801489,0.04525639364460186,-3.05888,4.10264,-7.867701754319239
2024-06-18 05:13:25,05:11:46.50,-0.07801161034371988,-0.051562990477951,0.9966763415933676,-0.6860161141626953,0.17725645145862018,-0.11566027633315006,-3.3383999999999996,4.33872,-7.838225681212281
2024-06-18 05:13:26,05:11:47.00,-0.07899778233472374,-0.05308810680793175,0.9982453317381161,0.02832392137946065,-0.27439804408224794,0.1003555402394936,-3.27616,4.302,-7.7858944428873205
2024-06-18 05:13:26,05:11:47.50,-0.07705512231356373,-0.05062874388643494,0.9963842954766085,0.3720031391059774,-0.4188850394748982,-0.0967644918548067,-3.1137200000000003,4.21264,-7.700183012138374
2024-06-18 05:13:27,05:11:48.00,-0.07361441523515157,-0.0430793925330451,0.9973782051609313,0.5480787123299085,-0.896167829286437,-0.3091501651628293,-2.65896,3.95808,-7.762074406503359
2024-06-18 05:13:27,05:11:48.50,-0.06528672244756273,-0.03523698682251466,0.997989864346664,0.4925700862405531,-0.6509595208024109,-0.5699813347015881,-2.23788,3.53084,-7.910274142813196
2024-06-18 05:13:28,05:11:49.00,-0.06299550916254354,-0.029471843485089484,0.998180031375707,-0.43890000631650566,0.5782483319711469,-0.3830252147073463,-2.1539599999999997,3.64196,-8.121485369212445
2024-06-18 05:13:28,05:11:49.50,-0.06910495351483333,-0.03493310213507881,0.9976258640708963,-1.6214603873339908,0.5654517200142619,0.03399570410797329,-2.56232,4.00836,-8.11261722676311
2024-06-18 05:13:29,05:11:50.00,-0.0752927845234083,-0.04377887224719646,0.9964999138292419,-0.6389526189096937,0.3092824178735245,-0.1229316937229749,-2.88304,4.215199999999999,-8.072066770391961
2024-06-18 05:13:29,05:11:50.50,-0.07896254004933428,-0.045818113991654814,0.996908288989886,0.2064076467466181,-0.15468441886804346,-0.0840431892340548,-2.86712,4.30252,-8.085868680160122
2024-06-18 05:13:30,05:11:51.00,-0.07729450301871262,-0.042095443632183656,0.9982409583985804,0.3940541255133546,-0.4969096031024429,-0.15067523216685758,-2.57825,4.2194375,-8.065280148785059
