Timestamp,ideal_time,ideal_time.1,AccX,AccY,AccZ,AsX,AsY,AsZ,AngX,AngY,AngZ
31:53.0,0,18,0,0,0,0,0,0,0,0,0
31:54.0,1,19.45881548,0.000221009,-0.000231394,0.999985806,0.499451076,0.280018772,-0.010426452,0.171180249,0.085710391,-23.35317283
31:55.0,2,20.43999017,-0.004012765,0.006729591,1.000276424,0.49910362,0.307780616,-0.005062572,0.73090346,0.442266577,-23.24137694
31:56.0,3,21.42000894,-0.003720704,0.006450294,1.000237589,-0.110435013,-0.120371517,-0.204472244,0.70016974,0.417643375,-23.14421821
31:57.0,4,22.4000015,-0.001499905,0.003249675,0.999983905,0.789892174,0.514139837,0.062742998,0.736659344,0.437163245,-23.11501358
31:58.0,5,23.38000016,-0.003597162,0.005876497,0.99993856,0.372418989,0.215167916,0.394362084,0.807967198,0.482289264,-22.99555216
31:59.0,6,24.36000001,-0.003971412,0.008083047,1.0000636,-0.253285201,-0.215618371,-5.271633639,0.53211901,0.357317115,-24.98679053
32:00.0,7,25.34,-0.002912668,0.005046145,1.000109943,0.270335577,0.115326218,-1.212611613,0.462708284,0.264059334,-26.80436926
32:01.0,8,26.32,-0.005537113,0.006518759,1.001279275,-0.827603709,-1.379790745,1.173176679,0.246363522,0.084809981,-27.56116567
32:02.0,9,27.3,0.00339427,-0.001861211,1.000345624,0.848760758,1.243399205,3.448615682,0.299911124,0.114854785,-23.20580377
32:03.0,10,28.28,-0.002081561,0.005115708,0.999848587,0.395193114,0.332635062,-0.01165405,0.392484357,0.216414194,-22.15656106
32:04.0,11,29.26,-0.00386104,0.006845308,0.999984555,0.007425402,0.00825108,0.000208299,0.447886848,0.251891734,-22.01936877
32:05.0,12,30.24,-0.003881398,0.00696265,0.99999897,-0.027941278,-0.014353227,0.000889677,0.437056267,0.249132819,-21.89557992
32:06.0,13,31.22,-0.000463118,0.002423997,0.999999977,0.767617079,0.492536747,-0.009389816,0.536385736,0.293352706,-21.77764499
32:07.0,14,32.2,-0.004179837,0.007161492,1.000000006,0.323165776,0.173390097,0.016017561,0.726751503,0.423494059,-21.65590487
32:08.0,15,33.18,-0.003980315,0.006966808,1.000000001,-0.021672244,-0.014678679,0.001544949,0.640941669,0.37384665,-21.52956038
32:09.0,16,34.16,-0.002204346,0.005068311,1,-0.026757537,-0.01740955,0.0122493,0.479365192,0.270744857,-21.40090059
32:10.0,17,35.14,-0.001764834,0.004369544,0.999999995,0.283411819,0.17636337,0.00433596,0.484179056,0.255004874,-21.27628683
32:11.0,18,36.12,-0.002169163,0.005207132,0.999999953,-0.002901529,-0.002785793,0.001681586,0.398234722,0.202702688,-21.14430891
32:12.0,19,37.08,-0.004064943,0.007078217,0.999999868,-0.285947724,-0.234722971,0.013018865,0.249102201,0.093639546,-21.02616977
32:13.0,20,38.06,-0.003859875,0.007003156,1.00000214,0.021734924,0.01984878,0.012520487,0.310253331,0.147131017,-20.89694277
32:14.0,21,39.04,0.000304759,0.000296427,1.000051964,0.528172925,0.307521598,0.006468171,0.328557657,0.150876109,-20.77247361
32:15.0,22,40.02,-0.004657229,0.007602856,1.000662915,-0.10381552,-0.140333526,0.025119052,0.506480095,0.294533033,-20.64768963
32:16.0,23,41,-0.00632917,0.009492341,1.009270329,-4.608603644,-2.616337866,0.136644678,-0.181779802,0.061195131,-20.54527542
32:17.0,24,41.98,0.148087129,-0.132876255,0.959403873,3.017869948,-1.572004624,1.058789946,-6.657956034,-8.137772098,-19.45519092
32:18.0,25,42.96,0.083297035,-0.009152254,0.993270866,7.896839142,8.037714336,1.630779755,0.656761069,-3.407037062,-17.90010889
32:19.0,26,43.94,-0.047636195,0.081027421,0.997585061,-3.911378028,0.440016896,2.408818896,3.515764117,2.242021676,-16.28407377
32:20.0,27,44.92,0.000624045,-0.004843342,1.004529172,1.205731071,0.438733036,0.679389274,0.332496381,0.118795007,-14.00640216
32:21.0,28,45.9,-0.001403477,0.00222196,1.00057948,0.445986949,0.132726349,0.167530725,0.361911897,0.154025927,-13.31008805
32:22.0,29,46.9,0.000890051,-0.000158527,1.000254042,0.088463891,0.047999012,-0.001227601,0.14105887,0.002662651,-13.17227192
32:23.0,30,47.88,-7.75E-05,0.000983744,0.999998,0.049671388,0.032447797,0.006556189,0.152447816,0.008534277,-13.04562763
32:24.0,31,48.86,-0.002044388,0.006069623,0.999995741,0.006110523,0.0065827,0.000882863,0.198705774,0.034644257,-12.92060614
32:25.0,32,49.86,-0.000491303,0.00299831,0.999922718,-0.596736598,-0.396829576,0.038067726,-0.075378317,-0.151715709,-12.7849792
32:26.0,33,50.84,3.98E-05,0.001127332,1.00000708,-0.204579204,-0.136706251,-0.002431426,-0.139244514,-0.200169586,-12.65276856
32:27.0,34,51.84,-2.15E-05,0.002054985,1.000002166,0.009310089,0.00643791,-0.000962774,-0.022272097,-0.118634366,-12.53032906
32:28.0,35,52.82,-0.003881707,0.007899176,1.000004668,-0.076319037,-0.045438744,0.034005885,0.207510171,0.043871837,-12.40231622
32:29.0,36,53.8,-0.000850117,0.003864359,1.000021774,-0.087243415,-0.045550495,-0.00612865,0.081036691,-0.036288588,-12.25631241
32:30.0,37,54.8,-7.48E-06,0.001098348,0.99998379,0.746477011,0.49351466,0.005745238,0.549288838,0.271392205,-12.15183401
32:31.0,38,55.78,7.77E-05,0.001342277,1.000001092,-0.048819806,-0.032547862,0.00780405,0.39187591,0.16558647,-12.02569147
32:32.0,39,56.76,-0.003284487,0.006912023,1.000000377,0.012279775,0.008709072,0.003894581,0.331632936,0.13074777,-11.90351107
32:33.0,40,57.76,-0.001104184,0.003802874,1.000000046,-0.501426211,-0.335339112,0.006434873,0.088033375,-0.02971949,-11.7703886
32:34.0,41,58.74,-4.20E-05,0.001133997,1.000000044,-0.046428825,-0.007798376,0.018514802,0.02973025,-0.074291661,-11.65272552
32:35.0,42,59.74,8.91E-06,0.00172563,1.000000675,0.001248407,3.72E-05,0.012586185,0.059992178,-0.053073052,-11.51726527
32:36.0,43,60.72,-0.003931424,0.007618672,1.000007892,0.011680023,0.007241139,0.000257816,0.239298446,0.073263502,-11.38843825
32:37.0,44,61.7,-0.000723651,0.002953247,1.000092069,0.370382779,0.255888163,-0.003293066,0.373613167,0.171036826,-11.26236161
32:38.0,45,62.7,-5.87E-05,0.001116416,0.99996765,0.662833951,0.424559604,0.001811122,0.638121357,0.345994665,-11.14712269
32:39.0,46,63.68,9.56E-05,0.001287957,0.999998761,-0.034971065,-0.022401293,0.023758833,0.367603842,0.160166389,-11.02028636
32:40.0,47,64.68,-0.003721113,0.007530908,1.000008843,-0.138569666,-0.088774385,0.000171855,0.309558657,0.125038458,-10.88661159
32:41.0,48,65.66,-0.0004718,0.0023999,1.000131948,-0.399688257,-0.274434836,-0.04624317,-0.047294131,-0.113528398,-10.76296326
32:42.0,49,66.64,-2.23E-05,0.001093597,0.999967825,-0.193277271,-0.128119492,0.021090087,-0.096922122,-0.152139117,-10.66691391
32:43.0,50,67.62,8.89E-05,0.001526577,0.999997725,-0.003820612,-0.002314037,0.003280868,0.006121172,-0.085009705,-10.53934784
32:44.0,51,68.6,-0.003947642,0.007470181,0.99999994,-0.175793979,-0.111310573,0.025101807,0.175171805,0.036141057,-10.41051954
32:45.0,52,69.58,-0.000232598,0.001708852,1.000000011,-0.374619404,-0.263031313,-0.105617952,-0.107983896,-0.16356419,-10.29054122
32:46.0,53,70.56,-1.42E-05,0.001065307,1.000000002,-0.181500019,-0.122942708,0.020226323,-0.125144645,-0.178141064,-10.20638369
32:47.0,54,71.54,5.23E-05,0.001084485,1,-0.001887489,-0.001212948,0.008090226,-0.004683671,-0.093232152,-10.08092019
32:48.0,55,72.52,-0.003592822,0.007296027,1,-0.05757114,-0.034720708,-0.002435259,0.163531255,0.028265038,-9.958331902
32:49.0,56,73.5,-0.001066287,0.003061274,1,-0.537188196,-0.359478988,-0.074901594,-0.10130923,-0.148920192,-9.844550545
32:50.0,57,74.48,-3.75E-05,0.001101248,1,-0.1904459,-0.12744475,0.028563394,-0.140445655,-0.180231449,-9.758842462
32:51.0,58,75.46,-4.38E-05,0.001626121,1,0.005412942,0.003507926,0.001614089,-0.010831752,-0.091884848,-9.625643296
32:52.0,59,76.44,-0.003695776,0.007015087,0.999999995,0.013949616,0.008669404,0.007844692,0.190516443,0.051798705,-9.502731194
32:53.0,60,77.42,-0.001480074,0.003735957,0.999999913,-0.538573641,-0.375353654,0.021530705,0.011276613,-0.074962596,-9.380111465
32:54.0,61,78.4,-4.26E-05,0.000525083,0.999999036,-0.057723679,-0.031802955,0.019986024,-0.032905544,-0.10728991,-9.176916315
32:55.0,62,79.38,4.82E-05,0.001158611,0.999992817,0.005279432,0.002234204,0.008517435,0.022835361,-0.068987614,-9.050385552
32:56.0,63,80.36,-0.001694407,0.004680182,0.999980939,0.020851982,0.007662428,0.00962228,0.142256635,0.016371589,-8.921130214
32:57.0,64,81.34,-0.000300605,0.001382831,1.000439346,0.236052035,0.136093543,0.091854836,0.229008262,0.086490266,-8.768866283
32:58.0,65,82.3,0.003744937,-0.005349624,1.021150597,-4.635039048,-1.69624488,3.310214294,-0.724286905,-0.212255432,-8.126248957
32:59.0,66,83.28,0.055521581,-0.11721745,1.001890202,-6.075166646,-3.985227636,6.490102363,-7.022096754,-3.244418116,-2.389026371
33:00.0,67,84.26,0.102638047,-0.169356063,0.95419094,10.31046527,0.506734026,2.271255472,-7.139486497,-5.296952169,3.317552694
33:01.0,68,85.24,0.046021636,0.006727612,0.981832282,4.233307019,-2.546684198,-4.550715726,1.233038544,-3.106814983,4.288109804
33:02.0,69,86.22,0.14517738,0.006811382,1.000345546,-1.938277785,3.440401298,-8.728547336,0.086803826,-7.248851226,-8.657589039
33:03.0,70,87.2,0.055308332,-0.019412991,0.998148104,-2.067476497,7.52555078,-11.87632952,-0.915915597,-1.854342378,-17.741501
33:04.0,71,88.18,-0.03791959,-0.043526219,0.997934923,1.96194389,2.092836512,-3.63247362,-1.583179002,2.253672254,-26.13167398
33:05.0,72,89.16,-0.033504324,-0.049640787,1.000175975,-6.892094122,-4.537659828,-76.71019822,-3.923842291,0.317520976,-54.86110142
33:06.0,73,90.14,0.112136762,-0.099930124,0.983653351,2.9934345,1.163285053,8.092335718,-4.871029978,-5.162881993,-93.02168182
33:07.0,74,91.12,0.032460783,-0.07587058,0.999871776,8.021641138,-0.626305734,59.75716737,-2.786043791,-1.195077512,-35.6568001
33:08.0,75,92.1,0.027451616,0.017270372,0.99745568,4.437756085,0.190908301,9.006976066,1.846890604,-1.380518783,-13.08840737
33:09.0,76,93.08,0.021870342,0.046951104,0.997394036,-1.135694852,1.979803848,3.560322791,2.646381642,-0.695217388,-7.689636661
33:10.0,77,94.06,4.40E-05,0.001254335,0.99939587,-2.516260579,0.963314233,2.749082171,0.172107453,0.373472253,-4.388390611
33:11.0,78,95.04,-0.003032027,-0.038471001,0.999265284,-0.388279286,0.042362852,2.306927598,-1.627427147,0.526639901,-1.721860283
33:12.0,79,96.02,-0.001385476,-0.001030631,1.011100364,2.784959207,0.738517173,3.411560613,0.813476839,0.564169455,1.10919534
33:13.0,80,97,-0.003780092,0.005069303,1.012429163,2.069160751,5.961295564,0.175331492,0.835213592,1.418145098,3.226027862
33:14.0,81,97.98,-0.109034741,0.051376818,0.997291231,-3.358268098,-3.719744413,1.939850856,2.654113495,5.432816641,4.232394496
33:15.0,82,98.94,-0.00863832,-0.052860828,0.992306639,-4.919546424,-5.862751432,-5.460916253,-3.302603876,0.164001451,4.440564817
33:16.0,83,99.92,0.038487248,-0.093592487,0.989549461,6.383929914,0.266627186,63.64403017,-3.854969682,-0.809020524,40.22962936
33:17.0,84,100.9,-0.003916484,-0.010608894,0.99717334,5.375069291,-0.229414318,10.46413368,0.705323227,0.465064656,64.99140008
33:18.0,85,101.88,-0.035448926,0.032403458,0.997018371,-0.981126321,5.400186846,7.657739512,1.994534433,3.085870992,73.45228227
33:19.0,86,102.86,-0.111493367,-0.054955261,1.002894705,2.555748771,2.891501849,6.906854513,-1.898495237,6.934357625,80.75108105
33:20.0,87,103.84,-0.150167754,-0.00675019,1.000417025,0.651407904,3.894234362,9.469862072,0.36996504,9.265882602,87.70413689
33:21.0,88,104.82,-0.127772875,-0.012572964,0.993209151,-2.8184913,-4.942940037,6.394933864,-0.771629381,6.77894932,95.74162273
33:22.0,89,105.8,-0.008388874,0.003944204,0.998431097,-3.476193214,1.394924407,5.931573322,0.027612639,1.569234136,101.5537963
33:23.0,90,106.78,-0.02310065,-0.056683668,0.997867107,1.62833134,-1.586142606,3.626058325,-1.989517283,1.339429199,106.0971067
33:24.0,91,107.76,-0.00678266,-0.078413953,0.993524375,-4.518230084,-2.682747655,1.551119799,-4.849580205,0.210537517,106.7823581
33:25.0,92,108.7,0.001118436,-0.001726101,1.008086661,2.751891017,-0.841200167,-51.34537629,0.493532377,0.167086053,87.00207403
33:26.0,93,109.44,0.006501911,0.008061463,1.006426727,-0.622135378,-0.329460916,-4.060542573,0.564367836,-0.228945793,68.10520257
33:27.0,94,110.36,0.06020658,-0.04228958,0.983116461,0.108061268,0.107957574,-2.25229631,-1.993762243,-2.975717103,67.71961273
33:28.0,95,110.84,0.042129952,-0.02741983,1.001125746,1.028118588,1.852201341,-1.964933883,-0.966859942,-1.668486366,66.46107075
33:29.0,96,111.38,0.025986315,-0.041163645,0.99784416,-0.689074359,2.414879725,-0.419047232,-2.121426185,-0.846291781,66.23032798
33:30.0,97,112.04,-0.017875854,-0.032695898,1.000213549,3.132413096,0.848335275,-1.925315568,-0.87580152,1.249088809,65.30322629
33:31.0,98,112.72,-0.095423539,0.031764983,0.998840822,6.493916456,13.31689759,-0.997081208,3.341621811,8.182643019,64.24510709
33:32.0,99,113.4,-0.191008868,0.07132365,0.97493742,-3.565536998,-10.04021038,-1.419726144,3.431043486,8.449214883,63.89486088
33:33.0,100,113.92,0.001724192,0.002028411,0.999773963,-1.322673007,-6.793692623,-3.320916404,0.343450217,-0.542940717,62.63918593
33:34.0,101,114.56,0.023628749,0.007717759,1.003366095,1.180933941,3.282446708,-0.411036771,1.076685251,0.00070105,61.23510241
33:35.0,102,115.16,0.008172233,0.007578697,1.000109391,0.14944614,-0.397084317,-0.252833919,0.851488589,-0.187791741,61.44941198
33:36.0,103,115.78,0.010578539,0.003935371,1.000006208,0.612527969,0.360264077,-0.676280481,0.764061332,-0.245528997,60.99447862
33:37.0,104,116.36,0.011746595,0.004436391,0.999991718,0.285148187,0.201423562,0.082504124,0.759892997,-0.3301609,60.9905562
33:38.0,105,116.82,0.012097164,0.003947919,1.000007092,9.89E-05,-0.002876456,0.027184022,0.523221844,-0.50128843,61.06113029
33:39.0,106,117.52,0.011912768,0.002157308,0.999945871,0.002659356,-0.007488876,-0.239486935,0.331130978,-0.631425169,61.14554901
33:40.0,107,118.16,0.011627033,0.014183768,1.000271148,-0.103773694,0.162945004,1.738598932,0.431286553,-0.650635248,61.50313869
33:41.0,108,118.74,0.003790739,-0.044817096,0.99896718,-0.091700313,0.074879423,0.797093732,-0.387658945,-0.41406811,62.29392084
33:42.0,109,119.56,0.015908441,0.020271669,0.999706923,2.258472516,0.654206707,6.566127027,0.070105553,-0.358770353,66.27881339
33:43.0,110,120.2,-0.01393554,0.021193951,0.998294657,-1.235470319,-0.230288362,8.164071271,1.443267769,-0.017052646,70.35626516
33:44.0,111,120.74,0.002639652,0.054794164,1.001150772,-2.185345209,0.096238862,2.612321328,1.469029164,-0.234330017,74.57012949
33:45.0,112,121.36,0.028143168,-0.025850406,0.996687287,2.857415274,0.553895114,-10.94996008,-0.039115838,-0.899282422,70.44500321
33:46.0,113,122.34,0.013944492,0.002791272,0.999459783,0.372061708,-0.999555378,-8.659804307,0.465678876,-0.4598801,63.87996671
33:47.0,114,123.06,-0.018145821,-0.002455968,1.002911865,-1.432021162,-0.858798781,1.34988097,-0.037981603,0.035531361,59.74325852
33:48.0,115,123.56,0.008553539,0.033342051,1.000764725,0.731452371,-0.578057754,6.506818237,0.612003823,-0.391350725,62.82913985
33:49.0,116,124.22,0.022715943,0.010647526,0.999613335,-0.279700108,0.230513729,-5.491817412,1.271686555,-0.55345216,61.89310166
33:50.0,117,124.88,0.013215143,0.035070786,0.9982764,-0.937198391,0.097776014,-7.889209139,1.519451381,-0.581882804,58.59260017
33:51.0,118,125.86,0.002808479,-0.007210187,1.002459038,-0.477799191,-1.151539064,-7.019500615,1.035317929,-0.754368764,50.68633674
33:52.0,119,126.84,0.008906516,-0.024263748,0.998394535,0.811638212,-0.678034387,-2.82042694,-1.292576155,-0.895153808,46.63645899
33:53.0,120,127.8,0.013753665,-0.010233764,1.000653922,0.841957109,-0.037905301,-3.262214854,-0.518776744,-0.834137172,43.65174312
33:54.0,121,128.78,0.008647122,-0.007438861,0.999276976,-0.663496352,0.459839471,-5.202674578,-0.51570628,-0.585877164,40.97093651
33:55.0,122,129.76,-0.001864138,-0.022087518,0.99914023,0.780652282,0.30679481,18.99023744,-0.597317791,0.181549694,42.82929157
33:56.0,123,130.74,0.030738915,0.013647051,0.999160877,0.948015104,0.605033354,22.88788934,-0.547636204,-0.27321373,67.41167841
33:57.0,124,131.72,0.01147886,0.027276415,1.000042241,-1.038090206,0.010410117,16.58805898,0.587125935,-1.462099074,86.50026672
33:58.0,125,132.7,0.001757232,0.002670282,1.000965826,-0.534571338,0.017922466,4.853723277,0.29311071,-0.268946051,95.84964269
33:59.0,126,133.68,0.003433328,0.000792161,1.000826945,0.267945152,0.089819703,3.351039915,0.209653166,-0.274770225,100.1958809
34:00.0,127,134.66,0.042725621,0.016870736,0.99912462,0.793578738,0.315694637,1.270728435,0.46828872,-0.9905346,101.5600676
34:01.0,128,135.64,-0.008257158,0.003153257,1.000754527,-0.588201689,-0.286687116,-0.908961374,0.109326943,-0.344243151,102.2191048
34:02.0,129,136.62,0.002815139,0.000582322,0.999439241,-1.123640896,-0.359385266,-0.978458716,-0.093192941,-0.160588696,101.9689948
34:03.0,130,137.6,-0.016227835,-0.01886283,1.003570585,-0.345698247,0.057179718,15.1933672,-0.182218689,0.491470088,106.6192007
34:04.0,131,138.58,0.032524049,0.041364962,0.99885205,2.986499456,-0.59367853,18.69322264,1.75728772,0.139039111,126.3656903
34:05.0,132,139.56,0.000784236,-0.020660702,1.002876555,0.295038898,1.041176818,19.89391813,0.207724451,-0.292374925,141.1172547
34:06.0,133,140.54,0.016996388,0.077263491,0.992912527,-0.974960519,1.849549622,7.909546485,4.036702757,-1.232534953,154.3483004
34:07.0,134,141.52,0.002284254,0.003925375,1.002959224,-0.27684271,-0.687581431,7.787251224,0.892068338,-0.742764004,163.7788477
34:08.0,135,142.5,0.011963503,0.005730314,1.000973651,-0.265067564,-0.091424508,2.222144383,0.465468651,-0.598898985,167.9555749
34:09.0,136,143.48,0.011102169,0.005006921,1.000033938,-0.027682122,-0.052052262,-0.324245996,0.359085221,-0.637741067,168.6223655
34:10.0,137,144.46,0.006500896,0.003136049,1.000189555,0.140778572,0.15754021,-0.670185797,0.407124945,-0.517562784,168.324557
34:11.0,138,145.44,0.01090584,0.023363838,1.000857296,-0.491454368,0.278089992,6.087864995,1.605660609,-1.174824989,173.9328908
34:12.0,139,146.42,0.004785801,-0.014782244,0.99900215,-0.059324679,-0.837523113,6.377577623,-0.574586469,-0.408352435,189.9788772
34:13.0,140,147.4,0.007077845,0.012271407,1.001749804,0.863074762,0.211285971,4.108086099,0.416239471,-0.351999368,-185.5133077
34:14.0,141,148.38,0.003040603,-0.002182891,0.998653466,0.023902493,-1.227062027,-67.45368343,-0.033855784,-0.621040848,143.6711142
34:15.0,142,149.34,-0.007489574,0.009255488,0.998409814,-0.180695688,-0.821155032,-21.48426134,0.334942962,-0.184178219,107.9913478
34:16.0,143,150.32,0.007560943,0.013140162,1.000393999,-1.32853027,-0.156618812,-18.05877143,0.033339196,-0.502732897,83.9445949
34:17.0,144,151.3,0.003589596,-0.001849562,0.999849042,0.147552747,-0.024417881,-4.789869674,0.064679594,-0.429571389,75.27654807
34:18.0,145,152.28,0.014422836,0.040427973,0.999540099,0.049992191,-0.086447992,-11.90369223,0.846091041,-0.490546473,67.97906113
34:19.0,146,153.26,0.006454829,0.001601754,1.001552145,-0.337792803,-0.007168406,-6.235548823,1.186927012,-0.387861596,58.74549555
34:20.0,147,154.24,-0.001971248,-0.007758277,0.999635659,-0.262670516,-0.193978988,-3.065753293,-0.654119014,-0.073499663,54.90994048
34:21.0,148,155.22,-0.006297669,-0.061857734,0.99731636,2.696212398,-0.020169733,-12.44404086,-1.733134578,-0.133714051,44.86135105
34:22.0,149,156.2,0.001323588,0.051536479,0.997312414,-0.453901802,0.17529954,-3.278408424,2.000914068,-0.241206754,38.30882338
34:23.0,150,157.18,-0.000665427,0.01827846,1.001649245,-0.114876727,-0.582447743,-1.10432582,0.969094213,-0.151832139,36.77123972
34:24.0,151,158.16,-0.000138933,0.015044655,1.000209139,0.022980559,-0.095542858,-0.355388868,0.901153833,-0.047436106,35.89880775
34:25.0,152,159.14,0.002953853,0.016008326,0.999925962,-0.061238352,0.041030099,0.091288771,0.836977526,-0.023938511,36.14605969
34:26.0,153,160.12,-0.023106562,-0.017763222,1.001126541,0.25257271,-0.197854869,11.91690196,-0.031270638,0.624242489,36.54584039
34:27.0,154,161.1,-5.78E-05,0.011859013,1.004908702,-2.813100358,0.890194116,15.52023563,-0.128430954,0.527243869,53.59718142
34:28.0,155,162.08,0.025859225,-0.053876073,0.993441995,1.001823106,-0.638597275,10.16963146,-3.24012231,-0.458453125,69.01305645
34:29.0,156,163.06,-0.017440005,-0.018923819,1.002732137,4.360831819,-0.068907412,3.330956749,0.810606767,-0.23043319,70.61515032
34:30.0,157,164.04,0.010175164,0.002599731,0.998735044,0.901749593,-0.260408572,-16.93967407,0.385091512,-0.375850235,63.25059154
34:31.0,158,165.02,-0.00313798,0.005758315,1.000412211,-0.165671971,-0.546115265,-24.63471966,0.271470019,-0.217194418,41.4984882
34:32.0,159,166,-0.007974805,0.013037451,1.000002445,0.337646831,-0.193585107,-17.03414198,0.276577578,-0.081068339,19.47950993
34:33.0,160,166.98,-0.005773659,0.004068704,1.000270252,0.381201045,0.039331862,-9.559177605,0.401519997,-0.065630269,8.545545585
34:34.0,161,167.94,-0.002307815,0.00738278,1.000387715,0.15400102,-0.247476981,-3.472516816,0.887258532,0.02344422,6.105014475
34:35.0,162,168.92,-0.004508026,0.002793802,0.99962143,-0.18423031,-0.247280638,-2.734714479,0.26425948,0.061055971,1.296901037
34:36.0,163,169.9,-0.002529347,0.006027511,1.000354006,0.114344958,-0.195426185,-1.460569918,0.410597675,0.042614167,-0.45721296
34:37.0,164,170.88,-0.000171833,0.006582218,1.000233677,-0.359323771,-0.183581149,-0.731169341,0.406645879,-0.070774545,-1.299875212
34:38.0,165,171.86,0.000591937,0.002804535,0.999932409,-0.01250636,-0.136384554,0.322513956,0.248871768,-0.158492761,-1.600060128
34:39.0,166,172.84,-6.84E-05,0.008459491,1.000234111,0.359871654,0.157581659,-2.976176611,0.638569665,0.162827204,-4.09796163
34:40.0,167,173.78,-0.003694044,0.009983401,0.999996915,0.106265884,-0.057129362,-0.050540819,0.653145436,0.101775212,-4.945968172
34:41.0,168,174.66,-0.003994875,0.011851063,0.999986825,0.1041378,-0.062115535,0.178931388,0.738400562,0.154646858,-4.814699124
34:42.0,169,175.38,-0.01386772,0.003962684,1.000104016,-0.512514995,-0.13865776,-3.343364657,0.440344952,0.32146218,-5.745325898
34:43.0,170,176.36,-0.005872251,0.006818006,1.000589726,-0.380021756,0.024045812,-2.868850098,0.327833059,0.427473111,-8.765076205
34:44.0,171,177.34,-0.009584657,-0.002852565,1.000656164,-0.297152045,0.1459951,-0.357877485,0.080814038,0.4186765,-11.04555074
34:45.0,172,178.34,0.02248818,0.029480981,1.000259372,-0.253094088,0.348943619,1.03012683,1.170411122,-0.584463092,-9.850656757
34:46.0,173,179.32,-0.009166276,0.00583161,0.999920574,-0.294219499,-0.693422045,-1.941693783,0.521488264,0.324146667,-11.24297728
34:47.0,174,180.3,-0.003809691,0.003383234,1.000398281,0.141692289,0.003219561,-1.451784711,0.352996533,0.241552277,-12.28147336
34:48.0,175,181.3,-0.003733608,0.005210671,1.000124119,0.022941238,0.016146252,-0.004417259,0.358032435,0.246189143,-13.03602538
34:49.0,176,182.28,-0.0029682,0.006791876,1.000008274,0.003337167,-0.000431364,-0.019148085,0.362531984,0.218042477,-12.91130561
34:50.0,177,183.28,-0.002998543,0.006794357,1.000000639,9.09E-05,-5.62E-05,0.028935337,0.384711011,0.188407185,-12.78065049
34:51.0,178,184.26,-0.003002299,0.006865181,0.999999886,0.00016213,0.000129339,-0.010351398,0.392174458,0.176942095,-12.64808451
34:52.0,179,185.24,-0.003015138,0.006922568,0.999997801,0.001860761,0.001428317,0.037134866,0.396852938,0.173133458,-12.54418043
34:53.0,180,186.24,-0.003053489,0.006961694,0.999975443,0.016966635,0.011811425,0.218128535,0.397453329,0.171749109,-12.44954332
34:54.0,181,187.22,0.000951992,0.004900876,1.000011908,-0.109224216,-0.196161833,-5.9512752,0.305845112,0.054488322,-14.19690632
34:55.0,182,188.22,-0.003832601,0.005209323,0.999960651,-0.054980354,-0.009954027,-0.899942345,0.350648783,0.128819255,-16.76246141
34:56.0,183,189.2,-0.001911891,0.006044668,1.000004096,-0.003377578,0.001390548,0.022643937,0.339756083,0.14121409,-16.81898143
34:57.0,184,190.18,-0.001994377,0.006005256,1.000000732,-0.000156444,0.00022418,0.018849338,0.347556959,0.133467182,-16.69740519
34:58.0,185,191.16,-0.001999987,0.006000373,1.000000079,6.05E-06,2.30E-05,0.011522955,0.351447801,0.131837692,-16.57012092
34:59.0,186,192.14,-0.002000048,0.006000012,1.000000006,2.37E-06,1.60E-06,0.000835083,0.352988847,0.130939188,-16.44154472
35:00.0,187,193.06,-0.00200001,0.005999997,1,3.90E-07,-2.52E-08,0.006687903,0.352845865,0.131748031,-16.32947815
35:01.0,188,193.6,-0.001999998,0.006000001,1,-1.51E-07,-1.70E-08,0.021865418,0.353008504,0.130996882,-16.25346033
35:02.0,189,194.58,-0.002000008,0.005999992,1,-1.20E-06,-5.74E-07,0.015870565,0.353239933,0.130984343,-16.12360159
35:03.0,190,195.56,-0.002000059,0.005999875,1.000000002,-1.56E-05,-7.22E-06,0.005775994,0.353892818,0.13124296,-15.99103427
35:04.0,191,196.54,-0.00200013,0.005998658,1.000000038,-0.00014001,-6.22E-05,0.005649785,0.354143127,0.1309197,-15.85777038
35:05.0,192,197.52,-0.001995777,0.005990405,1.000000402,-0.000724852,-0.00028916,-0.023863218,0.354036703,0.131801823,-15.72630387
35:06.0,193,198.5,-0.001911877,0.005981974,1.000002742,0.002887038,0.001877265,0.009972416,0.358329244,0.13149142,-15.51517809
35:07.0,194,199.48,-0.000924686,0.006373856,1.000010288,0.110515712,0.053209275,2.520177562,0.397626186,0.136993465,-14.57102761
35:08.0,195,200.46,0.003176987,0.019738542,0.999645914,0.698326545,-0.54165185,-29.13008349,0.120330302,-0.155517845,-43.84679197
35:09.0,196,201.44,-0.002704679,-0.012754982,0.999712323,-0.455633489,0.061339666,-6.048035981,0.05289481,-0.397788727,-48.84164467
35:10.0,197,202.42,-0.021141124,-0.048398847,1.001777988,0.395831797,-0.086913724,1.405503457,-0.422681409,-0.137161134,-53.46045815
35:11.0,198,203.4,0.011286137,0.019037343,0.998338544,-1.128182115,0.682100837,5.761414368,0.331415885,-0.21464802,-46.38545868
35:12.0,199,204.16,0.00680978,0.000207444,1.000179524,0.088205171,-0.044231508,0.073795031,-0.039572496,-0.356561238,-44.49586234
35:13.0,200,204.74,0.005472057,-8.71E-07,0.999996963,-0.044546283,0.003077956,0.034548665,-0.02768606,-0.337417417,-44.46237497
35:14.0,201,205.38,0.005974876,1.25E-06,0.999987612,0.008699714,0.001496812,0.00329085,-0.03474832,-0.34541082,-44.3644694
35:15.0,202,205.94,0.005854668,4.64E-06,1.000007609,0.006754569,0.005703749,0.003786121,-0.038439154,-0.344777837,-44.2924369
35:16.0,203,206.78,0.005575829,-0.002523088,0.999996143,0.039484243,0.01699041,0.047689239,-0.063525065,-0.346518581,-44.16651433
35:17.0,204,207.76,0.007156767,0.025738854,0.999743148,0.085572968,-0.487311452,-3.60914026,0.725522948,-0.471138753,-45.24574902
35:18.0,205,208.74,0.009405575,-0.021193374,0.999325389,-0.780821054,0.072310811,-0.115820009,-0.386494779,-0.716008759,-48.76939671
35:19.0,206,209.72,0.022476244,0.035451529,0.999156728,-0.871846398,-0.809484368,-42.30288965,1.507278467,-0.752642786,-83.72022087
35:20.0,207,210.7,-0.015542805,-0.016122077,1.00059298,-0.45335224,0.429338856,36.63977353,0.455709013,-0.26971189,-56.83840555
35:21.0,208,211.68,-0.003955685,-0.027978409,0.999927473,0.675385909,0.083610996,9.184889021,-0.249580268,0.114243052,-43.04342684
35:22.0,209,212.66,-0.004115748,-0.010615465,1.000430345,-0.485506749,-0.220807955,-8.314201659,-0.237776006,-0.000897273,-35.44614601
35:23.0,210,213.64,-0.011617299,0.002352719,1.00035944,-0.817056799,-0.614415521,-41.25261919,-0.812595426,-0.289185728,-65.09462096
35:24.0,211,214.62,0.008933951,0.031145743,0.999385485,0.149201357,-0.323262584,-14.49547704,0.761396998,-0.360758113,-86.95626806
35:25.0,212,215.6,0.003904462,0.019959725,1.001175229,-0.277598148,-0.473190957,-29.74421259,0.522331179,-0.39128662,-114.6244881
35:26.0,213,216.58,8.24E-06,0.007924052,1.000890581,-0.111038739,-0.041176587,13.37858666,0.645311776,-0.218004103,-133.4054348
35:27.0,214,217.56,0.011617085,0.028918866,0.999928991,1.327279388,0.54425821,16.06211989,0.795124991,-0.437901001,-112.5668755
35:28.0,215,218.54,0.011495371,0.018725029,0.999443574,-0.954400155,0.180933017,2.719727744,0.968559576,-0.76976494,-103.2017152
35:29.0,216,219.52,0.012569823,0.024778422,0.999938922,-0.38404324,-0.009830607,2.609557706,0.753232894,-0.693097012,-103.8316848
35:30.0,217,220.48,0.017894496,0.030220633,0.99801595,1.503920967,-0.178563978,-0.283223936,0.682644662,-0.723783639,-102.0790915
35:31.0,218,221.46,0.008916073,0.018742052,1.000237172,0.588593215,0.1868572,0.992249867,1.444838755,-0.508054589,-102.9398631
35:32.0,219,222.44,-0.000216331,-0.024102957,1.000451175,-1.512610011,0.150726551,3.35028617,-0.377078963,-0.298933092,-100.5704431
35:33.0,220,223.42,0.010213674,-0.014727572,1.000091532,1.057766823,0.292934016,0.937408117,-0.76402516,-0.574571949,-97.63492245
35:34.0,221,224.4,0.009008432,0.005950556,1.000137266,-0.268049944,-0.266444541,1.002711329,-0.123910131,-0.482332252,-97.11142319
35:35.0,222,225.38,0.008909935,0.002207835,1.000187315,0.01745664,0.015334887,-0.123510267,0.046203268,-0.516367571,-96.86186335
35:36.0,223,226.36,0.008421631,0.002694935,1.000007517,-0.003605531,-0.000972311,0.049462654,0.111537733,-0.502422825,-96.85581316
35:37.0,224,227.34,0.008979371,0.002967498,1.000000141,-0.000410624,-4.64E-05,0.010688986,0.16991449,-0.527752437,-96.72182803
35:38.0,225,228.32,0.00899927,0.002997274,0.999999953,-3.59E-05,1.49E-06,0.014666328,0.194847888,-0.537074445,-96.59241343
35:39.0,226,229.3,0.009000077,0.002999868,0.999999991,-1.95E-06,6.54E-07,0.012659434,0.204061923,-0.540675671,-96.46012293
35:40.0,227,230.28,0.009000019,0.003000004,0.999999999,1.68E-08,8.99E-08,0.007202627,0.207081103,-0.541488998,-96.33656013
35:41.0,228,231.26,0.009000002,0.003000002,1,2.03E-08,8.30E-09,0.010476967,0.208598639,-0.542074073,-96.20939218
35:42.0,229,232.24,0.009,0.003,1,3.06E-09,4.98E-10,0.014242696,0.208899176,-0.542104226,-96.0770161
35:43.0,230,233.22,0.009,0.003,1,3.00E-10,3.63E-12,-0.000373112,0.209924176,-0.542247482,-95.95292242
35:44.0,231,234.2,0.009,0.003,1,1.98E-11,-3.94E-12,0.010170392,0.209990302,-0.543052913,-95.83217479
35:45.0,232,235.18,0.009,0.003,1,4.05E-13,-6.56E-13,0.018062524,0.209998695,-0.542772767,-95.69377369
35:46.0,233,236.1,0.009,0.003,1,-2.20E-13,-6.96E-14,0.006140666,0.21000035,-0.543026556,-95.5686822
35:47.0,234,237.08,0.009,0.003,1,-2.81E-14,-2.39E-15,0.015802781,0.210005446,-0.542988226,-95.44459221
35:48.0,235,238.06,0.009,0.003,1,6.26E-15,7.94E-15,0.006325343,0.210044438,-0.54300345,-95.31581357
35:49.0,236,239.04,0.009,0.003,1,6.84E-14,1.59E-14,0.008210745,0.209359836,-0.543067242,-95.18660885
35:50.0,237,240.02,0.009,0.003,1,2.22E-13,-5.91E-13,0.007059006,0.209977011,-0.541933147,-95.05705682
35:51.0,238,241,0.009,0.003,1,-3.69E-12,-1.21E-11,0.0141854,0.209694445,-0.54200102,-94.92435837
35:52.0,239,241.98,0.009,0.003,1,-8.89E-11,-1.45E-10,0.011230583,0.209215107,-0.542033706,-94.78946783
35:53.0,240,242.96,0.009,0.003,1,-1.15E-09,-1.21E-09,0.008621098,0.210010684,-0.542904567,-94.66292112
35:54.0,241,243.94,0.009,0.003,1,-1.02E-08,-5.03E-09,-0.001044961,0.210073183,-0.542685391,-94.54017717
35:55.0,242,244.92,0.009,0.002999999,1,-5.13E-08,4.55E-08,0.019759315,0.209741837,-0.543987523,-94.41407599
35:56.0,243,245.9,0.008999992,0.003000008,1.000000002,2.27E-07,1.35E-06,0.017610437,0.209870857,-0.543505049,-94.27227042
35:57.0,244,246.88,0.008999859,0.003000256,1.000000015,9.64E-06,1.85E-05,0.00863535,0.209009527,-0.542991117,-94.14317216
35:58.0,245,247.86,0.008998429,0.003003553,1.000000097,0.000143172,0.000174799,0.00405983,0.208977534,-0.541952303,-94.01770181
35:59.0,246,248.84,0.008988128,0.003033779,1.000000026,0.001436326,0.001005592,0.046826623,0.209238761,-0.542044606,-93.89477986
36:00.0,247,249.82,0.00896774,0.003194171,0.999989635,0.009143732,-0.001842684,0.226471175,0.208361831,-0.544775076,-93.83195093
36:01.0,248,250.8,0.009394634,0.003511687,0.999818034,0.037995369,-0.127310973,0.398213768,0.170740729,-0.582698169,-94.43555035
36:02.0,249,251.78,0.003806508,-0.003558442,1.00081297,-0.708248593,0.021567302,35.91352298,0.49458673,-0.07763615,-61.39814342
36:03.0,250,252.76,0.009349819,-0.000590398,0.999870579,1.90178454,1.84062841,60.12275651,0.427582927,-0.126572647,-36.86648146
36:04.0,251,253.74,0.010540463,-0.030062684,0.997528724,-0.610158645,-0.224484208,0.052654838,-0.910954666,0.13230937,11.57404961
36:05.0,252,254.7,-0.004419345,0.027212609,0.998690285,-2.188553228,-0.35932141,-7.022562119,0.642401648,-0.02050039,-1.830502661
36:06.0,253,255.68,0.001871932,0.006277052,1.002246871,1.067892526,0.309136928,-3.178722482,0.557263444,-0.098974038,-7.489463275
36:07.0,254,256.66,-8.06E-05,0.006865455,1.000485511,-0.493146433,-0.29004775,-1.397004416,0.318576566,-0.120009172,-9.930901668
36:08.0,255,257.64,0.002092513,0.003907664,1.000005648,0.214855497,0.117265677,0.034578536,0.272859471,-0.125342298,-10.09696988
36:09.0,256,258.62,0.005222792,0.000646111,0.999912976,-0.033196815,-0.011580902,0.624355188,-7.47E-05,-0.324001248,-10.03916584
36:10.0,257,259.6,-0.000691137,0.013963962,1.001090916,-0.535566604,-0.037941356,35.64798524,0.541976014,-0.002384999,9.011769024
36:11.0,258,260.58,0.003785964,-0.016758762,1.000251592,0.175834242,0.176996603,7.650835759,0.545189252,0.122474775,39.74423888
36:12.0,259,261.56,-0.00245845,0.018084452,1.00059829,-0.090292504,-0.055666226,-7.239744738,0.577667449,-0.106918669,28.44858907
36:13.0,260,262.52,0.000122358,0.01409332,0.999973571,-0.282496134,-0.21170939,-7.129966738,0.628922276,-0.140068468,21.39580895
36:14.0,261,263.22,0.001523079,0.012188033,0.99998458,-0.013494751,-0.06442947,-4.760923456,0.649030965,-0.203383421,17.30111265
36:15.0,262,263.88,0.001126405,0.012531785,1.000162045,-0.075732992,-0.011032557,-1.87972832,0.66337519,-0.149921335,15.29849421
36:16.0,263,264.44,0.001446248,0.011330536,1.00027652,-0.036732983,-0.008359212,-0.444798654,0.653567084,-0.137871366,14.73909972
36:17.0,264,265.02,0.00104957,0.012840494,0.999966719,0.00837709,9.28E-05,0.104546947,0.696514222,-0.119703626,14.79482478
36:18.0,265,265.76,0.001012432,0.012959552,1.000002709,0.000390305,0.000137668,0.012364699,0.728740621,-0.108053421,14.9133603
36:19.0,266,266.4,0.00099654,0.013011034,1.000000116,-0.000256187,-3.56E-05,-0.003063815,0.742037112,-0.103872658,14.9934161
36:20.0,267,267.34,0.000999775,0.013000717,0.99999991,9.17E-07,-2.27E-06,0.017294519,0.746057005,-0.102353331,15.11494635
36:21.0,268,268.32,0.000999996,0.012999975,0.999999988,7.58E-06,9.46E-07,0.011017441,0.748537431,-0.101987868,15.24644077
36:22.0,269,269.3,0.000999996,0.013002249,0.999999999,1.44E-05,1.07E-06,0.004756014,0.748805084,-0.101513679,15.37015316
36:23.0,270,270.3,0.001000076,0.013041967,1,-0.000292876,-7.60E-05,0.010427367,0.749125934,-0.10207156,15.50005543
36:24.0,271,271.28,0.001002322,0.013389702,1.000000001,-0.007353981,-0.001591723,0.092741543,0.746611374,-0.101750641,15.65462893
36:25.0,272,272.28,0.001031989,0.013563737,1.000000013,-0.017241852,0.001786247,0.081686486,0.762156589,-0.097063081,15.82968686
36:26.0,273,273.26,0.000874439,0.013577603,1.000000129,-0.000752043,0.00061786,-0.000790661,0.755992318,-0.101627167,16.01497411
36:27.0,274,274.26,0.001005533,0.013800791,1.000000956,0.009181621,0.002800115,0.000209433,0.776480166,-0.097409985,16.14175703
36:28.0,275,275.24,0.001192671,0.013217198,1.00000132,-0.029671565,0.009364568,0.065050083,0.758445276,-0.096244872,16.27478674
36:29.0,276,276.22,0.001300996,0.014026635,0.999757145,-0.095619038,-0.020548252,0.082947945,0.72428656,-0.104858477,16.54240383
36:30.0,277,277.22,0.000741126,0.013588539,1.000002401,-0.034766889,-0.001915981,0.005489698,0.721990521,-0.10455957,16.70986737
36:31.0,278,278.2,0.000506025,0.013179714,1.000023525,0.013455051,0.015352847,-0.170036344,0.757230504,-0.089737147,16.7927948
36:32.0,279,279.2,0.000872728,0.013289526,1.000594848,0.157845504,0.274230718,-0.041531946,0.776189674,-0.047915537,16.85729709
36:33.0,280,280.18,0.002769792,0.009713886,1.013501506,1.519772714,6.091253974,-0.633578958,0.792322628,0.786058097,16.99043119
36:34.0,281,281.18,-0.12636384,0.047933541,0.997923523,-7.054540174,1.0873838,-1.563461071,1.465212833,6.896428358,14.82256876
36:35.0,282,282.16,-0.057275302,-0.080290856,0.991199935,-1.86247188,0.248845946,0.841901862,-4.498359011,3.251374575,15.1120885
36:36.0,283,283.14,-0.097139264,-0.067364934,0.996506443,3.21693603,-7.722140279,3.395146932,-3.018633083,4.097271845,16.63946617
36:37.0,284,284.14,0.012937856,-0.011699543,1.010342135,-10.56450036,7.057269274,-0.609575687,-2.153572443,0.797349692,16.92157295
36:38.0,285,285.12,-0.097958133,-0.002752002,0.995200352,3.390700446,-5.700639973,10.77598381,-0.44657231,3.895176586,23.41669891
36:39.0,286,286.12,-0.008830649,-0.073939851,1.003270376,-3.000863655,-3.468314621,15.37357755,-3.919220284,0.615164431,37.41126022
36:40.0,287,287.1,0.027956678,-0.086236102,0.990228309,-4.312287168,6.175577354,22.36262028,-5.747540792,0.587200233,55.10880802
36:41.0,288,288.1,-0.038714974,-0.131424258,0.989754984,-0.508093669,-2.175342507,12.40535084,-6.859299353,2.134455945,76.28680247
36:42.0,289,289.08,-0.094514575,-0.150796881,0.976547786,-8.458041343,11.97207908,17.93313275,-10.22634941,8.264857972,87.8692542
36:43.0,290,290.08,-0.13981525,-0.110325312,0.97441195,12.73860119,-1.229514123,-8.29797107,-4.391774022,8.581147211,100.2857872
36:44.0,291,291.06,-0.104225403,-0.075120985,1.030927502,-0.816761804,2.349648607,3.819102384,-5.120526044,5.70396037,99.20439648
36:45.0,292,292.04,-0.162295152,-0.179759324,0.980259668,21.96297189,6.696635051,15.34442187,-5.832497145,7.363652843,104.0958525
36:46.0,293,293.04,-0.0063942,0.019182732,1.009830779,-5.520954473,-6.905189581,-2.299488125,-1.328415775,2.227323193,112.1862552
36:47.0,294,294.02,0.034131575,-0.027479553,1.021513117,0.628318848,1.931025098,-2.060628343,-0.778399759,-0.142346303,102.0287001
36:48.0,295,295.02,0.011425877,0.018938845,0.99669196,6.678233543,-3.3554178,-0.655325245,2.293811032,-1.025343404,102.8689243
36:49.0,296,296,0.006504591,0.055606954,0.997838023,-3.065936522,2.674127466,-0.2115914,1.901070335,0.032225403,103.546445
36:50.0,297,296.98,0.019762581,0.048102997,0.995825445,-0.693758118,0.57182995,-2.187528597,2.452156131,-1.135295618,102.6788432
36:51.0,298,297.98,-0.00654997,0.022517534,1.000546447,0.34352209,-0.490932915,-0.030683228,1.489018069,0.387701573,102.2764001
36:52.0,299,298.96,-0.007047957,0.025395048,1.000744283,-0.342404297,-0.07178963,-0.085894191,1.437274458,0.394172447,102.3768163
36:53.0,300,299.94,-0.004577629,0.03456652,1.010418397,-7.642232669,0.174370439,-0.225260933,0.540866232,0.377540191,102.6113418
36:54.0,301,300.94,-0.011198351,-0.308419711,0.940233859,-12.08851449,0.915168555,-1.44980976,-18.09522581,1.040112256,99.88879127
36:55.0,302,301.92,-0.017710895,-0.460124426,0.888619752,-4.849181082,0.093579082,0.15994006,-26.70540364,1.119005878,99.75223614
36:56.0,303,302.92,-0.017601545,-0.548191413,0.839464674,-2.445671394,0.136873454,-0.08948125,-32.39901914,1.167372515,99.9881322
36:57.0,304,303.9,-0.018627733,-0.57820666,0.821490977,-2.759298839,0.083277311,0.015794938,-35.07117471,1.158442104,100.1222763
36:58.0,305,304.88,-0.020137101,-0.618309666,0.792483749,-3.813898542,-0.011883978,0.230437243,-38.19847004,1.20128883,100.3225632
36:59.0,306,305.86,-0.020440076,-0.648243056,0.770550494,-7.69081748,0.005602961,0.385251642,-41.3766867,1.255590888,100.6151113
37:00.0,307,306.84,-0.023073826,-0.752799692,0.668230482,-5.758829554,0.081454577,0.181151083,-48.53253961,1.445113594,100.8854017
37:01.0,308,307.82,-0.023414216,-0.719668139,0.707129454,-2.982709019,0.152627114,-0.025795704,-46.63349141,1.386244302,101.0248954
37:02.0,309,308.8,-0.024069668,-0.737756665,0.685711933,4.18982145,-0.108306345,-0.049882805,-46.25794577,1.343853973,101.1291187
37:03.0,310,309.78,-0.023600696,-0.740475338,0.682488824,-9.431909559,0.276051438,0.132031133,-49.02839885,1.437949125,101.2670079
37:04.0,311,310.76,-0.024661917,-0.775832264,0.643952887,2.325003668,-0.045503013,-0.06987665,-49.76064389,1.446972653,101.3898923
37:05.0,312,311.74,-0.024080004,-0.745982773,0.679009149,-5.857970015,0.144121351,0.131562418,-49.34383789,1.434201807,101.5034256
37:06.0,313,312.72,-0.02514232,-0.764042841,0.651986293,21.09040502,-0.756710747,-0.054024651,-45.34700088,1.300747737,101.572056
37:07.0,314,313.7,-0.016474791,-0.36793229,0.925644368,28.73335286,0.316035745,-4.076491061,-19.56407457,0.439058191,99.80586019
37:08.0,315,314.68,-0.009575503,0.009215356,1.012207954,3.157679267,0.219357029,1.156557722,-2.022383128,0.392037925,99.94189296
37:09.0,316,315.66,-0.011012125,0.023405582,1.000212288,0.026587034,-0.00898481,-0.314643041,0.243854108,0.674780512,101.2588805
37:10.0,317,316.64,-0.010461677,0.024021281,0.999992472,0.006274889,-0.001975161,-0.016718156,0.984454533,0.63968993,101.3271744
37:11.0,318,317.62,-0.010421049,0.024097592,0.999997347,0.001957381,-0.000787876,0.008965572,1.250621332,0.615046505,101.4414868
37:12.0,319,318.6,-0.010421509,0.024147107,0.999999646,-0.000677364,-0.000922,0.010219807,1.347079096,0.612291536,101.5780294
37:13.0,320,319.58,-0.010340211,0.024375442,0.999999968,-0.000117728,9.43E-06,0.010657056,1.386760472,0.600753273,101.7019913
37:14.0,321,320.56,-0.009925254,0.024285949,0.999999998,-0.000251222,0.000457579,0.000187483,1.398651903,0.601159923,101.8207027
37:15.0,322,321.54,-0.010646768,0.024001038,1,0.012302091,-0.001746598,-0.027477519,1.410119008,0.608200888,101.9580379
37:16.0,323,322.52,-0.010681735,0.024395753,1,0.005507668,-0.001064282,-0.012123421,1.427976243,0.598900378,102.0684591
37:17.0,324,323.5,-0.009737681,0.024932249,1,0.008527523,-0.0016506,0.01980401,1.445451921,0.582296787,102.1600494
37:18.0,325,324.48,-0.010131224,0.024552875,1,0.000175184,0.003258674,0.056162591,1.439221032,0.594193134,102.3076831
37:19.0,326,325.46,-0.010475674,0.0245653,1,-0.006092211,0.002498746,0.006288715,1.414761817,0.60107512,102.446125
37:20.0,327,326.44,-0.010356968,0.024097902,1,0.002073558,-0.002643398,-0.002166639,1.40921178,0.608993149,102.5780592
37:21.0,328,327.4,-0.010332672,0.024127667,1,-0.025667407,0.010218425,-0.00031785,1.401451213,0.600350598,102.7083481
37:22.0,329,328.38,-0.010290887,0.024074259,1,0.000973005,0.000399391,-0.005816014,1.398735599,0.603097342,102.8248853
37:23.0,330,329.36,-0.010249977,0.024111091,1,-0.004957966,-4.42E-05,0.023798766,1.397503019,0.604618811,102.9465896
37:24.0,331,330.34,-0.01045576,0.024436026,1,-0.001712612,-0.000323375,-0.002207709,1.401572388,0.604856083,103.0780225
37:25.0,332,331.32,-0.011016217,0.024077886,1,0.023614692,-0.00700033,-0.041623378,1.42247839,0.591381288,103.1916682
37:26.0,333,332.3,-0.010150206,0.024307451,1,0.005478139,-0.003527537,0.012928848,1.431947921,0.585418823,103.3020622
37:27.0,334,333.28,-0.010664988,0.024459128,1,-0.000411676,0.000119962,-0.014324034,1.425048459,0.586185477,103.4116514
37:28.0,335,334.26,-0.010000871,0.024257248,1,-4.06E-05,1.35E-05,0.005192904,1.422152796,0.586942913,103.524181
37:29.0,336,335.24,-0.010374343,0.024268836,1,-2.70E-06,1.11E-06,-0.012633707,1.416184978,0.597001218,103.6456586
37:30.0,337,336.22,-0.010435058,0.024151857,1,-6.06E-08,5.37E-08,0.00500211,1.415181621,0.599702101,103.7692055
37:31.0,338,337.2,-0.010449943,0.024517881,1,1.49E-08,-1.67E-09,0.01274129,1.413195514,0.599601721,103.8903389
37:32.0,339,338.18,-0.010339145,0.024291716,1,2.82E-09,-1.34E-09,0.017427099,1.413104047,0.600096914,104.0199989
37:33.0,340,339.16,-0.01055786,0.024226648,1,-2.64E-09,-2.00E-09,0.003226696,1.412408232,0.600190446,104.1478808
37:34.0,341,340.08,-0.010539952,0.024333641,1,-3.69E-08,5.24E-08,0.018726808,1.412967167,0.601347552,104.278086
37:35.0,342,341.06,-0.010665329,0.024071468,1,-2.85E-07,8.07E-07,0.005121051,1.413726819,0.599106783,104.4114428
37:36.0,343,342.02,-0.010357798,0.024133039,1,-4.07E-07,7.55E-06,0.015660174,1.414080212,0.599704757,104.5403827
37:37.0,344,343,-0.010374993,0.024473038,1,1.94E-05,4.49E-05,0.01035367,1.414699042,0.59951323,104.671828
37:38.0,345,343.64,-0.010693064,0.024232056,1,1.55E-05,-0.000363292,-0.006034936,1.412949746,0.602482681,104.748775
37:39.0,346,344.34,-0.010275981,0.024097561,1,-0.000868318,0.001899334,0.005671163,1.412958557,0.602758646,104.8308432
37:40.0,347,345.22,-0.010404251,0.024195372,1,0.014702321,-0.003947164,-0.009285901,1.420290598,0.594645102,104.9462317
37:41.0,348,346.2,-0.010620178,0.024292313,1,0.021225345,-0.02111851,0.02530473,1.434535772,0.587573092,105.0857371
37:42.0,349,347.18,-0.010180374,0.024690563,1.000000001,0.012654258,-0.00532645,0.017235583,1.438826174,0.591649404,105.2090267
37:43.0,350,348.16,-0.010070229,0.024231034,1.000000031,0.008846845,0.003054468,-0.021219646,1.440397939,0.591447217,105.3255945
37:44.0,351,349.14,-0.010388335,0.024488072,1.000000468,0.005528323,-0.000193445,-0.005194187,1.444422739,0.590218803,105.4438391
37:45.0,352,350.12,-0.010241776,0.024195629,1.000004718,0.002869013,0.000401693,0.030712778,1.442044197,0.587733057,105.5744266
37:46.0,353,351.1,-0.010634776,0.02373224,1.000037189,0.031460035,-0.000916801,0.001544016,1.445757876,0.595117495,105.7099701
37:47.0,354,351.88,-0.010151762,0.025102306,1.000008442,0.007279302,-0.013154511,0.045948481,1.477610207,0.567837987,105.7758527
37:48.0,355,352.46,-0.010696455,0.024628301,1.000001116,0.012446039,-0.014679193,0.047796659,1.457843415,0.577014329,105.8983323
37:49.0,356,353.08,-0.009848128,0.024701093,0.999998818,0.010906744,-0.003905197,0.035580832,1.463694965,0.574292851,105.9904671
37:50.0,357,354.06,-0.009835019,0.024928002,1.000000044,0.010113423,-0.009104665,0.011257399,1.466732612,0.558520146,106.1297541
37:51.0,358,355.06,-0.009520763,0.025023773,1.000001993,0.010304872,1.46E-05,0.012659667,1.478661134,0.543420082,106.2560999
37:52.0,359,356.04,-0.009317392,0.025567041,1.000032121,0.008136848,-0.003819819,0.026107298,1.490387418,0.525402043,106.4131465
37:53.0,360,357.04,-0.008206215,0.025608746,0.999900436,0.005026209,0.002240787,0.034137849,1.495972961,0.495644433,106.5614559
37:54.0,361,358.02,-0.008455714,0.025586683,0.999991918,0.020208655,-0.012598916,-0.017195069,1.50036259,0.488704003,106.660999
37:55.0,362,359,-0.008478467,0.025324675,0.999993006,0.015928685,-0.011763358,0.000584048,1.507283042,0.479464892,106.7813866
37:56.0,363,360,-0.008079308,0.025853762,0.999769814,0.016133247,-0.013612794,0.063395564,1.515253352,0.462171073,106.9267942
37:57.0,364,360.98,-0.008966529,0.025613231,0.999789209,-0.045534524,0.084944523,-0.190629604,1.485193415,0.529605374,106.9959473
37:58.0,365,361.96,-0.009165378,0.025712803,0.999954624,0.113360802,-0.010898495,-0.025005848,1.49395306,0.513212421,107.0648146
37:59.0,366,362.94,-0.008706609,0.023365883,1.00032737,0.73146327,0.158882928,0.099032474,1.422607627,0.568188981,107.2146937
38:00.0,367,363.92,0.028154135,-0.066334831,1.027484029,-9.925023763,9.783631497,9.247716558,-3.182926496,2.100874049,108.9417939
38:01.0,368,364.86,-0.139043836,-0.035019678,0.936452519,-12.71480148,-11.0349617,-31.3658765,-5.297183373,2.326027301,108.7390906
38:02.0,369,365.74,0.062485589,-0.154973392,1.014874863,10.78155652,-0.046964574,11.8025486,-6.938743758,-2.360072954,100.5344557
38:03.0,370,366.72,0.033373625,-0.009728111,1.034561798,5.030429174,-0.147053085,8.988203406,0.028013923,-1.478037717,106.6860147
38:04.0,371,367.7,0.016331852,-0.012790312,1.000114688,-2.047786587,0.688248947,7.330499853,-1.349780011,-0.224136455,114.5825383
38:05.0,372,368.68,0.043961898,-0.026537831,0.992286282,2.311186566,2.662783902,7.356432982,-1.167842968,-1.774573252,121.9685244
38:06.0,373,369.66,0.033823814,0.001724377,1.005396359,1.924420804,0.119539879,7.884928152,0.187669118,-1.681520941,129.4427985
38:07.0,374,370.64,0.009179591,0.034216348,0.991197624,1.425019093,1.186810619,7.524267121,2.050978698,-0.680676396,137.3537477
38:08.0,375,371.6,-0.003496177,0.047048306,0.995178979,-1.873899894,0.902848303,6.884962469,2.47167378,0.056311758,144.4550716
38:09.0,376,372.58,-0.014377504,0.040044517,0.988042186,-1.736641017,0.747676407,6.10455476,2.1486257,0.880675736,151.007398
38:10.0,377,373.56,-0.021909303,0.037718685,0.988895555,-0.580584192,0.161111496,5.494518225,2.324008671,1.34381504,156.7814812
38:11.0,378,374.54,-0.025995039,0.043516427,0.997280551,-0.000937018,-0.427577921,5.101896105,2.796988246,1.51424419,161.8027399
38:12.0,379,375.52,-0.018407993,0.035560265,0.998549743,-0.307666888,-0.113816133,5.073643162,2.292493365,1.022275791,166.7456003
38:13.0,380,376.5,-0.005968382,0.02657068,0.999647015,-0.231149573,-0.266215456,3.947713065,1.428968574,0.494792436,170.9470686
38:14.0,381,377.48,-0.004133745,0.020462643,0.999737398,0.552354333,0.456366146,3.690382981,1.322043326,0.649209104,175.986489
38:15.0,382,378.46,-0.0164624,0.02826604,0.995637026,0.494778016,0.31017605,3.18931183,1.760047848,0.798863636,200.2905014
38:16.0,383,379.44,-0.009504472,0.035080113,1.000551856,0.139065696,-0.291774202,3.375881854,2.285767658,0.4196642,-201.1945864
38:17.0,384,380.42,0.001785739,0.036513237,0.997806018,-0.274261551,0.021873749,2.859167608,2.010679086,0.038840851,-176.8184302
38:18.0,385,381.4,-0.001346269,0.02395599,1.000579472,0.28068306,0.125775801,2.55714281,1.55044485,0.219585983,-171.9726868
38:19.0,386,382.38,-0.031854865,0.006382677,0.998987173,-3.866414491,4.196231323,2.952476679,-0.171824307,2.413808605,-169.4031207
38:20.0,387,383.36,-0.06234256,-0.037985311,1.000196537,0.511139016,-1.283417208,-0.674753767,-1.834931007,3.141428589,-168.0520002
38:21.0,388,384.34,-0.056104758,-0.02442729,1.004548797,0.870524213,0.927856423,-0.908475057,-1.298904736,3.432242865,-169.1511592
38:22.0,389,385.32,-0.06934688,-0.020724841,1.002188192,-0.102551923,-0.308805062,1.293388879,-1.192894257,3.898492923,-168.8162611
38:23.0,390,386.3,-0.069898547,-0.02050273,0.995956565,0.25630271,0.053295514,1.123965497,-1.047993388,3.731668588,-166.9452791
38:24.0,391,387.28,-0.068242068,-0.013560021,0.999114803,0.430443116,-0.073364253,-0.409503193,-0.751421052,3.855070482,-166.9959339
38:25.0,392,388.26,-0.053208384,-0.003931218,0.990662071,2.093441998,-1.044235713,1.079786255,-0.033203068,3.117221795,-167.4988647
38:26.0,393,389.24,-0.113033479,-0.02978378,1.001249959,-5.944680976,2.459982932,-10.26881993,-2.943180232,6.381155203,-166.8612591
38:27.0,394,390.22,-0.093584952,-0.117721368,0.992255205,-0.428980958,-4.655515877,0.946965254,-6.199100072,4.290369775,-168.1229543
38:28.0,395,391.2,-0.10146366,-0.137817172,0.993253564,-2.641360931,0.410771943,4.45070933,-7.428047335,6.380495786,-164.6365467
38:29.0,396,392.18,-0.023282851,-0.056175384,0.994448462,14.23562543,-7.600748178,-12.07716442,-2.843270096,1.045203547,-162.2179848
38:30.0,397,393.16,-0.036613477,0.058224656,1.000361841,-0.065120197,10.15995982,6.628420379,3.568763769,2.825271174,-168.6938316
38:31.0,398,394.14,-0.10065996,0.114854036,0.9727806,2.53122406,-0.560897357,26.59530434,6.169741629,4.35407761,-158.9929235
38:32.0,399,395.1,-0.072028934,0.02783193,1.003551552,-8.485731628,-9.189144645,-1.290055305,0.277925425,2.725691017,-146.6850347
38:33.0,400,396.08,0.012272563,-0.002530313,1.000519532,-0.126756083,0.080508449,3.951727587,0.904493442,-0.554708427,-151.7113278
38:34.0,401,396.92,-0.023308409,0.005304899,0.99943691,1.413010588,0.918565757,-43.46599542,0.697865201,0.83528632,-164.4758024
38:35.0,402,397.46,-0.00492606,0.024818174,0.999005327,-0.04520253,-1.222475131,2.93403744,1.209814005,-0.305577354,-175.2016328
38:36.0,403,398.16,0.006179812,0.011518925,0.999867993,0.046509971,0.072456525,-0.367820795,0.909397761,-0.244502471,-172.7442037
38:37.0,404,398.88,0.007153291,0.010313201,1.000065089,-0.008146547,0.022668489,0.728703627,0.785580881,-0.370462782,-172.553866
38:38.0,405,399.82,0.007512719,0.018124073,1.000188064,0.053045141,0.142247673,0.02775823,0.861024356,-0.391939231,-171.065232
38:39.0,406,400.8,0.006726713,0.011581912,1.000213142,-0.040380226,0.00460338,1.569057086,0.641606198,-0.34761987,-170.9536019
38:40.0,407,401.78,0.005990989,0.010552383,1.000011486,0.012741399,-0.000625873,0.049291578,0.669418246,-0.34912658,-170.3989895
38:41.0,408,402.76,0.007044917,0.009090377,1.000015267,0.017767046,0.025828513,1.430674449,0.626650874,-0.366451057,-170.0061908
38:42.0,409,403.74,0.005839624,0.010125709,0.99982875,0.007429202,0.021195776,2.653885072,0.56438567,-0.368354804,-167.2434995
38:43.0,410,404.64,0.005916745,0.009927335,1.000194201,0.042199916,0.186800606,1.929318861,0.599779673,-0.322373887,-165.0728163
38:44.0,411,405.62,0.00542721,0.010927563,1.000315718,-0.006791859,0.058802464,0.526643497,0.59886192,-0.341847856,-163.2949251
38:45.0,412,406.6,0.004511909,0.009212009,0.999887784,0.014237487,-0.205285713,0.407445026,0.577971727,-0.327591214,-162.9855012
38:46.0,413,407.58,0.002582138,0.008759347,0.999869401,0.020586592,0.426442908,2.300733781,0.552976126,-0.099189335,-161.5873888
38:47.0,414,408.56,0.007832931,0.011855245,1.000393492,-0.000683457,-0.076681167,-0.024969648,0.697392238,-0.451287051,-160.1617477
38:48.0,415,409.34,0.006697099,0.010669514,1.000004635,-0.000319923,-0.052323442,-0.723767718,0.629870524,-0.439553257,-160.3724316
38:49.0,416,410.34,0.009852327,0.010838226,1.0007893,-0.292636333,-0.19329266,-1.58237884,0.560385268,-0.518237143,-161.3165786
38:50.0,417,411.32,0.006390031,0.011695875,1.011039506,-2.363351937,0.911107197,-1.048993551,0.304879911,-0.220628508,-162.6682001
38:51.0,418,412.32,0.021325339,-0.050504218,0.97858246,-0.09511448,0.312330267,-0.018041355,-2.629526278,-1.338235975,-162.1038193
38:52.0,419,413.3,0.017100168,-0.054114385,0.991848329,1.463409867,-0.283231046,1.151741131,-2.797009108,-1.078517844,-161.1463558
38:53.0,420,414.3,-0.054797627,-0.010750343,1.003190897,7.697732946,10.90755054,-2.144399992,0.564956006,4.925753135,-161.6688989
38:54.0,421,415.28,-0.160624572,0.052438774,1.001304133,-1.290034679,7.67065608,3.704379628,2.615508639,9.830218163,-162.3718133
38:55.0,422,416.26,-0.197846354,0.069032732,0.992660298,8.305599745,2.956493114,-4.034694953,5.162339663,11.34911216,-162.3996239
38:56.0,423,417.26,-0.181003322,0.287201317,0.94318349,11.41335448,-10.70979916,1.384760668,16.01004565,8.825683042,-164.4268298
38:57.0,424,418.24,-0.041019189,0.222454626,0.965673625,-15.3500678,-5.384177864,9.731111356,10.06897124,2.22617706,-164.9480598
38:58.0,425,419.24,0.057186347,0.077241744,0.992966393,-5.345055563,2.545937255,25.9202697,4.942087871,-3.483478445,-124.7483939
38:59.0,426,420.22,-0.010095124,-0.020777526,0.997922354,-3.260118902,6.048121355,27.74088432,0.087035692,1.182686143,-90.22719822
39:00.0,427,421.22,-0.012707331,0.062818102,1.004617736,4.87294367,-3.635929056,15.08652184,5.379224631,-1.538331204,-71.12111533
39:01.0,428,422.2,0.037485705,0.027583047,0.996422596,-5.585414627,1.123582704,10.99305291,0.62853598,-1.595697183,-58.16440872
39:02.0,429,423.18,-0.005255412,-0.032312678,0.998829009,1.092625751,2.840203384,8.351804552,-1.172743478,0.832696944,-49.35335402
39:03.0,430,424.18,-0.039044421,0.03693984,0.999000246,7.495184716,-1.0314408,3.672299197,2.62828416,2.043597536,-42.7408808
39:04.0,431,425.16,-0.019220443,0.090443049,0.995233252,-1.073347325,0.140505045,4.544435581,4.588614322,1.231373536,-38.37413491
39:05.0,432,426.16,-0.011881904,0.051971072,0.99913613,-3.470189362,-0.343749721,-5.112755043,2.370364292,0.819671956,-40.18516339
39:06.0,433,427.14,0.001234839,0.007667824,1.009277228,0.13588079,-2.023349144,-1.978736643,0.545908629,-0.394394952,-42.84718978
39:07.0,434,428.14,0.011535989,0.004740869,0.999767194,-0.573150916,-1.077577204,3.127715965,0.318524962,-0.774139567,-43.33240543
39:08.0,435,429.12,0.015808618,-0.007328906,1.00390481,-2.400292307,-0.646172933,-18.51383909,-0.011520186,-1.086881348,-56.24852421
39:09.0,436,430.1,0.000177723,0.008823337,0.998852788,0.227304163,0.778180913,-2.569005667,0.329565596,0.101542019,-60.0765218
39:10.0,437,431.1,0.017191001,0.005181514,1.002691716,1.202478047,1.356122383,0.106520392,0.01459943,-0.777921384,-60.21959378
39:11.0,438,432.08,0.01182889,-0.000971764,1.000969283,0.211691932,-1.220077437,17.5912185,-0.05647388,-0.907522871,-52.16872558
39:12.0,439,433.08,0.009750806,0.011663638,0.999367931,-0.51976524,-0.483705147,3.536570066,0.633813994,-0.77090773,-39.85815154
39:13.0,440,434.06,0.021668253,0.014231808,0.999991828,0.559776432,0.390858455,13.84769681,0.493523859,-0.906654381,-36.70733335
39:14.0,441,435.06,0.022421832,-0.007152022,0.999483723,1.168447964,0.796160969,1.683836138,-0.174172809,-0.988524146,-27.50966874
39:15.0,442,436.04,0.016087506,0.009273111,0.999811722,-0.071398106,0.080265634,12.40892545,0.158951384,-0.911810668,-18.95798078
39:16.0,443,437.02,0.011704946,-0.002558645,1.000194636,-0.241237416,-0.111436868,-1.788735928,-0.16620942,-0.579402302,-13.55375073
39:17.0,444,438.02,0.017952804,0.017877494,0.999441624,0.808195734,0.481192014,0.312379872,-0.02220789,-0.521808665,-19.32319935
39:18.0,445,439,0.01407915,-0.002590558,1.000874635,-0.857450392,-0.700150895,-3.360229555,-0.257837571,-0.865577731,-18.03494673
39:19.0,446,440,0.004023149,0.001261962,1.000339959,0.448010813,0.400007839,13.18017166,0.532063854,-0.474615567,-9.507099607
39:20.0,447,440.98,0.010888372,0.005883451,1.000459082,0.703269927,0.484931847,7.024532785,0.256254447,-0.490652203,-0.118492987
39:21.0,448,441.96,0.005477834,0.006547484,1.000281284,-1.546322032,-0.511007244,21.39112456,0.083759462,-0.371900711,13.7961065
39:22.0,449,442.96,0.009497017,-0.001034846,0.99979597,0.291928401,0.263467105,9.228635483,-0.0534818,-0.192364648,31.77475217
39:23.0,450,443.94,0.003763454,0.010720541,1.000143487,0.10220267,0.081665274,3.36530044,0.116034722,-0.146125733,37.78087559
39:24.0,451,444.94,-0.003965893,-0.013685781,1.000300312,0.476655822,-0.045301662,-1.52181345,-0.321947966,0.205502092,36.52471305
39:25.0,452,445.92,0.020049447,0.014179715,1.000028801,-0.800152921,-0.72144351,-55.16975119,0.530271866,-0.79206742,8.235611978
39:26.0,453,446.92,0.004025455,0.000217847,0.99995033,-0.56866461,0.31572122,-13.44624958,-0.110579641,-0.545930349,-18.15870858
39:27.0,454,447.9,0.010893296,0.00707955,1.001388364,-0.118697756,-0.241609789,-8.00274323,0.323805534,-0.788382758,-28.60586837
39:28.0,455,448.9,0.011197207,0.004278067,0.999886886,0.148512191,0.069695001,-5.659136125,0.300806396,-0.785456409,-34.92940551
39:29.0,456,449.88,0.009848313,0.006564272,0.999995852,-0.12219179,-0.059998016,-2.189713624,0.386822144,-0.664884358,-38.71530422
39:30.0,457,450.86,0.008958648,0.008045953,1.000006019,-0.028219167,-0.029949127,-0.651553102,0.37592,-0.609027885,-39.80425618
39:31.0,458,451.86,0.008836327,0.00694438,1.000000675,-0.000270436,-4.82E-05,0.009226686,0.414219145,-0.56344525,-39.79850392
39:32.0,459,452.84,0.008979081,0.006990749,1.00000006,3.97E-06,0.000108401,0.007468776,0.411075917,-0.535323469,-39.66994594
39:33.0,460,453.84,0.008547911,0.006982118,1.000000004,2.78E-06,1.60E-05,0.067985217,0.405864689,-0.523484827,-39.52956196
39:34.0,461,454.82,0.008280845,0.006839174,1,4.65E-07,1.78E-06,-0.006273994,0.404006077,-0.517951076,-39.35713915
39:35.0,462,455.8,0.008029465,0.006424828,1,4.85E-08,1.36E-07,0.02769757,0.395209714,-0.512894541,-39.22151862
39:36.0,463,456.8,0.008108399,0.006681118,1,4.22E-09,7.28E-09,0.005347296,0.39314837,-0.511231718,-39.08547318
39:37.0,464,457.78,0.008554015,0.005975328,1,1.61E-09,5.23E-09,0.076021593,0.391042913,-0.512018018,-38.94962293
39:38.0,465,458.78,0.008205115,0.006878271,1,-3.26E-08,5.28E-08,-0.010804408,0.395038658,-0.506111633,-38.74886655
39:39.0,466,459.76,0.0084808,0.006243309,1.000000001,-8.62E-07,2.99E-07,-0.061137339,0.39726806,-0.505562138,-38.7061428
39:40.0,467,460.74,0.008073069,0.007111529,1.000000013,-1.15E-05,-6.08E-07,0.011395528,0.392821371,-0.508585398,-38.5716152
39:41.0,468,461.74,0.008774128,0.006519226,1.000000143,-0.000116541,-3.90E-05,0.091898923,0.39223823,-0.511626992,-38.40226215
39:42.0,469,462.72,0.008390168,0.006104707,1.000001089,-0.000728604,-0.000699097,0.01574079,0.394548693,-0.508493285,-38.28982511
39:43.0,470,463.7,0.00822563,0.006542151,1.00000325,-7.96E-05,-0.007882583,-0.008017476,0.3956299,-0.507012779,-38.17814466
39:44.0,471,464.68,0.010745021,0.01039344,0.999892744,0.237059702,-0.028981872,0.208518722,0.491288907,-0.527988377,-38.1334372
39:45.0,472,465.66,0.008232685,0.008745895,0.999981462,-0.00718136,0.016657819,-0.087596365,0.511851002,-0.510138353,-37.63930604
39:46.0,473,466.64,0.008720087,0.009359486,1.000002624,-0.015670716,0.006911679,-0.17840794,0.499404075,-0.530310649,-37.64069683
39:47.0,474,467.62,0.008984081,0.009005821,1.000000657,-0.000391397,0.000369373,0.001665181,0.507600067,-0.53886623,-37.54174531
39:48.0,475,468.6,0.008999422,0.009089326,1.00000008,-1.64E-05,-1.41E-06,0.003983952,0.50869022,-0.536889173,-37.41615688
39:49.0,476,469.58,0.009001529,0.008385295,1.000000007,1.14E-06,-3.57E-06,0.069600464,0.502278511,-0.537211122,-37.28064132
39:50.0,477,470.56,0.00901264,0.00793228,1,3.29E-07,-5.52E-07,0.012217378,0.505075631,-0.5359939,-37.14112252
39:51.0,478,471.54,0.008857782,0.008496944,1,4.17E-08,-5.49E-08,-0.267111718,0.502037156,-0.530652325,-37.07188081
39:52.0,479,472.52,0.009008555,0.008167603,1,3.61E-09,-3.69E-09,-0.064395326,0.498674103,-0.534666036,-37.17292365
39:53.0,480,473.5,0.008646911,0.008923074,1,1.94E-10,-8.63E-11,0.000162871,0.502758837,-0.532094172,-36.99380556
39:54.0,481,474.48,0.009001971,0.008738502,1,-2.05E-12,1.98E-11,0.022006077,0.504421545,-0.530995763,-36.82711149
39:55.0,482,475.24,0.009003664,0.008086826,1,-5.50E-12,5.91E-12,-0.083426853,0.503870615,-0.527721035,-36.7719601
39:56.0,483,476.22,0.009002834,0.008144704,1,-3.27E-13,1.94E-13,-0.014384988,0.49763566,-0.529522668,-36.70079041
39:57.0,484,477.2,0.009031223,0.008047827,1,-1.96E-15,-2.28E-14,0.132406731,0.492152667,-0.530901987,-36.50646221
39:58.0,485,478.18,0.008841383,0.008030362,1,2.65E-15,-5.36E-15,0.004460971,0.498649677,-0.526940219,-36.31187837
39:59.0,486,479.16,0.008542926,0.00836712,1,4.37E-16,-6.42E-16,-0.124563565,0.495797229,-0.525513681,-36.16922025
40:00.0,487,480.14,0.009009732,0.007983795,1,4.52E-17,-5.29E-17,-0.004912268,0.488483661,-0.527944708,-36.17788534
40:01.0,488,481.12,0.008670474,0.007936301,1,3.18E-18,-2.56E-18,0.247633651,0.482396422,-0.531936897,-35.8480284
40:02.0,489,482.1,0.009004825,0.008313798,1,9.40E-20,7.45E-20,0.007605587,0.486092337,-0.525553547,-35.69696356
40:03.0,490,483.08,0.008993916,0.008018332,1,-1.40E-20,3.50E-20,-0.235406042,0.477548131,-0.522161406,-35.7393846
40:04.0,491,484.06,0.0089965,0.007995311,1,-3.06E-21,4.86E-21,-0.041069116,0.472154894,-0.52931433,-35.79402345
40:05.0,492,485.04,0.009015667,0.00775147,1,-3.57E-22,4.52E-22,-0.069953311,0.470777829,-0.52971415,-35.71360325
40:06.0,493,486.02,0.008878588,0.008083193,1,-2.88E-23,2.74E-23,-0.00110539,0.476285307,-0.530683876,-35.56554313
40:07.0,494,487,0.008493596,0.008053779,1,-1.32E-24,2.46E-25,-0.211171981,0.467937108,-0.526896173,-35.48477158
40:08.0,495,487.98,0.009003055,0.007602317,1,5.21E-26,-2.10E-25,0.008976241,0.455467574,-0.530923805,-35.51560125
40:09.0,496,488.96,0.009033457,0.007579115,1,2.02E-26,-3.54E-26,0.115599033,0.451013315,-0.532159189,-35.33423682
40:10.0,497,489.94,0.008900426,0.007844211,1,2.72E-27,-3.70E-27,0.048525207,0.455840531,-0.529951258,-35.12675068
40:11.0,498,490.92,0.008992691,0.007866657,1,2.48E-28,-2.64E-28,-0.158768331,0.45669539,-0.525974422,-35.09619455
40:12.0,499,491.9,0.009033632,0.007250028,1,1.45E-29,-8.32E-30,0.118327129,0.447129283,-0.531442215,-34.98656628
40:13.0,500,492.88,0.008914408,0.008083879,1,5.25E-32,1.08E-30,0.03714333,0.452715673,-0.527874912,-34.7626474
40:14.0,501,493.86,0.009004967,0.00800669,1,-1.23E-31,2.46E-31,0.017982059,0.453258315,-0.527617976,-34.62674008
40:15.0,502,494.84,0.008812294,0.008045843,1,-1.42E-32,2.97E-32,-0.192260297,0.456136203,-0.52494002,-34.54784836
40:16.0,503,495.82,0.00899853,0.007651715,1,3.92E-32,2.50E-32,0.037880592,0.448860077,-0.530344208,-34.53562241
40:17.0,504,496.78,0.009076615,0.007731878,1,6.73E-33,3.20E-31,0.352210152,0.443900951,-0.534166697,-34.17888795
40:18.0,505,497.76,0.008657918,0.007978058,1,-3.61E-30,2.95E-30,-0.018733459,0.460380511,-0.52244732,-33.91824584
40:19.0,506,498.74,0.00897619,0.00798447,1,-6.38E-29,1.62E-29,-0.016089507,0.459090491,-0.523706662,-33.78899531
40:20.0,507,499.72,0.008989503,0.00779835,1,-7.15E-28,-4.27E-29,0.032679749,0.455722142,-0.527217733,-33.70681932
40:21.0,508,500.7,0.008954188,0.007959936,1,-5.45E-27,-2.54E-27,0.236088309,0.452267406,-0.528776191,-33.4301274
40:22.0,509,501.68,0.008964745,0.007083015,1,-1.62E-26,-3.96E-26,-0.005582177,0.452859452,-0.522468435,-33.23344018
40:23.0,510,502.66,0.008991523,0.007655428,1,3.19E-25,-4.11E-25,0.045897618,0.447798277,-0.524324938,-33.10130321
40:24.0,511,503.64,0.009001493,0.007637208,1,7.36E-24,-2.81E-24,0.010939399,0.446557515,-0.523943854,-32.96085033
40:25.0,512,504.62,0.009065851,0.00706172,1,9.32E-23,-3.66E-24,0.225647585,0.44269049,-0.527057141,-32.78660324
40:26.0,513,505.6,0.008602916,0.007258559,1,8.16E-22,2.46E-22,-0.021925345,0.445913078,-0.52239867,-32.53317613
40:27.0,514,506.48,0.008890101,0.007303842,1,-1.50E-21,4.12E-21,-0.073396355,0.444172927,-0.525050653,-32.47117385
40:28.0,515,507.18,0.009009878,0.006989289,1,-2.92E-20,-1.53E-20,0.023013803,0.440243926,-0.52294982,-32.39890375
40:29.0,516,507.84,0.00891016,0.007079634,1,2.10E-19,7.22E-21,0.196660402,0.432695723,-0.524157761,-32.23986447
40:30.0,517,508.6,0.008545048,0.008082688,1,-5.56E-19,6.27E-19,-0.017222007,0.452136891,-0.518865661,-32.06636521
40:31.0,518,509.52,0.008814039,0.007890263,1,-1.17E-17,1.62E-18,0.002556052,0.455393614,-0.519636653,-31.97485857
40:32.0,519,510.5,0.008523223,0.007921519,1,-1.16E-16,-2.03E-17,-0.027365648,0.456470037,-0.51891181,-31.85612111
40:33.0,520,511.48,0.008807846,0.008056297,1,-7.28E-16,-5.33E-16,0.030827154,0.459047239,-0.521777722,-31.71261523
40:34.0,521,512.48,0.008516455,0.007744583,1,-1.62E-15,-7.30E-15,0.014792857,0.459045628,-0.521365672,-31.54063309
40:35.0,522,513.46,0.008543374,0.007869063,1,7.02E-14,-7.18E-14,-0.380715471,0.463087807,-0.515364883,-31.60453395
40:36.0,523,514.44,0.009047225,0.007990216,1,1.40E-12,-4.47E-13,0.040238773,0.461839576,-0.525610462,-31.64784033
40:37.0,524,515.44,0.008908552,0.007998664,1,1.77E-11,-9.23E-13,-0.038166061,0.465279325,-0.523876569,-31.56269531
40:38.0,525,516.42,0.008627702,0.007994449,1,1.57E-10,4.45E-11,-0.005509024,0.46879451,-0.523932936,-31.38668727
40:39.0,526,517.42,0.008797513,0.007945203,1,1.04E-09,8.59E-10,-0.175720732,0.467457188,-0.520342365,-31.36562067
40:40.0,527,518.4,0.009018257,0.008025138,1,-1.16E-09,1.10E-08,0.002618174,0.46561899,-0.525217549,-31.30980727
40:41.0,528,519.38,0.009001877,0.008000405,1,-1.36E-07,9.73E-08,0.041934569,0.469390699,-0.525163532,-31.1580258
40:42.0,529,520.38,0.009000118,0.007999887,1.000000001,-2.24E-06,6.40E-07,-0.011320173,0.471172196,-0.523390227,-31.02866162
40:43.0,530,521.36,0.009001559,0.008002141,1.000000028,-2.59E-05,-8.53E-07,-0.019766348,0.468586697,-0.523637196,-30.93400036
40:44.0,531,522.34,0.009028912,0.008033787,1.000000362,-0.000205323,-8.55E-05,0.021485475,0.469300921,-0.524120517,-30.80619881
40:45.0,532,523.34,0.008890172,0.00793048,1.000003586,-0.001095477,-0.001400807,-0.13806397,0.46692184,-0.520719639,-30.76309667
40:46.0,533,524.32,0.009036625,0.008784386,1.000020988,0.006930239,-0.015948986,0.017145164,0.478340857,-0.529491683,-30.681011
40:47.0,534,525.3,0.011983413,0.018706673,0.999954785,0.286415597,-0.179812042,-1.010928539,0.600771282,-0.55292772,-30.75676358
40:48.0,535,526.28,0.0096712,-0.011948569,0.998832531,0.016865256,0.270552444,-1.152014729,-0.04220552,-0.64154969,-31.68744641
40:49.0,536,527.1,0.010929003,0.00217264,1.000216463,0.171602476,-0.086722085,-1.252867182,0.38793437,-0.686572199,-32.49011991
40:50.0,537,527.74,0.010106448,0.013027623,1.000143158,-0.163457462,0.053082789,-4.495199647,0.312558555,-0.676476166,-34.51757735
40:51.0,538,528.22,0.009350519,0.010383466,0.999837903,-0.423991735,0.280461265,-4.497652162,0.444029366,-0.643222659,-36.57063336
40:52.0,539,528.74,0.00630156,0.00835271,1.00014665,-0.020440246,0.078424022,-4.002534281,0.258199085,-0.460425581,-38.86390299
40:53.0,540,529.62,0.009204128,0.01406158,1.000564756,-0.229761021,0.108128223,-5.450186543,0.493470614,-0.543118632,-41.35880516
40:54.0,541,530.6,0.006509933,-0.021530904,1.000372896,0.304732327,-0.262215897,-2.88690881,0.12789516,-0.52595035,-45.34047401
40:55.0,542,531.58,0.007282159,0.019743924,0.999643368,-0.153709415,-0.210417097,-4.043321222,0.326372274,-0.584733021,-49.91857676
40:56.0,543,532.56,0.009911935,0.002606121,0.999972836,-0.351165882,-0.111536007,-5.136664856,0.661360877,-0.610649933,-54.76496518
40:57.0,544,533.54,0.010608042,0.006806496,1.000351968,-0.111617409,-0.055625576,-1.061014279,0.403115135,-0.658346699,-57.38896467
40:58.0,545,534.52,0.010225131,0.006912642,0.999976237,-0.007498066,-0.039896409,-1.306708275,0.391289819,-0.629544992,-58.06061831
40:59.0,546,535.5,0.012147679,0.007394884,0.999993785,0.247395436,0.158866719,13.84109623,0.410725188,-0.547002383,-51.05978935
41:00.0,547,536.48,0.005403365,0.006966361,0.999141759,-0.437616234,0.337781082,12.49128328,0.496942468,-0.294688566,-32.21014114
41:01.0,548,537.46,0.005348337,0.001957111,1.000455525,-0.037228175,0.754659824,9.89527464,0.182924804,-0.183353904,-21.83978332
41:02.0,549,538.44,0.005873846,0.003417277,1.000624678,-0.46309358,-0.632600762,1.789696064,0.169233557,-0.44000409,-17.28973024
41:03.0,550,539.42,0.009837736,0.005250582,0.999836038,0.076980377,-0.00525386,-3.682847349,0.21210483,-0.550993344,-18.53895856
41:04.0,551,540.4,0.007851717,-0.001911273,1.000217528,-0.148043382,-0.079459465,-0.843964842,0.225151886,-0.578457355,-19.61968001
41:05.0,552,541.36,0.006927003,0.00194681,1.00021084,-0.301292671,-0.264179452,-1.778855483,0.31511031,-0.523273253,-20.56950508
41:06.0,553,542.34,0.008655632,-0.002299849,1.000576808,-0.147182126,-0.047037244,3.362010914,-0.394259196,-0.479698802,-20.50064174
41:07.0,554,543.32,0.007751761,0.022719263,1.000064506,0.072027776,-0.155747985,-1.55595708,0.343934842,-0.572126338,-18.66254823
41:08.0,555,544.3,0.00187625,-0.039030135,0.997486616,0.322475947,-0.083329742,-0.81287569,-0.605290658,-0.541995249,-20.2951782
41:09.0,556,545.28,0.011486066,-0.004036255,1.000349988,-0.364537915,0.161979301,-2.051513995,0.062360139,-0.644880197,-19.07563777
41:10.0,557,546.26,0.012430445,0.018940087,1.000099033,-0.159034321,0.038242059,-0.675495923,0.25253572,-0.688744161,-22.4214929
41:11.0,558,547.24,0.011369111,0.013773123,1.000016764,-0.247675596,-0.27850876,-16.14389854,0.453826487,-0.649307969,-29.19667667
41:12.0,559,548.22,0.010712089,-0.023152974,1.000800079,0.065799801,-0.004572109,-3.119937354,-0.310201318,-0.776685951,-36.85097941
41:13.0,560,549.2,0.012901686,0.014704599,0.999904476,0.561371669,-0.422913434,1.151754122,0.374046883,-0.898550063,-37.17337874
41:14.0,561,549.98,0.011392721,-0.008710459,1.000210252,-0.143097752,-0.166555392,0.059183507,0.092600235,-0.715867584,-36.61444741
41:15.0,562,550.96,0.012583762,0.006222889,0.999640265,-0.131181842,0.004726442,-0.670651337,-0.095917774,-0.732506201,-36.75111042
41:16.0,563,551.96,0.016669757,0.019294327,0.999750869,-0.175902306,0.256810078,4.586901424,0.275733203,-0.818217413,-36.02220302
41:17.0,564,552.94,0.011555808,-0.021087711,0.999869621,1.461834996,-0.221740864,1.208940495,-0.420469323,-0.721706432,-33.50457229
41:18.0,565,553.94,0.01052774,0.008888708,0.999727911,-0.538996455,-0.166510752,0.405326462,0.285573053,-0.662501131,-32.56262489
41:19.0,566,554.92,0.014965061,-0.000501851,1.000049647,0.290030552,0.068988402,-0.169989616,0.060172841,-0.818775636,-32.21393342
41:20.0,567,555.9,0.012665688,0.005384338,0.999786032,-0.214566597,-0.127362343,-0.852665506,0.32451721,-0.793724587,-32.40477478
41:21.0,568,556.9,0.013125789,0.007098865,0.999983816,0.061226387,0.020768051,-0.245635494,0.401700168,-0.775522421,-32.96638169
41:22.0,569,557.88,0.014221405,0.002370842,1.000001124,-0.243151739,0.002217429,-0.065283025,0.126052384,-0.837297698,-32.89073863
41:23.0,570,558.88,0.01768386,0.014542826,0.999600173,0.47500297,0.013340091,-1.473563819,0.237572213,-0.864368808,-32.89436126
41:24.0,571,559.86,0.010532117,-0.035025034,0.998475079,-0.376900302,0.176527292,-0.533166128,-1.353582412,-0.673772846,-34.17602316
41:25.0,572,560.84,0.013202802,-0.025128964,1.001589528,-2.332093676,0.028019359,0.592810231,-1.000844616,-0.690863629,-35.24271005
41:26.0,573,561.84,0.007944712,0.017481084,1.000709412,1.041029485,0.085695559,-7.209164417,-0.083708947,-0.391940493,-38.118705
41:27.0,574,562.82,0.009730938,-0.009202791,1.001287904,-0.914231898,0.579700231,-2.258513175,-0.657748413,-0.602760992,-42.77269691
41:28.0,575,563.8,0.014194012,-0.003701704,1.000554848,-0.375076702,0.046305816,-0.63717169,-0.385541668,-0.833123836,-44.20151292
41:29.0,576,564.8,0.01537011,-0.000724493,1.000020617,-0.095729925,-0.060397725,0.012710597,-0.272497161,-0.887013425,-44.18002264
41:30.0,577,565.78,0.014428652,-0.002472931,0.999999514,-0.174784038,0.014506831,0.016756638,-0.352150928,-0.842022341,-44.04064506
41:31.0,578,566.78,0.014647884,-0.002332504,0.999999783,0.019050836,-0.010864439,0.017115856,-0.246750761,-0.842136453,-43.90442448
41:32.0,579,567.76,0.015500547,-0.000899732,0.999999966,-0.215572208,0.100160613,0.021766758,-0.25799649,-0.815179909,-43.76697344
41:33.0,580,568.74,0.016146665,-0.000557526,0.999999997,-0.260673201,0.128325573,0.009100308,-0.273301778,-0.800346312,-43.63075152
41:34.0,581,569.74,0.014958339,-0.001844068,1,0.018465441,-0.00882767,0.003123717,-0.230813971,-0.820038414,-43.50150682
41:35.0,582,570.72,0.015181894,-0.001374466,1,0.001073075,-0.000530656,-0.001603778,-0.168114617,-0.853014336,-43.38066323
41:36.0,583,571.72,0.015751858,-0.000595483,1,-1.04E-05,2.85E-06,0.023247559,-0.106597132,-0.887721608,-43.24879205
41:37.0,584,572.7,0.016001304,4.57E-05,1,-8.78E-05,4.67E-05,-0.001481754,-0.072937978,-0.906695607,-43.11716682
41:38.0,585,573.68,0.015000451,-0.001861553,1,0.000388122,-0.000161182,0.012478541,-0.076803044,-0.904936695,-42.98654501
41:39.0,586,574.68,0.014697094,-0.002247802,1,0.011278243,-0.005429646,0.019564411,-0.131970668,-0.870832979,-42.85750304
41:40.0,587,575.66,0.015437011,-0.000739534,1,-0.120982937,0.054456889,0.013148853,-0.182059674,-0.844486926,-42.72238881
41:41.0,588,576.66,0.016073517,-0.000284227,1,0.005246817,-0.002906512,0.003004903,-0.134446484,-0.871535761,-42.58957956
41:42.0,589,577.64,0.014941082,-0.001888466,1,0.000172486,-9.03E-05,0.010519673,-0.114550599,-0.882868345,-42.46444996
41:43.0,590,578.62,0.014996884,-0.001472374,1,0.000652769,-0.000431668,0.024267763,-0.115191432,-0.881771898,-42.33001652
41:44.0,591,579.62,0.015831049,-0.000541313,1,-0.032081257,0.014067374,0.004577282,-0.098619476,-0.891321116,-42.20130342
41:45.0,592,580.6,0.015980703,-0.000668094,1,-0.003755415,0.001036194,0.003931454,-0.094091772,-0.894942192,-42.07294371
41:46.0,593,581.58,0.015233467,-0.001407625,1,-0.000440367,0.000129806,0.000724767,-0.079381162,-0.903296026,-41.9530816
41:47.0,594,582.58,0.014962829,-0.001945984,1,-4.68E-05,1.35E-05,0.019262256,-0.116454774,-0.880322945,-41.82178966
41:48.0,595,583.56,0.015896477,-0.000703942,0.999999992,2.52E-05,-1.80E-05,0.020283555,-0.085939267,-0.898826178,-41.68224133
41:49.0,596,584.56,0.015518811,-0.001006539,0.999999844,0.000335108,-0.000229195,0.009948708,-0.071244051,-0.906505132,-41.54983881
41:50.0,597,585.54,0.015025594,-0.001688861,0.999997981,0.002603693,-0.001893823,0.050814972,-0.090699957,-0.89666224,-41.41904725
41:51.0,598,586.52,0.01535965,-0.002005457,0.999982002,0.009057787,-0.008092725,0.266910907,-0.108639103,-0.88957266,-41.29723658
41:52.0,599,587.52,0.014711194,-0.001347307,0.999889004,-0.304468767,0.18898863,-4.172000274,-0.110732687,-0.787699428,-42.7452984
41:53.0,600,588.5,0.010492579,0.003806974,1.00035957,-0.838087213,0.417062302,-2.72760689,-0.150431067,-0.591101104,-45.18223119
41:54.0,601,589.5,0.014911686,-0.003835591,1.000207619,0.49236364,-0.325684785,-1.211240417,-0.141330416,-0.944449239,-47.04699931
41:55.0,602,590.48,0.018909266,-0.000117785,0.999882379,-0.013543119,-0.002973886,0.071348353,-0.105715691,-1.046874556,-47.35139736
41:56.0,603,591.46,0.017508951,-0.002304255,1.000025101,-0.025118694,-0.022708496,-0.131137874,-0.081471398,-1.022793131,-47.20510863
41:57.0,604,592.46,0.015244729,0.001727569,1.000395044,-1.260439293,0.7531435,2.985534023,-0.002369397,-0.783960666,-46.05572218
41:58.0,605,593.44,0.012612161,0.010002173,1.000862467,-0.066692486,0.470517205,1.163129456,0.121481207,-0.676693837,-43.84973162
41:59.0,606,594.42,0.013520639,0.000553215,1.000981461,2.065126033,-0.29701739,1.654744423,-0.313044828,-0.691144325,-43.2953236
42:00.0,607,595.42,0.020064335,-0.016488195,1.000357287,-0.759728776,-0.009278788,-3.713070811,-0.381468558,-0.984481549,-42.47326537
42:01.0,608,596.4,0.017329358,0.022193531,0.999599811,-0.245815042,-0.294266214,-2.94379542,0.163849734,-0.93078509,-46.91916264
42:02.0,609,597.4,0.011442127,-0.019032649,0.999089047,0.233501935,0.023021308,-0.866873934,-0.354205602,-0.694961291,-48.17177862
42:03.0,610,598.38,0.015791816,-0.00143789,1.000212185,-0.214722553,0.075352548,0.242966796,-0.056530124,-0.888905164,-48.44636957
42:04.0,611,599.36,0.016307395,0.000815625,1.00001776,-0.013609425,-0.004777658,-0.097746756,0.029446656,-0.943693213,-48.06252703
42:05.0,612,600.36,0.016972178,-1.80E-06,0.999984649,0.004161637,-0.000256114,0.001581217,0.043883614,-0.96648569,-47.94248219
42:06.0,613,601.34,0.017004581,2.98E-05,0.999755371,0.042439418,0.004819083,-0.025768705,0.055468896,-0.978155762,-47.82145098
42:07.0,614,602.32,0.017002451,-0.00021911,0.997606903,0.475701164,-0.01415048,-0.279690619,0.101640776,-0.998087134,-47.67511415
42:08.0,615,603.32,0.014209449,-0.036069296,1.009489999,-5.088789877,-0.416302932,6.763007273,-2.850213986,-0.844514659,-45.22099639
42:09.0,616,604.3,-0.000621319,-0.079693816,1.012475798,-2.02630528,-1.350327838,7.99704795,-4.612878993,-0.095499398,-38.736888
42:10.0,617,605.3,0.029073837,-0.058917775,1.005657695,2.188130607,-5.169142553,8.125415935,-2.936213262,-2.38117216,-31.37263224
42:11.0,618,606.28,0.043392149,-0.002325148,0.995342169,4.082193419,5.087312452,4.755130848,0.437232349,-1.389143928,-25.98577971
42:12.0,619,607.26,0.007343111,-0.014250151,0.987104617,-4.764688341,-3.00558483,10.27455319,-1.818776438,-1.140165011,-16.32179391
42:13.0,620,608.26,-0.061122781,-0.054618174,0.999611051,5.406250375,7.716528873,8.035269729,-1.79614097,4.847616751,-7.105715441
42:14.0,621,609.24,-0.085791448,0.042785964,1.002228656,0.750021567,-7.121211421,8.857650845,2.525522897,3.446013974,-0.531946427
42:15.0,622,610.24,0.067129317,0.004571755,0.985892488,-1.301293715,-1.637661465,7.897530412,-0.048054507,-3.572933218,10.25457107
42:16.0,623,611.22,0.047641688,-0.016980469,0.99450261,1.182089476,5.155533923,6.849974986,-0.538665895,-1.610854723,17.4900637
42:17.0,624,612.2,-0.039029101,0.003298019,0.997746639,0.925194679,2.811769777,5.519125437,0.477736987,2.459430818,23.70375974
42:18.0,625,613.2,-0.055345248,0.013384666,0.997574359,-0.653765828,-1.849129106,5.510536718,0.721330443,2.661078361,29.32598401
42:19.0,626,614.18,-0.017879205,-0.001078937,0.99863556,-1.157494278,-1.490612066,5.288037511,-0.127087845,0.850115236,34.75412837
42:20.0,627,615.16,-0.006693459,-0.017639864,0.999223328,-0.184783769,0.726276554,4.696361386,-0.863657981,0.657425407,39.86278705
42:21.0,628,616.16,-0.019770306,-0.016538473,1.000246115,0.414813017,0.259960455,4.059879043,-0.753803097,1.247085247,44.37971309
42:22.0,629,617.14,-0.015306384,-0.010288418,1.007418763,0.976594553,-2.447306258,3.423880329,-0.379336253,0.890760164,48.16712951
42:23.0,630,618.14,-0.007221526,-0.003201268,0.999069395,-0.374014648,0.132968012,1.208775982,-0.053800472,0.136011675,51.41598089
42:24.0,631,619.12,0.006823389,0.006071703,0.999682434,-0.028290657,-0.064651164,7.531110749,-0.087423138,0.327469969,54.55824882
42:25.0,632,620.1,-0.003219055,0.005592615,1.00010398,0.846278132,0.406741237,1.472058244,0.238997539,0.104366833,58.42679018
42:26.0,633,621.1,-0.000669957,0.006409211,0.999955406,-0.151986799,-0.143602821,0.687590044,0.333667964,0.108591847,59.7428563
42:27.0,634,622.08,0.001655627,0.007957633,1.000025291,-0.555131178,-0.372328067,-1.566996615,0.583775091,0.26422451,60.04516683
42:28.0,635,623.08,-0.009033828,0.004595923,1.000217956,1.200381556,0.357803158,-1.656840944,0.574032913,0.329515086,57.94041841
42:29.0,636,624.06,-0.004876538,0.007864492,1.000035654,-0.099798088,-0.06361082,-0.669547257,0.463844687,0.302418935,56.66947143
42:30.0,637,625.04,-0.003670871,0.005542246,0.999998757,-0.355338356,-0.144014659,-0.002771185,0.327209835,0.214821867,56.6798861
42:31.0,638,626.04,-0.002445047,0.002061851,0.999999543,0.045702628,-0.009936714,0.01162698,0.219172567,0.157176532,56.81108549
42:32.0,639,627.02,-0.00196935,0.001656065,0.999999943,0.034836888,-0.008280359,0.006581094,0.186934634,0.139133355,56.95093121
42:33.0,640,628.02,-0.001996764,0.001535462,1.000000091,-0.005653543,-0.000194662,0.004600555,0.147264884,0.137153014,57.07774596
42:34.0,641,629,-0.002009836,0.001924472,1.000000124,-0.001591944,-0.000412572,0.007259647,0.127284823,0.137742136,57.20597594
42:35.0,642,629.98,-0.002080454,0.002412253,0.999991259,0.023533873,0.009663411,-0.016649886,0.132387669,0.141243076,57.33714168
42:36.0,643,630.98,-0.002650272,0.012066301,0.999850801,0.735121263,0.293232085,-0.399440973,0.352315641,0.203203543,57.42400664
42:37.0,644,631.96,0.002028805,-0.002352886,0.999731826,1.289736963,0.497065944,-2.554414431,0.146997017,0.146784755,56.12151508
42:38.0,645,632.94,0.001512067,-0.001084013,0.999853058,0.555225862,0.191566547,-0.743078254,-0.052823921,-0.01134095,54.77053818
42:39.0,646,633.94,-0.001322763,-0.017807771,0.999614824,-0.532597671,0.100878137,-0.118958424,-0.946556336,0.074240109,54.40152916
42:40.0,647,634.92,9.70E-07,-0.008502753,1.000847929,0.241576081,-0.041342442,-0.483060226,-0.404741199,-0.023948994,54.12845672
42:41.0,648,635.92,0.000404788,-0.002912082,1.000013282,-0.005006666,-0.001909403,-0.001569753,-0.276618732,-0.06138835,54.00317099
42:42.0,649,636.9,1.41E-05,-0.0029911,0.999998219,0.000477611,-0.000450981,0.016461497,-0.227221942,-0.060024207,54.13107573
42:43.0,650,637.88,3.79E-07,-0.002999424,0.999999613,0.00012328,-5.59E-05,0.000838291,-0.209754661,-0.058602532,54.26772678
42:44.0,651,638.88,-4.91E-08,-0.00299998,0.999999957,1.42E-05,-4.76E-06,0.020791279,-0.204414274,-0.058945659,54.39606753
42:45.0,652,639.86,-1.23E-08,-0.003000002,0.999999996,1.28E-06,-2.80E-07,0.010437264,-0.202709391,-0.057435655,54.52889511
42:46.0,653,640.84,-7.15E-09,-0.003000001,1,7.48E-08,-1.15E-09,0.010816373,-0.202010989,-0.058034756,54.66080088
42:47.0,654,641.84,-1.61E-07,-0.003,1,1.40E-09,1.71E-09,0.004894674,-0.201843692,-0.058054357,54.79289335
42:48.0,655,642.82,-2.46E-06,-0.002999997,1,-2.56E-09,-8.69E-10,0.008733098,-0.200954381,-0.058069353,54.91335741
42:49.0,656,643.82,-2.71E-05,-0.002999968,1,-1.98E-08,-1.09E-08,0.010053894,-0.20096766,-0.058474605,55.05370552
42:50.0,657,644.8,0.000177945,-0.002999837,1,-1.05E-07,-4.86E-08,0.007171733,-0.19864639,-0.056708883,55.18235042
42:51.0,658,645.78,6.99E-06,-0.003000697,1,3.41E-07,3.57E-07,0.016895091,-0.200486744,-0.057081855,55.31724574
42:52.0,659,646.78,-1.49E-05,-0.003023718,1,1.59E-05,1.08E-05,-0.014845079,-0.200217707,-0.057137041,55.43730524
42:53.0,660,647.76,0.000280471,-0.002956148,1,0.000271483,0.000167059,0.010517116,-0.195457034,-0.054653534,55.55896394
42:54.0,661,648.74,-1.65E-05,-0.003038692,1,0.002921836,0.00168488,0.005829026,-0.193880915,-0.053701099,55.68796195
42:55.0,662,649.74,5.99E-05,-0.002156708,1,0.048994421,0.027632826,0.002183735,-0.168667347,-0.036814336,55.81479739
42:56.0,663,650.72,2.40E-05,-0.003025338,1.000000001,0.15127299,0.10047334,0.011340562,-0.057795377,0.033792176,55.94156455
42:57.0,664,651.72,6.88E-06,-0.001705347,1.000000004,-0.123686875,-0.076527938,0.007154025,-0.144867481,-0.022195121,56.07268867
42:58.0,665,652.7,-3.73E-05,-0.003037822,0.999999928,0.003165449,0.006553137,0.000467285,-0.214282255,-0.068261247,56.19513083
42:59.0,666,653.68,8.85E-05,-0.002633975,0.999998298,-0.003460029,-0.003393628,0.008422446,-0.20653639,-0.063518503,56.3189868
43:00.0,667,654.68,0.000746425,-0.002362783,0.999977291,0.214919464,0.10361132,0.009751083,-0.091394531,0.002242321,56.44839538
43:01.0,668,655.66,0.005425069,0.005135797,0.999798645,0.78559378,0.479547107,-0.236374738,0.019039656,0.027739646,56.54205407
43:02.0,669,656.66,-0.011260107,-0.013112292,1.000351551,0.441152303,0.448039567,4.781877551,-0.156368373,0.327799471,58.18520206
43:03.0,670,657.64,-0.006478256,0.004589908,1.000648067,-1.403108051,-0.230243969,3.182097069,0.31267176,0.011802801,62.63749389
43:04.0,671,658.62,0.019824032,0.028482813,0.999761232,-0.003578398,0.457928874,14.92219792,-0.299256562,0.393511696,72.38324674
43:05.0,672,659.62,-0.036767813,0.009484444,1.000817931,0.968421749,0.387852123,13.92104519,0.550951498,0.381257753,84.12071403
43:06.0,673,660.6,0.030674519,-0.004736168,0.999474405,-0.521526976,0.356319691,7.759326645,0.329383325,-0.205423725,97.76963407
43:07.0,674,661.58,0.00158749,0.067754752,0.999336786,-3.008684953,0.070575372,1.272823635,1.683672009,-0.218667974,96.70349858
43:08.0,675,662.58,-4.21E-05,-0.042212776,0.996334167,1.281207017,-0.227845173,-3.234466805,-1.090971045,0.101998389,102.8707099
43:09.0,676,663.56,0.000873215,-0.003907968,1.000318479,0.001759855,-0.283885312,-23.63993758,-0.226077231,-0.196425298,84.34896695
43:10.0,677,664.56,0.005949125,-0.022158775,1.024166842,-10.71884759,-2.768921506,-10.85864299,-3.194923027,-1.049178235,59.38344143
43:11.0,678,665.54,0.081073313,-0.199604506,0.978576287,-5.723140908,-2.962155996,-8.164747564,-11.88327021,-5.100428589,50.20202128
43:12.0,679,666.52,0.103382853,-0.151170961,0.99393763,4.773375043,7.90198979,-0.598106534,-7.747722863,-4.328383839,46.15993703
43:13.0,680,667.52,0.026151339,-0.006139281,1.009790475,7.871306512,0.386368026,0.043247534,0.482149598,-1.852512363,46.80721138
43:14.0,681,668.5,0.024945118,0.041288605,0.98658804,-5.257216749,2.365598422,0.302458099,0.872714157,-1.227522662,47.03379327
43:15.0,682,669.48,-0.006131863,-0.015732301,1.012594688,-0.924718506,0.43716304,-0.970531992,-1.012017118,0.19634506,47.29615057
43:16.0,683,670.48,-0.039515172,0.03094766,0.990398883,0.046967209,-0.950901726,-9.855353921,1.662591573,1.926322338,40.82961276
43:17.0,684,671.46,-0.034046381,0.017876093,0.999879685,2.303235741,2.503669388,-13.85286217,1.313145222,2.293787135,29.2796664
43:18.0,685,672.46,-0.046513937,0.047932073,0.996288292,-0.319569627,-0.494738543,-16.71211474,2.405304941,2.391526645,13.78149326
43:19.0,686,673.44,-0.051573613,0.011204175,1.00092269,1.062977802,-1.717170183,-15.69550784,0.765591761,2.4910907,-1.400382369
43:20.0,687,674.42,-0.022990347,0.024036942,1.002403514,-0.155488662,0.238243956,-11.3502572,1.133086846,1.353275852,-15.24289976
43:21.0,688,675.42,-0.031343302,0.037277466,0.992044263,-3.933328751,-4.208168869,-6.104201788,1.300128766,1.048748889,-24.39296351
43:22.0,689,676.4,-0.031923846,-0.015067833,1.001968296,-0.090454624,1.302585135,-4.488767586,-1.049691397,2.365648302,-28.87199721
43:23.0,690,677.4,-0.000972861,-0.029978179,1.010577578,1.348818967,-2.190600202,-5.195536076,-1.395614755,-0.231112174,-34.02469684
43:24.0,691,678.38,0.006535613,0.016278886,1.005167944,-7.810564397,6.552614404,-0.32293488,-0.530601408,0.742964316,-36.25389768
43:25.0,692,679.36,-0.249749527,-0.227613911,0.941754032,-10.99870286,9.928056069,0.922467588,-14.59470602,15.59554214,-35.71955259
43:26.0,693,680.36,-0.290740794,-0.249049482,0.92543259,3.165154682,-0.938592619,1.010090531,-13.73296147,16.25006023,-34.72268426
43:27.0,694,681.34,-0.168484956,-0.128342124,0.984009544,5.62389602,-8.738063038,0.935583329,-6.782178546,8.348909271,-33.26166402
43:28.0,695,682.34,-0.126568891,-0.07833633,0.995104255,-2.366073033,3.367218354,0.49600271,-5.353324969,8.312015668,-32.99988458
43:29.0,696,683.32,-0.120179877,-0.089926061,0.989426621,2.231445429,-3.626709938,1.581252314,-4.848977366,6.32200161,-31.37094486
43:30.0,697,684.3,-0.070003043,-0.049994967,0.995904289,1.466496459,-1.344032078,-0.329444128,-2.753723313,4.03964475,-30.4412582
43:31.0,698,685.3,-0.045318916,0.033038213,1.004650071,2.188288304,2.30342195,-6.002689905,2.807276873,2.836521611,-34.61979195
43:32.0,699,686.28,-0.094344382,0.025527668,0.995687784,0.281179244,-0.973523709,1.122977262,1.16034751,5.092468604,-37.46204411
43:33.0,700,687.26,-0.054021674,-0.065039381,1.000874897,-4.623735717,1.042325177,-6.793566622,-4.229577542,1.871186723,-39.11319458
43:34.0,701,688.24,-0.139418631,-0.107127109,0.991532968,-1.817830663,0.755787212,3.119724459,-6.108190318,7.919199723,-35.78208017
43:35.0,702,689.22,-0.043525994,-0.156541884,0.98198251,-1.128138471,-8.423376207,-8.428422478,-9.165364229,2.95510677,-35.92337939
43:36.0,703,690.2,0.078742532,-0.115610783,0.990857586,3.072106204,4.095165422,1.258849208,-6.366236915,-4.016646639,-40.96838099
43:37.0,704,691.18,-0.079844481,-0.04314204,0.994782057,2.467634802,4.805538728,-8.135570547,-2.536763402,4.940864233,-40.38767497
43:38.0,705,692.16,-0.125364147,-0.025992542,0.992773684,7.342029934,-0.978076162,15.97867761,-0.309442638,6.691907763,-56.68302166
43:39.0,706,693.14,-0.082587889,0.121624244,0.991352866,-4.482972944,4.453164685,3.604129456,5.39666667,5.426460247,-22.10099139
43:40.0,707,694.12,-0.110048791,0.042888985,0.992680735,-4.750298958,2.964326392,44.38202893,2.877249489,5.817341712,-17.20454608
43:41.0,708,695.1,-0.140376668,-0.021774499,0.991271317,-8.294042686,-2.28335512,-2.439033354,-1.909827414,7.502297266,24.29915527
43:42.0,709,696.08,0.030823678,-0.104644726,0.986261413,-0.632279609,-1.484410709,3.634624887,-5.349529275,-0.21826165,-6.259465839
43:43.0,710,697.06,-0.14722918,-0.064637878,0.984626198,-4.739504698,0.158459855,35.11303279,-1.570360088,7.736748877,34.29861665
43:44.0,711,698.04,-0.043667748,0.007891499,1.012374383,5.861001989,-4.210589034,-8.331770015,1.734946576,1.662939091,36.71700113
43:45.0,712,699.02,-0.065302803,0.004252795,1.001839378,-2.254103665,3.603458098,2.337034163,-0.773259444,4.392275075,38.33593519
43:46.0,713,700,-0.087892002,-0.021259957,0.997423438,1.248374589,-1.383212187,-4.682910454,-1.179721188,4.877592272,33.52670034
43:47.0,714,700.98,-0.043956368,-0.004034663,0.994476078,-0.257160565,-1.570329406,-8.808713831,-0.729567532,2.360102503,31.36666856
43:48.0,715,701.96,-0.066807205,-0.043948481,1.000594653,-5.374164275,-5.343889802,14.10712042,-2.544991641,2.550768779,27.01845712
43:49.0,716,702.94,0.037322865,0.03783467,1.000866628,2.633570395,-1.919311621,-5.991055926,1.409232932,-2.167188762,32.86562707
43:50.0,717,703.68,0.002259656,-0.027752293,0.999289436,-5.602808469,5.789906017,4.637198907,-2.206535869,1.337549339,34.15811231
43:51.0,718,704.26,-0.072100392,-0.108551317,0.991702011,-0.093251418,0.353590922,0.515556235,-5.061515959,4.100862783,35.02934968
43:52.0,719,704.88,-0.068599219,-0.08151275,1.001945074,1.13843852,-0.966768472,10.3875667,-4.608489262,3.851175103,38.22847687
43:53.0,720,705.72,-0.061091879,-0.01820403,0.991051169,-0.522824044,1.504594971,3.512726408,-1.625748853,3.771464481,44.21378093
43:54.0,721,706.7,-0.109926308,-0.037882095,0.995292451,0.886338737,-1.383933921,-3.224539641,-2.431171952,5.509744793,45.61107857
43:55.0,722,707.68,-0.061777964,-0.032057251,0.997022415,0.169405717,-0.163966357,4.238864355,-1.803114401,3.799130883,44.65315841
43:56.0,723,708.66,-0.076418084,-0.02622032,0.999130875,-0.100896338,0.417133365,2.604093976,-0.863914956,4.709741334,56.07530006
43:57.0,724,709.64,-0.087487861,-0.011734996,0.994231663,-0.071510816,0.993337363,8.570754873,-0.175086602,5.235056199,66.47027752
43:58.0,725,710.62,-0.110496642,0.005295097,0.997810684,-0.353353253,0.491630692,11.23679263,1.381846256,6.673494222,82.60312504
43:59.0,726,711.6,-0.116662502,0.069350648,0.994621372,-6.335335478,-15.08781819,16.0416889,3.587897719,4.012167865,101.6618045
44:00.0,727,712.58,0.095335865,-0.065059721,0.992929105,-2.740992792,8.065076901,19.97128921,-3.543818966,-2.823019662,115.2134831
44:01.0,728,713.56,-0.003440953,-0.102451134,0.992162826,7.378693006,-2.043470234,16.15158426,-3.730318133,-0.059471462,134.5328952
44:02.0,729,714.54,0.008214665,-0.019240364,1.002952606,0.15270929,-0.548866239,7.92016343,-0.564785198,-0.122023798,149.1214605
44:03.0,730,715.52,-0.000156436,0.004048235,0.999588555,0.557497256,-0.467219499,0.261819894,-0.011476745,-0.104124761,149.0697605
44:04.0,731,716.5,-0.001207852,0.010426205,0.999767115,0.002567441,0.549029085,-0.295291219,0.355351375,0.140988862,149.4570341
44:05.0,732,717.48,0.007402117,0.011927896,1.002336558,0.292198205,0.829343374,-0.800434604,0.57908685,-0.462891638,149.6168651
44:06.0,733,718.46,-0.234215627,0.026589817,0.974391873,7.741721523,18.29592568,-1.877323458,3.013621994,16.30358965,148.1000199
44:07.0,734,719.44,-0.22206542,0.017781942,0.970221223,-12.13857503,-16.57671416,-1.735474711,-1.103893094,9.441267566,146.9949035
44:08.0,735,720.42,-0.03765452,-0.096581764,1.01520126,14.84341822,11.0414658,-0.278063309,-2.454470422,4.715946137,145.8456926
44:09.0,736,721.38,-0.273594704,0.138276783,0.956032338,2.353169937,1.58330496,-1.632117416,7.873684448,15.30973504,144.5034962
44:10.0,737,722.36,-0.188317981,0.068401834,0.954888128,-18.29723739,-21.7636939,0.765351388,0.836925432,7.02280484,143.2019504
44:11.0,738,723.34,0.065250923,-0.205022654,0.97057956,3.529687831,8.56624216,0.858880511,-10.20010806,-0.85196266,144.6212101
44:12.0,739,724.32,-0.075383983,-0.055562917,1.020888545,11.57502241,2.623893307,1.005417476,-1.020762479,4.552120463,145.128336
44:13.0,740,725.3,-0.036992026,-0.005086152,0.969993402,-7.218611011,-2.279502141,1.460390702,-2.049258245,1.776656017,146.643372
44:14.0,741,726.28,-0.096217577,-0.047708078,0.996728843,-0.330995757,1.727612597,0.217878573,-2.742473827,5.711654148,148.7960352
44:15.0,742,727.26,-0.083118596,-0.071396067,0.997448558,0.470686481,-0.83930709,-5.162679298,-4.066674561,4.397241234,146.1801511
44:16.0,743,728.24,-0.093507161,-0.023879206,1.001905498,1.814279396,0.469247981,-5.939700058,-1.333502192,5.34939156,140.7264336
44:17.0,744,728.96,-0.085540834,-0.004976836,1.000398465,0.710423291,-1.320736882,-0.449943975,-0.510257725,4.500680885,138.6215566
44:18.0,745,729.58,-0.064739439,-0.022316953,0.997992721,-2.383355272,-0.19336298,-2.285099734,-1.737924691,3.770562822,137.547796
44:19.0,746,730.54,-0.06759267,-0.040252447,0.99587481,1.480501943,-0.007221525,-2.491821297,-2.064059869,3.840912414,135.929492
44:20.0,747,731.52,-0.064293742,-0.019739216,0.998641502,0.340569596,0.041774631,-1.817776983,-1.158986595,3.662951447,133.716444
44:21.0,748,732.52,-0.065735054,-0.022328911,0.999309098,-0.306871242,0.501431656,-1.154392541,-1.422236105,3.846067484,132.4029588
44:22.0,749,733.5,-0.093231477,-0.060047834,0.994795895,-5.197593197,2.245546983,6.832112234,-3.566004458,4.752239393,133.0076807
44:23.0,750,734.48,-0.083833739,-0.089512558,0.995386497,-0.079266086,-1.905643563,1.299762886,-5.08027887,5.812569704,136.5051273
44:24.0,751,735.48,-0.08852025,0.021005687,0.997772229,7.669423842,4.451981921,-8.892189814,0.692940313,5.332364937,134.6056998
44:25.0,752,736.46,-0.111068448,-0.000998335,0.994789007,-5.163011464,-4.540338738,6.003585489,0.209400239,5.197777552,130.5041733
44:26.0,753,737.46,-0.039794428,-0.048292026,0.996711811,0.746458446,-3.284066084,13.38876041,-2.072856567,2.294204064,138.7674505
44:27.0,754,738.44,-0.027237466,-0.017256561,1.000202249,-0.749439606,0.405273147,25.39972568,-1.049518829,2.056681507,173.5643701
44:28.0,755,739.44,-0.055629229,-0.036057513,0.9998897,-0.129948157,1.729237618,-3.866798341,-2.09788151,3.533739283,178.2566687
44:29.0,756,740.42,-0.081570721,-0.029947922,0.99785673,1.662500118,1.023917238,-6.695818089,-1.487747974,4.730852676,172.6385136
44:30.0,757,741.4,-0.084769753,-0.020278972,1.005164051,4.411246885,4.908974199,-4.662327686,-0.56483333,5.541266461,167.0900667
44:31.0,758,742.4,-0.09775474,-0.013276938,0.997973876,-9.365076423,-1.292619022,-0.954840493,-2.701244155,5.236117148,164.1397724
44:32.0,759,743.38,-0.064934087,-0.071764196,1.033857763,2.762286888,-1.23765363,2.869922238,-3.269027207,3.578299809,165.4902982
44:33.0,760,744.36,-0.037086001,-0.013950723,0.960460251,-2.205779821,-3.088860989,5.203372125,-1.268419234,1.70892078,171.8686077
44:34.0,761,745.36,-0.087044821,-0.030610175,0.998976707,2.808920673,3.255305069,-1.766816642,-1.326723195,5.481867124,171.7484348
44:35.0,762,746.34,-0.090550647,-0.006055428,1.016759657,-1.072660068,-3.606814869,-0.368579368,-0.739972183,4.399649744,170.9108124
44:36.0,763,747.34,-0.055782334,-0.022968127,1.005895775,-0.287355965,0.981328068,0.056147125,-1.376068505,3.52885128,170.8568246
44:37.0,764,748.32,-0.075614887,-0.023448917,1.003898513,0.994080474,-0.935042424,2.145163623,-1.136622806,4.141021279,172.4263651
44:38.0,765,749.3,0.002188997,0.011417647,0.98077101,-1.636480511,1.592833254,4.137474058,0.182461653,0.26506067,175.3431907
44:39.0,766,750.3,-0.077336405,-0.033467519,0.987237467,-2.668486457,4.357328299,1.731718769,-2.276169301,5.022662615,179.699126
44:40.0,767,751.28,-0.102691285,-0.052826731,0.995199186,1.590419348,-2.914392992,-1.308611743,-2.66718333,5.154964412,179.6675141
44:41.0,768,752.26,-0.061534575,-0.025450998,1.000980617,0.618690162,1.68148329,-1.824123052,-1.486096053,3.830985111,178.7159882
44:42.0,769,753.26,-0.105076467,-0.047139279,0.997935635,-5.063281216,2.585460866,1.014394857,-2.775670715,5.307802365,176.73609
44:43.0,770,754.24,-0.107276816,-0.124923613,0.996131334,-0.277397495,-4.730106696,2.557675084,-7.33658238,6.920513529,-150.9304162
44:44.0,771,755.24,-0.115750884,-0.012084654,0.993002527,7.304185083,4.742528844,-9.921538951,-0.995926289,7.076866488,201.7350234
44:45.0,772,756.22,-0.153135571,0.04797596,0.990125537,-1.078514847,-1.856034438,-1.104115057,2.436436903,8.271017863,173.1311338
44:46.0,773,757.2,-0.037074454,-0.10546775,0.989026611,-6.3368311,-8.965594856,-5.169899393,-5.442238298,1.454883142,168.9254223
44:47.0,774,758.2,0.005607294,-0.038824904,1.002688506,0.454225816,3.535738307,4.934713561,-2.492790813,0.715348448,171.5670195
44:48.0,775,759.18,-0.052573396,-0.05909515,1.006458612,-0.233635185,2.318328574,-2.206433738,-2.497800761,3.364425964,171.410042
44:49.0,776,760.18,-0.063407083,-0.01770035,0.999897362,4.644477279,-3.104851863,-4.30193226,-0.45959725,3.040631455,168.7105732
44:50.0,777,761.16,-0.079679429,0.044450861,0.995912846,-12.50748658,-2.972619756,2.728115032,0.710063933,4.453953357,169.0768987
44:51.0,778,762.14,-0.028738783,-0.062878233,0.99414134,4.663092488,2.880371522,-0.909114222,-2.436317515,2.460714013,168.7603856
44:52.0,779,763.14,-0.030630797,-0.005931354,0.996971465,1.409170234,0.490924643,2.59101375,-1.154902612,2.03392371,168.030948
44:53.0,780,764.12,-0.039451228,-0.082250857,0.999703545,-10.20277682,1.139126515,-4.076252271,-4.211240501,2.957269938,169.486193
44:54.0,781,765.1,-0.02074462,-0.176216225,0.984534615,8.591104778,-2.34415937,-0.860911785,-8.131940347,0.45052537,163.6491265
44:55.0,782,766.1,-0.043361279,-0.011586669,1.003083896,5.799124688,5.436628377,-2.324016795,-1.409969122,2.46007602,163.3706404
44:56.0,783,767.08,-0.065401226,0.022955988,0.99642499,-6.716735805,-4.683349795,0.304384912,0.089965533,3.118864957,162.6857408
44:57.0,784,768.08,-0.070886948,-0.032918323,0.996738669,3.400717622,0.02421878,-4.832546041,-1.709160081,3.162425663,160.6159576
44:58.0,785,769.06,-0.139831217,0.043297131,0.994731258,-1.319014868,3.382379318,8.010409801,2.376131676,7.77517599,163.6008917
44:59.0,786,770.04,-0.032060247,-0.008591681,0.995329932,-3.135416227,-1.038245285,-0.251115372,-0.80310467,1.903498077,164.8813665
45:00.0,787,771.02,-0.07359747,-0.046603391,0.998739961,-0.621143219,-8.038224261,-2.704942483,-1.698133878,3.973484181,163.0425429
45:01.0,788,772,-0.017675177,-0.066899555,0.996618472,3.618544183,9.676769091,-4.285514815,-3.404186592,2.155992627,160.0579768
45:02.0,789,772.98,-0.106921516,-0.041961167,0.997887995,-4.015195511,-0.947806038,8.696067814,-2.537373918,5.446592561,159.9776491
45:03.0,790,773.96,-0.1000709,-0.140860235,0.983505712,7.97590542,-5.35820903,-6.746999607,-6.459451768,4.513068918,163.138742
45:04.0,791,774.94,-0.047731275,0.079146172,0.999496937,3.355854448,1.193157315,-2.569267091,3.286369607,3.027135431,160.2833976
45:05.0,792,775.92,-0.061118871,0.017836218,1.000395086,-4.55117221,0.302220306,-0.398703425,0.054973664,3.552297064,158.6267394
45:06.0,793,776.9,-0.056802318,-0.020552458,0.998335716,1.750856004,1.352289515,-0.534883941,-0.708281524,3.423521758,158.031891
45:07.0,794,777.88,-0.081923638,0.006465269,0.997358247,1.961871195,0.776797106,-4.610680796,0.094743108,4.697487789,159.1309405
45:08.0,795,778.86,-0.106914991,0.064174327,0.998000724,-1.71424559,-2.233591521,1.431503474,3.107534871,5.448313938,156.4631941
45:09.0,796,779.84,-0.062392462,-0.021003905,0.998759577,2.549649966,1.789525217,0.033368347,0.185727699,4.132426046,156.7493393
45:10.0,797,780.82,-0.077138488,-0.009786288,0.970674784,-13.77443487,7.145456853,-4.1951592,-2.678700045,5.555936909,155.149189
45:11.0,798,781.8,-0.142015654,-0.164009667,0.977312261,10.68175702,-2.225633093,0.174509068,-8.556349008,7.271338456,151.5677634
45:12.0,799,782.78,-0.09880541,-0.011329788,1.004657341,5.216494351,-5.39024793,0.043159925,0.364292054,4.614289513,152.5346591
45:13.0,800,783.76,-0.054169672,-0.008116473,1.005565417,-6.908440868,1.841322422,-1.704515925,-1.986621792,3.696995849,151.04691
45:14.0,801,784.74,-0.06621181,-0.079823328,0.991449017,1.665580113,-0.834936399,-0.648367678,-4.128721751,3.70077817,150.0313389
45:15.0,802,785.72,-0.047043694,-0.020502145,0.99724741,2.358595689,1.35564174,0.137474323,-0.93175071,2.939079948,149.2885589
45:16.0,803,786.7,-0.091265151,0.021606479,0.999956976,-2.6567636,0.84974359,-1.919045393,1.683143936,4.921188912,150.1865722
45:17.0,804,787.68,-0.09773948,-0.090767305,0.994158857,-4.497012239,-4.402916298,5.588040397,-6.142724585,5.99734008,146.0135412
45:18.0,805,788.64,-0.072500479,-0.068112908,0.988883569,-2.153222982,-3.417800882,28.4213891,-4.107518258,4.380086611,42.04565574
45:19.0,806,789.62,-0.039849879,-0.075263387,1.002128498,-0.770545779,-2.805255298,-29.0920895,-4.480609746,1.585789987,13.03700265
45:20.0,807,790.6,0.007660079,-0.050798763,1.000583934,4.942596958,4.746362446,-45.7251793,-2.225076767,-0.07089717,131.1332437
45:21.0,808,791.58,-0.048637095,0.016818517,0.989265269,1.331777446,3.265916423,-13.23673553,0.839326482,2.654924931,101.8672839
45:22.0,809,792.56,-0.080623072,-0.06181674,0.99661692,-1.599316251,-1.615779978,-57.37435316,-4.475248028,3.262291879,68.00877623
45:23.0,810,793.44,-0.01150963,-0.075464189,0.995410735,0.530003654,2.45471672,-44.86960587,-4.238429736,0.301492358,19.92342052
45:24.0,811,794.36,-0.071845687,-0.070408928,1.00387276,3.921274402,2.121879443,-4.057210411,-3.275634116,4.091871203,4.188025342
45:25.0,812,795.34,-0.096720667,0.005147005,1.01407913,6.286590154,7.372573881,0.295194188,1.114762831,6.536826037,3.43531818
45:26.0,813,796.32,-0.106404392,0.031045865,0.986798421,-11.07056846,-15.41864649,6.513971901,-0.60303996,3.049847629,6.225124381
45:27.0,814,797.3,0.045629686,-0.093650928,1.025129242,4.165231785,7.844938848,6.412394228,-4.190053188,-0.215246794,12.01878087
45:28.0,815,798.28,-0.012061427,-0.036948599,0.996210232,0.473253535,-0.039604647,2.144041819,-2.083825503,0.696102044,17.02892628
45:29.0,816,799.26,-0.046184232,-0.012234931,1.002510383,-0.425423352,2.849028023,44.29473536,-0.386904667,3.11792259,37.70477637
45:30.0,817,800.24,-0.040867599,0.011554961,1.000934916,-3.143580838,-0.450016957,49.15744298,0.555028108,2.47119246,84.22979049
45:31.0,818,801.22,-0.047882433,-0.013850573,1.000896583,-3.737281023,-0.006664905,49.70433633,-0.708495881,3.143487718,135.3130278
45:32.0,819,802.2,-0.065829167,-0.073760918,0.998660185,-4.062872066,1.193417179,3.747895819,-4.402257232,4.152159999,158.2949582
45:33.0,820,803.18,-0.009599944,-0.066036658,0.994790294,6.556651176,0.422209023,7.348005761,-2.565646201,1.017694075,162.5812934
45:34.0,821,804.16,-0.036045353,0.021634349,1.003158952,4.1478068,3.677495776,-10.18312998,0.325422271,2.386396584,166.0508174
45:35.0,822,805.14,-0.100553854,0.050735346,1.001165467,0.398294535,-0.915132571,-0.584560578,2.580550891,4.956560216,156.436981
45:36.0,823,806.12,-0.07262728,0.047986969,1.002170342,-7.402556422,-2.455985373,3.054544484,2.310762089,4.052907865,157.654478
45:37.0,824,807.1,-0.070455368,0.019138459,0.995122344,4.926500473,0.688840059,-6.635071544,1.829051758,4.329599319,154.9854266
45:38.0,825,808.08,-0.081719968,0.092874701,0.999097301,8.470824143,5.170462856,1.694405179,5.228510602,4.78037103,152.9030829
45:39.0,826,809.06,-0.126202025,0.089107523,0.98540588,-10.76223564,-1.28442886,-3.583706115,3.370655335,6.843895405,154.6299147
45:40.0,827,810.04,-0.094195902,-0.160124294,0.975839476,-15.28675698,-5.088790373,-0.866161931,-9.670226203,5.444488503,151.1775296
45:41.0,828,811.02,0.023331881,-0.368764716,0.931656335,2.042413026,-3.28573694,-5.418374059,-19.57700327,-1.249820193,152.5951413
45:42.0,829,811.98,0.020160248,-0.240794907,0.971381721,10.52630684,5.302781262,-3.783405804,-12.50188994,-0.29494799,150.9838881
45:43.0,830,812.96,-0.048607817,-0.092960521,1.000911903,1.272995689,1.881012392,0.519496316,-6.048309788,2.505882651,148.1280057
45:44.0,831,813.94,-0.069037153,-0.099714687,0.995356596,0.43279154,1.614429416,-2.52546566,-6.249666929,3.984230666,147.8879718
45:45.0,832,814.92,-0.067910968,-0.044535735,0.99100601,5.182362354,-3.709953197,-1.195215305,-2.065049821,3.006012987,145.5563269
45:46.0,833,815.9,-0.060746312,0.09145115,0.994155008,9.191129373,2.725104557,-4.631575419,5.342739807,3.581334406,143.1312613
45:47.0,834,816.88,-0.100157915,0.281180466,0.973487114,4.458682127,1.772913906,6.339929988,15.33639435,5.2669559,147.1705934
45:48.0,835,817.86,-0.10486599,0.205270825,0.965498732,-13.27621563,1.420911921,-4.623328929,10.17582227,6.734332835,146.6759901
45:49.0,836,818.84,-0.107045104,-0.112482456,0.981579679,-16.6492684,1.086204241,3.174972886,-7.045010489,5.228331925,146.29453
45:50.0,837,819.82,-0.014326781,-0.140976797,0.98107692,17.54469595,-7.636144469,-9.366681447,-6.151972786,0.284221423,146.8272956
45:51.0,838,820.8,0.003379807,-0.017810483,1.000409977,-0.860836871,2.360291769,31.77910318,-1.025981259,0.487903161,144.0997752
45:52.0,839,821.78,-0.073424418,0.014785432,1.004494785,5.812068117,3.313109765,-8.218655844,0.081783841,4.488328743,169.4011258
45:53.0,840,822.76,-0.13205552,0.170450998,0.987143933,6.645083684,0.35356645,2.093027324,10.386598,7.303426589,165.7308578
45:54.0,841,823.74,-0.109083775,0.124251388,0.964072725,-21.77514992,-2.799439463,-3.90120148,4.813915721,5.933012699,164.2545755
45:55.0,842,824.72,-0.087877544,-0.23919618,0.968143724,0.175205832,0.720427996,-4.745344155,-12.39487594,5.207278107,160.6457789
45:56.0,843,825.7,-0.119387947,-0.03954535,1.003945648,11.4058142,6.701865458,2.530899833,-1.275228576,7.409975665,155.3767979
45:57.0,844,826.68,-0.14000083,-0.025840863,0.995812339,-10.2911943,-8.683466343,11.60610337,-0.932465935,6.935496151,162.6032741
45:58.0,845,827.66,-0.03711764,-0.129566502,0.996148365,1.463707368,0.556281284,-1.567816738,-7.918079665,2.516401496,166.2992273
45:59.0,846,828.64,-0.03466547,-0.215163156,0.987785144,-11.49130635,-0.121991223,-3.519970138,-14.16242227,2.136266158,162.9345798
46:00.0,847,829.62,-0.033592776,-0.260201711,0.94993823,15.72541473,2.94170652,-4.561827979,-13.16637523,2.010924394,159.2880549
46:01.0,848,830.6,-0.060658898,0.018921607,0.994611539,1.616919707,-4.090713497,2.648351255,1.644957281,3.095684758,161.025997
46:02.0,849,831.56,-0.020412504,-0.0403733,1.014787132,-9.423881066,-0.744973761,-4.484249397,-4.638365182,1.268086645,156.6224877
46:03.0,850,832.54,-0.021810408,-0.135484365,0.984621197,-0.240113375,3.20791761,-0.88436672,-7.703562616,2.121670824,154.4302222
46:04.0,851,833.52,-0.079582675,-0.104263207,0.987110791,4.646687522,1.491284952,1.111427785,-5.152551821,4.728183497,155.232211
46:05.0,852,834.5,-0.110140994,-0.03676904,1.00089371,4.151457506,0.609454698,-4.755175592,-2.653057524,5.601141467,154.1856079
46:06.0,853,835.5,-0.114955207,0.174631255,0.981945136,8.135730443,2.963791405,1.087422798,9.572305912,6.455861139,153.21215
46:07.0,854,836.48,-0.12436792,0.136496576,0.981404612,-7.077122286,-0.905429281,-1.232753757,6.650025581,6.808458838,153.7192895
46:08.0,855,837.46,-0.121617782,0.000911723,0.988887683,-6.82030723,-1.537475332,-1.538218347,-0.297092628,7.067055996,151.1901927
46:09.0,856,838.46,-0.073544262,-0.110899916,0.988564508,-2.453744387,-2.227426909,-1.462883606,-5.383663916,4.500081167,149.212141
46:10.0,857,839.44,-0.048938943,-0.08445987,0.995721956,10.44619974,1.305100526,0.306253172,-2.990489625,2.68586723,142.8109153
46:11.0,858,840.44,-0.014699244,0.075088155,1.006326126,-1.143146747,4.122665152,36.49959994,3.285008489,1.178968279,62.18909866
46:12.0,859,841.42,-0.073131927,0.038811251,1.001466666,-1.010905036,1.028698784,-2.997166684,1.69936923,4.438310327,-162.5144762
46:13.0,860,842.4,-0.081589826,0.015737646,0.992016918,-0.793166934,-0.990656739,-7.41833757,0.812979699,4.283128216,-26.55295458
46:14.0,861,843.4,-0.125890212,-0.025821719,0.993711553,-3.112697367,2.049746172,3.874504862,-1.242468074,6.297389696,-84.88570606
46:15.0,862,844.38,-0.053221253,-0.113908273,0.991635991,-2.826732145,-5.309623212,-1.216256701,-6.481230574,2.571386204,-164.4596097
46:16.0,863,845.36,-0.03954815,-0.077879644,0.994434734,5.236848601,3.021803013,-9.627017682,-3.620625281,2.532300455,8.191223467
46:17.0,864,846.36,-0.067394189,-0.001909527,0.999241928,3.067882304,2.07119367,0.054548304,0.178886541,3.271441502,171.1324514
46:18.0,865,847.34,-0.096714502,-0.006930834,1.001624834,-0.478593859,-1.646189051,0.120840404,-0.652157661,5.589005494,195.1960758
46:19.0,866,848.34,-0.069785238,0.01296643,0.982801301,0.352451475,1.553401388,30.62332921,0.986029186,4.374777115,-177.4911273
46:20.0,867,849.32,-0.088039781,-0.039264877,0.994796561,-8.164412128,-5.040585146,-23.03249706,-3.949953864,4.118282608,-163.86513
46:21.0,868,850.3,-0.0025055,-0.109588766,1.034008991,9.616872218,10.47050617,1.831918218,-4.170337958,2.502272174,-167.9676604
46:22.0,869,851.3,-0.094957449,0.052145587,0.999641651,5.898092776,5.340634227,1.118057252,3.589222277,5.898303459,-165.5818886
46:23.0,870,852.28,-0.09776887,0.068880841,0.977551854,-4.239612699,-5.869637998,-1.007303012,1.96120675,4.275103323,-165.0891789
46:24.0,871,853.26,-0.092816932,0.046721639,0.998580907,2.228500096,4.577750041,-0.350729519,3.15571726,6.235116773,-166.598856
46:25.0,872,854.26,-0.148163781,0.055276739,0.990841538,-4.60421574,1.002003132,-2.023584315,2.672417461,8.477886725,-168.655502
46:26.0,873,855.24,-0.17228412,-0.049009119,0.985095656,-5.310579241,-0.696653986,-1.459103045,-3.197525023,9.591561319,-169.3973859
46:27.0,874,856.24,-0.09953578,-0.094915219,0.990810703,3.442544399,-5.523099892,-2.953941551,-4.324897934,5.129009716,-171.8982348
46:28.0,875,857.22,-0.040004633,-0.00233423,1.010464805,6.28317038,-1.880208607,-2.126675365,1.491469055,2.294532029,-172.235859
46:29.0,876,858.2,0.030367547,-0.008464926,0.994817126,-7.476884547,-2.456046844,8.650642204,-0.997385729,-1.393932126,-173.4981445
46:30.0,877,859.2,0.011031731,-0.056982572,0.988111889,2.410440353,3.840159944,-9.921759113,-3.556202478,0.683660046,-193.4434599
46:31.0,878,860.18,-0.025056492,-0.01759719,0.999749525,0.131027266,0.564014657,-4.856000071,-0.947884107,1.073162419,195.7990108
46:32.0,879,861.16,-0.039954052,-0.072170339,1.005298504,-4.142358848,-2.067775613,6.345710079,-4.037865922,1.226133782,195.8962614
46:33.0,880,862.14,0.002482856,-0.234606125,0.983480337,-8.625348494,-1.205033307,2.646162744,-14.6593364,0.201179542,-198.081811
46:34.0,881,863.12,-0.024604566,-0.22482198,0.961551468,12.29751697,3.897203381,-1.663361288,-10.89891021,1.991456182,-177.650713
46:35.0,882,864.1,-0.062849447,-0.037121018,0.99982341,5.085157176,0.296639099,-3.247604284,-2.228613768,3.227343798,-176.0968108
46:36.0,883,865.08,-0.105346192,0.059171641,0.981909031,3.746114007,4.345890938,25.97689864,3.650643204,5.535182652,-164.9883844
46:37.0,884,866.06,-0.142163632,0.080228625,0.990520454,-7.571818478,-2.491001684,-1.01866449,3.162275386,8.159154514,-162.4841131
46:38.0,885,867.04,-0.048321512,-5.38E-05,0.996048183,-3.171141474,0.283509144,-4.951158061,-0.439537605,2.754684504,-164.7086548
46:39.0,886,868.02,-0.095978415,-0.04056885,0.979431534,1.616118888,-3.197106569,6.419064593,-1.56265091,4.936100104,-161.1568387
46:40.0,887,869,-0.107124686,0.034481074,0.977108926,2.244227627,1.387724594,2.780050892,2.489967666,6.369314125,-156.1429238
46:41.0,888,869.96,-0.133973218,0.038231407,1.016393217,1.379145716,9.895103685,-4.013793993,2.31586248,9.388201977,-156.4751601
46:42.0,889,870.94,-0.088874654,0.0147926,1.016161286,-1.615001443,-1.389857915,-0.564580624,0.532527533,4.816399345,-158.0527207
46:43.0,890,871.92,-0.061033966,-0.020717801,1.007459105,-0.300048769,0.249754946,-0.492366346,-1.138743739,3.776251524,-158.9967615
46:44.0,891,872.9,-0.081261169,-0.023205577,0.999579061,2.730377278,3.435611953,-0.188336605,-0.724185625,5.408325579,-158.9589267
46:45.0,892,873.88,-0.084074963,-0.009841072,0.997034226,-0.879406552,-0.393246895,-0.36034868,-0.76783984,4.70812359,-158.9202358
46:46.0,893,874.86,-0.080582553,-0.014830229,0.98841588,-2.937041828,-5.301235202,0.529927504,-1.276122832,3.554245684,-159.3312887
46:47.0,894,875.84,-0.075758326,-0.023227816,0.999419546,0.840982165,2.07830588,-0.938145219,-1.035168567,4.720042478,-159.418052
46:48.0,895,876.82,-0.071849496,-0.031005127,0.973403505,-1.753003554,-9.422345858,1.657016613,-2.23361991,2.470915698,-158.9468276
46:49.0,896,877.8,-0.006203294,-0.180193684,0.999890948,-9.832129646,4.497516906,-1.656973506,-11.66577937,1.473185578,-157.6189133
46:50.0,897,878.78,-0.063161367,-0.131547216,0.965351473,7.656075321,-5.665723661,2.623724073,-5.926064818,1.496173813,-156.8495187
46:51.0,898,879.76,-0.089990692,-0.025794131,1.007978829,-4.002156718,9.213684978,-1.304838746,-2.635993429,6.684076276,-155.4613524
46:52.0,899,880.74,-0.176807812,-0.13238151,0.97897356,-3.04888673,-6.046840808,-0.015834947,-8.001283493,9.070684998,-157.1341473
46:53.0,900,881.72,-0.113448454,0.003192172,1.001246154,16.52707627,4.662401496,-4.77864144,2.606833877,7.767593202,-157.5574443
46:54.0,901,882.7,-0.141725288,0.138652632,0.998614461,1.146234595,0.978932554,-6.063922417,7.347976194,8.183681155,-162.9874357
46:55.0,902,883.68,-0.08455992,0.028935836,1.008990484,-6.952832373,1.635676304,4.244711035,0.683421244,5.271228786,-163.2629045
46:56.0,903,884.66,0.048025677,0.03050612,0.971724163,-0.770026025,-13.00482108,-5.719456271,0.814329699,-4.682698707,-158.6860683
46:57.0,904,885.64,0.076424669,-0.08382539,0.995105049,-4.219281955,6.903097497,-3.904748283,-3.443334911,-2.501067766,-163.8377806
46:58.0,905,886.62,-0.012153787,0.040447437,1.009482218,11.6618665,2.616889514,6.107931188,3.588007657,0.938409804,-161.325405
46:59.0,906,887.58,-0.065537235,0.108105255,0.996698187,-3.790858202,-0.053243364,0.725850439,5.21042319,3.174873048,-160.112649
47:00.0,907,888.54,-0.065643994,0.027086835,0.995846727,-2.8014451,4.307151033,-1.981970979,1.392942755,4.125419965,-160.9292063
47:01.0,908,889.52,-0.145889561,-0.003127545,0.994492286,0.811803534,1.662401835,-1.754378047,0.292676446,8.321605408,-163.0776076
47:02.0,909,890.52,-0.136632347,0.004244257,0.995476441,-0.443312185,-5.500508204,-0.695858718,0.126246599,6.806788388,-164.0408398
47:03.0,910,891.5,-0.017743744,-0.178158165,0.986287608,-10.67053201,-2.957620019,-5.472742555,-10.02379929,1.666037509,-166.1140397
47:04.0,911,892.48,0.034381929,-0.213012347,0.973551643,2.529634396,-2.480760815,-2.738833798,-11.73584446,-2.378599808,-168.4544846
47:05.0,912,893.46,0.019221618,-0.142165921,0.986475257,4.944382691,4.284067061,0.893660433,-8.139366085,-0.354075667,-169.455585
47:06.0,913,894.44,-0.116712664,-0.068452908,0.998012543,0.358440435,7.059321803,6.647810373,-4.663035953,6.20608307,-166.2380054
47:07.0,914,895.42,-0.127471,-0.038771687,0.98707339,5.922169686,-2.877519188,4.291046943,-0.97236062,7.197106131,-161.5175719
47:08.0,915,896.4,-0.077150869,0.021443648,1.001214966,-7.453415735,-3.486640217,-8.899961334,-0.754915963,5.252317901,-162.4588594
47:09.0,916,897.38,-0.0347175,0.047070171,0.996972588,8.275355223,7.60242836,-5.582366738,2.495635355,1.446909423,-172.0292378
47:10.0,917,898.36,-0.145364391,-0.06123419,0.993196841,-2.275039151,3.992089249,-1.894646709,-5.972117868,8.381776206,-169.7412333
47:11.0,918,899.34,-0.143102692,0.002979765,0.994868057,14.27645811,-7.333266788,0.791681045,2.892205957,7.220172719,-173.394761
47:12.0,919,900.32,-0.100740321,0.227048633,0.982995651,2.92265824,-2.56577913,1.320358271,12.97176724,4.982879204,-171.7179122
47:13.0,920,901.3,-0.062968432,0.124741272,0.979343817,-14.11814454,2.30985415,-1.130198064,4.851929551,4.485501786,-173.7007872
47:14.0,921,902.3,-0.12936182,-0.188980555,0.95790233,-17.21315444,2.223134494,-1.069032612,-12.48571488,7.752808806,-174.4965193
47:15.0,922,903.28,-0.08238232,-0.321319792,0.948817442,14.49157845,-2.084421787,-4.378549049,-15.01948668,4.517759174,-176.5418376
47:16.0,923,904.28,-0.058349065,-0.024070981,1.015157648,14.2598227,1.194661611,0.273968789,0.09843772,3.602620045,-178.1719444
47:17.0,924,905.26,-0.069863274,-0.030082376,0.998364006,-16.28963204,-5.31514103,2.755676439,-2.447230879,3.111380287,-178.3640434
47:18.0,925,906.24,0.008651261,-0.134659789,0.999941196,0.076510843,2.96384208,-1.15306859,-7.810954347,0.617561408,-175.5176356
47:19.0,926,907.24,-0.02157848,-0.205833755,0.984763729,-7.954052526,-6.108196002,-2.073156591,-13.49178424,-0.118396816,-172.3397829
47:20.0,927,908.22,0.194081602,-0.207303401,0.942078301,3.486498077,-12.95762251,-6.813082081,-12.04497944,-12.75478195,80.40256578
47:21.0,928,909.22,0.209854975,-0.170827674,0.95595923,-3.445648222,3.946529941,-0.825661511,-10.84668724,-11.44686978,198.5458065
47:22.0,929,910.2,0.079589849,-0.343427751,0.953212708,-2.722416338,0.478170512,-3.118498088,-19.8225097,-2.670853081,-207.5530605
47:23.0,930,911.18,0.134281905,-0.330114475,0.936306238,-3.48125832,8.757649498,9.100659816,-19.71866161,-6.963262014,-145.2604007
47:24.0,931,912.18,0.131972126,-0.280816005,0.937957956,5.584422365,-0.17654367,-7.195243848,-15.4953497,-10.01848113,222.7528851
47:25.0,932,913.16,0.075319985,-0.254189469,0.954844747,7.483952144,-5.109548719,-9.815633062,-15.59910584,-4.703830347,-40.57119211
47:26.0,933,914.16,-0.048244926,0.00983152,1.031657097,31.35105165,33.9445888,3.164922756,5.421656894,9.067839259,165.9916982
47:27.0,934,915.14,-0.50992203,0.474672915,0.733931087,-0.302732021,-6.301816913,3.907400606,28.87198589,25.29931075,176.3609198
47:28.0,935,916.12,-0.364208963,0.374956837,0.872070557,-2.313602804,-2.544607394,0.048384739,22.01887716,20.43634292,178.0005726
47:29.0,936,917.12,-0.086765374,0.136228859,0.946229535,-28.01020815,-24.66924531,0.493149175,3.319145307,3.346647655,176.2826873
47:30.0,937,918.1,0.008424407,-0.141506766,0.978096028,1.389920231,9.62135632,-7.0259952,-6.10153708,2.001026925,174.1512408
47:31.0,938,919.08,-0.082344522,-0.03432485,1.038069803,3.764162351,-2.134113609,0.977558879,-0.806061667,4.052142776,171.4839149
47:32.0,939,920.08,-0.016850433,-0.093170444,0.978236147,-0.798930501,-1.612704676,0.231335944,-5.489982089,0.87843511,172.8377848
47:33.0,940,921.06,-0.113483243,-0.012772261,0.975623201,2.087415659,-2.487608882,-0.164862199,-0.415385328,5.970735432,172.1730472
47:34.0,941,922.06,-0.033753993,0.02697916,0.999433216,-1.160279398,-6.300340775,1.827413305,1.057716374,0.941724795,174.1950713
47:35.0,942,923.04,0.026594049,-0.064367272,0.984563592,-4.461215609,0.947411649,-2.11966047,-4.279471786,-0.87635509,173.7915636
47:36.0,943,924.02,-0.100930425,-0.098807948,1.001762591,5.576674378,15.83683819,-0.351143402,-4.25626663,8.597631934,172.4783757
47:37.0,944,925.02,-0.151092135,0.000726218,0.996058527,0.611969883,-10.95178828,-1.356376647,-0.180049755,6.028266458,172.2793611
47:38.0,945,926,-0.038902755,-0.041580785,1.011550319,-0.931795993,3.034280751,-1.632086034,-2.692784347,2.945888738,170.5869278
47:39.0,946,926.98,-0.116058974,-0.037679729,0.972860199,-1.752657133,-4.695127146,-3.390802526,-2.665065841,5.65385016,169.3389732
47:40.0,947,927.98,-0.039972865,-0.065390614,1.002667335,1.641055254,-1.097674308,0.910700402,-3.413495189,2.201199937,166.8989206
47:41.0,948,928.96,-0.090657536,-0.071920062,0.991453893,-3.047592467,-3.680853606,4.32598922,-4.546887594,4.427949246,169.9138768
47:42.0,949,929.96,-0.147665992,0.011273452,1.006108385,9.85596185,6.299736594,-5.609771413,2.214720724,9.53343919,170.6248321
47:43.0,950,930.94,-0.133662317,0.050264476,1.006300528,-3.9029415,3.795795688,-0.053497672,1.83047205,8.180582477,169.3339837
47:44.0,951,931.92,-0.070169905,-0.005985993,1.00738698,1.051193304,1.707084133,0.522487583,-0.230758322,4.432874051,170.8745029
47:45.0,952,932.92,-0.054674617,-0.015679038,0.989429157,-2.049701011,-7.490597699,1.659497424,-1.219596677,2.004652028,170.4757557
47:46.0,953,933.9,-0.008905206,0.011279903,0.997772925,7.668507493,4.477558404,2.538943476,0.317472387,1.285781253,173.0045931
47:47.0,954,934.9,-0.09660793,0.049853672,0.997361289,-7.787573898,4.217557508,-1.754950903,1.511140648,6.096341574,172.0557172
47:48.0,955,935.88,-0.152041571,-0.192230751,0.96572117,-9.482130678,-7.736542924,3.165151133,-10.19611585,8.01200011,192.7619001
47:49.0,956,936.86,-0.067537028,-0.219026401,0.976864665,2.09233402,-6.309937286,12.39131918,-11.28591948,2.765245617,-192.8573024
47:50.0,957,937.86,-0.020358166,-0.050651094,0.997026721,12.10902179,-0.943980917,-6.5668438,-3.035673244,1.10471462,-165.9053179
47:51.0,958,938.84,-0.063001911,0.092013377,1.00179607,3.967012845,5.678280883,-3.739075209,4.885504402,4.52946146,-175.6984704
47:52.0,959,939.82,-0.167730348,0.060955644,0.98372524,-9.969096287,4.62171778,-1.313392057,1.818611372,9.466285221,-175.4400337
47:53.0,960,940.82,-0.109197754,-0.223796794,0.971725434,-12.72174429,-14.83017405,-0.133524735,-12.01837266,3.583653271,-176.0886768
47:54.0,961,941.8,0.03490507,-0.261131632,0.966570903,5.318858698,2.420099821,3.087824971,-14.00664895,-0.39312354,-175.8780982
47:55.0,962,942.8,-0.018761995,-0.130843812,0.988427623,7.613641743,1.380447818,-2.539753873,-6.974600523,1.149202938,-174.540861
47:56.0,963,943.78,-0.045365561,-0.029540077,0.997087181,3.437549476,1.974751792,-3.474155964,-2.045726971,2.441821896,-176.0963296
47:57.0,964,944.76,-0.066513552,0.043095742,0.996904828,5.904250263,-1.445535778,-0.26586746,2.679232843,3.205824293,216.7397496
47:58.0,965,945.76,-0.064086395,0.200337358,0.974474823,4.430713954,5.129342935,1.02137051,10.81527107,4.35349777,-201.520988
47:59.0,966,946.74,-0.134128037,0.249934603,0.95659955,-2.185368218,-9.039480349,3.085954962,12.24790357,5.786497742,-178.3802037
48:00.0,967,947.72,-0.013382395,0.147616206,0.987983869,-4.142743887,1.844483355,-1.981048725,8.33569932,1.562298221,-177.9078944
48:01.0,968,948.72,-0.05146156,0.084367652,0.999200525,0.553082217,0.690145251,1.85897281,5.854445941,2.990331625,-178.0591276
48:02.0,969,949.7,-0.087855387,-0.022383828,0.999069036,-8.57174202,-2.158086725,-1.113898299,-1.692662649,4.303249948,-178.2703411
48:03.0,970,950.7,-0.047846498,-0.07963608,0.99662039,0.395915777,1.0071686,-0.253374032,-4.065884268,3.006154951,-180.6600608
48:04.0,971,951.68,-0.06447632,-0.061611039,0.995964777,1.565686504,-0.141709499,3.625109942,-3.212367836,3.668129821,-195.3503905
48:05.0,972,952.66,-0.051615804,-0.05277956,0.994495932,1.391623983,1.693438492,-28.88454301,-3.344076564,2.867469319,178.1336797
48:06.0,973,953.64,-0.078767404,-0.023182571,0.99916324,-0.364988841,0.070905324,-31.88178759,-1.917882531,4.005054106,152.8715387
48:07.0,974,954.62,-0.053812101,-0.055310537,0.998486413,1.596455713,1.312549892,-47.02856996,-3.413836457,2.439302597,110.0975962
48:08.0,975,955.6,-0.037796653,-0.026590734,0.999078246,5.293538478,-0.323365293,-22.06943643,-1.152399822,1.600817232,67.71868754
48:09.0,976,956.58,-0.007727852,-0.013014847,1.001066072,0.77272829,-0.847258936,-10.0345316,-0.46115396,0.186187689,56.5445235
48:10.0,977,957.56,-0.016134958,0.005726899,0.99727328,-0.076251977,-1.981948376,-8.299354184,-0.253362141,0.331913221,42.56687104
48:11.0,978,958.54,0.000624987,-0.003932613,0.999686218,-0.043707048,0.054024384,-1.781714257,-0.223133487,-0.032518137,38.95370741
48:12.0,979,959.52,-0.002022788,-0.001993519,0.999602284,0.074140823,-0.009518372,-0.105212907,-0.192780091,0.03696877,38.90725889
48:13.0,980,960.5,-0.001449381,-0.000908486,0.999971334,-0.005741426,0.00832475,0.010162754,-0.108107929,0.065454823,39.00815426
48:14.0,981,961.48,-0.001242255,-0.000754546,0.99992824,0.083898808,-0.033500724,0.029323734,-0.069092189,0.076632164,39.1295154
48:15.0,982,962.36,-0.001814165,-0.002035354,0.999057971,0.442978015,-0.067663256,-0.022047189,-0.080526067,0.093748108,39.21083915
48:16.0,983,963.34,-0.01030383,-0.035398855,1.003795825,-9.465544657,2.776498399,-7.33978632,-3.582948534,0.951956702,37.95793057
48:17.0,984,964.32,-0.048534447,-0.059140003,0.998425668,5.169135523,1.488170039,-0.401432916,-2.020042491,3.12636013,30.42625692
48:18.0,985,965.3,-0.006429264,-0.004735603,1.001755245,2.590900959,-1.853161198,-3.054494395,-1.148304104,0.367120019,35.21418113
48:19.0,986,966.26,0.000972777,-0.007437834,1.000138493,-0.644567575,-0.572051818,-0.3663437,-0.238041903,-0.575567919,31.43253247
48:20.0,987,967.24,-0.015377584,-0.141666577,0.998512572,-24.12961708,2.468578586,2.197483005,-12.23497153,1.611949261,30.04924549
48:21.0,988,968.22,-0.076918057,-0.341586448,0.930952605,17.37799862,10.92594235,-9.937576773,-16.85089438,4.828766099,28.54812364
48:22.0,989,969.2,-0.068326574,0.001530632,1.022601046,10.27841057,1.47591097,9.917814682,0.737015003,3.330187484,33.65006032
48:23.0,990,970.18,-0.17813547,0.147035172,0.961424789,-6.791797539,-3.077195332,9.304173324,6.487362928,8.924339214,46.58007251
48:24.0,991,971.14,-0.153418591,-0.017641152,0.99354606,-5.695385572,4.573403875,-1.852581995,-0.896173582,9.341676127,49.82580587
48:25.0,992,971.94,-0.17449214,-0.041519172,0.984611784,-5.807791653,-5.942636416,3.029929656,-1.420020065,8.879667444,47.51888833
48:26.0,993,972.92,-0.137772934,-0.084717512,0.990592327,-2.561036514,1.050083255,-6.916358689,-4.857052348,8.985373133,46.27679142
48:27.0,994,973.92,-0.083190813,-0.099604991,0.988744746,0.403535477,-6.952516704,46.58007364,-4.68203817,4.670741375,72.42076231
48:28.0,995,974.9,-0.056846378,-0.026325913,1.008185032,1.27447041,0.774799903,45.70573906,-0.888535042,4.185214813,117.4182426
48:29.0,996,975.9,-0.083393169,-0.033990304,0.990105589,-3.495496497,-4.292812972,53.90207055,-1.444519567,4.705809002,149.8504857
48:30.0,997,976.88,-0.054986005,0.009161381,0.992584324,4.920580965,3.433069518,9.337458703,1.129727668,3.587638923,-160.126954
48:31.0,998,977.88,-0.118726753,0.041925945,0.998741122,-2.971839743,2.699809062,-10.39838236,2.105427447,7.762497567,-158.7560945
48:32.0,999,978.86,-0.136052399,0.034086119,0.987078844,4.328979057,-4.619236803,5.092383353,1.786335782,6.694567508,-158.5566626
48:33.0,1000,979.86,-0.01339947,0.067869304,1.00088849,2.036459902,-6.98613451,1.33194649,4.431626898,-0.012995448,-156.0875775
48:34.0,1001,980.84,-0.021167806,0.045582024,0.996659344,-5.073172573,8.857578525,2.973720269,1.872120924,1.723963817,-154.3275664
48:35.0,1002,981.84,-0.037723753,-0.023308298,1.003615403,2.945709068,-1.695908276,-0.662578174,-0.56199495,2.769705802,-154.6287187
48:36.0,1003,982.82,-0.1526802,0.101037434,0.99110304,11.66564195,11.06815249,4.973188537,7.829142024,10.11835704,-151.7200548
48:37.0,1004,983.8,-0.267306986,0.250480562,0.92083054,-13.95527838,-15.82231074,7.402718709,12.01201041,11.63021664,-145.5807028
48:38.0,1005,984.8,-0.025179272,-0.026410767,0.985221795,-8.040207173,-6.202540856,1.677009131,-2.205240194,2.013106259,-142.6414758
48:39.0,1006,985.78,0.073639167,-0.204430154,0.980172725,-0.525917064,9.374626623,2.572745273,-10.70112889,-1.698943544,-137.4727005
48:40.0,1007,986.76,0.042420069,-0.072695985,1.005267815,-0.224874256,-1.243350129,-5.79024397,-2.734569695,-3.494729502,-139.1480501
48:41.0,1008,987.76,0.07437317,-0.156218981,0.991610978,-5.964562547,-3.805326951,-0.668402171,-9.72146969,-5.602903036,-144.4537993
48:42.0,1009,988.74,0.074595706,-0.25792658,0.969736657,-2.339188417,4.010494973,-5.4276065,-14.22490209,-3.242051057,-141.1634025
48:43.0,1010,989.74,-0.046883432,-0.227791898,0.970386329,3.630004294,6.232653061,9.243687143,-12.74345396,3.370796217,-141.2538412
48:44.0,1011,990.72,-0.102600651,-0.128540147,0.985576516,10.87049065,-2.036147048,-0.62093062,-6.363357637,4.752436158,-140.1911199
48:45.0,1012,991.7,-0.025025508,0.001028489,0.998115836,6.895953269,-2.614994053,4.721270315,-0.177994297,0.660270529,-143.8523516
48:46.0,1013,992.7,-0.053907043,0.069388438,1.000568667,-3.771102259,6.680637252,1.638667644,3.334401307,4.618582249,-136.315078
48:47.0,1014,993.68,-0.060780471,-0.021112165,1.000773069,-2.545811402,3.040036786,3.653886401,-1.464297528,4.130724684,-133.3081493
48:48.0,1015,994.66,-0.204271121,0.032179241,0.978430058,8.462946356,-0.790710427,-3.226151249,3.352678151,11.03964014,-134.2247637
48:49.0,1016,995.64,-0.154791963,0.037694293,0.991529863,-6.741324597,-8.391662016,3.145457741,0.982951838,7.236557542,-134.3193213
48:50.0,1017,996.62,-0.05684685,-0.016789307,1.002295261,1.920161158,4.98455863,4.020632026,-0.156153414,4.772704688,-131.124607
48:51.0,1018,997.6,-0.063911641,-0.023325297,0.994574911,-1.330486101,-4.035716539,5.868314184,-1.458614942,3.054184055,-125.8468658
48:52.0,1019,998.58,-0.029135705,-0.017341316,0.998074385,2.069930934,1.953150594,0.438011977,-0.582710496,2.25529722,-122.8966787
48:53.0,1020,999.56,-0.094910377,0.00872091,0.991904018,0.439621276,-1.603350887,1.874952928,0.535976025,5.00957765,-121.7822573
48:54.0,1021,1000.54,-0.039189519,0.000293827,0.997021784,-3.583251515,-2.708675386,-0.026442233,-0.605842119,1.931597592,-120.446601
48:55.0,1022,1001.52,-0.009708525,-0.050581,0.997029818,-0.402172316,1.139822104,-0.418926693,-2.745533079,0.987119012,-120.4943835
48:56.0,1023,1002.48,-0.035159293,-0.038464981,0.998576913,1.646104498,2.658780836,-0.300425581,-1.860331525,2.433054866,-120.7958543
48:57.0,1024,1003.46,-0.115392146,-0.02743148,0.996544755,-0.2710004,0.115936851,-0.45716008,-1.63987112,6.240803084,-121.328988
48:58.0,1025,1004.38,-0.087707909,-0.033089955,0.993869196,-0.627518666,-5.74238088,-1.303339835,-2.006570279,3.962612106,-121.3328237
48:59.0,1026,1005.36,-0.065546593,-0.123864881,0.995050999,-11.50527531,10.08976821,6.016138642,-8.962781904,5.640107516,-121.0455396
49:00.0,1027,1006.34,-0.115509639,-0.223933079,0.958397312,2.887138464,-5.316022892,-20.12251805,-13.00966009,5.244645805,-119.326245
49:01.0,1028,1007.3,-0.047305524,-0.123383581,0.998912025,12.73824385,-4.245577389,2.553267895,-4.879125515,1.396361153,-133.7615843
49:02.0,1029,1008.28,0.003739624,0.027409319,1.007047822,-1.157882529,4.267723553,13.29446225,0.621653472,1.200063064,-118.9247283
49:03.0,1030,1009.26,-0.137125177,0.028230337,0.986610885,6.81806562,8.981421702,11.31789828,2.863547524,9.423703804,-106.1321914
49:04.0,1031,1010.24,-0.19015553,0.075237558,0.985861959,-11.87447352,-13.10124318,3.080931529,2.124900205,8.155809743,-101.2250733
49:05.0,1032,1011.22,-0.129385751,-0.006820422,0.993903813,6.668496752,2.449686557,2.704634925,1.328195091,8.347862139,-99.5993858
49:06.0,1033,1012.2,-0.020767124,0.017402699,0.991336481,1.731540723,4.353044972,6.417426555,1.136931103,2.32180951,-94.05911651
49:07.0,1034,1013.18,-0.149093696,0.096513461,0.972133293,-1.033994676,-2.804113882,3.755050075,5.294444134,7.831018537,-90.4493681
49:08.0,1035,1014.16,-0.033017631,0.015361665,1.015712426,-14.66950926,0.5513241,1.168655973,-1.669628384,2.343826253,-86.96885416
49:09.0,1036,1015.14,-0.046676076,-0.083140611,0.999092979,13.16154238,3.692611243,-2.148611246,-1.958285463,3.428293098,-87.76032093
49:10.0,1037,1016.12,-0.077675533,0.067205618,0.99134493,-1.503755854,-0.761380042,0.748169163,3.083744273,4.044443882,-88.22171656
49:11.0,1038,1017.1,-0.067540043,-0.004902529,0.995862198,-5.6687318,-4.085222565,0.099617532,-1.212879902,3.073623775,-87.75760808
49:12.0,1039,1018.08,-0.046225805,-0.078097413,0.994281762,-1.478998086,-3.341472145,0.263023414,-4.360390756,2.210826793,-87.24920949
49:13.0,1040,1019.06,-0.071170081,-0.066846435,1.012768198,12.3737834,14.29861743,-1.177755132,-1.543192722,6.58806664,-87.13327564
49:14.0,1041,1020.04,-0.14144749,0.023630363,0.991880435,-11.58134607,-11.05009666,1.586115295,-1.284179492,5.553591273,-86.94222352
49:15.0,1042,1021.02,-0.014854173,-0.091991396,0.9974346,5.754851747,5.978857418,-0.171586738,-3.946235067,2.409720006,-87.07275568
49:16.0,1043,1022,-0.04998336,-0.019117649,0.990738554,-3.816326116,-3.528640625,1.173365282,-1.871902772,2.116561242,-86.52907396
49:17.0,1044,1022.98,-0.066396414,-0.06587312,1.015816639,7.646907133,6.169893517,-0.748878045,-2.116372724,5.012474676,-86.19965347
49:18.0,1045,1023.96,-0.111845979,0.000737647,0.997915123,2.863162312,2.242898943,-0.318261861,0.339859551,6.60125006,-85.68707237
49:19.0,1046,1024.94,-0.096120882,0.001362607,0.992019602,-4.725246423,-9.248667681,1.686382264,-0.895919775,3.990236064,-85.04331988
49:20.0,1047,1025.92,0.0020511,-0.044368295,0.989911587,-1.129644065,4.498318747,0.576556001,-2.725156936,1.201655674,-83.83660324
49:21.0,1048,1026.82,-0.098665883,-0.020232684,1.013711984,3.698227313,11.75177822,-1.938445744,-0.486432337,7.652494922,-83.62465182
49:22.0,1049,1027.5,-0.210219855,0.041442742,0.98005591,1.214245863,-5.512009783,-1.262260606,2.42035392,10.24864416,-85.2980774
49:23.0,1050,1028.24,-0.000964824,-0.077208925,0.983025306,-14.15720782,-9.673377022,1.567633402,-6.899249759,-1.038360788,-84.16391695
49:24.0,1051,1029.12,0.042777234,-0.195546094,0.976012111,7.260898173,3.409392578,0.528010368,-9.274654811,-1.228064446,-83.8321435
49:25.0,1052,1030.1,-0.04927014,-0.044548893,1.012906555,9.838372962,-1.912776201,-0.976116686,-1.09174193,2.120191309,-83.98042697
49:26.0,1053,1031.1,-0.110821225,0.027652815,1.003312076,-6.669506013,3.033693512,7.753312659,0.117833417,6.87043814,-82.08022384
49:27.0,1054,1032.08,-0.036709227,-0.091017649,0.965699859,-5.656796956,-7.968688867,7.973288132,-5.501147138,1.885509894,-70.8011488
49:28.0,1055,1033.06,0.038681034,-0.230001883,0.986975676,11.22926914,11.16289325,-28.63567882,-10.4539208,-1.049140723,-81.24158167
49:29.0,1056,1034.06,-0.075559035,-0.028375358,0.985063733,2.14879896,-3.051790165,-25.79807827,-2.25214427,2.856339067,-116.9296791
49:30.0,1057,1035.04,-0.016491074,-0.007627768,1.007365251,0.302100606,-0.580498903,1.936413883,-0.928999417,0.560838228,-122.07338
49:31.0,1058,1036.04,0.000649686,-0.020275781,1.001400616,1.74950368,-0.16702789,2.332531103,-0.950943432,0.062424212,-120.6123355
49:32.0,1059,1037.02,-6.19E-06,-0.006377791,1.000261075,0.03539535,0.611041477,3.201886918,-0.491197575,0.211166092,-117.6960601
49:33.0,1060,1038,-0.028645153,0.001208155,1.000611688,0.783359469,3.716604634,0.8823219,0.178946917,2.225472458,-115.3042476
49:34.0,1061,1039,-0.100871058,0.00676738,0.997042907,-0.714780914,4.295034314,-1.24130413,0.239811425,6.167470255,-115.6924374
49:35.0,1062,1039.98,-0.139978496,-0.015546545,0.99187835,-1.649973403,-2.23330764,1.26441337,-1.058861948,7.309876567,-115.6533272
49:36.0,1063,1040.98,-0.101590772,-0.038709418,0.993159309,-0.406636062,-1.068856298,1.181428728,-2.150155992,5.700878392,-114.1247986
49:37.0,1064,1041.96,-0.086972377,-0.035862886,0.996465137,0.212348579,-0.248992261,0.948807747,-1.973302044,5.065970987,-113.1047803
49:38.0,1065,1042.94,-0.082929135,-0.036219138,0.998151515,-0.238793856,-0.301203866,0.941465829,-2.105649082,4.781916247,-111.9550571
49:39.0,1066,1043.94,-0.076640562,-0.03894826,0.996087765,0.334551972,-0.337226876,-0.248429743,-2.199910999,4.348055242,-111.7438651
49:40.0,1067,1044.92,-0.070603647,-0.030491935,0.998071178,-0.107108181,-0.346690147,0.347162169,-1.747780789,4.025983149,-111.695243
49:41.0,1068,1045.92,-0.063396629,-0.048332292,0.998264421,-0.12731101,1.188399027,-0.060542027,-2.86103126,3.923344561,-111.8992935
49:42.0,1069,1046.9,-0.090818977,-0.043657001,0.993786706,-0.411770103,1.010033413,5.320141958,-2.470701001,4.486642992,-110.4932121
49:43.0,1070,1047.88,-0.105758002,-0.025660078,0.998342645,0.371132688,0.048647973,-2.660502906,-1.793991842,5.959422855,-109.9074987
49:44.0,1071,1048.88,-0.071410445,-0.029896912,0.998629719,-0.551190411,-1.367507058,-6.819144671,-1.435096429,4.527605295,-109.9730844
49:45.0,1072,1049.86,-0.05594263,-0.015821336,0.995807821,1.112822104,-4.287703584,46.77077772,-0.127046625,3.071907823,-99.56929793
49:46.0,1073,1050.86,-0.041269604,-0.03104953,0.992084782,-6.079600178,-0.353421837,35.96258137,-2.460177212,2.931419301,-51.16170053
49:47.0,1074,1051.84,-0.033940088,-0.109252686,0.99606214,-0.601060511,0.484921465,-38.54223634,-6.237424006,1.4339114,-66.53024852
49:48.0,1075,1052.82,-0.015777577,-0.101793505,0.996252964,6.927124234,3.074940336,-43.46746163,-4.773650081,0.618666983,-106.5933372
49:49.0,1076,1053.82,0.014039342,-0.006444226,1.004084372,0.236457186,-0.972518358,1.968689985,-0.072747791,-0.588845112,-126.9411269
49:50.0,1077,1054.8,-0.043164468,-0.026408772,0.99319729,-11.57729517,1.431290377,-2.746511248,-4.960187497,1.843348322,-125.1853023
49:51.0,1078,1055.78,-0.051020835,-0.116458279,1.016997106,14.41942275,7.390707006,-1.479991728,-3.779586404,4.049656758,-129.387618
49:52.0,1079,1056.76,-0.062884964,0.066478749,0.964159365,-5.736378012,-1.720950387,1.405504232,2.344626004,3.040976376,-126.0645512
49:53.0,1080,1057.74,-0.110546329,-0.054236533,1.017308197,2.667086091,6.09299343,-5.750487994,-2.423116578,7.235432259,-129.0855268
49:54.0,1081,1058.72,-0.093639444,-0.027302896,0.985108451,-7.648548866,-1.790914616,12.15600897,-1.436793074,4.989500161,-126.9220125
49:55.0,1082,1059.7,-0.101987871,-0.119219613,0.991965961,3.719046772,-1.489327989,-3.520397444,-6.591496612,5.487873508,-126.1521137
49:56.0,1083,1060.68,-0.10442554,-0.04429097,1.000038153,3.696847423,0.498458701,4.788036252,-1.728105954,5.056842547,-128.0656153
49:57.0,1084,1061.66,-0.095932643,-0.01322716,1.003481441,-5.047178769,2.49654535,-1.576555561,-1.78551364,6.210996637,-122.9009752
49:58.0,1085,1062.62,-0.134760933,-0.110623303,0.989616156,-4.708903663,1.689464372,-1.35787283,-6.965363262,8.154585534,-123.7697084
49:59.0,1086,1063.6,-0.10854574,-0.163305755,0.976107797,3.379230756,-5.443180018,2.586414718,-8.567411776,5.486582742,-123.5642187
50:00.0,1087,1064.58,-0.013311071,-0.059631606,0.996436515,7.40911248,-5.849720407,6.541340352,-2.770878606,1.258882606,-122.342584
50:01.0,1088,1065.56,-0.00049491,0.05355058,0.998843978,0.826657656,6.693320396,-8.489917096,2.863937616,1.333720351,-103.8868562
50:02.0,1089,1066.54,-0.071185715,0.014837878,0.999004389,-1.730828457,-3.115534118,-45.18659315,-0.153469618,2.935269161,-133.3413744
50:03.0,1090,1067.52,-0.011990371,-0.008316007,0.999772539,2.800757306,-0.444450952,-33.63219256,0.02206771,0.562873829,-49.08601505
50:04.0,1091,1068.5,-0.00743383,0.034731096,0.988947174,7.014176283,4.942686017,1.834531978,2.253654325,1.387199162,153.015324
50:05.0,1092,1069.48,-0.059986066,0.063621035,0.998937226,-6.394349089,0.204831418,-1.093289892,2.513431562,3.011393984,163.2506965
50:06.0,1093,1070.46,-0.061146036,0.011691427,1.006145586,0.657053323,-1.170312182,0.929672881,1.096579667,3.070277448,163.2560605
50:07.0,1094,1071.44,-0.075436636,-0.016247482,0.998550824,-1.559883105,0.106727202,-0.749075511,-1.022688584,4.315175491,162.9757109
50:08.0,1095,1072.42,-0.065284597,-0.029915138,0.99729774,1.539625196,-0.957350356,-1.50442354,-1.410242143,3.544436512,160.8941467
50:09.0,1096,1073.4,-0.057660398,0.009462365,1.002555433,0.471968611,-0.250000362,-2.126898078,0.935503481,3.32172831,161.3444414
50:10.0,1097,1074.38,-0.063035023,-0.017165378,0.999794184,-2.994541622,-0.188995819,-0.00058957,-1.51849193,3.674181114,161.3483419
50:11.0,1098,1075.2,-0.067668913,-0.05385583,0.994750963,-0.357721058,0.785704677,-3.607496049,-2.968426584,3.743423982,161.0087115
50:12.0,1099,1075.76,-0.062039744,-0.060927099,0.995878213,0.453979389,-1.574393802,-0.434652703,-3.259834211,3.849935314,159.214592
50:13.0,1100,1076.74,-0.056836969,-0.04930441,1.000321241,1.064903634,2.02875515,-0.692520328,-2.899055018,3.479236767,160.3856895
50:14.0,1101,1077.74,-0.073474539,-0.027741707,1.01637711,-0.835031537,-0.331901395,0.343156891,-1.869716497,4.038147929,160.0517019
50:15.0,1102,1078.72,-0.064430492,-0.040551681,0.988372636,1.580593207,-3.502721454,2.159728741,-1.915944657,3.064034159,162.1900105
50:16.0,1103,1079.72,-0.018553838,-0.075202774,0.983075551,0.47621758,9.274578134,0.757815558,-4.292257059,2.982765033,161.9355122
50:17.0,1104,1080.7,-0.103091941,-0.063381107,0.995645872,1.034139572,-1.384113936,-4.528084843,-3.557477359,5.290520003,156.936074
50:18.0,1105,1081.68,-0.082138574,-0.023740429,1.002376318,-2.494918043,-1.225006847,39.78120121,-1.295959011,4.603982311,115.9541149
50:19.0,1106,1082.68,-0.082881203,-0.060418172,0.998202326,-4.329526667,0.421916775,-37.57876788,-4.449648634,4.492704945,-33.24671086
50:20.0,1107,1083.66,-0.05523788,-0.061496087,0.999711135,7.536569436,0.795789791,-3.534597545,-2.267627191,3.334076765,152.9086915
50:21.0,1108,1084.66,-0.073626953,0.012240314,0.998134966,-1.535510508,-0.028425666,2.585443401,0.109423713,4.091765224,159.32556
50:22.0,1109,1085.64,-0.06848326,-0.01450447,0.996305144,-0.698361172,-0.056037639,3.877377303,-0.938662526,3.957252502,164.7907968
50:23.0,1110,1086.62,-0.072488464,-0.017301944,0.994739534,-0.465952889,-0.470338842,8.579877309,-0.6434646,4.082054896,190.1148488
50:24.0,1111,1087.62,-0.072178512,-0.011863914,0.997194968,-1.851907614,0.27897228,16.26326938,-0.948068654,4.39577254,-189.3885789
50:25.0,1112,1088.6,-0.047459452,0.048752266,1.005255522,4.92803822,-2.346351372,-13.38420884,4.327706081,2.592144136,-174.7403587
50:26.0,1113,1089.6,-0.054613497,0.114083661,0.996604157,6.134029687,6.362197318,34.54111589,6.312454894,3.603984715,-152.9880941
50:27.0,1114,1090.58,-0.052617603,0.152721861,0.987819102,-2.040608002,4.474146738,30.17644065,8.70475379,2.92248162,-142.9424577
50:28.0,1115,1091.56,-0.078955614,0.013602989,0.989598753,-11.43594001,2.824077694,-2.891524533,-0.818063799,4.452908029,-113.8893308
50:29.0,1116,1092.54,-0.076133358,-0.09622738,0.99063751,-0.840772626,-4.182306923,5.778726179,-4.867163017,5.08066984,-118.0017688
50:30.0,1117,1093.52,0.000255253,-0.099898833,0.98708407,1.120722155,3.704972586,-34.72184715,-5.745994865,-0.354316614,-128.5655124
50:31.0,1118,1094.5,-0.112865461,-0.119969157,0.991354356,1.089991275,1.278904202,8.421307536,-6.800599172,7.676794277,-137.9044237
50:32.0,1119,1095.48,-0.113164295,0.038893827,1.006068919,8.011703999,1.723004219,-2.496592867,2.814855672,6.290331287,-138.0423196
50:33.0,1120,1096.46,-0.096813171,0.128536066,0.999522294,4.6659578,-6.174815927,-2.370709557,8.123566198,4.062085427,-139.8042643
50:34.0,1121,1097.44,-0.090932903,0.16908499,0.976570093,-9.457576321,3.887942462,14.91300033,8.39551338,5.616025439,-127.9065936
50:35.0,1122,1098.42,-0.040456888,-0.012617497,0.990280881,-10.63682929,-1.532864231,-6.2821114,-2.065130765,2.385073984,-128.5849514
50:36.0,1123,1099.4,-0.025043383,-0.206324945,0.967753402,-6.681695336,3.780676154,0.296882946,-11.92276224,2.192196405,-128.9185077
50:37.0,1124,1100.38,-0.096455503,-0.19670192,0.982430673,16.09189221,1.420913769,-9.89640475,-7.606003614,5.106268621,-137.8515527
50:38.0,1125,1101.36,-0.074809134,-0.007298843,1.011122941,-2.303248948,-3.213875999,0.392834636,-1.961718571,3.547044899,-141.1576137
50:39.0,1126,1101.98,-0.035393848,0.00461992,1.007456032,0.682679821,1.175503773,-1.40177987,-0.159764361,2.352523505,-140.9392891
50:40.0,1127,1102.72,-0.109537152,-0.045212539,0.980495601,-4.585909492,-3.451367863,1.185525292,-3.625615801,5.529012027,-141.8149605
50:41.0,1128,1103.3,-0.031792003,-0.042796222,1.009659557,5.353569223,2.856872408,2.58062423,-1.158777978,2.319362532,-140.1354746
50:42.0,1129,1104.26,-0.122280973,-0.021953308,0.997263832,-11.95157304,-7.410519294,2.590696144,-3.583672648,5.235732855,-138.9241853
50:43.0,1130,1105.24,-0.030120798,-0.13476632,0.956883087,-1.167422274,-3.847078242,-0.770839409,-7.10980741,1.332972422,-136.9753788
50:44.0,1131,1106.22,-0.078157517,-0.109270548,1.005201902,8.081621006,7.061523728,3.736861453,-5.36248394,5.828384989,-136.4936053
50:45.0,1132,1107.1,-0.1683434,0.023226713,0.981443234,-1.490276678,-7.932063779,0.545656879,0.56500226,7.42760566,-135.682853
50:46.0,1133,1107.78,-0.039491039,-0.033845345,0.994081579,-3.633759692,-2.922117356,-0.49227222,-2.740967686,2.089691968,-135.3916275
50:47.0,1134,1108.46,-0.043963452,-0.026464029,1.016107382,10.13741185,9.541197154,-3.18350424,0.522922561,4.429928292,-136.5703147
50:48.0,1135,1109.18,-0.199957525,0.093282224,0.98409422,-1.956903907,1.664006672,-1.064393185,4.40239495,10.98421164,-138.0809998
50:49.0,1136,1109.84,-0.123196837,0.007666352,0.964767738,-15.50343316,-18.7127871,1.56698094,-1.803513389,3.586456398,-137.585446
50:50.0,1137,1110.82,0.098976645,-0.250108405,0.957041916,-4.242936984,-3.612686681,0.670202616,-14.62872016,-5.006356714,-137.8722327
50:51.0,1138,1111.8,-0.056854623,-0.082075386,1.005950637,24.27498696,20.90402846,-0.781674078,0.060486564,6.777130615,-138.1144045
50:52.0,1139,1112.78,-0.211718051,0.122802298,0.96885415,-5.405487896,-8.553904068,16.42816462,5.552112285,9.399941664,-134.7216895
50:53.0,1140,1113.76,-0.050896274,-0.023514095,0.993421932,-14.16777424,-1.052833799,-8.255858888,-3.321352916,2.423760997,-120.7643119
50:54.0,1141,1114.74,-0.012319754,-0.186090462,1.015655216,3.02285733,2.598434013,1.28651893,-9.57864552,2.286380602,-120.7115212
50:55.0,1142,1115.72,-0.05791891,-0.045186653,0.994079978,9.942389404,0.166056509,-0.942336102,-1.194316644,3.738562976,-122.5187695
50:56.0,1143,1116.7,-0.081362553,-0.040537442,0.97264042,-4.499463195,-1.078303595,-25.82321796,-3.01311683,3.686142885,-145.875679
50:57.0,1144,1117.66,-0.05787682,-0.062631779,1.000669666,4.089098047,-0.554755721,2.881026829,-2.965602285,3.199697415,-143.8642666
50:58.0,1145,1118.64,-0.054676269,-0.042103499,0.996835418,-7.170844669,-0.06821608,-0.759186466,-3.996497591,2.955632529,-144.4294529
50:59.0,1146,1119.62,-0.061805224,-0.015477487,0.987043644,6.594707051,1.13863925,1.50750894,-0.229183133,3.91558835,-142.7038841
51:00.0,1147,1120.6,-0.06455934,0.000265292,1.004712127,-3.268276953,-4.203677536,1.724532963,-1.230270939,3.157305322,-142.8440544
51:01.0,1148,1121.58,-0.013800547,-0.014079739,1.001084453,3.458838077,4.213825436,-5.763185738,0.252290143,1.645352735,-144.3071268
51:02.0,1149,1122.56,-0.075416941,-0.006363256,1.002924109,1.602816362,0.85376051,1.555296779,-0.934900324,3.807199899,-153.2117544
51:03.0,1150,1123.54,-0.093934862,0.132009771,1.001871899,9.946651162,-0.850597781,-1.413377891,8.938761649,5.21005997,-151.7455153
51:04.0,1151,1124.52,-0.041499225,0.090419783,0.968671453,-16.02793897,-3.746994082,-10.4641884,2.705622851,2.815047341,-162.5244773
51:05.0,1152,1125.5,0.008477101,-0.062468942,1.000885006,3.972530872,6.780101122,-0.284122872,-3.865316863,-1.069887219,-164.242044
51:06.0,1153,1126.48,-0.155057959,0.066031438,0.996675772,-6.699615072,-0.016441055,30.06218883,4.39552814,8.00259253,-155.1276725
51:07.0,1154,1127.46,-0.058732904,-0.015192888,0.996871567,-0.24531188,-6.356729277,-9.535714792,-1.684668203,2.834741193,-137.9300696
51:08.0,1155,1128.44,-0.090389977,0.010801059,0.997043413,-3.461580239,9.48266593,14.50383535,0.282640286,6.470825907,-137.7160528
51:09.0,1156,1129.42,-0.180831544,-0.085733037,0.981673807,-7.807781318,-3.039789319,-3.70024313,-5.568996969,10.00559197,-131.9422529
51:10.0,1157,1130.4,-0.0571502,-0.232834228,0.973081796,-1.467646754,-2.101546197,1.188703197,-12.17098213,3.15012589,-133.523849
51:11.0,1158,1131.38,-0.076154373,-0.08010466,1.017253317,15.6004935,4.578058957,1.455920698,-2.296407061,5.482284866,-130.7359545
51:12.0,1159,1132.36,-0.072265791,0.012715802,0.96846049,-8.218282724,-2.707199944,-3.20390892,-1.06916723,3.443078458,-130.3531718
51:13.0,1160,1133.34,-0.016825841,-0.161902372,0.989521531,-7.204458879,-4.350356309,-2.889551355,-9.811476122,1.449994724,-132.0694132
51:14.0,1161,1134.32,-0.044829712,-0.166428352,0.980639586,6.206304927,8.414657307,7.173783907,-8.519371902,3.09883092,-132.5430489
51:15.0,1162,1135.3,-0.128985347,-0.095727498,1.00362231,1.866397278,-1.499169417,-2.381212102,-5.607653605,6.70362646,-129.9247525
51:16.0,1163,1136.28,-0.000299379,-0.072667139,0.991577634,3.229755833,-8.228591077,0.696174943,-3.994390456,-1.078791823,-130.2671787
51:17.0,1164,1137.26,0.007171533,-0.107931223,0.990705739,4.435001181,12.05707377,-0.403772725,-4.421152327,2.25925136,-130.7374551
51:18.0,1165,1138.26,-0.115862352,-0.09756072,0.972862621,2.142668319,-3.167955123,0.754612604,-5.820092724,5.596654204,-129.8256266
51:19.0,1166,1139.24,-0.06758807,0.031645125,1.008423172,3.399389016,-1.087052836,-0.528615383,1.964174218,3.394724581,-128.9531216
51:20.0,1167,1140.22,-0.059261846,0.048186147,0.995358526,-2.659805862,-0.945485008,-0.52402503,0.51216176,3.542476232,-129.2993642
51:21.0,1168,1141.22,-0.067525798,0.072846329,1.001822254,-7.23085135,-5.999416556,5.524025026,2.902782269,2.896833937,-127.7855936
51:22.0,1169,1142.2,-0.005434577,0.016287423,0.998397322,0.31532019,0.113672597,3.772794049,1.632100039,0.814759489,-123.4082553
51:23.0,1170,1143.18,0.001084236,0.003151286,1.000683398,0.283005452,0.754870307,-0.303539669,0.581478563,0.188939515,-121.5777742
51:24.0,1171,1144.18,0.000462144,-0.027064626,1.023601246,-4.764945928,13.2501248,-4.264366358,-2.113481046,2.143954108,-122.2469451
51:25.0,1172,1145.16,-0.220750036,-0.023338493,0.946955539,0.699549125,-9.043051528,-1.07161557,-1.047836233,10.12762147,-125.2310081
51:26.0,1173,1146.16,-0.082237008,-0.033253258,1.027899068,-1.680813832,0.593013122,-0.442874516,-2.313657109,4.972422067,-126.2645158
51:27.0,1174,1147.14,-0.119529241,-0.007791046,0.962409163,0.367730517,-2.503859955,2.772218904,-0.257791141,6.39603042,-123.8321798
51:28.0,1175,1148.12,-0.095519737,-0.034563054,1.017991874,1.168419755,4.403398705,0.465665892,-1.705304445,6.468269906,-122.9087388
51:29.0,1176,1149.12,-0.059846291,-0.029731464,0.988471547,1.634991322,1.080253706,0.802077112,-1.647924619,3.860561862,-123.2138727
51:30.0,1177,1150.1,-0.08568656,-0.026064564,1.013806029,0.51852249,1.899814038,-0.537248408,-1.44262278,5.107284342,-122.0120028
51:31.0,1178,1151.1,-0.094954402,0.018414174,0.985715233,3.406792972,-1.991178465,-5.907141581,0.738940827,5.012604016,-123.8885024
51:32.0,1179,1152.08,-0.065810824,0.09181533,1.004765123,-0.960988165,-2.931376321,0.481030865,4.325883968,3.276500034,-126.5258559
51:33.0,1180,1153.06,-0.056771391,0.114688802,1.002121505,9.434322779,3.586845028,1.084210551,7.7577827,3.925379863,-125.4880933
51:34.0,1181,1154.06,-0.128291183,0.17564215,0.954317214,-18.34289694,4.711003385,-4.651948241,7.30716939,7.315079306,-126.0893518
51:35.0,1182,1155.04,-0.121692131,-0.063078347,0.994432397,-0.793889041,-11.62714559,1.830272202,-2.479224354,4.837173281,-126.6682083
51:36.0,1183,1156.02,-0.120782061,0.003799814,1.000415132,9.594885364,10.6212358,-4.185393005,1.814577001,9.421759537,-129.5562142
51:37.0,1184,1157.02,-0.307330639,0.113555115,0.949576676,0.034889532,4.02880743,2.031449729,6.875614335,17.94120298,-131.9632559
51:38.0,1185,1158,-0.007082893,-0.208715857,0.97177879,-25.22722314,-24.9349043,-2.12158779,-15.73866423,-2.961283188,-131.2936085
51:39.0,1186,1159,0.056350403,-0.273428824,0.939811044,15.92604544,10.95348402,-5.366598979,-12.61365473,-0.696282791,-133.2537344
51:40.0,1187,1159.98,-0.00210578,-0.018736938,1.018703164,1.745599644,-0.168358009,0.097241875,-1.676989872,-0.144800235,-137.0444505
51:41.0,1188,1160.96,-0.006274804,0.007974534,1.001533945,0.89804064,-0.014642414,0.112866673,-0.142640129,0.197697053,-136.0200295
51:42.0,1189,1161.96,-0.006049217,0.016144596,0.997420982,0.93288176,-0.657718069,0.029995496,0.808937092,0.16158182,-135.8817551
51:43.0,1190,1162.94,-0.066458148,-0.114362371,0.983003891,-8.521223147,3.8656178,3.847117834,-7.73504738,4.609927075,-133.7443725
51:44.0,1191,1163.94,-0.042584069,-0.215312542,0.976886624,10.46263826,-4.681909287,3.991314904,-10.16640419,2.094916537,-128.3053943
51:45.0,1192,1164.92,-0.018026223,0.008414077,1.019644952,-7.208609976,7.09631158,-2.643062954,-1.795120781,2.169016574,-129.1659026
51:46.0,1193,1165.9,-0.128367997,-0.07573811,0.992234743,2.001167753,-0.258048559,2.006053834,-3.794208124,6.742622387,-129.2316044
51:47.0,1194,1166.9,-0.032338116,-0.052336197,0.988402208,0.709146639,-2.857732408,-2.537119157,-3.594903664,2.183648441,-127.1682984
51:48.0,1195,1167.88,-0.05341113,-0.061765892,1.005335582,5.117029537,-2.902514111,0.2915273,-2.088343095,1.274754215,-128.8784785
51:49.0,1196,1168.86,-0.006041923,0.003898644,0.999638737,-1.324246942,-0.412374457,0.683408513,-0.340907726,0.66063096,-126.9984243
51:50.0,1197,1169.82,-0.046478628,-0.073093953,1.010443957,-8.420438465,6.994388563,-2.9015568,-6.348487877,3.722567199,-130.2697535
51:51.0,1198,1170.8,-0.124765969,-0.173662342,0.955744164,0.63875052,1.117177326,8.707836002,-9.059965918,7.517426749,-122.8994855
51:52.0,1199,1171.78,-0.106037624,-0.141937372,0.992136893,1.648960993,0.278111486,-0.691497842,-7.682915138,5.187965682,-120.0480161
51:53.0,1200,1172.78,-0.118691566,-0.101507362,0.994746772,4.062282056,-3.013939863,1.440406672,-5.152826935,6.833072099,-117.2753156
51:54.0,1201,1173.76,-0.071475669,-0.006743157,1.012840624,5.717620664,0.341445573,-2.113123144,-0.698535191,4.887319602,-117.5003283
51:55.0,1202,1174.76,-0.033011742,0.080898556,0.972292976,-5.109306057,-5.352080482,3.318121521,3.366973855,0.899726702,-117.3904009
51:56.0,1203,1175.74,-0.061888588,0.033957351,0.996096799,1.913032768,5.285051443,4.51128178,2.586000229,4.547764791,-113.0602108
51:57.0,1204,1176.74,-0.065691655,0.02257016,1.000453729,-1.808478022,-2.064252518,-1.127342825,1.059175937,3.251180882,-111.5048738
51:58.0,1205,1177.72,-0.08830202,-0.004015914,1.001657184,0.44385881,1.792107181,-1.810603157,-0.029973502,5.288213603,-113.0763413
51:59.0,1206,1178.7,-0.101451697,0.000855119,1.001101292,-1.099800376,-0.408190023,0.954231422,-0.077094558,5.599360092,-113.8527678
52:00.0,1207,1179.7,-0.083745533,-0.017581078,0.998782111,-0.182966022,-0.420398745,1.66403518,-0.923914955,4.730075619,-111.708707
52:01.0,1208,1180.68,-0.083784158,-0.016365159,0.994619098,1.159828303,-0.168502626,-0.53995887,-0.757240699,4.789370075,-111.6140472
52:02.0,1209,1181.66,-0.074979849,0.000270545,0.996188261,-0.544229839,-0.921744573,-0.796312919,-0.135368472,4.135930654,-111.7282402
52:03.0,1210,1182.66,-0.066454175,-0.009528892,0.997788326,-0.724831413,-0.089469887,-0.196973069,-0.702662702,3.884040222,-112.2270857
52:04.0,1211,1183.64,-0.070094058,-0.022018409,0.996628078,-0.302688047,-0.003417254,-0.187572118,-1.279799352,4.083819514,-112.2411136
52:05.0,1212,1184.64,-0.066670518,-0.018840483,0.998067002,-0.00265666,0.080522538,-0.167593097,-1.072652148,3.855601987,-112.4808435
52:06.0,1213,1185.62,-0.071807362,-0.025931202,0.999326428,-0.776883576,0.037981681,0.215537834,-1.631560485,4.121331485,-112.4077487
52:07.0,1214,1186.6,-0.070632583,-0.036211461,0.997649733,0.105308444,-0.134662943,0.576067577,-2.032180767,4.039263217,-112.0200321
52:08.0,1215,1187.6,-0.070264783,-0.030324052,0.997388104,0.225113747,0.048556535,0.985689554,-1.714917546,4.05453064,-110.8302305
52:09.0,1216,1188.58,-0.074046841,-0.034318255,0.998293783,-0.89009325,0.0961706,0.494422692,-2.108077144,4.266500946,-110.0214959
52:10.0,1217,1189.58,-0.074363955,-0.040573806,0.997529862,0.195528924,0.218332554,-0.094604077,-2.248287699,4.304746562,-109.6993772
52:11.0,1218,1190.56,-0.075984612,-0.039961448,0.996606984,0.003861445,0.044973575,0.165165394,-2.266025917,4.372795702,-109.4563278
52:12.0,1219,1191.54,-0.07746172,-0.036949023,0.996659952,0.106831446,0.283592098,-0.097672008,-2.106794131,4.492689424,-109.2484099
52:13.0,1220,1192.54,-0.075695702,-0.030537767,0.997237851,0.070804459,-0.012807556,-0.515050942,-1.830125177,4.295528731,-109.5970759
52:14.0,1221,1193.52,-0.074770326,-0.028161307,0.997941581,1.269566976,-0.616502428,-1.42652999,-1.847674451,4.044424239,-109.487336
52:15.0,1222,1194.5,-0.070638847,0.016039199,1.000739622,2.028032833,-0.486878598,0.830029312,1.564640404,4.095423547,-110.3544159
52:16.0,1223,1195.5,-0.066046591,-0.008973333,0.999597812,-5.556994299,0.981955082,2.120989928,-1.456478519,3.985116443,-108.5837807
52:17.0,1224,1196.48,-0.074736385,-0.073387245,0.993299274,0.146009369,-0.073347434,0.573270089,-3.834239273,4.26266637,-107.0874875
52:18.0,1225,1197.48,-0.068389122,-0.0455119,0.997290599,2.278357539,-0.043457003,-0.645096786,-2.12783814,3.945256559,-107.3014714
52:19.0,1226,1198.46,-0.077513756,-0.033032154,1.000987423,-1.388426178,0.796711051,0.574955963,-2.234567019,4.5859965,-107.4683077
52:20.0,1227,1199.44,-0.079961611,-0.050563768,0.996320516,0.086604414,-0.218099043,0.288531185,-2.849278657,4.508864288,-106.6514788
52:21.0,1228,1200.42,-0.077283642,-0.044203721,0.996757071,0.833398893,0.144108991,-0.253988068,-2.462294201,4.447488998,-106.566772
52:22.0,1229,1201.4,-0.07753871,-0.037005819,0.999218519,-0.227766211,-0.163458417,0.511488505,-2.234945616,4.387661122,-106.222809
52:23.0,1230,1202.38,-0.075538969,-0.04083422,0.996832673,0.134055543,0.128640094,0.132175823,-2.320263112,4.335759406,-105.7647493
52:24.0,1231,1203.36,-0.077773338,-0.034191404,0.997391308,0.179552103,-0.131527857,0.236571942,-1.983167297,4.389224281,-105.5802909
52:25.0,1232,1204.34,-0.074612856,-0.033631959,0.997953787,-0.026454354,-0.293431514,0.322524812,-1.968732601,4.237745477,-105.2487191
52:26.0,1233,1205.32,-0.07030127,-0.031503101,0.998031476,-0.098568994,-0.268284031,0.044734959,-1.86123774,3.990051585,-104.7798897
52:27.0,1234,1206.3,-0.06771741,-0.030352514,0.99862304,0.342585425,-0.021270039,-0.070390303,-1.726032965,3.932719515,-104.8217457
52:28.0,1235,1207.28,-0.06868614,-0.028720138,0.998533614,0.264381171,0.071137561,0.127114473,-1.712042137,3.942839451,-104.7001088
52:29.0,1236,1208.24,-0.067009705,-0.021504909,0.99795091,1.612220091,-0.156038421,-0.164584996,-1.470626004,3.870460892,-104.5818198
52:30.0,1237,1209.22,-0.070330343,0.046897048,0.999861227,2.621341894,-0.790473411,0.067893801,2.895210244,3.855157684,-103.9975916
52:31.0,1238,1210.2,-0.057615714,0.071468367,0.997827247,-1.239814482,1.026472732,0.537535713,3.765366726,3.556082765,-103.6498643
52:32.0,1239,1211.18,-0.065458659,-0.038421415,0.995453021,-8.951846619,-2.352033001,0.110380867,-2.797310179,3.430777141,-103.4032913
52:33.0,1240,1212.16,-0.022727108,-0.093614514,0.990998761,2.832238299,-1.783308504,-0.314630537,-4.552351122,1.909677539,-103.5678121
52:34.0,1241,1213.14,-0.054632383,-0.072165753,0.995230155,0.450711149,4.479268395,-1.114938917,-4.02667168,3.764716168,-103.9561527
52:35.0,1242,1214.12,-0.11725433,-0.065243808,0.99545682,-0.452290466,0.38088221,0.93306627,-3.771700492,6.503857208,-103.2811176
52:36.0,1243,1215.1,-0.089407626,-0.061629825,0.996296659,2.25755373,-1.429317341,-3.890640028,-3.365388896,4.832998712,-107.7850527
52:37.0,1244,1216.08,-0.072944972,-0.039154516,0.998250739,-1.263030101,0.336368281,-3.467306064,-2.659927112,4.227482216,-107.9169608
52:38.0,1245,1217.06,-0.079995191,-0.056445542,0.995879775,0.928069958,-0.620449957,-0.888496176,-2.991983305,4.445744771,-116.1682596
52:39.0,1246,1218.04,-0.100565295,-0.082750445,0.99430069,-1.208795094,0.551410257,3.134816014,-4.837050743,5.924033285,-109.3891006
52:40.0,1247,1219.02,-0.096799631,-0.0935889,0.994139915,-1.636104802,-1.803382106,-0.882099011,-5.581070709,5.288541528,-110.1068665
52:41.0,1248,1220,-0.064702912,-0.081445919,0.992700411,5.298911357,-1.438106397,0.704865385,-3.851999853,3.679750045,-110.0216632
52:42.0,1249,1220.98,-0.031142649,0.013776224,0.999005349,3.181840575,-0.193157908,-0.679515433,0.834336497,2.004186619,-109.7365102
52:43.0,1250,1221.96,-0.04576242,0.016438703,0.99879676,-3.983439628,2.416875783,-3.585274935,0.053923855,3.132135988,-109.7410522
52:44.0,1251,1222.94,-0.079338678,-0.036386146,0.996553076,0.346766937,-0.0595794,-0.968157336,-1.807810452,4.409576952,-114.5668835
52:45.0,1252,1223.92,-0.069648872,-0.025482147,0.997395692,0.258588537,-0.839050863,0.324496143,-1.377926511,3.710701392,-113.2273524
52:46.0,1253,1224.9,-0.060885988,-0.039538256,0.998266568,0.459091686,-0.742222675,-27.59404712,-2.723105173,3.128201114,-132.6052503
52:47.0,1254,1225.86,-0.058803391,-0.031522915,0.998855181,-3.346374902,-0.783959719,25.73123846,-2.113455854,3.40142146,-133.7657901
52:48.0,1255,1226.84,-0.049582808,-0.062549798,1.001090635,-0.649001863,2.608428653,-0.449737925,-3.374123063,3.466536935,-116.9907727
52:49.0,1256,1227.84,-0.089502436,-0.064201214,1.000936609,2.202113859,0.7538261,-5.327575915,-3.279900171,5.018713804,-121.0407461
52:50.0,1257,1228.82,-0.070136015,0.066969578,0.997272079,11.43670356,-1.561487911,-3.112944797,4.204362288,3.774433537,-125.0636779
52:51.0,1258,1229.82,-0.034691006,0.237308333,0.982884581,-1.728093796,1.797199099,14.70210632,13.57327699,1.030916573,-103.3839729
52:52.0,1259,1230.8,-0.027285353,0.005657112,0.992625851,-16.31095832,2.194720958,-3.493394155,-2.185054656,2.746764929,-103.3397895
52:53.0,1260,1231.78,-0.051794381,-0.110820275,0.979486467,3.280659592,5.379305122,-3.817355857,-5.52323183,4.243564804,-107.2205605
52:54.0,1261,1232.78,-0.11944987,-0.087625643,0.990739995,0.475193582,-1.40954708,-0.126428308,-4.647316426,6.253851553,-108.0170775
52:55.0,1262,1233.76,-0.076635122,-0.045923011,1.000619084,3.18841093,-3.464082854,0.807649019,-2.301155139,3.697492117,-107.6639346
52:56.0,1263,1234.76,-0.048555712,-0.007086809,1.003064142,1.471947366,2.660867475,0.054709378,-0.386307417,3.423845727,-107.2356471
52:57.0,1264,1235.74,-0.084870062,0.015490688,0.998542042,0.87748707,-0.222241533,0.430360132,0.936990639,4.698070674,-106.8309408
52:58.0,1265,1236.74,-0.07671173,0.021060404,0.995255391,-0.203397773,-0.031150037,-0.567035817,1.134610541,4.387345252,-106.833725
52:59.0,1266,1237.72,-0.085511576,-0.034960413,0.99706037,-9.188462027,-0.150569788,-1.575614102,-1.678736779,4.419713725,-107.008879
53:00.0,1267,1238.7,-0.080639998,-0.084560643,0.983612762,-0.815955781,-1.304362119,25.9514374,-5.429695896,5.087641003,-92.99971455
53:01.0,1268,1239.7,-0.04381052,-0.132034392,0.99224766,1.286266056,-0.52022998,0.581252419,-7.134883441,3.003457969,-86.74218544
53:02.0,1269,1240.68,-0.042126729,-0.072002946,1.000480404,4.365221542,3.700473349,-0.376167074,-3.559936684,3.076579919,-87.25576226
53:03.0,1270,1241.68,-0.108540653,-0.090010684,0.999355484,-0.172938722,2.172130422,-21.54961075,-5.966717012,6.009751489,-102.4666135
53:04.0,1271,1242.66,-0.100219473,-0.069363509,0.996576767,4.391562069,-3.410414218,-1.882315056,-3.30372119,4.627560197,-108.7706493
53:05.0,1272,1243.64,-0.063903513,-0.021703752,0.998211263,0.940665857,1.519357154,2.621587099,-1.389440694,4.057618793,-108.3413776
53:06.0,1273,1244.64,-0.084968036,-0.010434071,0.997693783,-1.390242578,0.176386812,3.856611481,-0.921877218,4.918799022,-104.8252473
53:07.0,1274,1245.62,-0.076491908,-0.025963904,0.998099336,-0.47704939,-0.247339629,3.210433878,-1.55081382,4.444173236,-100.5469418
53:08.0,1275,1246.62,-0.096520034,-0.041094132,0.991796321,-0.999774893,0.961097637,6.132575811,-2.256898012,5.209468169,-95.81970092
53:09.0,1276,1247.6,-0.084362691,-0.054093445,0.995511251,-3.213620551,-0.978280172,-1.381470362,-3.454528878,4.814334757,-94.07385891
53:10.0,1277,1248.58,-0.077477338,-0.093833072,0.996409089,-0.850659976,1.480073597,0.266856487,-5.393023237,4.819210588,-94.35215197
53:11.0,1278,1249.58,-0.102254968,-0.102992818,0.989487053,0.805399719,-1.435011598,-0.926001418,-5.794227993,5.562881592,-94.45276459
53:12.0,1279,1250.56,-0.053514608,-0.067325369,0.995894767,3.237559568,-2.49112921,2.328005361,-3.454688623,3.329608374,-94.00399495
53:13.0,1280,1251.56,-0.005503463,0.072437174,1.001939882,6.820675905,-2.194965348,0.860757546,4.260811552,0.137329293,-96.34717646
53:14.0,1281,1252.54,0.004368164,0.117359544,0.996285287,0.048161052,-1.943157931,-24.82543114,6.279456476,0.213096193,-106.6397672
53:15.0,1282,1253.52,-0.03041854,0.06428153,0.991079384,-8.842037668,1.098703622,-6.482853022,2.311973068,1.414413905,-101.3169429
53:16.0,1283,1254.52,-0.075454495,-0.134207525,0.983235895,-4.452153263,6.542209041,-2.226735401,-7.191194039,5.222162396,-109.9248975
53:17.0,1284,1255.5,-0.106492972,-0.114431067,0.989483962,6.203591779,-3.57079838,2.730701223,-5.38675243,5.250046155,-110.8644839
53:18.0,1285,1256.48,-0.069735335,0.023029621,1.004096758,3.428497576,1.347408863,3.236599246,1.127999429,4.249815571,-104.1698459
53:19.0,1286,1257.48,-0.101708542,0.014178556,0.999457692,-4.45980408,0.262382354,2.328801615,0.130805295,5.738022552,-102.536314
53:20.0,1287,1258.46,-0.082396674,-0.048306633,0.994062073,-1.469044078,-1.475364243,-0.228822673,-2.869496478,4.546367449,-101.5916003
53:21.0,1288,1259.46,-0.0650731,-0.047344164,0.996143629,1.152086958,0.609151084,-0.061656695,-2.450722683,3.981497397,-101.6742324
53:22.0,1289,1260.44,-0.081662496,-0.037942292,0.998183768,-0.420826792,0.166048928,0.591081014,-2.317774791,4.709475596,-101.4204959
53:23.0,1290,1261.42,-0.082173073,-0.048022338,0.997637844,-0.485597944,0.030605558,0.89069607,-2.805065565,4.698336833,-100.341308
53:24.0,1291,1262.4,-0.085306961,-0.049211588,0.996894848,0.170189479,-0.002341961,-0.777389549,-2.772291171,4.88425956,-100.2367592
53:25.0,1292,1263.38,-0.09464733,-0.038287601,1.013195227,4.994351583,6.024698584,-1.277608387,-1.459967213,6.382895046,-101.1136925
53:26.0,1293,1264.36,-0.069677131,-0.017885103,0.978958778,-3.625080488,-3.059728804,0.605408125,-1.816580699,3.429209679,-100.1100064
53:27.0,1294,1265.34,-0.053807249,-0.063641356,0.99712787,-0.494856823,-1.063724775,-4.889833715,-3.631534069,2.891541582,-100.2638415
53:28.0,1295,1266.32,-0.132858633,-0.205494436,0.989861127,-6.990625601,1.414499553,8.819050875,-12.09272639,8.573269014,-100.4754889
53:29.0,1296,1267.3,-0.055365891,-0.105388457,0.986235196,10.50471576,-2.269720447,-0.444588283,-4.661219145,2.79403192,-96.47617824
53:30.0,1297,1268.28,-0.080026134,0.020208946,0.999613864,0.664331694,2.933479228,-11.19690301,0.884834457,3.95737444,-104.1979326
53:31.0,1298,1269.26,-0.112629396,-0.037194267,0.997764549,-3.964433484,-2.706549889,1.128750829,-2.81587958,5.929493359,-103.0333824
53:32.0,1299,1270.24,-0.074237654,-0.100806658,0.993825387,-3.773119792,-1.70440809,-0.131968675,-6.142944085,4.153218303,-102.9822005
53:33.0,1300,1271.22,0.007122973,-0.096700067,0.988674642,9.483928333,-3.684415827,3.950939541,-4.129610334,0.451066545,-100.8915031
53:34.0,1301,1272.2,0.007363787,0.061843487,1.00060679,2.588471454,0.962893182,-1.366493313,3.368588275,-0.357346085,-100.3821985
53:35.0,1302,1273.18,-0.060467158,0.04813193,1.002178543,-3.81233871,3.368228836,-1.11028924,1.946420829,3.781637918,-101.2439695
53:36.0,1303,1274.16,-0.08865681,-0.036266375,0.995519895,1.280887291,-1.361815266,-15.04989592,-2.010836934,4.455598404,-115.895416
53:37.0,1304,1275.14,-0.052821691,-0.005257329,0.999317165,-1.576166135,1.035770203,10.06549087,-0.544071177,3.090097312,-110.7071432
53:38.0,1305,1276.12,-0.067243138,0.049280074,1.000287365,8.058698575,0.793754572,-3.201120466,3.58083702,4.020962261,-115.7005844
53:39.0,1306,1277.1,-0.06692726,0.163825024,0.996275413,3.958221379,-3.517597857,-0.569701742,9.884800951,2.846595417,-106.4021071
53:40.0,1307,1278.08,-0.051696801,0.115246429,0.980449183,-14.99957663,-2.161415122,-2.356103528,3.843185101,2.84882675,-110.0323425
53:41.0,1308,1279.06,0.002009571,-0.087317557,0.994406688,-4.835908873,2.080993476,-1.037961825,-4.833310386,0.66143226,-110.6608863
53:42.0,1309,1280.04,-0.118674281,-0.1311152,0.979496059,-0.462669071,6.46995816,16.71453369,-5.938085398,7.527687752,-101.172259
53:43.0,1310,1281.02,-0.157878097,-0.171312487,0.982264289,-2.438392796,-0.670446604,-7.324459083,-10.04986115,8.44710121,-103.1916878
53:44.0,1311,1281.98,-0.086643752,-0.115043869,0.993874458,8.436289316,-5.082255367,-1.584414433,-5.631955253,4.148596234,-105.1969896
53:45.0,1312,1282.96,-0.052656299,-0.004766687,1.002317064,1.086538454,2.122116075,-1.274263691,-0.817743901,3.608759253,-106.1475542
53:46.0,1313,1283.94,-0.077828561,-0.018301927,0.997187044,-1.440607757,-0.498631603,-0.820656875,-1.553486187,4.293588682,-107.3295489
53:47.0,1314,1284.92,-0.061184732,-0.031292374,0.995405836,0.269993341,-2.735685337,-4.709264752,-1.806455691,2.857138601,-109.4433188
53:48.0,1315,1285.9,-0.023299492,-0.032598066,0.998916158,-0.781990385,0.141289877,1.689579112,-2.080313099,1.644800633,-109.3951457
53:49.0,1316,1286.88,-0.043410601,-0.059098675,1.000178055,-1.581903786,-1.135631169,8.814246088,-3.34783507,2.361017417,-105.5001937
53:50.0,1317,1287.86,-0.05515038,-0.029945988,0.990631323,1.217623546,7.422258053,-0.878876679,-1.709522749,4.653562805,-98.48773342
53:51.0,1318,1288.84,-0.09472868,-0.038592876,0.999042607,0.728108436,0.275061448,-1.337475076,-2.083482125,5.206500341,-100.435508
53:52.0,1319,1289.82,-0.098138662,-0.022161775,1.001658893,0.398506102,-0.357866507,-1.676234733,-1.397290054,5.439569612,-100.2598419
53:53.0,1320,1290.8,-0.093496788,-0.022930219,0.992796907,-3.673554355,-2.560083477,45.66065196,-1.325215172,5.048385042,-86.8545934
53:54.0,1321,1291.78,-0.026923178,-0.060110204,0.990356758,-1.737329483,0.044773841,6.260428206,-3.361359135,2.291176083,-58.39985496
53:55.0,1322,1292.76,-0.064684232,-0.09066062,1.001431742,0.615169878,2.809433832,-29.68791665,-5.401343508,3.801280137,-73.03313232
53:56.0,1323,1293.74,-0.0924885,-0.017665787,1.000600147,2.015209255,1.515626063,-33.93133305,-1.00762933,4.889839906,-90.89963292
53:57.0,1324,1294.72,-0.089126289,-0.035279637,0.998196794,-4.390034983,-3.376413169,11.3901445,-1.849123527,4.117720914,-108.7601931
53:58.0,1325,1295.7,-0.089300126,-0.140795558,0.992683601,2.956770205,3.179143046,2.518918211,-8.49896377,6.352177522,-95.77163842
53:59.0,1326,1296.68,-0.149841097,0.02193873,0.983700536,7.277906088,1.161245659,39.24418729,2.216931548,7.568268531,-88.83652154
54:00.0,1327,1297.66,-0.076438619,0.117551608,0.994169083,-3.937097796,2.370372412,41.68437832,7.703385428,4.597808236,-36.03037597
54:01.0,1328,1298.64,-0.007894688,-3.57E-05,0.992823652,-7.971580879,-1.401372499,-66.08240155,-0.830963205,1.266046539,-48.4163662
54:02.0,1329,1299.6,-0.067497661,-0.047611184,0.997045541,6.287664346,3.864317488,-31.02825248,-1.939240696,3.292868632,-106.826451
54:03.0,1330,1300.58,-0.059370686,0.003701754,1.002921857,-2.570665445,-0.484498166,7.694378395,-0.590279313,3.127683218,-110.6382803
54:04.0,1331,1301.56,-0.049661368,-0.027697062,1.000626278,-0.712730788,1.445205731,8.056915776,-1.751675403,3.256784416,-101.935291
54:05.0,1332,1302.54,-0.082126553,-0.016537253,0.996447373,1.075597195,0.354010228,3.323000281,-0.67477639,4.692269249,-96.24948139
54:06.0,1333,1303.52,-0.073117236,-0.005664044,0.999309078,-0.984119771,-0.598772851,0.30931469,-0.563564279,4.070535857,-94.40627618
54:07.0,1334,1304.5,-0.069953028,-0.026160583,0.995973128,-0.769810072,-0.186874016,-1.025468509,-1.604255239,3.975335581,-94.82964661
54:08.0,1335,1305.48,-0.067412685,-0.035612187,0.997581906,0.217165524,-0.239085259,-0.995780094,-1.961053273,3.872952973,-96.02049903
54:09.0,1336,1306.46,-0.066867689,-0.048241333,0.997943649,-3.199992334,-0.018736848,-1.7319185,-2.711179611,3.806803206,-97.15928911
54:10.0,1337,1307.44,-0.064304252,-0.080946562,0.996404846,2.754793199,0.422442147,-0.839501498,-4.551434705,3.796160415,-97.92222677
54:11.0,1338,1308.42,-0.066519012,-0.022700173,0.999329375,1.987888592,-0.491207131,0.073582268,-1.132758934,3.605514618,-98.14097172
54:12.0,1339,1309.4,-0.07101412,-0.037226236,0.998516052,-2.170514969,-0.03118829,0.94411702,-2.64960154,4.099157297,-96.6639119
54:13.0,1340,1310.38,-0.071255681,-0.052286093,0.998977361,-0.321820015,1.101278488,-0.412881201,-3.042730964,4.472209303,-97.10223885
54:14.0,1341,1311.36,-0.077231845,-0.032666749,0.996195628,3.117654223,-0.533675714,-1.426968121,-1.380030291,4.275622714,-97.7237137
54:15.0,1342,1312.34,-0.07265197,-0.004650001,0.997993724,-1.133258103,-0.885197556,0.460204033,-0.668352818,3.972067605,-98.34735064
54:16.0,1343,1313.14,-0.065931767,-0.040199195,0.996870967,-3.617746086,0.395737848,0.782009803,-2.593655731,3.786319747,-97.63724442
54:17.0,1344,1313.78,-0.065309187,-0.089956972,0.995496251,0.840625696,-0.417968216,1.655435651,-5.204894429,3.816723643,-96.12446362
54:18.0,1345,1314.38,-0.091458996,-0.057183511,0.996403952,1.654778799,1.72453827,0.076112721,-3.027342069,5.401427915,-96.5380134
54:19.0,1346,1315.14,-0.085553853,-0.0366497,0.997464884,-1.143038257,-1.395224224,-2.588069056,-2.308797218,4.177019984,-96.25538754
54:20.0,1347,1316.12,-0.07822069,-0.066430748,0.994588655,-2.053208174,1.744651946,1.658931446,-3.893052652,4.288174143,-95.94759785
54:21.0,1348,1317.1,-0.067357961,-0.097122429,0.991497364,0.875492385,-3.073595142,-1.036381335,-5.412407484,3.443608159,-94.5555675
54:22.0,1349,1318.08,-0.048590084,-0.067586592,0.996063804,-0.072859177,1.681268933,2.541523671,-4.084871488,3.101495495,-95.38564913
54:23.0,1350,1319.06,-0.059360801,-0.041837785,0.99908205,3.480751536,-0.803381626,-1.400407108,-1.932344212,3.410027972,-99.38747309
54:24.0,1351,1320.04,-0.046219731,0.018961031,0.998190358,1.927200439,-0.170989474,2.637859115,1.109685443,2.52271185,-97.18147821
54:25.0,1352,1321.02,-0.05994779,0.031184118,1.000134132,-1.754464609,1.414813921,2.013752324,1.283134953,3.615318731,-94.66863596
54:26.0,1353,1321.94,-0.071070364,0.005983041,0.999424918,-0.634678639,-0.13816478,1.402854551,0.306934168,3.9482653,-92.97214177
54:27.0,1354,1322.62,-0.071143477,-0.003175117,0.997371986,-0.485039955,0.001180281,0.549636357,-0.203960507,4.089891145,-92.18688434
54:28.0,1355,1323.28,-0.069879236,-0.009444688,1.007243909,-0.763238103,-0.279398284,0.028608697,-0.717967668,3.93143591,-92.04059428
54:29.0,1356,1323.76,-0.064249225,-0.021469373,1.012180814,0.137950821,-0.725420731,1.272148443,-1.167655551,3.510660388,-91.66557176
54:30.0,1357,1324.38,-0.067532647,0.003196507,0.963607802,0.873200697,2.454698059,0.284756206,0.35781839,4.343991322,-90.99620975
54:31.0,1358,1325.36,-0.129749375,-0.005702309,1.012059427,4.451826861,2.872489831,-1.383658452,0.569924149,7.828622033,-91.24224216
54:32.0,1359,1326.36,-0.041761046,-0.026817564,0.998791875,-5.034611705,-2.095895554,-0.207794792,-2.401157136,2.32545531,-91.79070758
54:33.0,1360,1327.34,-0.029187532,-0.086149247,0.997194178,1.67624282,2.012851194,0.06252965,-4.405394084,2.263043146,-91.72439603
54:34.0,1361,1328.34,-0.078058554,-0.02513655,1.003459784,1.808206471,1.052619545,1.647556152,-1.227556153,4.493404697,-90.74990505
54:35.0,1362,1329.32,-0.079207676,-0.015464349,1.004093329,-0.468695266,-0.751256297,-0.622281407,-1.163867532,4.272111635,-89.91508226
54:36.0,1363,1330.32,-0.070798583,-0.023801531,0.999362844,0.019940126,0.080034052,-0.197616876,-1.431294178,4.077478271,-90.33108258
54:37.0,1364,1331.3,-0.072308948,-0.016545519,0.995799552,0.183680261,-0.186756522,1.124165669,-0.932176584,4.094873544,-89.58941772
54:38.0,1365,1332.28,-0.069942943,-0.019519252,0.997421054,-0.784371545,0.013004433,0.893845992,-1.300002976,4.038121571,-88.52581582
54:39.0,1366,1333.28,-0.072558069,-0.024978699,0.997123891,0.236246967,-0.175162673,0.714286685,-1.360368792,4.160251995,-87.55703439
54:40.0,1367,1334.26,-0.092140467,-0.018281441,1.009348387,3.138187499,8.65753738,-0.551683562,-0.54135199,6.85532011,-87.07373364
54:41.0,1368,1335.24,-0.083969651,-0.024880788,0.999391991,-0.691965649,-9.765407762,3.838818098,-1.671467705,2.873457091,-85.41593567
54:42.0,1369,1336.24,-0.03080766,-0.010286372,1.001016051,-5.655693105,10.38181825,3.065457907,-1.681908847,4.007068426,-81.62862754
54:43.0,1370,1337.22,-0.101124471,-0.065394401,0.993139367,-1.095676126,-2.646179078,0.018298696,-3.689982767,5.191966209,-79.81224043
54:44.0,1371,1338.22,-0.064617576,-0.046093396,1.002864401,4.050039671,0.598362536,0.07977417,-1.908932173,3.944295601,-80.18816529
54:45.0,1372,1339.2,-0.06889807,-0.008856193,1.001935754,-0.836989445,-0.355665354,-0.271634541,-0.893825922,3.835851396,-79.61010122
54:46.0,1373,1340.18,-0.065150471,-0.026446343,0.994026642,-0.164974891,-0.603047662,-0.427787887,-1.595290524,3.636038474,-79.64752861
54:47.0,1374,1341.18,-0.095086064,-0.002946945,0.999707374,2.274526573,3.703762394,-1.427618345,0.177872027,6.049376134,-80.68980466
54:48.0,1375,1342.16,-0.077831728,-0.014259311,0.988750898,-3.106516389,-3.97612925,0.334138934,-1.465845556,3.750505424,-81.14770972
54:49.0,1376,1343.14,-0.055506416,-0.055303125,0.99824734,-0.563656609,-1.718311988,0.411298183,-3.092924656,3.093016566,-80.76649749
54:50.0,1377,1344.14,-0.086776763,-0.047753555,0.998472238,5.439590694,5.319145838,0.657296248,-1.618508266,5.952788301,-80.28502266
54:51.0,1378,1345.12,-0.09887643,0.005973587,0.991309853,-4.044900654,-4.899106444,0.839969196,-0.595926324,4.700080289,-79.58106117
54:52.0,1379,1346.12,-0.040064105,-0.055430306,1.017827438,-0.800642148,8.96612471,0.351028721,-3.182948078,4.214900755,-78.66437483
54:53.0,1380,1347.1,-0.074359029,-0.047966599,1.00874875,2.10240631,-4.286485847,0.683724025,-2.234653391,3.134266984,-78.20554134
54:54.0,1381,1348.08,-0.045314546,-0.028992194,1.009055409,0.641085289,0.137019977,1.954361637,-1.608153815,2.775423962,-76.75880285
54:55.0,1382,1349.08,0.009877264,-0.001122613,0.973748592,-2.462082237,5.162547523,0.840937926,-0.615719096,0.474483,-74.48871773
54:56.0,1383,1350.06,-0.11210059,-0.051203451,0.993512673,-2.357930004,3.434753943,-0.149003521,-3.196469104,6.739171564,-74.33860904
54:57.0,1384,1351.06,-0.111589569,-0.083001745,0.990032617,1.804790716,-2.593576204,-1.046572513,-4.31726895,5.755505007,-74.82964488
54:58.0,1385,1352.04,-0.071435796,-0.015957353,1.001835046,1.977714124,-1.049637428,-0.324800809,-0.820511133,3.934584068,-75.9367754
54:59.0,1386,1353.02,-0.068954239,-0.017448542,1.001634967,-1.963235279,0.494453582,-0.247181828,-1.504483289,4.141554903,-75.79421384
55:00.0,1387,1354.02,-0.073365351,-0.033214938,0.996040098,0.23803255,-0.426258868,0.795837243,-1.775530147,4.146550566,-75.7377471
55:01.0,1388,1355,-0.065202681,-0.023269358,0.998422396,0.479075002,-0.189311911,2.906765917,-1.283305688,3.783814317,-74.83452155
55:02.0,1389,1355.98,-0.073428159,-0.051144673,0.996412794,-0.246038789,0.460191988,-40.02111058,-3.530660139,3.845444314,-88.91547308
55:03.0,1390,1356.98,-0.057936268,-0.03831712,0.996192808,2.286652545,-1.918759151,-0.460727892,-1.803613215,2.898586627,-108.3651103
55:04.0,1391,1357.96,-0.059838953,-0.037531588,0.99903742,-0.283780382,0.794832784,5.969570969,-2.330729596,3.691876618,-105.2957917
55:05.0,1392,1358.94,-0.056138429,-0.024453059,0.99814558,0.116483037,-1.114265438,5.42547765,-1.478578591,3.091101107,-98.82245949
55:06.0,1393,1359.94,-0.0479084,-0.029001589,0.999824692,-0.245240534,-0.959488521,0.81970979,-1.733919319,2.736586355,-95.40240693
55:07.0,1394,1360.92,-0.072473215,-0.017080155,0.993605024,-1.390594963,3.389198284,-1.944436989,-1.392829777,4.750657341,-96.32411553
55:08.0,1395,1361.92,-0.081941541,-0.041121937,0.997628441,0.15242978,-2.147167363,-1.206275621,-2.235914252,4.229067285,-97.63021767
55:09.0,1396,1362.9,-0.058330336,-0.038203168,1.004145844,-0.028359636,0.066053235,-1.188493953,-2.211509127,3.408053729,-98.79070517
55:10.0,1397,1363.88,-0.066548399,-0.038255259,1.002008299,-0.177696587,0.309220131,-1.022901642,-2.215505516,3.879778493,-99.6556346
55:11.0,1398,1364.88,-0.064212088,-0.046824594,0.998776284,-0.014529044,-0.383390888,-0.534359255,-2.654681425,3.61739427,-100.0594798
55:12.0,1399,1365.86,-0.064477242,-0.033444773,0.99571219,0.954989136,-0.229529625,0.223552337,-1.778146057,3.684608474,-100.1401052
55:13.0,1400,1366.84,-0.061093502,-0.024958894,0.998739362,-0.587028375,-0.052173149,0.132088718,-1.654024684,3.517802868,-99.66618882
55:14.0,1401,1367.84,-0.061492588,-0.035030856,0.997578184,0.087890484,0.202789051,0.182631627,-2.00985822,3.592449774,-99.56976512
55:15.0,1402,1368.82,-0.065246152,-0.030443538,0.997532745,0.215391964,0.179828269,0.282407388,-1.740297406,3.790759131,-99.17487479
55:16.0,1403,1369.82,-0.072287658,-0.032705918,0.998410562,-0.650572166,0.169671161,0.58734785,-1.993037139,4.133544369,-98.6755177
55:17.0,1404,1370.8,-0.071649124,-0.036516046,0.997444871,0.284552169,-0.074916723,-0.717884319,-2.024237492,4.085182438,-98.7354886
55:18.0,1405,1371.78,-0.069709167,-0.031065595,0.998264214,0.197221598,0.142072747,-0.19816759,-1.793878431,4.041446741,-99.05857743
55:19.0,1406,1372.78,-0.073108251,-0.029760279,0.998525496,-0.087903034,0.102293616,0.209273468,-1.782356026,4.21715319,-98.71275808
55:20.0,1407,1373.76,-0.074292814,-0.030104168,0.997894967,-0.105351658,0.221070996,-0.618211282,-1.785291314,4.268433447,-98.87030766
55:21.0,1408,1374.74,-0.07557427,-0.030531543,0.996999049,0.279093249,0.215093293,0.047670112,-1.710993645,4.328912316,-99.16737052
55:22.0,1409,1375.74,-0.07403093,-0.025034728,0.998255947,0.09024695,-0.17610232,0.630640666,-1.486917654,4.20584236,-98.77680572
55:23.0,1410,1376.72,-0.073933378,-0.028695901,0.997313119,-0.125704492,0.17364856,0.149749373,-1.707475775,4.283061369,-98.18112591
55:24.0,1411,1377.72,-0.074774716,-0.030468952,0.998704269,0.10242602,-0.036009115,-0.356510248,-1.763196261,4.255345526,-98.15064286
55:25.0,1412,1378.7,-0.0696662,-0.030455262,0.997595165,-0.231748881,-0.061474167,0.350230052,-1.788166431,3.992006338,-98.12105693
55:26.0,1413,1379.68,-0.066747046,-0.029710555,0.997443378,0.126250298,0.081646841,-0.106028463,-1.714860601,3.854143742,-97.65346422
55:27.0,1414,1380.68,-0.071570038,-0.023325516,0.999214968,-0.097423507,0.576521763,-1.415831001,-1.434838364,4.185153571,-98.46959833
55:28.0,1415,1381.66,-0.081700674,-0.01832803,0.997681439,0.401401225,0.513398387,2.077211881,-1.140637029,4.63880732,-97.36983868
55:29.0,1416,1382.66,-0.080108642,-0.02155474,0.99878178,-0.530264564,-1.578745823,-1.299831711,-1.139693245,4.377843032,-97.26657646
55:30.0,1417,1383.64,-0.059390059,-0.032120059,0.998589728,-0.01064118,-0.130034684,-0.253264572,-1.790854489,3.420550216,-98.11321526
55:31.0,1418,1384.62,-0.061471876,-0.035106984,0.997189538,0.014382191,0.564369596,0.087863462,-1.990959707,3.622079867,-97.86413556
55:32.0,1419,1385.62,-0.070348024,-0.030387029,0.998782979,-0.460631567,1.236763525,-0.554219754,-1.832260096,4.185716093,-97.89382586
55:33.0,1420,1386.6,-0.082124572,-0.039511114,0.997264581,-0.004908048,-0.376918505,-0.136029074,-2.244926685,4.503402514,-98.16789229
55:34.0,1421,1387.58,-0.074138312,-0.033968981,0.997981282,0.665630873,-0.390541145,-0.01908618,-1.879850697,4.152854325,-98.07323967
55:35.0,1422,1388.56,-0.067870522,-0.027842718,0.998125211,0.130082205,-0.192682475,1.626630576,-1.6715289,3.869686826,-98.34449367
55:36.0,1423,1389.54,-0.081187191,-0.001468432,0.999229931,0.805925681,0.894111448,-2.242407224,-0.23140561,4.759124673,-95.81581942
55:37.0,1424,1390.52,-0.080412175,-0.005873403,0.997399549,-0.434011859,-1.19451067,0.316427957,-0.422870984,4.345657543,-96.46797277
55:38.0,1425,1391.5,-0.066722799,-0.023781445,0.99756189,-1.420682983,0.388059385,-0.486862907,-1.550584593,3.93613009,-96.58546931
55:39.0,1426,1392.48,-0.075935922,-0.056281148,0.997067748,-1.443698786,1.055639263,-0.535635239,-3.322247021,4.506490926,-96.74532451
55:40.0,1427,1393.46,-0.086360089,-0.061206592,0.995542372,2.150794153,-0.205339777,-0.470093679,-3.008441589,4.82679965,-97.15531335
55:41.0,1428,1394.44,-0.083530099,-0.023978104,0.99856896,1.255988068,-0.707067157,-0.297896415,-1.30818665,4.607381507,-97.50648257
55:42.0,1429,1395.42,-0.071605912,-0.005870593,1.000102253,0.053009324,-0.227901417,-0.552430249,-0.544237009,4.08637734,-97.75686753
55:43.0,1430,1396.34,-0.065184519,-0.022683364,0.996562857,-2.216487832,-0.23724307,-0.116547149,-1.784168853,3.823974989,-97.97661611
55:44.0,1431,1397.04,-0.06317775,-0.055998577,0.995695899,-0.822963368,0.524752966,-0.593401837,-3.277351796,3.81377063,-98.08185134
55:45.0,1432,1398.02,-0.077718107,-0.057662816,0.996825797,0.983768957,0.477162881,-0.326393172,-3.042069242,4.482620181,-98.67277293
55:46.0,1433,1399,-0.082141679,-0.027670612,1.000011751,2.581973714,-0.504836559,-0.235961879,-1.230541198,4.497354359,-98.66186167
55:47.0,1434,1399.98,-0.071677232,0.002476498,0.999385897,-0.92034752,-1.068115865,-0.601350827,-0.214983293,3.908717511,-99.10656072
55:48.0,1435,1400.98,-0.047103901,-0.03593265,0.995985781,-2.002846735,-1.322607445,-0.138160115,-2.391964298,2.600195332,-99.01761359
55:49.0,1436,1401.96,-0.045624354,-0.065246287,0.997144026,-0.84742101,1.146216763,-0.502143568,-3.432108066,2.958197982,-99.27443438
55:50.0,1437,1402.96,-0.06180826,-0.052419336,0.997895431,1.466252797,1.217429539,-0.397814473,-2.736287164,3.678846814,-99.28755418
55:51.0,1438,1403.94,-0.085043699,-0.039753709,0.99891634,-0.32155042,0.089577659,-0.184780928,-2.362881349,4.759785148,-100.094504
55:52.0,1439,1404.94,-0.074803498,-0.104163768,0.993737177,-2.344158231,-1.199537358,-0.779933204,-6.017416433,4.104691795,-100.4023909
55:53.0,1440,1405.92,-0.030487775,-0.090388517,0.994303257,6.803318175,-4.159607009,0.028822282,-4.236011628,1.194360922,-100.6010466
55:54.0,1441,1406.9,-0.006040473,0.031685254,0.999137545,2.541389058,4.68228211,-1.186443592,1.461054782,1.28623265,-101.2457612
55:55.0,1442,1407.9,-0.09575172,0.021483058,0.999446282,-5.253195221,1.101673815,-1.091516101,-0.035034138,5.384782239,-101.8673761
55:56.0,1443,1408.88,-0.069860859,-0.031608506,0.995999405,2.077996481,-2.500706076,-0.665769515,-1.273083037,3.523424185,-102.4694923
55:57.0,1444,1409.88,-0.038646701,0.025567213,0.998811919,1.650426539,1.057731576,-0.386131115,1.486165394,2.464156461,-102.730896
55:58.0,1445,1410.86,-0.08429752,0.010760765,0.998372069,-3.352259411,0.486466668,-0.995344838,-0.111309954,4.788110684,-103.3099667
55:59.0,1446,1411.86,-0.06973163,-0.024084067,0.99695574,1.756077195,0.124770433,0.51233526,-0.983930982,4.051303324,-103.4160915
56:00.0,1447,1412.84,-0.077299266,-0.02078413,0.998966176,-2.771737956,0.299149713,-0.438184551,-1.629364512,4.475205285,-103.306412
56:01.0,1448,1413.82,-0.074147857,-0.02610797,0.997335239,1.086748811,0.920850152,-1.574478236,-1.594762264,4.311440527,-105.3517339
56:02.0,1449,1414.82,-0.074226497,-0.02694865,0.997471799,0.552001802,-5.083314999,-6.613842736,-1.782026611,3.292785607,-107.6751027
56:03.0,1450,1415.8,-0.033363975,0.028985613,1.001163167,1.377470345,2.729218937,4.66751247,1.520789567,2.647515148,-104.2326636
56:04.0,1451,1416.8,-0.046244482,0.033709315,1.000656104,-0.233675496,-1.235068021,-1.036377493,1.977055978,2.322745452,-101.9141405
56:05.0,1452,1417.78,-0.029362777,-0.037733159,0.998329118,-0.678945929,-2.068558982,-1.028229426,-1.457462099,1.279279086,-102.897239
56:06.0,1453,1418.76,-0.059573148,-0.063756003,0.971737244,-19.18307068,8.348724674,-4.760395542,-6.540260344,4.684418378,-104.8075281
56:07.0,1454,1419.76,-0.184700339,-0.209464359,0.966652068,14.65384733,6.054718103,0.948773877,-10.3364357,10.24036746,-108.4457475
56:08.0,1455,1420.74,-0.222218669,0.015516365,0.986993757,4.271593128,-14.40932974,2.615811019,2.163504795,10.28115477,-104.3850546
56:09.0,1456,1421.74,-0.02690302,0.010515176,1.0014123,-4.52732635,-0.687328343,-0.475799649,-0.619579054,2.22088235,-105.0556823
56:10.0,1457,1422.72,-0.060515674,-0.01174223,1.008708701,2.149977474,11.41699627,-0.316861422,-0.246736296,5.79541614,-105.0408077
56:11.0,1458,1423.7,-0.110182705,-0.055535465,1.017825557,1.688222258,3.277476719,-1.425273734,-2.940553729,6.616545493,-104.8037682
56:12.0,1459,1424.7,-0.149302544,0.027079585,0.994693378,2.477492595,0.162353931,0.25672663,1.779911081,8.189269514,-106.2540116
56:13.0,1460,1425.68,-0.075421703,0.063049142,0.96717449,-7.311675325,-12.88514634,3.948196254,2.154184295,2.227574044,-105.4055448
56:14.0,1461,1426.66,-0.054602697,-0.183639684,0.993211466,-1.634917663,-5.004840633,6.767745618,-10.09599529,3.98017266,-94.67604585
56:15.0,1462,1427.66,0.012063828,-0.084928865,0.990564395,6.16123576,2.349039278,-5.621368366,-4.710490254,-0.125765779,-92.4578051
56:16.0,1463,1428.64,-0.068079473,0.005788537,1.008961679,2.416087992,1.740002113,-7.488029804,1.172958047,4.297106131,-103.8944854
56:17.0,1464,1429.64,-0.027457075,-0.051479771,1.002412989,-4.616857544,0.358084835,-2.073319489,-3.671837377,1.497716638,-107.5737802
56:18.0,1465,1430.62,-0.057838805,-0.053589801,0.997015686,4.118173862,0.263522569,1.952735201,-2.238802223,3.318960635,-106.7316538
56:19.0,1466,1431.6,-0.0487227,-0.020480183,1.000839608,-2.421092467,0.022448308,0.731357626,-1.810584489,2.766676995,-105.0242009
56:20.0,1467,1432.6,-0.06211444,-0.058257786,0.981888422,-1.482602932,0.833845413,14.75509423,-3.400073225,3.917374088,-97.44565648
56:21.0,1468,1433.58,-0.059139012,-0.04802195,0.998795878,3.157972017,-2.52806325,-3.313683823,-2.3833063,2.957439174,-92.23796584
56:22.0,1469,1434.58,-0.04285926,-0.003771847,1.003858414,-0.886957955,3.416252275,-0.113079554,-0.710220283,3.100552017,-95.07835286
56:23.0,1470,1435.56,-0.092959144,0.024154551,1.003264449,3.734985623,-1.298088355,-0.206715609,1.827032971,4.802917099,-94.42185029
56:24.0,1471,1436.54,-0.049612524,0.03910003,0.999087865,-1.700373549,-1.405775863,0.398173849,1.890381281,2.646628688,-94.16691836
56:25.0,1472,1437.5,-0.065322685,0.011622416,0.997055239,-1.624142776,3.014703235,0.239636704,0.555949797,4.316533037,-93.98621211
56:26.0,1473,1438.48,-0.085636974,-0.01538004,0.994582787,-0.513933729,-0.311061998,-1.060583416,-0.816250575,4.749777384,-94.1283197
56:27.0,1474,1439.46,-0.074108087,-0.022645701,0.998269434,-0.024428356,-0.800004509,-0.24880465,-1.179759237,4.122008086,-94.75818736
56:28.0,1475,1440.44,-0.066484652,-0.023137783,0.998567728,0.098391173,0.283373094,-0.101477894,-1.305113333,3.914899806,-94.60362784
56:29.0,1476,1441.42,-0.06852092,-0.021616871,0.999131249,0.130710505,-0.182639862,-0.878505546,-1.247683078,3.927947809,-95.14122155
56:30.0,1477,1442.4,-0.061868019,-0.020445123,0.997508633,-0.610737329,-0.129035583,-0.760611605,-1.326071905,3.538543311,-95.49475638
56:31.0,1478,1443.38,-0.067845782,-0.034505795,0.998400993,-0.636369082,0.396159023,0.096384905,-2.064602696,4.006713436,-96.01620865
56:32.0,1479,1444.36,-0.069378894,-0.051735287,0.999623725,-1.702579428,-0.468298398,-0.171435205,-2.773080508,3.886586195,-95.64268355
56:33.0,1480,1445.34,-0.058424509,-0.089378045,0.992528778,-1.699421073,-0.463266623,-0.231788815,-4.845433018,3.300384329,-95.46772054
56:34.0,1481,1446.32,-0.045249424,-0.114022022,0.992533661,0.387948204,-0.502937405,-0.50493082,-6.40485991,2.665458865,-96.95597395
56:35.0,1482,1447.3,-0.020619629,-0.111071826,0.995048961,-0.970353761,-0.943162311,-0.952142517,-6.790229261,1.165553301,-96.80174558
56:36.0,1483,1448.28,-0.070069193,-0.11271762,0.991169098,-3.606950643,7.310587065,4.799097992,-6.687889132,4.068119546,-98.64699872
56:37.0,1484,1449.26,-0.127217298,-0.171419109,0.980230155,2.680352709,-3.323865271,1.754704392,-9.561739376,7.413157672,-93.38957849
56:38.0,1485,1450.24,-0.091749795,-0.060430633,0.991997929,7.179983457,-1.368156716,-3.671548743,-2.731829911,4.925612148,-93.94500966
56:39.0,1486,1451.22,-0.085635282,0.03624182,0.99953412,-0.087748004,-0.078191114,-2.121327567,1.747114316,4.878308184,-96.7369342
56:40.0,1487,1452.2,-0.0657131,-0.032489378,0.999865316,-4.505402381,-0.4655194,-0.879763962,-2.767449619,3.73423519,-97.83056869
56:41.0,1488,1453.18,-0.065818935,-0.088964303,0.992516272,-1.723371205,0.823600404,-0.528692638,-5.179165402,3.989581034,-98.24917811
56:42.0,1489,1454.08,-0.068279626,-0.082860672,0.994859629,2.825599386,-0.802438114,0.065866088,-4.197167551,3.72970742,-98.50241898
56:43.0,1490,1454.68,-0.05270834,-0.039200345,0.99995688,1.896211286,-1.020624592,-0.32441525,-2.108880987,2.763971124,-98.39977018
56:44.0,1491,1455.32,-0.047373305,-0.007424872,0.999935708,1.09750703,1.836811096,-0.740822295,-0.480604778,3.134162275,-98.77557627
56:45.0,1492,1455.96,-0.078403375,-0.006951801,0.997416295,-2.250991378,0.370429639,-0.474423581,-0.961901508,4.436528623,-99.0884305
56:46.0,1493,1456.64,-0.074020009,-0.051658376,0.998352646,-1.272977638,-0.617949821,-0.308230973,-3.048337383,4.088146337,-99.19847564
56:47.0,1494,1457.62,-0.070479371,-0.06155791,0.996493573,0.944144356,-0.397438496,-0.135523202,-3.259749673,4.10460337,-99.49206007
56:48.0,1495,1458.6,-0.080786064,-0.005592769,0.995259004,5.613488001,0.807434075,-1.672879511,0.309758254,4.634717106,-100.94692
56:49.0,1496,1459.58,-0.109491298,0.005755257,1.00007212,-4.578709458,2.856297446,5.154989678,-0.495828101,6.657619129,-96.07413391
56:50.0,1497,1460.56,-0.076932691,-0.002222939,0.996573903,1.87904175,-3.355986734,0.107559335,0.196695959,3.991275309,-94.3951745
56:51.0,1498,1461.54,-0.085161815,0.070475479,0.993655163,3.082061649,4.901551322,-6.087592968,3.283869637,5.246593324,-98.76241248
56:52.0,1499,1462.52,-0.126125308,-0.000794149,0.99391777,-6.109987503,-2.749197723,0.209168788,0.090107687,7.177036516,-99.10603793
56:53.0,1500,1463.5,-0.053899787,-0.038077635,0.996580862,3.04559321,-3.203084766,-1.538611305,-1.430210526,2.645524725,-100.632761
56:54.0,1501,1464.48,-0.047148222,0.029974939,1.000535939,1.697644423,1.612301392,2.417084472,2.028938209,3.240993973,-97.95048627
56:55.0,1502,1465.44,-0.041127144,0.002296734,1.001575024,-4.231852427,-0.324545089,-0.228351526,-0.664745272,2.218702476,-97.75615067
56:56.0,1503,1466.42,-0.058378274,-0.029067642,0.997443276,1.458322026,-0.223240852,0.434737963,-0.80662673,3.578223386,-95.84691673
56:57.0,1504,1467.4,-0.053087747,0.018679099,0.999467631,2.603234049,1.661677143,-0.484081194,1.197482916,3.211504701,-95.58616624
56:58.0,1505,1468.38,-0.063718826,0.007965233,0.998825547,-2.574812651,-0.252131175,0.521638733,-0.196873806,3.644932508,-94.48636291
56:59.0,1506,1469.36,-0.057921447,-0.03862578,0.998927356,-0.526601404,-0.126533177,-1.721918545,-1.995656631,3.233710276,-95.70446992
57:00.0,1507,1470.34,-0.063392613,-0.023299082,0.997799072,1.898709296,-0.039781451,0.071902777,-1.009349309,3.709572595,-94.55857535
57:01.0,1508,1471.32,-0.061554969,0.002958681,1.00055111,-1.074955096,1.287815346,2.049040735,0.161718445,3.610210541,-94.18780972
57:02.0,1509,1472.3,-0.080029601,-0.01862767,0.997316487,-1.597414448,0.429153892,-0.708439701,-1.099885641,4.734407557,-96.98186608
57:03.0,1510,1473.08,-0.089853268,-0.019261872,0.995953963,1.255605922,-0.475911466,2.27363363,-1.272104073,4.665768973,-95.56831356
57:04.0,1511,1474.06,-0.093069667,-0.000320207,0.998929712,-4.383246052,-1.308499279,-0.178711525,0.191014194,5.914374353,-95.66303743
57:05.0,1512,1475.04,-0.071546067,-0.042376557,0.993731952,2.09825814,1.119912206,-2.595251509,-2.733386023,3.982850599,-96.32401508
57:06.0,1513,1476.02,-0.09488494,-0.046734714,0.995650761,-2.074375144,-0.759812751,3.098898263,-2.655041631,5.477303511,-96.70040086
57:07.0,1514,1477,-0.081437391,-0.035301657,0.99863981,1.091775894,0.605609021,-1.80165859,-1.899364969,4.892260703,-96.63350674
57:08.0,1515,1477.98,-0.06756356,-0.040866691,0.997835528,-0.800477145,-2.675511072,-1.889316738,-2.185803811,3.426117483,-97.29927518
57:09.0,1516,1478.96,-0.038834245,-0.053326851,0.998187443,-0.570669159,-0.049320265,-0.636740426,-3.185772048,2.306574219,-98.50652235
57:10.0,1517,1479.62,-0.045260901,-0.058000051,0.998039916,-0.222996646,1.194432618,-1.982865842,-3.427547757,2.821138679,-99.34800394
57:11.0,1518,1480.54,-0.064338101,-0.032648404,0.999331341,3.635260304,-0.222584326,5.878246822,-1.640490634,3.700777489,-96.59894863
57:12.0,1519,1481.52,-0.034121411,0.036398729,1.002486512,3.742079248,-0.584130078,0.554856249,2.30684708,1.937377547,-94.671025
57:13.0,1520,1482.52,-0.044469645,-0.059779855,0.993198472,-14.83416449,-2.954781727,-9.177267164,-4.23657969,2.552353759,-97.85214826
57:14.0,1521,1483.5,-0.031712465,-0.192759465,0.980808145,-5.875314877,0.677197138,9.34276828,-11.23504309,2.162367908,-98.30264144
57:15.0,1522,1484.5,-0.092040537,-0.204468426,0.973217275,5.175547722,2.033155806,1.787807892,-10.21131108,5.389793387,-98.30689673
57:16.0,1523,1485.48,-0.09576057,-0.124451079,0.993560497,4.318255381,-3.288584303,0.520980094,-6.682985864,4.844417767,-96.49784841
57:17.0,1524,1486.46,-0.047155185,-0.053750277,0.998543581,2.130944569,-0.639163034,-0.430259796,-3.340470847,2.784949127,-96.71091994
57:18.0,1525,1487.46,-0.039483131,-0.025221216,0.996492775,2.999893841,-0.98726319,-0.903075549,-1.391915146,2.106252965,-97.37608668
57:19.0,1526,1488.44,-0.025015192,0.032057336,0.996509677,0.755590825,1.638130549,1.039822202,1.565135228,1.849881016,-97.21848052
57:20.0,1527,1489.42,-0.060331397,0.031068797,0.999795265,-2.921877759,2.95666441,-1.716225,1.250819342,4.034633555,-97.00591045
57:21.0,1528,1490.42,-0.101275085,-0.068009459,0.998118284,-6.6313809,-1.991223995,-0.665291143,-4.640659999,5.406765537,-98.02878087
57:22.0,1529,1491.4,-0.069081783,-0.129111745,0.987789739,2.529296985,0.020209034,-0.633573922,-6.598346233,4.115001853,-98.92476558
57:23.0,1530,1492.38,-0.080076452,-0.062928399,0.996647304,4.799817789,-0.384690533,-0.272439325,-2.89674767,4.415180737,-98.86357454
57:24.0,1531,1493.38,-0.075753034,0.021789978,1.002635431,1.51352125,2.102237851,-1.071174386,0.828013736,4.673441225,-98.7466164
57:25.0,1532,1494.36,-0.123326925,0.069573388,0.988381354,-0.094908608,-0.627361668,2.784000802,4.340675625,7.067062114,-102.8741454
57:26.0,1533,1495.36,-0.113766726,0.023746462,0.998216648,-0.424230877,1.199111611,0.387525286,0.722603606,6.769407217,-95.7029317
57:27.0,1534,1496.34,-0.073315458,-0.011749589,0.994484694,4.178165396,-2.912997442,0.677366931,-0.262395174,3.958623196,-97.23291412
57:28.0,1535,1497.32,-0.060968707,0.084856903,0.999022279,2.743674251,1.08503236,0.042233295,5.250269129,3.843308778,-97.55759438
57:29.0,1536,1498.32,-0.0941492,0.060250654,0.99267023,-8.125336022,1.426145382,0.826958519,2.205897472,5.389025023,-96.88951837
57:30.0,1537,1499.3,-0.104338551,-0.071456964,0.990216518,-3.707791317,0.241275087,-0.703744371,-4.043852529,6.046787758,-97.36575115
57:31.0,1538,1500.28,-0.122943517,-0.124088906,0.984558638,-1.117319682,-0.161925471,0.266088392,-6.821260547,6.93586683,-96.66178713
57:32.0,1539,1501.28,-0.1023924,-0.111091842,0.993193319,5.435845925,-1.804358303,-0.881501124,-5.255092843,5.692267627,-97.33419179
57:33.0,1540,1502.26,-0.071256274,0.013580351,1.004304662,7.09065373,-0.965159498,0.974482925,1.59760375,4.080257142,-97.37479991
57:34.0,1541,1503.24,-0.052713,0.066859325,0.998123291,-4.472903498,-2.013605588,0.029361521,2.949559249,3.031610936,-96.62560097
57:35.0,1542,1504.22,-0.004379896,-0.024021485,0.994074773,-3.653908747,-0.754357557,-0.80994557,-1.974629107,0.294222772,-98.5379888
57:36.0,1543,1505.22,0.008097724,-0.158761022,0.989568939,-7.144507533,0.208609631,-2.824032795,-9.59771395,-0.18614632,-96.64965044
57:37.0,1544,1506.2,-0.019386245,-0.125886332,0.99030412,8.870410632,1.912186111,0.024342644,-5.736453014,1.284423063,-97.1724228
57:38.0,1545,1507.2,-0.05814856,0.022909475,0.99698573,-0.367587455,0.419497296,3.553567651,1.192179426,3.305941117,-95.74794194
57:39.0,1546,1508.18,-0.059500218,-0.058088059,1.002767756,-6.277199307,-1.154540065,-2.74420346,-4.543372248,3.01981794,-97.22308139
57:40.0,1547,1509.16,-0.027828313,-0.150672708,0.991725493,-2.399579077,0.302467741,-0.171516922,-8.842006877,1.753941091,-98.17551768
57:41.0,1548,1510.16,-0.054661364,-0.097053436,0.988949803,9.586412331,0.280430766,0.7384378,-4.02032873,3.098131987,-97.87461712
57:42.0,1549,1511.14,-0.033618857,0.028148517,0.999977442,0.096404997,-1.758317594,-0.151136481,1.012006893,1.531093227,-97.36612391
57:43.0,1550,1512.14,-0.046229547,-0.030388703,1.000729562,-4.986512115,1.838334015,-1.419140664,-2.73665717,3.087998056,-98.38383245
57:44.0,1551,1513.12,-0.061912692,-0.072954017,0.994608112,1.764143235,-0.257311313,0.984934845,-3.683879914,3.484987619,-98.13283813
57:45.0,1552,1514.1,-0.068680717,-0.027828006,0.997454523,0.807450087,1.685421105,-0.600793739,-1.562766122,4.162687344,-97.33107494
57:46.0,1553,1515.1,-0.136054585,0.107558908,0.993585308,7.372939294,4.76630941,2.690019334,5.885099832,7.558629346,-99.72581244
57:47.0,1554,1516.08,-0.167567093,0.147165164,0.982840922,0.22800335,0.339178514,0.381603258,8.504501206,9.330455605,-95.48066817
57:48.0,1555,1517.08,-0.163506926,-0.08414861,0.980047298,-16.18768158,-2.826359055,1.655811557,-6.147761685,9.154174565,-96.07692647
57:49.0,1556,1518.04,-0.018173546,-0.124828762,0.981338649,6.873883188,-6.143218736,-4.619405205,-6.087968761,0.802190446,-95.88220633
57:50.0,1557,1519.02,0.058967576,-0.076945176,0.994218406,1.573864526,-4.056769762,4.078061819,-3.605413313,-2.075140417,-96.89019884
57:51.0,1558,1520,0.071648075,-0.047254608,1.002853929,2.006253135,9.02524405,-1.266237843,-3.227529332,-3.955216654,-99.58293335
57:52.0,1559,1520.98,-0.109893121,0.084824376,0.998556168,4.042645717,6.578882012,1.900215679,4.906718125,6.597481101,-96.57836376
57:53.0,1560,1521.96,-0.158696975,0.058194722,0.986185263,-1.172397399,0.005225312,-4.280016355,3.269060279,8.936147804,-97.88597225
57:54.0,1561,1522.94,-0.182385717,0.008750394,0.980871317,-9.332891009,2.79407328,2.441030372,-0.590549951,10.85659487,-98.65044138
57:55.0,1562,1523.92,-0.188781122,-0.180720536,0.960871555,-6.880972415,-6.411718021,-1.557633861,-10.90309315,9.517174606,-98.23545509
57:56.0,1563,1524.9,-0.046431406,-0.221231254,0.97878139,13.44067397,-3.554004832,-5.053676722,-9.102621624,2.913683227,-102.4391622
57:57.0,1564,1525.88,0.018117787,-0.084843797,1.009562231,-11.29595586,-1.242348048,0.268571296,-6.923989056,-0.851344561,-102.1160613
57:58.0,1565,1526.86,-0.029680044,-0.253812781,0.964168793,4.405096542,7.296979392,-3.626969474,-14.00596,2.71930105,-102.4817588
57:59.0,1566,1527.84,-0.076859578,-0.011404469,0.994459421,17.53561838,-2.259154774,1.01466759,0.682641978,3.036970039,-104.0448458
58:00.0,1567,1528.82,-0.027735987,0.165318751,0.986179551,-2.679239314,2.066151519,10.15768172,8.44245666,2.332181298,-98.7448397
58:01.0,1568,1529.8,-0.041681326,0.000285621,1.004698465,-12.21643507,-0.738241729,-4.738841496,-1.99643052,2.209525355,-98.22913839
58:02.0,1569,1530.78,-0.048864201,-0.106609196,0.986637654,8.714802772,0.222274008,-1.50195125,-4.077446493,2.622872294,-101.3836547
58:03.0,1570,1531.76,-0.039091191,0.06202413,0.997371145,2.585093715,-2.226703612,5.195895407,3.394997056,1.776536116,-98.83782523
58:04.0,1571,1532.74,-0.042982837,0.028860163,1.002860945,-8.756545693,5.380680317,-3.903459726,-0.051787124,3.463364855,-98.57219828
58:05.0,1572,1533.72,-0.095225792,-0.112841829,0.993948183,-3.844010542,-0.959249766,-2.950065374,-6.50709938,5.108425205,-100.7975061
58:06.0,1573,1534.7,-0.161592724,-0.099831626,0.982492755,2.817123151,5.213916713,13.46631304,-4.892931898,8.816027203,-97.32846661
58:07.0,1574,1535.68,-0.103313184,0.09516827,0.986385344,15.38247324,-9.324477356,-2.016497679,6.110270407,5.377245372,-94.69891994
58:08.0,1575,1536.66,-0.055295189,0.129807239,0.982236444,-14.18707472,6.805490862,-1.908772214,4.699432722,4.744456116,-96.15820388
58:09.0,1576,1537.56,-0.157721011,-0.056878951,0.99080195,-5.127875842,2.012101908,2.111026213,-1.612796943,8.822154422,-97.03468296
58:10.0,1577,1538.3,-0.140543757,-0.11379913,0.984665496,2.976203224,-7.837987019,-0.260760468,-6.203548727,6.22167144,-93.71449898
58:11.0,1578,1538.98,0.014720492,-0.058581534,0.996971331,-1.574960315,-1.485849447,-6.060197884,-3.649188146,0.458549859,-97.63084264
58:12.0,1579,1539.96,-0.005940227,-0.061626791,0.996560124,3.208522847,1.677816795,-35.92759315,-2.940263428,0.251330072,-112.0891796
58:13.0,1580,1540.94,-0.008073936,0.002585971,1.001352589,2.856548337,1.770507373,-45.17102727,0.245154529,-0.013697263,-175.3053221
58:14.0,1581,1541.92,-0.067187217,0.011444858,0.998816838,0.766028887,-0.551181528,-51.3957306,0.289325578,2.848855118,179.6634458
58:15.0,1582,1542.9,-0.056840033,-0.020635222,0.998101347,1.652271699,-0.457549462,-57.16121756,-1.245414392,2.44280452,107.2562557
58:16.0,1583,1543.88,-0.028644323,-0.032342985,1.001349713,1.906917405,0.597398704,-59.28759904,-1.9027503,1.003591871,49.21471456
58:17.0,1584,1544.86,-0.038137524,-0.015363583,1.002636693,1.97259456,2.289766123,-62.43847868,-1.113159584,1.710546441,-10.03296648
58:18.0,1585,1545.82,-0.071231313,-0.031222324,0.997049803,1.944473359,1.135856756,-65.7761831,-2.246622402,3.076587371,-71.12447691
58:19.0,1586,1546.8,-0.061281412,-0.020524595,0.987044511,3.401312267,-0.680198068,-11.02272399,-0.741558828,2.576882996,-117.8737696
58:20.0,1587,1547.78,-0.047153869,-0.012917616,0.996064276,-0.741856864,2.473734235,27.32749874,-0.836785164,3.253434302,-101.0314443
58:21.0,1588,1548.76,-0.061877743,-0.019742041,1.003044684,-4.352420723,0.800975771,38.50582466,-1.553304813,4.053497478,-68.50129412
58:22.0,1589,1549.74,-0.107555499,-0.021962591,0.998070139,-1.680050147,-0.421125135,43.28190626,-0.621510015,6.194138255,-27.93309727
58:23.0,1590,1550.72,-0.093903641,-0.00174593,1.013153878,-1.848861953,-0.685564022,15.76435402,-0.217017367,5.471076955,0.212536302
58:24.0,1591,1551.7,-0.086005699,0.011205163,0.989697902,-0.443189045,-2.476420914,9.371764509,0.867493692,4.581920595,12.45514503
58:25.0,1592,1552.68,0.020871843,-0.049129719,0.989955383,-6.470367429,-1.932515581,11.20729476,-3.80372264,-0.801516731,18.72621516
58:26.0,1593,1553.66,-0.046709083,-0.050649607,1.021455772,10.84318986,8.037179644,4.505554044,-0.442260536,4.325405141,29.46237218
58:27.0,1594,1554.64,-0.027244188,0.015554198,0.951896245,-4.320593979,-7.351326973,-4.569664153,-0.201720421,0.005787289,30.0378411
58:28.0,1595,1555.62,-0.037739196,0.003326417,0.99613699,-1.062618193,-4.485724626,-1.810960011,-0.085784063,1.413329572,26.05170193
58:29.0,1596,1556.6,-0.057049777,-0.001289175,1.002617339,1.93089355,9.627268038,24.29895871,0.765362928,4.935157453,29.62727678
58:30.0,1597,1557.58,-0.111383084,0.102319399,0.993356029,-0.50823155,-1.1936552,48.04603858,6.372205988,5.407937196,72.01132798
58:31.0,1598,1558.56,-0.005686881,0.064469339,0.998233192,-8.922325187,2.801580847,52.49352274,2.640985391,0.956302519,114.3980853
58:32.0,1599,1559.54,-0.051843909,-0.041623883,0.997956324,-4.109677401,0.130932507,59.07477938,-1.627811432,3.328119199,33.39910642
58:33.0,1600,1560.52,-0.065586545,-0.05707543,0.998375315,-5.41462879,-2.886502825,62.05035906,-3.215628351,3.90544503,-118.1642753
58:34.0,1601,1561.5,-0.036612315,-0.095259869,1.001565451,-9.550295095,-7.774344784,-4.861386906,-5.212933659,1.751948715,-92.07649494
58:35.0,1602,1562.48,0.081378556,-0.145540948,0.984654009,10.51951224,7.06396406,-9.42175011,-7.501945119,-3.837060378,-102.6987688
58:36.0,1603,1563.46,-0.046958388,0.008063539,1.00051273,1.971435802,0.913271929,34.08322587,0.210675737,2.547515306,-88.79566075
58:37.0,1604,1564.44,-0.177819904,0.067517082,1.004114781,-4.854962678,-4.290884709,0.835829522,2.401746365,8.945021677,-78.00393888
58:38.0,1605,1565.4,0.00984877,0.007803139,0.947210758,-1.345046398,-2.635619651,7.180368075,0.712024408,-0.597869645,-75.05327846
58:39.0,1606,1566.38,-0.056228726,0.000699353,1.010782399,-1.258340272,-2.028232159,51.36084675,0.456413643,2.965664891,-43.54896991
58:40.0,1607,1567.36,-0.023837366,0.003375082,0.991140561,-4.045163968,1.932602199,17.77869576,-0.313873847,1.946196502,-0.086134737
58:41.0,1608,1568.34,-0.047195502,-0.083550949,0.996549818,1.714403484,2.763126102,-30.25510331,-4.468429628,2.946966885,-16.23739037
58:42.0,1609,1569.32,-0.048177138,-0.094733889,0.996886058,1.749610869,3.688390253,-38.34514935,-5.210446114,2.603378045,-50.07211089
58:43.0,1610,1570.3,-0.059434226,-0.070084916,0.999143317,7.007282874,1.566372909,-45.09888899,-3.242430256,2.577862499,-91.80440692
58:44.0,1611,1571.28,-0.062145553,-0.032496329,0.999606178,1.508667711,0.365897222,-52.28607004,-2.433488833,2.518276672,-142.3813276
58:45.0,1612,1572.26,-0.042246832,-0.053761258,0.997579692,0.055377026,0.665518087,-55.22383777,-3.48158378,1.489042908,126.2801554
58:46.0,1613,1573.24,-0.016095727,-0.054139882,0.985364053,6.783019877,6.004068668,-44.2497151,-2.464891311,1.342365328,110.8310763
58:47.0,1614,1574.22,-0.06364164,0.052281351,1.002622525,-2.726595163,-1.492739039,33.0126433,2.5567222,2.509448794,110.7049498
58:48.0,1615,1575.2,-0.050112456,-0.004708033,1.018935287,-3.910148566,3.732443458,16.03879333,-0.899115991,3.848397054,144.1541488
58:49.0,1616,1576.18,-0.082202896,-0.013776703,1.006885786,3.912295667,-1.3150589,-3.272602403,0.003997311,4.290871149,146.3907852
58:50.0,1617,1577.16,-0.049827761,0.034534973,0.985754974,-3.936078833,-5.048594255,-4.606110001,1.190400469,1.911278495,142.1774501
58:51.0,1618,1578.14,-0.000552862,-0.018820589,1.017686803,1.526921264,6.302657486,-2.813463332,-0.591906476,1.549420977,138.1463422
58:52.0,1619,1579.12,-0.008147348,0.006408444,0.992552744,0.439455614,2.028831506,0.681420643,0.469906809,0.837509532,137.554504
58:53.0,1620,1580.1,-0.031280949,0.001541727,0.991278901,-0.538808596,-1.333500609,1.731219021,-0.040337236,1.462618626,139.0324612
58:54.0,1621,1581.08,-0.052588282,-0.035284448,1.002032802,-0.852100885,5.163068646,-0.906871074,-1.969916096,3.84272616,139.2642695
58:55.0,1622,1582.04,-0.08991923,-0.028621608,0.997284081,0.259132662,-4.165751955,-0.049098282,-1.485315576,4.202570932,138.9202477
58:56.0,1623,1583.02,-0.051243655,-0.013601103,1.002598673,-0.567847512,1.790784645,0.789902775,-0.805771798,3.474459625,139.2895255
58:57.0,1624,1584,-0.101054009,-0.048917081,0.999642901,-1.795497041,1.103594769,0.598581384,-2.752328111,6.417560616,142.2272339
58:58.0,1625,1584.98,-0.052852837,-0.160594539,0.992511889,-6.767177652,-2.199108737,2.834528435,-11.40654998,2.642628676,142.6689707
58:59.0,1626,1585.96,-0.078823934,-0.050002223,0.988752484,13.87900786,-0.874395031,41.99225746,-0.046344397,4.596409221,182.089263
59:00.0,1627,1586.94,-0.029738025,0.080824564,1.000905705,-5.281300545,4.643397266,53.20409865,3.638412001,2.59797717,-177.4227921
59:01.0,1628,1587.92,-0.056195387,-0.000242272,1.008990321,-2.788089652,1.89787522,53.12560144,0.681920179,3.820966169,-101.968485
59:02.0,1629,1588.9,-0.055363483,0.000203191,0.996988895,-0.100099495,4.636061443,22.75481894,0.339949016,3.867746439,-61.79327163
59:03.0,1630,1589.88,-0.120345204,0.095554181,0.983071914,-7.199014191,-16.50431598,9.494514525,4.141953537,3.445877648,-48.65352362
59:04.0,1631,1590.86,-0.020054143,-0.019507025,1.008107496,3.356112053,4.046939684,11.51343808,0.170202928,2.537817184,-38.39422182
59:05.0,1632,1591.84,0.011223443,0.017754425,0.998123495,0.433951929,2.932530581,15.38257629,1.174722885,0.104829698,-25.20765987
59:06.0,1633,1592.82,-0.013137865,-0.014309897,0.990080971,-4.147316095,1.908869563,7.799767776,-1.272731484,1.209532237,-12.59349965
59:07.0,1634,1593.8,-0.049410785,-0.0769931,0.997493185,-0.362291735,-1.338383717,2.785734501,-3.881386642,2.541224494,-7.069461726
59:08.0,1635,1594.78,-0.031873311,-0.103445508,0.999522828,-2.460298355,0.176906308,0.152233004,-6.184540926,1.846045992,-5.921191035
59:09.0,1636,1595.76,-0.012033465,-0.094855333,0.996019839,7.339011789,0.768858299,-29.80967631,-4.053178375,0.513047618,-28.28111719
59:10.0,1637,1596.74,-0.094958907,0.013575557,1.001967519,-0.406225905,4.714183951,14.65992194,-0.185962562,5.298100352,-25.73812708
59:11.0,1638,1597.72,-0.079632165,-0.025855041,0.997922752,-5.39612908,-5.87150378,0.089881425,-2.095642617,5.277319217,-23.56218682
59:12.0,1639,1598.64,-0.047986684,-0.084569064,0.993705175,3.882629867,3.344261948,-15.35511396,-4.764960444,2.626876381,-27.88608197
59:13.0,1640,1599.6,-0.044504338,-0.035285868,0.997965574,0.781930104,-3.049447627,12.58119889,-1.935384027,2.136793816,-27.89709244
59:14.0,1641,1600.58,0.006801028,0.084834359,1.000904126,2.733995732,-1.149283374,-9.212114146,3.913417022,-0.060329125,-26.1437665
59:15.0,1642,1601.56,-0.016146273,0.020878423,0.99515824,-7.166489275,1.995656727,-11.80279977,0.268487503,1.182799177,-29.58558814
59:16.0,1643,1602.54,0.055387019,-0.145271837,0.992584356,-3.891964054,0.666257463,-9.259513349,-7.762195274,-2.59405398,-52.31396281
59:17.0,1644,1603.52,0.022774873,-0.113310301,1.001723778,13.13059239,11.74996933,-3.132530028,-3.699120902,0.547494794,-65.23114746
59:18.0,1645,1604.48,-0.119100126,0.100528339,0.968315546,-1.093988142,0.011659566,-7.089838856,5.381993016,5.735406651,-73.0739035
59:19.0,1646,1605.46,-0.106056818,0.038245847,0.997724423,-4.522788496,0.911358285,4.766102482,1.094538009,5.649545704,-73.01588122
59:20.0,1647,1606.44,-0.095691759,-0.031085274,0.996689059,-1.518618708,-1.918638513,2.908346306,-1.701016267,5.077994728,-68.99281353
59:21.0,1648,1607.42,-0.078114414,-0.037270055,0.999141674,-0.134752641,0.488295919,-0.160142702,-2.044135893,4.729533276,-67.94250288
59:22.0,1649,1608.4,-0.08079062,-0.049491623,0.999661026,-1.042084507,-0.40662494,-1.302264751,-3.029037541,4.561030195,-68.50546149
59:23.0,1650,1609.38,-0.075368107,-0.050382047,0.998868925,0.911452737,0.005519818,-0.821232655,-2.792680538,4.367128289,-69.33820392
59:24.0,1651,1610.36,-0.074088253,-0.036303694,0.997576806,0.427613191,-0.474752881,-2.486175662,-2.055619086,4.138042675,-70.98186569
59:25.0,1652,1611.34,-0.067423453,-0.038650442,0.997521782,-0.36691713,-0.356846651,-1.054024242,-2.314133255,3.807390465,-74.13582379
59:26.0,1653,1612.32,-0.076021945,-0.150508071,0.990800251,-10.78573387,1.685297705,-3.415943452,-9.683122732,4.663891701,-72.99957889
59:27.0,1654,1613.3,-0.059516218,-0.239852668,0.965699434,19.29694302,-12.82538155,3.149565771,-9.788346544,1.680852925,-73.14165964
59:28.0,1655,1614.28,-0.009333108,0.023254663,1.013559392,-1.991799221,4.023463365,-3.366611185,-0.590693899,2.008433593,-73.93171363
59:29.0,1656,1615.26,-0.017012846,0.063898679,0.991755432,1.827423142,8.733653207,1.875612636,2.721936136,2.236111814,-74.98204972
59:30.0,1657,1616.24,-0.114373876,0.090242314,0.990161311,-0.64752325,-0.121283637,4.952910812,4.939513774,5.910083758,-70.05696577
59:31.0,1658,1617.22,-0.06888112,0.039162465,0.999442383,-5.484003233,-2.744830565,-0.718521354,1.440862076,3.371504408,-68.16652893
59:32.0,1659,1618.2,-0.058974302,-0.024069105,0.998620391,0.085152402,2.089687541,-0.542214473,-0.907643925,3.862688488,-69.04978017
59:33.0,1660,1619.18,-0.089202329,-0.022624217,0.999944097,-1.446240376,1.072464282,0.332260954,-1.38757212,5.201028011,-68.98065471
59:34.0,1661,1620.16,-0.093568746,-0.050770995,0.997160516,-0.472609171,-0.844113832,0.476702233,-2.774929129,5.074915472,-68.49407923
59:35.0,1662,1621.14,-0.079647578,-0.046901671,0.997054116,1.383153039,-0.389851273,1.22913348,-2.409224836,4.497118165,-67.50390056
59:36.0,1663,1622.12,-0.074380955,-0.026162976,0.997821612,0.09982766,-0.077154737,0.194728441,-1.532431634,4.254029856,-66.4669774
59:37.0,1664,1623.1,-0.073313292,-0.026889101,0.998901294,-0.39732482,0.331529969,-0.00778182,-1.674832421,4.273584372,-66.30191108
59:38.0,1665,1624.1,-0.072175812,-0.030335523,0.996690907,0.871418573,-0.243329672,-0.580912504,-1.561333055,4.068229737,-66.55519107
59:39.0,1666,1625.08,-0.060046862,-0.014910691,0.997713394,-0.729769116,0.224409091,-5.206477242,-1.303465595,3.501117474,-68.69997856
59:40.0,1667,1626.06,-0.077661227,-0.004875853,0.998065762,1.654198228,1.015746478,1.723865362,0.144763156,4.353537421,-69.96427167
59:41.0,1668,1627.04,-0.091633058,-0.034354419,0.997444548,3.203047647,-4.971899968,8.732427712,-2.353094752,5.284831243,-63.29856415
59:42.0,1669,1628.02,-0.073645258,0.059959465,0.999715382,-4.559994281,0.14719241,-2.083472365,2.556070604,4.483408693,-65.20866385
59:43.0,1670,1629,-0.068448511,-0.097210985,0.9923108,-3.435642379,2.843561482,1.454297985,-5.399748852,4.504062117,-64.11310735
59:44.0,1671,1629.98,-0.090609419,-0.078146779,0.992212589,3.130282794,0.478916447,-0.610698905,-3.751129303,5.162625985,-64.96975619
59:45.0,1672,1630.96,-0.071719025,-0.078558968,0.999462941,2.473989366,-2.983477731,-3.984954848,-3.178202929,4.164082373,-65.47463552
59:46.0,1673,1631.94,-0.051571021,-0.004941043,0.998625544,1.310846248,0.353475527,7.808395999,-0.789988072,3.104147103,-65.91344525
59:47.0,1674,1632.9,-0.038011282,-0.025364263,0.999141992,-0.721304085,-0.911218137,0.059372575,-1.610443458,2.183058138,-60.40616061
59:48.0,1675,1633.8,-0.04159692,0.007373027,1.000500388,-0.075221946,-0.018506446,4.234766581,0.056920516,2.573740542,-58.49645179
59:49.0,1676,1634.8,-0.051514378,-0.006590219,0.997295163,-0.731592083,1.939552158,-3.313749917,-1.328075846,3.241700564,-59.94860086
59:50.0,1677,1635.76,-0.075303436,-0.060610248,0.994616867,-4.931997286,1.670315364,0.799490406,-3.927625305,4.496991994,-60.37092606
59:51.0,1678,1636.74,-0.086387424,-0.145620489,0.985711343,-2.257446211,-2.777495402,-7.210393517,-6.782307267,4.650066756,-61.11112311
59:52.0,1679,1637.72,-0.048717151,-0.158412559,0.985985942,5.684611653,-4.147759262,3.248109472,-7.925307099,2.219394964,-62.4138467
59:53.0,1680,1638.7,-0.040049424,-0.020962686,0.999631688,6.683799806,4.355398748,0.071621901,-1.042599578,3.110830322,-61.39247017
59:54.0,1681,1639.66,-0.053408006,0.071379571,0.997410726,0.691768908,-1.883722146,0.581873,3.25833552,2.472232195,-61.14370646
59:55.0,1682,1640.66,-0.049065059,0.053297554,1.001710173,-1.105675222,-0.289869619,0.829343941,2.175041516,2.807754764,-60.09200188
59:56.0,1683,1641.64,-0.071293791,0.052520699,0.991608211,-4.947150684,6.981915531,-0.178377259,2.008051284,3.670472199,-61.67549733
59:57.0,1684,1642.62,-0.074130637,-0.021415476,0.993370321,-1.241119785,-3.099789906,1.052008849,-0.767835311,3.333647221,-60.63788751
59:58.0,1685,1643.62,-0.044779791,-0.050838374,0.998555294,2.115386349,-1.349234347,0.77134859,-1.824419968,3.182130012,-60.65911427
59:59.0,1686,1644.6,-0.028170311,-0.031526803,1.00079863,-1.719353111,-4.024063922,3.043473575,-1.756462952,2.821023922,-59.57733861
00:00.0,1687,1645.58,0.003420115,-0.016438976,1.002684761,-0.486199713,6.527601757,-3.379501077,-1.071660564,1.093885415,-61.08736858
00:01.0,1688,1646.58,-0.078940153,-0.058784176,0.999415964,-2.92374507,5.418012817,-0.430807361,-3.609577903,4.758670199,-61.39703638
00:02.0,1689,1647.56,-0.220447661,-0.109332917,0.974320952,2.647951632,-7.100323865,8.129218869,-5.376988852,10.44449654,-56.27387862
00:03.0,1690,1648.56,-0.078537161,-0.061437159,0.994038097,0.549675045,1.963621582,0.966885235,-3.843108661,5.524092602,-53.84901639
00:04.0,1691,1649.54,-0.04665218,-0.033705543,0.994339636,3.7895043,-3.827019227,1.908325129,-2.627962128,3.443993916,-52.88207177
00:05.0,1692,1650.54,-0.065197414,0.0237335,1.005191393,-0.359469024,1.698699812,-5.536110592,0.774889735,4.09352825,-57.46330715
00:06.0,1693,1651.52,-0.048204151,0.025143449,0.994644729,-3.532958834,2.850943083,2.971517067,0.649899039,3.225178169,-57.9813979
00:07.0,1694,1652.5,-0.0796491,-0.174853215,0.987016532,-3.370465699,-1.449112192,-6.265657686,-8.298570438,4.225396589,-58.29475443
00:08.0,1695,1653.5,-0.080948832,-0.112297376,0.987786539,3.186166761,-0.644196183,2.78832789,-5.715468007,4.227939006,-58.87343596
00:09.0,1696,1654.48,-0.060816304,0.085225407,1.000049105,11.21165227,1.615188305,7.151335368,3.381642289,3.050811806,-56.61624565
00:10.0,1697,1655.48,-0.142834339,0.044096458,0.983144107,-8.981297331,-4.29154161,-1.079597256,0.696773474,7.336316943,-53.83316185
00:11.0,1698,1656.46,-0.096848997,-0.013647629,0.995787676,-0.564386562,-0.174180724,-1.23381469,-0.303244118,6.457421616,-55.26571793
00:12.0,1699,1657.44,0.024015515,-0.148483828,0.993232946,0.588712365,0.828860405,-5.987533597,-7.276951517,-0.842803633,-61.01198531
00:13.0,1700,1658.44,-0.041062143,-0.048317569,0.998216016,1.982647102,0.345652312,4.818473889,-2.663366265,2.162154275,-57.73155602
00:14.0,1701,1659.42,-0.152251841,0.024366422,0.994912023,1.002321281,4.116583371,6.080966494,0.094969974,7.792821641,-53.17969689
00:15.0,1702,1660.42,-0.013426698,0.045445136,0.99409916,3.418748069,-0.855506506,-3.577194245,1.13539024,1.612137215,-52.0853307
00:16.0,1703,1661.4,-0.119828057,0.028163231,0.997337446,2.08128756,-5.363826582,-2.208379646,1.86333861,5.712143403,-53.32142317
00:17.0,1704,1662.4,-0.060122056,0.003038645,0.99808536,-4.844275309,4.681421425,0.529068836,-0.253952814,4.750356626,-55.3198864
00:18.0,1705,1663.38,-0.085240388,-0.076491567,0.993676612,-3.209857724,-4.681173871,1.300467623,-4.34724423,4.582650166,-53.16252155
00:19.0,1706,1664.38,-0.010970793,-0.13046958,0.993095942,1.477713321,5.265312385,0.198388803,-6.248066724,1.658690388,-51.94673355
00:20.0,1707,1665.36,-0.132398131,-0.154714931,0.985232332,-1.650568892,2.953693843,-2.062717355,-7.873124849,6.782507838,-53.45865268
00:21.0,1708,1666.34,-0.1421001,-0.084954136,0.986520167,6.974571006,-4.733399232,3.842004482,-4.833574991,6.330150627,-51.08899864
00:22.0,1709,1667.34,-0.08749521,0.029991693,0.99246649,1.238240056,-3.083796961,5.662861604,0.612748168,4.989982119,-46.29815568
00:23.0,1710,1668.32,-0.019776339,0.120069807,0.995798619,0.571361723,-1.799016054,-5.874415445,3.98278001,1.933847248,-46.12513711
00:24.0,1711,1669.32,-0.088071724,0.032445085,0.994892946,-2.943616084,0.485418031,10.17594527,1.821026544,4.828755176,-41.46701204
00:25.0,1712,1670.3,-0.12395304,-0.010027106,0.992104505,-2.07909402,-4.29260646,-18.19968045,-0.975329663,5.798863072,-41.5588354
00:26.0,1713,1671.3,-0.053584171,-0.043758164,0.997064357,-1.196425829,-0.559178484,0.575649245,-2.355258004,3.920671316,-52.32721709
00:27.0,1714,1672.28,-0.043017577,-0.117467054,0.993718038,4.209662519,0.572316252,-3.541912509,-4.692246871,2.513911798,-53.499091
00:28.0,1715,1673.26,-0.042592216,-0.083372798,0.993168206,-4.962739744,4.522397448,-1.145172722,-5.859188629,3.127253009,-55.20235134
00:29.0,1716,1674.26,-0.086072323,-0.051621619,0.994193055,8.237567179,-3.334615515,13.3516187,-2.730261195,4.436699542,-52.12246937
00:30.0,1717,1675.24,-0.055162104,0.060809889,1.002668471,1.637629752,0.75188275,0.669335475,3.241442879,3.071969792,-44.74384958
00:31.0,1718,1676.24,-0.088249078,0.079250609,0.997969171,0.415138783,1.794950963,-0.830223874,4.41677456,5.136275631,-44.62561033
00:32.0,1719,1677.22,-0.104419023,0.03000674,1.000061703,-9.892032435,-1.013183293,0.302103167,1.604739853,5.65653171,-43.8344925
00:33.0,1720,1678.22,-0.043048011,-0.201820603,0.986431196,-4.152061928,-5.169065109,4.990283501,-10.92312994,2.096972463,-46.74924758
00:34.0,1721,1679.2,-0.034323213,-0.042605099,0.984468314,15.75219948,5.516615479,2.404249533,-0.700894674,3.222659993,-43.44663575
00:35.0,1722,1680.18,-0.107911394,0.027055497,1.011143171,-19.02839665,1.291211985,-4.040537968,-3.627959027,5.672762767,-44.3160553
00:36.0,1723,1681.18,-0.155331052,-0.21616808,0.963848835,2.844548538,1.885583898,4.063733913,-10.71340603,8.395105837,-47.05761457
00:37.0,1724,1682.16,-0.080625737,-0.138735466,0.9844307,0.427699817,-6.835236118,0.690571927,-6.839433892,4.350587958,-45.57756283
00:38.0,1725,1683.16,0.001866873,-0.128234757,0.99295311,4.51782127,-1.188523331,2.257604114,-6.61405302,1.612787599,-44.42609958
00:39.0,1726,1684.14,-0.007450991,0.008899066,1.000116528,3.677962623,3.605075047,-2.340980544,-0.032769111,0.937851245,-45.14542396
00:40.0,1727,1685.14,-0.043992687,0.092708642,0.997210587,8.150097844,3.097317702,-0.399392484,4.330926094,2.149911764,-46.56420325
00:41.0,1728,1686.12,0.006755773,-0.010198292,0.990250743,-5.287352376,-6.422149951,2.622163592,-0.438645466,-0.425121201,-49.72564019
00:42.0,1729,1687.1,-0.024918056,-0.059484345,1.000290082,-0.009416175,5.113866312,0.947200313,-2.891078009,1.837809808,-45.77378182
00:43.0,1730,1688.1,-0.023523857,-0.041354122,1.002066804,0.216512064,3.337314214,-0.652816898,-2.310188664,1.542222728,-45.2861782
00:44.0,1731,1689.08,-0.133929805,-0.008795606,0.991333931,2.356036122,7.162942389,-2.612141753,-1.190056594,6.85775523,-45.87092019
00:45.0,1732,1690.08,-0.274380579,0.076390135,0.968122951,-3.921780052,-5.351425095,5.326202103,3.707388264,13.91594979,-40.73502741
00:46.0,1733,1691.06,-0.001927493,-0.099941345,0.993018129,-4.134837605,-5.937917556,-6.342087746,-4.792282394,1.573879462,-41.3307652
00:47.0,1734,1692.04,-0.105322401,-0.004299359,0.991200185,7.238100679,10.28668515,9.016867534,-0.26512362,6.689588667,-41.71793535
00:48.0,1735,1693.04,-0.085386236,-0.066517128,0.999583156,2.131795579,5.615330523,-4.920877914,-5.876381717,3.91774015,-42.09718345
00:49.0,1736,1694.02,-0.108699508,-0.152488026,0.992771616,-11.96350449,-10.84872629,1.667602467,-9.069645516,4.189086374,-42.85311951
00:50.0,1737,1695,-0.054738309,-0.158502691,0.969565273,22.52017255,-6.92013185,4.494465091,-6.022409067,4.711281365,-33.63393376
00:51.0,1738,1696,-0.018349426,0.151969359,0.995645084,7.831710472,11.47676934,6.739404025,7.131551945,2.519016267,-31.29224978
00:52.0,1739,1696.98,-0.077728151,0.107982298,0.980266865,-13.86684693,-8.157645383,-6.647330757,3.213468851,2.243199031,-39.67484249
00:53.0,1740,1697.98,-0.026811757,-0.050841936,1.002393559,-0.122237364,-0.169307647,-5.608032383,-0.828850588,2.536868363,-43.24691551
00:54.0,1741,1698.96,-0.023941111,-0.017331118,0.999650941,4.592930915,2.271733671,-17.18961429,-1.475273621,2.293578077,-60.47489111
00:55.0,1742,1699.94,-0.098288849,0.023962381,0.997826547,-5.616612502,-2.710662107,0.856144223,0.323802653,5.288666121,-60.46121959
00:56.0,1743,1700.94,-0.035632508,-0.18261782,0.990142893,-3.239876368,-0.627339635,-1.38943508,-9.158715112,2.256176512,-62.4908236
00:57.0,1744,1701.92,-7.63E-05,-0.079465907,0.988527039,4.407878995,0.191577203,1.482696644,-4.223908074,0.625086702,-58.76415017
00:58.0,1745,1702.92,-0.043683193,-0.028610216,0.998108785,2.888781403,3.586512859,-1.404958199,-1.582851388,2.987155612,-59.72546483
00:59.0,1746,1703.9,-0.136331819,0.146193234,0.986749955,3.443398244,5.342508358,-3.793907311,5.856842952,7.559699269,-62.68464173
01:00.0,1747,1704.88,-0.0887979,0.02708135,0.991315698,-2.497394204,-3.650086517,0.945602762,1.079745258,4.786718488,-63.60885513
01:01.0,1748,1705.86,-0.078115121,-0.022410264,0.993842432,-5.282754443,1.387464782,3.225495856,-1.845156569,5.049822104,-61.69931606
01:02.0,1749,1706.84,-0.11286915,-0.162104736,0.986928253,1.112786924,-1.414808397,4.265696102,-7.057376802,7.028078037,-58.66522704
01:03.0,1750,1707.82,-0.049808105,-0.133787062,0.998632342,-3.878660728,-4.987087081,-10.56175634,-7.510097077,2.497071758,-60.63817797
01:04.0,1751,1708.8,0.003865206,-0.182585316,0.978312603,9.611497372,1.083832762,3.981494938,-8.647603736,0.426438334,-62.24951
01:05.0,1752,1709.78,-0.02849673,-0.019845833,1.002647922,0.221030669,3.789507151,-0.202749166,-2.054266887,2.378502616,-59.92799219
01:06.0,1753,1710.76,-0.115648182,0.044070323,0.998825713,3.248353243,4.634471237,5.671078995,1.197730957,5.791030104,-60.09224481
01:07.0,1754,1711.74,-0.086920236,0.006866928,0.990378155,-4.437253116,-6.2888489,-2.366821096,-0.688819285,4.074381596,-58.16549134
01:08.0,1755,1712.72,-0.06807076,-0.032611722,0.997224142,-3.232792308,-0.85261255,0.65459876,-2.281242478,4.093335272,-57.31804526
01:09.0,1756,1713.7,-0.009556461,-0.064645301,0.993988109,7.963038064,-1.84028295,5.561076277,-2.701700357,1.737971918,-55.9561695
01:10.0,1757,1714.68,-0.039677481,0.098377707,1.001417229,-1.087481872,4.976573392,-11.08073355,4.62416475,2.637777393,-61.2540671
01:11.0,1758,1715.66,-0.103189293,-0.01587436,0.994109703,-9.741409815,0.727735811,3.088685475,-2.012844603,5.816884656,-62.56948967
01:12.0,1759,1716.64,-0.029519226,-0.127160012,0.992644167,0.48412207,0.813078585,2.627952566,-5.116986338,2.366074072,-59.5090569
01:13.0,1760,1717.62,-0.184704692,-0.044981735,0.987326835,7.26676357,10.29097956,-0.830801656,-2.454324456,9.879866954,-60.50794394
01:14.0,1761,1718.6,-0.119638019,0.006028739,0.987561612,-2.35579141,-15.79331609,-0.817482011,0.251861672,5.309531412,-59.50558297
01:15.0,1762,1719.58,0.004253511,-0.14081281,0.988561753,1.703858541,8.06225103,-6.206723754,-6.750784459,0.954564648,-65.25051741
01:16.0,1763,1720.56,-0.04971519,-0.045172384,1.000090689,3.585396912,-0.917294005,7.872399226,-2.565543022,2.959377032,-59.26382824
01:17.0,1764,1721.52,-0.068307804,0.030839615,1.000592453,3.013583833,-0.712982968,0.202511881,0.841225922,3.579520895,-57.03377242
01:18.0,1765,1722.5,-0.100704887,0.038584702,0.996176678,-2.794388309,-2.722171564,-2.066378454,0.904219171,5.479852546,-57.33670922
01:19.0,1766,1723.48,-0.066397604,-0.031126808,0.998950544,-3.289204589,2.43573725,-0.148994529,-1.966730902,4.672226885,-57.81536807
01:20.0,1767,1724.46,-0.028503341,-0.068097042,0.993494092,5.47830654,-2.611272264,4.368331234,-3.32657059,2.792970871,-54.71445951
01:21.0,1768,1725.44,-0.051047364,0.10011591,1.004236238,2.043991082,0.4745963,-10.77729775,4.958208521,3.202096063,-60.48080904
01:22.0,1769,1726.42,0.007698496,-0.022829142,0.988711896,-9.596872254,11.83681631,-10.46357528,-2.359012783,1.843739886,-67.29507823
01:23.0,1770,1727.4,-0.206167241,-0.065021424,0.986622803,1.041727717,0.464606622,1.172530918,-3.09368936,10.45288687,-73.33670386
01:24.0,1771,1728.38,-0.210001254,-0.057997462,0.980274456,-0.940917022,-2.154100042,-0.373385012,-3.612751431,11.44717393,-71.72581267
01:25.0,1772,1729.36,-0.087931108,-0.138502341,0.991926034,-3.680835218,-8.074481474,-1.105458927,-5.922683473,4.308998848,-73.28931783
01:26.0,1773,1730.34,-0.002764414,-0.211071853,0.994916317,-14.75285051,1.112272265,-0.316874012,-14.65763253,1.142813193,-72.68726471
01:27.0,1774,1731.32,-0.040160495,-0.214882575,0.951578135,32.70346743,0.941198416,0.555047854,-8.298110374,2.254031663,-73.32627687
01:28.0,1775,1732.3,-0.049338141,0.110997224,0.992173373,-6.889083081,-5.635776391,-3.992810057,4.702039361,1.915264122,-70.65222748
01:29.0,1776,1733.28,-0.01464415,-0.005001538,1.006941813,-9.846324512,0.012697196,-0.523885799,-2.30662999,1.145539871,-73.25119421
01:30.0,1777,1734.26,-0.055762038,0.035324707,0.989154946,15.27539791,9.214131529,-8.384541372,2.557306781,4.150611666,-81.20919838
01:31.0,1778,1735.24,-0.149132822,-0.017983008,0.991728531,-12.10815048,-4.172511082,10.1862336,-1.48786591,7.292856066,-72.1866246
01:32.0,1779,1736.22,-0.076437811,-0.033834769,0.996200321,7.427336434,-0.217818469,-7.846588921,-2.146393357,4.805418747,-73.57176399
01:33.0,1780,1737.2,-0.079261944,0.057478127,0.998681114,1.329322234,-1.126295023,-1.766967631,3.406680304,4.651234887,-78.57432348
01:34.0,1781,1738.18,-0.053191445,-0.002194905,0.995857929,-5.59850864,-0.426749602,2.496896185,-0.806199041,2.94362153,-77.28772026
01:35.0,1782,1739.16,-0.136800933,-0.096354432,0.988514204,-2.295712465,5.050728283,2.418339994,-5.108176213,8.535918653,-74.55017524
01:36.0,1783,1740.14,-0.076708105,-0.184393633,0.984158617,-1.498822819,-10.87931174,-3.306720284,-8.658734261,2.943820655,-75.2243435
01:37.0,1784,1741.12,0.004547555,-0.217682719,0.990068889,-5.52793401,8.530125205,2.375631382,-13.85201905,2.077446623,-72.73463429
01:38.0,1785,1742.1,-0.076797037,-0.093894631,0.982101205,16.12728823,-4.55158386,1.336658599,-2.884021126,2.990901397,-74.27018827
01:39.0,1786,1743.06,-0.031526266,0.07992301,0.991675761,4.413330618,-1.08496517,-1.216665619,4.096801975,1.667821962,-72.91733601
01:40.0,1787,1744.04,-0.054463919,0.111382535,0.996928773,-7.185609872,3.719789856,-0.565210396,4.209233259,3.846206921,-74.17192532
01:41.0,1788,1745.02,-0.07472897,0.015770566,0.999640907,4.688787861,-3.790348337,-1.28740583,1.436214617,3.64547245,-74.42822451
01:42.0,1789,1746,-0.043589094,0.215840632,0.976213021,-1.46882146,3.675407398,0.092397586,10.93904725,3.046992855,-74.79942456
01:43.0,1790,1746.98,-0.106754028,0.004351491,0.991419489,-11.42862855,0.451469264,-2.311574247,-0.900287102,6.105000033,-75.72286467
01:44.0,1791,1747.96,-0.117559531,-0.111612527,0.987684822,0.473423501,3.21793767,-1.530355434,-5.172836018,7.318977221,-77.0574509
01:45.0,1792,1748.94,-0.122658052,-0.146569716,0.985589472,-4.323870002,-8.755515185,-1.618767458,-6.749326111,6.602651526,-77.96321972
01:46.0,1793,1749.92,0.023242809,-0.173854145,0.989505681,2.079568499,4.228990342,0.445260419,-9.007817914,-1.497778932,-79.55331373
01:47.0,1794,1750.9,-0.124606693,-0.129059923,0.985061745,7.469101211,-3.26955281,5.524434282,-6.370366037,6.720762707,-73.02523806
01:48.0,1795,1751.88,-0.040650901,-0.020235047,0.99843779,1.902440316,0.853453997,1.295146702,-1.365546181,2.765219596,-71.36572261
01:49.0,1796,1752.86,0.041033778,0.053038852,0.992956777,2.15531087,-7.33673707,-10.6409572,2.169384562,-1.929050786,-74.21942916
01:50.0,1797,1753.84,0.034396724,0.059425706,0.998785958,2.283044998,2.208034487,1.093340706,2.171392305,-1.548525766,-77.06451958
01:51.0,1798,1754.82,-0.139300861,0.153718193,0.985521758,-1.645809428,10.0213253,-1.269043099,8.484371756,8.401379503,-74.74869104
01:52.0,1799,1755.52,-0.129487838,0.007644512,0.983293004,-9.112222444,-8.249552902,-6.594419266,-1.185804711,5.919203528,-78.56633023
01:53.0,1800,1756.1,-0.06067496,-0.167898845,0.990285537,-6.717323706,4.990785366,9.718686033,-8.004658943,5.245377736,-78.11102175
01:54.0,1801,1757.02,-0.088531407,-0.241755665,0.965392271,10.99629288,-10.69026724,-5.981947248,-11.93263384,4.458091773,-72.89141455
01:55.0,1802,1758,0.02709565,-0.016163146,0.998724698,3.716685322,4.973656429,-8.040212396,-1.415728848,-0.606953627,-78.41703221
01:56.0,1803,1758.98,-0.08721392,0.178234058,0.993659848,3.002635616,8.823835607,3.869555448,8.484067257,4.479289774,-80.57542631
01:57.0,1804,1759.96,-0.184649577,0.06469164,0.973888374,-12.01734798,-10.96714638,-1.194202828,2.380024432,8.074943382,-78.65582326
01:58.0,1805,1760.94,-0.055818219,-0.097934152,0.996075884,-2.785374416,2.841710856,-2.572984742,-5.416509948,4.601359802,-81.73595497
01:59.0,1806,1761.9,-0.078142264,-0.173729068,0.987244156,-1.488218029,0.100864654,9.021242893,-7.82030383,5.084781713,-78.71124189
02:00.0,1807,1762.88,-0.039524305,-0.127471247,0.986553639,10.40979204,-6.605226061,-0.353312734,-5.987915998,2.560120283,-70.11620193
02:01.0,1808,1763.86,0.040548618,0.103274173,0.995691894,5.430748388,1.330620415,-11.6087763,3.33044056,-1.402686309,-80.21047473
02:02.0,1809,1764.84,-0.084513006,0.18996899,0.985371522,-7.092717182,11.41448057,-0.928847021,9.059765325,4.73323269,-79.30799892
02:03.0,1810,1765.58,-0.155205347,-0.020083229,0.979421628,-11.40133012,-3.235086144,-2.463029069,-2.7930987,7.88623119,-83.03855676
02:04.0,1811,1766.16,-0.118742621,-0.16270824,0.980579664,-0.377021231,3.293379676,-3.621129559,-8.65418627,7.867216652,-84.14627871
02:05.0,1812,1766.84,-0.158034664,-0.20945065,0.97967124,-1.350159588,-0.627464289,9.463610449,-9.177387681,9.47088062,-82.57716318
02:06.0,1813,1767.74,-0.085743863,-0.259886571,0.964840132,5.198586204,-12.04794784,-3.301444477,-14.96844652,4.002347076,-80.21766794
02:07.0,1814,1768.72,0.067594941,0.041063397,0.993455092,5.733761833,4.712418222,-10.54030279,1.914291979,-2.67181331,-86.75696437
02:08.0,1815,1769.7,-0.073548269,0.195450902,0.992732886,4.77370424,8.92874315,5.911624033,9.049960022,3.420166722,-88.03293891
02:09.0,1816,1770.68,-0.143648801,0.081601491,0.975725443,-17.04512469,-12.63934926,-6.311144496,2.472822995,6.328392252,-87.38642291
02:10.0,1817,1771.66,-0.033884478,-0.098137849,0.996066497,0.623230568,11.28283342,3.939958781,-4.116276428,3.718185219,-89.28693887
02:11.0,1818,1772.64,-0.108076595,-0.132473515,0.984833283,-1.499722577,-7.153033022,1.660350409,-6.949454659,5.173461697,-85.76372603
02:12.0,1819,1773.62,-0.020980973,-0.074382415,0.994740287,5.261672825,-2.746750964,-0.065366369,-3.51646204,2.112867731,-81.05781288
02:13.0,1820,1774.58,0.050167924,0.024510634,0.996397856,1.670530549,0.62559621,-13.04576858,0.427356502,-2.555926442,-91.11619015
02:14.0,1821,1775.56,-0.060412369,0.168161993,0.993371524,7.11882512,9.571857723,7.488317803,8.911505236,3.377844031,-89.50190735
02:15.0,1822,1776.54,-0.215086789,0.089963254,0.970361146,-14.05912022,-0.87380381,-5.939366639,2.835955969,11.6931318,-91.08726807
02:16.0,1823,1777.52,-0.070875121,-0.170737809,0.983556776,-8.293562949,-3.089793862,1.893246934,-8.995356506,4.242981967,-93.25853861
02:17.0,1824,1778.5,-0.05331911,-0.234416571,0.972466883,1.773583423,-0.9959968,8.694463486,-11.10243497,4.428572376,-88.19074018
02:18.0,1825,1779.48,0.015848225,-0.07143079,1.001393324,2.010979504,-3.900478679,-9.657175299,-5.130215926,-1.240351723,-90.20375943
02:19.0,1826,1780.46,0.010058153,0.053573528,0.998015568,10.90410872,2.203548265,6.259823402,1.5628453,-0.229918026,-95.51870927
02:20.0,1827,1781.36,-0.114467988,-0.009648444,0.994351736,-14.10535969,6.752820225,-3.361960775,-0.774737987,6.521294392,-90.30222511
02:21.0,1828,1781.96,-0.082641468,-0.095826149,0.970130247,3.281526731,-3.840244283,-1.217186722,-5.354711962,3.96477503,-92.58595554
02:22.0,1829,1782.94,-0.221251021,-0.029376067,0.993141111,-6.603956092,12.46912402,0.929408923,-1.082775575,13.73330375,-91.95973974
02:23.0,1830,1783.92,-0.28939815,-0.016896943,0.963332443,6.832890735,-5.250706944,-8.759231891,-2.824389479,15.10465158,-92.34968376
02:24.0,1831,1784.9,-0.171200936,0.032703545,0.987143603,1.326370703,-9.462233629,-2.686694696,2.238307231,8.731553123,-100.1133924
02:25.0,1832,1785.88,-0.02528995,-0.049784833,0.98767143,-12.05705875,-5.714094094,2.576747329,-4.609360395,1.511197801,-100.6330477
02:26.0,1833,1786.86,0.016135035,-0.208494518,0.979057861,5.148142131,1.311015242,9.327722471,-9.163181212,-0.146730141,-93.14366629
02:27.0,1834,1787.84,-0.023160958,-0.07565466,1.001714009,4.927524453,2.968276326,-3.619884643,-3.559971428,1.781089599,-91.95057015
02:28.0,1835,1788.82,-0.026155577,0.015062573,1.002875267,3.509336603,0.068870611,-3.453490139,1.116118716,1.548596126,-90.36457472
02:29.0,1836,1789.78,-0.050905436,-0.127553753,1.006971699,-19.09553847,-0.75979757,7.114565128,-10.22752962,2.987284051,-91.07650409
02:30.0,1837,1790.76,-0.025196242,-0.061619284,0.97886048,17.75803584,-0.466612087,-7.16431383,-2.497931295,1.032533292,-90.47048552
02:31.0,1838,1791.74,-0.072484153,0.001441351,0.993325322,-2.124325621,4.224010168,0.595232511,-0.447111427,4.5714182,-94.97589207
02:32.0,1839,1792.72,-0.147527179,-0.008652559,0.997115187,4.916198073,-1.507199989,-2.599408548,0.55228099,7.682422342,-96.15904058
02:33.0,1840,1793.7,-0.031767451,-0.052411973,0.994403554,-3.414076687,-7.03987305,8.5769127,-1.463368172,1.501798273,-96.52032359
02:34.0,1841,1794.68,0.022915519,-0.138095547,0.999240687,-2.670940932,-0.548273407,-0.681972421,-8.654366143,-0.0692534,-93.87763637
02:35.0,1842,1795.66,-0.027962942,-0.012565593,0.993235435,4.724006038,5.248800272,1.204597169,0.021999192,1.407471474,-95.62423076
02:36.0,1843,1796.64,-0.081083274,0.02380116,0.997256032,3.098128538,-0.18957137,-0.093736323,1.203571431,4.235133025,-94.12077037
02:37.0,1844,1797.62,-0.071864196,0.095177423,0.996365815,-4.107194351,-1.170897692,-0.865522208,4.169401173,3.934016983,-93.92350041
02:38.0,1845,1798.6,0.000588108,0.141262963,0.995800286,8.072388341,-3.266241812,3.717667958,6.92873627,-0.198958716,-95.49667578
02:39.0,1846,1799.58,-0.008551632,0.049345169,0.993018093,-7.6057593,1.447712729,-0.798947539,2.06731633,0.225893031,-91.05786171
02:40.0,1847,1800.56,-0.159959016,-0.126605597,0.983079705,-9.049340388,11.60204158,0.609109237,-5.926988737,10.24221332,-94.65786927
02:41.0,1848,1801.54,-0.160620017,-0.203545322,0.969236007,3.607854542,-9.353529448,-1.733013437,-10.31985088,7.331638233,-93.70137275
02:42.0,1849,1802.52,-0.035168657,-0.099512862,0.99292391,5.027868853,-2.839835177,1.287333176,-5.297760195,2.256232638,-94.10917993
02:43.0,1850,1803.5,-0.031580663,-0.066485094,0.998411911,-0.59600387,1.804497395,4.209470099,-3.592819254,2.40919007,-92.78670185
02:44.0,1851,1804.48,0.059870007,0.021761819,1.000423423,2.694371395,-1.40363116,-7.660844643,0.014397646,-2.914475388,-95.36807446
02:45.0,1852,1805.46,-0.038281502,0.014059572,0.995612836,1.138923009,6.450041309,-3.305943319,0.644595519,2.635288799,-98.85591096
02:46.0,1853,1806.42,-0.1385246,0.147700551,0.990472927,4.606516669,-1.283181446,5.363397082,8.19188496,6.288472803,-95.44875876
02:47.0,1854,1807.4,-0.096933039,0.110020876,0.98641536,-9.017576749,-5.024634669,-2.669042796,4.72317003,3.937150228,-93.56951644
02:48.0,1855,1808.38,-0.148663984,-0.138876506,0.980216528,-13.195041,4.321241054,0.739010675,-7.173664746,9.572862276,-96.64059748
02:49.0,1856,1809.36,-0.088678814,-0.177296062,0.979551622,9.305208661,-5.949231222,-5.23391529,-8.658005455,4.365555281,-94.22769173
02:50.0,1857,1810.34,-0.026328448,-0.0570724,0.995579573,5.177087411,-0.615748447,-0.835636674,-3.434320097,1.85760321,-97.67859314
02:51.0,1858,1811.34,-0.002204291,-0.101612016,0.995542405,-0.655223729,-2.915595438,10.9769108,-5.55765261,1.294101735,-92.93542312
02:52.0,1859,1812.32,0.030607911,-0.038642875,0.995349826,2.39263432,7.691281962,-11.62292762,-2.416703988,-0.801396865,-99.19635444
02:53.0,1860,1813.32,-0.074487378,0.000784711,0.997804798,4.170667687,1.614750453,-7.526457748,-0.177059915,3.282088037,-105.3908099
02:54.0,1861,1814.3,-0.111613594,0.192625674,0.985759153,-0.56684005,2.645001583,8.591540705,10.09120092,5.536751848,-98.761142
02:55.0,1862,1815.28,-0.153874139,0.028557864,0.980575489,-11.41587512,-3.028863982,-1.124314174,0.555688059,7.448797707,-97.44820616
02:56.0,1863,1816.28,-0.109134775,-0.116168931,0.987430629,-2.432833523,4.213373457,-2.058925332,-6.175685147,7.597436113,-99.90738631
02:57.0,1864,1817.26,-0.140992936,-0.17825505,0.984071765,-1.455995935,-1.806778225,5.999912642,-7.130056771,8.014768701,-100.5009117
02:58.0,1865,1818.24,-0.082606811,-0.227828217,0.974819963,1.194650013,-8.157626186,-0.239245813,-12.89618929,3.568516301,-95.90744473
02:59.0,1866,1819.22,-0.018219091,-0.036285507,0.99980791,7.434242219,5.31978631,-1.18175363,-1.813609776,2.409567813,-95.58137001
03:00.0,1867,1820.2,-0.009917368,0.14350486,0.99463908,4.764125488,-2.945447692,-1.368891234,5.813187751,0.317406914,-99.14467836
03:01.0,1868,1821.18,-0.027687029,0.090586714,0.993670847,-3.977903241,4.36436851,-2.758666276,4.288257622,1.992364473,-98.13864977
03:02.0,1869,1822.16,-0.13242611,-0.004954026,0.994276524,-8.860493936,7.308563553,-1.923238271,-0.359893597,6.510144325,-99.93465023
03:03.0,1870,1823.14,-0.24904639,-0.126804432,0.969038485,0.46157776,-11.70227737,0.462962833,-6.146929819,11.8549769,-98.91664109
03:04.0,1871,1824.12,-0.050119536,-0.105775095,0.995419908,2.403615823,-1.719874434,0.085406441,-5.499906063,3.367158097,-99.20767053
03:05.0,1872,1825.1,-0.025470552,-0.075039756,0.997469754,-0.463795548,-1.734396826,0.301741194,-4.34780844,1.720377791,-98.90814341
03:06.0,1873,1826.08,-0.003478106,0.04426684,1.005128654,8.617424209,2.101390528,-8.330668857,2.28918245,1.424826916,-102.4147911
03:07.0,1874,1827.06,-0.007971345,0.057002113,0.997119807,-4.272572546,2.358140786,-0.381131175,2.431455517,1.061981269,-106.7038597
03:08.0,1875,1828.04,-0.088304726,-0.018692641,0.996603243,-2.606702316,4.312095814,2.847274041,-1.050215343,5.252603293,-105.3192119
03:09.0,1876,1829.02,-0.060675383,-0.13982253,0.973398989,-3.478926252,-7.708383702,-36.02510492,-7.648339279,1.28778262,-113.451197
03:10.0,1877,1830,-0.002897427,-0.082213674,0.996587269,7.855777788,6.334266889,2.528505863,-3.357241295,1.006951836,-144.9090259
03:11.0,1878,1830.98,-0.036450384,-0.000540672,1.005187659,-2.71216123,-0.81183724,45.35974159,-0.754912253,1.82967508,-112.6831953
03:12.0,1879,1831.94,-0.081211561,-0.075785702,0.991114543,-3.000839804,0.709179588,-38.19313062,-5.419769312,4.388062157,-108.1766136
03:13.0,1880,1832.92,-0.047175602,-0.119054625,1.020755686,10.79133199,5.387743542,-11.61640867,-4.853413172,3.157470841,-137.8009362
03:14.0,1881,1833.9,-0.087729985,0.020082083,0.966746624,-2.766387543,-6.941925079,1.490444964,0.170493157,3.446071632,-140.5915204
03:15.0,1882,1834.88,-0.083079695,-0.033370153,0.989069518,-3.991432072,-1.637723571,8.841858577,-2.29361188,4.581017726,-137.7266428
03:16.0,1883,1835.86,-0.119024535,-0.169186612,0.986755118,-6.282063758,5.448701396,-0.960666094,-10.09531798,8.088173413,-126.9698552
03:17.0,1884,1836.84,-0.053498272,-0.102476835,0.987371925,11.44008376,-15.0629441,-10.69224127,-4.551860856,1.536753197,-132.2445841
03:18.0,1885,1837.82,0.027564334,0.031137773,1.003646888,1.682143049,7.041189189,1.441083342,0.918903371,-0.519262528,-137.8612108
03:19.0,1886,1838.8,-0.095289123,0.095070047,0.99650817,7.663487318,10.96177532,0.840952297,4.681309725,6.301954383,-137.3366866
03:20.0,1887,1839.78,-0.175983202,0.155992031,0.976518489,-1.410626834,-1.916147219,-1.222603114,9.722475976,8.854375258,-133.7167104
03:21.0,1888,1840.76,-0.143895831,-0.018737615,0.989862146,-15.5698213,0.532869675,6.66571973,-1.279485751,8.398824841,-134.8825373
03:22.0,1889,1841.74,-0.012526583,-0.253220548,0.959284955,3.691473922,-14.93428913,-13.19908438,-14.46573388,-0.015586745,-133.0817371
03:23.0,1890,1842.72,0.049676166,-0.042411868,0.991759424,12.79099575,6.399483674,0.740993557,-1.720225673,-1.210009563,-141.6830633
03:24.0,1891,1843.7,-0.0305026,0.148511663,1.002204328,4.731695305,9.201938488,-0.99306587,8.198467381,1.66865483,-138.0104829
03:25.0,1892,1844.68,-0.166144666,0.108844973,0.980210394,-11.40059368,-0.309627539,-4.654893337,5.268562638,8.79778418,-139.9156743
03:26.0,1893,1845.66,-0.097038235,-0.171117575,0.989455335,-16.7038372,-3.469596973,3.459695365,-10.14757989,6.599670717,-138.5383526
03:27.0,1894,1846.64,0.049890866,-0.220950935,0.959905162,14.21902704,-0.2857273,-6.611109312,-10.65853149,-2.077762172,-142.6886968
03:28.0,1895,1847.62,-0.030642621,0.11154212,0.998257317,12.24123575,-0.418534797,6.275782481,5.74224992,1.046355566,-144.4072792
03:29.0,1896,1848.6,-0.152891387,0.199629317,0.976294056,-5.239221538,9.706688661,-3.74776868,10.63106306,8.19423937,-143.9004388
03:30.0,1897,1849.5,-0.211993823,-0.05045572,0.970054544,-18.83873976,-1.455602153,-3.728855912,-5.387149776,11.80701398,-147.6936374
03:31.0,1898,1850.08,-0.116883595,-0.342325831,0.942017571,-2.810581839,-10.96032596,5.861538344,-17.42716303,5.930537188,-146.3271281
03:32.0,1899,1850.74,0.112341804,-0.1256568,0.975523042,16.88168318,-5.134956181,-10.97678233,-5.841960616,-5.874761051,-148.2477285
03:33.0,1900,1851.24,0.07214813,0.112140168,1.000306346,8.38719884,8.015579626,1.474109885,5.649414355,-3.313242751,-150.9635285
03:34.0,1901,1851.9,-0.155521539,0.132609269,0.981796169,-10.94621,9.148949347,-6.061960456,5.992674915,8.573988902,-151.6082696
03:35.0,1902,1852.6,-0.198226233,-0.233437903,0.968674256,-15.70680874,-4.81141694,6.172234247,-13.85374393,10.78971601,-150.7091013
03:36.0,1903,1853.3,-0.032826269,-0.170651244,0.959570637,24.19330268,-6.347996122,-10.98404955,-7.014038735,2.195523337,-152.9283736
03:37.0,1904,1854.04,-0.038012676,0.211587419,0.990693635,5.78469133,4.041572505,0.014794134,10.79054799,1.768507867,-156.3724931
03:38.0,1905,1854.82,-0.176633465,0.148286839,0.981567186,-11.55989149,3.134017873,-2.830159655,6.749672496,10.08510302,-158.8001979
03:39.0,1906,1855.8,-0.17154902,-0.161736393,0.978072578,-12.32708512,-7.310269044,2.922774348,-8.83878903,8.845443575,-156.2445807
03:40.0,1907,1856.8,0.046648513,-0.14637096,0.971003112,7.392503429,-4.517948755,-4.503223121,-8.085733568,-0.663834722,-152.7545145
03:41.0,1908,1857.78,0.038134082,-0.031205777,1.00137064,3.965494461,0.444456334,-2.459235792,-2.975580316,-2.154384695,-163.949566
03:42.0,1909,1858.78,-0.038108795,0.121210004,1.003007151,7.81521274,14.75953132,-1.735318196,8.25910575,2.054994103,-161.4179658
03:43.0,1910,1859.76,-0.229541972,-0.007514768,0.978109289,-20.88657386,3.021796625,-1.14615641,-2.047468762,12.89391994,-165.0535341
03:44.0,1911,1860.76,-0.162785375,-0.300820324,0.93915491,4.343889573,-15.51764949,4.216343883,-15.13478187,7.450286418,-160.9700779
03:45.0,1912,1861.74,0.066810543,-0.0116266,0.986669258,7.406633075,-2.339332251,-12.39566165,-1.654590358,-2.847796782,-165.0050937
03:46.0,1913,1862.72,0.027073413,0.007388349,1.004333851,-0.316594397,-3.808034631,1.54330562,-1.905542902,-2.327259983,-171.5475549
03:47.0,1914,1863.72,0.001502612,0.123450693,0.998412962,7.000750546,9.030461005,-3.191863164,8.160866464,0.346438043,-167.6685442
03:48.0,1915,1864.7,-0.173680343,0.12720892,0.981239571,-13.24113101,2.665103507,-2.344348804,6.211986673,9.181454268,-173.0263956
03:49.0,1916,1865.7,-0.166533027,-0.183996668,0.976472014,-9.729147294,-3.251163961,1.012470504,-10.57614431,9.424459598,-169.4310004
03:50.0,1917,1866.68,-0.052008848,-0.187977677,0.965463448,8.412355925,-5.471148811,-1.704698941,-9.858605497,4.105344816,-168.5822578
03:51.0,1918,1867.66,0.028261828,-0.073205809,0.993508217,-0.832521294,3.171043574,-5.705918975,-5.195908557,-1.018695916,-175.5472051
03:52.0,1919,1868.66,0.054405571,-0.062505068,1.000010375,0.776797446,-1.170409638,-9.840511808,-4.692242339,-4.130192932,-165.6172112
03:53.0,1920,1869.62,-0.008815435,0.003555782,1.002442249,5.67300943,5.841692057,6.062339531,1.275285417,0.783862988,-180.9570005
03:54.0,1921,1870.6,-0.141381725,0.014058258,0.998479196,-3.936218474,3.216133445,1.499275645,1.456346257,8.656323407,-174.9386221
03:55.0,1922,1871.58,-0.134267376,-0.029475956,0.985063868,-1.563328984,-3.744304995,-16.09939418,-1.826534957,6.776363923,-158.3375863
03:56.0,1923,1872.56,-0.093481291,-0.065066435,0.991072778,-2.177829828,2.197346445,-7.468981411,-4.078609393,5.510964983,176.3022059
03:57.0,1924,1873.54,-0.075499106,-0.115821817,0.994537795,8.897592109,-0.759076497,-29.28140973,-5.669980044,3.743465094,141.1314527
03:58.0,1925,1874.52,0.000795906,0.012013539,1.031504637,-2.216097835,10.15632954,1.639401676,-0.37487255,1.890471322,124.2900498
03:59.0,1926,1875.5,-0.078976126,-0.04937566,0.981841504,0.45825237,1.611723139,-5.260515761,-2.821786236,4.418065787,123.0066314
04:00.0,1927,1876.48,-0.097480555,-0.027072382,1.00461156,3.680846185,1.885843245,-4.835676581,-1.174711991,5.69999247,116.2490621
04:01.0,1928,1877.46,-0.074297432,-0.023995595,1.020871133,2.307904603,7.125770057,-3.018047938,-1.119127116,5.549150852,113.8479605
04:02.0,1929,1878.44,-0.075074963,-0.056530064,1.009410381,-5.514027501,-7.26207463,-9.59280758,-4.4096547,2.553214651,108.236754
04:03.0,1930,1879.42,0.027272158,-0.079131777,0.950448422,-0.872639385,-2.690609261,-5.98393609,-4.739607895,-1.792413084,98.20224153
04:04.0,1931,1880.4,-0.025411989,-0.047697215,1.005709039,0.16664839,1.34276025,4.515326254,-2.811618999,1.739256577,100.3473855
04:05.0,1932,1881.38,-0.105068892,-0.021952645,1.002128372,5.718940168,3.75981694,-17.65782689,-0.490792695,6.12320376,91.09062054
04:06.0,1933,1882.36,-0.036336103,-0.0656575,0.993349982,2.357554719,-5.220249184,-16.83056283,-3.516289419,0.741134811,74.66253281
04:07.0,1934,1883.34,-0.018147554,0.011394411,1.011077168,-4.328148207,5.679371879,-5.511477878,-0.760649425,2.10492015,62.53945352
04:08.0,1935,1884.32,-0.094629769,0.012158056,0.971033487,-5.124866659,-11.67306888,-0.970661323,-0.344371903,3.076100593,59.92494612
04:09.0,1936,1885.3,-0.004369186,-0.151814944,0.995137464,-6.064126974,3.392026355,-3.173196728,-9.458714057,1.301090936,53.47265958
04:10.0,1937,1886.28,-0.059345189,-0.184176349,0.981799785,2.721210778,0.698867697,2.80535539,-9.598672311,3.512828697,54.63321802
04:11.0,1938,1887.26,-0.03957478,0.028856662,1.011900809,11.25426307,-2.521902755,-0.838223382,3.165274876,1.538960171,57.32700236
04:12.0,1939,1888.24,-0.034160338,0.070857114,0.993677885,-5.06092735,1.552519745,-25.42786796,3.132065407,2.252567773,55.01640916
04:13.0,1940,1889.22,-0.028410654,0.021397951,0.990777562,-1.682348571,-0.090053841,0.641034673,0.752951602,1.488749001,22.48380614
04:14.0,1941,1890.18,-0.046084947,-0.020803279,1.001280001,-0.56620014,-0.487132131,37.40180564,-0.831713343,2.657299592,47.99599985
04:15.0,1942,1891.16,-0.048589237,-0.024035626,1.000279354,-5.547253558,2.479105173,44.41369071,-1.717193231,3.661310358,89.19977594
04:16.0,1943,1892.14,-0.093260289,-0.074964223,1.013475456,-5.351085943,-2.564014925,25.27294603,-4.557764463,5.121494846,122.5669543
04:17.0,1944,1893.12,-0.073957012,-0.077525284,1.002105648,4.427888821,-2.229567471,18.32459924,-3.146102372,4.144115778,143.8469472
04:18.0,1945,1894.1,-0.047056453,0.006437265,0.978027578,2.121874484,-1.708049218,13.57406757,0.64705126,2.572079757,159.6894988
04:19.0,1946,1895.08,-0.019867862,0.044305677,0.967489051,-6.825102315,-0.342109771,7.218503545,1.20802373,1.399680332,167.738172
04:20.0,1947,1896.06,-0.094754874,-0.019048443,1.00851403,-0.986036762,1.785745671,0.432010308,-0.948755797,5.600079974,171.8905672
04:21.0,1948,1897.04,-0.081144193,-0.007773969,0.998666305,0.712780088,-2.649807874,-1.900793681,-0.284994257,4.184518223,171.0730859
04:22.0,1949,1898.02,-0.048636718,-0.028920547,1.030722193,-0.526221561,0.111552304,-1.987576607,-1.765111053,2.920485884,168.9375694
04:23.0,1950,1899,-0.052668729,0.002757809,0.992463355,3.006783822,-6.457001622,-0.896563773,0.617440675,1.907684678,167.5371081
04:24.0,1951,1899.98,-0.011623199,-0.002081588,1.019604351,0.257790161,5.011502482,-2.049599503,-0.230321462,1.864899248,166.4784447
04:25.0,1952,1900.96,0.005402874,0.012608374,0.990420433,-1.44491835,5.327850861,-2.513320218,0.369316374,0.628941142,163.9493325
04:26.0,1953,1901.94,-0.033502203,-0.006690596,0.997829353,1.35594127,-2.76388376,-1.032733947,-0.150989283,1.078752212,162.5576549
04:27.0,1954,1902.92,-0.060384576,-0.00066938,0.991154935,-2.692291676,5.737006896,-1.304336456,-0.521107851,4.30784297,161.5797822
04:28.0,1955,1903.9,-0.130244583,-0.047005485,0.993237721,-1.108676775,-4.021853826,-1.796457791,-2.648534747,6.430295375,159.9242087
04:29.0,1956,1904.88,-0.058575184,-0.043054853,1.00081433,3.363152754,1.443459604,0.294831029,-1.7894915,3.759037293,159.3280515
04:30.0,1957,1905.86,-0.085517941,-0.009258272,1.001079333,-1.457178097,0.451515181,-0.076469593,-0.981411367,4.927537711,159.8652096
04:31.0,1958,1906.84,-0.093082268,-0.035075686,0.998948697,0.124892617,-0.199850157,-0.902292097,-1.944945474,5.214377175,159.5039997
04:32.0,1959,1907.8,-0.08158704,-0.024723743,0.996265852,0.85586543,-0.690658396,-1.276369259,-1.335750954,4.539949883,158.3349242
04:33.0,1960,1908.78,-0.072260915,-0.022200518,0.996251794,-0.304887345,-0.555256114,-0.973855049,-1.439528956,4.0755447,157.3228807
04:34.0,1961,1909.76,-0.052359407,-0.024372669,0.997923162,0.410329799,-1.154708764,0.077875453,-1.396237119,2.911279353,157.1566444
04:35.0,1962,1910.74,-0.041039693,-0.020939817,0.999667896,-1.082951522,0.757836502,-0.356349194,-1.415041272,2.577779001,157.2731444
04:36.0,1963,1911.72,-0.061793906,-0.03648124,0.994161895,1.034673078,-5.282430522,-0.338352238,-1.844274791,2.673684366,157.0973485
04:37.0,1964,1912.7,-0.081340097,-0.036754469,0.998469393,-1.015304326,7.676685269,-1.217939864,-2.37782673,6.001327118,156.1899023
04:38.0,1965,1913.68,-0.102254769,-0.035527365,0.994817819,0.205888801,-4.267887385,-0.375374438,-1.912337872,4.884926772,155.6052516
04:39.0,1966,1914.66,-0.075780263,-0.05119366,1.00173557,-0.623336888,1.971576921,-0.229960396,-3.016784328,4.755308962,155.5337409
04:40.0,1967,1915.62,-0.083953084,-0.044316942,0.998914623,0.970157301,-0.7334652,-2.335422445,-2.377212784,4.634421412,154.5814441
04:41.0,1968,1916.6,-0.075738038,-0.03942929,0.999410319,-0.174735713,-0.01182386,-1.738319315,-2.40965828,4.334043265,152.6625887
04:42.0,1969,1917.6,-0.073830434,-0.043519267,0.996258717,0.410200699,-0.484771968,-0.505376041,-2.438281849,4.097959417,151.4820411
04:43.0,1970,1918.58,-0.063123904,-0.038941639,0.998002029,0.017778919,0.012097639,0.109019112,-2.273514823,3.65819707,151.5469411
04:44.0,1971,1919.56,-0.066842521,-0.039157125,0.997011632,0.008812041,0.267652159,-0.229826233,-2.275033322,3.88780164,151.5994755
04:45.0,1972,1920.56,-0.063412368,-0.032461538,0.996851439,0.229615689,-0.165166592,-0.473262011,-1.88842327,3.639089137,151.5936258
04:46.0,1973,1921.54,-0.071594937,-0.032339555,0.996585921,-0.11609504,-0.451860239,-1.103526862,-1.864555482,3.977699638,150.7359182
04:47.0,1974,1922.54,-0.064175708,-0.032526965,0.996757306,0.220924415,0.089411352,-1.023962481,-1.909482743,3.684739803,149.8700017
04:48.0,1975,1923.52,-0.068971904,-0.031750493,0.998357606,-0.28861565,0.612714373,-0.545327481,-1.905251965,4.021559716,149.3125752
04:49.0,1976,1924.52,-0.07802758,-0.039881665,0.997447239,0.035793995,-0.344841801,-0.871825828,-2.301217789,4.329322885,148.7012451
04:50.0,1977,1925.5,-0.074971507,-0.040332241,0.99862966,-0.124942481,-0.068262941,-0.982230938,-2.350886231,4.211744041,147.9313065
04:51.0,1978,1926.48,-0.067334479,-0.039968901,0.997369159,0.514789085,-0.432265174,-0.739642895,-2.237860879,3.777943774,146.970416
04:52.0,1979,1927.48,-0.059403393,-0.027846488,0.998213704,-0.669060418,0.405406973,-0.817951548,-1.815055112,3.454330961,146.4958241
04:53.0,1980,1928.46,-0.066002309,-0.040411306,0.996968055,0.182358998,-0.736650319,-1.062886382,-2.257632403,3.633452751,145.6445913
04:54.0,1981,1929.46,-0.059770231,-0.029177534,0.998529638,0.054960213,0.727173829,-0.793583449,-1.718315476,3.51029808,144.6756432
04:55.0,1982,1930.44,-0.06859947,-0.039069973,0.998132146,-0.593208048,-0.463827453,-0.148147673,-2.324486599,3.787561113,144.2440326
04:56.0,1983,1931.44,-0.059468611,-0.030905624,0.998832822,0.728974066,0.116642682,-1.078199661,-1.677053888,3.433827944,143.806478
04:57.0,1984,1932.42,-0.063579543,-0.029319364,0.999224049,-0.824834043,0.288989328,-1.544706191,-1.897499191,3.680887635,142.6811653
04:58.0,1985,1933.42,-0.065895557,-0.037247056,0.998273341,-0.061242943,0.514036398,-0.870175582,-2.155983099,3.851181803,141.5010193
04:59.0,1986,1934.4,-0.067432976,-0.03683239,0.997660337,0.287420006,-0.741669471,0.091895593,-2.060114564,3.728631831,141.3915492
05:00.0,1987,1935.38,-0.063887844,-0.030927147,0.998176048,0.021405162,0.807975102,-1.020628116,-1.865901844,3.848953133,140.929269
05:01.0,1988,1936.38,-0.075580581,-0.037467546,0.99880013,-0.329242465,0.013745315,-0.94655685,-2.220401965,4.298292167,139.9945964
05:02.0,1989,1937.36,-0.068764893,-0.039572624,0.997936491,0.752648838,-1.088966252,-1.071636658,-2.168503956,3.742805749,139.1600326
05:03.0,1990,1938.36,-0.051135219,-0.026576413,0.998870638,-0.368609063,0.486213042,-0.957712208,-1.643311439,3.077992405,138.0862603
05:04.0,1991,1939.34,-0.061297234,-0.040818406,0.998070656,-0.239325138,0.64602151,-0.854001859,-2.413297216,3.648485824,137.5056336
05:05.0,1992,1940.32,-0.073625084,-0.036539427,0.998020448,0.693020689,0.021822385,-0.799826399,-1.996091504,4.186790525,136.8292702
05:06.0,1993,1941.3,-0.076020592,-0.034644529,0.998436949,-0.686943806,0.662130805,-0.861538432,-2.160165098,4.454431374,136.0692963
05:07.0,1994,1942.28,-0.077070884,-0.040528652,0.996957378,0.673831987,-0.962460544,-0.680159686,-2.208681987,4.206003991,135.523608
05:08.0,1995,1943.26,-0.060428324,-0.028194919,0.99870529,0.11693144,0.352972405,-1.197225295,-1.705623972,3.541356297,134.6715484
05:09.0,1996,1944.24,-0.067236651,-0.038883034,0.99781634,-0.224507463,0.027492394,-0.611667113,-2.263384344,3.874789864,133.925877
05:10.0,1997,1945.22,-0.066971432,-0.037020218,0.998193451,0.538882843,-0.440570179,-0.768085397,-2.04190491,3.71098039,133.4694029
05:11.0,1998,1946.2,-0.065794478,-0.032935144,0.998708153,-0.58105156,0.746387917,-1.08898763,-2.063240913,3.910534893,132.600673
05:12.0,1999,1947.18,-0.065020912,-0.039520984,0.998579698,0.314336023,-0.302860887,-0.612070483,-2.211611182,3.626376477,132.0708983
05:13.0,2000,1948.18,-0.063168345,-0.03586726,0.997463951,0.04597102,-0.151430743,-1.240223289,-2.087319474,3.582993561,131.4064911
05:14.0,2001,1949.16,-0.078650761,-0.039716594,0.996015046,-0.354845125,1.997905532,-0.704511681,-2.346259877,4.488645791,131.3832877
05:15.0,2002,1950.16,-0.07494149,-0.039678542,0.998366385,0.879187692,-1.679372177,-0.824328301,-2.040881059,4.205428368,130.3632795
05:16.0,2003,1951.14,-0.077404572,-0.046843396,0.998505645,-0.190751151,-1.503310271,1.354640186,-2.936558422,4.567751505,130.5510446
05:17.0,2004,1952.12,-0.048193393,-0.035707246,0.998290366,0.332953891,0.969975528,-3.554310804,-2.069663373,2.902045208,129.7220775
05:18.0,2005,1953.12,-0.048745412,-0.027967803,0.998433394,-0.016165349,0.654234395,-0.845919628,-1.720682213,2.923764478,128.5356806
05:19.0,2006,1954.1,-0.066095661,-0.03452133,0.997806002,-0.16715409,1.237672287,-1.550023156,-2.041097056,3.901993761,127.3895159
05:20.0,2007,1955.1,-0.086314349,-0.03728724,0.997940426,0.119585012,0.054065091,-1.407589526,-2.109198218,4.795256113,125.9196863
05:21.0,2008,1956.08,-0.077057739,-0.03651014,0.99778235,0.0325059,-0.665422718,-0.534441153,-2.090812735,4.252434223,125.1196779
05:22.0,2009,1957.06,-0.066745143,-0.03306642,0.997890797,0.420847443,-0.838888855,-0.229947045,-1.839671707,3.695161642,124.9721392
05:23.0,2010,1958.06,-0.056609487,-0.027829759,0.998600023,-0.794193224,0.546226213,-0.246993372,-1.816745775,3.379076269,124.878755
05:24.0,2011,1959.04,-0.063678314,-0.037691451,0.997630858,0.134101765,0.45572912,-1.608060579,-2.166841115,3.711399926,124.1862475
05:25.0,2012,1960.04,-0.079078828,-0.034193534,0.998500153,-0.218736946,0.338320824,-1.171772499,-2.038675878,4.493130147,122.7607796
05:26.0,2013,1961.02,-0.073265791,-0.038960031,0.997889914,-0.212658946,-0.740315303,-0.68258978,-2.248505927,4.026555125,122.1817063
05:27.0,2014,1962,-0.059995019,-0.036889326,0.997057282,0.711678652,-1.184214537,-1.032900268,-2.011352199,3.243531255,121.5598868
05:28.0,2015,1963,-0.052470892,-0.026243585,0.998456222,-0.253519379,1.295929387,-1.732060251,-1.649056522,3.282388789,120.0331665
05:29.0,2016,1963.98,-0.077025857,-0.03720481,0.997935815,-0.403131082,0.43973538,-0.555062467,-2.233737706,4.423413522,119.0164924
05:30.0,2017,1964.98,-0.066719565,0.005520665,0.995465042,6.145416306,-1.020970347,-1.872952867,-0.255280171,3.979574542,118.3643572
05:31.0,2018,1965.96,-0.084063277,-0.069795658,0.992994137,-10.18279592,4.440828096,-5.830696544,-3.781754337,5.022296545,115.7893443
05:32.0,2019,1966.94,-0.076446338,-0.123016188,0.968641068,10.69046879,-2.771726592,2.441919699,-5.868416856,3.987364281,117.6124402
05:33.0,2020,1967.94,-0.090338355,-0.001373251,1.006714047,-6.886856262,-0.386778693,1.706236436,-1.871484157,5.14876306,121.7830798
05:34.0,2021,1968.92,-0.050430919,-0.138927366,0.991949008,2.443373001,-0.840602074,-4.079168366,-6.696047192,2.805282207,122.2411945
05:35.0,2022,1969.9,-0.033678193,-0.034466513,0.998426621,10.36075543,-1.020046223,-9.810960022,-1.168709914,1.87933422,118.0866879
05:36.0,2023,1970.9,-0.061556908,0.090815163,1.001210768,-0.161099484,1.479743955,2.256098053,4.39759125,3.63295403,113.0520209
05:37.0,2024,1971.88,-0.061875249,0.068454358,0.994425669,1.024575551,-2.379290287,-3.415516276,2.561686125,3.533312105,113.3879174
05:38.0,2025,1972.88,-0.047538406,0.080240191,0.992885251,2.345344399,3.018337023,-1.311870663,4.386462927,3.429825185,109.9565941
05:39.0,2026,1973.86,-0.09939715,0.013447269,0.992790385,-6.035464982,-0.1816952,1.935085814,-0.132438273,5.563039707,112.1937716
05:40.0,2027,1974.84,-0.065219058,-0.140442267,0.989844235,-2.744614275,-5.100776781,-3.318780005,-8.608724836,2.971329278,104.9767496
05:41.0,2028,1975.84,-0.066610276,-0.123238386,0.992333769,3.222310696,4.51834551,11.58068742,-6.327649255,5.12447917,111.0407895
05:42.0,2029,1976.82,-0.13221961,-0.054665346,0.995530522,0.043552005,0.957728229,-5.289431285,-3.585542264,7.055382879,106.668233
05:43.0,2030,1977.8,-0.005888444,-0.043255466,0.994500546,1.945836941,-7.634318817,-2.50732352,-2.194447384,-0.609277253,108.6492442
05:44.0,2031,1978.8,-0.002613135,-0.032816678,1.003924597,-1.305432199,1.12423213,4.512924869,-2.580439241,1.574145118,107.0075153
05:45.0,2032,1979.78,-0.081829481,-0.057647206,1.001875069,-4.753611243,6.521157257,-0.940017126,-4.151169114,5.306601767,104.3267696
05:46.0,2033,1980.78,-0.088424366,-0.113765737,0.986893532,4.612621063,-3.987264823,0.936255493,-5.408026421,4.315096691,105.8667457
05:47.0,2034,1981.76,0.019657451,-0.016661479,0.999142292,4.840675395,-7.496073004,-7.466257831,-0.768955163,-0.919277952,103.6817272
05:48.0,2035,1982.74,0.013487041,0.046278224,0.998188174,3.228125541,7.081083782,4.901954607,1.608042834,0.148914338,101.7897655
05:49.0,2036,1983.74,-0.034304322,0.088811378,0.997982365,-8.57319803,-2.063819116,-3.936741466,3.764280743,1.455629612,101.7996717
05:50.0,2037,1984.72,-0.0583143,-0.097598689,0.985556188,0.908202879,3.694983512,0.182969176,-4.357838248,4.058812702,101.2533132
05:51.0,2038,1985.7,-0.105105853,-0.058296202,0.995032288,2.95234727,0.791873466,2.118251075,-2.565660001,5.924880479,101.5468411
05:52.0,2039,1986.7,-0.123983311,-0.090089928,0.998161769,2.767105182,2.279686904,-32.5721887,-5.602041291,6.653044155,79.23619235
05:53.0,2040,1987.68,-0.089102715,-0.034588567,0.990679254,-1.277687249,-2.202643665,38.29400633,-1.833102066,5.000700435,86.90640861
05:54.0,2041,1988.68,-0.117664681,-0.015777736,0.992699053,-1.896995277,1.112456536,7.114033644,-1.388536467,7.164437597,115.1396353
05:55.0,2042,1989.66,-0.101242283,-0.031480285,0.988083206,-0.735239362,-1.967743318,20.79823905,-1.580844414,5.825832554,124.3132065
05:56.0,2043,1990.64,-0.077096591,-0.035189701,1.002623845,-1.951060203,-2.624870878,5.750728565,-2.280852162,4.280440642,137.7467982
05:57.0,2044,1991.62,-0.067258291,-0.029646927,1.005074247,0.261272945,1.256107144,5.470620199,-1.385715039,4.249013167,150.6509696
05:58.0,2045,1992.6,-0.086838875,-0.027769803,1.002357545,-0.345523878,0.286553936,-2.529887801,-1.718489232,5.017023376,150.8954188
05:59.0,2046,1993.58,-0.084053159,-0.020124685,0.998611378,2.66515826,-0.607217563,-2.602219205,-0.832746094,4.659718123,148.3293192
06:00.0,2047,1994.56,-0.073796624,0.014487765,0.998585026,-0.504339988,-0.598467387,-1.621310773,0.533575037,4.137979761,146.5711319
06:01.0,2048,1995.54,-0.06991017,-0.00802085,0.997053204,-0.786677892,0.254584759,-0.979124971,-0.619154672,4.112666852,145.4820048
06:02.0,2049,1996.52,-0.067839752,-0.013959975,0.994729031,0.638235065,-0.727925648,-0.836136182,-0.645798127,3.766156851,144.6014511
06:03.0,2050,1997.5,-0.052528829,0.000332591,0.998254278,-0.308685825,0.317023898,0.476272035,-0.083451404,3.111563857,144.4770293
06:04.0,2051,1998.48,-0.075594597,-0.024470472,0.997977692,-1.335045248,0.504287495,8.649979301,-1.363474523,4.4908486,145.8551103
06:05.0,2052,1999.46,-0.07193289,-0.041095442,0.999196479,-1.446623533,0.276028981,0.870596546,-2.474505685,4.182556792,155.1023501
06:06.0,2053,2000.08,-0.079316169,-0.039797109,0.997064069,2.026457081,0.054668804,-3.039142288,-1.888668723,4.520162261,154.0200511
06:07.0,2054,2000.84,-0.072048682,-0.011112863,1.000319143,-0.080973802,-0.126359381,-1.188416841,-0.838978315,4.075319617,152.4450823
06:08.0,2055,2001.5,-0.071616637,-0.018853232,0.997041741,-0.216145944,-0.272144974,-0.249979034,-1.16915793,4.060700154,152.1028389
06:09.0,2056,2002.1,-0.066112296,-0.020431544,0.99690331,0.045064506,-0.065179014,-0.023148611,-1.158121314,3.79534939,152.110281
06:10.0,2057,2002.68,-0.069634161,-0.020643863,0.998020495,-0.147202122,0.28326555,0.151905316,-1.229416539,4.059962389,152.2212065
06:11.0,2058,2003.42,-0.069497158,-0.024429507,0.99827289,-0.140088263,-0.256423028,0.199502843,-1.455431976,3.937331789,152.4361097
06:12.0,2059,2004.04,-0.068449178,-0.025462392,0.999510181,-0.102568673,0.15263094,0.692451816,-1.492442412,3.969843909,152.8027112
06:13.0,2060,2004.76,-0.0704934,-0.028537276,0.997910826,-0.110576324,-0.020109402,0.939012148,-1.628524155,4.068587419,153.5350248
06:14.0,2061,2005.74,-0.071392922,-0.030866686,0.996734732,0.006761424,0.053154313,0.696509787,-1.771339828,4.08660986,155.0478669
06:15.0,2062,2006.74,-0.067401565,-0.033284724,0.995129555,0.290316232,-2.11958121,17.81408955,-1.512533483,3.695381995,159.5261136
06:16.0,2063,2007.72,-0.073277327,-0.019116639,0.999201348,-1.335795453,1.678208126,15.25404475,-1.227697916,4.719915458,-135.0059054
06:17.0,2064,2008.72,-0.073756622,-0.014103614,1.002721211,-3.828377884,-1.20613804,46.90046784,-0.70051047,4.294823493,-133.8471746
06:18.0,2065,2009.7,-0.063860858,0.024065361,0.997179577,7.949628806,-0.945752987,-10.71186254,0.981687921,3.900393227,-123.1721589
06:19.0,2066,2010.7,-0.056569835,0.099850645,1.003664024,-2.578430693,0.565972283,-0.693265778,6.544272589,3.150812625,-127.1208692
06:20.0,2067,2011.68,-0.057015052,-0.001933303,0.999695742,-7.890245975,-0.364659922,5.185686633,-1.853756729,3.431615391,-118.2629593
06:21.0,2068,2012.66,-0.059950926,-0.083730508,0.992119853,0.975983019,1.640610738,-4.954844097,-4.305300196,3.756524786,-120.1160803
06:22.0,2069,2013.66,-0.079363488,-0.041830625,0.998916908,3.00524211,-0.681009049,-1.626185826,-1.960240681,4.295757883,-124.0951295
06:23.0,2070,2014.64,-0.065662565,-0.014523339,0.999233012,-0.45217274,-0.50043879,0.438014729,-1.070436196,3.656327619,-124.2305247
06:24.0,2071,2015.62,-0.059916309,-0.025395391,0.998393437,-0.313865203,0.207407239,0.451595676,-1.554329866,3.483046312,-123.5768452
06:25.0,2072,2016.62,-0.063177406,-0.021346734,0.997437017,0.682130924,0.039568899,0.783875557,-1.113650272,3.638170535,-122.6731088
06:26.0,2073,2017.6,-0.065507528,-0.010255753,0.997789353,-0.193902819,-0.135631153,-0.034703424,-0.787549114,3.687453686,-122.2227713
06:27.0,2074,2018.6,-0.060747229,-0.007359737,0.996863,1.284717795,-0.949929657,-2.544389461,-1.152777365,3.447987365,-122.4620668
06:28.0,2075,2019.58,-0.054266873,0.018139562,1.002383408,-0.793717929,0.8937724,-0.72234234,0.876117538,3.105590658,-124.7691859
06:29.0,2076,2020.56,-0.066444546,-0.116179558,0.997906218,-14.33447931,0.330361662,-2.746273079,-8.303122298,3.836346207,-121.0740487
06:30.0,2077,2021.56,-0.067443928,-0.153616799,0.979146238,8.926461448,0.395245781,-0.678139878,-7.362106091,3.792494884,-123.9864322
06:31.0,2078,2022.54,-0.113836818,0.044787574,0.984612299,4.841434163,0.018742635,6.347136394,2.73378042,6.235396241,-121.6588015
06:32.0,2079,2023.54,-0.054839615,0.040330355,1.006190946,-6.261882925,-3.471731504,-1.322217105,0.723034998,2.553160515,-119.3412155
06:33.0,2080,2024.52,-0.059196426,-0.05924761,1.014721269,0.812113512,3.280912115,-1.138242404,-3.254118886,4.044509442,-120.8382865
06:34.0,2081,2025.5,-0.021739079,-0.020804254,0.952721532,-4.787497033,-3.590044825,-0.676384918,-2.226131935,0.637607225,-121.5481293
06:35.0,2082,2026.5,-0.124612825,-0.017804778,1.009355803,0.260638762,3.491048637,-0.390424676,-1.089635738,7.333405697,-121.9769216
06:36.0,2083,2027.48,-0.110959224,0.058072138,1.004399805,9.827681826,-4.409857295,2.36067231,3.049880415,5.376811796,-118.41659
06:37.0,2084,2028.46,-0.052065973,0.148271399,1.000750611,-8.13960139,-1.655848445,-1.494238717,7.769195283,2.547682382,-118.2936019
06:38.0,2085,2029.46,-0.051701779,-0.061528472,0.994095565,-11.53627158,1.050792598,13.44335602,-5.100372353,3.526395152,-111.7747144
06:39.0,2086,2030.44,-0.063399356,-0.100172843,0.979179456,1.678679708,0.879692682,41.38784582,-4.265457645,4.395371965,-93.36189662
06:40.0,2087,2031.44,-0.066996553,-0.018481493,1.000656662,8.466655018,-6.605449394,-7.946614813,-1.743989903,2.903589991,-79.55469479
06:41.0,2088,2032.42,-0.016158979,0.07489328,0.996004905,1.416809281,4.669868661,43.84789311,4.509783897,1.213730413,-70.8568571
06:42.0,2089,2033.42,-0.076072347,0.036948806,1.002154363,-3.328227818,5.437973004,-5.859019837,0.955542418,5.027631594,-50.00457508
06:43.0,2090,2034.4,-0.117491331,-0.010625848,0.997010951,-0.057809135,-5.763524056,-1.321032586,-0.367273621,5.327301359,-52.47031622
06:44.0,2091,2035.38,-0.021920413,-0.010115657,1.000041007,-0.197669484,-1.793532209,-1.392653538,-0.68912336,1.361555277,-53.08334227
06:45.0,2092,2036.38,-0.003779496,-0.026460644,1.004735403,-5.801022454,2.032576266,-0.47244172,-0.748169511,0.828514756,-53.42400856
06:46.0,2093,2037.36,-0.004043679,-0.14639518,0.991869051,-7.198513427,-0.901099828,1.915883302,-9.545934166,0.169557888,-52.65358208
06:47.0,2094,2038.36,-0.015384311,-0.159662713,0.974133392,1.102407835,3.350714451,-6.890201878,-10.19066742,0.541379238,-54.83462494
06:48.0,2095,2039.34,0.010711871,0.018692554,1.016824802,2.28596141,0.18677694,5.188630742,0.001342504,-0.615024869,-55.74900075
06:49.0,2096,2040.32,0.034601978,0.012699704,0.999825449,0.045943528,0.150386131,9.961805875,-0.121917332,-0.081801387,-36.47002325
06:50.0,2097,2041.32,-0.008370159,-0.008883469,0.999901386,-0.10182831,-0.376455288,-8.748741075,0.10902606,-0.656018239,-47.86038726
06:51.0,2098,2042.3,0.005825876,0.003823719,1.000006411,0.057202841,-0.536250839,-7.014133986,0.358168943,-0.923869972,-53.11516706
06:52.0,2099,2043.28,0.014380354,0.014082176,1.000636532,-0.476836371,0.203562802,-0.258955408,0.310826607,-0.784775295,-53.75090646
06:53.0,2100,2044.28,0.015365207,0.013315659,1.013202679,-5.633680333,5.459698904,-0.25813473,-0.434924559,-0.283595346,-53.63931857
06:54.0,2101,2045.26,-0.286382381,-0.075671622,0.958263223,6.091171812,15.98877004,7.041796453,-2.904454665,18.67582269,-52.14911011
06:55.0,2102,2046.26,-0.38824789,0.062732984,0.935515326,-18.3376298,-9.136608129,43.39772625,2.927635841,19.0468695,-31.28042171
06:56.0,2103,2047.24,-0.144700994,-0.072928235,0.95917802,-7.605996058,-9.26595323,16.21566055,-4.917759738,8.922870433,0.275008137
06:57.0,2104,2048.22,-0.083620136,-0.122259135,0.995240414,1.222192633,3.147246199,11.34823245,-6.346085506,6.275448031,15.29462624
06:58.0,2105,2049.22,-0.060777286,-0.046593417,0.992900857,7.883778922,-0.527000593,-14.25801345,-2.785122062,3.420905622,14.83446928
06:59.0,2106,2050.2,-0.062405318,0.01158765,1.002642959,1.193257394,4.257875714,-5.542212632,0.358405761,4.27147715,4.74299692
07:00.0,2107,2051.18,-0.113498617,-0.007443743,0.985724838,-0.39661435,-4.079732632,-23.97538451,-1.264331513,5.272877048,-7.395923432
07:01.0,2108,2052.18,-0.041359966,-0.015879758,1.009400243,-1.99540708,2.537951436,-7.892729268,-1.928402631,2.404409417,-19.66906507
07:02.0,2109,2053.16,-0.169369196,0.008577402,1.003292919,-5.650312873,-8.70292842,5.026335944,-0.636981968,7.364453912,-23.09434852
07:03.0,2110,2054.16,-0.050146191,-0.05118257,1.004173636,1.380964643,-1.258373915,6.828572682,-2.705022008,3.04765543,-16.83788746
07:04.0,2111,2055.14,-0.048091773,-0.011058139,0.979463153,4.130106072,-5.886847789,7.414669702,-0.172788514,1.993391019,-9.648572098
07:05.0,2112,2056.12,-0.014064453,0.013041742,1.020242012,-2.807299579,5.03751175,3.613594494,-0.280234581,1.92759007,-4.259855892
07:06.0,2113,2057.12,-0.006016791,0.006385637,0.984377903,-1.843452127,5.547232776,3.154965266,-0.301478695,1.195921098,-0.597837728
07:07.0,2114,2058.1,-0.133940253,-0.065922134,0.994743873,-2.929607559,-0.37429246,3.033804781,-4.178463858,7.079441279,2.487948157
07:08.0,2115,2059.1,-0.084381571,-0.068263624,0.996002551,1.189867557,-6.4351015,-0.77267225,-3.684450655,3.585968643,3.496048301
07:09.0,2116,2060.08,-0.064144361,-0.024557407,1.001255545,0.963333882,4.442510694,-2.053197114,-1.666699288,4.544247117,2.084109107
07:10.0,2117,2061.08,-0.098996707,-0.028472489,1.000083962,-1.171799409,-1.164639107,-0.952444312,-2.277259373,5.205530275,0.411261624
07:11.0,2118,2062.06,-0.078912798,-0.037065242,0.997972433,0.128670237,-0.544477518,-0.817765035,-2.387730682,4.351421357,-0.116855362
07:12.0,2119,2063.06,-0.073678443,-0.030002712,0.995198834,-0.166014172,-0.575661303,-1.815825111,-1.993237747,4.072792552,-1.343724138
07:13.0,2120,2064.04,-0.073924363,-0.025588746,0.996911652,-0.430325727,0.165937299,-1.592888147,-1.86513692,4.190959577,-3.040434598
07:14.0,2121,2065.02,-0.071811517,-0.032379316,0.996834569,0.017257235,0.131268214,-0.844896928,-2.196322891,4.011928387,-3.907470852
07:15.0,2122,2066.02,-0.064848436,-0.033067856,0.999087294,0.254259361,-0.733952059,-0.945943868,-2.226057291,3.489115244,-4.687892637
07:16.0,2123,2067,-0.055294975,-0.025632425,0.999332555,-0.225663778,-1.03453493,-1.395875289,-1.872355256,2.931948294,-5.777093312
07:17.0,2124,2068,-0.049921054,-0.027823684,0.998227511,-0.48442887,0.457874803,-1.182906043,-1.984282385,3.005567434,-7.085204151
07:18.0,2125,2068.98,-0.050723073,-0.034761432,0.99868554,0.089137725,1.6038005,-1.100645143,-2.230761518,3.067543962,-8.05410055
07:19.0,2126,2069.98,-0.053834734,-0.028045483,0.998998719,0.686441136,-0.634115916,-1.061078546,-1.889038766,2.753310216,-8.626492382
07:20.0,2127,2070.96,-0.061073202,-0.03231643,0.999093633,-1.081091183,0.060911938,-1.549287173,-2.401577765,3.331692585,-10.09198028
07:21.0,2128,2071.94,-0.061898789,-0.034755457,1.001718008,0.183363704,-1.147832151,-0.007444942,-2.144482276,3.290820532,-10.53032961
07:22.0,2129,2072.94,-0.040186915,-0.008175088,0.988170096,-2.059957389,5.922132271,-1.480971988,-1.179158943,3.36044508,-11.35831265
07:23.0,2130,2073.92,-0.124881542,-0.066004603,0.991809402,0.532379107,-2.752928156,-0.537974928,-3.82042404,6.246681509,-11.99611979
07:24.0,2131,2074.9,-0.070378598,-0.044320335,1.000719769,0.250681969,-0.271460178,-0.801586858,-2.871185397,3.898180251,-12.69056074
07:25.0,2132,2075.9,-0.075010381,-0.04657057,1.002643278,-0.419713497,0.375482538,0.024551566,-2.996879217,4.284240056,-12.89078885
07:26.0,2133,2076.88,-0.076797714,-0.048457807,1.000563165,-0.492065323,-0.49938662,-0.49684963,-3.078182205,4.211382826,-13.43953302
07:27.0,2134,2077.88,-0.079311191,-0.072133306,0.992270202,-4.412462405,0.876819102,-3.844380793,-4.091360419,4.224733673,-15.6362586
07:28.0,2135,2078.86,-0.088172279,-0.120624843,0.989126146,-3.335333914,2.774318152,-2.453375613,-7.365296766,4.397436832,-18.83744354
07:29.0,2136,2079.84,-0.078715748,-0.114172091,0.985874304,10.96006125,-12.27112474,6.139004198,-5.544610201,3.886641358,-9.906102526
07:30.0,2137,2080.84,0.019790409,0.062820525,1.001093466,0.079567884,4.012259742,-2.776394778,2.599852653,0.12531316,-8.260141744
07:31.0,2138,2081.82,-0.106687626,-0.009890681,1.001904907,-6.705551349,2.694982953,-1.777891766,-2.11404626,5.894759414,-18.35766393
07:32.0,2139,2082.8,-0.052848857,-0.080019477,0.992843275,-0.526759751,-4.895950713,0.442937217,-4.546031739,2.198691643,-16.05918523
07:33.0,2140,2083.8,-0.021470219,-0.074656852,0.99783412,-0.646985055,1.259200446,0.072998196,-4.679687549,1.637068687,-15.23148187
07:34.0,2141,2084.78,-0.002243619,-0.065520612,0.99821953,4.533361432,-2.933559878,3.847654953,-3.613643958,0.56270478,-14.34779571
07:35.0,2142,2085.78,-0.022496064,0.022741809,1.001537157,0.550720213,4.539298646,-1.551325645,0.803490234,1.862245402,-12.53357387
07:36.0,2143,2086.76,-0.112215771,0.015503592,0.994734264,-3.61710932,2.959398007,-6.30759766,-0.006999424,6.318345898,-15.42232817
07:37.0,2144,2087.74,-0.135161201,-0.066959221,0.990731875,-1.130807801,-3.568219093,1.21887891,-4.18848006,6.802166394,-18.57819839
07:38.0,2145,2088.74,-0.098154796,-0.022212347,0.993721714,0.261840591,4.008598382,-3.818422317,-1.370030998,5.467599292,-18.16935236
07:39.0,2146,2089.72,-0.074200017,-0.011731553,0.991520809,3.1833072,-6.090296451,-2.066428003,-1.670922478,3.734693864,-17.18124133
07:40.0,2147,2090.7,-0.058365298,0.065984867,1.002730199,0.388280273,-1.808290819,-3.684797105,3.13785297,2.916588272,-23.82630036
07:41.0,2148,2091.7,-0.007630113,-0.07451097,0.995770735,-4.550468485,4.447362122,-2.165528503,-3.953584049,1.385272452,-26.51240637
07:42.0,2149,2092.68,-0.088126292,-0.052067119,0.99799178,1.856526544,0.499698926,3.244914667,-2.731049821,4.76561916,-25.17769284
07:43.0,2150,2093.68,-0.09349511,-0.077808988,0.997624436,2.856553521,-0.221091793,-29.46824419,-4.906289315,4.488975913,-47.20561341
07:44.0,2151,2094.66,-0.063497931,-0.032075286,0.998772891,-0.609999759,-1.474634662,-0.935456181,-2.39792753,3.083121277,-56.89145178
07:45.0,2152,2095.64,-0.054270623,-0.039938264,0.997653637,0.03674763,-1.628682838,6.113924503,-2.531266331,2.8025276,-53.40469994
07:46.0,2153,2096.64,-0.045805404,0.013602229,0.999677082,2.6109674,-2.182712271,10.10603463,0.308270411,2.485251273,-43.62422308
07:47.0,2154,2097.62,-0.055631191,-0.027057115,0.994453115,-4.669411686,1.150112523,-25.09638865,-2.553680888,3.216617463,-44.48341357
07:48.0,2155,2098.62,-0.054706322,-0.006708751,0.994868326,8.199764037,-1.222039628,5.381153059,-0.214628517,2.849421124,-66.18518873
07:49.0,2156,2099.6,-0.036375608,-0.030074545,0.997821786,-7.868946873,0.753534959,7.923175965,-2.386537274,2.346036496,-57.02276308
07:50.0,2157,2100.58,-0.061281273,-0.067820172,1.001614122,1.262058011,2.566481877,-1.13118393,-3.476931361,3.859770972,-53.71460828
07:51.0,2158,2101.56,-0.033001912,-0.048810133,0.988225794,-2.59186872,4.643487306,-2.359990814,-3.635820385,2.518390021,-55.78729692
07:52.0,2159,2102.54,-0.130482698,-0.08889874,0.9908985,1.438762119,-3.49828912,-0.519669087,-4.990275548,6.393450035,-56.78651879
07:53.0,2160,2103.52,-0.081890407,-0.058184529,1.001144539,1.024768244,-0.911642772,0.807682425,-3.543826814,4.459962569,-57.1888303
07:54.0,2161,2104.5,-0.057003664,-0.070460421,1.000037439,-2.45042455,-0.497201429,-3.594957896,-5.049995676,2.747191533,-57.16090598
07:55.0,2162,2105.48,-0.064924095,-0.076781818,0.997636875,0.275431459,0.431154937,0.316136084,-4.531438397,3.70287025,-57.00260071
07:56.0,2163,2106.2,-0.073451239,-0.063609502,0.997240338,-0.012033856,-0.22020232,1.076340768,-4.017589967,3.976518725,-56.39963863
07:57.0,2164,2107.18,-0.073194781,-0.053288031,0.996580767,0.155090771,0.25898571,0.372749758,-3.4123064,4.131462378,-55.64365807
07:58.0,2165,2108.16,-0.07487847,-0.035470114,0.995294202,0.25281993,-0.247768459,0.788560288,-2.394056157,4.138326658,-54.96379642
07:59.0,2166,2109.16,-0.074549938,-0.021323465,0.997008157,0.401402265,-0.241694416,0.596835845,-1.472148015,4.168509409,-54.23782728
08:00.0,2167,2110.14,-0.073569585,-0.020984899,0.997442108,-0.938569564,-0.495586314,0.354672404,-1.678614646,3.935063488,-53.74345
08:01.0,2168,2111.14,-0.057995527,-0.019229523,0.983992027,-2.28553441,-3.441094659,-0.055327497,-1.869381921,2.710699988,-53.3720053
08:02.0,2169,2112.12,-0.09325775,-0.028820191,1.00170706,0.695693503,2.623399143,0.000932598,-1.715551858,5.736910659,-53.67243654
08:03.0,2170,2113.12,-0.087461196,-0.035759717,0.998728506,-1.657914905,-1.981612756,-0.620679344,-2.578344875,4.504947039,-54.00049769
08:04.0,2171,2114.1,-0.063939508,-0.022510472,1.002976692,1.435510967,-0.263021691,3.891386682,-1.359499509,3.600940179,-53.05693567
08:05.0,2172,2115.08,-0.06921406,-0.006554083,1.001928949,-1.453053576,-0.289029856,1.596638368,-0.986791516,3.899044921,-50.02462427
08:06.0,2173,2116.06,-0.062761552,-0.029771117,0.999206274,-0.885200276,0.103232278,0.468783146,-2.058448849,3.595444425,-48.6792262
08:07.0,2174,2117.04,-0.066728927,-0.028837088,0.994470853,0.329620207,-0.111674423,-0.117643575,-1.78753698,3.744697452,-48.60469759
08:08.0,2175,2117.94,-0.067833429,-0.024404572,0.996711177,-0.451973595,-0.099981783,-0.384434911,-1.77853036,3.760460076,-48.68165352
08:09.0,2176,2118.56,-0.066414931,-0.028228172,0.997594557,-0.467537584,-0.190223099,-0.332418635,-2.011182457,3.702201019,-48.88274734
08:10.0,2177,2119.32,-0.063722917,-0.029680989,0.997797919,-0.387873328,-0.136144427,0.180349038,-2.069793644,3.581665851,-48.79670658
08:11.0,2178,2120.18,-0.067454089,-0.0338501,0.998762901,-0.591715767,0.084763016,0.728634256,-2.284849075,3.815710874,-48.18424816
08:12.0,2179,2121.16,-0.068735993,-0.035193953,0.998045267,-0.18170163,-0.176638586,0.482823744,-2.315874485,3.834601491,-47.44434538
08:13.0,2180,2122.14,-0.067964494,-0.033791969,0.997871347,-0.299568818,-0.158164284,0.084939521,-2.311625891,3.78432931,-47.00443322
08:14.0,2181,2123.12,-0.06555457,-0.036835719,0.997828977,-0.527211867,-0.308960687,0.270936878,-2.462695331,3.648661919,-46.78156213
08:15.0,2182,2124.08,-0.065244951,-0.038177881,0.997302428,-0.182589499,-0.143123169,0.465045689,-2.455657797,3.690494307,-46.33129076
08:16.0,2183,2125.06,-0.067864671,-0.034344362,0.997769435,-0.146519251,0.016732349,0.459886409,-2.266914385,3.842774362,-45.73490779
08:17.0,2184,2126.04,-0.066266348,-0.030479908,0.998436119,-0.623664377,0.038165947,0.938008907,-2.150358486,3.734892295,-44.99499206
08:18.0,2185,2126.86,-0.068012099,-0.034012962,0.999311854,-0.315985176,-0.403522858,1.167062578,-2.283919968,3.756725251,-43.83484556
08:19.0,2186,2127.52,-0.061708925,-0.03184133,0.997988143,-0.22009038,-0.529500056,0.580379202,-2.124533276,3.402385588,-43.15983819
08:20.0,2187,2128.44,-0.058707791,-0.030586032,0.998101541,0.072038994,0.313376982,-0.659025911,-2.029219198,3.377165755,-43.09406498
08:21.0,2188,2129.42,-0.063490146,-0.023540867,0.999199591,-0.360874822,0.296865139,0.151037053,-1.736431741,3.574238419,-43.16388745
08:22.0,2189,2130.4,-0.073606002,-0.038298733,0.99819327,-1.085062348,-0.286049554,0.12660539,-2.624891526,4.012832416,-42.92614298
08:23.0,2190,2131.36,-0.066422127,-0.039184514,0.997826977,0.325896385,-0.131971831,0.562316376,-2.386891499,3.710352141,-42.53910034
08:24.0,2191,2132.3,-0.066421961,-0.031045964,0.9984616,-0.451823181,0.170930992,0.64383238,-2.183936589,3.810133424,-41.5707858
08:25.0,2192,2132.86,-0.069425893,-0.03292691,0.99811325,-0.28897405,-0.103755397,0.092164831,-2.236426527,3.878913929,-41.33762685
08:26.0,2193,2133.5,-0.06965178,-0.034087139,0.99808379,-0.573095172,-0.116553587,0.211399871,-2.337240205,3.868237593,-41.18257417
08:27.0,2194,2134.08,-0.068963865,-0.037669845,0.998380149,-0.262777643,-0.125810493,0.529497164,-2.453181194,3.843185894,-40.90638962
08:28.0,2195,2134.7,-0.066329884,-0.035468442,0.998076085,-0.168886311,-0.342120301,0.695876278,-2.335615397,3.682279928,-40.41583616
08:29.0,2196,2135.44,-0.063080523,-0.031034217,0.998051477,-0.303403181,-0.120605539,1.000016914,-2.144573988,3.565178074,-39.72372219
08:30.0,2197,2136.12,-0.065136966,-0.031765524,0.99819805,-0.33572359,0.124373715,0.537890088,-2.170414338,3.710511177,-39.10717467
08:31.0,2198,2136.74,-0.068124517,-0.031013421,0.998378034,0.042714066,-0.130111824,-0.024374492,-2.105747259,3.798013188,-38.89244943
08:32.0,2199,2137.28,-0.069496092,-0.01330046,0.998505857,0.887930995,-0.028526536,0.476664705,-1.006969001,3.865757854,-38.6929344
08:33.0,2200,2137.96,-0.067352919,-0.008957884,0.998552366,-1.424136804,-0.351080787,0.45711014,-1.125387043,3.762981886,-38.36866193
08:34.0,2201,2138.52,-0.065436897,-0.025551686,0.997806651,-0.600061064,0.1779754,0.46398338,-1.767270392,3.729971132,-37.96088789
08:35.0,2202,2139.28,-0.070452882,-0.027918709,0.998344385,-0.395819766,0.234452514,0.184749443,-1.87912124,4.010647354,-37.74826953
08:36.0,2203,2139.92,-0.079837763,-0.033346076,0.99866323,-0.470454902,0.061729019,0.490961393,-2.202321463,4.409910088,-37.45286129
08:37.0,2204,2140.82,-0.07434899,-0.035226452,0.997775369,-0.525802876,-1.154214551,0.319516784,-2.316391536,3.958248002,-36.96973516
08:38.0,2205,2141.8,-0.024018476,-0.006416088,1.003224407,-2.308136396,-1.658057679,0.916165982,-0.718548828,0.937083046,-35.78398712
08:39.0,2206,2142.78,-0.057697075,-0.069402504,0.993861805,-0.97854037,1.991337794,1.82846829,-4.230295177,3.526215206,-34.92537845
08:40.0,2207,2143.76,-0.086911347,-0.037860447,0.997561468,1.324468975,0.276967523,2.772503837,-2.167801503,4.801880197,-32.17414193
08:41.0,2208,2144.74,-0.087516098,-0.030480558,0.998691138,-1.219530666,-1.371119743,1.125603051,-2.308709228,4.635196586,-30.08691344
08:42.0,2209,2145.72,-0.065874652,-0.034034274,0.997841543,-0.118950407,-0.988600767,-2.090015189,-2.303026216,3.576609983,-30.59800719
08:43.0,2210,2146.7,-0.057884618,-0.028049335,0.998081107,0.528454644,0.222377052,-1.355617025,-1.836264694,3.328576,-32.26397419
08:44.0,2211,2147.68,-0.071860214,-0.023823202,0.997854335,-0.927728246,0.797336917,-0.252774492,-1.91432859,4.131699347,-32.51573251
08:45.0,2212,2148.66,-0.086845798,-0.028038385,0.997764605,0.364793937,0.47717556,-1.093576208,-2.019716222,4.722890837,-33.45979704
08:46.0,2213,2149.62,-0.09141316,-0.031576337,0.997037279,-0.791025039,-1.396760638,0.655077905,-2.191320809,4.924141239,-33.52832949
08:47.0,2214,2150.6,-0.07005562,-0.039670403,0.996327495,-0.040241882,-0.621274943,0.848333755,-2.4190563,4.006090688,-32.76408237
08:48.0,2215,2151.58,-0.033898881,-0.064240121,0.998002379,-3.622776092,-2.237554444,-5.714813777,-4.288441414,1.880518517,-32.78478204
08:49.0,2216,2152.56,-0.042778539,-0.054740718,0.998153734,1.66350831,1.790535005,10.9925332,-3.02999854,2.89988318,-30.07958255
08:50.0,2217,2153.54,-0.109579359,-0.115310801,0.993170786,-4.870442851,0.002490593,-1.037639136,-7.183336286,5.88376435,-31.05400508
08:51.0,2218,2154.52,-0.065987692,-0.086767307,0.98872979,8.541877323,-6.90258941,2.63229768,-3.865639242,2.766395358,-29.01469481
08:52.0,2219,2155.5,-0.062600945,0.037987185,0.999016764,-0.639829803,6.656276196,3.231101658,0.969399048,4.48341837,-26.83752636
08:53.0,2220,2156.48,-0.060771717,0.004875368,0.998178635,-0.268851934,0.213074344,0.094594553,-0.360835332,3.472942062,-25.50378158
08:54.0,2221,2157.46,-0.039430416,0.091074523,0.993791102,-0.683282692,1.472731236,-2.828920968,2.675844692,1.264060776,-23.75404176
08:55.0,2222,2158.44,-0.073141917,0.006690516,0.999703767,-3.532221614,-1.517158508,-3.628003894,0.307397048,2.542352516,-29.07482691
08:56.0,2223,2159.42,-0.041818661,-0.007378468,0.998789847,-2.341554028,-0.570826657,-0.883580735,-0.549701278,2.437895912,-31.3774002
08:57.0,2224,2160.4,-0.041816066,-0.138562625,0.991401007,-1.508669531,0.594720277,-4.525075676,-6.659281485,2.701206983,-34.20136273
08:58.0,2225,2160.96,-0.056481827,-0.084381571,0.995279202,4.802194036,0.515000201,1.360828905,-4.131905832,3.156040091,-34.99671536
08:59.0,2226,2161.78,-0.087542848,-0.035812847,0.999010694,-1.607667816,1.903294398,5.14490421,-2.910434763,5.12596186,-31.65974313
09:00.0,2227,2162.48,-0.10068569,-0.037385588,0.995560348,0.149095671,-1.97270233,4.83595565,-2.415169842,5.217002087,-28.19230005
09:01.0,2228,2163.1,-0.067250902,-0.017629554,0.997906389,0.058816409,-1.211790166,-0.1890435,-1.512721713,3.674429928,-26.23497923
09:02.0,2229,2163.78,-0.04729294,-0.023967607,0.988263795,-1.154991494,1.500730996,14.66427988,-1.543708523,3.246117936,-23.57990609
09:03.0,2230,2164.78,-0.104488608,-0.061131706,0.998036657,-4.456095444,-3.08037663,-1.299184048,-4.307973985,5.325743868,-13.12281569
09:04.0,2231,2165.76,-0.052587381,-0.095992879,0.996513356,3.74867576,-0.252516971,-2.540992396,-4.915235766,3.012853181,-15.24063096
09:05.0,2232,2166.76,-0.081401806,-0.010629074,1.002610338,2.217649175,1.076109346,-0.435612599,-0.768590569,4.693569956,-16.49529253
09:06.0,2233,2167.74,-0.091773683,-0.010076025,1.002661017,-3.061091727,-0.561208742,-0.542549898,-1.519274399,4.927134801,-16.48176518
09:07.0,2234,2168.74,-0.078706898,0.006701333,0.996282478,2.338143926,-0.184291046,1.03028504,1.087095391,4.264046018,-15.0155403
09:08.0,2235,2169.72,-0.058975545,-0.063660855,0.999113846,-5.934560498,-2.348952058,1.509192374,-5.759237226,3.315931133,-18.10790965
09:09.0,2236,2170.7,-0.042266659,-0.048326425,1.000210798,2.415170475,2.700389934,4.42922548,-2.190700026,2.216600702,-12.85618002
09:10.0,2237,2171.7,-0.081979916,-0.047664305,0.99856175,2.441778959,0.040956543,-25.65547464,-3.178612888,4.001714227,-30.55160256
09:11.0,2238,2172.68,-0.066400689,-0.020474503,0.999934769,-0.508937984,-0.851980316,1.264191106,-1.681451332,3.437811473,-37.82588505
09:12.0,2239,2173.68,-0.074812473,-0.023562731,0.996252923,-0.45613186,0.703975704,5.569352421,-1.724041116,4.396753134,-33.62756037
09:13.0,2240,2174.66,-0.078431451,-0.013778506,0.996707443,-0.165669567,-0.75209459,3.76063029,-1.084482698,4.319425927,-29.20398003
09:14.0,2241,2175.64,-0.064751565,-0.015651619,0.997253633,-0.525454042,-0.991723268,1.614284526,-1.246935209,3.509503064,-26.37958804
09:15.0,2242,2176.62,-0.06163372,-0.020313958,0.997737238,-0.347194827,0.844001275,0.525760535,-1.451554366,3.670326344,-25.25652241
09:16.0,2243,2177.38,-0.078056732,-0.027785303,0.998021734,-1.072822021,0.947766851,-0.231683871,-2.047428068,4.538958376,-25.09672174
09:17.0,2244,2178.1,-0.085384834,-0.037685352,0.997874182,-0.181275162,-1.085037863,-0.066920743,-2.389060871,4.551649161,-25.02914547
09:18.0,2245,2178.8,-0.06564494,-0.011839596,0.997693432,2.339416338,-0.759520919,-0.184904455,-0.903356085,3.668371169,-25.19582585
09:19.0,2246,2179.46,-0.059191868,0.007529886,0.999413174,-1.984024026,-0.323227788,0.498107152,-0.233340029,3.23565556,-24.9209992
09:20.0,2247,2180.16,-0.056761683,-0.045181154,0.997205498,-1.742487412,-0.085955337,0.853294711,-2.77814706,3.173178981,-24.34054649
09:21.0,2248,2180.86,-0.063115153,-0.03595144,0.998430132,0.768718132,1.393766794,3.920430925,-2.081429293,3.885597114,-22.90874874
09:22.0,2249,2181.64,-0.078320181,-0.068849929,0.993734716,-1.915910452,-0.079231722,-42.38337295,-4.93863168,3.571281997,-35.18444341
09:23.0,2250,2182.52,-0.042503028,-0.08146798,0.990680289,2.479423019,3.29112379,-3.542825137,-4.551731083,2.73985823,-57.19410051
09:24.0,2251,2183.5,-0.073808156,-0.030069939,0.999005822,-0.509412804,-2.82433273,5.234823848,-2.227505554,3.416102334,-55.47144642
09:25.0,2252,2184.48,-0.068051601,-0.045700386,1.002924763,-0.40455616,-0.059700665,6.578103842,-3.00815581,3.861789515,-49.2748995
09:26.0,2253,2185.46,-0.065558381,-0.035777319,1.000520136,0.245775709,-0.187696866,0.660847019,-2.282810878,3.688254111,-45.44139245
09:27.0,2254,2186.42,-0.064774616,-0.028499319,1.000165469,-0.66582804,-0.050909107,-0.044592266,-2.083178857,3.66140318,-45.03905151
09:28.0,2255,2187.24,-0.063943544,-0.036361997,0.996823594,-0.297477747,-0.513425043,-2.21582879,-2.407726135,3.474637413,-45.71310741
09:29.0,2256,2188.22,-0.058650072,-0.032976754,0.99600042,-0.03606903,-0.310384542,-0.526213465,-2.204332442,3.219611169,-47.29334638
09:30.0,2257,2189.2,-0.057854159,-0.032693594,0.997292334,-0.765665589,0.058468913,1.14483486,-2.25365425,3.235156864,-46.7973601
09:31.0,2258,2190.18,-0.063235154,-0.039640625,0.998215038,-0.988543993,0.724244074,1.507690008,-2.639627677,3.660430988,-45.30263301
09:32.0,2259,2191.16,-0.07399234,-0.046464004,0.998523438,0.162695403,-0.628655358,0.367090195,-2.892615793,3.999648161,-44.07853928
09:33.0,2260,2192.14,-0.066123717,-0.029701376,0.998721213,0.793547719,-0.069240625,2.061278243,-1.98693678,3.752173561,-43.54666805
09:34.0,2261,2193.12,-0.073048248,-0.01538301,1.000065358,-1.137890646,0.259916399,1.539381565,-1.377169444,4.159277968,-40.84839842
09:35.0,2262,2194.08,-0.06737666,-0.023666144,0.998125576,-0.016656538,-0.887401668,0.701577199,-1.651836821,3.674849396,-40.08400353
09:36.0,2263,2195.06,-0.058201657,-0.006621125,0.998454479,1.01310513,-0.499712793,0.478578351,-0.699839047,3.22158729,-39.16370311
09:37.0,2264,2196.04,-0.059392877,0.000486259,0.999556173,-1.328257815,0.130030573,0.322139395,-0.535745933,3.337788916,-38.65671934
09:38.0,2265,2197.02,-0.063628469,-0.023420762,0.997411911,-1.723108391,0.16214239,0.608629785,-1.783656095,3.5714198,-37.99725627
09:39.0,2266,2198,-0.072083931,-0.047208366,0.997143543,-0.859560064,0.473608943,0.608851915,-2.914939785,4.11583946,-37.42957053
09:40.0,2267,2198.98,-0.080830127,-0.04748906,0.996971323,0.216142892,0.191751214,0.377237807,-2.899438739,4.496902044,-36.84611907
09:41.0,2268,2199.96,-0.083626988,-0.03655645,0.997626907,0.609144175,-0.079754497,0.224152669,-2.261702301,4.63501535,-36.41876262
09:42.0,2269,2200.94,-0.078456622,-0.022672708,0.998016277,0.109355437,-0.871460748,0.54789653,-1.602905665,4.254256454,-35.97320825
09:43.0,2270,2201.92,-0.063918034,-0.039132779,0.997111345,-1.798852802,-0.631112235,0.852792191,-2.653339539,3.487255946,-35.11045209
09:44.0,2271,2202.9,-0.064833974,-0.068285716,0.995696314,-1.762650447,0.738626519,-0.157980998,-4.009644259,3.882102893,-34.67674604
09:45.0,2272,2203.88,-0.067513556,-0.081822138,0.995197906,0.388571242,-0.932366279,0.366449031,-4.832763158,3.633945697,-34.97712258
09:46.0,2273,2204.86,-0.06180409,-0.063545008,0.997822931,0.453719785,-0.090484213,0.706667173,-4.009379185,3.484553461,-33.79846629
09:47.0,2274,2205.84,-0.061827861,-0.043817964,0.997359719,1.959126571,-1.698881218,0.043699687,-2.628646683,3.157947737,-33.44260598
09:48.0,2275,2206.82,-0.040597561,0.002533226,0.999449441,-0.15726247,2.135257701,0.989961781,-0.4674136,2.287674318,-32.66201254
09:49.0,2276,2207.8,-0.083683857,-0.010416324,0.997323302,-0.226371823,-4.999346294,2.431326552,-1.337998414,4.27046934,-29.79129327
09:50.0,2277,2208.74,-0.025616046,-0.036437813,0.998085549,-2.136552072,1.699562386,-2.303476171,-2.160433136,2.068442827,-30.29304272
09:51.0,2278,2209.4,-0.037556769,-0.00919543,0.999933138,2.015246052,0.774406873,0.059581299,-0.919845055,2.061910001,-30.56181066
09:52.0,2279,2209.96,-0.117979291,-0.032854251,0.995511071,-3.261351759,4.131878769,3.191192235,-2.174897313,6.887878828,-29.88515145
09:53.0,2280,2210.84,-0.061249247,-0.006466463,0.996335533,1.896224628,-5.33147804,2.203310408,-0.909214329,2.880490047,-26.63776036
09:54.0,2281,2211.78,-0.075233284,-0.025436937,0.996855857,-2.39988053,1.405206012,-2.492410053,-2.220121774,4.364707133,-27.07843761
09:55.0,2282,2212.56,-0.135280145,-0.049171074,0.993990847,-1.078528122,2.970486139,-0.675576912,-3.304876513,7.099986671,-29.59991399
09:56.0,2283,2213.24,-0.122449673,-0.067808766,0.992443344,0.167259587,-5.87581362,0.733327694,-3.631767941,6.110962997,-28.72788613
09:57.0,2284,2213.98,-0.013216402,-0.01971193,0.998811722,2.691595882,-1.829156666,-1.126768187,-1.032600706,0.766907013,-28.9190477
09:58.0,2285,2214.66,0.032178287,-0.005092468,0.9983801,-0.770879232,-1.968756599,2.584473191,-0.709675976,-1.200624558,-28.44099431
09:59.0,2286,2215.42,0.019251394,-0.023960194,0.998526157,-1.272176949,3.205030678,-2.47095471,-1.759669035,-1.01914768,-29.37035696
10:00.0,2287,2216.04,-0.027042587,-0.043005386,0.997268167,-2.08214703,2.722440331,4.753550783,-3.006489737,2.001182555,-27.14623122
10:01.0,2288,2216.8,-0.063043899,-0.04465037,0.997250939,2.445428179,0.215767821,-0.719310967,-2.447986967,3.426680194,-27.9044046
10:02.0,2289,2217.68,-0.103486878,-0.028534388,0.997710935,-2.949852915,3.419261366,1.906797091,-2.243822147,6.191299974,-24.52389203
10:03.0,2290,2218.66,-0.180517382,-0.045816184,0.988491532,-0.273960202,5.091139417,1.357788529,-3.644760435,9.680300251,-25.24444323
10:04.0,2291,2219.5,-0.094772224,-0.021160251,0.992268199,4.240061018,-12.20600751,1.848735937,-1.001368368,3.965702747,-23.23691115
10:05.0,2292,2220.1,0.004523172,0.035785056,1.001158716,-2.040102067,1.313218967,-0.743317601,0.998452581,0.506866898,-23.02790366
10:06.0,2293,2220.8,-0.014882352,-0.027086423,0.996966241,-3.383695981,0.500582171,2.566661287,-2.206893782,0.973360067,-22.05237396
10:07.0,2294,2221.36,-0.062175545,-0.074363922,0.99320641,-1.259304681,4.691411122,1.687120401,-4.281404863,4.258990875,-20.78925679
10:08.0,2295,2221.98,-0.120572162,-0.062022117,0.995600984,3.986320512,-1.422160981,0.278148443,-2.758571295,6.170172835,-20.22141555
10:09.0,2296,2222.74,-0.096898262,0.010690573,0.999603424,1.228106424,-0.235979046,2.219459574,0.672977194,5.315597308,-18.77758979
10:10.0,2297,2223.7,-0.095092031,0.007842881,0.996307062,-4.631678964,-0.280051461,1.031725454,-0.751249818,5.465381398,-17.03954984
10:11.0,2298,2224.68,-0.072669465,-0.057703388,0.99458266,1.732685707,-0.564255933,-7.027244042,-3.361962322,4.054488431,-25.62106921
10:12.0,2299,2225.68,-0.065612376,-0.041067734,0.993979787,0.43749698,0.268457054,-24.9954566,-2.940006557,3.545584446,-34.95607458
10:13.0,2300,2226.66,-0.084670032,-0.024512755,0.997801162,-2.339714814,3.214352411,1.702967443,-2.223029569,5.101564851,-47.93362294
10:14.0,2301,2227.66,-0.091070593,-0.046575885,0.999315729,-1.743800166,-3.298689607,5.437393759,-3.145636264,4.549452052,-43.66341445
10:15.0,2302,2228.64,-0.057877699,-0.053384404,1.002731133,0.066650186,0.254915128,3.284197369,-3.266679918,3.422480221,-38.79214107
10:16.0,2303,2229.64,-0.070205853,-0.066872783,0.996411546,-3.144385188,0.349301764,-1.735976705,-4.227681608,4.121713218,-39.00832643
10:17.0,2304,2230.62,-0.068294361,-0.098217663,0.995192901,-0.132459937,0.050361714,1.145312288,-6.191974238,3.836433045,-39.04448514
10:18.0,2305,2231.6,-0.066137321,-0.053843143,0.996119655,2.400857123,-0.828730403,0.373991373,-2.895570122,3.547822952,-37.5788923
10:19.0,2306,2232.6,-0.052858845,-0.061368104,0.99946557,-4.372355422,-0.421279153,0.180950072,-4.200166862,2.98881493,-37.695155
10:20.0,2307,2233.58,-0.063570667,-0.053417007,0.993207297,5.299630726,0.361018528,0.370560927,-2.652596884,3.575487376,-37.49664462
10:21.0,2308,2234.58,-0.064656451,0.025822173,0.995829262,-0.164389348,-0.957044175,1.369566746,0.869063336,3.43554143,-36.72210505
10:22.0,2309,2235.56,-0.058379364,0.008102808,0.995788636,0.427217966,1.350810592,2.753104881,-0.53168996,3.589902539,-35.26082658
10:23.0,2310,2236.54,-0.080102558,-0.007317681,0.998637496,-5.235463227,-0.041395192,0.64419538,-0.559566621,4.253556884,-32.56240103
10:24.0,2311,2237.54,-0.056093956,-0.005867798,1.003562477,-0.529195065,0.347382048,2.257006941,0.123810443,2.988399665,-32.07076038
10:25.0,2312,2238.52,-0.071498212,-0.031671759,1.002673054,-5.696354009,2.674503305,-2.722064768,-1.871115605,3.905776222,-30.73100267
10:26.0,2313,2239.5,-0.071159011,-0.080325514,0.989097106,1.478127138,-5.094901038,3.703488153,-4.466971273,4.463263398,-30.7556274
10:27.0,2314,2240.5,-0.091443494,-0.078781141,0.997740519,-5.576680204,8.19538548,9.954609946,-5.413127882,6.281413537,-32.32854821
10:28.0,2315,2241.48,-0.071863366,-0.058005265,0.993182869,4.342476161,-5.236674933,-7.81236639,-2.992328995,2.846840209,-27.49483601
10:29.0,2316,2242.48,-0.046071049,-0.01914474,0.997581272,-2.559328797,3.459488325,4.80332458,-2.150385896,3.161602641,-29.35388269
10:30.0,2317,2243.46,-0.05750177,-0.040143756,0.996260527,-1.18542693,3.471477504,-4.390800925,-2.565563761,3.396092453,-29.24207584
10:31.0,2318,2244.44,-0.088147722,-0.035292044,0.994961324,0.41339831,3.531079815,1.467849713,-2.191948301,4.542181476,-28.40061546
10:32.0,2319,2245.44,-0.08434853,-0.024354358,0.995484127,-1.652362937,0.95150974,-4.442557844,-1.805521714,3.945556586,-26.69624015
10:33.0,2320,2246.42,-0.0803878,-0.014466037,0.993604693,3.575589725,1.812179331,2.257290076,-1.249230429,3.780231869,-23.36377842
10:34.0,2321,2247.4,-0.050477463,-0.009022759,0.997294538,-2.334882747,-6.883542727,-4.527042001,-1.104320011,2.523541516,-29.68943871
10:35.0,2322,2248.4,0.018653226,-0.045855046,0.998369409,1.120682915,2.711034033,-2.099318872,-2.094042845,-0.591609924,-33.10875555
10:36.0,2323,2249.38,-0.022089616,0.065111419,1.004342201,-0.442503592,-0.137740569,10.09629612,2.776665555,1.25234307,-26.36922796
10:37.0,2324,2250.36,-0.057447929,-0.019484057,0.989244578,3.18865674,2.936101536,2.246737792,-1.939054889,3.879829944,-24.30059748
10:38.0,2325,2251.36,-0.107048587,-0.078910235,0.988814573,-0.717507394,0.366918911,4.68797729,-3.997964401,5.80207688,-19.57259155
10:39.0,2326,2252.34,-0.102953943,-0.054660079,0.995926645,2.174107803,-0.6330631,0.050091894,-2.968093534,5.617842975,-16.4588999
10:40.0,2327,2253.34,-0.084224889,-0.01088356,1.002013337,-2.042453653,1.136063946,-0.720895031,-0.606751357,4.533650475,-20.95354347
10:41.0,2328,2254.32,-0.070814179,-0.037722388,0.997618651,-2.86190669,-3.415039259,-0.871686204,-2.679980909,3.489719913,-19.9097716
10:42.0,2329,2255.3,-0.068601951,-0.040126775,0.997864994,-1.591808326,5.369492361,-0.144854576,-2.924584825,4.882358677,-25.91998251
10:43.0,2330,2256.08,-0.08947706,-0.044682593,0.991891582,1.861338365,-2.936481625,-3.587123547,-2.573758268,4.28181493,-27.70664654
10:44.0,2331,2256.96,-0.049540684,-0.018193209,1.003281806,-1.592353166,0.934686027,2.584737082,-1.739181312,3.080543782,-26.93927241
10:45.0,2332,2257.94,-0.059388279,-0.043333937,1.000804363,-0.640407749,-1.024428003,6.888437512,-2.603433481,3.992742244,-23.16644907
10:46.0,2333,2258.94,-0.040939257,-0.038935213,1.006006444,-0.001814502,-0.940887288,-1.362740995,-2.134508598,0.98077414,-23.90579973
10:47.0,2334,2259.92,-0.011531715,-0.163675369,0.996617013,-7.907581295,3.980873901,-9.225419672,-11.34750077,0.707556992,-25.62511174
10:48.0,2335,2260.92,-0.119454148,-0.222192231,0.978682708,-7.120786777,5.684640749,10.68072951,-12.55018466,7.210841953,-18.13028943
10:49.0,2336,2261.9,-0.128221686,-0.054844862,0.980086982,24.05421621,-6.657404703,3.898871533,-0.641471878,6.381344442,-13.29022179
10:50.0,2337,2262.88,-0.060762009,0.159379276,0.982187521,-8.94770669,3.788489403,-3.389728464,7.284377764,3.33937347,-13.4664164
10:51.0,2338,2263.88,-0.106040854,-0.002562413,0.996046967,-3.176300333,-2.8972344,2.892035176,-0.541798551,5.57407262,-12.43203708
10:52.0,2339,2264.86,-0.00656111,0.086709703,0.992289226,3.364009097,-0.489115812,2.591408826,4.339585798,0.74498252,-9.449959197
10:53.0,2340,2265.86,-0.109501503,0.049534336,0.999355934,-10.96028592,4.09696475,-2.810052455,0.962344076,5.878377165,-16.2815981
10:54.0,2341,2266.84,-0.080658036,-0.088838883,0.988217658,-1.551194223,-5.451586339,-6.790575679,-5.453896994,3.228957628,-14.1121734
10:55.0,2342,2267.82,-0.007876419,0.024542204,1.005714713,10.81337167,-1.297382211,0.070487634,2.98999623,0.131606009,-17.93377631
10:56.0,2343,2268.82,-0.007827219,0.170366662,0.996174276,1.728086921,3.354921405,1.407872796,9.550561959,0.629168244,-16.84460773
10:57.0,2344,2269.8,-0.077272015,0.07133382,0.982074067,-18.6872217,-2.656445621,0.935236738,1.414799523,3.758118481,-15.17409468
10:58.0,2345,2270.8,-0.019438114,-0.10122809,0.989603484,2.708141922,5.487812523,1.301026237,-5.327418581,2.524519016,-15.38821859
10:59.0,2346,2271.78,-0.125263315,-0.042370552,0.996809667,-3.068684985,2.784492126,1.136141124,-2.945223589,7.328995461,-12.60219717
11:00.0,2347,2272.76,-0.115795125,-0.094648259,0.987293263,-6.137795804,-4.50676528,0.526775395,-6.356316266,5.718141205,-11.79861681
11:01.0,2348,2273.76,-0.07305579,-0.171148218,0.986267222,6.618183373,-1.149680447,0.369001691,-8.387506647,4.050682061,-11.85039004
11:02.0,2349,2274.74,-0.059431907,-0.03251806,1.002097233,3.320436166,-0.048107342,1.333720784,-1.958085837,3.27932797,-10.66292829
11:03.0,2350,2275.72,-0.0730763,0.049347056,0.998750652,4.140276549,-0.57551193,-0.342868773,2.262988301,3.907322578,-8.873136851
11:04.0,2351,2276.72,-0.073033925,0.039121008,0.995098881,-6.872024647,1.316646291,1.616743479,1.223855492,4.529387325,-8.845546132
11:05.0,2352,2277.7,-0.007034509,-0.150951715,0.991426157,-8.439073125,-6.350788861,-8.894389914,-9.578866359,-0.591904221,-8.429563407
11:06.0,2353,2278.7,-0.025671979,-0.080479328,0.989703472,7.0488782,7.860849214,8.183305621,-3.511688869,3.061712873,-10.91036312
11:07.0,2354,2279.68,-0.096426421,-0.025810614,0.995804173,0.364711126,-4.084675466,-0.085821559,-3.563325352,5.030293623,-5.268821849
11:08.0,2355,2280.66,-0.029111,0.010868116,1.006027379,-6.97955713,4.019947576,-1.272015543,0.484573043,0.4400093,-3.39150429
11:09.0,2356,2281.66,-0.139315576,-0.185699009,0.988443065,-6.866105492,1.391590829,1.570924608,-11.03955556,8.001727628,-1.013064583
11:10.0,2357,2282.64,-0.066323565,-0.056582745,0.98172771,17.15177415,-12.76005867,2.838443034,-1.927294956,2.472542811,1.187461686
11:11.0,2358,2283.64,0.012161302,0.102524742,0.99727542,0.810341173,4.704670005,-8.038915348,4.660973395,0.700533353,-1.515868261
11:12.0,2359,2284.62,-0.090289449,0.016771564,0.993878723,-6.090143998,3.59626677,-4.248184442,-0.274901173,5.4202917,-8.441127238
11:13.0,2360,2285.6,-0.110886085,-0.026177876,0.994762874,0.472343642,-1.970692348,5.101671792,-1.337622367,5.677789861,-1.91383099
11:14.0,2361,2286.6,-0.057264777,-0.004069335,1.000140682,-2.419850853,-2.35293773,7.65721779,-0.804940159,2.8444142,6.989512043
11:15.0,2362,2287.58,-0.072389826,-0.019897343,0.996914637,4.323223056,-0.206128666,0.166985013,-1.472836705,4.377014708,7.988567119
11:16.0,2363,2288.56,-0.033870585,0.064221602,1.00586961,0.480211798,1.291263959,0.183138703,3.450611703,2.064402637,8.74314835
11:17.0,2364,2289.56,-0.085834241,0.049983515,0.998784102,-2.079811225,2.94059537,1.932304742,2.244169937,5.108632193,10.39252531
11:18.0,2365,2290.54,-0.11309074,0.021682622,0.994684688,-3.791477603,-0.674425574,0.222610434,0.934232609,5.915916336,11.89292237
11:19.0,2366,2291.52,-0.063280026,-0.009696864,0.994824723,5.585680737,-5.357059914,2.824237231,-1.004006237,3.477347046,12.13777458
11:20.0,2367,2292.52,-0.072448236,-0.035678749,0.995540643,-5.520416156,3.070792386,0.156991303,-2.929944848,4.658005625,14.04423571
11:21.0,2368,2293.5,-0.081062013,-0.091780585,0.992169724,0.290554052,-2.974892801,0.862154137,-5.574970954,4.288187937,14.61419677
11:22.0,2369,2294.5,-0.093971793,-0.142794893,0.993215449,-7.050752977,3.295648302,5.384949162,-9.001397552,6.149424477,16.64620873
11:23.0,2370,2295.48,-0.046393807,-0.072324032,0.990805995,9.737734762,-8.361953802,-5.500292112,-4.556229394,1.574418714,18.12222897
11:24.0,2371,2296.46,-0.001349158,-0.008129253,1.000756697,-2.001447492,6.43522277,-3.557601223,-0.69323872,1.181317209,12.11813047
11:25.0,2372,2297.46,-0.170449258,-0.070930379,0.993784388,-1.964063736,1.555874409,7.17665067,-4.327069845,9.348825971,17.02547531
11:26.0,2373,2298.44,-0.118290989,-0.079736508,0.990030849,-1.77129045,-3.472693485,1.968545702,-5.16370711,7.140312802,18.52029706
11:27.0,2374,2299.42,-0.06236803,-0.068421424,0.991135192,4.084335313,-2.214476406,-5.60075824,-4.067720018,2.546532089,19.35949612
11:28.0,2375,2300.42,-0.002880848,-0.023659284,0.999077914,1.076982635,-1.772763832,1.572773195,-1.745292007,0.068975246,17.29180629
11:29.0,2376,2301.4,-0.031517303,-0.00394615,0.999437134,-1.319053219,4.254117795,0.742023192,-0.916007043,2.454549575,18.74312583
11:30.0,2377,2302.4,-0.070522298,0.015588213,0.998055605,5.412489459,-5.995132346,3.451898762,0.433412114,3.323997722,19.9756572
11:31.0,2378,2303.38,-0.026880209,0.042215043,0.998769337,-3.856534261,4.866199645,-2.694950259,1.447496901,2.390279053,19.71659721
11:32.0,2379,2304.36,-0.080043441,-0.104479318,0.996077675,-7.177139078,-0.528309661,-4.959122693,-7.759521094,4.097930111,19.47978267
11:33.0,2380,2305.36,-0.044724416,-0.057001301,1.003390626,4.387991486,-2.87637068,7.237841807,-1.481210916,1.501135881,20.12759295
11:34.0,2381,2306.34,-0.02787248,0.01875542,0.999130568,4.877912763,0.387961022,3.838131254,-0.062472953,2.63613068,23.02701605
11:35.0,2382,2307.32,-0.046700666,0.021413026,0.994810222,-8.527057456,4.812416581,-8.095828999,-0.00285318,3.578759773,24.88344413
11:36.0,2383,2308.32,-0.124272869,-0.060043053,0.992252868,0.842524058,0.593216146,5.672242716,-3.149600355,5.651117178,18.70091975
11:37.0,2384,2309.3,-0.176742899,-0.048509165,0.992761378,-2.649661873,-0.55979862,3.414679672,-2.967986502,9.773908732,28.31307505
11:38.0,2385,2310.3,-0.124821572,-0.095492838,0.988523835,-1.885412241,-2.388813839,-0.35897575,-6.101916701,7.054703196,27.03963234
11:39.0,2386,2311.28,-0.053393894,-0.118921429,0.987795775,0.602823435,-4.34977256,0.471783865,-6.86928516,2.817716144,27.92368316
11:40.0,2387,2312.26,-0.009565139,-0.071256065,0.99677533,2.487264435,-0.950727921,-0.047956775,-4.125517492,0.824369943,28.40302378
11:41.0,2388,2313.26,-0.023673143,-0.034068458,1.001044941,1.481173935,4.095315717,0.516257894,-2.266314004,2.099540118,28.12406163
11:42.0,2389,2314.24,-0.09079386,0.001024092,0.998614153,0.732932491,1.582993874,0.702336905,-0.322305376,5.134793271,28.97480255
11:43.0,2390,2315.24,-0.097323513,0.017615442,0.996534017,-1.340274912,-2.339580316,-0.36007105,0.341421082,4.900637337,29.88898582
11:44.0,2391,2316.22,-0.006979933,-0.021915067,0.997250864,-2.195516998,-4.503135183,1.58480773,-1.602096399,0.307472103,29.94320702
11:45.0,2392,2317.2,-0.018962742,-0.018133291,0.997150741,0.47099236,4.729019371,0.448248046,-1.049866853,1.717702739,32.09629301
11:46.0,2393,2318.2,-0.038260814,0.007766028,1.00004561,2.843403193,-3.948432195,-0.163660341,0.982998585,2.042805148,30.33674428
11:47.0,2394,2319.18,-0.066666363,-0.031019066,0.999688516,-10.53426119,6.241119678,-0.021841353,-3.131120738,3.925570785,30.77245224
11:48.0,2395,2320.16,-0.098609156,-0.219601009,0.975897134,-2.185820958,-0.61530746,-3.979175831,-13.35254444,5.714343031,34.57368849
11:49.0,2396,2321.14,-0.074921028,-0.187083973,0.981582393,10.48244587,-1.721239217,1.883099669,-8.854211925,3.761717713,31.72782969
11:50.0,2397,2322.12,-0.071644328,0.039100513,0.999059579,8.023803904,-1.65116386,1.856740392,1.964173698,3.000758542,32.47672207
11:51.0,2398,2323.1,-0.044256864,0.076368776,1.002648471,-2.560173132,6.330645964,-4.337740797,2.208831931,3.034847747,35.43946901
11:52.0,2399,2324.08,-0.11302183,0.039475885,0.99250863,-1.216061787,-1.426269953,0.627293202,1.784954578,5.639510287,33.11054898
11:53.0,2400,2325.06,-0.08598331,0.021834526,0.995208618,-1.377579465,-0.338361208,3.752923016,1.032992093,4.792215891,35.92331813
11:54.0,2401,2326.04,-0.077395553,-0.034705242,0.996285917,-3.301054388,-0.087586555,2.856496015,-2.959924509,4.287659172,41.53123698
11:55.0,2402,2327.02,-0.077350444,-0.032444861,0.996966122,5.986201167,0.219865373,-1.478456632,-0.584807192,4.504604642,40.48047564
11:56.0,2403,2328,-0.098278513,0.031561126,1.000203748,-3.498436276,1.995407768,0.699592436,0.762704547,5.844726127,39.96995428
11:57.0,2404,2328.98,-0.110292629,-0.025421067,0.995718369,-2.499226197,-1.559162983,1.182246577,-1.952246141,5.875793762,41.64382733
11:58.0,2405,2329.96,-0.083703375,-0.026282065,0.995361542,-1.239970783,-2.336734539,2.790281771,-1.891034211,4.325409065,43.41328182
11:59.0,2406,2330.94,-0.044770645,0.041502459,1.000095941,8.382387519,-1.562403843,0.096846945,2.452818287,2.638821186,45.98076814
12:00.0,2407,2331.92,-0.059523896,0.075261828,0.994974922,-2.512158422,1.369038665,0.128354926,3.345404206,3.692198683,45.64992097
12:01.0,2408,2332.9,-0.069097078,-0.030691218,0.992994344,-8.129302357,-1.083650451,-8.391802026,-2.96451689,3.626390506,45.76840978
12:02.0,2409,2333.86,-0.019900105,-0.115183985,0.992079066,3.218019677,1.436853521,-18.85704816,-6.337287952,1.011846276,20.2858943
12:03.0,2410,2334.84,-0.065113352,-0.049630317,0.98410461,-0.409187973,5.198276827,-35.49117172,-3.669874176,3.864820764,-0.001977468
12:04.0,2411,2335.82,-0.084570504,-0.07021386,0.997442868,4.361549501,-2.256434118,-4.113482088,-3.749020431,3.968728221,-18.72263855
12:05.0,2412,2336.8,-0.047074564,-0.006765999,1.003547142,0.872996332,0.170093975,10.06063722,-1.115590033,2.662741504,-14.16309799
12:06.0,2413,2337.78,-0.048108928,0.033399073,1.002881587,0.254605022,-0.044832318,-0.073817263,1.478252275,2.72045697,-10.05188869
12:07.0,2414,2338.76,-0.03334488,0.011222998,1.000417213,-1.105532292,0.986473313,-5.096091938,0.152119709,2.069622604,-23.17897581
12:08.0,2415,2339.74,-0.062733768,0.00146594,0.99630075,-2.17178925,0.305509249,1.865781325,-0.368693937,3.421188819,-19.16951052
12:09.0,2416,2340.62,-0.063527601,-0.035309644,0.997409712,-1.854433169,-0.576587253,-0.218414638,-2.471033988,3.369428402,-19.14246969
12:10.0,2417,2341.28,-0.059534854,-0.047696882,0.997179647,0.191273592,-0.325205539,-0.582472508,-2.836251608,3.294861772,-18.58508839
12:11.0,2418,2341.9,-0.050502816,-0.041163132,0.999080381,0.595107284,0.174437394,-11.06706179,-2.537691616,2.744732837,-22.78663074
12:12.0,2419,2342.66,-0.064378244,-0.063331375,0.989639342,-5.435145656,0.80239507,-3.464323841,-4.879912537,3.671805421,-28.89339188
12:13.0,2420,2343.34,-0.06581341,-0.107661382,0.995609043,4.260379744,-1.567484258,1.947082316,-5.397739953,3.334606963,-28.99199113
12:14.0,2421,2344,-0.042955532,-0.021782087,1.005161461,1.667627919,-0.69011688,0.690468846,-1.565773538,2.210361495,-27.75207099
12:15.0,2422,2344.7,-0.048491362,-5.98E-05,1.004178319,-0.791256701,0.437009786,0.208657718,-0.667644788,2.751454317,-27.62783868
12:16.0,2423,2345.68,-0.051440412,-0.041255229,0.999460376,-2.797723155,0.034274687,0.739612159,-2.686117664,2.872822362,-27.01586913
12:17.0,2424,2346.68,-0.018648215,-0.130359944,0.988544071,-7.942920798,-3.083544644,-5.330993838,-7.866503461,0.960663248,-28.01255278
12:18.0,2425,2347.66,-0.003418615,-0.158447105,0.985505308,4.310770482,1.791419037,-0.641403304,-9.348522862,0.005249546,-29.71900473
12:19.0,2426,2348.64,-0.043840369,-0.060910905,0.996594323,2.425843188,3.385129492,3.334443683,-3.608623019,2.787526837,-28.03511374
12:20.0,2427,2349.64,-0.114909069,-0.076996756,0.994981956,-4.43221588,0.284451875,-0.117126621,-5.517588249,6.250845426,-26.17693751
12:21.0,2428,2350.62,-0.078339598,-0.146455351,0.990903026,-4.645426099,-3.424830343,-0.260456044,-9.323999102,3.816670404,-26.41404857
12:22.0,2429,2351.6,-0.055456709,-0.150458309,0.981503537,6.954454182,1.447749822,1.504071905,-7.740040427,3.684677735,-25.88802948
12:23.0,2430,2352.6,-0.050291166,0.036407429,0.998041241,9.449314047,-3.388522576,0.101774437,2.250175722,2.036354457,-25.03243601
12:24.0,2431,2353.58,-0.047766547,0.068831689,1.001534067,-6.699063939,3.649061656,2.458087378,1.511423989,3.481048064,-25.1579392
12:25.0,2432,2354.58,-0.116598241,-0.053205712,0.994830292,-7.450617546,3.604049971,-5.594325458,-4.293303639,5.914441114,-26.7087807
12:26.0,2433,2355.56,-0.133699636,-0.171004268,0.974066213,4.261235388,-2.87287831,3.338091375,-8.788072588,7.892794073,-22.23598306
12:27.0,2434,2356.54,-0.067106478,0.01348621,0.995070719,9.822245233,-6.386708593,-2.141241992,1.781601988,2.69603119,-20.02307405
12:28.0,2435,2357.54,-0.044583545,0.074496835,1.001569902,-6.019804874,5.05436174,-1.648300714,1.985727852,4.319885502,-24.08749265
12:29.0,2436,2358.52,-0.091316705,-0.042817403,0.993962949,-8.373640437,-0.93903823,-1.796764813,-2.599218531,5.246616005,-24.71459038
12:30.0,2437,2359.5,-0.056864064,-0.118162748,0.989626284,0.537619058,0.403358491,-2.332531018,-6.573026421,4.07909755,-24.6550774
12:31.0,2438,2360.5,-0.114214665,-0.120240695,0.991366493,-3.008835891,4.328684722,7.516475587,-6.670384209,6.049697626,-22.37912399
12:32.0,2439,2361.48,-0.099510969,-0.0375378,0.993198016,8.638256676,-3.556157257,-6.520206191,-1.212164222,4.817931745,-20.71373143
12:33.0,2440,2362.48,-0.062624669,0.064831786,0.998121534,1.863224939,-1.371766218,-0.266890182,2.964744341,3.56925664,-24.51756364
12:34.0,2441,2363.46,-0.063868655,0.114014502,0.992887245,1.259276189,1.107240101,0.321388701,4.995784388,3.204295192,-23.25361517
12:35.0,2442,2364.44,-0.088968231,0.122389185,0.989536997,0.405176736,-0.212425796,0.873832087,7.609878665,4.972892229,-23.7538859
12:36.0,2443,2365.44,-0.088986936,0.055547883,0.993682079,-8.570610793,-0.723931422,0.370273018,1.856656894,4.948670514,-23.12638744
12:37.0,2444,2366.42,-0.072560518,-0.065491092,0.992454942,-2.927741943,-0.337499113,0.289089051,-3.802823906,4.205867731,-22.84894276
12:38.0,2445,2367.4,-0.008378955,-0.043436269,1.006594855,4.709157012,-8.194517494,1.305879846,-1.520956264,-0.28557154,-21.3705828
12:39.0,2446,2368.4,-0.010442487,-0.002508724,0.999422184,1.716616096,7.62339479,3.562575777,-0.170600566,1.598614846,-19.01194403
12:40.0,2447,2369.38,-0.042088367,-0.143361999,0.989464633,-12.67637287,-6.579517904,-8.425400143,-9.22660274,1.312345554,-24.20825996
12:41.0,2448,2370.38,-0.021209872,-0.208799007,0.970549775,11.58782349,4.963612212,3.848394422,-11.76714784,2.289254919,-21.23714302
12:42.0,2449,2371.36,-0.051366148,-0.007071158,0.998174609,-0.355006768,-4.822940228,-1.660842321,-0.226757137,2.47670129,-19.53666847
12:43.0,2450,2372.34,-0.091750784,-0.125315622,1.002394859,-10.24796936,2.330690036,2.169089006,-8.809440525,3.860881897,-21.32848858
12:44.0,2451,2373.34,-0.134481895,-0.11155341,0.97020474,23.97181246,-2.761593815,8.972354169,-2.651563021,7.714664088,-13.32239173
12:45.0,2452,2374.32,-0.056957192,0.277285188,0.971137182,4.562607139,0.349325915,-12.51482944,11.87624094,3.675137062,-15.57250044
12:46.0,2453,2375.3,-0.093764803,0.306044534,0.95417736,-10.23249985,-6.209752431,-0.40052423,15.8275357,3.362176192,-13.4268226
12:47.0,2454,2376.3,-0.072994097,-0.008461344,0.991851297,-13.71589723,2.27380195,-1.421783378,-1.87122354,4.739031204,-18.96663873
12:48.0,2455,2377.28,-0.112756213,-0.186591584,0.973745852,-2.787403062,1.163685025,2.869505459,-9.910486074,6.547334507,-17.61773267
12:49.0,2456,2378.28,-0.083556651,-0.238544049,0.977514061,4.097223203,-10.12066334,0.990493347,-10.63472353,4.695820979,-14.92222215
12:50.0,2457,2379.26,0.022517957,-0.220946147,0.989230273,-12.40080146,2.21880804,3.419723467,-14.68882261,-1.711911519,-17.00724451
12:51.0,2458,2380.24,-0.100903826,-0.379585887,0.91405233,15.38988001,2.872148793,10.37529952,-20.64725563,6.605722055,-10.70073914
12:52.0,2459,2381.24,-0.07442088,0.11886754,0.992876844,14.34153778,-1.392277282,3.494647598,7.418797305,3.792612574,-2.492506266
12:53.0,2460,2382.22,-0.059316433,0.189802318,0.987979702,-5.683825597,1.271996344,-14.80897542,6.900711192,3.167494653,-5.413494011
12:54.0,2461,2383.22,-0.104034593,0.114930893,0.98628665,-6.739785243,-4.941000343,0.222983122,5.081862262,5.143366291,-12.65631995
12:55.0,2462,2384.2,0.051240927,-0.11518906,0.991668658,-10.60418091,0.495037483,-4.005136972,-6.480176296,-2.260219193,-12.67757047
12:56.0,2463,2385.18,-0.039077655,-0.155863982,0.987507236,5.148253217,6.192350111,2.694510755,-7.288586387,2.741799596,-12.61979834
12:57.0,2464,2386.18,-0.138150816,-0.119780811,0.993879541,0.033875399,3.942202099,6.595902051,-7.499477939,7.61300165,-8.256947225
12:58.0,2465,2387.16,-0.168490939,-0.032646487,0.981851718,14.84060069,-6.957468123,5.522728277,-1.026182212,8.661168771,-2.221681443
12:59.0,2466,2388.14,0.014010189,0.255737237,0.970081507,-6.37944313,-2.020216281,-2.711526136,11.74764233,-1.163708857,-1.547781431
13:00.0,2467,2389.12,-0.012018643,0.042667691,0.994580619,-12.33562751,1.821826456,0.041689244,0.472444172,1.206477308,-6.071363674
13:01.0,2468,2390.1,-0.082176038,-0.149174687,0.980582245,-1.450342123,7.037267034,-5.012419195,-6.624464239,5.175679985,-6.664122074
13:02.0,2469,2391.08,-0.135637327,-0.072886218,0.994270327,5.169247216,-3.069248218,1.100683392,-3.300288488,6.484798377,-8.466955171
13:03.0,2470,2392.06,-0.119749211,-0.028147943,1.002938412,-7.141933343,4.945838989,12.7196721,-2.609128578,6.595110731,-1.667230568
13:04.0,2471,2393.04,-0.116580195,-0.087230801,0.988110587,-0.12768347,-7.394201901,-1.92596615,-5.7882601,5.662805758,5.47091735
13:05.0,2472,2394.02,-0.062694914,-0.014980422,0.997567589,8.284300433,4.608841402,-4.138562212,-0.428724501,4.571680596,-2.217618744
13:06.0,2473,2395,-0.103061006,0.112926145,0.995764319,5.267478605,-3.616584474,2.758674335,6.609268781,4.912128727,-0.952012091
13:07.0,2474,2395.98,-0.025373642,0.089602335,0.993124778,-12.2624033,-1.196058433,-2.406199944,3.116846253,1.430675708,-0.319537638
13:08.0,2475,2396.96,-0.030661207,-0.07156266,0.991683263,-3.544253889,0.896995583,1.032758656,-4.34539222,2.198746235,-2.663698733
13:09.0,2476,2397.94,-0.109126211,-0.134430018,0.989315611,-0.104935524,5.10570701,8.223753015,-7.359067163,6.699427221,1.250840898
13:10.0,2477,2398.92,-0.069914377,-0.114880843,0.991298969,-0.635027116,-7.937030628,2.756111129,-6.992316123,3.574550272,5.313213507
13:11.0,2478,2399.9,0.021495958,-0.087065637,0.99981209,-0.668223679,-4.566058944,-23.36006264,-5.182208341,-2.095433531,4.424315309
13:12.0,2479,2400.88,-0.012273186,-0.00592724,0.992617508,0.923314404,9.166934546,1.416459798,-0.998648512,2.078915899,-15.75788533
13:13.0,2480,2401.86,-0.133264845,-0.036299566,0.999782265,-4.788745479,3.704450393,1.157935805,-2.99837637,7.082760667,-9.613400942
13:14.0,2481,2402.84,-0.134556499,-0.115689766,0.989353688,-4.024474689,-1.278602933,1.195811185,-7.218636732,7.239999392,-9.625600643
13:15.0,2482,2403.82,-0.061854855,-0.070996987,0.98691838,10.11527621,-0.872863873,-8.989425524,-4.223060336,3.191672594,-10.51666828
13:16.0,2483,2404.6,-0.040398526,0.023641439,1.00343715,4.669922884,-5.099958353,1.659420642,2.16117849,1.988897513,-14.04965627
13:17.0,2484,2405.38,-0.012005761,0.088789869,1.00053263,-2.32548745,3.095350539,2.145619582,4.45613901,0.837046073,-10.86622542
13:18.0,2485,2406.160001,-0.053831995,0.02714152,0.995155256,-1.596984955,-1.182135141,0.605805372,0.12926654,2.932867484,-10.30477462
13:19.0,2486,2407.140002,-0.046050492,0.016416159,0.998301786,-3.035484235,1.997462746,1.566526174,1.232691077,2.767189099,-8.890285335
13:20.0,2487,2408.119983,-0.064115816,-0.028901785,0.998950118,-3.315155091,-0.981921209,0.518302841,-2.269648121,3.33239469,-7.514372712
13:21.0,2488,2409.099453,-0.055897096,-0.060887207,0.997930636,-0.143538905,0.994125573,-0.32626827,-3.558539456,3.316666393,-7.458700235
13:22.0,2489,2410.072574,-0.073693393,-0.05340065,0.997832553,-0.207314307,0.411404677,-0.241034096,-3.31423685,4.105723169,-7.347649331
