Timestamp,Motor1_Power,Motor2_Power,Motor3_Power,Motor4_Power,Motor5_Power,Motor6_Power,Motor7_Power,Motor8_Power
2024-06-18 04:31:53.00,0.0,0.0,0.26096,0.0,0.0,0.26016,0.0,0.0
2024-06-18 04:31:54.00,0.0,0.0,0.38928,0.0,0.0,0.0,0.0,0.0
2024-06-18 04:31:55.00,0.0,0.0,0.19464,0.0,0.0,0.26192,0.0,0.0
2024-06-18 04:31:56.00,0.0,0.0,0.45416000000000006,0.0,0.0,0.12960000000000002,0.0,0.0
2024-06-18 04:31:57.00,0.0,0.0,0.12952,0.0,0.0,0.45668000000000003,0.0,0.0
2024-06-18 04:31:58.00,0.0,0.77064,0.17628,0.0,3.7258000000000004,0.22992,31.389120000000002,5.17972
2024-06-18 04:31:59.00,0.059680000000000004,2.4704,0.48544,0.0,2.5600400000000003,0.36672,2.9375999999999998,5.290719999999999
2024-06-18 04:32:00.00,0.0,1.4678399999999998,0.72288,0.0,4.0482,0.12064,6.466,5.3800799999999995
2024-06-18 04:32:01.00,0.0,0.0,0.38952,0.0,0.0,0.0,0.0,0.0
2024-06-18 04:32:02.00,0.0,0.0,0.12976000000000001,0.0,0.0,0.26016,0.0,0.0
2024-06-18 04:32:03.00,0.0,0.0,0.45052000000000003,0.0,0.0,0.25920000000000004,0.0,0.0
2024-06-18 04:32:04.00,0.0,0.0,0.51808,0.0,0.0,0.26208,0.0,0.0
2024-06-18 04:32:05.00,0.0,0.0,0.12944,0.0,0.0,0.19440000000000002,0.0,0.0
2024-06-18 04:32:06.00,0.0,0.0,0.2616,0.0,0.0,0.19488,0.0,0.0
2024-06-18 04:32:07.00,0.0,0.0,0.25968,0.0,0.0,0.0654,0.0,0.0
2024-06-18 04:32:08.00,0.0,0.0,0.38952,0.0,0.0,0.0,0.0,0.0
2024-06-18 04:32:09.00,0.0,0.0,0.325,0.0,0.0,0.19524,0.0,0.0
2024-06-18 04:32:10.00,0.0,0.0,0.13064,0.0,0.0,0.13048,0.0,0.0
2024-06-18 04:32:11.00,0.0,0.0,0.19644,0.0,0.0,0.26032,0.0,0.0
2024-06-18 04:32:12.00,0.0,0.0,0.19548,0.0,0.0,0.26064,0.0,0.0
2024-06-18 04:32:13.00,0.0,0.0,0.06516,0.0,0.0,0.0,0.0,0.0
2024-06-18 04:32:14.00,0.0,0.0,0.13064,0.0,0.0,0.19596,0.0,0.0
2024-06-18 04:32:15.00,0.0,0.0,0.25920000000000004,0.0,0.0,0.25984,0.0,0.0
2024-06-18 04:32:16.00,0.0,3.6624,0.0,0.0,0.9843200000000001,0.5439599999999999,10.594400000000002,3.88332
2024-06-18 04:32:17.00,0.0,0.0,0.19524,0.0,0.0,0.25792000000000004,0.0,0.0
2024-06-18 04:32:18.00,0.0,0.0,0.6488,0.0,0.0,0.06516,0.0,0.0
2024-06-18 04:32:19.00,0.0,0.0,0.0,0.0,0.0,0.06544,0.0,0.0
2024-06-18 04:32:20.00,0.0,0.0,0.26016,0.0,0.0,0.25856,0.0,0.0
2024-06-18 04:32:21.00,0.0,0.0,0.45360000000000006,0.0,0.0,0.26016,0.0,0.0
2024-06-18 04:32:22.00,0.0,0.0,0.0,0.0,0.0,0.12888,0.0,0.0
2024-06-18 04:32:23.00,0.0,0.0,0.19392,0.0,0.0,0.0,0.0,0.0
2024-06-18 04:32:24.00,0.0,0.0,0.12928,0.0,0.0,0.12896000000000002,0.0,0.0
2024-06-18 04:32:25.00,0.0,0.0,0.06480000000000001,0.0,0.0,0.06488000000000001,0.0,0.0
2024-06-18 04:32:26.00,0.0,0.0,0.25968,0.0,0.0,0.25984,0.0,0.0
2024-06-18 04:32:27.00,0.0,0.0,0.06444,0.0,0.0,0.51616,0.0,0.0
2024-06-18 04:32:28.00,0.0,0.0,0.12984,0.0,0.0,0.06548,0.0,0.0
2024-06-18 04:32:29.00,0.0,0.0,0.26032,0.0,0.0,0.26064,0.0,0.0
2024-06-18 04:32:30.00,0.0,0.0,0.25856,0.0,0.0,0.26,0.0,0.0
2024-06-18 04:32:31.00,0.0,0.0,0.13032,0.0,0.0,0.06516,0.0,0.0
2024-06-18 04:32:32.00,0.0,0.0,0.12968,0.0,0.0,0.065,0.0,0.0
2024-06-18 04:32:33.00,0.0,0.0,0.2608,0.0,0.0,0.26048,0.0,0.0
2024-06-18 04:32:34.00,0.0,0.0,0.26,0.0,0.0,0.06488000000000001,0.0,0.0
2024-06-18 04:32:35.00,0.0,0.0,0.26048,0.0,0.0,0.26048,0.0,0.0
2024-06-18 04:32:36.00,0.0,0.0,0.12984,0.0,0.0,0.195,0.0,0.0
2024-06-18 04:32:37.00,0.0,0.0,0.39096,0.0,0.0,0.3254,0.0,0.0
2024-06-18 04:32:38.00,0.0,0.0,0.25920000000000004,0.0,0.0,0.26048,0.0,0.0
2024-06-18 04:32:39.00,0.0,0.0,0.12984,0.0,0.0,0.25968,0.0,0.0
2024-06-18 04:32:40.00,0.0,0.0,0.19464,0.0,0.0,0.25984,0.0,0.0
2024-06-18 04:32:41.00,0.0,0.0,0.325,0.0,0.0,0.26064,0.0,0.0
2024-06-18 04:32:42.00,0.0,0.0,0.13024,0.0,0.0,0.26,0.0,0.0
2024-06-18 04:32:43.00,0.0,0.0,0.26048,0.0,0.0,0.13032,0.0,0.0
2024-06-18 04:32:44.00,0.0,0.0,0.19452,0.0,0.0,0.06480000000000001,0.0,0.0
2024-06-18 04:32:45.00,0.0,0.0,0.26016,0.0,0.0,0.13024,0.0,0.0
2024-06-18 04:32:46.00,0.0,0.0,0.19476,0.0,0.0,0.195,0.0,0.0
2024-06-18 04:32:47.00,0.0,0.0,0.3252,0.0,0.0,0.26048,0.0,0.0
2024-06-18 04:32:48.00,0.0,0.0,0.19416,0.0,0.0,0.19440000000000002,0.0,0.0
2024-06-18 04:32:49.00,0.0,0.0,0.25968,0.0,0.0,0.19452,0.0,0.0
2024-06-18 04:32:50.00,0.0,0.0,0.325,0.0,0.0,0.0,0.0,0.0
2024-06-18 04:32:51.00,0.0,0.0,0.26016,0.0,0.0,0.25968,0.0,0.0
2024-06-18 04:32:52.00,0.0,0.0,0.06516,0.0,0.0,0.3254,0.0,0.0
2024-06-18 04:32:53.00,0.0,0.0,0.13,0.0,0.0,0.3264,0.0,0.0
2024-06-18 04:32:54.00,0.0,0.0,0.25856,0.0,0.0,0.26192,0.0,0.0
2024-06-18 04:32:55.00,0.0,0.0,0.38784,0.0,0.0,0.26192,0.0,0.0
2024-06-18 04:32:56.00,0.0,0.0,0.25936,0.0,0.0,0.26176,0.0,0.0
2024-06-18 04:32:57.00,0.0,0.0,0.25792000000000004,0.0,0.0,0.19524,0.0,0.0
2024-06-18 04:32:58.00,0.0,1.4620799999999998,0.0,0.0,0.9276,0.49152,8.348400000000002,2.62816
2024-06-18 04:32:59.00,0.0,1.3771999999999998,0.3044,0.0,0.49792000000000003,0.0,7.9104,1.27764
2024-06-18 04:33:00.00,0.0,0.0,0.0,0.0,0.0,0.26111999999999996,0.0,0.0
2024-06-18 04:33:01.00,0.24816,1.88604,1.8396,0.0,1.8215999999999999,0.854,0.0,4.46976
2024-06-18 04:33:02.00,0.0,0.0,0.325,0.0,0.0,0.26096,0.0,0.0
2024-06-18 04:33:03.00,0.0,0.0,0.25664000000000003,0.0,0.0,0.19392,0.0,0.0
2024-06-18 04:33:04.00,0.0,0.0,0.8372,0.0,0.0,0.06508,0.0,0.0
2024-06-18 04:33:05.00,0.0,0.0,0.26176,0.0,0.0,0.25952000000000003,0.0,0.0
2024-06-18 04:33:06.00,1.17116,0.0,2.6763199999999996,6.6108,0.0,4.16976,0.0,0.0
2024-06-18 04:33:07.00,0.0,0.0,0.3254,0.0,0.0,0.52384,0.0,0.0
2024-06-18 04:33:08.00,0.0,0.0,0.39288,0.0,0.0,0.19644,0.0,0.0
2024-06-18 04:33:09.00,0.0,0.0,0.325,0.0,0.0,0.32180000000000003,0.0,0.0
2024-06-18 04:33:10.00,0.0,0.0,0.3864,0.0,0.0,0.19416,0.0,0.0
2024-06-18 04:33:11.00,0.0,0.0,0.45612,0.0,0.0,0.38616,0.0,0.0
2024-06-18 04:33:12.00,0.0,0.0,0.06472,0.0,0.0,0.06548,0.0,0.0
2024-06-18 04:33:13.00,0.0,0.0,0.0,0.0,0.0,0.38736000000000004,5.1508,0.0
2024-06-18 04:33:14.00,0.0,0.0,0.25536000000000003,0.0,0.0,0.0,0.9049600000000001,0.0
2024-06-18 04:33:15.00,0.19128,0.0,0.0,4.695,0.0,2.24352,0.0,0.0
2024-06-18 04:33:16.00,0.0,0.0,0.45696000000000003,0.0,0.0,0.38784,0.0,0.0
2024-06-18 04:33:17.00,0.0,0.0,0.0,0.0,0.0,1.2698399999999999,27.962,3.5867200000000006
2024-06-18 04:33:18.00,0.0,0.43988000000000005,0.504,0.0,0.256,0.0,0.0,8.15868
2024-06-18 04:33:19.00,0.0,2.07636,0.3106,0.0,1.2352,0.5526,0.49472000000000005,2.5136000000000003
2024-06-18 04:33:20.00,0.0,0.0,0.0,0.0,0.0,0.39,0.0,0.0
2024-06-18 04:33:21.00,0.0,0.0,0.06516,0.0,0.0,0.38736000000000004,0.0,0.0
2024-06-18 04:33:22.00,0.0,0.0,0.0,0.0,0.0,0.12856,0.0,0.0
2024-06-18 04:33:23.00,0.0,0.0,0.51808,0.0,0.0,0.0,0.0,0.0
2024-06-18 04:33:24.00,0.0,0.0,0.576,0.0,0.0,0.0,0.0,0.0
2024-06-18 04:33:25.00,0.0,0.0,0.19236,0.0,0.0,0.0,0.0,0.0
2024-06-18 04:33:26.00,0.0,0.9299999999999999,0.0,0.0,0.0,0.19704,2.02616,0.0
2024-06-18 04:33:27.00,0.0,0.0,0.0,0.0,0.0,0.0,0.0,0.0
2024-06-18 04:33:28.00,0.0,0.0,0.25984,0.0,0.0,0.1926,0.0,0.0
2024-06-18 04:33:29.00,0.0,0.0,0.0,0.0,1.6307200000000002,0.24816,0.0,0.0
2024-06-18 04:33:30.00,0.0,1.531,0.8635200000000001,0.0,0.0,0.56448,11.14992,1.88852
2024-06-18 04:33:31.00,0.0,0.0,0.183,0.0,0.0,0.48735999999999996,19.778,0.0
2024-06-18 04:33:32.00,0.0,0.0,0.0,0.0,0.0,0.38423999999999997,0.0,0.0
2024-06-18 04:33:33.00,0.0,0.0,0.25792000000000004,0.0,0.0,0.39359999999999995,0.0,0.0
2024-06-18 04:33:34.00,0.0,0.0,0.25856,0.0,0.0,0.0,0.0,0.0
2024-06-18 04:33:35.00,0.0,0.0,0.32200000000000006,0.0,0.0,0.25792000000000004,0.0,0.0
2024-06-18 04:33:36.00,0.0,0.0,0.1908,0.0,0.0,0.3224,0.0,0.0
2024-06-18 04:33:37.00,0.0,0.0,0.3252,0.0,0.0,0.13048,0.0,0.0
2024-06-18 04:33:38.00,0.0,0.0,0.1288,0.0,0.0,0.26,0.0,0.0
2024-06-18 04:33:39.00,0.0,0.0,0.0,0.0,0.0,0.0,0.0,0.0
2024-06-18 04:33:40.00,0.0,0.0,0.5216,0.0,0.0,0.0,0.0,0.0
2024-06-18 04:33:41.00,3.1,0.0,8.399360000000001,2.5584000000000002,0.0,9.57216,0.0,0.0
2024-06-18 04:33:42.00,0.0,0.0,0.0644,0.0,0.0,0.6492,0.0,0.0
2024-06-18 04:33:43.00,0.0,0.0,2.5424,0.0,0.0,0.12952,0.0,0.0
2024-06-18 04:33:44.00,0.0,0.0,0.38544,0.0,0.0,0.32320000000000004,0.0,0.0
2024-06-18 04:33:45.00,0.0,0.0,0.9100000000000001,0.0,0.0,0.9212000000000001,0.0,0.0
2024-06-18 04:33:46.00,0.0,0.0,2.8619999999999997,1.92448,0.0,0.9648,0.25120000000000003,0.0
2024-06-18 04:33:47.00,0.0,0.0,3.1105199999999997,0.0,0.0,2.0961600000000002,0.0,0.0
2024-06-18 04:33:48.00,1.558,0.0,0.51392,2.45024,0.0,0.8205600000000001,0.0,0.0
2024-06-18 04:33:49.00,2.59612,0.0,0.12376,4.0920000000000005,0.0,0.12215999999999999,0.0,0.0
2024-06-18 04:33:50.00,2.19744,0.0,5.747399999999999,2.5704000000000002,0.0,5.414759999999999,0.0,0.0
2024-06-18 04:33:51.00,0.0,0.0,0.0,0.0,0.0,0.0,0.0,0.0
2024-06-18 04:33:52.00,0.0,0.0,0.0,0.0,0.0,0.0,0.0,0.0
2024-06-18 04:33:53.00,0.0,0.0,0.58572,0.0,0.0,0.6504,0.0,0.0
2024-06-18 04:33:54.00,0.06132,0.0,17.5764,0.1824,0.0,15.709200000000003,0.0,0.0
2024-06-18 04:33:55.00,0.0,0.0,21.22236,0.0,0.0,17.9916,0.0,0.0
2024-06-18 04:33:56.00,0.2408,0.0,13.69984,0.12104,0.0,15.360800000000001,0.0,0.0
2024-06-18 04:33:57.00,0.0,0.0,0.0,0.0,0.0,0.0,0.0,0.0
2024-06-18 04:33:58.00,0.0,0.0,0.39096,0.0,0.0,0.26,0.0,0.0
2024-06-18 04:33:59.00,0.0,0.0,0.0,0.0,0.0,0.06404,0.0,0.0
2024-06-18 04:34:00.00,2.1224000000000003,0.0,11.043759999999999,4.68944,0.0,8.53332,0.0,0.0
2024-06-18 04:34:01.00,0.0,0.0,0.5184000000000001,0.0,0.0,0.5832,0.0,0.0
2024-06-18 04:34:02.00,0.0,0.0,0.0,0.0,0.0,0.0,0.0,0.0
2024-06-18 04:34:03.00,0.0,0.0,22.48488,0.0,0.0,20.016959999999997,0.0,0.0
2024-06-18 04:34:04.00,0.0,0.0,0.5796,0.0,0.0,0.1292,0.0,0.0
2024-06-18 04:34:05.00,0.0,0.0,0.3224,0.0,0.0,0.06328,0.0,0.0
2024-06-18 04:34:06.00,1.97504,0.0,10.1442,2.08488,0.0,0.80132,0.0,0.0
2024-06-18 04:34:07.00,0.0,0.0,0.0,0.0,0.0,0.7154399999999999,0.0,0.0
2024-06-18 04:34:08.00,0.0,0.0,0.71456,0.0,0.0,0.0,0.0,0.0
2024-06-18 04:34:09.00,0.0,0.0,0.0,0.0,0.0,0.6516000000000001,0.0,0.0
2024-06-18 04:34:10.00,0.0,0.0,0.0,0.0,0.0,0.58068,0.0,0.0
2024-06-18 04:34:11.00,0.0,0.0,1.1009200000000001,0.0,0.0,0.0,0.0,0.0
2024-06-18 04:34:12.00,0.0,0.0,2.34284,2.7451199999999996,0.0,1.4000799999999998,0.0,0.0
2024-06-18 04:34:13.00,0.0,0.0,0.12912,0.0,0.0,0.0,0.0,0.0
2024-06-18 04:34:14.00,7.2192,0.0,10.809320000000001,0.7779200000000001,0.0,4.89376,0.0,0.0
2024-06-18 04:34:15.00,1.5215999999999998,0.0,1.7431200000000002,0.0,0.0,0.38904,0.0,0.0
2024-06-18 04:34:16.00,0.0,0.0,0.0,0.0,0.0,0.0,0.0,0.0
2024-06-18 04:34:17.00,0.0,0.0,1.0003199999999999,0.26,0.0,0.8403200000000001,0.0,0.0
2024-06-18 04:34:18.00,1.037,0.0,7.97736,0.9695999999999999,0.0,1.2726,0.0,0.0
2024-06-18 04:34:19.00,0.0,0.0,0.0,0.0,0.0,0.51712,0.0,0.0
2024-06-18 04:34:20.00,0.0,0.0,0.0,0.0,0.0,0.0,0.0,0.0
2024-06-18 04:34:21.00,0.0,0.0,0.3948,0.0,0.0,1.4115199999999999,0.0,0.0
2024-06-18 04:34:22.00,0.0,0.0,0.12936,0.0,0.0,0.0,0.0,0.0
2024-06-18 04:34:23.00,0.0,0.0,0.25712,0.0,0.0,0.0,0.0,0.0
2024-06-18 04:34:24.00,0.0,0.0,0.0,0.0,0.0,0.25776,0.0,0.0
2024-06-18 04:34:25.00,0.0,0.0,4.02008,0.0,0.0,0.0,0.0,0.0
2024-06-18 04:34:26.00,0.17928,0.0,11.07072,3.058,0.0,5.165920000000001,0.0,0.0
2024-06-18 04:34:27.00,0.0,0.0,0.0,0.0,0.0,0.06464,0.0,0.0
2024-06-18 04:34:28.00,0.0,0.0,17.29728,0.0,0.0,15.753960000000001,0.0,0.0
2024-06-18 04:34:29.00,0.062240000000000004,0.0,0.4429600000000001,3.04896,0.0,0.18552,0.0,0.0
2024-06-18 04:34:30.00,0.0,0.0,0.38232,0.0,0.0,0.0,0.0,0.0
2024-06-18 04:34:31.00,0.8808800000000001,0.0,1.03836,0.0,0.0,11.7496,0.0,0.0
2024-06-18 04:34:32.00,0.0,0.0,13.15672,0.0,0.0,6.665280000000001,0.0,0.0
2024-06-18 04:34:33.00,0.0,0.0,2.079,1.2664,0.0,0.0,0.0,0.0
2024-06-18 04:34:34.00,0.0638,0.0,0.0,0.45248000000000005,0.0,0.0,0.0,0.0
2024-06-18 04:34:35.00,0.0,0.0,0.0,0.0,0.0,0.0,0.0,0.0
2024-06-18 04:34:36.00,0.0,0.0,0.51296,0.0,0.0,0.46340000000000003,0.0,0.0
2024-06-18 04:34:37.00,0.0,0.0,0.0,0.0,0.0,0.0,0.0,0.0
2024-06-18 04:34:38.00,0.0,0.0,0.13240000000000002,0.0,0.0,0.0,0.0,0.0
2024-06-18 04:34:39.00,0.0,0.0,0.9612,0.0,0.0,0.0,0.0,0.0
2024-06-18 04:34:40.00,0.0,0.0,0.06636,0.0,0.0,0.0,0.0,0.0
2024-06-18 04:34:41.00,0.0,0.0,0.0,0.0,0.0,0.0,0.0,0.0
2024-06-18 04:34:42.00,0.0,0.0,0.0,0.0,0.0,0.0,0.0,0.0
2024-06-18 04:34:43.00,0.0,0.0,3.25992,0.0,0.0,0.5296000000000001,0.0,0.0
2024-06-18 04:34:44.00,0.0,0.0,0.13240000000000002,0.0,0.0,0.0,0.0,0.0
2024-06-18 04:34:45.00,0.0,0.0,0.3948,0.0,0.0,0.0,0.0,0.0
2024-06-18 04:34:46.00,0.0,0.0,0.85436,0.0,0.0,0.0,0.0,0.0
2024-06-18 04:34:47.00,0.0,0.0,0.0,0.0,0.0,0.0,0.0,0.0
2024-06-18 04:34:48.00,0.0,0.0,0.0,0.0,0.0,0.06436,0.0,0.0
2024-06-18 04:34:49.00,0.0,0.0,0.0,0.0,0.0,0.0,0.0,0.0
2024-06-18 04:34:50.00,0.0,0.0,0.0,0.0,0.0,0.0,0.0,0.0
2024-06-18 04:34:51.00,0.0,0.0,0.0,0.0,0.0,0.0,0.0,0.0
2024-06-18 04:34:52.00,0.0,0.0,1.55904,0.0,0.0,0.0,0.0,0.0
2024-06-18 04:34:53.00,0.0,0.0,1.3032000000000001,0.0,0.0,0.0,0.0,0.0
2024-06-18 04:34:54.00,0.0,0.0,0.0,0.0,0.0,0.0,0.0,0.0
2024-06-18 04:34:55.00,0.0,0.0,1.47752,0.0,0.0,0.0,0.0,0.0
2024-06-18 04:34:56.00,0.0,0.0,1.7004000000000001,0.0,0.0,0.26608,0.0,0.0
2024-06-18 04:34:57.00,0.0,0.0,0.0,0.0,0.0,0.9010400000000001,0.0,0.0
2024-06-18 04:34:58.00,0.0,0.0,0.0,0.0,0.0,0.0,0.0,0.0
2024-06-18 04:34:59.00,0.0,0.0,0.0,0.0,0.0,0.0,0.0,0.0
2024-06-18 04:35:00.00,0.0,0.0,0.0,0.0,0.0,0.0,0.0,0.0
2024-06-18 04:35:01.00,0.0,0.0,0.25568,0.0,0.0,0.0,0.0,0.0
2024-06-18 04:35:02.00,0.0,0.0,0.06364,0.0,0.0,0.8954400000000001,0.0,0.0
2024-06-18 04:35:03.00,0.0,0.0,0.0,0.0,0.0,0.0,0.0,0.0
2024-06-18 04:35:04.00,0.0,0.0,0.0,0.0,0.0,0.0,0.0,0.0
2024-06-18 04:35:05.00,0.0,0.0,0.0,0.0,0.0,0.0,0.0,0.0
2024-06-18 04:35:06.00,0.0,0.0,1.75824,0.0,0.0,0.0,0.0,0.0
2024-06-18 04:35:07.00,6.75384,0.0,3.4587600000000003,2.6839999999999997,0.0,2.37588,0.0,0.0
2024-06-18 04:35:08.00,0.0,0.0,7.375680000000001,0.061520000000000005,0.0,6.417120000000001,0.0,0.0
2024-06-18 04:35:09.00,0.0,0.0,7.79328,0.0,0.0,0.42840000000000006,0.0,0.0
2024-06-18 04:35:10.00,0.0,0.0,1.5042,0.0,0.0,0.2616,0.0,0.0
2024-06-18 04:35:11.00,0.0,0.0,0.0,0.0,0.0,0.0,0.0,0.0
2024-06-18 04:35:12.00,0.0,0.0,0.0,0.0,0.0,0.9038400000000001,0.0,0.0
2024-06-18 04:35:13.00,0.0,0.0,0.0,0.0,0.0,0.0,0.0,0.0
2024-06-18 04:35:14.00,0.0,0.0,0.0,0.0,0.0,0.0,0.0,0.0
2024-06-18 04:35:15.00,0.0,0.0,0.0,0.0,0.0,0.1316,0.0,0.0
2024-06-18 04:35:16.00,0.0,0.0,4.8984000000000005,0.0,0.0,0.0,0.0,0.0
2024-06-18 04:35:17.00,0.0,0.0,0.0,0.0,0.0,0.0,0.0,0.0
2024-06-18 04:35:18.00,0.0,0.0,0.0,9.23204,0.0,1.46016,0.0,0.0
2024-06-18 04:35:19.00,3.7199999999999998,0.0,5.28544,0.0,0.0,1.8672,0.0,0.0
2024-06-18 04:35:20.00,0.0,0.0,0.0,0.0,0.0,0.0,0.0,0.0
2024-06-18 04:35:21.00,0.0,0.0,0.0,0.0,0.0,0.0,0.0,0.0
2024-06-18 04:35:22.00,0.0,0.0,7.150799999999999,0.0,0.0,2.7917999999999994,0.0,0.0
2024-06-18 04:35:23.00,0.0,0.0,10.048000000000002,0.0,0.0,2.28216,0.0,0.0
2024-06-18 04:35:24.00,6.0799199999999995,0.0,19.716,0.0,0.0,0.0,0.0,0.0
2024-06-18 04:35:25.00,0.0,0.0,0.26128,0.0,0.0,1.09548,0.0,0.0
2024-06-18 04:35:26.00,0.0,0.0,0.0,0.0,0.0,0.0,0.0,0.0
2024-06-18 04:35:27.00,0.0,0.0,0.0,0.0,0.0,0.0,0.0,0.0
2024-06-18 04:35:28.00,0.0,0.0,0.0,0.0,0.0,0.0,0.0,0.0
2024-06-18 04:35:29.00,0.49920000000000003,0.0,3.008,0.0,0.0,0.0,0.0,0.0
2024-06-18 04:35:30.00,0.36863999999999997,0.0,5.06412,2.51292,0.0,13.490400000000001,0.0,0.0
2024-06-18 04:35:31.00,1.6783200000000003,0.0,2.4144,3.44512,0.0,2.7629999999999995,0.0,0.0
2024-06-18 04:35:32.00,0.0,0.0,0.0,0.0,0.0,0.0,0.0,0.0
2024-06-18 04:35:33.00,0.0,0.0,0.0,0.0,0.0,0.9004800000000002,0.0,0.0
2024-06-18 04:35:34.00,0.0,0.0,0.06516,0.0,0.0,0.0,0.0,0.0
2024-06-18 04:35:35.00,0.0,0.0,0.3828,0.0,0.0,0.0,0.0,0.0
2024-06-18 04:35:36.00,0.0,0.0,1.6848,0.0,0.0,0.0,0.0,0.0
2024-06-18 04:35:37.00,0.0,0.0,0.7852799999999999,0.0,0.0,0.0,0.0,0.0
2024-06-18 04:35:38.00,0.0,0.0,0.0,0.0,0.0,0.0,0.0,0.0
2024-06-18 04:35:39.00,0.0,0.0,0.32200000000000006,0.0,0.0,0.0,0.0,0.0
2024-06-18 04:35:40.00,0.0,0.0,0.0,0.0,0.0,0.0,0.0,0.0
2024-06-18 04:35:41.00,0.0,0.0,0.19068,0.0,0.0,0.0,0.0,0.0
2024-06-18 04:35:42.00,0.0,0.0,0.0,0.0,0.0,0.19308,0.0,0.0
2024-06-18 04:35:43.00,0.0,0.0,0.19152,0.0,0.0,0.0,0.0,0.0
2024-06-18 04:35:44.00,0.0,0.0,1.312,0.0,0.0,0.0,0.0,0.0
2024-06-18 04:35:45.00,0.0,0.0,0.0,0.0,0.0,0.0,0.0,0.0
2024-06-18 04:35:46.00,0.0,0.0,0.7097199999999999,0.0,0.0,0.0,0.0,0.0
2024-06-18 04:35:47.00,0.0,0.0,0.0,0.0,0.0,0.13136,0.0,0.0
2024-06-18 04:35:48.00,0.0,0.0,0.25632,0.0,0.0,0.0,0.0,0.0
2024-06-18 04:35:49.00,0.0,0.0,0.0,0.0,0.0,0.0,0.0,0.0
2024-06-18 04:35:50.00,0.0,0.0,0.0,0.0,0.0,0.0,0.0,0.0
2024-06-18 04:35:51.00,0.0,0.0,1.2388,0.0,0.0,0.0,0.0,0.0
2024-06-18 04:35:52.00,0.0,0.0,0.0,0.0,0.0,0.0,0.0,0.0
2024-06-18 04:35:53.00,0.0,0.0,0.0,0.0,0.0,0.0,0.0,0.0
2024-06-18 04:35:54.00,0.0,0.0,0.0,0.0,0.0,1.04576,0.0,0.0
2024-06-18 04:35:55.00,0.0,0.0,0.0,0.0,0.0,0.0,0.0,0.0
2024-06-18 04:35:56.00,0.0,0.0,0.0,0.0,0.0,0.3308,0.0,0.0
2024-06-18 04:35:57.00,0.0,0.0,0.0,0.0,0.0,0.0,0.0,0.0
2024-06-18 04:35:58.00,0.0,0.0,0.0,0.0,0.0,0.51936,0.0,0.0
2024-06-18 04:35:59.00,0.0,0.0,0.0,0.0,0.0,0.0,0.0,0.0
2024-06-18 04:36:00.00,0.0,0.0,0.0,0.0,0.0,0.0,0.0,0.0
2024-06-18 04:36:01.00,0.0,0.0,6.737920000000001,0.48,0.0,11.383199999999999,0.0,0.0
2024-06-18 04:36:02.00,0.0,0.0,0.7198399999999998,0.0,0.0,0.0,0.0,0.0
2024-06-18 04:36:03.00,0.0,0.0,9.82872,0.0,0.0,1.8420800000000004,0.0,0.0
2024-06-18 04:36:04.00,0.13,0.0,0.0,0.0,0.0,0.882,0.0,0.0
2024-06-18 04:36:05.00,0.0,0.0,0.0,0.0,0.0,0.0,0.0,0.0
2024-06-18 04:36:06.00,0.0,0.0,0.0,0.0,0.0,0.0,0.0,0.0
2024-06-18 04:36:07.00,0.0,0.0,1.11044,0.0,0.0,0.0,0.0,0.0
2024-06-18 04:36:08.00,0.0,0.0,0.85436,0.0,0.0,0.0,0.0,0.0
2024-06-18 04:36:09.00,0.0,0.0,0.0,0.0,0.0,0.0,0.0,0.0
2024-06-18 04:36:10.00,3.5711999999999997,0.0,1.496,8.8266,0.0,0.05868,0.0,0.0
2024-06-18 04:36:11.00,1.4716799999999999,0.0,0.0,0.3008,0.0,0.36648,0.0,0.0
2024-06-18 04:36:12.00,0.0,0.0,0.0,0.0,0.0,0.78816,0.0,0.0
2024-06-18 04:36:13.00,0.0,0.0,0.39168,0.0,0.0,0.0,0.0,0.0
2024-06-18 04:36:14.00,0.0,0.0,0.0,0.0,0.0,0.06468,0.0,0.0
2024-06-18 04:36:15.00,0.0,0.0,0.0,0.0,0.0,0.0,0.0,0.0
2024-06-18 04:36:16.00,0.0,0.0,0.0,0.0,0.0,0.0,0.0,0.0
2024-06-18 04:36:17.00,0.0,0.0,0.0,0.0,0.0,0.0,0.0,0.0
2024-06-18 04:36:18.00,0.0,0.0,0.0,0.0,0.0,0.0,0.0,0.0
2024-06-18 04:36:19.00,0.0,0.0,0.0,0.0,0.0,0.0,0.0,0.0
2024-06-18 04:36:20.00,0.0,0.0,0.0,0.0,0.0,0.52032,0.0,0.0
2024-06-18 04:36:21.00,0.0,0.0,0.0,0.0,0.0,0.26304,0.0,0.0
2024-06-18 04:36:22.00,0.0,0.0,0.0,0.0,0.0,0.0,0.0,0.0
2024-06-18 04:36:23.00,0.0,0.0,0.0,0.0,0.0,0.84396,0.0,0.0
2024-06-18 04:36:24.00,0.0,0.0,0.0,0.0,0.0,0.0,0.0,0.0
2024-06-18 04:36:25.00,0.0,0.0,0.91728,0.0,0.0,0.0,0.0,0.0
2024-06-18 04:36:26.00,0.0,0.0,0.12872,0.0,0.0,0.0,0.0,0.0
2024-06-18 04:36:27.00,0.0,0.0,0.9088800000000001,0.0,0.0,0.0,0.0,0.0
2024-06-18 04:36:28.00,0.0,0.0,0.9798,0.0,0.0,0.65,0.0,0.0
2024-06-18 04:36:29.00,0.0,0.0,0.0,0.0,0.0,0.25712,0.0,0.0
2024-06-18 04:36:30.00,0.0,0.0,0.0,0.0,0.0,0.0,0.0,0.0
2024-06-18 04:36:31.00,0.0,0.0,0.0,0.0,0.0,0.0,0.0,0.0
2024-06-18 04:36:32.00,0.0,0.0,0.25920000000000004,0.0,0.0,0.0,0.0,0.0
2024-06-18 04:36:33.00,0.0,0.0,0.0,0.0,0.0,0.0,0.0,0.0
2024-06-18 04:36:34.00,0.0,0.0,0.0,0.0,0.0,0.0,0.0,0.0
2024-06-18 04:36:35.00,0.0,1.77828,0.48607999999999996,0.0,2.6780399999999993,0.0,9.8854,3.33936
2024-06-18 04:36:36.00,0.0,0.9084,0.0,0.0,0.061200000000000004,0.0,5.791239999999999,0.57672
2024-06-18 04:36:37.00,0.0,0.0,0.0,0.0,0.0,0.26128,0.0,0.0
2024-06-18 04:36:38.00,0.0,0.0,0.0,0.0,0.0,0.0,0.0,0.0
2024-06-18 04:36:39.00,0.0,0.0,0.7083999999999999,0.0,0.0,0.0,0.0,0.0
2024-06-18 04:36:40.00,0.0,0.0,0.19152,0.0,0.0,0.6480000000000001,0.0,0.0
2024-06-18 04:36:41.00,0.0,0.0,0.32380000000000003,0.0,0.0,0.12936,0.0,0.0
2024-06-18 04:36:42.00,0.0,0.0,0.9150400000000001,0.0,0.0,0.06432,0.0,0.0
2024-06-18 04:36:43.00,0.0,0.0,0.8528,0.0,0.0,0.1926,0.0,0.0
2024-06-18 04:36:44.00,0.0,0.0,0.0,0.0,0.0,0.0,0.0,0.0
2024-06-18 04:36:45.00,0.0,0.0,0.0,0.0,0.0,0.0,0.0,0.0
2024-06-18 04:36:46.00,0.0,0.0,0.0,0.0,0.0,0.0,0.0,0.0
2024-06-18 04:36:47.00,0.0,0.0,0.0,0.0,0.0,0.0,0.0,0.0
2024-06-18 04:36:48.00,0.0,0.0,0.79104,0.0,0.0,0.5273599999999999,0.0,0.0
2024-06-18 04:36:49.00,0.0,0.0,0.39383999999999997,0.0,0.0,0.0,0.0,0.0
2024-06-18 04:36:50.00,0.0,0.0,0.0,0.0,0.0,0.6576,0.0,0.0
2024-06-18 04:36:51.00,0.0,0.0,0.0,0.0,0.0,0.0,0.0,0.0
2024-06-18 04:36:52.00,0.0,0.0,0.0,0.0,0.0,0.0,0.0,0.0
2024-06-18 04:36:53.00,0.0,0.0,0.12736,0.0,0.0,0.6524000000000001,0.0,0.0
2024-06-18 04:36:54.00,0.0,0.0,0.0,0.0,0.0,0.0,0.0,0.0
2024-06-18 04:36:55.00,0.0,0.0,0.52768,0.0,0.0,0.06576,0.0,0.0
2024-06-18 04:36:56.00,0.0,0.0,0.0,0.0,0.0,0.5232,0.0,0.0
2024-06-18 04:36:57.00,0.0,0.0,0.85176,0.0,0.0,0.3284,0.0,0.0
2024-06-18 04:36:58.00,0.0,0.0,0.0,0.0,0.0,0.0,0.0,0.0
2024-06-18 04:36:59.00,0.0,0.0,0.58392,0.0,0.0,0.52896,0.0,0.0
2024-06-18 04:37:00.00,0.0,0.0,0.0,0.0,0.0,0.0,0.0,0.0
2024-06-18 04:37:01.00,0.0,0.0,0.0,0.0,0.0,0.0,0.0,0.0
2024-06-18 04:37:02.00,0.0,0.0,0.0,0.0,0.0,0.0,0.0,0.0
2024-06-18 04:37:03.00,0.0,0.0,0.0,0.0,0.0,0.0,0.0,0.0
2024-06-18 04:37:04.00,0.0,0.0,0.0,0.0,0.0,0.0,0.0,0.0
2024-06-18 04:37:05.00,0.0,0.0,0.19440000000000002,0.0,0.0,0.3274,0.0,0.0
2024-06-18 04:37:06.00,0.0,0.0,0.0,0.0,0.0,0.0,0.0,0.0
2024-06-18 04:37:07.00,0.0,0.0,1.06304,0.0,0.0,0.0,0.0,0.0
2024-06-18 04:37:08.00,0.0,0.0,0.25728,0.0,0.0,0.1938,0.0,0.0
2024-06-18 04:37:09.00,0.0,0.0,0.0,0.0,0.0,0.0,0.0,0.0
2024-06-18 04:37:10.00,0.0,0.0,0.6592,0.0,0.0,0.19727999999999998,0.0,0.0
2024-06-18 04:37:11.00,0.0,0.0,0.3948,0.0,0.0,0.52768,0.0,0.0
2024-06-18 04:37:12.00,0.0,0.0,0.7251199999999999,0.0,0.0,0.79728,0.0,0.0
2024-06-18 04:37:13.00,0.0,0.0,0.0,0.0,0.0,0.0,0.0,0.0
2024-06-18 04:37:14.00,0.0,0.0,0.0,0.0,0.0,0.0,0.0,0.0
2024-06-18 04:37:15.00,0.0,0.0,0.0,0.0,0.0,0.0,0.0,0.0
2024-06-18 04:37:16.00,0.0,0.0,0.0,0.0,0.0,0.0,0.0,0.0
2024-06-18 04:37:17.00,0.0,0.0,0.0,0.0,0.0,0.0,0.0,0.0
2024-06-18 04:37:18.00,0.0,0.0,1.254,0.0,0.0,0.7295199999999998,0.0,0.0
2024-06-18 04:37:19.00,0.0,0.0,0.25920000000000004,0.0,0.0,0.6588,0.0,0.0
2024-06-18 04:37:20.00,0.0,0.0,0.0,0.0,0.0,0.0,0.0,0.0
2024-06-18 04:37:21.00,0.0,0.0,0.7814399999999999,0.0,0.0,0.6592,0.0,0.0
2024-06-18 04:37:22.00,0.0,0.0,0.0,0.0,0.0,0.0,0.0,0.0
2024-06-18 04:37:23.00,0.0,0.0,0.7958399999999999,0.0,0.0,0.19572,0.0,0.0
2024-06-18 04:37:24.00,0.0,0.0,0.0,0.0,0.0,0.0,0.0,0.0
2024-06-18 04:37:25.00,0.0,0.0,0.0,0.0,0.0,0.0,0.0,0.0
2024-06-18 04:37:26.00,0.0,0.0,1.05536,0.0,0.0,0.53184,0.0,0.0
2024-06-18 04:37:27.00,0.0,0.0,0.0,0.0,0.0,0.0,0.0,0.0
2024-06-18 04:37:28.00,0.0,0.0,0.0,0.0,0.0,0.52352,0.0,0.0
2024-06-18 04:37:29.00,0.0,0.0,0.0,0.0,0.0,0.0,0.0,0.0
2024-06-18 04:37:30.00,0.0,0.0,0.25728,0.0,0.0,0.6564000000000001,0.0,0.0
2024-06-18 04:37:31.00,0.0,0.0,0.0,0.0,0.0,0.0,0.0,0.0
2024-06-18 04:37:32.00,0.0,0.0,0.0,0.0,0.0,0.0,0.0,0.0
2024-06-18 04:37:33.00,0.0,0.0,0.0,0.0,0.0,0.0,0.0,0.0
2024-06-18 04:37:34.00,0.0,0.0,0.0,0.0,0.0,0.0,0.0,0.0
2024-06-18 04:37:35.00,0.0,0.0,0.6480000000000001,0.0,0.0,0.0,0.0,0.0
2024-06-18 04:37:36.00,0.0,0.0,0.0,0.0,0.0,0.329,0.0,0.0
2024-06-18 04:37:37.00,0.0,0.0,0.0,0.0,0.0,0.32320000000000004,0.0,0.0
2024-06-18 04:37:38.00,0.0,0.0,0.0,0.0,0.0,0.12840000000000001,0.0,0.0
2024-06-18 04:37:39.00,0.0,0.0,0.06468,0.0,0.0,0.0,0.0,0.0
2024-06-18 04:37:40.00,0.0,0.0,0.0,0.0,0.0,0.45948000000000006,0.0,0.0
2024-06-18 04:37:41.00,0.0,0.0,0.0,0.0,0.0,0.51712,0.0,0.0
2024-06-18 04:37:42.00,0.0,0.0,0.0,0.0,0.0,0.0,0.0,0.0
2024-06-18 04:37:43.00,0.0,0.0,0.0,0.0,0.0,0.0,0.0,0.0
2024-06-18 04:37:44.00,0.0,0.0,0.52288,0.0,0.0,0.0,0.0,0.0
2024-06-18 04:37:45.00,0.0,0.0,0.0,0.0,0.0,0.39096,0.0,0.0
2024-06-18 04:37:46.00,0.0,0.0,0.12744,0.0,0.0,0.0,0.0,0.0
2024-06-18 04:37:47.00,0.0,0.0,0.0,0.0,0.0,0.3274,0.0,0.0
2024-06-18 04:37:48.00,0.0,0.0,0.0,0.0,0.0,0.0,0.0,0.0
2024-06-18 04:37:49.00,0.0,0.0,0.0,0.0,0.0,0.52576,0.0,0.0
2024-06-18 04:37:50.00,0.0,0.0,0.44772000000000006,0.0,0.0,0.0,0.0,0.0
2024-06-18 04:37:51.00,0.0,0.0,0.0,0.0,0.0,0.0,0.0,0.0
2024-06-18 04:37:52.00,4.4252,0.0,3.9412800000000003,4.3508,0.0,1.2560000000000002,0.0,0.0
2024-06-18 04:37:53.00,0.0,0.0,0.0,0.0,0.0,3.586,0.0,0.0
2024-06-18 04:37:54.00,0.0,0.0,0.5072,1.20612,0.0,1.624,0.0,0.0
2024-06-18 04:37:55.00,0.0,0.0,0.6488,0.0,0.0,0.0,0.0,0.0
2024-06-18 04:37:56.00,0.0,0.0,0.0,0.0,0.0,0.39,0.0,0.0
2024-06-18 04:37:57.00,0.0,0.0,0.39408,0.0,0.0,0.0,0.0,0.0
2024-06-18 04:37:58.00,0.0,0.0,0.2616,0.0,0.0,0.0,0.0,0.0
2024-06-18 04:37:59.00,0.0,0.0,0.0,0.0,0.0,0.0,0.0,0.0
2024-06-18 04:38:00.00,0.0,0.0,0.5132800000000001,0.0,0.0,0.0,0.0,0.0
2024-06-18 04:38:01.00,0.0,0.0,0.0,0.0,0.0,0.39288,0.0,0.0
2024-06-18 04:38:02.00,0.0,0.0,0.0,0.0,0.0,0.3224,0.0,0.0
2024-06-18 04:38:03.00,0.0,0.0,0.06388,0.0,0.0,0.0,0.0,0.0
2024-06-18 04:38:04.00,0.0,0.0,0.2616,0.0,0.0,0.25904,0.0,0.0
2024-06-18 04:38:05.00,0.0,0.0,0.38567999999999997,0.0,0.0,0.0,0.0,0.0
2024-06-18 04:38:06.00,0.0,0.0,0.06516,0.0,0.0,0.32200000000000006,0.0,0.0
2024-06-18 04:38:07.00,0.0,0.0,0.0,0.0,0.0,0.32220000000000004,0.0,0.0
2024-06-18 04:38:08.00,0.0,0.0,0.0,0.0,0.0,0.32420000000000004,0.0,0.0
2024-06-18 04:38:09.00,0.0,0.0,0.32400000000000007,0.0,0.0,0.0,0.0,0.0
2024-06-18 04:38:10.00,0.0,0.0,0.45416000000000006,0.0,0.0,0.0,0.0,0.0
2024-06-18 04:38:11.00,0.0,0.0,0.6564000000000001,0.0,0.0,0.0,0.0,0.0
2024-06-18 04:38:12.00,0.0,0.0,0.3284,0.0,0.0,0.12832000000000002,0.0,0.0
2024-06-18 04:38:13.00,0.0,0.0,0.0,0.0,0.0,0.0,0.0,0.0
2024-06-18 04:38:14.00,0.0,0.0,0.0,0.0,0.0,0.5247999999999999,0.0,0.0
2024-06-18 04:38:15.00,0.0,0.0,0.25632,0.0,0.0,0.0,0.0,0.0
2024-06-18 04:38:16.00,0.0,0.0,0.0,0.0,0.0,0.26128,0.0,0.0
2024-06-18 04:38:17.00,0.0,0.0,0.52352,0.0,0.0,0.38928,0.0,0.0
2024-06-18 04:38:18.00,0.0,0.0,0.646,0.0,0.0,0.25664000000000003,0.0,0.0
2024-06-18 04:38:19.00,0.0,0.0,0.5803200000000001,0.0,0.0,0.0,0.0,0.0
2024-06-18 04:38:20.00,0.0,0.0,0.0,0.0,0.0,0.19535999999999998,0.0,0.0
2024-06-18 04:38:21.00,0.0,0.0,0.065,0.0,0.0,0.321,0.32620000000000005,0.0
2024-06-18 04:38:22.00,0.0,0.0,0.51168,0.0,0.0,0.0,0.06388,0.0
2024-06-18 04:38:23.00,0.0,0.0,0.38711999999999996,0.0,0.0,0.0,0.0,0.0
2024-06-18 04:38:24.00,0.0,0.0,0.32820000000000005,0.0,0.0,0.1938,0.0,0.0
2024-06-18 04:38:25.00,0.0,0.0,0.06336,0.0,6.49312,0.0,0.25088,0.0
2024-06-18 04:38:26.00,2.15016,0.0,0.6965199999999999,2.95348,0.0,4.9580400000000004,0.0,0.0
2024-06-18 04:38:27.00,4.79232,0.0,4.4384,2.67976,0.0,1.95712,0.0,0.0
2024-06-18 04:38:28.00,1.0485600000000002,0.0,11.76416,2.6470399999999996,0.0,0.96256,0.0,0.0
2024-06-18 04:38:29.00,0.3006,0.0,10.1202,1.647,0.0,6.54232,0.0,0.0
2024-06-18 04:38:30.00,0.0,0.0,0.51264,0.0,0.0,0.0,0.7579199999999999,0.06416000000000001
2024-06-18 04:38:31.00,0.0,0.0,0.0,0.0,1.08664,0.0,0.0,0.0
2024-06-18 04:38:32.00,0.0,0.0,3.10268,0.38112,0.68816,0.0,0.0,0.0
2024-06-18 04:38:33.00,12.994560000000002,0.7176,13.036400000000002,0.0,0.0,0.7209599999999999,2.17728,0.0
2024-06-18 04:38:34.00,4.67136,0.0,0.189,0.0,0.0,0.99968,1.8154000000000001,0.0
2024-06-18 04:38:35.00,0.0,0.0,0.0,0.0,9.327399999999999,0.56592,0.50592,0.0
2024-06-18 04:38:36.00,0.0,0.0,0.24784,0.0,13.10496,0.0,0.06148,0.0
2024-06-18 04:38:37.00,0.0,0.0,0.0,0.0,16.364320000000003,0.744,2.28956,0.0
2024-06-18 04:38:38.00,0.0,0.0,0.6168,2.5338000000000003,19.639680000000002,0.0,0.6643999999999999,0.061360000000000005
2024-06-18 04:38:39.00,0.0,0.0,0.0,0.0,22.27236,0.37032,0.9149999999999999,0.41888000000000003
2024-06-18 04:38:40.00,0.0,0.0,0.0,0.0,22.26048,0.47712000000000004,1.2064000000000001,1.9148800000000001
2024-06-18 04:38:41.00,0.0,0.0,0.29540000000000005,0.0,23.997600000000002,0.0,0.5804,7.958720000000001
2024-06-18 04:38:42.00,0.0,0.0,0.34559999999999996,0.0,29.617559999999997,0.0,0.46368000000000004,10.9744
2024-06-18 04:38:43.00,0.0,0.0,0.0,0.0,27.983919999999998,0.0,0.22832000000000002,13.192680000000001
2024-06-18 04:38:44.00,0.0,0.0,0.522,0.0,25.811999999999998,0.0,0.11496,11.0714
2024-06-18 04:38:45.00,0.0,0.0,0.40488,0.0,31.21248,0.0,0.0,13.793400000000002
2024-06-18 04:38:46.00,0.0,0.0,0.33936,0.0,31.507920000000002,0.5820000000000001,0.058440000000000006,16.993999999999996
2024-06-18 04:38:47.00,0.0,0.0,0.0,0.0,0.0,0.5247999999999999,0.0,0.0
2024-06-18 04:38:48.00,0.0,0.0,0.0,0.0,0.0,0.5132800000000001,0.0,0.0
2024-06-18 04:38:49.00,0.0,0.0,0.25584,0.0,0.0,0.0,0.0,0.0
2024-06-18 04:38:50.00,0.0,0.24384,0.48704000000000003,0.0,1.91456,0.186,6.048559999999999,0.6036
2024-06-18 04:38:51.00,0.0,0.0,0.3174,0.0,0.0,0.0,0.0,0.25328
2024-06-18 04:38:52.00,0.0,0.0,0.0,0.0,0.0,0.19452,1.44624,0.0
2024-06-18 04:38:53.00,0.0,0.0,0.3268,0.0,0.0,0.06404,0.0,0.0
2024-06-18 04:38:54.00,0.0,0.0,0.0,0.0,0.0,0.25728,0.0,0.0
2024-06-18 04:38:55.00,0.0,4.30284,0.31220000000000003,0.0,0.8086,0.061,0.0,3.6886799999999997
2024-06-18 04:38:56.00,2.9139999999999997,0.0,5.717639999999999,0.96,0.0,3.2832000000000003,0.0,0.0
2024-06-18 04:38:57.00,11.90664,0.0,41.35616,0.0,0.0,0.0,0.0,0.0
2024-06-18 04:38:58.00,0.06216,0.0,6.72888,0.0,0.0,0.0,0.0,0.0
2024-06-18 04:38:59.00,0.0,0.0,12.5216,0.0,0.0,9.52736,0.0,0.0
2024-06-18 04:39:00.00,0.0,0.0,0.13032,0.0,0.0,0.51712,0.0,0.0
2024-06-18 04:39:01.00,0.0,0.0,0.0,0.0,0.0,0.25584,0.0,0.0
2024-06-18 04:39:02.00,0.0,0.0,0.38952,0.0,0.0,0.0,0.0,0.0
2024-06-18 04:39:03.00,0.0,0.0,0.06384000000000001,0.0,0.0,0.0,0.0,0.0
2024-06-18 04:39:04.00,0.0,0.0,0.39071999999999996,0.0,0.0,0.19224,0.0,0.0
2024-06-18 04:39:05.00,0.0,0.0,0.52192,0.0,0.0,0.06412,0.0,0.0
2024-06-18 04:39:06.00,0.0,0.0,0.57672,0.0,0.0,0.0,0.0,0.0
2024-06-18 04:39:07.00,0.0,0.0,0.0,0.0,0.0,0.19644,0.0,0.0
2024-06-18 04:39:08.00,0.0,0.0,0.19152,0.0,0.0,0.0,0.0,0.0
2024-06-18 04:39:09.00,0.0,0.0,0.25728,0.0,0.0,0.0,0.0,0.0
2024-06-18 04:39:10.00,0.0,0.0,0.39144,0.0,0.0,0.45416000000000006,0.0,0.0
2024-06-18 04:39:11.00,0.0,0.0,0.38567999999999997,0.0,0.0,0.25664000000000003,0.0,0.0
2024-06-18 04:39:12.00,0.0,0.0,0.0,0.0,0.0,0.3274,0.0,0.0
2024-06-18 04:39:13.00,0.0,0.0,0.0,0.0,0.0,0.0,0.0,0.0
2024-06-18 04:39:14.00,0.0,0.0,0.51456,0.0,0.0,0.12928,0.0,0.0
2024-06-18 04:39:15.00,0.0,0.0,0.0,0.0,0.0,0.0,0.0,0.0
2024-06-18 04:39:16.00,0.0,0.0,0.0,0.0,0.0,0.0,0.0,0.0
2024-06-18 04:39:17.00,9.513,0.0,4.56432,0.0,0.0,0.0,0.0,0.0
2024-06-18 04:39:18.00,0.8859200000000002,0.0,5.418359999999999,1.1181599999999998,0.0,0.0,0.0,0.0
2024-06-18 04:39:19.00,4.6324,0.0,13.02292,0.0,0.0,0.25072,0.0,0.0
2024-06-18 04:39:20.00,0.0,0.0,0.0,0.0,0.0,0.0,0.0,0.0
2024-06-18 04:39:21.00,0.0,0.0,0.0,0.0,0.0,0.0,0.0,0.0
2024-06-18 04:39:22.00,1.06352,0.0,2.31768,0.0,0.0,10.26844,0.0,0.0
2024-06-18 04:39:23.00,0.0,0.0,0.25728,0.0,0.0,0.51232,0.0,0.0
2024-06-18 04:39:24.00,0.0,0.0,0.05992,0.0,0.0,0.0,0.0,0.0
2024-06-18 04:39:25.00,0.0,0.0,0.25920000000000004,0.0,0.0,0.2584,0.0,0.0
2024-06-18 04:39:26.00,0.0,0.0,0.26,0.0,0.0,0.19440000000000002,0.0,0.0
2024-06-18 04:39:27.00,0.0,0.0,0.26064,0.0,0.0,0.26,0.0,0.0
2024-06-18 04:39:28.00,0.0,0.0,0.38808,0.0,0.0,0.192,0.0,0.0
2024-06-18 04:39:29.00,0.0,0.0,0.0,0.0,0.0,0.39239999999999997,0.0,0.0
2024-06-18 04:39:30.00,0.0,0.0,0.0,0.0,0.0,0.0,0.0,0.0
2024-06-18 04:39:31.00,0.0,0.0,0.26064,0.0,0.0,0.25792000000000004,0.0,0.0
2024-06-18 04:39:32.00,0.0,0.0,0.31820000000000004,0.0,0.0,0.0,0.0,0.0
2024-06-18 04:39:33.00,0.0,0.0,0.4491200000000001,0.0,0.0,0.0,0.0,0.0
2024-06-18 04:39:34.00,0.0,0.0,0.5803200000000001,0.0,0.0,0.0,0.0,0.0
2024-06-18 04:39:35.00,0.0,0.0,0.0,0.0,0.0,0.0,0.0,0.0
2024-06-18 04:39:36.00,0.0,0.0,0.39168,0.0,0.0,0.25968,0.0,0.0
2024-06-18 04:39:37.00,0.0,0.0,0.0,0.0,0.0,0.0,0.0,0.0
2024-06-18 04:39:38.00,0.0,0.0,0.32420000000000004,0.0,0.0,0.25872,0.0,0.0
2024-06-18 04:39:39.00,0.0,0.0,0.19128,0.0,0.0,0.0,0.0,0.0
2024-06-18 04:39:40.00,0.0,0.0,0.0,0.0,0.0,0.19644,0.0,0.0
2024-06-18 04:39:41.00,0.0,0.0,0.51392,0.0,0.0,0.25664000000000003,0.0,0.0
2024-06-18 04:39:42.00,0.0,0.0,0.32400000000000007,0.0,0.0,0.3876,0.0,0.0
2024-06-18 04:39:43.00,0.0,0.0,0.0,0.0,0.0,0.0,0.0,0.0
2024-06-18 04:39:44.00,0.0,0.0,0.25744,0.0,0.0,0.12864,0.0,0.0
2024-06-18 04:39:45.00,0.0,0.0,0.12776,0.0,0.0,0.19248,0.0,0.0
2024-06-18 04:39:46.00,0.0,0.0,0.0,0.0,0.0,0.0638,0.0,0.0
2024-06-18 04:39:47.00,0.0,0.0,0.25808,0.0,0.0,0.195,0.0,0.0
2024-06-18 04:39:48.00,0.0,0.0,0.32320000000000004,0.0,0.0,0.25904,0.0,0.0
2024-06-18 04:39:49.00,0.0,0.0,0.0,0.0,0.0,0.0,0.0,0.0
2024-06-18 04:39:50.00,0.0,0.0,0.0,0.0,0.0,0.0,0.0,0.0
2024-06-18 04:39:51.00,0.0,0.0,0.0,0.0,0.0,0.0,0.0,0.0
2024-06-18 04:39:52.00,0.0,0.0,0.4508000000000001,0.0,0.0,0.06484,0.0,0.0
2024-06-18 04:39:53.00,0.0,0.0,0.6508,0.0,0.0,0.26,0.0,0.0
2024-06-18 04:39:54.00,0.0,0.0,0.0,0.0,0.0,0.0,0.0,0.0
2024-06-18 04:39:55.00,0.0,0.0,0.0,0.0,0.0,0.0,0.0,0.0
2024-06-18 04:39:56.00,0.0,0.0,0.32120000000000004,0.0,0.0,0.19332,0.0,0.0
2024-06-18 04:39:57.00,0.0,0.0,0.38304,0.0,0.0,0.0,0.0,0.0
2024-06-18 04:39:58.00,0.0,0.0,0.0,0.0,0.0,0.0,0.0,0.0
2024-06-18 04:39:59.00,0.0,0.0,0.0,0.0,0.0,0.0,0.0,0.0
2024-06-18 04:40:00.00,0.0,0.0,0.38784,0.0,0.0,0.06504,0.0,0.0
2024-06-18 04:40:01.00,0.0,0.0,0.25952000000000003,0.0,0.0,0.19524,0.0,0.0
2024-06-18 04:40:02.00,0.0,0.0,0.19236,0.0,0.0,0.256,0.0,0.0
2024-06-18 04:40:03.00,0.0,0.0,0.0,0.0,0.0,0.0,0.0,0.0
2024-06-18 04:40:04.00,0.0,0.0,0.0,0.0,0.0,0.0,0.0,0.0
2024-06-18 04:40:05.00,0.0,0.0,0.0,0.0,0.0,0.0,0.0,0.0
2024-06-18 04:40:06.00,0.0,0.0,0.32280000000000003,0.0,0.0,0.12904,0.0,0.0
2024-06-18 04:40:07.00,0.0,0.0,0.19355999999999998,0.0,0.0,0.25776,0.0,0.0
2024-06-18 04:40:08.00,0.0,0.0,0.0,0.0,0.0,0.0,0.0,0.0
2024-06-18 04:40:09.00,0.0,0.0,0.25632,0.0,0.0,0.0,0.0,0.0
2024-06-18 04:40:10.00,0.0,0.0,0.06324,0.0,0.0,0.06308,0.0,0.0
2024-06-18 04:40:11.00,0.0,0.0,0.5107200000000001,0.0,0.0,0.25504000000000004,0.0,0.0
2024-06-18 04:40:12.00,0.0,0.0,0.19236,0.0,0.0,0.25728,0.0,0.0
2024-06-18 04:40:13.00,0.0,0.0,0.6412,0.0,0.0,0.128,0.0,0.0
2024-06-18 04:40:14.00,0.0,0.0,0.0,0.0,0.0,0.0,0.0,0.0
2024-06-18 04:40:15.00,0.0,0.0,0.25296,0.0,0.0,0.19044,0.0,0.0
2024-06-18 04:40:16.00,0.0,0.0,0.25184,0.0,0.0,0.063,0.0,0.0
2024-06-18 04:40:17.00,0.0,0.0,0.0,0.0,0.0,0.06448000000000001,0.0,0.0
2024-06-18 04:40:18.00,0.0,0.0,0.1932,0.0,0.0,0.32400000000000007,0.0,0.0
2024-06-18 04:40:19.00,0.0,0.0,0.0,0.0,0.0,0.0,0.0,0.0
2024-06-18 04:40:20.00,0.0,0.0,0.12736,0.0,0.0,0.19272,0.0,0.0
2024-06-18 04:40:21.00,0.0,0.0,0.3852,0.0,0.0,0.0,0.0,0.0
2024-06-18 04:40:22.00,0.0,0.0,0.3224,0.0,0.0,0.12960000000000002,0.0,0.0
2024-06-18 04:40:23.00,0.0,0.0,0.38448,0.0,0.0,0.25792000000000004,0.0,0.0
2024-06-18 04:40:24.00,0.0,0.0,0.25680000000000003,0.0,0.0,0.12928,0.0,0.0
2024-06-18 04:40:25.00,0.0,0.0,0.0,0.0,0.0,0.12832000000000002,0.0,0.0
2024-06-18 04:40:26.00,0.0,0.0,0.0,0.0,0.0,0.06416000000000001,0.0,0.0
2024-06-18 04:40:27.00,0.0,0.0,0.0,0.0,0.0,0.25616,0.0,0.0
2024-06-18 04:40:28.00,0.0,0.0,0.0,0.0,0.0,0.0,0.0,0.0
2024-06-18 04:40:29.00,0.0,0.0,0.25392,0.0,0.0,0.06376000000000001,0.0,0.0
2024-06-18 04:40:30.00,0.0,0.0,0.19068,0.0,0.0,0.19248,0.0,0.0
2024-06-18 04:40:31.00,0.0,0.0,0.0,0.0,0.0,0.19163999999999998,0.0,0.0
2024-06-18 04:40:32.00,0.0,0.0,0.06444,0.0,0.0,0.12952,0.0,0.0
2024-06-18 04:40:33.00,0.0,0.0,0.0,0.0,0.0,0.0,0.0,0.0
2024-06-18 04:40:34.00,0.0,0.0,0.128,0.0,0.0,0.0,0.0,0.0
2024-06-18 04:40:35.00,0.0,0.0,0.3166,0.0,0.0,0.06336,0.0,0.0
2024-06-18 04:40:36.00,0.0,0.0,0.12656,0.0,0.0,0.2544,0.0,0.0
2024-06-18 04:40:37.00,0.0,0.0,0.0,0.0,0.0,0.0,0.0,0.0
2024-06-18 04:40:38.00,0.0,0.0,0.0,0.0,0.0,0.25424,0.0,0.0
2024-06-18 04:40:39.00,0.0,0.0,0.256,0.0,0.0,0.064,0.0,0.0
2024-06-18 04:40:40.00,0.0,0.0,0.18972,0.0,0.0,0.12864,0.0,0.0
2024-06-18 04:40:41.00,0.0,0.0,0.32020000000000004,0.0,0.0,0.3226,0.0,0.0
2024-06-18 04:40:42.00,0.0,0.0,0.12856,0.0,0.0,0.0,0.0,0.0
2024-06-18 04:40:43.00,0.0,0.0,0.25664000000000003,0.0,0.0,0.0,0.0,0.0
2024-06-18 04:40:44.00,0.0,0.0,0.19044,0.0,0.0,0.31960000000000005,0.0,0.0
2024-06-18 04:40:45.00,0.0,0.0,0.2552,0.0,0.0,0.0,0.0,0.0
2024-06-18 04:40:46.00,0.0,0.0,0.12608,0.0,0.0,0.128,0.0,0.0
2024-06-18 04:40:47.00,0.37008,0.0,2.379,1.7887200000000003,0.0,1.8072800000000002,0.0,0.0
2024-06-18 04:40:48.00,0.0,0.0,0.12608,0.0,0.0,0.12752000000000002,0.0,0.0
2024-06-18 04:40:49.00,0.71664,0.0,0.8663200000000001,0.3078,0.0,5.432279999999999,0.0,0.0
2024-06-18 04:40:50.00,0.0,0.0,0.256,0.0,0.0,0.0,0.0,0.0
2024-06-18 04:40:51.00,0.0,0.0,0.3164,0.24944,0.0,0.49664,0.0,0.0
2024-06-18 04:40:52.00,0.0,0.0,0.0,0.0,0.0,0.0,0.0,0.0
2024-06-18 04:40:53.00,0.0,0.0,0.32000000000000006,0.0,0.0,0.0,0.0,0.0
2024-06-18 04:40:54.00,4.5830400000000004,0.0,3.10752,7.3750800000000005,0.0,2.5954799999999993,0.0,0.0
2024-06-18 04:40:55.00,0.0,0.0,0.19044,0.0,0.0,0.25552,0.0,0.0
2024-06-18 04:40:56.00,0.0,0.0,0.12728,0.0,0.0,0.06424,0.0,0.0
2024-06-18 04:40:57.00,0.0,0.0,0.44744000000000006,0.0,0.0,0.0,0.0,0.0
2024-06-18 04:40:58.00,0.0,0.0,0.0,0.0,0.0,0.06348,0.0,0.0
2024-06-18 04:40:59.00,0.0,0.0,0.31560000000000005,0.0,0.0,0.51168,0.0,0.0
2024-06-18 04:41:00.00,0.0,0.0,0.0,0.0,0.0,0.12848,0.0,0.0
2024-06-18 04:41:01.00,0.0,0.0,0.19019999999999998,0.0,0.0,0.19248,0.0,0.0
2024-06-18 04:41:02.00,0.0,0.0,0.32000000000000006,0.0,0.0,0.12824,0.0,0.0
2024-06-18 04:41:03.00,0.0,0.0,0.38304,0.0,0.0,0.19272,0.0,0.0
2024-06-18 04:41:04.00,0.0,0.0,0.25552,0.0,0.0,0.25584,0.0,0.0
2024-06-18 04:41:05.00,0.0,0.0,0.12664,0.0,0.0,0.25552,0.0,0.0
2024-06-18 04:41:06.00,0.0,0.0,0.25744,0.0,0.0,0.0,0.0,0.0
2024-06-18 04:41:07.00,0.0,0.0,0.19248,0.0,0.0,0.0,0.0,0.0
2024-06-18 04:41:08.00,0.0,0.0,0.31920000000000004,0.0,0.0,0.06432,0.0,0.0
2024-06-18 04:41:09.00,0.0,0.0,0.25312,0.0,0.0,0.0,0.0,0.0
2024-06-18 04:41:10.00,0.0,0.0,0.38423999999999997,0.0,0.0,0.0,0.0,0.0
2024-06-18 04:41:11.00,0.0,0.0,0.25552,0.0,0.0,0.0,0.0,0.0
2024-06-18 04:41:12.00,0.0,0.0,0.25552,0.0,0.0,0.12784,0.0,0.0
2024-06-18 04:41:13.00,1.9545599999999999,0.0,3.08,1.90092,0.0,0.0,0.0,0.0
2024-06-18 04:41:14.00,0.0,0.0,0.31600000000000006,0.0,0.0,0.5713199999999999,0.0,0.0
2024-06-18 04:41:15.00,0.0,0.0,0.25552,0.0,0.0,0.0,0.0,0.0
2024-06-18 04:41:16.00,0.0,0.0,0.18996,0.0,0.0,0.06432,0.0,0.0
2024-06-18 04:41:17.00,0.0,0.0,0.0,0.0,0.0,0.25472,0.0,0.0
2024-06-18 04:41:18.00,0.0,0.0,0.25392,0.0,0.0,0.06412,0.0,0.0
2024-06-18 04:41:19.00,0.0,0.0,0.38304,0.0,0.0,0.19248,0.0,0.0
2024-06-18 04:41:20.00,0.0,0.0,0.25296,0.0,0.0,0.25632,0.0,0.0
2024-06-18 04:41:21.00,0.0,0.0,0.321,0.0,0.0,0.3204,0.0,0.0
2024-06-18 04:41:22.00,0.0,0.0,0.0,0.0,0.0,0.2536,0.0,0.0
2024-06-18 04:41:23.00,0.0,0.0,0.8797600000000001,0.0,0.0,3.0634799999999998,0.0,0.0
2024-06-18 04:41:24.00,0.0,0.0,0.50592,0.0,0.0,2.0724,0.0,0.0
2024-06-18 04:41:25.00,4.04412,0.0,0.24256,4.99216,0.0,0.4864,0.0,0.0
2024-06-18 04:41:26.00,0.0,0.0,0.0,0.0,0.0,0.0,0.0,0.0
2024-06-18 04:41:27.00,0.0,0.0,0.25472,0.0,0.0,0.44996,0.0,0.0
2024-06-18 04:41:28.00,0.0,0.0,0.25664000000000003,0.0,0.0,0.0,0.0,0.0
2024-06-18 04:41:29.00,0.0,0.0,0.256,0.0,0.0,0.0,0.0,0.0
2024-06-18 04:41:30.00,0.0,0.0,0.0,0.0,0.0,0.0,0.0,0.0
2024-06-18 04:41:31.00,0.0,0.0,0.0,0.0,0.0,0.06368,0.0,0.0
2024-06-18 04:41:32.00,0.0,0.0,0.3184,0.0,0.0,0.19176,0.0,0.0
2024-06-18 04:41:33.00,0.0,0.0,0.25616,0.0,0.0,0.06420000000000001,0.0,0.0
2024-06-18 04:41:34.00,0.0,0.0,0.0,0.0,0.0,0.0,0.0,0.0
2024-06-18 04:41:35.00,0.0,0.0,0.384,0.0,0.0,0.12776,0.0,0.0
2024-06-18 04:41:36.00,0.0,0.0,0.25568,0.0,0.0,0.06420000000000001,0.0,0.0
2024-06-18 04:41:37.00,0.0,0.0,0.06308,0.0,0.0,0.2528,0.0,0.0
2024-06-18 04:41:38.00,0.0,0.0,0.384,0.0,0.0,0.0,0.0,0.0
2024-06-18 04:41:39.00,0.0,0.0,0.25504000000000004,0.0,0.0,0.25648,0.0,0.0
2024-06-18 04:41:40.00,0.0,0.0,0.19176,0.0,0.0,0.0,0.0,0.0
2024-06-18 04:41:41.00,0.0,0.0,0.38472,0.0,0.0,0.0,0.0,0.0
2024-06-18 04:41:42.00,0.0,0.0,0.0,0.0,0.0,0.19044,0.0,0.0
2024-06-18 04:41:43.00,0.0,0.0,0.18996,0.0,0.0,0.25392,0.0,0.0
2024-06-18 04:41:44.00,0.0,0.0,0.0,0.0,0.0,0.19008,0.0,0.0
2024-06-18 04:41:45.00,0.0,0.0,0.12824,0.0,0.0,0.0,0.0,0.0
2024-06-18 04:41:46.00,0.0,0.0,0.25264,0.0,0.0,0.0,0.0,0.0
2024-06-18 04:41:47.00,0.0,0.0,0.32080000000000003,0.0,0.0,0.0,0.0,0.0
2024-06-18 04:41:48.00,0.0,0.0,0.31920000000000004,0.0,0.0,0.25584,0.0,0.0
2024-06-18 04:41:49.00,0.0,0.0,0.0,0.0,0.0,0.25264,0.0,0.0
2024-06-18 04:41:50.00,0.0,0.0,0.0,0.0,0.0,0.0,0.0,0.0
2024-06-18 04:41:51.00,0.0,0.0,0.0,0.0,0.0,0.0,0.0,0.0
2024-06-18 04:41:52.00,0.0,0.0,0.0,0.0,0.0,0.0,0.0,0.0
2024-06-18 04:41:53.00,0.0,0.0,0.38183999999999996,0.0,0.0,0.25648,0.0,0.0
2024-06-18 04:41:54.00,0.0,0.0,0.18996,0.0,0.0,0.0,0.0,0.0
2024-06-18 04:41:55.00,0.0,0.0,0.12736,0.0,0.0,0.0,0.0,0.0
2024-06-18 04:41:56.00,0.0,0.0,0.06416000000000001,0.0,0.0,0.25472,0.0,0.0
2024-06-18 04:41:57.00,0.0,0.0,0.2552,0.0,0.0,0.0,0.0,0.0
2024-06-18 04:41:58.00,1.7690000000000001,0.0,0.49888,4.082000000000001,0.0,1.514,0.0,0.0
2024-06-18 04:41:59.00,0.0,0.0,0.44772000000000006,0.0,0.0,0.0,0.0,0.0
2024-06-18 04:42:00.00,0.0,0.0,0.0636,0.0,0.0,0.12872,0.0,0.0
2024-06-18 04:42:01.00,0.0,0.0,0.0,0.0,0.0,0.19248,0.0,0.0
2024-06-18 04:42:02.00,0.0,0.0,0.12688000000000002,0.0,0.0,0.12824,0.0,0.0
2024-06-18 04:42:03.00,0.0,0.0,0.31920000000000004,0.0,0.0,0.06424,0.0,0.0
2024-06-18 04:42:04.00,0.0,0.0,0.25392,0.0,0.0,0.256,0.0,0.0
2024-06-18 04:42:05.00,0.0,0.0,0.12816,0.0,0.0,0.0,0.0,0.0
2024-06-18 04:42:06.00,0.0,0.0,0.25328,0.0,0.0,0.06408,0.0,0.0
2024-06-18 04:42:07.00,0.0,0.0,0.0,0.0,0.0,0.25584,0.0,0.0
2024-06-18 04:42:08.00,0.0,0.0,0.0,0.0,0.0,0.12736,0.0,0.0
2024-06-18 04:42:09.00,0.0,0.0,0.0638,0.0,0.0,0.06428,0.0,0.0
2024-06-18 04:42:10.00,0.0,0.0,0.25584,0.0,0.0,0.0,0.0,0.0
2024-06-18 04:42:11.00,0.0,1.1016,0.42616000000000004,0.0,0.6745199999999999,0.0,0.42952000000000007,0.0
2024-06-18 04:42:12.00,0.0,0.0,0.19068,0.0,0.0,0.384,0.0,0.0
2024-06-18 04:42:13.00,0.0,0.0,0.25264,0.0,0.0,0.19128,0.0,0.0
2024-06-18 04:42:14.00,0.0,0.0,0.9740800000000001,0.0,0.2416,0.42112000000000005,8.50512,3.03
2024-06-18 04:42:15.00,0.0,0.0,0.064,0.0,0.0,0.0,0.0,0.0
2024-06-18 04:42:16.00,0.0,0.0,0.12728,0.0,0.0,0.06424,0.0,0.0
2024-06-18 04:42:17.00,0.0,0.0,0.32000000000000006,0.0,0.0,0.0,0.0,0.0
2024-06-18 04:42:18.00,0.0,0.0,0.25536000000000003,0.0,0.0,0.0636,0.0,0.0
2024-06-18 04:42:19.00,0.0,0.0,0.19163999999999998,0.0,0.0,0.0,0.0,0.0
2024-06-18 04:42:20.00,0.0,0.0,0.0,0.0,0.0,0.12736,0.0,0.0
2024-06-18 04:42:21.00,0.0,0.0,0.19211999999999999,0.0,0.0,0.06424,0.0,0.0
2024-06-18 04:42:22.00,0.372,0.0,0.97152,1.11096,0.0,11.46852,0.0,0.0
2024-06-18 04:42:23.00,0.0,0.0,1.96292,0.0,0.0,0.3166,0.0,0.0
2024-06-18 04:42:24.00,0.0,0.0,0.06416000000000001,0.0,0.0,0.0,0.0,0.0
2024-06-18 04:42:25.00,0.0,0.0,0.18996,0.0,0.0,0.25632,0.0,0.0
2024-06-18 04:42:26.00,0.0,0.0,0.19272,0.0,0.0,0.0,0.0,0.0
2024-06-18 04:42:27.00,0.0,0.0,0.12784,0.0,0.0,0.0,0.0,0.0
2024-06-18 04:42:28.00,0.0,0.0,0.25392,0.0,0.0,0.12768000000000002,0.0,0.0
2024-06-18 04:42:29.00,0.0,0.0,0.0,0.0,0.0,0.2544,0.0,0.0
2024-06-18 04:42:30.00,0.0,0.0,0.0,0.0,0.0,0.12704000000000001,0.0,0.0
2024-06-18 04:42:31.00,0.0,0.0,0.0,0.0,0.0,0.25264,0.0,0.0
2024-06-18 04:42:32.00,0.0,0.0,0.0,0.0,0.0,0.06332,0.0,0.0
2024-06-18 04:42:33.00,0.0,0.0,0.0,0.0,0.0,0.0,0.0,0.0
2024-06-18 04:42:34.00,0.0,0.0,0.321,0.0,0.0,0.12776,0.0,0.0
2024-06-18 04:42:35.00,0.0,0.0,0.192,0.0,0.0,0.06348,0.0,0.0
2024-06-18 04:42:36.00,0.0,0.0,0.0,0.0,0.0,0.25488,0.0,0.0
2024-06-18 04:42:37.00,0.0,0.0,0.31820000000000004,0.0,0.0,0.19116,0.0,0.0
2024-06-18 04:42:38.00,0.0,0.0,0.0,0.0,0.0,0.0,0.0,0.0
2024-06-18 04:42:39.00,0.0,0.0,0.44688000000000005,0.0,0.0,0.06404,0.0,0.0
2024-06-18 04:42:40.00,0.0,0.0,0.19176,0.0,0.0,0.0,0.0,0.0
2024-06-18 04:42:41.00,0.0,0.0,0.31920000000000004,0.0,0.0,0.06376000000000001,0.0,0.0
2024-06-18 04:42:42.00,0.0,0.0,0.0,0.0,0.0,0.25456,0.0,0.0
2024-06-18 04:42:43.00,0.0,0.0,0.2544,0.0,0.0,0.19236,0.0,0.0
2024-06-18 04:42:44.00,0.0,0.0,0.0,0.0,0.0,0.0,0.0,0.0
2024-06-18 04:42:45.00,0.0,0.0,0.0,0.0,0.0,0.0,0.0,0.0
2024-06-18 04:42:46.00,0.0,0.0,0.12672,0.0,0.0,0.25632,0.0,0.0
2024-06-18 04:42:47.00,0.0,0.0,0.12704000000000001,0.0,0.0,0.32020000000000004,0.0,0.0
2024-06-18 04:42:48.00,0.0,0.0,0.0,0.0,0.0,0.25536000000000003,0.0,0.0
2024-06-18 04:42:49.00,0.0,0.0,0.0,0.0,0.0,0.38256,0.0,0.0
2024-06-18 04:42:50.00,0.0,0.0,0.31920000000000004,0.0,0.0,0.06448000000000001,0.0,0.0
2024-06-18 04:42:51.00,0.0,0.0,0.25616,0.0,0.0,0.25616,0.0,0.0
2024-06-18 04:42:52.00,0.0,0.0,0.18852,0.0,0.0,0.06344000000000001,0.0,0.0
2024-06-18 04:42:53.00,0.0,0.0,0.0,0.0,0.0,0.12728,0.0,0.0
2024-06-18 04:42:54.00,0.0,0.0,0.064,0.0,0.0,0.0,0.0,0.0
2024-06-18 04:42:55.00,0.0,0.0,0.25488,0.0,0.0,0.0,0.0,0.0
2024-06-18 04:42:56.00,0.0,0.0,0.25568,0.0,0.0,0.064,0.0,0.0
2024-06-18 04:42:57.00,0.0,0.0,0.0,0.0,0.0,0.25392,0.0,0.0
2024-06-18 04:42:58.00,0.0,0.0,0.12776,0.0,0.0,0.0,0.0,0.0
2024-06-18 04:42:59.00,0.0,0.0,0.25584,0.0,0.0,0.25344,0.0,0.0
2024-06-18 04:43:00.00,0.0,0.0,0.32000000000000006,0.0,0.0,0.12896000000000002,0.0,0.0
2024-06-18 04:43:01.00,0.0,0.0,0.0,0.0,0.0,0.12512,0.0,0.0
2024-06-18 04:43:02.00,0.0,0.0,0.0,0.0,0.0,0.25616,0.0,0.0
2024-06-18 04:43:03.00,0.0,0.0,4.87272,0.12279999999999999,0.0,7.61616,0.0,0.0
2024-06-18 04:43:04.00,0.0,0.0,4.941,3.6455999999999995,0.0,3.80184,0.0,0.0
2024-06-18 04:43:05.00,0.0,0.0,1.2568000000000001,0.0,0.0,0.8299200000000001,0.0,0.0
2024-06-18 04:43:06.00,0.0,0.0,0.25248000000000004,0.0,0.0,0.25536000000000003,0.0,0.0
2024-06-18 04:43:07.00,0.0,0.0,0.3852,0.0,0.0,0.38352,0.0,0.0
2024-06-18 04:43:08.00,0.0,0.0,0.25376000000000004,0.0,0.0,0.06372,0.0,0.0
2024-06-18 04:43:09.00,0.0,0.0,0.2544,0.0,0.0,0.25584,0.0,0.0
2024-06-18 04:43:10.00,0.0,0.6688,0.5956,0.0,0.3648,0.05924000000000001,9.93316,2.4846
2024-06-18 04:43:11.00,0.0,1.4678399999999998,0.24224,0.0,0.97088,0.48128,8.7696,2.7233999999999994
2024-06-18 04:43:12.00,0.0,0.0,0.6204000000000001,0.0,0.0,0.0,2.34136,0.06416000000000001
2024-06-18 04:43:13.00,0.0,0.18048,0.23728000000000002,0.0,1.15292,0.0,10.288720000000001,2.96548
2024-06-18 04:43:14.00,0.0,0.0,0.25680000000000003,0.0,0.0,0.0,0.0,0.0
2024-06-18 04:43:15.00,0.0,3.2902400000000003,0.0,0.0,2.56988,0.0,0.0,0.6252
2024-06-18 04:43:16.00,0.0,0.0,0.7358399999999999,0.0,0.9258,0.0,0.8008000000000001,0.99712
2024-06-18 04:43:17.00,0.0,0.6828799999999999,0.2504,0.0,1.0472000000000001,0.49856,0.0,0.55728
2024-06-18 04:43:18.00,0.0,0.0,0.6296,0.0,0.0,0.24736000000000002,0.0,0.0
2024-06-18 04:43:19.00,0.0,0.0,0.0,0.0,0.0,0.0,0.0,0.0
2024-06-18 04:43:20.00,0.0,0.0,0.512,0.0,0.0,0.19163999999999998,0.0,0.0
2024-06-18 04:43:21.00,0.0,0.0,0.0,0.0,0.0,0.0,0.0,0.0
2024-06-18 04:43:22.00,0.0,0.0,0.0,0.0,0.0,0.0,0.12464,0.44156
2024-06-18 04:43:23.00,0.0,3.17616,0.0,0.0,1.2336,0.0,3.028,1.2986400000000002
2024-06-18 04:43:24.00,0.0,0.79456,0.0,0.0,0.0,0.0,1.16508,16.014960000000002
2024-06-18 04:43:25.00,0.0,0.0,0.0,0.0,0.0,0.25232,0.0,0.0
2024-06-18 04:43:26.00,0.0,0.0,0.0,0.0,0.0,0.12616,0.0,0.0
2024-06-18 04:43:27.00,0.0,0.0,0.19044,0.0,0.0,0.3816,0.0,0.0
2024-06-18 04:43:28.00,0.0,0.0,0.06268,0.0,0.0,0.3146,0.70136,0.0
2024-06-18 04:43:29.00,0.0,0.0,0.3816,0.0,0.0,0.0,0.0,0.0
2024-06-18 04:43:30.00,0.0,0.0,4.524,4.296919999999999,0.0,9.245999999999999,0.0,0.0
2024-06-18 04:43:31.00,0.0,0.0,0.25424,0.0,0.0,0.25552,0.0,0.0
2024-06-18 04:43:32.00,0.0,0.0,0.0,0.0,0.0,0.0,0.25104,0.0
2024-06-18 04:43:33.00,0.0,0.0,3.066,0.98752,0.0,10.731,0.0,0.0
2024-06-18 04:43:34.00,1.46016,0.0,5.615679999999999,3.3242000000000003,0.0,3.032,0.0,0.0
2024-06-18 04:43:35.00,5.3964,0.0,3.4503199999999996,10.111600000000001,0.0,1.3827599999999998,0.0,0.0
2024-06-18 04:43:36.00,0.0,0.0,0.44772000000000006,0.0,0.0,0.06348,0.0,0.0
2024-06-18 04:43:37.00,0.0,0.0,0.0,0.0,0.0,0.256,0.0,0.0
2024-06-18 04:43:38.00,11.512680000000001,0.0,21.270120000000002,0.0,0.0,3.8651200000000006,0.058120000000000005,0.0
2024-06-18 04:43:39.00,0.0,0.0,12.96968,0.2998,0.0,11.9418,0.0,0.0
2024-06-18 04:43:40.00,0.98304,0.0,1.02068,2.00772,0.0,3.2139200000000003,0.0,0.0
2024-06-18 04:43:41.00,0.0,0.0,0.92288,3.2398800000000003,0.0,27.528599999999997,1.9950000000000003,0.0
2024-06-18 04:43:42.00,0.0,0.0,32.97528,0.0,0.0,0.11976,0.0,0.0
2024-06-18 04:43:43.00,0.0,0.0,0.819,0.0,0.0,0.6837599999999999,0.12568,0.0
2024-06-18 04:43:44.00,0.0,0.0,0.0,0.626,0.0,0.0,0.0,0.0
2024-06-18 04:43:45.00,0.0,0.0,0.0,0.0,0.0,0.0,0.0,0.0
2024-06-18 04:43:46.00,0.0,0.0,0.0,0.0,0.0,0.0,0.0,0.0
2024-06-18 04:43:47.00,0.0,0.0,0.0,0.0,0.37511999999999995,0.0,3.18636,0.0
2024-06-18 04:43:48.00,0.0,0.0,0.0,0.0,0.0,0.0,0.6872799999999999,0.0
2024-06-18 04:43:49.00,2.7359999999999998,0.0,0.48384,9.595600000000001,0.24096,2.89,0.72144,0.0
2024-06-18 04:43:50.00,26.059960000000004,0.0,0.0,7.15264,0.46399999999999997,0.0,5.74892,0.0
2024-06-18 04:43:51.00,0.0,0.0,0.6084,0.0,0.48256,0.6128,11.20192,0.0
2024-06-18 04:43:52.00,0.0,0.0,0.82212,0.0,0.0,0.1878,0.0,0.0
2024-06-18 04:43:53.00,0.0,0.0,0.25264,0.0,0.0,0.19188,0.0,0.0
2024-06-18 04:43:54.00,0.0,0.0,0.0,0.0,0.0,0.0,0.0,0.0
2024-06-18 04:43:55.00,0.42924,0.0,1.8264,0.0,0.0,1.0574000000000001,0.0,0.0
2024-06-18 04:43:56.00,2.1238,0.0,7.460640000000001,21.78176,0.0,0.0,0.0,0.0
2024-06-18 04:43:57.00,27.671,0.0,1.6936000000000002,0.0,0.0,0.6314,0.0,0.0
2024-06-18 04:43:58.00,26.94944,0.0,2.2268000000000003,0.0572,0.0,0.11424,0.0,0.0
2024-06-18 04:43:59.00,27.18464,0.0,0.0,3.2560000000000002,1.4217600000000001,0.0,0.0,0.0
2024-06-18 04:44:00.00,29.718399999999995,0.0,1.03752,0.0,0.0,0.40880000000000005,0.0,0.0
2024-06-18 04:44:01.00,1.45536,0.0,0.79352,5.5820799999999995,0.0,0.24112,0.0,0.0
2024-06-18 04:44:02.00,0.0,0.0,0.37272,0.0,1.5273599999999998,0.0,0.0,0.0
2024-06-18 04:44:03.00,0.0,0.0,0.0,0.0,0.6356,0.0,0.0,0.0
2024-06-18 04:44:04.00,0.0,0.0,0.0,0.0,0.939,0.25120000000000003,0.0,0.0
2024-06-18 04:44:05.00,0.0,22.35996,0.0,0.0,0.17207999999999998,0.2926,0.0,17.0636
2024-06-18 04:44:06.00,0.0,0.0,0.18672,0.0,0.0,0.0,0.0,0.18888
2024-06-18 04:44:07.00,0.0,0.0,0.0,0.0,0.0,0.064,0.0,0.0
2024-06-18 04:44:08.00,0.0,1.3481599999999998,0.0,0.0,0.96896,0.42644000000000004,0.0,4.07896
2024-06-18 04:44:09.00,0.0,0.0,0.49472000000000005,0.0,0.6152000000000001,0.0,0.0,4.50144
2024-06-18 04:44:10.00,0.0,0.0,0.0,0.0,0.50528,0.12704000000000001,0.0,0.0
2024-06-18 04:44:11.00,0.0,0.0,0.6850799999999999,0.0,5.13744,0.0,0.0,2.53344
2024-06-18 04:44:12.00,0.0,2.97,0.18131999999999998,0.0,0.05908000000000001,0.0,8.36832,5.478199999999999
2024-06-18 04:44:13.00,0.0,0.0,0.0,0.0,0.0,0.06364,0.06332,0.0
2024-06-18 04:44:14.00,0.0,0.0,0.38304,0.0,0.0,0.3184,0.0,0.0
2024-06-18 04:44:15.00,0.0,0.0,0.12792,0.0,0.0,0.19236,0.0,0.0
2024-06-18 04:44:16.00,0.0,0.0,0.0,0.0,0.0,0.0,0.0,0.0
2024-06-18 04:44:17.00,0.0,0.0,0.18576,0.0,0.0,0.18755999999999998,0.12616,0.0
2024-06-18 04:44:18.00,0.0,0.0,0.56844,0.0,0.0,0.1264,0.0,0.0
2024-06-18 04:44:19.00,0.0,0.0,0.0,0.0,0.0,0.44492000000000004,0.0,0.0
2024-06-18 04:44:20.00,0.0,0.0,0.0,0.0,0.0,0.0,0.0,0.0
2024-06-18 04:44:21.00,0.0,0.0,0.25344,0.0,0.0,0.5075200000000001,0.0,0.0
2024-06-18 04:44:22.00,0.55296,0.0,8.910200000000001,1.788,0.0,6.052,0.0,0.0
2024-06-18 04:44:23.00,0.0,0.0,0.0,0.0,0.0,0.12912,0.0,0.0
2024-06-18 04:44:24.00,14.97,0.0,0.34847999999999996,11.151000000000002,0.0,0.0,0.0,0.0
2024-06-18 04:44:25.00,0.0,0.0,0.0,0.0,0.0,0.06324,0.0,0.0
2024-06-18 04:44:26.00,0.0,0.0,0.74928,0.5075200000000001,0.0,1.3745599999999998,0.0,0.0
2024-06-18 04:44:27.00,0.0,0.0,0.25536000000000003,0.0,0.0,0.12728,0.0,0.0
2024-06-18 04:44:28.00,0.0,0.0,0.062400000000000004,0.0,0.0,0.0,0.0,0.0
2024-06-18 04:44:29.00,0.0,0.0,0.0,0.0,0.0,0.0,0.0,0.0
2024-06-18 04:44:30.00,0.0,0.6148,0.3026,0.0,1.1688800000000001,0.12104,0.0,4.30008
2024-06-18 04:44:31.00,0.0,0.0,0.44884,0.0,0.0,0.252,0.0,0.0
2024-06-18 04:44:32.00,0.0,5.1878400000000005,0.18168,0.0,0.23792000000000002,0.1794,5.1850000000000005,1.7400000000000002
2024-06-18 04:44:33.00,0.0,0.0,0.0,0.0,0.43148000000000003,0.18624,6.0154,0.12256
2024-06-18 04:44:34.00,0.0,0.0,0.0,0.0,0.0,0.12816,0.0,0.0
2024-06-18 04:44:35.00,0.0,0.5056,0.378,0.0,0.0,0.3098,1.21448,0.12312
2024-06-18 04:44:36.00,0.0,0.0,0.24688,0.0,0.0,0.0,0.9252,0.6200000000000001
2024-06-18 04:44:37.00,0.0,0.0,0.0,0.0,0.0,0.0,0.3084,0.98368
2024-06-18 04:44:38.00,0.0,0.0,0.12712,0.0,0.0,0.25376000000000004,0.31920000000000004,0.0
2024-06-18 04:44:39.00,0.0,0.0,0.0,0.0,0.0,0.0,0.0,0.0
2024-06-18 04:44:40.00,0.0,0.0,0.0,0.0,0.0,0.12856,0.0,0.0
2024-06-18 04:44:41.00,0.0,0.0,0.0,0.0,0.0,0.0,0.0,0.0
2024-06-18 04:44:42.00,0.0,0.0,13.53856,0.96448,0.0,12.1688,0.0,0.0
2024-06-18 04:44:43.00,0.0,0.0,0.24976,0.0,0.0,0.0,0.0,0.0
2024-06-18 04:44:44.00,17.916079999999997,0.0,0.0,11.717560000000002,0.0,0.6503199999999999,0.18155999999999997,0.0
2024-06-18 04:44:45.00,14.9226,0.0,1.44576,9.60204,0.0,0.0,0.0,0.0
2024-06-18 04:44:46.00,11.58988,0.0,1.7214400000000003,4.180479999999999,0.0,1.02476,0.0,0.0
2024-06-18 04:44:47.00,5.063,0.0,1.6867200000000002,4.83084,0.0,1.0064,0.0,0.0
2024-06-18 04:44:48.00,1.12896,0.0,1.02612,0.0,0.0,1.7584000000000002,0.0,0.0
2024-06-18 04:44:49.00,0.0,0.0,0.51136,0.0,0.0,0.24800000000000003,0.12672,0.0
2024-06-18 04:44:50.00,0.0,0.0,0.5727599999999999,0.0,0.0,0.0,0.12512,0.0
2024-06-18 04:44:51.00,0.0,0.0,0.19152,0.0,0.0,0.0,0.0,0.0
2024-06-18 04:44:52.00,5.393999999999999,0.0,0.9138,0.0,0.0,3.2648,0.0,0.0
2024-06-18 04:44:53.00,9.3496,0.0,0.23408,13.74,0.0,0.0,0.0,0.0
2024-06-18 04:44:54.00,6.562320000000001,0.0,0.0,17.346,0.0,1.41408,0.0,0.0
2024-06-18 04:44:55.00,0.0,0.0,0.0,0.18936,0.0,0.25456,0.0,0.0
2024-06-18 04:44:56.00,6.9216,0.0,0.05736,24.518,0.0,0.531,0.0,0.0
2024-06-18 04:44:57.00,23.184,0.0,0.0,0.23648,0.0,13.76792,0.0,0.0
2024-06-18 04:44:58.00,0.0,0.0,0.06244,0.0,0.0,0.0,0.0,0.19091999999999998
2024-06-18 04:44:59.00,3.99872,0.0,0.43456000000000006,0.0,0.0,0.0,0.0,0.0
2024-06-18 04:45:00.00,0.0,0.0,0.12384,0.0,0.0,0.43708,0.0,0.0
2024-06-18 04:45:01.00,0.0,0.0,0.3128,0.0,0.0,0.0,0.0,0.0
2024-06-18 04:45:02.00,0.0,0.0,0.0,1.3974799999999998,0.0,3.85888,0.0,0.0
2024-06-18 04:45:03.00,3.4122000000000003,0.0,2.49444,1.44864,0.0,1.8107999999999997,0.0,0.0
2024-06-18 04:45:04.00,0.0,0.0,0.0,0.0,0.0,0.43960000000000005,0.25408000000000003,0.25264
2024-06-18 04:45:05.00,0.0,0.0,0.19032,0.0,0.0,0.24896000000000001,0.0,0.0
2024-06-18 04:45:06.00,0.0,0.0,0.18744,0.0,0.0,0.0,0.0,0.0
2024-06-18 04:45:07.00,9.41616,0.0,2.1254399999999998,4.68944,0.0,0.0,1.6924400000000004,0.7680400000000001
2024-06-18 04:45:08.00,0.0,0.0,0.256,0.0,0.0,0.0,0.0,0.37968
2024-06-18 04:45:09.00,0.0,0.0,0.18456,0.0,0.0,0.0,0.49888,0.56808
2024-06-18 04:45:10.00,0.0,0.0,0.5088,0.0,0.0,0.0,0.0,0.0
2024-06-18 04:45:11.00,7.63524,0.0,0.7132799999999999,6.109960000000001,0.0,1.8179999999999998,0.0,0.0
2024-06-18 04:45:12.00,0.0,0.0,0.24832,0.0,0.0,0.0,0.0,0.0
2024-06-18 04:45:13.00,0.0,0.0,0.18755999999999998,0.0,0.0,0.0,0.0,0.0
2024-06-18 04:45:14.00,0.0,0.0,0.0,0.0,0.0,0.0,0.0,0.0
2024-06-18 04:45:15.00,1.6432000000000002,0.0,0.80548,0.0,0.0,1.3402399999999997,0.0,0.0
2024-06-18 04:45:16.00,0.0,0.0,13.27296,0.96704,0.0,6.9598,0.0,0.0
2024-06-18 04:45:17.00,0.0,0.18708,0.6846399999999999,0.0,0.0,2.91024,0.18648,0.0
2024-06-18 04:45:18.00,0.0,0.0,0.0,0.0,0.0,0.44632000000000005,0.0,0.0
2024-06-18 04:45:19.00,0.0,0.0,0.06176,0.0,0.0,0.8164,0.0,0.0
2024-06-18 04:45:20.00,0.0,0.0,0.24736000000000002,0.0,0.0,0.9444,0.0,0.0
2024-06-18 04:45:21.00,1.7852400000000002,0.0,2.3712,0.0,0.0,0.43484,0.0,1.63592
2024-06-18 04:45:22.00,0.0,0.0,0.30560000000000004,0.0,0.0,0.25024,0.0,0.0
2024-06-18 04:45:23.00,0.0,4.994600000000001,0.0,0.0,1.0050400000000002,0.11768,2.20704,5.3846
2024-06-18 04:45:24.00,0.0,0.0,0.24559999999999998,0.0,0.0,0.0,0.0,0.55368
2024-06-18 04:45:25.00,0.0,0.0,0.0,0.0,3.17424,0.24784,0.0,1.30536
2024-06-18 04:45:26.00,0.0,0.0,0.0,0.0,0.0,0.0,8.82024,0.56664
2024-06-18 04:45:27.00,0.0,0.0,0.0,0.0,0.5952000000000001,0.23856000000000002,24.862399999999997,0.2916
2024-06-18 04:45:28.00,0.0,0.0,0.12264,0.18347999999999998,0.0,0.31360000000000005,1.2544000000000002,0.5008
2024-06-18 04:45:29.00,0.0,0.0,0.24528,1.8281600000000002,0.0,2.11068,0.0,0.0
2024-06-18 04:45:30.00,0.0,0.0,1.3719199999999998,0.2504,0.0,0.06196,0.0,0.0
2024-06-18 04:45:31.00,0.0,0.0,0.0,0.0,0.0,0.4429600000000001,0.0,0.0
2024-06-18 04:45:32.00,0.0,0.0,0.06016,0.0,0.3054,0.18552,15.504959999999999,0.0
2024-06-18 04:45:33.00,0.0,0.0,1.5331199999999998,0.0,0.0,0.12544,0.0,0.0
2024-06-18 04:45:34.00,0.12384,0.0,0.88648,0.0,0.0,0.0,0.49472000000000005,0.0
2024-06-18 04:45:35.00,0.0,0.0,0.0,0.0,0.0,0.06316,2.43672,0.0
2024-06-18 04:45:36.00,0.0,0.0,0.6824399999999999,0.0,0.0,0.25136,0.5049600000000001,0.0
2024-06-18 04:45:37.00,0.0,0.0,1.2568000000000001,0.6982799999999999,0.0,0.0,0.06232,0.0
2024-06-18 04:45:38.00,19.49628,0.0,0.0,12.63516,0.0,0.0,0.2328,0.0
2024-06-18 04:45:39.00,16.72448,0.0,0.40264,14.0448,0.0,0.2968,0.0,0.0
2024-06-18 04:45:40.00,0.0,0.0,0.0,0.0,0.0,0.37992,0.0,0.0
2024-06-18 04:45:41.00,7.691600000000001,0.0,0.0,11.538520000000002,0.0,0.9934800000000001,6.7155200000000015,0.0
2024-06-18 04:45:42.00,8.647960000000001,0.0,0.0,14.8,0.0,0.0,1.5789600000000001,0.0
2024-06-18 04:45:43.00,8.17236,1.9522800000000002,0.29460000000000003,17.096799999999998,0.0,0.23632000000000003,0.0,0.0
2024-06-18 04:45:44.00,7.772,0.0,0.6366799999999999,18.88752,0.23712,1.1111199999999999,0.0,0.0
2024-06-18 04:45:45.00,7.7672,0.0,0.0,18.77208,0.0,0.0,0.0,0.0
2024-06-18 04:45:46.00,9.310080000000001,0.0,0.6080000000000001,1.7446400000000002,0.0,0.0,0.0,0.0
2024-06-18 04:45:47.00,8.982000000000001,0.0,1.7664,11.31312,0.0,2.05768,0.8523200000000001,0.0
2024-06-18 04:45:48.00,0.0,0.0,0.7752,0.0,0.0,0.58104,0.0,0.0
2024-06-18 04:45:49.00,0.17724,0.0,5.6448,0.41692000000000007,0.0,2.3993200000000003,0.0,0.0
2024-06-18 04:45:50.00,3.311,0.0,2.0888,3.5706799999999994,0.0,0.592,0.0,0.0
2024-06-18 04:45:51.00,0.0,0.0,0.0,0.061520000000000005,0.0,0.0,0.0,0.0
2024-06-18 04:45:52.00,8.4942,0.0,0.75192,3.3988000000000005,0.0,0.0,3.074,2.5578
2024-06-18 04:45:53.00,6.8258399999999995,0.0,0.576,8.24168,0.0,0.34224,5.7538800000000005,1.78684
2024-06-18 04:45:54.00,0.0,0.0,0.0,0.0,0.0,0.0,0.0,0.0
2024-06-18 04:45:55.00,0.0,0.0,0.0,4.10256,0.0,1.054,0.43820000000000003,0.0
2024-06-18 04:45:56.00,28.458919999999996,0.0,0.05836,11.979600000000001,0.0,1.2962399999999998,0.11832000000000001,0.0
2024-06-18 04:45:57.00,6.835440000000001,0.0,5.1708799999999995,2.01552,0.0,0.057240000000000006,0.0,0.0
2024-06-18 04:45:58.00,0.0,0.0,0.9984000000000001,0.0,0.0,0.0,0.0,0.0
2024-06-18 04:45:59.00,7.33696,0.46944,0.2328,5.5008799999999995,0.0,0.0,0.0,0.0
2024-06-18 04:46:00.00,0.0,0.0,0.51136,0.0,0.0,0.38016,1.2744,0.0
2024-06-18 04:46:01.00,13.026960000000003,0.0,0.0,12.072239999999999,0.0,0.0,0.0,0.0
2024-06-18 04:46:02.00,6.6816,5.3456399999999995,0.0,15.177600000000002,0.0,0.0,0.0,0.0
2024-06-18 04:46:03.00,8.27008,0.84392,1.184,17.90124,0.0,1.7307200000000003,1.4207999999999998,0.0
2024-06-18 04:46:04.00,6.7860000000000005,0.0,0.0,14.22528,0.0,0.23552,0.17652,0.0
2024-06-18 04:46:05.00,0.0,0.19392,1.08596,0.0,0.0,0.12632,0.0,0.0
2024-06-18 04:46:06.00,19.6444,0.0,0.3444,11.04384,0.0,0.0,0.0,0.0
2024-06-18 04:46:07.00,19.978400000000004,0.0,0.0,10.738,0.0,0.46464,0.0,0.0
2024-06-18 04:46:08.00,18.42972,0.0,0.0,9.209200000000001,0.0,0.0,0.0,0.0
2024-06-18 04:46:09.00,19.888080000000002,0.0,1.2096,10.1112,0.0,0.0,0.0,0.0
2024-06-18 04:46:10.00,0.0,0.0,0.0,0.0,0.0,0.0,0.0,0.0
2024-06-18 04:46:11.00,0.0,2.33692,0.06208,0.0,0.0,0.0,0.48832000000000003,0.0
2024-06-18 04:46:12.00,0.0,0.0,0.0,0.0,0.0,0.82628,1.2752000000000001,0.0
2024-06-18 04:46:13.00,0.0,0.0,19.516160000000003,0.12232,0.0,7.43008,0.0,0.0
2024-06-18 04:46:14.00,0.23376000000000002,0.0,8.84464,0.41496000000000005,0.0,6.11408,0.0,0.0
2024-06-18 04:46:15.00,0.0,0.0,0.24976,0.0,0.0,0.3224,0.0,0.0
2024-06-18 04:46:16.00,0.0,0.0,0.0638,0.0,0.0,0.0,0.0,0.0
2024-06-18 04:46:17.00,0.0,0.0,0.0,0.0,0.0,0.0,0.0,0.0
2024-06-18 04:46:18.00,0.0,0.0,0.0,0.9209999999999999,0.0,0.42728000000000005,0.0,0.0
2024-06-18 04:46:19.00,0.0,0.0,0.0,0.0,0.0,0.0,0.0,0.0
2024-06-18 04:46:20.00,0.0,0.0,0.0,0.0,0.0,0.0,15.433,0.0
2024-06-18 04:46:21.00,0.0,7.61616,0.0,0.0,3.72992,0.0,1.8880000000000001,0.0
2024-06-18 04:46:22.00,0.0,0.0,0.0,0.0,0.0,0.0,2.5584000000000002,0.0
2024-06-18 04:46:23.00,8.53392,0.0,1.1904000000000001,5.150399999999999,0.0,0.9465600000000001,0.0,0.0
2024-06-18 04:46:24.00,7.0032000000000005,0.0,0.0,3.2636800000000004,0.0,0.8159200000000001,0.70704,0.0
2024-06-18 04:46:25.00,9.7284,0.0,1.0030000000000001,5.382,0.0,0.0,0.0,0.0
2024-06-18 04:46:26.00,9.33208,0.0,2.0706,3.9072,0.0,1.8290000000000002,0.41412000000000004,0.0
2024-06-18 04:46:27.00,0.0,0.0,1.48416,0.0,0.0,0.3086,0.34319999999999995,0.0
2024-06-18 04:46:28.00,0.0,0.0,0.6973999999999999,0.0,0.0,0.25376000000000004,3.4128000000000003,0.0
2024-06-18 04:46:29.00,13.51104,0.0,0.0,9.112680000000001,0.0,0.5202,0.0,0.1184
2024-06-18 04:46:30.00,2.2824,0.0,2.1902399999999997,22.858880000000003,0.0,0.0,0.0,0.0
2024-06-18 04:46:31.00,5.787399999999999,0.0,0.96368,32.525,0.0,0.0,0.19616,0.0
2024-06-18 04:46:32.00,1.91796,0.0,0.0,17.14572,0.0,0.0,0.0,0.0
2024-06-18 04:46:33.00,10.4544,6.57072,1.89952,13.391040000000002,0.0,0.16727999999999998,0.0,0.0
2024-06-18 04:46:34.00,7.61616,0.0,2.04952,13.02612,0.0,0.23472,0.47648,0.0
2024-06-18 04:46:35.00,0.0,0.0,0.0,0.0,0.0,0.0,0.0,0.0
2024-06-18 04:46:36.00,3.008,0.0,6.3672,1.05336,0.0,4.032360000000001,0.0,0.0
2024-06-18 04:46:37.00,1.41408,0.0,5.042200000000001,3.71008,0.0,7.87968,0.0,0.0
2024-06-18 04:46:38.00,0.0,0.0,0.0626,0.0,0.0,0.58104,0.0,0.0
2024-06-18 04:46:39.00,0.0,0.0,0.0,0.0,0.45311999999999997,0.0,20.363199999999996,1.19112
2024-06-18 04:46:40.00,0.0,0.0,0.0,0.0,0.0,0.0,0.0,0.0
2024-06-18 04:46:41.00,0.0,0.0,0.0,0.0,4.17544,0.512,0.1938,0.0
2024-06-18 04:46:42.00,0.0,0.0,0.0,0.0,0.0,0.0,0.0,0.0
2024-06-18 04:46:43.00,0.0,0.06176,0.0,0.0,0.0,1.99936,0.37223999999999996,5.392799999999999
2024-06-18 04:46:44.00,0.0,0.0,1.31712,0.0,0.0,0.8887200000000001,2.47572,0.0
2024-06-18 04:46:45.00,0.0,0.06144,0.6824399999999999,0.0,3.8811999999999998,0.74832,0.0,2.09168
2024-06-18 04:46:46.00,0.0,3.35232,0.8112,0.0,0.0,0.0,4.79056,3.658
2024-06-18 04:46:47.00,0.0,0.25536000000000003,0.06284,0.0,0.0,0.0,0.0,0.0
2024-06-18 04:46:48.00,0.0,0.0,0.25376000000000004,0.0,0.0,0.18816,0.0,0.0
2024-06-18 04:46:49.00,0.0,0.0,0.0,0.0,0.0,0.0,0.0,0.0
2024-06-18 04:46:50.00,2.4496,0.0,0.68112,1.89184,0.0,2.918,0.05856,0.0
2024-06-18 04:46:51.00,0.0,0.0,10.469959999999999,8.618400000000001,0.0,0.11488,0.0,0.0
2024-06-18 04:46:52.00,0.0,0.0,0.0,0.0,2.34284,0.5698799999999999,0.0,0.0
2024-06-18 04:46:53.00,0.0,0.24624,0.76704,0.0,0.0,0.05864,0.0,4.51296
2024-06-18 04:46:54.00,0.0,0.0,0.7747200000000001,0.0,0.0,0.0,0.0,0.0
2024-06-18 04:46:55.00,0.0,0.6248,0.0,0.0,0.0,0.0,0.0,3.97824
2024-06-18 04:46:56.00,13.8644,0.0,1.24168,6.195,1.421,1.89184,0.0,0.0
2024-06-18 04:46:57.00,4.694400000000001,0.0,0.82836,0.0,0.0,0.0,0.0,0.0
2024-06-18 04:46:58.00,1.3208799999999998,0.0,5.077319999999999,1.4304,0.0,4.60152,0.0,0.0
2024-06-18 04:46:59.00,4.24012,0.0,2.124,6.16352,0.0,7.67312,0.0,0.0
2024-06-18 04:47:00.00,8.9958,0.0,0.22816,7.745760000000001,0.0,0.17423999999999998,1.7214400000000003,0.0
2024-06-18 04:47:01.00,5.85864,0.0,0.46336,8.782200000000001,0.0,0.0,3.7336,0.0
2024-06-18 04:47:02.00,7.028800000000001,0.0,2.3402800000000004,2.954,0.0,3.88204,5.983679999999999,0.0
2024-06-18 04:47:03.00,6.744240000000001,0.0,0.72,13.0892,0.0,0.0,0.0,0.0
2024-06-18 04:47:04.00,9.0902,0.0,0.0,16.02384,0.0,0.9758000000000001,0.301,0.0
2024-06-18 04:47:05.00,5.287039999999999,0.0,0.34559999999999996,10.34952,0.0,5.6658,0.0,0.0
2024-06-18 04:47:06.00,0.0,0.0,20.902399999999997,1.2356400000000003,0.0,14.83968,0.0,0.0
2024-06-18 04:47:07.00,0.0,0.0,31.013400000000004,0.0,0.0,7.38912,0.0,0.0
2024-06-18 04:47:08.00,12.3808,0.0,3.4730400000000006,4.24168,0.0,0.0,0.0,0.0
2024-06-18 04:47:09.00,14.607119999999998,0.0,0.05884,6.081880000000001,0.0,0.35352,0.0,0.0
2024-06-18 04:47:10.00,11.58568,0.0,0.0,14.92788,0.70272,0.0,0.0,0.0
2024-06-18 04:47:11.00,6.767040000000001,0.0,0.8349600000000001,2.844,0.0,0.11704,2.18744,0.0
2024-06-18 04:47:12.00,9.13668,0.0,1.716,6.498000000000001,0.0,1.3155999999999999,1.7052,0.11231999999999999
2024-06-18 04:47:13.00,5.39856,0.0,0.0,9.20448,0.0,0.0,0.0,0.0
2024-06-18 04:47:14.00,6.76728,0.0,0.0,9.68112,0.0,0.0,0.0,0.0
2024-06-18 04:47:15.00,13.63824,0.0,0.0,7.35336,0.0,0.0,0.12144,0.0
2024-06-18 04:47:16.00,0.0,0.06208,0.0,0.0,0.0,0.0,0.0,0.0
2024-06-18 04:47:17.00,3.06936,0.0,5.5822,6.386,0.0,4.11516,0.0,0.0
2024-06-18 04:47:18.00,3.58608,1.90344,8.93328,0.8603999999999999,0.0,0.35112,0.05784,0.41552000000000006
2024-06-18 04:47:19.00,4.1620800000000004,17.422,2.04832,7.2738000000000005,4.34616,2.1606,0.0,0.0
2024-06-18 04:47:20.00,9.0486,0.0,0.05564,14.39424,0.0,0.0,21.451759999999997,0.0
2024-06-18 04:47:21.00,0.0,0.0,11.085759999999999,0.0,0.0,25.048840000000002,0.22576000000000002,0.0
2024-06-18 04:47:22.00,13.456040000000002,0.0,0.0,18.38716,0.0,0.0,0.0,0.0
2024-06-18 04:47:23.00,14.74228,0.0,0.0,10.488,0.23056000000000001,0.0,0.0,0.0
2024-06-18 04:47:24.00,0.0,0.0,20.03568,0.0,0.0,20.500479999999996,0.0,0.9993599999999999
2024-06-18 04:47:25.00,9.24784,0.5852,0.0,2.78992,0.0,1.6390800000000003,0.0,0.0
2024-06-18 04:47:26.00,0.0,0.0,0.77636,0.0,0.9221999999999999,0.54072,0.0,2.7809999999999997
2024-06-18 04:47:27.00,9.37612,0.0,0.0,7.0356,0.41076000000000007,0.0,0.90432,4.39608
2024-06-18 04:47:28.00,6.59892,0.0,0.20112,5.177040000000001,0.18960000000000002,0.36479999999999996,43.4732,2.4847200000000003
2024-06-18 04:47:29.00,0.0,0.44288,18.364320000000003,0.0,2.8145599999999997,10.615680000000001,3.44772,0.0
2024-06-18 04:47:30.00,0.0,0.0,0.0,0.0,0.0,0.0,0.0,0.0
2024-06-18 04:47:31.00,0.0,0.2932,0.0,0.0,0.0,0.0,6.819840000000001,6.9258
2024-06-18 04:47:32.00,0.0,2.2308,0.0,0.0,0.0,0.0,28.991999999999997,3.59832
2024-06-18 04:47:33.00,0.0,0.0,1.2264,0.0,1.18712,1.04448,0.0,0.0
2024-06-18 04:47:34.00,0.0,0.0,0.5770799999999999,0.0,0.0,0.0,0.0,0.0
2024-06-18 04:47:35.00,0.0,22.705920000000003,0.23376000000000002,0.0,1.7326400000000002,0.0,6.816160000000001,14.813960000000002
2024-06-18 04:47:36.00,0.0,1.442,0.0,0.0,1.1986800000000002,0.0,11.93544,0.0
2024-06-18 04:47:37.00,0.0,0.0,0.0,0.0,0.0,1.42784,0.0,0.0
2024-06-18 04:47:38.00,0.0,0.0,0.0,0.0,0.0,0.0,1.9264,0.6308
2024-06-18 04:47:39.00,0.0,0.0,0.0,0.0,0.0,0.0,0.0,0.0
2024-06-18 04:47:40.00,0.0,1.7572800000000002,0.0,0.0,0.0,0.0,0.0,5.964
2024-06-18 04:47:41.00,0.0,0.0,1.7819200000000002,0.0,0.0,0.0,1.4545199999999998,0.0
2024-06-18 04:47:42.00,0.0,0.0,1.1483999999999999,0.0,0.0,0.0,0.0,0.0
2024-06-18 04:47:43.00,0.0,0.0,0.0,0.0,0.0,0.0,0.0,0.0
2024-06-18 04:47:44.00,0.0,0.0,0.0,0.0,0.0,0.0,0.0,0.0
2024-06-18 04:47:45.00,0.0,0.0,0.0,0.0,0.0,0.0,0.0,0.0
2024-06-18 04:47:46.00,13.71368,0.0,0.0,11.421800000000001,0.0,0.0,0.17412,0.0
2024-06-18 04:47:47.00,12.88112,0.0,0.97104,7.46,0.0,0.0,0.0,0.0
2024-06-18 04:47:48.00,0.0,0.0,1.4467199999999998,5.0624,0.0,1.2600000000000002,0.0,0.0
2024-06-18 04:47:49.00,0.0,0.0,0.0,0.0,0.0,0.0,0.0,0.0
2024-06-18 04:47:50.00,3.9732,0.0,0.0,14.84912,0.0,0.17784,0.0,0.0
2024-06-18 04:47:51.00,11.86432,0.0,3.5016000000000003,6.18928,0.0,0.0,0.35616,0.0
2024-06-18 04:47:52.00,0.0,0.0,0.0,0.0,0.0,0.0,0.0,0.0
2024-06-18 04:47:53.00,2.82632,0.0,2.6982,1.8004799999999999,0.0,0.059320000000000005,0.0,0.0
2024-06-18 04:47:54.00,7.54,0.0,5.5065599999999995,4.2784,0.0,0.0,1.83148,0.0
2024-06-18 04:47:55.00,2.54016,0.0,10.222079999999998,1.1936,0.0,5.39856,0.0,0.0
2024-06-18 04:47:56.00,1.3235199999999998,0.0,7.0686,1.92896,0.0,9.00252,0.0,0.0
2024-06-18 04:47:57.00,2.7521999999999998,0.0,5.2816399999999994,6.4242799999999995,0.0,3.3532800000000007,0.0,0.0
2024-06-18 04:47:58.00,0.0,0.0,0.0,0.0,0.0,1.4053599999999997,0.0,0.0
2024-06-18 04:47:59.00,0.0,0.0,8.6304,0.0,0.0,5.36172,0.0,0.0
2024-06-18 04:48:00.00,2.3386400000000003,0.0,9.8496,0.72228,0.0,1.3490399999999998,0.0,0.0
2024-06-18 04:48:01.00,0.3492,0.0,2.3377600000000003,0.128,0.06,0.0,1.51488,0.0
2024-06-18 04:48:02.00,0.0,0.0,0.0,0.0,0.0,0.0,0.0,0.0
2024-06-18 04:48:03.00,0.0,0.0,0.128,0.0,0.0,0.0,0.0,0.0
2024-06-18 04:48:04.00,0.24800000000000003,0.0,0.12128,0.0,0.0,0.0,0.0,0.372
2024-06-18 04:48:05.00,0.0,0.0,0.0,0.0,0.0,0.0,0.0,0.0
2024-06-18 04:48:06.00,0.0,0.0,0.0,0.0,0.0,0.0,0.0,0.0
2024-06-18 04:48:07.00,0.0,0.0,0.8976,0.0,0.0,0.0,0.0,0.0
2024-06-18 04:48:08.00,0.0,0.0,0.0,0.0,0.0,0.0,0.0,0.0
2024-06-18 04:48:09.00,0.0,0.0,0.11904,0.25264,0.0,0.0,4.638,0.0
2024-06-18 04:48:10.00,0.0,0.0,0.18395999999999998,0.0,0.0,0.0,0.0,0.0
2024-06-18 04:48:11.00,0.0,0.0,0.0,0.0,0.57924,0.0,0.0,0.0
2024-06-18 04:48:12.00,0.0,0.0,0.0,0.0,1.58808,0.0,0.0,0.0
2024-06-18 04:48:13.00,0.0,0.0,0.0,0.0,3.22452,0.0,0.0,1.57352
2024-06-18 04:48:14.00,0.0,0.0,0.0,0.0,5.36616,0.0,0.0,0.0
2024-06-18 04:48:15.00,0.0,0.0,1.18104,0.0,1.511,0.0,0.6188,3.6215200000000003
2024-06-18 04:48:16.00,0.0,0.0,0.0,0.0,1.40208,0.06364,4.4844,22.421960000000002
2024-06-18 04:48:17.00,0.0,0.0,0.0,7.563999999999999,1.4419199999999999,0.18552,0.0,0.54936
2024-06-18 04:48:18.00,12.59176,0.0,1.2478399999999998,4.483440000000001,1.86384,1.9008,0.0,1.34304
2024-06-18 04:48:19.00,11.76588,0.0,0.0,12.34284,0.0,0.21952000000000002,4.448640000000001,12.37604
2024-06-18 04:48:20.00,6.473600000000001,0.0,0.6247999999999999,24.359759999999998,0.0,0.46240000000000003,0.44672,0.0
2024-06-18 04:48:21.00,0.0,0.0,29.89896,0.0,0.0,5.548,0.0,0.0
2024-06-18 04:48:22.00,0.0,0.96368,12.650000000000002,0.0,0.0,11.878400000000001,29.028,14.239680000000003
2024-06-18 04:48:23.00,0.0,0.0,8.1792,0.0,0.0,15.515920000000001,0.0,0.0
2024-06-18 04:48:24.00,0.11599999999999999,0.0,0.78208,4.63256,0.05892000000000001,5.5974,0.0,0.0
2024-06-18 04:48:25.00,4.97248,0.0,3.8994000000000004,14.906,0.0,0.0,0.0,0.0
2024-06-18 04:48:26.00,0.0,0.0,2.98368,0.0,0.0,0.0,0.0,0.0
2024-06-18 04:48:27.00,0.0,0.0,0.0,1.3930399999999998,0.0,0.0,0.0,0.0
2024-06-18 04:48:28.00,0.0,0.72432,0.0,0.24272,0.0,0.0,0.7425599999999999,1.00028
2024-06-18 04:48:29.00,0.0,0.0,0.0,0.0,0.0,1.99848,0.0,0.0
2024-06-18 04:48:30.00,11.17032,0.0,0.4672,19.136,0.0,0.0,0.11376,0.0
2024-06-18 04:48:31.00,0.0,0.0,0.05868,0.0,15.794000000000002,1.54872,0.0,4.14876
2024-06-18 04:48:32.00,3.78448,0.0,5.833080000000001,4.256,0.0,0.37367999999999996,0.0,0.0
2024-06-18 04:48:33.00,4.063680000000001,0.0,11.35872,0.2876,0.0,0.6388799999999999,0.0,0.0
2024-06-18 04:48:34.00,13.94508,0.0,1.144,13.044720000000002,0.0,0.23888,0.0,0.0
2024-06-18 04:48:35.00,3.18744,0.0,2.501,3.78684,0.0,0.0,0.812,6.949440000000001
2024-06-18 04:48:36.00,0.40796000000000004,0.0,0.6184000000000001,0.0,0.11872,0.0,0.0,8.74356
2024-06-18 04:48:37.00,0.0,12.039040000000002,0.0,0.0,0.0,1.0030000000000001,0.0,0.0
2024-06-18 04:48:38.00,0.0,0.0,0.6116,0.0,0.0,1.10592,0.0,0.0
2024-06-18 04:48:39.00,0.0,0.0,0.12400000000000001,0.0,0.0,0.43400000000000005,0.0,0.0
2024-06-18 04:48:40.00,7.25504,0.0,0.0,13.680000000000001,0.0,0.0,0.0,0.0
2024-06-18 04:48:41.00,0.0,0.0,2.16576,18.80904,0.0,1.5953600000000001,0.0,0.0
2024-06-18 04:48:42.00,3.84912,0.0,0.0,14.92848,0.0,0.0,0.0,0.0
2024-06-18 04:48:43.00,7.52348,0.0,0.92608,7.0196000000000005,0.0,4.723920000000001,0.0,0.0
2024-06-18 04:48:44.00,0.0,0.0,0.0,0.0,0.0,0.0,0.0,0.0
2024-06-18 04:48:45.00,2.37964,0.0,0.11960000000000001,2.4712800000000006,0.0,2.1534,0.0,0.0
2024-06-18 04:48:46.00,0.0,0.0,10.722719999999999,2.864,0.0,0.5489999999999999,0.0,0.0
2024-06-18 04:48:47.00,0.0,2.29672,0.74784,0.0,0.0,1.7608800000000002,0.0,0.0
2024-06-18 04:48:48.00,0.0,0.0,0.0,0.0,0.0,0.0,0.0,0.0
2024-06-18 04:48:49.00,0.0,0.0,0.0,0.0,0.0,0.0,0.0,0.0
2024-06-18 04:48:50.00,0.0,0.24208,0.12232,0.0,0.0,0.0,0.0,0.11880000000000002
2024-06-18 04:48:51.00,0.0,0.0,0.0,0.0,0.0,0.0,0.0,0.0
2024-06-18 04:48:52.00,0.0,0.0,0.0,0.0,0.0,0.0,0.3088,0.0
2024-06-18 04:48:53.00,0.0,0.0,0.0,0.0,0.0,0.0,0.0,0.0
2024-06-18 04:48:54.00,0.0,0.0,0.0,0.0,0.0,0.0,0.0,0.0
2024-06-18 04:48:55.00,0.0,0.0,0.0,0.0,0.0,0.0,0.0,0.0
2024-06-18 04:48:56.00,0.0,0.0,0.70444,0.0,0.0,0.0,0.0,0.0
2024-06-18 04:48:57.00,0.0,0.0,0.0,0.0,0.0,0.0,0.0,0.0
2024-06-18 04:48:58.00,0.0,0.0,0.0,0.0,0.0,2.24664,0.0,0.0
2024-06-18 04:48:59.00,0.0,0.0,9.971000000000002,0.23712,0.0,6.806880000000001,0.23744,0.0
2024-06-18 04:49:00.00,6.979279999999999,0.0,0.0,25.380319999999998,0.0,0.0,1.1240400000000002,0.0
2024-06-18 04:49:01.00,8.1576,0.0,0.0,4.97576,0.0,4.3186800000000005,1.0944,0.0
2024-06-18 04:49:02.00,5.848,12.866719999999999,3.14184,0.67392,0.67872,2.99344,0.42656,0.88896
2024-06-18 04:49:03.00,0.0,1.4976,0.0,0.0,0.0,0.0,0.0,2.01168
2024-06-18 04:49:04.00,0.0,0.0,0.5784,0.0,0.0,0.0,3.8183999999999996,2.0592
2024-06-18 04:49:05.00,0.0,0.0,0.0,0.0,0.0,0.0,0.0,0.0
2024-06-18 04:49:06.00,0.0,0.0,1.6826400000000001,0.0,0.0,0.0,0.0,0.06012
2024-06-18 04:49:07.00,0.0,0.0,0.0,0.0,0.0,0.0,0.0,0.0
2024-06-18 04:49:08.00,0.0,0.0,0.0,0.0,0.0,0.0,0.0,0.0
2024-06-18 04:49:09.00,0.0,0.0,0.0,0.0,0.0,0.0,0.0,0.0
2024-06-18 04:49:10.00,0.0,0.0,0.0,0.0,0.0,0.0,1.08188,1.1968
2024-06-18 04:49:11.00,0.0,0.0,0.0,0.0,0.0,0.0,0.0,0.0
2024-06-18 04:49:12.00,0.0,0.0,0.0,0.0,0.0,0.057640000000000004,19.26576,1.9554799999999999
2024-06-18 04:49:13.00,0.0,0.0,0.0,0.0,0.0,0.0,0.06436,0.0
2024-06-18 04:49:14.00,0.0,0.17628,0.0,0.0,0.0,0.0,21.493119999999998,0.0
2024-06-18 04:49:15.00,0.0,12.4012,0.21568,0.0,6.424,0.71968,0.0,0.0
2024-06-18 04:49:16.00,0.0,0.0,0.0,0.0,0.0,0.0,0.0,0.0
2024-06-18 04:49:17.00,0.0,0.0,0.24208,0.0,0.354,0.244,9.2736,1.1904000000000001
2024-06-18 04:49:18.00,0.0,0.73632,0.0,0.0,0.0,0.0,0.0,0.0
2024-06-18 04:49:19.00,0.0,4.626,0.0,0.0,0.0,1.01312,0.0,0.0
2024-06-18 04:49:20.00,0.0,0.0,0.0,0.0,0.0,0.0,1.31796,0.06072
2024-06-18 04:49:21.00,0.0,0.0,0.0,0.0,0.0,0.0,1.2032,0.6969599999999999
2024-06-18 04:49:22.00,0.0,0.7815599999999999,0.0,0.0,0.0,0.0,0.0,0.0
2024-06-18 04:49:23.00,0.0,0.0,0.0,0.0,0.0,0.0,0.0,0.0
2024-06-18 04:49:24.00,0.0,0.0,0.0,0.0,0.0,0.0,1.6416000000000002,0.0
2024-06-18 04:49:25.00,0.0,0.0,0.0,0.0,0.06420000000000001,0.0,0.0,0.0
2024-06-18 04:49:26.00,0.0,0.6839999999999999,0.0,0.05988,0.0,0.0,12.179879999999999,0.84728
2024-06-18 04:49:27.00,15.868800000000002,0.0,0.0,9.719640000000002,0.0,0.22208,0.0,0.0
2024-06-18 04:49:28.00,0.0,6.5436000000000005,0.0,0.0,0.0,1.8155999999999999,0.0,0.0
2024-06-18 04:49:29.00,0.0,0.0,0.0,0.0,0.0,0.0,0.0,0.0
2024-06-18 04:49:30.00,0.0,0.0,1.5168,0.0,0.0,0.0,0.0,0.0
2024-06-18 04:49:31.00,0.0,0.0,0.44688000000000005,0.0,0.0,0.0,0.0,0.0
2024-06-18 04:49:32.00,0.0,0.0,0.0,0.0,0.0,0.0,0.0,0.24992
2024-06-18 04:49:33.00,0.0,0.0,0.9425999999999999,0.0,0.0,0.0,0.0,0.0
2024-06-18 04:49:34.00,0.0,0.0,1.9678799999999999,0.0,0.0,0.0,0.2504,0.0
2024-06-18 04:49:35.00,0.0,0.0,0.0,0.0,0.0,0.19404,0.0,0.0
2024-06-18 04:49:36.00,0.0,0.0,0.0,0.0,0.0,1.14912,0.0,0.0
2024-06-18 04:49:37.00,0.0,0.0,0.0,0.0,0.0,0.50656,0.0,0.0
2024-06-18 04:49:38.00,0.0,0.0,0.0,0.0,0.0,0.77856,0.0,0.0
2024-06-18 04:49:39.00,0.0,0.0,1.23272,0.0,0.0,0.0,0.0,0.0
2024-06-18 04:49:40.00,0.0,0.0,0.0,0.0,0.0,0.0,0.0,0.0
2024-06-18 04:49:41.00,0.0,0.0,0.0,0.0,0.0,0.0,0.0,0.0
2024-06-18 04:49:42.00,4.9024,0.0,2.15856,5.3204,0.0,1.44,0.0,0.0
2024-06-18 04:49:43.00,0.0,0.0,0.065,0.0,0.0,0.0,0.0,0.0
2024-06-18 04:49:44.00,0.0,0.0,0.57348,0.0,0.0,0.0,0.0,0.0
2024-06-18 04:49:45.00,0.0,0.0,0.0,0.55368,0.0,4.27728,0.0,0.0
2024-06-18 04:49:46.00,0.0,0.0,1.2080000000000002,0.0,0.0,2.72096,0.25664000000000003,0.0
2024-06-18 04:49:47.00,1.19396,0.0,0.0,0.0,0.0,0.9348,0.25712,0.0
2024-06-18 04:49:48.00,0.0,0.0,0.0,0.0,0.0,0.06444,2.772,0.0
2024-06-18 04:49:49.00,11.223999999999998,0.0,0.0,17.90096,0.0,0.67248,0.0,2.5578
2024-06-18 04:49:50.00,0.0,0.0,0.0,0.0,14.79104,0.0,0.0,1.6362
2024-06-18 04:49:51.00,0.0,7.5249999999999995,0.48416,0.0,0.0,0.84728,0.0,4.36792
2024-06-18 04:49:52.00,0.0,0.0,0.0,0.0,0.0,0.82524,0.0,0.0
2024-06-18 04:49:53.00,0.0,0.0,0.0,0.0,0.0,0.0,0.0,0.0
2024-06-18 04:49:54.00,0.0,0.0,0.0,3.114,0.0,4.4044799999999995,0.059680000000000004,0.0
2024-06-18 04:49:55.00,0.0,0.0,0.951,0.0,0.0,0.0,0.0,0.0
2024-06-18 04:49:56.00,4.43408,0.0,3.75144,0.0,0.0,12.4804,0.0,0.0
2024-06-18 04:49:57.00,0.3990000000000001,0.0,14.32248,1.6889600000000002,0.0,2.928,0.05784,0.0
2024-06-18 04:49:58.00,0.2842,0.0,4.42596,0.8148000000000001,3.0326400000000002,1.0655999999999999,0.0,0.0
2024-06-18 04:49:59.00,0.82096,0.0,11.197439999999999,1.1019999999999999,0.0,0.0,0.0,0.0
2024-06-18 04:50:00.00,0.0,0.0,2.8133999999999997,0.0,0.0,0.0,0.0,0.0
2024-06-18 04:50:01.00,1.06556,0.0,0.6520799999999999,0.0,0.0,2.33544,0.0,0.0
2024-06-18 04:50:02.00,0.0,0.9239999999999999,0.0,0.0,0.0,1.2384000000000002,0.0,0.0
2024-06-18 04:50:03.00,0.0,0.0,0.0,0.0,0.0,0.0,0.0,0.0
2024-06-18 04:50:04.00,0.0,0.0,0.0,0.0,0.0,0.56844,0.0,0.0
2024-06-18 04:50:05.00,0.0,0.0,0.0,0.0,0.0,0.0,0.0,0.0
2024-06-18 04:50:06.00,0.0,0.0,0.0,0.0,0.0,0.0,0.0,0.0
2024-06-18 04:50:07.00,0.0,0.0,0.0,0.0,0.0,0.0618,0.25328,0.0
2024-06-18 04:50:08.00,0.71616,0.0,0.54324,5.9736,0.0,1.7098400000000002,0.0,0.0
2024-06-18 04:50:09.00,0.0,0.0,0.56088,0.0,0.0,0.0,0.062400000000000004,0.0
2024-06-18 04:50:10.00,0.0,0.0,0.0,0.0,0.0,0.0,0.0,0.0
2024-06-18 04:50:11.00,1.7214400000000003,0.0,7.9268,0.30800000000000005,0.0,3.18424,0.0,0.0
2024-06-18 04:50:12.00,0.0,0.0,0.0,0.0,0.0,0.0,0.0,0.0
2024-06-18 04:50:13.00,0.0,0.0,0.0,0.0,0.0,0.0,0.0,0.0
2024-06-18 04:50:14.00,0.0,3.72992,0.0,0.0,0.0,0.0,2.912,5.88392
2024-06-18 04:50:15.00,0.0,0.0,0.0,0.0,0.0,0.50048,0.8523200000000001,0.0
2024-06-18 04:50:16.00,0.0,0.0,0.0,0.0,0.0,0.0,0.0,0.0
2024-06-18 04:50:17.00,0.0,0.0,1.1541599999999999,0.0,0.0,0.0,0.0,0.0
2024-06-18 04:50:18.00,0.0,0.0,0.0,0.0,0.0,0.0,0.0,0.0
2024-06-18 04:50:19.00,0.0,3.14568,0.0,0.0,0.0,0.0,0.0,0.0
2024-06-18 04:50:20.00,0.0,0.0,0.0,0.0,0.0,0.0,0.57024,0.0
2024-06-18 04:50:21.00,0.0,0.0,0.0,0.0,0.0,0.12832000000000002,0.0,0.0
2024-06-18 04:50:22.00,0.0,0.0,0.0,0.0,0.0,0.0,0.0,0.0
2024-06-18 04:50:23.00,0.0,0.0,0.0,0.0,0.0,0.9920000000000001,0.0,0.0
2024-06-18 04:50:24.00,0.0,0.0,0.0,0.0,0.0,0.0,0.0,0.0
2024-06-18 04:50:25.00,0.0,0.0,0.0,0.0,0.0,0.0,0.0,0.0
2024-06-18 04:50:26.00,0.0,0.0,0.0,6.38464,0.0,16.233599999999996,1.6576000000000002,0.0
2024-06-18 04:50:27.00,0.0,0.0,0.0,0.11968000000000001,0.0,0.0,1.1632,0.72672
2024-06-18 04:50:28.00,7.3824,0.0,0.97512,3.74976,0.0,3.0846400000000003,0.0,0.0
2024-06-18 04:50:29.00,0.12183999999999999,0.0,0.7536,0.38183999999999996,0.0,0.0,0.0,0.0
2024-06-18 04:50:30.00,0.23872000000000002,0.0,10.861759999999999,4.52288,0.0,0.40376,0.0,0.0
2024-06-18 04:50:31.00,3.71504,0.0,4.900320000000001,11.18976,0.0,0.0,0.0,0.0
2024-06-18 04:50:32.00,0.0,0.0,0.46304,0.0,0.0,1.1968,6.2822,0.12328
2024-06-18 04:50:33.00,21.787360000000003,0.0,2.2416,1.05792,0.0,0.27440000000000003,4.5536,1.9612800000000001
2024-06-18 04:50:34.00,4.03648,0.0,3.1376,5.79376,0.0,0.0,3.9101200000000005,0.0
2024-06-18 04:50:35.00,0.0,0.0,10.904679999999999,0.0,0.0,1.511,0.0,0.0
2024-06-18 04:50:36.00,0.0,0.0,4.08432,0.0,0.0,0.96,3.1778800000000005,0.0
2024-06-18 04:50:37.00,0.0,0.0,1.01248,0.0,0.0,0.0,0.0,0.0
2024-06-18 04:50:38.00,0.0,0.0,0.0,0.0,0.0,0.0,0.0,0.0
2024-06-18 04:50:39.00,0.0,0.0,0.0,0.0,0.0,0.0,0.12304000000000001,3.85024
2024-06-18 04:50:40.00,0.0,0.0,0.0,0.0,0.0,0.0,0.9378,0.0
2024-06-18 04:50:41.00,0.0,0.0,0.0,0.0,0.0,0.0,0.9312,7.77216
2024-06-18 04:50:42.00,0.0,4.17544,0.0,0.0,0.0,0.3042,1.2744,0.0
2024-06-18 04:50:43.00,0.0,0.0,0.0,0.0,0.0,0.0,2.5905600000000004,0.06276
2024-06-18 04:50:44.00,0.0,0.0,0.06292,0.0,0.9101999999999999,0.0,0.0,2.27088
2024-06-18 04:50:45.00,0.0,0.0,0.0,0.0,0.0,0.0,0.0,0.0
2024-06-18 04:50:46.00,0.0,0.0,0.064,0.0,0.0,0.0,0.0,0.0
2024-06-18 04:50:47.00,0.0,0.0,0.6108,0.0,0.0,0.06024,0.0,6.66
2024-06-18 04:50:48.00,0.0,0.0,0.24112,0.0,0.05868,0.0,0.0,5.6411999999999995
2024-06-18 04:50:49.00,0.0,0.0,2.89248,0.0,0.0,0.0,0.0,0.0
2024-06-18 04:50:50.00,0.0,7.22568,0.0,0.0,0.531,2.4000000000000004,0.0,0.0
2024-06-18 04:50:51.00,0.0,0.0,0.0,0.0,0.0,2.37424,0.0,0.0
2024-06-18 04:50:52.00,0.0,0.0,0.244,0.0,0.0,0.0,0.0,0.0
2024-06-18 04:50:53.00,0.0,0.0,10.116360000000002,3.0264,0.0,5.0082,0.0,0.0
2024-06-18 04:50:54.00,0.0,5.92416,1.416,0.0,7.20676,0.0,0.5356799999999999,0.23232
2024-06-18 04:50:55.00,0.0,0.126,0.0,0.0,0.0,0.36744,1.0852800000000002,0.0
2024-06-18 04:50:56.00,0.0,0.0,0.93632,10.761479999999999,0.0,8.248800000000001,0.0,0.0
2024-06-18 04:50:57.00,0.0,0.0,1.9992,1.26756,0.0,1.6340800000000002,0.76232,0.0
2024-06-18 04:50:58.00,0.0,0.0,8.607199999999999,0.0,0.0,0.12032,4.2768,0.0
2024-06-18 04:50:59.00,0.0,0.0,1.7449600000000003,0.0,0.0,3.4707200000000005,0.0,0.0
2024-06-18 04:51:00.00,0.0,0.0,0.0,0.0,0.0,0.0,0.0,0.0
2024-06-18 04:51:01.00,0.0,0.0,0.38256,0.0,0.0,0.0,0.0,0.0
2024-06-18 04:51:02.00,10.50524,0.0,2.6622,8.7216,0.0,0.45088,3.29728,0.0
2024-06-18 04:51:03.00,0.0,0.0,0.0,0.0,0.0,0.0,5.51096,0.51012
2024-06-18 04:51:04.00,0.0,0.0,4.1884,10.17152,0.0,0.40264,0.0,0.0
2024-06-18 04:51:05.00,20.98548,0.0,1.4150399999999999,6.2522400000000005,0.0,1.2751199999999998,0.0,0.0
2024-06-18 04:51:06.00,5.92128,0.0,0.0,0.0,0.0,0.9053999999999999,0.11856,0.0
2024-06-18 04:51:07.00,0.23584,0.0,4.2392,0.0,0.0,0.12208000000000001,0.0,0.43848000000000004
2024-06-18 04:51:08.00,19.656,0.0,0.0,15.714000000000002,0.0,0.0,1.7351999999999999,0.0
2024-06-18 04:51:09.00,0.0,0.0,0.0,0.0,0.0,0.0,0.25648,0.0
2024-06-18 04:51:10.00,0.0,0.0,1.008,0.0,0.0,0.0,0.0,0.0
2024-06-18 04:51:11.00,0.0,0.0,1.5100799999999999,0.0,0.0,0.0,3.2775200000000004,0.0
2024-06-18 04:51:12.00,0.36863999999999997,0.0,0.0,0.24431999999999998,0.0,1.10448,0.0,0.0
2024-06-18 04:51:13.00,0.0,0.0,0.41552000000000006,0.0,0.0,2.0724,0.0,0.0
2024-06-18 04:51:14.00,0.0,0.1746,1.42848,0.0,0.0,0.0,0.061200000000000004,0.0
2024-06-18 04:51:15.00,0.0,0.0,4.9408,0.0,0.0,0.0,0.0,0.0
2024-06-18 04:51:16.00,0.0,26.89808,0.0,0.0,4.13424,0.0,2.7677600000000004,1.0138800000000001
2024-06-18 04:51:17.00,0.7339199999999999,0.0,0.0,2.5977599999999996,0.0,1.5277600000000002,0.0,0.0
2024-06-18 04:51:18.00,2.8028,0.0,6.776160000000001,0.33503999999999995,0.0,2.5559999999999996,3.45504,0.0
2024-06-18 04:51:19.00,4.102,0.0,4.3929599999999995,3.32688,0.0,1.2916799999999997,0.0,0.0
2024-06-18 04:51:20.00,0.0,0.0,1.386,0.0,0.0,0.0,0.0,0.0
2024-06-18 04:51:21.00,0.0,0.0,0.0,0.0,0.0,0.49632,0.19056,0.0
2024-06-18 04:51:22.00,0.0,0.0,0.0,0.0,10.51624,0.0,20.40608,0.90688
2024-06-18 04:51:23.00,0.0,0.0,0.22544,0.0,7.2499199999999995,0.0,22.85688,0.0
2024-06-18 04:51:24.00,0.0,14.7806,0.0,0.0,1.3217599999999998,0.0,0.0,4.1272
2024-06-18 04:51:25.00,0.0,0.0,0.0,0.0,0.0,0.0,20.2464,0.0
2024-06-18 04:51:26.00,0.0,7.365600000000001,0.6008,0.0,0.29700000000000004,0.0,1.57976,2.11048
2024-06-18 04:51:27.00,0.0,0.0,0.0,0.0,0.0,0.43064,0.0,0.0
2024-06-18 04:51:28.00,0.0,0.0,0.0,0.0,3.1227600000000004,0.0,18.48204,0.0
2024-06-18 04:51:29.00,0.0,0.0,0.0,0.0,0.0,0.0,0.0,0.0
2024-06-18 04:51:30.00,0.0,0.0,1.586,0.0,0.0,0.0,0.0,0.0
2024-06-18 04:51:31.00,0.0,0.0,0.0,0.06264,0.0,0.0,0.0,0.0
2024-06-18 04:51:32.00,0.1764,0.0,1.5506400000000002,1.41956,0.0,0.17556,0.29960000000000003,3.1968
2024-06-18 04:51:33.00,2.6169599999999997,0.0,5.59548,3.4521600000000006,0.0,0.057800000000000004,6.12896,2.2085600000000003
2024-06-18 04:51:34.00,13.946880000000002,3.666,0.0,9.716,2.7034399999999996,0.0,0.0,0.0
2024-06-18 04:51:35.00,11.11176,0.0,0.4914,12.750720000000003,0.0,0.0,10.98384,9.72592
2024-06-18 04:51:36.00,9.77704,0.0,0.0,9.63756,0.0,0.0,13.1208,1.5880400000000001
2024-06-18 04:51:37.00,0.0,13.822439999999999,0.0,0.0,0.0,0.0,0.0,0.0
2024-06-18 04:51:38.00,0.0,0.0,0.0,0.0,0.0,0.0,0.0,0.0
2024-06-18 04:51:39.00,0.0,0.0,1.3146,0.0,0.0,0.0,0.24960000000000002,0.0
2024-06-18 04:51:40.00,0.0,0.0,0.99328,0.0,0.0,0.0,0.0,0.0
2024-06-18 04:51:41.00,0.0,0.0,1.17268,0.0,3.46212,0.0,0.0,0.0
2024-06-18 04:51:42.00,0.0,6.8672,0.0,0.0,0.0,0.0,8.45048,17.052599999999998
2024-06-18 04:51:43.00,0.0,0.0,1.1936,0.0,0.0,0.0,4.403519999999999,0.0
2024-06-18 04:51:44.00,0.0,0.0,0.0,0.0,0.0,0.0,0.24864,0.0
2024-06-18 04:51:45.00,0.0,0.0,0.0,0.0,0.0,0.0,0.0,0.0
2024-06-18 04:51:46.00,0.0,0.0,0.0,0.0,0.0,0.0,1.46112,0.0
2024-06-18 04:51:47.00,0.7238399999999999,0.0,4.234,5.358079999999999,0.0,7.137440000000001,0.0,0.0
2024-06-18 04:51:48.00,0.47456000000000004,0.0,0.87,1.1331600000000002,0.0,0.0,0.0,0.0
2024-06-18 04:51:49.00,0.0,0.0,0.0,0.3624,0.0,0.0,0.0,4.2
2024-06-18 04:51:50.00,0.0,4.58328,0.0,0.96256,0.0,0.17856,0.0,0.0
2024-06-18 04:51:51.00,0.0,11.972,3.0125200000000003,0.0,0.8472,3.80688,0.0,0.0
2024-06-18 04:51:52.00,0.0,2.4192,20.221,0.0,0.0,8.192800000000002,0.0,0.0
2024-06-18 04:51:53.00,0.0,2.3386400000000003,13.220400000000001,0.0,0.0,3.8833200000000003,0.0,0.0
2024-06-18 04:51:54.00,0.0,10.483199999999998,0.05912,0.0,3.69936,0.05668,0.11536,0.12024
2024-06-18 04:51:55.00,0.0,0.0,0.061,0.0,0.0,0.0,0.0,0.0
2024-06-18 04:51:56.00,0.0,0.0,0.49600000000000005,0.0,0.0,0.0,0.0,0.0
2024-06-18 04:51:57.00,0.0,0.0,0.0,0.0,0.0,0.0,0.0,0.0
2024-06-18 04:51:58.00,0.0,0.0,0.0,0.0,0.0,0.0,0.0,0.0
2024-06-18 04:51:59.00,0.0,0.0,0.0,0.0,0.0,0.0,0.0,0.25072
2024-06-18 04:52:00.00,0.0,0.0,0.0,0.0,0.0,0.0,0.0,0.0
2024-06-18 04:52:01.00,0.0,0.0,0.0,0.0,0.0,1.3947999999999998,0.0,0.0
2024-06-18 04:52:02.00,0.0,0.0,0.0,0.0,0.0,0.43792000000000003,0.0,0.0
2024-06-18 04:52:03.00,0.0,0.0,0.49984,0.0,0.0,0.0,0.0,0.0
2024-06-18 04:52:04.00,0.0,0.0,0.0,0.0,0.0,0.0,0.0,0.0
2024-06-18 04:52:05.00,0.0,0.0,0.0,0.0,0.0,0.0,0.0,0.0
2024-06-18 04:52:06.00,0.0,0.0,0.0,0.0,0.0,0.0,0.0,0.0
2024-06-18 04:52:07.00,0.0,0.0,0.0,0.0,0.0,0.0,0.2536,0.0
2024-06-18 04:52:08.00,0.0,0.0,0.0,0.0,0.0,0.0,0.0,0.0
2024-06-18 04:52:09.00,0.0,0.0,0.0,0.0,0.0,0.0,0.0,0.0
2024-06-18 04:52:10.00,0.0,0.0,0.51136,0.0,0.0,0.0,0.0,0.0
2024-06-18 04:52:11.00,0.0,0.0,0.756,0.0,0.0,0.0,0.0,0.0
2024-06-18 04:52:12.00,0.0,0.0,0.0,0.0,0.0,0.0,0.0,0.0
2024-06-18 04:52:13.00,0.0,0.0,0.256,0.0,0.0,0.0,0.0,0.0
2024-06-18 04:52:14.00,0.0,0.0,0.12632,0.0,0.0,0.0,0.0,0.0
2024-06-18 04:52:15.00,0.0,0.0,0.0,0.0,0.0,0.0,0.3134,0.19163999999999998
2024-06-18 04:52:16.00,0.0,0.0,1.7752000000000001,0.0,0.0,0.0,0.0,0.0
2024-06-18 04:52:17.00,0.0,0.0,0.0,0.0,0.0,1.0201600000000002,0.0,0.0
2024-06-18 04:52:18.00,0.0,0.0,0.0,0.0,0.0,0.0,0.0,0.0
2024-06-18 04:52:19.00,0.0,0.0,0.0,0.0,0.0,0.0,0.0,0.0
2024-06-18 04:52:20.00,0.0,0.0,0.0,0.0,0.0,0.0,0.0,0.0
2024-06-18 04:52:21.00,0.0,0.0,0.0,0.0,0.0,0.18672,0.0,0.0
2024-06-18 04:52:22.00,0.0,0.0,0.0,0.0,0.0,0.0,0.0,0.0
2024-06-18 04:52:23.00,0.0,0.0,0.0,0.0,0.0,0.0,0.0,0.0
2024-06-18 04:52:24.00,0.0,0.0,0.0,0.0,0.0,0.2552,0.0,0.0
2024-06-18 04:52:25.00,0.0,0.0,0.0,0.0,0.0,1.0900400000000001,0.0,0.0
2024-06-18 04:52:26.00,0.0,0.0,0.0,0.0,0.0,0.0,0.0,0.0
2024-06-18 04:52:27.00,0.0,0.0,0.9576,0.0,0.0,0.0,0.0,0.0
2024-06-18 04:52:28.00,0.0,0.0,0.0,0.0,0.0,0.0,0.0,0.0
2024-06-18 04:52:29.00,0.0,0.0,0.0,0.0,0.0,1.5158399999999999,0.0,0.0
2024-06-18 04:52:30.00,0.0,0.0,3.13,0.0,0.0,0.06132,0.0,0.0
2024-06-18 04:52:31.00,0.0,0.0,1.2632,0.0,0.0,0.0,0.0,0.0
2024-06-18 04:52:32.00,0.0,0.0,0.0,0.0,0.0,0.0,0.0,0.0
2024-06-18 04:52:33.00,0.37008,0.0,1.33676,0.06068,0.0,7.013280000000001,0.0,0.0
2024-06-18 04:52:34.00,0.0,0.0,0.0,0.0,0.0,0.0,0.0,0.0
2024-06-18 04:52:35.00,0.0,0.0,0.0,0.0,0.0,0.0,0.0,0.0
2024-06-18 04:52:36.00,0.0,0.0,0.0,0.0,0.0,0.0,0.25472,0.0
2024-06-18 04:52:37.00,0.0,0.0,0.0,0.0,0.0,0.76176,0.0,0.0
2024-06-18 04:52:38.00,0.0,0.0,0.0,0.0,0.0,0.12208000000000001,0.0,0.0
2024-06-18 04:52:39.00,0.0,0.0,0.0,0.0,0.0,0.6316,0.0,0.0
2024-06-18 04:52:40.00,0.0,0.0,1.1984000000000001,0.0,0.0,0.74592,0.0,0.0
2024-06-18 04:52:41.00,0.0,0.0,0.8153600000000001,0.0,0.0,0.0,0.0,0.0
2024-06-18 04:52:42.00,0.0,0.0,0.0,0.0,0.0,0.0,0.0,0.0
2024-06-18 04:52:43.00,0.0,0.0,1.77296,0.0,0.0,0.0,0.0,0.0
2024-06-18 04:52:44.00,0.0,0.0,0.37992,0.0,0.0,0.25424,0.0,0.0
2024-06-18 04:52:45.00,0.0,0.0,0.0,0.0,0.0,0.0,0.0,0.0
2024-06-18 04:52:46.00,0.0,0.0,0.0,0.0,0.0,2.5136000000000003,0.8736000000000002,0.0
2024-06-18 04:52:47.00,0.0,0.0,0.0,0.0,0.0,0.0,0.0,0.0
2024-06-18 04:52:48.00,0.0,0.0,0.0,0.0,0.0,0.0,0.0,0.0
2024-06-18 04:52:49.00,0.0,0.0,4.672359999999999,0.0,0.0,0.0,0.0,0.0
2024-06-18 04:52:50.00,5.88936,0.0,13.413599999999997,0.0,0.0,0.9418000000000001,8.904,2.81064
2024-06-18 04:52:51.00,0.0,0.0,0.0,0.0,0.0,0.0,0.854,7.4976
2024-06-18 04:52:52.00,0.0,0.0,0.0,0.0,0.0,0.0,0.0,0.25264
2024-06-18 04:52:53.00,0.0,0.0,2.08956,0.0,0.0,0.0,0.0,0.0
2024-06-18 04:52:54.00,0.0,0.0,0.0,0.0,0.0,1.7752000000000001,0.0,0.0
2024-06-18 04:52:55.00,0.0,0.0,1.6182400000000001,0.0,0.0,0.0,0.0,0.0
2024-06-18 04:52:56.00,0.0,0.0,2.0998400000000004,0.0,0.0,0.0,0.06084,0.0
2024-06-18 04:52:57.00,0.0,0.0,0.36695999999999995,0.0,0.0,1.561,1.13616,0.0
2024-06-18 04:52:58.00,0.0,0.0,0.8008000000000001,0.0,0.0,1.8386000000000002,0.0,0.0
2024-06-18 04:52:59.00,0.0,0.0,0.0,0.0,0.0,0.0,0.0,0.0
2024-06-18 04:53:00.00,0.0,0.0,0.0,0.0,0.0,0.0,0.0,0.0
2024-06-18 04:53:01.00,0.0,0.0,0.0,0.0,0.0,0.0,0.0,0.0
2024-06-18 04:53:02.00,0.0,0.0,0.256,0.0,0.0,0.0,0.0,0.0
2024-06-18 04:53:03.00,0.0,0.0,0.0,0.0,0.0,0.0,0.0,0.0
2024-06-18 04:53:04.00,0.0,0.0,0.0,0.0,0.0,0.74928,0.0,0.0
2024-06-18 04:53:05.00,0.0,0.50592,0.0,0.0,0.0,0.0,0.372,0.0
2024-06-18 04:53:06.00,0.0,0.0,0.0,0.0,0.0,0.0,0.0,0.0
2024-06-18 04:53:07.00,0.0,0.0,0.0,0.0,0.0,0.0,0.0,0.0
2024-06-18 04:53:08.00,0.0,0.0,0.0,0.0,0.0,1.1037599999999999,0.0,0.0
2024-06-18 04:53:09.00,0.0,0.0,2.7323999999999997,0.0,0.0,2.15152,0.0,0.0
2024-06-18 04:53:10.00,0.0,0.0,0.3068,0.0,0.0,2.42424,0.0,0.0
2024-06-18 04:53:11.00,0.18936,0.0,0.0,0.0,0.0,0.12215999999999999,0.0,0.0
2024-06-18 04:53:12.00,0.0,0.0,0.24128,0.1848,0.0,2.079,0.0,0.0
2024-06-18 04:53:13.00,0.0,0.0,1.28772,0.0,0.0,3.86384,0.0,0.0
2024-06-18 04:53:14.00,0.0,0.0,8.20512,0.0,0.0,0.0,0.0,0.0
2024-06-18 04:53:15.00,0.0,0.0,0.0,0.0,0.0,0.12304000000000001,0.0,0.0
2024-06-18 04:53:16.00,0.0,0.0,0.0,0.0,0.0,0.0,0.0,0.0
2024-06-18 04:53:17.00,0.0,0.0,1.567,0.0,0.0,0.0,0.0,0.0
2024-06-18 04:53:18.00,0.0,0.0,0.0,0.0,0.0,0.6973999999999999,0.0,0.3088
2024-06-18 04:53:19.00,0.0,0.0,0.0,0.0,0.0,1.26,0.0,0.0
2024-06-18 04:53:20.00,0.0,0.0,0.6969599999999999,0.0,0.0,0.0,0.0,0.0
2024-06-18 04:53:21.00,0.0,0.0,0.0,0.0,0.0,0.0,0.0,0.0
2024-06-18 04:53:22.00,0.0,0.0,0.0,0.0,0.0,0.0,0.0,0.0
2024-06-18 04:53:23.00,0.0,0.0,0.0,0.0,0.0,0.0,0.06368,0.0
2024-06-18 04:53:24.00,0.0,0.0,0.0,0.0,0.0,0.0,0.0,0.0
2024-06-18 04:53:25.00,0.0,0.0,0.0,0.0,2.0594,0.0,10.087,0.2948
2024-06-18 04:53:26.00,0.0,0.0,0.0,0.0,0.0,0.0,0.0,0.0
2024-06-18 04:53:27.00,0.0,0.0,21.087,0.0,0.0,13.850760000000001,0.0,0.0
2024-06-18 04:53:28.00,0.0,0.0,1.3305600000000002,0.0,0.0,0.0,0.0,0.0
2024-06-18 04:53:29.00,0.0,0.0,0.0,0.0,0.0,0.0,0.0,0.0
2024-06-18 04:53:30.00,0.22576000000000002,0.0,7.1176,3.5612399999999997,0.0,3.18528,0.0,0.0
2024-06-18 04:53:31.00,0.54,0.0,9.5448,1.57248,0.0,3.54,0.0,0.0
2024-06-18 04:53:32.00,0.0,0.0,8.44416,4.0072399999999995,0.0,0.17495999999999998,0.0,0.0
2024-06-18 04:53:33.00,0.0,0.0,0.0,0.0,0.0,0.7656,0.0,0.0
2024-06-18 04:53:34.00,0.0,0.0,0.0,0.0,0.0,0.0,0.0,0.0
2024-06-18 04:53:35.00,0.0,0.0,0.0,0.0,0.0,0.0,0.0,0.0
2024-06-18 04:53:36.00,0.0,0.0,0.0,0.0,0.0,0.0,0.0,0.0
2024-06-18 04:53:37.00,0.0,0.0,0.12264,5.1986,0.0,1.5062399999999998,0.0,0.0
2024-06-18 04:53:38.00,0.7846799999999999,0.0,10.485119999999998,0.0,0.0,0.0,0.48384,0.0
2024-06-18 04:53:39.00,0.0,0.0,3.9962,0.24736000000000002,0.0,0.05852,1.3919599999999999,0.29940000000000005
2024-06-18 04:53:40.00,0.0,0.0,0.0,0.0,0.0,0.72,0.06156,0.0
2024-06-18 04:53:41.00,0.6894799999999999,0.0,4.5396,0.0,0.0,0.0,0.0,0.0
2024-06-18 04:53:42.00,0.0,0.0,0.0,0.0,0.0,1.51872,0.0,0.0
2024-06-18 04:53:43.00,0.0,0.0,0.0,0.0,0.0,0.0,0.0,0.0
2024-06-18 04:53:44.00,0.0,0.0,0.0,0.0,0.0,0.0,0.0,0.0
2024-06-18 04:53:45.00,0.0,0.0,0.0,0.0,0.0,0.0,0.0,0.0
2024-06-18 04:53:46.00,0.0,0.0,0.0,0.0,0.0,0.0,0.0,0.0
2024-06-18 04:53:47.00,0.0,0.0,0.0,0.0,0.0,0.38376,0.0,0.0
2024-06-18 04:53:48.00,0.0,0.0,0.0,0.0,0.0,0.0,0.0,0.0
2024-06-18 04:53:49.00,0.0,0.0,0.0,0.0,0.0,1.4499199999999999,0.0,0.0
2024-06-18 04:53:50.00,0.0,0.0,0.0,0.0,0.0,0.8299200000000001,0.0,0.0
2024-06-18 04:53:51.00,0.0,0.0,0.31160000000000004,0.0,0.0,0.0,0.0,0.0
2024-06-18 04:53:52.00,0.0,0.0,0.0,0.0,0.0,0.0,0.0,0.0
2024-06-18 04:53:53.00,0.0,0.0,0.0,0.0,0.0,0.0,0.0,0.0
2024-06-18 04:53:54.00,0.0,0.0,0.76944,0.0,0.0,0.0,0.0,0.0
2024-06-18 04:53:55.00,0.0,0.0,1.2664,0.76176,0.0,0.0,0.0,0.0
2024-06-18 04:53:56.00,0.0,0.0,0.0,0.0,0.0,0.0,0.0,0.0
2024-06-18 04:53:57.00,1.5512000000000001,7.235,10.46904,0.0,0.33503999999999995,5.6944799999999995,0.0,0.0
2024-06-18 04:53:58.00,0.0,0.0,0.0,0.0,0.18516,0.75936,0.0,0.0
2024-06-18 04:53:59.00,22.305919999999997,0.0,0.0,0.0,0.0,1.2264000000000002,0.8433600000000001,0.0
2024-06-18 04:54:00.00,22.8152,0.0,0.0,0.0,0.0,18.1044,0.0,0.0
2024-06-18 04:54:01.00,20.620799999999996,0.17796,0.0,0.23392,0.0,8.260000000000002,0.0,0.0
2024-06-18 04:54:02.00,0.0,0.0,0.0,0.0,0.0,2.08956,0.0,0.0
2024-06-18 04:54:03.00,0.0,0.0,0.79976,0.0,0.0,0.0,0.0,0.0
2024-06-18 04:54:04.00,0.0,0.0,0.0,0.0,0.0,0.98752,0.19104000000000002,0.0
2024-06-18 04:54:05.00,0.0,0.0,0.0,0.0,0.0,0.0,0.0,0.0
2024-06-18 04:54:06.00,0.0,0.0,0.5075200000000001,0.0,0.0,0.0,0.0,0.0
2024-06-18 04:54:07.00,0.0,0.0,0.0,0.0,0.0,0.06228,0.0,0.0
2024-06-18 04:54:08.00,0.0,0.0,0.0,0.0,0.0,0.7607999999999999,0.0,0.0
2024-06-18 04:54:09.00,0.0,0.0,0.6753999999999999,0.25264,0.0,0.0,0.0,0.0
2024-06-18 04:54:10.00,0.0,0.0,0.06312000000000001,0.0,0.0,0.0,0.0,0.0
2024-06-18 04:54:11.00,0.0,0.0,0.18528,0.0,0.0,1.51392,0.0,0.0
2024-06-18 04:54:12.00,0.0,0.0,2.8349999999999995,0.0,0.0,0.0,0.0,0.0
2024-06-18 04:54:13.00,0.0,0.12352,2.8259999999999996,0.0,0.0,0.0,0.0,0.0
2024-06-18 04:54:14.00,0.0,0.0,0.9521999999999999,0.0,0.0,0.0,0.0,0.0
2024-06-18 04:54:15.00,0.0,0.0,0.0,0.0,0.0,0.0,0.18996,0.0
2024-06-18 04:54:16.00,0.0,0.0,6.204,0.0,0.0,2.23332,0.0,0.0
2024-06-18 04:54:17.00,0.0,0.0,1.17344,0.0,0.0,3.23856,0.0,0.0
2024-06-18 04:54:18.00,0.0,0.0,0.0,0.0,0.0,0.7579199999999999,0.0,0.0
2024-06-18 04:54:19.00,0.0,0.0,0.9425999999999999,0.0,0.0,0.0,0.0,0.0
2024-06-18 04:54:20.00,0.0,0.0,0.49632,0.0,0.0,0.0,0.0,0.0
2024-06-18 04:54:21.00,18.494880000000002,0.0,1.2664,0.0,0.0,0.0,0.0,0.0
2024-06-18 04:54:22.00,0.0,0.0,0.25328,0.0,0.0,0.0,0.0,0.0
2024-06-18 04:54:23.00,0.0,0.0,0.0,0.0,0.0,0.0,0.0,0.0
2024-06-18 04:54:24.00,0.0,0.0,0.0,0.0,0.0,0.0,0.0,0.0
2024-06-18 04:54:25.00,0.0,0.0,0.0,0.0,0.0,0.0,0.0,0.0
2024-06-18 04:54:26.00,0.0,0.0,0.0,0.0,0.0,0.0,0.0,0.0
2024-06-18 04:54:27.00,0.0,0.0,0.0,0.0,0.0,0.0,0.0,0.0
2024-06-18 04:54:28.00,0.0,0.06,0.0,0.0,0.0,1.37908,3.2754,0.0
2024-06-18 04:54:29.00,0.0,0.0,0.0,0.0,0.18347999999999998,0.0,1.15064,0.0
2024-06-18 04:54:30.00,0.0,0.70848,1.2304000000000002,0.0,0.0,0.0,0.0,0.0
2024-06-18 04:54:31.00,0.0,0.0,0.0,0.0,0.0,0.0,0.0,0.0
2024-06-18 04:54:32.00,0.0,0.0,0.0,0.0,0.0,0.0,0.0,0.0
2024-06-18 04:54:33.00,0.0,0.0,0.0,0.0,0.0,0.0,0.0,0.0
2024-06-18 04:54:34.00,0.0,0.0,0.50048,0.0,0.0,0.0,0.0,0.0
2024-06-18 04:54:35.00,0.0,0.0,0.0,0.0,0.0,0.0,0.11928000000000001,0.0
2024-06-18 04:54:36.00,0.0,0.0,0.0,0.0,0.0,0.0,0.0,0.0
2024-06-18 04:54:37.00,0.0,0.0,0.0,0.0,0.0,0.0,0.0,0.0
2024-06-18 04:54:38.00,0.0,0.0,0.0,0.0,0.0,0.0,0.0,0.0
2024-06-18 04:54:39.00,0.0,0.0,1.0825600000000002,0.0,0.0,0.0,0.0,0.0
2024-06-18 04:54:40.00,0.0,0.23616,0.0,0.0,8.25792,0.7343999999999999,2.6522399999999995,0.30000000000000004
2024-06-18 04:54:41.00,0.0,4.51992,0.0,0.0,0.0,0.0,8.994,2.49444
2024-06-18 04:54:42.00,0.0,0.0,0.0,0.0,0.0,0.0,0.0,0.0
2024-06-18 04:54:43.00,0.0,0.0,0.0,0.0,0.0,0.25536000000000003,0.0,0.0
2024-06-18 04:54:44.00,0.0,0.0,0.0,0.0,0.0,0.0,0.0,0.0
2024-06-18 04:54:45.00,0.0,0.0,0.0,0.0,0.0,0.1914,0.0,0.0
2024-06-18 04:54:46.00,0.0,3.7388,1.7999999999999998,0.0,0.0,0.11416000000000001,12.29696,3.2034000000000002
2024-06-18 04:54:47.00,0.0,0.43652,0.76176,0.0,0.0,0.0,0.0,0.0
2024-06-18 04:54:48.00,0.0,0.0,0.0,0.0,0.0,0.0,0.0,0.0
2024-06-18 04:54:49.00,0.0,0.0,0.0,0.0,0.0,0.48768,0.0,0.0
2024-06-18 04:54:50.00,0.0,0.0,0.0,0.0,0.0,0.0,20.4864,1.1856
2024-06-18 04:54:51.00,0.0,0.0,0.0,0.0,0.0,0.8920800000000001,0.0,0.0
2024-06-18 04:54:52.00,0.0,4.752000000000001,0.24,0.0,1.80544,0.0,6.015560000000001,0.75868
2024-06-18 04:54:53.00,0.0,2.6586,0.0,0.0,2.23332,0.0,1.8928800000000001,4.2623999999999995
2024-06-18 04:54:54.00,0.0,4.04464,1.02204,0.0,0.0,0.0,4.717880000000001,3.2227200000000003
2024-06-18 04:54:55.00,0.0,0.0,0.25136,0.0,1.9522800000000002,0.0,6.47564,0.12472
2024-06-18 04:54:56.00,0.0,0.0,0.0,0.0,0.0,0.0,0.0,0.0
2024-06-18 04:54:57.00,0.0,0.0,0.0,0.0,0.0,0.064,0.0,0.0
2024-06-18 04:54:58.00,0.0,0.0,0.0,0.0,0.0,0.50112,0.0,0.0
2024-06-18 04:54:59.00,0.0,0.0,0.0,0.0,0.0,0.0,0.0,0.0
2024-06-18 04:55:00.00,0.0,0.0,0.0,0.0,0.0,0.0,0.0,0.0
2024-06-18 04:55:01.00,0.0,0.0,0.0,0.0,0.0,0.06216,0.0,0.0
2024-06-18 04:55:02.00,0.0,0.0,0.44660000000000005,0.0,0.0,0.0,0.0,0.0
2024-06-18 04:55:03.00,0.0,0.0,0.0,0.0,0.0,0.8898400000000001,0.0,0.0
2024-06-18 04:55:04.00,0.0,0.0,0.0,0.0,0.0,0.8932000000000001,0.12736,0.0
2024-06-18 04:55:05.00,0.0,0.0,1.2664,0.0,0.0,0.0,0.0,0.0
2024-06-18 04:55:06.00,0.0,0.0,0.0,0.0,0.0,0.0,0.0,0.0
2024-06-18 04:55:07.00,0.0,0.0,0.0,0.0,0.0,0.12416,0.0,0.0
2024-06-18 04:55:08.00,0.0,0.0,0.0,0.0,0.0,0.0,0.0,0.0
2024-06-18 04:55:09.00,0.0,0.0,0.0,0.0,0.0,0.0,0.4300800000000001,0.0
2024-06-18 04:55:10.00,0.0,0.0,0.0,0.0,0.0,0.0,0.0,0.25408000000000003
2024-06-18 04:55:11.00,0.0,0.06208,0.50848,0.0,0.0,0.0,0.0,0.0
2024-06-18 04:55:12.00,0.0,0.0,0.0,0.0,0.0,0.0,0.0,0.0
2024-06-18 04:55:13.00,0.0,0.0,0.0,0.0,0.0,0.0,0.0,0.0
2024-06-18 04:55:14.00,0.0,0.0,0.0,0.0,0.0,0.0,0.0,0.0
2024-06-18 04:55:15.00,0.0,0.0,0.0,0.0,0.0,1.0214400000000001,0.0,0.0
2024-06-18 04:55:16.00,0.0,0.0,0.76176,0.0,0.0,0.0,0.0,0.0
2024-06-18 04:55:17.00,0.0,0.0,0.0,0.0,0.0,0.0,0.0,0.0
2024-06-18 04:55:18.00,0.0,0.0,0.0,0.0,0.0,0.0,0.0,0.0
2024-06-18 04:55:19.00,0.0,0.0,0.0,0.0,0.0,0.0,0.0,0.0
2024-06-18 04:55:20.00,0.0,0.0,0.0,0.0,0.0,0.0,0.0,0.0
2024-06-18 04:55:21.00,0.0,0.0,0.76176,0.0,0.0,0.252,0.0,0.0
2024-06-18 04:55:22.00,0.0,0.0,0.7017999999999999,0.0,0.0,0.0,0.0,0.0
2024-06-18 04:55:23.00,0.0,0.0,0.0,0.0,0.0,0.0,0.0,0.0
2024-06-18 04:55:24.00,0.0,0.0,0.43988000000000005,0.0,0.0,0.7009199999999999,0.0,0.0
2024-06-18 04:55:25.00,0.0,0.0,0.0,0.0,0.0,0.0,0.0,0.0
2024-06-18 04:55:26.00,0.0,0.0,0.44128000000000006,0.0,0.0,0.76608,0.0,0.0
2024-06-18 04:55:27.00,0.0,0.0,0.43568000000000007,0.0,0.0,0.50176,0.0,0.0
2024-06-18 04:55:28.00,0.0,0.0,0.0,0.0,0.0,0.0,0.0,0.0
2024-06-18 04:55:29.00,0.0,0.0,0.5688,0.0,0.0,0.12568,0.0,0.0
2024-06-18 04:55:30.00,0.0,0.0,0.0,0.0,0.0,0.0,0.0,0.0
2024-06-18 04:55:31.00,0.0,0.0,0.0,0.0,0.0,0.0,0.0,0.0
2024-06-18 04:55:32.00,0.0,0.0,0.0,0.0,0.0,0.5698799999999999,0.0,0.0
2024-06-18 04:55:33.00,0.0,0.0,0.6352000000000001,0.0,0.0,0.0,0.0,0.0
2024-06-18 04:55:34.00,0.0,0.0,0.0,0.0,0.0,0.0,0.0,0.0
2024-06-18 04:55:35.00,0.0,0.0,0.0,0.0,0.0,1.03972,0.0,0.0
2024-06-18 04:55:36.00,0.0,0.0,1.19852,0.0,0.0,0.82108,0.25328,0.0
2024-06-18 04:55:37.00,0.0,0.0,0.24896000000000001,0.0,0.0,0.0,0.0,0.0
2024-06-18 04:55:38.00,0.0,0.0,1.31796,0.0,0.0,0.0,0.0,0.0
2024-06-18 04:55:39.00,0.06348,0.0,0.0,0.0,0.0,0.0,0.0,0.0
2024-06-18 04:55:40.00,0.0,0.0,1.584,0.0,0.0,0.0,0.0,0.0
2024-06-18 04:55:41.00,0.0,0.0,0.0,0.0,0.0,0.0,0.0,0.0
2024-06-18 04:55:42.00,0.0,0.0,0.0,0.0,0.0,0.0,0.0,0.0
2024-06-18 04:55:43.00,0.0,0.0,0.12272000000000001,0.0,0.0,1.20384,0.0,0.0
2024-06-18 04:55:44.00,0.0,0.0,0.0,0.0,0.0,0.0,0.0,0.0
2024-06-18 04:55:45.00,0.0,0.0,0.0,0.0,0.0,0.0,0.0,0.0
2024-06-18 04:55:46.00,0.0,0.0,0.0,0.0,0.0,0.0,0.0,0.0
2024-06-18 04:55:47.00,0.0,0.0,0.0,0.0,0.0,0.0,0.0,0.0
2024-06-18 04:55:48.00,0.0,0.0,0.0,0.0,0.0,0.0,0.0,0.0
2024-06-18 04:55:49.00,0.0,0.0,0.0,0.0,0.0,0.0,0.0,0.0
2024-06-18 04:55:50.00,0.0,0.0,0.6312000000000001,0.0,0.0,0.06272,0.0,0.0
2024-06-18 04:55:51.00,0.0,0.0,0.0,0.0,0.0,0.7893600000000001,0.0,0.0
2024-06-18 04:55:52.00,0.0,0.0,0.12119999999999999,0.5436,0.0,0.0,0.0,0.0
2024-06-18 04:55:53.00,0.49376,0.0,0.96576,0.0,0.0,0.0,0.0,0.0
2024-06-18 04:55:54.00,0.0,0.0,0.79352,0.0,0.0,0.0,0.0,0.0
2024-06-18 04:55:55.00,0.37296,0.0,3.1824000000000003,1.3070400000000002,0.0,0.0,0.0,0.0
2024-06-18 04:55:56.00,0.24544000000000002,0.0,0.0,0.0,0.0,0.3024,0.0,0.0
2024-06-18 04:55:57.00,0.36816,0.0,0.301,0.24256,0.0,0.0,0.0,0.0
2024-06-18 04:55:58.00,0.0,0.0,3.1824000000000003,1.5024,0.0,0.0,0.0,0.0
2024-06-18 04:55:59.00,0.0,0.0,0.05936,0.0,0.0,0.0,0.0,0.0
2024-06-18 04:56:00.00,0.0,0.0,1.8479999999999999,2.12024,0.0,0.0,0.0,0.0
2024-06-18 04:56:01.00,0.0,0.0,0.6320000000000001,0.0,0.0,0.0,0.0,0.0
2024-06-18 04:56:02.00,0.0,0.0,0.0,0.0,0.0,0.8769600000000001,0.0,0.063
2024-06-18 04:56:03.00,0.177,0.0,0.4608,0.17615999999999998,0.0,0.17988,0.0,0.23904
2024-06-18 04:56:04.00,0.24303999999999998,0.0,1.0893599999999999,1.03496,0.0,0.0,0.0,0.11936000000000001
2024-06-18 04:56:05.00,0.0,0.0,0.0,0.0,0.0,0.6969599999999999,0.0,0.0
2024-06-18 04:56:06.00,0.0,0.0,0.0,0.0,0.0,0.0,0.0,0.0
2024-06-18 04:56:07.00,8.130960000000002,0.0,1.488,4.0846,0.0,0.0,0.0,0.0
2024-06-18 04:56:08.00,0.0,0.0,0.0,0.0,0.0,0.0,0.06128,0.0
2024-06-18 04:56:09.00,0.0,0.0,0.1264,0.0,0.0,0.0,0.0,0.0
2024-06-18 04:56:10.00,0.0,0.0,1.01056,0.0,0.0,0.0,0.0,0.0
2024-06-18 04:56:11.00,0.0,0.0,0.0,0.0,0.17808,0.0,1.2368000000000001,2.61912
2024-06-18 04:56:12.00,0.0,0.0,0.0,0.0,2.2017599999999997,0.0,0.0,6.21296
2024-06-18 04:56:13.00,0.0,0.0,0.0,0.0,0.0,20.25856,0.0,0.0
2024-06-18 04:56:14.00,0.0,0.0,1.3939199999999998,0.0,0.0,0.0,0.0,0.0
2024-06-18 04:56:15.00,1.3525599999999998,0.0,0.0,4.51744,0.0,1.8264,0.0,0.0
2024-06-18 04:56:16.00,0.0,0.0,0.0,0.0,0.0,0.0,0.0,0.0
2024-06-18 04:56:17.00,0.0,0.0,0.0,0.0,0.0,0.6316,0.12712,0.0
2024-06-18 04:56:18.00,0.0,0.0,0.0,0.0,0.0,0.0,0.44548000000000004,0.0
2024-06-18 04:56:19.00,0.0,0.0,0.56376,0.0,0.0,0.0,0.0,0.0
2024-06-18 04:56:20.00,0.0,0.0,0.0,0.0,0.0,0.0,0.0,0.0
2024-06-18 04:56:21.00,0.0,0.0,0.0,0.0,0.0,0.0,0.0,0.0
2024-06-18 04:56:22.00,0.0,0.0,0.0,0.0,0.0,0.50464,0.0,0.0
2024-06-18 04:56:23.00,0.3088,0.0,0.0,0.0,0.0,0.96896,2.38792,0.0
2024-06-18 04:56:24.00,0.0,0.0,0.3074,0.0,0.0,0.0,0.0,0.0
2024-06-18 04:56:25.00,0.0,0.0,0.5518799999999999,0.0,0.0,0.0,0.0,0.0
2024-06-18 04:56:26.00,0.0,0.0,0.0,0.0,0.0,1.1376,0.0,0.0
2024-06-18 04:56:27.00,0.0,0.0,1.00736,0.0,0.0,0.0,0.0,0.0
2024-06-18 04:56:28.00,0.0,0.0,0.0,0.0,0.0,0.0,0.06192,0.0
2024-06-18 04:56:29.00,0.0,0.0,0.36935999999999997,0.0,0.0,0.0,0.0,0.0
2024-06-18 04:56:30.00,0.0,0.0,0.0,0.0,0.0,0.0,0.0,0.0
2024-06-18 04:56:31.00,0.0,0.0,0.0,0.0,0.0,0.0,0.0,0.0
2024-06-18 04:56:32.00,0.0,0.0,1.0682800000000001,0.0,0.0,0.0,0.0,0.0
2024-06-18 04:56:33.00,0.0,0.0,0.0,0.0,0.0,1.50912,0.0,0.0
2024-06-18 04:56:34.00,0.24848,0.0,0.24736000000000002,0.0,0.0,0.0,0.0,0.0
2024-06-18 04:56:35.00,0.0,0.0,0.18588,0.0,0.0,0.0,0.0,0.0
2024-06-18 04:56:36.00,0.18336,0.0,5.190479999999999,0.0,0.0,4.933120000000001,0.0,0.0
2024-06-18 04:56:37.00,0.0,0.0,0.0,0.0,0.0,0.25136,0.0,0.0
2024-06-18 04:56:38.00,0.0,0.0,0.12576,0.0,0.0,0.0,0.0,0.0
2024-06-18 04:56:39.00,0.0,0.0,0.0,0.0,0.0,0.0,0.0,0.0
2024-06-18 04:56:40.00,0.0,0.0,0.0,0.0,0.0,0.0,0.0,0.0
2024-06-18 04:56:41.00,0.0,0.0,0.0,0.0,0.0,1.63904,0.0,0.0
2024-06-18 04:56:42.00,0.0,0.0,0.3104,0.0,0.0,0.0,0.0,0.0
2024-06-18 04:56:43.00,0.0,0.0,0.0,0.0,0.0,0.0,0.0,0.0
2024-06-18 04:56:44.00,0.0,0.0,0.0,0.0,0.0,0.0,0.0,0.0
2024-06-18 04:56:45.00,0.0,0.0,0.12256,0.0,0.0,0.0,0.0,0.0
2024-06-18 04:56:46.00,0.0,0.0,0.0,0.0,0.0,0.0,0.0,0.0
2024-06-18 04:56:47.00,0.0,0.0,0.0,0.0,0.0,0.0,0.0,0.0
2024-06-18 04:56:48.00,0.0,0.0,3.042,0.0,0.0,1.3235199999999998,0.0,0.0
2024-06-18 04:56:49.00,0.0,0.0,1.5168,0.0,0.0,0.0,0.0,0.0
2024-06-18 04:56:50.00,0.0,0.0,0.0,0.0,0.0,0.06348,0.0,0.0
2024-06-18 04:56:51.00,9.64704,0.0,0.0,1.6243200000000002,0.0,1.09584,0.0,0.0
2024-06-18 04:56:52.00,0.0,0.0,0.82212,0.0,0.0,0.0,0.0,0.0
2024-06-18 04:56:53.00,0.0,0.0,0.0,0.0,0.0,0.25456,0.0,0.0
2024-06-18 04:56:54.00,0.0,0.0,0.76272,0.0,0.0,0.0,0.0,0.0
2024-06-18 04:56:55.00,0.0,0.0,0.4944,0.0634,0.0,0.0,0.0,0.0
2024-06-18 04:56:56.00,0.0,0.0,0.0,0.0,0.0,0.75408,0.0,0.0
2024-06-18 04:56:57.00,0.0,0.0,0.0,0.17748,0.0,0.0,0.0,0.0
2024-06-18 04:56:58.00,0.0,0.0,0.0,2.5603200000000004,0.0,0.06072,0.0,0.0
2024-06-18 04:56:59.00,0.0,0.0,0.0,0.0,0.0,0.0,0.0,0.0
2024-06-18 04:57:00.00,0.0,0.0,0.0,0.0,0.0,0.50656,0.0,0.0
2024-06-18 04:57:01.00,6.410800000000001,0.0,0.95616,8.13772,0.0,1.26336,0.0,0.0
2024-06-18 04:57:02.00,2.5468800000000003,0.0,0.7488,0.2472,0.0,0.0,0.0,0.0
2024-06-18 04:57:03.00,2.29008,0.0,0.0,3.6580000000000004,0.0,0.24239999999999998,0.68024,0.0
2024-06-18 04:57:04.00,0.0,0.0,0.0,0.0,0.0,0.0,0.0,0.0
2024-06-18 04:57:05.00,0.82108,0.0,0.0,0.0,0.0,0.0,0.0,0.0
2024-06-18 04:57:06.00,0.0,0.0,0.0,0.56232,0.0,0.0,0.0,0.0
2024-06-18 04:57:07.00,0.0,0.0,0.0,0.0,0.0,0.0,0.0,0.0
2024-06-18 04:57:08.00,0.0,0.0,0.25456,0.0,0.0,0.0,0.0,0.0
2024-06-18 04:57:09.00,0.0,0.0,0.0,0.0,0.0,0.0,0.0,0.0
2024-06-18 04:57:10.00,0.0,0.0,0.0,0.0,0.0,0.19116,0.0,0.0
2024-06-18 04:57:11.00,0.0,0.0,1.3921599999999998,0.0,0.0,0.0,0.0,0.0
2024-06-18 04:57:12.00,0.0,0.0,0.0,0.0,0.0,0.0,0.06056,1.29108
2024-06-18 04:57:13.00,6.594120000000001,0.0,0.0,15.6416,0.0,0.11816000000000002,0.0,0.0
2024-06-18 04:57:14.00,0.0,0.0,0.25488,0.0,0.0,0.0,0.0,0.0
2024-06-18 04:57:15.00,0.0,0.0,0.0,0.54792,0.0,2.38944,0.0,0.0
2024-06-18 04:57:16.00,0.0,0.43652,1.1210399999999998,0.0,0.0,0.0,0.0,0.0
2024-06-18 04:57:17.00,0.25136,0.0,0.0,0.0,0.0,0.0,0.0,0.0
2024-06-18 04:57:18.00,0.0,0.0,0.0,0.17772000000000002,0.0,0.12208000000000001,0.0,0.0
2024-06-18 04:57:19.00,0.0,0.0,0.0,0.0,0.0,0.12376,0.0,0.0
2024-06-18 04:57:20.00,0.0,0.0,0.0,0.0,0.0,0.24608000000000002,0.0,0.0
2024-06-18 04:57:21.00,0.0,0.0,0.0,0.0,0.0,0.49824,0.0,0.0
2024-06-18 04:57:22.00,0.0,0.0,0.0,0.061520000000000005,0.0,0.0,0.0,0.0
2024-06-18 04:57:23.00,0.0,0.0,0.0,1.48416,0.0,0.0,0.0,0.0
2024-06-18 04:57:24.00,0.0,0.0,0.0,1.2336,0.0,2.3377600000000003,0.0,0.0
2024-06-18 04:57:25.00,3.6037199999999996,0.0,0.228,1.1528,0.0,1.37952,0.0,0.0
2024-06-18 04:57:26.00,0.0,0.0,0.0,0.0,0.0,0.0,0.0,0.0
2024-06-18 04:57:27.00,1.61352,0.0,2.5502000000000002,0.0,0.0,0.0,0.0,0.0
2024-06-18 04:57:28.00,3.8316,0.0,0.0,0.5489999999999999,0.0,0.0,0.24784,0.0
2024-06-18 04:57:29.00,1.43136,0.0,0.0,1.2080000000000002,0.0,0.0,0.0,0.0
2024-06-18 04:57:30.00,3.25728,0.0,0.55836,0.11968000000000001,0.0,0.0,0.0,0.0
2024-06-18 04:57:31.00,1.2464000000000002,0.0,0.06048,0.17964,0.0,1.0512800000000002,0.0,0.0
2024-06-18 04:57:32.00,3.9715200000000004,0.0,0.0,0.05936,0.0,0.0,0.0,0.0
2024-06-18 04:57:33.00,2.30888,0.0,0.5940000000000001,1.4048399999999999,0.0,0.0,0.7248,0.0
2024-06-18 04:57:34.00,0.0,0.0,0.3148,0.0,0.0,0.0,0.0,0.0
2024-06-18 04:57:35.00,0.0,0.0,0.73776,3.24272,0.0,0.0,0.0,0.0
2024-06-18 04:57:36.00,0.96,0.0,0.0,7.08084,0.0,0.9161999999999999,0.0,0.0
2024-06-18 04:57:37.00,0.0,0.0,0.0,0.0,0.0,0.0,0.0,0.0
2024-06-18 04:57:38.00,1.3376,0.0,1.36896,4.1316,0.0,0.0,0.0,0.0
2024-06-18 04:57:39.00,2.6927999999999996,0.36912,0.12,2.18596,0.0,0.0,0.0,0.0
2024-06-18 04:57:40.00,0.0584,0.0,0.0,7.90552,0.0,0.0,0.0,0.0
2024-06-18 04:57:41.00,0.897,0.0,0.37104,2.0552,0.0,0.0,0.0,0.0
2024-06-18 04:57:42.00,0.0,0.0,0.0,1.6755200000000001,0.0,1.2717600000000002,0.37008,0.0
2024-06-18 04:57:43.00,0.76336,0.0,0.0,4.017440000000001,0.0,2.6453599999999997,0.0,0.0
2024-06-18 04:57:44.00,3.29448,0.0,0.0,3.6215999999999995,0.0,2.3256,0.0,0.0
2024-06-18 04:57:45.00,0.0,0.0,8.86816,0.3516,0.0,0.0,0.0,0.0
2024-06-18 04:57:46.00,14.83648,0.0,1.1696,10.56868,0.0,0.91776,0.0,0.0
2024-06-18 04:57:47.00,5.3732,0.0,0.0,2.43868,0.0,0.71424,0.0,0.0
2024-06-18 04:57:48.00,6.62448,0.0,1.3192799999999998,8.67816,0.0,0.0,0.0,0.0
2024-06-18 04:57:49.00,10.91832,0.0,0.0,11.537400000000002,0.0,0.0,0.11472,0.0
2024-06-18 04:57:50.00,2.3402800000000004,0.0,4.12704,9.85152,0.0,0.0,0.70224,0.0
2024-06-18 04:57:51.00,13.3484,0.0,0.45792000000000005,1.7831199999999998,0.0,0.0,0.0,0.0
2024-06-18 04:57:52.00,9.9,0.0,2.11048,8.2992,0.0,0.91904,0.0,0.0
2024-06-18 04:57:53.00,18.13208,0.0,0.0,10.519720000000001,0.0,0.0,0.0,0.0
2024-06-18 04:57:54.00,6.496,0.0,2.1028000000000002,7.31808,0.0,0.17916,0.0,0.0
2024-06-18 04:57:55.00,3.9984,0.0,0.0,0.0,0.36888,0.0,0.0,0.0
2024-06-18 04:57:56.00,5.520239999999999,0.0,1.419,17.748639999999998,0.0,0.0,0.0,0.0
2024-06-18 04:57:57.00,7.29488,8.47616,0.91868,16.596359999999997,0.05604,0.0,1.1039999999999999,0.0
2024-06-18 04:57:58.00,4.9737599999999995,2.4983999999999997,0.0,21.144479999999998,0.0576,0.0,0.44095999999999996,0.0
2024-06-18 04:57:59.00,0.0,0.0,0.0,0.0,0.0,1.00736,0.0,0.0
2024-06-18 04:58:00.00,1.9536,0.0,0.0,2.0902000000000003,0.0,0.0,0.0,0.0
2024-06-18 04:58:01.00,4.06824,0.0,0.0,6.54872,0.0,0.0,0.0,0.0
2024-06-18 04:58:02.00,0.0,0.0,0.0,11.8038,0.0,0.0,0.11960000000000001,0.0
2024-06-18 04:58:03.00,5.706239999999999,0.0,0.0,5.975160000000001,0.0,0.0,0.0,0.0
2024-06-18 04:58:04.00,0.97784,0.96576,0.0,6.23768,0.0,0.0,0.0,0.0
2024-06-18 04:58:05.00,0.0,0.0,0.0,0.0,0.0,0.0,0.0,0.0
2024-06-18 04:58:06.00,0.0,0.0,0.0,0.0,0.0,0.0,0.0,0.0
2024-06-18 04:58:07.00,4.211200000000001,0.0,3.2967200000000005,3.9573600000000004,0.0,2.5343999999999998,0.0,0.0
2024-06-18 04:58:08.00,6.16352,0.0,3.70176,3.042,0.0,1.8700800000000002,0.0,0.0
2024-06-18 04:58:09.00,1.7178000000000002,0.0,25.59464,0.7369600000000001,0.0,13.808200000000001,0.0,0.0
2024-06-18 04:58:10.00,4.0544,0.0,1.1416000000000002,9.18384,0.0,0.0,0.11552,0.0
2024-06-18 04:58:11.00,0.0,0.0,0.0,0.0,0.0,0.0,0.0,0.0
2024-06-18 04:58:12.00,0.0,0.0,0.94144,0.0,0.0,0.0,0.0,0.0
2024-06-18 04:58:13.00,0.0,0.0,0.0,0.0,0.0,0.0,0.0,0.0
2024-06-18 04:58:14.00,0.0,0.0,0.0,0.0,0.0,0.0,0.0,0.0
2024-06-18 04:58:15.00,0.42336000000000007,0.0,0.6036,0.0,0.0,0.0,0.0,0.0
2024-06-18 04:58:16.00,0.6556,0.0,0.0,0.0,0.0,0.0,0.0,0.0
2024-06-18 04:58:17.00,0.0,1.4232399999999998,0.46144,0.0,0.0,0.0,0.0,0.0
2024-06-18 04:58:18.00,0.5936,0.0,2.17708,0.0,0.0,0.0,0.0,0.0
2024-06-18 04:58:19.00,0.0,0.0,1.04924,0.0582,0.0,3.4809600000000005,0.0,0.0
2024-06-18 04:58:20.00,0.0,0.0,1.7701600000000002,0.0,0.0,3.3924000000000003,0.0,0.0
2024-06-18 04:58:21.00,0.0,0.0,1.48416,0.0,0.0,0.0,0.0,0.0
2024-06-18 04:58:22.00,0.0,0.0,0.0,0.0,0.0,0.0,0.0,0.0
2024-06-18 04:58:23.00,0.0,7.035279999999999,0.0,0.0,4.1664,0.0,4.41056,1.2054000000000002
2024-06-18 04:58:24.00,0.0,0.0,0.0,0.0,0.0,0.0,28.5484,0.0
2024-06-18 04:58:25.00,0.0,0.0,0.23408,0.0,1.446,0.0,0.17856,0.22784
2024-06-18 04:58:26.00,0.0,5.723,0.0,0.0,4.425000000000001,0.0,2.69928,3.9098400000000004
2024-06-18 04:58:27.00,0.0,5.672999999999999,0.0,0.0,0.0,0.17256,1.67968,0.0
2024-06-18 04:58:28.00,0.0,0.0,1.518,0.0,0.0,0.7444799999999999,0.47552,0.0
2024-06-18 04:58:29.00,0.0,0.0,0.0,0.0,0.0,0.53244,0.0,0.0
2024-06-18 04:58:30.00,0.0,0.0,0.0,0.99264,0.0,0.0,0.0,0.0
2024-06-18 04:58:31.00,0.0,0.0,0.0,1.1152799999999998,0.0,0.0604,0.0,0.0
2024-06-18 04:58:32.00,0.0,0.0,1.64052,0.0,0.0,0.17988,0.24608000000000002,0.0
2024-06-18 04:58:33.00,0.0,0.0,0.0,0.0,0.0,0.0,0.0,0.0
2024-06-18 04:58:34.00,15.340000000000002,0.0,0.0,10.15856,0.0,0.0,0.0,0.0
2024-06-18 04:58:35.00,0.0,0.0,0.0,0.0,0.0,2.5354400000000004,0.0,0.0
2024-06-18 04:58:36.00,0.0,0.2942,0.8528800000000001,0.0,0.0,0.48576,0.0,1.4217600000000001
2024-06-18 04:58:37.00,0.0,0.0,0.0,0.0,1.9187200000000002,0.0,3.84312,2.7447999999999997
2024-06-18 04:58:38.00,0.0,0.2938,0.888,0.0,0.0,0.0,0.0,2.82432
2024-06-18 04:58:39.00,0.0,0.0,0.0,0.0,0.0,0.34296,0.0,0.12240000000000001
2024-06-18 04:58:40.00,0.0,0.0,1.444,0.0,0.0,0.0,0.0,0.0
2024-06-18 04:58:41.00,0.0,0.0,0.0,0.0,0.0,0.0,0.24384,0.0
2024-06-18 04:58:42.00,0.0,0.0,0.17844000000000002,0.0,0.0,0.0,0.0,0.0
2024-06-18 04:58:43.00,0.0,0.0,0.6855199999999999,0.0,0.0,0.6837599999999999,0.0,0.0
2024-06-18 04:58:44.00,0.0,0.0,0.0,0.0,0.0,0.0,0.0,0.0
2024-06-18 04:58:45.00,0.0,0.37056,0.46944,0.0,0.0,0.0,0.0,0.0
2024-06-18 04:58:46.00,0.0,0.0,8.377600000000001,0.0,0.0,3.15668,0.0,0.0
2024-06-18 04:58:47.00,0.0,0.0,0.0,0.5461199999999999,0.0,0.9504000000000001,0.0,0.0
2024-06-18 04:58:48.00,0.0,9.03584,0.0,0.0,5.42376,0.0,2.24328,0.46272
2024-06-18 04:58:49.00,0.0,6.907680000000001,0.0,0.0,4.22496,0.0,3.2516000000000003,2.80896
2024-06-18 04:58:50.00,0.0,0.24367999999999998,0.0,0.0,0.0,0.0,2.19632,0.0
2024-06-18 04:58:51.00,0.0,1.11036,1.2927199999999999,0.0,0.0,0.0,2.5883999999999996,0.23584
2024-06-18 04:58:52.00,0.0,1.69592,0.0,0.0,0.05936,0.0,2.43936,0.76336
2024-06-18 04:58:53.00,0.0,0.0,0.0,0.0,0.0,0.6776,7.280959999999999,0.0
2024-06-18 04:58:54.00,0.0,0.0,0.0,0.0,0.0,0.0,0.0,0.0
2024-06-18 04:58:55.00,0.0,0.0,0.0,0.0,0.0,0.0,0.0,0.0
2024-06-18 04:58:56.00,0.0,0.0,1.11872,0.05904,0.0,1.1368,0.0,0.0
2024-06-18 04:58:57.00,7.0272,0.0,1.1504,7.285760000000001,0.0,0.6256799999999999,0.0,0.0
2024-06-18 04:58:58.00,0.0,0.0,0.0,0.0,0.0,0.0,3.9364000000000003,0.0
2024-06-18 04:58:59.00,0.0,0.0,0.0,0.05896,0.0,0.0,0.0,0.05928
2024-06-18 04:59:00.00,0.0,0.0,0.23584,0.0,0.0,1.41408,0.0,0.0
2024-06-18 04:59:01.00,0.0,2.986,0.0,0.0,3.0305600000000004,0.0,1.39296,2.1652400000000003
2024-06-18 04:59:02.00,0.0,0.0,0.0,0.0,3.42436,0.0,0.0,0.23600000000000002
2024-06-18 04:59:03.00,0.0,4.1216,0.0,0.0,0.52848,0.0,0.24064,3.36224
2024-06-18 04:59:04.00,0.0,0.0,0.47776,0.0,0.0,0.0,2.0952,9.4336
2024-06-18 04:59:05.00,0.0,0.0,0.34991999999999995,0.0,0.0,1.0627199999999999,2.18004,2.2126
2024-06-18 04:59:06.00,0.0,0.0,0.0,0.0,0.0,0.0,0.0,0.0
2024-06-18 04:59:07.00,0.0,0.0,0.0,0.0,0.0,0.0,0.0,0.0
2024-06-18 04:59:08.00,0.0,0.0,0.0,0.0,0.0,0.0,0.0,0.0
2024-06-18 04:59:09.00,0.0,0.0,1.94832,7.3344,0.0,0.0,0.0,0.0
2024-06-18 04:59:10.00,0.0,0.0,5.1011999999999995,5.32496,0.0,1.75708,0.0,0.0
2024-06-18 04:59:11.00,9.916920000000001,0.0,0.34104,11.993240000000002,0.0,0.2806,0.0,0.0
2024-06-18 04:59:12.00,0.0,0.0,0.99264,0.0,0.0,0.0,0.0,0.0
2024-06-18 04:59:13.00,0.0,0.0,0.0,0.0,0.0,2.8832799999999996,0.0,0.0
2024-06-18 04:59:14.00,3.3286000000000002,0.0,6.7883200000000015,0.0,0.0,0.11576,0.0,0.0
2024-06-18 04:59:15.00,0.0,0.0,1.0396800000000002,2.718,0.0,4.17088,18.707,0.0
2024-06-18 04:59:16.00,0.0,0.0,2.36816,0.0,0.0,1.35332,0.0,0.0
2024-06-18 04:59:17.00,0.0,13.847400000000002,0.0,0.0,3.6634,0.0,1.7583199999999999,0.93952
2024-06-18 04:59:18.00,0.0,0.0,0.0,0.0,0.0,0.0,0.0,0.0
2024-06-18 04:59:19.00,0.0,0.0,0.0,0.0,0.0,0.0,0.0,0.0
2024-06-18 04:59:20.00,0.0,0.0,0.0,0.0,0.0,0.0,0.0,0.0
2024-06-18 04:59:21.00,0.0,0.0,0.0,0.0,0.0,0.0,0.0,0.0
2024-06-18 04:59:22.00,0.0,0.0,1.8636,0.0,0.0,0.0,0.2504,0.0
2024-06-18 04:59:23.00,0.0,0.0,0.0,0.0,0.0,0.0,0.061360000000000005,0.0
2024-06-18 04:59:24.00,0.0,0.0,0.0,0.0,0.0,0.9348,0.0,0.0
2024-06-18 04:59:25.00,0.0,0.0,4.4074800000000005,4.1888000000000005,0.0,1.2583999999999997,0.0,0.0
2024-06-18 04:59:26.00,1.40256,0.22448,0.0,5.9186000000000005,0.0,0.0,0.0,0.17064
2024-06-18 04:59:27.00,1.152,1.9208000000000003,3.54304,5.84896,3.4271999999999996,1.5108800000000002,0.22192,0.0
2024-06-18 04:59:28.00,1.4175200000000001,2.5218,0.0,6.6575999999999995,0.17256,0.21808,1.8414000000000001,0.0
2024-06-18 04:59:29.00,0.0,0.0,0.24528,0.0,0.0,0.0,0.0,0.0
2024-06-18 04:59:30.00,0.0,0.0,0.9823999999999999,0.0,0.0,0.061040000000000004,0.0,0.0
2024-06-18 04:59:31.00,0.0,0.0,0.24544000000000002,0.0,0.0,0.0,0.0,0.0
2024-06-18 04:59:32.00,0.0,0.0,0.0,0.0,0.0,0.0,0.0,0.0
2024-06-18 04:59:33.00,0.0,0.0,0.0,0.0,0.0,0.0,0.0,0.0
2024-06-18 04:59:34.00,0.0,0.0,0.0,0.0,0.0,0.0,0.0,0.0
2024-06-18 04:59:35.00,0.0,0.0,0.0,0.0,0.0,0.0,0.0,0.0
2024-06-18 04:59:36.00,0.0,0.0,0.0,0.0,0.0,0.0,0.0,0.0
2024-06-18 04:59:37.00,0.0,0.0,0.0,0.0,0.0,0.0,0.0,0.0
2024-06-18 04:59:38.00,0.0,0.0,0.0,0.0,0.0,0.06332,0.0,0.0
2024-06-18 04:59:39.00,0.0,0.0,0.0,0.0,0.0,0.4435200000000001,0.0,0.0
2024-06-18 04:59:40.00,0.0,0.0,10.48572,0.0,0.0,4.59888,0.0,0.0
2024-06-18 04:59:41.00,6.689520000000001,0.0,0.0,11.304,0.0,0.0,0.0,0.0
2024-06-18 04:59:42.00,10.003599999999999,0.0,0.0,4.26832,0.0,0.0,0.0,0.0
2024-06-18 04:59:43.00,4.6016,0.0,0.0,5.55464,0.0,0.0,0.0,0.0
2024-06-18 04:59:44.00,6.29216,0.0,0.45439999999999997,1.9033600000000002,0.0,0.0,0.0,0.0
2024-06-18 04:59:45.00,0.0,0.0,2.7899999999999996,0.0,0.0,0.0,0.0,0.0
2024-06-18 04:59:46.00,0.0,0.0,0.0,0.0,0.0,0.0,0.0,0.0
2024-06-18 04:59:47.00,0.0,0.0,1.5789600000000001,0.0,0.0,0.40264,0.0,0.0
2024-06-18 04:59:48.00,0.0,0.0,0.0,0.0,0.0,0.0,0.0,0.0
2024-06-18 04:59:49.00,0.0,0.0,0.0,0.0,0.0,4.950120000000001,0.0,0.0
2024-06-18 04:59:50.00,0.0,0.0,0.0,0.0,0.0,0.0,0.0,0.0
2024-06-18 04:59:51.00,2.352,0.0,4.4616,10.843839999999998,0.0,5.53848,0.0,0.0
2024-06-18 04:59:52.00,3.4125599999999996,1.1400000000000001,0.0,6.1614,0.0,2.5326,0.0,0.0
2024-06-18 04:59:53.00,0.45984,0.0,5.896,4.034800000000001,0.0,5.95584,0.0,0.0
2024-06-18 04:59:54.00,3.41844,0.0,0.1692,7.22748,0.0,0.5652,1.0179600000000002,1.7422
2024-06-18 04:59:55.00,0.0,0.0,0.0,0.0,0.0,0.0,0.9125999999999999,1.5043199999999999
2024-06-18 04:59:56.00,7.840800000000001,0.0,0.05728,5.67224,0.0,1.42,0.0,0.0
2024-06-18 04:59:57.00,3.6998,0.0,1.4524799999999998,6.0976,0.0,1.1464,0.0,0.0
2024-06-18 04:59:58.00,0.0,0.06112,0.0,0.0,0.0,0.0,0.0,0.0
2024-06-18 04:59:59.00,2.80476,0.0,4.21952,4.37456,0.0,0.8019200000000001,0.0,0.0
2024-06-18 05:00:00.00,2.75772,0.0,9.08684,3.78048,0.0,0.0,0.0,0.0
2024-06-18 05:00:01.00,0.0,0.0,0.74784,0.0,0.0,5.077319999999999,0.0,0.0
2024-06-18 05:00:02.00,0.0,0.0,7.34,0.70608,0.0,4.4198,0.0,0.0
2024-06-18 05:00:03.00,0.0,0.0,10.145999999999999,1.1848,0.0,4.952039999999999,0.0,0.0
2024-06-18 05:00:04.00,0.0584,0.0,5.391839999999999,3.58656,0.0,4.161,0.0,0.0
2024-06-18 05:00:05.00,1.50768,0.0,2.5414399999999997,2.4767999999999994,0.0,0.6357999999999999,0.0,0.0
2024-06-18 05:00:06.00,1.9628,0.0,3.14272,3.4296,0.0,4.293,0.0,0.0
2024-06-18 05:00:07.00,3.124,0.0,0.34512,13.3344,0.0,2.17464,0.0,0.0
2024-06-18 05:00:08.00,6.0652800000000004,0.0,0.79408,8.72592,0.0,0.2918,0.0,0.0
2024-06-18 05:00:09.00,10.853480000000001,0.0,0.0,14.272680000000001,0.0,0.44192000000000004,0.0,0.0
2024-06-18 05:00:10.00,10.094399999999998,0.0,0.0,15.118800000000002,0.0,0.0,0.0,0.0
2024-06-18 05:00:11.00,13.66952,0.0,0.0,16.2756,0.0,0.22576000000000002,0.0,0.0
2024-06-18 05:00:12.00,5.97416,0.0,0.0,19.834519999999998,0.0,0.0,0.0,0.0
2024-06-18 05:00:13.00,4.45536,0.0,3.1516800000000003,6.90676,0.0,1.36512,0.0,0.0
2024-06-18 05:00:14.00,0.0,0.0,6.17176,2.5578,0.0,8.959999999999999,0.0,0.0
2024-06-18 05:00:15.00,9.424800000000001,0.0,0.0,14.65104,0.0,0.11488,0.0,0.0
2024-06-18 05:00:16.00,10.822399999999998,0.0,0.11344,11.8608,0.0,0.2786,0.0,0.0
2024-06-18 05:00:17.00,14.59724,0.0,1.7919999999999998,9.925279999999999,0.0,0.0,0.0,0.055999999999999994
2024-06-18 05:00:18.00,1.6483600000000003,0.0,7.777680000000001,0.0,0.0,11.40828,0.0,0.0
2024-06-18 05:00:19.00,0.40628000000000003,0.05728,7.1208,4.311,0.0,3.5364799999999996,0.0,0.0
2024-06-18 05:00:20.00,4.3168,0.0,0.23088,11.07456,0.0,3.29232,0.0,0.0
2024-06-18 05:00:21.00,0.0,0.0,11.571000000000002,0.0,0.0,15.927080000000004,0.10952,0.0
2024-06-18 05:00:22.00,0.0,0.0,18.58892,0.0,0.0,11.15316,0.59224,0.0
2024-06-18 05:00:23.00,7.997439999999999,0.0,0.22448,12.622400000000003,0.0,1.06324,0.0,0.0
2024-06-18 05:00:24.00,1.8004800000000003,0.0,0.22096000000000002,19.9656,0.0,2.2451600000000003,0.0,0.0
2024-06-18 05:00:25.00,12.617840000000001,0.0,0.22672,9.209200000000001,0.0,0.0,0.0558,0.0
2024-06-18 05:00:26.00,0.0,0.12128,0.0,0.0,0.0,0.18408,0.24,0.0
2024-06-18 05:00:27.00,0.0,0.0,0.0,0.0,0.0,0.48256,0.0,0.0
2024-06-18 05:00:28.00,0.0,0.0,0.0,0.0,0.0,0.0,0.0,0.0
2024-06-18 05:00:29.00,1.468,0.0,4.8040400000000005,0.8192800000000001,0.0,1.69592,0.0,0.0
2024-06-18 05:00:30.00,1.2495999999999998,0.0,1.9796,1.99648,0.0,0.8675999999999999,0.0,0.0
2024-06-18 05:00:31.00,1.1720000000000002,0.0,1.6390800000000003,2.43704,0.0,2.3738400000000004,0.0,0.0
2024-06-18 05:00:32.00,0.0,0.0,5.24888,0.5972000000000001,0.0,0.0,0.0,0.0
2024-06-18 05:00:33.00,0.73684,0.0,9.57216,1.01664,0.0,5.039039999999999,0.0,0.0
2024-06-18 05:00:34.00,1.431,0.0,6.51168,2.16752,0.0,2.9390400000000003,0.456,0.0
2024-06-18 05:00:35.00,0.0,0.0,2.24072,0.0,0.0,0.4816,0.0,0.0
2024-06-18 05:00:36.00,0.29760000000000003,0.0,2.66064,4.0611999999999995,0.0,3.11004,0.0,0.0
2024-06-18 05:00:37.00,0.0,0.0,7.519400000000001,1.35264,0.0,2.622,0.0,0.0
2024-06-18 05:00:38.00,0.0,0.0,0.48448,0.0,0.0,0.06028,0.0,0.0
2024-06-18 05:00:39.00,0.0,0.0,0.24096,0.0,0.0,0.0,0.0,0.0
2024-06-18 05:00:40.00,11.504,0.0,1.3155999999999999,9.45888,0.0,0.11496,0.0,0.0
2024-06-18 05:00:41.00,1.6340800000000002,0.0,5.016039999999999,4.941599999999999,0.0,0.05856,0.0,0.0
2024-06-18 05:00:42.00,2.5218,0.0,1.6564800000000002,7.833600000000001,0.0,0.4448,0.0,0.0
2024-06-18 05:00:43.00,2.5397999999999996,0.0,2.5578,5.772,0.0,0.0,0.0,0.0
2024-06-18 05:00:44.00,14.212920000000002,0.0,0.05684,8.00312,0.0,0.0,0.22448,0.0
2024-06-18 05:00:45.00,0.0,0.0,0.0,0.0,0.0,0.12192,0.0,0.0
2024-06-18 05:00:46.00,7.18312,0.0,0.0,9.31824,0.0,0.0,0.0,0.0
2024-06-18 05:00:47.00,11.0276,0.0,0.44576,11.449200000000001,0.0,0.45024000000000003,0.0,0.0
2024-06-18 05:00:48.00,16.038,0.0,0.1112,13.44,0.0,0.0552,0.0,0.0
2024-06-18 05:00:49.00,0.2248,0.0,6.20864,1.5915200000000003,0.0,7.05528,0.66384,0.0
2024-06-18 05:00:50.00,0.0,0.0,0.0,0.0,0.0,0.0,0.0,0.0
2024-06-18 05:00:51.00,9.47076,0.0,0.0,20.558719999999997,0.0,0.0,0.67248,0.2756
2024-06-18 05:00:52.00,9.83076,0.0,0.44384,13.4708,0.0,1.1016000000000001,0.0,0.0
2024-06-18 05:00:53.00,0.0,0.0,0.24192,0.0,0.0,0.12064,0.0,0.0
2024-06-18 05:00:54.00,15.702960000000003,0.0,0.0,8.352,0.0,0.0,0.0,0.0
2024-06-18 05:00:55.00,3.11472,0.0,0.9730800000000001,10.04092,0.0,2.5397999999999996,0.0,0.0
2024-06-18 05:00:56.00,3.32688,0.0,0.95676,11.7312,0.0,3.5092,0.0,0.0
2024-06-18 05:00:57.00,7.912800000000001,0.0,1.1544,7.952399999999999,0.0,0.7399600000000001,0.0,0.0
2024-06-18 05:00:58.00,3.948,0.0,1.9782000000000002,5.83392,0.0,3.03912,0.0,0.0
2024-06-18 05:00:59.00,19.367040000000003,0.0,0.0,8.732640000000002,0.0,0.0,0.0,0.0
2024-06-18 05:01:00.00,18.33612,0.0,0.0,12.17664,0.0,0.0,0.0,0.0
2024-06-18 05:01:01.00,10.53348,0.0,0.45088,12.909120000000001,0.0,0.45856,0.0,0.0
2024-06-18 05:01:02.00,0.0,0.0,0.18288,6.987840000000001,0.0,0.0,0.0,0.0
2024-06-18 05:01:03.00,4.63136,0.8178,0.0,17.82072,0.0,0.0,0.0,0.0
2024-06-18 05:01:04.00,7.58976,0.0,0.0,13.26384,0.0,0.11408,0.0,0.0
2024-06-18 05:01:05.00,7.0432,0.0,0.0,7.691600000000001,0.0,0.2818,0.0,0.0
2024-06-18 05:01:06.00,0.9846400000000001,0.0,0.74568,2.25576,0.0,3.0846000000000005,0.17076,0.0
2024-06-18 05:01:07.00,0.6344799999999999,0.0,3.8350800000000005,0.0,0.0,3.1561600000000003,0.0,0.0
2024-06-18 05:01:08.00,0.22672,0.0,4.0896,1.90872,0.0,1.6356000000000002,0.0,0.0
2024-06-18 05:01:09.00,0.11608,0.0,3.4544800000000007,1.38528,0.0,5.529599999999999,0.0,0.0
2024-06-18 05:01:10.00,13.164119999999999,0.0,1.85856,7.3736,0.0,0.0576,0.0,0.0
2024-06-18 05:01:11.00,0.44768,0.0,8.21328,1.2879999999999998,0.0,4.5522,0.0,0.0
2024-06-18 05:01:12.00,0.75036,0.28500000000000003,2.93352,0.23536,0.0,1.55736,0.0,0.0
2024-06-18 05:01:13.00,13.914120000000002,0.0,0.0,12.96112,0.0,0.0,0.44864,0.0
2024-06-18 05:01:14.00,7.02576,0.21952000000000002,0.71656,15.811160000000003,0.0,0.0,0.0,0.0
2024-06-18 05:01:15.00,1.4965600000000001,0.0,0.5576,10.008479999999999,0.0,0.92416,0.0,0.0
2024-06-18 05:01:16.00,4.00156,0.0,2.4939199999999997,5.5746,0.0,0.23136,0.0,0.0
2024-06-18 05:01:17.00,0.0,0.0,2.1386000000000003,0.0,0.0,3.02736,0.0,0.0
2024-06-18 05:01:18.00,0.91776,0.0,5.86816,3.2248,0.0,2.12676,0.0,0.0
2024-06-18 05:01:19.00,0.0,0.0,8.20248,0.78456,0.0,3.7857600000000002,0.0,0.0
2024-06-18 05:01:20.00,1.88672,0.0,0.058280000000000005,0.0,0.0,2.01824,0.0,0.0
2024-06-18 05:01:21.00,6.218840000000001,0.0,7.065119999999999,0.33647999999999995,0.0,0.2256,2.7033599999999995,0.0
2024-06-18 05:01:22.00,8.47008,0.0,5.948720000000001,0.0,0.0,1.00728,0.0,0.0
2024-06-18 05:01:23.00,10.147679999999998,0.0,1.6298000000000001,7.05036,0.0,1.2460799999999999,0.0,0.0
2024-06-18 05:01:24.00,0.0,0.0,0.0,0.0,0.0,0.0,0.0,0.0
2024-06-18 05:01:25.00,4.54408,0.0,0.45728,8.44464,0.0,0.6816,0.0,0.0
2024-06-18 05:01:26.00,4.836639999999999,3.8780000000000006,1.0116,6.314440000000001,0.0,0.66048,0.0,0.0
2024-06-18 05:01:27.00,0.0,0.0,0.12104,0.0,0.0,0.0,0.0,0.0
2024-06-18 05:01:28.00,6.13016,0.0,0.39648,6.8047200000000005,0.0,1.412,0.0,0.0
2024-06-18 05:01:29.00,3.7414,0.11448000000000001,2.00592,7.57904,0.0,1.6599600000000003,0.0,0.0
2024-06-18 05:01:30.00,21.0094,0.0,0.11144,6.59208,0.0,0.0,0.0,0.0
2024-06-18 05:01:31.00,0.0,0.0,7.61376,2.17152,0.0,3.2832000000000003,0.0,0.0
2024-06-18 05:01:32.00,15.9964,0.0,0.22208,12.012,0.0,0.0,0.0,0.0
2024-06-18 05:01:33.00,19.50192,0.0,0.0,9.52176,0.0,0.16535999999999998,0.0,0.0
2024-06-18 05:01:34.00,18.41008,0.0,0.16572,8.96176,0.0,0.22064,0.0,0.0
2024-06-18 05:01:35.00,9.09432,0.0,0.0,6.652800000000001,0.0,0.0,0.0,0.0
2024-06-18 05:01:36.00,3.9523200000000003,0.0,0.05716,10.04328,0.0,1.2451999999999999,0.0,0.0
2024-06-18 05:01:37.00,6.62596,1.30364,2.15904,4.93584,0.0,0.0,0.0,0.0
2024-06-18 05:01:38.00,3.5112,0.0,2.92536,3.7884,0.0,1.36992,0.11472,0.0
2024-06-18 05:01:39.00,4.3643600000000005,0.0,2.3927600000000004,4.446000000000001,0.0,4.3804799999999995,0.0,0.0
2024-06-18 05:01:40.00,3.5984800000000003,0.0,4.02428,4.957199999999999,0.0,2.2105200000000003,0.0,0.0
2024-06-18 05:01:41.00,0.976,0.0,6.603720000000001,0.0,0.0,1.3968,0.0,0.0
2024-06-18 05:01:42.00,6.46016,0.0,2.8784400000000003,5.6916,0.0,1.39296,0.0,0.0
2024-06-18 05:01:43.00,9.5436,0.0,1.36032,8.91352,0.0,0.0,0.0,0.0
2024-06-18 05:01:44.00,11.15928,0.0,0.3934,5.3172,0.0,0.0,0.0,0.0
2024-06-18 05:01:45.00,4.10552,0.0,0.9152,14.393920000000001,0.0,1.01016,0.0,0.0
2024-06-18 05:01:46.00,0.0,0.0,13.824000000000002,0.16152,0.0,25.835520000000002,0.0,0.0
2024-06-18 05:01:47.00,0.0,0.0,9.0176,0.6719999999999999,0.0,6.7152,0.0,0.0
2024-06-18 05:01:48.00,0.0,0.0,20.87664,0.0,0.0,11.1188,0.0,0.0
2024-06-18 05:01:49.00,7.12192,0.0,2.07644,8.51296,0.0,0.0,0.0,0.0
2024-06-18 05:01:50.00,0.90432,0.0,1.93936,5.67864,0.0,1.02744,0.0,0.0
2024-06-18 05:01:51.00,12.56164,0.0,0.2784,19.722,0.0,0.0,0.0,0.0
2024-06-18 05:01:52.00,15.143040000000001,0.0,0.281,11.124520000000002,0.0,0.0,0.0,0.0
2024-06-18 05:01:53.00,0.0,0.0,28.244799999999998,0.0,0.0,7.92488,0.0,0.0
2024-06-18 05:01:54.00,11.536320000000002,0.0,0.0,11.309759999999999,0.0,0.0,0.50868,0.0
2024-06-18 05:01:55.00,11.972879999999998,0.0,0.2256,13.43816,0.0,0.0,0.11336,0.0
2024-06-18 05:01:56.00,7.2299999999999995,0.0,0.5112,11.472,0.0,0.89088,0.0,0.0
2024-06-18 05:01:57.00,7.5576,0.0,0.6177599999999999,10.5252,0.0,0.0,0.0,0.0
2024-06-18 05:01:58.00,5.895720000000001,0.0,0.5147999999999999,2.6639999999999997,0.0,1.8598800000000002,0.0,0.0
2024-06-18 05:01:59.00,0.0,0.0,32.49624,0.0,0.0,8.915040000000001,0.0,0.0
2024-06-18 05:02:00.00,11.01144,0.0,3.3151200000000003,1.56816,0.0,0.11072,0.0,0.0
2024-06-18 05:02:01.00,0.0,0.0,17.29728,0.0,0.0,17.6252,0.0,0.0
2024-06-18 05:02:02.00,11.415040000000001,0.0,0.0,12.936240000000002,0.0,0.0,0.0,0.0
2024-06-18 05:02:03.00,12.9822,0.0,0.0,15.106560000000004,0.0,0.5472,0.0,0.0
2024-06-18 05:02:04.00,15.27356,0.0,0.0,13.000199999999998,0.0,0.0,0.0,0.0
2024-06-18 05:02:05.00,0.0,0.0,22.89696,0.0,0.0,13.197119999999998,0.0,0.0
2024-06-18 05:02:06.00,5.125119999999999,0.0,12.713280000000001,0.16548,0.0,0.72904,0.0,0.0
2024-06-18 05:02:07.00,9.202760000000001,0.0,0.22608,12.82684,0.0,0.0,0.0,0.0
2024-06-18 05:02:08.00,9.49104,0.0,0.0,18.6022,0.0,0.0,0.0,0.0
2024-06-18 05:02:09.00,0.0,0.0,0.0,0.0,0.0,0.24064,0.0,0.0
2024-06-18 05:02:10.00,0.11263999999999999,0.0,13.441359999999998,0.7946400000000001,0.0,5.57032,0.0,0.0
2024-06-18 05:02:11.00,0.0,0.0,31.552,0.0,0.0,9.17332,0.0,0.0
2024-06-18 05:02:12.00,14.870320000000001,0.0,0.17004,5.322239999999999,0.0,0.0,0.0,0.0
2024-06-18 05:02:13.00,0.0,0.0,19.32984,0.0,0.0,14.0658,0.0,0.0
2024-06-18 05:02:14.00,0.0,0.0,6.537760000000001,2.4192,0.0,11.102920000000001,0.0,0.0
2024-06-18 05:02:15.00,13.148760000000001,0.0,0.0,18.652079999999998,0.0,0.22432,0.05612,0.0
2024-06-18 05:02:16.00,0.0,0.0,8.83344,1.3497599999999998,0.0,4.433520000000001,0.0,0.0
2024-06-18 05:02:17.00,2.63616,0.0,22.36544,0.0,0.0,0.562,0.44,0.0
2024-06-18 05:02:18.00,11.83776,0.0,0.2806,12.153599999999999,0.0,0.6777599999999999,0.1722,0.0
2024-06-18 05:02:19.00,0.057,0.0,8.20248,0.39620000000000005,0.0,7.4236,0.0,0.0
2024-06-18 05:02:20.00,0.0,0.0,2.7765599999999995,0.0,0.0,0.0,0.0,0.0
2024-06-18 05:02:21.00,10.16028,0.0,0.0,0.0,0.0,0.0,0.0,0.0
2024-06-18 05:02:22.00,0.0,0.0,14.661520000000001,0.37632000000000004,0.0,9.591119999999998,0.0,0.0
2024-06-18 05:02:23.00,18.652079999999998,0.0,0.33311999999999997,8.1026,0.0,0.0,0.0,0.0
2024-06-18 05:02:24.00,19.849919999999997,0.0,0.0,8.91072,0.0,0.16908,0.0,0.0
2024-06-18 05:02:25.00,17.27208,0.0,0.11327999999999999,9.05424,0.0,0.2776,0.0,0.0
2024-06-18 05:02:26.00,0.23120000000000002,0.0,7.08576,1.438,0.0,4.39608,0.05624,0.0
2024-06-18 05:02:27.00,0.5788000000000001,0.0,4.608,0.4512,0.0,4.84388,0.0,0.0
2024-06-18 05:02:28.00,0.39648,0.0,6.469080000000001,1.6016400000000002,0.0,0.0564,0.22896000000000002,0.0
2024-06-18 05:02:29.00,3.20016,3.84608,12.89808,0.0,1.9950400000000001,1.334,0.0,0.0
2024-06-18 05:02:30.00,5.079359999999999,0.0,1.81376,6.73544,0.0,0.11536,0.0,0.0
2024-06-18 05:02:31.00,13.3276,0.0,0.0,8.207,0.0,0.0564,0.0,0.0
2024-06-18 05:02:32.00,17.732319999999998,0.0,0.44416,11.88128,0.0,0.0,0.0,0.0
2024-06-18 05:02:33.00,4.3643600000000005,0.33288,1.9108000000000003,2.0664,0.0,2.72832,0.0,0.0
2024-06-18 05:02:34.00,10.105919999999998,0.17112,0.44128,12.18944,0.0,0.0,0.0,0.0
2024-06-18 05:02:35.00,2.2752,0.0,0.79744,1.8876,0.0,2.7184799999999996,0.0,0.0
2024-06-18 05:02:36.00,1.411,0.0,4.845000000000001,2.3120000000000003,0.0,2.5793999999999997,0.0,0.0
2024-06-18 05:02:37.00,8.2302,0.0,0.6748799999999999,8.41428,0.0,0.056799999999999996,0.0,0.0
2024-06-18 05:02:38.00,0.0,0.0,19.265279999999997,0.0,0.0,14.949200000000001,0.0,0.0
2024-06-18 05:02:39.00,0.75348,0.0,0.2864,4.428,0.0,1.05048,0.0,0.0
2024-06-18 05:02:40.00,0.6124799999999999,0.0,8.56188,1.18944,0.0,3.1086000000000005,0.0,0.0
2024-06-18 05:02:41.00,0.45280000000000004,0.0,8.3172,1.459,0.0,3.55136,0.0,0.0
2024-06-18 05:02:42.00,0.0,0.0,9.152040000000001,0.74776,0.0,2.95568,0.0,0.0
2024-06-18 05:02:43.00,0.0,0.0,25.815200000000004,0.0,0.0,7.0104,0.0,0.0
2024-06-18 05:02:44.00,9.234960000000001,0.22288,0.855,9.810879999999997,0.0,0.2248,0.0,0.0
2024-06-18 05:02:45.00,8.0064,0.0,2.1528,11.611600000000001,0.0,0.6648,0.0,0.0
2024-06-18 05:02:46.00,0.0,0.0,14.07332,0.0,0.0,14.723400000000002,0.33024,0.0
2024-06-18 05:02:47.00,1.37568,0.0,1.392,6.446000000000001,0.0,1.47472,0.0,0.05768
2024-06-18 05:02:48.00,0.0,0.0,24.69628,0.0,0.0,16.45696,0.0,0.0
2024-06-18 05:02:49.00,1.1376,0.0,6.86796,2.826,0.0,2.63388,0.0,0.0
2024-06-18 05:02:50.00,0.4496,0.0,9.24952,1.704,0.0,5.589919999999999,0.0,0.0
2024-06-18 05:02:51.00,18.99756,0.16464,0.0,4.544,0.0,0.16584,0.0,0.0
2024-06-18 05:02:52.00,7.33392,0.0,0.5488000000000001,17.21104,0.0,0.0,0.0,0.0
2024-06-18 05:02:53.00,0.05612,0.0,20.390399999999996,0.0,0.0,4.37112,0.0,0.0
2024-06-18 05:02:54.00,0.0,0.0,8.091,0.22432,0.0,5.86204,0.0,0.0
2024-06-18 05:02:55.00,9.193200000000001,0.0,0.77392,15.543000000000001,0.0,0.2822,0.0,0.0
2024-06-18 05:02:56.00,9.471000000000002,0.0,0.056639999999999996,12.27352,0.0,0.7823200000000001,0.0,0.0
2024-06-18 05:02:57.00,0.61644,0.0,12.0416,0.0,0.0,8.232,0.0,0.0
2024-06-18 05:02:58.00,1.36032,0.0,16.67072,0.0,0.0,3.8216000000000006,0.0,0.0
2024-06-18 05:02:59.00,6.424320000000001,0.0,0.7890400000000001,2.13712,0.0,0.05772,0.0,0.0
2024-06-18 05:03:00.00,0.45472,0.0,10.235679999999999,0.05636,0.0,8.41232,0.0,0.0
2024-06-18 05:03:01.00,0.0,0.0,8.462200000000001,0.0,0.0,9.716159999999999,0.0,0.0
2024-06-18 05:03:02.00,0.22655999999999998,0.0,4.106879999999999,0.9649200000000001,0.0,4.667440000000001,0.11408,0.0
2024-06-18 05:03:03.00,0.0,0.0,7.032,1.31652,0.0,1.6016000000000001,0.0,0.0
2024-06-18 05:03:04.00,0.11496,0.0,2.67148,0.9724,0.0,3.03584,0.0,0.0
2024-06-18 05:03:05.00,0.0,0.0,11.013119999999999,2.06784,0.0,4.1328,0.0,0.0
2024-06-18 05:03:06.00,12.9024,0.0,1.1304,6.322,0.0,0.17028,0.0,0.0
2024-06-18 05:03:07.00,13.55952,0.0,0.5552,8.91672,0.0,0.16716,0.0,0.0
2024-06-18 05:03:08.00,13.499199999999998,0.0,0.0,6.1603200000000005,0.0,0.46144,0.0,0.0
2024-06-18 05:03:09.00,0.0,0.0,0.7670000000000001,0.0,0.0,0.2328,3.9932000000000003,0.0
2024-06-18 05:03:10.00,0.0,0.0,0.42056000000000004,0.12088,0.0,1.3270399999999998,0.0,0.0
2024-06-18 05:03:11.00,0.17951999999999999,0.0,1.1968,0.0,0.0,0.3012,0.0,0.0
2024-06-18 05:03:12.00,0.0,0.0,0.057,0.0,0.0,0.17364,0.0,0.0
2024-06-18 05:03:13.00,0.0,10.587119999999999,0.22416,0.0,0.91392,0.0,0.17052,1.5646400000000003
2024-06-18 05:03:14.00,0.0,0.0,0.0,0.0,0.22256,0.0,25.710160000000002,0.0
2024-06-18 05:03:15.00,0.0,0.0,10.2448,0.27120000000000005,0.0,6.89,0.0,0.0
2024-06-18 05:03:16.00,0.49356,0.0,18.63056,0.0,0.0,5.47624,0.8124,0.7666400000000001
2024-06-18 05:03:17.00,8.59492,0.0,0.0,16.88384,0.0,0.0,1.5568,0.0
2024-06-18 05:03:18.00,8.60928,0.0,0.44384,15.780960000000002,0.0,0.39564000000000005,0.0,0.0
2024-06-18 05:03:19.00,8.2944,0.0,1.2231999999999998,9.69492,0.0,0.564,0.0,0.0
2024-06-18 05:03:20.00,4.18248,0.0,0.74724,2.2672000000000003,0.0,1.9216800000000003,0.0,0.0
2024-06-18 05:03:21.00,0.0,0.0,26.90424,0.0,0.0,6.77536,0.0,0.0
2024-06-18 05:03:22.00,6.518200000000001,0.0,0.22368,8.804,0.0,0.0,4.31808,0.0
2024-06-18 05:03:23.00,1.28708,0.0,3.444,1.8678000000000001,0.0,4.19728,0.2256,0.0
2024-06-18 05:03:24.00,4.63792,0.0,0.66816,11.46184,0.0,1.0639999999999998,0.0,0.0
2024-06-18 05:03:25.00,0.6291999999999999,0.0,3.28512,3.59352,0.0,3.3511999999999995,0.22608,0.0
2024-06-18 05:03:26.00,9.835920000000002,0.0,5.3846,2.02752,0.0,0.43936000000000003,0.0,0.0
2024-06-18 05:03:27.00,10.93752,0.0,1.51092,10.44036,0.0,1.74976,0.6203999999999998,0.0
2024-06-18 05:03:28.00,0.0,0.0,13.435839999999999,0.0,0.0,16.621920000000003,0.05484,0.0
2024-06-18 05:03:29.00,6.65048,0.0,0.6744,15.724800000000002,0.0,0.0,0.0,0.0
2024-06-18 05:03:30.00,0.0,0.0,15.66,0.0,0.0,9.77796,0.0,0.0
2024-06-18 05:03:31.00,11.491200000000001,0.0,3.23408,1.73696,0.0,0.0,4.764119999999999,0.0
2024-06-18 05:03:32.00,1.4799200000000001,0.0,5.270719999999999,3.60592,0.0,5.42592,0.11104,0.0
2024-06-18 05:03:33.00,7.8822,0.0,0.2764,20.587839999999996,0.0,0.21888000000000002,0.0,0.0
2024-06-18 05:03:34.00,0.9853200000000001,0.0,3.28512,3.8136400000000004,0.0,1.35648,0.0,0.0
2024-06-18 05:03:35.00,0.0,0.0,28.999200000000002,0.0,0.0,5.7758400000000005,0.21376,0.0
2024-06-18 05:03:36.00,9.193600000000002,0.0,1.9082000000000001,4.75064,0.0,2.4851199999999998,0.44576,0.0
2024-06-18 05:03:37.00,10.046399999999998,0.0,0.0,11.44,0.0,0.10872,0.0,0.0
2024-06-18 05:03:38.00,0.0,0.0,15.960799999999999,0.0,0.0,10.386239999999999,0.0,0.0
2024-06-18 05:03:39.00,0.0,0.0,30.595840000000003,0.15936,0.0,8.64248,0.05344,0.05312
2024-06-18 05:03:40.00,11.4736,0.0,0.11072,8.63016,0.0,1.2604,1.6464,0.0
2024-06-18 05:03:41.00,0.0,0.0,15.947359999999998,0.0,0.0,11.86836,0.0,0.0
2024-06-18 05:03:42.00,7.53984,0.0,0.0,18.988480000000003,0.0,0.0,0.0,0.0
2024-06-18 05:03:43.00,0.0,0.0,10.193919999999999,0.6234799999999999,0.0,4.57812,0.0,0.0
2024-06-18 05:03:44.00,0.0,0.0,31.7016,0.0,0.0,5.58688,0.0,0.31367999999999996
2024-06-18 05:03:45.00,12.096,0.0,0.2208,8.08832,0.2782,0.33455999999999997,0.22208,0.0
2024-06-18 05:03:46.00,0.0,0.0,11.76,0.0,0.0,18.35488,0.0,0.0
2024-06-18 05:03:47.00,4.9626399999999995,0.0,0.5608,8.34996,0.0,0.8959999999999999,0.0,0.2786
2024-06-18 05:03:48.00,0.0,0.0,22.295599999999997,0.0,0.0,16.77448,0.0,0.0
2024-06-18 05:03:49.00,0.0,0.0,28.966559999999998,0.16116,0.0,10.987559999999998,0.21632,0.0
2024-06-18 05:03:50.00,16.4948,0.0,0.0,7.289600000000001,0.21552,0.10736000000000001,1.0968,0.0
2024-06-18 05:03:51.00,0.0,0.0,22.3816,0.0,0.0,15.185240000000002,0.0,0.0
2024-06-18 05:03:52.00,0.0,0.0,7.1,0.0,0.0,5.104799999999999,0.0,0.0
2024-06-18 05:03:53.00,0.39620000000000005,0.0,2.72448,4.34816,0.0,2.834,0.0,0.0
2024-06-18 05:03:54.00,15.245439999999999,0.0,0.0,24.6888,0.0,0.0,0.0,0.0
2024-06-18 05:03:55.00,0.17652,0.0,0.35256,0.0,0.0,0.11568,0.0,0.0
2024-06-18 05:03:56.00,0.0,0.0,2.0246399999999998,0.2846,0.0,5.69976,0.0,0.0
2024-06-18 05:03:57.00,0.6940799999999999,0.0,3.3663200000000004,0.0,0.0,0.0,0.0,0.0
2024-06-18 05:03:58.00,0.0,1.6588,0.34368,0.0,0.05756,0.0572,6.178120000000001,3.7567200000000005
2024-06-18 05:03:59.00,0.0,0.0,0.11856,0.0,0.0,0.36,0.42336000000000007,0.0
2024-06-18 05:04:00.00,0.0,0.0,0.17772000000000002,0.0,0.0,0.48384,0.5436,0.0
2024-06-18 05:04:01.00,0.0,0.0,0.0,0.0,1.3516799999999998,0.0,11.505240000000002,1.0188
2024-06-18 05:04:02.00,0.0,0.0,0.3042,0.0,0.0,0.18252,0.0,0.0
2024-06-18 05:04:03.00,0.0,0.0,0.23632000000000003,0.0,2.6622,0.0,0.35112,0.47296
2024-06-18 05:04:04.00,0.0,0.0,0.12024,0.0,0.0,0.2408,0.059680000000000004,0.6511999999999999
2024-06-18 05:04:05.00,0.0,0.41384000000000004,0.46144,0.0,0.8114400000000002,0.46496000000000004,0.0,0.94144
2024-06-18 05:04:06.00,0.0,0.93312,0.23216,0.0,0.0,0.23504000000000003,0.92672,1.2255600000000002
2024-06-18 05:04:07.00,0.0,0.2722,0.27240000000000003,0.0,0.33359999999999995,0.0,18.741039999999998,0.47520000000000007
2024-06-18 05:04:08.00,0.0,0.0,0.0,0.0,0.0,0.1812,0.0,0.0
2024-06-18 05:04:09.00,0.0,0.0,0.06008,0.0,0.0,0.24208,0.0,0.0
2024-06-18 05:04:10.00,0.45632,0.0,6.659640000000001,2.10308,0.0,4.74288,0.0,0.0
2024-06-18 05:04:11.00,0.0,0.0,0.29960000000000003,0.0,0.0,0.0,0.0,0.0
2024-06-18 05:04:12.00,0.46272,0.0,5.004239999999999,1.27688,0.0,0.93312,0.0,0.0
2024-06-18 05:04:13.00,0.0,0.0,0.65472,0.24144,0.0,0.24015999999999998,0.0,0.0
2024-06-18 05:04:14.00,0.0,0.0,0.3008,0.0,0.0,0.18036,0.0,0.0
2024-06-18 05:04:15.00,0.0,0.0,0.17856,0.0,0.0,0.12,0.0,0.0
2024-06-18 05:04:16.00,0.0,4.993799999999999,0.23008,0.0,2.0314,0.0584,1.1480000000000001,0.22816
2024-06-18 05:04:17.00,0.0,2.67148,0.0,0.0,1.1488,0.2872,1.89816,1.6773600000000002
2024-06-18 05:04:18.00,0.0,3.4703999999999997,0.2876,0.0,0.34728,0.0,0.0,5.119079999999999
2024-06-18 05:04:19.00,0.0,0.0,0.24256,0.0,0.0,0.0,0.0,0.0
2024-06-18 05:04:20.00,0.0,0.0,0.0,0.0,0.0,0.0,0.0,0.0608
2024-06-18 05:04:21.00,0.0,0.0,0.0,0.0,0.0,0.0,0.0,0.6595599999999999
2024-06-18 05:04:22.00,0.0,2.5938,0.3976,0.0,0.40068000000000004,0.0,2.5667999999999997,1.85592
2024-06-18 05:04:23.00,0.0,2.97636,0.0,0.0,0.17256,0.0,3.8038000000000003,3.5935200000000003
2024-06-18 05:04:24.00,0.0,1.9404000000000001,0.1168,0.0,0.1746,0.23440000000000003,1.96112,3.2164
2024-06-18 05:04:25.00,0.0,1.80916,0.17556,0.0,0.0,0.46656,0.98328,1.7040400000000002
2024-06-18 05:04:26.00,0.0,2.3136,0.23263999999999999,0.0,0.0,0.17676,0.879,3.02736
2024-06-18 05:04:27.00,0.0,0.0,0.1812,0.0,0.0,0.0,0.0,0.0
2024-06-18 05:04:28.00,0.0,0.0,0.0,0.0,0.0,0.0,0.0,0.0
2024-06-18 05:04:29.00,0.0,0.0,0.05976,0.0,0.0,0.06064,0.0,0.0
2024-06-18 05:04:30.00,0.0,0.0,0.1824,0.0,0.0,0.06032,0.1794,0.0
2024-06-18 05:04:31.00,0.0,0.0,0.29960000000000003,0.0,0.0,0.3038,0.0,0.0
2024-06-18 05:04:32.00,0.0,0.0,0.3042,0.0,0.0,0.0,0.0,0.0
2024-06-18 05:04:33.00,0.0,0.0,0.18,0.0,0.0,0.0,0.0,0.0
2024-06-18 05:04:34.00,0.0,0.0,0.36624,0.0,0.0,0.4214,0.0,0.0
2024-06-18 05:04:35.00,0.0,0.0,0.1216,0.0,0.0,0.0,0.0,0.0
2024-06-18 05:04:36.00,0.0,0.0,0.0,0.0,0.7075199999999999,0.0,0.0,0.0
2024-06-18 05:04:37.00,0.0,0.0,0.3022,0.0,0.0,0.24367999999999998,0.0,0.0
2024-06-18 05:04:38.00,0.0,0.0,0.0,0.0,0.0,0.0,0.0,0.0
2024-06-18 05:04:39.00,0.0,0.0,0.29860000000000003,0.0,0.0,0.0,0.0,0.0
2024-06-18 05:04:40.00,0.0,0.0,0.12168,0.0,0.0,0.4816,0.0,0.0
2024-06-18 05:04:41.00,0.0,0.0,0.3006,0.0,0.0,0.0,0.0,0.0
2024-06-18 05:04:42.00,0.0,0.0,0.24015999999999998,0.0,0.0,0.0,0.0,0.0
2024-06-18 05:04:43.00,0.0,0.0,0.0,0.0,0.0,0.18395999999999998,0.0,0.0
2024-06-18 05:04:44.00,0.0,0.0,0.0,0.0,0.0,0.0,0.0,0.0
2024-06-18 05:04:45.00,0.0,0.0,0.18264,0.0,0.0,0.0,0.0,0.0
2024-06-18 05:04:46.00,0.0,0.0,0.0,0.0,0.0,0.12232,0.0,0.0
2024-06-18 05:04:47.00,0.0,0.0,0.0,0.0,0.0,0.24144,0.0,0.0
2024-06-18 05:04:48.00,0.0,0.0,0.3008,0.0,0.0,0.06144,0.0,0.0
2024-06-18 05:04:49.00,0.0,0.0,0.36047999999999997,0.0,0.0,0.18456,0.0,0.0
2024-06-18 05:04:50.00,0.0,0.0,0.24,0.0,0.0,0.0,0.0,0.0
2024-06-18 05:04:51.00,0.0,0.0,0.0,0.0,0.0,0.18144,0.0,0.0
2024-06-18 05:04:52.00,0.0,0.0,0.0,0.0,0.0,0.36455999999999994,0.0,0.0
2024-06-18 05:04:53.00,0.0,0.0,0.24064,0.0,0.0,0.307,0.0,0.0
2024-06-18 05:04:54.00,0.0,0.0,0.12168,0.0,0.0,0.0,0.0,0.0
2024-06-18 05:04:55.00,0.0,0.0,0.24,0.0,0.0,0.06084,0.0,0.0
2024-06-18 05:04:56.00,0.0,0.0,0.0,0.0,0.0,0.2984,0.0,0.0
2024-06-18 05:04:57.00,0.0,0.0,0.0,0.0,0.0,0.0,0.0,0.0
2024-06-18 05:04:58.00,0.0,0.0,0.24367999999999998,0.0,0.0,0.0,0.0,0.0
2024-06-18 05:04:59.00,0.0,0.0,0.0,0.0,0.0,0.36216,0.0,0.0
2024-06-18 05:05:00.00,0.0,0.0,0.0,0.0,0.0,0.0,0.0,0.0
2024-06-18 05:05:01.00,0.0,0.0,0.0,0.0,0.0,0.18048,0.0,0.0
2024-06-18 05:05:02.00,0.0,0.0,0.18275999999999998,0.0,0.0,0.0,0.0,0.0
2024-06-18 05:05:03.00,0.0,0.0,0.3074,0.0,0.0,0.0,0.0,0.0
2024-06-18 05:05:04.00,0.0,0.0,0.18083999999999997,0.0,0.0,0.18467999999999998,0.0,0.0
2024-06-18 05:05:05.00,0.0,0.0,0.3636,0.0,0.0,0.0,0.0,0.0
2024-06-18 05:05:06.00,0.0,0.0,0.0,0.0,0.0,0.48096,0.0,0.0
2024-06-18 05:05:07.00,0.0,0.0,0.12007999999999999,0.0,0.0,0.12304000000000001,0.0,0.0
2024-06-18 05:05:08.00,0.0,0.0,0.0,0.0,0.0,0.24208,0.0,0.0
2024-06-18 05:05:09.00,0.0,0.0,0.0,0.0,0.0,0.18048,0.0,0.0
2024-06-18 05:05:10.00,0.0,0.0,0.0,0.0,0.0,0.0,0.0,0.0
2024-06-18 05:05:11.00,0.0,0.0,0.0,0.0,0.0,0.12,0.0,0.0
2024-06-18 05:05:12.00,0.0,0.0,0.48256,0.0,0.0,0.30760000000000004,0.0,0.0
2024-06-18 05:05:13.00,0.0,0.0,0.18252,0.0,0.0,0.366,0.0,0.0
2024-06-18 05:05:14.00,0.0,0.0,0.71904,0.0,0.0,0.12136,0.0,0.0
2024-06-18 05:05:15.00,0.0,0.0,0.0,0.0,0.0,0.4768,0.0,0.0
2024-06-18 05:05:16.00,0.0,0.0,0.061040000000000004,0.0,0.0,0.0,0.0,0.0
2024-06-18 05:05:17.00,0.0,0.0,0.0,0.0,0.0,0.0,0.0,0.0
2024-06-18 05:05:18.00,0.0,0.0,0.18347999999999998,0.0,0.0,0.06148,0.0,0.0
2024-06-18 05:05:19.00,0.0,0.0,0.48544,0.0,0.0,0.24272,0.0,0.0
2024-06-18 05:05:20.00,0.0,0.0,0.3064,0.0,0.0,0.12296,0.0,0.0
2024-06-18 05:05:21.00,0.0,0.0,0.0,0.0,0.0,0.0,0.0,0.0
2024-06-18 05:05:22.00,0.0,0.0,0.0,0.0,0.0,0.3034,0.0,0.0
2024-06-18 05:05:23.00,0.0,0.0,0.060039999999999996,0.0,0.0,0.42112000000000005,0.0,0.0
2024-06-18 05:05:24.00,0.0,0.0,0.0,0.0,0.0,0.0,0.0,0.0
2024-06-18 05:05:25.00,0.0,0.0,0.0,0.0,0.0,0.0,0.0,0.0
2024-06-18 05:05:26.00,0.0,0.0,0.12064,0.0,0.0,0.2416,0.0,0.0
2024-06-18 05:05:27.00,0.0,0.0,0.42588000000000004,0.0,0.0,0.3054,0.0,0.0
2024-06-18 05:05:28.00,0.0,0.0,0.36216,0.0,0.0,0.42532000000000003,0.0,0.0
2024-06-18 05:05:29.00,0.0,0.0,0.36768,0.0,0.0,0.0,0.0,0.0
2024-06-18 05:05:30.00,0.0,0.0,0.42588000000000004,0.0,0.0,0.24464,0.0,0.0
2024-06-18 05:05:31.00,0.69024,0.0,2.27292,0.0,0.0,10.614120000000002,0.0,0.0
2024-06-18 05:05:32.00,0.9180000000000001,4.213439999999999,4.692159999999999,0.65184,2.02612,2.64796,6.361440000000001,2.3566800000000003
2024-06-18 05:05:33.00,0.0,0.0,0.0,0.0,0.0,0.0,0.0,0.0
2024-06-18 05:05:34.00,0.0,0.0,0.0,0.0,0.0,0.0,0.0,0.0
2024-06-18 05:05:35.00,0.0,0.0,0.18155999999999997,0.0,0.0,0.6072000000000001,0.0,0.0
2024-06-18 05:05:36.00,0.0,0.0,0.0,0.0,0.0,0.05952,0.24272,0.36432
2024-06-18 05:05:37.00,0.0,0.0,0.427,0.0,0.0,0.3064,0.0,0.0
2024-06-18 05:05:38.00,0.0,0.0,0.24048,0.0,0.0,0.3026,0.0,0.0
2024-06-18 05:05:39.00,3.234,0.0,2.288,2.537,0.0,0.0,0.0,0.0
2024-06-18 05:05:40.00,0.0,0.0,0.23936000000000002,0.0,0.0,6.04656,0.0,0.0
2024-06-18 05:05:41.00,0.0,0.0,6.424680000000001,4.12084,0.0,0.8862,0.0,0.0
2024-06-18 05:05:42.00,1.128,0.0,2.50948,1.11188,0.0,6.528480000000001,0.0,0.0
2024-06-18 05:05:43.00,0.0,0.0,9.0944,7.975040000000001,0.0,0.0,0.0,0.0
2024-06-18 05:05:44.00,0.0,0.0,0.0,0.0,0.0,0.06044,0.0,0.0
2024-06-18 05:05:45.00,0.0,0.0,6.1846000000000005,2.98272,0.0,2.17056,0.0,0.0
2024-06-18 05:05:46.00,0.0,0.0,0.54684,0.0,0.0,0.48576,0.0,0.0
2024-06-18 05:05:47.00,0.42112000000000005,0.0,0.0,0.24208,0.0,0.0,0.0,0.0
2024-06-18 05:05:48.00,0.45664000000000005,0.0,2.3927600000000004,2.7109599999999996,0.0,6.4752,0.0,0.05732
2024-06-18 05:05:49.00,0.0,0.0,0.48607999999999996,0.0,0.0,0.0,0.0,0.0
2024-06-18 05:05:50.00,0.0,0.0,0.0,0.0,0.0,0.24144,0.0,0.0
2024-06-18 05:05:51.00,0.18036,0.0,1.22136,0.0,0.0,0.76232,0.0,0.0
2024-06-18 05:05:52.00,0.0,0.0,0.24384,0.0,0.0,0.18347999999999998,0.0,0.0
2024-06-18 05:05:53.00,0.0,0.0,0.0,0.0,0.0,1.88928,0.0,0.0
2024-06-18 05:05:54.00,0.11800000000000001,0.0,0.5472,0.71568,0.0,0.0,0.0,0.0
2024-06-18 05:05:55.00,0.0,0.0,0.0,0.0,0.0,0.0,0.0,0.0
2024-06-18 05:05:56.00,0.0,0.0,0.0,0.0,0.0,0.0,0.0,0.0
2024-06-18 05:05:57.00,0.0,0.0,0.0,0.0,0.0,0.0,0.122,0.0
2024-06-18 05:05:58.00,0.0,0.06204,0.0,0.0,0.0,0.4768,0.0,0.0
2024-06-18 05:05:59.00,0.0,0.0,0.24015999999999998,0.0,0.0,0.0,0.0,0.0
2024-06-18 05:06:00.00,0.0,0.0,0.06056,0.0,0.0,0.18108,0.0,0.0
2024-06-18 05:06:01.00,0.0,0.0,0.42224000000000006,0.0,0.0,0.6582399999999999,0.0,0.0
2024-06-18 05:06:02.00,0.0,0.0,0.24224,0.0,0.0,0.24303999999999998,0.0,0.0
2024-06-18 05:06:03.00,0.0,0.0,0.0,0.0,0.0,0.0,0.0,0.0
2024-06-18 05:06:04.00,0.0,0.0,0.3042,0.0,0.0,0.18192,0.0,0.0
2024-06-18 05:06:05.00,0.0,0.0,0.0,0.0,0.0,0.11984,0.0,0.0
2024-06-18 05:06:06.00,0.0,0.0,0.0,0.0,0.0,0.73776,0.0,0.0
2024-06-18 05:06:07.00,0.0,0.0,0.0,0.0,0.0,0.0,0.0,0.0
2024-06-18 05:06:08.00,0.0,0.0,0.36311999999999994,0.0,0.0,0.0,0.0,0.0
2024-06-18 05:06:09.00,0.0,0.0,0.0,0.0,0.0,0.0,0.0,0.0
2024-06-18 05:06:10.00,0.0,0.0,0.122,0.0,0.0,0.36648,0.0,0.0
2024-06-18 05:06:11.00,0.0,0.0,0.0,0.0,0.0,0.0,0.0,0.0
2024-06-18 05:06:12.00,0.0,0.0,0.06024,0.0,0.0,0.0,0.0,0.0
2024-06-18 05:06:13.00,0.0,0.0,0.12232,0.0,0.0,0.42616000000000004,0.0,0.0
2024-06-18 05:06:14.00,0.0,0.0,0.24384,0.0,0.0,0.1824,0.0,0.0
2024-06-18 05:06:15.00,0.0,0.0,0.0,1.02884,0.0,0.0,0.48512,0.0
2024-06-18 05:06:16.00,0.0,0.0,0.0,0.1216,0.0,0.0,0.0,0.0
2024-06-18 05:06:17.00,0.0,0.0,0.301,0.0,0.0,0.3636,0.0,0.0
2024-06-18 05:06:18.00,1.7434399999999999,0.0,6.19556,1.0123199999999999,0.0,3.68544,0.6124799999999999,0.05712
2024-06-18 05:06:19.00,31.707720000000002,0.0,5.45272,1.75576,0.0,1.0224,0.34031999999999996,0.49932
2024-06-18 05:06:20.00,0.0,0.0,0.35952,0.0,0.0,0.0,0.0,0.0
2024-06-18 05:06:21.00,0.0,0.0,0.0,0.0,0.0,0.0,0.0,0.0
2024-06-18 05:06:22.00,0.0,0.0,0.6639599999999999,0.0,0.0,0.42056000000000004,0.0,0.0
2024-06-18 05:06:23.00,0.0,0.0,0.6048,0.0,0.0,0.05992,0.0,0.0
2024-06-18 05:06:24.00,0.0,0.0,0.48479999999999995,0.0,0.0,0.12144,0.0,0.0
2024-06-18 05:06:25.00,0.0,0.0,0.0,0.0,0.0,0.186,0.0,0.0
2024-06-18 05:06:26.00,0.0,0.0,0.36912,0.0,0.0,0.24272,0.0,0.0
2024-06-18 05:06:27.00,0.0,0.0,0.0,0.0,0.0,0.0,0.0,0.0
2024-06-18 05:06:28.00,0.0,0.0,0.0,3.7296,0.0,3.9690800000000004,0.11656000000000001,0.0
2024-06-18 05:06:29.00,0.0,0.9047999999999999,0.0,0.0,0.0,0.0,0.0,0.0
2024-06-18 05:06:30.00,0.0,0.0,0.0,0.0,0.0,0.0,0.0,0.0
2024-06-18 05:06:31.00,0.0,0.0,0.0,0.0,0.0,0.12104,0.0,0.0
2024-06-18 05:06:32.00,0.0,0.0,0.3044,0.0,2.6298,0.47200000000000003,0.5872,0.0
2024-06-18 05:06:33.00,0.0,2.28852,0.16956,0.0,0.5820000000000001,0.0,3.3454400000000004,1.459
2024-06-18 05:06:34.00,0.0,0.22591999999999998,0.05624,0.0,3.8377600000000003,0.0,13.263399999999999,1.8928800000000001
2024-06-18 05:06:35.00,0.0,0.0,0.0,0.0,0.0,0.061399999999999996,0.0,0.0
2024-06-18 05:06:36.00,2.4587199999999996,0.0,1.6956,3.4511999999999996,0.0,0.16836,2.6164799999999997,1.6764
2024-06-18 05:06:37.00,0.0,0.0,0.0,0.0,0.0,0.0,1.6844800000000002,0.70896
2024-06-18 05:06:38.00,0.0,0.0,0.34608,0.0,0.0,3.2406000000000006,1.26252,0.0
2024-06-18 05:06:39.00,0.0,0.0,0.24112,0.0,0.0,0.0,0.0,0.0
2024-06-18 05:06:40.00,1.7831199999999998,0.0,6.305200000000001,0.74152,0.0,2.93352,0.0,0.0
2024-06-18 05:06:41.00,10.703640000000002,0.0,20.319399999999998,0.0,0.0,0.0,0.0,0.0
2024-06-18 05:06:42.00,0.6974400000000001,0.0,1.4064,2.37964,0.0,7.182,0.0,0.0
2024-06-18 05:06:43.00,1.08756,0.0,5.636959999999999,1.8651600000000002,0.0,2.4108,0.0,0.0
2024-06-18 05:06:44.00,1.39008,0.0,3.49928,1.6657600000000001,0.0,2.38224,0.0,0.0
2024-06-18 05:06:45.00,4.73632,0.0,0.45632,9.570079999999999,0.0,1.1288,0.0,0.0
2024-06-18 05:06:46.00,4.27128,0.0,1.01376,5.049919999999999,0.0,3.47944,0.0,0.0
2024-06-18 05:06:47.00,1.4917600000000002,0.0,0.0,10.00264,8.70848,3.5308,23.742279999999997,0.0
2024-06-18 05:06:48.00,0.89692,0.0,5.46312,0.0,3.33144,27.987840000000002,4.5118,0.0
2024-06-18 05:06:49.00,0.7113600000000001,0.0,5.052639999999999,2.18284,5.288,3.7548000000000004,6.89892,0.0
2024-06-18 05:06:50.00,0.0,0.0,17.998079999999998,1.96536,12.136759999999999,1.8561599999999998,13.2432,0.0
2024-06-18 05:06:51.00,0.0,0.0,0.43488,0.05452,18.30764,0.0,12.649440000000002,0.0
2024-06-18 05:06:52.00,0.0,0.0,0.053680000000000005,0.0,21.12264,0.0,17.31532,0.0
2024-06-18 05:06:53.00,0.0,0.0,0.0,0.0,0.0,0.33408,0.0,34.30764
2024-06-18 05:06:54.00,0.0,0.43456000000000006,0.2208,0.0,0.0,0.0,9.820559999999999,8.69856
2024-06-18 05:06:55.00,0.05256,0.0,4.09948,0.0,0.0,6.3792,10.414280000000002,6.66792
2024-06-18 05:06:56.00,0.0,0.0,0.11904,0.0,0.0,0.23808,0.0,0.0
2024-06-18 05:06:57.00,0.0,0.0,0.47616,0.0,0.0,0.06056,0.36144,0.0
2024-06-18 05:06:58.00,0.0,0.0,0.06052,0.0,0.0,0.24096,0.0,0.0
2024-06-18 05:06:59.00,0.0,0.0,0.30360000000000004,0.0,0.0,0.0,0.0,0.0
2024-06-18 05:07:00.00,0.0,0.0,0.0,0.0,0.0,0.0,0.366,0.0
2024-06-18 05:07:01.00,0.0,0.72176,0.05608,0.0,0.33864,0.0,16.1424,3.43728
2024-06-18 05:07:02.00,0.0,0.0564,0.0,0.0,0.22384,0.05572,5.784,0.45504
2024-06-18 05:07:03.00,0.0,1.6483600000000003,0.0,0.0,0.11224,0.0,2.2944,2.80476
2024-06-18 05:07:04.00,0.0,0.70224,0.05748,0.0,0.0,0.11736,1.9153200000000001,2.5757999999999996
2024-06-18 05:07:05.00,0.0,1.5854400000000002,0.4032,0.0,0.0,0.0,0.5860000000000001,3.8142000000000005
2024-06-18 05:07:06.00,0.0,0.0,0.23648,0.0,0.0,0.0,0.0,0.0
2024-06-18 05:07:07.00,0.0,0.0,0.0,0.0,0.0,0.3012,0.0,0.0
2024-06-18 05:07:08.00,0.0,0.0,0.0,0.0,0.0,0.24128,0.0,0.0
2024-06-18 05:07:09.00,0.0,0.0,0.24096,0.0,0.0,0.0,0.0,0.0
2024-06-18 05:07:10.00,0.0,0.0,0.0,0.0,0.0,0.48,0.0,0.0
2024-06-18 05:07:11.00,0.0,0.0,0.0,0.0,0.0,0.71664,0.0,0.0
2024-06-18 05:07:12.00,0.0,0.0,0.47872000000000003,0.0,0.0,0.0,0.0,0.0
2024-06-18 05:07:13.00,0.0,0.0,0.24015999999999998,0.0,0.0,0.0,0.0,0.0
2024-06-18 05:07:14.00,0.0,0.0,0.3058,0.0,0.0,0.0,0.0,0.0
2024-06-18 05:07:15.00,0.0,0.0,0.0,0.0,0.0,0.17988,0.0,0.0
2024-06-18 05:07:16.00,0.0,0.0,0.06032,0.0,0.0,0.060919999999999995,0.0,0.0
2024-06-18 05:07:17.00,0.0,0.0,0.06036,0.0,0.0,0.12240000000000001,0.0,0.0
2024-06-18 05:07:18.00,0.0,0.0,0.12183999999999999,0.0,0.0,0.0,0.0,0.0
2024-06-18 05:07:19.00,0.0,0.0,0.11992000000000001,0.0,0.0,0.12168,0.0,0.0
2024-06-18 05:07:20.00,0.0,0.0,0.0,0.0,0.0,0.0,0.0,0.0
2024-06-18 05:07:21.00,0.0,0.0,0.06,0.0,0.0,0.30000000000000004,0.0,0.0
2024-06-18 05:07:22.00,0.0,0.0,0.0,0.0,0.0,0.0,0.06072,0.0
2024-06-18 05:07:23.00,0.0,0.0,0.49152,0.0,0.0,0.0,0.0,0.0
2024-06-18 05:07:24.00,0.0,0.0,0.0,0.0,0.0,0.0,0.0,0.0
2024-06-18 05:07:25.00,0.0,0.0,0.12119999999999999,0.0,0.0,0.0,0.35976,0.17951999999999999
2024-06-18 05:07:26.00,0.0,0.0,0.0,0.0,0.0,0.0,0.11968000000000001,0.0
2024-06-18 05:07:27.00,0.0,0.0,5.5594,0.0,0.0,0.79716,0.0,0.0
2024-06-18 05:07:28.00,0.0,0.0,19.209599999999995,0.0,0.0,9.882559999999998,0.0,0.0
2024-06-18 05:07:29.00,0.0,0.0,0.0,0.0,0.0,0.17772000000000002,0.0,0.0
2024-06-18 05:07:30.00,0.0,0.0,1.06992,0.0,0.0,0.48192,0.0,0.0
2024-06-18 05:07:31.00,0.9062399999999999,0.0,6.9212,1.84576,0.0,6.26484,0.0,0.0
2024-06-18 05:07:32.00,0.05728,0.0,8.572799999999999,2.5902,0.0,3.3176,0.0,0.0
2024-06-18 05:07:33.00,0.0,0.0,10.238559999999998,2.5361599999999997,0.0,3.81744,0.0,0.0
2024-06-18 05:07:34.00,0.0,0.0,0.6613199999999999,0.0,0.0,0.30200000000000005,0.0,0.0
2024-06-18 05:07:35.00,0.0,0.0,0.7815599999999999,0.0,0.0,0.71856,0.0,0.0
2024-06-18 05:07:36.00,0.0,0.0,0.29460000000000003,0.0,0.0,0.059800000000000006,0.0,0.0
2024-06-18 05:07:37.00,0.0,0.0,0.0,0.0,0.0,0.059840000000000004,0.0,0.0
2024-06-18 05:07:38.00,0.0,0.0,0.48031999999999997,0.0,0.0,0.6635199999999999,0.0,0.0
2024-06-18 05:07:39.00,3.9219600000000003,0.0,1.6588,2.2323600000000003,0.0,1.88232,0.0,0.0
2024-06-18 05:07:40.00,8.51296,0.0,1.85216,4.919199999999999,0.0,0.0,0.0,0.0
2024-06-18 05:07:41.00,0.0,0.0,0.36,0.0,0.0,0.36023999999999995,0.0,0.0
2024-06-18 05:07:42.00,0.0,0.0,0.23632000000000003,0.0,0.0,0.0,0.0,0.0
2024-06-18 05:07:43.00,0.0,0.0,0.0,0.0,0.0,0.05928,0.0,0.0
2024-06-18 05:07:44.00,0.0,0.0,0.2984,0.0,0.0,0.0,0.0,0.0
2024-06-18 05:07:45.00,0.0,0.0,0.0,0.0,0.0,0.0,0.0,0.0
2024-06-18 05:07:46.00,0.0,0.0,0.29760000000000003,0.0,0.0,0.47904,0.0,0.0
2024-06-18 05:07:47.00,0.0,0.0,0.36216,0.0,0.0,0.54216,0.0,0.0
2024-06-18 05:07:48.00,1.91232,0.0,2.336,0.17604,0.0,1.1688,0.0,0.0
2024-06-18 05:07:49.00,0.0,0.0,0.42588000000000004,0.0,0.0,0.12256,0.0,0.0
2024-06-18 05:07:50.00,0.0,0.0,0.0,0.0,0.0,0.0,0.0,0.0
2024-06-18 05:07:51.00,0.0,0.0,0.0,0.0,0.0,0.23888,0.0,0.0
2024-06-18 05:07:52.00,0.0,0.0,0.0,0.0,0.0,0.0,0.0,0.0
2024-06-18 05:07:53.00,0.0,0.0,0.05868,0.11992000000000001,0.0,0.05896,0.0,0.0
2024-06-18 05:07:54.00,0.0,0.0,0.18059999999999998,0.9452800000000001,0.0,0.0,0.11800000000000001,0.0
2024-06-18 05:07:55.00,0.0,0.0,0.0,0.0,0.0,0.0,0.0,0.0
2024-06-18 05:07:56.00,0.0,0.0,0.11856,0.0,0.0,0.17748,0.0,0.0
2024-06-18 05:07:57.00,0.0,0.0,0.0,0.0,0.0,0.0,0.0,0.0
2024-06-18 05:07:58.00,0.0,0.0,0.36263999999999996,0.0,0.0,0.0,0.0,0.0
2024-06-18 05:07:59.00,0.0,0.0,0.48128,0.0,0.0,0.48128,0.0,0.0
2024-06-18 05:08:00.00,0.0,0.0,0.0,0.0,0.0,0.18456,0.0,0.0
2024-06-18 05:08:01.00,0.0,0.0,0.0,0.0,0.11816000000000002,0.0,0.18227999999999997,0.0
2024-06-18 05:08:02.00,0.0,0.0,0.48672,0.0,0.0,0.183,0.0,0.0
2024-06-18 05:08:03.00,0.0,0.0,0.0,0.0,0.0,0.244,0.0,0.0
2024-06-18 05:08:04.00,0.0,0.0,0.0,0.0,0.0,0.0,0.0,0.0
2024-06-18 05:08:05.00,0.0,0.0,0.0,0.0,0.0,0.0,0.0,0.0
2024-06-18 05:08:06.00,0.0,0.0,0.0,0.0,0.0,0.0,0.0,0.0
2024-06-18 05:08:07.00,0.0,0.0,0.0,0.0,0.0,0.0,0.0,0.0
2024-06-18 05:08:08.00,0.0,0.0,0.0,0.0,0.0,0.0,0.0,0.0
2024-06-18 05:08:09.00,0.0,0.0,0.0,0.0,0.0,0.0,0.0,0.0
2024-06-18 05:08:10.00,0.0,0.0,0.6104,0.0,0.0,0.24464,0.0,0.0
2024-06-18 05:08:11.00,0.0,0.0,0.06016,0.0,0.0,0.06036,0.0,0.0
2024-06-18 05:08:12.00,0.0,0.0,0.30760000000000004,0.0,0.0,0.0,0.0,0.0
2024-06-18 05:08:13.00,0.0,0.0,0.0,0.0,0.0,0.24208,0.0,0.0
2024-06-18 05:08:14.00,0.0,0.0,0.0,0.0,0.0,0.0,0.0,0.0
2024-06-18 05:08:15.00,0.0,0.0,0.0,0.0,0.0,0.18312,0.0,0.0
2024-06-18 05:08:16.00,0.0,0.0,0.24192,0.0,0.0,0.296,0.0,0.0
2024-06-18 05:08:17.00,0.0,0.0,0.0,0.0,0.0,0.0,0.0,0.0
2024-06-18 05:08:18.00,0.0,0.0,0.35663999999999996,0.0,0.0,0.17904,0.0,0.0
2024-06-18 05:08:19.00,0.0,0.0,0.0,0.0,0.0,0.0,0.0,0.0
2024-06-18 05:08:20.00,0.0,0.0,0.0,0.0,0.0,0.0,0.0,0.0
2024-06-18 05:08:21.00,0.0,0.0,0.0,0.0,0.0,0.0,0.0,0.0
2024-06-18 05:08:22.00,0.0,0.0,0.24672000000000002,0.0,0.0,0.54828,0.0,0.0
2024-06-18 05:08:23.00,0.0,0.0,0.0,0.0,0.0,0.0,0.0,0.0
2024-06-18 05:08:24.00,0.0,0.0,0.42616000000000004,0.0,0.0,0.12104,0.0,0.0
2024-06-18 05:08:25.00,0.0,0.0,0.24736000000000002,0.0,0.0,0.24495999999999998,0.0,0.0
2024-06-18 05:08:26.00,0.0,0.0,0.24800000000000003,0.0,0.0,0.18252,0.0,0.0
2024-06-18 05:08:27.00,0.0,0.0,0.0,0.0,0.0,0.12112,0.0,0.0
2024-06-18 05:08:28.00,0.0,0.0,0.0,0.0,0.0,0.3028,0.0,0.0
2024-06-18 05:08:29.00,0.0,0.0,0.0,0.0,0.0,0.732,0.0,0.0
2024-06-18 05:08:30.00,0.0,0.0,0.24431999999999998,0.0,0.0,0.0,0.0,0.0
2024-06-18 05:08:31.00,0.0,0.0,0.0,0.0,0.0,0.42448,0.0,0.0
2024-06-18 05:08:32.00,0.0,0.0,0.73008,0.0,0.0,0.3028,0.0,0.0
2024-06-18 05:08:33.00,0.0,0.0,0.48096,0.0,0.0,0.0,0.0,0.0
2024-06-18 05:08:34.00,0.0,0.0,0.0,0.0,0.0,0.0,0.0,0.0
2024-06-18 05:08:35.00,0.0,0.0,0.0,0.0,0.0,0.42168000000000005,0.0,0.0
2024-06-18 05:08:36.00,0.0,0.0,0.7339199999999999,0.0,0.0,0.0,0.0,0.0
2024-06-18 05:08:37.00,0.0,0.0,0.47232,0.0,0.0,0.060919999999999995,0.0,0.0
2024-06-18 05:08:38.00,0.0,0.0,0.0,0.0,0.0,0.0,0.0,0.0
2024-06-18 05:08:39.00,0.0,0.0,0.0,0.0,0.0,0.0,0.0,0.0
2024-06-18 05:08:40.00,0.0,0.0,0.0,0.0,0.0,0.24272,0.0,0.0
2024-06-18 05:08:41.00,0.0,0.0,0.18168,0.0,0.0,0.0,0.0,0.0
2024-06-18 05:08:42.00,0.0,0.0,0.0,0.0,0.0,0.0,0.0,0.0
2024-06-18 05:08:43.00,0.0,0.0,0.36455999999999994,0.0,0.0,0.0,0.0,0.0
2024-06-18 05:08:44.00,0.0,0.0,0.18192,0.0,0.0,0.0,0.0,0.0
2024-06-18 05:08:45.00,0.0,0.0,0.0,0.0,0.0,0.42112000000000005,0.0,0.0
2024-06-18 05:08:46.00,0.0,0.0,0.0,0.0,0.0,0.0,0.0,0.0
2024-06-18 05:08:47.00,0.0,0.0,0.0,0.1812,0.0,0.6068,0.0,0.0
2024-06-18 05:08:48.00,0.0,0.0,0.0,0.06208,0.0,0.6132,0.0,0.0
2024-06-18 05:08:49.00,0.0,0.0,0.0,0.0,0.0,0.12272000000000001,0.0,0.0
2024-06-18 05:08:50.00,0.0,0.0,4.7628,0.0,0.0,1.33124,0.0,0.0
2024-06-18 05:08:51.00,0.0,0.0,1.42848,0.05872,0.0,2.21556,0.0,0.0
2024-06-18 05:08:52.00,0.0,0.0,30.880200000000006,0.0,0.0,14.20696,0.0,0.0
2024-06-18 05:08:53.00,0.0,0.0,0.7779200000000001,0.0,0.0,0.35808,0.05972,0.36288
2024-06-18 05:08:54.00,3.5328,0.0,0.16691999999999999,10.0912,0.0,1.136,0.45344,0.0
2024-06-18 05:08:55.00,8.7,0.0,1.442,4.06944,0.0,1.2619199999999997,0.0,0.0
2024-06-18 05:08:56.00,10.171000000000001,0.0,1.1576000000000002,4.990319999999999,0.0,0.70368,0.0,0.0
2024-06-18 05:08:57.00,0.0,0.0,0.0,0.0,0.0,0.0,0.0,0.0
2024-06-18 05:08:58.00,0.0,0.0,0.0,0.0,0.0,0.0,0.0,0.0
2024-06-18 05:08:59.00,0.0,0.0,0.0,0.0,0.0,0.0,0.0,0.0
2024-06-18 05:09:00.00,0.0,0.0,0.18288,0.0,0.0,0.5410799999999999,0.0,0.0
2024-06-18 05:09:01.00,0.0,0.0,0.0,0.0,0.0,0.0,0.0,0.0
2024-06-18 05:09:02.00,0.0,0.0,0.0,0.0,0.0,0.0,0.42168000000000005,0.0
2024-06-18 05:09:03.00,0.0,0.0,0.72432,0.0,0.0,0.12128,0.0,0.0
2024-06-18 05:09:04.00,0.0,0.0,0.0,0.0,0.0,0.0,0.0,0.0
2024-06-18 05:09:05.00,0.0,0.0,0.12048,0.0,0.0,0.3026,0.0,0.0
2024-06-18 05:09:06.00,1.6808400000000003,0.0,6.8592,0.0,0.0,0.5180400000000001,0.0,0.0
2024-06-18 05:09:07.00,0.0,0.0,3.248,2.9640000000000004,0.0,4.7838,0.0,0.0
2024-06-18 05:09:08.00,0.0,0.0,0.0,0.0,0.0,0.23760000000000003,0.0,0.0
2024-06-18 05:09:09.00,0.0,0.0,0.24144,0.0,0.0,0.0,0.0,0.0
2024-06-18 05:09:10.00,0.0,0.0,0.0,0.0,0.0,0.0,0.0,0.0
2024-06-18 05:09:11.00,0.0,0.0,0.0,0.0,0.0,0.0,0.0,0.0
2024-06-18 05:09:12.00,0.0,0.0,0.0,0.0,0.0,0.9721599999999999,0.0,0.0
2024-06-18 05:09:13.00,0.0,0.0,0.0,0.0,0.0,0.24928,0.0,0.0
2024-06-18 05:09:14.00,0.0,0.0,0.0,0.0,0.0,0.0,0.0,0.0
2024-06-18 05:09:15.00,0.0,0.0,0.18552,0.0,0.0,0.0,0.0,0.0
2024-06-18 05:09:16.00,0.0,0.0,0.6643999999999999,0.0,0.0,0.0,0.0,0.0
2024-06-18 05:09:17.00,0.0,0.0,0.0,0.0,0.0,0.0,0.0,0.0
2024-06-18 05:09:18.00,0.0,0.0,0.0,0.0,0.0,0.0,0.0,0.0
2024-06-18 05:09:19.00,0.0,0.0,0.0,0.0,0.0,0.0,0.0,0.0
2024-06-18 05:09:20.00,0.0,0.0,0.0,0.0,0.0,0.0,0.0,0.0
2024-06-18 05:09:21.00,0.0,0.0,0.0,0.0,0.0,0.0,0.0,0.0
2024-06-18 05:09:22.00,0.0,0.0,0.0,0.0,0.0,0.5992000000000001,0.0,0.0
2024-06-18 05:09:23.00,0.0,0.0,0.72432,0.0,0.0,0.0,0.0,0.0
2024-06-18 05:09:24.00,0.0,0.0,0.24208,0.0,0.0,0.0,0.0,0.0
2024-06-18 05:09:25.00,0.0,0.0,0.17951999999999999,0.0,0.0,0.0,0.0,0.0
2024-06-18 05:09:26.00,0.0,0.0,0.23968,0.0,0.0,0.0,0.0,0.0
2024-06-18 05:09:27.00,0.0,0.0,0.0,0.0,0.0,0.0,0.0,0.0
2024-06-18 05:09:28.00,0.0,0.0,0.24256,0.0,0.0,0.0,0.0,0.0
2024-06-18 05:09:29.00,0.0,0.0,0.49119999999999997,0.0,0.0,0.24336,0.0,0.0
2024-06-18 05:09:30.00,0.0,0.0,0.0,0.0,0.0,0.0,0.0,0.0
2024-06-18 05:09:31.00,0.0,0.0,0.0,0.0,0.0,0.0,0.0,0.0
2024-06-18 05:09:32.00,0.0,0.0,0.0,0.0,0.0,0.06084,0.0,0.0
2024-06-18 05:09:33.00,0.0,0.0,0.0,0.0,0.0,0.0,0.0,0.0
2024-06-18 05:09:34.00,0.0,0.0,0.0,0.0,0.0,0.30600000000000005,0.0,0.0
2024-06-18 05:09:35.00,0.0,0.0,0.3026,0.0,0.0,0.0,0.0,0.0
2024-06-18 05:09:36.00,0.0,0.0,0.0,0.0,0.0,0.0,0.17951999999999999,0.0
2024-06-18 05:09:37.00,0.0,0.0,0.0,0.0,0.0,0.96256,0.0,0.0
2024-06-18 05:09:38.00,0.0,0.0,0.9606399999999999,0.0,0.0,0.0,0.0,0.0
2024-06-18 05:09:39.00,0.0,0.0,0.54072,0.0,0.0,0.0,0.0,0.0
2024-06-18 05:09:40.00,0.0,0.0,0.0,0.0,0.0,0.0,0.0,0.0
2024-06-18 05:09:41.00,0.0,0.0,0.0,0.0,0.0,0.0,0.0,0.0
2024-06-18 05:09:42.00,0.0,0.0,1.16432,0.0,0.0,0.0,0.0,0.0
2024-06-18 05:09:43.00,0.0,0.0,0.0,0.0,0.0,0.0,0.0,0.0
2024-06-18 05:09:44.00,0.0,0.0,0.305,0.0,0.0,0.7846799999999999,0.0,0.0
2024-06-18 05:09:45.00,0.0,0.0,0.0,0.0,0.0,1.508,0.0,0.0
2024-06-18 05:09:46.00,0.0,0.0,0.0,0.0,0.0,0.0,0.0,0.0
2024-06-18 05:09:47.00,0.0,0.0,0.0,0.0,0.0,0.30160000000000003,0.0,0.0
2024-06-18 05:09:48.00,0.0,0.0,2.3993200000000003,0.0,0.0,0.6709999999999999,0.0,0.0
2024-06-18 05:09:49.00,0.0,0.0,0.0,0.0,0.0,0.0,0.0,0.0
2024-06-18 05:09:50.00,0.0,0.0,0.0,0.0,0.0,0.0,0.0,0.0
2024-06-18 05:09:51.00,0.0,0.0,0.18252,0.0,0.0,0.0,0.0,0.0
2024-06-18 05:09:52.00,0.0,0.0,6.96672,0.0,0.0,1.2136,0.0,0.0
2024-06-18 05:09:53.00,0.0,0.0,0.0,0.0,0.0,0.12096,0.0,0.0
2024-06-18 05:09:54.00,0.0,0.0,2.318,0.0,0.0,0.0,0.0,0.0
2024-06-18 05:09:55.00,2.5608,0.0,0.8826,2.6404,0.0,0.39928,0.0,0.0
2024-06-18 05:09:56.00,0.0,0.0,0.0,0.0,0.0,0.24608000000000002,0.0,0.0
2024-06-18 05:09:57.00,0.0,0.0,0.48128,0.0,0.0,0.0,0.0,0.0
2024-06-18 05:09:58.00,0.11672,0.0,0.93696,0.2984,0.0,0.0,0.0,0.0
2024-06-18 05:09:59.00,0.0,0.0,2.0304800000000003,2.3456,0.0,0.23536,0.0,0.0
2024-06-18 05:10:00.00,0.0,0.0,0.0,0.70224,0.0,1.41216,0.0,0.0
2024-06-18 05:10:01.00,0.0,0.0,2.74896,3.83856,0.0,2.26512,0.0,0.0
2024-06-18 05:10:02.00,0.0,0.0,0.0,0.0,0.0,0.0,0.0,0.0
2024-06-18 05:10:03.00,4.1328000000000005,0.0,0.95232,1.03896,0.0,0.0,0.0,0.0
2024-06-18 05:10:04.00,0.0,0.0,0.46304,0.0,0.0,0.36744,0.0,0.0
2024-06-18 05:10:05.00,0.0,0.0,1.5194400000000001,0.0,0.0,0.0,0.0,0.0
2024-06-18 05:10:06.00,0.0,0.0,0.42112000000000005,0.0,0.0,4.86,0.0,0.0
2024-06-18 05:10:07.00,0.0,0.0,0.0,0.0,0.0,3.2248800000000006,0.0,0.0
2024-06-18 05:10:08.00,0.0,0.0,1.02748,0.0,0.0,2.3744,0.0,0.0
2024-06-18 05:10:09.00,0.0,0.0,0.0,0.0,0.0,0.54324,0.0,0.0
2024-06-18 05:10:10.00,0.0,0.0,0.0,0.0,0.0,0.0,0.0,0.0
2024-06-18 05:10:11.00,0.0,0.0,4.6848,0.0,0.0,0.061239999999999996,0.0,0.0
2024-06-18 05:10:12.00,0.0,0.0,0.0,0.0,0.0,0.0,0.0,0.0
2024-06-18 05:10:13.00,0.0,0.0,0.06012,0.0,0.0,0.0,0.0,0.0
2024-06-18 05:10:14.00,0.0,0.0,0.0,0.0,0.0,0.72192,0.0,0.0
2024-06-18 05:10:15.00,0.0,0.0,0.6520799999999999,0.0,0.0,0.0,0.0,0.0
2024-06-18 05:10:16.00,0.0,0.8327200000000001,0.0,0.0,0.0,0.5964,0.0,0.0
2024-06-18 05:10:17.00,0.0,0.24303999999999998,0.0,0.0,0.0,0.8999999999999999,0.0,0.0
2024-06-18 05:10:18.00,0.0,0.0,0.36791999999999997,0.0,0.0,0.24144,0.0,0.0
2024-06-18 05:10:19.00,0.0,0.0,0.0,0.0,0.0,0.0,0.0,0.0
2024-06-18 05:10:20.00,0.0,0.0,0.12247999999999999,0.0,0.0,0.0,0.0,0.0
2024-06-18 05:10:21.00,0.0,0.0,0.0,0.0,0.0,0.0,0.0,0.0
2024-06-18 05:10:22.00,0.11392,0.0,7.1,0.40656000000000003,0.0,2.565,0.05772,0.0
2024-06-18 05:10:23.00,0.24224,0.0,2.0876,0.0,0.0,0.23872000000000002,0.0,0.0
2024-06-18 05:10:24.00,6.23376,0.0,4.7676,5.23776,0.0,3.7922000000000002,0.0,0.0
2024-06-18 05:10:25.00,0.0,0.0,0.0,0.0,0.0,0.732,0.0,0.0
2024-06-18 05:10:26.00,0.0,0.0,1.43424,0.0,0.0,0.0,0.0,0.0
2024-06-18 05:10:27.00,0.0,0.0,0.7272,0.0,0.0,0.0,0.0,0.0
2024-06-18 05:10:28.00,0.0,0.0,0.0,0.0,0.0,0.0,0.0,0.0
2024-06-18 05:10:29.00,0.0,0.0,0.0,0.0,0.0,0.0,0.0,0.0
2024-06-18 05:10:30.00,0.0,0.0,0.0,0.0,0.0,0.0,0.0,0.0
2024-06-18 05:10:31.00,0.0,0.0,0.0,0.0,0.0,0.30760000000000004,0.0,0.0
2024-06-18 05:10:32.00,0.0,0.0,0.0,0.0,0.0,0.0,0.0,0.0
2024-06-18 05:10:33.00,10.45856,0.0,0.1674,10.03184,0.0,0.0,0.0,0.0
2024-06-18 05:10:34.00,0.0,0.0,0.9766400000000001,0.0,0.0,0.0,0.0,0.0
2024-06-18 05:10:35.00,0.0,0.0,0.70032,0.0,0.0,0.18168,0.0,0.0
2024-06-18 05:10:36.00,0.0,0.0,0.0,0.0,0.0,0.0,0.0,0.0
2024-06-18 05:10:37.00,0.0,0.0,0.0,0.0,0.0,0.12296,0.0,0.0
2024-06-18 05:10:38.00,0.0,0.0,0.8400000000000001,0.0,0.0,0.0,0.0,0.0
2024-06-18 05:10:39.00,0.0,0.0,0.0,0.0,0.0,0.3022,0.0,0.0
2024-06-18 05:10:40.00,0.0,0.0,0.3078,0.0,0.0,0.0,0.0,0.0
2024-06-18 05:10:41.00,0.0,0.0,0.35952,1.44384,0.0,0.0,0.0,0.0
2024-06-18 05:10:42.00,0.0,0.0,0.0,0.0,0.0,0.0,4.377000000000001,0.0
2024-06-18 05:10:43.00,0.0,0.0,0.0,0.0,0.0,0.0,0.0,0.0
2024-06-18 05:10:44.00,0.0,0.0,0.47744000000000003,0.0,0.0,0.0,0.0,0.0
2024-06-18 05:10:45.00,1.3584,0.0,3.5353600000000003,0.9312,0.0,3.8336400000000004,0.45088,0.0
2024-06-18 05:10:46.00,11.714719999999998,0.22352,0.22111999999999998,10.87952,0.0,0.0,0.0,0.0
2024-06-18 05:10:47.00,0.0,6.935760000000001,0.0,0.0,0.0,1.5277600000000002,0.0,0.0
2024-06-18 05:10:48.00,0.0,0.0,24.046039999999998,0.0,0.0,13.206999999999999,0.0,0.0
2024-06-18 05:10:49.00,0.0,0.0,0.1208,0.0,0.0,0.0,0.0,0.0
2024-06-18 05:10:50.00,0.0,0.0,19.679679999999998,0.0,0.0,9.34992,0.39424000000000003,0.0
2024-06-18 05:10:51.00,0.0,0.0,30.22416,0.0,0.0,13.617719999999998,0.0,0.0
2024-06-18 05:10:52.00,0.0,0.0,0.0,0.0,0.0,0.6635199999999999,0.0,0.0
2024-06-18 05:10:53.00,0.0,0.0,0.6604399999999999,0.0,0.0,0.0,0.0,0.0
2024-06-18 05:10:54.00,0.0,0.0,9.391800000000002,0.0,0.0,1.87572,0.0,0.0
2024-06-18 05:10:55.00,0.46432,0.0,4.52196,0.0,0.0,0.8862,0.2288,0.45183999999999996
2024-06-18 05:10:56.00,0.46176,0.0,3.12488,0.0,0.0,0.0,0.69216,1.03032
2024-06-18 05:10:57.00,0.0,0.0,0.06036,0.0,0.0,0.0,0.24528,0.0
2024-06-18 05:10:58.00,0.48031999999999997,0.0,0.2992,0.23424,0.0,0.70704,0.0,0.0
2024-06-18 05:10:59.00,0.35808,0.0,0.0,4.09528,0.0,0.06012,0.0,0.0
2024-06-18 05:11:00.00,0.0,0.0,0.48672,0.0,0.0,0.0,0.0,0.0
2024-06-18 05:11:01.00,0.0,0.0,0.0,0.0,0.0,0.0,0.0,0.0
2024-06-18 05:11:02.00,0.0,0.0,0.0,0.0,0.0,0.0,0.0,0.0
2024-06-18 05:11:03.00,0.2948,0.0,1.8803200000000002,0.0,0.0,0.0,0.17796,0.17796
2024-06-18 05:11:04.00,33.652800000000006,0.0,0.0,8.14648,0.0,1.1608,0.0,0.0
2024-06-18 05:11:05.00,0.0,0.0,0.48672,0.0,0.0,0.24239999999999998,0.0,0.0
2024-06-18 05:11:06.00,0.0,0.0,0.0,0.6152000000000001,0.0,0.0,0.0,0.0
2024-06-18 05:11:07.00,0.0,0.0,4.66416,0.0,0.0,0.7680400000000001,0.0,0.0
2024-06-18 05:11:08.00,0.05768,0.0,15.265600000000001,0.0,0.0,13.59072,0.0,0.0
2024-06-18 05:11:09.00,0.0,0.0,16.932000000000002,0.11055999999999999,0.0,10.74624,0.0,0.0
2024-06-18 05:11:10.00,0.0,0.0,0.0,0.0,0.0,0.0,0.0,0.0
2024-06-18 05:11:11.00,0.0,0.0,0.0,0.0,0.0,0.24384,0.0,0.0
2024-06-18 05:11:12.00,0.0,0.0,1.1008799999999999,0.0,0.0,1.1400000000000001,0.0,0.0
2024-06-18 05:11:13.00,0.888,0.0,0.0,0.35256,0.0,0.0,0.0,0.0
2024-06-18 05:11:14.00,0.0,0.0,0.17951999999999999,0.0,0.0,0.0,0.0,0.0
2024-06-18 05:11:15.00,0.11976,0.0,0.73152,0.0,0.0,0.23808,0.0,0.0
2024-06-18 05:11:16.00,0.0,0.0,1.5876000000000001,0.0,0.0,0.23824,0.0,0.1812
2024-06-18 05:11:17.00,0.0,0.0,0.0,0.0,0.0,1.36896,0.0,0.23808
2024-06-18 05:11:18.00,0.0,0.0,0.0,0.0,0.0,0.0,0.0,0.0
2024-06-18 05:11:19.00,0.0,0.0,0.12272000000000001,0.0,0.0,0.42280000000000006,0.0,0.0
2024-06-18 05:11:20.00,0.0,0.0,0.0,0.0,0.0,0.0,0.0,0.0
2024-06-18 05:11:21.00,0.0,0.0,2.7563199999999997,0.0,0.0,0.0,0.0,0.0
2024-06-18 05:11:22.00,0.0,0.0,0.0,0.0,0.0,0.0,0.0,0.0
2024-06-18 05:11:23.00,0.05944,0.0,2.0650000000000004,0.0,0.0,0.2328,0.0,0.0
2024-06-18 05:11:24.00,0.0,0.0,3.00084,0.11416000000000001,0.0,9.7104,0.0,0.0
2024-06-18 05:11:25.00,1.36032,0.0,4.14992,2.7993200000000003,0.0,0.67632,0.17172,0.0
2024-06-18 05:11:26.00,0.0,0.0,0.0,0.0,0.0,0.24239999999999998,0.0,0.0
2024-06-18 05:11:27.00,7.762880000000001,0.0,0.05696,11.869520000000001,0.0,0.22816,0.0,0.0
2024-06-18 05:11:28.00,0.0,0.0,0.12328,0.0,0.0,0.0,0.0,0.0
2024-06-18 05:11:29.00,0.0,0.0,0.36455999999999994,0.0,0.0,0.0,0.0,0.0
2024-06-18 05:11:30.00,0.0,0.0,0.42112000000000005,0.0,0.0,0.0,0.0,0.0
2024-06-18 05:11:31.00,0.0,0.0,0.0,0.0,0.0,0.0,0.0,0.0
2024-06-18 05:11:32.00,0.0,0.0,2.6279999999999997,0.0,0.0,5.032079999999999,0.0,0.0
2024-06-18 05:11:33.00,0.0,0.0,0.0,0.0,0.0,0.36288,0.0,0.0
2024-06-18 05:11:34.00,0.0,0.0,0.42000000000000004,0.0,0.0,0.0,0.0,0.71568
2024-06-18 05:11:35.00,0.8375999999999999,0.0,7.53984,14.10336,0.0,0.11136,0.0,0.0
2024-06-18 05:11:36.00,0.0,0.0,0.42084,0.0,0.0,0.0,0.0,0.0
2024-06-18 05:11:37.00,0.05788,0.0,4.891679999999999,3.02016,0.0,0.91712,0.0,0.0
2024-06-18 05:11:38.00,3.00192,0.0,5.676,3.9396000000000004,0.0,4.91724,0.0,0.0
2024-06-18 05:11:39.00,1.427,0.0,6.3048,4.194,0.0,5.12148,0.0,0.0
2024-06-18 05:11:40.00,2.3216,0.0,1.3670399999999998,3.2121600000000003,0.0,0.51372,0.0,0.0
2024-06-18 05:11:41.00,3.1724,0.0,2.68276,5.168799999999999,0.0,3.9661200000000005,0.0,0.0
2024-06-18 05:11:42.00,4.2328,0.0,1.7111999999999998,6.295920000000001,0.0,1.9475200000000001,0.0,0.0
2024-06-18 05:11:43.00,6.44552,0.0,1.3996799999999998,5.0724,0.0,0.0,0.0,0.0
2024-06-18 05:11:44.00,0.0,0.0,0.060759999999999995,0.0,0.0,0.732,0.0,0.0
2024-06-18 05:11:45.00,0.0,0.0,0.42364,0.0,0.0,0.6076,0.0,0.0
2024-06-18 05:11:46.00,0.05668,0.0,11.54424,5.011199999999999,0.0,0.28340000000000004,0.0,0.0
2024-06-18 05:11:47.00,0.0,0.0,12.583680000000001,1.9407200000000002,0.0,4.6576,0.0,0.0
2024-06-18 05:11:48.00,9.0618,0.22256,1.1104,13.074399999999999,0.0,1.06552,0.0,0.0
2024-06-18 05:11:49.00,7.285760000000001,0.0,1.44872,17.488799999999998,0.0,0.11192,1.05108,0.0
2024-06-18 05:11:50.00,0.71184,0.0,0.0,4.46908,0.0,0.0,0.0,0.0
2024-06-18 05:11:51.00,0.0,0.0,0.0,0.0,0.0,0.48128,0.0,0.0
2024-06-18 05:11:52.00,0.0,0.0,0.54216,0.0,0.0,0.0,0.0,0.0
2024-06-18 05:11:53.00,0.0,0.0,0.0,0.0,0.0,0.0,0.0,0.0
2024-06-18 05:11:54.00,0.0,0.0,0.0,0.0,0.0,0.0,0.0,0.0
2024-06-18 05:11:55.00,0.0,0.0,0.897,0.0,0.0,0.0,0.0,0.0
2024-06-18 05:11:56.00,0.0,0.0,0.8338400000000001,0.0,0.0,0.0,0.0,0.0
2024-06-18 05:11:57.00,0.0,0.0,0.059640000000000006,0.0,0.0,0.0,0.0,0.0
2024-06-18 05:11:58.00,0.0,0.0,0.0,0.0,0.0,0.0,0.0,0.0
2024-06-18 05:11:59.00,0.0,0.0,1.06056,0.0,0.0,0.5292,0.0,0.0
2024-06-18 05:12:00.00,0.0,0.0,0.17808,0.0,0.0,0.0,0.0,0.0
2024-06-18 05:12:01.00,0.0,0.0,0.2932,0.0,0.0,0.0,0.0,0.0
2024-06-18 05:12:02.00,1.7388400000000004,0.0,4.84056,0.057960000000000005,0.0,0.34847999999999996,0.0,0.0
2024-06-18 05:12:03.00,0.0,0.0,0.0,0.0,0.0,0.0,0.0,0.0
2024-06-18 05:12:04.00,0.0,0.0,0.0,0.0,0.0,0.24272,0.0,0.0
2024-06-18 05:12:05.00,0.0,0.0,0.0,0.0,0.0,0.0,0.0,0.0
2024-06-18 05:12:06.00,0.0,0.0,0.05872,0.0,0.0,0.11784000000000001,0.0,0.40964000000000006
2024-06-18 05:12:07.00,0.0,0.0,0.0,0.0,0.0,0.0,0.36,0.05832
2024-06-18 05:12:08.00,0.0,0.0,0.0,0.0,0.0,0.0,0.0,0.0
2024-06-18 05:12:09.00,0.0,0.0,1.2909599999999999,0.0,0.0,0.0,0.0,0.0
2024-06-18 05:12:10.00,0.0,0.0,0.7132799999999999,0.0,0.0,0.6534,0.0,0.0
2024-06-18 05:12:11.00,0.0,0.0,0.0,0.0,0.0,0.23263999999999999,0.0,0.0
2024-06-18 05:12:12.00,0.0,0.0,0.8394400000000002,0.0,0.0,1.0030000000000001,0.0,0.0
2024-06-18 05:12:13.00,0.0,0.0,0.0,0.0,0.0,0.2984,0.0,0.0
2024-06-18 05:12:14.00,0.0,0.0,0.0,0.0,0.0,0.05908000000000001,0.69888,0.0
2024-06-18 05:12:15.00,0.0,0.0,0.0,0.0,0.0,0.0,0.0,0.0
2024-06-18 05:12:16.00,0.0,0.0,0.0,0.0,0.0,0.0,0.0,0.0
2024-06-18 05:12:17.00,0.6357999999999999,0.0,0.0,7.6923200000000005,0.0,0.0,0.0,0.0
2024-06-18 05:12:18.00,0.0,0.0,0.0,0.0,0.0,0.0,0.0,0.0
2024-06-18 05:12:19.00,0.0,0.0,0.0,0.0,0.0,0.0,0.0,0.0
2024-06-18 05:12:20.00,0.0,0.0,0.0,0.7696000000000001,0.0,0.0,0.0,0.0
2024-06-18 05:12:21.00,0.0,0.0,1.2146400000000002,0.0,0.0,0.5162399999999999,0.0,0.0
2024-06-18 05:12:22.00,0.0,0.0,1.40448,0.0,0.0,0.057960000000000005,0.05992,0.0
2024-06-18 05:12:23.00,0.0,0.0,0.4736,0.23344,0.0,0.82208,0.0,0.0
2024-06-18 05:12:24.00,0.0,0.0,0.0,0.0,0.0,0.0,0.0,0.0
2024-06-18 05:12:25.00,0.0,0.0,8.3904,0.0,0.0,3.42488,0.0,0.0
2024-06-18 05:12:26.00,0.0,0.0,0.0,0.0,0.0,0.0,0.0,0.0
2024-06-18 05:12:27.00,0.0,0.0,0.05956,0.0,0.0,0.8394400000000002,0.0,0.0
2024-06-18 05:12:28.00,0.0,0.0,0.0,0.0,0.0,0.0,0.0,0.0
2024-06-18 05:12:29.00,0.0,0.0,2.6376399999999998,0.0,0.0,0.23024,0.0,0.0
2024-06-18 05:12:30.00,0.0,0.0,0.24048,0.0,0.0,0.0,0.0,0.0
2024-06-18 05:12:31.00,0.0,0.0,0.6432799999999999,0.0,0.0,0.47392000000000006,0.0,0.0
2024-06-18 05:12:32.00,0.0,0.0,0.4118800000000001,0.0,0.0,0.05864,0.0,0.0
2024-06-18 05:12:33.00,0.0,0.0,0.1192,0.0,0.0,0.05952,0.0,0.0
2024-06-18 05:12:34.00,4.34528,0.0,1.2990399999999998,2.7647999999999997,0.0,1.1424,0.0,0.0
2024-06-18 05:12:35.00,0.0,0.0,1.1172,0.0,0.0,0.71232,0.0,0.0
2024-06-18 05:12:36.00,0.23712,0.0,0.0,0.0,0.0,0.0,0.0,0.0
2024-06-18 05:12:37.00,0.0,0.0,0.8682,0.0,0.0,0.92928,0.0,0.0
2024-06-18 05:12:38.00,0.0,0.0,0.93376,0.0,0.0,0.29460000000000003,0.0,0.0
2024-06-18 05:12:39.00,0.0,0.0,0.0,0.0,0.0,0.0,0.0,0.0
2024-06-18 05:12:40.00,2.9044000000000003,0.0,6.4350000000000005,14.9472,0.0,0.05564,0.0,0.0
2024-06-18 05:12:41.00,0.0,0.0,0.0,0.0,0.0,0.2368,0.0,0.0
2024-06-18 05:12:42.00,7.812000000000001,0.0,0.0,14.132159999999999,0.0,0.0,0.0,0.0
2024-06-18 05:12:43.00,0.0,0.0,23.652,0.0,0.0,21.971600000000002,0.21008,0.0
2024-06-18 05:12:44.00,0.0,0.0,24.7242,0.0,0.0,6.863919999999999,0.0,0.0
2024-06-18 05:12:45.00,14.671999999999999,0.0,0.0,10.92908,0.0,0.0,0.8588800000000001,0.32904
2024-06-18 05:12:46.00,9.131400000000001,0.0,0.0,13.26384,0.0,0.0,1.29888,2.30996
2024-06-18 05:12:47.00,14.3072,0.0,0.0,8.649000000000001,0.0,0.054880000000000005,0.0,0.0
2024-06-18 05:12:48.00,16.42872,0.0,0.0,13.008319999999998,0.0,0.0,0.0,0.0
2024-06-18 05:12:49.00,9.8496,0.0,0.05476,14.002240000000002,0.0,0.10664,0.0,0.0
2024-06-18 05:12:50.00,0.86016,8.877,3.1064800000000004,2.44588,0.8614400000000001,3.1694799999999996,0.0,0.0
2024-06-18 05:12:51.00,0.0,0.0,0.17687999999999998,0.0,0.0,0.11616,0.9376000000000001,0.0
2024-06-18 05:12:52.00,0.0,0.0,0.0,0.0,0.0,0.0,0.0,0.0
2024-06-18 05:12:53.00,12.97056,0.0,0.8208000000000001,9.975119999999999,0.0,0.0,0.0,0.0
2024-06-18 05:12:54.00,8.92944,0.0,2.2074400000000005,4.528480000000001,0.0,0.21264,0.0,0.0
2024-06-18 05:12:55.00,2.20088,0.0,4.4224,11.08944,0.0,0.87744,2.11584,0.0
2024-06-18 05:12:56.00,7.3980000000000015,0.0,0.70252,18.102719999999998,0.0,0.054920000000000004,0.43776000000000004,0.0
2024-06-18 05:12:57.00,0.89472,0.0,4.38608,0.89024,0.0,4.93772,0.0,0.0
2024-06-18 05:12:58.00,0.0,0.0,1.36032,13.833319999999999,0.0,5.411199999999999,0.11288000000000001,0.0
2024-06-18 05:12:59.00,0.73268,0.0,5.263,1.2214399999999999,0.21888000000000002,3.76464,0.0,0.0
2024-06-18 05:13:00.00,2.2224,0.0,4.892879999999999,0.05572,0.0,1.6932,0.0,0.0
2024-06-18 05:13:01.00,0.0,0.0,1.1744,0.0,0.0,0.40712000000000004,0.0,0.0
2024-06-18 05:13:02.00,0.0,0.0,0.0,0.0,0.0,0.059480000000000005,0.0,0.0
2024-06-18 05:13:03.00,0.0,0.0,0.11872,0.0,0.0,0.3516,0.0,0.0
2024-06-18 05:13:04.00,0.0,0.0,0.0,0.0,0.0,0.4118800000000001,0.0,0.0
2024-06-18 05:13:05.00,0.0,0.0,0.873,0.0,0.0,0.0,0.0,0.0
2024-06-18 05:13:06.00,0.0,0.0,0.0,0.0576,0.0,1.30456,0.5848,0.0
2024-06-18 05:13:07.00,0.0,0.0,0.0,0.0,0.0,0.0,0.0,0.0
2024-06-18 05:13:08.00,0.0,0.0,0.0,0.0,0.0,0.23616,0.0,0.0
2024-06-18 05:13:09.00,0.5652,0.0,5.25272,4.13512,0.0,2.0542399999999996,0.0,0.0
2024-06-18 05:13:10.00,0.0,0.0,0.0,0.0,0.0,0.23776,0.0,0.0
2024-06-18 05:13:11.00,0.0,0.0,0.2902,0.0,0.6388799999999999,0.0,1.152,0.0
2024-06-18 05:13:12.00,5.30396,0.0,16.658640000000002,0.0,0.0,1.4709600000000003,0.0,0.0
2024-06-18 05:13:13.00,0.2256,0.0,5.27344,2.4492799999999995,0.0,3.0624000000000002,0.0,0.0
2024-06-18 05:13:14.00,0.1692,0.0,6.42176,2.3386400000000003,0.0,1.71616,0.0,0.0
2024-06-18 05:13:15.00,7.36032,0.0,1.8110400000000002,7.2863999999999995,0.0,0.0558,0.0,0.0
2024-06-18 05:13:16.00,0.0,0.0,3.3384800000000006,0.0,0.0,1.2566399999999998,0.0,0.0
2024-06-18 05:13:17.00,0.0,0.0,0.0,0.0,0.0,0.0,0.0,0.0
2024-06-18 05:13:18.00,0.0,0.0,1.89684,0.0,0.0,0.80864,0.0,0.0
2024-06-18 05:13:19.00,0.0,0.0,0.0,0.0,0.0,0.0,0.0,0.0
2024-06-18 05:13:20.00,0.0,0.0,0.2922,0.0,0.0,0.0,0.0,0.0
2024-06-18 05:13:21.00,0.0,0.0,0.23472,0.0,0.0,0.23760000000000003,0.0,0.0
2024-06-18 05:13:22.00,0.0,0.0,0.0,0.0,0.0,0.0,0.0,0.0
