Timestamp,ideal_time,motor_1,motor_2,motor_3,motor_4,motor_5,motor_6,motor_7,motor_8
2024-06-18 04:31:53.000,0.0,0.0,0.0,0.3255,0.0,0.0,0.22771000000000002,0.0,0.0
2024-06-18 04:31:53.500,0.5,0.0,0.0,0.35739,0.0,0.0,0.13005500000000003,0.0,0.0
2024-06-18 04:31:54.000,1.0,0.0,0.0,0.38928,0.0,0.0,0.032400000000000005,0.0,0.0
2024-06-18 04:31:54.500,1.5,0.0,0.0,0.32456,0.0,0.0,0.17950000000000002,0.0,0.0
2024-06-18 04:31:55.000,2.0,0.0,0.0,0.25984,0.0,0.0,0.3266,0.0,0.0
2024-06-18 04:31:55.500,2.5,0.0,0.0,0.30877999999999994,0.0,0.0,0.30964,0.0,0.0
2024-06-18 04:31:56.000,3.0,0.0,0.0,0.3577199999999999,0.0,0.0,0.29268,0.0,0.0
2024-06-18 04:31:56.500,3.5,0.0,0.0,0.37254,0.0,0.0,0.34193999999999997,0.0,0.0
2024-06-18 04:31:57.000,4.0,0.0,0.0,0.38736,0.0,0.0,0.39119999999999994,0.0,0.0
2024-06-18 04:31:57.500,4.5,0.0,0.63987,0.58407,0.0,1.94155,0.44847499999999996,7.93551,2.8631550000000003
2024-06-18 04:31:58.000,5.0,0.0,1.27974,0.78078,0.0,3.8831,0.50575,15.87102,5.726310000000001
2024-06-18 04:31:58.500,5.5,0.029840000000000002,1.87507,0.6331100000000001,0.0,3.2215700000000003,0.43623500000000004,9.404309999999999,5.508515
2024-06-18 04:31:59.000,6.0,0.059680000000000004,2.4704,0.48544,0.0,2.5600400000000003,0.36672,2.9375999999999998,5.290719999999999
2024-06-18 04:31:59.500,6.5,0.029840000000000002,1.9550049999999999,0.48424,0.0,3.0435450000000004,0.21362,4.372955,5.302339999999999
2024-06-18 04:32:00.000,7.0,0.0,1.4396099999999998,0.48304,0.0,3.5270500000000005,0.06052,5.8083100000000005,5.31396
2024-06-18 04:32:00.500,7.5,0.0,0.7198049999999999,0.40372,0.0,1.7635250000000002,0.079025,2.9041550000000003,2.65698
2024-06-18 04:32:01.000,8.0,0.0,0.0,0.3244,0.0,0.0,0.09753,0.0,0.0
2024-06-18 04:32:01.500,8.5,0.0,0.0,0.22708,0.0,0.0,0.178965,0.0,0.0
2024-06-18 04:32:02.000,9.0,0.0,0.0,0.12976000000000001,0.0,0.0,0.2604,0.0,0.0
2024-06-18 04:32:02.500,9.5,0.0,0.0,0.24274999999999997,0.0,0.0,0.25988,0.0,0.0
2024-06-18 04:32:03.000,10.0,0.0,0.0,0.35573999999999995,0.0,0.0,0.25936,0.0,0.0
2024-06-18 04:32:03.500,10.5,0.0,0.0,0.37227,0.0,0.0,0.19485999999999998,0.0,0.0
2024-06-18 04:32:04.000,11.0,0.0,0.0,0.38880000000000003,0.0,0.0,0.13036,0.0,0.0
2024-06-18 04:32:04.500,11.5,0.0,0.0,0.25928,0.0,0.0,0.17847500000000002,0.0,0.0
2024-06-18 04:32:05.000,12.0,0.0,0.0,0.12976,0.0,0.0,0.22659000000000004,0.0,0.0
2024-06-18 04:32:05.500,12.5,0.0,0.0,0.29252,0.0,0.0,0.211185,0.0,0.0
2024-06-18 04:32:06.000,13.0,0.0,0.0,0.45528,0.0,0.0,0.19577999999999998,0.0,0.0
2024-06-18 04:32:06.500,13.5,0.0,0.0,0.34069000000000005,0.0,0.0,0.179415,0.0,0.0
2024-06-18 04:32:07.000,14.0,0.0,0.0,0.22610000000000002,0.0,0.0,0.16305000000000003,0.0,0.0
2024-06-18 04:32:07.500,14.5,0.0,0.0,0.29152500000000003,0.0,0.0,0.146625,0.0,0.0
2024-06-18 04:32:08.000,15.0,0.0,0.0,0.35695,0.0,0.0,0.1302,0.0,0.0
2024-06-18 04:32:08.500,15.5,0.0,0.0,0.34097500000000003,0.0,0.0,0.16272,0.0,0.0
2024-06-18 04:32:09.000,16.0,0.0,0.0,0.325,0.0,0.0,0.19524,0.0,0.0
2024-06-18 04:32:09.500,16.5,0.0,0.0,0.25991,0.0,0.0,0.16276,0.0,0.0
2024-06-18 04:32:10.000,17.0,0.0,0.0,0.19482,0.0,0.0,0.13027999999999998,0.0,0.0
2024-06-18 04:32:10.500,17.5,0.0,0.0,0.211545,0.0,0.0,0.19522,0.0,0.0
2024-06-18 04:32:11.000,18.0,0.0,0.0,0.22827000000000003,0.0,0.0,0.26016,0.0,0.0
2024-06-18 04:32:11.500,18.5,0.0,0.0,0.26016000000000006,0.0,0.0,0.22758,0.0,0.0
2024-06-18 04:32:12.000,19.0,0.0,0.0,0.29205000000000003,0.0,0.0,0.195,0.0,0.0
2024-06-18 04:32:12.500,19.5,0.0,0.0,0.22740000000000002,0.0,0.0,0.113805,0.0,0.0
2024-06-18 04:32:13.000,20.0,0.0,0.0,0.16275,0.0,0.0,0.03261,0.0,0.0
2024-06-18 04:32:13.500,20.5,0.0,0.0,0.243575,0.0,0.0,0.081705,0.0,0.0
2024-06-18 04:32:14.000,21.0,0.0,0.0,0.3244,0.0,0.0,0.1308,0.0,0.0
2024-06-18 04:32:14.500,21.5,0.0,0.0,0.22714,0.0,0.0,0.19504,0.016235,0.0
2024-06-18 04:32:15.000,22.0,0.0,0.0,0.12988,0.0,0.0,0.25928,0.03247,0.0
2024-06-18 04:32:15.500,22.5,0.0,0.9456,0.12797999999999998,0.0,0.25352,0.27058,2.7294350000000005,0.99792
2024-06-18 04:32:16.000,23.0,0.0,1.8912,0.12608,0.0,0.50704,0.28187999999999996,5.426400000000001,1.99584
2024-06-18 04:32:16.500,23.5,0.0,0.9456,0.14434,0.0,0.25352,0.28669500000000003,2.7132000000000005,0.99792
2024-06-18 04:32:17.000,24.0,0.0,0.0,0.1626,0.0,0.0,0.29151000000000005,0.0,0.0
2024-06-18 04:32:17.500,24.5,0.0,0.0,0.3088700000000001,0.0,0.0,0.22710500000000003,0.0,0.0
2024-06-18 04:32:18.000,25.0,0.0,0.0,0.4551400000000001,0.0,0.0,0.1627,0.0,0.0
2024-06-18 04:32:18.500,25.5,0.0,0.0,0.32480000000000003,0.0,0.0,0.16262500000000002,0.0,0.0
2024-06-18 04:32:19.000,26.0,0.0,0.0,0.19446,0.0,0.0,0.16255,0.0,0.0
2024-06-18 04:32:19.500,26.5,0.0,0.0,0.22731,0.0,0.0,0.210555,0.0,0.0
2024-06-18 04:32:20.000,27.0,0.0,0.0,0.26016,0.0,0.0,0.25856,0.0,0.0
2024-06-18 04:32:20.500,27.5,0.0,0.0,0.30838999999999994,0.0,0.0,0.2431,0.0,0.0
2024-06-18 04:32:21.000,28.0,0.0,0.0,0.35661999999999994,0.0,0.0,0.22764,0.0,0.0
2024-06-18 04:32:21.500,28.5,0.0,0.0,0.19443499999999997,0.0,0.0,0.17832,0.0,0.0
2024-06-18 04:32:22.000,29.0,0.0,0.0,0.03225,0.0,0.0,0.129,0.0,0.0
2024-06-18 04:32:22.500,29.5,0.0,0.0,0.09682500000000001,0.0,0.0,0.09698000000000001,0.0,0.0
2024-06-18 04:32:23.000,30.0,0.0,0.0,0.16140000000000002,0.0,0.0,0.06496,0.0,0.0
2024-06-18 04:32:23.500,30.5,0.0,0.0,0.11300000000000002,0.0,0.0,0.06472,0.0,0.0
2024-06-18 04:32:24.000,31.0,0.0,0.0,0.0646,0.0,0.0,0.06448000000000001,0.0,0.0
2024-06-18 04:32:24.500,31.5,0.0,0.0,0.081035,0.0,0.0,0.08102000000000001,0.0,0.0
2024-06-18 04:32:25.000,32.0,0.0,0.0,0.09747,0.0,0.0,0.09756,0.0,0.0
2024-06-18 04:32:25.500,32.5,0.0,0.0,0.12991,0.0,0.0,0.21123000000000003,0.0,0.0
2024-06-18 04:32:26.000,33.0,0.0,0.0,0.16235,0.0,0.0,0.3249,0.0,0.0
2024-06-18 04:32:26.500,33.5,0.0,0.0,0.162075,0.0,0.0,0.35702999999999996,0.0,0.0
2024-06-18 04:32:27.000,34.0,0.0,0.0,0.1618,0.0,0.0,0.38915999999999995,0.0,0.0
2024-06-18 04:32:27.500,34.5,0.0,0.0,0.21050000000000002,0.0,0.0,0.22731999999999997,0.0,0.0
2024-06-18 04:32:28.000,35.0,0.0,0.0,0.25920000000000004,0.0,0.0,0.06548,0.0,0.0
2024-06-18 04:32:28.500,35.5,0.0,0.0,0.25976,0.0,0.0,0.13035999999999998,0.0,0.0
2024-06-18 04:32:29.000,36.0,0.0,0.0,0.26032,0.0,0.0,0.19524,0.0,0.0
2024-06-18 04:32:29.500,36.5,0.0,0.0,0.211285,0.0,0.0,0.21165,0.0,0.0
2024-06-18 04:32:30.000,37.0,0.0,0.0,0.16225,0.0,0.0,0.22806,0.0,0.0
2024-06-18 04:32:30.500,37.5,0.0,0.0,0.178505,0.0,0.0,0.17913,0.0,0.0
2024-06-18 04:32:31.000,38.0,0.0,0.0,0.19476,0.0,0.0,0.1302,0.0,0.0
2024-06-18 04:32:31.500,38.5,0.0,0.0,0.19496999999999998,0.0,0.0,0.14647500000000002,0.0,0.0
2024-06-18 04:32:32.000,39.0,0.0,0.0,0.19518,0.0,0.0,0.16275,0.0,0.0
2024-06-18 04:32:32.500,39.5,0.0,0.0,0.19505999999999998,0.0,0.0,0.14647500000000002,0.0,0.0
2024-06-18 04:32:33.000,40.0,0.0,0.0,0.19493999999999997,0.0,0.0,0.1302,0.0,0.0
2024-06-18 04:32:33.500,40.5,0.0,0.0,0.19490999999999997,0.0,0.0,0.14637500000000003,0.0,0.0
2024-06-18 04:32:34.000,41.0,0.0,0.0,0.19488,0.0,0.0,0.16255000000000003,0.0,0.0
2024-06-18 04:32:34.500,41.5,0.0,0.0,0.211295,0.0,0.0,0.17907499999999998,0.0,0.0
2024-06-18 04:32:35.000,42.0,0.0,0.0,0.22771000000000002,0.0,0.0,0.19559999999999997,0.0,0.0
2024-06-18 04:32:35.500,42.5,0.0,0.0,0.19490500000000002,0.0,0.0,0.19517999999999996,0.0,0.0
2024-06-18 04:32:36.000,43.0,0.0,0.0,0.16210000000000002,0.0,0.0,0.19476,0.0,0.0
2024-06-18 04:32:36.500,43.5,0.0,0.0,0.24385000000000004,0.0,0.0,0.211585,0.0,0.0
2024-06-18 04:32:37.000,44.0,0.0,0.0,0.32560000000000006,0.0,0.0,0.22841,0.0,0.0
2024-06-18 04:32:37.500,44.5,0.0,0.0,0.29240000000000005,0.0,0.0,0.244445,0.0,0.0
2024-06-18 04:32:38.000,45.0,0.0,0.0,0.25920000000000004,0.0,0.0,0.26048,0.0,0.0
2024-06-18 04:32:38.500,45.5,0.0,0.0,0.21077500000000002,0.0,0.0,0.21149,0.0,0.0
2024-06-18 04:32:39.000,46.0,0.0,0.0,0.16235,0.0,0.0,0.1625,0.0,0.0
2024-06-18 04:32:39.500,46.5,0.0,0.0,0.19492500000000001,0.0,0.0,0.22790500000000002,0.0,0.0
2024-06-18 04:32:40.000,47.0,0.0,0.0,0.22750000000000004,0.0,0.0,0.29331000000000007,0.0,0.0
2024-06-18 04:32:40.500,47.5,0.0,0.0,0.2599100000000001,0.0,0.0,0.26068500000000006,0.0,0.0
2024-06-18 04:32:41.000,48.0,0.0,0.0,0.2923200000000001,0.0,0.0,0.22806,0.0,0.0
2024-06-18 04:32:41.500,48.5,0.0,0.0,0.21126000000000006,0.0,0.0,0.21171,0.0,0.0
2024-06-18 04:32:42.000,49.0,0.0,0.0,0.1302,0.0,0.0,0.19536,0.0,0.0
2024-06-18 04:32:42.500,49.5,0.0,0.0,0.19466,0.0,0.0,0.179205,0.0,0.0
2024-06-18 04:32:43.000,50.0,0.0,0.0,0.25912,0.0,0.0,0.16305000000000003,0.0,0.0
2024-06-18 04:32:43.500,50.5,0.0,0.0,0.25952,0.0,0.0,0.13014,0.0,0.0
2024-06-18 04:32:44.000,51.0,0.0,0.0,0.25992,0.0,0.0,0.09723,0.0,0.0
2024-06-18 04:32:44.500,51.5,0.0,0.0,0.24367499999999997,0.0,0.0,0.146175,0.0,0.0
2024-06-18 04:32:45.000,52.0,0.0,0.0,0.22743,0.0,0.0,0.19512,0.0,0.0
2024-06-18 04:32:45.500,52.5,0.0,0.0,0.178655,0.0,0.0,0.19508999999999999,0.0,0.0
2024-06-18 04:32:46.000,53.0,0.0,0.0,0.12988,0.0,0.0,0.19505999999999998,0.0,0.0
2024-06-18 04:32:46.500,53.5,0.0,0.0,0.21137,0.0,0.0,0.16266999999999998,0.0,0.0
2024-06-18 04:32:47.000,54.0,0.0,0.0,0.29286,0.0,0.0,0.13027999999999998,0.0,0.0
2024-06-18 04:32:47.500,54.5,0.0,0.0,0.27610999999999997,0.0,0.0,0.11387499999999999,0.0,0.0
2024-06-18 04:32:48.000,55.0,0.0,0.0,0.25936,0.0,0.0,0.09747,0.0,0.0
2024-06-18 04:32:48.500,55.5,0.0,0.0,0.25952,0.0,0.0,0.14599499999999999,0.0,0.0
2024-06-18 04:32:49.000,56.0,0.0,0.0,0.25968,0.0,0.0,0.19452,0.0,0.0
2024-06-18 04:32:49.500,56.5,0.0,0.0,0.27604500000000004,0.0,0.0,0.146235,0.0,0.0
2024-06-18 04:32:50.000,57.0,0.0,0.0,0.29241000000000006,0.0,0.0,0.09794999999999998,0.0,0.0
2024-06-18 04:32:50.500,57.5,0.0,0.0,0.29209500000000005,0.0,0.0,0.163075,0.0,0.0
2024-06-18 04:32:51.000,58.0,0.0,0.0,0.29178000000000004,0.0,0.0,0.22820000000000001,0.0,0.0
2024-06-18 04:32:51.500,58.5,0.0,0.0,0.22734000000000004,0.0,0.0,0.24434000000000003,0.0,0.0
2024-06-18 04:32:52.000,59.0,0.0,0.0,0.16290000000000002,0.0,0.0,0.26048000000000004,0.0,0.0
2024-06-18 04:32:52.500,59.5,0.0,0.0,0.14653,0.0,0.0,0.29329000000000005,0.0,0.0
2024-06-18 04:32:53.000,60.0,0.0,0.0,0.13016,0.0,0.0,0.32610000000000006,0.0,0.0
2024-06-18 04:32:53.500,60.5,0.0,0.0,0.178935,0.0,0.0,0.27729000000000004,0.0,0.0
2024-06-18 04:32:54.000,61.0,0.0,0.0,0.22771000000000002,0.0,0.0,0.22848000000000004,0.0,0.0
2024-06-18 04:32:54.500,61.5,0.0,0.0,0.27610500000000004,0.0,0.0,0.17942000000000002,0.0,0.0
2024-06-18 04:32:55.000,62.0,0.0,0.0,0.3245,0.0,0.0,0.13036,0.0,0.0
2024-06-18 04:32:55.500,62.5,0.0,0.0,0.340395,0.0,0.0,0.19542000000000004,0.0,0.0
2024-06-18 04:32:56.000,63.0,0.0,0.0,0.35628999999999994,0.0,0.0,0.26048000000000004,0.0,0.0
2024-06-18 04:32:56.500,63.5,0.0,0.7411899999999999,0.30366499999999996,0.0,0.613665,0.33538,2.422755,0.8712000000000001
2024-06-18 04:32:57.000,64.0,0.0,1.4823799999999998,0.25104,0.0,1.22733,0.41028,4.84551,1.7424000000000002
2024-06-18 04:32:57.500,64.5,0.0,1.612435,0.1713,0.0,1.08967,0.40495,6.64813,2.055075
2024-06-18 04:32:58.000,65.0,0.0,1.74249,0.09156,0.0,0.9520099999999999,0.39962,8.45075,2.36775
2024-06-18 04:32:58.500,65.5,0.0,1.559845,0.19798,0.0,0.724965,0.19981,8.180575,1.822695
2024-06-18 04:32:59.000,66.0,0.0,1.3771999999999998,0.3044,0.0,0.49792000000000003,0.0,7.9104,1.27764
2024-06-18 04:32:59.500,66.5,0.0,0.6885999999999999,0.16839,0.0,0.24896000000000001,0.14706,3.9552,0.63882
2024-06-18 04:33:00.000,67.0,0.0,0.0,0.03238,0.0,0.0,0.29412,0.0,0.0
2024-06-18 04:33:00.500,67.5,0.06334,0.486545,0.5831899999999999,0.0,0.4692,0.42939000000000005,0.0,1.1401199999999998
2024-06-18 04:33:01.000,68.0,0.12668,0.97309,1.134,0.0,0.9384,0.56466,0.0,2.2802399999999996
2024-06-18 04:33:01.500,68.5,0.06334,0.486545,0.7450349999999999,0.0,0.4692,0.622425,0.01619,1.1401199999999998
2024-06-18 04:33:02.000,69.0,0.0,0.0,0.35606999999999994,0.0,0.0,0.6801900000000001,0.03238,0.0
2024-06-18 04:33:02.500,69.5,0.0,0.0,0.338835,0.0,0.0,0.45307500000000006,0.01619,0.0
2024-06-18 04:33:03.000,70.0,0.0,0.0,0.32160000000000005,0.0,0.0,0.22596000000000002,0.0,0.0
2024-06-18 04:33:03.500,70.5,1.824615,0.0,2.40864,0.6755299999999999,0.0,1.45513,0.0,0.0
2024-06-18 04:33:04.000,71.0,3.64923,0.0,4.49568,1.3510599999999997,0.0,2.6843000000000004,0.0,0.0
2024-06-18 04:33:04.500,71.5,1.824615,0.0,2.362255,0.6755299999999999,0.0,1.4718700000000002,0.0,0.0
2024-06-18 04:33:05.000,72.0,0.0,0.0,0.22883000000000003,0.0,0.0,0.25944,0.0,0.0
2024-06-18 04:33:05.500,72.5,0.30057999999999996,0.0,1.062115,1.9470900000000002,0.0,1.4531399999999999,0.0,0.0
2024-06-18 04:33:06.000,73.0,0.6011599999999999,0.0,1.8953999999999998,3.8941800000000004,0.0,2.64684,0.0,0.0
2024-06-18 04:33:06.500,73.5,0.30057999999999996,0.0,1.1579099999999998,1.9470900000000002,0.0,1.534475,0.0,0.0
2024-06-18 04:33:07.000,74.0,0.0,0.0,0.42042,0.0,0.0,0.42211,0.0,0.0
2024-06-18 04:33:07.500,74.5,0.0,0.0,0.40665,0.0,0.0,0.30927499999999997,0.0,0.0
2024-06-18 04:33:08.000,75.0,0.0,0.0,0.39288,0.0,0.0,0.19644,0.0,0.0
2024-06-18 04:33:08.500,75.5,0.0,0.0,0.27764,0.0,0.0,0.17947000000000002,0.0,0.0
2024-06-18 04:33:09.000,76.0,0.0,0.0,0.16240000000000002,0.0,0.0,0.1625,0.0,0.0
2024-06-18 04:33:09.500,76.5,0.0,0.0,0.24095000000000005,0.0,0.0,0.1618,0.0,0.0
2024-06-18 04:33:10.000,77.0,0.0,0.0,0.31950000000000006,0.0,0.0,0.16110000000000002,0.0,0.0
2024-06-18 04:33:10.500,77.5,0.0,0.0,0.37002500000000005,0.0,0.0,0.22599000000000002,0.0,0.0
2024-06-18 04:33:11.000,78.0,0.0,0.0,0.42055000000000003,0.0,0.0,0.29088,0.0,0.0
2024-06-18 04:33:11.500,78.5,0.0,0.0,0.4827,0.0,0.0,0.2101,1.09922,0.0
2024-06-18 04:33:12.000,79.0,0.0,0.0,0.5448500000000001,0.0,0.0,0.12932000000000002,2.19844,0.0
2024-06-18 04:33:12.500,79.5,0.0,0.0,0.40054500000000004,0.0,0.0,0.25708,2.49818,0.047909999999999994
2024-06-18 04:33:13.000,80.0,0.0,0.0,0.25624,0.0,0.0,0.38483999999999996,2.79792,0.09581999999999999
2024-06-18 04:33:13.500,80.5,0.0,0.0,0.19234,0.0,0.0,0.19241999999999998,1.62639,0.047909999999999994
2024-06-18 04:33:14.000,81.0,0.0,0.0,0.12844000000000003,0.0,0.0,0.0,0.45486000000000004,0.0
2024-06-18 04:33:14.500,81.5,0.047955,0.0,0.12804000000000001,1.2656,0.0,0.77959,0.22743000000000002,0.0
2024-06-18 04:33:15.000,82.0,0.09591,0.0,0.12764,2.5312,0.0,1.55918,0.0,0.0
2024-06-18 04:33:15.500,82.5,0.047955,0.0,0.177815,1.2656,0.0,0.92593,0.0,0.0
2024-06-18 04:33:16.000,83.0,0.0,0.0,0.22799,0.0,0.0,0.29268,0.0,0.0
2024-06-18 04:33:16.500,83.5,0.0,2.2755,0.113995,0.0,0.0,0.4747999999999999,13.86825,1.7933600000000003
2024-06-18 04:33:17.000,84.0,0.0,4.551,0.0,0.0,0.0,0.6569199999999998,27.7365,3.5867200000000006
2024-06-18 04:33:17.500,84.5,0.0,2.4954400000000003,0.252,0.0,0.128,0.3284599999999999,13.86825,4.416930000000001
2024-06-18 04:33:18.000,85.0,0.0,0.43988000000000005,0.504,0.0,0.256,0.0,0.0,5.24714
2024-06-18 04:33:18.500,85.5,0.0,0.7428250000000001,0.50488,0.0,0.7568,0.14107499999999998,0.12568000000000001,3.25777
2024-06-18 04:33:19.000,86.0,0.0,1.04577,0.50576,0.0,1.2576,0.28214999999999996,0.25136000000000003,1.2684000000000002
2024-06-18 04:33:19.500,86.5,0.0,3.74253,0.37488,0.0,2.0427,0.230595,0.23040000000000002,5.12078
2024-06-18 04:33:20.000,87.0,0.0,6.43929,0.244,0.0,2.8277999999999994,0.17904,0.20944000000000002,8.97316
2024-06-18 04:33:20.500,87.5,0.0,3.219645,0.1546,0.0,1.4138999999999997,0.28308,0.10472000000000001,4.48658
2024-06-18 04:33:21.000,88.0,0.0,0.0,0.0652,0.0,0.0,0.38711999999999996,0.0,0.0
2024-06-18 04:33:21.500,88.5,0.0,0.0,0.16152,0.0,0.0,0.22599999999999998,0.0,0.0
2024-06-18 04:33:22.000,89.0,0.0,0.0,0.25784,0.0,0.0,0.06488,0.0,0.0
2024-06-18 04:33:22.500,89.5,0.0,0.6875699999999999,0.27161500000000005,0.0,1.2798,0.03244,0.0,0.7888799999999999
2024-06-18 04:33:23.000,90.0,0.0,1.3751399999999998,0.28539000000000003,0.0,2.5596,0.0,0.0,1.5777599999999998
2024-06-18 04:33:23.500,90.5,1.373295,0.6875699999999999,2.806975,0.18797999999999998,1.2798,0.7889999999999999,0.0,0.7888799999999999
2024-06-18 04:33:24.000,91.0,2.74659,0.0,5.32856,0.37595999999999996,0.0,1.5779999999999998,0.0,0.0
2024-06-18 04:33:24.500,91.5,1.373295,0.0,2.76025,0.18797999999999998,0.0,0.7889999999999999,0.0,0.0
2024-06-18 04:33:25.000,92.0,0.0,0.0,0.19193999999999997,0.0,0.0,0.0,0.0,0.0
2024-06-18 04:33:25.500,92.5,0.0,0.23932499999999998,0.23938500000000001,0.0,0.0,0.049035,0.5068499999999999,0.0
2024-06-18 04:33:26.000,93.0,0.0,0.47864999999999996,0.28683000000000003,0.0,0.0,0.09807,1.0136999999999998,0.0
2024-06-18 04:33:26.500,93.5,0.0,0.23932499999999998,0.15924500000000003,0.0,0.0,0.049035,0.5068499999999999,0.0
2024-06-18 04:33:27.000,94.0,0.0,0.0,0.03166,0.0,0.0,0.0,0.0,0.0
2024-06-18 04:33:27.500,94.5,0.0,0.0,0.08055000000000001,0.0,0.0,0.12928,0.0,0.0
2024-06-18 04:33:28.000,95.0,0.0,0.0,0.12944,0.0,0.0,0.25856,0.0,0.0
2024-06-18 04:33:28.500,95.5,0.0,0.0,0.06472,0.0,0.8153600000000001,0.25336000000000003,3.3497,0.9274200000000001
2024-06-18 04:33:29.000,96.0,0.0,0.0,0.0,0.0,1.6307200000000002,0.24816,6.6994,1.8548400000000003
2024-06-18 04:33:29.500,96.5,0.0,0.791265,0.389625,0.0,1.28261,0.37384,6.13451,1.935245
2024-06-18 04:33:30.000,97.0,0.0,1.58253,0.77925,0.0,0.9345,0.49952,5.56962,2.01565
2024-06-18 04:33:30.500,97.5,0.0,0.791265,0.436635,0.0,0.46725,0.390115,7.817035000000001,1.007825
2024-06-18 04:33:31.000,98.0,0.0,0.0,0.09401999999999999,0.0,0.0,0.28071,10.06445,0.0
2024-06-18 04:33:31.500,98.5,0.0,0.0,0.07891999999999999,0.0,0.0,0.269195,5.032225,0.0
2024-06-18 04:33:32.000,99.0,0.0,0.0,0.06382,0.0,0.0,0.25768,0.0,0.0
2024-06-18 04:33:32.500,99.5,0.0,0.0,0.09647,0.0,0.0,0.32366,0.0,0.0
2024-06-18 04:33:33.000,100.0,0.0,0.0,0.12912,0.0,0.0,0.38964,0.0,0.0
2024-06-18 04:33:33.500,100.5,0.0,0.0,0.12978,0.0,0.0,0.19482,0.0,0.0
2024-06-18 04:33:34.000,101.0,0.0,0.0,0.13044,0.0,0.0,0.0,0.0,0.0
2024-06-18 04:33:34.500,101.5,0.0,0.0,0.145795,0.0,0.0,0.06424,0.0,0.0
2024-06-18 04:33:35.000,102.0,0.0,0.0,0.16115000000000002,0.0,0.0,0.12848,0.0,0.0
2024-06-18 04:33:35.500,102.5,0.0,0.0,0.12859,0.0,0.0,0.16090000000000002,0.0,0.0
2024-06-18 04:33:36.000,103.0,0.0,0.0,0.09603,0.0,0.0,0.19332000000000002,0.0,0.0
2024-06-18 04:33:36.500,103.5,0.0,0.0,0.24229499999999998,0.0,0.0,0.16190000000000002,0.0,0.0
2024-06-18 04:33:37.000,104.0,0.0,0.0,0.38855999999999996,0.0,0.0,0.13048,0.0,0.0
2024-06-18 04:33:37.500,104.5,0.0,0.0,0.25867999999999997,0.0,0.0,0.26066,0.0,0.0
2024-06-18 04:33:38.000,105.0,0.0,0.0,0.1288,0.0,0.0,0.39083999999999997,0.0,0.0
2024-06-18 04:33:38.500,105.5,0.0,0.0,0.0644,0.0,0.0,0.29336999999999996,0.0,0.0
2024-06-18 04:33:39.000,106.0,0.0,0.0,0.0,0.0,0.0,0.19589999999999996,0.0,0.0
2024-06-18 04:33:39.500,106.5,0.0,0.0,0.19368,0.0,0.0,0.16304999999999997,0.0,0.0
2024-06-18 04:33:40.000,107.0,0.0,0.0,0.38736,0.0,0.0,0.1302,0.0,0.0
2024-06-18 04:33:40.500,107.5,1.12554,0.0,3.858745,1.0216800000000001,0.0,4.3533,0.0,0.0
2024-06-18 04:33:41.000,108.0,2.25108,0.0,7.33013,2.0433600000000003,0.0,8.5764,0.0,0.0
2024-06-18 04:33:41.500,108.5,1.12554,0.0,3.8263649999999996,1.0216800000000001,0.0,4.4512,0.0,0.0
2024-06-18 04:33:42.000,109.0,0.0,0.0,0.32259999999999994,0.0,0.0,0.326,0.0,0.0
2024-06-18 04:33:42.500,109.5,2.35867,0.0,0.8940299999999999,2.5641,0.0,0.38252,0.0,0.0
2024-06-18 04:33:43.000,110.0,4.71734,0.0,1.4654599999999998,5.1282,0.0,0.43904000000000004,0.0,0.0
2024-06-18 04:33:43.500,110.5,2.62778,0.0,3.6086500000000004,2.6584499999999998,0.0,3.78354,0.0,0.0
2024-06-18 04:33:44.000,111.0,0.5382200000000001,0.0,5.7518400000000005,0.1887,0.0,7.12804,0.0,0.0
2024-06-18 04:33:44.500,111.5,3.5011100000000006,0.0,3.4744200000000003,3.6407500000000006,0.0,4.43522,0.06252,0.0
2024-06-18 04:33:45.000,112.0,6.464,0.0,1.197,7.092800000000001,0.0,1.7424000000000002,0.12504,0.0
2024-06-18 04:33:45.500,112.5,3.232,0.0,1.4630400000000001,4.035735000000001,0.0,1.2438,0.12602000000000002,0.0
2024-06-18 04:33:46.000,113.0,0.0,0.0,1.7290800000000002,0.97867,0.0,0.7452,0.127,0.0
2024-06-18 04:33:46.500,113.5,0.0,0.0,2.4198,0.489335,0.0,1.42068,0.0635,0.0
2024-06-18 04:33:47.000,114.0,0.0,0.0,3.1105199999999997,0.0,0.0,2.0961600000000002,0.0,0.0
2024-06-18 04:33:47.500,114.5,1.99485,0.0,1.8721599999999998,3.0001,0.0,1.33338,0.0,0.0
2024-06-18 04:33:48.000,115.0,3.9897,0.0,0.6338,6.0002,0.0,0.5706,0.0,0.0
2024-06-18 04:33:48.500,115.5,3.13146,0.0,1.40888,4.765350000000001,0.0,1.4431599999999998,0.0,0.0
2024-06-18 04:33:49.000,116.0,2.2732200000000002,0.0,2.18396,3.530500000000001,0.0,2.31572,0.0,0.0
2024-06-18 04:33:49.500,116.5,2.3658099999999997,0.0,3.5386100000000003,3.3996750000000002,0.0,3.423865,0.0,0.0
2024-06-18 04:33:50.000,117.0,2.4583999999999993,0.0,4.893260000000001,3.26885,0.0,4.5320100000000005,0.0,0.0
2024-06-18 04:33:50.500,117.5,1.2291999999999996,0.0,2.47915,1.634425,0.0,2.2660050000000003,0.0,0.0
2024-06-18 04:33:51.000,118.0,0.0,0.0,0.06504,0.0,0.0,0.0,0.0,0.0
2024-06-18 04:33:51.500,118.5,0.0,0.0,0.080745,0.0,0.0,0.0,0.0,0.0
2024-06-18 04:33:52.000,119.0,0.0,0.0,0.09645,0.0,0.0,0.0,0.0,0.0
2024-06-18 04:33:52.500,119.5,0.0,0.0,0.19452000000000003,0.0,0.0,0.16365,0.0,0.0
2024-06-18 04:33:53.000,120.0,0.0,0.0,0.29259,0.0,0.0,0.3273,0.0,0.0
2024-06-18 04:33:53.500,120.5,0.01525,0.0,9.330885,0.04536,0.0,7.89848,0.0,0.0
2024-06-18 04:33:54.000,121.0,0.0305,0.0,18.36918,0.09072,0.0,15.46966,0.0,0.0
2024-06-18 04:33:54.500,121.5,0.01525,0.0,14.819094999999999,0.04536,0.0,12.366129999999998,0.0,0.0
2024-06-18 04:33:55.000,122.0,0.0,0.0,11.269009999999998,0.0,0.0,9.262599999999999,0.0,0.0
2024-06-18 04:33:55.500,122.5,0.075075,0.0,12.324864999999999,0.1513,0.0,12.03098,0.0,0.0
2024-06-18 04:33:56.000,123.0,0.15015,0.0,13.380719999999998,0.3026,0.0,14.79936,0.0,0.0
2024-06-18 04:33:56.500,123.5,0.075075,0.0,6.836024999999999,0.1513,0.0,7.57799,0.0,0.0
2024-06-18 04:33:57.000,124.0,0.0,0.0,0.29133,0.0,0.0,0.35661999999999994,0.0,0.0
2024-06-18 04:33:57.500,124.5,0.0,0.0,0.341145,0.0,0.0,0.30831,0.0,0.0
2024-06-18 04:33:58.000,125.0,0.0,0.0,0.39096,0.0,0.0,0.26,0.0,0.0
2024-06-18 04:33:58.500,125.5,0.26401,0.0,2.4284800000000004,0.5888549999999999,0.0,0.1459,0.0,0.0
2024-06-18 04:33:59.000,126.0,0.52802,0.0,4.466000000000001,1.1777099999999998,0.0,0.031799999999999995,0.0,0.0
2024-06-18 04:33:59.500,126.5,0.8087850000000001,0.0,5.235880000000001,1.809405,0.0,2.22255,0.0,0.0
2024-06-18 04:34:00.000,127.0,1.08955,0.0,6.00576,2.4411,0.0,4.4133,0.0,0.0
2024-06-18 04:34:00.500,127.5,0.544775,0.0,3.1335200000000003,1.22055,0.0,2.353665,0.0,0.0
2024-06-18 04:34:01.000,128.0,0.0,0.0,0.26128,0.0,0.0,0.29403,0.0,0.0
2024-06-18 04:34:01.500,128.5,0.0,0.0,4.08569,0.18797999999999998,0.0,2.928675,0.0,0.0
2024-06-18 04:34:02.000,129.0,0.0,0.0,7.9101,0.37595999999999996,0.0,5.56332,0.0,0.0
2024-06-18 04:34:02.500,129.5,0.0,0.0,9.75766,0.18797999999999998,0.0,8.16,0.0,0.0
2024-06-18 04:34:03.000,130.0,0.0,0.0,11.60522,0.0,0.0,10.75668,0.0,0.0
2024-06-18 04:34:03.500,130.5,0.0,0.0,9.29557,1.9096,0.0,7.897539999999999,0.0,0.0
2024-06-18 04:34:04.000,131.0,0.0,0.0,6.985920000000001,3.8192,0.0,5.0384,0.0,0.0
2024-06-18 04:34:04.500,131.5,0.0,0.0,4.294460000000001,1.9096,0.0,2.91695,0.0,0.0
2024-06-18 04:34:05.000,132.0,0.0,0.0,1.603,0.0,0.0,0.7955000000000001,0.0,0.0
2024-06-18 04:34:05.500,132.5,0.50592,0.0,3.572095000000001,0.53159,0.0,0.602175,0.0,0.0
2024-06-18 04:34:06.000,133.0,1.01184,0.0,5.541190000000001,1.06318,0.0,0.40885,0.0,0.0
2024-06-18 04:34:06.500,133.5,0.50592,0.0,2.7705950000000006,0.53159,0.0,0.5621449999999999,0.0,0.0
2024-06-18 04:34:07.000,134.0,0.0,0.0,0.0,0.0,0.0,0.7154399999999999,0.0,0.0
2024-06-18 04:34:07.500,134.5,0.0,0.0,0.17660499999999998,0.0,0.0,0.3577199999999999,0.0,0.0
2024-06-18 04:34:08.000,135.0,0.0,0.0,0.35320999999999997,0.0,0.0,0.0,0.0,0.0
2024-06-18 04:34:08.500,135.5,0.0,0.0,0.388115,0.0,0.0,0.16225,0.0,0.0
2024-06-18 04:34:09.000,136.0,0.0,0.0,0.42302,0.0,0.0,0.3245,0.0,0.0
2024-06-18 04:34:09.500,136.5,0.0,0.0,6.153670000000001,0.0,0.0,5.6554,0.0,0.0
2024-06-18 04:34:10.000,137.0,0.0,0.0,11.88432,0.0,0.0,10.9863,0.0,0.0
2024-06-18 04:34:10.500,137.5,0.0,0.0,6.21382,0.0,0.0,5.638725,0.0,0.0
2024-06-18 04:34:11.000,138.0,0.0,0.0,0.54332,0.0,0.0,0.29115,0.0,0.0
2024-06-18 04:34:11.500,138.5,0.0,0.0,0.9284799999999999,0.6957399999999998,0.0,0.500875,0.0,0.0
2024-06-18 04:34:12.000,139.0,0.0,0.0,1.3136399999999997,1.3914799999999996,0.0,0.7105999999999999,0.0,0.0
2024-06-18 04:34:12.500,139.5,1.3549,0.0,2.05998,1.4362249999999999,0.0,2.51431,0.0,0.0
2024-06-18 04:34:13.000,140.0,2.7098,0.0,2.80632,1.48097,0.0,4.318020000000001,0.0,0.0
2024-06-18 04:34:13.500,140.5,3.2293000000000003,0.0,4.412995,0.9409449999999999,0.0,3.4308300000000003,0.0,0.0
2024-06-18 04:34:14.000,141.0,3.7488,0.0,6.01967,0.40092,0.0,2.5436400000000003,0.0,0.0
2024-06-18 04:34:14.500,141.5,2.25936,0.0,3.449395,0.20046,0.0,1.3860600000000003,0.0,0.0
2024-06-18 04:34:15.000,142.0,0.76992,0.0,0.8791200000000001,0.0,0.0,0.22848000000000004,0.0,0.0
2024-06-18 04:34:15.500,142.5,0.38496,0.0,0.5527850000000001,0.0,0.0,0.11424000000000002,0.0,0.0
2024-06-18 04:34:16.000,143.0,0.0,0.0,0.22645000000000004,0.0,0.0,0.0,0.0,0.0
2024-06-18 04:34:16.500,143.5,0.0,0.0,0.613385,0.13,0.0,0.42016000000000003,0.0,0.0
2024-06-18 04:34:17.000,144.0,0.0,0.0,1.0003199999999999,0.26,0.0,0.8403200000000001,0.0,0.0
2024-06-18 04:34:17.500,144.5,0.6303750000000001,0.0,3.91126,0.6777400000000001,0.0,1.28656,0.0,0.0
2024-06-18 04:34:18.000,145.0,1.2607500000000003,0.0,6.8222000000000005,1.0954800000000002,0.0,1.7328,0.0,0.0
2024-06-18 04:34:18.500,145.5,0.6303750000000001,0.0,3.4111000000000002,0.5477400000000001,0.0,1.142225,0.0,0.0
2024-06-18 04:34:19.000,146.0,0.0,0.0,0.0,0.0,0.0,0.5516500000000001,0.0,0.0
2024-06-18 04:34:19.500,146.5,1.5239999999999998,0.0,1.05567,0.9887850000000001,0.0,2.120755,0.0,0.0
2024-06-18 04:34:20.000,147.0,3.0479999999999996,0.0,2.11134,1.9775700000000003,0.0,3.6898599999999995,0.0,0.0
2024-06-18 04:34:20.500,147.5,1.5239999999999998,0.0,1.1545200000000002,0.9887850000000001,0.0,2.2475549999999997,0.0,0.0
2024-06-18 04:34:21.000,148.0,0.0,0.0,0.1977,0.0,0.0,0.8052499999999999,0.0,0.0
2024-06-18 04:34:21.500,148.5,0.0,0.0,0.373995,0.0,0.0,0.40262499999999996,0.0,0.0
2024-06-18 04:34:22.000,149.0,0.0,0.0,0.5502900000000001,0.0,0.0,0.0,0.0,0.0
2024-06-18 04:34:22.500,149.5,0.0,0.0,0.45197,0.0,0.0,0.0,0.0,0.0
2024-06-18 04:34:23.000,150.0,0.0,0.0,0.35364999999999996,0.0,0.0,0.0,0.0,0.0
2024-06-18 04:34:23.500,150.5,0.0,0.0,0.17682499999999998,0.0,0.0,0.06376,0.0,0.0
2024-06-18 04:34:24.000,151.0,0.0,0.0,0.0,0.0,0.0,0.12752,0.0,0.0
2024-06-18 04:34:24.500,151.5,0.0,0.0,5.296875,0.06096,0.0,4.428119999999999,0.0,0.0
2024-06-18 04:34:25.000,152.0,0.0,0.0,10.59375,0.12192,0.0,8.72872,0.0,0.0
2024-06-18 04:34:25.500,152.5,0.04542,0.0,10.89,1.12461,0.0,8.12806,0.0,0.0
2024-06-18 04:34:26.000,153.0,0.09084,0.0,11.186250000000001,2.1273,0.0,7.5274,0.0,0.0
2024-06-18 04:34:26.500,153.5,0.40445,0.0,9.783305,1.09465,0.0,6.430445000000001,0.0,0.0
2024-06-18 04:34:27.000,154.0,0.7180599999999999,0.0,8.38036,0.062000000000000006,0.0,5.33349,0.0,0.0
2024-06-18 04:34:27.500,154.5,0.35902999999999996,0.0,12.83882,0.031000000000000003,0.0,10.543725000000002,0.0,0.0
2024-06-18 04:34:28.000,155.0,0.0,0.0,17.29728,0.0,0.0,15.753960000000001,0.0,0.0
2024-06-18 04:34:28.500,155.5,0.98784,0.0,8.8697,0.75168,0.0,8.427600000000002,0.0,0.0
2024-06-18 04:34:29.000,156.0,1.97568,0.0,0.44212000000000007,1.50336,0.0,1.1012400000000002,0.0,0.0
2024-06-18 04:34:29.500,156.5,0.98784,0.0,0.38221000000000005,0.75168,0.0,0.5506200000000001,0.0,0.0
2024-06-18 04:34:30.000,157.0,0.0,0.0,0.32230000000000003,0.0,0.0,0.0,0.0,0.0
2024-06-18 04:34:30.500,157.5,0.2226,0.0,0.5843750000000001,0.0,0.0,3.0343,0.0,0.0
2024-06-18 04:34:31.000,158.0,0.4452,0.0,0.84645,0.0,0.0,6.0686,0.0,0.0
2024-06-18 04:34:31.500,158.5,0.2226,0.0,4.654185,0.0,0.0,5.36752,0.0,0.0
2024-06-18 04:34:32.000,159.0,0.0,0.0,8.46192,0.0,0.0,4.66644,0.0,0.0
2024-06-18 04:34:32.500,159.5,0.0,0.0,4.749224999999999,0.31870000000000004,0.0,2.33322,0.0,0.0
2024-06-18 04:34:33.000,160.0,0.0,0.0,1.03653,0.6374000000000001,0.0,0.0,0.0,0.0
2024-06-18 04:34:33.500,160.5,0.016255,0.0,0.886725,0.43143500000000007,0.0,0.0,0.0,0.0
2024-06-18 04:34:34.000,161.0,0.03251,0.0,0.73692,0.22547000000000003,0.0,0.0,0.0,0.0
2024-06-18 04:34:34.500,161.5,0.016255,0.0,0.36846,0.11273500000000002,0.0,0.0,0.0,0.0
2024-06-18 04:34:35.000,162.0,0.0,0.0,0.0,0.0,0.0,0.0,0.0,0.0
2024-06-18 04:34:35.500,162.5,0.0,0.0,0.19223999999999997,0.0,0.0,0.14895000000000003,0.0,0.0
2024-06-18 04:34:36.000,163.0,0.0,0.0,0.38447999999999993,0.0,0.0,0.29790000000000005,0.0,0.0
2024-06-18 04:34:36.500,163.5,0.0,0.0,0.19223999999999997,0.0,0.0,0.14895000000000003,0.0,0.0
2024-06-18 04:34:37.000,164.0,0.0,0.0,0.0,0.0,0.0,0.0,0.0,0.0
2024-06-18 04:34:37.500,164.5,0.0,0.0,0.19829999999999998,0.0,0.0,0.0,0.0,0.0
2024-06-18 04:34:38.000,165.0,0.0,0.0,0.39659999999999995,0.0,0.0,0.0,0.0,0.0
2024-06-18 04:34:38.500,165.5,0.0,0.0,0.441525,0.0,0.0,0.13136,0.0,0.0
2024-06-18 04:34:39.000,166.0,0.0,0.0,0.48645000000000005,0.0,0.0,0.26272,0.0,0.0
2024-06-18 04:34:39.500,166.5,0.0,0.0,0.259705,0.0,0.0,0.13136,0.0,0.0
2024-06-18 04:34:40.000,167.0,0.0,0.0,0.03296,0.0,0.0,0.0,0.0,0.0
2024-06-18 04:34:40.500,167.5,0.0,0.0,0.01648,0.0,0.0,0.0,0.0,0.0
2024-06-18 04:34:41.000,168.0,0.0,0.0,0.0,0.0,0.0,0.0,0.0,0.0
2024-06-18 04:34:41.500,168.5,0.0,0.0,0.0,0.0,0.0,0.0,0.0,0.0
2024-06-18 04:34:42.000,169.0,0.0,0.0,0.0,0.0,0.0,0.0,0.0,0.0
2024-06-18 04:34:42.500,169.5,0.0,0.0,1.51296,0.0,0.0,0.13048,0.0,0.0
2024-06-18 04:34:43.000,170.0,0.0,0.0,3.02592,0.0,0.0,0.26096,0.0,0.0
2024-06-18 04:34:43.500,170.5,0.0,0.0,5.747259999999999,0.015085,0.0,3.961055,0.0,0.0
2024-06-18 04:34:44.000,171.0,0.0,0.0,8.468599999999999,0.03017,0.0,7.66115,0.0,0.0
2024-06-18 04:34:44.500,171.5,0.0,0.0,4.330659999999999,0.015085,0.0,3.830575,0.0,0.0
2024-06-18 04:34:45.000,172.0,0.0,0.0,0.19271999999999997,0.0,0.0,0.0,0.0,0.0
2024-06-18 04:34:45.500,172.5,0.0,0.0,0.52354,0.0,0.0,0.0,0.0,0.0
2024-06-18 04:34:46.000,173.0,0.0,0.0,0.85436,0.0,0.0,0.0,0.0,0.0
2024-06-18 04:34:46.500,173.5,0.0,0.0,0.42718,0.0,0.0,0.23954999999999999,0.0,0.0
2024-06-18 04:34:47.000,174.0,0.0,0.0,0.0,0.0,0.0,0.47909999999999997,0.0,0.0
2024-06-18 04:34:47.500,174.5,0.0,0.0,0.0,0.0,0.0,0.25547,0.0,0.0
2024-06-18 04:34:48.000,175.0,0.0,0.0,0.0,0.0,0.0,0.03184,0.0,0.0
2024-06-18 04:34:48.500,175.5,0.0,0.0,0.0,0.0,0.0,0.12841,0.0,0.0
2024-06-18 04:34:49.000,176.0,0.0,0.0,0.0,0.0,0.0,0.22498,0.0,0.0
2024-06-18 04:34:49.500,176.5,0.0,0.0,0.0654,0.0,0.0,0.17805,0.0,0.0
2024-06-18 04:34:50.000,177.0,0.0,0.0,0.1308,0.0,0.0,0.13112000000000001,0.0,0.0
2024-06-18 04:34:50.500,177.5,0.0,0.0,0.0654,0.0,0.0,0.06556000000000001,0.0,0.0
2024-06-18 04:34:51.000,178.0,0.0,0.0,0.0,0.0,0.0,0.0,0.0,0.0
2024-06-18 04:34:51.500,178.5,0.0,0.0,0.38928,0.0,0.0,0.0,0.0,0.0
2024-06-18 04:34:52.000,179.0,0.0,0.0,0.77856,0.0,0.0,0.0,0.0,0.0
2024-06-18 04:34:52.500,179.5,0.731475,0.0,0.7111800000000001,0.112525,0.0,0.32410000000000005,0.0,0.0
2024-06-18 04:34:53.000,180.0,1.46295,0.0,0.6438000000000001,0.22505,0.0,0.6482000000000001,0.0,0.0
2024-06-18 04:34:53.500,180.5,0.731475,0.0,0.3219000000000001,0.112525,0.0,0.32410000000000005,0.0,0.0
2024-06-18 04:34:54.000,181.0,0.0,0.0,0.0,0.0,0.0,0.0,0.0,0.0
2024-06-18 04:34:54.500,181.5,0.0,0.0,0.48584999999999995,0.0,0.0,0.0,0.0,0.0
2024-06-18 04:34:55.000,182.0,0.0,0.0,0.9716999999999999,0.0,0.0,0.0,0.0,0.0
2024-06-18 04:34:55.500,182.5,0.0,0.0,0.90679,0.0,0.0,0.06538000000000001,0.0,0.0
2024-06-18 04:34:56.000,183.0,0.0,0.0,0.8418800000000001,0.0,0.0,0.13076000000000002,0.0,0.0
2024-06-18 04:34:56.500,183.5,0.0,0.0,0.42094000000000004,0.0,0.0,0.5159,0.0,0.0
2024-06-18 04:34:57.000,184.0,0.0,0.0,0.0,0.0,0.0,0.9010400000000001,0.0,0.0
2024-06-18 04:34:57.500,184.5,0.0,0.0,0.0,0.0,0.0,0.45052000000000003,0.0,0.0
2024-06-18 04:34:58.000,185.0,0.0,0.0,0.0,0.0,0.0,0.0,0.0,0.0
2024-06-18 04:34:58.500,185.5,0.0,0.0,0.0,0.0,0.0,0.0,0.0,0.0
2024-06-18 04:34:59.000,186.0,0.0,0.0,0.0,0.0,0.0,0.0,0.0,0.0
2024-06-18 04:34:59.500,186.5,0.0,0.0,0.0,0.0,0.0,0.0,0.0,0.0
2024-06-18 04:35:00.000,187.0,0.0,0.0,0.0,0.0,0.0,0.0,0.0,0.0
2024-06-18 04:35:00.500,187.5,0.0,0.0,0.0637,0.0,0.0,0.03181,0.0,0.0
2024-06-18 04:35:01.000,188.0,0.0,0.0,0.1274,0.0,0.0,0.06362,0.0,0.0
2024-06-18 04:35:01.500,188.5,0.0,0.0,0.3828,0.0,0.0,0.25448000000000004,0.0,0.0
2024-06-18 04:35:02.000,189.0,0.0,0.0,0.6382,0.0,0.0,0.44534000000000007,0.0,0.0
2024-06-18 04:35:02.500,189.5,0.0,0.0,0.3191,0.0,0.0,0.22267000000000003,0.0,0.0
2024-06-18 04:35:03.000,190.0,0.0,0.0,0.0,0.0,0.0,0.0,0.0,0.0
2024-06-18 04:35:03.500,190.5,0.0,0.0,0.048944999999999995,0.0,0.0,0.3524399999999999,0.0,0.0
2024-06-18 04:35:04.000,191.0,0.0,0.0,0.09788999999999999,0.0,0.0,0.7048799999999998,0.0,0.0
2024-06-18 04:35:04.500,191.5,0.0,0.0,0.048944999999999995,0.0,0.0,0.3524399999999999,0.0,0.0
2024-06-18 04:35:05.000,192.0,0.0,0.0,0.0,0.0,0.0,0.0,0.0,0.0
2024-06-18 04:35:05.500,192.5,0.0,0.0,0.43267500000000003,0.0,0.0,0.0,0.0,0.0
2024-06-18 04:35:06.000,193.0,0.0,0.0,0.8653500000000001,0.0,0.0,0.0,0.0,0.0
2024-06-18 04:35:06.500,193.5,3.37692,0.0,2.1620550000000005,1.3419999999999999,0.0,1.18794,0.0,0.0
2024-06-18 04:35:07.000,194.0,6.75384,0.0,3.4587600000000003,2.6839999999999997,0.0,2.37588,0.0,0.0
2024-06-18 04:35:07.500,194.5,3.37692,0.0,3.6095700000000006,1.3574799999999998,0.0,2.9035800000000003,0.0,0.0
2024-06-18 04:35:08.000,195.0,0.0,0.0,3.7603800000000005,0.03096,0.0,3.4312800000000006,0.0,0.0
2024-06-18 04:35:08.500,195.5,0.0,0.0,3.8786700000000005,0.01548,0.0,1.8270800000000003,0.0,0.0
2024-06-18 04:35:09.000,196.0,0.0,0.0,3.99696,0.0,0.0,0.22288000000000002,0.0,0.0
2024-06-18 04:35:09.500,196.5,0.0,0.0,2.36349,0.0,0.0,0.17646,0.0,0.0
2024-06-18 04:35:10.000,197.0,0.0,0.0,0.7300199999999999,0.0,0.0,0.13004000000000002,0.0,0.0
2024-06-18 04:35:10.500,197.5,0.0,0.0,0.36500999999999995,0.0,0.0,0.06502000000000001,0.0,0.0
2024-06-18 04:35:11.000,198.0,0.0,0.0,0.0,0.0,0.0,0.0,0.0,0.0
2024-06-18 04:35:11.500,198.5,0.0,0.0,0.47603500000000004,0.0,0.0,0.2247,0.0,0.0
2024-06-18 04:35:12.000,199.0,0.0,0.0,0.9520700000000001,0.0,0.0,0.4494,0.0,0.0
2024-06-18 04:35:12.500,199.5,0.0,0.0,0.47603500000000004,0.0,0.0,0.2247,0.0,0.0
2024-06-18 04:35:13.000,200.0,0.0,0.0,0.0,0.0,0.0,0.0,0.0,0.0
2024-06-18 04:35:13.500,200.5,0.0,0.0,0.0,0.0,0.0,0.0,0.0,0.0
2024-06-18 04:35:14.000,201.0,0.0,0.0,0.0,0.0,0.0,0.0,0.0,0.0
2024-06-18 04:35:14.500,201.5,0.0,0.0,0.0,0.0,0.0,0.03243,0.0,0.0
2024-06-18 04:35:15.000,202.0,0.0,0.0,0.0,0.0,0.0,0.06486,0.0,0.0
2024-06-18 04:35:15.500,202.5,0.0,0.0,1.2177850000000001,0.0,0.0,0.06437000000000001,0.0,0.0
2024-06-18 04:35:16.000,203.0,0.0,0.0,2.4355700000000002,0.0,0.0,0.06388,0.0,0.0
2024-06-18 04:35:16.500,203.5,0.0,0.0,1.2177850000000001,0.0,0.0,0.03194,0.0,0.0
2024-06-18 04:35:17.000,204.0,0.0,0.0,0.0,0.0,0.0,0.0,0.0,0.0
2024-06-18 04:35:17.500,204.5,0.0,0.0,0.04533,7.3922799999999995,0.0,4.08954,0.0,0.0
2024-06-18 04:35:18.000,205.0,0.0,0.0,0.09066,14.784559999999999,0.0,8.17908,0.0,0.0
2024-06-18 04:35:18.500,205.5,3.9745399999999997,0.0,2.1782850000000002,7.3922799999999995,0.0,4.64592,0.0,0.0
2024-06-18 04:35:19.000,206.0,7.9490799999999995,0.0,4.26591,0.0,0.0,1.11276,0.0,0.0
2024-06-18 04:35:19.500,206.5,3.9745399999999997,0.0,2.132955,0.0,0.0,0.55638,0.0,0.0
2024-06-18 04:35:20.000,207.0,0.0,0.0,0.0,0.0,0.0,0.0,0.0,0.0
2024-06-18 04:35:20.500,207.5,0.0,0.0,0.09234,0.0,0.0,0.5457000000000001,0.0,0.0
2024-06-18 04:35:21.000,208.0,0.0,0.0,0.18468,0.0,0.0,1.0914000000000001,0.0,0.0
2024-06-18 04:35:21.500,208.5,1.0836000000000001,0.0,4.66906,0.0,0.0,1.24095,0.0,0.0
2024-06-18 04:35:22.000,209.0,2.1672000000000002,0.0,9.15344,0.0,0.0,1.3904999999999998,0.0,0.0
2024-06-18 04:35:22.500,209.5,1.0836000000000001,0.0,7.08715,0.0,0.0,1.273745,0.0,0.0
2024-06-18 04:35:23.000,210.0,0.0,0.0,5.020860000000001,0.0,0.0,1.15699,0.0,0.0
2024-06-18 04:35:23.500,210.5,1.5459500000000002,0.0,7.60479,0.0,0.0,0.718085,0.0,0.0
2024-06-18 04:35:24.000,211.0,3.0919000000000003,0.0,10.18872,0.0,0.0,0.27918000000000004,0.0,0.0
2024-06-18 04:35:24.500,211.5,1.5459500000000002,0.0,5.225,0.0,0.0,0.68733,0.0,0.0
2024-06-18 04:35:25.000,212.0,0.0,0.0,0.26128,0.0,0.0,1.09548,0.0,0.0
2024-06-18 04:35:25.500,212.5,0.3462799999999999,0.0,0.51572,0.5113350000000001,0.0,0.90953,0.0,0.0
2024-06-18 04:35:26.000,213.0,0.6925599999999998,0.0,0.77016,1.0226700000000002,0.0,0.7235799999999999,0.0,0.0
2024-06-18 04:35:26.500,213.5,0.888605,0.0,2.12033,1.7556850000000002,0.0,4.718870000000001,0.0,0.0
2024-06-18 04:35:27.000,214.0,1.0846500000000001,0.0,3.4705000000000004,2.4887,0.0,8.714160000000001,0.0,0.0
2024-06-18 04:35:27.500,214.5,0.5423250000000001,0.0,1.7352500000000002,1.24435,0.0,4.357080000000001,0.0,0.0
2024-06-18 04:35:28.000,215.0,0.0,0.0,0.0,0.0,0.0,0.0,0.0,0.0
2024-06-18 04:35:28.500,215.5,0.18414,0.0,0.76075,0.8699600000000002,0.0,1.4545199999999998,0.0,0.0
2024-06-18 04:35:29.000,216.0,0.36828,0.0,1.5215,1.7399200000000004,0.0,2.9090399999999996,0.0,0.0
2024-06-18 04:35:29.500,216.5,0.27566999999999997,0.0,2.57191,1.6229750000000003,0.0,6.705819999999999,0.0,0.0
2024-06-18 04:35:30.000,217.0,0.18306,0.0,3.6223199999999998,1.5060300000000002,0.0,10.502599999999997,0.0,0.0
2024-06-18 04:35:30.500,217.5,0.5139450000000001,0.0,2.4311599999999998,1.6235350000000002,0.0,6.151614999999999,0.0,0.0
2024-06-18 04:35:31.000,218.0,0.8448300000000001,0.0,1.24,1.7410400000000001,0.0,1.8006299999999997,0.0,0.0
2024-06-18 04:35:31.500,218.5,0.42241500000000004,0.0,0.66737,0.8705200000000001,0.0,0.9003149999999999,0.0,0.0
2024-06-18 04:35:32.000,219.0,0.0,0.0,0.09473999999999999,0.0,0.0,0.0,0.0,0.0
2024-06-18 04:35:32.500,219.5,0.0,0.0,0.047369999999999995,0.0,0.0,0.22617,0.0,0.0
2024-06-18 04:35:33.000,220.0,0.0,0.0,0.0,0.0,0.0,0.45234,0.0,0.0
2024-06-18 04:35:33.500,220.5,0.0,0.0,0.0161,0.0,0.0,0.22617,0.0,0.0
2024-06-18 04:35:34.000,221.0,0.0,0.0,0.0322,0.0,0.0,0.0,0.0,0.0
2024-06-18 04:35:34.500,221.5,0.0,0.0,0.11132,0.0,0.0,0.0,0.0,0.0
2024-06-18 04:35:35.000,222.0,0.0,0.0,0.19044,0.0,0.0,0.0,0.0,0.0
2024-06-18 04:35:35.500,222.5,0.0,0.0,0.9376200000000001,0.0,0.0,0.0,0.0,0.0
2024-06-18 04:35:36.000,223.0,0.0,0.0,1.6848,0.0,0.0,0.0,0.0,0.0
2024-06-18 04:35:36.500,223.5,0.0,0.0,1.03374,0.0,0.0,0.0,0.0,0.0
2024-06-18 04:35:37.000,224.0,0.0,0.0,0.38268,0.0,0.0,0.0,0.0,0.0
2024-06-18 04:35:37.500,224.5,0.0,0.0,0.19134,0.0,0.0,0.32420000000000004,0.0,0.0
2024-06-18 04:35:38.000,225.0,0.0,0.0,0.0,0.0,0.0,0.6484000000000001,0.0,0.0
2024-06-18 04:35:38.500,225.5,0.0,0.0,0.07942500000000001,0.0,0.0,0.43655000000000005,0.0,0.0
2024-06-18 04:35:39.000,226.0,0.0,0.0,0.15885000000000002,0.0,0.0,0.2247,0.0,0.0
2024-06-18 04:35:39.500,226.5,0.0,0.0,0.24062500000000003,0.0,0.0,0.11235,0.0,0.0
2024-06-18 04:35:40.000,227.0,0.0,0.0,0.3224,0.0,0.0,0.0,0.0,0.0
2024-06-18 04:35:40.500,227.5,0.0,0.0,0.20878000000000002,0.0,0.0,0.25751999999999997,0.0,0.0
2024-06-18 04:35:41.000,228.0,0.0,0.0,0.09516,0.0,0.0,0.5150399999999999,0.0,0.0
2024-06-18 04:35:41.500,228.5,0.0,0.0,0.04758,0.0,0.0,0.30579,0.0,0.0
2024-06-18 04:35:42.000,229.0,0.0,0.0,0.0,0.0,0.0,0.09654,0.0,0.0
2024-06-18 04:35:42.500,229.5,0.0,0.0,0.25896,0.0,0.0,0.04827,0.0,0.0
2024-06-18 04:35:43.000,230.0,0.0,0.0,0.51792,0.0,0.0,0.0,0.0,0.0
2024-06-18 04:35:43.500,230.5,0.0,0.0,0.5805600000000001,0.0,0.0,0.01606,0.0,0.0
2024-06-18 04:35:44.000,231.0,0.0,0.0,0.6432000000000001,0.0,0.0,0.03212,0.0,0.0
2024-06-18 04:35:44.500,231.5,0.0,0.0,0.32160000000000005,0.0,0.0,0.1435,0.0,0.0
2024-06-18 04:35:45.000,232.0,0.0,0.0,0.0,0.0,0.0,0.25488,0.0,0.0
2024-06-18 04:35:45.500,232.5,0.0,0.0,0.17633,0.0,0.0,0.12744,0.0,0.0
2024-06-18 04:35:46.000,233.0,0.0,0.0,0.35266,0.0,0.0,0.0,0.0,0.0
2024-06-18 04:35:46.500,233.5,0.0,0.0,0.17633,0.0,0.0,0.06568,0.0,0.0
2024-06-18 04:35:47.000,234.0,0.0,0.0,0.0,0.0,0.0,0.13136,0.0,0.0
2024-06-18 04:35:47.500,234.5,0.0,0.0,0.0641,0.0,0.0,0.06568,0.0,0.0
2024-06-18 04:35:48.000,235.0,0.0,0.0,0.1282,0.0,0.0,0.0,0.0,0.0
2024-06-18 04:35:48.500,235.5,0.0,0.0,0.0641,0.0,0.0,0.0,0.0,0.0
2024-06-18 04:35:49.000,236.0,0.0,0.0,0.0,0.0,0.0,0.0,0.0,0.0
2024-06-18 04:35:49.500,236.5,0.0,0.0,0.0,0.0,0.0,0.07905000000000001,0.0,0.0
2024-06-18 04:35:50.000,237.0,0.0,0.0,0.0,0.0,0.0,0.15810000000000002,0.0,0.0
2024-06-18 04:35:50.500,237.5,0.0,0.0,0.302385,0.0,0.0,0.07905000000000001,0.0,0.0
2024-06-18 04:35:51.000,238.0,0.0,0.0,0.60477,0.0,0.0,0.0,0.0,0.0
2024-06-18 04:35:51.500,238.5,0.0,0.0,0.302385,0.0,0.0,0.14728499999999997,0.0,0.0
2024-06-18 04:35:52.000,239.0,0.0,0.0,0.0,0.0,0.0,0.29456999999999994,0.0,0.0
2024-06-18 04:35:52.500,239.5,0.0,0.0,0.11263000000000001,0.0,0.0,0.14728499999999997,0.0,0.0
2024-06-18 04:35:53.000,240.0,0.0,0.0,0.22526000000000002,0.0,0.0,0.0,0.0,0.0
2024-06-18 04:35:53.500,240.5,0.0,0.0,0.11263000000000001,0.0,0.0,0.25768,0.0,0.0
2024-06-18 04:35:54.000,241.0,0.0,0.0,0.0,0.0,0.0,0.51536,0.0,0.0
2024-06-18 04:35:54.500,241.5,0.0,0.0,0.0,0.0,0.0,0.25768,0.0,0.0
2024-06-18 04:35:55.000,242.0,0.0,0.0,0.0,0.0,0.0,0.0,0.0,0.0
2024-06-18 04:35:55.500,242.5,0.0,0.0,0.0,0.0,0.0,0.081125,0.0,0.0
2024-06-18 04:35:56.000,243.0,0.0,0.0,0.0,0.0,0.0,0.16225,0.0,0.0
2024-06-18 04:35:56.500,243.5,0.0,0.0,0.33894,0.0,0.0,0.081125,0.0,0.0
2024-06-18 04:35:57.000,244.0,0.0,0.0,0.67788,0.0,0.0,0.0,0.0,0.0
2024-06-18 04:35:57.500,244.5,0.0,0.0,0.41934000000000005,0.0,0.0,0.12724,0.0,0.0
2024-06-18 04:35:58.000,245.0,0.0,0.0,0.16080000000000003,0.0,0.0,0.25448,0.0,0.0
2024-06-18 04:35:58.500,245.5,0.0,0.0,0.254255,0.0,0.0,0.12724,0.0,0.0
2024-06-18 04:35:59.000,246.0,0.0,0.0,0.34770999999999996,0.0,0.0,0.0,0.0,0.0
2024-06-18 04:35:59.500,246.5,0.0,0.0,0.17385499999999998,0.0,0.0,0.19536,0.0,0.0
2024-06-18 04:36:00.000,247.0,0.0,0.0,0.0,0.0,0.0,0.39072,0.0,0.0
2024-06-18 04:36:00.500,247.5,0.0,0.0,1.9577050000000003,0.12308,0.0,3.1475400000000002,0.0,0.0
2024-06-18 04:36:01.000,248.0,0.0,0.0,3.9154100000000005,0.24616,0.0,5.9043600000000005,0.0,0.0
2024-06-18 04:36:01.500,248.5,0.0,0.0,5.203465000000001,0.12308,0.0,6.53558,0.0,0.0
2024-06-18 04:36:02.000,249.0,0.0,0.0,6.491520000000001,0.0,0.0,7.1668,0.0,0.0
2024-06-18 04:36:02.500,249.5,0.6445200000000001,0.0,5.767965,0.0,0.0,4.0450800000000005,0.0,0.0
2024-06-18 04:36:03.000,250.0,1.2890400000000002,0.0,5.04441,0.0,0.0,0.9233600000000002,0.0,0.0
2024-06-18 04:36:03.500,250.5,0.6771400000000001,0.0,2.522205,0.0,0.0,0.7008550000000001,0.0,0.0
2024-06-18 04:36:04.000,251.0,0.06524,0.0,0.0,0.0,0.0,0.47835,0.0,0.0
2024-06-18 04:36:04.500,251.5,0.03262,0.0,0.0,0.0,0.0,0.239175,0.0,0.0
2024-06-18 04:36:05.000,252.0,0.0,0.0,0.0,0.0,0.0,0.0,0.0,0.0
2024-06-18 04:36:05.500,252.5,0.0,0.0,0.0,0.0,0.0,0.0,0.0,0.0
2024-06-18 04:36:06.000,253.0,0.0,0.0,0.0,0.0,0.0,0.0,0.0,0.0
2024-06-18 04:36:06.500,253.5,0.0,0.0,0.27421,0.0,0.0,0.0,0.0,0.0
2024-06-18 04:36:07.000,254.0,0.0,0.0,0.54842,0.0,0.0,0.0,0.0,0.0
2024-06-18 04:36:07.500,254.5,0.0,0.0,0.48247,0.0,0.0,0.0,0.0,0.0
2024-06-18 04:36:08.000,255.0,0.0,0.0,0.41652,0.0,0.0,0.0,0.0,0.0
2024-06-18 04:36:08.500,255.5,1.5218999999999998,0.0,0.531135,0.9059449999999999,0.0,1.7292000000000003,0.0,0.0
2024-06-18 04:36:09.000,256.0,3.0437999999999996,0.0,0.64575,1.8118899999999998,0.0,3.4584000000000006,0.0,0.0
2024-06-18 04:36:09.500,256.5,2.4513,0.0,0.707125,3.13727,0.0,1.7447150000000002,0.0,0.0
2024-06-18 04:36:10.000,257.0,1.8587999999999998,0.0,0.7685,4.46265,0.0,0.03103,0.0,0.0
2024-06-18 04:36:10.500,257.5,1.3106399999999998,0.0,0.38425,2.3092,0.0,0.109175,0.0,0.0
2024-06-18 04:36:11.000,258.0,0.7624799999999998,0.0,0.0,0.15575000000000003,0.0,0.18732,0.0,0.0
2024-06-18 04:36:11.500,258.5,0.3812399999999999,0.0,0.048165,0.07787500000000001,0.0,0.28662,0.0,0.0
2024-06-18 04:36:12.000,259.0,0.0,0.0,0.09633,0.0,0.0,0.38592,0.0,0.0
2024-06-18 04:36:12.500,259.5,0.0,0.0,0.145695,0.0,0.0,0.19296,0.0,0.0
2024-06-18 04:36:13.000,260.0,0.0,0.0,0.19505999999999998,0.0,0.0,0.0,0.0,0.0
2024-06-18 04:36:13.500,260.5,0.0,0.0,0.09752999999999999,0.0,0.0,0.016035,0.0,0.0
2024-06-18 04:36:14.000,261.0,0.0,0.0,0.0,0.0,0.0,0.03207,0.0,0.0
2024-06-18 04:36:14.500,261.5,0.0,0.0,0.0,0.0,0.0,0.016035,0.0,0.0
2024-06-18 04:36:15.000,262.0,0.0,0.0,0.0,0.0,0.0,0.0,0.0,0.0
2024-06-18 04:36:15.500,262.5,0.0,0.0,0.0,0.0,0.0,0.0,0.0,0.0
2024-06-18 04:36:16.000,263.0,0.0,0.0,0.0,0.0,0.0,0.0,0.0,0.0
2024-06-18 04:36:16.500,263.5,0.0,0.0,0.0,0.0,0.0,0.0,0.0,0.0
2024-06-18 04:36:17.000,264.0,0.0,0.0,0.0,0.0,0.0,0.0,0.0,0.0
2024-06-18 04:36:17.500,264.5,0.0,0.0,0.17665999999999996,0.0,0.0,0.0,0.0,0.0
2024-06-18 04:36:18.000,265.0,0.0,0.0,0.3533199999999999,0.0,0.0,0.0,0.0,0.0
2024-06-18 04:36:18.500,265.5,0.0,0.0,0.17665999999999996,0.0,0.0,0.048015,0.0,0.0
2024-06-18 04:36:19.000,266.0,0.0,0.0,0.0,0.0,0.0,0.09603,0.0,0.0
2024-06-18 04:36:19.500,266.5,0.0,0.0,0.0,0.0,0.0,0.19368000000000002,0.0,0.0
2024-06-18 04:36:20.000,267.0,0.0,0.0,0.0,0.0,0.0,0.29133000000000003,0.0,0.0
2024-06-18 04:36:20.500,267.5,0.0,0.0,0.0,0.0,0.0,0.21052500000000002,0.0,0.0
2024-06-18 04:36:21.000,268.0,0.0,0.0,0.0,0.0,0.0,0.12972,0.0,0.0
2024-06-18 04:36:21.500,268.5,0.0,0.0,0.0,0.0,0.0,0.08099,0.0,0.0
2024-06-18 04:36:22.000,269.0,0.0,0.0,0.0,0.0,0.0,0.03226,0.0,0.0
2024-06-18 04:36:22.500,269.5,0.0,0.0,0.20702500000000001,0.0,0.0,0.223155,0.0,0.0
2024-06-18 04:36:23.000,270.0,0.0,0.0,0.41405000000000003,0.0,0.0,0.41405000000000003,0.0,0.0
2024-06-18 04:36:23.500,270.5,0.0,0.0,0.20702500000000001,0.0,0.0,0.20702500000000001,0.0,0.0
2024-06-18 04:36:24.000,271.0,0.0,0.0,0.0,0.0,0.0,0.0,0.0,0.0
2024-06-18 04:36:24.500,271.5,0.0,0.0,0.45864,0.0,0.0,0.0,0.0,0.0
2024-06-18 04:36:25.000,272.0,0.0,0.0,0.91728,0.0,0.0,0.0,0.0,0.0
2024-06-18 04:36:25.500,272.5,0.0,0.0,0.49077,0.0,0.0,0.0,0.0,0.0
2024-06-18 04:36:26.000,273.0,0.0,0.0,0.06426,0.0,0.0,0.0,0.0,0.0
2024-06-18 04:36:26.500,273.5,0.0,0.0,0.40737499999999993,0.0,0.0,0.0,0.0,0.0
2024-06-18 04:36:27.000,274.0,0.0,0.0,0.7504899999999999,0.0,0.0,0.0,0.0,0.0
2024-06-18 04:36:27.500,274.5,0.0,0.0,0.61457,0.0,0.0,0.16165000000000002,0.0,0.0
2024-06-18 04:36:28.000,275.0,0.0,0.0,0.47864999999999996,0.0,0.0,0.32330000000000003,0.0,0.0
2024-06-18 04:36:28.500,275.5,0.0,0.0,0.28713,0.0,0.0,0.22511000000000003,0.0,0.0
2024-06-18 04:36:29.000,276.0,0.0,0.0,0.09561,0.0,0.0,0.12692,0.0,0.0
2024-06-18 04:36:29.500,276.5,0.0,0.0,0.047805,0.0,0.0,0.06346,0.0,0.0
2024-06-18 04:36:30.000,277.0,0.0,0.0,0.0,0.0,0.0,0.0,0.0,0.0
2024-06-18 04:36:30.500,277.5,0.0,0.0,0.0,0.0,0.0,0.0,0.0,0.0
2024-06-18 04:36:31.000,278.0,0.0,0.0,0.0,0.0,0.0,0.0,0.0,0.0
2024-06-18 04:36:31.500,278.5,0.0,0.032560000000000006,0.14575500000000002,0.0,0.0,0.0,0.0,0.0
2024-06-18 04:36:32.000,279.0,0.0,0.06512000000000001,0.29151000000000005,0.0,0.0,0.0,0.0,0.0
2024-06-18 04:36:32.500,279.5,0.0,0.032560000000000006,0.14575500000000002,0.0,0.0,0.0,0.077775,0.12308
2024-06-18 04:36:33.000,280.0,0.0,0.0,0.0,0.0,0.0,0.0,0.15555,0.24616
2024-06-18 04:36:33.500,280.5,0.0,0.0,0.0,0.0,0.0,0.0,6.688015000000001,0.75518
2024-06-18 04:36:34.000,281.0,0.0,0.0,0.0,0.0,0.0,0.0,13.220480000000002,1.2642
2024-06-18 04:36:34.500,281.5,0.0,0.88914,0.24303999999999998,0.0,1.3390199999999997,0.0,11.552940000000001,2.30178
2024-06-18 04:36:35.000,282.0,0.0,1.77828,0.48607999999999996,0.0,2.6780399999999993,0.0,9.8854,3.33936
2024-06-18 04:36:35.500,282.5,0.0,1.121115,0.24303999999999998,0.0,1.3545649999999996,0.0,6.38687,1.8125550000000001
2024-06-18 04:36:36.000,283.0,0.0,0.46395,0.0,0.0,0.03109,0.0,2.8883399999999995,0.28574999999999995
2024-06-18 04:36:36.500,283.5,0.0,0.231975,0.06366,0.0,0.015545,0.06388,1.4441699999999997,0.14287499999999997
2024-06-18 04:36:37.000,284.0,0.0,0.0,0.12732,0.0,0.0,0.12776,0.0,0.0
2024-06-18 04:36:37.500,284.5,0.0,0.0,0.06366,0.0,0.0,0.06388,0.0,0.0
2024-06-18 04:36:38.000,285.0,0.0,0.0,0.0,0.0,0.0,0.0,0.0,0.0
2024-06-18 04:36:38.500,285.5,0.0,0.0,0.175395,0.0,0.0,0.0,0.0,0.0
2024-06-18 04:36:39.000,286.0,0.0,0.0,0.35079,0.0,0.0,0.0,0.0,0.0
2024-06-18 04:36:39.500,286.5,0.0,0.0,0.222915,0.0,0.0,0.15995,0.0,0.0
2024-06-18 04:36:40.000,287.0,0.0,0.0,0.09504,0.0,0.0,0.3199,0.0,0.0
2024-06-18 04:36:40.500,287.5,0.0,0.0,0.32394,0.0,0.0,0.32275000000000004,0.0,0.0
2024-06-18 04:36:41.000,288.0,0.0,0.0,0.55284,0.0,0.0,0.32560000000000006,0.0,0.0
2024-06-18 04:36:41.500,288.5,0.0,0.0,0.583555,0.0,0.0,0.17872000000000002,0.0,0.0
2024-06-18 04:36:42.000,289.0,0.0,0.0,0.61427,0.0,0.0,0.03184,0.0,0.0
2024-06-18 04:36:42.500,289.5,0.0,0.0,0.51611,0.0,0.0,0.14508,0.0,0.0
2024-06-18 04:36:43.000,290.0,0.0,0.0,0.41795,0.0,0.0,0.25832,0.0,0.0
2024-06-18 04:36:43.500,290.5,0.0,0.0,0.208975,0.0,0.0,0.12916,0.0,0.0
2024-06-18 04:36:44.000,291.0,0.0,0.0,0.0,0.0,0.0,0.0,0.0,0.0
2024-06-18 04:36:44.500,291.5,0.0,0.0,0.0,0.0,0.0,0.0,0.0,0.0
2024-06-18 04:36:45.000,292.0,0.0,0.0,0.0,0.0,0.0,0.0,0.0,0.0
2024-06-18 04:36:45.500,292.5,0.0,0.0,0.0,0.0,0.0,0.0,0.0,0.0
2024-06-18 04:36:46.000,293.0,0.0,0.0,0.0,0.0,0.0,0.0,0.0,0.0
2024-06-18 04:36:46.500,293.5,0.0,0.0,0.16290000000000002,0.0,0.0,0.06514,0.0,0.0
2024-06-18 04:36:47.000,294.0,0.0,0.0,0.32580000000000003,0.0,0.0,0.13028,0.0,0.0
2024-06-18 04:36:47.500,294.5,0.0,0.0,0.35844,0.0,0.0,0.19582,0.0,0.0
2024-06-18 04:36:48.000,295.0,0.0,0.0,0.39108,0.0,0.0,0.26136,0.0,0.0
2024-06-18 04:36:48.500,295.5,0.0,0.0,0.29331,0.0,0.0,0.13068,0.0,0.0
2024-06-18 04:36:49.000,296.0,0.0,0.0,0.19554000000000002,0.0,0.0,0.0,0.0,0.0
2024-06-18 04:36:49.500,296.5,0.0,0.0,0.21015500000000004,0.0,0.0,0.3279,0.0,0.0
2024-06-18 04:36:50.000,297.0,0.0,0.0,0.22477000000000005,0.0,0.0,0.6558,0.0,0.0
2024-06-18 04:36:50.500,297.5,0.0,0.0,0.11238500000000003,0.0,0.0,0.3279,0.0,0.0
2024-06-18 04:36:51.000,298.0,0.0,0.0,0.0,0.0,0.0,0.0,0.0,0.0
2024-06-18 04:36:51.500,298.5,0.0,0.0,0.0,0.0,0.0,0.0,0.0,0.0
2024-06-18 04:36:52.000,299.0,0.0,0.0,0.0,0.0,0.0,0.0,0.0,0.0
2024-06-18 04:36:52.500,299.5,0.0,0.0,0.22491000000000003,0.0,0.0,0.3451349999999999,0.0,0.0
2024-06-18 04:36:53.000,300.0,0.0,0.0,0.44982000000000005,0.0,0.0,0.6902699999999998,0.0,0.0
2024-06-18 04:36:53.500,300.5,0.0,0.0,0.22491000000000003,0.0,0.0,0.3451349999999999,0.0,0.0
2024-06-18 04:36:54.000,301.0,0.0,0.0,0.0,0.0,0.0,0.0,0.0,0.0
2024-06-18 04:36:54.500,301.5,0.0,0.0,0.26384,0.0,0.0,0.03288,0.0,0.0
2024-06-18 04:36:55.000,302.0,0.0,0.0,0.52768,0.0,0.0,0.06576,0.0,0.0
2024-06-18 04:36:55.500,302.5,0.0,0.0,0.26384,0.0,0.0,0.16304000000000002,0.0,0.0
2024-06-18 04:36:56.000,303.0,0.0,0.0,0.0,0.0,0.0,0.26032,0.0,0.0
2024-06-18 04:36:56.500,303.5,0.0,0.0,0.276335,0.0,0.0,0.39376,0.0,0.0
2024-06-18 04:36:57.000,304.0,0.0,0.0,0.55267,0.0,0.0,0.5272,0.0,0.0
2024-06-18 04:36:57.500,304.5,0.0,0.0,0.439935,0.0,0.0,0.37763,0.0,0.0
2024-06-18 04:36:58.000,305.0,0.0,0.0,0.32720000000000005,0.0,0.0,0.22806,0.0,0.0
2024-06-18 04:36:58.500,305.5,0.0,0.0,0.507055,0.0,0.0,0.328595,0.0,0.0
2024-06-18 04:36:59.000,306.0,0.0,0.0,0.6869099999999999,0.0,0.0,0.42913,0.0,0.0
2024-06-18 04:36:59.500,306.5,0.0,0.0,0.34345499999999995,0.0,0.0,0.262955,0.0,0.0
2024-06-18 04:37:00.000,307.0,0.0,0.0,0.0,0.0,0.0,0.09677999999999999,0.0,0.0
2024-06-18 04:37:00.500,307.5,0.0,0.0,0.22820000000000001,0.0,0.0,0.24477,0.0,0.0
2024-06-18 04:37:01.000,308.0,0.0,0.0,0.45640000000000003,0.0,0.0,0.39275999999999994,0.0,0.0
2024-06-18 04:37:01.500,308.5,0.0,0.0,0.30960000000000004,0.0,0.0,0.31076,0.0,0.0
2024-06-18 04:37:02.000,309.0,0.0,0.0,0.16280000000000003,0.0,0.0,0.22876000000000002,0.0,0.0
2024-06-18 04:37:02.500,309.5,0.0,0.0,0.08140000000000001,0.0,0.0,0.11438000000000001,0.0,0.0
2024-06-18 04:37:03.000,310.0,0.0,0.0,0.0,0.0,0.0,0.0,0.0,0.0
2024-06-18 04:37:03.500,310.5,0.0,0.0,0.0,0.0,0.0,0.0,0.0,0.0
2024-06-18 04:37:04.000,311.0,0.0,0.0,0.0,0.0,0.0,0.0,0.0,0.0
2024-06-18 04:37:04.500,311.5,0.0,0.0,0.09705000000000001,0.0,0.0,0.1637,0.0,0.0
2024-06-18 04:37:05.000,312.0,0.0,0.0,0.19410000000000002,0.0,0.0,0.3274,0.0,0.0
2024-06-18 04:37:05.500,312.5,0.0,0.0,0.11334000000000001,0.0,0.0,0.3927400000000001,0.0,0.0
2024-06-18 04:37:06.000,313.0,0.0,0.0,0.03258,0.0,0.0,0.4580800000000001,0.0,0.0
2024-06-18 04:37:06.500,313.5,0.0,0.0,0.4142099999999999,0.0,0.0,0.3907900000000001,0.0,0.0
2024-06-18 04:37:07.000,314.0,0.0,0.0,0.7958399999999999,0.0,0.0,0.32350000000000007,0.0,0.0
2024-06-18 04:37:07.500,314.5,0.0,0.0,0.5271999999999999,0.0,0.0,0.27515000000000006,0.0,0.0
2024-06-18 04:37:08.000,315.0,0.0,0.0,0.25856,0.0,0.0,0.22680000000000003,0.0,0.0
2024-06-18 04:37:08.500,315.5,0.0,0.0,0.342545,0.0,0.0,0.21219000000000002,0.0,0.0
2024-06-18 04:37:09.000,316.0,0.0,0.0,0.42652999999999996,0.0,0.0,0.19758,0.0,0.0
2024-06-18 04:37:09.500,316.5,0.0,0.0,0.37666499999999997,0.0,0.0,0.14769,0.0,0.0
2024-06-18 04:37:10.000,317.0,0.0,0.0,0.3268,0.0,0.0,0.09779999999999998,0.0,0.0
2024-06-18 04:37:10.500,317.5,0.0,0.0,0.26102,0.0,0.0,0.17929999999999996,0.0,0.0
2024-06-18 04:37:11.000,318.0,0.0,0.0,0.19524,0.0,0.0,0.2608,0.0,0.0
2024-06-18 04:37:11.500,318.5,0.0,0.0,0.276535,0.0,0.0,0.32689999999999997,0.0,0.0
2024-06-18 04:37:12.000,319.0,0.0,0.0,0.35783,0.0,0.0,0.393,0.0,0.0
2024-06-18 04:37:12.500,319.5,0.0,0.0,0.178915,0.0,0.0,0.1965,0.0,0.0
2024-06-18 04:37:13.000,320.0,0.0,0.0,0.0,0.0,0.0,0.0,0.0,0.0
2024-06-18 04:37:13.500,320.5,0.0,0.0,0.0,0.0,0.0,0.0,0.0,0.0
2024-06-18 04:37:14.000,321.0,0.0,0.0,0.0,0.0,0.0,0.0,0.0,0.0
2024-06-18 04:37:14.500,321.5,0.0,0.0,0.0,0.0,0.0,0.0,0.0,0.0
2024-06-18 04:37:15.000,322.0,0.0,0.0,0.0,0.0,0.0,0.0,0.0,0.0
2024-06-18 04:37:15.500,322.5,0.0,0.0,0.17808999999999997,0.0,0.0,0.17962999999999998,0.0,0.0
2024-06-18 04:37:16.000,323.0,0.0,0.0,0.35617999999999994,0.0,0.0,0.35925999999999997,0.0,0.0
2024-06-18 04:37:16.500,323.5,0.0,0.0,0.17808999999999997,0.0,0.0,0.17962999999999998,0.0,0.0
2024-06-18 04:37:17.000,324.0,0.0,0.0,0.0,0.0,0.0,0.0,0.0,0.0
2024-06-18 04:37:17.500,324.5,0.0,0.0,0.30818,0.0,0.0,0.17864,0.0,0.0
2024-06-18 04:37:18.000,325.0,0.0,0.0,0.61636,0.0,0.0,0.35728,0.0,0.0
2024-06-18 04:37:18.500,325.5,0.0,0.0,0.37282000000000004,0.0,0.0,0.34199,0.0,0.0
2024-06-18 04:37:19.000,326.0,0.0,0.0,0.12928,0.0,0.0,0.32670000000000005,0.0,0.0
2024-06-18 04:37:19.500,326.5,0.0,0.0,0.06464,0.0,0.0,0.16335000000000002,0.0,0.0
2024-06-18 04:37:20.000,327.0,0.0,0.0,0.0,0.0,0.0,0.0,0.0,0.0
2024-06-18 04:37:20.500,327.5,0.0,0.0,0.3436649999999999,0.0,0.0,0.16365,0.0,0.0
2024-06-18 04:37:21.000,328.0,0.0,0.0,0.6873299999999998,0.0,0.0,0.3273,0.0,0.0
2024-06-18 04:37:21.500,328.5,0.0,0.0,0.40820499999999993,0.0,0.0,0.179705,0.0,0.0
2024-06-18 04:37:22.000,329.0,0.0,0.0,0.12908000000000003,0.0,0.0,0.03211000000000001,0.0,0.0
2024-06-18 04:37:22.500,329.5,0.0,0.0,0.26134,0.0,0.0,0.06479000000000001,0.0,0.0
2024-06-18 04:37:23.000,330.0,0.0,0.0,0.3936,0.0,0.0,0.09747,0.0,0.0
2024-06-18 04:37:23.500,330.5,0.0,0.0,0.408505,0.0,0.0,0.178655,0.0,0.0
2024-06-18 04:37:24.000,331.0,0.0,0.0,0.42341,0.0,0.0,0.25984,0.0,0.0
2024-06-18 04:37:24.500,331.5,0.0,0.0,0.211705,0.0,0.0,0.12992,0.0,0.0
2024-06-18 04:37:25.000,332.0,0.0,0.0,0.0,0.0,0.0,0.0,0.0,0.0
2024-06-18 04:37:25.500,332.5,0.0,0.0,0.26104,0.0,0.0,0.13112000000000001,0.0,0.0
2024-06-18 04:37:26.000,333.0,0.0,0.0,0.52208,0.0,0.0,0.26224000000000003,0.0,0.0
2024-06-18 04:37:26.500,333.5,0.0,0.0,0.26104,0.0,0.0,0.13112000000000001,0.0,0.0
2024-06-18 04:37:27.000,334.0,0.0,0.0,0.0,0.0,0.0,0.0,0.0,0.0
2024-06-18 04:37:27.500,334.5,0.0,0.0,0.16215000000000002,0.0,0.0,0.13044,0.0,0.0
2024-06-18 04:37:28.000,335.0,0.0,0.0,0.32430000000000003,0.0,0.0,0.26088,0.0,0.0
2024-06-18 04:37:28.500,335.5,0.0,0.0,0.30952500000000005,0.0,0.0,0.14669,0.0,0.0
2024-06-18 04:37:29.000,336.0,0.0,0.0,0.29475,0.0,0.0,0.0325,0.0,0.0
2024-06-18 04:37:29.500,336.5,0.0,0.0,0.21163500000000002,0.0,0.0,0.17865,0.0,0.0
2024-06-18 04:37:30.000,337.0,0.0,0.0,0.12852,0.0,0.0,0.32480000000000003,0.0,0.0
2024-06-18 04:37:30.500,337.5,0.0,0.0,0.06426,0.0,0.0,0.16240000000000002,0.0,0.0
2024-06-18 04:37:31.000,338.0,0.0,0.0,0.0,0.0,0.0,0.0,0.0,0.0
2024-06-18 04:37:31.500,338.5,0.0,0.0,0.0,0.0,0.0,0.0,0.0,0.0
2024-06-18 04:37:32.000,339.0,0.0,0.0,0.0,0.0,0.0,0.0,0.0,0.0
2024-06-18 04:37:32.500,339.5,0.0,0.0,0.0,0.0,0.0,0.0,0.0,0.0
2024-06-18 04:37:33.000,340.0,0.0,0.0,0.0,0.0,0.0,0.0,0.0,0.0
2024-06-18 04:37:33.500,340.5,0.0,0.0,0.0,0.0,0.0,0.03212,0.0,0.0
2024-06-18 04:37:34.000,341.0,0.0,0.0,0.0,0.0,0.0,0.06424,0.0,0.0
2024-06-18 04:37:34.500,341.5,0.0,0.0,0.32400000000000007,0.0,0.0,0.03212,0.0,0.0
2024-06-18 04:37:35.000,342.0,0.0,0.0,0.6480000000000001,0.0,0.0,0.0,0.0,0.0
2024-06-18 04:37:35.500,342.5,0.0,0.0,0.32400000000000007,0.0,0.0,0.08135,0.0,0.0
2024-06-18 04:37:36.000,343.0,0.0,0.0,0.0,0.0,0.0,0.1627,0.0,0.0
2024-06-18 04:37:36.500,343.5,0.0,0.0,0.0,0.0,0.0,0.161925,0.0,0.0
2024-06-18 04:37:37.000,344.0,0.0,0.0,0.0,0.0,0.0,0.16115000000000002,0.0,0.0
2024-06-18 04:37:37.500,344.5,0.0,0.0,0.048135,0.0,0.0,0.11278500000000001,0.0,0.0
2024-06-18 04:37:38.000,345.0,0.0,0.0,0.09627,0.0,0.0,0.06442,0.0,0.0
2024-06-18 04:37:38.500,345.5,0.17451499999999998,0.0,0.302775,0.75012,0.0,0.03221,0.0,0.0
2024-06-18 04:37:39.000,346.0,0.34902999999999995,0.0,0.50928,1.50024,0.0,0.0,0.0,0.0
2024-06-18 04:37:39.500,346.5,0.17451499999999998,0.0,0.25464,0.75012,0.0,0.26032,0.0,0.0
2024-06-18 04:37:40.000,347.0,0.0,0.0,0.0,0.0,0.0,0.52064,0.0,0.0
2024-06-18 04:37:40.500,347.5,0.0,0.0,0.0,0.0,0.0,0.38948,0.0,0.0
2024-06-18 04:37:41.000,348.0,0.0,0.0,0.0,0.0,0.0,0.25832,0.0,0.0
2024-06-18 04:37:41.500,348.5,0.0,0.0,0.080375,0.0,0.0,0.22638999999999998,0.0,0.0
2024-06-18 04:37:42.000,349.0,0.0,0.0,0.16075,0.0,0.0,0.19445999999999997,0.0,0.0
2024-06-18 04:37:42.500,349.5,0.0,0.0,0.080375,0.0,0.0,0.09722999999999998,0.0,0.0
2024-06-18 04:37:43.000,350.0,0.0,0.0,0.0,0.0,0.0,0.0,0.0,0.0
2024-06-18 04:37:43.500,350.5,0.0,0.0,0.26176,0.0,0.0,0.0,0.0,0.0
2024-06-18 04:37:44.000,351.0,0.0,0.0,0.52352,0.0,0.0,0.0,0.0,0.0
2024-06-18 04:37:44.500,351.5,0.0,0.0,0.35866,0.0,0.0,0.09777,0.0,0.0
2024-06-18 04:37:45.000,352.0,0.0,0.0,0.19380000000000003,0.0,0.0,0.19554,0.0,0.0
2024-06-18 04:37:45.500,352.5,0.0,0.0,0.12882000000000002,0.0,0.0,0.16338999999999998,0.0,0.0
2024-06-18 04:37:46.000,353.0,0.0,0.0,0.06384000000000001,0.0,0.0,0.13124,0.0,0.0
2024-06-18 04:37:46.500,353.5,0.0,0.0,0.16048,0.0,0.0,0.14714500000000003,0.0,0.0
2024-06-18 04:37:47.000,354.0,0.0,0.0,0.25712,0.0,0.0,0.16305000000000003,0.0,0.0
2024-06-18 04:37:47.500,354.5,0.0,0.0,0.12856,0.0,0.0,0.11340500000000002,0.0,0.0
2024-06-18 04:37:48.000,355.0,0.0,0.0,0.0,0.0,0.0,0.06376000000000001,0.0,0.0
2024-06-18 04:37:48.500,355.5,0.048299999999999996,0.0,1.1803000000000001,0.25448,0.0,0.16056000000000004,0.0,0.0
2024-06-18 04:37:49.000,356.0,0.09659999999999999,0.0,2.3606000000000003,0.50896,0.0,0.25736000000000003,0.0,0.0
2024-06-18 04:37:49.500,356.5,0.255715,0.0,1.7743350000000002,1.34998,0.0,0.14438,0.0,0.0
2024-06-18 04:37:50.000,357.0,0.41483,0.0,1.1880700000000002,2.1910000000000003,0.0,0.0314,0.0,0.0
2024-06-18 04:37:50.500,357.5,0.207415,0.0,0.5940350000000001,1.0955000000000001,0.0,0.0157,0.0,0.0
2024-06-18 04:37:51.000,358.0,0.0,0.0,0.0,0.0,0.0,0.0,0.0,0.0
2024-06-18 04:37:51.500,358.5,1.14589,0.0,1.18585,1.1402599999999998,0.0,0.33369000000000004,0.0,0.0
2024-06-18 04:37:52.000,359.0,2.29178,0.0,2.3717,2.2805199999999997,0.0,0.6673800000000001,0.0,0.0
2024-06-18 04:37:52.500,359.5,1.14589,0.0,1.18585,1.1402599999999998,0.0,1.229915,0.0,0.0
2024-06-18 04:37:53.000,360.0,0.0,0.0,0.0,0.0,0.0,1.79245,0.0,0.0
2024-06-18 04:37:53.500,360.5,0.0,0.0,0.128,0.30324,0.0,1.403385,0.0,0.0
2024-06-18 04:37:54.000,361.0,0.0,0.0,0.256,0.60648,0.0,1.01432,0.0,0.0
2024-06-18 04:37:54.500,361.5,0.0,0.0,0.4524,0.30324,0.0,0.50716,0.0,0.0
2024-06-18 04:37:55.000,362.0,0.0,0.0,0.6488,0.0,0.0,0.0,0.0,0.0
2024-06-18 04:37:55.500,362.5,0.0,0.0,0.3244,0.0,0.0,0.17797999999999997,0.0,0.0
2024-06-18 04:37:56.000,363.0,0.0,0.0,0.0,0.0,0.0,0.35595999999999994,0.0,0.0
2024-06-18 04:37:56.500,363.5,0.0,0.0,0.09777,0.0,0.0,0.24219999999999997,0.0,0.0
2024-06-18 04:37:57.000,364.0,0.0,0.0,0.19554,0.0,0.0,0.12844000000000003,0.0,0.0
2024-06-18 04:37:57.500,364.5,0.0,0.0,0.27624499999999996,0.0,0.0,0.06422000000000001,0.0,0.0
2024-06-18 04:37:58.000,365.0,0.0,0.0,0.35695,0.0,0.0,0.0,0.0,0.0
2024-06-18 04:37:58.500,365.5,0.0,0.0,0.30923500000000004,0.0,0.0,0.0,0.0,0.0
2024-06-18 04:37:59.000,366.0,0.0,0.0,0.26152000000000003,0.0,0.0,0.0,0.0,0.0
2024-06-18 04:37:59.500,366.5,0.0,0.0,0.4065850000000001,0.0,0.0,0.0,0.0,0.0
2024-06-18 04:38:00.000,367.0,0.0,0.0,0.5516500000000001,0.0,0.0,0.0,0.0,0.0
2024-06-18 04:38:00.500,367.5,0.0,0.0,0.27582500000000004,0.0,0.0,0.1637,0.0,0.0
2024-06-18 04:38:01.000,368.0,0.0,0.0,0.0,0.0,0.0,0.3274,0.0,0.0
2024-06-18 04:38:01.500,368.5,0.0,0.0,0.13016,0.0,0.0,0.24457500000000004,0.0,0.0
2024-06-18 04:38:02.000,369.0,0.0,0.0,0.26032,0.0,0.0,0.16175000000000003,0.0,0.0
2024-06-18 04:38:02.500,369.5,0.0,0.0,0.14613500000000001,0.0,0.0,0.162725,0.0,0.0
2024-06-18 04:38:03.000,370.0,0.0,0.0,0.031950000000000006,0.0,0.0,0.1637,0.0,0.0
2024-06-18 04:38:03.500,370.5,0.0,0.0,0.259425,0.0,0.0,0.14649,0.0,0.0
2024-06-18 04:38:04.000,371.0,0.0,0.0,0.4869,0.0,0.0,0.12928,0.0,0.0
2024-06-18 04:38:04.500,371.5,0.0,0.0,0.43628999999999996,0.0,0.0,0.06464,0.0,0.0
2024-06-18 04:38:05.000,372.0,0.0,0.0,0.38567999999999997,0.0,0.0,0.0,0.0,0.0
2024-06-18 04:38:05.500,372.5,0.0,0.0,0.40474,0.0,0.0,0.11214000000000002,0.0,0.0
2024-06-18 04:38:06.000,373.0,0.0,0.0,0.4238,0.0,0.0,0.22428000000000003,0.0,0.0
2024-06-18 04:38:06.500,373.5,0.0,0.0,0.24423,0.0,0.0,0.19314000000000003,0.0,0.0
2024-06-18 04:38:07.000,374.0,0.0,0.0,0.06466000000000001,0.0,0.0,0.16200000000000003,0.0,0.0
2024-06-18 04:38:07.500,374.5,0.0,0.0,0.09717,0.0,0.0,0.16145000000000004,0.0,0.0
2024-06-18 04:38:08.000,375.0,0.0,0.0,0.12968,0.0,0.0,0.16090000000000002,0.0,0.0
2024-06-18 04:38:08.500,375.5,0.0,0.0,0.24336999999999998,0.0,0.0,0.08045000000000001,0.0,0.0
2024-06-18 04:38:09.000,376.0,0.0,0.0,0.35705999999999993,0.0,0.0,0.0,0.0,0.0
2024-06-18 04:38:09.500,376.5,0.0,0.0,0.37215,0.0,0.0,0.0,0.0,0.0
2024-06-18 04:38:10.000,377.0,0.0,0.0,0.38724000000000003,0.0,0.0,0.0,0.0,0.0
2024-06-18 04:38:10.500,377.5,0.0,0.0,0.45354000000000005,0.0,0.0,0.0,0.0,0.0
2024-06-18 04:38:11.000,378.0,0.0,0.0,0.5198400000000001,0.0,0.0,0.0,0.0,0.0
2024-06-18 04:38:11.500,378.5,0.0,0.0,0.38956,0.0,0.0,0.03227000000000001,0.0,0.0
2024-06-18 04:38:12.000,379.0,0.0,0.0,0.25927999999999995,0.0,0.0,0.06454000000000001,0.0,0.0
2024-06-18 04:38:12.500,379.5,0.0,0.0,0.30728999999999995,0.0,0.0,0.06464,0.0,0.0
2024-06-18 04:38:13.000,380.0,0.0,0.0,0.35529999999999995,0.0,0.0,0.06474,0.0,0.0
2024-06-18 04:38:13.500,380.5,0.0,0.0,0.17764999999999997,0.0,0.0,0.29477,0.0,0.0
2024-06-18 04:38:14.000,381.0,0.0,0.0,0.0,0.0,0.0,0.5247999999999999,0.0,0.0
2024-06-18 04:38:14.500,381.5,0.0,0.0,0.0645,0.0,0.0,0.29475999999999997,0.0,0.0
2024-06-18 04:38:15.000,382.0,0.0,0.0,0.129,0.0,0.0,0.06472,0.0,0.0
2024-06-18 04:38:15.500,382.5,0.0,0.0,0.08074,0.0,0.0,0.16248,0.0,0.0
2024-06-18 04:38:16.000,383.0,0.0,0.0,0.03248,0.0,0.0,0.26024,0.0,0.0
2024-06-18 04:38:16.500,383.5,0.0,0.0,0.14576,0.0,0.0,0.26056,0.0,0.0
2024-06-18 04:38:17.000,384.0,0.0,0.0,0.25904,0.0,0.0,0.26088,0.0,0.0
2024-06-18 04:38:17.500,384.5,0.0,0.0,0.42094,0.0,0.0,0.25892000000000004,0.0,0.0
2024-06-18 04:38:18.000,385.0,0.0,0.0,0.58284,0.0,0.0,0.25696,0.0,0.0
2024-06-18 04:38:18.500,385.5,0.0,0.0,0.437265,0.0,0.0,0.16099000000000002,0.0,0.0
2024-06-18 04:38:19.000,386.0,0.0,0.0,0.29169,0.0,0.0,0.06502,0.0,0.0
2024-06-18 04:38:19.500,386.5,0.0,0.0,0.145845,0.0,0.0,0.081215,0.0,0.0
2024-06-18 04:38:20.000,387.0,0.0,0.0,0.0,0.0,0.0,0.09741,0.0,0.0
2024-06-18 04:38:20.500,387.5,0.0,0.0,0.129,0.0,0.0,0.12923,0.08085,0.0
2024-06-18 04:38:21.000,388.0,0.0,0.0,0.258,0.0,0.0,0.16105000000000003,0.1617,0.0
2024-06-18 04:38:21.500,388.5,0.0,0.0,0.25776,0.0,0.0,0.11277500000000001,0.09692,0.0
2024-06-18 04:38:22.000,389.0,0.0,0.0,0.25752,0.0,0.0,0.06449999999999999,0.03214,0.0
2024-06-18 04:38:22.500,389.5,0.0,0.0,0.32202,0.0,0.0,0.09642999999999999,0.01607,0.0
2024-06-18 04:38:23.000,390.0,0.0,0.0,0.38652,0.0,0.0,0.12836,0.0,0.0
2024-06-18 04:38:23.500,390.5,0.0,0.0,0.35736,0.0,0.0,0.16108,0.0,0.0
2024-06-18 04:38:24.000,391.0,0.0,0.0,0.32820000000000005,0.0,0.0,0.1938,0.0,0.0
2024-06-18 04:38:24.500,391.5,0.0,0.0,3.748805,1.14256,1.5934100000000002,0.7860749999999999,0.061220000000000004,0.0
2024-06-18 04:38:25.000,392.0,0.0,0.0,7.16941,2.28512,3.1868200000000004,1.3783499999999997,0.12244000000000001,0.0
2024-06-18 04:38:25.500,392.5,0.5463800000000001,0.0,3.839905,1.8938549999999998,1.5934100000000002,1.9488299999999998,0.061220000000000004,0.0
2024-06-18 04:38:26.000,393.0,1.0927600000000002,0.0,0.5104,1.5025899999999999,0.0,2.51931,0.0,0.0
2024-06-18 04:38:26.500,393.5,1.7401700000000002,0.0,4.737724999999998,2.391115,0.0,2.472455,0.0,0.0
2024-06-18 04:38:27.000,394.0,2.3875800000000003,0.0,8.965049999999998,3.2796400000000006,0.0,2.4256,0.0,0.0
2024-06-18 04:38:27.500,394.5,1.6708800000000001,0.1238,8.476714999999999,2.30928,0.0,5.498200000000001,0.0,0.0
2024-06-18 04:38:28.000,395.0,0.95418,0.2476,7.98838,1.3389199999999999,0.0,8.5708,0.0,0.0
2024-06-18 04:38:28.500,395.5,3.4445299999999994,0.1238,7.355790000000001,1.3930249999999997,0.0,6.811820000000001,0.06108000000000001,0.0
2024-06-18 04:38:29.000,396.0,5.934879999999999,0.0,6.7232,1.4471299999999998,0.0,5.052840000000001,0.12216000000000002,0.0
2024-06-18 04:38:29.500,396.5,5.351179999999999,0.0,6.695175,0.7235649999999999,0.030950000000000002,2.5264200000000003,0.24306,0.015305000000000001
2024-06-18 04:38:30.000,397.0,4.76748,0.0,6.6671499999999995,0.0,0.061900000000000004,0.0,0.36395999999999995,0.030610000000000002
2024-06-18 04:38:30.500,397.5,2.38374,0.0,3.3335749999999997,0.0,0.30533,0.0,0.18197999999999998,0.015305000000000001
2024-06-18 04:38:31.000,398.0,0.0,0.0,0.0,0.0,0.54876,0.0,0.0,0.0
2024-06-18 04:38:31.500,398.5,0.17077499999999998,0.0,1.7088500000000002,0.13914,1.2273199999999997,1.1292399999999998,0.0,0.0
2024-06-18 04:38:32.000,399.0,0.34154999999999996,0.0,3.4177000000000004,0.27828,1.9058799999999998,2.2584799999999996,0.0,0.0
2024-06-18 04:38:32.500,399.5,6.668055000000001,0.3588,8.227050000000002,0.13914,0.9529399999999999,1.4897199999999997,0.54432,0.0
2024-06-18 04:38:33.000,400.0,12.994560000000002,0.7176,13.036400000000002,0.0,0.0,0.7209599999999999,1.08864,0.0
2024-06-18 04:38:33.500,400.5,7.640640000000001,0.3588,6.565660000000001,0.0,2.435855,0.6087199999999999,0.9952700000000001,0.0
2024-06-18 04:38:34.000,401.0,2.28672,0.0,0.09491999999999999,0.0,4.87171,0.49648,0.9019,0.0
2024-06-18 04:38:34.500,401.5,1.14336,0.0,0.1725,0.0,6.6941250000000005,0.389495,0.7166600000000001,0.0
2024-06-18 04:38:35.000,402.0,0.0,0.0,0.25007999999999997,0.0,8.51654,0.28251,0.53142,0.0
2024-06-18 04:38:35.500,402.5,0.0,0.0,0.21743999999999997,0.0,10.924805,0.141255,0.34276,0.0
2024-06-18 04:38:36.000,403.0,0.0,0.0,0.1848,0.0,13.33307,0.0,0.15410000000000001,0.0
2024-06-18 04:38:36.500,403.5,0.0,0.0,0.12318,0.0,14.836485000000001,0.23077499999999998,1.22146,0.03089
2024-06-18 04:38:37.000,404.0,0.0,0.0,0.06156000000000001,0.0,16.339900000000004,0.46154999999999996,2.28882,0.06178
2024-06-18 04:38:37.500,404.5,0.0,0.0,0.18308000000000002,0.622995,18.469205000000002,0.45869999999999994,1.3106749999999998,0.046130000000000004
2024-06-18 04:38:38.000,405.0,0.0,0.0,0.30460000000000004,1.24599,20.59851,0.4558499999999999,0.33252999999999994,0.03048
2024-06-18 04:38:38.500,405.5,0.0,0.0,0.15230000000000002,0.622995,22.696935,0.39605999999999997,0.5165549999999999,0.20959000000000003
2024-06-18 04:38:39.000,406.0,0.0,0.0,0.0,0.0,24.79536,0.33626999999999996,0.7005799999999999,0.38870000000000005
2024-06-18 04:38:39.500,406.5,0.0,0.0,0.0,0.0,24.73143,0.285815,1.0047899999999998,2.15804
2024-06-18 04:38:40.000,407.0,0.0,0.0,0.0,0.0,24.6675,0.23536,1.309,3.9273800000000003
2024-06-18 04:38:40.500,407.5,0.0,0.0,0.25194000000000005,0.0,25.1991,0.11768,0.91604,5.7890500000000005
2024-06-18 04:38:41.000,408.0,0.0,0.0,0.5038800000000001,0.0,25.730700000000006,0.0,0.5230800000000001,7.650720000000001
2024-06-18 04:38:41.500,408.5,0.014445000000000001,0.0,0.3822150000000001,0.0,27.448275000000002,0.0,0.37670000000000003,9.26126
2024-06-18 04:38:42.000,409.0,0.028890000000000002,0.0,0.26055000000000006,0.0,29.16585,0.0,0.23032,10.871799999999999
2024-06-18 04:38:42.500,409.5,0.014445000000000001,0.0,0.13027500000000003,0.0,29.559375000000003,0.0,0.22984,12.03224
2024-06-18 04:38:43.000,410.0,0.0,0.0,0.0,0.0,29.952900000000007,0.0,0.22936,13.192680000000001
2024-06-18 04:38:43.500,410.5,0.0,0.0,0.261,0.0,27.882450000000002,0.0,0.14342,12.658965
2024-06-18 04:38:44.000,411.0,0.0,0.0,0.522,0.0,25.811999999999998,0.0,0.05748,12.12525
2024-06-18 04:38:44.500,411.5,0.0,0.0,0.36141500000000004,0.0,27.279239999999998,0.23240000000000002,0.1439,13.440674999999999
2024-06-18 04:38:45.000,412.0,0.0,0.0,0.20083,0.0,28.74648,0.46480000000000005,0.23032,14.7561
2024-06-18 04:38:45.500,412.5,0.0,0.0,0.191045,0.0,22.503390000000003,0.3853500000000001,0.130435,11.8463
2024-06-18 04:38:46.000,413.0,0.0,0.0,0.18125999999999998,0.0,16.260300000000004,0.30590000000000006,0.03055,8.936499999999999
2024-06-18 04:38:46.500,413.5,0.0,0.0,0.18735,0.0,8.130150000000002,0.28239000000000003,0.015275,4.468249999999999
2024-06-18 04:38:47.000,414.0,0.0,0.0,0.19344,0.0,0.0,0.25888,0.0,0.0
2024-06-18 04:38:47.500,414.5,0.0,0.0,0.09672,0.0,0.0,0.25739999999999996,0.0,0.0
2024-06-18 04:38:48.000,415.0,0.0,0.0,0.0,0.0,0.0,0.25592,0.0,0.0
2024-06-18 04:38:48.500,415.5,0.0,0.0,0.06414,0.0,0.0,0.208485,0.0,0.0
2024-06-18 04:38:49.000,416.0,0.0,0.0,0.12828,0.0,0.0,0.16105000000000003,0.0,0.0
2024-06-18 04:38:49.500,416.5,0.0,0.0631,0.33274000000000004,0.0,0.48949000000000004,0.12779000000000001,1.54105,0.1573
2024-06-18 04:38:50.000,417.0,0.0,0.1262,0.5372,0.0,0.9789800000000001,0.09452999999999999,3.0821,0.3146
2024-06-18 04:38:50.500,417.5,0.0,0.0631,0.41291500000000003,0.0,0.48949000000000004,0.047264999999999995,1.54105,0.22182
2024-06-18 04:38:51.000,418.0,0.0,0.0,0.28863,0.0,0.0,0.0,0.0,0.12904
2024-06-18 04:38:51.500,418.5,0.0,0.0,0.273115,0.0,0.0,0.11312000000000001,0.36822999999999995,0.06452
2024-06-18 04:38:52.000,419.0,0.0,0.0,0.2576,0.0,0.0,0.22624000000000002,0.7364599999999999,0.0
2024-06-18 04:38:52.500,419.5,0.0,0.18989999999999999,0.334785,0.0,0.6826249999999998,0.19197000000000003,0.36822999999999995,0.6402000000000001
2024-06-18 04:38:53.000,420.0,0.0,0.37979999999999997,0.41196999999999995,0.0,1.3652499999999996,0.1577,0.0,1.2804000000000002
2024-06-18 04:38:53.500,420.5,0.0,0.18989999999999999,0.20598499999999997,0.0,0.6826249999999998,0.20749,0.0,0.6402000000000001
2024-06-18 04:38:54.000,421.0,0.0,0.0,0.0,0.0,0.0,0.25728,0.0,0.0
2024-06-18 04:38:54.500,421.5,0.0,1.0833,0.577015,0.0,0.20559500000000003,0.144285,0.0,0.9268899999999999
2024-06-18 04:38:55.000,422.0,0.0,2.1666,1.15403,0.0,0.41119000000000006,0.03129,0.0,1.8537799999999998
2024-06-18 04:38:55.500,422.5,0.7411899999999999,1.0833,2.077975,0.24920000000000003,0.20559500000000003,0.8639850000000002,0.0,0.9268899999999999
2024-06-18 04:38:56.000,423.0,1.4823799999999998,0.0,3.0019199999999997,0.49840000000000007,0.0,1.6966800000000004,0.0,0.0
2024-06-18 04:38:56.500,423.5,3.8782749999999995,0.0,12.326880000000001,0.24920000000000003,0.0,1.5858400000000001,0.0,0.0
2024-06-18 04:38:57.000,424.0,6.274169999999999,0.0,21.65184,0.0,0.0,1.475,0.0,0.0
2024-06-18 04:38:57.500,424.5,3.1528199999999993,0.0,12.632225,0.0,0.0,0.7375,0.0,0.0
2024-06-18 04:38:58.000,425.0,0.031470000000000005,0.0,3.6126100000000005,0.0,0.0,0.0,0.0,0.0
2024-06-18 04:38:58.500,425.5,0.015735000000000002,0.0,6.702954999999999,0.0,0.0,4.01691,0.0,0.0
2024-06-18 04:38:59.000,426.0,0.0,0.0,9.793299999999999,0.0,0.0,8.03382,0.0,0.0
2024-06-18 04:38:59.500,426.5,0.0,0.0,4.929139999999999,0.0,0.0,4.22803,0.0,0.0
2024-06-18 04:39:00.000,427.0,0.0,0.0,0.06498000000000001,0.0,0.0,0.42224000000000006,0.0,0.0
2024-06-18 04:39:00.500,427.5,0.0,0.0,0.16181,0.0,0.0,0.2751,0.0,0.0
2024-06-18 04:39:01.000,428.0,0.0,0.0,0.25864000000000004,0.0,0.0,0.12796,0.0,0.0
2024-06-18 04:39:01.500,428.5,0.0,0.0,0.32408000000000003,0.0,0.0,0.06398,0.0,0.0
2024-06-18 04:39:02.000,429.0,0.0,0.0,0.38952,0.0,0.0,0.0,0.0,0.0
2024-06-18 04:39:02.500,429.5,0.0,0.0,1.08264,0.0,0.0,2.6169650000000004,0.015880000000000002,0.0
2024-06-18 04:39:03.000,430.0,0.0,0.0,1.7757600000000002,0.0,0.0,5.233930000000001,0.031760000000000004,0.0
2024-06-18 04:39:03.500,430.5,0.0,0.0,0.9848700000000001,0.0,0.0,2.7303650000000004,0.015880000000000002,0.0
2024-06-18 04:39:04.000,431.0,0.0,0.0,0.19397999999999999,0.0,0.0,0.22680000000000003,0.0,0.0
2024-06-18 04:39:04.500,431.5,0.0,0.0,0.22691,0.0,0.0,0.12955500000000003,0.0,0.0
2024-06-18 04:39:05.000,432.0,0.0,0.0,0.25984,0.0,0.0,0.03231,0.0,0.0
2024-06-18 04:39:05.500,432.5,0.0,0.0,0.37157000000000007,0.0,0.0,0.080295,0.0,0.0
2024-06-18 04:39:06.000,433.0,0.0,0.0,0.48330000000000006,0.0,0.0,0.12828,0.0,0.0
2024-06-18 04:39:06.500,433.5,0.0,0.0,0.24165000000000003,3.9680000000000004,0.0,2.8698900000000007,0.0,0.0
2024-06-18 04:39:07.000,434.0,0.0,0.0,0.0,7.936000000000001,0.0,5.611500000000001,0.0,0.0
2024-06-18 04:39:07.500,434.5,0.0,0.0,0.12844000000000003,3.9680000000000004,0.0,2.8541400000000006,0.0,0.0
2024-06-18 04:39:08.000,435.0,0.0,0.0,0.25688000000000005,0.0,0.0,0.09677999999999999,0.0,0.0
2024-06-18 04:39:08.500,435.5,0.0,0.0,0.28869,0.0,0.0,0.048389999999999996,0.0,0.0
2024-06-18 04:39:09.000,436.0,0.0,0.0,0.3205,0.0,0.0,0.0,0.0,0.0
2024-06-18 04:39:09.500,436.5,0.0,0.0,0.404,0.0,0.0,0.17726499999999998,0.0,0.0
2024-06-18 04:39:10.000,437.0,0.0,0.0,0.4875,0.0,0.0,0.35452999999999996,0.0,0.0
2024-06-18 04:39:10.500,437.5,0.0,0.0,0.34065,0.0,0.0,0.306825,0.0,0.0
2024-06-18 04:39:11.000,438.0,0.0,0.0,0.1938,0.0,0.0,0.25912,0.0,0.0
2024-06-18 04:39:11.500,438.5,0.015995,0.0,0.41590000000000005,0.650875,0.0,0.22694,0.0,0.0
2024-06-18 04:39:12.000,439.0,0.03199,0.0,0.638,1.30175,0.0,0.19476,0.0,0.0
2024-06-18 04:39:12.500,439.5,0.015995,0.0,0.319,0.650875,0.0,0.09738,0.0,0.0
2024-06-18 04:39:13.000,440.0,0.0,0.0,0.0,0.0,0.0,0.0,0.0,0.0
2024-06-18 04:39:13.500,440.5,0.0,0.0,0.12808,0.01615,0.0,0.03223,0.0,0.0
2024-06-18 04:39:14.000,441.0,0.0,0.0,0.25616,0.0323,0.0,0.06446,0.0,0.0
2024-06-18 04:39:14.500,441.5,0.0,0.0,0.22462,0.01615,0.0,0.12967,0.0,0.0
2024-06-18 04:39:15.000,442.0,0.0,0.0,0.19308,0.0,0.0,0.19488,0.0,0.0
2024-06-18 04:39:15.500,442.5,0.0,0.0,0.20980000000000001,0.0,0.0,0.12967,0.0,0.0
2024-06-18 04:39:16.000,443.0,0.0,0.0,0.22652000000000003,0.0,0.0,0.06446,0.0,0.0
2024-06-18 04:39:16.500,443.5,2.51586,0.0,4.482599999999999,0.6046,0.0,0.141675,0.0,0.0
2024-06-18 04:39:17.000,444.0,5.03172,0.0,8.738679999999999,1.2092,0.0,0.21889,0.0,0.0
2024-06-18 04:39:17.500,444.5,2.7393,0.0,6.9565399999999995,0.88837,0.0,0.109445,0.0,0.0
2024-06-18 04:39:18.000,445.0,0.44688000000000005,0.0,5.1744,0.5675399999999999,0.0,0.0,0.0,0.0
2024-06-18 04:39:18.500,445.5,1.39967,0.0,5.9252199999999995,0.28376999999999997,0.0,0.06404,0.0,0.0
2024-06-18 04:39:19.000,446.0,2.35246,0.0,6.676039999999999,0.0,0.0,0.12808,0.0,0.0
2024-06-18 04:39:19.500,446.5,1.539975,0.0,5.9680599999999995,0.58201,0.0,2.2431400000000004,0.0,0.0
2024-06-18 04:39:20.000,447.0,0.72749,0.0,5.260080000000001,1.16402,0.0,4.3582,0.0,0.0
2024-06-18 04:39:20.500,447.5,0.363745,0.0,3.1280550000000007,0.58201,0.0,2.807,0.0,0.0
2024-06-18 04:39:21.000,448.0,0.0,0.0,0.99603,0.0,0.0,1.2558,0.0,0.0
2024-06-18 04:39:21.500,448.5,0.26817500000000005,0.0,1.15299,0.0,0.0,3.3754,0.0,0.0
2024-06-18 04:39:22.000,449.0,0.5363500000000001,0.0,1.30995,0.0,0.0,5.495,0.0,0.0
2024-06-18 04:39:22.500,449.5,0.26817500000000005,0.0,0.83312,0.0,0.0,3.00366,0.0,0.0
2024-06-18 04:39:23.000,450.0,0.0,0.0,0.35628999999999994,0.0,0.0,0.51232,0.0,0.0
2024-06-18 04:39:23.500,450.5,0.0,0.0,0.20810499999999998,0.0,0.0,11.203120000000002,0.0,0.0
2024-06-18 04:39:24.000,451.0,0.0,0.0,0.05992,0.0,0.0,21.89392,0.0,0.0
2024-06-18 04:39:24.500,451.5,0.0,0.0,0.20717,0.0,0.0,11.027335,0.0,0.0
2024-06-18 04:39:25.000,452.0,0.0,0.0,0.35442,0.0,0.0,0.16075,0.0,0.0
2024-06-18 04:39:25.500,452.5,0.0,0.0,0.33956,0.0,0.0,0.193635,0.0,0.0
2024-06-18 04:39:26.000,453.0,0.0,0.0,0.3247,0.0,0.0,0.22652000000000003,0.0,0.0
2024-06-18 04:39:26.500,453.5,0.0,0.0,0.22685,0.0,0.0,0.17812,0.0,0.0
2024-06-18 04:39:27.000,454.0,0.0,0.0,0.129,0.0,0.0,0.12972,0.0,0.0
2024-06-18 04:39:27.500,454.5,0.0,0.0,0.16101,0.0,0.0,0.1131,0.0,0.0
2024-06-18 04:39:28.000,455.0,0.0,0.0,0.19302,0.0,0.0,0.09648,0.0,0.0
2024-06-18 04:39:28.500,455.5,0.0,0.0,0.16113,0.0,0.0,0.22676999999999997,0.0,0.0
2024-06-18 04:39:29.000,456.0,0.0,0.0,0.12924,0.0,0.0,0.35705999999999993,0.0,0.0
2024-06-18 04:39:29.500,456.5,0.0,0.0,0.06462,0.0,0.0,0.24370999999999998,0.0,0.0
2024-06-18 04:39:30.000,457.0,0.0,0.0,0.0,0.0,0.0,0.13036,0.0,0.0
2024-06-18 04:39:30.500,457.5,0.0,0.0,0.129,0.0,0.0,0.12982,0.0,0.0
2024-06-18 04:39:31.000,458.0,0.0,0.0,0.258,0.0,0.0,0.12928,0.0,0.0
2024-06-18 04:39:31.500,458.5,0.0,0.0,0.2881,0.0,0.0,0.06464,0.0,0.0
2024-06-18 04:39:32.000,459.0,0.0,0.0,0.31820000000000004,0.0,0.0,0.0,0.0,0.0
2024-06-18 04:39:32.500,459.5,0.0,0.0,0.27215,0.0,0.0,0.11350500000000002,0.0,0.0
2024-06-18 04:39:33.000,460.0,0.0,0.0,0.22610000000000002,0.0,0.0,0.22701000000000005,0.0,0.0
2024-06-18 04:39:33.500,460.5,0.0,0.0,0.25723,0.0,0.0,0.11350500000000002,0.0,0.0
2024-06-18 04:39:34.000,461.0,0.0,0.0,0.28836,0.0,0.0,0.0,0.0,0.0
2024-06-18 04:39:34.500,461.5,0.0,0.0,0.14418,0.0,0.0,0.06472,0.0,0.0
2024-06-18 04:39:35.000,462.0,0.0,0.0,0.0,0.0,0.0,0.12944,0.0,0.0
2024-06-18 04:39:35.500,462.5,0.0,0.0,0.22778,0.0,0.0,0.19436,0.0,0.0
2024-06-18 04:39:36.000,463.0,0.0,0.0,0.45556,0.0,0.0,0.25928,0.0,0.0
2024-06-18 04:39:36.500,463.5,0.0,0.0,0.22778,0.0,0.0,0.12964,0.0,0.0
2024-06-18 04:39:37.000,464.0,0.0,0.0,0.0,0.0,0.0,0.0,0.0,0.0
2024-06-18 04:39:37.500,464.5,0.0,0.0,0.08042500000000001,0.0,0.0,0.06474,0.0,0.0
2024-06-18 04:39:38.000,465.0,0.0,0.0,0.16085000000000002,0.0,0.0,0.12948,0.0,0.0
2024-06-18 04:39:38.500,465.5,0.0,0.0,0.12865000000000001,0.0,0.0,0.11343,0.0,0.0
2024-06-18 04:39:39.000,466.0,0.0,0.0,0.09645,0.0,0.0,0.09738,0.0,0.0
2024-06-18 04:39:39.500,466.5,0.0,0.0,0.048225,0.0,0.0,0.19574999999999998,0.0,0.0
2024-06-18 04:39:40.000,467.0,0.0,0.0,0.0,0.0,0.0,0.29412,0.0,0.0
2024-06-18 04:39:40.500,467.5,0.0,0.0,0.24292499999999997,0.0,0.0,0.35707500000000003,0.0,0.0
2024-06-18 04:39:41.000,468.0,0.0,0.0,0.48584999999999995,0.0,0.0,0.42003,0.0,0.0
2024-06-18 04:39:41.500,468.5,0.0,0.0,0.323225,0.0,0.0,0.30661499999999997,0.0,0.0
2024-06-18 04:39:42.000,469.0,0.0,0.0,0.16060000000000002,0.0,0.0,0.19319999999999998,0.0,0.0
2024-06-18 04:39:42.500,469.5,0.0,0.0,0.08030000000000001,0.0,0.0,0.09659999999999999,0.0,0.0
2024-06-18 04:39:43.000,470.0,0.0,0.0,0.0,0.0,0.0,0.0,0.0,0.0
2024-06-18 04:39:43.500,470.5,0.0,0.0,0.0963,0.0,0.0,0.06444000000000001,0.0,0.0
2024-06-18 04:39:44.000,471.0,0.0,0.0,0.1926,0.0,0.0,0.12888000000000002,0.0,0.0
2024-06-18 04:39:44.500,471.5,0.0,0.0,0.12839,0.0,0.0,0.144515,0.0,0.0
2024-06-18 04:39:45.000,472.0,0.0,0.0,0.06418,0.0,0.0,0.16015000000000001,0.0,0.0
2024-06-18 04:39:45.500,472.5,0.0,0.0,0.03209,0.0,0.0,0.159925,0.0,0.0
2024-06-18 04:39:46.000,473.0,0.0,0.0,0.0,0.0,0.0,0.1597,0.0,0.0
2024-06-18 04:39:46.500,473.5,0.0,0.0,0.17776,0.0,0.0,0.193635,0.0,0.0
2024-06-18 04:39:47.000,474.0,0.0,0.0,0.35552,0.0,0.0,0.22757000000000002,0.0,0.0
2024-06-18 04:39:47.500,474.5,0.0,0.0,0.258335,0.0,0.0,0.17850500000000002,0.0,0.0
2024-06-18 04:39:48.000,475.0,0.0,0.0,0.16115000000000002,0.0,0.0,0.12944,0.0,0.0
2024-06-18 04:39:48.500,475.5,0.0,0.0,0.144935,0.0,0.0,0.080905,0.0,0.0
2024-06-18 04:39:49.000,476.0,0.0,0.0,0.12872,0.0,0.0,0.03237,0.0,0.0
2024-06-18 04:39:49.500,476.5,0.0,0.0,0.06436,0.0,0.0,0.129305,0.0,0.0
2024-06-18 04:39:50.000,477.0,0.0,0.0,0.0,0.0,0.0,0.22624000000000002,0.0,0.0
2024-06-18 04:39:50.500,477.5,0.0,0.0,0.0,0.0,0.0,0.11312000000000001,0.0,0.0
2024-06-18 04:39:51.000,478.0,0.0,0.0,0.0,0.0,0.0,0.0,0.0,0.0
2024-06-18 04:39:51.500,478.5,0.0,0.0,0.17781499999999997,0.0,0.0,0.03252,0.0,0.0
2024-06-18 04:39:52.000,479.0,0.0,0.0,0.35562999999999995,0.0,0.0,0.06504,0.0,0.0
2024-06-18 04:39:52.500,479.5,0.0,0.0,0.503215,0.0,0.0,0.16252,0.0,0.0
2024-06-18 04:39:53.000,480.0,0.0,0.0,0.6508,0.0,0.0,0.26,0.0,0.0
2024-06-18 04:39:53.500,480.5,0.0,0.0,0.35771000000000003,0.0,0.0,0.1623,0.0,0.0
2024-06-18 04:39:54.000,481.0,0.0,0.0,0.06462,0.0,0.0,0.0646,0.0,0.0
2024-06-18 04:39:54.500,481.5,0.0,0.0,0.14592,0.0,0.0,0.06484000000000001,0.0,0.0
2024-06-18 04:39:55.000,482.0,0.0,0.0,0.22722000000000003,0.0,0.0,0.06508,0.0,0.0
2024-06-18 04:39:55.500,482.5,0.0,0.0,0.19438500000000003,0.0,0.0,0.080945,0.0,0.0
2024-06-18 04:39:56.000,483.0,0.0,0.0,0.16155,0.0,0.0,0.09681000000000001,0.0,0.0
2024-06-18 04:39:56.500,483.5,0.0,0.0,0.240375,0.0,0.0,0.064435,0.0,0.0
2024-06-18 04:39:57.000,484.0,0.0,0.0,0.31920000000000004,0.0,0.0,0.03206,0.0,0.0
2024-06-18 04:39:57.500,484.5,0.0,0.0,0.2884,0.0,0.0,0.08059,0.0,0.0
2024-06-18 04:39:58.000,485.0,0.0,0.0,0.2576,0.0,0.0,0.12911999999999998,0.0,0.0
2024-06-18 04:39:58.500,485.5,0.0,0.0,0.17713,0.0,0.0,0.09695,0.0,0.0
2024-06-18 04:39:59.000,486.0,0.0,0.0,0.09666000000000001,0.0,0.0,0.06478,0.0,0.0
2024-06-18 04:39:59.500,486.5,0.0,0.0,0.14556,0.0,0.0,0.048674999999999996,0.0,0.0
2024-06-18 04:40:00.000,487.0,0.0,0.0,0.19446,0.0,0.0,0.032569999999999995,0.0,0.0
2024-06-18 04:40:00.500,487.5,0.0,0.0,0.22699000000000003,0.0,0.0,0.113905,0.0,0.0
2024-06-18 04:40:01.000,488.0,0.0,0.0,0.25952000000000003,0.0,0.0,0.19524,0.0,0.0
2024-06-18 04:40:01.500,488.5,0.0,0.0,0.25812,0.0,0.0,0.24166500000000002,0.0,0.0
2024-06-18 04:40:02.000,489.0,0.0,0.0,0.25672,0.0,0.0,0.28809,0.0,0.0
2024-06-18 04:40:02.500,489.5,0.0,0.0,0.17648,0.0,0.0,0.208125,0.0,0.0
2024-06-18 04:40:03.000,490.0,0.0,0.0,0.09624,0.0,0.0,0.12816,0.0,0.0
2024-06-18 04:40:03.500,490.5,0.0,0.0,0.04812,0.0,0.0,0.06408,0.0,0.0
2024-06-18 04:40:04.000,491.0,0.0,0.0,0.0,0.0,0.0,0.0,0.0,0.0
2024-06-18 04:40:04.500,491.5,0.0,0.0,0.0,0.0,0.0,0.0,0.0,0.0
2024-06-18 04:40:05.000,492.0,0.0,0.0,0.0,0.0,0.0,0.0,0.0,0.0
2024-06-18 04:40:05.500,492.5,0.0,0.0,0.080375,0.0,0.0,0.03227000000000001,0.0,0.0
2024-06-18 04:40:06.000,493.0,0.0,0.0,0.16075,0.0,0.0,0.06454000000000001,0.0,0.0
2024-06-18 04:40:06.500,493.5,0.0,0.0,0.12886999999999998,0.0,0.0,0.11264500000000001,0.0,0.0
2024-06-18 04:40:07.000,494.0,0.0,0.0,0.09698999999999999,0.0,0.0,0.16075,0.0,0.0
2024-06-18 04:40:07.500,494.5,0.0,0.0,0.113355,0.0,0.0,0.080375,0.0,0.0
2024-06-18 04:40:08.000,495.0,0.0,0.0,0.12972,0.0,0.0,0.0,0.0,0.0
2024-06-18 04:40:08.500,495.5,0.0,0.0,0.12898,0.0,0.0,0.0,0.0,0.0
2024-06-18 04:40:09.000,496.0,0.0,0.0,0.12824000000000002,0.0,0.0,0.0,0.0,0.0
2024-06-18 04:40:09.500,496.5,0.0,0.0,0.17608500000000002,0.0,0.0,0.06376,0.0,0.0
2024-06-18 04:40:10.000,497.0,0.0,0.0,0.22393000000000002,0.0,0.0,0.12752,0.0,0.0
2024-06-18 04:40:10.500,497.5,0.0,0.0,0.239405,0.0,0.0,0.1278,0.0,0.0
2024-06-18 04:40:11.000,498.0,0.0,0.0,0.25488,0.0,0.0,0.12808,0.0,0.0
2024-06-18 04:40:11.500,498.5,0.0,0.0,0.22361999999999999,0.0,0.0,0.19268000000000002,0.0,0.0
2024-06-18 04:40:12.000,499.0,0.0,0.0,0.19236,0.0,0.0,0.25728,0.0,0.0
2024-06-18 04:40:12.500,499.5,0.0,0.0,0.28902,0.0,0.0,0.19280000000000003,0.0,0.0
2024-06-18 04:40:13.000,500.0,0.0,0.0,0.38567999999999997,0.0,0.0,0.12832000000000002,0.0,0.0
2024-06-18 04:40:13.500,500.5,0.0,0.0,0.24050999999999997,0.0,0.0,0.06416000000000001,0.0,0.0
2024-06-18 04:40:14.000,501.0,0.0,0.0,0.09534,0.0,0.0,0.0,0.0,0.0
2024-06-18 04:40:14.500,501.5,0.0,0.0,0.11137,0.0,0.0,0.047939999999999997,0.0,0.0
2024-06-18 04:40:15.000,502.0,0.0,0.0,0.1274,0.0,0.0,0.09587999999999999,0.0,0.0
2024-06-18 04:40:15.500,502.5,0.0,0.0,0.12712,0.0,0.0,0.06378,0.0,0.0
2024-06-18 04:40:16.000,503.0,0.0,0.0,0.12684,0.0,0.0,0.03168,0.0,0.0
2024-06-18 04:40:16.500,503.5,0.0,0.0,0.1279,0.0,0.0,0.032045000000000004,0.0,0.0
2024-06-18 04:40:17.000,504.0,0.0,0.0,0.12896000000000002,0.0,0.0,0.03241,0.0,0.0
2024-06-18 04:40:17.500,504.5,0.0,0.0,0.20920000000000002,0.0,0.0,0.17820500000000003,0.0,0.0
2024-06-18 04:40:18.000,505.0,0.0,0.0,0.28944000000000003,0.0,0.0,0.32400000000000007,0.0,0.0
2024-06-18 04:40:18.500,505.5,0.0,0.0,0.19326000000000002,0.0,0.0,0.16200000000000003,0.0,0.0
2024-06-18 04:40:19.000,506.0,0.0,0.0,0.09708,0.0,0.0,0.0,0.0,0.0
2024-06-18 04:40:19.500,506.5,0.0,0.0,0.14484,0.0,0.0,0.04827,0.0,0.0
2024-06-18 04:40:20.000,507.0,0.0,0.0,0.1926,0.0,0.0,0.09654,0.0,0.0
2024-06-18 04:40:20.500,507.5,0.0,0.0,0.272795,0.0,0.0,0.04827,0.0,0.0
2024-06-18 04:40:21.000,508.0,0.0,0.0,0.35298999999999997,0.0,0.0,0.0,0.0,0.0
2024-06-18 04:40:21.500,508.5,0.0,0.0,0.321755,0.0,0.0,0.03241,0.0,0.0
2024-06-18 04:40:22.000,509.0,0.0,0.0,0.29052000000000006,0.0,0.0,0.06482,0.0,0.0
2024-06-18 04:40:22.500,509.5,0.0,0.0,0.3375,0.0,0.0,0.16137,0.0,0.0
2024-06-18 04:40:23.000,510.0,0.0,0.0,0.38448,0.0,0.0,0.25792000000000004,0.0,0.0
2024-06-18 04:40:23.500,510.5,0.0,0.0,0.35334,0.0,0.0,0.16128000000000003,0.0,0.0
2024-06-18 04:40:24.000,511.0,0.0,0.0,0.32220000000000004,0.0,0.0,0.06464,0.0,0.0
2024-06-18 04:40:24.500,511.5,0.0,0.0,0.2252,0.0,0.0,0.06448000000000001,0.0,0.0
2024-06-18 04:40:25.000,512.0,0.0,0.0,0.1282,0.0,0.0,0.06432,0.0,0.0
2024-06-18 04:40:25.500,512.5,0.0,0.0,0.12868000000000002,0.0,0.0,0.0965,0.0,0.0
2024-06-18 04:40:26.000,513.0,0.0,0.0,0.12916,0.0,0.0,0.12868000000000002,0.0,0.0
2024-06-18 04:40:26.500,513.5,0.0,0.0,0.06458,0.0,0.0,0.12852000000000002,0.0,0.0
2024-06-18 04:40:27.000,514.0,0.0,0.0,0.0,0.0,0.0,0.12836,0.0,0.0
2024-06-18 04:40:27.500,514.5,0.0,0.0,0.06434000000000001,0.0,0.0,0.06418,0.0,0.0
2024-06-18 04:40:28.000,515.0,0.0,0.0,0.12868000000000002,0.0,0.0,0.0,0.0,0.0
2024-06-18 04:40:28.500,515.5,0.0,0.0,0.1595,0.0,0.0,0.079325,0.0,0.0
2024-06-18 04:40:29.000,516.0,0.0,0.0,0.19032,0.0,0.0,0.15865,0.0,0.0
2024-06-18 04:40:29.500,516.5,0.0,0.0,0.20617999999999997,0.0,0.0,0.17511500000000002,0.0,0.0
2024-06-18 04:40:30.000,517.0,0.0,0.0,0.22204,0.0,0.0,0.19158,0.0,0.0
2024-06-18 04:40:30.500,517.5,0.0,0.0,0.11102,0.0,0.0,0.19161,0.0,0.0
2024-06-18 04:40:31.000,518.0,0.0,0.0,0.0,0.0,0.0,0.19163999999999998,0.0,0.0
2024-06-18 04:40:31.500,518.5,0.0,0.0,0.09635999999999999,0.0,0.0,0.144255,0.0,0.0
2024-06-18 04:40:32.000,519.0,0.0,0.0,0.19271999999999997,0.0,0.0,0.09687,0.0,0.0
2024-06-18 04:40:32.500,519.5,0.0,0.0,0.1283,0.0,0.0,0.06436,0.0,0.0
2024-06-18 04:40:33.000,520.0,0.0,0.0,0.06388,0.0,0.0,0.03185,0.0,0.0
2024-06-18 04:40:33.500,520.5,0.0,0.0,0.079925,0.0,0.0,0.08000499999999999,0.0,0.0
2024-06-18 04:40:34.000,521.0,0.0,0.0,0.09596999999999999,0.0,0.0,0.12816,0.0,0.0
2024-06-18 04:40:34.500,521.5,0.0,0.0,0.191085,0.0,0.0,0.08005999999999999,0.0,0.0
2024-06-18 04:40:35.000,522.0,0.0,0.0,0.2862,0.0,0.0,0.03196,0.0,0.0
2024-06-18 04:40:35.500,522.5,0.0,0.0,0.20654,0.0,0.0,0.14358000000000004,0.0,0.0
2024-06-18 04:40:36.000,523.0,0.0,0.0,0.12688000000000002,0.0,0.0,0.25520000000000004,0.0,0.0
2024-06-18 04:40:36.500,523.5,0.0,0.0,0.14331500000000003,0.0,0.0,0.19186000000000003,0.0,0.0
2024-06-18 04:40:37.000,524.0,0.0,0.0,0.15975000000000003,0.0,0.0,0.12852,0.0,0.0
2024-06-18 04:40:37.500,524.5,0.0,0.0,0.09590000000000001,0.0,0.0,0.12828,0.0,0.0
2024-06-18 04:40:38.000,525.0,0.0,0.0,0.03205,0.0,0.0,0.12804000000000001,0.0,0.0
2024-06-18 04:40:38.500,525.5,0.0,0.0,0.14370500000000003,0.0,0.0,0.14409500000000003,0.0,0.0
2024-06-18 04:40:39.000,526.0,0.0,0.0,0.25536000000000003,0.0,0.0,0.16015000000000001,0.0,0.0
2024-06-18 04:40:39.500,526.5,0.0,0.0,0.175575,0.0,0.0,0.16060000000000002,0.0,0.0
2024-06-18 04:40:40.000,527.0,0.0,0.0,0.09579,0.0,0.0,0.16105000000000003,0.0,0.0
2024-06-18 04:40:40.500,527.5,0.0,0.0,0.17577500000000001,0.0,0.0,0.16092500000000004,0.0,0.0
2024-06-18 04:40:41.000,528.0,0.0,0.0,0.25576,0.0,0.0,0.16080000000000003,0.0,0.0
2024-06-18 04:40:41.500,528.5,0.0,0.0,0.19216,0.0,0.0,0.08040000000000001,0.0,0.0
2024-06-18 04:40:42.000,529.0,0.0,0.0,0.12856,0.0,0.0,0.0,0.0,0.0
2024-06-18 04:40:42.500,529.5,0.0,0.0,0.19232000000000002,0.0,0.0,0.06464,0.0,0.0
2024-06-18 04:40:43.000,530.0,0.0,0.0,0.25608000000000003,0.0,0.0,0.12928,0.0,0.0
2024-06-18 04:40:43.500,530.5,0.0,0.0,0.20751500000000003,0.0,0.0,0.16091,0.0,0.0
2024-06-18 04:40:44.000,531.0,0.0,0.0,0.15895000000000004,0.0,0.0,0.19254,0.0,0.0
2024-06-18 04:40:44.500,531.5,0.0,0.0,0.143135,0.0,0.0,0.09627,0.0,0.0
2024-06-18 04:40:45.000,532.0,0.0,0.0,0.12732,0.0,0.0,0.0,0.0,0.0
2024-06-18 04:40:45.500,532.5,0.0,0.0,0.09547,0.0,0.0,0.03182,0.0,0.0
2024-06-18 04:40:46.000,533.0,0.0,0.0,0.06362,0.0,0.0,0.06364,0.0,0.0
2024-06-18 04:40:46.500,533.5,0.09426000000000001,0.0,0.640405,0.4553000000000001,0.0,0.48958500000000005,0.0,0.0
2024-06-18 04:40:47.000,534.0,0.18852000000000002,0.0,1.21719,0.9106000000000002,0.0,0.9155300000000001,0.0,0.0
2024-06-18 04:40:47.500,534.5,0.09426000000000001,0.0,0.640275,0.4553000000000001,0.0,0.48968500000000004,0.0,0.0
2024-06-18 04:40:48.000,535.0,0.0,0.0,0.06336,0.0,0.0,0.06384000000000001,0.0,0.0
2024-06-18 04:40:48.500,535.5,0.18516000000000002,0.0,0.28296,0.078775,0.0,1.410435,0.0,0.0
2024-06-18 04:40:49.000,536.0,0.37032000000000004,0.0,0.50256,0.15755,0.0,2.75703,0.0,0.0
2024-06-18 04:40:49.500,536.5,0.18516000000000002,0.0,0.33098,0.078775,0.0,1.378515,0.0,0.0
2024-06-18 04:40:50.000,537.0,0.0,0.0,0.15940000000000001,0.0,0.0,0.0,0.0,0.0
2024-06-18 04:40:50.500,537.5,0.0,0.0,0.2379,0.12472,0.0,0.24832,0.0,0.0
2024-06-18 04:40:51.000,538.0,0.0,0.0,0.3164,0.24944,0.0,0.49664,0.0,0.0
2024-06-18 04:40:51.500,538.5,0.0,0.0,0.22162,0.12472,0.0,0.31228,0.0,0.0
2024-06-18 04:40:52.000,539.0,0.0,0.0,0.12684,0.0,0.0,0.12792,0.0,0.0
2024-06-18 04:40:52.500,539.5,0.0,0.0,0.14362000000000003,0.0,0.0,0.12792,0.0,0.0
2024-06-18 04:40:53.000,540.0,0.0,0.0,0.16040000000000001,0.0,0.0,0.12792,0.0,0.0
2024-06-18 04:40:53.500,540.5,1.1911900000000002,0.0,0.8966649999999999,1.8997350000000002,0.0,0.7295999999999999,0.0,0.0
2024-06-18 04:40:54.000,541.0,2.3823800000000004,0.0,1.63293,3.7994700000000003,0.0,1.3312799999999998,0.0,0.0
2024-06-18 04:40:54.500,541.5,1.1911900000000002,0.0,0.864435,1.8997350000000002,0.0,0.7616699999999998,0.0,0.0
2024-06-18 04:40:55.000,542.0,0.0,0.0,0.09594,0.0,0.0,0.19206,0.0,0.0
2024-06-18 04:40:55.500,542.5,0.0,0.0,0.14361,0.0,0.0,0.15981,0.0,0.0
2024-06-18 04:40:56.000,543.0,0.0,0.0,0.19127999999999998,0.0,0.0,0.12756,0.0,0.0
2024-06-18 04:40:56.500,543.5,0.0,0.0,0.25469,0.0,0.0,0.09585,0.0,0.0
2024-06-18 04:40:57.000,544.0,0.0,0.0,0.31810000000000005,0.0,0.0,0.06414,0.0,0.0
2024-06-18 04:40:57.500,544.5,0.0,0.0,0.15905000000000002,0.0,0.0,0.048025,0.0,0.0
2024-06-18 04:40:58.000,545.0,0.0,0.0,0.0,0.0,0.0,0.03191,0.0,0.0
2024-06-18 04:40:58.500,545.5,0.0,0.0,0.14310000000000003,0.0,0.0,0.19233999999999996,0.0,0.0
2024-06-18 04:40:59.000,546.0,0.0,0.0,0.28620000000000007,0.0,0.0,0.3527699999999999,0.0,0.0
2024-06-18 04:40:59.500,546.5,0.0,0.0,0.22252500000000003,0.0,0.0,0.27268499999999996,0.0,0.0
2024-06-18 04:41:00.000,547.0,0.0,0.0,0.15885000000000002,0.0,0.0,0.1926,0.0,0.0
2024-06-18 04:41:00.500,547.5,0.0,0.0,0.174705,0.0,0.0,0.16046,0.0,0.0
2024-06-18 04:41:01.000,548.0,0.0,0.0,0.19056,0.0,0.0,0.12832000000000002,0.0,0.0
2024-06-18 04:41:01.500,548.5,0.0,0.0,0.25528000000000006,0.0,0.0,0.12828,0.0,0.0
2024-06-18 04:41:02.000,549.0,0.0,0.0,0.32000000000000006,0.0,0.0,0.12824,0.0,0.0
2024-06-18 04:41:02.500,549.5,0.0,0.0,1.9417600000000002,3.8112,0.0,1.09471,0.0,0.0
2024-06-18 04:41:03.000,550.0,0.0,0.0,3.5635200000000005,7.6224,0.0,2.0611800000000002,0.0,0.0
2024-06-18 04:41:03.500,550.5,0.0,0.0,2.2419900000000004,3.8112,0.0,1.28523,0.0,0.0
2024-06-18 04:41:04.000,551.0,0.0,0.0,0.9204600000000001,0.0,0.0,0.50928,0.0,0.0
2024-06-18 04:41:04.500,551.5,0.0,0.0,1.13748,0.0,0.0,0.398235,0.0,0.0
2024-06-18 04:41:05.000,552.0,0.0,0.0,1.3545,0.0,0.0,0.28719,0.0,0.0
2024-06-18 04:41:05.500,552.5,0.0,0.0,0.86799,0.25344,0.0,0.4646950000000001,0.0,0.0
2024-06-18 04:41:06.000,553.0,0.0,0.0,0.38148000000000004,0.50688,0.0,0.6422000000000001,0.0,0.0
2024-06-18 04:41:06.500,553.5,0.0,0.0,1.1196100000000002,0.25344,0.0,0.32110000000000005,0.0,0.0
2024-06-18 04:41:07.000,554.0,0.0,0.0,1.8577400000000004,0.0,0.0,0.0,0.0,0.0
2024-06-18 04:41:07.500,554.5,0.0,0.0,1.072105,0.0,0.0,0.032080000000000004,0.0,0.0
2024-06-18 04:41:08.000,555.0,0.0,0.0,0.28647,0.0,0.0,0.06416000000000001,0.0,0.0
2024-06-18 04:41:08.500,555.5,0.0,0.0,1.247135,0.0,0.0,0.19168000000000002,0.0,0.0
2024-06-18 04:41:09.000,556.0,0.0,0.0,2.2078,0.0,0.0,0.31920000000000004,0.0,0.0
2024-06-18 04:41:09.500,556.5,0.0,0.0,1.19978,0.0,0.0,0.20743500000000004,0.0,0.0
2024-06-18 04:41:10.000,557.0,0.0,0.0,0.19175999999999999,0.0,0.0,0.09567,0.0,0.0
2024-06-18 04:41:10.500,557.5,0.0,0.0,0.35012,0.0,0.0,0.11173500000000001,0.0,0.0
2024-06-18 04:41:11.000,558.0,0.0,0.0,0.50848,0.0,0.0,0.12780000000000002,0.0,0.0
2024-06-18 04:41:11.500,558.5,0.0,0.0,0.382,0.0,0.0,0.12782000000000002,0.0,0.0
2024-06-18 04:41:12.000,559.0,0.0,0.0,0.25552,0.0,0.0,0.12784,0.0,0.0
2024-06-18 04:41:12.500,559.5,0.5009600000000001,0.0,0.9423400000000002,0.48360000000000003,0.0,0.06392,0.0,0.0
2024-06-18 04:41:13.000,560.0,1.0019200000000001,0.0,1.6291600000000002,0.9672000000000001,0.0,0.0,0.0,0.0
2024-06-18 04:41:13.500,560.5,0.5009600000000001,0.0,1.020955,0.48360000000000003,0.0,0.17506499999999997,0.0,0.0
2024-06-18 04:41:14.000,561.0,0.0,0.0,0.41275,0.0,0.0,0.35012999999999994,0.0,0.0
2024-06-18 04:41:14.500,561.5,0.0,0.0,0.554635,0.047909999999999994,0.0,0.17506499999999997,0.0,0.0
2024-06-18 04:41:15.000,562.0,0.0,0.0,0.6965199999999999,0.09581999999999999,0.0,0.0,0.0,0.0
2024-06-18 04:41:15.500,562.5,0.07800000000000001,0.0,0.6467499999999999,0.29894999999999994,0.0,0.15759999999999996,0.0,0.0
2024-06-18 04:41:16.000,563.0,0.15600000000000003,0.0,0.59698,0.50208,0.0,0.3151999999999999,0.0,0.0
2024-06-18 04:41:16.500,563.5,0.07800000000000001,0.0,0.41056,0.25104,0.0,0.2855599999999999,0.0,0.0
2024-06-18 04:41:17.000,564.0,0.0,0.0,0.22414,0.0,0.0,0.25592,0.0,0.0
2024-06-18 04:41:17.500,564.5,0.0,0.0,0.191645,0.0,0.0,0.25612,0.0,0.0
2024-06-18 04:41:18.000,565.0,0.0,0.0,0.15915,0.0,0.0,0.25632,0.0,0.0
2024-06-18 04:41:18.500,565.5,0.0,0.0,0.23892500000000003,0.0,0.0,0.19244,0.0,0.0
2024-06-18 04:41:19.000,566.0,0.0,0.0,0.31870000000000004,0.0,0.0,0.12856,0.0,0.0
2024-06-18 04:41:19.500,566.5,0.0,0.0,0.28583000000000003,0.0,0.0,0.19244,0.0,0.0
2024-06-18 04:41:20.000,567.0,0.0,0.0,0.25296,0.0,0.0,0.25632,0.0,0.0
2024-06-18 04:41:20.500,567.5,0.0,0.0,0.27048000000000005,0.0,0.0,0.20821,0.0,0.0
2024-06-18 04:41:21.000,568.0,0.0,0.0,0.28800000000000003,0.0,0.0,0.16010000000000002,0.0,0.0
2024-06-18 04:41:21.500,568.5,0.0,0.0,0.20814000000000002,0.0,0.0,0.20793,0.0,0.0
2024-06-18 04:41:22.000,569.0,0.0,0.0,0.12828,0.0,0.0,0.25576,0.0,0.0
2024-06-18 04:41:22.500,569.5,0.0,0.0,0.33223,0.0,0.0,0.9655450000000001,0.0,0.0
2024-06-18 04:41:23.000,570.0,0.0,0.0,0.53618,0.0,0.0,1.6753300000000002,0.0,0.0
2024-06-18 04:41:23.500,570.5,0.0,0.0,0.39565,0.0,0.0,1.3603850000000002,0.0,0.0
2024-06-18 04:41:24.000,571.0,0.0,0.0,0.25512,0.0,0.0,1.0454400000000001,0.0,0.0
2024-06-18 04:41:24.500,571.5,1.04319,0.0,0.26688,1.2783800000000003,0.0,0.7095,0.0,0.0
2024-06-18 04:41:25.000,572.0,2.08638,0.0,0.27864000000000005,2.5567600000000006,0.0,0.37356,0.0,0.0
2024-06-18 04:41:25.500,572.5,1.04319,0.0,0.13932000000000003,1.2783800000000003,0.0,0.18678,0.0,0.0
2024-06-18 04:41:26.000,573.0,0.0,0.0,0.0,0.0,0.0,0.0,0.0,0.0
2024-06-18 04:41:26.500,573.5,0.0,0.0,0.06396,0.0,0.0,0.11210500000000002,0.0,0.0
2024-06-18 04:41:27.000,574.0,0.0,0.0,0.12792,0.0,0.0,0.22421000000000005,0.0,0.0
2024-06-18 04:41:27.500,574.5,0.0,0.0,0.12812,0.0,0.0,0.11210500000000002,0.0,0.0
2024-06-18 04:41:28.000,575.0,0.0,0.0,0.12832000000000002,0.0,0.0,0.0,0.0,0.0
2024-06-18 04:41:28.500,575.5,0.0,0.0,0.12832000000000002,0.0,0.0,0.0,0.0,0.0
2024-06-18 04:41:29.000,576.0,0.0,0.0,0.12832000000000002,0.0,0.0,0.0,0.0,0.0
2024-06-18 04:41:29.500,576.5,0.0,0.0,0.06416000000000001,0.0,0.0,0.07947500000000002,0.0,0.0
2024-06-18 04:41:30.000,577.0,0.0,0.0,0.0,0.0,0.0,0.15895000000000004,0.0,0.0
2024-06-18 04:41:30.500,577.5,0.0,0.0,0.0,0.0,0.0,0.11131500000000003,0.0,0.0
2024-06-18 04:41:31.000,578.0,0.0,0.0,0.0,0.0,0.0,0.06368,0.0,0.0
2024-06-18 04:41:31.500,578.5,0.0,0.0,0.14382000000000003,0.0,0.0,0.14390999999999998,0.0,0.0
2024-06-18 04:41:32.000,579.0,0.0,0.0,0.28764000000000006,0.0,0.0,0.22414,0.0,0.0
2024-06-18 04:41:32.500,579.5,0.0,0.0,0.27146000000000003,0.0,0.0,0.20828,0.0,0.0
2024-06-18 04:41:33.000,580.0,0.0,0.0,0.25528,0.0,0.0,0.19241999999999998,0.0,0.0
2024-06-18 04:41:33.500,580.5,0.0,0.0,0.12764,0.0,0.0,0.09620999999999999,0.0,0.0
2024-06-18 04:41:34.000,581.0,0.0,0.0,0.0,0.0,0.0,0.0,0.0,0.0
2024-06-18 04:41:34.500,581.5,0.0,0.0,0.09618000000000002,0.0,0.0,0.03189,0.0,0.0
2024-06-18 04:41:35.000,582.0,0.0,0.0,0.19236000000000003,0.0,0.0,0.06378,0.0,0.0
2024-06-18 04:41:35.500,582.5,0.0,0.0,0.22382000000000002,0.0,0.0,0.08001,0.0,0.0
2024-06-18 04:41:36.000,583.0,0.0,0.0,0.25528,0.0,0.0,0.09624,0.0,0.0
2024-06-18 04:41:36.500,583.5,0.0,0.0,0.143495,0.0,0.0,0.11148,0.0,0.0
2024-06-18 04:41:37.000,584.0,0.0,0.0,0.03171,0.0,0.0,0.12672,0.0,0.0
2024-06-18 04:41:37.500,584.5,0.0,0.0,0.12715500000000002,0.0,0.0,0.09523999999999999,0.0,0.0
2024-06-18 04:41:38.000,585.0,0.0,0.0,0.22260000000000002,0.0,0.0,0.06376,0.0,0.0
2024-06-18 04:41:38.500,585.5,0.0,0.0,0.19115000000000001,0.0,0.0,0.09617999999999999,0.0,0.0
2024-06-18 04:41:39.000,586.0,0.0,0.0,0.1597,0.0,0.0,0.1286,0.0,0.0
2024-06-18 04:41:39.500,586.5,0.0,0.0,0.127505,0.0,0.0,0.09631,0.0,0.0
2024-06-18 04:41:40.000,587.0,0.0,0.0,0.09530999999999999,0.0,0.0,0.06402000000000001,0.0,0.0
2024-06-18 04:41:40.500,587.5,0.0,0.0,0.143835,0.0,0.0,0.032010000000000004,0.0,0.0
2024-06-18 04:41:41.000,588.0,0.0,0.0,0.19236,0.0,0.0,0.0,0.0,0.0
2024-06-18 04:41:41.500,588.5,0.0,0.0,0.09618,0.0,0.0,0.09522,0.0,0.0
2024-06-18 04:41:42.000,589.0,0.0,0.0,0.0,0.0,0.0,0.19044,0.0,0.0
2024-06-18 04:41:42.500,589.5,0.0,0.0,0.047715,0.0,0.0,0.15874,0.0,0.0
2024-06-18 04:41:43.000,590.0,0.0,0.0,0.09543,0.0,0.0,0.12704000000000001,0.0,0.0
2024-06-18 04:41:43.500,590.5,0.0,0.0,0.047715,0.0,0.0,0.11149,0.0,0.0
2024-06-18 04:41:44.000,591.0,0.0,0.0,0.0,0.0,0.0,0.09594000000000001,0.0,0.0
2024-06-18 04:41:44.500,591.5,0.0,0.0,0.032170000000000004,0.0,0.0,0.047970000000000006,0.0,0.0
2024-06-18 04:41:45.000,592.0,0.0,0.0,0.06434000000000001,0.0,0.0,0.0,0.0,0.0
2024-06-18 04:41:45.500,592.5,0.0,0.0,0.14291,0.0,0.0,0.04798499999999999,0.0,0.0
2024-06-18 04:41:46.000,593.0,0.0,0.0,0.22148,0.0,0.0,0.09596999999999999,0.0,0.0
2024-06-18 04:41:46.500,593.5,0.0,0.0,0.190865,0.0,0.0,0.06391,0.0,0.0
2024-06-18 04:41:47.000,594.0,0.0,0.0,0.16025,0.0,0.0,0.03185,0.0,0.0
2024-06-18 04:41:47.500,594.5,0.0,0.0,0.1598,0.0,0.0,0.11117499999999998,0.0,0.0
2024-06-18 04:41:48.000,595.0,0.0,0.0,0.15935000000000002,0.0,0.0,0.19049999999999997,0.0,0.0
2024-06-18 04:41:48.500,595.5,0.0,0.0,0.11132500000000001,0.0,0.0,0.17462499999999997,0.0,0.0
2024-06-18 04:41:49.000,596.0,0.0,0.0,0.0633,0.0,0.0,0.15875,0.0,0.0
2024-06-18 04:41:49.500,596.5,0.0,0.0,0.03165,0.0,0.0,0.079375,0.0,0.0
2024-06-18 04:41:50.000,597.0,0.0,0.0,0.0,0.0,0.0,0.0,0.0,0.0
2024-06-18 04:41:50.500,597.5,0.0,0.0,0.015905,0.0,0.0,0.0,0.0,0.0
2024-06-18 04:41:51.000,598.0,0.0,0.0,0.03181,0.0,0.0,0.0,0.0,0.0
2024-06-18 04:41:51.500,598.5,0.31220000000000003,0.0,0.062735,1.5219399999999998,0.0,0.13760999999999998,0.0,0.0
2024-06-18 04:41:52.000,599.0,0.6244000000000001,0.0,0.09366,3.0438799999999997,0.0,0.27521999999999996,0.0,0.0
2024-06-18 04:41:52.500,599.5,0.31220000000000003,0.0,0.14244,1.5219399999999998,0.0,0.23357999999999995,0.0,0.0
2024-06-18 04:41:53.000,600.0,0.0,0.0,0.19122,0.0,0.0,0.19193999999999997,0.0,0.0
2024-06-18 04:41:53.500,600.5,0.0,0.0,0.143325,0.0,0.0,0.09596999999999999,0.0,0.0
2024-06-18 04:41:54.000,601.0,0.0,0.0,0.09543,0.0,0.0,0.0,0.0,0.0
2024-06-18 04:41:54.500,601.5,0.0,0.0,0.12754000000000001,0.0,0.0,0.016015,0.0,0.0
2024-06-18 04:41:55.000,602.0,0.0,0.0,0.15965000000000001,0.0,0.0,0.03203,0.0,0.0
2024-06-18 04:41:55.500,602.5,0.0,0.0,0.09580000000000001,0.0,0.0,0.11189500000000001,0.0,0.0
2024-06-18 04:41:56.000,603.0,0.0,0.0,0.031950000000000006,0.0,0.0,0.19176,0.0,0.0
2024-06-18 04:41:56.500,603.5,0.0,0.0,0.31750500000000004,0.06362,0.0,0.3819,0.0,0.0
2024-06-18 04:41:57.000,604.0,0.0,0.0,0.60306,0.12724,0.0,0.57204,0.0,0.0
2024-06-18 04:41:57.500,604.5,0.4535600000000001,0.0,0.49071,1.087045,0.0,0.736245,0.0,0.0
2024-06-18 04:41:58.000,605.0,0.9071200000000001,0.0,0.37836,2.04685,0.0,0.9004500000000001,0.0,0.0
2024-06-18 04:41:58.500,605.5,1.3436150000000002,0.0,0.979935,2.500165,0.0,0.9964000000000002,0.0,0.0
2024-06-18 04:41:59.000,606.0,1.7801100000000003,0.0,1.58151,2.9534800000000003,0.0,1.0923500000000002,0.0,0.0
2024-06-18 04:41:59.500,606.5,1.4129400000000003,0.0,0.961915,2.02904,0.0,0.718435,0.0,0.0
2024-06-18 04:42:00.000,607.0,1.04577,0.0,0.34231999999999996,1.1046,0.0,0.34451999999999994,0.0,0.0
2024-06-18 04:42:00.500,607.5,0.522885,0.0,0.17115999999999998,0.5523,0.0,0.26849999999999996,0.0,0.0
2024-06-18 04:42:01.000,608.0,0.0,0.0,0.0,0.0,0.0,0.19248,0.0,0.0
2024-06-18 04:42:01.500,608.5,0.0,0.0,0.03167,0.0,0.0,0.176365,0.0,0.0
2024-06-18 04:42:02.000,609.0,0.0,0.0,0.06334,0.0,0.0,0.16025,0.0,0.0
2024-06-18 04:42:02.500,609.5,0.0,0.0,0.11137,0.0,0.0,0.160375,0.0,0.0
2024-06-18 04:42:03.000,610.0,0.0,0.0,0.15940000000000001,0.0,0.0,0.1605,0.0,0.0
2024-06-18 04:42:03.500,610.5,0.0,0.0,0.22302500000000003,0.0,0.0,0.19179500000000002,0.0,0.0
2024-06-18 04:42:04.000,611.0,0.0,0.0,0.28665,0.0,0.0,0.22309000000000004,0.0,0.0
2024-06-18 04:42:04.500,611.5,0.0,0.0,0.25546500000000005,0.0,0.0,0.14350500000000002,0.0,0.0
2024-06-18 04:42:05.000,612.0,0.0,0.0,0.22428000000000003,0.0,0.0,0.06392,0.0,0.0
2024-06-18 04:42:05.500,612.5,0.0,0.0,0.19149000000000002,0.0,0.0,0.047975000000000004,0.0,0.0
2024-06-18 04:42:06.000,613.0,0.0,0.0,0.1587,0.0,0.0,0.03203,0.0,0.0
2024-06-18 04:42:06.500,613.5,0.0,0.31100000000000005,0.094655,0.0,0.13999499999999998,0.140415,1.9932650000000003,0.7488
2024-06-18 04:42:07.000,614.0,0.0,0.6220000000000001,0.030610000000000002,0.0,0.27998999999999996,0.2488,3.9865300000000006,1.4976
2024-06-18 04:42:07.500,614.5,0.0,0.8529750000000001,0.015305000000000001,0.0,0.47043,0.21743,4.29014,1.40232
2024-06-18 04:42:08.000,615.0,0.0,1.0839500000000002,0.0,0.0,0.6608700000000001,0.18606,4.59375,1.3070400000000002
2024-06-18 04:42:08.500,615.5,0.0,0.5419750000000001,0.06356,0.0,0.33043500000000003,0.15717,2.296875,0.6535200000000001
2024-06-18 04:42:09.000,616.0,0.0,0.0,0.12712,0.0,0.0,0.12828,0.0,0.0
2024-06-18 04:42:09.500,616.5,0.0,0.0,0.12694,0.0,0.0,0.12812,0.0,0.0
2024-06-18 04:42:10.000,617.0,0.0,0.0,0.12676,0.0,0.0,0.12796,0.0,0.0
2024-06-18 04:42:10.500,617.5,0.0,0.5508,0.27646000000000004,0.0,0.33725999999999995,0.06398,1.64138,0.14107499999999998
2024-06-18 04:42:11.000,618.0,0.0,1.1016,0.42616000000000004,0.0,0.6745199999999999,0.0,3.28276,0.28214999999999996
2024-06-18 04:42:11.500,618.5,0.0,0.816085,0.27592,0.0,0.9770650000000001,0.28035000000000004,1.7662600000000002,0.735015
2024-06-18 04:42:12.000,619.0,0.0,0.53057,0.12568,0.0,1.2796100000000001,0.5607000000000001,0.24976,1.18788
2024-06-18 04:42:12.500,619.5,0.0,0.265285,0.18951999999999997,0.0,0.6398050000000001,0.32812500000000006,0.12488,0.59394
2024-06-18 04:42:13.000,620.0,0.0,0.0,0.25336,0.0,0.0,0.09555,0.0,0.0
2024-06-18 04:42:13.500,620.5,0.0,0.0,0.42298499999999994,0.0,0.06182000000000001,0.17213499999999998,2.17986,0.7777499999999999
2024-06-18 04:42:14.000,621.0,0.0,0.0,0.59261,0.0,0.12364000000000001,0.24872,4.35972,1.5554999999999999
2024-06-18 04:42:14.500,621.5,0.0,0.0,0.424105,0.0,0.06182000000000001,0.172375,2.17986,0.7777499999999999
2024-06-18 04:42:15.000,622.0,0.0,0.0,0.25560000000000005,0.0,0.0,0.09603,0.0,0.0
2024-06-18 04:42:15.500,622.5,0.0,0.0,0.25532,0.0,0.0,0.079905,0.0,0.0
2024-06-18 04:42:16.000,623.0,0.0,0.0,0.25504,0.0,0.0,0.06378,0.0,0.0
2024-06-18 04:42:16.500,623.5,0.0,0.0,0.271025,0.0,0.0,0.11139,0.0,0.0
2024-06-18 04:42:17.000,624.0,0.0,0.0,0.28701000000000004,0.0,0.0,0.159,0.0,0.0
2024-06-18 04:42:17.500,624.5,0.0,0.0,0.22325500000000004,0.0,0.0,0.14312,0.0,0.0
2024-06-18 04:42:18.000,625.0,0.0,0.0,0.15950000000000003,0.0,0.0,0.12724,0.0,0.0
2024-06-18 04:42:18.500,625.5,0.0,0.0,0.17557,0.0,0.0,0.06362,0.0,0.0
2024-06-18 04:42:19.000,626.0,0.0,0.0,0.19163999999999998,0.0,0.0,0.0,0.0,0.0
2024-06-18 04:42:19.500,626.5,0.0,0.0,0.09581999999999999,0.0,0.0,0.12780000000000002,0.0,0.0
2024-06-18 04:42:20.000,627.0,0.0,0.0,0.0,0.0,0.0,0.25560000000000005,0.0,0.0
2024-06-18 04:42:20.500,627.5,0.0,0.0,0.11193000000000002,0.0,0.0,0.19194000000000003,0.0,0.0
2024-06-18 04:42:21.000,628.0,0.0,0.0,0.22386000000000003,0.0,0.0,0.12828,0.0,0.0
2024-06-18 04:42:21.500,628.5,0.09432,0.0,0.36201000000000005,0.28286999999999995,0.0,3.0255950000000005,0.0,0.0
2024-06-18 04:42:22.000,629.0,0.18864,0.0,0.50016,0.5657399999999999,0.0,5.922910000000001,0.0,0.0
2024-06-18 04:42:22.500,629.5,0.09432,0.0,0.7752749999999999,0.28286999999999995,0.0,3.0407050000000004,0.0,0.0
2024-06-18 04:42:23.000,630.0,0.0,0.0,1.05039,0.0,0.0,0.1585,0.0,0.0
2024-06-18 04:42:23.500,630.5,0.0,0.0,0.6052949999999999,0.0,0.0,0.11124,0.0,0.0
2024-06-18 04:42:24.000,631.0,0.0,0.0,0.1602,0.0,0.0,0.06398,0.0,0.0
2024-06-18 04:42:24.500,631.5,0.0,0.0,0.12774000000000002,0.0,0.0,0.22351,0.0,0.0
2024-06-18 04:42:25.000,632.0,0.0,0.0,0.09528,0.0,0.0,0.38304,0.0,0.0
2024-06-18 04:42:25.500,632.5,0.0,0.0,0.17564000000000002,0.0,0.0,0.23962499999999998,0.0,0.0
2024-06-18 04:42:26.000,633.0,0.0,0.0,0.256,0.0,0.0,0.09620999999999999,0.0,0.0
2024-06-18 04:42:26.500,633.5,0.0,0.0,0.22349,0.0,0.0,0.112265,0.0,0.0
2024-06-18 04:42:27.000,634.0,0.0,0.0,0.19097999999999998,0.0,0.0,0.12832000000000002,0.0,0.0
2024-06-18 04:42:27.500,634.5,0.0,0.0,0.15931,0.0,0.0,0.14351000000000003,0.0,0.0
2024-06-18 04:42:28.000,635.0,0.0,0.0,0.12764,0.0,0.0,0.15870000000000004,0.0,0.0
2024-06-18 04:42:28.500,635.5,0.0,0.0,0.17550500000000002,0.0,0.0,0.22303500000000004,0.0,0.0
2024-06-18 04:42:29.000,636.0,0.0,0.0,0.22337,0.0,0.0,0.28737,0.0,0.0
2024-06-18 04:42:29.500,636.5,0.0,0.0,0.111685,0.0,0.0,0.20736500000000002,0.0,0.0
2024-06-18 04:42:30.000,637.0,0.0,0.0,0.0,0.0,0.0,0.12736,0.0,0.0
2024-06-18 04:42:30.500,637.5,0.0,0.0,0.0,0.0,0.0,0.19,0.0,0.0
2024-06-18 04:42:31.000,638.0,0.0,0.0,0.0,0.0,0.0,0.25264,0.0,0.0
2024-06-18 04:42:31.500,638.5,0.0,0.0,0.06366,0.0,0.0,0.17414,0.0,0.0
2024-06-18 04:42:32.000,639.0,0.0,0.0,0.12732,0.0,0.0,0.09563999999999999,0.0,0.0
2024-06-18 04:42:32.500,639.5,0.0,0.0,0.1276,0.0,0.0,0.09552,0.0,0.0
2024-06-18 04:42:33.000,640.0,0.0,0.0,0.12788,0.0,0.0,0.0954,0.0,0.0
2024-06-18 04:42:33.500,640.5,0.0,0.0,0.14374,0.0,0.0,0.11149999999999999,0.0,0.0
2024-06-18 04:42:34.000,641.0,0.0,0.0,0.15960000000000002,0.0,0.0,0.1276,0.0,0.0
2024-06-18 04:42:34.500,641.5,0.0,0.0,0.19194000000000003,0.0,0.0,0.079815,0.0,0.0
2024-06-18 04:42:35.000,642.0,0.0,0.0,0.22428000000000003,0.0,0.0,0.03203,0.0,0.0
2024-06-18 04:42:35.500,642.5,0.25008,0.0,1.5165899999999997,1.3167,0.0,0.44410000000000005,0.0,0.0
2024-06-18 04:42:36.000,643.0,0.50016,0.0,2.8088999999999995,2.6334,0.0,0.8561700000000001,0.0,0.0
2024-06-18 04:42:36.500,643.5,0.50416,0.0,2.78775,1.5081,0.0,0.47545500000000007,0.0,0.0
2024-06-18 04:42:37.000,644.0,0.5081600000000001,0.0,2.7666,0.3828,0.0,0.09473999999999999,0.0,0.0
2024-06-18 04:42:37.500,644.5,0.25408000000000003,0.0,1.43124,0.1914,0.0,0.047369999999999995,0.0,0.0
2024-06-18 04:42:38.000,645.0,0.0,0.0,0.09588,0.0,0.0,0.0,0.0,0.0
2024-06-18 04:42:38.500,645.5,0.0,0.0,0.17522,0.0,0.0,0.047955,0.0,0.0
2024-06-18 04:42:39.000,646.0,0.0,0.0,0.25456,0.0,0.0,0.09591,0.0,0.0
2024-06-18 04:42:39.500,646.5,0.0,0.0,0.22316000000000003,0.0,0.0,0.047955,0.0,0.0
2024-06-18 04:42:40.000,647.0,0.0,0.0,0.19176,0.0,0.0,0.0,0.0,0.0
2024-06-18 04:42:40.500,647.5,0.0,0.0,0.25508000000000003,0.0,0.0,0.07990000000000001,0.0,0.0
2024-06-18 04:42:41.000,648.0,0.0,0.0,0.3184,0.0,0.0,0.15980000000000003,0.0,0.0
2024-06-18 04:42:41.500,648.5,0.0,0.0,0.19142,0.0,0.0,0.14348000000000002,0.0,0.0
2024-06-18 04:42:42.000,649.0,0.0,0.0,0.06444000000000001,0.0,0.0,0.12716000000000002,0.0,0.0
2024-06-18 04:42:42.500,649.5,0.0,0.0,0.17541000000000007,0.0,0.0,0.17568500000000004,0.0,0.0
2024-06-18 04:42:43.000,650.0,0.0,0.0,0.2863800000000001,0.0,0.0,0.22421000000000005,0.0,0.0
2024-06-18 04:42:43.500,650.5,0.0,0.0,0.19125000000000003,0.0,0.0,0.11210500000000002,0.0,0.0
2024-06-18 04:42:44.000,651.0,0.0,0.0,0.09612,0.0,0.0,0.0,0.0,0.0
2024-06-18 04:42:44.500,651.5,0.0,0.0,0.11199999999999999,0.0,0.0,0.04788,0.0,0.0
2024-06-18 04:42:45.000,652.0,0.0,0.0,0.12788,0.0,0.0,0.09576,0.0,0.0
2024-06-18 04:42:45.500,652.5,0.0,0.0,0.15883,0.0,0.0,0.14403,0.0,0.0
2024-06-18 04:42:46.000,653.0,0.0,0.0,0.18978,0.0,0.0,0.1923,0.0,0.0
2024-06-18 04:42:46.500,653.5,0.0,0.0,0.12662,0.0,0.0,0.17575000000000002,0.0,0.0
2024-06-18 04:42:47.000,654.0,0.0,0.0,0.06346,0.0,0.0,0.1592,0.0,0.0
2024-06-18 04:42:47.500,654.5,0.0,0.0,0.09521000000000002,0.0,0.0,0.14376,0.0,0.0
2024-06-18 04:42:48.000,655.0,0.0,0.0,0.12696000000000002,0.0,0.0,0.12832000000000002,0.0,0.0
2024-06-18 04:42:48.500,655.5,0.0,0.0,0.06348000000000001,0.0,0.0,0.25544,0.0,0.0
2024-06-18 04:42:49.000,656.0,0.0,0.0,0.0,0.0,0.0,0.38256,0.0,0.0
2024-06-18 04:42:49.500,656.5,0.0,0.0,0.17578,0.0,0.0,0.20741,0.0,0.0
2024-06-18 04:42:50.000,657.0,0.0,0.0,0.35156,0.0,0.0,0.03226,0.0,0.0
2024-06-18 04:42:50.500,657.5,0.0,0.0,0.28736,0.0,0.0,0.12827,0.0,0.0
2024-06-18 04:42:51.000,658.0,0.0,0.0,0.22316,0.0,0.0,0.22428,0.0,0.0
2024-06-18 04:42:51.500,658.5,0.0,0.0,0.15900999999999998,0.0,0.0,0.15987,0.0,0.0
2024-06-18 04:42:52.000,659.0,0.0,0.0,0.09486,0.0,0.0,0.09546,0.0,0.0
2024-06-18 04:42:52.500,659.5,0.0,0.0,0.04743,0.0,0.0,0.09556500000000001,0.0,0.0
2024-06-18 04:42:53.000,660.0,0.0,0.0,0.0,0.0,0.0,0.09567,0.0,0.0
2024-06-18 04:42:53.500,660.5,0.0,0.0,0.015955,0.0,0.0,0.047835,0.0,0.0
2024-06-18 04:42:54.000,661.0,0.0,0.0,0.03191,0.0,0.0,0.0,0.0,0.0
2024-06-18 04:42:54.500,661.5,0.0,0.0,0.079675,0.0,0.0,0.07985,0.0,0.0
2024-06-18 04:42:55.000,662.0,0.0,0.0,0.12744,0.0,0.0,0.1597,0.0,0.0
2024-06-18 04:42:55.500,662.5,0.0,0.0,0.17589500000000002,0.0,0.0,0.17543,0.0,0.0
2024-06-18 04:42:56.000,663.0,0.0,0.0,0.22435000000000002,0.0,0.0,0.19116,0.0,0.0
2024-06-18 04:42:56.500,663.5,0.0,0.0,0.11217500000000001,0.0,0.0,0.15905999999999998,0.0,0.0
2024-06-18 04:42:57.000,664.0,0.0,0.0,0.0,0.0,0.0,0.12696,0.0,0.0
2024-06-18 04:42:57.500,664.5,0.0,0.0,0.03185,0.0,0.0,0.06348,0.0,0.0
2024-06-18 04:42:58.000,665.0,0.0,0.0,0.0637,0.0,0.0,0.0,0.0,0.0
2024-06-18 04:42:58.500,665.5,0.0,0.0,0.14343,0.0,0.0,0.06380000000000001,0.0,0.0
2024-06-18 04:42:59.000,666.0,0.0,0.0,0.22316,0.0,0.0,0.12760000000000002,0.0,0.0
2024-06-18 04:42:59.500,666.5,0.0,0.0,0.27158000000000004,0.0,0.0,0.12828,0.0,0.0
2024-06-18 04:43:00.000,667.0,0.0,0.0,0.32000000000000006,0.0,0.0,0.12896000000000002,0.0,0.0
2024-06-18 04:43:00.500,667.5,0.0,0.0,0.22352000000000005,0.0,0.0,0.112045,0.0,0.0
2024-06-18 04:43:01.000,668.0,0.0,0.0,0.12704000000000001,0.0,0.0,0.09513,0.0,0.0
2024-06-18 04:43:01.500,668.5,0.4505150000000001,0.0,2.30232,0.55872,0.0,1.03761,0.0,0.0
2024-06-18 04:43:02.000,669.0,0.9010300000000002,0.0,4.4776,1.11744,0.0,1.98009,0.0,0.0
2024-06-18 04:43:02.500,669.5,0.4505150000000001,0.0,3.47989,0.58989,0.0,3.098745,0.0,0.0
2024-06-18 04:43:03.000,670.0,0.0,0.0,2.4821800000000005,0.06234,0.0,4.2174000000000005,0.0,0.0
2024-06-18 04:43:03.500,670.5,0.0,0.0,2.5514900000000003,0.9614699999999998,0.0,3.1993,0.0,0.0
2024-06-18 04:43:04.000,671.0,0.0,0.0,2.6208000000000005,1.8605999999999998,0.0,2.1812,0.0,0.0
2024-06-18 04:43:04.500,671.5,2.23891,0.0,2.3419600000000003,3.353595,0.0,1.3997000000000002,0.0,0.0
2024-06-18 04:43:05.000,672.0,4.47782,0.0,2.06312,4.84659,0.0,0.6182000000000001,0.0,0.0
2024-06-18 04:43:05.500,672.5,2.3164350000000002,0.0,3.6204400000000003,2.485395,0.0,2.8021850000000006,0.0,0.0
2024-06-18 04:43:06.000,673.0,0.15505000000000002,0.0,5.17776,0.1242,0.0,4.98617,0.0,0.0
2024-06-18 04:43:06.500,673.5,0.21806,0.0,2.68344,0.26632999999999996,0.0,2.587825,0.0,0.0
2024-06-18 04:43:07.000,674.0,0.28107,0.0,0.18912,0.40846,0.0,0.18948,0.0,0.0
2024-06-18 04:43:07.500,674.5,0.6779600000000001,0.0,0.6700950000000001,0.314165,0.0,1.95294,0.0,0.0
2024-06-18 04:43:08.000,675.0,1.07485,0.0,1.15107,0.21987,0.0,3.7163999999999997,0.0,0.0
2024-06-18 04:43:08.500,675.5,0.537425,0.41836500000000004,0.74488,0.109935,0.3106,1.9197799999999998,0.0,0.0
2024-06-18 04:43:09.000,676.0,0.0,0.8367300000000001,0.33869,0.0,0.6212,0.12315999999999999,0.0,0.0
2024-06-18 04:43:09.500,676.5,0.0,0.752765,0.46714500000000003,0.0,0.493,0.0912,4.74353,1.1906700000000001
2024-06-18 04:43:10.000,677.0,0.0,0.6688,0.5956,0.0,0.3648,0.05924000000000001,9.48706,2.3813400000000002
2024-06-18 04:43:10.500,677.5,0.0,0.7108399999999999,0.35958,0.0,0.43232,0.15294000000000002,6.994655,1.89222
2024-06-18 04:43:11.000,678.0,0.0,0.75288,0.12356,0.0,0.49983999999999995,0.24664000000000003,4.50225,1.4030999999999998
2024-06-18 04:43:11.500,678.5,0.0,0.37644,0.21888000000000002,0.0,0.24991999999999998,0.12332000000000001,2.839795,0.7176199999999999
2024-06-18 04:43:12.000,679.0,0.0,0.0,0.31420000000000003,0.0,0.0,0.0,1.17734,0.03214
2024-06-18 04:43:12.500,679.5,0.0,0.04656,0.21826,0.0,0.296495,0.0,3.52322,0.83545
2024-06-18 04:43:13.000,680.0,0.0,0.09312,0.12232,0.0,0.59299,0.0,5.8690999999999995,1.63876
2024-06-18 04:43:13.500,680.5,0.0,0.04656,0.189,0.0,0.296495,0.09567,2.9345499999999998,0.81938
2024-06-18 04:43:14.000,681.0,0.0,0.0,0.25567999999999996,0.0,0.0,0.19134,0.0,0.0
2024-06-18 04:43:14.500,681.5,0.0,1.1911900000000002,0.17469999999999997,0.0,0.796875,0.12682000000000002,0.0,0.49872
2024-06-18 04:43:15.000,682.0,0.0,2.3823800000000004,0.09372,0.0,1.59375,0.06230000000000001,0.0,0.99744
2024-06-18 04:43:15.500,682.5,0.0,1.3904150000000002,0.30891500000000005,0.0,1.152225,0.13951000000000002,0.20202,0.97984
2024-06-18 04:43:16.000,683.0,0.0,0.39845,0.5241100000000001,0.0,0.7106999999999999,0.21672000000000002,0.40404,0.96224
2024-06-18 04:43:16.500,683.5,0.0,0.430975,0.449975,0.0,0.63327,0.23336,0.20202,0.85168
2024-06-18 04:43:17.000,684.0,0.0,0.46349999999999997,0.37583999999999995,0.0,0.5558400000000001,0.25,0.0,0.74112
2024-06-18 04:43:17.500,684.5,0.0,0.23174999999999998,0.47214000000000006,0.0,0.27792000000000006,0.21884,0.0,0.37056
2024-06-18 04:43:18.000,685.0,0.0,0.0,0.5684400000000002,0.0,0.0,0.18768,0.0,0.0
2024-06-18 04:43:18.500,685.5,0.0,0.0,0.2842200000000001,0.0,0.0,0.09384,0.0,0.0
2024-06-18 04:43:19.000,686.0,0.0,0.0,0.0,0.0,0.0,0.0,0.0,0.0
2024-06-18 04:43:19.500,686.5,0.0,0.0,0.207935,0.0,0.0,0.0638,0.0,0.0
2024-06-18 04:43:20.000,687.0,0.0,0.0,0.41587,0.0,0.0,0.1276,0.0,0.0
2024-06-18 04:43:20.500,687.5,0.0,0.0,0.271355,0.0,0.0,0.11113999999999999,0.0,0.0
2024-06-18 04:43:21.000,688.0,0.0,0.0,0.12684,0.0,0.0,0.09467999999999999,0.0,0.0
2024-06-18 04:43:21.500,688.5,0.0,0.127,0.06342,0.0,0.0,0.126865,0.03108,0.11018
2024-06-18 04:43:22.000,689.0,0.0,0.254,0.0,0.0,0.0,0.15905000000000002,0.06216,0.22036
2024-06-18 04:43:22.500,689.5,0.0,0.93352,0.09333,0.0,0.3127,0.09515000000000001,0.80583,0.4392500000000001
2024-06-18 04:43:23.000,690.0,0.0,1.61304,0.18666,0.0,0.6254,0.03125,1.5495,0.6581400000000002
2024-06-18 04:43:23.500,690.5,0.0,1.0082149999999999,0.15501,0.0,0.8837949999999999,0.077765,1.06887,4.3824000000000005
2024-06-18 04:43:24.000,691.0,0.0,0.40338999999999997,0.12336000000000001,0.0,1.1421899999999998,0.12428000000000002,0.58824,8.106660000000002
2024-06-18 04:43:24.500,691.5,0.0,0.20169499999999999,0.061680000000000006,0.0,0.5710949999999999,0.20411500000000005,0.29412,4.053330000000001
2024-06-18 04:43:25.000,692.0,0.0,0.0,0.0,0.0,0.0,0.28395000000000004,0.0,0.0
2024-06-18 04:43:25.500,692.5,0.0,0.0,0.0,0.0,0.0,0.189255,0.0,0.0
2024-06-18 04:43:26.000,693.0,0.0,0.0,0.0,0.0,0.0,0.09456,0.0,0.0
2024-06-18 04:43:26.500,693.5,0.0,0.0,0.09459,0.0,0.0,0.222125,0.03153,0.0474
2024-06-18 04:43:27.000,694.0,0.0,0.0,0.18918,0.0,0.0,0.34969,0.06306,0.0948
2024-06-18 04:43:27.500,694.5,0.0,0.0,0.23661,0.0,0.0,0.285445,0.20675999999999997,0.0474
2024-06-18 04:43:28.000,695.0,0.0,0.0,0.28404,0.0,0.0,0.22120000000000004,0.35045999999999994,0.0
2024-06-18 04:43:28.500,695.5,0.0,0.0,0.28503,0.0,0.0,0.11060000000000002,0.17522999999999997,0.0
2024-06-18 04:43:29.000,696.0,0.0,0.0,0.28602000000000005,0.0,0.0,0.0,0.0,0.0
2024-06-18 04:43:29.500,696.5,0.0,0.0,2.4050100000000003,2.1484599999999996,0.0,4.622999999999999,0.0,0.0
2024-06-18 04:43:30.000,697.0,0.0,0.0,4.524,4.296919999999999,0.0,9.245999999999999,0.0,0.0
2024-06-18 04:43:30.500,697.5,1.94048,0.0,6.6000049999999995,7.09036,0.0,4.6854,0.0,0.0
2024-06-18 04:43:31.000,698.0,3.88096,0.0,8.676009999999998,9.8838,0.0,0.12480000000000001,0.0,0.0
2024-06-18 04:43:31.500,698.5,2.62493,0.0,5.8984549999999984,6.7530600000000005,0.0,1.20274,0.07685,0.0
2024-06-18 04:43:32.000,699.0,1.3688999999999998,0.0,3.1209,3.6223200000000007,0.0,2.28068,0.1537,0.0
2024-06-18 04:43:32.500,699.5,0.8052899999999998,0.0,4.74615,2.5729100000000003,0.0,4.93474,0.07685,0.0
2024-06-18 04:43:33.000,700.0,0.24168,0.0,6.3713999999999995,1.5234999999999999,0.0,7.588799999999999,0.0,0.0
2024-06-18 04:43:33.500,700.5,2.5712400000000004,0.0,5.806119999999999,1.5960999999999999,0.0,4.62114,0.0,0.0
2024-06-18 04:43:34.000,701.0,4.9008,0.0,5.240839999999999,1.6687,0.0,1.6534800000000003,0.0,0.0
2024-06-18 04:43:34.500,701.5,4.979615,0.0,4.2684999999999995,5.134670000000001,0.0,1.71292,0.0,0.0
2024-06-18 04:43:35.000,702.0,5.0584299999999995,0.0,3.2961599999999995,8.600640000000002,0.0,1.7723599999999997,0.0,0.0
2024-06-18 04:43:35.500,702.5,2.5292149999999998,0.0,1.7602549999999997,4.300320000000001,0.0,0.9180399999999999,0.0,0.0
2024-06-18 04:43:36.000,703.0,0.0,0.0,0.22435000000000002,0.0,0.0,0.06372,0.0,0.0
2024-06-18 04:43:36.500,703.5,0.06332000000000002,0.0,0.489935,0.0,0.0,0.09478,0.0,0.0
2024-06-18 04:43:37.000,704.0,0.12664000000000003,0.0,0.75552,0.0,0.0,0.12584,0.0,0.0
2024-06-18 04:43:37.500,704.5,3.0672200000000003,0.0,6.13611,0.90707,0.04399499999999999,3.7391699999999997,0.014805000000000002,0.0
2024-06-18 04:43:38.000,705.0,6.0078000000000005,0.0,11.516700000000002,1.81414,0.08798999999999998,7.352499999999999,0.029610000000000004,0.0
2024-06-18 04:43:38.500,705.5,6.77453,0.0,13.382550000000002,0.98067,0.04399499999999999,6.666225,0.014805000000000002,0.0
2024-06-18 04:43:39.000,706.0,7.541260000000001,0.0,15.248400000000002,0.1472,0.0,5.9799500000000005,0.0,0.0
2024-06-18 04:43:39.500,706.5,4.26215,0.0,8.134540000000001,1.0774599999999999,0.0,4.596935,0.0,0.0
2024-06-18 04:43:40.000,707.0,0.98304,0.0,1.02068,2.00772,0.0,3.2139200000000003,0.0,0.0
2024-06-18 04:43:40.500,707.5,2.36589,0.0,1.73296,2.72579,0.01438,9.490185,0.9936,0.02888
2024-06-18 04:43:41.000,708.0,3.7487399999999997,0.0,2.44524,3.44386,0.02876,15.766449999999999,1.9872,0.05776
2024-06-18 04:43:41.500,708.5,1.8743699999999999,0.06108000000000001,9.725735,1.72193,0.01438,7.92932,0.9936,0.02888
2024-06-18 04:43:42.000,709.0,0.0,0.12216000000000002,17.006230000000002,0.0,0.0,0.09219000000000001,0.0,0.0
2024-06-18 04:43:42.500,709.5,0.0,0.06108000000000001,9.966155,0.27693,0.0,5.55854,0.03036,0.0
2024-06-18 04:43:43.000,710.0,0.0,0.0,2.92608,0.55386,0.0,11.02489,0.06072,0.0
2024-06-18 04:43:43.500,710.5,0.0,0.0,1.51056,0.43443,0.0,5.62392,0.03036,0.0
2024-06-18 04:43:44.000,711.0,0.0,0.0,0.09504,0.315,0.0,0.22295000000000004,0.0,0.0
2024-06-18 04:43:44.500,711.5,0.0,0.0,0.04752,0.1575,0.0,0.11147500000000002,0.0,0.0
2024-06-18 04:43:45.000,712.0,0.0,0.0,0.0,0.0,0.0,0.0,0.0,0.0
2024-06-18 04:43:45.500,712.5,0.0,0.0,0.09308999999999999,0.0,0.0,0.015735000000000002,3.7655999999999996,0.0
2024-06-18 04:43:46.000,713.0,0.0,0.0,0.18617999999999998,0.0,0.0,0.031470000000000005,7.531199999999999,0.0
2024-06-18 04:43:46.500,713.5,0.0,0.0,0.69489,0.0,0.09054,4.159875,4.8595049999999995,0.0
2024-06-18 04:43:47.000,714.0,0.0,0.0,1.2036,0.0,0.18108,8.288280000000002,2.18781,0.0
2024-06-18 04:43:47.500,714.5,0.0,0.0,0.6018,0.0,0.09054,4.144140000000001,1.4375449999999999,0.0
2024-06-18 04:43:48.000,715.0,0.0,0.0,0.0,0.0,0.0,0.0,0.6872799999999999,0.0
2024-06-18 04:43:48.500,715.5,0.692325,0.0,0.1238,2.4504200000000003,0.15385000000000001,0.759,0.8014399999999999,0.0
2024-06-18 04:43:49.000,716.0,1.38465,0.0,0.2476,4.9008400000000005,0.30770000000000003,1.518,0.9155999999999999,0.0
2024-06-18 04:43:49.500,716.5,7.3240549999999995,0.0,0.2705,4.312875,0.53852,0.77386,5.020185,0.0
2024-06-18 04:43:50.000,717.0,13.26346,0.0,0.29340000000000005,3.72491,0.7693399999999999,0.02972,9.12477,0.0
2024-06-18 04:43:50.500,717.5,6.63173,0.0,2.1168,1.862455,0.665775,1.5308599999999997,9.699435,0.0
2024-06-18 04:43:51.000,718.0,0.0,0.0,3.9402,0.0,0.56221,3.0319999999999996,10.274099999999999,0.0
2024-06-18 04:43:51.500,718.5,0.0,0.0,2.17589,0.0,0.7476050000000001,1.5790999999999997,5.622974999999999,0.0
2024-06-18 04:43:52.000,719.0,0.0,0.0,0.41158,0.0,0.933,0.1262,0.9718499999999999,0.0
2024-06-18 04:43:52.500,719.5,0.0,0.0,0.26861,0.0,0.4665,0.11068,0.48592499999999994,0.0
2024-06-18 04:43:53.000,720.0,0.0,0.0,0.12564,0.0,0.0,0.09516,0.0,0.0
2024-06-18 04:43:53.500,720.5,0.015754999999999998,0.0,0.12542,0.0,0.0,0.14195999999999998,0.0,0.0
2024-06-18 04:43:54.000,721.0,0.031509999999999996,0.0,0.1252,0.0,0.0,0.18875999999999998,0.0,0.0
2024-06-18 04:43:54.500,721.5,0.124815,0.0,0.5571600000000001,0.0,0.0,0.39097000000000004,0.0,0.0
2024-06-18 04:43:55.000,722.0,0.21812,0.0,0.9891200000000001,0.0,0.0,0.59318,0.0,0.0
2024-06-18 04:43:55.500,722.5,0.66184,0.0,2.464,5.54372,0.06231999999999999,0.29659,0.0,0.04521
2024-06-18 04:43:56.000,723.0,1.1055599999999999,0.0,3.93888,11.08744,0.12463999999999999,0.0,0.0,0.09042
2024-06-18 04:43:56.500,723.5,7.697994999999999,0.0,2.4058900000000003,5.54372,0.06231999999999999,0.17915999999999999,0.0,0.04521
2024-06-18 04:43:57.000,724.0,14.290429999999999,0.0,0.8729,0.0,0.0,0.35831999999999997,0.0,0.0
2024-06-18 04:43:57.500,724.5,16.995715,0.0,0.99068,4.096875,0.39312,0.23706,0.0,0.0
2024-06-18 04:43:58.000,725.0,19.701,0.0,1.10846,8.19375,0.78624,0.1158,0.0,0.0
2024-06-18 04:43:58.500,725.5,23.44282,0.0,0.55423,5.724875,1.104,0.0579,0.0,0.0
2024-06-18 04:43:59.000,726.0,27.18464,0.0,0.0,3.2560000000000002,1.4217600000000001,0.0,0.0,0.0
2024-06-18 04:43:59.500,726.5,27.0163,0.0,1.84404,1.6280000000000001,0.7108800000000001,0.1008,0.0,0.0
2024-06-18 04:44:00.000,727.0,26.84796,0.0,3.68808,0.0,0.0,0.2016,0.0,0.0
2024-06-18 04:44:00.500,727.5,14.991125,0.0,2.07549,1.3781649999999999,0.18258,0.33299999999999996,0.0,0.0
2024-06-18 04:44:01.000,728.0,3.13429,0.0,0.46290000000000003,2.7563299999999997,0.36516,0.4644,0.0,0.0
2024-06-18 04:44:01.500,728.5,1.567145,0.0,0.3882,1.3781649999999999,0.798195,0.29491999999999996,0.0,0.0
2024-06-18 04:44:02.000,729.0,0.0,0.0,0.3135,0.0,1.23123,0.12544,0.0,0.0
2024-06-18 04:44:02.500,729.5,0.0,0.0,0.28215,0.0,0.772865,0.14064500000000002,0.0,0.0
2024-06-18 04:44:03.000,730.0,0.0,0.0,0.25079999999999997,0.0,0.3145,0.15585000000000002,0.0,0.0
2024-06-18 04:44:03.500,730.5,0.0,0.0,0.17266499999999999,0.0,0.9342499999999999,0.15645000000000003,0.0,0.0
2024-06-18 04:44:04.000,731.0,0.0,0.0,0.09452999999999999,0.0,1.5539999999999998,0.15705000000000002,0.0,0.0
2024-06-18 04:44:04.500,731.5,0.0,7.773250000000001,0.047264999999999995,0.0,0.9389199999999999,0.30157500000000004,0.0,5.5463000000000005
2024-06-18 04:44:05.000,732.0,0.0,15.546500000000002,0.0,0.0,0.32383999999999996,0.4461,0.0,11.092600000000001
2024-06-18 04:44:05.500,732.5,0.0,7.773250000000001,0.04678499999999999,0.0,0.16191999999999998,0.22305,0.0,5.593775000000001
2024-06-18 04:44:06.000,733.0,0.0,0.0,0.09356999999999999,0.0,0.0,0.0,0.0,0.09494999999999999
2024-06-18 04:44:06.500,733.5,0.0,3.7487999999999992,0.233985,0.0,0.0,0.20176000000000002,0.0,0.047474999999999996
2024-06-18 04:44:07.000,734.0,0.0,7.4975999999999985,0.3744,0.0,0.0,0.40352000000000005,0.0,0.0
2024-06-18 04:44:07.500,734.5,0.0,4.091009999999999,0.1872,0.0,0.293455,0.31047,0.0,1.26034
2024-06-18 04:44:08.000,735.0,0.0,0.6844199999999999,0.0,0.0,0.58691,0.21742,0.0,2.52068
2024-06-18 04:44:08.500,735.5,0.0,0.34220999999999996,0.24736000000000002,0.0,0.6010550000000001,0.10871,0.0,3.5110599999999996
2024-06-18 04:44:09.000,736.0,0.0,0.0,0.49472000000000005,0.0,0.6152000000000001,0.0,0.0,4.50144
2024-06-18 04:44:09.500,736.5,0.0,0.0,0.26285500000000006,0.0,0.44944000000000006,0.0316,0.06222,2.25072
2024-06-18 04:44:10.000,737.0,0.0,0.0,0.030990000000000004,0.0,0.28368000000000004,0.0632,0.12444,0.0
2024-06-18 04:44:10.500,737.5,0.0,1.9215099999999998,0.24356999999999995,0.0,2.03656,0.0316,0.37869,1.29344
2024-06-18 04:44:11.000,738.0,0.0,3.8430199999999997,0.45614999999999994,0.0,3.78944,0.0,0.6329400000000001,2.58688
2024-06-18 04:44:11.500,738.5,0.0,2.6632599999999997,0.287315,0.0,2.27772,0.0,4.805230000000002,2.7001199999999996
2024-06-18 04:44:12.000,739.0,0.0,1.4835,0.11847999999999999,0.0,0.766,0.0,8.977520000000002,2.8133599999999994
2024-06-18 04:44:12.500,739.5,0.0,0.74175,0.18608000000000002,0.0,0.383,0.07935,4.504645000000001,1.4066799999999997
2024-06-18 04:44:13.000,740.0,0.0,0.0,0.25368,0.0,0.0,0.1587,0.03177,0.0
2024-06-18 04:44:13.500,740.5,0.0,0.0,0.22221000000000002,0.0,0.0,0.19114000000000003,0.015885,0.0
2024-06-18 04:44:14.000,741.0,0.0,0.0,0.19074000000000002,0.0,0.0,0.22358000000000003,0.0,0.0
2024-06-18 04:44:14.500,741.5,0.0,0.0,0.27037999999999995,0.0,0.0,0.254935,0.0,0.0
2024-06-18 04:44:15.000,742.0,0.0,0.0,0.35001999999999994,0.0,0.0,0.28629000000000004,0.0,0.0
2024-06-18 04:44:15.500,742.5,0.0,0.0,0.25390999999999997,0.0,0.0,0.26998500000000003,0.0,0.0
2024-06-18 04:44:16.000,743.0,0.0,0.0,0.15780000000000002,0.0,0.0,0.25368,0.0,0.0
2024-06-18 04:44:16.500,743.5,0.0,0.0,0.125835,0.0,0.0,0.17418,0.06269999999999999,0.0
2024-06-18 04:44:17.000,744.0,0.0,0.0,0.09387,0.0,0.0,0.09467999999999999,0.12539999999999998,0.0
2024-06-18 04:44:17.500,744.5,0.0,0.0,0.331155,0.0,0.0,0.11054,0.06269999999999999,0.0
2024-06-18 04:44:18.000,745.0,0.0,0.0,0.56844,0.0,0.0,0.1264,0.0,0.0
2024-06-18 04:44:18.500,745.5,0.0,0.0,0.28422,0.0,0.0,0.25472,0.0,0.0
2024-06-18 04:44:19.000,746.0,0.0,0.0,0.0,0.0,0.0,0.38304,0.0,0.0
2024-06-18 04:44:19.500,746.5,0.0,0.0,0.0,0.0,0.0,0.27107000000000003,0.0,0.0
2024-06-18 04:44:20.000,747.0,0.0,0.0,0.0,0.0,0.0,0.15910000000000002,0.0,0.0
2024-06-18 04:44:20.500,747.5,0.0,0.0,0.11109000000000002,0.0,0.0,0.39725000000000005,0.0,0.0
2024-06-18 04:44:21.000,748.0,0.0,0.0,0.22218000000000004,0.0,0.0,0.6354000000000001,0.0,0.0
2024-06-18 04:44:21.500,748.5,0.71017,0.0,3.9564899999999996,2.3673,0.0,2.062755,0.0,0.0
2024-06-18 04:44:22.000,749.0,1.42034,0.0,7.690799999999999,4.7346,0.0,3.49011,0.0,0.0
2024-06-18 04:44:22.500,749.5,3.0821300000000003,0.0,3.8453999999999997,5.836400000000001,0.0,1.776155,0.0,0.0
2024-06-18 04:44:23.000,750.0,4.74392,0.0,0.0,6.938200000000001,0.0,0.062200000000000005,0.0,0.0
2024-06-18 04:44:23.500,750.5,6.21946,0.0,0.10696000000000001,6.360800000000001,0.0,0.12245,0.10748500000000001,0.0
2024-06-18 04:44:24.000,751.0,7.695,0.0,0.21392000000000003,5.7834,0.0,0.1827,0.21497000000000002,0.0
2024-06-18 04:44:24.500,751.5,3.8475,0.0,0.185985,3.08358,0.0,0.107085,0.10748500000000001,0.0
2024-06-18 04:44:25.000,752.0,0.0,0.0,0.15805000000000002,0.38376000000000005,0.0,0.031470000000000005,0.0,0.0
2024-06-18 04:44:25.500,752.5,0.0,0.0,0.36180500000000004,0.31948000000000004,0.0,0.36036499999999994,0.0,0.0
2024-06-18 04:44:26.000,753.0,0.0,0.0,0.5655600000000001,0.25520000000000004,0.0,0.6892599999999999,0.0,0.0
2024-06-18 04:44:26.500,753.5,0.0,0.0,0.34594,0.12760000000000002,0.0,0.37642999999999993,0.0,0.0
2024-06-18 04:44:27.000,754.0,0.0,0.0,0.12632000000000002,0.0,0.0,0.06359999999999999,0.0,0.0
2024-06-18 04:44:27.500,754.5,0.0,0.0,0.07874500000000001,0.0,0.0,0.031799999999999995,0.0,0.0
2024-06-18 04:44:28.000,755.0,0.0,0.0,0.03117,0.0,0.0,0.0,0.0,0.0
2024-06-18 04:44:28.500,755.5,0.0,0.0,0.015585,0.0,0.0,0.0,0.0,0.0
2024-06-18 04:44:29.000,756.0,0.0,0.0,0.0,0.0,0.0,0.0,0.0,0.0
2024-06-18 04:44:29.500,756.5,0.0,0.15539999999999998,0.07702500000000001,0.0,0.297635,0.03098,0.0,1.08606
2024-06-18 04:44:30.000,757.0,0.0,0.31079999999999997,0.15405000000000002,0.0,0.59527,0.06196,0.0,2.17212
2024-06-18 04:44:30.500,757.5,0.0,0.29813999999999996,0.18773000000000004,0.0,0.297635,0.21841999999999995,0.18887999999999996,1.11751
2024-06-18 04:44:31.000,758.0,0.0,0.28548,0.22141000000000005,0.0,0.0,0.37487999999999994,0.37775999999999993,0.0629
2024-06-18 04:44:31.500,758.5,0.0,1.51686,0.15653,0.0,0.6186899999999999,0.263965,2.07256,0.46674000000000004
2024-06-18 04:44:32.000,759.0,0.0,2.7482400000000005,0.09164999999999998,0.0,1.2373799999999997,0.15305000000000002,3.76736,0.87058
2024-06-18 04:44:32.500,759.5,0.0,1.3741200000000002,0.04582499999999999,0.0,0.7284849999999998,0.12344500000000001,3.377555,0.46657000000000004
2024-06-18 04:44:33.000,760.0,0.0,0.0,0.0,0.0,0.21959000000000004,0.09384,2.9877499999999997,0.06256
2024-06-18 04:44:33.500,760.5,0.0,0.0,0.0,0.0,0.10979500000000002,0.07873,1.6203149999999997,0.03128
2024-06-18 04:44:34.000,761.0,0.0,0.0,0.0,0.0,0.0,0.06362,0.25288,0.0
2024-06-18 04:44:34.500,761.5,0.0,0.18857999999999997,0.09362999999999999,0.0,0.0,0.15716999999999998,0.53789,0.09201000000000001
2024-06-18 04:44:35.000,762.0,0.0,0.37715999999999994,0.18725999999999998,0.0,0.0,0.25072,0.8229000000000001,0.18402000000000002
2024-06-18 04:44:35.500,762.5,0.0,0.29589,0.21778999999999998,0.0,0.0,0.20296,1.5038,0.24701000000000004
2024-06-18 04:44:36.000,763.0,0.0,0.21462,0.24832,0.0,0.0,0.1552,2.1847000000000003,0.31000000000000005
2024-06-18 04:44:36.500,763.5,0.0,0.10731,0.232275,0.0,0.0,0.0776,1.2614750000000001,0.82236
2024-06-18 04:44:37.000,764.0,0.0,0.0,0.21623,0.0,0.0,0.0,0.33825,1.33472
2024-06-18 04:44:37.500,764.5,0.0,0.0,0.139985,0.0,0.0,0.06386,0.2484,0.66736
2024-06-18 04:44:38.000,765.0,0.0,0.0,0.06374,0.0,0.0,0.12772,0.15855000000000002,0.0
2024-06-18 04:44:38.500,765.5,0.0,0.0,0.03187,0.0,0.0,0.06386,0.07927500000000001,0.0
2024-06-18 04:44:39.000,766.0,0.0,0.0,0.0,0.0,0.0,0.0,0.0,0.0
2024-06-18 04:44:39.500,766.5,0.0,0.0,0.07945,0.0,0.0,0.03186,0.0,0.0
2024-06-18 04:44:40.000,767.0,0.0,0.0,0.1589,0.0,0.0,0.06372,0.0,0.0
2024-06-18 04:44:40.500,767.5,0.0,0.0,0.14255,0.0,0.0,0.03186,0.0,0.0
2024-06-18 04:44:41.000,768.0,0.0,0.0,0.1262,0.0,0.0,0.0,0.0,0.0
2024-06-18 04:44:41.500,768.5,0.0,0.0,3.4981400000000002,0.24503999999999998,0.015310000000000002,3.1733099999999994,0.0,0.0
2024-06-18 04:44:42.000,769.0,0.0,0.0,6.870080000000001,0.49007999999999996,0.030620000000000005,6.346619999999999,0.0,0.0
2024-06-18 04:44:42.500,769.5,3.235685,0.0,3.5729650000000004,3.8085600000000004,0.015310000000000002,3.1733099999999994,0.0,0.0
2024-06-18 04:44:43.000,770.0,6.47137,0.0,0.27585000000000004,7.127040000000001,0.0,0.0,0.0,0.0
2024-06-18 04:44:43.500,770.5,12.831965,0.0,0.13792500000000002,8.88887,0.0,0.16269,0.0447,0.0
2024-06-18 04:44:44.000,771.0,19.19256,0.0,0.0,10.6507,0.0,0.32538,0.0894,0.0
2024-06-18 04:44:44.500,771.5,13.467179999999999,0.0,0.46530000000000005,7.823265000000001,0.0,0.16269,0.0447,0.0
2024-06-18 04:44:45.000,772.0,7.7418,0.0,0.9306000000000001,4.995830000000001,0.0,0.0,0.0,0.0
2024-06-18 04:44:45.500,772.5,7.422924999999999,0.0,2.4257150000000003,4.616440000000001,0.0,0.49681500000000006,0.0,0.0
2024-06-18 04:44:46.000,773.0,7.104049999999998,0.0,3.92083,4.23705,0.0,0.9936300000000001,0.0,0.0
2024-06-18 04:44:46.500,773.5,6.083524999999999,0.0,2.803775,4.533945,0.0,1.000015,0.0,0.0
2024-06-18 04:44:47.000,774.0,5.063,0.0,1.6867200000000002,4.83084,0.0,1.0064,0.0,0.0
2024-06-18 04:44:47.500,774.5,2.81545,0.0,1.1058400000000002,2.41542,0.0,0.9737499999999999,0.015960000000000002,0.0
2024-06-18 04:44:48.000,775.0,0.5679000000000001,0.0,0.5249600000000001,0.0,0.0,0.9410999999999999,0.031920000000000004,0.0
2024-06-18 04:44:48.500,775.5,4.3926,0.0,0.38424,2.425545,0.0,0.53111,0.2937,0.0
2024-06-18 04:44:49.000,776.0,8.2173,0.0,0.24352000000000001,4.85109,0.0,0.12112,0.5554800000000001,0.0
2024-06-18 04:44:49.500,776.5,4.10865,0.0,0.26544500000000004,2.425545,0.0,0.06056,0.30899000000000004,0.0
2024-06-18 04:44:50.000,777.0,0.0,0.0,0.28737,0.0,0.0,0.0,0.0625,0.0
2024-06-18 04:44:50.500,777.5,0.0,0.0,0.191475,0.0,0.0,0.09473999999999999,0.03125,0.0
2024-06-18 04:44:51.000,778.0,0.0,0.0,0.09558,0.0,0.0,0.18947999999999998,0.0,0.0
2024-06-18 04:44:51.500,778.5,1.3567649999999998,0.0,0.4070499999999999,0.0,0.0,0.91942,0.0,0.0
2024-06-18 04:44:52.000,779.0,2.7135299999999996,0.0,0.7185199999999998,0.0,0.0,1.6493600000000002,0.0,0.0
2024-06-18 04:44:52.500,779.5,5.4708749999999995,0.0,0.41757999999999995,7.929899999999999,0.0,1.2276550000000002,0.0,0.0
2024-06-18 04:44:53.000,780.0,8.22822,0.0,0.11664000000000002,15.859799999999998,0.0,0.8059500000000002,0.0,0.0
2024-06-18 04:44:53.500,780.5,7.985469999999999,0.0,0.17596,16.37763,0.0,0.7557750000000001,0.0,0.0
2024-06-18 04:44:54.000,781.0,7.742719999999999,0.0,0.23528,16.89546,0.0,0.7056000000000001,0.0,0.0
2024-06-18 04:44:54.500,781.5,6.0949349999999995,0.0,0.17766,14.246490000000001,0.0,0.4135400000000001,0.0,0.045029999999999994
2024-06-18 04:44:55.000,782.0,4.44715,0.0,0.12004000000000002,11.597520000000001,0.0,0.12148,0.0,0.09005999999999999
2024-06-18 04:44:55.500,782.5,5.6205,0.0,0.20381999999999995,16.910435,0.0,0.33985,0.0,0.045029999999999994
2024-06-18 04:44:56.000,783.0,6.793849999999999,0.0,0.2875999999999999,22.22335,0.0,0.55822,0.0,0.0
2024-06-18 04:44:56.500,783.5,9.888205000000001,0.0,0.56894,11.288734999999999,0.0,5.616534999999999,0.044505,0.0
2024-06-18 04:44:57.000,784.0,12.982560000000003,0.0,0.8502800000000003,0.35412,0.0,10.674849999999998,0.08901,0.0
2024-06-18 04:44:57.500,784.5,6.4912800000000015,0.0,0.45636000000000015,0.17706,0.0,5.337424999999999,0.044505,0.09545999999999999
2024-06-18 04:44:58.000,785.0,0.0,0.0,0.06244,0.0,0.0,0.0,0.0,0.19091999999999998
2024-06-18 04:44:58.500,785.5,2.1447700000000003,0.0,0.32553,1.6369500000000003,0.0,0.0,0.0,0.09545999999999999
2024-06-18 04:44:59.000,786.0,4.289540000000001,0.0,0.58862,3.2739000000000007,0.0,0.0,0.0,0.0
2024-06-18 04:44:59.500,786.5,2.1447700000000003,0.0,0.35677000000000003,1.6369500000000003,0.0,0.10948000000000001,0.0,0.0
2024-06-18 04:45:00.000,787.0,0.0,0.0,0.12492000000000002,0.0,0.0,0.21896000000000002,0.0,0.0
2024-06-18 04:45:00.500,787.5,0.0,0.0,0.14131000000000002,0.0,0.0,0.10948000000000001,0.0,0.0
2024-06-18 04:45:01.000,788.0,0.0,0.0,0.1577,0.0,0.0,0.0,0.0,0.0
2024-06-18 04:45:01.500,788.5,0.79553,0.0,2.9259999999999997,1.12147,0.0,1.6714500000000003,0.0,0.0
2024-06-18 04:45:02.000,789.0,1.59106,0.0,5.694299999999999,2.24294,0.0,3.3429000000000006,0.0,0.0
2024-06-18 04:45:02.500,789.5,1.66233,0.0,3.4799849999999997,1.49095,0.0,2.26311,0.0,0.0
2024-06-18 04:45:03.000,790.0,1.7336000000000003,0.0,1.26567,0.73896,0.0,1.18332,0.0,0.0
2024-06-18 04:45:03.500,790.5,0.8668000000000001,0.0,0.632835,0.36948,0.0,0.733905,0.07965,0.12632
2024-06-18 04:45:04.000,791.0,0.0,0.0,0.0,0.0,0.0,0.28449,0.1593,0.25264
2024-06-18 04:45:04.500,791.5,0.0,0.0,0.04714499999999999,0.0,0.0,0.20520500000000003,0.07965,0.12632
2024-06-18 04:45:05.000,792.0,0.0,0.0,0.09428999999999998,0.0,0.0,0.12592,0.0,0.0
2024-06-18 04:45:05.500,792.5,0.0,0.0,0.33566,1.17002,0.0,2.497245,0.0,0.01513
2024-06-18 04:45:06.000,793.0,0.0,0.0,0.57703,2.34004,0.0,4.86857,0.0,0.03026
2024-06-18 04:45:06.500,793.5,3.5592,0.0,1.009795,3.6715699999999996,0.0,3.216035,0.6653249999999999,0.20727000000000004
2024-06-18 04:45:07.000,794.0,7.1184,0.0,1.4425599999999998,5.003099999999999,0.0,1.5635000000000001,1.3306499999999999,0.38428000000000007
2024-06-18 04:45:07.500,794.5,3.5592,0.0,0.9442299999999999,2.5015499999999995,0.0,0.7817500000000001,0.8661749999999999,0.38198000000000004
2024-06-18 04:45:08.000,795.0,0.0,0.0,0.4459000000000001,0.0,0.0,0.0,0.4017,0.37968
2024-06-18 04:45:08.500,795.5,0.0,0.0,0.31523,0.0,0.0,0.0,0.45028999999999997,0.51891
2024-06-18 04:45:09.000,796.0,0.0,0.0,0.18456,0.0,0.0,0.0,0.49888,0.65814
2024-06-18 04:45:09.500,796.5,0.12388,0.0,2.6627899999999998,0.0,0.0,0.0,0.24944,0.32907
2024-06-18 04:45:10.000,797.0,0.24776,0.0,5.14102,0.0,0.0,0.0,0.0,0.0
2024-06-18 04:45:10.500,797.5,2.079045,0.0,2.81547,1.5903200000000002,0.0,0.46409999999999996,0.0,0.0
2024-06-18 04:45:11.000,798.0,3.9103299999999996,0.0,0.4899200000000001,3.1806400000000004,0.0,0.9281999999999999,0.0,0.0
2024-06-18 04:45:11.500,798.5,1.9551649999999998,0.0,0.417385,1.5903200000000002,0.0,0.46409999999999996,0.21714000000000006,0.22141000000000005
2024-06-18 04:45:12.000,799.0,0.0,0.0,0.34484999999999993,0.0,0.0,0.0,0.4342800000000001,0.4428200000000001
2024-06-18 04:45:12.500,799.5,0.0,0.0,0.21961499999999995,0.0,0.0,0.06318,0.21714000000000006,0.22141000000000005
2024-06-18 04:45:13.000,800.0,0.0,0.0,0.09437999999999999,0.0,0.0,0.12636,0.0,0.0
2024-06-18 04:45:13.500,800.5,0.0,0.0,0.047189999999999996,0.0,0.0,0.12694,0.0,0.0
2024-06-18 04:45:14.000,801.0,0.0,0.0,0.0,0.0,0.0,0.12752000000000002,0.0,0.0
2024-06-18 04:45:14.500,801.5,0.41301000000000004,0.0,0.20247500000000002,0.0,0.0,0.40585999999999994,0.0,0.0
2024-06-18 04:45:15.000,802.0,0.8260200000000001,0.0,0.40495000000000003,0.0,0.0,0.6841999999999999,0.0,0.0
2024-06-18 04:45:15.500,802.5,0.41301000000000004,0.0,3.757565,0.24912,0.0,2.1205750000000005,0.0,0.0
2024-06-18 04:45:16.000,803.0,0.0,0.0,7.110180000000001,0.49824,0.0,3.5569500000000005,0.0,0.0
2024-06-18 04:45:16.500,803.5,0.0,0.09354,3.8974100000000003,0.24912,0.0,3.233595,0.09324,0.0
2024-06-18 04:45:17.000,804.0,0.0,0.18708,0.6846399999999999,0.0,0.0,2.91024,0.18648,0.0
2024-06-18 04:45:17.500,804.5,0.0,0.09354,0.43744999999999995,0.0,0.0,1.61307,0.09324,0.0
2024-06-18 04:45:18.000,805.0,0.0,0.0,0.19026,0.0,0.0,0.3159,0.0,0.0
2024-06-18 04:45:18.500,805.5,0.0,0.0,0.31311,0.0,0.0,0.65747,0.0,0.0
2024-06-18 04:45:19.000,806.0,0.0,0.0,0.43595999999999996,0.0,0.0,0.99904,0.0,0.0
2024-06-18 04:45:19.500,806.5,0.0,0.0,0.41974,0.0,0.0,0.735095,0.43554,0.0
2024-06-18 04:45:20.000,807.0,0.0,0.0,0.40352000000000005,0.0,0.0,0.47114999999999996,0.87108,0.0
2024-06-18 04:45:20.500,807.5,0.4484850000000001,0.0,0.8389,0.0,0.0,0.657585,0.43554,0.40482
2024-06-18 04:45:21.000,808.0,0.8969700000000002,0.0,1.27428,0.0,0.0,0.84402,0.0,0.80964
2024-06-18 04:45:21.500,808.5,0.4484850000000001,0.0,1.2244300000000001,0.0,0.0,0.530965,0.0,0.40482
2024-06-18 04:45:22.000,809.0,0.0,0.0,1.1745800000000002,0.0,0.0,0.21791000000000002,0.0,0.0
2024-06-18 04:45:22.500,809.5,0.0,1.8553500000000003,0.6019000000000001,0.0,0.6615399999999998,0.138585,1.6492,2.051
2024-06-18 04:45:23.000,810.0,0.0,3.7107000000000006,0.029220000000000003,0.0,1.3230799999999996,0.05926,3.2984,4.102
2024-06-18 04:45:23.500,810.5,0.0,1.9011300000000002,0.07569000000000001,0.0,1.4301049999999997,0.02963,1.6492,2.75457
2024-06-18 04:45:24.000,811.0,0.0,0.09156,0.12215999999999999,0.0,1.5371299999999999,0.0,0.0,1.40714
2024-06-18 04:45:24.500,811.5,0.0,0.152285,0.10617,0.0,1.806395,0.060939999999999994,2.5061250000000004,1.3719299999999999
2024-06-18 04:45:25.000,812.0,0.0,0.21301000000000003,0.09018000000000001,0.0,2.07566,0.12187999999999999,5.012250000000001,1.33672
2024-06-18 04:45:25.500,812.5,0.0,0.12173500000000001,0.06056,0.0,1.03783,0.060939999999999994,5.023525,0.8076349999999999
2024-06-18 04:45:26.000,813.0,0.0,0.030459999999999997,0.030940000000000002,0.0,0.0,0.0,5.0348,0.27854999999999996
2024-06-18 04:45:26.500,813.5,0.0,0.015229999999999999,0.015470000000000001,0.0,0.15190000000000003,0.06046000000000001,14.977299999999996,0.28507499999999997
2024-06-18 04:45:27.000,814.0,0.0,0.0,0.0,0.0,0.30380000000000007,0.12092000000000001,24.919799999999995,0.2916
2024-06-18 04:45:27.500,814.5,0.0,0.0,0.06132,0.09173999999999999,0.15190000000000003,0.21726,12.773499999999997,0.26992
2024-06-18 04:45:28.000,815.0,0.0,0.0,0.12264,0.18347999999999998,0.0,0.31360000000000005,0.6272000000000001,0.24824
2024-06-18 04:45:28.500,815.5,0.0,0.0,0.13862,0.5776649999999999,0.0,1.309835,0.34497000000000005,0.12412
2024-06-18 04:45:29.000,816.0,0.0,0.0,0.1546,0.9718499999999999,0.0,2.30607,0.06274,0.0
2024-06-18 04:45:29.500,816.5,0.0,0.0,0.67124,0.7051649999999999,0.0,1.199385,0.077825,0.0
2024-06-18 04:45:30.000,817.0,0.0,0.0,1.18788,0.43848,0.0,0.09269999999999999,0.09290999999999999,0.0
2024-06-18 04:45:30.500,817.5,0.0,0.0,0.78138,0.21924,0.0,0.15695000000000003,0.077905,0.0
2024-06-18 04:45:31.000,818.0,0.0,0.0,0.37487999999999994,0.0,0.0,0.22120000000000004,0.0629,0.0
2024-06-18 04:45:31.500,818.5,0.0,0.0,0.296185,0.0,0.07775,0.15729500000000002,3.9250499999999997,0.0
2024-06-18 04:45:32.000,819.0,0.0,0.0,0.21749000000000004,0.0,0.1555,0.09339,7.7871999999999995,0.0
2024-06-18 04:45:32.500,819.5,0.0,0.0,0.587695,0.0,0.07775,0.077845,3.8935999999999997,0.0
2024-06-18 04:45:33.000,820.0,0.0,0.0,0.9579,0.0,0.0,0.06230000000000001,0.0,0.0
2024-06-18 04:45:33.500,820.5,0.03104,0.0,0.8274299999999999,0.18774,0.0,0.031150000000000004,0.201565,0.015715
2024-06-18 04:45:34.000,821.0,0.06208,0.0,0.6969599999999999,0.37548,0.0,0.0,0.40313,0.03143
2024-06-18 04:45:34.500,821.5,0.03104,0.0,0.4103399999999999,0.18774,0.0,0.01568,1.275895,0.14071499999999998
2024-06-18 04:45:35.000,822.0,0.0,0.0,0.12372,0.0,0.0,0.03136,2.14866,0.25
2024-06-18 04:45:35.500,822.5,3.395175,0.0,0.30457999999999996,2.185755,0.0,0.07668,1.6398750000000002,0.2349
2024-06-18 04:45:36.000,823.0,6.79035,0.0,0.48544,4.37151,0.0,0.122,1.1310900000000004,0.2198
2024-06-18 04:45:36.500,823.5,3.395175,0.0,0.8711200000000001,2.5348949999999997,0.0,0.061,0.5967050000000002,0.1099
2024-06-18 04:45:37.000,824.0,0.0,0.0,1.2568000000000001,0.6982799999999999,0.0,0.0,0.06232,0.0
2024-06-18 04:45:37.500,824.5,9.213069999999998,0.0,0.6284000000000001,5.95866,0.0,0.0,0.29234000000000004,0.0
2024-06-18 04:45:38.000,825.0,18.426139999999997,0.0,0.0,11.219040000000001,0.0,0.0,0.52236,0.0
2024-06-18 04:45:38.500,825.5,17.10833,0.0,0.10104500000000001,11.716485000000002,0.0,0.0746,0.26118,0.0
2024-06-18 04:45:39.000,826.0,15.790519999999999,0.0,0.20209000000000002,12.213930000000001,0.0,0.1492,0.0,0.0
2024-06-18 04:45:39.500,826.5,10.72078,0.0,0.222285,7.239165000000001,0.0,0.65923,0.35558,0.0
2024-06-18 04:45:40.000,827.0,5.65104,0.0,0.24247999999999997,2.2644,0.0,1.16926,0.71116,0.0
2024-06-18 04:45:40.500,827.5,6.907290000000001,0.0,0.5258400000000001,7.341150000000001,0.0,0.952255,3.3313850000000005,0.0
2024-06-18 04:45:41.000,828.0,8.163540000000001,0.0,0.8092000000000001,12.417900000000001,0.0,0.73525,5.951610000000001,0.0
2024-06-18 04:45:41.500,828.5,8.31,0.0,0.52148,14.916055,0.0,0.426145,3.371220000000001,0.0
2024-06-18 04:45:42.000,829.0,8.45646,0.0,0.23376000000000002,17.41421,0.0,0.11704,0.7908300000000001,0.0
2024-06-18 04:45:42.500,829.5,8.7096,0.7435800000000001,0.18998000000000004,16.86303,0.0,0.13109500000000002,0.41006500000000007,0.0
2024-06-18 04:45:43.000,830.0,8.96274,1.4871600000000003,0.14620000000000002,16.311849999999996,0.0,0.14515,0.029299999999999996,0.0
2024-06-18 04:45:43.500,830.5,8.47081,0.7435800000000001,0.33725000000000005,17.926685,0.05896,0.348645,0.04416,0.0
2024-06-18 04:45:44.000,831.0,7.97888,0.0,0.5283,19.541520000000002,0.11792,0.55214,0.05902,0.0
2024-06-18 04:45:44.500,831.5,6.015695,0.0,0.26415,14.630700000000001,0.05896,0.27607,0.02951,0.0
2024-06-18 04:45:45.000,832.0,4.05251,0.0,0.0,9.71988,0.0,0.0,0.0,0.0
2024-06-18 04:45:45.500,832.5,7.27848,0.0,0.14925000000000002,7.571085,0.0,0.0591,0.0745,0.0
2024-06-18 04:45:46.000,833.0,10.50445,0.0,0.29850000000000004,5.42229,0.0,0.1182,0.149,0.0
2024-06-18 04:45:46.500,833.5,9.954285,0.0,0.62077,7.776645,0.0,0.56366,0.28443000000000007,0.0
2024-06-18 04:45:47.000,834.0,9.40412,0.0,0.94304,10.131,0.0,1.00912,0.41986000000000007,0.0
2024-06-18 04:45:47.500,834.5,4.70206,0.0,0.85912,5.0655,0.0,0.79508,0.20993000000000003,0.0
2024-06-18 04:45:48.000,835.0,0.0,0.0,0.7752,0.0,0.0,0.58104,0.0,0.0
2024-06-18 04:45:48.500,835.5,0.04293,0.0,3.86582,0.878095,0.0,5.955794999999999,0.130905,0.0
2024-06-18 04:45:49.000,836.0,0.08586,0.0,6.95644,1.75619,0.0,11.330549999999999,0.26181,0.0
2024-06-18 04:45:49.500,836.5,1.1189350000000002,0.0,4.00357,1.7760749999999996,0.0,6.070004999999999,0.130905,0.0
2024-06-18 04:45:50.000,837.0,2.15201,0.0,1.0507,1.7959599999999996,0.0,0.8094600000000001,0.0,0.0
2024-06-18 04:45:50.500,837.5,1.076005,0.0,0.540745,0.9134949999999997,0.0,0.5911500000000001,0.06164,0.04662
2024-06-18 04:45:51.000,838.0,0.0,0.0,0.030789999999999998,0.03103,0.0,0.37284,0.12328,0.09324
2024-06-18 04:45:51.500,838.5,3.6817200000000003,0.0,0.244755,2.473395,0.0,0.31588499999999997,2.8465999999999996,1.5433949999999999
2024-06-18 04:45:52.000,839.0,7.363440000000001,0.0,0.45872,4.915760000000001,0.0,0.25893,5.56992,2.99355
2024-06-18 04:45:52.500,839.5,5.474455000000001,0.0,0.49981000000000003,4.6006599999999995,0.0,0.354765,5.55245,2.479575
2024-06-18 04:45:53.000,840.0,3.58547,0.0,0.5409,4.285559999999999,0.0,0.4506,5.53498,1.9656
2024-06-18 04:45:53.500,840.5,1.792735,0.0,0.317145,2.1427799999999997,0.0,0.35158,2.92604,0.9828
2024-06-18 04:45:54.000,841.0,0.0,0.0,0.09339,0.0,0.0,0.25256,0.31710000000000005,0.0
2024-06-18 04:45:54.500,841.5,6.44692,0.0,0.046695,2.4916400000000003,0.0,0.37720000000000004,0.26222,0.0
2024-06-18 04:45:55.000,842.0,12.89384,0.0,0.0,4.983280000000001,0.0,0.5018400000000001,0.20734,0.0
2024-06-18 04:45:55.500,842.5,14.12865,0.0,2.0705850000000003,5.522565,0.0,0.81484,0.1328,0.0
2024-06-18 04:45:56.000,843.0,15.363460000000002,0.0,4.141170000000001,6.061850000000001,0.0,1.12784,0.058260000000000006,0.0
2024-06-18 04:45:56.500,843.5,11.099450000000001,0.0,4.656025,4.038685,0.0,0.59254,0.029130000000000003,0.0
2024-06-18 04:45:57.000,844.0,6.835440000000001,0.0,5.1708799999999995,2.01552,0.0,0.057240000000000006,0.0,0.0
2024-06-18 04:45:57.500,844.5,6.265005,0.0,2.932165,2.89209,0.0,0.028620000000000003,0.0,0.0
2024-06-18 04:45:58.000,845.0,5.694570000000001,0.0,0.69345,3.76866,0.0,0.0,0.0,0.0
2024-06-18 04:45:58.500,845.5,6.812610000000001,0.2941,1.4187300000000005,6.2176100000000005,0.0,0.0738,0.11620000000000001,0.0
2024-06-18 04:45:59.000,846.0,7.930650000000002,0.5882,2.1440100000000006,8.66656,0.0,0.1476,0.23240000000000002,0.0
2024-06-18 04:45:59.500,846.5,3.965325000000001,0.2941,1.3522650000000003,7.588455,0.0,0.16665,0.4252,0.0
2024-06-18 04:46:00.000,847.0,0.0,0.0,0.56052,6.51035,0.0,0.18569999999999998,0.618,0.0
2024-06-18 04:46:00.500,847.5,5.20737,0.60312,0.28026,9.171475000000001,0.0,0.09284999999999999,0.309,0.0
2024-06-18 04:46:01.000,848.0,10.41474,1.20624,0.0,11.832600000000003,0.0,0.0,0.0,0.0
2024-06-18 04:46:01.500,848.5,9.015360000000001,2.7325299999999997,0.21614999999999998,13.681460000000001,0.0,0.551,0.01428,0.0
2024-06-18 04:46:02.000,849.0,7.615980000000001,4.25882,0.43229999999999996,15.530320000000001,0.0,1.102,0.02856,0.0
2024-06-18 04:46:02.500,849.5,8.20359,2.39959,0.8243850000000001,16.502860000000002,0.0,1.2945000000000002,0.5899200000000001,0.0
2024-06-18 04:46:03.000,850.0,8.7912,0.5403600000000001,1.2164700000000002,17.4754,0.0,1.487,1.15128,0.0
2024-06-18 04:46:03.500,850.5,6.15294,0.27018000000000003,0.6082350000000001,12.4205,0.0,0.80418,0.62124,0.0
2024-06-18 04:46:04.000,851.0,3.5146800000000002,0.0,0.0,7.3656,0.0,0.12136,0.0912,0.0
2024-06-18 04:46:04.500,851.5,6.928065,0.045794999999999995,0.25857,5.75243,0.0,0.09098,0.0456,0.0
2024-06-18 04:46:05.000,852.0,10.34145,0.09158999999999999,0.51714,4.13926,0.0,0.06060000000000001,0.0,0.0
2024-06-18 04:46:05.500,852.5,14.6877,0.045794999999999995,0.34440000000000004,7.865105000000001,0.0,0.08920000000000002,0.0,0.0
2024-06-18 04:46:06.000,853.0,19.03395,0.0,0.17165999999999998,11.590950000000001,0.0,0.11780000000000002,0.0,0.0
2024-06-18 04:46:06.500,853.5,19.506175000000002,0.0,0.08582999999999999,11.164475,0.0,0.29122000000000003,0.0,0.0
2024-06-18 04:46:07.000,854.0,19.978400000000004,0.0,0.0,10.738,0.0,0.46464,0.0,0.0
2024-06-18 04:46:07.500,854.5,20.1706,0.0,0.0,10.847445,0.0,0.46776,0.0,0.0
2024-06-18 04:46:08.000,855.0,20.3628,0.0,0.0,10.95689,0.0,0.47088,0.0,0.0
2024-06-18 04:46:08.500,855.5,15.233,0.0,0.42308000000000007,9.721695,0.0,0.35644,0.0,0.0
2024-06-18 04:46:09.000,856.0,10.1032,0.0,0.8461600000000001,8.486500000000001,0.0,0.242,0.0,0.0
2024-06-18 04:46:09.500,856.5,5.0516,0.0,0.8770750000000002,5.1218900000000005,0.0,1.20775,0.077975,0.13999499999999998
2024-06-18 04:46:10.000,857.0,0.0,0.0,0.9079900000000002,1.7572800000000002,0.0,2.1735,0.15595,0.27998999999999996
2024-06-18 04:46:10.500,857.5,0.0,0.59451,0.4694000000000001,0.8786400000000001,0.0,1.08675,0.569815,0.13999499999999998
2024-06-18 04:46:11.000,858.0,0.0,1.18902,0.03081,0.0,0.0,0.0,0.98368,0.0
2024-06-18 04:46:11.500,858.5,0.0,0.59451,0.015405,0.0,0.0,0.20377499999999998,0.80694,0.0
2024-06-18 04:46:12.000,859.0,0.0,0.0,0.0,0.0,0.0,0.40754999999999997,0.6302,0.0
2024-06-18 04:46:12.500,859.5,1.3110899999999999,0.0,6.789200000000001,0.8962100000000001,0.0,2.913675,0.3151,0.0
2024-06-18 04:46:13.000,860.0,2.6221799999999997,0.0,13.578400000000002,1.7924200000000001,0.0,5.4197999999999995,0.0,0.0
2024-06-18 04:46:13.500,860.5,6.5540400000000005,0.0,10.78406,7.123460000000001,0.0,7.2085149999999985,0.0,0.0
2024-06-18 04:46:14.000,861.0,10.4859,0.0,7.98972,12.454500000000001,0.0,8.997229999999998,0.0,0.0
2024-06-18 04:46:14.500,861.5,5.75973,0.0,4.0575,6.227250000000001,0.0,4.5784899999999995,0.0,0.0
2024-06-18 04:46:15.000,862.0,1.03356,0.0,0.12528,0.0,0.0,0.15975000000000003,0.0,0.0
2024-06-18 04:46:15.500,862.5,0.51678,0.0,1.99146,0.0,0.0,0.09546500000000002,0.0,0.0
2024-06-18 04:46:16.000,863.0,0.0,0.0,3.85764,0.0,0.0,0.03118,0.0,0.0
2024-06-18 04:46:16.500,863.5,0.0,0.0,2.05546,0.0,0.0,0.01559,0.0,0.0
2024-06-18 04:46:17.000,864.0,0.0,0.0,0.25328,0.0,0.0,0.0,0.0,0.0
2024-06-18 04:46:17.500,864.5,0.0,0.0,0.12664,0.46049999999999996,0.0,0.21364000000000002,0.24303999999999998,0.06178
2024-06-18 04:46:18.000,865.0,0.0,0.0,0.0,0.9209999999999999,0.0,0.42728000000000005,0.48607999999999996,0.12356
2024-06-18 04:46:18.500,865.5,0.0,0.0,0.31079999999999997,0.46049999999999996,0.0,0.21364000000000002,0.24303999999999998,0.06178
2024-06-18 04:46:19.000,866.0,0.0,0.0,0.6215999999999999,0.0,0.0,0.0,0.0,0.0
2024-06-18 04:46:19.500,866.5,0.0,4.19814,0.31079999999999997,0.0,0.0,0.0,4.63263,0.06008
2024-06-18 04:46:20.000,867.0,0.0,8.39628,0.0,0.0,0.0,0.0,9.26526,0.12016
2024-06-18 04:46:20.500,867.5,0.0,6.106695,0.0,0.0,0.99825,0.17055499999999998,9.160945000000002,1.26167
2024-06-18 04:46:21.000,868.0,0.0,3.81711,0.0,0.0,1.9965,0.34110999999999997,9.056630000000002,2.40318
2024-06-18 04:46:21.500,868.5,0.0,1.908555,0.0,0.0,0.99825,0.17055499999999998,5.170785000000001,1.20159
2024-06-18 04:46:22.000,869.0,0.0,0.0,0.0,0.0,0.0,0.0,1.2849400000000002,0.0
2024-06-18 04:46:22.500,869.5,4.05945,0.0,0.53802,2.719525,0.0,0.5183500000000001,0.6424700000000001,0.0
2024-06-18 04:46:23.000,870.0,8.1189,0.0,1.07604,5.43905,0.0,1.0367000000000002,0.0,0.0
2024-06-18 04:46:23.500,870.5,8.0082,0.0,0.8887800000000001,4.839925,0.0,0.7239400000000001,0.177,0.0
2024-06-18 04:46:24.000,871.0,7.8975,0.0,0.70152,4.2408,0.0,0.4111800000000001,0.354,0.0
2024-06-18 04:46:24.500,871.5,8.74333,0.0,1.377135,5.0784,0.0,0.37125,0.177,0.0
2024-06-18 04:46:25.000,872.0,9.58916,0.0,2.05275,5.916,0.0,0.33131999999999995,0.0,0.0
2024-06-18 04:46:25.500,872.5,8.59106,0.0,1.9125750000000004,4.5191300000000005,0.0,0.6177949999999999,0.10241000000000001,0.0
2024-06-18 04:46:26.000,873.0,7.592960000000001,0.0,1.7724000000000004,3.1222600000000003,0.0,0.9042699999999999,0.20482000000000003,0.0
2024-06-18 04:46:26.500,873.5,3.7964800000000003,0.0,1.6282800000000002,1.5611300000000001,0.0,0.606435,0.27401,0.0
2024-06-18 04:46:27.000,874.0,0.0,0.0,1.48416,0.0,0.0,0.3086,0.34319999999999995,0.0
2024-06-18 04:46:27.500,874.5,0.0,0.0,0.9149999999999999,0.0,0.0,0.21686,1.13787,0.0
2024-06-18 04:46:28.000,875.0,0.0,0.0,0.34584,0.0,0.0,0.12512,1.93254,0.0
2024-06-18 04:46:28.500,875.5,3.435645,0.0,0.47511000000000003,6.1840399999999995,0.0,0.18783999999999998,0.96627,0.02957
2024-06-18 04:46:29.000,876.0,6.87129,0.0,0.60438,12.368079999999999,0.0,0.25055999999999995,0.0,0.05914
2024-06-18 04:46:29.500,876.5,4.362445,0.0,1.4795449999999999,19.024015,0.0,0.12527999999999997,0.0,0.02957
2024-06-18 04:46:30.000,877.0,1.8536,0.0,2.3547099999999994,25.679949999999998,0.0,0.0,0.0,0.0
2024-06-18 04:46:30.500,877.5,2.34455,0.0,1.4077299999999997,28.04105,0.0,0.0,0.048900000000000006,0.0
2024-06-18 04:46:31.000,878.0,2.8355,0.0,0.46075,30.40215,0.0,0.0,0.09780000000000001,0.0
2024-06-18 04:46:31.500,878.5,3.6546000000000003,0.91648,0.230375,22.38,0.029150000000000002,0.47948999999999997,0.048900000000000006,0.0
2024-06-18 04:46:32.000,879.0,4.473700000000001,1.83296,0.0,14.357850000000001,0.058300000000000005,0.9589799999999999,0.0,0.0
2024-06-18 04:46:32.500,879.5,7.78261,2.63845,0.47232,13.182755,0.029150000000000002,0.5652299999999999,0.1452,0.0
2024-06-18 04:46:33.000,880.0,11.09152,3.4439400000000004,0.94464,12.007660000000001,0.0,0.17147999999999997,0.2904,0.0
2024-06-18 04:46:33.500,880.5,8.9879,1.7219700000000002,0.9711000000000001,12.86703,0.0,0.14455999999999997,0.26344,0.0
2024-06-18 04:46:34.000,881.0,6.88428,0.0,0.9975600000000001,13.726399999999998,0.0,0.11764,0.23648000000000002,0.0
2024-06-18 04:46:34.500,881.5,4.4733600000000004,0.0,0.66279,6.863199999999999,0.0,2.4233450000000003,0.11824000000000001,0.0
2024-06-18 04:46:35.000,882.0,2.06244,0.0,0.32802,0.0,0.0,4.72905,0.0,0.0
2024-06-18 04:46:35.500,882.5,2.53522,0.0,3.34761,0.52668,0.0,4.380705000000001,0.0,0.0
2024-06-18 04:46:36.000,883.0,3.008,0.0,6.3672,1.05336,0.0,4.032360000000001,0.0,0.0
2024-06-18 04:46:36.500,883.5,1.86904,0.0,4.485375,1.47993,0.0,3.99378,0.0,0.0
2024-06-18 04:46:37.000,884.0,0.73008,0.0,2.6035500000000003,1.9065,0.0,3.9552,0.0,0.0
2024-06-18 04:46:37.500,884.5,0.36504,0.804805,1.316845,0.95325,0.12364000000000001,2.11701,0.16818999999999998,0.0
2024-06-18 04:46:38.000,885.0,0.0,1.60961,0.030140000000000004,0.0,0.24728000000000003,0.27881999999999996,0.33637999999999996,0.0
2024-06-18 04:46:38.500,885.5,0.0,1.697845,0.14692,0.0,0.78949,0.13940999999999998,7.775225,0.29988000000000004
2024-06-18 04:46:39.000,886.0,0.0,1.78608,0.2637,0.0,1.3316999999999999,0.0,15.21407,0.5997600000000001
2024-06-18 04:46:39.500,886.5,0.0,1.02507,0.3537,0.0,1.4041,0.0,12.347874999999998,0.40656000000000003
2024-06-18 04:46:40.000,887.0,0.0,0.26406,0.44370000000000004,0.0,1.4765,0.0,9.481679999999999,0.21336000000000002
2024-06-18 04:46:40.500,887.5,0.0,0.13203,0.22185000000000002,0.0,1.8566100000000003,0.48639,7.067399999999999,0.9787050000000002
2024-06-18 04:46:41.000,888.0,0.0,0.0,0.0,0.0,2.2367200000000005,0.97278,4.65312,1.7440500000000003
2024-06-18 04:46:41.500,888.5,0.0,0.170335,0.18713999999999997,0.0,1.1183600000000002,0.48639,3.90008,0.8720250000000002
2024-06-18 04:46:42.000,889.0,0.0,0.34067,0.37427999999999995,0.0,0.0,0.0,3.14704,0.0
2024-06-18 04:46:42.500,889.5,0.0,0.6208500000000001,0.18713999999999997,0.0,0.19864,0.4872,1.66547,1.8337549999999998
2024-06-18 04:46:43.000,890.0,0.0,0.9010300000000002,0.0,0.0,0.39728,0.9744,0.18389999999999998,3.6675099999999996
2024-06-18 04:46:43.500,890.5,0.0,0.4505150000000001,0.32854500000000003,0.0,0.19864,0.70665,0.7011299999999999,1.8337549999999998
2024-06-18 04:46:44.000,891.0,0.0,0.0,0.6570900000000001,0.0,0.0,0.4389,1.2183599999999999,0.0
2024-06-18 04:46:44.500,891.5,0.0,0.014910000000000001,0.497065,0.0,0.9585199999999999,0.420755,5.91747,0.558
2024-06-18 04:46:45.000,892.0,0.0,0.029820000000000003,0.33703999999999995,0.0,1.9170399999999999,0.40261,10.61658,1.116
2024-06-18 04:46:45.500,892.5,0.0,0.8478600000000001,0.369565,0.0,0.9585199999999999,0.38754500000000003,6.721065,1.4719099999999998
2024-06-18 04:46:46.000,893.0,0.0,1.6659000000000002,0.40209,0.0,0.0,0.37248,2.82555,1.8278199999999998
2024-06-18 04:46:46.500,893.5,0.0,0.9606300000000001,0.232465,0.0,0.0,0.18624,1.412775,0.9139099999999999
2024-06-18 04:46:47.000,894.0,0.0,0.25536000000000003,0.06284,0.0,0.0,0.0,0.0,0.0
2024-06-18 04:46:47.500,894.5,0.55872,0.12768000000000002,1.7670700000000001,0.1845,0.0,0.7849400000000001,0.0,0.0
2024-06-18 04:46:48.000,895.0,1.11744,0.0,3.4713000000000003,0.369,0.0,1.5698800000000002,0.0,0.0
2024-06-18 04:46:48.500,895.5,0.55872,0.0,2.20095,0.1845,0.1522,0.8452000000000001,2.01696,0.70594
2024-06-18 04:46:49.000,896.0,0.0,0.0,0.9306000000000001,0.0,0.3044,0.12052,4.03392,1.41188
2024-06-18 04:46:49.500,896.5,0.7813,0.0,2.696805,2.341275,0.1522,0.960315,2.031575,0.70594
2024-06-18 04:46:50.000,897.0,1.5626,0.0,4.46301,4.68255,0.0,1.80011,0.029230000000000003,0.0
2024-06-18 04:46:50.500,897.5,0.9136,0.0,6.540495,5.647080000000001,0.491865,2.4498550000000003,0.014615000000000001,0.0
2024-06-18 04:46:51.000,898.0,0.2646,0.0,8.61798,6.6116100000000015,0.98373,3.0996,0.0,0.0
2024-06-18 04:46:51.500,898.5,0.1323,1.13734,4.30899,3.3058050000000008,4.47603,1.688355,0.138015,0.0
2024-06-18 04:46:52.000,899.0,0.0,2.27468,0.0,0.0,7.968330000000001,0.27710999999999997,0.27603,0.0
2024-06-18 04:46:52.500,899.5,0.0,1.19822,0.18738000000000002,0.0,6.267965,0.410355,0.138015,1.1088
2024-06-18 04:46:53.000,900.0,0.0,0.12176,0.37476000000000004,0.0,4.5676,0.5436000000000001,0.0,2.2176
2024-06-18 04:46:53.500,900.5,0.0,0.06088,0.37595999999999996,0.0,5.04838,0.536065,0.0,1.1088
2024-06-18 04:46:54.000,901.0,0.0,0.0,0.37715999999999994,0.0,5.529159999999999,0.52853,0.0,0.0
2024-06-18 04:46:54.500,901.5,2.8152,0.31961999999999996,0.18857999999999997,1.727285,3.4186549999999993,0.264265,0.0,0.9753250000000001
2024-06-18 04:46:55.000,902.0,5.6304,0.6392399999999999,0.0,3.45457,1.30815,0.0,0.0,1.9506500000000002
2024-06-18 04:46:55.500,902.5,6.3342,0.31961999999999996,0.62084,4.824785,1.3645749999999999,0.94592,0.0,0.9753250000000001
2024-06-18 04:46:56.000,903.0,7.038,0.0,1.24168,6.195,1.421,1.89184,0.0,0.0
2024-06-18 04:46:56.500,903.5,5.866200000000001,0.0,5.4040799999999996,3.0975,0.7105,1.5601,0.0,0.0
2024-06-18 04:46:57.000,904.0,4.694400000000001,0.0,9.56648,0.0,0.0,1.2283600000000001,0.0,0.0
2024-06-18 04:46:57.500,904.5,3.2862150000000003,0.0,8.40176,0.6877,0.0,2.11592,0.0,0.0
2024-06-18 04:46:58.000,905.0,1.8780299999999999,0.0,7.23704,1.3754,0.0,3.00348,0.0,0.0
2024-06-18 04:46:58.500,905.5,2.554395,0.0,4.193185,4.3530999999999995,0.0,3.6856999999999998,0.0,0.0
2024-06-18 04:46:59.000,906.0,3.23076,0.0,1.14933,7.3308,0.0,4.367919999999999,0.0,0.0
2024-06-18 04:46:59.500,906.5,4.68787,0.0,0.87801,6.81227,0.0,2.5199899999999995,1.6007200000000001,0.0
2024-06-18 04:47:00.000,907.0,6.144979999999999,0.0,0.6066900000000001,6.29374,0.0,0.6720599999999999,3.2014400000000003,0.0
2024-06-18 04:47:00.500,907.5,6.521114999999998,0.0,0.8367,6.78386,0.0,1.19979,3.8373999999999997,0.0
2024-06-18 04:47:01.000,908.0,6.897249999999998,0.0,1.06671,7.27398,0.0,1.72752,4.47336,0.0
2024-06-18 04:47:01.500,908.5,8.657079999999999,0.0,1.11904,7.666670000000001,0.0,2.36338,3.6612999999999998,0.0
2024-06-18 04:47:02.000,909.0,10.41691,0.0,1.1713700000000002,8.059360000000002,0.0,2.9992399999999995,2.8492399999999996,0.0
2024-06-18 04:47:02.500,909.5,8.350615,0.0,0.7621450000000001,12.51928,0.0,1.5869199999999997,1.4246199999999998,0.0
2024-06-18 04:47:03.000,910.0,6.284319999999999,0.0,0.35291999999999996,16.9792,0.0,0.1746,0.0,0.0
2024-06-18 04:47:03.500,910.5,5.99696,0.0,0.17645999999999998,15.683499999999999,0.0,0.32972,0.074725,0.0
2024-06-18 04:47:04.000,911.0,5.7096,0.0,0.0,14.387799999999997,0.0,0.4848400000000001,0.14945,0.0
2024-06-18 04:47:04.500,911.5,5.49832,0.0,0.17279999999999998,12.368659999999998,0.0,3.07532,0.074725,0.0
2024-06-18 04:47:05.000,912.0,5.287039999999999,0.0,0.34559999999999996,10.34952,0.0,5.6658,0.0,0.0
2024-06-18 04:47:05.500,912.5,2.6435199999999996,0.0,11.18488,5.4773700000000005,0.0,10.192900000000002,0.0,0.0
2024-06-18 04:47:06.000,913.0,0.0,0.0,22.024160000000002,0.6052200000000001,0.0,14.72,0.0,0.0
2024-06-18 04:47:06.500,913.5,0.0,0.0,26.05345,0.30261000000000005,0.0,12.0388,0.0,0.0
2024-06-18 04:47:07.000,914.0,0.0,0.0,30.08274,0.0,0.0,9.3576,0.0,0.0
2024-06-18 04:47:07.500,914.5,3.06446,0.10339000000000001,20.16309,1.0496899999999998,0.0,8.667,0.0,0.0
2024-06-18 04:47:08.000,915.0,6.12892,0.20678000000000002,10.24344,2.0993799999999996,0.0,7.976400000000001,0.0,0.0
2024-06-18 04:47:08.500,915.5,6.751329999999999,0.10339000000000001,5.136909999999999,2.642385,0.0,4.216800000000001,0.0,0.0
2024-06-18 04:47:09.000,916.0,7.373739999999999,0.0,0.030380000000000004,3.1853900000000004,0.0,0.4572,0.0,0.0
2024-06-18 04:47:09.500,916.5,6.5367299999999995,0.0,3.3993399999999996,5.615945,0.17412,0.81572,0.05756,0.0
2024-06-18 04:47:10.000,917.0,5.69972,0.0,6.768299999999999,8.0465,0.34824,1.17424,0.11512,0.0
2024-06-18 04:47:10.500,917.5,6.969295000000001,0.0,3.5888999999999998,6.454015,0.17412,0.61607,2.7071599999999996,0.3582
2024-06-18 04:47:11.000,918.0,8.23887,0.0,0.40950000000000003,4.86153,0.0,0.0579,5.299199999999999,0.7164
2024-06-18 04:47:11.500,918.5,9.036375,0.0,1.72263,5.150475,0.0,0.35565,3.4962499999999994,0.40165500000000004
2024-06-18 04:47:12.000,919.0,9.833879999999999,0.0,3.0357600000000002,5.43942,0.0,0.6534,1.6933,0.08691
2024-06-18 04:47:12.500,919.5,8.69934,0.0,2.130215,6.5156,0.0,0.3267,0.87612,0.043455
2024-06-18 04:47:13.000,920.0,7.5648,0.0,1.2246700000000001,7.59178,0.0,0.0,0.05894,0.0
2024-06-18 04:47:13.500,920.5,8.987119999999999,0.0,0.6123350000000001,8.730989999999998,0.0,0.486585,0.02947,0.0
2024-06-18 04:47:14.000,921.0,10.409439999999998,0.0,0.0,9.870199999999999,0.0,0.97317,0.0,0.0
2024-06-18 04:47:14.500,921.5,11.150179999999999,0.0,0.17334,9.1975,0.059559999999999995,0.486585,0.8074,0.0
2024-06-18 04:47:15.000,922.0,11.89092,0.0,0.34668,8.5248,0.11911999999999999,0.0,1.6148,0.0
2024-06-18 04:47:15.500,922.5,5.94546,0.03104,0.17334,4.2624,0.059559999999999995,0.0,0.8074,0.0
2024-06-18 04:47:16.000,923.0,0.0,0.06208,0.0,0.0,0.0,0.0,0.0,0.0
2024-06-18 04:47:16.500,923.5,1.9992,0.03104,2.179275,2.49975,0.0,1.1510300000000002,0.0,0.0
2024-06-18 04:47:17.000,924.0,3.9984,0.0,4.35855,4.9995,0.0,2.3020600000000004,0.0,0.0
2024-06-18 04:47:17.500,924.5,3.54428,0.47652,5.81882,4.15007,0.0,1.3561300000000003,0.43935000000000013,0.104755
2024-06-18 04:47:18.000,925.0,3.09016,0.95304,7.279089999999999,3.3006400000000005,0.0,0.41020000000000006,0.8787000000000003,0.20951
2024-06-18 04:47:18.500,925.5,4.69841,4.82582,4.171049999999999,7.319439999999999,1.0982399999999999,1.04762,0.43935000000000013,0.161275
2024-06-18 04:47:19.000,926.0,6.30666,8.6986,1.06301,11.338239999999999,2.1964799999999998,1.6850399999999999,0.0,0.11304
2024-06-18 04:47:19.500,926.5,7.100955,4.3493,0.559505,13.561809999999998,1.1259499999999998,0.8425199999999999,5.8141349999999985,0.05652
2024-06-18 04:47:20.000,927.0,7.89525,0.0,0.055999999999999994,15.785379999999996,0.05542,0.0,11.628269999999997,0.0
2024-06-18 04:47:20.500,927.5,4.593545,0.0,4.90546,9.070619999999998,0.02771,7.123024999999999,5.871034999999998,1.2545399999999998
2024-06-18 04:47:21.000,928.0,1.2918399999999999,0.0,9.754919999999998,2.3558600000000003,0.0,14.246049999999999,0.1138,2.5090799999999995
2024-06-18 04:47:21.500,928.5,3.9080250000000003,0.0,11.217859999999998,5.629575000000001,0.0,11.107605,0.0569,1.3707399999999998
2024-06-18 04:47:22.000,929.0,6.524210000000001,0.0,12.6808,8.90329,0.0,7.969160000000002,0.0,0.23240000000000002
2024-06-18 04:47:22.500,929.5,7.151940000000001,0.0,14.50601,7.60826,0.056260000000000004,8.073820000000001,0.0,0.11620000000000001
2024-06-18 04:47:23.000,930.0,7.77967,0.0,16.33122,6.313229999999999,0.11252000000000001,8.17848,0.0,0.0
2024-06-18 04:47:23.500,930.5,6.146475000000001,0.0,17.335594999999998,4.020315,0.056260000000000004,11.65783,0.0,0.37462499999999993
2024-06-18 04:47:24.000,931.0,4.51328,0.0,18.339969999999997,1.7274,0.0,15.137179999999999,0.0,0.7492499999999999
2024-06-18 04:47:24.500,931.5,4.571820000000001,7.11399,9.169984999999999,1.544495,0.19240000000000002,8.23176,0.0,0.849165
2024-06-18 04:47:25.000,932.0,4.6303600000000005,14.22798,0.0,1.36159,0.38480000000000003,1.3263399999999999,0.0,0.9490800000000001
2024-06-18 04:47:25.500,932.5,5.11388,7.11399,0.8779199999999999,1.9966599999999999,0.41755,1.4892699999999999,0.015085,1.1511149999999999
2024-06-18 04:47:26.000,933.0,5.5973999999999995,0.0,1.7558399999999998,2.6317299999999997,0.4502999999999999,1.6522000000000001,0.03017,1.3531499999999996
2024-06-18 04:47:26.500,933.5,7.48676,0.0,0.8779199999999999,4.833665,0.43052999999999997,0.8261000000000001,0.46724499999999997,2.8746150000000004
2024-06-18 04:47:27.000,934.0,9.37612,0.0,0.0,7.0356,0.41076000000000007,0.0,0.90432,4.39608
2024-06-18 04:47:27.500,934.5,6.423515,3.5414600000000007,0.05555999999999999,4.94032,2.22274,0.10475999999999999,12.346670000000001,2.9442100000000004
2024-06-18 04:47:28.000,935.0,3.4709099999999995,7.082920000000001,0.11111999999999998,2.8450400000000005,4.03472,0.20951999999999998,23.78902,1.4923400000000002
2024-06-18 04:47:28.500,935.5,1.7354549999999997,3.6565400000000006,4.7746200000000005,1.4225200000000002,2.73766,2.9129099999999997,14.104590000000002,0.7461700000000001
2024-06-18 04:47:29.000,936.0,0.0,0.23015999999999998,9.438120000000001,0.0,1.4405999999999999,5.6163,4.420160000000001,0.0
2024-06-18 04:47:29.500,936.5,0.0,0.11507999999999999,4.84074,0.0,0.7202999999999999,3.309915,2.2100800000000005,1.12147
2024-06-18 04:47:30.000,937.0,0.0,0.0,0.24336,0.0,0.0,1.00353,0.0,2.24294
2024-06-18 04:47:30.500,937.5,0.0,0.07615000000000001,0.535725,0.0,0.0,0.837045,1.7277150000000001,2.9278899999999997
2024-06-18 04:47:31.000,938.0,0.0,0.15230000000000002,0.8280900000000001,0.0,0.0,0.6705599999999999,3.4554300000000002,3.61284
2024-06-18 04:47:31.500,938.5,0.0,0.65803,0.41404500000000005,0.0,0.0,0.33527999999999997,9.004515,2.7620999999999998
2024-06-18 04:47:32.000,939.0,0.0,1.1637600000000001,0.0,0.0,0.0,0.0,14.5536,1.91136
2024-06-18 04:47:32.500,939.5,0.0,0.5818800000000001,0.3064,0.0,0.32192999999999994,0.261375,7.2768,0.95568
2024-06-18 04:47:33.000,940.0,0.0,0.0,0.6128,0.0,0.6438599999999999,0.52275,0.0,0.0
2024-06-18 04:47:33.500,940.5,0.0,7.2254,0.438745,0.0,0.60913,0.37585500000000005,0.0,5.5351799999999995
2024-06-18 04:47:34.000,941.0,0.0,14.4508,0.26469,0.0,0.5744,0.22896000000000002,0.0,11.070359999999999
2024-06-18 04:47:34.500,941.5,0.0,18.57836,0.249225,0.0,1.15352,0.11448000000000001,3.4080800000000004,12.942160000000001
2024-06-18 04:47:35.000,942.0,0.0,22.705920000000003,0.23376000000000002,0.0,1.7326400000000002,0.0,6.816160000000001,14.813960000000002
2024-06-18 04:47:35.500,942.5,0.0,11.71921,0.11688000000000001,0.0,1.18153,0.0,10.000430000000001,7.406980000000001
2024-06-18 04:47:36.000,943.0,0.0,0.7324999999999999,0.0,0.0,0.63042,0.0,13.184700000000001,0.0
2024-06-18 04:47:36.500,943.5,0.0,0.36624999999999996,0.0,0.0,0.31521,0.36443499999999995,6.592350000000001,0.0
2024-06-18 04:47:37.000,944.0,0.0,0.0,0.0,0.0,0.0,0.7288699999999999,0.0,0.0
2024-06-18 04:47:37.500,944.5,0.0,0.0,0.16654,0.0,0.0,0.36443499999999995,0.72756,0.15405000000000002
2024-06-18 04:47:38.000,945.0,0.0,0.0,0.33308,0.0,0.0,0.0,1.45512,0.30810000000000004
2024-06-18 04:47:38.500,945.5,0.0,0.0,0.16654,0.0,0.0,0.0,0.72756,0.15405000000000002
2024-06-18 04:47:39.000,946.0,0.0,0.0,0.0,0.0,0.0,0.0,0.0,0.0
2024-06-18 04:47:39.500,946.5,0.0,2.099925,0.0,0.0,0.74676,0.0,0.92101,2.3431400000000004
2024-06-18 04:47:40.000,947.0,0.0,4.19985,0.0,0.0,1.49352,0.0,1.84202,4.686280000000001
2024-06-18 04:47:40.500,947.5,0.0,2.099925,0.6837599999999998,0.0,0.80848,0.3108,1.279925,3.0329900000000003
2024-06-18 04:47:41.000,948.0,0.0,0.0,1.3675199999999996,0.0,0.12344,0.6216,0.71783,1.3796999999999997
2024-06-18 04:47:41.500,948.5,0.0,0.0,0.9586199999999998,0.0,3.0900700000000003,0.3108,0.358915,1.91781
2024-06-18 04:47:42.000,949.0,0.0,0.0,0.54972,0.0,6.0567,0.0,0.0,2.4559200000000003
2024-06-18 04:47:42.500,949.5,0.0,0.0,0.27486,0.0,3.02835,0.0,0.9673649999999999,2.96622
2024-06-18 04:47:43.000,950.0,0.0,0.0,0.0,0.0,0.0,0.0,1.9347299999999998,3.47652
2024-06-18 04:47:43.500,950.5,0.0,0.0,0.0,0.0,0.0,0.0,0.9673649999999999,1.73826
2024-06-18 04:47:44.000,951.0,0.0,0.0,0.0,0.0,0.0,0.0,0.0,0.0
2024-06-18 04:47:44.500,951.5,2.167875,0.0,0.24712,2.9707600000000003,0.0,0.998075,0.0,0.0
2024-06-18 04:47:45.000,952.0,4.33575,0.0,0.49424,5.941520000000001,0.0,1.99615,0.0,0.0
2024-06-18 04:47:45.500,952.5,9.024715,0.0,0.24712,8.68166,0.0,0.998075,0.08706,0.0
2024-06-18 04:47:46.000,953.0,13.71368,0.0,0.0,11.421800000000001,0.0,0.0,0.17412,0.0
2024-06-18 04:47:46.500,953.5,13.99614,0.0,0.24667000000000003,10.92886,0.0,0.0,0.08706,0.0
2024-06-18 04:47:47.000,954.0,14.278599999999999,0.0,0.49334000000000006,10.43592,0.0,0.0,0.0,0.0
2024-06-18 04:47:47.500,954.5,7.1392999999999995,0.0,0.61663,6.46636,0.0,0.32046,0.0,0.0
2024-06-18 04:47:48.000,955.0,0.0,0.0,0.73992,2.4968000000000004,0.0,0.64092,0.0,0.0
2024-06-18 04:47:48.500,955.5,3.0040500000000003,0.0,0.43064,5.95268,0.0,0.68303,0.0,0.0
2024-06-18 04:47:49.000,956.0,6.008100000000001,0.0,0.12136,9.40856,0.0,0.7251399999999999,0.0,0.0
2024-06-18 04:47:49.500,956.5,6.42285,0.0,1.4241199999999998,9.757594999999998,0.0,0.40693999999999997,0.0,0.0
2024-06-18 04:47:50.000,957.0,6.8376,0.0,2.72688,10.10663,0.0,0.08874,0.0,0.0
2024-06-18 04:47:50.500,957.5,9.685424999999999,0.0,2.24364,10.329794999999999,0.0,0.04437,0.08877,0.0
2024-06-18 04:47:51.000,958.0,12.533249999999999,0.0,1.7604,10.552959999999999,0.0,0.0,0.17754,0.0
2024-06-18 04:47:51.500,958.5,7.792215,0.0,2.6549199999999997,6.488734999999999,0.0,1.3630499999999999,0.08877,0.0
2024-06-18 04:47:52.000,959.0,3.05118,0.0,3.5494399999999997,2.42451,0.0,2.7260999999999997,0.0,0.0
2024-06-18 04:47:52.500,959.5,3.9123150000000004,0.0,3.585895,2.628355,0.0,1.48077,0.5862,0.0
2024-06-18 04:47:53.000,960.0,4.77345,0.0,3.6223500000000004,2.8322,0.0,0.23544,1.1724,0.0
2024-06-18 04:47:53.500,960.5,5.15713,0.0,5.853990000000001,3.3225499999999997,0.0,1.2098,1.1204800000000001,0.0
2024-06-18 04:47:54.000,961.0,5.5408100000000005,0.0,8.085630000000002,3.8129,0.0,2.18416,1.06856,0.0
2024-06-18 04:47:54.500,961.5,5.031655,0.0,7.292895000000001,4.070575,0.0,2.59294,0.725185,0.0
2024-06-18 04:47:55.000,962.0,4.522499999999999,0.0,6.500159999999999,4.328250000000001,0.0,3.00172,0.38181000000000004,0.0
2024-06-18 04:47:55.500,962.5,2.9230099999999997,0.0,6.78438,3.1286050000000003,0.0,6.00212,0.19090500000000002,0.0
2024-06-18 04:47:56.000,963.0,1.3235199999999998,0.0,7.0686,1.92896,0.0,9.00252,0.0,0.0
2024-06-18 04:47:56.500,963.5,1.5429249999999999,0.0,8.151900000000001,2.66215,0.0,7.871075000000001,0.0,0.0
2024-06-18 04:47:57.000,964.0,1.76233,0.0,9.2352,3.39534,0.0,6.739630000000001,0.0,0.0
2024-06-18 04:47:57.500,964.5,0.881165,0.0,4.6176,1.9393500000000001,0.0,4.475035,2.09056,0.0
2024-06-18 04:47:58.000,965.0,0.0,0.0,0.0,0.48336,0.0,2.21044,4.18112,0.0
2024-06-18 04:47:58.500,965.5,1.051865,0.0,2.7685350000000004,1.7516300000000002,0.0,2.71342,2.09056,0.0
2024-06-18 04:47:59.000,966.0,2.10373,0.0,5.537070000000001,3.0199000000000003,0.0,3.2164000000000006,0.0,0.0
2024-06-18 04:47:59.500,966.5,2.267765,0.0,5.669825000000001,2.2532750000000004,0.0,3.4175950000000004,0.0,0.0
2024-06-18 04:48:00.000,967.0,2.4317999999999995,0.0,5.802580000000001,1.48665,0.0,3.6187899999999997,0.0,0.0
2024-06-18 04:48:00.500,967.5,1.3080899999999998,0.0,3.4901000000000004,0.774775,0.031120000000000002,1.8093949999999999,0.37512,0.0
2024-06-18 04:48:01.000,968.0,0.18438000000000002,0.0,1.1776200000000001,0.0629,0.062240000000000004,0.0,0.75024,0.0
2024-06-18 04:48:01.500,968.5,0.09219000000000001,0.0,0.5888100000000001,0.03145,0.031120000000000002,0.0,0.43832000000000004,0.0
2024-06-18 04:48:02.000,969.0,0.0,0.0,0.0,0.0,0.0,0.0,0.1264,0.0
2024-06-18 04:48:02.500,969.5,0.0,0.0,0.03154,0.0,0.0,0.0,0.0632,0.0
2024-06-18 04:48:03.000,970.0,0.0,0.0,0.06308,0.0,0.0,0.0,0.0,0.0
2024-06-18 04:48:03.500,970.5,0.062000000000000006,0.0,0.061799999999999994,0.0,0.0,0.0,0.0,0.186
2024-06-18 04:48:04.000,971.0,0.12400000000000001,0.0,0.06052,0.0,0.0,0.0,0.0,0.372
2024-06-18 04:48:04.500,971.5,0.062000000000000006,0.0,0.03026,0.0,0.0,0.0,0.0,0.233535
2024-06-18 04:48:05.000,972.0,0.0,0.0,0.0,0.0,0.0,0.0,0.0,0.09507
2024-06-18 04:48:05.500,972.5,0.0,0.0,0.015455000000000002,0.0,0.0,0.579605,0.0,0.047535
2024-06-18 04:48:06.000,973.0,0.0,0.0,0.030910000000000003,0.0,0.0,1.15921,0.0,0.0
2024-06-18 04:48:06.500,973.5,0.0,0.0,0.6135200000000001,0.0,0.0,0.65668,0.0,0.0
2024-06-18 04:48:07.000,974.0,0.0,0.0,1.1961300000000001,0.0,0.0,0.15415,0.0,0.0
2024-06-18 04:48:07.500,974.5,0.0,0.0,0.5980650000000001,0.0,0.12344,0.077075,0.0,0.0
2024-06-18 04:48:08.000,975.0,0.0,0.0,0.0,0.0,0.24688,0.0,0.0,0.0
2024-06-18 04:48:08.500,975.5,0.0,0.0,0.030510000000000002,0.0625,0.12344,0.0,1.161,0.06182000000000001
2024-06-18 04:48:09.000,976.0,0.0,0.0,0.061020000000000005,0.125,0.0,0.0,2.322,0.12364000000000001
2024-06-18 04:48:09.500,976.5,0.0,0.0,0.07640999999999999,0.0625,0.0,0.0,1.161,0.06182000000000001
2024-06-18 04:48:10.000,977.0,0.0,0.0,0.09179999999999998,0.0,0.0,0.0,0.0,0.0
2024-06-18 04:48:10.500,977.5,0.0,0.0,0.04589999999999999,0.0,0.14318999999999998,0.0,0.0,0.0
2024-06-18 04:48:11.000,978.0,0.0,0.0,0.0,0.0,0.28637999999999997,0.0,0.0,0.0
2024-06-18 04:48:11.500,978.5,0.0,0.0,0.12572,0.0,0.5753699999999999,0.330645,0.0,0.16884999999999997
2024-06-18 04:48:12.000,979.0,0.0,0.0,0.25144,0.0,0.8643599999999998,0.66129,0.0,0.33769999999999994
2024-06-18 04:48:12.500,979.5,0.0,0.0,0.12572,0.0,1.8287399999999998,0.40954500000000005,0.0,0.8537499999999998
2024-06-18 04:48:13.000,980.0,0.0,0.0,0.0,0.0,2.7931199999999996,0.15780000000000002,0.0,1.3697999999999997
2024-06-18 04:48:13.500,980.5,0.0,0.0,0.0,0.0,4.0093,0.07890000000000001,0.0,0.8849699999999998
2024-06-18 04:48:14.000,981.0,0.0,0.0,0.0,0.0,5.22548,0.0,0.0,0.40014000000000005
2024-06-18 04:48:14.500,981.5,0.0,0.0,0.643925,0.0,2.98149,0.014665,0.3043,2.0108300000000003
2024-06-18 04:48:15.000,982.0,0.0,0.0,1.28785,0.0,0.7375,0.02933,0.6086,3.6215200000000003
2024-06-18 04:48:15.500,982.5,0.0,0.0,0.643925,0.0,1.06979,0.046485,1.4254,7.747610000000001
2024-06-18 04:48:16.000,983.0,0.0,0.0,0.0,0.0,1.40208,0.06364,2.2422,11.873700000000001
2024-06-18 04:48:16.500,983.5,1.47763,0.0,1.90208,2.5996899999999994,1.184325,0.9535300000000003,1.1211,6.264100000000001
2024-06-18 04:48:17.000,984.0,2.95526,0.0,3.80416,5.199379999999999,0.9665700000000002,1.8434200000000005,0.0,0.6545
2024-06-18 04:48:17.500,984.5,7.883405000000001,0.0,2.20986,6.879849999999999,1.1339549999999998,1.3924550000000002,0.0704,1.5625699999999996
2024-06-18 04:48:18.000,985.0,12.81155,0.0,0.6155599999999999,8.56032,1.3013399999999997,0.9414899999999999,0.1408,2.4706399999999995
2024-06-18 04:48:18.500,985.5,10.295215,1.1317750000000002,0.30777999999999994,11.806780000000002,0.6506699999999999,0.523765,2.3087900000000006,10.836519999999998
2024-06-18 04:48:19.000,986.0,7.77888,2.2635500000000004,0.0,15.053240000000002,0.0,0.10604,4.476780000000001,19.202399999999997
2024-06-18 04:48:19.500,986.5,7.50552,1.1317750000000002,1.1914649999999998,17.21962,0.0,0.16802,2.5958700000000006,9.601199999999999
2024-06-18 04:48:20.000,987.0,7.2321599999999995,0.0,2.3829299999999995,19.386,0.0,0.23,0.71496,0.0
2024-06-18 04:48:20.500,987.5,3.6160799999999997,0.0,11.990625,9.693,0.0,5.6149000000000004,0.35748,0.0
2024-06-18 04:48:21.000,988.0,0.0,0.0,21.598319999999998,0.0,0.0,10.9998,0.0,0.0
2024-06-18 04:48:21.500,988.5,0.0,0.254695,15.590919999999999,0.0,0.0,13.96413,7.86159,3.7155300000000007
2024-06-18 04:48:22.000,989.0,0.0,0.50939,9.58352,0.0,0.0,16.92846,15.72318,7.431060000000001
2024-06-18 04:48:22.500,989.5,0.0,0.254695,7.155395,0.0,0.0,12.70224,7.86159,4.5801750000000006
2024-06-18 04:48:23.000,990.0,0.0,0.0,4.72727,0.0,0.0,8.47602,0.0,1.72929
2024-06-18 04:48:23.500,990.5,0.03066,0.0,2.562405,1.219365,0.015009999999999999,5.67726,0.0,0.864645
2024-06-18 04:48:24.000,991.0,0.06132,0.0,0.39754,2.43873,0.030019999999999998,2.8785000000000003,0.0,0.0
2024-06-18 04:48:24.500,991.5,1.2975600000000003,0.0,1.195395,5.093640000000001,0.015009999999999999,1.4392500000000001,0.0,0.0
2024-06-18 04:48:25.000,992.0,2.5338000000000003,0.0,1.9932500000000002,7.74855,0.0,0.0,0.0,0.0
2024-06-18 04:48:25.500,992.5,1.2669000000000001,0.0,2.488465,3.874275,0.0,0.45269000000000004,0.0,0.0
2024-06-18 04:48:26.000,993.0,0.0,0.0,2.98368,0.0,0.0,0.9053800000000001,0.0,0.0
2024-06-18 04:48:26.500,993.5,0.0,0.0,3.36454,0.33868999999999994,0.0,0.45269000000000004,0.0,0.0
2024-06-18 04:48:27.000,994.0,0.0,0.0,3.7454,0.6773799999999999,0.0,0.0,0.0,0.0
2024-06-18 04:48:27.500,994.5,0.0,0.17934,2.21724,0.39902999999999994,0.0,0.0,0.3064,0.36396
2024-06-18 04:48:28.000,995.0,0.0,0.35868,0.6890799999999999,0.12068,0.0,0.0,0.6128,0.72792
2024-06-18 04:48:28.500,995.5,2.24386,0.17934,0.34453999999999996,3.2243350000000004,0.0,0.48675000000000007,0.3064,0.36396
2024-06-18 04:48:29.000,996.0,4.48772,0.0,0.0,6.327990000000001,0.0,0.9735000000000001,0.0,0.0
2024-06-18 04:48:29.500,996.5,9.646260000000002,0.0,0.3049199999999999,11.364090000000001,0.0,0.48675000000000007,0.028579999999999998,0.0
2024-06-18 04:48:30.000,997.0,14.8048,0.0,0.6098399999999998,16.40019,0.0,0.0,0.057159999999999996,0.0
2024-06-18 04:48:30.500,997.5,9.07275,0.0,0.7938149999999999,8.722294999999999,3.9034500000000003,2.00514,0.028579999999999998,1.0814650000000001
2024-06-18 04:48:31.000,998.0,3.3407,0.0,0.97779,1.0444,7.806900000000001,4.01028,0.0,2.1629300000000002
2024-06-18 04:48:31.500,998.5,2.785225,0.0,4.480155000000001,2.19548,3.9034500000000003,3.25031,0.0736,1.0814650000000001
2024-06-18 04:48:32.000,999.0,2.22975,0.0,7.982520000000002,3.34656,0.0,2.49034,0.1472,0.0
2024-06-18 04:48:32.500,999.5,6.096555,0.0,7.077135,5.91538,0.0,1.4054950000000002,0.0736,0.0
2024-06-18 04:48:33.000,1000.0,9.96336,0.0,6.171749999999999,8.4842,0.0,0.32065,0.0,0.0
2024-06-18 04:48:33.500,1000.5,11.95422,0.0,3.6578749999999998,10.76446,0.0,0.279765,0.0,0.0
2024-06-18 04:48:34.000,1001.0,13.94508,0.0,1.144,13.044720000000002,0.0,0.23888,0.0,0.0
2024-06-18 04:48:34.500,1001.5,8.341180000000001,0.0,1.53648,7.502570000000001,0.0,0.2992,0.20370000000000002,3.72744
2024-06-18 04:48:35.000,1002.0,2.7372799999999997,0.0,1.9289600000000002,1.9604200000000003,0.0,0.35952,0.40740000000000004,7.45488
2024-06-18 04:48:35.500,1002.5,1.47301,0.0,1.1298650000000001,1.0254050000000001,0.03026,0.17976,0.20370000000000002,5.947875
2024-06-18 04:48:36.000,1003.0,0.20874000000000004,0.0,0.33076999999999995,0.09039,0.06052,0.0,0.0,4.440869999999999
2024-06-18 04:48:36.500,1003.5,0.10437000000000002,3.02848,0.42140500000000003,0.045195,0.03026,0.93093,0.0,4.58878
2024-06-18 04:48:37.000,1004.0,0.0,6.05696,0.51204,0.0,0.0,1.86186,0.0,4.73669
2024-06-18 04:48:37.500,1004.5,0.0,3.02848,0.41292000000000006,0.0,0.0,1.21317,0.0,2.368345
2024-06-18 04:48:38.000,1005.0,0.0,0.0,0.3138,0.0,0.0,0.56448,0.0,0.0
2024-06-18 04:48:38.500,1005.5,0.0,0.0,2.540330000000001,0.0,0.0,4.49204,0.0,0.0
2024-06-18 04:48:39.000,1006.0,0.0,0.0,4.766860000000001,0.0,0.0,8.4196,0.0,0.0
2024-06-18 04:48:39.500,1006.5,3.977145,0.0,3.297875000000001,6.416910000000001,0.0,4.3416500000000005,0.0,0.0
2024-06-18 04:48:40.000,1007.0,7.95429,0.0,1.8288900000000001,12.833820000000001,0.0,0.2637,0.0,0.0
2024-06-18 04:48:40.500,1007.5,6.100670000000001,0.0,1.79797,13.70691,0.0,0.5887500000000001,0.0,0.0
2024-06-18 04:48:41.000,1008.0,4.247050000000001,0.0,1.76705,14.58,0.0,0.9138000000000001,0.0,0.0
2024-06-18 04:48:41.500,1008.5,4.2237350000000005,0.0,1.556965,12.086549999999999,0.0,1.5925250000000002,0.0,0.0
2024-06-18 04:48:42.000,1009.0,4.20042,0.0,1.3468799999999999,9.5931,0.0,2.27125,0.0,0.0
2024-06-18 04:48:42.500,1009.5,4.0927500000000006,0.0,0.9095199999999999,8.88231,0.0,2.458165,0.0,0.0
2024-06-18 04:48:43.000,1010.0,3.9850800000000004,0.0,0.47216,8.171520000000001,0.0,2.6450799999999997,0.0,0.0
2024-06-18 04:48:43.500,1010.5,2.1474900000000003,0.0,0.23608,4.0857600000000005,0.0,1.68458,0.0,0.0
2024-06-18 04:48:44.000,1011.0,0.30990000000000006,0.0,0.0,0.0,0.0,0.7240800000000001,0.0,0.0
2024-06-18 04:48:44.500,1011.5,1.3447700000000002,0.0,0.059800000000000006,1.2356400000000003,0.0,1.4387400000000001,0.0,0.0
2024-06-18 04:48:45.000,1012.0,2.37964,0.0,0.11960000000000001,2.4712800000000006,0.0,2.1534,0.0,0.0
2024-06-18 04:48:45.500,1012.5,1.18982,0.0,2.76896,1.9883900000000003,0.0,1.21377,0.0,0.0
2024-06-18 04:48:46.000,1013.0,0.0,0.0,5.41832,1.5055,0.0,0.27414,0.0,0.0
2024-06-18 04:48:46.500,1013.5,0.0,0.5782,3.00336,0.75275,0.8664,0.5597450000000002,6.507829999999999,0.5053949999999999
2024-06-18 04:48:47.000,1014.0,0.0,1.1564,0.5884,0.0,1.7328,0.8453500000000002,13.015659999999999,1.0107899999999999
2024-06-18 04:48:47.500,1014.5,0.0,0.5782,0.2942,0.0,0.8664,0.4226750000000001,7.505904999999999,0.5053949999999999
2024-06-18 04:48:48.000,1015.0,0.0,0.0,0.0,0.0,0.0,0.0,1.9961499999999999,0.0
2024-06-18 04:48:48.500,1015.5,0.0,0.978075,0.0,0.0,0.6941249999999999,0.0,0.9980749999999999,1.4777249999999997
2024-06-18 04:48:49.000,1016.0,0.0,1.95615,0.0,0.0,1.3882499999999998,0.0,0.0,2.9554499999999995
2024-06-18 04:48:49.500,1016.5,0.0,1.0701450000000001,0.03139,0.0,0.6941249999999999,0.0,0.06286,1.5085849999999998
2024-06-18 04:48:50.000,1017.0,0.0,0.18414,0.06278,0.0,0.0,0.0,0.12572,0.061720000000000004
2024-06-18 04:48:50.500,1017.5,0.0,0.09207,0.03139,0.0,0.0,0.0,0.06286,0.030860000000000002
2024-06-18 04:48:51.000,1018.0,0.0,0.0,0.0,0.0,0.0,0.0,0.0,0.0
2024-06-18 04:48:51.500,1018.5,0.0,0.0,0.0,0.0,0.0,0.0,0.07640000000000001,0.0
2024-06-18 04:48:52.000,1019.0,0.0,0.0,0.0,0.0,0.0,0.0,0.15280000000000002,0.0
2024-06-18 04:48:52.500,1019.5,0.0,0.0,0.0,0.0,0.0,0.0,0.07640000000000001,0.0
2024-06-18 04:48:53.000,1020.0,0.0,0.0,0.0,0.0,0.0,0.0,0.0,0.0
2024-06-18 04:48:53.500,1020.5,0.0,0.0,0.0,0.0,0.0,0.0,0.0,0.0
2024-06-18 04:48:54.000,1021.0,0.0,0.0,0.0,0.0,0.0,0.0,0.0,0.0
2024-06-18 04:48:54.500,1021.5,0.0,0.0,0.0,0.0,0.0,0.0,0.0,0.0
2024-06-18 04:48:55.000,1022.0,0.0,0.0,0.0,0.0,0.0,0.0,0.0,0.0
2024-06-18 04:48:55.500,1022.5,0.0,0.0,0.17336,0.0,0.0,0.0,0.0,0.0
2024-06-18 04:48:56.000,1023.0,0.0,0.0,0.34672,0.0,0.0,0.0,0.0,0.0
2024-06-18 04:48:56.500,1023.5,0.0,0.0,0.17336,0.0,0.0,0.0,0.0,0.0
2024-06-18 04:48:57.000,1024.0,0.0,0.0,0.0,0.0,0.0,0.0,0.0,0.0
2024-06-18 04:48:57.500,1024.5,0.07590000000000001,0.0,2.49198,0.36216,0.0,1.70088,0.0,0.0
2024-06-18 04:48:58.000,1025.0,0.15180000000000002,0.0,4.98396,0.72432,0.0,3.40176,0.0,0.0
2024-06-18 04:48:58.500,1025.5,4.0659,0.0,4.984045,1.6146000000000003,0.0,4.156615,0.05882,0.0
2024-06-18 04:48:59.000,1026.0,7.98,0.0,4.984130000000001,2.5048800000000004,0.0,4.911470000000001,0.11764,0.0
2024-06-18 04:48:59.500,1026.5,5.799555,0.14775000000000002,2.4920650000000006,7.81452,0.0,2.4557350000000007,0.34743,0.0
2024-06-18 04:49:00.000,1027.0,3.6191099999999996,0.29550000000000004,0.0,13.12416,0.0,0.0,0.5772200000000001,0.0
2024-06-18 04:49:00.500,1027.5,4.4919899999999995,0.54423,0.56355,9.461905,0.0,1.314085,0.575415,0.0
2024-06-18 04:49:01.000,1028.0,5.36487,0.79296,1.1271,5.799650000000001,0.0,2.62817,0.5736100000000001,0.0
2024-06-18 04:49:01.500,1028.5,5.2770399999999995,5.208584999999999,1.35357,3.517805,0.4039,2.074105,1.4240449999999996,0.22288
2024-06-18 04:49:02.000,1029.0,5.18921,9.62421,1.5800400000000001,1.23596,0.8078,1.52004,2.274479999999999,0.44576
2024-06-18 04:49:02.500,1029.5,2.594605,5.184464999999999,0.7900200000000001,0.61798,0.4039,0.76002,1.1372399999999996,1.22872
2024-06-18 04:49:03.000,1030.0,0.0,0.7447199999999999,0.0,0.0,0.0,0.0,0.0,2.01168
2024-06-18 04:49:03.500,1030.5,0.0,0.37235999999999997,0.2892,0.0,0.0,0.0,8.098189999999999,1.5623200000000002
2024-06-18 04:49:04.000,1031.0,0.0,0.0,0.5784,0.0,0.0,0.0,16.196379999999998,1.1129600000000002
2024-06-18 04:49:04.500,1031.5,0.0,1.0615500000000002,0.2892,0.0,0.7968550000000001,0.0,8.970509999999999,1.8272100000000002
2024-06-18 04:49:05.000,1032.0,0.0,2.1231000000000004,0.0,0.0,1.5937100000000002,0.0,1.7446400000000002,2.5414600000000003
2024-06-18 04:49:05.500,1032.5,0.0,1.0615500000000002,0.41242500000000004,0.0,1.902415,0.0,0.8723200000000001,2.6369299999999996
2024-06-18 04:49:06.000,1033.0,0.0,0.0,0.8248500000000001,0.0,2.2111199999999998,0.0,0.0,2.7323999999999993
2024-06-18 04:49:06.500,1033.5,0.0,0.0,0.41242500000000004,0.0,1.1055599999999999,0.0,0.0,2.1057449999999998
2024-06-18 04:49:07.000,1034.0,0.0,0.0,0.0,0.0,0.0,0.0,0.0,1.47909
2024-06-18 04:49:07.500,1034.5,0.0,0.0,0.0,0.0,0.0,0.0,0.0,0.739545
2024-06-18 04:49:08.000,1035.0,0.0,0.0,0.0,0.0,0.0,0.0,0.0,0.0
2024-06-18 04:49:08.500,1035.5,0.0,0.0,0.0,0.0,0.0,0.0,0.38256,0.53928
2024-06-18 04:49:09.000,1036.0,0.0,0.0,0.0,0.0,0.0,0.0,0.76512,1.07856
2024-06-18 04:49:09.500,1036.5,0.0,0.0,0.0,0.0,0.0,0.0,0.655155,0.84318
2024-06-18 04:49:10.000,1037.0,0.0,0.0,0.0,0.0,0.0,0.0,0.5451900000000001,0.6078
2024-06-18 04:49:10.500,1037.5,0.0,0.0,0.0,0.0,0.0,0.0,0.27259500000000003,0.3039
2024-06-18 04:49:11.000,1038.0,0.0,0.0,0.0,0.0,0.0,0.0,0.0,0.0
2024-06-18 04:49:11.500,1038.5,0.0,0.014649999999999998,0.10279500000000003,0.0,0.296,0.22245,5.804609999999999,0.5798800000000001
2024-06-18 04:49:12.000,1039.0,0.0,0.029299999999999996,0.20559000000000005,0.0,0.592,0.4449,11.609219999999999,1.1597600000000001
2024-06-18 04:49:12.500,1039.5,0.0,0.014649999999999998,0.10279500000000003,0.0,0.296,0.22245,5.820569999999999,0.5798800000000001
2024-06-18 04:49:13.000,1040.0,0.0,0.0,0.0,0.0,0.0,0.0,0.031920000000000004,0.0
2024-06-18 04:49:13.500,1040.5,0.0,0.046095000000000004,0.0,0.0,0.0,0.0,10.968919999999999,0.0
2024-06-18 04:49:14.000,1041.0,0.0,0.09219000000000001,0.0,0.0,0.0,0.0,21.90592,0.0
2024-06-18 04:49:14.500,1041.5,0.0,6.246695,0.10784,0.0,3.212,0.35984,13.58024,1.2616
2024-06-18 04:49:15.000,1042.0,0.0,12.4012,0.21568,0.0,6.424,0.71968,5.25456,2.5232
2024-06-18 04:49:15.500,1042.5,0.0,6.4402,0.10784,0.0,3.99216,0.35984,9.503820000000001,2.6857
2024-06-18 04:49:16.000,1043.0,0.0,0.4792,0.0,0.0,1.5603200000000002,0.0,13.75308,2.8482000000000003
2024-06-18 04:49:16.500,1043.5,0.0,0.56014,0.05994,0.0,1.55749,0.05981999999999999,15.114749999999999,3.12625
2024-06-18 04:49:17.000,1044.0,0.0,0.64108,0.11988,0.0,1.5546600000000002,0.11963999999999998,16.476419999999997,3.4043
2024-06-18 04:49:17.500,1044.5,0.0,1.483415,0.05994,0.0,0.7773300000000001,0.05981999999999999,8.238209999999999,1.70215
2024-06-18 04:49:18.000,1045.0,0.0,2.32575,0.0,0.0,0.0,0.0,0.0,0.0
2024-06-18 04:49:18.500,1045.5,0.0,2.339625,0.0,0.0,0.26061,0.25168,1.226475,0.0
2024-06-18 04:49:19.000,1046.0,0.0,2.3535,0.0,0.0,0.52122,0.50336,2.45295,0.0
2024-06-18 04:49:19.500,1046.5,0.0,1.17675,0.077825,0.0,0.38149,0.25168,3.6199399999999997,1.81548
2024-06-18 04:49:20.000,1047.0,0.0,0.0,0.15565,0.0,0.24176000000000003,0.0,4.78693,3.63096
2024-06-18 04:49:20.500,1047.5,0.0,0.0,0.077825,0.0,0.12088000000000002,0.0,4.945365,2.3126249999999997
2024-06-18 04:49:21.000,1048.0,0.0,0.0,0.0,0.0,0.0,0.0,5.1038,0.99429
2024-06-18 04:49:21.500,1048.5,0.0,0.20059,0.0,0.0,0.0,0.0,2.5519,0.497145
2024-06-18 04:49:22.000,1049.0,0.0,0.40118,0.0,0.0,0.0,0.0,0.0,0.0
2024-06-18 04:49:22.500,1049.5,0.0,0.20059,0.03145,0.0,0.015419999999999998,0.0,0.0,0.06092000000000001
2024-06-18 04:49:23.000,1050.0,0.0,0.0,0.0629,0.0,0.030839999999999996,0.0,0.0,0.12184000000000002
2024-06-18 04:49:23.500,1050.5,0.0,0.0,0.03145,0.0,0.015419999999999998,0.0,0.8208000000000001,0.06092000000000001
2024-06-18 04:49:24.000,1051.0,0.0,0.0,0.0,0.0,0.0,0.0,1.6416000000000002,0.0
2024-06-18 04:49:24.500,1051.5,0.0,0.19623500000000002,0.06206,0.0,0.01559,0.0,2.26998,1.3424099999999999
2024-06-18 04:49:25.000,1052.0,0.0,0.39247000000000004,0.12412,0.0,0.03118,0.0,2.89836,2.6848199999999998
2024-06-18 04:49:25.500,1052.5,0.0,0.376715,0.06206,0.015115000000000002,0.01559,0.30610000000000004,4.565564999999999,1.55626
2024-06-18 04:49:26.000,1053.0,0.0,0.36096,0.0,0.030230000000000003,0.0,0.6122000000000001,6.2327699999999995,0.4277
2024-06-18 04:49:26.500,1053.5,4.025925000000001,1.1637600000000001,0.0,2.51086,0.0,0.40529000000000004,3.1163849999999997,0.21385
2024-06-18 04:49:27.000,1054.0,8.051850000000002,1.9665600000000003,0.0,4.991490000000001,0.0,0.19838,0.0,0.0
2024-06-18 04:49:27.500,1054.5,4.025925000000001,2.5892550000000005,0.24303999999999998,2.4957450000000003,0.0,0.56044,0.0,0.0
2024-06-18 04:49:28.000,1055.0,0.0,3.2119500000000003,0.48607999999999996,0.0,0.0,0.9225,0.0,0.0
2024-06-18 04:49:28.500,1055.5,0.0,1.6059750000000002,0.24303999999999998,0.0,0.0,0.46125,0.0,0.0
2024-06-18 04:49:29.000,1056.0,0.0,0.0,0.0,0.0,0.0,0.0,0.0,0.0
2024-06-18 04:49:29.500,1056.5,0.0,0.0,0.37764000000000003,0.0,0.0,0.0,0.0,0.0
2024-06-18 04:49:30.000,1057.0,0.0,0.0,0.7552800000000001,0.0,0.0,0.0,0.0,0.0
2024-06-18 04:49:30.500,1057.5,0.0,0.0,0.48694500000000007,0.0,0.0,0.0,0.0,0.0
2024-06-18 04:49:31.000,1058.0,0.0,0.0,0.21861000000000003,0.0,0.0,0.0,0.0,0.0
2024-06-18 04:49:31.500,1058.5,0.0,0.0,0.10930500000000001,0.0,0.0,0.21875000000000003,0.0,0.06292
2024-06-18 04:49:32.000,1059.0,0.0,0.0,0.0,0.0,0.0,0.43750000000000006,0.0,0.12584
2024-06-18 04:49:32.500,1059.5,0.0,0.0,0.45674999999999993,0.0,0.0,0.21875000000000003,0.0,0.06292
2024-06-18 04:49:33.000,1060.0,0.0,0.0,0.9134999999999999,0.0,0.0,0.0,0.0,0.0
2024-06-18 04:49:33.500,1060.5,0.0,0.0,0.9468599999999999,0.0,0.0,0.0,0.06284,0.0
2024-06-18 04:49:34.000,1061.0,0.0,0.0,0.98022,0.0,0.0,0.0,0.12568,0.0
2024-06-18 04:49:34.500,1061.5,0.0,0.0,0.49011,0.0,0.0,0.09702,0.06284,0.0
2024-06-18 04:49:35.000,1062.0,0.0,0.0,0.0,0.0,0.0,0.19404,0.0,0.0
2024-06-18 04:49:35.500,1062.5,0.0,0.0,0.0,0.0,0.0,0.38646,0.0,0.0
2024-06-18 04:49:36.000,1063.0,0.0,0.0,0.0,0.0,0.0,0.5788800000000001,0.0,0.0
2024-06-18 04:49:36.500,1063.5,0.0,0.0,0.47490000000000004,0.0,0.0,0.41692000000000007,0.0,0.0
2024-06-18 04:49:37.000,1064.0,0.0,0.0,0.9498000000000001,0.0,0.0,0.25496,0.0,0.0
2024-06-18 04:49:37.500,1064.5,0.0,0.0,0.6019000000000001,0.0,0.0,0.31989999999999996,0.0,0.0
2024-06-18 04:49:38.000,1065.0,0.0,0.0,0.254,0.0,0.0,0.38483999999999996,0.0,0.0
2024-06-18 04:49:38.500,1065.5,0.0,0.0,0.432995,0.0,0.0,0.24072,0.0,0.0
2024-06-18 04:49:39.000,1066.0,0.0,0.0,0.61199,0.0,0.0,0.09659999999999999,0.0,0.0
2024-06-18 04:49:39.500,1066.5,0.0,0.0,0.305995,0.0,0.0,0.048299999999999996,0.0,0.0
2024-06-18 04:49:40.000,1067.0,0.0,0.0,0.0,0.0,0.0,0.0,0.0,0.0
2024-06-18 04:49:40.500,1067.5,0.0,0.0,0.8162,0.0,0.0,1.7791850000000002,0.0,0.0
2024-06-18 04:49:41.000,1068.0,0.0,0.0,1.6324,0.0,0.0,3.5583700000000005,0.0,0.0
2024-06-18 04:49:41.500,1068.5,2.2152900000000004,0.0,1.92995,3.2257049999999996,0.0,2.491985,0.0,0.0
2024-06-18 04:49:42.000,1069.0,4.430580000000001,0.0,2.2275,6.451409999999999,0.0,1.4255999999999998,0.0,0.0
2024-06-18 04:49:42.500,1069.5,2.4676100000000005,0.0,1.129495,3.2257049999999996,0.0,1.0322,0.0,0.0
2024-06-18 04:49:43.000,1070.0,0.50464,0.0,0.031490000000000004,0.0,0.0,0.6388,0.0,0.0
2024-06-18 04:49:43.500,1070.5,0.25232,0.0,0.302485,0.0,0.0,0.3194,0.0,0.0
2024-06-18 04:49:44.000,1071.0,0.0,0.0,0.57348,0.0,0.0,0.0,0.0,0.0
2024-06-18 04:49:44.500,1071.5,0.0,0.0,0.6263099999999999,0.48886999999999997,0.0,1.092,0.0,0.0
2024-06-18 04:49:45.000,1072.0,0.0,0.0,0.6791399999999999,0.9777399999999999,0.0,2.184,0.0,0.0
2024-06-18 04:49:45.500,1072.5,0.0,0.0,1.7527999999999997,0.48886999999999997,0.0,1.77686,0.06264,0.0
2024-06-18 04:49:46.000,1073.0,0.0,0.0,2.8264599999999995,0.0,0.0,1.3697199999999998,0.12528,0.0
2024-06-18 04:49:46.500,1073.5,0.3125,0.0,2.2530799999999997,0.0,0.0,0.9139099999999999,0.12602000000000002,0.0
2024-06-18 04:49:47.000,1074.0,0.625,0.0,1.6797000000000002,0.0,0.0,0.4581,0.12676,0.0
2024-06-18 04:49:47.500,1074.5,1.0029599999999999,0.0,0.8398500000000001,0.5814,0.18768,0.7643800000000001,0.746255,0.0
2024-06-18 04:49:48.000,1075.0,1.3809199999999997,0.0,0.0,1.1628,0.37536,1.0706600000000002,1.36575,0.0
2024-06-18 04:49:48.500,1075.5,4.5937,2.75904,0.08438999999999999,7.147394999999999,0.45824,1.2929650000000001,0.682875,1.564545
2024-06-18 04:49:49.000,1076.0,7.80648,5.51808,0.16877999999999999,13.131989999999998,0.5411199999999999,1.5152700000000001,0.0,3.12909
2024-06-18 04:49:49.500,1076.5,3.90324,6.7344100000000005,0.08438999999999999,6.565994999999999,4.500559999999999,1.194585,0.0,1.96428
2024-06-18 04:49:50.000,1077.0,0.0,7.95074,0.0,0.0,8.459999999999999,0.8738999999999999,0.0,0.79947
2024-06-18 04:49:50.500,1077.5,0.0,5.88287,0.5249600000000001,0.0,4.2299999999999995,0.6481399999999999,0.0,1.4942000000000002
2024-06-18 04:49:51.000,1078.0,0.0,3.8149999999999995,1.0499200000000002,0.0,0.0,0.42238000000000003,0.0,2.18893
2024-06-18 04:49:51.500,1078.5,0.0,2.2670199999999996,0.6146900000000001,0.0,0.61572,0.40996,2.995,1.953445
2024-06-18 04:49:52.000,1079.0,0.0,0.71904,0.17946,0.0,1.23144,0.39754,5.99,1.7179600000000002
2024-06-18 04:49:52.500,1079.5,0.90117,0.35952,0.95998,0.0,0.61572,0.19877,2.995,0.8589800000000001
2024-06-18 04:49:53.000,1080.0,1.80234,0.0,1.7405,0.0,0.0,0.0,0.0,0.0
2024-06-18 04:49:53.500,1080.5,0.90117,0.0,0.87025,0.7785,0.0,1.1333099999999998,0.014990000000000002,0.0
2024-06-18 04:49:54.000,1081.0,0.0,0.0,0.0,1.557,0.0,2.2666199999999996,0.029980000000000003,0.0
2024-06-18 04:49:54.500,1081.5,0.0,0.0,0.26656,0.7785,0.0,1.1333099999999998,0.014990000000000002,0.0
2024-06-18 04:49:55.000,1082.0,0.0,0.0,0.53312,0.0,0.0,0.0,0.0,0.0
2024-06-18 04:49:55.500,1082.5,1.09409,0.0,4.58905,0.014775,0.0,3.70944,0.0,0.0
2024-06-18 04:49:56.000,1083.0,2.18818,0.0,8.64498,0.02955,0.0,7.41888,0.0,0.0
2024-06-18 04:49:56.500,1083.5,1.19391,0.35484,8.796825,0.669055,0.2795,6.0307200000000005,0.014415,0.0
2024-06-18 04:49:57.000,1084.0,0.19964000000000004,0.70968,8.94867,1.30856,0.559,4.6425600000000005,0.02883,0.0
2024-06-18 04:49:57.500,1084.5,0.33446,0.35484,6.922095,1.7004400000000002,1.05144,3.7118400000000005,0.014415,0.18954000000000004
2024-06-18 04:49:58.000,1085.0,0.46928,0.0,4.895519999999999,2.0923200000000004,1.54388,2.78112,0.0,0.3790800000000001
2024-06-18 04:49:58.500,1085.5,0.60148,0.0,5.31528,1.3323000000000003,0.77194,1.86331,0.0,0.18954000000000004
2024-06-18 04:49:59.000,1086.0,0.73368,0.0,5.73504,0.57228,0.0,0.9454999999999999,0.0,0.0
2024-06-18 04:49:59.500,1086.5,0.36684,0.0,4.550095,0.28614,0.0,0.47274999999999995,0.0,0.0
2024-06-18 04:50:00.000,1087.0,0.0,0.0,3.3651500000000003,0.0,0.0,0.0,0.0,0.0
2024-06-18 04:50:00.500,1087.5,0.43848,0.0,1.8449900000000001,0.0,0.0,1.00032,0.0,0.0
2024-06-18 04:50:01.000,1088.0,0.87696,0.0,0.32483,0.0,0.0,2.00064,0.0,0.0
2024-06-18 04:50:01.500,1088.5,0.43848,0.35489,0.162415,0.0,0.0,1.38132,0.0,0.0
2024-06-18 04:50:02.000,1089.0,0.0,0.70978,0.0,0.0,0.0,0.762,0.0,0.0
2024-06-18 04:50:02.500,1089.5,0.16499999999999998,0.35489,0.9685,0.0,0.0,2.48205,0.0,0.0
2024-06-18 04:50:03.000,1090.0,0.32999999999999996,0.0,1.937,0.0,0.0,4.202100000000001,0.0,0.0
2024-06-18 04:50:03.500,1090.5,0.16499999999999998,0.0,0.9685,0.0,0.0,2.3852700000000002,0.0,0.0
2024-06-18 04:50:04.000,1091.0,0.0,0.0,0.0,0.0,0.0,0.56844,0.0,0.0
2024-06-18 04:50:04.500,1091.5,0.0,0.0,0.0,0.0,0.0,0.28422,0.0,0.0
2024-06-18 04:50:05.000,1092.0,0.0,0.0,0.0,0.0,0.0,0.0,0.0,0.0
2024-06-18 04:50:05.500,1092.5,0.0,0.0,0.42592500000000005,0.0,0.0,0.0,0.0,0.0
2024-06-18 04:50:06.000,1093.0,0.0,0.0,0.8518500000000001,0.0,0.0,0.0,0.0,0.0
2024-06-18 04:50:06.500,1093.5,0.0,0.0,0.42592500000000005,0.0,0.0,0.18905999999999998,0.06258,0.0
2024-06-18 04:50:07.000,1094.0,0.0,0.0,0.0,0.0,0.0,0.37811999999999996,0.12516,0.0
2024-06-18 04:50:07.500,1094.5,0.18372000000000002,0.0,0.13738499999999998,1.455875,0.0,0.62638,0.09303,0.12336000000000001
2024-06-18 04:50:08.000,1095.0,0.36744000000000004,0.0,0.27476999999999996,2.91175,0.0,0.8746400000000001,0.0609,0.24672000000000002
2024-06-18 04:50:08.500,1095.5,0.18372000000000002,0.0,0.5931199999999999,1.455875,0.0,0.43732000000000004,0.045910000000000006,0.186
2024-06-18 04:50:09.000,1096.0,0.0,0.0,0.9114699999999999,0.0,0.0,0.0,0.030920000000000003,0.12528
2024-06-18 04:50:09.500,1096.5,0.0,0.0,0.7338349999999999,0.0,0.0,0.0,0.030995,0.06264
2024-06-18 04:50:10.000,1097.0,0.0,0.0,0.5561999999999999,0.0,0.0,0.0,0.031070000000000004,0.0
2024-06-18 04:50:10.500,1097.5,0.445295,0.0,2.313665,0.07705000000000001,0.0,0.8172600000000001,0.015535000000000002,0.0
2024-06-18 04:50:11.000,1098.0,0.89059,0.0,4.07113,0.15410000000000001,0.0,1.6345200000000002,0.0,0.0
2024-06-18 04:50:11.500,1098.5,0.445295,0.0,2.035565,0.07705000000000001,0.0,0.8172600000000001,0.0,0.0
2024-06-18 04:50:12.000,1099.0,0.0,0.0,0.0,0.0,0.0,0.0,0.0,0.0
2024-06-18 04:50:12.500,1099.5,0.0,0.352245,0.29950000000000004,0.0,0.163185,0.0,2.2682249999999997,0.18551999999999996
2024-06-18 04:50:13.000,1100.0,0.0,0.70449,0.5990000000000001,0.0,0.32637,0.0,4.536449999999999,0.3710399999999999
2024-06-18 04:50:13.500,1100.5,0.0,1.3023949999999997,0.29950000000000004,0.0,0.163185,0.0,3.7242249999999997,3.12748
2024-06-18 04:50:14.000,1101.0,0.0,1.9002999999999999,0.0,0.0,0.0,0.0,2.912,5.88392
2024-06-18 04:50:14.500,1101.5,0.0,0.9501499999999999,0.0,0.0,0.8430800000000002,0.21336000000000002,1.67125,3.2515
2024-06-18 04:50:15.000,1102.0,0.0,0.0,0.0,0.0,1.6861600000000003,0.42672000000000004,0.43050000000000005,0.6190800000000002
2024-06-18 04:50:15.500,1102.5,0.0,0.0,0.0,0.0,0.8430800000000002,0.21336000000000002,0.21525000000000002,0.3095400000000001
2024-06-18 04:50:16.000,1103.0,0.0,0.0,0.0,0.0,0.0,0.0,0.0,0.0
2024-06-18 04:50:16.500,1103.5,0.0,0.0,1.1541299999999999,0.0,0.0,0.0,0.015785,0.0
2024-06-18 04:50:17.000,1104.0,0.0,0.0,2.3082599999999998,0.0,0.0,0.0,0.03157,0.0
2024-06-18 04:50:17.500,1104.5,0.030590000000000003,0.0,3.0420299999999996,0.0,0.0,0.07635000000000002,0.21332,0.0
2024-06-18 04:50:18.000,1105.0,0.061180000000000005,0.0,3.7758,0.0,0.0,0.15270000000000003,0.39507,0.0
2024-06-18 04:50:18.500,1105.5,0.030590000000000003,0.781575,1.8879,0.0,0.030839999999999996,0.07635000000000002,0.197535,0.0
2024-06-18 04:50:19.000,1106.0,0.0,1.56315,0.0,0.0,0.06167999999999999,0.0,0.0,0.0
2024-06-18 04:50:19.500,1106.5,0.0,0.781575,0.0,0.0,0.030839999999999996,0.0,0.14215499999999998,0.0
2024-06-18 04:50:20.000,1107.0,0.0,0.0,0.0,0.0,0.0,0.0,0.28430999999999995,0.0
2024-06-18 04:50:20.500,1107.5,0.0,0.0,0.0,0.0,0.0,0.18966,0.14215499999999998,0.0
2024-06-18 04:50:21.000,1108.0,0.0,0.0,0.0,0.0,0.0,0.37932,0.0,0.0
2024-06-18 04:50:21.500,1108.5,0.0,0.0,0.0,0.0,0.0,0.7709300000000001,0.0,0.0
2024-06-18 04:50:22.000,1109.0,0.0,0.0,0.0,0.0,0.0,1.1625400000000001,0.0,0.0
2024-06-18 04:50:22.500,1109.5,0.0,0.0,0.0,0.0,0.0,1.0772700000000002,0.0,0.0
2024-06-18 04:50:23.000,1110.0,0.0,0.0,0.0,0.0,0.0,0.9920000000000001,0.0,0.0
2024-06-18 04:50:23.500,1110.5,0.0,0.0,0.37375,1.669335,0.0,2.730045,0.0,0.0
2024-06-18 04:50:24.000,1111.0,0.0,0.0,0.7475,3.33867,0.0,4.46809,0.0,0.0
2024-06-18 04:50:24.500,1111.5,0.37775000000000003,0.0,3.6242049999999995,1.669335,0.0,2.234045,0.0,0.28794499999999995
2024-06-18 04:50:25.000,1112.0,0.7555000000000001,0.0,6.500909999999999,0.0,0.0,0.0,0.0,0.5758899999999999
2024-06-18 04:50:25.500,1112.5,0.37775000000000003,0.0,3.2504549999999997,1.6512600000000002,0.0,4.179524999999999,1.25911,0.28794499999999995
2024-06-18 04:50:26.000,1113.0,0.0,0.0,0.0,3.3025200000000003,0.0,8.359049999999998,2.51822,0.0
2024-06-18 04:50:26.500,1113.5,0.0,0.0,0.0,1.6818700000000002,0.0,4.428724999999999,1.6269099999999999,0.18612
2024-06-18 04:50:27.000,1114.0,0.0,0.0,0.0,0.061220000000000004,0.0,0.49840000000000007,0.7355999999999999,0.37224
2024-06-18 04:50:27.500,1114.5,1.866,0.0,0.54756,0.996085,0.0,1.0305,0.36779999999999996,0.18612
2024-06-18 04:50:28.000,1115.0,3.732,0.0,1.09512,1.93095,0.0,1.5626,0.0,0.0
2024-06-18 04:50:28.500,1115.5,1.89703,0.0,0.7315800000000001,1.0592549999999998,0.0,0.7813,0.0,0.0
2024-06-18 04:50:29.000,1116.0,0.06206,0.0,0.36804000000000003,0.18755999999999998,0.0,0.0,0.0,0.0
2024-06-18 04:50:29.500,1116.5,0.09187,0.0,3.192870000000001,1.25225,0.0,0.10381000000000001,0.0,0.0
2024-06-18 04:50:30.000,1117.0,0.12168,0.0,6.017700000000001,2.31694,0.0,0.20762000000000003,0.0,0.0
2024-06-18 04:50:30.500,1117.5,2.9312400000000003,0.0,5.385210000000001,5.90555,0.0,0.2621,0.0,0.0
2024-06-18 04:50:31.000,1118.0,5.7408,0.0,4.75272,9.49416,0.0,0.31658,0.0,0.0
2024-06-18 04:50:31.500,1118.5,6.140095,0.0,2.682645,4.867800000000001,0.0,0.45849,3.6668699999999994,1.5465
2024-06-18 04:50:32.000,1119.0,6.539389999999999,0.0,0.6125699999999998,0.24144,0.0,0.6004,7.333739999999999,3.093
2024-06-18 04:50:32.500,1119.5,14.163375000000002,0.0,1.427085,0.64968,0.0,0.4374,5.943669999999999,2.52714
2024-06-18 04:50:33.000,1120.0,21.787360000000003,0.0,2.2416,1.05792,0.0,0.27440000000000003,4.5536,1.9612800000000001
2024-06-18 04:50:33.500,1120.5,11.905860000000002,0.0,3.8163,2.02746,0.0,2.0470450000000002,3.256005,1.0106000000000002
2024-06-18 04:50:34.000,1121.0,2.02436,0.0,5.391,2.997,0.0,3.81969,1.9584100000000002,0.05992
2024-06-18 04:50:34.500,1121.5,1.01218,0.0,6.91099,1.4985,0.0,2.5920449999999997,0.9792050000000001,0.02996
2024-06-18 04:50:35.000,1122.0,0.0,0.0,8.43098,0.0,0.0,1.3643999999999998,0.0,0.0
2024-06-18 04:50:35.500,1122.5,0.0,0.0,6.07487,0.06034,0.0,1.2928950000000001,1.7498949999999998,1.0961999999999998
2024-06-18 04:50:36.000,1123.0,0.0,0.0,3.71876,0.12068,0.0,1.2213900000000002,3.4997899999999995,2.1923999999999997
2024-06-18 04:50:36.500,1123.5,0.0,0.0,2.1045800000000003,0.06034,0.0,0.6106950000000001,3.284395,1.1268699999999998
2024-06-18 04:50:37.000,1124.0,0.0,0.0,0.49040000000000006,0.0,0.0,0.0,3.069,0.061340000000000006
2024-06-18 04:50:37.500,1124.5,0.0,0.0,0.24520000000000003,0.0,0.32266500000000004,0.18431999999999998,1.5345,0.030670000000000003
2024-06-18 04:50:38.000,1125.0,0.0,0.0,0.0,0.0,0.6453300000000001,0.36863999999999997,0.0,0.0
2024-06-18 04:50:38.500,1125.5,0.0,0.0,0.07462500000000001,0.0,0.32266500000000004,0.18431999999999998,0.030789999999999998,1.03247
2024-06-18 04:50:39.000,1126.0,0.0,0.0,0.14925000000000002,0.0,0.0,0.0,0.061579999999999996,2.06494
2024-06-18 04:50:39.500,1126.5,0.0,0.0,0.08935000000000001,0.0,0.0,0.47872000000000003,0.256165,6.10416
2024-06-18 04:50:40.000,1127.0,0.0,0.0,0.029450000000000004,0.0,0.0,0.9574400000000001,0.45075,10.14338
2024-06-18 04:50:40.500,1127.5,0.0,0.0,0.014725000000000002,0.0,0.0,0.52495,0.7756350000000001,7.031370000000001
2024-06-18 04:50:41.000,1128.0,0.0,0.0,0.0,0.0,0.0,0.09245999999999999,1.1005200000000002,3.9193600000000006
2024-06-18 04:50:41.500,1128.5,0.0,1.031465,0.24576,0.0,0.0,0.121655,0.910325,1.9596800000000003
2024-06-18 04:50:42.000,1129.0,0.0,2.06293,0.49152,0.0,0.0,0.15085,0.72013,0.0
2024-06-18 04:50:42.500,1129.5,0.0,1.031465,0.24576,0.0,0.030679999999999995,0.075425,2.6059650000000003,0.04566
2024-06-18 04:50:43.000,1130.0,0.0,0.0,0.0,0.0,0.06135999999999999,0.0,4.4918000000000005,0.09132
2024-06-18 04:50:43.500,1130.5,0.0,0.0,0.03146,0.0,0.48577999999999993,0.0,2.2459000000000002,1.1811
2024-06-18 04:50:44.000,1131.0,0.0,0.0,0.06292,0.0,0.9101999999999999,0.0,0.0,2.27088
2024-06-18 04:50:44.500,1131.5,0.0,0.0,0.03146,0.0,0.45509999999999995,0.0,0.0,1.13544
2024-06-18 04:50:45.000,1132.0,0.0,0.0,0.0,0.0,0.0,0.0,0.0,0.0
2024-06-18 04:50:45.500,1132.5,0.0,1.3663649999999998,0.32854500000000003,0.0,0.0,0.0,1.9805499999999998,0.0
2024-06-18 04:50:46.000,1133.0,0.0,2.7327299999999997,0.6570900000000001,0.0,0.0,0.0,3.9610999999999996,0.0
2024-06-18 04:50:46.500,1133.5,0.0,1.3663649999999998,0.47019500000000003,0.0,0.0,0.01403,9.483175,2.03574
2024-06-18 04:50:47.000,1134.0,0.0,0.0,0.28330000000000005,0.0,0.0,0.02806,15.005249999999998,4.07148
2024-06-18 04:50:47.500,1134.5,0.0,0.198965,0.57117,0.0,0.014755,0.01403,7.502624999999999,3.42354
2024-06-18 04:50:48.000,1135.0,0.0,0.39793,0.85904,0.0,0.02951,0.0,0.0,2.7755999999999994
2024-06-18 04:50:48.500,1135.5,0.0,0.198965,1.422085,0.0,0.014755,0.12143999999999999,0.0,1.3877999999999997
2024-06-18 04:50:49.000,1136.0,0.0,0.0,1.9851299999999998,0.0,0.0,0.24287999999999998,0.0,0.0
2024-06-18 04:50:49.500,1136.5,0.0,2.701905,0.9925649999999999,0.0,0.5637300000000001,1.2321350000000002,0.0,0.76726
2024-06-18 04:50:50.000,1137.0,0.0,5.40381,0.0,0.0,1.1274600000000001,2.2213900000000004,0.0,1.53452
2024-06-18 04:50:50.500,1137.5,0.0,2.701905,0.0,0.0,0.5637300000000001,2.3395400000000004,0.0,0.76726
2024-06-18 04:50:51.000,1138.0,0.0,0.0,0.0,0.0,0.0,2.45769,0.0,0.0
2024-06-18 04:50:51.500,1138.5,0.0,0.0,1.5150000000000001,0.0,0.0,1.228845,0.0,0.0
2024-06-18 04:50:52.000,1139.0,0.0,0.0,3.0300000000000002,0.0,0.0,0.0,0.0,0.0
2024-06-18 04:50:52.500,1139.5,0.0,0.0,6.573180000000001,0.7566,0.0,1.438995,0.0,0.0
2024-06-18 04:50:53.000,1140.0,0.0,0.0,10.116360000000002,1.5132,0.0,2.87799,0.0,0.0
2024-06-18 04:50:53.500,1140.5,0.0,1.910715,5.409660000000001,0.7566,1.9092,1.5567950000000002,0.13212,0.0588
2024-06-18 04:50:54.000,1141.0,0.0,3.82143,0.70296,0.0,3.8184,0.23560000000000003,0.26424,0.1176
2024-06-18 04:50:54.500,1141.5,0.0,1.941555,1.138155,0.0,1.9092,0.20861000000000002,0.6326,0.0588
2024-06-18 04:50:55.000,1142.0,0.0,0.06167999999999999,1.57335,0.0,0.0,0.18162,1.00096,0.0
2024-06-18 04:50:55.500,1142.5,0.35891999999999996,0.030839999999999996,2.13211,2.666205,0.0,2.4401700000000006,0.50048,0.0
2024-06-18 04:50:56.000,1143.0,0.7178399999999999,0.0,2.6908699999999994,5.33241,0.0,4.698720000000001,0.0,0.0
2024-06-18 04:50:56.500,1143.5,0.35891999999999996,0.0,4.170735,2.980575,0.0,2.8778400000000004,0.3140549999999999,0.0
2024-06-18 04:50:57.000,1144.0,0.0,0.0,5.6506,0.62874,0.0,1.0569600000000001,0.6281099999999998,0.0
2024-06-18 04:50:57.500,1144.5,0.0,0.0,5.001025,0.31437,0.0,1.089585,1.376055,0.0
2024-06-18 04:50:58.000,1145.0,0.0,0.0,4.35145,0.0,0.0,1.1222100000000002,2.124,0.0
2024-06-18 04:50:58.500,1145.5,0.0,0.0,2.613925,0.0,0.0,1.447635,1.062,0.0
2024-06-18 04:50:59.000,1146.0,0.0,0.0,0.8764000000000001,0.0,0.0,1.77306,0.0,0.0
2024-06-18 04:50:59.500,1146.5,0.0,0.0,0.43820000000000003,0.0,0.0,0.88653,0.0,0.0
2024-06-18 04:51:00.000,1147.0,0.0,0.0,0.0,0.0,0.0,0.0,0.0,0.0
2024-06-18 04:51:00.500,1147.5,0.9689399999999999,0.0,0.0936,0.135,0.0,0.22972499999999996,0.13815,0.0
2024-06-18 04:51:01.000,1148.0,1.9378799999999998,0.0,0.1872,0.27,0.0,0.4594499999999999,0.2763,0.0
2024-06-18 04:51:01.500,1148.5,5.896739999999999,0.0,0.79528,4.123795000000001,0.0,0.34372499999999995,1.7526300000000001,0.0
2024-06-18 04:51:02.000,1149.0,9.855599999999999,0.0,1.40336,7.977590000000001,0.0,0.228,3.2289600000000003,0.0
2024-06-18 04:51:02.500,1149.5,4.9277999999999995,0.0,0.70168,3.9887950000000005,0.0,0.114,3.0225,0.133695
2024-06-18 04:51:03.000,1150.0,0.0,0.0,0.0,0.0,0.0,0.0,2.8160399999999997,0.26739
2024-06-18 04:51:03.500,1150.5,0.134325,0.0,1.1750599999999998,4.00086,0.0,1.25205,1.4080199999999998,0.133695
2024-06-18 04:51:04.000,1151.0,0.26865,0.0,2.3501199999999995,8.00172,0.0,2.5041,0.0,0.0
2024-06-18 04:51:04.500,1151.5,11.025974999999997,0.0,1.5244999999999997,8.926169999999999,0.0,1.57138,0.18680999999999998,0.0
2024-06-18 04:51:05.000,1152.0,21.783299999999997,0.0,0.69888,9.85062,0.0,0.6386599999999999,0.37361999999999995,0.0
2024-06-18 04:51:05.500,1152.5,12.393089999999999,0.0,0.34944,4.92531,0.0,0.5466549999999999,0.21710999999999997,0.0
2024-06-18 04:51:06.000,1153.0,3.00288,0.0,0.0,0.0,0.0,0.45464999999999994,0.06060000000000001,0.0
2024-06-18 04:51:06.500,1153.5,7.751264999999999,0.0,1.0143,1.9591000000000003,0.0,0.257275,0.030300000000000004,0.10472000000000001
2024-06-18 04:51:07.000,1154.0,12.499649999999999,0.0,2.0286,3.9182000000000006,0.0,0.0599,0.0,0.20944000000000002
2024-06-18 04:51:07.500,1154.5,12.7502,0.0,1.0143,9.156960000000002,0.0,0.02995,0.92224,0.10472000000000001
2024-06-18 04:51:08.000,1155.0,13.00075,0.0,0.0,14.39572,0.0,0.0,1.84448,0.0
2024-06-18 04:51:08.500,1155.5,6.500375,0.0,0.0,7.846085,0.0,0.045045,0.98468,0.0
2024-06-18 04:51:09.000,1156.0,0.0,0.0,0.0,1.2964499999999999,0.0,0.09009,0.12488,0.0
2024-06-18 04:51:09.500,1156.5,0.0,0.0,0.24272,0.6482249999999999,0.0,0.30761,0.06244,0.9585450000000001
2024-06-18 04:51:10.000,1157.0,0.0,0.0,0.48544,0.0,0.0,0.52513,0.0,1.9170900000000002
2024-06-18 04:51:10.500,1157.5,0.0,0.0,0.8030600000000001,0.0,0.0,0.44826499999999997,0.8095749999999999,0.9585450000000001
2024-06-18 04:51:11.000,1158.0,0.0,0.0,1.1206800000000001,0.0,0.0,0.37139999999999995,1.6191499999999999,0.0
2024-06-18 04:51:11.500,1158.5,3.3970550000000004,0.0,0.5603400000000001,3.3762199999999996,0.0,0.45758999999999994,0.8095749999999999,0.0
2024-06-18 04:51:12.000,1159.0,6.794110000000001,0.0,0.0,6.752439999999999,0.0,0.5437799999999999,0.0,0.0
2024-06-18 04:51:12.500,1159.5,3.3970550000000004,0.0,1.7520750000000003,3.3762199999999996,0.0,1.30809,0.0,0.0
2024-06-18 04:51:13.000,1160.0,0.0,0.0,3.5041500000000005,0.0,0.0,2.0724,0.0,0.0
2024-06-18 04:51:13.500,1160.5,0.0,0.0873,2.4663150000000003,0.0,0.0,1.27796,0.015055,0.0
2024-06-18 04:51:14.000,1161.0,0.0,0.1746,1.42848,0.0,0.0,0.48352000000000006,0.03011,0.0
2024-06-18 04:51:14.500,1161.5,0.0,0.0873,2.26964,0.0,0.0,0.24176000000000003,0.015055,0.64534
2024-06-18 04:51:15.000,1162.0,0.0,0.0,3.1108000000000002,0.0,0.0,0.0,0.0,1.29068
2024-06-18 04:51:15.500,1162.5,0.0,11.660550000000002,1.5554000000000001,0.0,2.25254,0.0,0.76415,1.345205
2024-06-18 04:51:16.000,1163.0,0.0,23.321100000000005,0.0,0.0,4.50508,0.0,1.5283,1.3997300000000001
2024-06-18 04:51:16.500,1163.5,0.8419599999999998,11.660550000000002,0.7415400000000001,0.8859,2.25254,0.97825,0.76415,0.6998650000000001
2024-06-18 04:51:17.000,1164.0,1.6839199999999996,0.0,1.4830800000000002,1.7718,0.0,1.9565,0.0,0.0
2024-06-18 04:51:17.500,1164.5,2.589475,0.0,3.55354,2.072385,0.0,2.743875,0.8549099999999998,0.0
2024-06-18 04:51:18.000,1165.0,3.4950300000000003,0.0,5.624,2.37297,0.0,3.53125,1.7098199999999997,0.0
2024-06-18 04:51:18.500,1165.5,3.17293,0.043575,4.23496,2.8396100000000004,0.0,2.150685,0.8549099999999998,0.0
2024-06-18 04:51:19.000,1166.0,2.85083,0.08715,2.84592,3.3062500000000004,0.0,0.7701199999999999,0.0,0.0
2024-06-18 04:51:19.500,1166.5,1.425415,0.043575,1.76495,1.6531250000000002,0.0,0.38505999999999996,0.42966000000000004,0.0
2024-06-18 04:51:20.000,1167.0,0.0,0.0,0.6839799999999999,0.0,0.0,0.0,0.8593200000000001,0.0
2024-06-18 04:51:20.500,1167.5,0.0,0.0,0.34198999999999996,0.0,0.03134,0.12296,0.77264,0.0
2024-06-18 04:51:21.000,1168.0,0.0,0.0,0.0,0.0,0.06268,0.24592,0.68596,0.0
2024-06-18 04:51:21.500,1168.5,0.0,0.0,0.0,0.0,5.28946,0.12296,10.546019999999999,0.45344
2024-06-18 04:51:22.000,1169.0,0.0,0.0,0.0,0.0,10.51624,0.0,20.40608,0.90688
2024-06-18 04:51:22.500,1169.5,0.0,0.0,0.6155099999999999,0.0,7.56686,0.0,19.01457,0.45344
2024-06-18 04:51:23.000,1170.0,0.0,0.0,1.2310199999999998,0.0,4.6174800000000005,0.0,17.62306,0.0
2024-06-18 04:51:23.500,1170.5,0.0,4.33936,0.6155099999999999,0.0,2.90494,0.060300000000000006,8.81153,1.0353
2024-06-18 04:51:24.000,1171.0,0.0,8.67872,0.0,0.0,1.1923999999999997,0.12060000000000001,0.0,2.0706
2024-06-18 04:51:24.500,1171.5,0.0,4.33936,0.06108000000000001,0.0,0.5961999999999998,0.060300000000000006,5.312385000000001,1.0353
2024-06-18 04:51:25.000,1172.0,0.0,0.0,0.12216000000000002,0.0,0.0,0.0,10.624770000000002,0.0
2024-06-18 04:51:25.500,1172.5,0.0,1.909445,0.21173000000000003,0.0,0.0761,0.0,5.710575,0.56354
2024-06-18 04:51:26.000,1173.0,0.0,3.81889,0.3013,0.0,0.1522,0.0,0.79638,1.12708
2024-06-18 04:51:26.500,1173.5,0.0,2.84,0.15065,0.0,0.0761,0.10640000000000001,0.822225,0.56354
2024-06-18 04:51:27.000,1174.0,0.0,1.86111,0.0,0.0,0.0,0.21280000000000002,0.8480700000000001,0.0
2024-06-18 04:51:27.500,1174.5,0.0,0.930555,0.0,0.0,0.800035,0.10640000000000001,6.27991,0.0
2024-06-18 04:51:28.000,1175.0,0.0,0.0,0.0,0.0,1.60007,0.0,11.71175,0.0
2024-06-18 04:51:28.500,1175.5,0.0,0.0,0.0,0.0,0.800035,0.0,5.855875,0.0
2024-06-18 04:51:29.000,1176.0,0.0,0.0,0.0,0.0,0.0,0.0,0.0,0.0
2024-06-18 04:51:29.500,1176.5,0.0,0.0,0.59736,0.0,0.0,0.0,0.0,0.0
2024-06-18 04:51:30.000,1177.0,0.0,0.0,1.19472,0.0,0.0,0.0,0.0,0.0
2024-06-18 04:51:30.500,1177.5,0.541625,0.0,0.74776,0.015510000000000001,0.0,0.29136500000000004,0.0,0.0
2024-06-18 04:51:31.000,1178.0,1.08325,0.0,0.3008,0.031020000000000002,0.0,0.5827300000000001,0.0,0.0
2024-06-18 04:51:31.500,1178.5,0.6298250000000001,0.0,0.9257200000000001,0.72529,0.0,0.37914500000000007,0.14980000000000002,1.5984
2024-06-18 04:51:32.000,1179.0,0.1764,0.0,1.5506400000000002,1.41956,0.0,0.17556,0.29960000000000003,3.1968
2024-06-18 04:51:32.500,1179.5,1.2872999999999997,0.0,2.54294,2.84818,0.0,0.1459,3.3619600000000003,2.15016
2024-06-18 04:51:33.000,1180.0,2.3981999999999997,0.0,3.53524,4.2768,0.0,0.11624000000000001,6.424320000000001,1.10352
2024-06-18 04:51:33.500,1180.5,8.050120000000001,0.9347,1.76762,6.62389,0.6815,0.058120000000000005,3.2121600000000003,0.55176
2024-06-18 04:51:34.000,1181.0,13.702040000000002,1.8694,0.0,8.97098,1.363,0.0,0.0,0.0
2024-06-18 04:51:34.500,1181.5,12.450705000000001,0.9347,0.12672,10.365740000000002,0.6815,0.0,2.76556,4.619999999999999
2024-06-18 04:51:35.000,1182.0,11.19937,0.0,0.25344,11.760500000000004,0.0,0.0,5.53112,9.239999999999998
2024-06-18 04:51:35.500,1182.5,11.277135,0.0,0.50796,10.102910000000001,0.0,0.50472,6.081564999999999,5.168924999999999
2024-06-18 04:51:36.000,1183.0,11.354899999999999,0.0,0.76248,8.44532,0.0,1.00944,6.63201,1.09785
2024-06-18 04:51:36.500,1183.5,5.677449999999999,3.5220199999999995,0.38124,4.22266,0.0,0.77026,3.316005,0.548925
2024-06-18 04:51:37.000,1184.0,0.0,7.044039999999999,0.0,0.0,0.0,0.5310800000000001,0.0,0.0
2024-06-18 04:51:37.500,1184.5,0.0,3.5220199999999995,0.32361,0.0,0.0,0.26554000000000005,0.3071,0.0
2024-06-18 04:51:38.000,1185.0,0.0,0.0,0.64722,0.0,0.0,0.0,0.6142,0.0
2024-06-18 04:51:38.500,1185.5,0.0,0.0,1.10411,0.0,0.0,0.0,0.36954,0.0
2024-06-18 04:51:39.000,1186.0,0.0,0.0,1.561,0.0,0.0,0.0,0.12488,0.0
2024-06-18 04:51:39.500,1186.5,0.0,0.01545,1.2061,0.0,1.10522,0.0,0.077985,0.0
2024-06-18 04:51:40.000,1187.0,0.0,0.0309,0.8512000000000001,0.0,2.21044,0.0,0.03109,0.0
2024-06-18 04:51:40.500,1187.5,0.0,0.01545,0.72295,0.0,1.9990700000000001,0.34001,0.015545,0.0
2024-06-18 04:51:41.000,1188.0,0.0,0.0,0.5947,0.0,1.7877,0.68002,0.0,0.0
2024-06-18 04:51:41.500,1188.5,0.0,1.7806000000000004,0.29735,0.0,0.89385,0.34001,2.14474,4.369364999999999
2024-06-18 04:51:42.000,1189.0,0.0,3.561200000000001,0.0,0.0,0.0,0.0,4.28948,8.738729999999999
2024-06-18 04:51:42.500,1189.5,0.0,1.7806000000000004,0.5968,0.0,0.0,0.0,4.3465,4.369364999999999
2024-06-18 04:51:43.000,1190.0,0.0,0.0,1.1936,0.0,0.0,0.0,4.403519999999999,0.0
2024-06-18 04:51:43.500,1190.5,0.0,0.36888,0.5968,0.0,0.0,0.12283999999999999,2.263,0.7216849999999999
2024-06-18 04:51:44.000,1191.0,0.0,0.73776,0.0,0.0,0.0,0.24567999999999998,0.12248000000000002,1.4433699999999998
2024-06-18 04:51:44.500,1191.5,0.0,0.9187,0.0,0.0,0.0,0.12283999999999999,0.82675,1.7314849999999997
2024-06-18 04:51:45.000,1192.0,0.0,1.09964,0.0,0.0,0.0,0.0,1.5310199999999998,2.0195999999999996
2024-06-18 04:51:45.500,1192.5,0.5954,0.54982,3.275145,0.10395,0.0,2.0916,1.1257499999999998,1.0097999999999998
2024-06-18 04:51:46.000,1193.0,1.1908,0.0,6.55029,0.2079,0.0,4.1832,0.7204799999999999,0.0
2024-06-18 04:51:46.500,1193.5,0.7767200000000001,0.0,4.524295,1.5048949999999996,0.0,3.95594,0.40516499999999994,0.0
2024-06-18 04:51:47.000,1194.0,0.36264,0.0,2.4982999999999995,2.8018899999999993,0.0,3.72868,0.08985,0.0
2024-06-18 04:51:47.500,1194.5,1.71234,0.0,1.4705499999999998,3.123185,0.0,1.86434,0.044925,0.0
2024-06-18 04:51:48.000,1195.0,3.0620399999999997,0.0,0.44279999999999997,3.4444800000000004,0.0,0.0,0.0,0.0
2024-06-18 04:51:48.500,1195.5,1.5310199999999998,3.47869,0.22139999999999999,1.8101700000000003,0.0,0.61377,0.044309999999999995,2.3375999999999997
2024-06-18 04:51:49.000,1196.0,0.0,6.95738,0.0,0.17586,0.0,1.22754,0.08861999999999999,4.675199999999999
2024-06-18 04:51:49.500,1196.5,0.044745,4.658049999999999,0.20384000000000002,0.32728999999999997,0.0,0.6582600000000001,0.044309999999999995,2.4564399999999997
2024-06-18 04:51:50.000,1197.0,0.08949,2.35872,0.40768000000000004,0.47872000000000003,0.0,0.08898,0.0,0.23768
2024-06-18 04:51:50.500,1197.5,0.044745,5.25036,1.53539,0.26758000000000004,0.209475,2.6706899999999996,0.0,0.11884
2024-06-18 04:51:51.000,1198.0,0.0,8.142,2.6631,0.056440000000000004,0.41895,5.2524,0.0,0.0
2024-06-18 04:51:51.500,1198.5,0.0,5.2806,11.44205,0.028220000000000002,0.209475,6.722600000000001,0.0,0.0
2024-06-18 04:51:52.000,1199.0,0.0,2.4192,20.221,0.0,0.0,8.192800000000002,0.0,0.0
2024-06-18 04:51:52.500,1199.5,0.0,3.6796950000000006,15.187249999999999,0.0,0.43911500000000003,5.226230000000001,0.0,0.0
2024-06-18 04:51:53.000,1200.0,0.0,4.940190000000001,10.1535,0.0,0.8782300000000001,2.2596600000000002,0.0,0.0
2024-06-18 04:51:53.500,1200.5,0.0,5.173695,5.09167,0.0,1.383485,1.1446550000000002,1.20204,0.030119999999999997
2024-06-18 04:51:54.000,1201.0,0.0,5.4072,0.029840000000000002,0.0,1.88874,0.02965,2.40408,0.060239999999999995
2024-06-18 04:51:54.500,1201.5,0.0,2.7036,0.030495,0.0,0.94437,0.31141500000000005,1.20204,0.030119999999999997
2024-06-18 04:51:55.000,1202.0,0.0,0.0,0.031150000000000004,0.0,0.0,0.59318,0.0,0.0
2024-06-18 04:51:55.500,1202.5,0.0,0.0,0.4695700000000001,0.0,0.0,0.6074900000000001,0.0,0.0
2024-06-18 04:51:56.000,1203.0,0.0,0.0,0.9079900000000002,0.0,0.0,0.6218,0.0,0.0
2024-06-18 04:51:56.500,1203.5,0.0,0.0,0.4539950000000001,0.0,0.0,0.3109,0.0,0.0
2024-06-18 04:51:57.000,1204.0,0.0,0.0,0.0,0.0,0.0,0.0,0.0,0.0
2024-06-18 04:51:57.500,1204.5,0.0,0.0,0.0,0.0,0.0,0.0,0.21938000000000002,0.0
2024-06-18 04:51:58.000,1205.0,0.0,0.0,0.0,0.0,0.0,0.0,0.43876000000000004,0.0
2024-06-18 04:51:58.500,1205.5,0.0,0.0,0.43428,0.0,0.0,0.0,0.31283000000000005,0.06228
2024-06-18 04:51:59.000,1206.0,0.0,0.0,0.86856,0.0,0.0,0.0,0.1869,0.12456
2024-06-18 04:51:59.500,1206.5,0.0,0.0,0.43428,0.0,0.0,0.0,0.09345,0.06228
2024-06-18 04:52:00.000,1207.0,0.0,0.0,0.0,0.0,0.0,0.0,0.0,0.0
2024-06-18 04:52:00.500,1207.5,0.0,0.0,0.0,0.0,0.0,0.33968,0.0,0.0
2024-06-18 04:52:01.000,1208.0,0.0,0.0,0.0,0.0,0.0,0.67936,0.0,0.0
2024-06-18 04:52:01.500,1208.5,0.0,0.0,0.0,0.0,0.0,0.55864,0.0,0.0
2024-06-18 04:52:02.000,1209.0,0.0,0.0,0.0,0.0,0.0,0.43792000000000003,0.0,0.0
2024-06-18 04:52:02.500,1209.5,0.0,0.0,0.358225,0.0,0.0,0.21896000000000002,0.047205000000000004,0.0
2024-06-18 04:52:03.000,1210.0,0.0,0.0,0.71645,0.0,0.0,0.0,0.09441000000000001,0.0
2024-06-18 04:52:03.500,1210.5,0.0,0.0,0.68635,0.0,0.0,0.0,0.047205000000000004,0.0
2024-06-18 04:52:04.000,1211.0,0.0,0.0,0.6562500000000001,0.0,0.0,0.0,0.0,0.0
2024-06-18 04:52:04.500,1211.5,0.0,0.0,0.32812500000000006,0.0,0.0,0.0,0.0,0.0
2024-06-18 04:52:05.000,1212.0,0.0,0.0,0.0,0.0,0.0,0.0,0.0,0.0
2024-06-18 04:52:05.500,1212.5,0.0,0.0,0.40391000000000005,0.0,0.0,0.0,0.0,0.0
2024-06-18 04:52:06.000,1213.0,0.0,0.0,0.8078200000000001,0.0,0.0,0.0,0.0,0.0
2024-06-18 04:52:06.500,1213.5,0.0,0.0,0.40391000000000005,0.0,0.0,0.047130000000000005,0.06236,0.0
2024-06-18 04:52:07.000,1214.0,0.0,0.0,0.0,0.0,0.0,0.09426000000000001,0.12472,0.0
2024-06-18 04:52:07.500,1214.5,0.0,0.0,0.0,0.0,0.0,0.047130000000000005,0.06236,0.0
2024-06-18 04:52:08.000,1215.0,0.0,0.0,0.0,0.0,0.0,0.0,0.0,0.0
2024-06-18 04:52:08.500,1215.5,0.0,0.0,0.0,0.0,0.0,0.24912,0.0,0.0
2024-06-18 04:52:09.000,1216.0,0.0,0.0,0.0,0.0,0.0,0.49824,0.0,0.0
2024-06-18 04:52:09.500,1216.5,0.0,0.0,0.12464,0.0,0.0,0.58008,0.0,0.0
2024-06-18 04:52:10.000,1217.0,0.0,0.0,0.24928,0.0,0.0,0.6619200000000001,0.0,0.0
2024-06-18 04:52:10.500,1217.5,0.0,0.0,0.3113,0.0,0.0,0.33096000000000003,0.0,0.0
2024-06-18 04:52:11.000,1218.0,0.0,0.0,0.37332,0.0,0.0,0.0,0.0,0.0
2024-06-18 04:52:11.500,1218.5,0.0,0.0,0.18666,0.0,0.0,0.0,0.0,0.0
2024-06-18 04:52:12.000,1219.0,0.0,0.0,0.0,0.0,0.0,0.0,0.0,0.0
2024-06-18 04:52:12.500,1219.5,0.0,0.0,0.128,0.0,0.0,0.0,0.0,0.0
2024-06-18 04:52:13.000,1220.0,0.0,0.0,0.256,0.0,0.0,0.0,0.0,0.0
2024-06-18 04:52:13.500,1220.5,0.0,0.0,0.15904000000000001,0.0,0.0,0.0,0.0,0.0
2024-06-18 04:52:14.000,1221.0,0.0,0.0,0.06208,0.0,0.0,0.0,0.0,0.0
2024-06-18 04:52:14.500,1221.5,0.0,0.0,0.28144,0.0,0.0,0.0,0.07740000000000001,0.0797
2024-06-18 04:52:15.000,1222.0,0.0,0.0,0.5008,0.0,0.0,0.0,0.15480000000000002,0.1594
2024-06-18 04:52:15.500,1222.5,0.0,0.0,0.68944,0.0,0.0,0.0,0.07740000000000001,0.0797
2024-06-18 04:52:16.000,1223.0,0.0,0.0,0.8780800000000001,0.0,0.0,0.0,0.0,0.0
2024-06-18 04:52:16.500,1223.5,0.0,0.0,0.43904000000000004,0.0,0.0,0.32020000000000004,0.0,0.0
2024-06-18 04:52:17.000,1224.0,0.0,0.0,0.0,0.0,0.0,0.6404000000000001,0.0,0.0
2024-06-18 04:52:17.500,1224.5,0.0,0.0,0.0,0.0,0.0,0.44460000000000005,0.0,0.0
2024-06-18 04:52:18.000,1225.0,0.0,0.0,0.0,0.0,0.0,0.2488,0.0,0.0
2024-06-18 04:52:18.500,1225.5,0.0,0.0,0.0,0.0,0.0,0.1244,0.0,0.0
2024-06-18 04:52:19.000,1226.0,0.0,0.0,0.0,0.0,0.0,0.0,0.0,0.0
2024-06-18 04:52:19.500,1226.5,0.0,0.0,0.0,0.0,0.0,0.0,0.0,0.0
2024-06-18 04:52:20.000,1227.0,0.0,0.0,0.0,0.0,0.0,0.0,0.0,0.0
2024-06-18 04:52:20.500,1227.5,0.0,0.0,0.0,0.0,0.0,0.09273,0.0,0.0
2024-06-18 04:52:21.000,1228.0,0.0,0.0,0.0,0.0,0.0,0.18546,0.0,0.0
2024-06-18 04:52:21.500,1228.5,0.0,0.0,0.0,0.0,0.0,0.09273,0.0,0.0
2024-06-18 04:52:22.000,1229.0,0.0,0.0,0.0,0.0,0.0,0.0,0.0,0.0
2024-06-18 04:52:22.500,1229.5,0.0,0.0,0.04644,0.0,0.0,0.0,0.0,0.0
2024-06-18 04:52:23.000,1230.0,0.0,0.0,0.09288,0.0,0.0,0.0,0.0,0.0
2024-06-18 04:52:23.500,1230.5,0.0,0.0,0.04644,0.0,0.0,0.06272,0.0,0.0
2024-06-18 04:52:24.000,1231.0,0.0,0.0,0.0,0.0,0.0,0.12544,0.0,0.0
2024-06-18 04:52:24.500,1231.5,0.0,0.0,0.0,0.0,0.0,0.33038500000000004,0.0,0.0
2024-06-18 04:52:25.000,1232.0,0.0,0.0,0.0,0.0,0.0,0.5353300000000001,0.0,0.0
2024-06-18 04:52:25.500,1232.5,0.0,0.0,0.0,0.0,0.0,0.37865000000000004,0.0,0.0
2024-06-18 04:52:26.000,1233.0,0.0,0.0,0.0,0.0,0.0,0.22197000000000003,0.0,0.0
2024-06-18 04:52:26.500,1233.5,0.0,0.0,0.234825,0.0,0.0,0.11098500000000001,0.0,0.0
2024-06-18 04:52:27.000,1234.0,0.0,0.0,0.46965,0.0,0.0,0.0,0.0,0.0
2024-06-18 04:52:27.500,1234.5,0.015865,0.0,0.294445,0.0,0.0,0.0,0.0,0.0
2024-06-18 04:52:28.000,1235.0,0.03173,0.0,0.11924,0.0,0.0,0.0,0.0,0.0
2024-06-18 04:52:28.500,1235.5,0.015865,0.0,0.05962,0.0,0.0,0.40235,0.26401,0.04656
2024-06-18 04:52:29.000,1236.0,0.0,0.0,0.0,0.0,0.0,0.8047,0.52802,0.09312
2024-06-18 04:52:29.500,1236.5,0.0,0.0,0.76225,0.0,0.0,0.41758999999999996,0.26401,0.04656
2024-06-18 04:52:30.000,1237.0,0.0,0.0,1.5245,0.0,0.0,0.03048,0.0,0.0
2024-06-18 04:52:30.500,1237.5,0.0,0.0,1.39385,0.0,0.0,0.01524,0.0,0.0
2024-06-18 04:52:31.000,1238.0,0.0,0.0,1.2632,0.0,0.0,0.0,0.0,0.0
2024-06-18 04:52:31.500,1238.5,0.0,0.0,0.6316,0.0,0.0,0.12684,0.0,0.0
2024-06-18 04:52:32.000,1239.0,0.0,0.0,0.0,0.0,0.0,0.25368,0.0,0.0
2024-06-18 04:52:32.500,1239.5,0.09288,0.0,0.6559649999999999,0.015615000000000002,0.0,1.88016,0.0,0.0
2024-06-18 04:52:33.000,1240.0,0.18576,0.0,1.3119299999999998,0.031230000000000004,0.0,3.5066400000000004,0.0,0.0
2024-06-18 04:52:33.500,1240.5,0.09288,0.0,0.6559649999999999,0.015615000000000002,0.0,1.9750100000000002,0.0,0.0
2024-06-18 04:52:34.000,1241.0,0.0,0.0,0.0,0.0,0.0,0.44338,0.0,0.0
2024-06-18 04:52:34.500,1241.5,0.0,0.0,0.0,0.0,0.0,0.22169,0.0,0.0
2024-06-18 04:52:35.000,1242.0,0.0,0.0,0.0,0.0,0.0,0.0,0.0,0.0
2024-06-18 04:52:35.500,1242.5,0.0,0.0,0.0,0.0,0.0,0.0,0.06278,0.0
2024-06-18 04:52:36.000,1243.0,0.0,0.0,0.0,0.0,0.0,0.0,0.12556,0.0
2024-06-18 04:52:36.500,1243.5,0.0,0.0,0.0468,0.0,0.0,0.18713999999999997,0.06278,0.0
2024-06-18 04:52:37.000,1244.0,0.0,0.0,0.0936,0.0,0.0,0.37427999999999995,0.0,0.0
2024-06-18 04:52:37.500,1244.5,0.0,0.0,1.30017,0.0,0.0,0.26336499999999996,0.0,0.0
2024-06-18 04:52:38.000,1245.0,0.0,0.0,2.50674,0.0,0.0,0.15245,0.0,0.0
2024-06-18 04:52:38.500,1245.5,0.0,0.0,1.36061,0.0,0.0,0.551125,0.0,0.0
2024-06-18 04:52:39.000,1246.0,0.0,0.0,0.21448000000000003,0.0,0.0,0.9498,0.0,0.0
2024-06-18 04:52:39.500,1246.5,0.0,0.0,0.5976400000000001,0.0,0.0,0.66018,0.0,0.0
2024-06-18 04:52:40.000,1247.0,0.0,0.0,0.9808,0.0,0.0,0.37056,0.0,0.0
2024-06-18 04:52:40.500,1247.5,0.0,0.0,0.69255,0.0,0.0,0.69056,0.0,0.0
2024-06-18 04:52:41.000,1248.0,0.0,0.0,0.40430000000000005,0.0,0.0,1.01056,0.0,0.0
2024-06-18 04:52:41.500,1248.5,0.0,0.0,0.20215000000000002,0.0,0.0,0.50528,0.0,0.0
2024-06-18 04:52:42.000,1249.0,0.0,0.0,0.0,0.0,0.0,0.0,0.0,0.0
2024-06-18 04:52:42.500,1249.5,0.0,0.0,0.4548650000000001,0.0,0.0,0.0,0.0,0.0
2024-06-18 04:52:43.000,1250.0,0.0,0.0,0.9097300000000001,0.0,0.0,0.0,0.0,0.0
2024-06-18 04:52:43.500,1250.5,0.0,0.0,0.5493350000000001,0.0,0.0,0.1262,0.0,0.0
2024-06-18 04:52:44.000,1251.0,0.0,0.0,0.18894,0.0,0.0,0.2524,0.0,0.0
2024-06-18 04:52:44.500,1251.5,0.31470000000000004,0.0,0.7939949999999999,0.0,0.0,0.1262,0.0,0.0
2024-06-18 04:52:45.000,1252.0,0.6294000000000001,0.0,1.39905,0.0,0.0,0.0,0.0,0.0
2024-06-18 04:52:45.500,1252.5,0.31470000000000004,0.0,0.77535,0.045555,0.0,0.816465,0.21539000000000003,0.0
2024-06-18 04:52:46.000,1253.0,0.0,0.0,0.15165,0.09111,0.0,1.63293,0.43078000000000005,0.0
2024-06-18 04:52:46.500,1253.5,0.0,0.0,0.075825,0.045555,0.0,1.14669,0.21539000000000003,0.0
2024-06-18 04:52:47.000,1254.0,0.0,0.0,0.0,0.0,0.0,0.6604500000000001,0.0,0.0
2024-06-18 04:52:47.500,1254.5,0.0,0.0,0.0,0.0,0.0,0.453705,0.03127,0.0
2024-06-18 04:52:48.000,1255.0,0.0,0.0,0.0,0.0,0.0,0.24695999999999999,0.06254,0.0
2024-06-18 04:52:48.500,1255.5,0.0,0.0,3.2475750000000003,0.014975,0.0,1.92638,0.279725,0.0
2024-06-18 04:52:49.000,1256.0,0.0,0.0,6.495150000000001,0.02995,0.0,3.6058,0.49691,0.0
2024-06-18 04:52:49.500,1256.5,1.4908899999999998,0.0,6.644715,0.3844349999999999,0.0,2.84593,3.2220100000000005,3.626755
2024-06-18 04:52:50.000,1257.0,2.9817799999999997,0.0,6.794279999999999,0.7389199999999999,0.0,2.0860600000000002,5.94711,7.25351
2024-06-18 04:52:50.500,1257.5,1.4908899999999998,0.0,3.3971399999999994,0.36945999999999996,0.0,1.0430300000000001,3.400555,7.375555
2024-06-18 04:52:51.000,1258.0,0.0,0.0,0.0,0.0,0.0,0.0,0.854,7.4976
2024-06-18 04:52:51.500,1258.5,0.0,0.0,0.237675,0.0,0.0,0.0,0.427,3.8116600000000003
2024-06-18 04:52:52.000,1259.0,0.0,0.0,0.47535,0.0,0.0,0.0,0.0,0.12572
2024-06-18 04:52:52.500,1259.5,0.0,0.0,1.120795,0.0,0.0,0.0,0.0,0.06286
2024-06-18 04:52:53.000,1260.0,0.0,0.0,1.76624,0.0,0.0,0.0,0.0,0.0
2024-06-18 04:52:53.500,1260.5,0.0,0.0,1.4273700000000002,0.0,0.0,0.43582000000000004,0.0,0.0
2024-06-18 04:52:54.000,1261.0,0.0,0.0,1.0885000000000002,0.0,0.0,0.8716400000000001,0.0,0.0
2024-06-18 04:52:54.500,1261.5,0.0,0.0,0.97601,0.0,0.0,1.13107,0.0,0.0
2024-06-18 04:52:55.000,1262.0,0.0,0.0,0.86352,0.0,0.0,1.3904999999999998,0.0,0.0
2024-06-18 04:52:55.500,1262.5,0.0,0.0,1.4079450000000002,0.047325,0.0,0.6952499999999999,0.030590000000000003,0.0
2024-06-18 04:52:56.000,1263.0,0.0,0.0,1.9523700000000002,0.09465,0.0,0.0,0.061180000000000005,0.0
2024-06-18 04:52:56.500,1263.5,0.0,0.0,1.76796,0.047325,0.0,0.39936000000000005,0.31156999999999996,0.0
2024-06-18 04:52:57.000,1264.0,0.0,0.0,1.58355,0.0,0.0,0.7987200000000001,0.5619599999999999,0.0
2024-06-18 04:52:57.500,1264.5,0.0,0.0,1.260525,0.0,0.0,0.8501650000000001,0.28097999999999995,0.0
2024-06-18 04:52:58.000,1265.0,0.0,0.0,0.9375,0.0,0.0,0.9016100000000001,0.0,0.0
2024-06-18 04:52:58.500,1265.5,0.0,0.0,0.46875,0.0,0.07847500000000002,0.7451150000000001,0.015510000000000001,0.0
2024-06-18 04:52:59.000,1266.0,0.0,0.0,0.0,0.0,0.15695000000000003,0.58862,0.031020000000000002,0.0
2024-06-18 04:52:59.500,1266.5,0.0,0.0,0.0,0.0,0.07847500000000002,0.29431,0.015510000000000001,0.0
2024-06-18 04:53:00.000,1267.0,0.0,0.0,0.0,0.0,0.0,0.0,0.0,0.0
2024-06-18 04:53:00.500,1267.5,0.0,0.0,0.0,0.0,0.0,0.0,0.0,0.0
2024-06-18 04:53:01.000,1268.0,0.0,0.0,0.0,0.0,0.0,0.0,0.0,0.0
2024-06-18 04:53:01.500,1268.5,1.07205,0.03108,0.84861,0.0,0.0,0.0,0.0,0.0
2024-06-18 04:53:02.000,1269.0,2.1441,0.06216,1.69722,0.0,0.0,0.0,0.0,0.0
2024-06-18 04:53:02.500,1269.5,1.07205,0.03108,0.84861,0.0,0.0,0.25072000000000005,0.0,0.0
2024-06-18 04:53:03.000,1270.0,0.0,0.0,0.0,0.0,0.0,0.5014400000000001,0.0,0.0
2024-06-18 04:53:03.500,1270.5,0.0,0.09336,0.0,0.0,0.0,0.4371400000000001,0.0,0.0
2024-06-18 04:53:04.000,1271.0,0.0,0.18672,0.0,0.0,0.0,0.37284,0.0,0.0
2024-06-18 04:53:04.500,1271.5,0.0,0.22003999999999999,0.0,0.0,0.0,0.18642,0.10633000000000002,0.0
2024-06-18 04:53:05.000,1272.0,0.0,0.25336,0.0,0.0,0.0,0.0,0.21266000000000004,0.0
2024-06-18 04:53:05.500,1272.5,0.0,0.12668,0.0,0.0,0.0,0.0,0.10633000000000002,0.0
2024-06-18 04:53:06.000,1273.0,0.0,0.0,0.0,0.0,0.0,0.0,0.0,0.0
2024-06-18 04:53:06.500,1273.5,0.0,0.0,0.07515000000000001,0.0,0.0,0.73752,0.0,0.0
2024-06-18 04:53:07.000,1274.0,0.0,0.0,0.15030000000000002,0.0,0.0,1.47504,0.0,0.0
2024-06-18 04:53:07.500,1274.5,0.0,0.0,1.7074350000000003,0.0,0.0,1.107,0.0,0.0
2024-06-18 04:53:08.000,1275.0,0.0,0.0,3.2645700000000004,0.0,0.0,0.73896,0.0,0.0
2024-06-18 04:53:08.500,1275.5,0.0,0.0,2.349035,0.0,0.0,1.4579550000000001,0.0,0.0
2024-06-18 04:53:09.000,1276.0,0.0,0.0,1.4334999999999998,0.0,0.0,2.17695,0.0,0.0
2024-06-18 04:53:09.500,1276.5,0.0,0.0,0.85364,0.15280000000000002,0.0,1.686735,0.0,0.0
2024-06-18 04:53:10.000,1277.0,0.0,0.0,0.27378,0.30560000000000004,0.0,1.19652,0.0,0.0
2024-06-18 04:53:10.500,1277.5,0.04641,0.0,0.13689,0.15280000000000002,0.0,0.62936,0.0,0.0
2024-06-18 04:53:11.000,1278.0,0.09282,0.0,0.0,0.0,0.0,0.0622,0.0,0.0
2024-06-18 04:53:11.500,1278.5,0.04641,0.0,0.12064,0.0924,0.0,1.0706000000000002,0.0,0.0
2024-06-18 04:53:12.000,1279.0,0.0,0.0,0.24128,0.1848,0.0,2.079,0.0,0.0
2024-06-18 04:53:12.500,1279.5,0.0,0.0,0.43784500000000004,0.2132,0.0,2.7967,0.0,0.030389999999999997
2024-06-18 04:53:13.000,1280.0,0.0,0.0,0.63441,0.2416,0.0,3.5143999999999997,0.0,0.060779999999999994
2024-06-18 04:53:13.500,1280.5,0.0,0.0,2.340105,0.7390800000000001,0.0,3.62502,0.0,0.030389999999999997
2024-06-18 04:53:14.000,1281.0,0.0,0.0,4.0458,1.23656,0.0,3.73564,0.0,0.0
2024-06-18 04:53:14.500,1281.5,0.0,0.0,2.14878,0.61828,0.0,1.89886,0.0,0.0
2024-06-18 04:53:15.000,1282.0,0.0,0.0,0.25176000000000004,0.0,0.0,0.06208,0.0,0.0
2024-06-18 04:53:15.500,1282.5,0.0,0.0,0.12588000000000002,0.0,0.0,0.03104,0.0,0.0
2024-06-18 04:53:16.000,1283.0,0.0,0.0,0.0,0.0,0.0,0.0,0.0,0.0
2024-06-18 04:53:16.500,1283.5,0.0,0.0,0.38575,0.0,0.0,0.0,0.0,0.0
2024-06-18 04:53:17.000,1284.0,0.0,0.0,0.7715,0.0,0.0,0.0,0.0,0.0
2024-06-18 04:53:17.500,1284.5,0.0,0.0,0.6163,0.0,0.0,0.17292,0.030350000000000002,0.20221499999999998
2024-06-18 04:53:18.000,1285.0,0.0,0.0,0.46109999999999995,0.0,0.0,0.34584,0.060700000000000004,0.40442999999999996
2024-06-18 04:53:18.500,1285.5,0.0,0.0,0.23054999999999998,0.0,0.0,0.48751999999999995,0.030350000000000002,0.20221499999999998
2024-06-18 04:53:19.000,1286.0,0.0,0.0,0.0,0.0,0.0,0.6292,0.0,0.0
2024-06-18 04:53:19.500,1286.5,0.0,0.0,0.17281,0.0,0.0,0.37688,0.0,0.0
2024-06-18 04:53:20.000,1287.0,0.0,0.0,0.34562,0.0,0.0,0.12456,0.0,0.0
2024-06-18 04:53:20.500,1287.5,0.0,0.0,0.17281,0.0,0.0,0.06228,0.0,0.0
2024-06-18 04:53:21.000,1288.0,0.0,0.0,0.0,0.0,0.0,0.0,0.0,0.0
2024-06-18 04:53:21.500,1288.5,0.0,0.0,0.0,0.0,0.0,0.0,0.0,0.0
2024-06-18 04:53:22.000,1289.0,0.0,0.0,0.0,0.0,0.0,0.0,0.0,0.0
2024-06-18 04:53:22.500,1289.5,0.0,0.0,0.0,0.0,0.0,0.1563,0.015880000000000002,0.0
2024-06-18 04:53:23.000,1290.0,0.0,0.0,0.0,0.0,0.0,0.3126,0.031760000000000004,0.0
2024-06-18 04:53:23.500,1290.5,0.0,0.0,0.17044499999999999,0.0,0.0,0.1563,0.015880000000000002,0.0
2024-06-18 04:53:24.000,1291.0,0.0,0.0,0.34088999999999997,0.0,0.0,0.0,0.0,0.0
2024-06-18 04:53:24.500,1291.5,0.0,0.0,0.445125,0.0,0.5190500000000001,0.0,2.618875,0.07500000000000001
2024-06-18 04:53:25.000,1292.0,0.0,0.0,0.54936,0.0,1.0381000000000002,0.0,5.23775,0.15000000000000002
2024-06-18 04:53:25.500,1292.5,0.0,0.0,0.27468,0.0,0.5190500000000001,0.25616,2.618875,0.07500000000000001
2024-06-18 04:53:26.000,1293.0,0.0,0.0,0.0,0.0,0.0,0.51232,0.0,0.0
2024-06-18 04:53:26.500,1293.5,0.0,0.0,12.16215,0.0,0.0,6.3527000000000005,0.0,0.0
2024-06-18 04:53:27.000,1294.0,0.0,0.0,24.3243,0.0,0.0,12.193080000000002,0.0,0.0
2024-06-18 04:53:27.500,1294.5,0.0,0.0,12.490590000000001,0.0,0.0,6.345980000000001,0.0,0.0
2024-06-18 04:53:28.000,1295.0,0.0,0.0,0.6568800000000001,0.0,0.0,0.49888,0.0,0.0
2024-06-18 04:53:28.500,1295.5,0.0,0.0,0.4784400000000001,0.19578,0.0,2.0213400000000004,0.0,0.0
2024-06-18 04:53:29.000,1296.0,0.0,0.0,0.30000000000000004,0.39156,0.0,3.5438000000000005,0.0,0.0
2024-06-18 04:53:29.500,1296.5,0.11288000000000001,0.0,3.7088,1.9764,0.0,3.3645400000000003,0.0,0.0
2024-06-18 04:53:30.000,1297.0,0.22576000000000002,0.0,7.1176,3.5612399999999997,0.0,3.18528,0.0,0.0
2024-06-18 04:53:30.500,1297.5,0.30437000000000003,0.0,8.43445,3.64227,0.0,2.52448,0.0,0.0
2024-06-18 04:53:31.000,1298.0,0.38298,0.0,9.751299999999999,3.7233,0.0,1.86368,0.0,0.0
2024-06-18 04:53:31.500,1298.5,0.75674,0.0,9.305164999999999,3.6101,0.0,2.64052,0.0,0.0
2024-06-18 04:53:32.000,1299.0,1.1305,0.0,8.859029999999999,3.4969,0.0,3.41736,0.0,0.0
2024-06-18 04:53:32.500,1299.5,0.56525,0.0,4.429514999999999,1.74845,0.0,1.8955199999999999,0.0,0.0
2024-06-18 04:53:33.000,1300.0,0.0,0.0,0.0,0.0,0.0,0.37367999999999996,0.0,0.0
2024-06-18 04:53:33.500,1300.5,0.0,0.0,0.0,0.0,0.0,0.18683999999999998,0.0,0.0
2024-06-18 04:53:34.000,1301.0,0.0,0.0,0.0,0.0,0.0,0.0,0.0,0.0
2024-06-18 04:53:34.500,1301.5,0.0,0.0,0.09251999999999999,0.0,0.0,0.0,0.0,0.0
2024-06-18 04:53:35.000,1302.0,0.0,0.0,0.18503999999999998,0.0,0.0,0.0,0.0,0.0
2024-06-18 04:53:35.500,1302.5,0.0,0.0,0.21888,0.0,0.0,0.0,0.0,0.0
2024-06-18 04:53:36.000,1303.0,0.0,0.0,0.25272,0.0,0.0,0.0,0.0,0.0
2024-06-18 04:53:36.500,1303.5,0.0,0.0,1.4103,1.3795,0.0,0.36395999999999995,0.0,0.0
2024-06-18 04:53:37.000,1304.0,0.0,0.0,2.56788,2.759,0.0,0.7279199999999999,0.0,0.0
2024-06-18 04:53:37.500,1304.5,0.19616999999999998,0.0,3.88802,1.3795,0.0,0.8607750000000001,0.11868000000000001,0.49698000000000003
2024-06-18 04:53:38.000,1305.0,0.39233999999999997,0.0,5.2081599999999995,0.0,0.0,0.9936300000000001,0.23736000000000002,0.9939600000000001
2024-06-18 04:53:38.500,1305.5,0.24199499999999996,0.0,3.6000199999999998,0.061360000000000005,0.0,0.6306,0.70426,0.573405
2024-06-18 04:53:39.000,1306.0,0.09164999999999998,0.0,1.9918799999999999,0.12272000000000001,0.0,0.26757000000000003,1.17116,0.15285000000000004
2024-06-18 04:53:39.500,1306.5,0.04582499999999999,0.0,2.29411,0.061360000000000005,0.0,0.312765,0.60094,0.07642500000000002
2024-06-18 04:53:40.000,1307.0,0.0,0.0,2.5963399999999996,0.0,0.0,0.35796,0.03072,0.0
2024-06-18 04:53:40.500,1307.5,0.34473999999999994,0.0,3.56797,0.0,0.0,0.17898,0.01536,0.0
2024-06-18 04:53:41.000,1308.0,0.6894799999999999,0.0,4.5396,0.0,0.0,0.0,0.0,0.0
2024-06-18 04:53:41.500,1308.5,0.34473999999999994,0.0,2.33014,0.03065,0.0,0.43484,0.0,0.0
2024-06-18 04:53:42.000,1309.0,0.0,0.0,0.12068000000000002,0.0613,0.0,0.86968,0.0,0.0
2024-06-18 04:53:42.500,1309.5,0.0,0.0,0.06034000000000001,0.03065,0.0,0.43484,0.0,0.0
2024-06-18 04:53:43.000,1310.0,0.0,0.0,0.0,0.0,0.0,0.0,0.0,0.0
2024-06-18 04:53:43.500,1310.5,0.0,0.0,0.20319000000000004,0.0,0.0,0.0,0.0,0.0
2024-06-18 04:53:44.000,1311.0,0.0,0.0,0.4063800000000001,0.0,0.0,0.0,0.0,0.0
2024-06-18 04:53:44.500,1311.5,0.0,0.0,0.20319000000000004,0.0,0.0,0.0,0.062200000000000005,0.0
2024-06-18 04:53:45.000,1312.0,0.0,0.0,0.0,0.0,0.0,0.0,0.12440000000000001,0.0
2024-06-18 04:53:45.500,1312.5,0.0,0.0,0.03109,0.0,0.0,0.0,0.062200000000000005,0.0
2024-06-18 04:53:46.000,1313.0,0.0,0.0,0.06218,0.0,0.0,0.0,0.0,0.0
2024-06-18 04:53:46.500,1313.5,0.0,0.0,0.03109,0.0,0.0,0.24029999999999996,0.0,0.0
2024-06-18 04:53:47.000,1314.0,0.0,0.0,0.0,0.0,0.0,0.4805999999999999,0.0,0.0
2024-06-18 04:53:47.500,1314.5,0.0,0.0,0.17165499999999997,0.0,0.0,0.24029999999999996,0.0,0.0
2024-06-18 04:53:48.000,1315.0,0.0,0.0,0.34330999999999995,0.0,0.0,0.0,0.0,0.0
2024-06-18 04:53:48.500,1315.5,0.0,0.0,0.17165499999999997,0.0,0.0,0.44366000000000005,0.0,0.0
2024-06-18 04:53:49.000,1316.0,0.0,0.0,0.0,0.0,0.0,0.8873200000000001,0.0,0.0
2024-06-18 04:53:49.500,1316.5,0.0,0.0,0.0,0.0,0.0,0.6475000000000001,0.0,0.0
2024-06-18 04:53:50.000,1317.0,0.0,0.0,0.0,0.0,0.0,0.40768000000000004,0.0,0.0
2024-06-18 04:53:50.500,1317.5,0.0,0.0,0.15580000000000002,0.0,0.0,0.20384000000000002,0.0,0.0
2024-06-18 04:53:51.000,1318.0,0.0,0.0,0.31160000000000004,0.0,0.0,0.0,0.0,0.0
2024-06-18 04:53:51.500,1318.5,0.0,0.0,0.15580000000000002,0.51381,0.0,0.0,0.0,0.0
2024-06-18 04:53:52.000,1319.0,0.0,0.0,0.0,1.02762,0.0,0.0,0.0,0.0
2024-06-18 04:53:52.500,1319.5,0.0,0.0,0.21483000000000002,0.51381,0.0,0.0,4.085445000000001,0.0
2024-06-18 04:53:53.000,1320.0,0.0,0.0,0.42966000000000004,0.0,0.0,0.0,8.170890000000002,0.0
2024-06-18 04:53:53.500,1320.5,0.030670000000000003,0.0,0.40143,0.0,0.0,0.03126,4.085445000000001,0.0
2024-06-18 04:53:54.000,1321.0,0.061340000000000006,0.0,0.3732,0.0,0.0,0.06252,0.0,0.0
2024-06-18 04:53:54.500,1321.5,0.16728999999999997,0.0,1.53766,0.18738000000000002,0.0,0.03126,0.0,0.0
2024-06-18 04:53:55.000,1322.0,0.2732399999999999,0.0,2.7021200000000003,0.37476000000000004,0.0,0.0,0.0,0.0
2024-06-18 04:53:55.500,1322.5,0.13661999999999996,0.45037000000000005,1.3510600000000001,0.18738000000000002,0.0,0.0,0.0,0.0
2024-06-18 04:53:56.000,1323.0,0.0,0.9007400000000001,0.0,0.0,0.0,0.0,0.0,0.0
2024-06-18 04:53:56.500,1323.5,0.40418000000000004,2.9779099999999996,2.66613,0.0,1.29316,1.47708,0.0,0.0
2024-06-18 04:53:57.000,1324.0,0.8083600000000001,5.055079999999999,5.33226,0.0,2.58632,2.95416,0.0,0.0
2024-06-18 04:53:57.500,1324.5,5.63984,2.5275399999999997,2.66613,0.0,1.338055,2.62308,0.0,0.0
2024-06-18 04:53:58.000,1325.0,10.47132,0.0,0.0,0.0,0.08979,2.292,0.0,0.0
2024-06-18 04:53:58.500,1325.5,10.74298,0.0,0.0,0.0,0.044895,1.527,0.42546,0.0
2024-06-18 04:53:59.000,1326.0,11.014639999999998,0.0,0.0,0.0,0.0,0.762,0.85092,0.0
2024-06-18 04:53:59.500,1326.5,16.91492,0.0,0.0,0.0,0.0,9.4332,0.42546,0.0
2024-06-18 04:54:00.000,1327.0,22.8152,0.0,0.0,0.0,0.0,18.1044,0.0,0.0
2024-06-18 04:54:00.500,1327.5,19.477980000000002,0.045615,0.20440000000000003,0.9158999999999999,0.0,11.142399999999999,0.0,0.0
2024-06-18 04:54:01.000,1328.0,16.14076,0.09123,0.40880000000000005,1.8317999999999999,0.0,4.1804,0.0,0.0
2024-06-18 04:54:01.500,1328.5,8.07038,0.045615,0.4544,0.9158999999999999,0.0,2.60302,0.0,0.0
2024-06-18 04:54:02.000,1329.0,0.0,0.0,0.5,0.0,0.0,1.0256399999999999,0.0,0.0
2024-06-18 04:54:02.500,1329.5,0.0,0.0,0.44981,0.0,0.0,0.5128199999999999,0.0,0.0
2024-06-18 04:54:03.000,1330.0,0.0,0.0,0.39962,0.0,0.0,0.0,0.0,0.0
2024-06-18 04:54:03.500,1330.5,0.0,0.0,0.35261,0.0,0.0,0.24408000000000002,0.04716,0.0
2024-06-18 04:54:04.000,1331.0,0.0,0.0,0.30560000000000004,0.0,0.0,0.48816000000000004,0.09432,0.0
2024-06-18 04:54:04.500,1331.5,0.0,0.0,0.15280000000000002,0.0,0.0,0.24408000000000002,0.04716,0.0
2024-06-18 04:54:05.000,1332.0,0.0,0.0,0.0,0.0,0.0,0.0,0.0,0.0
2024-06-18 04:54:05.500,1332.5,0.0,0.0,0.12444,0.0,0.0,0.0,0.0,0.0
2024-06-18 04:54:06.000,1333.0,0.0,0.0,0.24888,0.0,0.0,0.0,0.0,0.0
2024-06-18 04:54:06.500,1333.5,0.0,0.0,0.37012,0.0,0.0,0.01543,0.0,0.0
2024-06-18 04:54:07.000,1334.0,0.0,0.0,0.49135999999999996,0.0,0.0,0.03086,0.0,0.0
2024-06-18 04:54:07.500,1334.5,0.0,0.0,0.24567999999999998,0.015665000000000002,0.0,0.20011,0.0,0.0
2024-06-18 04:54:08.000,1335.0,0.0,0.0,0.0,0.031330000000000004,0.0,0.36936,0.0,0.0
2024-06-18 04:54:08.500,1335.5,0.0,0.0,0.16961999999999997,0.07838500000000001,0.0,0.26100500000000004,0.0,0.0
2024-06-18 04:54:09.000,1336.0,0.0,0.0,0.33923999999999993,0.12544,0.0,0.15265,0.0,0.0
2024-06-18 04:54:09.500,1336.5,0.0,0.0,0.26300999999999997,0.06272,0.0,0.076325,0.0,0.0
2024-06-18 04:54:10.000,1337.0,0.0,0.0,0.18678,0.0,0.0,0.0,0.0,0.0
2024-06-18 04:54:10.500,1337.5,0.0,0.0,0.18603,0.0,0.0,0.75696,0.0,0.0
2024-06-18 04:54:11.000,1338.0,0.0,0.0,0.18528,0.0,0.0,1.51392,0.0,0.0
2024-06-18 04:54:11.500,1338.5,0.0,0.0,1.11769,0.0,0.0,0.81856,0.0,0.0
2024-06-18 04:54:12.000,1339.0,0.0,0.0,2.0501,0.0,0.0,0.1232,0.0,0.0
2024-06-18 04:54:12.500,1339.5,0.0,0.03082,1.722325,0.0,0.0,0.0616,0.0,0.0
2024-06-18 04:54:13.000,1340.0,0.0,0.06164,1.39455,0.0,0.0,0.0,0.0,0.0
2024-06-18 04:54:13.500,1340.5,0.0,0.03082,0.934725,0.0,0.0,0.0,0.0,0.0
2024-06-18 04:54:14.000,1341.0,0.0,0.0,0.4749,0.0,0.0,0.0,0.0,0.0
2024-06-18 04:54:14.500,1341.5,0.0,0.0,0.23745,0.0,0.0,0.01565,0.046365,0.0
2024-06-18 04:54:15.000,1342.0,0.0,0.0,0.0,0.0,0.0,0.0313,0.09273,0.0
2024-06-18 04:54:15.500,1342.5,0.0,0.0,1.54,0.0,0.0,0.5798999999999999,0.046365,0.0
2024-06-18 04:54:16.000,1343.0,0.0,0.0,3.08,0.0,0.0,1.1284999999999998,0.0,0.0
2024-06-18 04:54:16.500,1343.5,0.01517,0.0,2.53792,0.35293499999999994,0.0,1.392825,0.0,0.0
2024-06-18 04:54:17.000,1344.0,0.03034,0.0,1.99584,0.7058699999999999,0.0,1.6571500000000001,0.0,0.0
2024-06-18 04:54:17.500,1344.5,0.22363000000000002,0.0,1.3043200000000001,0.35293499999999994,0.0,1.3943050000000001,0.0,0.0
2024-06-18 04:54:18.000,1345.0,0.41692,0.0,0.6128,0.0,0.0,1.1314600000000001,0.0,0.0
2024-06-18 04:54:18.500,1345.5,0.223555,0.0,3.239205,0.0,0.0,1.6000400000000001,0.0,0.0
2024-06-18 04:54:19.000,1346.0,0.03019,0.0,5.86561,0.0,0.0,2.06862,0.0,0.0
2024-06-18 04:54:19.500,1346.5,0.015095,0.0,3.180965,0.0,0.0,1.03431,0.0,0.0
2024-06-18 04:54:20.000,1347.0,0.0,0.0,0.49632,0.0,0.0,0.0,0.0,0.0
2024-06-18 04:54:20.500,1347.5,9.247440000000001,0.0,2.01209,0.0,0.0,0.2925,0.0,0.0
2024-06-18 04:54:21.000,1348.0,18.494880000000002,0.0,3.5278600000000004,0.0,0.0,0.585,0.0,0.0
2024-06-18 04:54:21.500,1348.5,9.247440000000001,0.0,1.8265700000000002,0.0,0.0,0.30793499999999996,0.0,0.0
2024-06-18 04:54:22.000,1349.0,0.0,0.0,0.12528,0.0,0.0,0.030869999999999998,0.0,0.0
2024-06-18 04:54:22.500,1349.5,0.0,0.0,0.37614,0.0,0.0,0.015434999999999999,0.0,0.0
2024-06-18 04:54:23.000,1350.0,0.0,0.0,0.627,0.0,0.0,0.0,0.0,0.0
2024-06-18 04:54:23.500,1350.5,0.0,0.0,0.3135,0.0,0.0,0.0,0.0,0.0
2024-06-18 04:54:24.000,1351.0,0.0,0.0,0.0,0.0,0.0,0.0,0.0,0.0
2024-06-18 04:54:24.500,1351.5,0.0,0.0,0.0,0.0,0.0,0.0,0.0,0.0
2024-06-18 04:54:25.000,1352.0,0.0,0.0,0.0,0.0,0.0,0.0,0.0,0.0
2024-06-18 04:54:25.500,1352.5,0.0,0.0,0.204425,0.0,0.0,0.0,0.0,0.0
2024-06-18 04:54:26.000,1353.0,0.0,0.0,0.40885,0.0,0.0,0.0,0.0,0.0
2024-06-18 04:54:26.500,1353.5,0.0,0.0,0.204425,0.0,0.0,0.0,0.0,0.0
2024-06-18 04:54:27.000,1354.0,0.0,0.0,0.0,0.0,0.0,0.0,0.0,0.0
2024-06-18 04:54:27.500,1354.5,0.0,0.6846749999999999,0.0,0.0,0.029779999999999997,0.341435,1.7824949999999997,0.5318250000000001
2024-06-18 04:54:28.000,1355.0,0.0,1.3693499999999998,0.0,0.0,0.059559999999999995,0.68287,3.5649899999999994,1.0636500000000002
2024-06-18 04:54:28.500,1355.5,0.0,0.6846749999999999,0.0,0.0,0.07529,0.341435,2.3566749999999996,0.5318250000000001
2024-06-18 04:54:29.000,1356.0,0.0,0.0,0.0,0.0,0.09101999999999999,0.0,1.14836,0.0
2024-06-18 04:54:29.500,1356.5,0.0,0.35424,0.6152000000000001,0.0,0.045509999999999995,0.0,1.65428,0.0
2024-06-18 04:54:30.000,1357.0,0.0,0.70848,1.2304000000000002,0.0,0.0,0.0,2.1602,0.0
2024-06-18 04:54:30.500,1357.5,0.0,0.35424,0.6152000000000001,0.0,0.0,0.0,1.0801,0.0
2024-06-18 04:54:31.000,1358.0,0.0,0.0,0.0,0.0,0.0,0.0,0.0,0.0
2024-06-18 04:54:31.500,1358.5,0.0,0.0,0.0,0.0,0.0,0.0,0.0,0.0
2024-06-18 04:54:32.000,1359.0,0.0,0.0,0.0,0.0,0.0,0.0,0.0,0.0
2024-06-18 04:54:32.500,1359.5,0.0,0.0,0.0,0.0,0.0,0.0,0.0,0.0
2024-06-18 04:54:33.000,1360.0,0.0,0.0,0.0,0.0,0.0,0.0,0.0,0.0
2024-06-18 04:54:33.500,1360.5,0.0,0.0,0.12432,0.0,0.0,0.18521999999999997,0.0,0.0
2024-06-18 04:54:34.000,1361.0,0.0,0.0,0.24864,0.0,0.0,0.37043999999999994,0.0,0.0
2024-06-18 04:54:34.500,1361.5,0.0,0.0,0.12432,0.0,0.0,0.21589999999999995,0.15475000000000003,0.0
2024-06-18 04:54:35.000,1362.0,0.0,0.0,0.0,0.0,0.0,0.06135999999999999,0.30950000000000005,0.0
2024-06-18 04:54:35.500,1362.5,0.0,0.0,0.0,0.0,0.0,0.030679999999999995,0.15475000000000003,0.0
2024-06-18 04:54:36.000,1363.0,0.0,0.0,0.0,0.0,0.0,0.0,0.0,0.0
2024-06-18 04:54:36.500,1363.5,0.0,0.0,0.0,0.0,0.0,0.0633,0.0,0.0
2024-06-18 04:54:37.000,1364.0,0.0,0.0,0.0,0.0,0.0,0.1266,0.0,0.0
2024-06-18 04:54:37.500,1364.5,0.0,0.0,0.2484,0.0,0.0,0.0633,0.0,0.0
2024-06-18 04:54:38.000,1365.0,0.0,0.0,0.4968,0.0,0.0,0.0,0.0,0.0
2024-06-18 04:54:38.500,1365.5,0.0,0.0,0.7896800000000002,0.0,0.0,0.0,0.0,0.0
2024-06-18 04:54:39.000,1366.0,0.0,0.0,1.0825600000000002,0.0,0.0,0.0,0.0,0.0
2024-06-18 04:54:39.500,1366.5,0.0,0.057980000000000004,0.5412800000000001,0.0,2.2728150000000005,0.502755,2.5435199999999996,0.41076000000000007
2024-06-18 04:54:40.000,1367.0,0.0,0.11596000000000001,0.0,0.0,4.545630000000001,1.00551,5.087039999999999,0.8215200000000001
2024-06-18 04:54:40.500,1367.5,0.0,1.2109,0.0,0.0,2.2728150000000005,0.502755,4.81902,1.039905
2024-06-18 04:54:41.000,1368.0,0.0,2.30584,0.0,0.0,0.0,0.0,4.551,1.2582900000000001
2024-06-18 04:54:41.500,1368.5,0.0,1.15292,0.0,0.0,0.0,0.0,2.2755,0.6291450000000001
2024-06-18 04:54:42.000,1369.0,0.0,0.0,0.0,0.0,0.0,0.0,0.0,0.0
2024-06-18 04:54:42.500,1369.5,0.0,0.0,0.0,0.0,0.0,0.06332000000000002,0.0,0.0
2024-06-18 04:54:43.000,1370.0,0.0,0.0,0.0,0.0,0.0,0.12664000000000003,0.0,0.0
2024-06-18 04:54:43.500,1370.5,0.0,0.0,0.0,0.0,0.0,0.06332000000000002,0.26639000000000007,0.0
2024-06-18 04:54:44.000,1371.0,0.0,0.0,0.0,0.0,0.0,0.0,0.5327800000000001,0.0
2024-06-18 04:54:44.500,1371.5,0.0,1.4334999999999998,0.015150000000000002,0.0,0.0,0.045810000000000003,1.424855,0.6372599999999999
2024-06-18 04:54:45.000,1372.0,0.0,2.8669999999999995,0.030300000000000004,0.0,0.0,0.09162000000000001,2.31693,1.2745199999999999
2024-06-18 04:54:45.500,1372.5,0.0,3.3605099999999997,0.57459,0.0,0.0,0.07493,5.189565,1.87222
2024-06-18 04:54:46.000,1373.0,0.0,3.8540200000000002,1.11888,0.0,0.0,0.05824,8.0622,2.46992
2024-06-18 04:54:46.500,1373.5,0.0,2.03397,0.98226,0.0,0.0,0.02912,4.778105,1.23496
2024-06-18 04:54:47.000,1374.0,0.0,0.21392000000000003,0.84564,0.0,0.0,0.0,1.4940099999999998,0.0
2024-06-18 04:54:47.500,1374.5,0.0,0.10696000000000001,0.7970999999999999,0.0,0.0,0.0,0.7470049999999999,0.0
2024-06-18 04:54:48.000,1375.0,0.0,0.0,0.7485599999999999,0.0,0.0,0.0,0.0,0.0
2024-06-18 04:54:48.500,1375.5,0.0,0.0,0.6255599999999999,0.0,0.0,0.12352,0.0,0.0
2024-06-18 04:54:49.000,1376.0,0.0,0.0,0.50256,0.0,0.0,0.24704,0.0,0.0
2024-06-18 04:54:49.500,1376.5,0.0,0.0,0.25128,0.0,0.0,0.12352,10.2432,0.5928
2024-06-18 04:54:50.000,1377.0,0.0,0.0,0.0,0.0,0.0,0.0,20.4864,1.1856
2024-06-18 04:54:50.500,1377.5,0.0,0.0,0.0,0.0,0.0,0.21945,10.2432,0.5928
2024-06-18 04:54:51.000,1378.0,0.0,0.0,0.0,0.0,0.0,0.4389,0.0,0.0
2024-06-18 04:54:51.500,1378.5,0.0,2.64241,0.30060000000000003,0.0,0.450585,0.21945,2.8712,0.5866
2024-06-18 04:54:52.000,1379.0,0.0,5.28482,0.6012000000000001,0.0,0.90117,0.0,5.7424,1.1732
2024-06-18 04:54:52.500,1379.5,0.0,4.43521,0.30060000000000003,0.0,1.414425,0.0,3.6632,2.53195
2024-06-18 04:54:53.000,1380.0,0.0,3.5856,0.0,0.0,1.9276799999999998,0.0,1.584,3.8907
2024-06-18 04:54:53.500,1380.5,0.0,3.2997199999999998,0.25483000000000006,0.0,0.9638399999999999,0.014795,1.9635700000000003,3.43385
2024-06-18 04:54:54.000,1381.0,0.0,3.01384,0.5096600000000001,0.0,0.0,0.02959,2.3431400000000004,2.9770000000000003
2024-06-18 04:54:54.500,1381.5,0.0,1.50692,0.31637000000000004,0.0,0.49764,0.22976500000000002,2.8391650000000004,1.5192500000000002
2024-06-18 04:54:55.000,1382.0,0.0,0.0,0.12308,0.0,0.99528,0.42994000000000004,3.3351900000000003,0.061500000000000006
2024-06-18 04:54:55.500,1382.5,0.0,0.0,0.06154,0.0,0.49764,0.21497000000000002,1.6675950000000002,0.030750000000000003
2024-06-18 04:54:56.000,1383.0,0.0,0.0,0.0,0.0,0.0,0.0,0.0,0.0
2024-06-18 04:54:56.500,1383.5,0.0,0.0,0.25112,0.0,0.0,0.015535000000000002,0.0,0.0
2024-06-18 04:54:57.000,1384.0,0.0,0.0,0.50224,0.0,0.0,0.031070000000000004,0.0,0.0
2024-06-18 04:54:57.500,1384.5,0.0,0.0,0.25112,0.0,0.0,0.140135,0.0,0.0
2024-06-18 04:54:58.000,1385.0,0.0,0.0,0.0,0.0,0.0,0.24920000000000003,0.0,0.0
2024-06-18 04:54:58.500,1385.5,0.0,0.0,0.0,0.0,0.0,0.12460000000000002,0.0,0.0
2024-06-18 04:54:59.000,1386.0,0.0,0.0,0.0,0.0,0.0,0.0,0.0,0.0
2024-06-18 04:54:59.500,1386.5,0.0,0.0,0.0,0.0,0.0,0.0,0.0,0.0
2024-06-18 04:55:00.000,1387.0,0.0,0.0,0.0,0.0,0.0,0.0,0.0,0.0
2024-06-18 04:55:00.500,1387.5,0.015539999999999998,0.0,0.16835499999999998,0.0,0.0,0.30940000000000006,0.0,0.0
2024-06-18 04:55:01.000,1388.0,0.031079999999999997,0.0,0.33670999999999995,0.0,0.0,0.6188000000000001,0.0,0.0
2024-06-18 04:55:01.500,1388.5,0.015539999999999998,0.0,0.27842999999999996,0.0,0.0,0.30940000000000006,0.0,0.0
2024-06-18 04:55:02.000,1389.0,0.0,0.0,0.22015,0.0,0.0,0.0,0.0,0.0
2024-06-18 04:55:02.500,1389.5,0.0,0.0,0.110075,0.0,0.0,0.21931000000000003,0.0,0.0
2024-06-18 04:55:03.000,1390.0,0.0,0.0,0.0,0.0,0.0,0.43862000000000007,0.0,0.0
2024-06-18 04:55:03.500,1390.5,0.0,0.0,0.0,0.0,0.0,0.43883000000000005,0.03128,0.0
2024-06-18 04:55:04.000,1391.0,0.0,0.0,0.0,0.0,0.0,0.43904000000000004,0.06256,0.0
2024-06-18 04:55:04.500,1391.5,0.0,0.0,0.31120000000000003,0.0,0.0,0.23508500000000002,0.03128,0.0
2024-06-18 04:55:05.000,1392.0,0.0,0.0,0.6224000000000001,0.0,0.0,0.03113,0.0,0.0
2024-06-18 04:55:05.500,1392.5,0.0,0.0,0.44935,0.0,0.0,0.09333999999999999,0.0,0.0
2024-06-18 04:55:06.000,1393.0,0.0,0.0,0.2763,0.0,0.0,0.15555,0.0,0.0
2024-06-18 04:55:06.500,1393.5,0.0,0.0,0.13815,0.0,0.0,0.329615,0.0,0.0
2024-06-18 04:55:07.000,1394.0,0.0,0.0,0.0,0.0,0.0,0.50368,0.0,0.0
2024-06-18 04:55:07.500,1394.5,0.0,0.0,0.0,0.0,0.0,0.31284,0.09354,0.0
2024-06-18 04:55:08.000,1395.0,0.0,0.0,0.0,0.0,0.0,0.122,0.18708,0.0
2024-06-18 04:55:08.500,1395.5,0.0,0.0,0.0,0.0,0.0,0.061,0.30858,0.0
2024-06-18 04:55:09.000,1396.0,0.0,0.0,0.0,0.0,0.0,0.0,0.4300800000000001,0.0
2024-06-18 04:55:09.500,1396.5,0.0,0.0,0.18395999999999998,0.0,0.0,0.0,0.21504000000000004,0.06226
2024-06-18 04:55:10.000,1397.0,0.0,0.0,0.36791999999999997,0.0,0.0,0.0,0.0,0.12452
2024-06-18 04:55:10.500,1397.5,0.0,0.015525,0.30835999999999997,0.0,0.0,0.0,0.0,0.06226
2024-06-18 04:55:11.000,1398.0,0.0,0.03105,0.2488,0.0,0.0,0.0,0.0,0.0
2024-06-18 04:55:11.500,1398.5,0.0,0.015525,0.1244,0.0,0.0,0.0,0.0,0.0
2024-06-18 04:55:12.000,1399.0,0.0,0.0,0.0,0.0,0.0,0.0,0.0,0.0
2024-06-18 04:55:12.500,1399.5,0.0,0.0,0.0,0.0,0.0,0.0,0.0,0.0
2024-06-18 04:55:13.000,1400.0,0.0,0.0,0.0,0.0,0.0,0.0,0.0,0.0
2024-06-18 04:55:13.500,1400.5,0.0,0.0,0.21924,0.0,0.0,0.0,0.0,0.0
2024-06-18 04:55:14.000,1401.0,0.0,0.0,0.43848,0.0,0.0,0.0,0.0,0.0
2024-06-18 04:55:14.500,1401.5,0.0,0.0,0.21924,0.0,0.0,0.25352,0.0,0.0
2024-06-18 04:55:15.000,1402.0,0.0,0.0,0.0,0.0,0.0,0.50704,0.0,0.0
2024-06-18 04:55:15.500,1402.5,0.0,0.0,0.18725999999999998,0.0,0.0,0.36216000000000004,0.0,0.0
2024-06-18 04:55:16.000,1403.0,0.0,0.0,0.37451999999999996,0.0,0.0,0.21728000000000003,0.0,0.0
2024-06-18 04:55:16.500,1403.5,0.0,0.0,0.18725999999999998,0.0,0.0,0.10864000000000001,0.0,0.0
2024-06-18 04:55:17.000,1404.0,0.0,0.0,0.0,0.0,0.0,0.0,0.0,0.0
2024-06-18 04:55:17.500,1404.5,0.0,0.0,0.0,0.0,0.0,0.0,0.0,0.0
2024-06-18 04:55:18.000,1405.0,0.0,0.0,0.0,0.0,0.0,0.0,0.0,0.0
2024-06-18 04:55:18.500,1405.5,0.0,0.0,0.06262000000000001,0.0,0.0,0.15645,0.0,0.0
2024-06-18 04:55:19.000,1406.0,0.0,0.0,0.12524000000000002,0.0,0.0,0.3129,0.0,0.0
2024-06-18 04:55:19.500,1406.5,0.0,0.0,0.06262000000000001,0.0,0.0,0.15645,0.0,0.0
2024-06-18 04:55:20.000,1407.0,0.0,0.0,0.0,0.0,0.0,0.0,0.0,0.0
2024-06-18 04:55:20.500,1407.5,0.0,0.0,0.31870000000000004,0.0,0.0,0.06272,0.0,0.0
2024-06-18 04:55:21.000,1408.0,0.0,0.0,0.6374000000000001,0.0,0.0,0.12544,0.0,0.0
2024-06-18 04:55:21.500,1408.5,0.0,0.0,0.49134500000000003,0.0,0.0,0.06272,0.0,0.0
2024-06-18 04:55:22.000,1409.0,0.0,0.0,0.34529,0.0,0.0,0.0,0.0,0.0
2024-06-18 04:55:22.500,1409.5,0.0,0.0,0.172645,0.0,0.0,0.0,0.0,0.0
2024-06-18 04:55:23.000,1410.0,0.0,0.0,0.0,0.0,0.0,0.0,0.0,0.0
2024-06-18 04:55:23.500,1410.5,0.0,0.0,0.10951500000000002,0.0,0.0,0.172205,0.0,0.0
2024-06-18 04:55:24.000,1411.0,0.0,0.0,0.21903000000000003,0.0,0.0,0.34441,0.0,0.0
2024-06-18 04:55:24.500,1411.5,0.0,0.0,0.17213500000000004,0.0,0.0,0.172205,0.0,0.0
2024-06-18 04:55:25.000,1412.0,0.0,0.0,0.12524000000000002,0.0,0.0,0.0,0.0,0.0
2024-06-18 04:55:25.500,1412.5,0.0,0.0,0.17217000000000002,0.0,0.0,0.3184,0.0,0.0
2024-06-18 04:55:26.000,1413.0,0.0,0.0,0.21910000000000002,0.0,0.0,0.6368,0.0,0.0
2024-06-18 04:55:26.500,1413.5,0.0,0.0,0.312545,0.0,0.0,0.44196,0.0,0.0
2024-06-18 04:55:27.000,1414.0,0.0,0.0,0.40599,0.0,0.0,0.24712,0.0,0.0
2024-06-18 04:55:27.500,1414.5,0.0,0.0,0.202995,0.0,0.0,0.12356,0.0,0.0
2024-06-18 04:55:28.000,1415.0,0.0,0.0,0.0,0.0,0.0,0.0,0.0,0.0
2024-06-18 04:55:28.500,1415.5,0.0,0.0,0.14067000000000002,0.0,0.0,0.03106,0.0,0.0
2024-06-18 04:55:29.000,1416.0,0.0,0.0,0.28134000000000003,0.0,0.0,0.06212,0.0,0.0
2024-06-18 04:55:29.500,1416.5,0.0,0.0,0.14067000000000002,0.0,0.0,0.03106,0.0,0.0
2024-06-18 04:55:30.000,1417.0,0.0,0.0,0.0,0.0,0.0,0.0,0.0,0.0
2024-06-18 04:55:30.500,1417.5,0.0,0.0,0.138375,0.0,0.0,0.0,0.0,0.0
2024-06-18 04:55:31.000,1418.0,0.0,0.0,0.27675,0.0,0.0,0.0,0.0,0.0
2024-06-18 04:55:31.500,1418.5,0.0,0.0,0.138375,0.0,0.0,0.141345,0.0,0.0
2024-06-18 04:55:32.000,1419.0,0.0,0.0,0.0,0.0,0.0,0.28269,0.0,0.0
2024-06-18 04:55:32.500,1419.5,0.0,0.0,0.15505000000000002,0.0,0.0,0.141345,0.0,0.0
2024-06-18 04:55:33.000,1420.0,0.0,0.0,0.31010000000000004,0.0,0.0,0.0,0.0,0.0
2024-06-18 04:55:33.500,1420.5,0.0,0.0,0.15505000000000002,0.0,0.0,0.17248,0.0,0.0
2024-06-18 04:55:34.000,1421.0,0.0,0.0,0.0,0.0,0.0,0.34496,0.0,0.0
2024-06-18 04:55:34.500,1421.5,0.0,0.0,0.0,0.0,0.0,0.43274999999999997,0.0,0.0
2024-06-18 04:55:35.000,1422.0,0.0,0.0,0.0,0.0,0.0,0.52054,0.0,0.0
2024-06-18 04:55:35.500,1422.5,0.0,0.0,0.29355,0.0,0.0,0.46294,0.06286,0.0
2024-06-18 04:55:36.000,1423.0,0.0,0.0,0.5871,0.0,0.0,0.40534,0.12572,0.0
2024-06-18 04:55:36.500,1423.5,0.0,0.0,0.35549,0.0,0.0,0.20267,0.06286,0.0
2024-06-18 04:55:37.000,1424.0,0.0,0.0,0.12388,0.0,0.0,0.0,0.0,0.0
2024-06-18 04:55:37.500,1424.5,0.0,0.0,0.38817500000000005,0.0,0.0,0.29592500000000005,0.0,0.0
2024-06-18 04:55:38.000,1425.0,0.0,0.0,0.6524700000000001,0.0,0.0,0.5918500000000001,0.0,0.0
2024-06-18 04:55:38.500,1425.5,0.015705,0.0,0.7770400000000002,0.0,0.0,0.40453000000000006,0.0,0.0
2024-06-18 04:55:39.000,1426.0,0.03141,0.0,0.9016100000000001,0.0,0.0,0.21721000000000001,0.0,0.0
2024-06-18 04:55:39.500,1426.5,0.015705,0.0,1.2428050000000002,0.0,0.0,0.10860500000000001,0.0,0.0
2024-06-18 04:55:40.000,1427.0,0.0,0.0,1.584,0.0,0.0,0.0,0.0,0.0
2024-06-18 04:55:40.500,1427.5,0.0,0.0,1.11582,0.0,0.0,0.1563,0.06274,0.0
2024-06-18 04:55:41.000,1428.0,0.0,0.0,0.6476400000000001,0.0,0.0,0.3126,0.12548,0.0
2024-06-18 04:55:41.500,1428.5,0.0,0.0,0.32382000000000005,0.0,0.0,0.1563,0.06274,0.0
2024-06-18 04:55:42.000,1429.0,0.0,0.0,0.0,0.0,0.0,0.0,0.0,0.0
2024-06-18 04:55:42.500,1429.5,0.0,0.0,0.03065,0.0,0.0,0.48964499999999994,0.0,0.0
2024-06-18 04:55:43.000,1430.0,0.0,0.0,0.0613,0.0,0.0,0.9792899999999999,0.0,0.0
2024-06-18 04:55:43.500,1430.5,0.0157,0.0,0.03065,0.0,0.0,0.48964499999999994,0.0,0.0
2024-06-18 04:55:44.000,1431.0,0.0314,0.0,0.0,0.0,0.0,0.0,0.0,0.0
2024-06-18 04:55:44.500,1431.5,0.0157,0.0,0.41688000000000003,0.0,0.0,0.20000500000000002,0.01541,0.0
2024-06-18 04:55:45.000,1432.0,0.0,0.0,0.8337600000000001,0.0,0.0,0.40001000000000003,0.03082,0.0
2024-06-18 04:55:45.500,1432.5,0.0,0.0,0.41688000000000003,0.0,0.0,0.20000500000000002,0.01541,0.0
2024-06-18 04:55:46.000,1433.0,0.0,0.0,0.0,0.0,0.0,0.0,0.0,0.0
2024-06-18 04:55:46.500,1433.5,0.0,0.0,0.0,0.0,0.0,0.42039,0.015619999999999998,0.0
2024-06-18 04:55:47.000,1434.0,0.0,0.0,0.0,0.0,0.0,0.84078,0.031239999999999997,0.0
2024-06-18 04:55:47.500,1434.5,0.0,0.0,0.0,0.0,0.0,0.6094499999999999,0.015619999999999998,0.0
2024-06-18 04:55:48.000,1435.0,0.0,0.0,0.0,0.0,0.0,0.37811999999999996,0.0,0.0
2024-06-18 04:55:48.500,1435.5,0.0,0.0,0.0,0.0,0.0,0.18905999999999998,0.0,0.0
2024-06-18 04:55:49.000,1436.0,0.0,0.0,0.0,0.0,0.0,0.0,0.0,0.0
2024-06-18 04:55:49.500,1436.5,0.0,0.0,0.1565,0.0,0.0,0.015434999999999999,0.0,0.0
2024-06-18 04:55:50.000,1437.0,0.0,0.0,0.313,0.0,0.0,0.030869999999999998,0.0,0.0
2024-06-18 04:55:50.500,1437.5,0.0,0.0,0.262375,0.030629999999999998,0.0,0.37867500000000004,0.0,0.0
2024-06-18 04:55:51.000,1438.0,0.0,0.0,0.21175000000000002,0.061259999999999995,0.0,0.72648,0.0,0.0
2024-06-18 04:55:51.500,1438.5,0.3068,0.0,0.7064750000000001,0.36678999999999995,0.0,0.43809,0.0,0.0
2024-06-18 04:55:52.000,1439.0,0.6136,0.0,1.2012,0.6723199999999999,0.0,0.1497,0.0,0.0
2024-06-18 04:55:52.500,1439.5,0.42744000000000004,0.0,0.8406,0.53038,0.0,0.07485,0.0,0.0
2024-06-18 04:55:53.000,1440.0,0.24128,0.0,0.48,0.38844000000000006,0.0,0.0,0.0,0.0
2024-06-18 04:55:53.500,1440.5,0.12064,0.0,0.43779500000000005,0.23917500000000003,0.0,0.36456,0.061579999999999996,0.0
2024-06-18 04:55:54.000,1441.0,0.0,0.0,0.39559000000000005,0.08990999999999999,0.0,0.72912,0.12315999999999999,0.0
2024-06-18 04:55:54.500,1441.5,0.09179999999999999,0.0,1.745295,0.981255,0.0,0.39466,0.061579999999999996,0.0
2024-06-18 04:55:55.000,1442.0,0.18359999999999999,0.0,3.0949999999999998,1.8725999999999998,0.0,0.0602,0.0,0.0
2024-06-18 04:55:55.500,1442.5,0.153,0.0,1.5474999999999999,0.9362999999999999,0.0,0.8897,0.0,0.03056
2024-06-18 04:55:56.000,1443.0,0.12240000000000001,0.0,0.0,0.0,0.0,1.7192,0.0,0.06112
2024-06-18 04:55:56.500,1443.5,0.21620000000000003,0.0,0.25823,0.18203999999999998,0.0,0.8596,0.0,0.03056
2024-06-18 04:55:57.000,1444.0,0.31000000000000005,0.0,0.51646,0.36407999999999996,0.0,0.0,0.0,0.0
2024-06-18 04:55:57.500,1444.5,0.27756000000000003,0.0,1.03598,0.5484,0.0,0.15125,0.0,0.0
2024-06-18 04:55:58.000,1445.0,0.24512,0.0,1.5554999999999999,0.7327199999999999,0.0,0.3025,0.0,0.0
2024-06-18 04:55:58.500,1445.5,0.12256,0.0,0.80743,0.36635999999999996,0.0,0.15125,0.0,0.0
2024-06-18 04:55:59.000,1446.0,0.0,0.0,0.05936,0.0,0.0,0.0,0.0,0.0
2024-06-18 04:55:59.500,1446.5,0.0,0.0,0.49318,0.5298900000000001,0.0,0.0,0.0,0.0
2024-06-18 04:56:00.000,1447.0,0.0,0.0,0.9269999999999999,1.0597800000000002,0.0,0.0,0.0,0.0
2024-06-18 04:56:00.500,1447.5,0.0,0.0,0.6367499999999999,0.5298900000000001,0.0,0.0,0.0,0.0
2024-06-18 04:56:01.000,1448.0,0.0,0.0,0.3465,0.0,0.0,0.0,0.0,0.0
2024-06-18 04:56:01.500,1448.5,0.0,0.0,0.17325,0.0,0.0,0.514965,0.0,0.015525
2024-06-18 04:56:02.000,1449.0,0.0,0.0,0.0,0.0,0.0,1.02993,0.0,0.03105
2024-06-18 04:56:02.500,1449.5,0.08931,0.0,0.11716000000000001,0.25007,0.0,1.7707549999999999,0.0,0.12035000000000001
2024-06-18 04:56:03.000,1450.0,0.17862,0.0,0.23432000000000003,0.50014,0.0,2.51158,0.0,0.20965000000000003
2024-06-18 04:56:03.500,1450.5,0.15053,0.0,0.39157,0.50898,0.0,1.332265,0.0,0.412925
2024-06-18 04:56:04.000,1451.0,0.12244000000000001,0.0,0.54882,0.5178200000000001,0.0,0.15295000000000003,0.0,0.6161999999999999
2024-06-18 04:56:04.500,1451.5,0.061220000000000004,0.13117499999999999,0.37626,0.25891000000000003,1.6419200000000003,0.328415,7.594350000000001,0.30809999999999993
2024-06-18 04:56:05.000,1452.0,0.0,0.26234999999999997,0.20370000000000002,0.0,3.2838400000000005,0.50388,15.188700000000003,0.0
2024-06-18 04:56:05.500,1452.5,0.525875,0.13117499999999999,0.10185000000000001,0.31951500000000005,1.6419200000000003,0.31342000000000003,7.594350000000001,0.0
2024-06-18 04:56:06.000,1453.0,1.05175,0.0,0.0,0.6390300000000001,0.0,0.12296,0.0,0.0
2024-06-18 04:56:06.500,1453.5,2.6089850000000006,0.0,0.36948,1.3403400000000003,0.0,0.06148,0.0,0.0
2024-06-18 04:56:07.000,1454.0,4.166220000000001,0.0,0.73896,2.04165,0.0,0.0,0.0,0.0
2024-06-18 04:56:07.500,1454.5,2.0831100000000005,0.0,0.36948,1.020825,0.0,0.0,0.3064,0.5533199999999999
2024-06-18 04:56:08.000,1455.0,0.0,0.0,0.0,0.0,0.0,0.0,0.6128,1.1066399999999998
2024-06-18 04:56:08.500,1455.5,0.0,0.21952000000000002,0.22008000000000003,0.0,0.01488,0.0,0.32163,0.5533199999999999
2024-06-18 04:56:09.000,1456.0,0.0,0.43904000000000004,0.44016000000000005,0.0,0.02976,0.0,0.030460000000000004,0.0
2024-06-18 04:56:09.500,1456.5,0.0,0.27862000000000003,0.46232000000000006,0.0,0.01488,0.0,5.08378,0.0
2024-06-18 04:56:10.000,1457.0,0.0,0.1182,0.48448,0.0,0.0,0.0,10.1371,0.0
2024-06-18 04:56:10.500,1457.5,0.0,0.0591,0.24224,0.0,0.042615,0.21074999999999997,12.082889999999999,0.9399
2024-06-18 04:56:11.000,1458.0,0.0,0.0,0.0,0.0,0.08523,0.42149999999999993,14.02868,1.8798
2024-06-18 04:56:11.500,1458.5,0.0,0.0,0.0,0.0,0.6518149999999999,0.45898999999999995,7.01434,2.7873599999999996
2024-06-18 04:56:12.000,1459.0,0.0,0.0,0.0,0.0,1.2183999999999997,0.49648,0.0,3.6949199999999998
2024-06-18 04:56:12.500,1459.5,0.0,0.0,6.9336,0.0,0.6091999999999999,9.151535,0.0,1.8474599999999999
2024-06-18 04:56:13.000,1460.0,0.0,0.0,13.8672,0.0,0.0,17.80659,0.0,0.0
2024-06-18 04:56:13.500,1460.5,0.0,0.0,7.59762,0.0,0.0,8.903295,0.0,0.0
2024-06-18 04:56:14.000,1461.0,0.0,0.0,1.3280399999999997,0.0,0.0,0.0,0.0,0.0
2024-06-18 04:56:14.500,1461.5,0.33714999999999995,0.0,0.6640199999999998,1.1472200000000001,0.0,0.5292100000000001,0.0,0.0
2024-06-18 04:56:15.000,1462.0,0.6742999999999999,0.0,0.0,2.2944400000000003,0.0,1.0584200000000001,0.0,0.0
2024-06-18 04:56:15.500,1462.5,0.33714999999999995,0.0,0.0,1.1472200000000001,0.0,0.5292100000000001,0.0,0.0
2024-06-18 04:56:16.000,1463.0,0.0,0.0,0.0,0.0,0.0,0.0,0.0,0.0
2024-06-18 04:56:16.500,1463.5,0.0,0.0,0.15575000000000003,0.0,0.0,0.15480000000000002,0.03152,0.0
2024-06-18 04:56:17.000,1464.0,0.0,0.0,0.31150000000000005,0.0,0.0,0.30960000000000004,0.06304,0.0
2024-06-18 04:56:17.500,1464.5,0.0,0.0,0.15575000000000003,0.0,0.0,0.15480000000000002,0.25426000000000004,0.0
2024-06-18 04:56:18.000,1465.0,0.0,0.0,0.0,0.0,0.0,0.0,0.44548000000000004,0.0
2024-06-18 04:56:18.500,1465.5,0.0,0.0,0.139005,0.0,0.015725,0.38925,0.22274000000000002,0.0
2024-06-18 04:56:19.000,1466.0,0.0,0.0,0.27801,0.0,0.03145,0.7785,0.0,0.0
2024-06-18 04:56:19.500,1466.5,0.0,0.0,0.139005,0.0,0.015725,0.59179,0.0,0.0
2024-06-18 04:56:20.000,1467.0,0.0,0.0,0.0,0.0,0.0,0.40508000000000005,0.0,0.0
2024-06-18 04:56:20.500,1467.5,0.0,0.0,0.0,0.0,0.0,0.20254000000000003,0.0,0.0
2024-06-18 04:56:21.000,1468.0,0.0,0.0,0.0,0.0,0.0,0.0,0.0,0.0
2024-06-18 04:56:21.500,1468.5,0.0,0.0,0.0,0.0,0.0,0.47129999999999994,0.015365,0.0
2024-06-18 04:56:22.000,1469.0,0.0,0.0,0.0,0.0,0.0,0.9425999999999999,0.03073,0.0
2024-06-18 04:56:22.500,1469.5,0.07655,0.0,0.0,0.03066,0.0,0.7124199999999999,0.61265,0.01514
2024-06-18 04:56:23.000,1470.0,0.1531,0.0,0.0,0.06132,0.0,0.48224000000000006,1.19457,0.03028
2024-06-18 04:56:23.500,1470.5,0.07655,0.0,0.077175,0.03066,0.0,0.5469200000000001,0.643635,0.01514
2024-06-18 04:56:24.000,1471.0,0.0,0.0,0.15435,0.0,0.0,0.6116,0.09269999999999999,0.0
2024-06-18 04:56:24.500,1471.5,0.0,0.0,0.213165,0.0,0.0,0.3058,0.061674999999999994,0.0
2024-06-18 04:56:25.000,1472.0,0.0,0.0,0.27198,0.0,0.0,0.0,0.03065,0.0
2024-06-18 04:56:25.500,1472.5,0.0,0.0,0.13599,0.0,0.0,0.4388999999999999,0.06268,0.0
2024-06-18 04:56:26.000,1473.0,0.0,0.0,0.0,0.0,0.0,0.8777999999999998,0.09471,0.0
2024-06-18 04:56:26.500,1473.5,0.0,0.0,0.50368,0.0,0.0,0.4388999999999999,0.047355,0.0
2024-06-18 04:56:27.000,1474.0,0.0,0.0,1.00736,0.0,0.0,0.0,0.0,0.0
2024-06-18 04:56:27.500,1474.5,0.0,0.0,0.58023,0.0,0.0,0.0,0.01525,0.0
2024-06-18 04:56:28.000,1475.0,0.0,0.0,0.1531,0.0,0.0,0.0,0.0305,0.0
2024-06-18 04:56:28.500,1475.5,0.0,0.0,0.16835,0.0,0.0,0.0,0.01525,0.0
2024-06-18 04:56:29.000,1476.0,0.0,0.0,0.18359999999999996,0.0,0.0,0.0,0.0,0.0
2024-06-18 04:56:29.500,1476.5,0.0,0.0,0.09179999999999998,0.0,0.0,0.28070999999999996,0.03072,0.0
2024-06-18 04:56:30.000,1477.0,0.0,0.0,0.0,0.0,0.0,0.5614199999999999,0.06144,0.0
2024-06-18 04:56:30.500,1477.5,0.0,0.0,0.0,0.0,0.0,0.28070999999999996,0.03072,0.0
2024-06-18 04:56:31.000,1478.0,0.0,0.0,0.0,0.0,0.0,0.0,0.0,0.0
2024-06-18 04:56:31.500,1478.5,0.0,0.0,0.264265,0.0,0.0,0.0,0.0,0.0
2024-06-18 04:56:32.000,1479.0,0.0,0.0,0.52853,0.0,0.0,0.0,0.0,0.0
2024-06-18 04:56:32.500,1479.5,0.0,0.0,0.264265,0.030229999999999996,0.0,0.6418550000000001,0.0,0.0
2024-06-18 04:56:33.000,1480.0,0.0,0.0,0.0,0.06045999999999999,0.0,1.2837100000000001,0.0,0.0
2024-06-18 04:56:33.500,1480.5,0.061399999999999996,0.0,0.061360000000000005,0.06072999999999999,0.0,0.6418550000000001,0.0,0.0
2024-06-18 04:56:34.000,1481.0,0.12279999999999999,0.0,0.12272000000000001,0.061,0.0,0.0,0.0,0.0
2024-06-18 04:56:34.500,1481.5,0.061399999999999996,0.0,1.04221,0.0305,0.0,1.8805500000000002,0.0,0.0
2024-06-18 04:56:35.000,1482.0,0.0,0.0,1.9617,0.0,0.0,3.7611000000000003,0.0,0.0
2024-06-18 04:56:35.500,1482.5,0.04536,0.0,2.312735,0.0,0.0,3.1462200000000005,0.0,0.0
2024-06-18 04:56:36.000,1483.0,0.09072,0.0,2.6637699999999995,0.0,0.0,2.53134,0.0,0.0
2024-06-18 04:56:36.500,1483.5,0.04536,0.0,1.3318849999999998,0.0,0.0,1.32789,0.0,0.0
2024-06-18 04:56:37.000,1484.0,0.0,0.0,0.0,0.0,0.0,0.12444,0.0,0.0
2024-06-18 04:56:37.500,1484.5,0.0,0.0,0.03114,0.0,0.0,0.06222,0.0,0.0
2024-06-18 04:56:38.000,1485.0,0.0,0.0,0.06228,0.0,0.0,0.0,0.0,0.0
2024-06-18 04:56:38.500,1485.5,0.0,0.0,0.03114,0.0,0.0,0.0,0.0,0.0
2024-06-18 04:56:39.000,1486.0,0.0,0.0,0.0,0.0,0.0,0.0,0.0,0.0
2024-06-18 04:56:39.500,1486.5,0.0,0.0,0.061200000000000004,0.030750000000000003,0.0,0.0,0.0,0.0
2024-06-18 04:56:40.000,1487.0,0.0,0.0,0.12240000000000001,0.061500000000000006,0.0,0.0,0.0,0.0
2024-06-18 04:56:40.500,1487.5,0.0,0.0,0.15309,0.030750000000000003,0.0,0.39936000000000005,0.0,0.0
2024-06-18 04:56:41.000,1488.0,0.0,0.0,0.18377999999999997,0.0,0.0,0.7987200000000001,0.0,0.0
2024-06-18 04:56:41.500,1488.5,0.0,0.0,0.16801499999999997,0.0,0.0,0.39936000000000005,0.0,0.0
2024-06-18 04:56:42.000,1489.0,0.0,0.0,0.15225,0.0,0.0,0.0,0.0,0.0
2024-06-18 04:56:42.500,1489.5,0.0,0.0,0.076125,0.0,0.0,0.0,0.0,0.0
2024-06-18 04:56:43.000,1490.0,0.0,0.0,0.0,0.0,0.0,0.0,0.0,0.0
2024-06-18 04:56:43.500,1490.5,0.0,0.0,0.0,0.0,0.0,0.0,0.0,0.0
2024-06-18 04:56:44.000,1491.0,0.0,0.0,0.0,0.0,0.0,0.0,0.0,0.0
2024-06-18 04:56:44.500,1491.5,0.0,0.046544999999999996,0.030920000000000003,0.0,0.0,0.0,0.0,0.0
2024-06-18 04:56:45.000,1492.0,0.0,0.09308999999999999,0.061840000000000006,0.0,0.0,0.0,0.0,0.0
2024-06-18 04:56:45.500,1492.5,0.0,0.046544999999999996,0.030920000000000003,0.0,0.0,0.0,0.0,0.0
2024-06-18 04:56:46.000,1493.0,0.0,0.0,0.0,0.0,0.0,0.0,0.0,0.0
2024-06-18 04:56:46.500,1493.5,0.0,0.0,0.0,0.0,0.0,0.015645,0.0,0.0
2024-06-18 04:56:47.000,1494.0,0.0,0.0,0.0,0.0,0.0,0.03129,0.0,0.0
2024-06-18 04:56:47.500,1494.5,0.0,0.0,0.7635,0.0,0.0,0.645855,0.0,0.0
2024-06-18 04:56:48.000,1495.0,0.0,0.0,1.527,0.0,0.0,1.2604199999999999,0.0,0.0
2024-06-18 04:56:48.500,1495.5,0.0,0.0,1.5219,0.0,0.0,0.6302099999999999,0.0,0.0
2024-06-18 04:56:49.000,1496.0,0.0,0.0,1.5168,0.0,0.0,0.0,0.0,0.0
2024-06-18 04:56:49.500,1496.5,1.0507,0.0,0.7584,1.0367250000000001,0.0,0.015365,0.0,0.0
2024-06-18 04:56:50.000,1497.0,2.1014,0.0,0.0,2.0734500000000002,0.0,0.03073,0.0,0.0
2024-06-18 04:56:50.500,1497.5,3.45466,0.0,0.24560000000000004,1.4553600000000002,0.0,0.28896499999999997,0.0,0.0
2024-06-18 04:56:51.000,1498.0,4.80792,0.0,0.4912000000000001,0.8372700000000001,0.0,0.5472,0.0,0.0
2024-06-18 04:56:51.500,1498.5,2.40396,0.0,0.44619000000000003,0.41863500000000003,0.0,0.2736,0.0,0.0
2024-06-18 04:56:52.000,1499.0,0.0,0.0,0.40118,0.0,0.0,0.0,0.0,0.0
2024-06-18 04:56:52.500,1499.5,0.0,0.0,0.20059,0.0,0.0,0.06230000000000001,0.0,0.0
2024-06-18 04:56:53.000,1500.0,0.0,0.0,0.0,0.0,0.0,0.12460000000000002,0.0,0.0
2024-06-18 04:56:53.500,1500.5,0.0,0.0,0.5392399999999999,0.0,0.0,0.06230000000000001,0.0,0.0
2024-06-18 04:56:54.000,1501.0,0.0,0.0,1.0784799999999999,0.0,0.0,0.0,0.0,0.0
2024-06-18 04:56:54.500,1501.5,0.0,0.0,0.7258399999999999,0.015925,0.0,0.0,0.0,0.0
2024-06-18 04:56:55.000,1502.0,0.0,0.0,0.3732,0.03185,0.0,0.0,0.0,0.0
2024-06-18 04:56:55.500,1502.5,0.0,0.0,0.1866,0.015925,0.0,0.29811,0.047325,0.0
2024-06-18 04:56:56.000,1503.0,0.0,0.0,0.0,0.0,0.0,0.59622,0.09465,0.0
2024-06-18 04:56:56.500,1503.5,0.0,0.0,0.0,0.04527,0.0,0.42223,0.047325,0.0
2024-06-18 04:56:57.000,1504.0,0.0,0.0,0.0,0.09054,0.0,0.24824,0.0,0.0
2024-06-18 04:56:57.500,1504.5,0.0,0.0,0.0,1.3254300000000003,0.0,0.15448,0.0,0.0
2024-06-18 04:56:58.000,1505.0,0.0,0.0,0.0,2.5603200000000004,0.0,0.06072,0.0,0.0
2024-06-18 04:56:58.500,1505.5,0.21672000000000002,0.0,0.060540000000000004,2.43651,0.0,0.03036,0.0,0.0
2024-06-18 04:56:59.000,1506.0,0.43344000000000005,0.0,0.12108000000000001,2.3127,0.0,0.0,0.0,0.0
2024-06-18 04:56:59.500,1506.5,0.38710999999999995,0.0,0.38467500000000004,1.15635,0.0,0.12399999999999999,0.0,0.0
2024-06-18 04:57:00.000,1507.0,0.3407799999999999,0.0,0.64827,0.0,0.0,0.24799999999999997,0.0,0.0
2024-06-18 04:57:00.500,1507.5,1.8148900000000001,0.0,0.566455,2.036395,0.0,0.541285,0.015110000000000002,0.0
2024-06-18 04:57:01.000,1508.0,3.2890000000000006,0.0,0.48464,4.07279,0.0,0.8345700000000001,0.030220000000000004,0.0
2024-06-18 04:57:01.500,1508.5,2.2883600000000004,0.0,0.4273,2.222335,0.0,0.6004050000000001,0.06107,0.0
2024-06-18 04:57:02.000,1509.0,1.28772,0.0,0.36996,0.37188,0.0,0.36624,0.09192,0.0
2024-06-18 04:57:02.500,1509.5,1.2405599999999999,0.0,0.18498,1.11532,0.0,0.2445,0.21514,0.0
2024-06-18 04:57:03.000,1510.0,1.1934,0.0,0.0,1.8587600000000002,0.0,0.12276,0.33836,0.0
2024-06-18 04:57:03.500,1510.5,1.1982400000000002,0.0,0.0,0.9293800000000001,0.0,0.06138,0.16918,0.0
2024-06-18 04:57:04.000,1511.0,1.2030800000000001,0.0,0.0,0.0,0.0,0.0,0.0,0.0
2024-06-18 04:57:04.500,1511.5,0.8073950000000001,0.0,0.0,0.0,0.0,0.0,0.0,0.0
2024-06-18 04:57:05.000,1512.0,0.41170999999999996,0.0,0.0,0.0,0.0,0.0,0.0,0.0
2024-06-18 04:57:05.500,1512.5,0.20585499999999998,0.0,0.06146,0.136935,0.0,0.0,0.0,0.0
2024-06-18 04:57:06.000,1513.0,0.0,0.0,0.12292,0.27387,0.0,0.0,0.0,0.0
2024-06-18 04:57:06.500,1513.5,0.0,0.0,0.06146,0.136935,0.0,0.0,0.0,0.0
2024-06-18 04:57:07.000,1514.0,0.0,0.0,0.0,0.0,0.0,0.0,0.0,0.0
2024-06-18 04:57:07.500,1514.5,0.0,0.0,0.12728,0.0,0.0,0.0,0.0,0.0
2024-06-18 04:57:08.000,1515.0,0.0,0.0,0.25456,0.0,0.0,0.0,0.0,0.0
2024-06-18 04:57:08.500,1515.5,0.0,0.0,0.12728,0.0,0.0,0.0,0.0,0.0
2024-06-18 04:57:09.000,1516.0,0.0,0.0,0.0,0.0,0.0,0.0,0.0,0.0
2024-06-18 04:57:09.500,1516.5,0.0,0.0,0.046575,0.0,0.0,0.047069999999999994,0.0,0.0
2024-06-18 04:57:10.000,1517.0,0.0,0.0,0.09315,0.0,0.0,0.09413999999999999,0.0,0.0
2024-06-18 04:57:10.500,1517.5,0.0,0.0,0.41413500000000003,0.0,0.0,0.13871999999999998,0.3516699999999999,0.06212
2024-06-18 04:57:11.000,1518.0,0.0,0.0,0.73512,0.0,0.0,0.18329999999999996,0.7033399999999999,0.12424
2024-06-18 04:57:11.500,1518.5,2.1532600000000004,0.0,0.41139,4.888700000000001,0.0,0.162325,0.44882999999999995,0.37061
2024-06-18 04:57:12.000,1519.0,4.306520000000001,0.0,0.08765999999999999,9.777400000000002,0.0,0.14135,0.19432,0.61698
2024-06-18 04:57:12.500,1519.5,3.8894700000000006,0.0,0.45067,11.4832,0.0,0.100325,0.09716,0.30849
2024-06-18 04:57:13.000,1520.0,3.4724200000000005,0.0,0.81368,13.189,0.0,0.0593,0.0,0.0
2024-06-18 04:57:13.500,1520.5,1.7362100000000003,0.0,1.19834,6.7796,0.0,0.02965,0.0,0.0
2024-06-18 04:57:14.000,1521.0,0.0,0.0,1.583,0.3702,0.0,0.0,0.0,0.0
2024-06-18 04:57:14.500,1521.5,0.15415,0.0,0.7915,0.320415,0.0,0.58311,0.0,0.0
2024-06-18 04:57:15.000,1522.0,0.3083,0.0,0.0,0.27063,0.0,1.16622,0.0,0.0
2024-06-18 04:57:15.500,1522.5,0.24625000000000002,0.10951500000000002,0.27504,0.135315,0.0,0.58311,0.0,0.0
2024-06-18 04:57:16.000,1523.0,0.1842,0.21903000000000003,0.55008,0.0,0.0,0.0,0.0,0.0
2024-06-18 04:57:16.500,1523.5,0.21777999999999997,0.10951500000000002,0.27504,0.0,0.0,0.0,0.0,0.0
2024-06-18 04:57:17.000,1524.0,0.25136,0.0,0.0,0.0,0.0,0.0,0.0,0.0
2024-06-18 04:57:17.500,1524.5,0.12568,0.0,0.0,0.10531500000000002,0.0,0.030469999999999997,0.0,0.0
2024-06-18 04:57:18.000,1525.0,0.0,0.0,0.0,0.21063000000000004,0.0,0.060939999999999994,0.0,0.0
2024-06-18 04:57:18.500,1525.5,0.0,0.0,0.0,0.10531500000000002,0.0,0.06129,0.0,0.0
2024-06-18 04:57:19.000,1526.0,0.0,0.0,0.0,0.0,0.0,0.06164,0.0,0.0
2024-06-18 04:57:19.500,1526.5,0.0,0.0,0.0,0.0,0.0,0.09154000000000001,0.0,0.0
2024-06-18 04:57:20.000,1527.0,0.0,0.0,0.0,0.0,0.0,0.12144,0.0,0.0
2024-06-18 04:57:20.500,1527.5,0.0,0.0,0.0,0.0,0.0,0.24563999999999997,0.075925,0.0
2024-06-18 04:57:21.000,1528.0,0.0,0.0,0.0,0.0,0.0,0.36983999999999995,0.15185,0.0
2024-06-18 04:57:21.500,1528.5,0.0,0.0,0.0,0.12168,0.0,0.5233899999999999,0.075925,0.0
2024-06-18 04:57:22.000,1529.0,0.0,0.0,0.0,0.24336,0.0,0.6769399999999999,0.0,0.0
2024-06-18 04:57:22.500,1529.5,0.0,0.0,0.0,0.6922200000000001,0.0,0.33846999999999994,0.0,0.0
2024-06-18 04:57:23.000,1530.0,0.0,0.0,0.0,1.14108,0.0,0.0,0.0,0.0
2024-06-18 04:57:23.500,1530.5,0.0,0.0,0.0,1.00692,0.0,0.58254,0.0,0.0
2024-06-18 04:57:24.000,1531.0,0.0,0.0,0.0,0.8727600000000001,0.0,1.16508,0.0,0.0
2024-06-18 04:57:24.500,1531.5,1.823475,0.0,0.05748,3.131985,0.0,0.93306,0.0,0.0
2024-06-18 04:57:25.000,1532.0,3.64695,0.0,0.11496,5.39121,0.0,0.70104,0.0,0.0
2024-06-18 04:57:25.500,1532.5,2.0725949999999997,0.0,0.05748,4.314515,0.0,0.35052,0.0,0.0
2024-06-18 04:57:26.000,1533.0,0.49824,0.0,0.0,3.23782,0.0,0.0,0.0,0.0
2024-06-18 04:57:26.500,1533.5,1.1353,0.0,0.6211500000000001,1.97987,0.0,0.0,0.0,0.0
2024-06-18 04:57:27.000,1534.0,1.77236,0.0,1.2423000000000002,0.72192,0.0,0.0,0.0,0.0
2024-06-18 04:57:27.500,1534.5,2.80198,0.0,0.6211500000000001,0.6354599999999999,0.0,0.0,0.12392,0.0
2024-06-18 04:57:28.000,1535.0,3.8316,0.0,0.0,0.5489999999999999,0.0,0.0,0.24784,0.0
2024-06-18 04:57:28.500,1535.5,2.5198,0.0,0.0,0.7935099999999999,0.0,0.0,0.15385,0.0
2024-06-18 04:57:29.000,1536.0,1.2080000000000002,0.0,0.0,1.03802,0.0,0.0,0.05986,0.0
2024-06-18 04:57:29.500,1536.5,1.85081,0.0,0.3665999999999999,1.34656,0.0,0.0,0.02993,0.0
2024-06-18 04:57:30.000,1537.0,2.49362,0.0,0.7331999999999999,1.6551,0.0,0.0,0.0,0.0
2024-06-18 04:57:30.500,1537.5,1.61293,0.0,1.0382599999999997,0.87279,0.0,0.259675,0.0,0.0
2024-06-18 04:57:31.000,1538.0,0.73224,0.0,1.3433199999999998,0.09047999999999999,0.0,0.51935,0.0,0.0
2024-06-18 04:57:31.500,1538.5,1.7755349999999999,0.0,0.6716599999999999,0.18015000000000003,0.0,0.259675,0.0,0.0
2024-06-18 04:57:32.000,1539.0,2.8188299999999997,0.0,0.0,0.26982000000000006,0.0,0.0,0.0,0.0
2024-06-18 04:57:32.500,1539.5,1.9862549999999999,0.0,0.35927999999999993,0.676185,0.0,0.0,0.18185999999999997,0.0
2024-06-18 04:57:33.000,1540.0,1.1536799999999998,0.0,0.7185599999999999,1.0825500000000001,0.0,0.0,0.36371999999999993,0.0
2024-06-18 04:57:33.500,1540.5,0.5768399999999999,0.0,0.501165,0.5412750000000001,0.0,0.0,0.18185999999999997,0.0
2024-06-18 04:57:34.000,1541.0,0.0,0.0,0.28377,0.0,0.0,0.0,0.0,0.0
2024-06-18 04:57:34.500,1541.5,0.3044,0.0,0.321765,2.1382649999999996,0.0,0.0,0.045525,0.0
2024-06-18 04:57:35.000,1542.0,0.6088,0.0,0.35976,4.276529999999999,0.0,0.0,0.09105,0.0
2024-06-18 04:57:35.500,1542.5,1.12304,0.0,0.17988,4.869174999999999,0.0,0.22552499999999998,0.090825,0.0
2024-06-18 04:57:36.000,1543.0,1.63728,0.0,0.0,5.4618199999999995,0.0,0.45104999999999995,0.0906,0.0
2024-06-18 04:57:36.500,1543.5,0.81864,0.0,0.0,2.7309099999999997,0.0,0.22552499999999998,0.0453,0.0
2024-06-18 04:57:37.000,1544.0,0.0,0.0,0.0,0.0,0.0,0.0,0.0,0.0
2024-06-18 04:57:37.500,1544.5,0.39169,0.0,0.72024,2.210175,0.0,0.0,0.0,0.0
2024-06-18 04:57:38.000,1545.0,0.78338,0.0,1.44048,4.42035,0.0,0.0,0.0,0.0
2024-06-18 04:57:38.500,1545.5,1.06039,0.09077999999999999,1.07964,4.399695,0.0,0.0,0.0,0.0
2024-06-18 04:57:39.000,1546.0,1.3374,0.18155999999999997,0.7188,4.379040000000001,0.0,0.0,0.0,0.0
2024-06-18 04:57:39.500,1546.5,0.6833049999999999,0.09077999999999999,0.3594,5.568480000000001,0.0,0.0,0.014775,0.0
2024-06-18 04:57:40.000,1547.0,0.029210000000000003,0.0,0.0,6.75792,0.0,0.0,0.02955,0.0
2024-06-18 04:57:40.500,1547.5,0.39023,0.0,0.13734000000000002,5.901480000000001,0.0,0.0,0.014775,0.0
2024-06-18 04:57:41.000,1548.0,0.75125,0.0,0.27468000000000004,5.045040000000001,0.0,0.0,0.0,0.0
2024-06-18 04:57:41.500,1548.5,1.000795,0.0,0.13734000000000002,3.9797800000000008,0.0,0.31626000000000004,0.09077999999999999,0.0
2024-06-18 04:57:42.000,1549.0,1.2503400000000002,0.0,0.0,2.91452,0.0,0.6325200000000001,0.18155999999999997,0.0
2024-06-18 04:57:42.500,1549.5,0.8338400000000001,0.0,0.525525,3.47731,0.0,0.964485,0.09077999999999999,0.0
2024-06-18 04:57:43.000,1550.0,0.41733999999999993,0.0,1.05105,4.040100000000001,0.0,1.2964499999999999,0.0,0.0
2024-06-18 04:57:43.500,1550.5,1.0124150000000003,0.0,0.525525,4.24728,0.0,1.2203149999999998,0.0,0.0
2024-06-18 04:57:44.000,1551.0,1.6074900000000003,0.0,0.0,4.45446,0.0,1.14418,0.0,0.0
2024-06-18 04:57:44.500,1551.5,5.935905,0.0,2.9087050000000008,3.7078550000000003,0.0,0.57209,0.044295,0.0
2024-06-18 04:57:45.000,1552.0,10.26432,0.0,5.8174100000000015,2.96125,0.0,0.0,0.08859,0.0
2024-06-18 04:57:45.500,1552.5,11.537015,0.0,3.196405000000001,7.712,0.0,0.22896000000000002,0.044295,0.0
2024-06-18 04:57:46.000,1553.0,12.80971,0.0,0.5754,12.46275,0.0,0.45792000000000005,0.0,0.0
2024-06-18 04:57:46.500,1553.5,8.854510000000001,0.0,1.56574,7.19175,0.0,0.52196,0.0,0.0
2024-06-18 04:57:47.000,1554.0,4.89931,0.0,2.5560799999999997,1.9207500000000002,0.0,0.586,0.0,0.0
2024-06-18 04:57:47.500,1554.5,5.761895,0.0,1.9376799999999998,5.299455,0.0,0.293,0.0,0.0
2024-06-18 04:57:48.000,1555.0,6.62448,0.0,1.3192799999999998,8.67816,0.0,0.0,0.0,0.0
2024-06-18 04:57:48.500,1555.5,6.150460000000001,0.0,0.6596399999999999,7.326945,0.0,0.0,0.0876,0.0
2024-06-18 04:57:49.000,1556.0,5.67644,0.0,0.0,5.97573,0.0,0.0,0.1752,0.0
2024-06-18 04:57:49.500,1556.5,4.257750000000001,0.0,1.84192,7.695945,0.0,0.0,0.490035,0.0
2024-06-18 04:57:50.000,1557.0,2.8390600000000004,0.0,3.68384,9.41616,0.0,0.0,0.80487,0.0
2024-06-18 04:57:50.500,1557.5,7.264520000000001,0.0,2.3111800000000002,7.5831599999999995,0.0,0.25623,0.402435,0.0
2024-06-18 04:57:51.000,1558.0,11.689980000000002,0.0,0.9385200000000001,5.75016,0.0,0.51246,0.0,0.0
2024-06-18 04:57:51.500,1558.5,11.552640000000002,0.0,1.0048350000000001,7.391115000000001,0.0,0.48855000000000004,0.0,0.0
2024-06-18 04:57:52.000,1559.0,11.415300000000002,0.0,1.07115,9.032070000000003,0.0,0.46464,0.0,0.0
2024-06-18 04:57:52.500,1559.5,12.844425,0.0,0.535575,8.172365000000001,0.0,0.23232,0.0,0.0
2024-06-18 04:57:53.000,1560.0,14.273549999999997,0.0,0.0,7.31266,0.0,0.0,0.0,0.0
2024-06-18 04:57:53.500,1560.5,11.021564999999999,0.0,0.523425,7.57034,0.0,0.045015000000000006,0.0,0.0
2024-06-18 04:57:54.000,1561.0,7.769580000000001,0.0,1.04685,7.82802,0.0,0.09003000000000001,0.0,0.0
2024-06-18 04:57:54.500,1561.5,4.891870000000001,0.0,0.746775,3.91401,0.09192,0.491325,0.0,0.0
2024-06-18 04:57:55.000,1562.0,2.01416,0.0,0.44669999999999993,0.0,0.18384,0.8926200000000001,0.0,0.0
2024-06-18 04:57:55.500,1562.5,4.068379999999999,0.886635,0.5706,9.003449999999999,0.10594,0.44631000000000004,0.0,0.0
2024-06-18 04:57:56.000,1563.0,6.1226,1.77327,0.6945,18.006899999999998,0.028040000000000002,0.0,0.0,0.0
2024-06-18 04:57:56.500,1563.5,6.708740000000001,5.124715,0.80659,17.301629999999996,0.04204,0.0,0.5519999999999999,0.0
2024-06-18 04:57:57.000,1564.0,7.29488,8.47616,0.91868,16.596359999999997,0.05604,0.0,1.1039999999999999,0.0
2024-06-18 04:57:57.500,1564.5,6.4901800000000005,4.876405,0.47313000000000005,19.174744999999998,0.04256,0.0,1.11862,0.0
2024-06-18 04:57:58.000,1565.0,5.68548,1.2766499999999998,0.02758,21.75313,0.029079999999999998,0.0,1.13324,0.0
2024-06-18 04:57:58.500,1565.5,2.84274,0.6383249999999999,0.01379,10.876565,0.014539999999999999,0.24504,0.56662,0.0
2024-06-18 04:57:59.000,1566.0,0.0,0.0,0.0,0.0,0.0,0.49008,0.0,0.0
2024-06-18 04:57:59.500,1566.5,0.5311800000000001,0.0,0.131445,1.4925000000000002,0.0,0.24504,0.0,0.0
2024-06-18 04:58:00.000,1567.0,1.0623600000000002,0.0,0.26289,2.9850000000000003,0.0,0.0,0.0,0.0
2024-06-18 04:58:00.500,1567.5,1.5870600000000001,0.0,0.190025,5.421125,0.0,0.0,0.2923,0.0
2024-06-18 04:58:01.000,1568.0,2.1117600000000003,0.0,0.11716000000000001,7.8572500000000005,0.0,0.0,0.5846,0.0
2024-06-18 04:58:01.500,1568.5,1.2318000000000002,0.0,0.131505,8.66103,0.0,0.0,0.44205000000000005,0.0
2024-06-18 04:58:02.000,1569.0,0.35184000000000004,0.0,0.14585,9.46481,0.0,0.0,0.29950000000000004,0.0
2024-06-18 04:58:02.500,1569.5,3.05391,0.0,0.072925,8.377765,0.0,0.0,0.14975000000000002,0.0
2024-06-18 04:58:03.000,1570.0,5.75598,0.0,0.0,7.29072,0.0,0.0,0.0,0.0
2024-06-18 04:58:03.500,1570.5,3.12636,0.2384,0.17400000000000002,7.69216,0.0,0.14795,0.0,0.0
2024-06-18 04:58:04.000,1571.0,0.49673999999999996,0.4768,0.34800000000000003,8.0936,0.0,0.2959,0.0,0.0
2024-06-18 04:58:04.500,1571.5,0.42543,0.2384,2.78259,4.40164,0.0,2.190555,0.0,0.0
2024-06-18 04:58:05.000,1572.0,0.35411999999999993,0.0,5.21718,0.70968,0.0,4.08521,0.0,0.0
2024-06-18 04:58:05.500,1572.5,0.6596199999999999,0.0,3.64319,0.9157200000000001,0.0,2.6906049999999997,0.0,0.12152000000000002
2024-06-18 04:58:06.000,1573.0,0.96512,0.0,2.0692000000000004,1.12176,0.0,1.2959999999999998,0.0,0.24304000000000003
2024-06-18 04:58:06.500,1573.5,2.5881600000000002,0.0,2.6829600000000005,2.5395600000000003,0.0,1.9151999999999998,0.0,0.12152000000000002
2024-06-18 04:58:07.000,1574.0,4.211200000000001,0.0,3.2967200000000005,3.9573600000000004,0.0,2.5343999999999998,0.0,0.0
2024-06-18 04:58:07.500,1574.5,6.6891099999999994,0.0,2.5984300000000005,4.62087,0.0,1.73328,0.0,0.0
2024-06-18 04:58:08.000,1575.0,9.167019999999999,0.0,1.9001400000000002,5.284379999999999,0.0,0.9321600000000001,0.0,0.0
2024-06-18 04:58:08.500,1575.5,5.053385,0.0,10.208495000000001,3.4885649999999995,0.0,4.775729999999999,0.0,0.0
2024-06-18 04:58:09.000,1576.0,0.9397500000000001,0.0,18.51685,1.6927500000000002,0.0,8.619299999999999,0.0,0.0
2024-06-18 04:58:09.500,1576.5,4.791225000000002,0.0,9.539825,7.031225000000001,0.0,4.3096499999999995,0.029050000000000003,0.0
2024-06-18 04:58:10.000,1577.0,8.642700000000003,0.0,0.5628000000000001,12.369700000000002,0.0,0.0,0.058100000000000006,0.0
2024-06-18 04:58:10.500,1577.5,4.321350000000002,0.0,0.8962000000000001,6.184850000000001,0.0,0.0,0.029050000000000003,0.0
2024-06-18 04:58:11.000,1578.0,0.0,0.0,1.2296,0.0,0.0,0.0,0.0,0.0
2024-06-18 04:58:11.500,1578.5,0.0,0.0,1.7144400000000002,0.0,0.0,0.28281500000000004,0.0,0.0
2024-06-18 04:58:12.000,1579.0,0.0,0.0,2.1992800000000003,0.0,0.0,0.5656300000000001,0.0,0.0
2024-06-18 04:58:12.500,1579.5,0.0,0.0,1.0996400000000002,0.0,0.0,0.28281500000000004,0.0,0.0
2024-06-18 04:58:13.000,1580.0,0.0,0.0,0.0,0.0,0.0,0.0,0.0,0.0
2024-06-18 04:58:13.500,1580.5,0.0,0.0,0.0,0.0,0.0,0.0,0.0,0.0
2024-06-18 04:58:14.000,1581.0,0.0,0.0,0.0,0.0,0.0,0.0,0.0,0.0
2024-06-18 04:58:14.500,1581.5,0.10563,0.09177,0.16290999999999997,0.0,0.0,0.0,0.0,0.0
2024-06-18 04:58:15.000,1582.0,0.21126,0.18354,0.32581999999999994,0.0,0.0,0.0,0.0,0.0
2024-06-18 04:58:15.500,1582.5,0.386355,0.09177,0.35388,0.0,0.0,0.0,0.0,0.0
2024-06-18 04:58:16.000,1583.0,0.56145,0.0,0.38194000000000006,0.0,0.0,0.0,0.0,0.0
2024-06-18 04:58:16.500,1583.5,0.280725,0.7116199999999999,0.42169,0.0,0.0,0.0,0.0,0.0
2024-06-18 04:58:17.000,1584.0,0.0,1.4232399999999998,0.46144,0.0,0.0,0.0,0.0,0.0
2024-06-18 04:58:17.500,1584.5,0.14965,0.77328,0.7735099999999999,0.0,0.0,0.0,0.0,0.0
2024-06-18 04:58:18.000,1585.0,0.2993,0.12332000000000001,1.08558,0.0,0.0,0.0,0.0,0.0
2024-06-18 04:58:18.500,1585.5,0.14965,0.061660000000000006,0.8004249999999999,0.014775,0.0,0.8596000000000001,0.0,0.0
2024-06-18 04:58:19.000,1586.0,0.0,0.0,0.51527,0.02955,0.0,1.7192000000000003,0.0,0.0
2024-06-18 04:58:19.500,1586.5,0.0,0.0,0.69742,0.045294999999999995,0.0,1.7049500000000002,0.0,0.0
2024-06-18 04:58:20.000,1587.0,0.0,0.0,0.8795700000000001,0.06103999999999999,0.0,1.6907,0.0,0.0
2024-06-18 04:58:20.500,1587.5,0.0,0.13774499999999998,0.808425,0.030519999999999995,0.0,1.36793,0.0,0.0
2024-06-18 04:58:21.000,1588.0,0.0,0.27548999999999996,0.7372799999999999,0.0,0.0,1.04516,0.0,0.0
2024-06-18 04:58:21.500,1588.5,0.0,1.7855450000000002,0.36863999999999997,0.0,0.43920500000000007,0.52258,0.928305,0.045165
2024-06-18 04:58:22.000,1589.0,0.0,3.2956000000000003,0.0,0.0,0.8784100000000001,0.0,1.85661,0.09033
2024-06-18 04:58:22.500,1589.5,0.0,3.4747500000000002,0.0,0.0,1.4881550000000001,0.0,3.570945,0.35124
2024-06-18 04:58:23.000,1590.0,0.0,3.6539,0.0,0.0,2.0979,0.0,5.285279999999999,0.6121500000000001
2024-06-18 04:58:23.500,1590.5,0.0,1.82695,0.0,0.35172,1.04895,0.35016,9.911465,0.30607500000000004
2024-06-18 04:58:24.000,1591.0,0.0,0.0,0.0,0.70344,0.0,0.70032,14.537650000000001,0.0
2024-06-18 04:58:24.500,1591.5,0.0,1.26498,0.48576,0.35172,0.5413100000000001,0.64936,7.617305000000001,0.08597999999999999
2024-06-18 04:58:25.000,1592.0,0.0,2.52996,0.97152,0.0,1.0826200000000001,0.5984,0.6969599999999999,0.17195999999999997
2024-06-18 04:58:25.500,1592.5,0.0,3.69356,0.48576,0.0,1.6366850000000004,0.2992,1.2138399999999998,1.0947600000000002
2024-06-18 04:58:26.000,1593.0,0.0,4.85716,0.0,0.0,2.1907500000000004,0.0,1.7307199999999998,2.0175600000000005
2024-06-18 04:58:26.500,1593.5,0.0,3.858455,0.0,0.0,1.0953750000000002,0.08628,1.7052,1.0087800000000002
2024-06-18 04:58:27.000,1594.0,0.0,2.85975,0.0,0.0,0.0,0.17256,1.67968,0.0
2024-06-18 04:58:27.500,1594.5,0.0,1.429875,0.3795,0.0,0.0,0.27059999999999995,1.4524400000000002,0.0
2024-06-18 04:58:28.000,1595.0,0.0,0.0,0.759,0.0,0.0,0.36863999999999997,1.2252,0.0
2024-06-18 04:58:28.500,1595.5,0.0,0.0,0.3795,0.33923999999999993,0.0,0.319365,0.6126,0.0
2024-06-18 04:58:29.000,1596.0,0.0,0.0,0.0,0.6784799999999999,0.0,0.27009,0.0,0.0
2024-06-18 04:58:29.500,1596.5,0.0,0.0,0.0,0.5817999999999999,0.0,0.891605,0.0,0.0
2024-06-18 04:58:30.000,1597.0,0.0,0.0,0.0,0.48512,0.0,1.51312,0.0,0.0
2024-06-18 04:58:30.500,1597.5,0.0,0.0,0.34695499999999996,0.5229999999999999,0.0,1.01207,0.0,0.0
2024-06-18 04:58:31.000,1598.0,0.0,0.0,0.6939099999999999,0.5608799999999999,0.0,0.51102,0.0,0.0
2024-06-18 04:58:31.500,1598.5,0.0,0.0,0.757625,0.52428,0.0,0.31455,0.061360000000000005,0.0
2024-06-18 04:58:32.000,1599.0,0.0,0.0,0.82134,0.48768,0.0,0.11808,0.12272000000000001,0.0
2024-06-18 04:58:32.500,1599.5,4.657189999999999,0.0,0.41067,2.26344,0.0,0.05904,0.061360000000000005,0.0
2024-06-18 04:58:33.000,1600.0,9.314379999999998,0.0,0.0,4.0392,0.0,0.0,0.0,0.0
2024-06-18 04:58:33.500,1600.5,8.61439,0.0,0.0,4.6094100000000005,0.0,0.0,0.0,0.0
2024-06-18 04:58:34.000,1601.0,7.9144000000000005,0.0,0.0,5.17962,0.0,0.0,0.0,0.0
2024-06-18 04:58:34.500,1601.5,3.9572000000000003,0.0,0.0,2.58981,0.0,0.6125400000000001,0.103845,1.0150000000000001
2024-06-18 04:58:35.000,1602.0,0.0,0.0,0.0,0.0,0.0,1.2250800000000002,0.20769,2.0300000000000002
2024-06-18 04:58:35.500,1602.5,0.0,0.1471,0.42644000000000004,0.0,0.0,0.8554200000000001,0.103845,1.72588
2024-06-18 04:58:36.000,1603.0,0.0,0.2942,0.8528800000000001,0.0,0.0,0.48576,0.0,1.4217600000000001
2024-06-18 04:58:36.500,1603.5,0.0,0.5744150000000001,0.46970000000000006,0.0,0.47264000000000006,0.24288,1.49247,2.6666100000000004
2024-06-18 04:58:37.000,1604.0,0.0,0.8546300000000001,0.08652,0.0,0.9452800000000001,0.0,2.98494,3.9114600000000004
2024-06-18 04:58:37.500,1604.5,0.0,0.5006900000000001,0.268335,0.13212,0.47264000000000006,0.0,1.49247,2.65701
2024-06-18 04:58:38.000,1605.0,0.0,0.14675000000000002,0.45014999999999994,0.26424,0.0,0.0,0.0,1.40256
2024-06-18 04:58:38.500,1605.5,0.0,0.07337500000000001,0.22507499999999997,0.13212,0.0,0.08793,0.015235,0.7311300000000001
2024-06-18 04:58:39.000,1606.0,0.0,0.0,0.0,0.0,0.0,0.17586,0.03047,0.05970000000000001
2024-06-18 04:58:39.500,1606.5,0.0,0.0,0.372625,0.0,0.0,0.08793,0.015235,0.029850000000000005
2024-06-18 04:58:40.000,1607.0,0.0,0.0,0.74525,0.0,0.0,0.0,0.0,0.0
2024-06-18 04:58:40.500,1607.5,0.0,0.0,0.856465,0.0,0.0,0.0,0.06198000000000001,0.0
2024-06-18 04:58:41.000,1608.0,0.0,0.0,0.96768,0.0,0.0,0.0,0.12396000000000001,0.0
2024-06-18 04:58:41.500,1608.5,0.0,0.0,0.823665,0.0,0.0,0.0,0.06198000000000001,0.0
2024-06-18 04:58:42.000,1609.0,0.0,0.0,0.67965,0.0,0.0,0.0,0.0,0.0
2024-06-18 04:58:42.500,1609.5,0.0,0.0,1.5233149999999998,0.0,0.0,0.22897499999999998,0.0,0.0
2024-06-18 04:58:43.000,1610.0,0.0,0.0,2.36698,0.0,0.0,0.45794999999999997,0.0,0.0
2024-06-18 04:58:43.500,1610.5,0.0,0.0,1.18349,0.0,0.0,0.385225,0.0,0.0
2024-06-18 04:58:44.000,1611.0,0.0,0.0,0.0,0.0,0.0,0.3125,0.0,0.0
2024-06-18 04:58:44.500,1611.5,0.0,0.09047999999999999,0.11936000000000001,0.0,0.0,0.15625,0.8406750000000001,0.0
2024-06-18 04:58:45.000,1612.0,0.0,0.18095999999999998,0.23872000000000002,0.0,0.0,0.0,1.6813500000000001,0.0
2024-06-18 04:58:45.500,1612.5,0.0,0.09047999999999999,4.30816,0.0,0.0,1.57834,0.8406750000000001,0.0
2024-06-18 04:58:46.000,1613.0,0.0,0.0,8.377600000000001,0.0,0.0,3.15668,0.0,0.0
2024-06-18 04:58:46.500,1613.5,0.0,0.0,4.3124,0.134775,0.0,2.624035,0.0,0.0
2024-06-18 04:58:47.000,1614.0,0.0,0.0,0.2472,0.26955,0.0,2.09139,0.0,0.0
2024-06-18 04:58:47.500,1614.5,0.0,2.9733,0.1236,0.134775,1.542975,1.045695,1.74724,0.11800000000000001
2024-06-18 04:58:48.000,1615.0,0.0,5.9466,0.0,0.0,3.08595,0.0,3.49448,0.23600000000000002
2024-06-18 04:58:48.500,1615.5,0.0,4.92769,0.0,0.0,2.759295,0.0,3.8559399999999995,1.4501599999999997
2024-06-18 04:58:49.000,1616.0,0.0,3.90878,0.0,0.0,2.4326399999999997,0.0,4.2174,2.6643199999999996
2024-06-18 04:58:49.500,1616.5,0.0,2.67511,0.0,0.0,1.2163199999999998,0.0,2.667585,1.5244949999999997
2024-06-18 04:58:50.000,1617.0,0.0,1.44144,0.0,0.0,0.0,0.0,1.11777,0.38466999999999996
2024-06-18 04:58:50.500,1617.5,0.0,1.11708,0.373125,0.0,0.0,0.24088,1.310025,0.29632
2024-06-18 04:58:51.000,1618.0,0.0,0.7927200000000001,0.74625,0.0,0.0,0.48176,1.5022800000000003,0.20797000000000002
2024-06-18 04:58:51.500,1618.5,0.0,1.05291,0.432805,0.0,0.014790000000000001,0.616255,1.3860350000000001,0.370745
2024-06-18 04:58:52.000,1619.0,0.0,1.3131,0.11936000000000001,0.0,0.029580000000000002,0.75075,1.26979,0.53352
2024-06-18 04:58:52.500,1619.5,0.0,0.65655,0.059680000000000004,0.0,0.014790000000000001,0.542575,2.482585,0.26676
2024-06-18 04:58:53.000,1620.0,0.0,0.0,0.0,0.0,0.0,0.3344,3.6953799999999997,0.0
2024-06-18 04:58:53.500,1620.5,0.0,0.0,0.0,0.0,0.0,0.21362499999999998,1.8476899999999998,0.0
2024-06-18 04:58:54.000,1621.0,0.0,0.0,0.0,0.0,0.0,0.09284999999999999,0.0,0.0
2024-06-18 04:58:54.500,1621.5,0.0,0.0,0.0,0.0,0.0,0.046424999999999994,0.0,0.0
2024-06-18 04:58:55.000,1622.0,0.0,0.0,0.0,0.0,0.0,0.0,0.0,0.0
2024-06-18 04:58:55.500,1622.5,0.0,0.0,0.28462,0.0152,0.0,0.2964,0.19734000000000002,0.0
2024-06-18 04:58:56.000,1623.0,0.0,0.0,0.56924,0.0304,0.0,0.5928,0.39468000000000003,0.0
2024-06-18 04:58:56.500,1623.5,3.5136,0.0,0.85982,3.6580800000000004,0.0,0.60924,0.19734000000000002,0.0
2024-06-18 04:58:57.000,1624.0,7.0272,0.0,1.1504,7.285760000000001,0.0,0.6256799999999999,0.0,0.0
2024-06-18 04:58:57.500,1624.5,3.5136,0.0,0.5752,3.6428800000000003,0.0,0.31283999999999995,1.043625,0.0
2024-06-18 04:58:58.000,1625.0,0.0,0.0,0.0,0.0,0.0,0.0,2.08725,0.0
2024-06-18 04:58:58.500,1625.5,0.0,0.0,0.0,0.28633000000000003,0.0,0.1218,1.043625,0.015074999999999998
2024-06-18 04:58:59.000,1626.0,0.0,0.0,0.0,0.5726600000000001,0.0,0.2436,0.0,0.030149999999999996
2024-06-18 04:58:59.500,1626.5,0.0,0.34373499999999996,0.0582,0.331915,0.0,0.666625,0.19662500000000002,0.015074999999999998
2024-06-18 04:59:00.000,1627.0,0.0,0.6874699999999999,0.1164,0.09117,0.0,1.08965,0.39325000000000004,0.0
2024-06-18 04:59:00.500,1627.5,0.0,1.14218,0.0582,0.045585,1.23396,0.544825,2.117225,0.8581099999999999
2024-06-18 04:59:01.000,1628.0,0.0,1.59689,0.0,0.0,2.46792,0.0,3.8412,1.7162199999999999
2024-06-18 04:59:01.500,1628.5,0.0,0.798445,0.0,0.0,2.0900499999999997,0.0,7.918675,1.0592199999999998
2024-06-18 04:59:02.000,1629.0,0.0,0.0,0.0,0.0,1.71218,0.0,11.99615,0.4022200000000001
2024-06-18 04:59:02.500,1629.5,0.0,1.0804,0.22514999999999996,0.0,1.16563,0.0,7.416475,1.35356
2024-06-18 04:59:03.000,1630.0,0.0,2.1608,0.4502999999999999,0.0,0.6190799999999999,0.0,2.8367999999999998,2.3049
2024-06-18 04:59:03.500,1630.5,0.0,1.0804,0.450225,0.0,0.3095399999999999,0.045344999999999996,3.0467299999999997,4.7281949999999995
2024-06-18 04:59:04.000,1631.0,0.0,0.0,0.45015000000000005,0.0,0.0,0.09068999999999999,3.2566599999999997,7.151489999999999
2024-06-18 04:59:04.500,1631.5,0.0,0.0,0.313905,0.0,0.0,0.576705,2.71835,4.682045
2024-06-18 04:59:05.000,1632.0,0.0,0.0,0.17765999999999998,0.0,0.0,1.0627199999999999,2.18004,2.2126
2024-06-18 04:59:05.500,1632.5,0.0,0.0,0.08882999999999999,0.0,0.0,0.5313599999999999,1.09002,1.1063
2024-06-18 04:59:06.000,1633.0,0.0,0.0,0.0,0.0,0.0,0.0,0.0,0.0
2024-06-18 04:59:06.500,1633.5,0.0,0.0,0.0,0.0,0.0,0.0,0.0,0.0
2024-06-18 04:59:07.000,1634.0,0.0,0.0,0.0,0.0,0.0,0.0,0.0,0.0
2024-06-18 04:59:07.500,1634.5,0.1547,0.0,0.0,0.0,0.0,0.0,0.0,0.0
2024-06-18 04:59:08.000,1635.0,0.3094,0.0,0.0,0.0,0.0,0.0,0.0,0.0
2024-06-18 04:59:08.500,1635.5,0.1547,0.0,0.48543000000000003,1.8317999999999999,0.0,0.0,0.0,0.0
2024-06-18 04:59:09.000,1636.0,0.0,0.0,0.9708600000000001,3.6635999999999997,0.0,0.0,0.0,0.0
2024-06-18 04:59:09.500,1636.5,0.20377000000000003,0.0,3.16633,4.102805,0.0,0.8472,0.0,0.0
2024-06-18 04:59:10.000,1637.0,0.40754000000000007,0.0,5.3618,4.542009999999999,0.0,1.6944,0.0,0.0
2024-06-18 04:59:10.500,1637.5,2.6838450000000003,0.0,3.0037499999999997,5.349500000000001,0.0,0.96444,0.0,0.0
2024-06-18 04:59:11.000,1638.0,4.9601500000000005,0.0,0.6456999999999999,6.156990000000001,0.0,0.23448000000000002,0.0,0.0
2024-06-18 04:59:11.500,1638.5,2.4800750000000003,0.0,0.56733,3.0784950000000006,0.0,0.11724000000000001,0.0,0.0
2024-06-18 04:59:12.000,1639.0,0.0,0.0,0.48896,0.0,0.0,0.0,0.0,0.0
2024-06-18 04:59:12.500,1639.5,0.0,0.0,2.6771900000000004,0.03049,0.0,2.03048,0.0,0.0
2024-06-18 04:59:13.000,1640.0,0.0,0.0,4.86542,0.06098,0.0,4.06096,0.0,0.0
2024-06-18 04:59:13.500,1640.5,0.808775,0.0,6.933330000000001,0.03049,0.0,3.71596,0.0,0.0
2024-06-18 04:59:14.000,1641.0,1.61755,0.0,9.001240000000001,0.0,0.0,3.3709600000000006,0.0,0.0
2024-06-18 04:59:14.500,1641.5,0.823455,0.0,5.4992350000000005,0.7204999999999999,0.041804999999999995,3.5628200000000003,9.610249999999999,0.0
2024-06-18 04:59:15.000,1642.0,0.02936,0.0,1.99723,1.4409999999999998,0.08360999999999999,3.7546800000000005,19.220499999999998,0.0
2024-06-18 04:59:15.500,1642.5,0.01468,0.0,2.182695,0.7204999999999999,0.041804999999999995,2.5540000000000003,12.529979999999998,0.0
2024-06-18 04:59:16.000,1643.0,0.0,0.0,2.36816,0.0,0.0,1.35332,5.83946,0.0
2024-06-18 04:59:16.500,1643.5,0.0,3.5904750000000005,1.6073,0.0,0.9894000000000002,0.67666,3.368455,0.23823999999999998
2024-06-18 04:59:17.000,1644.0,0.0,7.180950000000001,0.84644,0.0,1.9788000000000003,0.0,0.89745,0.47647999999999996
2024-06-18 04:59:17.500,1644.5,0.10703,3.5904750000000005,0.42322,0.0,0.9894000000000002,0.0,0.448725,0.23823999999999998
2024-06-18 04:59:18.000,1645.0,0.21406,0.0,0.0,0.0,0.0,0.0,0.0,0.0
2024-06-18 04:59:18.500,1645.5,0.10703,0.0,0.0,0.0,0.0,0.09279,0.0,0.0
2024-06-18 04:59:19.000,1646.0,0.0,0.0,0.0,0.0,0.0,0.18558,0.0,0.0
2024-06-18 04:59:19.500,1646.5,0.0,0.0,0.24432000000000004,0.0,0.0,0.21471,0.0,0.0
2024-06-18 04:59:20.000,1647.0,0.0,0.0,0.4886400000000001,0.0,0.0,0.24384,0.0,0.0
2024-06-18 04:59:20.500,1647.5,0.0,0.0,0.24432000000000004,0.0,0.0,0.12192,0.04548,0.0
2024-06-18 04:59:21.000,1648.0,0.0,0.0,0.0,0.0,0.0,0.0,0.09096,0.0
2024-06-18 04:59:21.500,1648.5,0.0,0.0,0.4685999999999999,0.0,0.0,0.030869999999999998,0.10644,0.0
2024-06-18 04:59:22.000,1649.0,0.0,0.0,0.9371999999999998,0.0,0.0,0.061739999999999996,0.12192,0.0
2024-06-18 04:59:22.500,1649.5,0.0,0.0,0.4685999999999999,0.0,0.0,0.030869999999999998,0.07629,0.0
2024-06-18 04:59:23.000,1650.0,0.0,0.0,0.0,0.0,0.0,0.0,0.03066,0.0
2024-06-18 04:59:23.500,1650.5,0.0,0.0,0.0,0.0,0.0,0.2322,0.030850000000000002,0.0
2024-06-18 04:59:24.000,1651.0,0.0,0.0,0.0,0.0,0.0,0.4644,0.03104,0.0
2024-06-18 04:59:24.500,1651.5,0.25007,0.04332,1.150605,3.1503200000000002,0.0,0.6649499999999999,0.01552,0.0
2024-06-18 04:59:25.000,1652.0,0.50014,0.08664,2.30121,6.3006400000000005,0.0,0.8654999999999999,0.0,0.0
2024-06-18 04:59:25.500,1652.5,1.2808300000000001,2.516205,1.150605,6.153905000000001,0.0,0.43274999999999997,0.0,0.08532
2024-06-18 04:59:26.000,1653.0,2.0615200000000002,4.9457699999999996,0.0,6.007170000000001,0.0,0.0,0.0,0.17064
2024-06-18 04:59:26.500,1653.5,1.60676,3.4332849999999997,1.77152,5.928065,0.8567999999999999,1.71216,0.05476,0.08532
2024-06-18 04:59:27.000,1654.0,1.152,1.9208000000000003,3.54304,5.84896,1.7135999999999998,3.42432,0.10952,0.0
2024-06-18 04:59:27.500,1654.5,0.95144,1.599625,1.77152,4.69148,1.51207,1.7685,2.84681,0.0
2024-06-18 04:59:28.000,1655.0,0.75088,1.2784499999999999,0.0,3.5340000000000003,1.31054,0.11268,5.5841,0.0
2024-06-18 04:59:28.500,1655.5,0.37544,0.6392249999999999,0.06172,1.7670000000000001,0.65527,0.05634,2.79205,0.0
2024-06-18 04:59:29.000,1656.0,0.0,0.0,0.12344,0.0,0.0,0.0,0.0,0.0
2024-06-18 04:59:29.500,1656.5,0.0,0.0,0.67952,0.0,0.0,0.015265,0.0,0.0
2024-06-18 04:59:30.000,1657.0,0.0,0.0,1.2356,0.0,0.0,0.03053,0.0,0.0
2024-06-18 04:59:30.500,1657.5,0.0,0.0,0.6794600000000001,0.0,0.0,0.015265,0.0,0.0
2024-06-18 04:59:31.000,1658.0,0.0,0.0,0.12332000000000001,0.0,0.0,0.0,0.0,0.0
2024-06-18 04:59:31.500,1658.5,0.0,0.0,0.061660000000000006,0.0,0.0,0.0,0.0,0.0
2024-06-18 04:59:32.000,1659.0,0.0,0.0,0.0,0.0,0.0,0.0,0.0,0.0
2024-06-18 04:59:32.500,1659.5,0.0,0.0,0.0,0.0,0.0,0.35523499999999997,0.0,0.0
2024-06-18 04:59:33.000,1660.0,0.0,0.0,0.0,0.0,0.0,0.7104699999999999,0.0,0.0
2024-06-18 04:59:33.500,1660.5,0.0,0.0,0.0,0.0,0.0,0.598515,0.0,0.0
2024-06-18 04:59:34.000,1661.0,0.0,0.0,0.0,0.0,0.0,0.48656000000000005,0.0,0.0
2024-06-18 04:59:34.500,1661.5,0.0,0.0,0.0,0.0,0.0,0.24328000000000002,0.0,0.0
2024-06-18 04:59:35.000,1662.0,0.0,0.0,0.0,0.0,0.0,0.0,0.0,0.0
2024-06-18 04:59:35.500,1662.5,0.0,0.0,0.0,0.0,0.0,0.0,0.0,0.0
2024-06-18 04:59:36.000,1663.0,0.0,0.0,0.0,0.0,0.0,0.0,0.0,0.0
2024-06-18 04:59:36.500,1663.5,0.0,0.0,0.0,0.0,0.0,0.0,0.0,0.0
2024-06-18 04:59:37.000,1664.0,0.0,0.0,0.0,0.0,0.0,0.0,0.0,0.0
2024-06-18 04:59:37.500,1664.5,0.0,0.0,0.0,0.0,0.0,0.0154,0.0,0.0
2024-06-18 04:59:38.000,1665.0,0.0,0.0,0.0,0.0,0.0,0.0308,0.0,0.0
2024-06-18 04:59:38.500,1665.5,0.030830000000000003,0.0,0.0,0.0,0.0,0.12551,0.0,0.0
2024-06-18 04:59:39.000,1666.0,0.061660000000000006,0.0,0.0,0.0,0.0,0.22022000000000003,0.0,0.0
2024-06-18 04:59:39.500,1666.5,0.030830000000000003,0.0,2.5726950000000004,0.0,0.0,1.2980500000000004,0.0,0.0
2024-06-18 04:59:40.000,1667.0,0.0,0.0,5.145390000000001,0.0,0.0,2.3758800000000004,0.0,0.0
2024-06-18 04:59:40.500,1667.5,4.28948,0.0,2.5726950000000004,4.997325,0.0,1.1879400000000002,0.014395,0.0
2024-06-18 04:59:41.000,1668.0,8.57896,0.0,0.0,9.99465,0.0,0.0,0.02879,0.0
2024-06-18 04:59:41.500,1668.5,8.327929999999999,0.0,0.0,7.386984999999999,0.0,0.05938000000000001,0.014395,0.0
2024-06-18 04:59:42.000,1669.0,8.076899999999998,0.0,0.0,4.779319999999999,0.0,0.11876000000000002,0.0,0.0
2024-06-18 04:59:42.500,1669.5,7.03133,0.0,0.724955,4.292435,0.0,0.05938000000000001,0.02912,0.0
2024-06-18 04:59:43.000,1670.0,5.985760000000001,0.0,1.44991,3.8055500000000007,0.0,0.0,0.05824,0.0
2024-06-18 04:59:43.500,1670.5,4.5987800000000005,0.0,0.842755,2.391255,0.0,0.0,0.02912,0.0
2024-06-18 04:59:44.000,1671.0,3.2118,0.0,0.2356,0.97696,0.0,0.0,0.0,0.0
2024-06-18 04:59:44.500,1671.5,1.6059,0.0,1.5128,0.48848,0.0,0.0,0.0,0.0
2024-06-18 04:59:45.000,1672.0,0.0,0.0,2.7899999999999996,0.0,0.0,0.0,0.0,0.0
2024-06-18 04:59:45.500,1672.5,0.0,0.0,1.3949999999999998,0.0,0.0,0.0,0.0,0.0
2024-06-18 04:59:46.000,1673.0,0.0,0.0,0.0,0.0,0.0,0.0,0.0,0.0
2024-06-18 04:59:46.500,1673.5,0.0,0.0,0.855,0.0,0.0,2.3368800000000003,0.0,0.0
2024-06-18 04:59:47.000,1674.0,0.0,0.0,1.71,0.0,0.0,4.673760000000001,0.0,0.0
2024-06-18 04:59:47.500,1674.5,2.6550000000000002,0.0,0.855,2.6036499999999996,0.0,2.3810400000000005,0.20748000000000003,0.0
2024-06-18 04:59:48.000,1675.0,5.3100000000000005,0.0,0.0,5.207299999999999,0.0,0.08832,0.41496000000000005,0.0
2024-06-18 04:59:48.500,1675.5,2.9519,0.0,1.3301199999999997,3.0973299999999995,0.0,1.3204,0.20748000000000003,0.0
2024-06-18 04:59:49.000,1676.0,0.5938,0.0,2.6602399999999995,0.98736,0.0,2.55248,0.0,0.0
2024-06-18 04:59:49.500,1676.5,1.9413650000000002,0.0,1.3301199999999997,2.2167900000000005,0.0,1.27624,0.0,0.0
2024-06-18 04:59:50.000,1677.0,3.2889300000000006,0.0,0.0,3.4462200000000007,0.0,0.0,0.0,0.0
2024-06-18 04:59:50.500,1677.5,3.382965,0.0,2.1474800000000003,7.09449,0.0,1.856875,0.0,0.0
2024-06-18 04:59:51.000,1678.0,3.4769999999999994,0.0,4.2949600000000006,10.742759999999999,0.0,3.71375,0.0,0.0
2024-06-18 04:59:51.500,1678.5,3.1000199999999998,0.2923,2.75808,9.31473,0.0,3.28956,0.014384999999999998,0.0
2024-06-18 04:59:52.000,1679.0,2.7230399999999997,0.5846,1.2211999999999998,7.886700000000001,0.0,2.86537,0.028769999999999997,0.0
2024-06-18 04:59:52.500,1679.5,2.090055,0.2923,2.5660750000000005,6.567850000000001,0.0,3.159345,0.34593,0.32648499999999997
2024-06-18 04:59:53.000,1680.0,1.45707,0.0,3.9109500000000006,5.2490000000000006,0.0,3.4533200000000006,0.66309,0.6529699999999999
2024-06-18 04:59:53.500,1680.5,1.997535,0.014584999999999999,2.3096000000000005,6.168654999999999,0.0,1.8690100000000003,0.717125,0.9355799999999999
2024-06-18 04:59:54.000,1681.0,2.538,0.029169999999999998,0.7082499999999999,7.088309999999999,0.0,0.2847,0.7711600000000001,1.2181899999999999
2024-06-18 04:59:54.500,1681.5,3.73944,0.014584999999999999,0.35412499999999997,6.175355,0.0,0.57945,0.61073,0.9731749999999999
2024-06-18 04:59:55.000,1682.0,4.94088,0.0,0.0,5.2623999999999995,0.0,0.8741999999999999,0.4502999999999999,0.7281599999999999
2024-06-18 04:59:55.500,1682.5,6.390840000000001,0.0,0.02864,5.46732,0.0,1.1471,0.22514999999999996,0.36407999999999996
2024-06-18 04:59:56.000,1683.0,7.840800000000001,0.0,0.05728,5.67224,0.0,1.42,0.0,0.0
2024-06-18 04:59:56.500,1683.5,6.072905,0.0,0.5861000000000001,5.9395299999999995,0.0,1.08271,0.0,0.0
2024-06-18 04:59:57.000,1684.0,4.30501,0.0,1.1149200000000001,6.206819999999999,0.0,0.74542,0.0,0.0
2024-06-18 04:59:57.500,1684.5,3.143265,0.01476,0.5574600000000001,4.58407,0.0,0.49095,0.0,0.0
2024-06-18 04:59:58.000,1685.0,1.98152,0.02952,0.0,2.96132,0.0,0.23648,0.0,0.0
2024-06-18 04:59:58.500,1685.5,2.15188,0.01476,2.16678,3.98698,0.0,1.47864,0.0,0.46975500000000003
2024-06-18 04:59:59.000,1686.0,2.32224,0.0,4.33356,5.01264,0.0,2.7207999999999997,0.0,0.9395100000000001
2024-06-18 04:59:59.500,1686.5,1.9625400000000002,0.11272,6.00141,5.42118,0.0,2.6031949999999995,0.0,0.642135
2024-06-18 05:00:00.000,1687.0,1.6028400000000003,0.22544,7.66926,5.82972,0.0,2.4855899999999997,0.0,0.34476
2024-06-18 05:00:00.500,1687.5,0.9798000000000001,0.11272,6.39963,3.0189500000000002,0.0,3.467415,0.0,0.17238
2024-06-18 05:00:01.000,1688.0,0.35675999999999997,0.0,5.130000000000001,0.20818000000000003,0.0,4.4492400000000005,0.0,0.0
2024-06-18 05:00:01.500,1688.5,0.17837999999999998,0.0,8.1629,1.072575,0.0,4.083620000000001,0.0,0.0
2024-06-18 05:00:02.000,1689.0,0.0,0.0,11.1958,1.93697,0.0,3.7180000000000004,0.0,0.0
2024-06-18 05:00:02.500,1689.5,0.0,0.014605000000000002,8.21717,1.269485,0.0,3.12833,0.0,0.0
2024-06-18 05:00:03.000,1690.0,0.0,0.029210000000000003,5.2385399999999995,0.602,0.0,2.5386599999999997,0.0,0.0
2024-06-18 05:00:03.500,1690.5,0.367,0.014605000000000002,4.57038,1.5391599999999999,0.0,3.3587799999999994,0.0,0.028999999999999998
2024-06-18 05:00:04.000,1691.0,0.734,0.0,3.9022200000000002,2.47632,0.0,4.1789,0.0,0.057999999999999996
2024-06-18 05:00:04.500,1691.5,1.1208399999999998,0.0,3.2218299999999997,2.4765599999999997,0.0,2.4073499999999997,0.0,0.028999999999999998
2024-06-18 05:00:05.000,1692.0,1.50768,0.0,2.5414399999999997,2.4767999999999994,0.0,0.6357999999999999,0.0,0.0
2024-06-18 05:00:05.500,1692.5,1.53144,0.0,2.08753,2.605035,0.0,1.4792,0.0,0.0
2024-06-18 05:00:06.000,1693.0,1.5552000000000001,0.0,1.6336200000000003,2.73327,0.0,2.3226,0.0,0.0
2024-06-18 05:00:06.500,1693.5,2.6668650000000005,0.0,1.1415700000000002,8.39876,0.0,1.988185,0.0,0.0
2024-06-18 05:00:07.000,1694.0,3.7785300000000004,0.0,0.6495199999999999,14.06425,0.0,1.65377,0.0,0.0
2024-06-18 05:00:07.500,1694.5,3.4476450000000005,0.0,5.842479999999999,9.273354999999999,0.0,3.310735,0.0,0.014100000000000001
2024-06-18 05:00:08.000,1695.0,3.11676,0.0,11.03544,4.48246,0.0,4.967700000000001,0.0,0.028200000000000003
2024-06-18 05:00:08.500,1695.5,6.143784999999999,0.0,5.51772,10.615504999999999,0.0,2.6773300000000004,0.0,0.014100000000000001
2024-06-18 05:00:09.000,1696.0,9.17081,0.0,0.0,16.748549999999998,0.0,0.3869600000000001,0.0,0.0
2024-06-18 05:00:09.500,1696.5,10.85323,0.0,0.014075,16.091639999999998,0.0,0.19348000000000004,0.0,0.0
2024-06-18 05:00:10.000,1697.0,12.53565,0.0,0.02815,15.434729999999997,0.0,0.0,0.0,0.0
2024-06-18 05:00:10.500,1697.5,11.046524999999999,0.01425,0.014075,16.532435,0.0,0.05686,0.0,0.0
2024-06-18 05:00:11.000,1698.0,9.557399999999998,0.0285,0.0,17.63014,0.0,0.11372,0.0,0.0
2024-06-18 05:00:11.500,1698.5,7.967599999999999,0.01425,0.22816,17.55422,0.0,0.07089000000000001,0.0,0.0
2024-06-18 05:00:12.000,1699.0,6.377800000000001,0.0,0.45632,17.4783,0.0,0.02806,0.0,0.0
2024-06-18 05:00:12.500,1699.5,4.28948,0.0,3.3158600000000003,10.977185,0.0,3.15533,0.014070000000000001,0.0
2024-06-18 05:00:13.000,1700.0,2.2011600000000002,0.0,6.175400000000001,4.47607,0.0,6.2826,0.028140000000000002,0.0
2024-06-18 05:00:13.500,1700.5,2.8905200000000004,0.0,4.93602,4.657439999999999,0.0,5.3789,0.014070000000000001,0.0
2024-06-18 05:00:14.000,1701.0,3.57988,0.0,3.69664,4.83881,0.0,4.4752,0.0,0.0
2024-06-18 05:00:14.500,1701.5,6.50234,0.0,1.84832,9.744924999999999,0.0,2.29504,0.0,0.0
2024-06-18 05:00:15.000,1702.0,9.424800000000001,0.0,0.0,14.65104,0.0,0.11488,0.0,0.0
2024-06-18 05:00:15.500,1702.5,11.117385,0.0,0.31283999999999995,12.105864999999998,0.0,0.12694,0.0,0.0
2024-06-18 05:00:16.000,1703.0,12.80997,0.0,0.6256799999999999,9.560689999999997,0.0,0.139,0.0,0.0
2024-06-18 05:00:16.500,1703.5,13.014914999999998,0.0,0.75844,9.120954999999999,0.0,0.11120000000000001,0.042225,0.01386
2024-06-18 05:00:17.000,1704.0,13.219859999999999,0.0,0.8912000000000001,8.68122,0.0,0.0834,0.08445,0.02772
2024-06-18 05:00:17.500,1704.5,7.249829999999999,0.0,3.5344,5.337809999999999,0.0,3.7369799999999995,0.042225,0.01386
2024-06-18 05:00:18.000,1705.0,1.2798,0.0,6.177600000000001,1.9944,0.0,7.390559999999999,0.0,0.0
2024-06-18 05:00:18.500,1705.5,3.4525000000000006,0.014270000000000001,4.866420000000001,5.86524,0.0,4.580019999999999,0.0,0.0
2024-06-18 05:00:19.000,1706.0,5.6252,0.028540000000000003,3.55524,9.73608,0.0,1.76948,0.0,0.0
2024-06-18 05:00:19.500,1706.5,4.13785,0.014270000000000001,2.55009,9.519079999999999,0.0,2.66414,0.0,0.0
2024-06-18 05:00:20.000,1707.0,2.6504999999999996,0.0,1.54494,9.30208,0.0,3.5588,0.0,0.0
2024-06-18 05:00:20.500,1707.5,1.3252499999999998,0.0,9.82713,4.65104,0.0,9.73152,0.040875,0.0134
2024-06-18 05:00:21.000,1708.0,0.0,0.0,18.10932,0.0,0.0,15.904239999999998,0.08175,0.0268
2024-06-18 05:00:21.500,1708.5,0.0,0.0,14.260019999999999,0.52801,0.0,11.997559999999998,0.449775,0.07007999999999999
2024-06-18 05:00:22.000,1709.0,0.0,0.0,10.410719999999998,1.05602,0.0,8.090879999999999,0.8178,0.11335999999999999
2024-06-18 05:00:22.500,1709.5,2.9761549999999994,0.0,5.260639999999999,8.733059999999998,0.0,4.4191199999999995,0.46471999999999997,0.056679999999999994
2024-06-18 05:00:23.000,1710.0,5.952309999999999,0.0,0.11056,16.410099999999996,0.0,0.74736,0.11164,0.0
2024-06-18 05:00:23.500,1710.5,5.081434999999999,0.0,0.20850999999999997,17.394019999999998,0.0,0.9516,0.05582,0.0
2024-06-18 05:00:24.000,1711.0,4.21056,0.0,0.30645999999999995,18.37794,0.0,1.15584,0.0,0.0
2024-06-18 05:00:24.500,1711.5,6.910079999999999,0.0,0.9808899999999999,12.537719999999998,0.0,0.74946,0.028159999999999998,0.0
2024-06-18 05:00:25.000,1712.0,9.609599999999999,0.0,1.65532,6.697499999999998,0.0,0.34308,0.056319999999999995,0.0
2024-06-18 05:00:25.500,1712.5,4.804799999999999,0.06064,0.82766,3.348749999999999,0.0,0.26358,0.08815999999999999,0.0
2024-06-18 05:00:26.000,1713.0,0.0,0.12128,0.0,0.0,0.0,0.18408,0.12,0.0
2024-06-18 05:00:26.500,1713.5,0.0,0.06064,0.0,0.0,0.01522,0.21267999999999998,0.19594499999999998,0.0
2024-06-18 05:00:27.000,1714.0,0.0,0.0,0.0,0.0,0.03044,0.24128,0.27188999999999997,0.0
2024-06-18 05:00:27.500,1714.5,0.0,0.0,0.0,0.0,0.01522,0.15112,0.13594499999999998,0.0
2024-06-18 05:00:28.000,1715.0,0.0,0.0,0.0,0.0,0.0,0.06096,0.0,0.0
2024-06-18 05:00:28.500,1715.5,0.48510000000000003,0.0,1.52796,0.8290649999999998,0.0,0.7422050000000001,0.0,0.0
2024-06-18 05:00:29.000,1716.0,0.9702000000000001,0.0,3.05592,1.6581299999999997,0.0,1.42345,0.0,0.0
2024-06-18 05:00:29.500,1716.5,1.1640599999999999,0.0,3.23376,2.203305,0.0,1.825955,0.0,0.05696
2024-06-18 05:00:30.000,1717.0,1.3579199999999998,0.0,3.4116000000000004,2.74848,0.0,2.22846,0.0,0.11392
2024-06-18 05:00:30.500,1717.5,0.97956,0.0,2.1312300000000004,1.98965,0.0,1.7356200000000002,0.0,0.05696
2024-06-18 05:00:31.000,1718.0,0.6012000000000001,0.0,0.8508600000000002,1.23082,0.0,1.2427800000000002,0.0,0.0
2024-06-18 05:00:31.500,1718.5,0.6972200000000002,0.0,2.3798200000000005,1.417035,0.0,2.36439,0.0,0.0
2024-06-18 05:00:32.000,1719.0,0.7932400000000002,0.0,3.90878,1.60325,0.0,3.486,0.0,0.0
2024-06-18 05:00:32.500,1719.5,1.0489000000000002,0.0,5.80999,1.370625,0.0,4.229875,0.0,0.0
2024-06-18 05:00:33.000,1720.0,1.30456,0.0,7.7112,1.1379999999999997,0.0,4.97375,0.0,0.0
2024-06-18 05:00:33.500,1720.5,1.36778,0.0,7.11144,1.6527599999999998,0.0,3.956395,0.228,0.0
2024-06-18 05:00:34.000,1721.0,1.431,0.0,6.51168,2.16752,0.0,2.9390400000000003,0.456,0.0
2024-06-18 05:00:34.500,1721.5,1.202085,0.014755,4.149795,1.39498,0.0,2.854145,0.228,0.0
2024-06-18 05:00:35.000,1722.0,0.97317,0.02951,1.7879099999999999,0.6224400000000001,0.0,2.76925,0.0,0.0
2024-06-18 05:00:35.500,1722.5,0.649,0.014755,2.2387349999999997,1.8696599999999999,0.0,2.648395,0.0,0.0
2024-06-18 05:00:36.000,1723.0,0.32483,0.0,2.6895599999999997,3.1168799999999997,0.0,2.5275399999999997,0.0,0.0
2024-06-18 05:00:36.500,1723.5,0.162415,0.0,4.380015,2.4313499999999997,0.0,2.0917199999999996,0.0,0.0
2024-06-18 05:00:37.000,1724.0,0.0,0.0,6.07047,1.74582,0.0,1.6559,0.0,0.0
2024-06-18 05:00:37.500,1724.5,1.0081,0.0,4.108700000000001,2.7546600000000003,0.0,1.370185,0.0,0.0
2024-06-18 05:00:38.000,1725.0,2.0162,0.0,2.1469300000000002,3.7635,0.0,1.08447,0.0,0.0
2024-06-18 05:00:38.500,1725.5,2.72142,0.0,1.191785,3.6008700000000005,0.0,0.5715950000000001,0.0,0.0
2024-06-18 05:00:39.000,1726.0,3.42664,0.0,0.23664000000000002,3.4382400000000004,0.0,0.05872,0.0,0.0
2024-06-18 05:00:39.500,1726.5,4.66432,0.0,0.55812,4.150640000000001,0.0,0.10271000000000002,0.0,0.0
2024-06-18 05:00:40.000,1727.0,5.901999999999999,0.0,0.8795999999999999,4.863040000000001,0.0,0.14670000000000002,0.0,0.0
2024-06-18 05:00:40.500,1727.5,3.3473399999999995,0.0,4.949040000000001,5.56088,0.0,3.8731600000000004,0.0,0.0
2024-06-18 05:00:41.000,1728.0,0.7926800000000002,0.0,9.018480000000002,6.258719999999999,0.0,7.599620000000001,0.0,0.0
2024-06-18 05:00:41.500,1728.5,1.4938000000000002,0.0,5.630840000000001,6.19011,0.0,3.9121300000000003,0.0,0.0
2024-06-18 05:00:42.000,1729.0,2.19492,0.0,2.2432,6.1215,0.0,0.22463999999999998,0.0,0.0
2024-06-18 05:00:42.500,1729.5,1.9233799999999999,0.0,1.7630749999999997,4.49875,0.0,0.11231999999999999,0.0,0.0
2024-06-18 05:00:43.000,1730.0,1.6518399999999998,0.0,1.2829499999999998,2.8760000000000003,0.0,0.0,0.0,0.0
2024-06-18 05:00:43.500,1730.5,6.60932,0.0,0.65548,6.8191500000000005,0.0,0.0,0.11224,0.0
2024-06-18 05:00:44.000,1731.0,11.5668,0.0,0.028010000000000004,10.7623,0.0,0.0,0.22448,0.0
2024-06-18 05:00:44.500,1731.5,5.7834,0.0,0.014005000000000002,5.38115,0.0,0.06096,0.11224,0.0
2024-06-18 05:00:45.000,1732.0,0.0,0.0,0.0,0.0,0.0,0.12192,0.0,0.0
2024-06-18 05:00:45.500,1732.5,1.8630900000000001,0.0,0.0,2.40975,0.0,0.06096,0.0,0.0
2024-06-18 05:00:46.000,1733.0,3.7261800000000003,0.0,0.0,4.8195,0.0,0.0,0.0,0.0
2024-06-18 05:00:46.500,1733.5,7.115805,0.0,0.16829999999999998,8.50639,0.0,0.16985999999999998,0.0,0.0
2024-06-18 05:00:47.000,1734.0,10.50543,0.0,0.33659999999999995,12.19328,0.0,0.33971999999999997,0.0,0.0
2024-06-18 05:00:47.500,1734.5,11.655195,0.0,0.25143,13.665654999999997,0.0,0.19774999999999998,0.0,0.0
2024-06-18 05:00:48.000,1735.0,12.804960000000001,0.0,0.16626,15.138029999999997,0.0,0.055779999999999996,0.0,0.0
2024-06-18 05:00:48.500,1735.5,6.458060000000001,0.0,9.77127,7.963269999999999,0.0,5.17069,0.20459999999999998,0.0
2024-06-18 05:00:49.000,1736.0,0.11116,0.0,19.37628,0.7885100000000002,0.0,10.285599999999999,0.40919999999999995,0.0
2024-06-18 05:00:49.500,1736.5,1.01692,0.0,9.77679,6.319480000000001,0.0,5.187214999999999,0.30032499999999995,0.0
2024-06-18 05:00:50.000,1737.0,1.92268,0.0,0.17729999999999999,11.850450000000002,0.0,0.08882999999999999,0.19145,0.0
2024-06-18 05:00:50.500,1737.5,5.827564999999999,0.0,0.25401,15.152025,0.0,0.044414999999999996,0.262345,0.06955
2024-06-18 05:00:51.000,1738.0,9.732449999999998,0.0,0.33072,18.453599999999998,0.0,0.0,0.33324,0.1391
2024-06-18 05:00:51.500,1738.5,7.479464999999999,0.0,0.28264,12.707549999999998,0.0,0.2924,0.16662,0.06955
2024-06-18 05:00:52.000,1739.0,5.22648,0.0,0.23456,6.961499999999999,0.0,0.5848,0.0,0.0
2024-06-18 05:00:52.500,1739.5,2.61324,0.0,0.17694,5.244325,0.0,0.33746,0.0,0.0
2024-06-18 05:00:53.000,1740.0,0.0,0.0,0.11932000000000001,3.52715,0.0,0.09011999999999999,0.0,0.0
2024-06-18 05:00:53.500,1740.5,5.60376,0.0,0.29961499999999996,5.1914750000000005,0.0,0.25791000000000003,0.0,0.0
2024-06-18 05:00:54.000,1741.0,11.20752,0.0,0.47991,6.8558,0.0,0.4257,0.0,0.0
2024-06-18 05:00:54.500,1741.5,7.16112,0.0,0.726495,8.448360000000001,0.0,1.4827499999999998,0.0,0.0
2024-06-18 05:00:55.000,1742.0,3.11472,0.0,0.9730800000000001,10.04092,0.0,2.5397999999999996,0.0,0.0
2024-06-18 05:00:55.500,1742.5,3.5513149999999998,0.0,0.7412400000000001,10.052475,0.0,2.2741949999999997,0.0,0.0
2024-06-18 05:00:56.000,1743.0,3.98791,0.0,0.5094000000000001,10.064029999999999,0.0,2.00859,0.0,0.0
2024-06-18 05:00:56.500,1743.5,5.5836950000000005,0.0,0.71838,9.323995,0.0,1.206035,0.0,0.0
2024-06-18 05:00:57.000,1744.0,7.179480000000001,0.0,0.9273600000000001,8.58396,0.0,0.40347999999999995,0.0,0.0
2024-06-18 05:00:57.500,1744.5,6.64031,0.0,0.9542050000000001,7.698779999999999,0.0,0.96395,0.0,0.0
2024-06-18 05:00:58.000,1745.0,6.10114,0.0,0.9810500000000001,6.8136,0.0,1.52442,0.0,0.0
2024-06-18 05:00:58.500,1745.5,12.577070000000003,0.0,0.49052500000000004,8.112119999999999,0.0,0.92655,0.041655,0.0
2024-06-18 05:00:59.000,1746.0,19.053000000000004,0.0,0.0,9.410639999999999,0.0,0.32867999999999997,0.08331,0.0
2024-06-18 05:00:59.500,1746.5,18.42732,0.0,0.0,10.60644,0.0,0.16433999999999999,0.041655,0.0
2024-06-18 05:01:00.000,1747.0,17.801640000000003,0.0,0.0,11.802240000000001,0.0,0.0,0.0,0.0
2024-06-18 05:01:00.500,1747.5,11.600985000000001,0.0,0.13252500000000003,9.224450000000001,0.0,0.14855000000000002,0.0,0.0
2024-06-18 05:01:01.000,1748.0,5.40033,0.0,0.26505000000000006,6.646660000000001,0.0,0.29710000000000003,0.0,0.0
2024-06-18 05:01:01.500,1748.5,4.559165,0.0,0.23549500000000007,9.117980000000001,0.0,0.14855000000000002,0.01417,0.0
2024-06-18 05:01:02.000,1749.0,3.7180000000000004,0.0,0.20594000000000004,11.589300000000001,0.0,0.0,0.02834,0.0
2024-06-18 05:01:02.500,1749.5,4.674005000000001,0.22247999999999998,0.10297000000000002,14.705010000000001,0.0,0.0,0.01417,0.0
2024-06-18 05:01:03.000,1750.0,5.630010000000001,0.44495999999999997,0.0,17.82072,0.0,0.0,0.0,0.0
2024-06-18 05:01:03.500,1750.5,6.609885,0.22247999999999998,0.0,15.27317,0.0,0.08541,0.0,0.0
2024-06-18 05:01:04.000,1751.0,7.58976,0.0,0.0,12.725619999999997,0.0,0.17082,0.0,0.0
2024-06-18 05:01:04.500,1751.5,7.32072,0.0,0.0,11.125899999999998,0.0,0.156385,0.0,0.0
2024-06-18 05:01:05.000,1752.0,7.05168,0.0,0.0,9.52618,0.0,0.14195,0.0,0.0
2024-06-18 05:01:05.500,1752.5,3.76724,0.0,1.59885,5.8438099999999995,0.0,1.620335,0.042525,0.0
2024-06-18 05:01:06.000,1753.0,0.4828,0.0,3.1977,2.16144,0.0,3.09872,0.08505,0.0
2024-06-18 05:01:06.500,1753.5,0.4121,0.0,4.544460000000001,2.11732,0.0,2.8841599999999996,0.042525,0.0
2024-06-18 05:01:07.000,1754.0,0.3414,0.0,5.891220000000001,2.0732,0.0,2.6695999999999995,0.0,0.0
2024-06-18 05:01:07.500,1754.5,0.22918,0.0,4.05111,1.52335,0.0,1.7915849999999998,0.0,0.0
2024-06-18 05:01:08.000,1755.0,0.11696,0.0,2.211,0.9735000000000001,0.0,0.91357,0.0,0.0
2024-06-18 05:01:08.500,1755.5,0.20207999999999998,0.0,3.9388700000000005,1.11639,0.0,2.499875,0.0,0.0
2024-06-18 05:01:09.000,1756.0,0.2872,0.0,5.666740000000001,1.25928,0.0,4.08618,0.0,0.0
2024-06-18 05:01:09.500,1756.5,6.53036,0.0,3.3112400000000006,3.9105600000000007,0.0,2.313365,0.0,0.0
2024-06-18 05:01:10.000,1757.0,12.77352,0.0,0.95574,6.561840000000001,0.0,0.54055,0.0,0.0
2024-06-18 05:01:10.500,1757.5,6.49744,0.09765000000000001,5.097745,3.6170400000000007,0.0,4.1426750000000006,0.0,0.0
2024-06-18 05:01:11.000,1758.0,0.22136000000000003,0.19530000000000003,9.239749999999999,0.6722400000000001,0.0,7.744800000000001,0.0,0.0
2024-06-18 05:01:11.500,1758.5,4.401329999999999,0.16802500000000004,5.34484,4.08486,0.0,4.309345,0.0,0.0
2024-06-18 05:01:12.000,1759.0,8.581299999999999,0.14075000000000001,1.44993,7.49748,0.0,0.87389,0.0,0.0
2024-06-18 05:01:12.500,1759.5,8.046669999999999,0.07037500000000001,5.523045,7.043819999999999,0.0,5.079375000000001,0.1373,0.0
2024-06-18 05:01:13.000,1760.0,7.512040000000001,0.0,9.59616,6.590159999999998,0.0,9.28486,0.2746,0.0
2024-06-18 05:01:13.500,1760.5,5.7355,0.055380000000000006,4.977155,10.86422,0.0,5.64719,0.1373,0.0
2024-06-18 05:01:14.000,1761.0,3.9589600000000003,0.11076000000000001,0.35815,15.13828,0.0,2.0095199999999998,0.0,0.0
2024-06-18 05:01:14.500,1761.5,2.72776,0.055380000000000006,0.45787500000000003,12.57338,0.0,1.46684,0.0,0.0
2024-06-18 05:01:15.000,1762.0,1.4965600000000001,0.0,0.5576,10.008479999999999,0.0,0.92416,0.0,0.0
2024-06-18 05:01:15.500,1762.5,2.803655,0.0,1.6126,7.96343,0.0,0.8071999999999999,0.0,0.0
2024-06-18 05:01:16.000,1763.0,4.1107499999999995,0.0,2.6675999999999997,5.918380000000001,0.0,0.69024,0.0,0.0
2024-06-18 05:01:16.500,1763.5,2.3578799999999998,0.0,2.66463,3.8279900000000002,0.0,1.291195,0.0,0.0
2024-06-18 05:01:17.000,1764.0,0.6050100000000002,0.0,2.66166,1.7375999999999998,0.0,1.89215,0.0,0.0
2024-06-18 05:01:17.500,1764.5,0.957085,0.0,3.5078050000000003,2.7936499999999995,0.0,2.13588,0.0,0.0
2024-06-18 05:01:18.000,1765.0,1.3091599999999999,0.0,4.35395,3.8497,0.0,2.3796099999999996,0.0,0.0
2024-06-18 05:01:18.500,1765.5,0.6545799999999999,0.0,8.420665,2.1242099999999997,0.0,2.9430049999999994,0.0,0.0
2024-06-18 05:01:19.000,1766.0,0.0,0.0,12.487379999999996,0.39872,0.0,3.5063999999999997,0.0,0.0
2024-06-18 05:01:19.500,1766.5,1.76505,0.0,6.835934999999998,1.499205,0.0,2.833575,0.0,0.0
2024-06-18 05:01:20.000,1767.0,3.5301,0.0,1.1844900000000003,2.59969,0.0,2.1607500000000006,0.0,0.0
2024-06-18 05:01:20.500,1767.5,4.3435500000000005,0.0,2.933345,1.9050699999999998,0.05462,1.3893650000000002,0.76653,0.0
2024-06-18 05:01:21.000,1768.0,5.157,0.0,4.6822,1.2104499999999998,0.10924,0.61798,1.53306,0.0
2024-06-18 05:01:21.500,1768.5,7.4432599999999995,0.0,3.84577,2.488205,0.05462,0.6020449999999999,0.76653,0.0
2024-06-18 05:01:22.000,1769.0,9.729519999999999,0.0,3.00934,3.7659599999999998,0.0,0.5861099999999999,0.0,0.0
2024-06-18 05:01:22.500,1769.5,8.750465,0.0,2.3909599999999998,5.324599999999999,0.0,0.90043,0.0,0.0
2024-06-18 05:01:23.000,1770.0,7.771410000000002,0.0,1.77258,6.883239999999999,0.0,1.21475,0.0,0.0
2024-06-18 05:01:23.500,1770.5,3.885705000000001,0.0,0.88629,3.4416199999999995,0.0,0.607375,0.0,0.0
2024-06-18 05:01:24.000,1771.0,0.0,0.0,0.0,0.0,0.0,0.0,0.0,0.0
2024-06-18 05:01:24.500,1771.5,2.429055,0.0704,0.53903,4.691439999999999,0.0,0.25533,0.0,0.0
2024-06-18 05:01:25.000,1772.0,4.85811,0.1408,1.07806,9.382879999999998,0.0,0.51066,0.0,0.0
2024-06-18 05:01:25.500,1772.5,4.550815,1.0978900000000003,1.1259799999999998,8.30966,0.0,0.53153,0.34275,0.0
2024-06-18 05:01:26.000,1773.0,4.24352,2.0549800000000005,1.1738999999999997,7.23644,0.0,0.5523999999999999,0.6855,0.0
2024-06-18 05:01:26.500,1773.5,4.421200000000001,1.0274900000000002,1.21776,4.83538,0.0,0.37969499999999995,0.34275,0.0
2024-06-18 05:01:27.000,1774.0,4.59888,0.0,1.2616200000000002,2.43432,0.0,0.20699,0.0,0.0
2024-06-18 05:01:27.500,1774.5,5.08264,0.042345,0.8560100000000002,4.4282,0.0,0.8521200000000001,0.0,0.0
2024-06-18 05:01:28.000,1775.0,5.5664,0.08469,0.4504,6.42208,0.0,1.4972500000000002,0.0,0.0
2024-06-18 05:01:28.500,1775.5,3.7335000000000003,0.071825,0.9708800000000001,6.101039999999999,0.0,1.2024650000000001,0.0,0.0
2024-06-18 05:01:29.000,1776.0,1.9006000000000003,0.05896,1.4913600000000002,5.779999999999999,0.0,0.9076799999999999,0.0,0.0
2024-06-18 05:01:29.500,1776.5,6.233675,0.02948,2.024685,4.5779499999999995,0.0,2.39826,0.0,0.0
2024-06-18 05:01:30.000,1777.0,10.566749999999999,0.0,2.55801,3.3759,0.0,3.8888400000000005,0.0,0.0
2024-06-18 05:01:30.500,1777.5,8.792095,0.0,3.158685,5.16739,0.0,2.7478350000000002,0.0,0.0
2024-06-18 05:01:31.000,1778.0,7.01744,0.0,3.75936,6.95888,0.0,1.6068300000000002,0.0,0.0
2024-06-18 05:01:31.500,1778.5,12.973980000000001,0.0,2.0450999999999997,8.79629,0.0,0.8034150000000001,0.0,0.0
2024-06-18 05:01:32.000,1779.0,18.930520000000005,0.0,0.33083999999999997,10.633700000000001,0.0,0.0,0.0,0.0
2024-06-18 05:01:32.500,1779.5,19.21622,0.0,0.16541999999999998,10.07773,0.0,0.08267999999999999,0.0,0.0
2024-06-18 05:01:33.000,1780.0,19.50192,0.0,0.0,9.52176,0.0,0.16535999999999998,0.0,0.0
2024-06-18 05:01:33.500,1780.5,18.833714999999998,0.0,0.04159499999999999,9.98343,0.0,0.16671,0.0,0.0
2024-06-18 05:01:34.000,1781.0,18.16551,0.0,0.08318999999999999,10.4451,0.0,0.16806000000000001,0.0,0.0
2024-06-18 05:01:34.500,1781.5,16.707355,0.0,0.548125,9.85437,0.0,0.816755,0.0,0.0
2024-06-18 05:01:35.000,1782.0,15.2492,0.0,1.01306,9.26364,0.0,1.4654500000000001,0.0,0.0
2024-06-18 05:01:35.500,1782.5,9.593535,0.7522199999999999,0.520665,9.214255,0.069925,1.2592150000000002,0.0,0.0
2024-06-18 05:01:36.000,1783.0,3.9378700000000006,1.5044399999999998,0.02827,9.164869999999999,0.13985,1.05298,0.0,0.0
2024-06-18 05:01:36.500,1783.5,4.163855000000001,1.07859,0.966135,7.884834999999999,0.069925,0.84109,0.0,0.0
2024-06-18 05:01:37.000,1784.0,4.38984,0.65274,1.904,6.604799999999999,0.0,0.6292,0.0,0.0
2024-06-18 05:01:37.500,1784.5,4.040865,0.32637,2.731375,5.1768,0.0,1.5014999999999998,0.028310000000000002,0.0
2024-06-18 05:01:38.000,1785.0,3.69189,0.0,3.55875,3.7488,0.0,2.3737999999999997,0.056620000000000004,0.0
2024-06-18 05:01:38.500,1785.5,3.524495,0.0,3.216375,3.988260000000001,0.0,3.0688500000000003,0.028310000000000002,0.0
2024-06-18 05:01:39.000,1786.0,3.3570999999999995,0.0,2.874,4.2277200000000015,0.0,3.7639000000000005,0.0,0.0
2024-06-18 05:01:39.500,1786.5,3.21828,0.0,3.1161399999999997,4.695075000000001,0.0,2.9240250000000003,0.0,0.0
2024-06-18 05:01:40.000,1787.0,3.07946,0.0,3.3582799999999997,5.16243,0.0,2.08415,0.0,0.0
2024-06-18 05:01:40.500,1787.5,3.14353,0.0,3.6196099999999998,3.74154,0.0,1.705625,0.04221,0.0
2024-06-18 05:01:41.000,1788.0,3.2076000000000002,0.0,3.8809400000000003,2.3206500000000005,0.0,1.3270999999999997,0.08442,0.0
2024-06-18 05:01:41.500,1788.5,4.4998000000000005,0.0,2.7765,4.578005,0.0,1.0129899999999998,0.04221,0.0
2024-06-18 05:01:42.000,1789.0,5.792,0.0,1.6720599999999999,6.83536,0.0,0.69888,0.0,0.0
2024-06-18 05:01:42.500,1789.5,7.8131949999999994,0.0,1.5739100000000001,7.494295,0.0,0.34944,0.0,0.0
2024-06-18 05:01:43.000,1790.0,9.834389999999999,0.0,1.4757600000000002,8.15323,0.0,0.0,0.0,0.0
2024-06-18 05:01:43.500,1790.5,10.550294999999998,0.0,0.9345800000000001,6.735215,0.0,0.0,0.0,0.0
2024-06-18 05:01:44.000,1791.0,11.2662,0.0,0.3934,5.3172,0.0,0.0,0.0,0.0
2024-06-18 05:01:44.500,1791.5,8.323879999999999,0.042179999999999995,0.82985,10.032240000000002,0.0,0.28119999999999995,0.0,0.0
2024-06-18 05:01:45.000,1792.0,5.3815599999999995,0.08435999999999999,1.2663,14.747280000000002,0.0,0.5623999999999999,0.0,0.0
2024-06-18 05:01:45.500,1792.5,2.70449,0.042179999999999995,6.0775500000000005,7.470975000000001,0.0,8.7262,0.0,0.0
2024-06-18 05:01:46.000,1793.0,0.02742,0.0,10.8888,0.19467000000000004,0.0,16.89,0.0,0.0
2024-06-18 05:01:46.500,1793.5,0.01371,0.0,11.067599999999999,0.3803350000000001,0.0,11.040855,0.0,0.0
2024-06-18 05:01:47.000,1794.0,0.0,0.0,11.2464,0.5660000000000001,0.0,5.19171,0.0,0.0
2024-06-18 05:01:47.500,1794.5,3.1599099999999996,0.0,10.796610000000001,6.571619999999999,0.0,5.839604999999999,0.0,0.0
2024-06-18 05:01:48.000,1795.0,6.319819999999999,0.0,10.346820000000001,12.57724,0.0,6.487499999999999,0.0,0.0
2024-06-18 05:01:48.500,1795.5,6.422989999999999,0.0,5.6917800000000005,9.781744999999999,0.0,3.7713699999999997,0.0,0.0
2024-06-18 05:01:49.000,1796.0,6.526159999999999,0.0,1.03674,6.986249999999999,0.0,1.0552400000000002,0.0,0.0
2024-06-18 05:01:49.500,1796.5,6.127330000000001,0.0,0.99726,9.184265000000002,0.0,0.7960900000000001,0.0,0.0
2024-06-18 05:01:50.000,1797.0,5.728500000000001,0.0,0.9577800000000001,11.382280000000003,0.0,0.53694,0.0,0.0
2024-06-18 05:01:50.500,1797.5,9.84545,0.0,0.548565,13.63438,0.0,0.44696,0.0,0.0
2024-06-18 05:01:51.000,1798.0,13.962399999999999,0.0,0.13935,15.886479999999997,0.0,0.3569800000000001,0.0,0.0
2024-06-18 05:01:51.500,1798.5,10.69304,0.0,2.8806599999999998,10.669364999999999,0.0,5.354409999999999,0.0,0.0
2024-06-18 05:01:52.000,1799.0,7.42368,0.0,5.62197,5.452250000000001,0.0,10.351839999999997,0.0,0.0
2024-06-18 05:01:52.500,1799.5,5.18416,0.0,10.970624999999998,3.1158850000000005,0.0,7.622944999999998,0.0,0.0
2024-06-18 05:01:53.000,1800.0,2.94464,0.0,16.319279999999996,0.77952,0.0,4.894049999999999,0.0,0.0
2024-06-18 05:01:53.500,1800.5,7.240480000000002,0.0,8.159639999999998,6.044639999999999,0.0,2.4470249999999996,0.12717,0.0
2024-06-18 05:01:54.000,1801.0,11.536320000000002,0.0,0.0,11.309759999999999,0.0,0.0,0.25434,0.0
2024-06-18 05:01:54.500,1801.5,8.702385,0.0,5.0619,9.02647,0.0,2.932155,0.15521000000000001,0.0
2024-06-18 05:01:55.000,1802.0,5.868449999999999,0.0,10.1238,6.743180000000001,0.0,5.86431,0.056080000000000005,0.0
2024-06-18 05:01:55.500,1802.5,8.022825,0.0,5.188619999999999,10.748494999999998,0.0,3.1531949999999997,0.028040000000000002,0.0
2024-06-18 05:01:56.000,1803.0,10.1772,0.0,0.25344,14.753809999999998,0.0,0.44208,0.0,0.0
2024-06-18 05:01:56.500,1803.5,9.409624999999998,0.0,0.6357600000000001,12.669404999999998,0.0,0.30576,0.0,0.0
2024-06-18 05:01:57.000,1804.0,8.64205,0.0,1.01808,10.584999999999999,0.0,0.16943999999999998,0.0,0.0
2024-06-18 05:01:57.500,1804.5,5.79444,0.0,3.3925799999999997,5.942525,0.0,2.7364599999999997,0.0,0.0
2024-06-18 05:01:58.000,1805.0,2.94683,0.0,5.76708,1.30005,0.0,5.3034799999999995,0.0,0.0
2024-06-18 05:01:58.500,1805.5,1.4868299999999999,0.0,18.514065000000002,0.650025,0.0,6.50034,0.040725,0.0
2024-06-18 05:01:59.000,1806.0,0.02683,0.0,31.261050000000004,0.0,0.0,7.6972,0.08145,0.0
2024-06-18 05:01:59.500,1806.5,6.853235000000001,0.0,16.441635,2.9839,0.0,4.42014,0.040725,0.0
2024-06-18 05:02:00.000,1807.0,13.679640000000001,0.0,1.6222200000000002,5.9678,0.0,1.14308,0.0,0.0
2024-06-18 05:02:00.500,1807.5,6.867870000000001,0.0,5.958284999999999,4.712025000000001,0.0,6.223635,0.0,0.0
2024-06-18 05:02:01.000,1808.0,0.0561,0.0,10.294349999999998,3.4562500000000003,0.0,11.304189999999998,0.0,0.0
2024-06-18 05:02:01.500,1808.5,6.074895,0.0,5.161029999999999,9.153575,0.0,5.652094999999999,0.0,0.0
2024-06-18 05:02:02.000,1809.0,12.09369,0.0,0.02771,14.850900000000001,0.0,0.0,0.0,0.0
2024-06-18 05:02:02.500,1809.5,12.537945,0.0,0.013855,14.978730000000002,0.0,0.2736,0.0,0.0
2024-06-18 05:02:03.000,1810.0,12.9822,0.0,0.0,15.106560000000004,0.0,0.5472,0.0,0.0
2024-06-18 05:02:03.500,1810.5,11.022540000000001,0.0,1.23244,11.547740000000001,0.0,0.8953199999999999,0.0,0.0
2024-06-18 05:02:04.000,1811.0,9.062880000000002,0.0,2.46488,7.9889199999999985,0.0,1.2434399999999999,0.0,0.0
2024-06-18 05:02:04.500,1811.5,4.572090000000001,0.0,13.247694999999997,3.9944599999999992,0.0,6.08047,0.0,0.0
2024-06-18 05:02:05.000,1812.0,0.0813,0.0,24.030509999999996,0.0,0.0,10.9175,0.0,0.0
2024-06-18 05:02:05.500,1812.5,5.301209999999999,0.0,15.387524999999998,2.457875,0.0,5.641465,0.0,0.0
2024-06-18 05:02:06.000,1813.0,10.52112,0.0,6.744540000000001,4.91575,0.0,0.36543000000000003,0.0,0.0
2024-06-18 05:02:06.500,1813.5,7.541930000000001,0.0,8.665005,5.56845,0.0,2.6509049999999994,0.0,0.0
2024-06-18 05:02:07.000,1814.0,4.562740000000001,0.0,10.58547,6.221150000000001,0.0,4.936379999999999,0.0,0.0
2024-06-18 05:02:07.500,1814.5,7.33433,0.0,5.306660000000001,12.567775000000001,0.0,2.4681899999999994,0.0,0.0
2024-06-18 05:02:08.000,1815.0,10.10592,0.0,0.027850000000000003,18.9144,0.0,0.0,0.0,0.0
2024-06-18 05:02:08.500,1815.5,6.04984,0.0,0.6252350000000002,10.4704,0.0,0.24939000000000003,0.0,0.0
2024-06-18 05:02:09.000,1816.0,1.9937600000000002,0.0,1.2226200000000003,2.0264,0.0,0.49878000000000006,0.0,0.0
2024-06-18 05:02:09.500,1816.5,1.0249800000000002,0.0,9.291150000000002,1.2926000000000002,0.0,2.8991700000000002,0.014055,0.0
2024-06-18 05:02:10.000,1817.0,0.05619999999999999,0.0,17.35968,0.5588000000000001,0.0,5.2995600000000005,0.02811,0.0
2024-06-18 05:02:10.500,1817.5,0.232325,0.0,23.35254,0.27940000000000004,0.0,5.788225,0.014055,0.0
2024-06-18 05:02:11.000,1818.0,0.40845,0.0,29.3454,0.0,0.0,6.276889999999999,0.0,0.0
2024-06-18 05:02:11.500,1818.5,6.069825,0.0,14.940790000000002,4.691159999999998,0.0,3.2512849999999993,0.0,0.0
2024-06-18 05:02:12.000,1819.0,11.7312,0.0,0.53618,9.382319999999996,0.0,0.22568,0.0,0.0
2024-06-18 05:02:12.500,1819.5,5.8656,0.0,9.93301,4.691159999999998,0.0,7.145739999999999,0.0,0.0
2024-06-18 05:02:13.000,1820.0,0.0,0.0,19.32984,0.0,0.0,14.0658,0.0,0.0
2024-06-18 05:02:13.500,1820.5,1.8882599999999998,0.0,11.29936,4.095449999999999,0.0,9.86748,0.01389,0.0
2024-06-18 05:02:14.000,1821.0,3.7765199999999997,0.0,3.2688800000000007,8.190899999999997,0.0,5.66916,0.02778,0.0
2024-06-18 05:02:14.500,1821.5,6.246924999999999,0.0,2.3253400000000006,10.08021,0.0,3.357945,0.02805,0.0
2024-06-18 05:02:15.000,1822.0,8.717329999999999,0.0,1.3818000000000001,11.969520000000001,0.0,1.04673,0.028319999999999998,0.0
2024-06-18 05:02:15.500,1822.5,4.358664999999999,0.0,7.5657749999999995,6.33351,0.0,4.099739999999999,0.014159999999999999,0.0
2024-06-18 05:02:16.000,1823.0,0.0,0.0,13.749749999999999,0.6975,0.0,7.152749999999998,0.0,0.0
2024-06-18 05:02:16.500,1823.5,4.99125,0.0,12.548115,1.82963,0.0,3.716874999999999,0.25110000000000005,0.0
2024-06-18 05:02:17.000,1824.0,9.9825,0.0,11.34648,2.96176,0.0,0.281,0.5022000000000001,0.0
2024-06-18 05:02:17.500,1824.5,8.0618,0.0,8.621184999999999,5.22617,0.0,1.3578299999999999,0.29373000000000005,0.0
2024-06-18 05:02:18.000,1825.0,6.1411,0.0,5.895889999999999,7.4905800000000005,0.0,2.4346599999999996,0.08526,0.0
2024-06-18 05:02:18.500,1825.5,3.0852749999999998,0.0,5.107284999999999,3.84819,0.0,3.17913,0.04263,0.0
2024-06-18 05:02:19.000,1826.0,0.029450000000000004,0.0,4.3186800000000005,0.2058,0.0,3.9236,0.0,0.0
2024-06-18 05:02:19.500,1826.5,0.014725000000000002,0.0,2.8394500000000003,0.1029,1.5096500000000002,1.9618,1.8912,0.44565
2024-06-18 05:02:20.000,1827.0,0.0,0.0,1.3602199999999998,0.0,3.0193000000000003,0.0,3.7824,0.8913
2024-06-18 05:02:20.500,1827.5,2.50346,0.0,3.3603699999999996,0.17291999999999996,1.5096500000000002,2.60097,1.8912,0.44565
2024-06-18 05:02:21.000,1828.0,5.00692,0.0,5.360519999999999,0.3458399999999999,0.0,5.20194,0.0,0.0
2024-06-18 05:02:21.500,1828.5,5.361700000000001,0.0,6.36966,4.571295,0.0,5.00048,0.0,0.0
2024-06-18 05:02:22.000,1829.0,5.716480000000001,0.0,7.3788,8.796750000000001,0.0,4.79902,0.0,0.0
2024-06-18 05:02:22.500,1829.5,12.669119999999998,0.0,3.786595,8.930064999999999,0.0,2.5097099999999997,0.0,0.0
2024-06-18 05:02:23.000,1830.0,19.621759999999995,0.0,0.19439000000000003,9.063379999999999,0.0,0.22039999999999998,0.0,0.0
2024-06-18 05:02:23.500,1830.5,19.735839999999996,0.0,0.09719500000000002,8.98705,0.0,0.19474,0.0,0.0
2024-06-18 05:02:24.000,1831.0,19.849919999999997,0.0,0.0,8.91072,0.0,0.16908,0.0,0.0
2024-06-18 05:02:24.500,1831.5,16.137825,0.0,0.11399999999999999,7.60219,0.0,0.60772,0.0,0.0
2024-06-18 05:02:25.000,1832.0,12.42573,0.0,0.22799999999999998,6.293660000000001,0.0,1.04636,0.0,0.0
2024-06-18 05:02:25.500,1832.5,7.14789,0.0,2.7102299999999993,5.71003,0.0,1.7696999999999998,0.014145,0.0
2024-06-18 05:02:26.000,1833.0,1.87005,0.0,5.192459999999999,5.126399999999999,0.0,2.4930399999999997,0.02829,0.0
2024-06-18 05:02:26.500,1833.5,1.084175,0.0,3.8574199999999994,2.6789199999999997,0.0,2.48156,0.014145,0.0
2024-06-18 05:02:27.000,1834.0,0.2983,0.0,2.52238,0.23143999999999998,0.0,2.4700800000000003,0.0,0.0
2024-06-18 05:02:27.500,1834.5,0.40097,0.24038000000000004,3.71952,0.54562,0.23766,2.311115,0.05588,0.0
2024-06-18 05:02:28.000,1835.0,0.50364,0.4807600000000001,4.91666,0.8598,0.47532,2.15215,0.11176,0.0
2024-06-18 05:02:28.500,1835.5,1.1436600000000001,1.20836,6.1071100000000005,1.02717,0.7519600000000002,2.6988649999999996,0.05588,0.0
2024-06-18 05:02:29.000,1836.0,1.78368,1.9359600000000001,7.297560000000001,1.19454,1.0286000000000002,3.24558,0.0,0.0
2024-06-18 05:02:29.500,1836.5,3.8309400000000005,0.9679800000000001,4.38354,4.630265000000001,0.5143000000000001,1.9377199999999999,0.0,0.0
2024-06-18 05:02:30.000,1837.0,5.8782000000000005,0.0,1.4695200000000002,8.065990000000003,0.0,0.62986,0.0,0.0
2024-06-18 05:02:30.500,1837.5,10.036259999999999,0.0,0.804185,9.295115000000001,0.0,0.329025,0.0,0.0
2024-06-18 05:02:31.000,1838.0,14.19432,0.0,0.13885,10.524239999999999,0.0,0.02819,0.0,0.0
2024-06-18 05:02:31.500,1838.5,11.570149999999998,0.0,0.38116499999999987,9.19932,0.0,0.44639499999999993,0.0,0.0
2024-06-18 05:02:32.000,1839.0,8.945979999999999,0.0,0.6234799999999998,7.8744,0.0,0.8645999999999999,0.0,0.0
2024-06-18 05:02:32.500,1839.5,8.40274,0.1674,1.26714,4.9704,0.0,1.7964600000000002,0.0,0.0
2024-06-18 05:02:33.000,1840.0,7.859500000000001,0.3348,1.9108000000000003,2.0664,0.0,2.72832,0.0,0.0
2024-06-18 05:02:33.500,1840.5,8.982709999999999,0.21017999999999998,1.0674800000000002,7.6568,0.0,1.36416,0.0,0.0
2024-06-18 05:02:34.000,1841.0,10.105919999999998,0.08556,0.22416,13.2472,0.0,0.0,0.0,0.0
2024-06-18 05:02:34.500,1841.5,6.099049999999998,0.04278,1.25328,7.908799999999999,0.0,1.34984,0.0,0.0
2024-06-18 05:02:35.000,1842.0,2.09218,0.0,2.2824,2.5704,0.0,2.69968,0.0,0.0
2024-06-18 05:02:35.500,1842.5,1.91046,0.0,3.369,2.59344,0.0,2.998365,0.0,0.0
2024-06-18 05:02:36.000,1843.0,1.72874,0.0,4.4556000000000004,2.61648,0.0,3.2970500000000005,0.0,0.0
2024-06-18 05:02:36.500,1843.5,2.897995,0.0,5.829675,3.3765300000000003,0.0,4.97245,0.0,0.0
2024-06-18 05:02:37.000,1844.0,4.06725,0.0,7.20375,4.13658,0.0,6.64785,0.0,0.0
2024-06-18 05:02:37.500,1844.5,2.033625,0.0,11.575385,2.06829,0.0,12.801075,0.0,0.0
2024-06-18 05:02:38.000,1845.0,0.0,0.0,15.947019999999998,0.0,0.0,18.9543,0.0,0.0
2024-06-18 05:02:38.500,1845.5,2.5614000000000003,0.0,9.432109999999998,3.5160399999999994,0.0,11.640080000000001,0.01392,0.0
2024-06-18 05:02:39.000,1846.0,5.122800000000001,0.0,2.9172,7.032079999999999,0.0,4.3258600000000005,0.02784,0.0
2024-06-18 05:02:39.500,1846.5,2.7169950000000003,0.0,5.770289999999999,4.28743,0.0,3.8066500000000003,0.01392,0.0
2024-06-18 05:02:40.000,1847.0,0.3111899999999999,0.0,8.62338,1.5427800000000003,0.0,3.2874399999999997,0.0,0.0
2024-06-18 05:02:40.500,1847.5,0.36904499999999996,0.0,8.892139999999998,1.4747850000000002,0.0,2.9699,0.0,0.0
2024-06-18 05:02:41.000,1848.0,0.4269,0.0,9.160899999999998,1.40679,0.0,2.65236,0.0,0.0
2024-06-18 05:02:41.500,1848.5,0.21345,0.0,9.156469999999999,1.077275,0.0,2.80402,0.0,0.0
2024-06-18 05:02:42.000,1849.0,0.0,0.0,9.152040000000001,0.74776,0.0,2.95568,0.0,0.0
2024-06-18 05:02:42.500,1849.5,3.92685,0.0,10.999920000000003,2.02241,0.0,3.32188,0.0,0.0
2024-06-18 05:02:43.000,1850.0,7.8537,0.0,12.847800000000003,3.29706,0.0,3.68808,0.0,0.0
2024-06-18 05:02:43.500,1850.5,8.396535,0.0559,6.7493500000000015,6.836069999999999,0.0,2.3375399999999997,0.0,0.0
2024-06-18 05:02:44.000,1851.0,8.939369999999998,0.1118,0.6508999999999999,10.375079999999999,0.0,0.9870000000000002,0.0,0.0
2024-06-18 05:02:44.500,1851.5,6.457604999999999,0.0559,5.050005,8.037659999999999,0.0,4.959840000000001,0.0,0.0
2024-06-18 05:02:45.000,1852.0,3.97584,0.0,9.44911,5.70024,0.0,8.932680000000001,0.0,0.0
2024-06-18 05:02:45.500,1852.5,1.98792,0.0,11.11468,2.85012,0.0,13.377910000000002,0.08238,0.0
2024-06-18 05:02:46.000,1853.0,0.0,0.0,12.780249999999999,0.0,0.0,17.823140000000002,0.16476,0.0
2024-06-18 05:02:46.500,1853.5,2.19142,0.0,6.734164999999999,4.277200000000001,0.0,9.278170000000001,0.08238,0.014255
2024-06-18 05:02:47.000,1854.0,4.38284,0.0,0.68808,8.554400000000001,0.0,0.7332,0.0,0.02851
2024-06-18 05:02:47.500,1854.5,2.260245,0.0,9.82664,4.93191,0.0,5.0687999999999995,0.0,0.014255
2024-06-18 05:02:48.000,1855.0,0.13765000000000002,0.0,18.9652,1.30942,0.0,9.404399999999999,0.0,0.0
2024-06-18 05:02:48.500,1855.5,0.7373999999999999,0.0,12.18525,1.7709800000000002,0.0,5.6187,0.0,0.0
2024-06-18 05:02:49.000,1856.0,1.3371499999999998,0.0,5.4053,2.23254,0.0,1.8330000000000002,0.0,0.0
2024-06-18 05:02:49.500,1856.5,0.780175,0.013875,10.5226,1.53882,0.0,3.1419300000000003,0.0,0.0
2024-06-18 05:02:50.000,1857.0,0.2232,0.02775,15.639900000000003,0.8451000000000001,0.0,4.4508600000000005,0.0,0.0
2024-06-18 05:02:50.500,1857.5,7.284749999999999,0.055290000000000006,7.819950000000001,5.13529,0.0,2.2666350000000004,0.0,0.0
2024-06-18 05:02:51.000,1858.0,14.346299999999998,0.08283,0.0,9.42548,0.0,0.08241,0.0,0.0
2024-06-18 05:02:51.500,1858.5,10.698629999999998,0.041415,0.13985,11.51188,0.0,6.009015,0.0,0.0
2024-06-18 05:02:52.000,1859.0,7.05096,0.0,0.2797,13.598279999999999,0.0,11.935619999999998,0.0,0.0
2024-06-18 05:02:52.500,1859.5,3.55354,0.0,10.335049999999999,6.7991399999999995,0.0,8.153369999999999,0.0,0.0
2024-06-18 05:02:53.000,1860.0,0.05612,0.0,20.390399999999996,0.0,0.0,4.37112,0.0,0.0
2024-06-18 05:02:53.500,1860.5,2.8973199999999997,0.0,12.223749999999999,3.715305,0.0,3.6202650000000003,0.0,0.0
2024-06-18 05:02:54.000,1861.0,5.738519999999999,0.0,4.0571,7.43061,0.0,2.8694100000000002,0.0,0.0
2024-06-18 05:02:54.500,1861.5,7.54382,0.0,2.28001,10.560605,0.0,1.50523,0.0,0.0
2024-06-18 05:02:55.000,1862.0,9.349120000000001,0.0,0.50292,13.690600000000002,0.0,0.14104999999999998,0.0,0.0
2024-06-18 05:02:55.500,1862.5,10.405310000000002,0.0,0.265465,13.15862,0.0,0.267085,0.0,0.0
2024-06-18 05:02:56.000,1863.0,11.461500000000003,0.0,0.028010000000000004,12.62664,0.0,0.39312,0.0,0.0
2024-06-18 05:02:56.500,1863.5,6.180030000000001,0.0,7.043005,6.36952,0.0,3.257345,0.0,0.0
2024-06-18 05:02:57.000,1864.0,0.8985599999999999,0.0,14.058,0.1124,0.0,6.121569999999999,0.0,0.0
2024-06-18 05:02:57.500,1864.5,1.0588049999999998,0.0,14.909249999999998,0.0562,0.0,5.420345,0.0,0.0
2024-06-18 05:02:58.000,1865.0,1.2190499999999997,0.0,15.760499999999997,0.0,0.0,4.719120000000001,0.0,0.0
2024-06-18 05:02:58.500,1865.5,2.40848,0.0,10.771004999999999,1.03222,0.0,4.8658,0.0,0.0
2024-06-18 05:02:59.000,1866.0,3.59791,0.0,5.781510000000001,2.06444,0.0,5.012479999999999,0.0,0.0
2024-06-18 05:02:59.500,1866.5,2.025835,0.0,7.956245,1.1020699999999999,0.0,7.274089999999999,0.0,0.0
2024-06-18 05:03:00.000,1867.0,0.45376000000000005,0.0,10.13098,0.13970000000000002,0.0,9.5357,0.0,0.0
2024-06-18 05:03:00.500,1867.5,0.602045,0.0,8.19418,2.077135,0.0,10.29343,0.0,0.0
2024-06-18 05:03:01.000,1868.0,0.75033,0.0,6.257379999999999,4.01457,0.0,11.05116,0.0,0.0
2024-06-18 05:03:01.500,1868.5,0.5585950000000001,0.0,5.771414999999999,2.730465,0.0,7.51638,0.0286,0.0
2024-06-18 05:03:02.000,1869.0,0.36686,0.0,5.285450000000001,1.44636,0.0,3.9816000000000007,0.0572,0.0
2024-06-18 05:03:02.500,1869.5,0.18343,0.0,6.1587250000000004,1.38144,0.0,2.7916000000000003,0.0286,0.0
2024-06-18 05:03:03.000,1870.0,0.0,0.0,7.032,1.31652,0.0,1.6016000000000001,0.0,0.0
2024-06-18 05:03:03.500,1870.5,0.19859,0.0,5.4222,1.30939,0.0,2.19779,0.0,0.0
2024-06-18 05:03:04.000,1871.0,0.39718,0.0,3.8124000000000002,1.30226,0.0,2.79398,0.0,0.0
2024-06-18 05:03:04.500,1871.5,2.3727199999999997,0.0,4.8702,4.2811900000000005,0.0,2.59441,0.0,0.0
2024-06-18 05:03:05.000,1872.0,4.34826,0.0,5.927999999999999,7.260120000000001,0.0,2.3948399999999994,0.0,0.0
2024-06-18 05:03:05.500,1872.5,9.03816,0.0,3.404355,6.8011800000000004,0.0,1.2399299999999998,0.0,0.0
2024-06-18 05:03:06.000,1873.0,13.72806,0.0,0.8807100000000001,6.342239999999999,0.0,0.08502,0.0,0.0
2024-06-18 05:03:06.500,1873.5,14.203529999999999,0.0,0.5790550000000001,7.425239999999999,0.0,0.08455499999999999,0.0,0.0
2024-06-18 05:03:07.000,1874.0,14.678999999999998,0.0,0.27740000000000004,8.508239999999999,0.0,0.08409,0.0,0.0
2024-06-18 05:03:07.500,1874.5,10.82195,0.0,0.46897999999999995,5.8185,0.0,0.39364499999999997,0.0,0.0
2024-06-18 05:03:08.000,1875.0,6.964899999999999,0.0,0.6605599999999999,3.1287600000000007,0.0,0.7031999999999999,0.0,0.0
2024-06-18 05:03:08.500,1875.5,3.4824499999999996,0.0,0.53867,1.5643800000000003,0.0,0.51418,1.3859799999999998,0.0
2024-06-18 05:03:09.000,1876.0,0.0,0.0,0.41678,0.0,0.0,0.32515999999999995,2.7719599999999995,0.0
2024-06-18 05:03:09.500,1876.5,0.0,0.0,0.43324,0.06044,0.0,0.5856600000000001,1.3859799999999998,0.0
2024-06-18 05:03:10.000,1877.0,0.0,0.0,0.44970000000000004,0.12088,0.0,0.84616,0.0,0.0
2024-06-18 05:03:10.500,1877.5,0.05954000000000001,0.0,0.8839699999999999,0.06044,0.0,0.6634,0.0,0.0
2024-06-18 05:03:11.000,1878.0,0.11908000000000002,0.0,1.3182399999999999,0.0,0.0,0.48064,0.0,0.0
2024-06-18 05:03:11.500,1878.5,0.05954000000000001,0.0,0.6876199999999999,0.0,0.0,0.32714,5.586,0.05784
2024-06-18 05:03:12.000,1879.0,0.0,0.0,0.057,0.0,0.0,0.17364,11.172,0.11568
2024-06-18 05:03:12.500,1879.5,0.0,3.9855150000000004,0.08526,0.0,0.5712,0.31418,6.1017,1.05394
2024-06-18 05:03:13.000,1880.0,0.0,7.971030000000001,0.11352000000000001,0.0,1.1424,0.45471999999999996,1.0314,1.9922000000000002
2024-06-18 05:03:13.500,1880.5,0.0,3.9855150000000004,0.08563000000000001,0.0,0.62904,0.22735999999999998,7.051035000000001,0.9961000000000001
2024-06-18 05:03:14.000,1881.0,0.0,0.0,0.05774,0.0,0.11568,0.0,13.070670000000002,0.0
2024-06-18 05:03:14.500,1881.5,0.21607500000000002,0.0,7.78491,0.06820000000000001,0.05784,3.34425,6.671585,0.0
2024-06-18 05:03:15.000,1882.0,0.43215000000000003,0.0,15.512080000000001,0.13640000000000002,0.0,6.6885,0.27249999999999996,0.0
2024-06-18 05:03:15.500,1882.5,3.3480749999999997,0.0,12.417060000000001,2.09609,0.0,4.76613,0.91073,0.22128
2024-06-18 05:03:16.000,1883.0,6.263999999999999,0.0,9.322040000000001,4.0557799999999995,0.0,2.8437600000000005,1.5489600000000001,0.44256
2024-06-18 05:03:16.500,1883.5,5.352454999999999,0.0,4.661020000000001,6.374649999999999,0.0,1.4218800000000003,1.1803400000000002,0.22128
2024-06-18 05:03:17.000,1884.0,4.44091,0.0,0.0,8.69352,0.0,0.0,0.8117200000000001,0.0
2024-06-18 05:03:17.500,1884.5,7.393834999999999,0.0,0.7127249999999999,9.66866,0.0,0.15422,0.40586000000000005,0.0
2024-06-18 05:03:18.000,1885.0,10.34676,0.0,1.4254499999999999,10.6438,0.0,0.30844,0.0,0.0
2024-06-18 05:03:18.500,1885.5,9.55622,0.0,1.0175349999999999,10.7198,0.0,0.29552,0.0,0.0
2024-06-18 05:03:19.000,1886.0,8.76568,0.0,0.6096199999999999,10.7958,0.0,0.28259999999999996,0.0,0.0
2024-06-18 05:03:19.500,1886.5,5.448964999999999,0.0,2.871010000000001,5.97036,0.0,6.463990000000001,0.0,0.0
2024-06-18 05:03:20.000,1887.0,2.13225,0.0,5.132400000000001,1.1449200000000002,0.0,12.645380000000001,0.0,0.0
2024-06-18 05:03:20.500,1887.5,4.913565,0.0,9.228270000000002,2.1622399999999997,0.0,8.02397,0.4031,0.0
2024-06-18 05:03:21.000,1888.0,7.694880000000001,0.0,13.32414,3.17956,0.0,3.40256,0.8062,0.0
2024-06-18 05:03:21.500,1888.5,6.5248800000000005,0.0,7.29027,6.73025,0.0,1.74352,2.5403000000000002,0.0
2024-06-18 05:03:22.000,1889.0,5.35488,0.0,1.2563999999999997,10.280940000000001,0.0,0.08447999999999999,4.274400000000001,0.0
2024-06-18 05:03:22.500,1889.5,3.3209799999999996,0.0,2.3502,6.074370000000001,0.0,2.14088,2.1936000000000004,0.0
2024-06-18 05:03:23.000,1890.0,1.28708,0.0,3.444,1.8678000000000001,0.0,4.19728,0.1128,0.0
2024-06-18 05:03:23.500,1890.5,3.9113649999999995,0.0,2.28862,7.5324599999999995,0.0,3.078795,0.08435,0.0
2024-06-18 05:03:24.000,1891.0,6.5356499999999995,0.0,1.1332400000000002,13.19712,0.0,1.96031,0.0559,0.0
2024-06-18 05:03:24.500,1891.5,3.42276,0.0,6.4102299999999985,7.480875,0.0,5.38563,0.08341,0.0
2024-06-18 05:03:25.000,1892.0,0.30987,0.0,11.687219999999998,1.7646300000000001,0.0,8.81095,0.11092,0.0
2024-06-18 05:03:25.500,1892.5,5.66388,0.0,7.30533,3.2286649999999995,0.0,4.515795,0.33476000000000006,0.0
2024-06-18 05:03:26.000,1893.0,11.01789,0.0,2.9234400000000003,4.692699999999999,0.0,0.22064,0.5586000000000001,0.0
2024-06-18 05:03:26.500,1893.5,8.276985,0.0,4.715070000000001,5.063675,0.05618000000000001,2.85397,0.43412500000000004,0.0
2024-06-18 05:03:27.000,1894.0,5.53608,0.0,6.5067,5.43465,0.11236000000000002,5.4873,0.30965,0.0
2024-06-18 05:03:27.500,1894.5,3.83394,0.0,6.747669999999999,5.266235,0.05618000000000001,7.44444,0.16874,0.0
2024-06-18 05:03:28.000,1895.0,2.1318,0.0,6.988639999999999,5.09782,0.0,9.401580000000001,0.02783,0.0
2024-06-18 05:03:28.500,1895.5,4.93515,0.0,3.8042999999999996,9.851410000000001,0.0,4.7007900000000005,0.013915,0.0
2024-06-18 05:03:29.000,1896.0,7.7385,0.0,0.61996,14.605,0.0,0.0,0.0,0.0
2024-06-18 05:03:29.500,1896.5,3.86925,0.0,10.523930000000002,7.3025,0.0,4.55338,0.05426,0.08091
2024-06-18 05:03:30.000,1897.0,0.0,0.0,20.4279,0.0,0.0,9.10676,0.10852,0.16182
2024-06-18 05:03:30.500,1897.5,6.3387199999999995,0.0,11.053615,1.9641600000000001,0.0,4.758954999999999,2.123715,0.08091
2024-06-18 05:03:31.000,1898.0,12.677439999999999,0.0,1.6793300000000004,3.9283200000000003,0.0,0.41115,4.13891,0.0
2024-06-18 05:03:31.500,1898.5,6.7007699999999994,0.0,5.936985,2.8402200000000004,0.0,6.270725000000001,2.096935,0.0
2024-06-18 05:03:32.000,1899.0,0.7241000000000001,0.0,10.19464,1.7521200000000001,0.0,12.130300000000002,0.05496000000000001,0.0
2024-06-18 05:03:32.500,1899.5,4.3031500000000005,0.0,5.23552,11.169979999999997,0.0,6.174590000000001,0.027480000000000004,0.0
2024-06-18 05:03:33.000,1900.0,7.8822,0.0,0.2764,20.587839999999996,0.0,0.21888000000000002,0.0,0.0
2024-06-18 05:03:33.500,1900.5,4.17842,0.0,8.65649,11.218854999999998,0.0,3.1896900000000006,0.0,0.0
2024-06-18 05:03:34.000,1901.0,0.47464,0.0,17.036579999999997,1.8498700000000001,0.0,6.160500000000002,0.0,0.0
2024-06-18 05:03:34.500,1901.5,2.1072200000000003,0.0,17.063715,1.021255,0.0,4.549590000000001,0.7697849999999999,0.16296
2024-06-18 05:03:35.000,1902.0,3.7398000000000002,0.0,17.09085,0.19264,0.0,2.93868,1.5395699999999999,0.32592
2024-06-18 05:03:35.500,1902.5,4.16323,0.0,13.208369999999999,1.2762399999999996,0.0,6.8986149999999995,0.8798649999999999,0.16296
2024-06-18 05:03:36.000,1903.0,4.586660000000001,0.0,9.32589,2.3598399999999993,0.0,10.858549999999997,0.22016,0.0
2024-06-18 05:03:36.500,1903.5,7.639055000000001,0.0,4.75902,7.6132,0.0,5.456784999999999,0.234325,0.0
2024-06-18 05:03:37.000,1904.0,10.691450000000001,0.0,0.19215000000000002,12.866560000000002,0.0,0.05502,0.24849,0.0
2024-06-18 05:03:37.500,1904.5,5.345725000000001,0.0,9.261935000000001,6.474245000000001,0.0,4.46838,0.124245,0.0
2024-06-18 05:03:38.000,1905.0,0.0,0.0,18.331720000000004,0.08192999999999999,0.0,8.88174,0.0,0.0
2024-06-18 05:03:38.500,1905.5,1.6013800000000002,0.0,20.0426,0.081255,0.013505000000000001,6.636105000000001,0.28476,0.013525
2024-06-18 05:03:39.000,1906.0,3.2027600000000005,0.0,21.75348,0.08058,0.027010000000000003,4.3904700000000005,0.56952,0.02705
2024-06-18 05:03:39.500,1906.5,5.110015000000001,0.0,12.208739999999999,2.881425,0.013505000000000001,3.145535,0.7034100000000001,0.013525
2024-06-18 05:03:40.000,1907.0,7.01727,0.0,2.6639999999999997,5.682270000000001,0.0,1.9006,0.8373,0.0
2024-06-18 05:03:40.500,1907.5,3.508635,0.0,9.305679999999999,2.8411350000000004,0.0,6.884479999999999,0.41865,0.0
2024-06-18 05:03:41.000,1908.0,0.0,0.0,15.947359999999998,0.0,0.0,11.86836,0.0,0.0
2024-06-18 05:03:41.500,1908.5,4.175725,0.0,8.140719999999998,7.847849999999999,0.0,6.100739999999999,0.11236000000000002,0.0
2024-06-18 05:03:42.000,1909.0,8.35145,0.0,0.33408,15.695699999999999,0.0,0.33311999999999997,0.22472000000000003,0.0
2024-06-18 05:03:42.500,1909.5,4.175725,0.0,10.502169999999998,7.999924999999999,0.0,3.9348150000000004,0.11236000000000002,0.0
2024-06-18 05:03:43.000,1910.0,0.0,0.0,20.670259999999995,0.30415,0.0,7.536510000000001,0.0,0.0
2024-06-18 05:03:43.500,1910.5,4.62055,0.0,18.498039999999996,1.063955,0.14668499999999998,5.234895000000001,0.29414,0.07943999999999998
2024-06-18 05:03:44.000,1911.0,9.2411,0.0,16.32582,1.82376,0.29336999999999996,2.9332800000000003,0.58828,0.15887999999999997
2024-06-18 05:03:44.500,1911.5,8.833459999999999,0.0,8.75133,5.455299999999999,0.216885,1.8489600000000002,0.35024,0.07943999999999998
2024-06-18 05:03:45.000,1912.0,8.425819999999998,0.0,1.1768399999999997,9.086839999999999,0.1404,0.76464,0.1122,0.0
2024-06-18 05:03:45.500,1912.5,4.212909999999999,0.0,6.023319999999999,4.543419999999999,0.0702,9.231660000000002,0.0561,0.0
2024-06-18 05:03:46.000,1913.0,0.0,0.0,10.8698,0.0,0.0,17.698680000000003,0.0,0.0
2024-06-18 05:03:46.500,1913.5,3.741155,0.0,5.58813,5.1282499999999995,0.0,9.072620000000002,0.24902999999999997,0.068925
2024-06-18 05:03:47.000,1914.0,7.48231,0.0,0.3064599999999999,10.256499999999999,0.0,0.44656,0.49805999999999995,0.13785
2024-06-18 05:03:47.500,1914.5,3.741155,0.0,12.052249999999999,5.1282499999999995,0.0,6.260570000000001,0.24902999999999997,0.068925
2024-06-18 05:03:48.000,1915.0,0.0,0.0,23.79804,0.0,0.0,12.074580000000003,0.0,0.0
2024-06-18 05:03:48.500,1915.5,0.36288000000000004,0.0,23.74842,0.11902500000000002,0.0,9.230490000000001,0.1626,0.06810000000000001
2024-06-18 05:03:49.000,1916.0,0.7257600000000001,0.0,23.6988,0.23805000000000004,0.0,6.3864,0.3252,0.13620000000000002
2024-06-18 05:03:49.500,1916.5,7.393380000000001,0.0,11.89092,4.814595000000001,0.05464000000000001,3.4248250000000002,0.6206400000000001,0.06810000000000001
2024-06-18 05:03:50.000,1917.0,14.061000000000002,0.0,0.08303999999999999,9.39114,0.10928000000000002,0.46325000000000005,0.91608,0.0
2024-06-18 05:03:50.500,1917.5,7.030500000000001,0.0,7.4422299999999995,4.72327,0.05464000000000001,5.448625,0.45804,0.0
2024-06-18 05:03:51.000,1918.0,0.0,0.0,14.80142,0.055400000000000005,0.0,10.434,0.0,0.0
2024-06-18 05:03:51.500,1918.5,0.0,0.0,10.95071,0.027700000000000002,0.0,7.769399999999999,0.0,0.0
2024-06-18 05:03:52.000,1919.0,0.0,0.0,7.1,0.0,0.0,5.104799999999999,0.0,0.0
2024-06-18 05:03:52.500,1919.5,2.4647100000000006,0.0,4.33148,4.868520000000001,0.0,3.2573999999999996,0.0,0.0
2024-06-18 05:03:53.000,1920.0,4.929420000000001,0.0,1.5629600000000003,9.737040000000002,0.0,1.4100000000000001,0.0,0.0
2024-06-18 05:03:53.500,1920.5,6.521455,0.0,0.7814800000000002,11.723980000000001,0.0,0.7050000000000001,0.0,0.0
2024-06-18 05:03:54.000,1921.0,8.113489999999999,0.0,0.0,13.71092,0.0,0.0,0.0,0.0
2024-06-18 05:03:54.500,1921.5,4.101189999999999,0.0,0.11760000000000002,6.85546,0.0,0.47104,0.0,0.0
2024-06-18 05:03:55.000,1922.0,0.08889,0.0,0.23520000000000005,0.0,0.0,0.94208,0.0,0.0
2024-06-18 05:03:55.500,1922.5,0.08807999999999999,0.0,1.29291,0.0724,0.0,1.9814649999999998,0.274455,0.0
2024-06-18 05:03:56.000,1923.0,0.08726999999999999,0.0,2.3506199999999997,0.1448,0.0,3.02085,0.54891,0.0
2024-06-18 05:03:56.500,1923.5,0.220515,0.41636000000000006,2.07245,0.0724,0.05772,1.554825,0.274455,0.0
2024-06-18 05:03:57.000,1924.0,0.35375999999999996,0.8327200000000001,1.79428,0.0,0.11544,0.08879999999999999,0.0,0.0
2024-06-18 05:03:57.500,1924.5,0.17687999999999998,0.8322200000000001,1.18294,0.0,0.072165,0.05870499999999999,5.8077000000000005,1.0045000000000002
2024-06-18 05:03:58.000,1925.0,0.0,0.83172,0.5716,0.0,0.028890000000000002,0.028609999999999997,11.615400000000001,2.0090000000000003
2024-06-18 05:03:58.500,1925.5,0.0,0.501,0.31394,0.0,0.14166,0.09893499999999998,12.29756,1.4110800000000003
2024-06-18 05:03:59.000,1926.0,0.0,0.17028,0.056280000000000004,0.0,0.25443,0.16925999999999997,12.97972,0.8131600000000002
2024-06-18 05:03:59.500,1926.5,0.0,0.14452,0.11658000000000002,0.0,0.29100499999999996,0.26337,6.65398,0.93866
2024-06-18 05:04:00.000,1927.0,0.0,0.11876000000000002,0.17688,0.0,0.32758,0.35748,0.32824,1.06416
2024-06-18 05:04:00.500,1927.5,0.0,0.2158,0.11684,0.0,0.6581650000000001,0.26454,4.565440000000001,1.0695899999999998
2024-06-18 05:04:01.000,1928.0,0.0,0.31284,0.056799999999999996,0.0,0.9887500000000001,0.1716,8.80264,1.0750199999999999
2024-06-18 05:04:01.500,1928.5,0.0,0.15642,0.22352999999999998,0.0,0.49437500000000006,0.17706,4.40132,0.5375099999999999
2024-06-18 05:04:02.000,1929.0,0.0,0.0,0.39026,0.0,0.0,0.18252,0.0,0.0
2024-06-18 05:04:02.500,1929.5,0.0,0.0,0.31329,0.0,0.6689249999999999,0.09126,0.23664000000000002,0.1192
2024-06-18 05:04:03.000,1930.0,0.0,0.0,0.23632000000000003,0.0,1.3378499999999998,0.0,0.47328000000000003,0.2384
2024-06-18 05:04:03.500,1930.5,0.0,0.08829,0.4427699999999999,0.0,0.8160249999999999,0.11771999999999999,0.48815500000000006,0.45499999999999996
2024-06-18 05:04:04.000,1931.0,0.0,0.17658,0.6492199999999998,0.0,0.2942,0.23543999999999998,0.5030300000000001,0.6716
2024-06-18 05:04:04.500,1931.5,0.0,0.61173,0.4389299999999999,0.0,0.37742,0.247455,1.4665750000000002,0.9483699999999998
2024-06-18 05:04:05.000,1932.0,0.0,1.04688,0.22863999999999998,0.0,0.46064,0.25947000000000003,2.43012,1.2251399999999997
2024-06-18 05:04:05.500,1932.5,0.0,0.76088,0.17368,0.0,0.23032,0.20486000000000001,1.4516200000000001,0.9232649999999999
2024-06-18 05:04:06.000,1933.0,0.0,0.47488,0.11872,0.0,0.0,0.15025,0.47312,0.6213900000000001
2024-06-18 05:04:06.500,1933.5,0.0,0.309365,0.16012500000000002,0.0,0.08690999999999999,0.1497,4.964614999999999,0.4304150000000001
2024-06-18 05:04:07.000,1934.0,0.0,0.14385,0.20153000000000001,0.0,0.17381999999999997,0.14915,9.456109999999999,0.23944000000000004
2024-06-18 05:04:07.500,1934.5,0.5025200000000001,0.071925,0.801805,1.13724,0.08690999999999999,1.132975,4.7280549999999995,0.11972000000000002
2024-06-18 05:04:08.000,1935.0,1.0050400000000002,0.0,1.40208,2.27448,0.0,2.1168,0.0,0.0
2024-06-18 05:04:08.500,1935.5,0.5025200000000001,0.0,0.77624,1.13724,0.0,1.1187399999999998,0.0,0.0
2024-06-18 05:04:09.000,1936.0,0.0,0.0,0.1504,0.0,0.0,0.12068,0.0,0.0
2024-06-18 05:04:09.500,1936.5,0.2565,0.0,2.9394500000000003,0.6376499999999999,0.0,2.6056,0.0,0.0
2024-06-18 05:04:10.000,1937.0,0.513,0.0,5.728500000000001,1.2752999999999999,0.0,5.09052,0.0,0.0
2024-06-18 05:04:10.500,1937.5,0.2565,0.0,3.0140500000000006,0.6376499999999999,0.0,2.54526,0.0,0.0
2024-06-18 05:04:11.000,1938.0,0.0,0.0,0.29960000000000003,0.0,0.0,0.0,0.0,0.0
2024-06-18 05:04:11.500,1938.5,0.11824,0.0,1.45543,0.32428,0.0,0.23576,0.014729999999999998,0.0
2024-06-18 05:04:12.000,1939.0,0.23648,0.0,2.6112599999999997,0.64856,0.0,0.47152,0.029459999999999997,0.0
2024-06-18 05:04:12.500,1939.5,0.11824,0.0,1.5293549999999998,0.5959000000000001,0.0,0.52,0.014729999999999998,0.0
2024-06-18 05:04:13.000,1940.0,0.0,0.0,0.44745,0.5432400000000001,0.0,0.56848,0.0,0.0
2024-06-18 05:04:13.500,1940.5,0.0,0.0,0.2985,0.27162000000000003,0.0,0.570095,0.0,0.0
2024-06-18 05:04:14.000,1941.0,0.0,0.0,0.14955000000000002,0.0,0.0,0.5717099999999999,0.0,0.0
2024-06-18 05:04:14.500,1941.5,0.0,0.17766,0.118785,0.0,0.0,0.329835,0.39946499999999996,0.02947
2024-06-18 05:04:15.000,1942.0,0.0,0.35532,0.08802,0.0,0.0,0.08796,0.7989299999999999,0.05894
2024-06-18 05:04:15.500,1942.5,0.0,2.9136599999999997,0.15869,0.0,1.1008600000000002,0.10152,0.9182250000000001,0.17207
2024-06-18 05:04:16.000,1943.0,0.0,5.4719999999999995,0.22936,0.0,2.2017200000000003,0.11507999999999999,1.0375200000000002,0.2852
2024-06-18 05:04:16.500,1943.5,0.0,3.884175,0.11468,0.0,1.4893900000000002,0.12963999999999998,1.6823250000000003,1.163935
2024-06-18 05:04:17.000,1944.0,0.0,2.2963500000000003,0.0,0.0,0.7770600000000001,0.1442,2.3271300000000004,2.04267
2024-06-18 05:04:17.500,1944.5,0.0,2.035875,0.07375000000000001,0.0,0.47718000000000005,0.13106,1.1635650000000002,2.315895
2024-06-18 05:04:18.000,1945.0,0.0,1.7753999999999996,0.14750000000000002,0.0,0.17729999999999999,0.11792,0.0,2.5891199999999994
2024-06-18 05:04:18.500,1945.5,0.0,0.8876999999999998,0.19495,0.0,0.08864999999999999,0.11984,0.0,1.2945599999999997
2024-06-18 05:04:19.000,1946.0,0.0,0.0,0.24240000000000003,0.0,0.0,0.12176,0.0,0.0
2024-06-18 05:04:19.500,1946.5,0.0,0.0,0.12120000000000002,0.0,0.0,0.07608999999999999,0.0,0.01518
2024-06-18 05:04:20.000,1947.0,0.0,0.0,0.0,0.0,0.0,0.03042,0.0,0.03036
2024-06-18 05:04:20.500,1947.5,0.0,1.29369,0.043785,0.0,0.218925,0.044360000000000004,0.0,0.34495999999999993
2024-06-18 05:04:21.000,1948.0,0.0,2.58738,0.08757,0.0,0.43785,0.058300000000000005,0.0,0.6595599999999999
2024-06-18 05:04:21.500,1948.5,0.0,2.5905899999999997,0.242585,0.0,0.419265,0.029150000000000002,1.8538,1.229735
2024-06-18 05:04:22.000,1949.0,0.0,2.5938,0.3976,0.0,0.40068000000000004,0.0,3.7076,1.7999100000000001
2024-06-18 05:04:22.500,1949.5,0.0,3.0840899999999998,0.3146,0.0,0.24358500000000002,0.0,3.1594299999999995,2.205405
2024-06-18 05:04:23.000,1950.0,0.0,3.57438,0.2316,0.0,0.08649,0.0,2.6112599999999997,2.6108999999999996
2024-06-18 05:04:23.500,1950.5,0.0,2.8248550000000003,0.20285999999999998,0.0,0.08682000000000001,0.10220000000000001,2.07413,2.7805549999999997
2024-06-18 05:04:24.000,1951.0,0.0,2.07533,0.17412,0.0,0.08715,0.20440000000000003,1.537,2.95021
2024-06-18 05:04:24.500,1951.5,0.0,1.98374,0.13072499999999998,0.0,0.043575,0.26247,1.2877999999999998,2.366925
2024-06-18 05:04:25.000,1952.0,0.0,1.89215,0.08732999999999999,0.0,0.0,0.32053999999999994,1.0386,1.7836400000000001
2024-06-18 05:04:25.500,1952.5,0.0,1.538275,0.16158499999999998,0.0,0.0,0.21960999999999997,0.90319,1.65172
2024-06-18 05:04:26.000,1953.0,0.0,1.1844,0.23584,0.0,0.0,0.11868000000000001,0.7677800000000001,1.5198
2024-06-18 05:04:26.500,1953.5,0.0,0.5922,0.163325,0.0,0.0,0.059340000000000004,0.38389000000000006,0.7599
2024-06-18 05:04:27.000,1954.0,0.0,0.0,0.09081,0.0,0.0,0.0,0.0,0.0
2024-06-18 05:04:27.500,1954.5,0.0,0.0,0.045405,0.0,0.0,0.0,0.0,0.0
2024-06-18 05:04:28.000,1955.0,0.0,0.0,0.0,0.0,0.0,0.0,0.0,0.0
2024-06-18 05:04:28.500,1955.5,0.0,0.0,0.07477500000000001,0.0,0.0,0.015105,0.0,0.0
2024-06-18 05:04:29.000,1956.0,0.0,0.0,0.14955000000000002,0.0,0.0,0.03021,0.0,0.0
2024-06-18 05:04:29.500,1956.5,0.0,0.0,0.12021000000000001,0.0,0.0,0.030205000000000003,0.04512,0.0
2024-06-18 05:04:30.000,1957.0,0.0,0.0,0.09086999999999999,0.0,0.0,0.0302,0.09024,0.0
2024-06-18 05:04:30.500,1957.5,0.0,0.0,0.18146999999999996,0.0,0.0,0.16625,0.04512,0.0
2024-06-18 05:04:31.000,1958.0,0.0,0.0,0.27207,0.0,0.0,0.3023,0.0,0.0
2024-06-18 05:04:31.500,1958.5,0.0,0.0,0.28813500000000003,0.0,0.0,0.15115,0.0,0.0
2024-06-18 05:04:32.000,1959.0,0.0,0.0,0.3042,0.0,0.0,0.0,0.0,0.0
2024-06-18 05:04:32.500,1959.5,0.0,0.0,0.24285,0.0,0.0,0.045375,0.0,0.0
2024-06-18 05:04:33.000,1960.0,0.0,0.0,0.1815,0.0,0.0,0.09075,0.0,0.0
2024-06-18 05:04:33.500,1960.5,0.0,0.0,0.21178999999999998,0.0,0.0,0.15139000000000002,0.0,0.0
2024-06-18 05:04:34.000,1961.0,0.0,0.0,0.24208,0.0,0.0,0.21203000000000002,0.0,0.0
2024-06-18 05:04:34.500,1961.5,0.0,0.0,0.18144,0.0,0.0,0.10601500000000001,0.0,0.0
2024-06-18 05:04:35.000,1962.0,0.0,0.0,0.1208,0.0,0.0,0.0,0.0,0.0
2024-06-18 05:04:35.500,1962.5,0.0,0.0,0.0604,0.0,0.17934,0.04538999999999999,0.0,0.0
2024-06-18 05:04:36.000,1963.0,0.0,0.0,0.0,0.0,0.35868,0.09077999999999999,0.0,0.0
2024-06-18 05:04:36.500,1963.5,0.0,0.0,0.10612,0.0,0.17934,0.16682999999999998,0.0,0.0
2024-06-18 05:04:37.000,1964.0,0.0,0.0,0.21224,0.0,0.0,0.24287999999999998,0.0,0.0
2024-06-18 05:04:37.500,1964.5,0.0,0.0,0.12127500000000001,0.0,0.0,0.136565,0.0,0.0
2024-06-18 05:04:38.000,1965.0,0.0,0.0,0.030309999999999997,0.0,0.0,0.03025,0.0,0.0
2024-06-18 05:04:38.500,1965.5,0.0,0.0,0.09058000000000002,0.0,0.0,0.075305,0.015135000000000001,0.0
2024-06-18 05:04:39.000,1966.0,0.0,0.0,0.15085000000000004,0.0,0.0,0.12036,0.030270000000000002,0.0
2024-06-18 05:04:39.500,1966.5,0.0,0.0,0.13626500000000002,0.0,0.0,0.30098,0.015135000000000001,0.0
2024-06-18 05:04:40.000,1967.0,0.0,0.0,0.12168,0.0,0.0,0.4816,0.0,0.0
2024-06-18 05:04:40.500,1967.5,0.0,0.0,0.13674,0.0,0.0,0.346815,0.0,0.0
2024-06-18 05:04:41.000,1968.0,0.0,0.0,0.1518,0.0,0.0,0.21203000000000002,0.0,0.0
2024-06-18 05:04:41.500,1968.5,0.0,0.0,0.1509,0.0,0.0,0.10601500000000001,0.0,0.0
2024-06-18 05:04:42.000,1969.0,0.0,0.0,0.15000000000000002,0.0,0.0,0.0,0.0,0.0
2024-06-18 05:04:42.500,1969.5,0.0,0.0,0.15087500000000004,0.0,0.0,0.04593,0.0,0.0
2024-06-18 05:04:43.000,1970.0,0.0,0.0,0.15175000000000002,0.0,0.0,0.09186,0.0,0.0
2024-06-18 05:04:43.500,1970.5,0.0,0.0,0.07587500000000001,0.0,0.0,0.0611,0.0,0.0
2024-06-18 05:04:44.000,1971.0,0.0,0.0,0.0,0.0,0.0,0.03034,0.0,0.0
2024-06-18 05:04:44.500,1971.5,0.0,0.0,0.045765,0.0,0.0,0.04568,0.0,0.0
2024-06-18 05:04:45.000,1972.0,0.0,0.0,0.09153,0.0,0.0,0.061020000000000005,0.0,0.0
2024-06-18 05:04:45.500,1972.5,0.0,0.0,0.060954999999999995,0.0,0.0,0.06114,0.0,0.0
2024-06-18 05:04:46.000,1973.0,0.0,0.0,0.030379999999999997,0.0,0.0,0.061259999999999995,0.0,0.0
2024-06-18 05:04:46.500,1973.5,0.0,0.0,0.015189999999999999,0.0,0.0,0.15131,0.0,0.0
2024-06-18 05:04:47.000,1974.0,0.0,0.0,0.0,0.0,0.0,0.24136,0.0,0.0
2024-06-18 05:04:47.500,1974.5,0.0,0.0,0.13648500000000002,0.0,0.0,0.135985,0.0,0.0
2024-06-18 05:04:48.000,1975.0,0.0,0.0,0.27297000000000005,0.0,0.0,0.030610000000000002,0.0,0.0
2024-06-18 05:04:48.500,1975.5,0.0,0.0,0.34676500000000005,0.0,0.0,0.12293000000000001,0.0,0.0
2024-06-18 05:04:49.000,1976.0,0.0,0.0,0.42056000000000004,0.0,0.0,0.21525000000000002,0.0,0.0
2024-06-18 05:04:49.500,1976.5,0.0,0.0,0.34658500000000003,0.0,0.0,0.22942500000000002,0.0,0.0
2024-06-18 05:04:50.000,1977.0,0.0,0.0,0.27261,0.0,0.0,0.2436,0.0,0.0
2024-06-18 05:04:50.500,1977.5,0.0,0.0,0.19690500000000002,0.0,0.0,0.198075,0.0,0.0
2024-06-18 05:04:51.000,1978.0,0.0,0.0,0.12120000000000002,0.0,0.0,0.15255000000000002,0.0,0.0
2024-06-18 05:04:51.500,1978.5,0.0,0.0,0.06060000000000001,0.0,0.0,0.258555,0.0,0.0
2024-06-18 05:04:52.000,1979.0,0.0,0.0,0.0,0.0,0.0,0.36455999999999994,0.0,0.0
2024-06-18 05:04:52.500,1979.5,0.0,0.0,0.12120000000000002,0.0,0.0,0.25865499999999997,0.0,0.0
2024-06-18 05:04:53.000,1980.0,0.0,0.0,0.24240000000000003,0.0,0.0,0.15275,0.0,0.0
2024-06-18 05:04:53.500,1980.5,0.0,0.0,0.22651500000000002,0.0,0.0,0.122065,0.0,0.0
2024-06-18 05:04:54.000,1981.0,0.0,0.0,0.21063,0.0,0.0,0.09138,0.0,0.0
2024-06-18 05:04:54.500,1981.5,0.0,0.0,0.165635,0.0,0.0,0.060805,0.0,0.0
2024-06-18 05:04:55.000,1982.0,0.0,0.0,0.12064,0.0,0.0,0.030229999999999996,0.0,0.0
2024-06-18 05:04:55.500,1982.5,0.0,0.0,0.10547,0.0,0.0,0.12071,0.0,0.0
2024-06-18 05:04:56.000,1983.0,0.0,0.0,0.09029999999999999,0.0,0.0,0.21119000000000002,0.0,0.0
2024-06-18 05:04:56.500,1983.5,0.0,0.0,0.045149999999999996,0.0,0.0,0.12061500000000001,0.0,0.0
2024-06-18 05:04:57.000,1984.0,0.0,0.0,0.0,0.0,0.0,0.03004,0.0,0.0
2024-06-18 05:04:57.500,1984.5,0.0,0.0,0.12219999999999999,0.0,0.0,0.10531999999999998,0.0,0.0
2024-06-18 05:04:58.000,1985.0,0.0,0.0,0.24439999999999998,0.0,0.0,0.18059999999999998,0.0,0.0
2024-06-18 05:04:58.500,1985.5,0.0,0.0,0.12219999999999999,0.0,0.0,0.18107999999999996,0.0,0.0
2024-06-18 05:04:59.000,1986.0,0.0,0.0,0.0,0.0,0.0,0.18155999999999997,0.0,0.0
2024-06-18 05:04:59.500,1986.5,0.0,0.0,0.0,0.0,0.0,0.09077999999999999,0.0,0.0
2024-06-18 05:05:00.000,1987.0,0.0,0.0,0.0,0.0,0.0,0.0,0.0,0.0
2024-06-18 05:05:00.500,1987.5,0.0,0.0,0.0,0.0,0.0,0.16571499999999997,0.0,0.0
2024-06-18 05:05:01.000,1988.0,0.0,0.0,0.0,0.0,0.0,0.33142999999999995,0.0,0.0
2024-06-18 05:05:01.500,1988.5,0.0,0.0,0.045584999999999994,0.0,0.0,0.256885,0.0,0.0
2024-06-18 05:05:02.000,1989.0,0.0,0.0,0.09116999999999999,0.0,0.0,0.18233999999999997,0.0,0.0
2024-06-18 05:05:02.500,1989.5,0.0,0.0,0.12228499999999998,0.0,0.0,0.12154999999999999,0.0,0.0
2024-06-18 05:05:03.000,1990.0,0.0,0.0,0.15339999999999998,0.0,0.0,0.060759999999999995,0.0,0.0
2024-06-18 05:05:03.500,1990.5,0.0,0.0,0.18267999999999998,0.0,0.0,0.07633999999999999,0.0,0.0
2024-06-18 05:05:04.000,1991.0,0.0,0.0,0.21195999999999998,0.0,0.0,0.09192,0.0,0.0
2024-06-18 05:05:04.500,1991.5,0.0,0.0,0.19702999999999998,0.0,0.0,0.04596,0.0,0.0
2024-06-18 05:05:05.000,1992.0,0.0,0.0,0.1821,0.0,0.0,0.0,0.0,0.0
2024-06-18 05:05:05.500,1992.5,0.0,0.0,0.09105,0.0,0.0,0.18018,0.0,0.0
2024-06-18 05:05:06.000,1993.0,0.0,0.0,0.0,0.0,0.0,0.36036,0.0,0.0
2024-06-18 05:05:06.500,1993.5,0.0,0.0,0.03013,0.0,0.0,0.27177,0.0,0.0
2024-06-18 05:05:07.000,1994.0,0.0,0.0,0.06026,0.0,0.0,0.18317999999999998,0.0,0.0
2024-06-18 05:05:07.500,1994.5,0.0,0.0,0.09107,0.0,0.0,0.15227,0.0,0.0
2024-06-18 05:05:08.000,1995.0,0.0,0.0,0.12187999999999999,0.0,0.0,0.12136,0.0,0.0
2024-06-18 05:05:08.500,1995.5,0.0,0.0,0.12145999999999998,0.0,0.0,0.106235,0.0,0.0
2024-06-18 05:05:09.000,1996.0,0.0,0.0,0.12104,0.0,0.0,0.09111,0.0,0.0
2024-06-18 05:05:09.500,1996.5,0.0,0.0,0.13657,0.0,0.0,0.198405,0.0,0.0
2024-06-18 05:05:10.000,1997.0,0.0,0.0,0.1521,0.0,0.0,0.3057,0.0,0.0
2024-06-18 05:05:10.500,1997.5,0.0,0.0,0.07605,0.0,0.0,0.21285,0.0,0.0
2024-06-18 05:05:11.000,1998.0,0.0,0.0,0.0,0.0,0.0,0.12,0.0,0.0
2024-06-18 05:05:11.500,1998.5,0.0,0.0,0.18180000000000002,0.0,0.0,0.18344,0.0,0.0
2024-06-18 05:05:12.000,1999.0,0.0,0.0,0.36360000000000003,0.0,0.0,0.24688000000000002,0.0,0.0
2024-06-18 05:05:12.500,1999.5,0.0,0.0,0.36282000000000003,0.0,0.0,0.32143,0.0,0.0
2024-06-18 05:05:13.000,2000.0,0.0,0.0,0.36204,0.0,0.0,0.39598,0.0,0.0
2024-06-18 05:05:13.500,2000.5,0.0,0.0,0.42301999999999995,0.0,0.0,0.28949,0.0,0.0
2024-06-18 05:05:14.000,2001.0,0.0,0.0,0.484,0.0,0.0,0.183,0.0,0.0
2024-06-18 05:05:14.500,2001.5,0.0,0.0,0.242,0.0,0.0,0.21194000000000002,0.0,0.0
2024-06-18 05:05:15.000,2002.0,0.0,0.0,0.0,0.0,0.0,0.24088,0.0,0.0
2024-06-18 05:05:15.500,2002.5,0.0,0.0,0.015175000000000001,0.0,0.0,0.12044,0.0,0.0
2024-06-18 05:05:16.000,2003.0,0.0,0.0,0.030350000000000002,0.0,0.0,0.0,0.0,0.0
2024-06-18 05:05:16.500,2003.5,0.0,0.0,0.015175000000000001,0.0,0.0,0.0,0.0,0.0
2024-06-18 05:05:17.000,2004.0,0.0,0.0,0.0,0.0,0.0,0.0,0.0,0.0
2024-06-18 05:05:17.500,2004.5,0.0,0.0,0.045794999999999995,0.0,0.0,0.015285,0.0,0.0
2024-06-18 05:05:18.000,2005.0,0.0,0.0,0.09158999999999999,0.0,0.0,0.03057,0.0,0.0
2024-06-18 05:05:18.500,2005.5,0.0,0.0,0.16691499999999998,0.0,0.0,0.136085,0.0,0.0
2024-06-18 05:05:19.000,2006.0,0.0,0.0,0.24223999999999998,0.0,0.0,0.24159999999999998,0.0,0.0
2024-06-18 05:05:19.500,2006.5,0.0,0.0,0.197745,0.0,0.0,0.15142,0.0,0.0
2024-06-18 05:05:20.000,2007.0,0.0,0.0,0.15325,0.0,0.0,0.061239999999999996,0.0,0.0
2024-06-18 05:05:20.500,2007.5,0.0,0.0,0.076625,0.0,0.0,0.030619999999999998,0.0,0.0
2024-06-18 05:05:21.000,2008.0,0.0,0.0,0.0,0.0,0.0,0.0,0.0,0.0
2024-06-18 05:05:21.500,2008.5,0.0,0.0,0.075375,0.0,0.0,0.19695,0.0,0.0
2024-06-18 05:05:22.000,2009.0,0.0,0.0,0.15075,0.0,0.0,0.3939,0.0,0.0
2024-06-18 05:05:22.500,2009.5,0.0,0.0,0.090395,0.0,0.0,0.42374999999999996,0.0,0.0
2024-06-18 05:05:23.000,2010.0,0.0,0.0,0.030039999999999997,0.0,0.0,0.4536,0.0,0.0
2024-06-18 05:05:23.500,2010.5,0.0,0.0,0.015019999999999999,0.0,0.0,0.2268,0.0,0.0
2024-06-18 05:05:24.000,2011.0,0.0,0.0,0.0,0.0,0.0,0.0,0.0,0.0
2024-06-18 05:05:24.500,2011.5,0.0,0.0,0.0,0.0,0.0,0.0,0.0,0.0
2024-06-18 05:05:25.000,2012.0,0.0,0.0,0.0,0.0,0.0,0.0,0.0,0.0
2024-06-18 05:05:25.500,2012.5,0.0,0.0,0.135585,0.0,0.0,0.10587500000000001,0.0,0.0
2024-06-18 05:05:26.000,2013.0,0.0,0.0,0.27117,0.0,0.0,0.21175000000000002,0.0,0.0
2024-06-18 05:05:26.500,2013.5,0.0,0.0,0.24230000000000002,0.0,0.0,0.18267500000000003,0.0,0.0
2024-06-18 05:05:27.000,2014.0,0.0,0.0,0.21343,0.0,0.0,0.15360000000000001,0.0,0.0
2024-06-18 05:05:27.500,2014.5,0.0,0.0,0.320005,0.0,0.0,0.21378,0.0,0.0
2024-06-18 05:05:28.000,2015.0,0.0,0.0,0.42658,0.0,0.0,0.27396,0.0,0.0
2024-06-18 05:05:28.500,2015.5,0.0,0.0,2.65349,0.05868,0.0,2.0991600000000004,0.0,0.0
2024-06-18 05:05:29.000,2016.0,0.0,0.0,4.880400000000001,0.11736,0.0,3.92436,0.0,0.0
2024-06-18 05:05:29.500,2016.5,0.0,0.0,2.6531400000000005,0.05868,0.0,2.0845000000000002,0.0,0.0
2024-06-18 05:05:30.000,2017.0,0.0,0.0,0.42588000000000004,0.0,0.0,0.24464,0.0,0.0
2024-06-18 05:05:30.500,2017.5,0.58753,0.0,2.5691050000000004,0.72125,0.0,3.920394999999999,0.0,0.0
2024-06-18 05:05:31.000,2018.0,1.17506,0.0,4.712330000000001,1.4425,0.0,7.596149999999999,0.0,0.0
2024-06-18 05:05:31.500,2018.5,0.8310550000000001,1.0962999999999998,3.6035950000000003,0.89423,0.532245,4.507104999999999,1.6820000000000002,0.60393
2024-06-18 05:05:32.000,2019.0,0.4870500000000001,2.1925999999999997,2.4948599999999996,0.34596,1.06449,1.41806,3.3640000000000003,1.20786
2024-06-18 05:05:32.500,2019.5,0.24352500000000005,1.0962999999999998,1.39933,0.17298,0.532245,0.70903,1.6820000000000002,0.60393
2024-06-18 05:05:33.000,2020.0,0.0,0.0,0.30380000000000007,0.0,0.0,0.0,0.0,0.0
2024-06-18 05:05:33.500,2020.5,0.0,0.0,0.15190000000000003,0.0,0.0,0.0,0.0,0.0
2024-06-18 05:05:34.000,2021.0,0.0,0.0,0.0,0.0,0.0,0.0,0.0,0.0
2024-06-18 05:05:34.500,2021.5,0.0,0.0,0.403785,0.06022,0.0,2.3088,0.0,0.0
2024-06-18 05:05:35.000,2022.0,0.0,0.0,0.80757,0.12044,0.0,4.6176,0.0,0.0
2024-06-18 05:05:35.500,2022.5,0.3562,0.0,5.55705,1.9915200000000006,0.0,11.536260000000002,0.13385,0.12415500000000003
2024-06-18 05:05:36.000,2023.0,0.7124,0.0,10.30653,3.862600000000001,0.0,18.45492,0.2677,0.24831000000000006
2024-06-18 05:05:36.500,2023.5,0.6182799999999999,0.0,6.717295,2.1812850000000004,0.0,10.58078,0.13385,0.12415500000000003
2024-06-18 05:05:37.000,2024.0,0.52416,0.0,3.1280599999999996,0.49997,0.0,2.70664,0.0,0.0
2024-06-18 05:05:37.500,2024.5,0.26208,0.0,1.6247499999999997,0.249985,0.0,1.42897,0.0,0.0
2024-06-18 05:05:38.000,2025.0,0.0,0.0,0.12143999999999999,0.0,0.0,0.1513,0.0,0.0
2024-06-18 05:05:38.500,2025.5,0.8173,0.0,0.6994850000000001,0.6447849999999999,0.0,0.07565,0.0,0.0
2024-06-18 05:05:39.000,2026.0,1.6346,0.0,1.2775300000000003,1.2895699999999999,0.0,0.0,0.0,0.0
2024-06-18 05:05:39.500,2026.5,0.8173,0.0,0.7590850000000001,0.6447849999999999,0.0,1.6382700000000003,0.0,0.0
2024-06-18 05:05:40.000,2027.0,0.0,0.0,0.24064,0.0,0.0,3.2765400000000007,0.0,0.0
2024-06-18 05:05:40.500,2027.5,0.0,0.0,3.3326600000000006,2.06042,0.0,2.0813700000000006,0.0,0.0
2024-06-18 05:05:41.000,2028.0,0.0,0.0,6.424680000000001,4.12084,0.0,0.8862,0.0,0.0
2024-06-18 05:05:41.500,2028.5,0.29429999999999995,0.0,3.9098200000000007,2.3416200000000003,0.0,2.222405,0.0,0.0
2024-06-18 05:05:42.000,2029.0,0.5885999999999999,0.0,1.39496,0.5624,0.0,3.5586100000000003,0.0,0.0
2024-06-18 05:05:42.500,2029.5,0.29429999999999995,0.0,3.1360200000000003,2.2980800000000006,0.0,1.8228350000000002,0.0,0.0
2024-06-18 05:05:43.000,2030.0,0.0,0.0,4.87708,4.033760000000001,0.0,0.08706,0.0,0.0
2024-06-18 05:05:43.500,2030.5,0.43181,0.0,3.23963,2.5540000000000003,0.0,0.98945,0.0,0.0
2024-06-18 05:05:44.000,2031.0,0.86362,0.0,1.6021800000000002,1.0742399999999999,0.0,1.89184,0.0,0.0
2024-06-18 05:05:44.500,2031.5,0.43181,0.0,2.3969950000000004,1.3069799999999998,0.0,1.5064199999999999,0.0,0.0
2024-06-18 05:05:45.000,2032.0,0.0,0.0,3.1918100000000003,1.53972,0.0,1.121,0.0,0.0
2024-06-18 05:05:45.500,2032.5,0.9122549999999999,0.0,2.740165,0.76986,0.0,2.51674,0.0,0.0
2024-06-18 05:05:46.000,2033.0,1.8245099999999999,0.0,2.28852,0.0,0.0,3.91248,0.0,0.0
2024-06-18 05:05:46.500,2033.5,1.0163799999999998,0.0,2.50236,0.05978,0.0,3.0468599999999997,0.0,0.0
2024-06-18 05:05:47.000,2034.0,0.20825000000000002,0.0,2.7161999999999997,0.11956,0.0,2.18124,0.0,0.0
2024-06-18 05:05:47.500,2034.5,0.360175,0.0,3.678915,1.1639599999999999,0.0,3.6485299999999996,0.0,0.014325000000000001
2024-06-18 05:05:48.000,2035.0,0.5121,0.0,4.64163,2.20836,0.0,5.115819999999999,0.0,0.028650000000000002
2024-06-18 05:05:48.500,2035.5,0.25605,0.0,2.442335,1.10418,0.0,2.5579099999999997,0.0,0.014325000000000001
2024-06-18 05:05:49.000,2036.0,0.0,0.0,0.24303999999999998,0.0,0.0,0.0,0.0,0.0
2024-06-18 05:05:49.500,2036.5,0.0,0.0,0.12151999999999999,0.0,0.0,0.1511,0.0,0.0
2024-06-18 05:05:50.000,2037.0,0.0,0.0,0.0,0.0,0.0,0.3022,0.0,0.0
2024-06-18 05:05:50.500,2037.5,0.09018,0.0,0.61068,0.0,0.0,0.53226,0.0,0.0
2024-06-18 05:05:51.000,2038.0,0.18036,0.0,1.22136,0.0,0.0,0.76232,0.0,0.0
2024-06-18 05:05:51.500,2038.5,0.09018,0.0,0.83598,0.0,0.0,0.98596,0.0,0.0
2024-06-18 05:05:52.000,2039.0,0.0,0.0,0.4506,0.0,0.0,1.2096,0.0,0.0
2024-06-18 05:05:52.500,2039.5,0.0,0.0,0.2253,0.0,0.0,1.0816,0.0,0.0
2024-06-18 05:05:53.000,2040.0,0.0,0.0,0.0,0.0,0.0,0.9536,0.0,0.0
2024-06-18 05:05:53.500,2040.5,0.029820000000000003,0.0,0.19824999999999998,0.1794,0.0,0.4768,0.015005,0.0
2024-06-18 05:05:54.000,2041.0,0.059640000000000006,0.0,0.39649999999999996,0.3588,0.0,0.0,0.03001,0.0
2024-06-18 05:05:54.500,2041.5,0.029820000000000003,0.0,0.38010999999999995,0.1794,0.0,0.075425,0.015005,0.0
2024-06-18 05:05:55.000,2042.0,0.0,0.0,0.36371999999999993,0.0,0.0,0.15085,0.0,0.0
2024-06-18 05:05:55.500,2042.5,0.0,0.0,0.18185999999999997,0.0,0.0,0.075425,0.0,0.0
2024-06-18 05:05:56.000,2043.0,0.0,0.0,0.0,0.0,0.0,0.0,0.0,0.0
2024-06-18 05:05:56.500,2043.5,0.0,0.0,0.045375000000000006,0.0,0.0,0.0,0.03,0.0
2024-06-18 05:05:57.000,2044.0,0.0,0.0,0.09075000000000001,0.0,0.0,0.0,0.06,0.0
2024-06-18 05:05:57.500,2044.5,0.0,0.015269999999999999,0.075155,0.0,0.0,0.17819999999999997,0.03,0.0
2024-06-18 05:05:58.000,2045.0,0.0,0.030539999999999998,0.05956,0.0,0.0,0.35639999999999994,0.0,0.0
2024-06-18 05:05:58.500,2045.5,0.0,0.015269999999999999,0.14986,0.0,0.0,0.17819999999999997,0.0,0.0
2024-06-18 05:05:59.000,2046.0,0.0,0.0,0.24015999999999998,0.0,0.0,0.0,0.0,0.0
2024-06-18 05:05:59.500,2046.5,0.0,0.0,0.13516999999999998,0.0,0.0,0.04520999999999999,0.0,0.0
2024-06-18 05:06:00.000,2047.0,0.0,0.0,0.03018,0.0,0.0,0.09041999999999999,0.0,0.0
2024-06-18 05:06:00.500,2047.5,0.0,0.0,0.12051000000000002,0.0,0.0,0.21130999999999994,0.0,0.0
2024-06-18 05:06:01.000,2048.0,0.0,0.0,0.21084000000000003,0.0,0.0,0.33219999999999994,0.0,0.0
2024-06-18 05:06:01.500,2048.5,0.0,0.0,0.211225,0.0,0.0,0.22641999999999995,0.0,0.0
2024-06-18 05:06:02.000,2049.0,0.0,0.0,0.21161,0.0,0.0,0.12064,0.0,0.0
2024-06-18 05:06:02.500,2049.5,0.0,0.0,0.105805,0.0,0.0,0.06032,0.0,0.0
2024-06-18 05:06:03.000,2050.0,0.0,0.0,0.0,0.0,0.0,0.0,0.0,0.0
2024-06-18 05:06:03.500,2050.5,0.0,0.0,0.13684500000000002,0.0,0.0,0.045704999999999996,0.0,0.0
2024-06-18 05:06:04.000,2051.0,0.0,0.0,0.27369000000000004,0.0,0.0,0.09140999999999999,0.0,0.0
2024-06-18 05:06:04.500,2051.5,0.0,0.0,0.13684500000000002,0.0,0.0,0.075875,0.0,0.0
2024-06-18 05:06:05.000,2052.0,0.0,0.0,0.0,0.0,0.0,0.06034,0.0,0.0
2024-06-18 05:06:05.500,2052.5,0.0,0.0,0.06056,0.0,0.0,0.24269000000000002,0.0,0.0
2024-06-18 05:06:06.000,2053.0,0.0,0.0,0.12112,0.0,0.0,0.42504000000000003,0.0,0.0
2024-06-18 05:06:06.500,2053.5,0.0,0.0,0.06056,0.0,0.0,0.21252000000000001,0.0,0.0
2024-06-18 05:06:07.000,2054.0,0.0,0.0,0.0,0.0,0.0,0.0,0.0,0.0
2024-06-18 05:06:07.500,2054.5,0.0,0.0,0.09075,0.0,0.0,0.0,0.0,0.0
2024-06-18 05:06:08.000,2055.0,0.0,0.0,0.1815,0.0,0.0,0.0,0.0,0.0
2024-06-18 05:06:08.500,2055.5,0.0,0.0,0.166225,0.0,0.0,0.06045999999999999,0.0,0.0
2024-06-18 05:06:09.000,2056.0,0.0,0.0,0.15095000000000003,0.0,0.0,0.12091999999999999,0.0,0.0
2024-06-18 05:06:09.500,2056.5,0.0,0.0,0.136475,0.0,0.0,0.24369999999999997,0.0,0.0
2024-06-18 05:06:10.000,2057.0,0.0,0.0,0.122,0.0,0.0,0.36648,0.0,0.0
2024-06-18 05:06:10.500,2057.5,0.0,0.0,0.061,0.0,0.0,0.18324,0.0,0.0
2024-06-18 05:06:11.000,2058.0,0.0,0.0,0.0,0.0,0.0,0.0,0.0,0.0
2024-06-18 05:06:11.500,2058.5,0.0,0.0,0.015215000000000001,0.0,0.0,0.10594500000000001,0.0,0.0
2024-06-18 05:06:12.000,2059.0,0.0,0.0,0.030430000000000002,0.0,0.0,0.21189000000000002,0.0,0.0
2024-06-18 05:06:12.500,2059.5,0.0,0.0,0.045875,0.0,0.0,0.21332500000000004,0.0,0.0
2024-06-18 05:06:13.000,2060.0,0.0,0.0,0.06132,0.0,0.0,0.21476000000000003,0.0,0.0
2024-06-18 05:06:13.500,2060.5,0.0,0.0,0.09148,0.0,0.0,0.18408000000000002,0.0,0.0
2024-06-18 05:06:14.000,2061.0,0.0,0.0,0.12164,0.0,0.0,0.1534,0.0,0.0
2024-06-18 05:06:14.500,2061.5,0.0605,0.0,0.15072999999999998,0.25687,0.0,0.19754,0.12056000000000001,0.0
2024-06-18 05:06:15.000,2062.0,0.121,0.0,0.17981999999999998,0.51374,0.0,0.24168,0.24112000000000003,0.0
2024-06-18 05:06:15.500,2062.5,0.0605,0.0,0.43122999999999995,0.34704999999999997,0.0,0.6897,0.12056000000000001,0.0
2024-06-18 05:06:16.000,2063.0,0.0,0.0,0.6826399999999999,0.18036000000000002,0.0,1.1377199999999998,0.0,0.0
2024-06-18 05:06:16.500,2063.5,0.14670000000000002,0.0,2.2830399999999997,0.3502799999999999,0.0,2.35738,0.0,0.0
2024-06-18 05:06:17.000,2064.0,0.29340000000000005,0.0,3.8834400000000002,0.5201999999999999,0.0,3.5770400000000007,0.0,0.0
2024-06-18 05:06:17.500,2064.5,0.59775,0.0,3.5178600000000007,0.5228999999999999,0.0,2.7349600000000005,0.737715,0.37739
2024-06-18 05:06:18.000,2065.0,0.9021,0.0,3.1522800000000006,0.5256,0.0,1.8928800000000001,1.47543,0.75478
2024-06-18 05:06:18.500,2065.5,8.65287,0.0,3.0468550000000008,0.7399899999999999,0.0,1.20645,0.825615,0.621765
2024-06-18 05:06:19.000,2066.0,16.40364,0.0,2.9414300000000004,0.95438,0.0,0.52002,0.17579999999999998,0.48875
2024-06-18 05:06:19.500,2066.5,8.20182,0.0,1.6504750000000001,0.47719,0.0,0.26001,0.08789999999999999,0.244375
2024-06-18 05:06:20.000,2067.0,0.0,0.0,0.35952,0.0,0.0,0.0,0.0,0.0
2024-06-18 05:06:20.500,2067.5,0.0,0.0,0.255485,0.0,0.0,0.06061999999999999,0.03029,0.0
2024-06-18 05:06:21.000,2068.0,0.0,0.0,0.15145,0.0,0.0,0.12123999999999999,0.06058,0.0
2024-06-18 05:06:21.500,2068.5,0.0,0.0,0.37792499999999996,0.0,0.0,0.19598,0.03029,0.0
2024-06-18 05:06:22.000,2069.0,0.0,0.0,0.6043999999999998,0.0,0.0,0.27072,0.0,0.0
2024-06-18 05:06:22.500,2069.5,0.0,0.0,0.5601749999999999,0.0,0.0,0.28676,0.0,0.0
2024-06-18 05:06:23.000,2070.0,0.0,0.0,0.51595,0.0,0.0,0.30279999999999996,0.0,0.0
2024-06-18 05:06:23.500,2070.5,0.0,0.0,0.378455,0.0,0.0,0.18172,0.0,0.0
2024-06-18 05:06:24.000,2071.0,0.0,0.0,0.24096,0.0,0.0,0.06064,0.0,0.0
2024-06-18 05:06:24.500,2071.5,0.0,0.0,0.196505,0.0,0.0,0.12224,0.0,0.0
2024-06-18 05:06:25.000,2072.0,0.0,0.0,0.15205000000000002,0.0,0.0,0.18384,0.0,0.0
2024-06-18 05:06:25.500,2072.5,0.0,0.0,0.167555,0.0,0.0,0.15328,0.0,0.0
2024-06-18 05:06:26.000,2073.0,0.0,0.0,0.18306,0.0,0.0,0.12271999999999998,0.0,0.0
2024-06-18 05:06:26.500,2073.5,0.0,0.0,0.13704,0.0,0.0,0.15231999999999998,0.0,0.0
2024-06-18 05:06:27.000,2074.0,0.0,0.0,0.09101999999999999,0.0,0.0,0.18192,0.0,0.0
2024-06-18 05:06:27.500,2074.5,1.13178,0.07104999999999999,1.3939399999999997,1.39536,0.0,1.44691,0.02891,0.0
2024-06-18 05:06:28.000,2075.0,2.26356,0.14209999999999998,2.6968599999999996,2.79072,0.0,2.7118999999999995,0.05782,0.0
2024-06-18 05:06:28.500,2075.5,1.13178,0.52345,1.3484299999999998,1.39536,0.0,1.3559499999999998,0.02891,0.0
2024-06-18 05:06:29.000,2076.0,0.0,0.9047999999999999,0.0,0.0,0.0,0.0,0.0,0.0
2024-06-18 05:06:29.500,2076.5,0.0,1.0358,0.0,0.0,0.0,0.029070000000000002,6.52441,0.1746
2024-06-18 05:06:30.000,2077.0,0.0,1.1668,0.0,0.0,0.0,0.058140000000000004,13.04882,0.3492
2024-06-18 05:06:30.500,2077.5,0.0,0.5834,0.12187999999999999,0.0,0.0,0.05925,6.52441,0.1746
2024-06-18 05:06:31.000,2078.0,0.0,0.0,0.24375999999999998,0.0,0.0,0.06036,0.0,0.0
2024-06-18 05:06:31.500,2078.5,0.0,1.86368,0.195255,0.0,0.9619500000000001,0.14522000000000002,0.49827000000000005,0.6399799999999999
2024-06-18 05:06:32.000,2079.0,0.0,3.72736,0.14675000000000002,0.0,1.9239000000000002,0.23008000000000003,0.9965400000000001,1.2799599999999998
2024-06-18 05:06:32.500,2079.5,0.0,2.416505,0.11485000000000001,0.0,1.682835,0.32369000000000003,7.996710000000001,1.053375
2024-06-18 05:06:33.000,2080.0,0.0,1.10565,0.08295,0.0,1.44177,0.4173,14.99688,0.8267900000000001
2024-06-18 05:06:33.500,2080.5,0.0,0.611245,0.056075,0.0,1.705785,0.20865,10.964690000000001,0.8988250000000001
2024-06-18 05:06:34.000,2081.0,0.0,0.11684,0.0292,0.0,1.9698,0.0,6.932499999999999,0.9708600000000001
2024-06-18 05:06:34.500,2081.5,0.17981999999999998,0.05842,0.3692,0.54306,0.9849,0.28101000000000004,3.4662499999999996,0.48543000000000003
2024-06-18 05:06:35.000,2082.0,0.35963999999999996,0.0,0.7091999999999999,1.08612,0.0,0.5620200000000001,0.0,0.0
2024-06-18 05:06:35.500,2082.5,0.8153999999999999,0.0,0.78465,1.42476,0.0,0.323985,1.55025,1.4986400000000002
2024-06-18 05:06:36.000,2083.0,1.2711599999999998,0.0,0.8601,1.7634,0.0,0.08595,3.1005,2.9972800000000004
2024-06-18 05:06:36.500,2083.5,0.6355799999999999,0.0,0.51969,0.8817,0.0,0.163135,1.984525,1.6780400000000002
2024-06-18 05:06:37.000,2084.0,0.0,0.0,0.17928,0.0,0.0,0.24032,0.8685500000000002,0.3588
2024-06-18 05:06:37.500,2084.5,0.0,0.0,0.45788999999999996,0.1464,0.0,1.117455,0.7470700000000001,0.1794
2024-06-18 05:06:38.000,2085.0,0.0,0.0,0.7364999999999999,0.2928,0.0,1.9945900000000003,0.6255900000000001,0.0
2024-06-18 05:06:38.500,2085.5,0.18915,0.0,2.08751,0.33828,0.0,2.305595,0.31279500000000005,0.0
2024-06-18 05:06:39.000,2086.0,0.3783,0.0,3.43852,0.38376,0.0,2.6165999999999996,0.0,0.0
2024-06-18 05:06:39.500,2086.5,1.0807099999999998,0.0,4.871860000000001,0.56264,0.0,2.77506,0.0,0.0
2024-06-18 05:06:40.000,2087.0,1.7831199999999998,0.0,6.305200000000001,0.74152,0.0,2.93352,0.0,0.0
2024-06-18 05:06:40.500,2087.5,3.5875250000000003,0.0,8.65832,1.160495,0.0,3.26452,0.0,0.0
2024-06-18 05:06:41.000,2088.0,5.39193,0.0,11.01144,1.5794700000000002,0.0,3.5955200000000005,0.0,0.0
2024-06-18 05:06:41.500,2088.5,3.276565,0.0,6.52702,1.762575,0.0,4.771830000000001,0.0,0.0
2024-06-18 05:06:42.000,2089.0,1.1612,0.0,2.0426,1.94568,0.0,5.948140000000001,0.0,0.0
2024-06-18 05:06:42.500,2089.5,1.1970049999999999,0.0,3.78968,2.13478,0.0,4.79288,0.0,0.0
2024-06-18 05:06:43.000,2090.0,1.2328099999999997,0.0,5.53676,2.3238800000000004,0.0,3.63762,0.0,0.0
2024-06-18 05:06:43.500,2090.5,1.280875,0.0,4.60902,1.9365700000000001,0.0,2.71037,0.0,0.02848
2024-06-18 05:06:44.000,2091.0,1.32894,0.0,3.6812800000000006,1.54926,0.0,1.7831199999999998,0.0,0.05696
2024-06-18 05:06:44.500,2091.5,2.6605100000000004,0.0,2.6466200000000004,4.693174999999999,0.0,2.21743,0.0,0.02848
2024-06-18 05:06:45.000,2092.0,3.99208,0.0,1.61196,7.837089999999998,0.0,2.6517399999999998,0.0,0.0
2024-06-18 05:06:45.500,2092.5,4.01064,0.0,1.3649799999999999,6.746479999999999,0.0,3.073995,0.67872,0.0
2024-06-18 05:06:46.000,2093.0,4.0292,0.0,1.1179999999999997,5.65587,0.0,3.49625,1.35744,0.0
2024-06-18 05:06:46.500,2093.5,2.8093000000000004,0.0,0.5589999999999998,7.681095000000001,3.86724,3.509875,8.34162,0.0
2024-06-18 05:06:47.000,2094.0,1.5894,0.0,0.0,9.706320000000002,7.73448,3.5235,15.325800000000001,0.0
2024-06-18 05:06:47.500,2094.5,1.028025,0.0,1.4147049999999999,4.853160000000001,6.101155,10.802425000000001,10.1064,0.0
2024-06-18 05:06:48.000,2095.0,0.46665000000000006,0.0,2.8294099999999998,0.0,4.46783,18.081350000000004,4.887,0.0
2024-06-18 05:06:48.500,2095.5,0.41415500000000005,0.0,2.6879849999999994,0.5584200000000001,6.576205,9.998975000000002,5.9755199999999995,0.0
2024-06-18 05:06:49.000,2096.0,0.36166000000000004,0.0,2.5465599999999995,1.1168400000000003,8.68458,1.9166,7.06404,0.0
2024-06-18 05:06:49.500,2096.5,0.18083000000000002,0.0,10.272319999999999,1.5411000000000001,10.41067,1.88638,9.87327,0.0
2024-06-18 05:06:50.000,2097.0,0.0,0.0,17.998079999999998,1.96536,12.136759999999999,1.8561599999999998,12.6825,0.0
2024-06-18 05:06:50.500,2097.5,0.0,0.0,9.176229999999999,0.99627,15.718195,0.9280799999999999,13.728735,0.0
2024-06-18 05:06:51.000,2098.0,0.0,0.0,0.35438000000000003,0.02718,19.29963,0.0,14.774970000000001,0.0
2024-06-18 05:06:51.500,2098.5,0.0,0.0,0.20394,0.01359,21.05271,0.0,17.039165,0.0
2024-06-18 05:06:52.000,2099.0,0.0,0.0,0.0535,0.0,22.805790000000002,0.0,19.303359999999998,0.0
2024-06-18 05:06:52.500,2099.5,0.0,2.224215,0.08163,0.013915,11.402895000000001,0.32269,9.79093,11.380004999999999
2024-06-18 05:06:53.000,2100.0,0.0,4.44843,0.10976,0.02783,0.0,0.64538,0.2785,22.760009999999998
2024-06-18 05:06:53.500,2100.5,1.9542099999999996,2.329175,0.16131999999999996,0.013915,0.0,5.24837,5.52881,14.584245
2024-06-18 05:06:54.000,2101.0,3.908419999999999,0.20992000000000002,0.21287999999999996,0.0,0.0,9.85136,10.779119999999999,6.40848
2024-06-18 05:06:54.500,2101.5,1.9681749999999996,0.10496000000000001,1.19137,0.0,0.0,6.65564,8.189915,4.97517
2024-06-18 05:06:55.000,2102.0,0.027930000000000003,0.0,2.16986,0.0,0.0,3.45992,5.60071,3.54186
2024-06-18 05:06:55.500,2102.5,0.013965000000000002,0.0,1.23393,0.0,0.0,1.7893999999999999,2.9497050000000002,1.77093
2024-06-18 05:06:56.000,2103.0,0.0,0.0,0.298,0.0,0.0,0.11888,0.2987,0.0
2024-06-18 05:06:56.500,2103.5,0.1178,0.0,0.26680000000000004,0.7256900000000001,0.0,0.5348,0.23782,0.0
2024-06-18 05:06:57.000,2104.0,0.2356,0.0,0.23560000000000003,1.4513800000000001,0.0,0.95072,0.17694,0.0
2024-06-18 05:06:57.500,2104.5,0.1178,0.0,0.14806000000000002,0.7256900000000001,0.0,0.59584,0.08847,0.0
2024-06-18 05:06:58.000,2105.0,0.0,0.0,0.06052,0.0,0.0,0.24096,0.0,0.0
2024-06-18 05:06:58.500,2105.5,0.0,0.0,0.10556000000000001,0.0,0.0,0.12048,0.0,0.0
2024-06-18 05:06:59.000,2106.0,0.0,0.0,0.1506,0.0,0.0,0.0,0.0,0.0
2024-06-18 05:06:59.500,2106.5,0.0,0.0,0.0753,0.0,0.0,0.05974,0.09068999999999999,0.0
2024-06-18 05:07:00.000,2107.0,0.0,0.0,0.0,0.0,0.0,0.11948,0.18137999999999999,0.0
2024-06-18 05:07:00.500,2107.5,0.0,0.17914000000000002,0.02791,0.0,0.20962499999999998,0.183085,8.48094,0.9054499999999999
2024-06-18 05:07:01.000,2108.0,0.0,0.35828000000000004,0.05582,0.0,0.41924999999999996,0.24669,16.7805,1.8108999999999997
2024-06-18 05:07:01.500,2108.5,0.0,1.1235050000000002,0.02791,0.0,0.379665,0.151325,10.52989,1.7481499999999999
2024-06-18 05:07:02.000,2109.0,0.0,1.88873,0.0,0.0,0.34008,0.05596,4.279280000000001,1.6854
2024-06-18 05:07:02.500,2109.5,0.0,2.019765,0.014209999999999999,0.0,0.19845,0.02798,3.9823900000000005,2.442215
2024-06-18 05:07:03.000,2110.0,0.0,2.1508000000000003,0.028419999999999997,0.0,0.05682,0.0,3.6855,3.1990300000000005
2024-06-18 05:07:03.500,2110.5,0.0,1.4990900000000003,0.028705,0.0,0.02841,0.17418,2.8119050000000003,3.06048
2024-06-18 05:07:04.000,2111.0,0.0,0.8473800000000001,0.028990000000000002,0.0,0.0,0.34836,1.93831,2.9219299999999997
2024-06-18 05:07:04.500,2111.5,0.0,1.23625,0.115435,0.0,0.0,0.17418,1.62233,3.3288849999999996
2024-06-18 05:07:05.000,2112.0,0.0,1.6251200000000001,0.20188,0.0,0.0,0.0,1.3063500000000001,3.73584
2024-06-18 05:07:05.500,2112.5,0.0,0.8125600000000001,0.16086,0.0,0.0,0.06048,0.6531750000000001,1.86792
2024-06-18 05:07:06.000,2113.0,0.0,0.0,0.11984,0.0,0.0,0.12096,0.0,0.0
2024-06-18 05:07:06.500,2113.5,0.0,0.0,0.05992,0.0,0.0,0.19557000000000002,0.0,0.0
2024-06-18 05:07:07.000,2114.0,0.0,0.0,0.0,0.0,0.0,0.27018000000000003,0.0,0.0
2024-06-18 05:07:07.500,2114.5,0.0,0.0,0.0,0.0,0.0,0.25573,0.0,0.0
2024-06-18 05:07:08.000,2115.0,0.0,0.0,0.0,0.0,0.0,0.24128,0.0,0.0
2024-06-18 05:07:08.500,2115.5,0.0,0.0,0.105245,0.0,0.0,0.12064,0.045779999999999994,0.0
2024-06-18 05:07:09.000,2116.0,0.0,0.0,0.21049,0.0,0.0,0.0,0.09155999999999999,0.0
2024-06-18 05:07:09.500,2116.5,0.0,0.0,0.225325,0.0,0.0,0.12068,0.09098999999999999,0.0
2024-06-18 05:07:10.000,2117.0,0.0,0.0,0.24015999999999998,0.0,0.0,0.24136,0.09042,0.0
2024-06-18 05:07:10.500,2117.5,0.0,0.0,0.12007999999999999,0.0,0.0,0.38933000000000006,0.04521,0.0
2024-06-18 05:07:11.000,2118.0,0.0,0.0,0.0,0.0,0.0,0.5373000000000001,0.0,0.0
2024-06-18 05:07:11.500,2118.5,0.0,0.0,0.11968000000000001,0.0,0.0,0.35994000000000004,0.0,0.0
2024-06-18 05:07:12.000,2119.0,0.0,0.0,0.23936000000000002,0.0,0.0,0.18258,0.0,0.0
2024-06-18 05:07:12.500,2119.5,0.0,0.0,0.194905,0.0,0.0,0.09129,0.0,0.0
2024-06-18 05:07:13.000,2120.0,0.0,0.0,0.15045,0.0,0.0,0.0,0.0,0.0
2024-06-18 05:07:13.500,2120.5,0.0,0.0,0.196385,0.0,0.0,0.0,0.0,0.0
2024-06-18 05:07:14.000,2121.0,0.0,0.0,0.24232,0.0,0.0,0.0,0.0,0.0
2024-06-18 05:07:14.500,2121.5,0.0,0.0,0.18158000000000002,0.0,0.0,0.045434999999999996,0.0,0.0
2024-06-18 05:07:15.000,2122.0,0.0,0.0,0.12084,0.0,0.0,0.09086999999999999,0.0,0.0
2024-06-18 05:07:15.500,2122.5,0.0,0.0,0.19569000000000003,0.0,0.0,0.06067499999999999,0.0,0.0
2024-06-18 05:07:16.000,2123.0,0.0,0.0,0.27054000000000006,0.0,0.0,0.03048,0.0,0.0
2024-06-18 05:07:16.500,2123.5,0.0,0.0,0.15046500000000002,0.0,0.0,0.04563,0.0,0.0
2024-06-18 05:07:17.000,2124.0,0.0,0.0,0.030389999999999997,0.0,0.0,0.060779999999999994,0.0,0.0
2024-06-18 05:07:17.500,2124.5,0.0,0.0,0.15132,0.0,0.0,0.030389999999999997,0.0,0.0
2024-06-18 05:07:18.000,2125.0,0.0,0.0,0.27225000000000005,0.0,0.0,0.0,0.0,0.0
2024-06-18 05:07:18.500,2125.5,0.0,0.0,0.19608500000000004,0.0,0.0,0.06084,0.0,0.0
2024-06-18 05:07:19.000,2126.0,0.0,0.0,0.11992000000000001,0.0,0.0,0.12168,0.0,0.0
2024-06-18 05:07:19.500,2126.5,0.0,0.0,0.059960000000000006,0.0,0.0,0.06084,0.0,0.0
2024-06-18 05:07:20.000,2127.0,0.0,0.0,0.0,0.0,0.0,0.0,0.0,0.0
2024-06-18 05:07:20.500,2127.5,0.0,0.17802,0.13428,0.0,0.0,0.073,2.10654,0.0
2024-06-18 05:07:21.000,2128.0,0.0,0.35604,0.26856,0.0,0.0,0.146,4.21308,0.0
2024-06-18 05:07:21.500,2128.5,0.0,0.17802,0.13428,0.0,0.0,0.073,2.1216749999999998,0.0
2024-06-18 05:07:22.000,2129.0,0.0,0.0,0.0,0.0,0.0,0.0,0.030270000000000002,0.0
2024-06-18 05:07:22.500,2129.5,0.0,0.0,0.1216,0.0,0.0,0.0,0.015135000000000001,0.0
2024-06-18 05:07:23.000,2130.0,0.0,0.0,0.2432,0.0,0.0,0.0,0.0,0.0
2024-06-18 05:07:23.500,2130.5,0.0,0.0,0.1216,0.0,0.0,0.14980000000000002,0.06036,0.0
2024-06-18 05:07:24.000,2131.0,0.0,0.0,0.0,0.0,0.0,0.29960000000000003,0.12072,0.0
2024-06-18 05:07:24.500,2131.5,0.0,0.0,0.03037,0.0,0.0,0.14980000000000002,0.15095999999999998,0.045149999999999996
2024-06-18 05:07:25.000,2132.0,0.0,0.0,0.06074,0.0,0.0,0.0,0.1812,0.09029999999999999
2024-06-18 05:07:25.500,2132.5,0.0,0.0,0.94332,0.0,0.0,0.8186750000000002,0.12024,0.045149999999999996
2024-06-18 05:07:26.000,2133.0,0.0,0.0,1.8259,0.0,0.0,1.6373500000000003,0.05928,0.0
2024-06-18 05:07:26.500,2133.5,0.0,0.0,4.38335,0.0,0.0,5.343349999999999,0.02964,0.0
2024-06-18 05:07:27.000,2134.0,0.0,0.0,6.9408,0.0,0.0,9.049349999999999,0.0,0.0
2024-06-18 05:07:27.500,2134.5,0.0,0.0,13.075199999999999,0.0,0.0,9.465954999999997,0.0,0.0
2024-06-18 05:07:28.000,2135.0,0.0,0.0,19.209599999999995,0.0,0.0,9.882559999999998,0.0,0.0
2024-06-18 05:07:28.500,2135.5,0.0,0.0,9.784979999999997,0.0,0.0,4.986399999999999,0.0,0.0
2024-06-18 05:07:29.000,2136.0,0.0,0.0,0.36036,0.0,0.0,0.09024,0.0,0.0
2024-06-18 05:07:29.500,2136.5,0.0,0.0,1.7770299999999999,0.6494399999999999,0.0,0.9568299999999998,0.0,0.0
2024-06-18 05:07:30.000,2137.0,0.0,0.0,3.1936999999999998,1.2988799999999998,0.0,1.8234199999999998,0.0,0.0
2024-06-18 05:07:30.500,2137.5,0.22776,0.0,5.540515,1.51134,0.0,3.86536,0.0,0.0
2024-06-18 05:07:31.000,2138.0,0.45552,0.0,7.88733,1.7238,0.0,5.907299999999999,0.0,0.0
2024-06-18 05:07:31.500,2138.5,0.48435000000000006,0.0,7.891515,1.9923899999999999,0.0,4.431699999999999,0.0,0.0
2024-06-18 05:07:32.000,2139.0,0.5131800000000001,0.0,7.895700000000001,2.26098,0.0,2.9561,0.0,0.0
2024-06-18 05:07:32.500,2139.5,0.25659000000000004,0.0,9.019035,2.18023,0.0,3.28055,0.0,0.0
2024-06-18 05:07:33.000,2140.0,0.0,0.0,10.14237,2.0994800000000002,0.0,3.605,0.0,0.0
2024-06-18 05:07:33.500,2140.5,0.0,0.0,5.250885,1.0497400000000001,0.0,1.937995,0.0,0.0
2024-06-18 05:07:34.000,2141.0,0.0,0.0,0.3594,0.0,0.0,0.27099000000000006,0.0,0.0
2024-06-18 05:07:34.500,2141.5,0.0,0.0,0.39011999999999997,0.0,0.0,0.496095,0.0,0.0
2024-06-18 05:07:35.000,2142.0,0.0,0.0,0.42083999999999994,0.0,0.0,0.7212,0.0,0.0
2024-06-18 05:07:35.500,2142.5,0.0,0.0,1.0740399999999999,0.0,0.0,0.616195,0.0,0.0
2024-06-18 05:07:36.000,2143.0,0.0,0.0,1.7272399999999997,0.0,0.0,0.51119,0.0,0.0
2024-06-18 05:07:36.500,2143.5,0.0,0.0,2.8213599999999994,0.0,0.0,1.1928750000000001,0.0,0.0
2024-06-18 05:07:37.000,2144.0,0.0,0.0,3.9154799999999996,0.0,0.0,1.8745600000000002,0.0,0.0
2024-06-18 05:07:37.500,2144.5,0.0,0.0,2.6149649999999998,2.930475,0.0,3.7178000000000004,0.0,0.0
2024-06-18 05:07:38.000,2145.0,0.0,0.0,1.31445,5.86095,0.0,5.56104,0.0,0.0
2024-06-18 05:07:38.500,2145.5,1.9609800000000002,0.0,1.486625,4.046655,0.0,3.72168,0.0,0.0
2024-06-18 05:07:39.000,2146.0,3.9219600000000003,0.0,1.6588,2.2323600000000003,0.0,1.88232,0.0,0.0
2024-06-18 05:07:39.500,2146.5,4.15212,0.0,1.2978800000000001,2.37608,0.0,1.014785,0.0,0.0
2024-06-18 05:07:40.000,2147.0,4.38228,0.0,0.93696,2.5197999999999996,0.0,0.14725,0.0,0.0
2024-06-18 05:07:40.500,2147.5,2.19114,0.0,0.664325,1.2598999999999998,0.0,0.224375,0.0,0.0
2024-06-18 05:07:41.000,2148.0,0.0,0.0,0.39169,0.0,0.0,0.3015,0.0,0.0
2024-06-18 05:07:41.500,2148.5,0.0,0.0,0.315925,0.0,0.0,0.15075,0.0,0.0
2024-06-18 05:07:42.000,2149.0,0.0,0.0,0.24015999999999998,0.0,0.0,0.0,0.0,0.0
2024-06-18 05:07:42.500,2149.5,0.0,0.0,0.17995999999999998,0.0,0.0,0.13446000000000002,0.0,0.0
2024-06-18 05:07:43.000,2150.0,0.0,0.0,0.11975999999999999,0.0,0.0,0.26892000000000005,0.0,0.0
2024-06-18 05:07:43.500,2150.5,0.0,0.0,0.13448,0.0,0.0,0.13446000000000002,0.0,0.0
2024-06-18 05:07:44.000,2151.0,0.0,0.0,0.1492,0.0,0.0,0.0,0.0,0.0
2024-06-18 05:07:44.500,2151.5,0.0,0.0,0.6092,0.0,0.0,0.5204500000000001,0.0,0.02995
2024-06-18 05:07:45.000,2152.0,0.0,0.0,1.0692,0.0,0.0,1.0409000000000002,0.0,0.0599
2024-06-18 05:07:45.500,2152.5,0.0,0.0,1.04945,0.0,0.0,0.9074600000000002,0.0,0.02995
2024-06-18 05:07:46.000,2153.0,0.0,0.0,1.0297,0.0,0.0,0.7740200000000002,0.0,0.0
2024-06-18 05:07:46.500,2153.5,0.4306500000000001,0.0,1.44082,0.0,0.0,0.71272,0.0,0.0
2024-06-18 05:07:47.000,2154.0,0.8613000000000002,0.0,1.8519400000000001,0.0,0.0,0.65142,0.0,0.0
2024-06-18 05:07:47.500,2154.5,0.9124100000000002,0.0,1.5203700000000002,0.044879999999999996,0.0,0.6948350000000001,0.0,0.0
2024-06-18 05:07:48.000,2155.0,0.96352,0.0,1.1888,0.08975999999999999,0.0,0.7382500000000001,0.0,0.0
2024-06-18 05:07:48.500,2155.5,0.48176,0.0,0.8073400000000001,0.044879999999999996,0.0,0.43040500000000004,0.0,0.0
2024-06-18 05:07:49.000,2156.0,0.0,0.0,0.42588000000000004,0.0,0.0,0.12256,0.0,0.0
2024-06-18 05:07:49.500,2156.5,0.0,0.5005000000000001,0.24214000000000002,0.0,0.3735,0.06128,0.0,0.0758
2024-06-18 05:07:50.000,2157.0,0.0,1.0010000000000001,0.0584,0.0,0.747,0.0,0.0,0.1516
2024-06-18 05:07:50.500,2157.5,0.0,0.5005000000000001,0.14916,0.0,0.3735,0.074925,0.0,0.0758
2024-06-18 05:07:51.000,2158.0,0.0,0.0,0.23991999999999997,0.0,0.0,0.14985,0.0,0.0
2024-06-18 05:07:51.500,2158.5,0.0,0.0,0.19538499999999998,0.0,0.0,0.22562500000000002,0.0,0.0
2024-06-18 05:07:52.000,2159.0,0.0,0.0,0.15085,0.0,0.0,0.30140000000000006,0.0,0.0
2024-06-18 05:07:52.500,2159.5,0.12104,0.0,0.09037500000000001,0.03003,0.0,0.16574000000000003,0.0,0.0
2024-06-18 05:07:53.000,2160.0,0.24208,0.0,0.029900000000000003,0.06006,0.0,0.03008,0.0,0.0
2024-06-18 05:07:53.500,2160.5,0.12104,0.16246999999999998,0.05935,0.27051000000000003,0.0,0.01504,0.04485,0.0
2024-06-18 05:07:54.000,2161.0,0.0,0.32493999999999995,0.08879999999999999,0.48096000000000005,0.0,0.0,0.0897,0.0
2024-06-18 05:07:54.500,2161.5,0.0,0.16246999999999998,0.044399999999999995,0.30058,0.0,0.0,0.04485,0.0
2024-06-18 05:07:55.000,2162.0,0.0,0.0,0.0,0.1202,0.0,0.0,0.0,0.0
2024-06-18 05:07:55.500,2162.5,0.0,0.0,0.04443,0.0601,0.0,0.11868000000000001,0.0,0.0
2024-06-18 05:07:56.000,2163.0,0.0,0.0,0.08886,0.0,0.0,0.23736000000000002,0.0,0.0
2024-06-18 05:07:56.500,2163.5,0.0,0.0,0.059515,0.0,0.0,0.23968,0.0,0.0
2024-06-18 05:07:57.000,2164.0,0.0,0.0,0.03017,0.0,0.0,0.242,0.0,0.0
2024-06-18 05:07:57.500,2164.5,0.0,0.0,0.196405,0.0,0.0,0.121,0.0,0.0
2024-06-18 05:07:58.000,2165.0,0.0,0.0,0.36263999999999996,0.0,0.0,0.0,0.0,0.0
2024-06-18 05:07:58.500,2165.5,0.0,0.0,0.30156,0.0,0.0,0.11964000000000001,0.0,0.0
2024-06-18 05:07:59.000,2166.0,0.0,0.0,0.24048000000000003,0.0,0.0,0.23928000000000002,0.0,0.0
2024-06-18 05:07:59.500,2166.5,0.0,0.0,0.12024000000000001,0.0,0.0,0.165825,0.0,0.0
2024-06-18 05:08:00.000,2167.0,0.0,0.0,0.0,0.0,0.0,0.09237,0.0,0.0
2024-06-18 05:08:00.500,2167.5,0.0,0.0,0.0,0.0,0.029740000000000003,0.121635,0.04536,0.0
2024-06-18 05:08:01.000,2168.0,0.0,0.0,0.0,0.0,0.059480000000000005,0.1509,0.09072,0.0
2024-06-18 05:08:01.500,2168.5,0.0,0.0,0.24176,0.0,0.029740000000000003,0.21198,0.04536,0.0
2024-06-18 05:08:02.000,2169.0,0.0,0.0,0.48352,0.0,0.0,0.27306,0.0,0.0
2024-06-18 05:08:02.500,2169.5,0.0,0.0,0.24176,0.0,0.0,0.19713,0.0,0.0
2024-06-18 05:08:03.000,2170.0,0.0,0.0,0.0,0.0,0.0,0.12119999999999999,0.0,0.0
2024-06-18 05:08:03.500,2170.5,0.0,0.0,0.0,0.0,0.0,0.060599999999999994,0.0,0.0
2024-06-18 05:08:04.000,2171.0,0.0,0.0,0.0,0.0,0.0,0.0,0.0,0.0
2024-06-18 05:08:04.500,2171.5,0.0,0.0,0.0,0.0,0.0,0.05886,0.0,0.0
2024-06-18 05:08:05.000,2172.0,0.0,0.0,0.0,0.0,0.0,0.11772,0.0,0.0
2024-06-18 05:08:05.500,2172.5,0.0,0.0,0.058620000000000005,0.0,0.0,0.11758,0.0,0.0
2024-06-18 05:08:06.000,2173.0,0.0,0.0,0.11724000000000001,0.0,0.0,0.11744,0.0,0.0
2024-06-18 05:08:06.500,2173.5,0.0,0.0,0.08813000000000001,0.0,0.0,0.11774000000000001,0.0,0.0
2024-06-18 05:08:07.000,2174.0,0.0,0.0,0.05902,0.0,0.0,0.11804,0.0,0.0
2024-06-18 05:08:07.500,2174.5,0.0,0.0,0.15043,0.0,0.0,0.13457000000000002,0.0,0.0
2024-06-18 05:08:08.000,2175.0,0.0,0.0,0.24184000000000003,0.0,0.0,0.1511,0.0,0.0
2024-06-18 05:08:08.500,2175.5,0.0,0.0,0.12092000000000001,0.0,0.0,0.07555,0.0,0.0
2024-06-18 05:08:09.000,2176.0,0.0,0.0,0.0,0.0,0.0,0.0,0.0,0.0
2024-06-18 05:08:09.500,2176.5,0.0,0.0,0.15105000000000002,0.0,0.0,0.06044000000000001,0.0,0.0
2024-06-18 05:08:10.000,2177.0,0.0,0.0,0.30210000000000004,0.0,0.0,0.12088000000000002,0.0,0.0
2024-06-18 05:08:10.500,2177.5,0.0,0.0,0.18166000000000002,0.0,0.0,0.19733,0.0,0.0
2024-06-18 05:08:11.000,2178.0,0.0,0.0,0.061220000000000004,0.0,0.0,0.27378,0.0,0.0
2024-06-18 05:08:11.500,2178.5,0.0,0.0,0.15365,0.0,0.0,0.21341500000000002,0.0,0.0
2024-06-18 05:08:12.000,2179.0,0.0,0.0,0.24608000000000002,0.0,0.0,0.15305000000000002,0.0,0.0
2024-06-18 05:08:12.500,2179.5,0.0,0.0,0.12304000000000001,0.0,0.0,0.137085,0.0,0.0
2024-06-18 05:08:13.000,2180.0,0.0,0.0,0.0,0.0,0.0,0.12111999999999999,0.0,0.0
2024-06-18 05:08:13.500,2180.5,0.0,0.0,0.1505,0.0,0.0,0.1826,0.0,0.0
2024-06-18 05:08:14.000,2181.0,0.0,0.0,0.301,0.0,0.0,0.24408000000000002,0.0,0.0
2024-06-18 05:08:14.500,2181.5,0.0,0.0,0.1505,0.0,0.0,0.288745,0.0,0.0
2024-06-18 05:08:15.000,2182.0,0.0,0.0,0.0,0.0,0.0,0.33340999999999993,0.0,0.0
2024-06-18 05:08:15.500,2182.5,0.0,0.0,0.059399999999999994,0.0,0.0,0.24077999999999997,0.0,0.0
2024-06-18 05:08:16.000,2183.0,0.0,0.0,0.11879999999999999,0.0,0.0,0.14815,0.0,0.0
2024-06-18 05:08:16.500,2183.5,0.0,0.0,0.059399999999999994,0.0,0.0,0.074075,0.0,0.0
2024-06-18 05:08:17.000,2184.0,0.0,0.0,0.0,0.0,0.0,0.0,0.0,0.0
2024-06-18 05:08:17.500,2184.5,0.0,0.0,0.16461499999999998,0.0,0.0,0.08952,0.0,0.0
2024-06-18 05:08:18.000,2185.0,0.0,0.0,0.32922999999999997,0.0,0.0,0.17904,0.0,0.0
2024-06-18 05:08:18.500,2185.5,0.0,0.0,0.16461499999999998,0.0,0.0,0.08952,0.0,0.0
2024-06-18 05:08:19.000,2186.0,0.0,0.0,0.0,0.0,0.0,0.0,0.0,0.0
2024-06-18 05:08:19.500,2186.5,0.0,0.0,0.0,0.0,0.0,0.0,0.0,0.0
2024-06-18 05:08:20.000,2187.0,0.0,0.0,0.0,0.0,0.0,0.0,0.0,0.0
2024-06-18 05:08:20.500,2187.5,0.0,0.0,0.0,0.0,0.0,0.0,0.0,0.0
2024-06-18 05:08:21.000,2188.0,0.0,0.0,0.0,0.0,0.0,0.0,0.0,0.0
2024-06-18 05:08:21.500,2188.5,0.0,0.0,0.1532,0.0,0.0,0.13661999999999996,0.0,0.0
2024-06-18 05:08:22.000,2189.0,0.0,0.0,0.3064,0.0,0.0,0.2732399999999999,0.0,0.0
2024-06-18 05:08:22.500,2189.5,0.0,0.0,0.27424,0.0,0.0,0.16689999999999997,0.0,0.0
2024-06-18 05:08:23.000,2190.0,0.0,0.0,0.24208,0.0,0.0,0.06056,0.0,0.0
2024-06-18 05:08:23.500,2190.5,0.0,0.0,0.22852499999999998,0.0,0.0,0.13661,0.0,0.0
2024-06-18 05:08:24.000,2191.0,0.0,0.0,0.21497,0.0,0.0,0.21266000000000002,0.0,0.0
2024-06-18 05:08:24.500,2191.5,0.0,0.0,0.168905,0.0,0.0,0.16751000000000002,0.0,0.0
2024-06-18 05:08:25.000,2192.0,0.0,0.0,0.12283999999999999,0.0,0.0,0.12236000000000001,0.0,0.0
2024-06-18 05:08:25.500,2192.5,0.0,0.0,0.12326000000000001,0.0,0.0,0.106825,0.0,0.0
2024-06-18 05:08:26.000,2193.0,0.0,0.0,0.12368000000000001,0.0,0.0,0.09129,0.0,0.0
2024-06-18 05:08:26.500,2193.5,0.0,0.0,0.061840000000000006,0.0,0.0,0.106205,0.0,0.0
2024-06-18 05:08:27.000,2194.0,0.0,0.0,0.0,0.0,0.0,0.12112,0.0,0.0
2024-06-18 05:08:27.500,2194.5,0.0,0.0,0.12212,0.0,0.0,0.135735,0.0,0.0
2024-06-18 05:08:28.000,2195.0,0.0,0.0,0.24424,0.0,0.0,0.15035,0.0,0.0
2024-06-18 05:08:28.500,2195.5,0.0,0.0,0.30512,0.0,0.0,0.256555,0.0,0.0
2024-06-18 05:08:29.000,2196.0,0.0,0.0,0.366,0.0,0.0,0.36275999999999997,0.0,0.0
2024-06-18 05:08:29.500,2196.5,0.0,0.0,0.411375,0.0,0.0,0.18137999999999999,0.0,0.0
2024-06-18 05:08:30.000,2197.0,0.0,0.0,0.45675,0.0,0.0,0.0,0.0,0.0
2024-06-18 05:08:30.500,2197.5,0.0,0.0,0.228375,0.0,0.0,0.106575,0.0,0.0
2024-06-18 05:08:31.000,2198.0,0.0,0.0,0.0,0.0,0.0,0.21315,0.0,0.0
2024-06-18 05:08:31.500,2198.5,0.0,0.0,0.18324,0.0,0.0,0.18182500000000001,0.0,0.0
2024-06-18 05:08:32.000,2199.0,0.0,0.0,0.36648,0.0,0.0,0.1505,0.0,0.0
2024-06-18 05:08:32.500,2199.5,0.0,0.0,0.47109,0.0,0.0,0.07525,0.0,0.0
2024-06-18 05:08:33.000,2200.0,0.0,0.0,0.5757,0.0,0.0,0.0,0.0,0.0
2024-06-18 05:08:33.500,2200.5,0.0,0.0,0.28785,0.0,0.0,0.0,0.0,0.0
2024-06-18 05:08:34.000,2201.0,0.0,0.0,0.0,0.0,0.0,0.0,0.0,0.0
2024-06-18 05:08:34.500,2201.5,0.0,0.0,0.0,0.0,0.0,0.10696000000000001,0.0,0.0
2024-06-18 05:08:35.000,2202.0,0.0,0.0,0.0,0.0,0.0,0.21392000000000003,0.0,0.0
2024-06-18 05:08:35.500,2202.5,0.0,0.0,0.18402000000000002,0.0,0.0,0.33308499999999996,0.0,0.0
2024-06-18 05:08:36.000,2203.0,0.0,0.0,0.36804000000000003,0.0,0.0,0.45224999999999993,0.0,0.0
2024-06-18 05:08:36.500,2203.5,0.0,0.0,0.30346,0.0,0.0,0.24123999999999995,0.0,0.0
2024-06-18 05:08:37.000,2204.0,0.0,0.0,0.23887999999999998,0.0,0.0,0.030229999999999996,0.0,0.0
2024-06-18 05:08:37.500,2204.5,0.0,0.0,0.11943999999999999,0.0,0.0,0.015114999999999998,0.0,0.0
2024-06-18 05:08:38.000,2205.0,0.0,0.0,0.0,0.0,0.0,0.0,0.0,0.0
2024-06-18 05:08:38.500,2205.5,0.0,0.0,0.0,0.0,0.0,0.0,0.0,0.0
2024-06-18 05:08:39.000,2206.0,0.0,0.0,0.0,0.0,0.0,0.0,0.0,0.0
2024-06-18 05:08:39.500,2206.5,0.0,0.0,0.0,0.0,0.0,0.13734,0.0,0.0
2024-06-18 05:08:40.000,2207.0,0.0,0.0,0.0,0.0,0.0,0.27468,0.0,0.0
2024-06-18 05:08:40.500,2207.5,0.0,0.0,0.18203999999999998,0.0,0.0,0.13734,0.0,0.0
2024-06-18 05:08:41.000,2208.0,0.0,0.0,0.36407999999999996,0.0,0.0,0.0,0.0,0.0
2024-06-18 05:08:41.500,2208.5,0.0,0.0,0.39694,0.0,0.0,0.0,0.0,0.0
2024-06-18 05:08:42.000,2209.0,0.0,0.0,0.42980000000000007,0.0,0.0,0.0,0.0,0.0
2024-06-18 05:08:42.500,2209.5,0.0,0.0,0.48742,0.0,0.0,0.0,0.0,0.0
2024-06-18 05:08:43.000,2210.0,0.0,0.0,0.54504,0.0,0.0,0.0,0.0,0.0
2024-06-18 05:08:43.500,2210.5,0.0,0.0,0.31794,0.0,0.0,0.09129,0.0,0.0
2024-06-18 05:08:44.000,2211.0,0.0,0.0,0.09084,0.0,0.0,0.18258,0.0,0.0
2024-06-18 05:08:44.500,2211.5,0.0,0.0,0.15231,0.0,0.0,0.196745,0.0,0.0
2024-06-18 05:08:45.000,2212.0,0.0,0.0,0.21378000000000003,0.0,0.0,0.21091000000000001,0.0,0.0
2024-06-18 05:08:45.500,2212.5,0.0,0.0,0.10689000000000001,0.0,0.0,0.289175,0.0,0.0
2024-06-18 05:08:46.000,2213.0,0.0,0.0,0.0,0.0,0.0,0.36744000000000004,0.0,0.0
2024-06-18 05:08:46.500,2213.5,0.0,0.0,0.0,0.10584000000000002,0.0,0.4274,0.0,0.0
2024-06-18 05:08:47.000,2214.0,0.0,0.0,0.0,0.21168000000000003,0.0,0.48735999999999996,0.0,0.0
2024-06-18 05:08:47.500,2214.5,0.0,0.0,0.0,0.13688,0.0,0.55028,0.0,0.0
2024-06-18 05:08:48.000,2215.0,0.0,0.0,0.0,0.06208,0.0,0.6132,0.0,0.0
2024-06-18 05:08:48.500,2215.5,0.05852,0.0,1.2246650000000001,0.03104,0.0,0.561855,0.0,0.0
2024-06-18 05:08:49.000,2216.0,0.11704,0.0,2.4493300000000002,0.0,0.0,0.51051,0.0,0.0
2024-06-18 05:08:49.500,2216.5,0.05852,0.0,3.901955,0.0,0.0,0.7613550000000001,0.0,0.0
2024-06-18 05:08:50.000,2217.0,0.0,0.0,5.35458,0.0,0.0,1.0122000000000002,0.0,0.0
2024-06-18 05:08:50.500,2217.5,0.0,0.0,8.844899999999999,0.01417,0.0,6.193845,0.05598000000000001,0.0
2024-06-18 05:08:51.000,2218.0,0.0,0.0,12.33522,0.02834,0.0,11.37549,0.11196000000000002,0.0
2024-06-18 05:08:51.500,2218.5,0.0,0.0,20.67995,0.01417,0.0,12.239104999999999,0.1631,0.0
2024-06-18 05:08:52.000,2219.0,0.0,0.0,29.024680000000004,0.0,0.0,13.102719999999998,0.21423999999999999,0.0
2024-06-18 05:08:52.500,2219.5,0.14780000000000001,0.0,14.761135000000001,0.07275000000000001,0.0,7.361784999999999,0.12190999999999999,0.08889
2024-06-18 05:08:53.000,2220.0,0.29560000000000003,0.0,0.49759000000000003,0.14550000000000002,0.0,1.6208500000000001,0.029580000000000002,0.17778
2024-06-18 05:08:53.500,2220.5,2.6126649999999993,0.0,0.37538000000000005,4.83859,0.0,1.122825,0.12839,0.08889
2024-06-18 05:08:54.000,2221.0,4.929729999999999,0.0,0.25317,9.53168,0.0,0.6247999999999999,0.22719999999999999,0.0
2024-06-18 05:08:54.500,2221.5,7.503904999999999,0.0,0.8069099999999999,7.1495999999999995,0.0,0.9642199999999999,0.11359999999999999,0.0
2024-06-18 05:08:55.000,2222.0,10.078079999999998,0.0,1.36065,4.767519999999999,0.0,1.3036399999999997,0.0,0.0
2024-06-18 05:08:55.500,2222.5,7.632539999999999,0.0,0.9741249999999999,3.6831049999999994,0.0,0.8298999999999999,0.0,0.0
2024-06-18 05:08:56.000,2223.0,5.187,0.0,0.5876,2.59869,0.0,0.35616,0.0,0.0
2024-06-18 05:08:56.500,2223.5,2.5935,0.0,0.2938,1.299345,0.0,0.17808,0.0,0.0
2024-06-18 05:08:57.000,2224.0,0.0,0.0,0.0,0.0,0.0,0.0,0.0,0.0
2024-06-18 05:08:57.500,2224.5,0.0,0.0,0.0,0.0,0.0,0.0,0.0,0.0
2024-06-18 05:08:58.000,2225.0,0.0,0.0,0.0,0.0,0.0,0.0,0.0,0.0
2024-06-18 05:08:58.500,2225.5,0.0,0.0,0.0,0.0,0.0,0.0,0.0,0.0
2024-06-18 05:08:59.000,2226.0,0.0,0.0,0.0,0.0,0.0,0.0,0.0,0.0
2024-06-18 05:08:59.500,2226.5,0.0,0.0,0.045075,0.0,0.0,0.136935,0.0,0.0
2024-06-18 05:09:00.000,2227.0,0.0,0.0,0.09015,0.0,0.0,0.27387,0.0,0.0
2024-06-18 05:09:00.500,2227.5,0.0,0.0,0.045075,0.0,0.0,0.18258,0.0,0.0
2024-06-18 05:09:01.000,2228.0,0.0,0.0,0.0,0.0,0.0,0.09129,0.0,0.0
2024-06-18 05:09:01.500,2228.5,0.0,0.0,0.0,0.0,0.0,0.12172,0.10605000000000002,0.0
2024-06-18 05:09:02.000,2229.0,0.0,0.0,0.0,0.0,0.0,0.15215,0.21210000000000004,0.0
2024-06-18 05:09:02.500,2229.5,0.0,0.0,0.22604999999999997,0.0,0.0,0.136555,0.10605000000000002,0.0
2024-06-18 05:09:03.000,2230.0,0.0,0.0,0.45209999999999995,0.0,0.0,0.12096,0.0,0.0
2024-06-18 05:09:03.500,2230.5,0.0,0.0,0.22604999999999997,0.0,0.0,0.27552000000000004,0.0,0.0
2024-06-18 05:09:04.000,2231.0,0.0,0.0,0.0,0.0,0.0,0.4300800000000001,0.0,0.0
2024-06-18 05:09:04.500,2231.5,0.0,0.0,0.04485,0.0,0.0,0.28989000000000004,0.0,0.0
2024-06-18 05:09:05.000,2232.0,0.0,0.0,0.0897,0.0,0.0,0.1497,0.0,0.0
2024-06-18 05:09:05.500,2232.5,0.4278950000000001,0.0,1.8196500000000002,0.0,0.0,0.207105,0.0,0.0
2024-06-18 05:09:06.000,2233.0,0.8557900000000002,0.0,3.5496000000000003,0.0,0.0,0.26451,0.0,0.0
2024-06-18 05:09:06.500,2233.5,0.4278950000000001,0.0,2.69896,0.7589400000000001,0.0,1.3545550000000002,0.0,0.0
2024-06-18 05:09:07.000,2234.0,0.0,0.0,1.84832,1.5178800000000001,0.0,2.4446000000000003,0.0,0.0
2024-06-18 05:09:07.500,2234.5,0.0,0.0,0.92416,0.7589400000000001,0.0,1.3411000000000002,0.0,0.0
2024-06-18 05:09:08.000,2235.0,0.0,0.0,0.0,0.0,0.0,0.23760000000000003,0.0,0.0
2024-06-18 05:09:08.500,2235.5,0.0,0.0,0.11852,0.0,0.0,0.11880000000000002,0.0,0.0
2024-06-18 05:09:09.000,2236.0,0.0,0.0,0.23704,0.0,0.0,0.0,0.0,0.0
2024-06-18 05:09:09.500,2236.5,0.0,0.015245,0.11852,0.0,0.0,0.0,0.0,0.0
2024-06-18 05:09:10.000,2237.0,0.0,0.03049,0.0,0.0,0.0,0.0,0.0,0.0
2024-06-18 05:09:10.500,2237.5,0.0,0.015245,0.0,0.0,0.0,0.061220000000000004,0.0,0.0
2024-06-18 05:09:11.000,2238.0,0.0,0.0,0.0,0.0,0.0,0.12244000000000001,0.0,0.0
2024-06-18 05:09:11.500,2238.5,0.0,0.0,0.0,0.0,0.0,0.350495,0.0,0.0
2024-06-18 05:09:12.000,2239.0,0.0,0.0,0.0,0.0,0.0,0.57855,0.0,0.0
2024-06-18 05:09:12.500,2239.5,0.0,0.0,0.0,0.0,0.0,0.35109500000000005,0.0,0.0
2024-06-18 05:09:13.000,2240.0,0.0,0.0,0.0,0.0,0.0,0.12364000000000001,0.0,0.0
2024-06-18 05:09:13.500,2240.5,0.0,0.0,0.06135999999999999,0.0,0.0,0.21347,0.0,0.0
2024-06-18 05:09:14.000,2241.0,0.0,0.0,0.12271999999999998,0.0,0.0,0.3033,0.0,0.0
2024-06-18 05:09:14.500,2241.5,0.0,0.0,0.33666999999999997,0.0,0.0,0.15165,0.0,0.0
2024-06-18 05:09:15.000,2242.0,0.0,0.0,0.55062,0.0,0.0,0.0,0.0,0.0
2024-06-18 05:09:15.500,2242.5,0.0,0.0,0.5300549999999999,0.0,0.0,0.0,0.0,0.0
2024-06-18 05:09:16.000,2243.0,0.0,0.0,0.50949,0.0,0.0,0.0,0.0,0.0
2024-06-18 05:09:16.500,2243.5,0.0,0.0,0.254745,0.0,0.0,0.0,0.0,0.0
2024-06-18 05:09:17.000,2244.0,0.0,0.0,0.0,0.0,0.0,0.0,0.0,0.0
2024-06-18 05:09:17.500,2244.5,0.0,0.0,0.25347000000000003,0.0,0.0,0.0,0.0,0.0
2024-06-18 05:09:18.000,2245.0,0.0,0.0,0.5069400000000001,0.0,0.0,0.0,0.0,0.0
2024-06-18 05:09:18.500,2245.5,0.0,0.0,0.25347000000000003,0.0,0.0,0.0,0.0,0.0
2024-06-18 05:09:19.000,2246.0,0.0,0.0,0.0,0.0,0.0,0.0,0.0,0.0
2024-06-18 05:09:19.500,2246.5,0.0,0.0,0.07525,0.0,0.0,0.0,0.0,0.0
2024-06-18 05:09:20.000,2247.0,0.0,0.0,0.1505,0.0,0.0,0.0,0.0,0.0
2024-06-18 05:09:20.500,2247.5,0.15205000000000002,0.0,0.13595000000000002,0.0,0.0,0.0,0.0,0.0
2024-06-18 05:09:21.000,2248.0,0.30410000000000004,0.0,0.12140000000000001,0.0,0.0,0.0,0.0,0.0
2024-06-18 05:09:21.500,2248.5,0.15205000000000002,0.0,0.060700000000000004,0.0,0.0,0.15150000000000002,0.0,0.0
2024-06-18 05:09:22.000,2249.0,0.0,0.0,0.0,0.0,0.0,0.30300000000000005,0.0,0.0
2024-06-18 05:09:22.500,2249.5,0.0,0.0,0.18347999999999998,0.0,0.0,0.18171000000000004,0.0,0.0
2024-06-18 05:09:23.000,2250.0,0.0,0.0,0.36695999999999995,0.0,0.0,0.06042,0.0,0.0
2024-06-18 05:09:23.500,2250.5,0.0,0.0,0.48568,0.0,0.0,0.03021,0.0,0.0
2024-06-18 05:09:24.000,2251.0,0.0,0.0,0.6044,0.0,0.0,0.0,0.0,0.0
2024-06-18 05:09:24.500,2251.5,0.0,0.0,0.43783000000000005,0.0,0.0,0.11972000000000002,0.0,0.0
2024-06-18 05:09:25.000,2252.0,0.0,0.0,0.27126000000000006,0.0,0.0,0.23944000000000004,0.0,0.0
2024-06-18 05:09:25.500,2252.5,0.0,0.0,0.19543000000000005,0.0,0.0,0.11972000000000002,0.0,0.0
2024-06-18 05:09:26.000,2253.0,0.0,0.0,0.11960000000000001,0.0,0.0,0.0,0.0,0.0
2024-06-18 05:09:26.500,2253.5,0.0,0.0,0.059800000000000006,0.0,0.0,0.0,0.0,0.0
2024-06-18 05:09:27.000,2254.0,0.0,0.0,0.0,0.0,0.0,0.0,0.0,0.0
2024-06-18 05:09:27.500,2254.5,0.0,0.0,0.12128,0.0,0.0,0.0,0.0,0.0
2024-06-18 05:09:28.000,2255.0,0.0,0.0,0.24256,0.0,0.0,0.0,0.0,0.0
2024-06-18 05:09:28.500,2255.5,0.0,0.0,0.24268,0.0,0.0,0.06154,0.0,0.0
2024-06-18 05:09:29.000,2256.0,0.0,0.0,0.24280000000000002,0.0,0.0,0.12308,0.0,0.0
2024-06-18 05:09:29.500,2256.5,0.0,0.0,0.12140000000000001,0.0,0.0,0.06154,0.0,0.0
2024-06-18 05:09:30.000,2257.0,0.0,0.0,0.0,0.0,0.0,0.0,0.0,0.0
2024-06-18 05:09:30.500,2257.5,0.0,0.0,0.0,0.0,0.0,0.061419999999999995,0.0,0.0
2024-06-18 05:09:31.000,2258.0,0.0,0.0,0.0,0.0,0.0,0.12283999999999999,0.0,0.0
2024-06-18 05:09:31.500,2258.5,0.0,0.0,0.0,0.0,0.0,0.076795,0.03018,0.0
2024-06-18 05:09:32.000,2259.0,0.0,0.0,0.0,0.0,0.0,0.030750000000000003,0.06036,0.0
2024-06-18 05:09:32.500,2259.5,0.0,0.0,0.22657499999999997,0.0,0.0,0.015375000000000002,0.03018,0.0
2024-06-18 05:09:33.000,2260.0,0.0,0.0,0.45314999999999994,0.0,0.0,0.0,0.0,0.0
2024-06-18 05:09:33.500,2260.5,0.0,0.0,0.22657499999999997,0.0,0.0,0.07615000000000001,0.0,0.0
2024-06-18 05:09:34.000,2261.0,0.0,0.0,0.0,0.0,0.0,0.15230000000000002,0.0,0.0
2024-06-18 05:09:34.500,2261.5,0.0,0.0,0.19799,0.0,0.0,0.15100000000000002,0.0,0.0
2024-06-18 05:09:35.000,2262.0,0.0,0.0,0.39598,0.0,0.0,0.1497,0.0,0.0
2024-06-18 05:09:35.500,2262.5,0.0,0.0,0.19799,0.0,0.0,0.07485,0.08975999999999999,0.0
2024-06-18 05:09:36.000,2263.0,0.0,0.0,0.0,0.0,0.0,0.0,0.17951999999999999,0.0
2024-06-18 05:09:36.500,2263.5,0.0,0.0,0.15034999999999998,0.0,0.0,0.23887999999999998,0.08975999999999999,0.0
2024-06-18 05:09:37.000,2264.0,0.0,0.0,0.30069999999999997,0.0,0.0,0.47775999999999996,0.0,0.0
2024-06-18 05:09:37.500,2264.5,0.0,0.0,0.6948500000000001,0.0,0.0,0.23887999999999998,0.0,0.0
2024-06-18 05:09:38.000,2265.0,0.0,0.0,1.0890000000000002,0.0,0.0,0.0,0.0,0.0
2024-06-18 05:09:38.500,2265.5,0.0,0.0,0.6818400000000001,0.0,0.0,0.0,0.0,0.0
2024-06-18 05:09:39.000,2266.0,0.0,0.0,0.27468,0.0,0.0,0.0,0.0,0.0
2024-06-18 05:09:39.500,2266.5,0.0,0.0,0.13734,0.0,0.0,0.0,0.0,0.0
2024-06-18 05:09:40.000,2267.0,0.0,0.0,0.0,0.0,0.0,0.0,0.0,0.0
2024-06-18 05:09:40.500,2267.5,0.0,0.0,0.0,0.0,0.0,0.30200000000000005,0.0,0.0
2024-06-18 05:09:41.000,2268.0,0.0,0.0,0.0,0.0,0.0,0.6040000000000001,0.0,0.0
2024-06-18 05:09:41.500,2268.5,0.0,0.0,0.50325,0.0,0.0,0.30200000000000005,0.0,0.0
2024-06-18 05:09:42.000,2269.0,0.0,0.0,1.0065,0.0,0.0,0.0,0.0,0.0
2024-06-18 05:09:42.500,2269.5,0.0,0.0,0.50325,0.0,0.0,0.12012,0.0,0.0
2024-06-18 05:09:43.000,2270.0,0.0,0.0,0.0,0.0,0.0,0.24024,0.0,0.0
2024-06-18 05:09:43.500,2270.5,0.0,0.0,0.31794,0.0,0.0,0.314925,0.0,0.0
2024-06-18 05:09:44.000,2271.0,0.0,0.0,0.63588,0.0,0.0,0.38961,0.0,0.0
2024-06-18 05:09:44.500,2271.5,0.0,0.0,0.3791,0.0,0.0,0.57393,0.0,0.0
2024-06-18 05:09:45.000,2272.0,0.0,0.0,0.12232,0.0,0.0,0.75825,0.0,0.0
2024-06-18 05:09:45.500,2272.5,0.0,0.0,0.06116,0.030469999999999997,0.0,0.6242449999999999,0.0,0.0
2024-06-18 05:09:46.000,2273.0,0.0,0.0,0.0,0.060939999999999994,0.0,0.49024,0.0,0.0
2024-06-18 05:09:46.500,2273.5,0.0,0.0,0.0,0.030469999999999997,0.0,0.39592000000000005,0.0,0.0
2024-06-18 05:09:47.000,2274.0,0.0,0.0,0.0,0.0,0.0,0.30160000000000003,0.0,0.0
2024-06-18 05:09:47.500,2274.5,0.0,0.0,2.37087,0.0,0.0,0.46674499999999997,0.0,0.0
2024-06-18 05:09:48.000,2275.0,0.0,0.0,4.74174,0.0,0.0,0.6318899999999998,0.0,0.0
2024-06-18 05:09:48.500,2275.5,0.0,0.0,2.37087,0.0,0.0,0.5135449999999999,0.0,0.0
2024-06-18 05:09:49.000,2276.0,0.0,0.0,0.0,0.0,0.0,0.3952,0.0,0.0
2024-06-18 05:09:49.500,2276.5,0.0,0.0,0.31815,0.0,0.0,0.1976,0.0,0.0
2024-06-18 05:09:50.000,2277.0,0.0,0.0,0.6363,0.0,0.0,0.0,0.0,0.0
2024-06-18 05:09:50.500,2277.5,0.0,0.0,1.72016,0.0,0.0,0.897095,0.0,0.0
2024-06-18 05:09:51.000,2278.0,0.0,0.0,2.8040199999999995,0.0,0.0,1.79419,0.0,0.0
2024-06-18 05:09:51.500,2278.5,0.0,0.0,3.3159,0.0,0.0,1.197795,0.0,0.0
2024-06-18 05:09:52.000,2279.0,0.0,0.0,3.82778,0.0,0.0,0.6013999999999999,0.0,0.0
2024-06-18 05:09:52.500,2279.5,0.0,0.0,1.91389,0.0,0.0,0.33103999999999995,0.0,0.0
2024-06-18 05:09:53.000,2280.0,0.0,0.0,0.0,0.0,0.0,0.06068,0.0,0.0
2024-06-18 05:09:53.500,2280.5,1.16181,0.0,1.5957000000000001,0.742305,0.0,0.131735,0.044085,0.0
2024-06-18 05:09:54.000,2281.0,2.32362,0.0,3.1914000000000002,1.48461,0.0,0.20279000000000003,0.08817,0.0
2024-06-18 05:09:54.500,2281.5,1.83318,0.0,2.1340500000000002,1.9880149999999999,0.0,0.23257000000000003,0.044085,0.0
2024-06-18 05:09:55.000,2282.0,1.3427399999999998,0.0,1.0767,2.4914199999999997,0.0,0.26235,0.0,0.0
2024-06-18 05:09:55.500,2282.5,1.588965,0.0,0.68325,2.02519,0.0,0.19107500000000002,0.0,0.0
2024-06-18 05:09:56.000,2283.0,1.8351899999999999,0.0,0.2898,1.5589600000000001,0.0,0.1198,0.0,0.0
2024-06-18 05:09:56.500,2283.5,0.9175949999999999,0.0,0.38554,0.7794800000000001,0.0,0.0599,0.0,0.0
2024-06-18 05:09:57.000,2284.0,0.0,0.0,0.48128,0.0,0.0,0.0,0.0,0.0
2024-06-18 05:09:57.500,2284.5,0.33465,0.0,1.195815,0.55347,0.0,0.71932,0.0,0.0
2024-06-18 05:09:58.000,2285.0,0.6693,0.0,1.91035,1.10694,0.0,1.43864,0.0,0.0
2024-06-18 05:09:58.500,2285.5,0.33465,0.0,1.498055,1.14287,0.0,0.77874,0.0,0.0
2024-06-18 05:09:59.000,2286.0,0.0,0.0,1.08576,1.1788,0.0,0.11884,0.0,0.0
2024-06-18 05:09:59.500,2286.5,0.0,0.0,0.54288,0.7688,0.0,0.41617999999999994,0.0,0.0
2024-06-18 05:10:00.000,2287.0,0.0,0.0,0.0,0.3588,0.0,0.7135199999999999,0.0,0.0
2024-06-18 05:10:00.500,2287.5,0.0,0.0,0.6989699999999999,1.15983,0.0,0.9948799999999999,0.0,0.0
2024-06-18 05:10:01.000,2288.0,0.0,0.0,1.3979399999999997,1.96086,0.0,1.2762399999999998,0.0,0.0
2024-06-18 05:10:01.500,2288.5,1.95392,0.0,0.6989699999999999,2.24979,0.0,1.67272,0.0,0.0
2024-06-18 05:10:02.000,2289.0,3.90784,0.0,0.0,2.5387199999999996,0.0,2.0692000000000004,0.0,0.0
2024-06-18 05:10:02.500,2289.5,2.9927200000000003,0.0,0.23936000000000002,1.5936399999999997,0.0,1.2120800000000003,0.0,0.0
2024-06-18 05:10:03.000,2290.0,2.0776000000000003,0.0,0.47872000000000003,0.6485599999999999,0.0,0.35496,0.0,0.0
2024-06-18 05:10:03.500,2290.5,1.0388000000000002,0.0,1.6842650000000001,0.32427999999999996,0.0,0.29812,0.0,0.0
2024-06-18 05:10:04.000,2291.0,0.0,0.0,2.88981,0.0,0.0,0.24128,0.0,0.0
2024-06-18 05:10:04.500,2291.5,0.0,0.0,1.895645,0.029900000000000003,0.0,0.37751,0.0,0.0
2024-06-18 05:10:05.000,2292.0,0.0,0.0,0.9014800000000001,0.059800000000000006,0.0,0.51374,0.0,0.0
2024-06-18 05:10:05.500,2292.5,0.0,0.0,0.7202900000000001,0.029900000000000003,0.0,1.47511,0.0,0.0
2024-06-18 05:10:06.000,2293.0,0.0,0.0,0.5391,0.0,0.0,2.43648,0.0,0.0
2024-06-18 05:10:06.500,2293.5,0.0,0.0,0.26955,0.0,0.0,2.83068,0.0,0.0
2024-06-18 05:10:07.000,2294.0,0.0,0.0,0.0,0.0,0.0,3.2248800000000006,0.0,0.0
2024-06-18 05:10:07.500,2294.5,0.0,0.0,0.51374,0.0,0.0,2.2092400000000003,0.0,0.0
2024-06-18 05:10:08.000,2295.0,0.0,0.0,1.02748,0.0,0.0,1.1936,0.0,0.0
2024-06-18 05:10:08.500,2295.5,0.0,0.0,0.60344,0.0,0.0,0.7316199999999999,0.045045,0.0
2024-06-18 05:10:09.000,2296.0,0.0,0.0,0.1794,0.0,0.0,0.26964,0.09009,0.0
2024-06-18 05:10:09.500,2296.5,0.0,0.0,0.28652,0.0,0.0,0.13482,0.045045,0.0
2024-06-18 05:10:10.000,2297.0,0.0,0.0,0.39364,0.0,0.0,0.0,0.0,0.0
2024-06-18 05:10:10.500,2297.5,0.0,0.0,1.3832200000000001,0.0,0.0,0.014935,0.0,0.0
2024-06-18 05:10:11.000,2298.0,0.0,0.0,2.3728000000000002,0.0,0.0,0.02987,0.0,0.0
2024-06-18 05:10:11.500,2298.5,0.0,0.0,1.24672,0.0,0.0,0.014935,0.0,0.0
2024-06-18 05:10:12.000,2299.0,0.0,0.0,0.12064,0.0,0.0,0.0,0.0,0.0
2024-06-18 05:10:12.500,2299.5,0.0,0.0,0.07544000000000001,0.0,0.0,0.0,0.0,0.0
2024-06-18 05:10:13.000,2300.0,0.0,0.0,0.03024,0.0,0.0,0.0,0.0,0.0
2024-06-18 05:10:13.500,2300.5,0.0,0.0,0.01512,0.0,0.0,0.18252,0.0,0.0
2024-06-18 05:10:14.000,2301.0,0.0,0.0,0.0,0.0,0.0,0.36504,0.0,0.0
2024-06-18 05:10:14.500,2301.5,0.0,0.0,0.16269,0.0,0.0,0.18252,0.0,0.0
2024-06-18 05:10:15.000,2302.0,0.0,0.0,0.32538,0.0,0.0,0.0,0.0,0.0
2024-06-18 05:10:15.500,2302.5,0.0,0.41636000000000006,0.16269,0.0,0.0,0.2982,0.0,0.0
2024-06-18 05:10:16.000,2303.0,0.0,0.8327200000000001,0.0,0.0,0.0,0.5964,0.0,0.0
2024-06-18 05:10:16.500,2303.5,0.0,0.47636000000000006,0.044610000000000004,0.0,0.0,0.525975,0.0,0.0
2024-06-18 05:10:17.000,2304.0,0.0,0.12,0.08922000000000001,0.0,0.0,0.45554999999999995,0.0,0.0
2024-06-18 05:10:17.500,2304.5,0.0,0.06,0.34831000000000006,0.0,0.0,0.28735499999999997,0.0,0.0
2024-06-18 05:10:18.000,2305.0,0.0,0.0,0.6074,0.0,0.0,0.11916,0.0,0.0
2024-06-18 05:10:18.500,2305.5,0.0,0.0,0.4843,0.0,0.0,0.05958,0.0,0.0
2024-06-18 05:10:19.000,2306.0,0.0,0.0,0.36119999999999997,0.0,0.0,0.0,0.0,0.0
2024-06-18 05:10:19.500,2306.5,0.0,0.0,0.30219999999999997,0.0,0.0,0.0,0.0,0.0
2024-06-18 05:10:20.000,2307.0,0.0,0.0,0.2432,0.0,0.0,0.0,0.0,0.0
2024-06-18 05:10:20.500,2307.5,0.0,0.0,0.1216,0.0,0.0,0.0,0.0,0.0
2024-06-18 05:10:21.000,2308.0,0.0,0.0,0.0,0.0,0.0,0.0,0.0,0.0
2024-06-18 05:10:21.500,2308.5,0.02916,0.0,1.8125,0.10391500000000001,0.0,0.76388,0.014635,0.0
2024-06-18 05:10:22.000,2309.0,0.05832,0.0,3.625,0.20783000000000001,0.0,1.52776,0.02927,0.0
2024-06-18 05:10:22.500,2309.5,0.08918000000000001,0.0,2.32573,0.10391500000000001,0.0,0.88392,0.014635,0.0
2024-06-18 05:10:23.000,2310.0,0.12004000000000002,0.0,1.0264600000000002,0.0,0.0,0.24008,0.0,0.0
2024-06-18 05:10:23.500,2310.5,1.6917200000000001,0.0,2.44373,1.3489649999999997,0.0,1.096565,0.0,0.0
2024-06-18 05:10:24.000,2311.0,3.2634000000000003,0.0,3.8609999999999998,2.6979299999999995,0.0,1.9530500000000002,0.0,0.0
2024-06-18 05:10:24.500,2311.5,2.16108,0.0,2.16354,2.0113849999999998,0.0,1.247335,0.0,0.0
2024-06-18 05:10:25.000,2312.0,1.05876,0.0,0.46608000000000005,1.3248399999999998,0.0,0.54162,0.0,0.0
2024-06-18 05:10:25.500,2312.5,0.52938,0.0,0.95016,0.6624199999999999,0.0,0.27081,0.0,0.0
2024-06-18 05:10:26.000,2313.0,0.0,0.0,1.43424,0.0,0.0,0.0,0.0,0.0
2024-06-18 05:10:26.500,2313.5,0.0,0.0,1.699595,0.0,0.0,0.0,0.0,0.0
2024-06-18 05:10:27.000,2314.0,0.0,0.0,1.96495,0.0,0.0,0.0,0.0,0.0
2024-06-18 05:10:27.500,2314.5,0.0,0.0,2.780075,0.0,0.0,0.106855,0.0,0.0
2024-06-18 05:10:28.000,2315.0,0.0,0.0,3.5951999999999997,0.0,0.0,0.21371,0.0,0.0
2024-06-18 05:10:28.500,2315.5,0.0,0.0,4.019724999999999,0.2793,0.0,0.106855,0.0,0.0
2024-06-18 05:10:29.000,2316.0,0.0,0.0,4.444249999999999,0.5586,0.0,0.0,0.0,0.0
2024-06-18 05:10:29.500,2316.5,0.0,0.0,3.1916649999999995,1.650215,0.0,0.43920500000000007,0.0,0.0
2024-06-18 05:10:30.000,2317.0,0.0,0.0,1.93908,2.7418299999999998,0.0,0.8784100000000001,0.0,0.0
2024-06-18 05:10:30.500,2317.5,2.0783000000000005,0.0,2.9619400000000002,3.1740749999999998,0.0,0.8611650000000002,0.0,0.0
2024-06-18 05:10:31.000,2318.0,4.156600000000001,0.0,3.9848,3.6063199999999997,0.0,0.8439200000000001,0.0,0.0
2024-06-18 05:10:31.500,2318.5,4.07596,0.0,2.0070699999999997,2.90095,0.0,0.42196000000000006,0.0,0.0
2024-06-18 05:10:32.000,2319.0,3.9953200000000004,0.0,0.02934,2.1955799999999996,0.0,0.0,0.0,0.0
2024-06-18 05:10:32.500,2319.5,7.77707,0.0,0.056655,6.066145,0.0,0.15603499999999998,0.0,0.0
2024-06-18 05:10:33.000,2320.0,11.55882,0.0,0.08396999999999999,9.93671,0.0,0.31206999999999996,0.0,0.0
2024-06-18 05:10:33.500,2320.5,5.77941,0.0,0.28310500000000005,4.968355,0.0,0.15603499999999998,0.0,0.0
2024-06-18 05:10:34.000,2321.0,0.0,0.0,0.48224000000000006,0.0,0.0,0.0,0.0,0.0
2024-06-18 05:10:34.500,2321.5,0.07262500000000001,0.0,1.8756650000000001,0.0,0.0,0.10524500000000002,0.0,0.0
2024-06-18 05:10:35.000,2322.0,0.14525000000000002,0.0,3.2690900000000003,0.0,0.0,0.21049000000000004,0.0,0.0
2024-06-18 05:10:35.500,2322.5,0.4447500000000001,0.0,3.795045,0.10416,0.0,0.9505950000000002,0.0,0.0
2024-06-18 05:10:36.000,2323.0,0.7442500000000001,0.0,4.321,0.20832,0.0,1.6907000000000003,0.0,0.0
2024-06-18 05:10:36.500,2323.5,0.37212500000000004,0.0,2.1605,0.10416,0.0,0.9068300000000001,0.0,0.0
2024-06-18 05:10:37.000,2324.0,0.0,0.0,0.0,0.0,0.0,0.12296,0.0,0.0
2024-06-18 05:10:37.500,2324.5,0.0,0.0,0.21231000000000003,0.0,0.0,0.06148,0.0,0.0
2024-06-18 05:10:38.000,2325.0,0.0,0.0,0.42462000000000005,0.0,0.0,0.0,0.0,0.0
2024-06-18 05:10:38.500,2325.5,0.40338,0.0,1.8982700000000001,0.0,0.0,0.39852000000000004,0.07395,0.0
2024-06-18 05:10:39.000,2326.0,0.80676,0.0,3.3719200000000003,0.0,0.0,0.7970400000000001,0.1479,0.0
2024-06-18 05:10:39.500,2326.5,0.40338,0.0,1.76171,0.0,0.0,0.62472,0.07395,0.0
2024-06-18 05:10:40.000,2327.0,0.0,0.0,0.15150000000000002,0.0,0.0,0.45239999999999997,0.0,0.0
2024-06-18 05:10:40.500,2327.5,0.0,0.0,0.16581,0.36516,0.0,0.22619999999999998,0.0,0.0
2024-06-18 05:10:41.000,2328.0,0.0,0.0,0.18011999999999997,0.73032,0.0,0.0,0.0,0.0
2024-06-18 05:10:41.500,2328.5,0.0,0.0,0.31491,0.36516,0.0,0.0,1.115625,0.0
2024-06-18 05:10:42.000,2329.0,0.0,0.0,0.44970000000000004,0.0,0.0,0.0,2.23125,0.0
2024-06-18 05:10:42.500,2329.5,0.0,0.0,0.22485000000000002,0.0,0.0,0.09092999999999998,1.115625,0.0
2024-06-18 05:10:43.000,2330.0,0.0,0.0,0.0,0.0,0.0,0.18185999999999997,0.0,0.0
2024-06-18 05:10:43.500,2330.5,0.0,0.0,0.11956,0.4488,0.0,0.09092999999999998,0.0,0.0
2024-06-18 05:10:44.000,2331.0,0.0,0.0,0.23912,0.8976,0.0,0.0,0.0,0.0
2024-06-18 05:10:44.500,2331.5,0.34836,0.0,1.050685,0.68536,0.0,1.00257,0.22544,0.0
2024-06-18 05:10:45.000,2332.0,0.69672,0.0,1.8622500000000002,0.47312,0.0,2.00514,0.45088,0.0
2024-06-18 05:10:45.500,2332.5,6.205719999999999,0.11176,1.0416850000000002,5.67632,0.0,1.00257,0.22544,0.0
2024-06-18 05:10:46.000,2333.0,11.714719999999998,0.22352,0.22111999999999998,10.87952,0.0,0.0,0.0,0.0
2024-06-18 05:10:46.500,2333.5,5.857359999999999,1.9017000000000002,2.82544,5.4826749999999995,0.0,3.7373000000000003,0.0,0.0
2024-06-18 05:10:47.000,2334.0,0.0,3.5798800000000006,5.42976,0.08582999999999999,0.0,7.474600000000001,0.0,0.0
2024-06-18 05:10:47.500,2334.5,0.0,1.7899400000000003,9.005479999999999,0.042914999999999995,0.0,7.1777,0.0,0.0
2024-06-18 05:10:48.000,2335.0,0.0,0.0,12.581199999999999,0.0,0.0,6.880799999999999,0.0,0.0
2024-06-18 05:10:48.500,2335.5,0.0,0.0,7.013959999999999,0.0,0.0,3.6363099999999995,0.0,0.0
2024-06-18 05:10:49.000,2336.0,0.0,0.0,1.44672,0.0,0.0,0.39182000000000006,0.0,0.0
2024-06-18 05:10:49.500,2336.5,0.0,0.0,11.619250000000001,0.0,0.0,6.0833699999999995,0.097125,0.0
2024-06-18 05:10:50.000,2337.0,0.0,0.0,21.791780000000003,0.0,0.0,11.77492,0.19425,0.0
2024-06-18 05:10:50.500,2337.5,0.0,0.0,18.910630000000005,0.0,0.0,9.463204999999999,0.097125,0.0
2024-06-18 05:10:51.000,2338.0,0.0,0.0,16.029480000000003,0.0,0.0,7.151489999999999,0.0,0.0
2024-06-18 05:10:51.500,2338.5,0.0,0.0,10.520165000000002,0.0,0.0,6.808064999999999,0.0,0.0
2024-06-18 05:10:52.000,2339.0,0.0,0.0,5.0108500000000005,0.0,0.0,6.46464,0.0,0.0
2024-06-18 05:10:52.500,2339.5,0.0,0.0,2.6714700000000002,0.0,0.0,3.23232,0.0,0.0
2024-06-18 05:10:53.000,2340.0,0.0,0.0,0.33209,0.0,0.0,0.0,0.0,0.0
2024-06-18 05:10:53.500,2340.5,0.0,0.0,4.220095000000001,0.0,0.0,0.9707000000000001,0.0,0.0
2024-06-18 05:10:54.000,2341.0,0.0,0.0,8.1081,0.0,0.0,1.9414000000000002,0.0,0.0
2024-06-18 05:10:54.500,2341.5,0.17352,0.0,5.83159,0.0,0.0,1.2069400000000001,0.12987,0.81225
2024-06-18 05:10:55.000,2342.0,0.34704,0.0,3.55508,0.0,0.0,0.47248000000000007,0.25974,1.6245
2024-06-18 05:10:55.500,2342.5,0.29188000000000003,0.0,2.56406,0.0,0.0,0.23624000000000003,0.48483,1.32741
2024-06-18 05:10:56.000,2343.0,0.23672,0.0,1.57304,0.0,0.0,0.0,0.70992,1.03032
2024-06-18 05:10:56.500,2343.5,0.11836,0.0,0.8167,0.0,0.0,0.0,0.41628,0.51516
2024-06-18 05:10:57.000,2344.0,0.0,0.0,0.06036,0.0,0.0,0.0,0.12264,0.0
2024-06-18 05:10:57.500,2344.5,0.982555,0.0,1.6637,0.7639950000000001,0.0,0.34787999999999997,0.06132,0.0
2024-06-18 05:10:58.000,2345.0,1.96511,0.0,3.26704,1.5279900000000002,0.0,0.6957599999999999,0.0,0.0
2024-06-18 05:10:58.500,2345.5,1.248325,0.0,1.92412,2.142035,0.0,0.40675999999999995,0.0,0.0
2024-06-18 05:10:59.000,2346.0,0.5315400000000001,0.0,0.5811999999999999,2.75608,0.0,0.11776,0.0,0.0
2024-06-18 05:10:59.500,2346.5,0.26577000000000006,0.0,0.56321,1.37804,0.0,0.074115,0.0,0.0
2024-06-18 05:11:00.000,2347.0,0.0,0.0,0.54522,0.0,0.0,0.030469999999999997,0.0,0.0
2024-06-18 05:11:00.500,2347.5,0.0,0.0,0.43876499999999996,0.0,0.0,0.015234999999999999,0.01522,0.0
2024-06-18 05:11:01.000,2348.0,0.0,0.0,0.33230999999999994,0.0,0.0,0.0,0.03044,0.0
2024-06-18 05:11:01.500,2348.5,0.0,0.0,0.22579499999999997,0.02996,0.0,0.0,0.17845999999999995,0.10503500000000002
2024-06-18 05:11:02.000,2349.0,0.0,0.0,0.11928000000000001,0.05992,0.0,0.0,0.32647999999999994,0.21007000000000003
2024-06-18 05:11:02.500,2349.5,0.07375000000000001,0.0,0.5274800000000001,0.10336000000000001,0.0,0.0,0.22337999999999997,0.14942000000000003
2024-06-18 05:11:03.000,2350.0,0.14750000000000002,0.0,0.9356800000000002,0.1468,0.0,0.0,0.12028000000000001,0.08877
2024-06-18 05:11:03.500,2350.5,10.329505000000001,0.0,0.4678400000000001,5.357299999999999,0.0,0.2885,0.060140000000000006,0.044385
2024-06-18 05:11:04.000,2351.0,20.51151,0.0,0.0,10.567799999999998,0.0,0.577,0.0,0.0
2024-06-18 05:11:04.500,2351.5,10.255755,0.0,0.24336,5.283899999999999,0.0,0.40969999999999995,0.0,0.0
2024-06-18 05:11:05.000,2352.0,0.0,0.0,0.48672,0.0,0.0,0.24239999999999998,0.0,0.0
2024-06-18 05:11:05.500,2352.5,0.35028,0.0,1.00122,0.728875,0.0,0.15106999999999998,0.0,0.0
2024-06-18 05:11:06.000,2353.0,0.70056,0.0,1.5157200000000002,1.45775,0.0,0.05974,0.0,0.0
2024-06-18 05:11:06.500,2353.5,0.35028,0.0,5.4991,0.728875,0.0,3.309245,0.0,0.0
2024-06-18 05:11:07.000,2354.0,0.0,0.0,9.48248,0.0,0.0,6.55875,0.0,0.0
2024-06-18 05:11:07.500,2354.5,0.014255,0.0,12.9082,0.028300000000000002,0.0,9.097935,0.0,0.0
2024-06-18 05:11:08.000,2355.0,0.02851,0.0,16.33392,0.056600000000000004,0.0,11.637119999999998,0.0,0.0
2024-06-18 05:11:08.500,2355.5,0.014255,0.0,12.556529999999999,0.05733,0.0,8.601619999999999,0.0,0.0
2024-06-18 05:11:09.000,2356.0,0.0,0.0,8.77914,0.058059999999999994,0.0,5.566120000000001,0.0,0.0
2024-06-18 05:11:09.500,2356.5,0.55204,0.0,4.62885,0.99395,0.0,3.8519000000000005,0.0,0.0
2024-06-18 05:11:10.000,2357.0,1.10408,0.0,0.47856000000000004,1.92984,0.0,2.13768,0.0,0.0
2024-06-18 05:11:10.500,2357.5,0.55204,0.0,0.39163000000000003,0.96492,0.0,1.1291,0.0,0.0
2024-06-18 05:11:11.000,2358.0,0.0,0.0,0.30469999999999997,0.0,0.0,0.12052,0.0,0.0
2024-06-18 05:11:11.500,2358.5,0.0,0.0,0.681725,0.0,0.0,0.344785,0.0,0.0
2024-06-18 05:11:12.000,2359.0,0.0,0.0,1.05875,0.0,0.0,0.5690500000000001,0.0,0.0
2024-06-18 05:11:12.500,2359.5,0.2235,0.0,0.588535,0.08832,0.0,0.28452500000000003,0.0,0.0
2024-06-18 05:11:13.000,2360.0,0.447,0.0,0.11832000000000001,0.17664,0.0,0.0,0.0,0.0
2024-06-18 05:11:13.500,2360.5,0.25322,0.0,0.7258350000000001,0.08832,0.0,0.014595,0.0,0.0
2024-06-18 05:11:14.000,2361.0,0.05944000000000001,0.0,1.3333500000000003,0.0,0.0,0.02919,0.0,0.0
2024-06-18 05:11:14.500,2361.5,0.05957000000000001,0.0,1.300875,0.0,0.0,0.133635,0.0,0.0
2024-06-18 05:11:15.000,2362.0,0.05970000000000001,0.0,1.2683999999999997,0.0,0.0,0.23808,0.0,0.0
2024-06-18 05:11:15.500,2362.5,0.029850000000000005,0.0,1.428,0.0,0.0,0.17806,0.0,0.044594999999999996
2024-06-18 05:11:16.000,2363.0,0.0,0.0,1.5876000000000001,0.0,0.0,0.11804,0.0,0.08918999999999999
2024-06-18 05:11:16.500,2363.5,0.0,0.0,0.7938000000000001,0.0,0.0,0.76026,0.0,0.104935
2024-06-18 05:11:17.000,2364.0,0.0,0.0,0.0,0.0,0.0,1.40248,0.0,0.12068
2024-06-18 05:11:17.500,2364.5,0.9619500000000001,0.0,0.133605,1.3247999999999998,0.0,4.236095,0.0,0.06034
2024-06-18 05:11:18.000,2365.0,1.9239000000000002,0.0,0.26721,2.6495999999999995,0.0,7.06971,0.0,0.0
2024-06-18 05:11:18.500,2365.5,0.9619500000000001,0.0,0.164095,1.3247999999999998,0.0,3.776855,0.0,0.0
2024-06-18 05:11:19.000,2366.0,0.0,0.0,0.06098,0.0,0.0,0.484,0.0,0.0
2024-06-18 05:11:19.500,2366.5,0.0,0.0,0.03049,0.0,0.0,0.3636,0.0,0.0
2024-06-18 05:11:20.000,2367.0,0.0,0.0,0.0,0.0,0.0,0.2432,0.0,0.0
2024-06-18 05:11:20.500,2367.5,0.0,0.0,5.511075,0.0,0.0,1.6789850000000002,0.0,0.0
2024-06-18 05:11:21.000,2368.0,0.0,0.0,11.02215,0.0,0.0,3.11477,0.0,0.0
2024-06-18 05:11:21.500,2368.5,0.25041,0.0,7.017615,0.0,0.0,2.7152950000000002,0.0,0.0
2024-06-18 05:11:22.000,2369.0,0.50082,0.0,3.01308,0.0,0.0,2.3158200000000004,0.0,0.0
2024-06-18 05:11:22.500,2369.5,0.265365,0.0,2.028215,0.0,0.0,1.2167300000000003,0.0,0.0
2024-06-18 05:11:23.000,2370.0,0.029909999999999996,0.0,1.04335,0.0,0.0,0.11764,0.0,0.0
2024-06-18 05:11:23.500,2370.5,0.37420499999999995,0.0,2.6873899999999997,0.7373600000000001,0.0,3.4241800000000007,0.014129999999999998,0.0
2024-06-18 05:11:24.000,2371.0,0.7184999999999999,0.0,4.33143,1.4747200000000003,0.0,6.730720000000001,0.028259999999999997,0.0
2024-06-18 05:11:24.500,2371.5,0.7115699999999999,0.0,3.2379749999999996,1.44565,0.0,3.55737,0.058230000000000004,0.0
2024-06-18 05:11:25.000,2372.0,0.7046399999999999,0.0,2.1445199999999995,1.41658,0.0,0.38402,0.0882,0.0
2024-06-18 05:11:25.500,2372.5,0.35231999999999997,0.0,1.0722599999999998,0.70829,0.0,0.31321,0.0441,0.0
2024-06-18 05:11:26.000,2373.0,0.0,0.0,0.0,0.0,0.0,0.24239999999999998,0.0,0.0
2024-06-18 05:11:26.500,2373.5,1.99852,0.0,0.073425,2.98354,0.0,0.1798,0.0,0.0
2024-06-18 05:11:27.000,2374.0,3.99704,0.0,0.14685,5.96708,0.0,0.11719999999999998,0.0,0.0
2024-06-18 05:11:27.500,2374.5,1.99852,0.0,0.134745,2.98354,0.0,0.05859999999999999,0.0,0.0
2024-06-18 05:11:28.000,2375.0,0.0,0.0,0.12264,0.0,0.0,0.0,0.0,0.0
2024-06-18 05:11:28.500,2375.5,0.0,0.0,0.15117,0.0,0.0,0.0,0.0,0.0
2024-06-18 05:11:29.000,2376.0,0.0,0.0,0.1797,0.0,0.0,0.0,0.0,0.0
2024-06-18 05:11:29.500,2376.5,0.0,0.0,0.34706000000000004,0.0,0.0,0.0601,0.0,0.0
2024-06-18 05:11:30.000,2377.0,0.0,0.0,0.51442,0.0,0.0,0.1202,0.0,0.0
2024-06-18 05:11:30.500,2377.5,1.5393000000000001,0.0,0.8709800000000001,0.81054,0.0,0.0601,0.0,0.0
2024-06-18 05:11:31.000,2378.0,3.0786000000000002,0.0,1.22754,1.62108,0.0,0.0,0.0,0.0
2024-06-18 05:11:31.500,2378.5,1.5393000000000001,0.0,1.33161,0.81054,0.0,1.40125,0.0,0.0
2024-06-18 05:11:32.000,2379.0,0.0,0.0,1.4356799999999998,0.0,0.0,2.8025,0.0,0.0
2024-06-18 05:11:32.500,2379.5,0.0,0.0,2.79964,0.0,0.0,2.2703800000000003,0.0,0.0
2024-06-18 05:11:33.000,2380.0,0.0,0.0,4.163600000000001,0.0,0.0,1.73826,0.0,0.0
2024-06-18 05:11:33.500,2380.5,1.28432,0.0,3.7198,7.672900000000001,0.0,0.86913,0.0,0.35784
2024-06-18 05:11:34.000,2381.0,2.56864,0.0,3.2760000000000002,15.345800000000002,0.0,0.0,0.0,0.71568
2024-06-18 05:11:34.500,2381.5,1.7031199999999997,0.0,5.407920000000001,14.724580000000001,0.0,0.05568,0.0,0.35784
2024-06-18 05:11:35.000,2382.0,0.8375999999999999,0.0,7.53984,14.10336,0.0,0.11136,0.0,0.0
2024-06-18 05:11:35.500,2382.5,1.10282,0.0,5.486895,7.55199,0.0,1.8268799999999998,0.0,0.0
2024-06-18 05:11:36.000,2383.0,1.36804,0.0,3.43395,1.00062,0.0,3.5423999999999998,0.0,0.0
2024-06-18 05:11:36.500,2383.5,1.07093,0.0,4.0327649999999995,1.9442249999999999,0.0,2.753415,0.0,0.0
2024-06-18 05:11:37.000,2384.0,0.7738200000000001,0.0,4.631579999999999,2.8878299999999997,0.0,1.9644300000000001,0.0,0.0
2024-06-18 05:11:37.500,2384.5,1.6458149999999998,0.0,5.2821,3.25056,0.0,2.88478,0.0,0.0
2024-06-18 05:11:38.000,2385.0,2.5178099999999994,0.0,5.932620000000001,3.61329,0.0,3.8051299999999997,0.0,0.0
2024-06-18 05:11:38.500,2385.5,2.0619449999999997,0.0,5.721385000000001,3.914905,0.0,4.283124999999999,0.0,0.0
2024-06-18 05:11:39.000,2386.0,1.6060800000000004,0.0,5.51015,4.21652,0.0,4.761119999999999,0.0,0.0
2024-06-18 05:11:39.500,2386.5,2.6665900000000002,0.0,3.504395,3.92392,0.0,2.5255599999999996,0.0,0.0
2024-06-18 05:11:40.000,2387.0,3.7271,0.0,1.49864,3.6313199999999997,0.0,0.29,0.0,0.0
2024-06-18 05:11:40.500,2387.5,3.6673,0.0,2.18655,3.976785,0.0,1.5825,0.0,0.0
2024-06-18 05:11:41.000,2388.0,3.6075,0.0,2.87446,4.32225,0.0,2.875,0.0,0.0
2024-06-18 05:11:41.500,2388.5,4.212,0.0,2.37971,4.8172049999999995,0.0,2.742895,0.0,0.0
2024-06-18 05:11:42.000,2389.0,4.8165,0.0,1.88496,5.3121599999999995,0.0,2.6107899999999997,0.0,0.0
2024-06-18 05:11:42.500,2389.5,4.060874999999999,0.0,1.30032,3.9727799999999998,0.0,1.3053949999999999,0.0,0.0
2024-06-18 05:11:43.000,2390.0,3.30525,0.0,0.71568,2.6334,0.0,0.0,0.0,0.0
2024-06-18 05:11:43.500,2390.5,1.652625,0.0,0.43369,1.3167,0.0,0.24384,0.0,0.0
2024-06-18 05:11:44.000,2391.0,0.0,0.0,0.1517,0.0,0.0,0.48768,0.0,0.0
2024-06-18 05:11:44.500,2391.5,0.0,0.0,0.28767,0.0,0.0,0.54764,0.0,0.0
2024-06-18 05:11:45.000,2392.0,0.0,0.0,0.42364,0.0,0.0,0.6076,0.0,0.0
2024-06-18 05:11:45.500,2392.5,0.014584999999999999,0.0,3.21633,1.2749849999999998,0.0,0.37725000000000003,0.0,0.0
2024-06-18 05:11:46.000,2393.0,0.029169999999999998,0.0,6.00902,2.5499699999999996,0.0,0.1469,0.0,0.0
2024-06-18 05:11:46.500,2393.5,0.014584999999999999,0.4147000000000001,6.26682,1.7751249999999998,0.0,1.27516,0.0,0.0
2024-06-18 05:11:47.000,2394.0,0.0,0.8294000000000002,6.5246200000000005,1.00028,0.0,2.40342,0.0,0.0
2024-06-18 05:11:47.500,2394.5,4.16584,0.47034000000000015,3.5403100000000003,8.320419999999999,0.0,1.46638,0.0,0.0
2024-06-18 05:11:48.000,2395.0,8.33168,0.11128,0.5559999999999999,15.640559999999997,0.0,0.5293399999999999,0.0,0.0
2024-06-18 05:11:48.500,2395.5,6.04424,0.05564,0.7157,12.354705,0.0,0.29403999999999997,0.27512,0.0
2024-06-18 05:11:49.000,2396.0,3.7568,0.0,0.8754000000000001,9.06885,0.0,0.05874000000000001,0.55024,0.0
2024-06-18 05:11:49.500,2396.5,2.05792,0.0,0.43770000000000003,5.6767199999999995,0.0,0.029370000000000004,0.27512,0.0
2024-06-18 05:11:50.000,2397.0,0.35903999999999997,0.0,0.0,2.28459,0.0,0.0,0.0,0.0
2024-06-18 05:11:50.500,2397.5,0.17951999999999999,0.0,0.0,1.142295,0.0,0.12091999999999999,0.0,0.0
2024-06-18 05:11:51.000,2398.0,0.0,0.0,0.0,0.0,0.0,0.24183999999999997,0.0,0.0
2024-06-18 05:11:51.500,2398.5,0.0,0.0,0.136125,0.0,0.0,0.182,0.0,0.0
2024-06-18 05:11:52.000,2399.0,0.0,0.0,0.27225,0.0,0.0,0.12215999999999999,0.0,0.0
2024-06-18 05:11:52.500,2399.5,0.0,0.0,0.136125,0.0,0.0,0.1986,0.0,0.0
2024-06-18 05:11:53.000,2400.0,0.0,0.0,0.0,0.0,0.0,0.27504,0.0,0.0
2024-06-18 05:11:53.500,2400.5,0.0,0.0,0.0,0.0,0.0,0.152915,0.0,0.0
2024-06-18 05:11:54.000,2401.0,0.0,0.0,0.0,0.0,0.0,0.030789999999999998,0.0,0.0
2024-06-18 05:11:54.500,2401.5,0.0,0.0,0.31573499999999993,0.0,0.0,0.060125,0.0,0.0
2024-06-18 05:11:55.000,2402.0,0.0,0.0,0.6314699999999999,0.0,0.0,0.08946,0.0,0.0
2024-06-18 05:11:55.500,2402.5,0.0,0.0,0.7326550000000001,0.0,0.0,0.04473,0.0,0.0
2024-06-18 05:11:56.000,2403.0,0.0,0.0,0.8338400000000001,0.0,0.0,0.0,0.0,0.0
2024-06-18 05:11:56.500,2403.5,0.0,0.0,0.43200000000000005,0.0,0.0,0.16395499999999996,0.0,0.0
2024-06-18 05:11:57.000,2404.0,0.0,0.0,0.03016,0.0,0.0,0.3279099999999999,0.0,0.0
2024-06-18 05:11:57.500,2404.5,0.0,0.0,1.05476,1.0922399999999999,0.0,1.124255,0.0,0.0
2024-06-18 05:11:58.000,2405.0,0.0,0.0,2.07936,2.1844799999999998,0.0,1.9206,0.0,0.0
2024-06-18 05:11:58.500,2405.5,0.0,0.0,1.7294049999999999,1.0922399999999999,0.0,1.28106,0.0,0.0
2024-06-18 05:11:59.000,2406.0,0.0,0.0,1.3794499999999998,0.0,0.0,0.6415199999999999,0.0,0.0
2024-06-18 05:11:59.500,2406.5,0.0,0.0,0.7348299999999999,0.0,0.0,0.38031999999999994,0.0,0.0
2024-06-18 05:12:00.000,2407.0,0.0,0.0,0.09020999999999998,0.0,0.0,0.11912,0.0,0.0
2024-06-18 05:12:00.500,2407.5,0.0,0.0,0.11862999999999999,0.0,0.0,0.05956,0.0,0.0
2024-06-18 05:12:01.000,2408.0,0.0,0.0,0.14705,0.0,0.0,0.0,0.0,0.0
2024-06-18 05:12:01.500,2408.5,0.4270250000000001,0.0,1.66547,0.014605000000000002,0.0,0.1885,0.0,0.0
2024-06-18 05:12:02.000,2409.0,0.8540500000000002,0.0,3.1838900000000003,0.029210000000000003,0.0,0.377,0.0,0.0
2024-06-18 05:12:02.500,2409.5,0.4270250000000001,0.0,1.667045,0.014605000000000002,0.0,0.1885,0.0,0.0
2024-06-18 05:12:03.000,2410.0,0.0,0.0,0.1502,0.0,0.0,0.0,0.0,0.0
2024-06-18 05:12:03.500,2410.5,0.0,0.0,0.0751,0.0,0.0,0.12136,0.0,0.0
2024-06-18 05:12:04.000,2411.0,0.0,0.0,0.0,0.0,0.0,0.24272,0.0,0.0
2024-06-18 05:12:04.500,2411.5,0.0,0.0,0.0,0.0,0.0,0.12136,0.10409000000000002,0.0
2024-06-18 05:12:05.000,2412.0,0.0,0.0,0.0,0.0,0.0,0.0,0.20818000000000003,0.0
2024-06-18 05:12:05.500,2412.5,0.0,0.0,0.01451,0.0,0.0,0.0298,0.19295,0.10370500000000002
2024-06-18 05:12:06.000,2413.0,0.0,0.0,0.02902,0.0,0.0,0.0596,0.17772000000000002,0.20741000000000004
2024-06-18 05:12:06.500,2413.5,0.0,0.0,0.01451,0.0,0.0,0.0298,0.29676,0.11841500000000002
2024-06-18 05:12:07.000,2414.0,0.0,0.0,0.0,0.0,0.0,0.0,0.4158,0.02942
2024-06-18 05:12:07.500,2414.5,0.0,0.0,0.0,0.0,0.0,0.0,0.2079,0.01471
2024-06-18 05:12:08.000,2415.0,0.0,0.0,0.0,0.0,0.0,0.0,0.0,0.0
2024-06-18 05:12:08.500,2415.5,0.0,0.0,0.32208,0.0,0.0,0.0,0.014994999999999998,0.0
2024-06-18 05:12:09.000,2416.0,0.0,0.0,0.64416,0.0,0.0,0.0,0.029989999999999996,0.0
2024-06-18 05:12:09.500,2416.5,0.0,0.0,0.49901999999999996,0.0,0.0,0.16450499999999998,0.10286500000000001,0.0
2024-06-18 05:12:10.000,2417.0,0.0,0.0,0.35388,0.0,0.0,0.32900999999999997,0.17574,0.0
2024-06-18 05:12:10.500,2417.5,0.0,0.0,0.29418,0.0,0.0,0.33952499999999997,0.08787,0.0
2024-06-18 05:12:11.000,2418.0,0.0,0.0,0.23448000000000002,0.0,0.0,0.35003999999999996,0.0,0.0
2024-06-18 05:12:11.500,2418.5,0.0,0.0,0.548035,0.0,0.0,0.42628,0.0,0.0
2024-06-18 05:12:12.000,2419.0,0.0,0.0,0.86159,0.0,0.0,0.5025200000000001,0.0,0.0
2024-06-18 05:12:12.500,2419.5,0.0,0.0,0.579645,0.0,0.0,0.4907,0.0,0.0
2024-06-18 05:12:13.000,2420.0,0.0,0.0,0.2977,0.0,0.0,0.47888,0.0,0.0
2024-06-18 05:12:13.500,2420.5,0.0,0.0,0.252135,0.0,0.0,0.35656,0.34896,0.0
2024-06-18 05:12:14.000,2421.0,0.0,0.0,0.20657000000000003,0.0,0.0,0.23424,0.69792,0.0
2024-06-18 05:12:14.500,2421.5,0.0,0.0,0.10328500000000002,0.0,0.0,0.11712,0.6186,0.0591
2024-06-18 05:12:15.000,2422.0,0.0,0.0,0.0,0.0,0.0,0.0,0.53928,0.1182
2024-06-18 05:12:15.500,2422.5,0.028890000000000002,0.0,0.13167,0.25938,0.0,0.072925,0.26964,0.0591
2024-06-18 05:12:16.000,2423.0,0.057780000000000005,0.0,0.26334,0.51876,0.0,0.14585,0.0,0.0
2024-06-18 05:12:16.500,2423.5,0.3613549999999999,0.0,0.146015,2.9347399999999992,0.0,0.158935,0.0,0.0
2024-06-18 05:12:17.000,2424.0,0.6649299999999999,0.0,0.028689999999999997,5.350719999999999,0.0,0.17202,0.0,0.0
2024-06-18 05:12:17.500,2424.5,0.33246499999999996,0.0,0.014344999999999998,2.6753599999999995,0.0,0.08601,0.0,0.0
2024-06-18 05:12:18.000,2425.0,0.0,0.0,0.0,0.0,0.0,0.0,0.0,0.0
2024-06-18 05:12:18.500,2425.5,0.0,0.0,0.0,0.0,0.0,0.0,0.0,0.0
2024-06-18 05:12:19.000,2426.0,0.0,0.0,0.0,0.0,0.0,0.0,0.0,0.0
2024-06-18 05:12:19.500,2426.5,0.0,0.0,0.043274999999999994,0.19292,0.0,0.0438,0.0,0.0
2024-06-18 05:12:20.000,2427.0,0.0,0.0,0.08654999999999999,0.38584,0.0,0.0876,0.0,0.0
2024-06-18 05:12:20.500,2427.5,0.0,0.0,0.5984550000000001,0.19292,0.0,0.48,0.0,0.0
2024-06-18 05:12:21.000,2428.0,0.0,0.0,1.11036,0.0,0.0,0.8724,0.0,0.0
2024-06-18 05:12:21.500,2428.5,0.0,0.0,1.0439100000000001,0.0,0.0,0.45093,0.014835000000000001,0.0
2024-06-18 05:12:22.000,2429.0,0.0,0.0,0.9774600000000001,0.0,0.0,0.029460000000000004,0.029670000000000002,0.0
2024-06-18 05:12:22.500,2429.5,0.0,0.0,0.60677,0.05952,0.0,0.21983000000000003,0.014835000000000001,0.0
2024-06-18 05:12:23.000,2430.0,0.0,0.0,0.23608,0.11904,0.0,0.4102,0.0,0.0
2024-06-18 05:12:23.500,2430.5,0.0,0.0,0.7875699999999999,0.190515,0.0,1.6309999999999998,0.0,0.0
2024-06-18 05:12:24.000,2431.0,0.0,0.0,1.33906,0.26198999999999995,0.0,2.8518,0.0,0.0
2024-06-18 05:12:24.500,2431.5,0.0,0.0,4.86473,0.13099499999999997,0.0,3.13834,0.02835,0.0
2024-06-18 05:12:25.000,2432.0,0.0,0.0,8.3904,0.0,0.0,3.42488,0.0567,0.0
2024-06-18 05:12:25.500,2432.5,0.0,0.0,4.1952,0.0,0.0,1.74218,0.02835,0.0
2024-06-18 05:12:26.000,2433.0,0.0,0.0,0.0,0.0,0.0,0.059480000000000005,0.0,0.0
2024-06-18 05:12:26.500,2433.5,0.0,0.0,1.3763999999999998,0.0,0.0,0.46984000000000004,0.0,0.0
2024-06-18 05:12:27.000,2434.0,0.0,0.0,2.7527999999999997,0.0,0.0,0.8802,0.0,0.0
2024-06-18 05:12:27.500,2434.5,0.01484,0.0,1.9039799999999998,0.0,0.0,0.4401,0.0,0.0
2024-06-18 05:12:28.000,2435.0,0.02968,0.0,1.0551599999999999,0.0,0.0,0.0,0.0,0.0
2024-06-18 05:12:28.500,2435.5,0.01484,0.0,1.2144849999999998,0.0,0.0,0.13266,0.0,0.0
2024-06-18 05:12:29.000,2436.0,0.0,0.0,1.37381,0.0,0.0,0.26532,0.0,0.0
2024-06-18 05:12:29.500,2436.5,0.0,0.0,4.407865,0.0,0.0,1.6001899999999998,0.0,0.0
2024-06-18 05:12:30.000,2437.0,0.0,0.0,7.4419200000000005,0.0,0.0,2.9350599999999996,0.0,0.0
2024-06-18 05:12:30.500,2437.5,0.0,0.0,4.33983,0.0,0.0,1.5864099999999999,0.0,0.0
2024-06-18 05:12:31.000,2438.0,0.0,0.0,1.2377399999999998,0.0,0.0,0.23776000000000003,0.0,0.0
2024-06-18 05:12:31.500,2438.5,0.0,0.0,0.7219099999999999,0.0,0.0,0.17788,0.0,0.0
2024-06-18 05:12:32.000,2439.0,0.0,0.0,0.20608,0.0,0.0,0.11800000000000001,0.0,0.0
2024-06-18 05:12:32.500,2439.5,0.7029049999999999,0.0,0.5736,1.2138,0.0,0.07372000000000001,0.0,0.0
2024-06-18 05:12:33.000,2440.0,1.4058099999999998,0.0,0.94112,2.4276,0.0,0.02944,0.0,0.0
2024-06-18 05:12:33.500,2440.5,1.867365,0.0,0.7989999999999999,1.91556,0.0,0.5343800000000001,0.0,0.0
2024-06-18 05:12:34.000,2441.0,2.32892,0.0,0.6568799999999999,1.4035199999999999,0.0,1.03932,0.0,0.0
2024-06-18 05:12:34.500,2441.5,1.16446,0.0,0.8870399999999999,0.7017599999999999,0.0,0.87582,0.0,0.0
2024-06-18 05:12:35.000,2442.0,0.0,0.0,1.1172,0.0,0.0,0.71232,0.0,0.0
2024-06-18 05:12:35.500,2442.5,0.16169999999999998,0.0,0.73602,0.0,0.0,0.50361,0.0,0.0
2024-06-18 05:12:36.000,2443.0,0.32339999999999997,0.0,0.35484,0.0,0.0,0.2949,0.0,0.0
2024-06-18 05:12:36.500,2443.5,0.16169999999999998,0.0,3.9238549999999996,0.0,0.0,2.6959299999999997,0.0,0.0
2024-06-18 05:12:37.000,2444.0,0.0,0.0,7.49287,0.0,0.0,5.096959999999999,0.0,0.0
2024-06-18 05:12:37.500,2444.5,0.0,0.0,4.0370349999999995,0.02972,0.0,2.62158,0.0,0.0
2024-06-18 05:12:38.000,2445.0,0.0,0.0,0.5812,0.05944,0.0,0.14620000000000002,0.0,0.0
2024-06-18 05:12:38.500,2445.5,2.21692,0.0,0.2906,4.2342699999999995,0.0,0.08731000000000001,0.0,0.0
2024-06-18 05:12:39.000,2446.0,4.43384,0.0,0.0,8.409099999999999,0.0,0.02842,0.0,0.0
2024-06-18 05:12:39.500,2446.5,2.971905,0.0,1.6748550000000002,8.0588,0.0,0.14430500000000002,0.18557500000000002,0.0
2024-06-18 05:12:40.000,2447.0,1.5099700000000003,0.0,3.3497100000000004,7.708500000000001,0.0,0.26019000000000003,0.37115000000000004,0.0
2024-06-18 05:12:40.500,2447.5,4.418425,0.0,1.6748550000000002,6.894045,0.0,0.187755,0.18557500000000002,0.0
2024-06-18 05:12:41.000,2448.0,7.32688,0.0,0.0,6.07959,0.0,0.11532,0.0,0.0
2024-06-18 05:12:41.500,2448.5,5.65784,0.02713,1.64197,6.730544999999999,0.0,2.593125,0.0,0.0
2024-06-18 05:12:42.000,2449.0,3.9888000000000003,0.05426,3.28394,7.3815,0.0,5.07093,0.0,0.0
2024-06-18 05:12:42.500,2449.5,1.9944000000000002,0.02713,14.107085,3.78413,0.0,10.842884999999999,0.10655999999999999,0.0
2024-06-18 05:12:43.000,2450.0,0.0,0.0,24.93023,0.18676000000000004,0.0,16.614839999999997,0.21311999999999998,0.0
2024-06-18 05:12:43.500,2450.5,0.0,0.0,24.827215000000002,0.09338000000000002,0.0,11.739379999999999,0.10655999999999999,0.0
2024-06-18 05:12:44.000,2451.0,0.0,0.0,24.7242,0.0,0.0,6.863919999999999,0.0,0.0
2024-06-18 05:12:44.500,2451.5,6.20819,0.0,12.37542,6.2612250000000005,0.0,3.4319599999999997,2.0390800000000002,0.87555
2024-06-18 05:12:45.000,2452.0,12.41638,0.0,0.02664,12.522450000000001,0.0,0.0,4.0781600000000005,1.7511
2024-06-18 05:12:45.500,2452.5,12.17267,0.0,0.040709999999999996,12.103815,0.0,0.0,2.3789550000000004,1.462285
2024-06-18 05:12:46.000,2453.0,11.92896,0.0,0.054779999999999995,11.685179999999999,0.0,0.0,0.6797500000000001,1.1734699999999998
2024-06-18 05:12:46.500,2453.5,13.37508,0.0,0.13627,10.18095,0.0,0.013725000000000001,0.33987500000000004,0.5867349999999999
2024-06-18 05:12:47.000,2454.0,14.8212,0.0,0.21776,8.67672,0.0,0.027450000000000002,0.0,0.0
2024-06-18 05:12:47.500,2454.5,13.131139999999998,0.0,0.78813,8.76394,0.0,0.027575000000000002,0.0,0.0
2024-06-18 05:12:48.000,2455.0,11.44108,0.0,1.3585,8.85116,0.0,0.027700000000000002,0.0,0.0
2024-06-18 05:12:48.500,2455.5,8.24642,0.7975000000000001,1.1983300000000001,9.469840000000001,0.0,2.21473,0.0,0.0
2024-06-18 05:12:49.000,2456.0,5.05176,1.5950000000000002,1.0381600000000002,10.08852,0.0,4.40176,0.0,0.0
2024-06-18 05:12:49.500,2456.5,2.73668,3.86145,5.424090000000001,5.65103,0.45885000000000004,6.68144,0.117675,0.0
2024-06-18 05:12:50.000,2457.0,0.4216,6.1279,9.810020000000002,1.2135399999999998,0.9177000000000001,8.961120000000001,0.23535,0.0
2024-06-18 05:12:50.500,2457.5,0.2108,3.06395,4.993360000000001,0.6067699999999999,0.45885000000000004,4.51003,0.355035,0.0
2024-06-18 05:12:51.000,2458.0,0.0,0.0,0.17670000000000002,0.0,0.0,0.05894,0.47472000000000003,0.0
2024-06-18 05:12:51.500,2458.5,1.5807,0.0,0.08835000000000001,3.0394550000000002,0.0,0.11584,0.23736000000000002,0.0
2024-06-18 05:12:52.000,2459.0,3.1614,0.0,0.0,6.0789100000000005,0.0,0.17274,0.0,0.0
2024-06-18 05:12:52.500,2459.5,8.409659999999999,0.0,0.32856,8.380894999999999,0.0,0.08637,0.0,0.0
2024-06-18 05:12:53.000,2460.0,13.657919999999999,0.0,0.65712,10.682879999999999,0.0,0.0,0.0,0.0
2024-06-18 05:12:53.500,2460.5,11.293679999999998,0.0,1.4322800000000004,7.6056799999999996,0.0,0.10632,0.0,0.0
2024-06-18 05:12:54.000,2461.0,8.92944,0.0,2.2074400000000005,4.528480000000001,0.0,0.21264,0.0,0.0
2024-06-18 05:12:54.500,2461.5,5.41882,0.0,3.6908149999999997,7.809140000000001,0.0,0.392865,1.1713,0.0
2024-06-18 05:12:55.000,2462.0,1.9082000000000001,0.0,5.174189999999999,11.0898,0.0,0.5730900000000001,2.3426,0.0
2024-06-18 05:12:55.500,2462.5,3.2352250000000007,0.0,2.8058949999999996,12.10506,0.0,1.4414900000000002,1.28106,0.0
2024-06-18 05:12:56.000,2463.0,4.562250000000001,0.0,0.4376,13.12032,0.0,2.30989,0.21952,0.0
2024-06-18 05:12:56.500,2463.5,2.4988050000000004,0.0,6.267964999999999,6.7772,0.0,6.899435000000001,0.10976,0.0
2024-06-18 05:12:57.000,2464.0,0.43536,0.0,12.098329999999999,0.43408,0.0,11.488980000000002,0.0,0.0
2024-06-18 05:12:57.500,2464.5,0.21768,0.0,8.219905,3.85224,0.0,10.462489999999999,0.027700000000000002,0.0
2024-06-18 05:12:58.000,2465.0,0.0,0.0,4.341480000000001,7.2703999999999995,0.0,9.435999999999998,0.055400000000000005,0.0
2024-06-18 05:12:58.500,2465.5,0.60415,0.0,5.204985000000001,4.05025,0.0552,6.076484999999999,0.027700000000000002,0.0
2024-06-18 05:12:59.000,2466.0,1.2083,0.0,6.06849,0.8301,0.1104,2.71697,0.0,0.0
2024-06-18 05:12:59.500,2466.5,1.1773500000000001,0.0,4.292204999999999,0.429305,0.0552,1.790785,0.057859999999999995,0.0
2024-06-18 05:13:00.000,2467.0,1.1464,0.0,2.5159199999999995,0.02851,0.0,0.8646,0.11571999999999999,0.0
2024-06-18 05:13:00.500,2467.5,0.5732,0.0,1.5515599999999998,0.014255,0.0,0.53513,0.057859999999999995,0.0
2024-06-18 05:13:01.000,2468.0,0.0,0.0,0.5872,0.0,0.0,0.20566,0.0,0.0
2024-06-18 05:13:01.500,2468.5,0.0,0.0,2.6926400000000004,0.0,0.0,1.9938150000000001,0.0,0.0
2024-06-18 05:13:02.000,2469.0,0.0,0.0,4.798080000000001,0.0,0.0,3.7819700000000003,0.0,0.0
2024-06-18 05:13:02.500,2469.5,0.0,0.0,2.4287900000000002,0.0,0.0,2.1555850000000003,0.0,0.0
2024-06-18 05:13:03.000,2470.0,0.0,0.0,0.059500000000000004,0.0,0.0,0.5292000000000001,0.0,0.0
2024-06-18 05:13:03.500,2470.5,0.23168,0.0,0.07358,0.0,0.0,0.48360000000000003,0.0,0.0
2024-06-18 05:13:04.000,2471.0,0.46336,0.0,0.08766,0.0,0.0,0.438,0.0,0.0
2024-06-18 05:13:04.500,2471.5,0.23168,0.0,0.48033000000000003,0.0,0.0,0.219,0.0,0.0
2024-06-18 05:13:05.000,2472.0,0.0,0.0,0.873,0.0,0.0,0.0,0.0,0.0
2024-06-18 05:13:05.500,2472.5,0.0,0.0,0.4365,0.014565000000000002,0.0,0.33326999999999996,0.14670000000000002,0.0
2024-06-18 05:13:06.000,2473.0,0.0,0.0,0.0,0.029130000000000003,0.0,0.6665399999999999,0.29340000000000005,0.0
2024-06-18 05:13:06.500,2473.5,0.0,0.0,0.059640000000000006,0.014565000000000002,0.0,0.42173999999999995,0.14670000000000002,0.0
2024-06-18 05:13:07.000,2474.0,0.0,0.0,0.11928000000000001,0.0,0.0,0.17694,0.0,0.0
2024-06-18 05:13:07.500,2474.5,0.0,0.0,0.770875,0.11748000000000001,0.0,1.28865,0.0,0.0
2024-06-18 05:13:08.000,2475.0,0.0,0.0,1.42247,0.23496000000000003,0.0,2.40036,0.0,0.0
2024-06-18 05:13:08.500,2475.5,0.19579,0.0,3.1192349999999998,2.1908149999999997,0.0,2.0724150000000003,0.0,0.0
2024-06-18 05:13:09.000,2476.0,0.39158,0.0,4.815999999999999,4.146669999999999,0.0,1.7444700000000002,0.0,0.0
2024-06-18 05:13:09.500,2476.5,0.19579,0.0,2.5686549999999997,2.0733349999999997,0.0,1.049115,0.0,0.0
2024-06-18 05:13:10.000,2477.0,0.0,0.0,0.32131,0.0,0.0,0.35375999999999996,0.0,0.0
2024-06-18 05:13:10.500,2477.5,0.0,0.0,0.248525,0.0,0.160765,0.23546,0.2911,0.0
2024-06-18 05:13:11.000,2478.0,0.0,0.0,0.17574,0.0,0.32153,0.11716000000000001,0.5822,0.0
2024-06-18 05:13:11.500,2478.5,1.46055,0.0,5.244645,0.555,0.160765,0.7741100000000001,0.2911,0.0
2024-06-18 05:13:12.000,2479.0,2.9211,0.0,10.31355,1.11,0.0,1.43106,0.0,0.0
2024-06-18 05:13:12.500,2479.5,1.57335,0.0,7.793495,1.7796399999999997,0.0,2.2467300000000003,0.0,0.0
2024-06-18 05:13:13.000,2480.0,0.2256,0.0,5.27344,2.4492799999999995,0.0,3.0624000000000002,0.0,0.0
2024-06-18 05:13:13.500,2480.5,0.15621,0.0,4.31099,1.821805,0.0,2.2512,0.0,0.0
2024-06-18 05:13:14.000,2481.0,0.08682,0.0,3.3485400000000007,1.1943300000000001,0.0,1.44,0.0,0.0
2024-06-18 05:13:14.500,2481.5,1.93695,0.0,2.38227,2.4788250000000005,0.0,0.74863,0.0,0.0
2024-06-18 05:13:15.000,2482.0,3.78708,0.0,1.416,3.76332,0.0,0.05726,0.0,0.0
2024-06-18 05:13:15.500,2482.5,1.89354,0.0,2.9027849999999997,1.88166,0.0,0.869085,0.0,0.014415
2024-06-18 05:13:16.000,2483.0,0.0,0.0,4.38957,0.0,0.0,1.6809100000000001,0.0,0.02883
2024-06-18 05:13:16.500,2483.5,0.0,0.0,2.194785,0.0,0.0,0.9437050000000001,0.0,0.014415
2024-06-18 05:13:17.000,2484.0,0.0,0.0,0.0,0.0,0.0,0.20650000000000004,0.0,0.0
2024-06-18 05:13:17.500,2484.5,0.0,0.0,0.5374250000000002,0.0,0.0,0.30814,0.0,0.0
2024-06-18 05:13:18.000,2485.0,0.0,0.0,1.0748500000000003,0.0,0.0,0.40978000000000003,0.0,0.0
2024-06-18 05:13:18.500,2485.5,0.0,0.0,0.5374250000000002,0.0,0.0,0.20489000000000002,0.0,0.0
2024-06-18 05:13:19.000,2486.0,0.0,0.0,0.0,0.0,0.0,0.0,0.0,0.0
2024-06-18 05:13:19.500,2486.5,0.0,0.0,0.13221000000000002,0.0,0.0,0.0,0.0,0.0
2024-06-18 05:13:20.000,2487.0,0.0,0.0,0.26442000000000004,0.0,0.0,0.0,0.0,0.0
2024-06-18 05:13:20.500,2487.5,0.0,0.0,0.20526000000000003,0.0,0.0,0.059480000000000005,0.0,0.0
2024-06-18 05:13:21.000,2488.0,0.0,0.0,0.1461,0.0,0.0,0.11896000000000001,0.0,0.0
2024-06-18 05:13:21.500,2488.5,0.0,0.0,0.07305,0.0,0.0,0.059480000000000005,0.0,0.0
2024-06-18 05:13:22.000,2489.0,0.0,0.0,0.0,0.0,0.0,0.0,0.0,0.0
